ISO-10303-21;
HEADER;
FILE_DESCRIPTION (( 'STEP AP214' ),
    '1' );
FILE_NAME ('É½¶«ÁÄ³ÇÔ¿³×¿Û.STEP',
    '2026-08-19T07:10:23',
    ( '' ),
    ( '' ),
    'SwSTEP 2.0',
    'SolidWorks 2025',
    '' );
FILE_SCHEMA (( 'AUTOMOTIVE_DESIGN' ));
ENDSEC;

DATA;
#1 = ADVANCED_FACE ( 'NONE', ( #359 ), #2327, .T. ) ;
#2 = LINE ( 'NONE', #805, #2238 ) ;
#3 = CARTESIAN_POINT ( 'NONE',  ( -9.319232372904995287, 3.000000000000000000, -5.634559815357672363 ) ) ;
#4 = AXIS2_PLACEMENT_3D ( 'NONE', #292, #1075, #4529 ) ;
#5 = ORIENTED_EDGE ( 'NONE', *, *, #4462, .F. ) ;
#6 = ADVANCED_FACE ( 'NONE', ( #3348 ), #4423, .T. ) ;
#7 = ORIENTED_EDGE ( 'NONE', *, *, #835, .F. ) ;
#8 = ORIENTED_EDGE ( 'NONE', *, *, #3876, .T. ) ;
#9 = AXIS2_PLACEMENT_3D ( 'NONE', #1580, #1175, #2866 ) ;
#10 = ORIENTED_EDGE ( 'NONE', *, *, #2263, .F. ) ;
#11 = DIRECTION ( 'NONE',  ( 0.000000000000000000, 1.000000000000000000, 0.000000000000000000 ) ) ;
#12 = EDGE_CURVE ( 'NONE', #1010, #4934, #3670, .T. ) ;
#13 = B_SPLINE_SURFACE_WITH_KNOTS ( 'NONE', 3, 1, ( 
 ( #1610, #3515 ),
 ( #1443, #3591 ),
 ( #1464, #5284 ),
 ( #2204, #5207 ) ),
 .UNSPECIFIED., .F., .F., .F.,
 ( 4, 4 ),
 ( 2, 2 ),
 ( 0.000000000000000000, 0.5293331987091504098 ),
 ( 0.000000000000000000, 1.000000000000000000 ),
 .UNSPECIFIED. ) ;
#14 = DIRECTION ( 'NONE',  ( -0.4472135954999569840, 0.000000000000000000, -0.8944271909999162995 ) ) ;
#15 = EDGE_CURVE ( 'NONE', #3769, #230, #5253, .T. ) ;
#16 = DIRECTION ( 'NONE',  ( 0.000000000000000000, 0.000000000000000000, 1.000000000000000000 ) ) ;
#17 = ORIENTED_EDGE ( 'NONE', *, *, #2069, .F. ) ;
#18 = ORIENTED_EDGE ( 'NONE', *, *, #4462, .T. ) ;
#19 = CARTESIAN_POINT ( 'NONE',  ( 11.43590431189925916, 2.500000000000000000, -0.6772755380457134988 ) ) ;
#20 = CARTESIAN_POINT ( 'NONE',  ( -21.83540119763030418, 0.000000000000000000, 2.276251975912782832 ) ) ;
#21 = VECTOR ( 'NONE', #1817, 1000.000000000000000 ) ;
#22 = DIRECTION ( 'NONE',  ( 0.000000000000000000, 0.000000000000000000, 1.000000000000000000 ) ) ;
#23 = LINE ( 'NONE', #1302, #1061 ) ;
#24 = CIRCLE ( 'NONE', #5264, 25.00000000000000000 ) ;
#25 = EDGE_CURVE ( 'NONE', #3684, #3325, #4448, .T. ) ;
#26 = DIRECTION ( 'NONE',  ( -0.000000000000000000, -1.000000000000000000, -0.000000000000000000 ) ) ;
#27 = VECTOR ( 'NONE', #1130, 1000.000000000000114 ) ;
#28 = CARTESIAN_POINT ( 'NONE',  ( -5.634204430174219347, 0.000000000000000000, -0.8684111646733837508 ) ) ;
#29 = EDGE_CURVE ( 'NONE', #3914, #3745, #191, .T. ) ;
#30 = AXIS2_PLACEMENT_3D ( 'NONE', #816, #1724, #3778 ) ;
#31 = DIRECTION ( 'NONE',  ( -0.4673073255844586438, 0.000000000000000000, -0.8840949402949328517 ) ) ;
#32 = CARTESIAN_POINT ( 'NONE',  ( -17.32311325936971613, 0.000000000000000000, 18.02525303575650639 ) ) ;
#33 = ORIENTED_EDGE ( 'NONE', *, *, #29, .T. ) ;
#34 = DIRECTION ( 'NONE',  ( -0.000000000000000000, -1.000000000000000000, -0.000000000000000000 ) ) ;
#35 = CARTESIAN_POINT ( 'NONE',  ( -19.29121935362093510, 2.000000000000000000, -3.160283313392068916 ) ) ;
#36 = ORIENTED_EDGE ( 'NONE', *, *, #2072, .T. ) ;
#37 = ORIENTED_EDGE ( 'NONE', *, *, #2791, .F. ) ;
#38 = AXIS2_PLACEMENT_3D ( 'NONE', #1686, #5042, #2528 ) ;
#39 = VERTEX_POINT ( 'NONE', #3223 ) ;
#40 = DIRECTION ( 'NONE',  ( -0.000000000000000000, -1.000000000000000000, -0.000000000000000000 ) ) ;
#41 = CARTESIAN_POINT ( 'NONE',  ( -0.2709644889622301323, 1.000000000000000000, 5.379253647981006914 ) ) ;
#42 = DIRECTION ( 'NONE',  ( 1.869681101773416302E-16, 0.000000000000000000, 1.000000000000000000 ) ) ;
#43 = VECTOR ( 'NONE', #286, 1000.000000000000000 ) ;
#44 = EDGE_CURVE ( 'NONE', #111, #774, #4675, .T. ) ;
#45 = ORIENTED_EDGE ( 'NONE', *, *, #1843, .F. ) ;
#46 = CARTESIAN_POINT ( 'NONE',  ( -5.459746674439639236, 3.000000000000000000, 2.264445607203656508 ) ) ;
#47 = CARTESIAN_POINT ( 'NONE',  ( 10.13314603809893555, 1.000000000000000000, 20.70338016723290409 ) ) ;
#48 = FACE_OUTER_BOUND ( 'NONE', #2698, .T. ) ;
#49 = LINE ( 'NONE', #2979, #4969 ) ;
#50 = DIRECTION ( 'NONE',  ( 0.000000000000000000, 1.000000000000000000, -0.000000000000000000 ) ) ;
#51 = LINE ( 'NONE', #3824, #2921 ) ;
#52 = CARTESIAN_POINT ( 'NONE',  ( 12.72181552248472158, 0.000000000000000000, 10.52799211679327840 ) ) ;
#53 = CARTESIAN_POINT ( 'NONE',  ( -3.350751102568133355, 0.000000000000000000, -5.914089233061559092 ) ) ;
#54 = ORIENTED_EDGE ( 'NONE', *, *, #2385, .F. ) ;
#55 = LINE ( 'NONE', #2525, #2806 ) ;
#56 = DIRECTION ( 'NONE',  ( 0.000000000000000000, 0.000000000000000000, 1.000000000000000000 ) ) ;
#57 = EDGE_CURVE ( 'NONE', #333, #3974, #1440, .T. ) ;
#58 = CARTESIAN_POINT ( 'NONE',  ( 7.580300352123007457, 2.000000000000000000, -7.275249450376218618 ) ) ;
#59 = EDGE_LOOP ( 'NONE', ( #1499, #5151, #1944, #3468, #5367, #5034 ) ) ;
#60 = CARTESIAN_POINT ( 'NONE',  ( -21.83540119763030418, 3.000000000000000000, 2.276251975912782832 ) ) ;
#61 = B_SPLINE_CURVE_WITH_KNOTS ( 'NONE', 3,
 ( #3008, #2885, #374, #4279, #2516 ),
 .UNSPECIFIED., .F., .F.,
 ( 4, 1, 4 ),
 ( 0.1832132925505926269, 0.5345512233277550651, 0.7175995515452111562 ),
 .UNSPECIFIED. ) ;
#62 = ORIENTED_EDGE ( 'NONE', *, *, #222, .F. ) ;
#63 = EDGE_LOOP ( 'NONE', ( #1633, #1150, #737, #5476 ) ) ;
#64 = EDGE_CURVE ( 'NONE', #5315, #4483, #3211, .T. ) ;
#65 = FACE_OUTER_BOUND ( 'NONE', #2590, .T. ) ;
#66 = CYLINDRICAL_SURFACE ( 'NONE', #216, 0.4999999999999943934 ) ;
#67 = CARTESIAN_POINT ( 'NONE',  ( 0.000000000000000000, 5.000000000000000000, 26.49999999999999645 ) ) ;
#68 = ORIENTED_EDGE ( 'NONE', *, *, #5483, .F. ) ;
#69 = ORIENTED_EDGE ( 'NONE', *, *, #3124, .F. ) ;
#70 = ORIENTED_EDGE ( 'NONE', *, *, #4476, .F. ) ;
#71 = DIRECTION ( 'NONE',  ( 0.000000000000000000, 1.000000000000000000, 0.000000000000000000 ) ) ;
#72 = FACE_OUTER_BOUND ( 'NONE', #3823, .T. ) ;
#73 = CARTESIAN_POINT ( 'NONE',  ( 5.111318872980566752, 4.500000000000000000, 20.78224538103997432 ) ) ;
#74 = EDGE_CURVE ( 'NONE', #4886, #921, #2244, .T. ) ;
#75 = ORIENTED_EDGE ( 'NONE', *, *, #431, .F. ) ;
#76 = DIRECTION ( 'NONE',  ( -1.000000000000000000, 0.000000000000000000, 0.000000000000000000 ) ) ;
#77 = FACE_OUTER_BOUND ( 'NONE', #4991, .T. ) ;
#78 = LINE ( 'NONE', #3039, #420 ) ;
#79 = CARTESIAN_POINT ( 'NONE',  ( -20.44346529380014488, 0.000000000000000000, -5.643516752297248473 ) ) ;
#80 = EDGE_CURVE ( 'NONE', #4824, #854, #1076, .T. ) ;
#81 = VECTOR ( 'NONE', #808, 1000.000000000000000 ) ;
#82 = CARTESIAN_POINT ( 'NONE',  ( 22.12664025354770558, 1.000000000000000000, 5.322686877675573136 ) ) ;
#83 = VERTEX_POINT ( 'NONE', #4009 ) ;
#84 = EDGE_CURVE ( 'NONE', #2813, #467, #573, .T. ) ;
#85 = EDGE_CURVE ( 'NONE', #3265, #2548, #2617, .T. ) ;
#86 = CARTESIAN_POINT ( 'NONE',  ( 4.795745901447129533, 0.000000000000000000, 11.08057842265914594 ) ) ;
#87 = FACE_OUTER_BOUND ( 'NONE', #2457, .T. ) ;
#88 = ORIENTED_EDGE ( 'NONE', *, *, #4492, .T. ) ;
#89 = EDGE_CURVE ( 'NONE', #2563, #2868, #5281, .T. ) ;
#90 = CIRCLE ( 'NONE', #3194, 0.4999999999999943934 ) ;
#91 = ORIENTED_EDGE ( 'NONE', *, *, #4259, .T. ) ;
#92 = EDGE_LOOP ( 'NONE', ( #4367, #1998, #3017 ) ) ;
#93 = DIRECTION ( 'NONE',  ( 1.000000000000000000, 0.000000000000000000, -0.000000000000000000 ) ) ;
#94 = EDGE_CURVE ( 'NONE', #3884, #3191, #3167, .T. ) ;
#95 = LINE ( 'NONE', #3599, #4132 ) ;
#96 = AXIS2_PLACEMENT_3D ( 'NONE', #4981, #1953, #738 ) ;
#97 = AXIS2_PLACEMENT_3D ( 'NONE', #4712, #928, #1367 ) ;
#98 = ORIENTED_EDGE ( 'NONE', *, *, #143, .F. ) ;
#99 = VERTEX_POINT ( 'NONE', #214 ) ;
#100 = EDGE_LOOP ( 'NONE', ( #1209, #1739, #1364, #1136, #2987, #3771 ) ) ;
#101 = LINE ( 'NONE', #856, #1353 ) ;
#102 = CARTESIAN_POINT ( 'NONE',  ( -144.0637089102034736, 3.000000000000000000, 5.725833956877303343 ) ) ;
#103 = CARTESIAN_POINT ( 'NONE',  ( 11.43590431189925916, 2.500000000000000000, 0.000000000000000000 ) ) ;
#104 = CYLINDRICAL_SURFACE ( 'NONE', #883, 0.5000000000000004441 ) ;
#105 = DIRECTION ( 'NONE',  ( 1.000000000000000000, -0.000000000000000000, 0.000000000000000000 ) ) ;
#106 = LINE ( 'NONE', #1790, #4465 ) ;
#107 = CARTESIAN_POINT ( 'NONE',  ( -23.48408689764882240, 0.000000000000000000, 7.546951415004998331 ) ) ;
#108 = FACE_OUTER_BOUND ( 'NONE', #2467, .T. ) ;
#109 = CARTESIAN_POINT ( 'NONE',  ( -19.29121935362093510, 3.000000000000000000, -5.634559815357672363 ) ) ;
#110 = VECTOR ( 'NONE', #2290, 1000.000000000000000 ) ;
#111 = VERTEX_POINT ( 'NONE', #3988 ) ;
#112 = AXIS2_PLACEMENT_3D ( 'NONE', #1186, #2091, #4191 ) ;
#113 = VECTOR ( 'NONE', #626, 1000.000000000000000 ) ;
#114 = CIRCLE ( 'NONE', #1084, 0.5000000000000073275 ) ;
#115 = LINE ( 'NONE', #3592, #4837 ) ;
#116 = AXIS2_PLACEMENT_3D ( 'NONE', #1707, #975, #3009 ) ;
#117 = DIRECTION ( 'NONE',  ( -1.000000000000000000, 0.000000000000000000, 4.499226305591503702E-16 ) ) ;
#118 = DIRECTION ( 'NONE',  ( 0.000000000000000000, 0.000000000000000000, 1.000000000000000000 ) ) ;
#119 = ORIENTED_EDGE ( 'NONE', *, *, #2977, .F. ) ;
#120 = ORIENTED_EDGE ( 'NONE', *, *, #1000, .F. ) ;
#121 = LINE ( 'NONE', #2652, #21 ) ;
#122 = DIRECTION ( 'NONE',  ( -0.4673073255844586438, 0.000000000000000000, -0.8840949402949328517 ) ) ;
#123 = EDGE_CURVE ( 'NONE', #842, #3486, #165, .T. ) ;
#124 = CARTESIAN_POINT ( 'NONE',  ( -7.550661286023191643, 0.000000000000000000, 0.6557043731701388545 ) ) ;
#125 = DIRECTION ( 'NONE',  ( -0.000000000000000000, -1.000000000000000000, -0.000000000000000000 ) ) ;
#126 = CARTESIAN_POINT ( 'NONE',  ( -14.30522586326296519, 4.000000000000000000, 19.03607156908305953 ) ) ;
#127 = VERTEX_POINT ( 'NONE', #4868 ) ;
#128 = ORIENTED_EDGE ( 'NONE', *, *, #4169, .F. ) ;
#129 = ORIENTED_EDGE ( 'NONE', *, *, #3206, .F. ) ;
#130 = CARTESIAN_POINT ( 'NONE',  ( 14.37803633625319755, 0.000000000000000000, 10.63607652721724861 ) ) ;
#131 = CARTESIAN_POINT ( 'NONE',  ( 10.66473688902862449, 1.000000000000000000, 6.689367874412658566 ) ) ;
#132 = CARTESIAN_POINT ( 'NONE',  ( -6.034032675567874371, 0.000000000000000000, -4.572448446561688584 ) ) ;
#133 = AXIS2_PLACEMENT_3D ( 'NONE', #2856, #4166, #5004 ) ;
#134 = FACE_OUTER_BOUND ( 'NONE', #3574, .T. ) ;
#135 = CARTESIAN_POINT ( 'NONE',  ( 4.795745901447129533, 4.500000000000000000, 11.08057842265914594 ) ) ;
#136 = DIRECTION ( 'NONE',  ( -0.000000000000000000, -1.000000000000000000, -0.000000000000000000 ) ) ;
#137 = DIRECTION ( 'NONE',  ( 0.000000000000000000, 1.000000000000000000, -0.000000000000000000 ) ) ;
#138 = CARTESIAN_POINT ( 'NONE',  ( 9.132379896515594453, 4.500000000000000000, 20.53475216635451162 ) ) ;
#139 = CARTESIAN_POINT ( 'NONE',  ( 16.77833056223746411, 0.000000000000000000, 15.69331943795407369 ) ) ;
#140 = ORIENTED_EDGE ( 'NONE', *, *, #3169, .F. ) ;
#141 = DIRECTION ( 'NONE',  ( -0.000000000000000000, -1.000000000000000000, -0.000000000000000000 ) ) ;
#142 = DIRECTION ( 'NONE',  ( -0.000000000000000000, -1.000000000000000000, -0.000000000000000000 ) ) ;
#143 = EDGE_CURVE ( 'NONE', #3765, #4425, #1051, .T. ) ;
#144 = CARTESIAN_POINT ( 'NONE',  ( -9.319232372904995287, 0.000000000000000000, 10.30031147355660082 ) ) ;
#145 = AXIS2_PLACEMENT_3D ( 'NONE', #4214, #1322, #2967 ) ;
#146 = ORIENTED_EDGE ( 'NONE', *, *, #3388, .F. ) ;
#147 = VERTEX_POINT ( 'NONE', #4055 ) ;
#148 = CIRCLE ( 'NONE', #1553, 1.000000000000000888 ) ;
#149 = CARTESIAN_POINT ( 'NONE',  ( -6.689063923350071939, 0.000000000000000000, -12.59071487462547445 ) ) ;
#150 = DIRECTION ( 'NONE',  ( 0.000000000000000000, 1.000000000000000000, -0.000000000000000000 ) ) ;
#151 = VERTEX_POINT ( 'NONE', #1919 ) ;
#152 = PLANE ( 'NONE',  #3371 ) ;
#153 = ORIENTED_EDGE ( 'NONE', *, *, #2434, .F. ) ;
#154 = EDGE_CURVE ( 'NONE', #1202, #1337, #375, .T. ) ;
#155 = DIRECTION ( 'NONE',  ( -0.000000000000000000, -1.000000000000000000, -0.000000000000000000 ) ) ;
#156 = CARTESIAN_POINT ( 'NONE',  ( -144.0637089102034736, 3.000000000000000000, 10.30031147355660082 ) ) ;
#157 = AXIS2_PLACEMENT_3D ( 'NONE', #1423, #1446, #5287 ) ;
#158 = ADVANCED_FACE ( 'NONE', ( #2036 ), #705, .T. ) ;
#159 = ORIENTED_EDGE ( 'NONE', *, *, #2072, .F. ) ;
#160 = DIRECTION ( 'NONE',  ( 0.000000000000000000, 0.000000000000000000, -1.000000000000000000 ) ) ;
#161 = CARTESIAN_POINT ( 'NONE',  ( -23.93708581463721785, 3.000000000000000000, 2.115384648866358575 ) ) ;
#162 = CARTESIAN_POINT ( 'NONE',  ( 13.06566235224200057, 0.000000000000000000, 7.369918219744473475 ) ) ;
#163 = CARTESIAN_POINT ( 'NONE',  ( 6.141016742134422834, 1.000000000000000000, 17.65309913292901456 ) ) ;
#164 = DIRECTION ( 'NONE',  ( -0.000000000000000000, -1.000000000000000000, -0.000000000000000000 ) ) ;
#165 = LINE ( 'NONE', #2333, #650 ) ;
#166 = EDGE_CURVE ( 'NONE', #584, #276, #4644, .T. ) ;
#167 = ORIENTED_EDGE ( 'NONE', *, *, #1011, .F. ) ;
#168 = CIRCLE ( 'NONE', #2654, 1.000000000000000888 ) ;
#169 = DIRECTION ( 'NONE',  ( 0.000000000000000000, 0.000000000000000000, 1.000000000000000000 ) ) ;
#170 = VECTOR ( 'NONE', #3245, 1000.000000000000000 ) ;
#171 = DIRECTION ( 'NONE',  ( 0.000000000000000000, 0.000000000000000000, 1.000000000000000000 ) ) ;
#172 = ORIENTED_EDGE ( 'NONE', *, *, #3470, .T. ) ;
#173 = ORIENTED_EDGE ( 'NONE', *, *, #828, .T. ) ;
#174 = CARTESIAN_POINT ( 'NONE',  ( 0.000000000000000000, 4.500000000000000000, 0.000000000000000000 ) ) ;
#175 = VECTOR ( 'NONE', #2662, 1000.000000000000114 ) ;
#176 = DIRECTION ( 'NONE',  ( -1.000000000000000000, 0.000000000000000000, 0.000000000000000000 ) ) ;
#177 = ORIENTED_EDGE ( 'NONE', *, *, #397, .T. ) ;
#178 = ORIENTED_EDGE ( 'NONE', *, *, #1171, .F. ) ;
#179 = EDGE_CURVE ( 'NONE', #2407, #351, #940, .T. ) ;
#180 = DIRECTION ( 'NONE',  ( 1.000000000000000000, 0.000000000000000000, 0.000000000000000000 ) ) ;
#181 = CARTESIAN_POINT ( 'NONE',  ( 4.925129090557492262, 4.000000000000000000, 24.79814499489869561 ) ) ;
#182 = EDGE_CURVE ( 'NONE', #320, #2881, #4949, .T. ) ;
#183 = AXIS2_PLACEMENT_3D ( 'NONE', #1598, #3284, #4563 ) ;
#184 = CYLINDRICAL_SURFACE ( 'NONE', #1755, 2.999999999999999112 ) ;
#185 = VERTEX_POINT ( 'NONE', #3786 ) ;
#186 = AXIS2_PLACEMENT_3D ( 'NONE', #1990, #5043, #3262 ) ;
#187 = FACE_OUTER_BOUND ( 'NONE', #3764, .T. ) ;
#188 = CARTESIAN_POINT ( 'NONE',  ( 5.178944678843139471, 4.500000000000000000, 8.105152621701877891 ) ) ;
#189 = DIRECTION ( 'NONE',  ( 1.224646799147353454E-16, 0.000000000000000000, -1.000000000000000000 ) ) ;
#190 = DIRECTION ( 'NONE',  ( -0.000000000000000000, -1.000000000000000000, -0.000000000000000000 ) ) ;
#191 = LINE ( 'NONE', #5362, #3966 ) ;
#192 = LINE ( 'NONE', #2362, #2189 ) ;
#193 = EDGE_LOOP ( 'NONE', ( #4985, #3292, #1291, #2768 ) ) ;
#194 = EDGE_CURVE ( 'NONE', #127, #378, #4039, .T. ) ;
#195 = CARTESIAN_POINT ( 'NONE',  ( 8.181993972502411339, 1.000000000000000000, 21.33543234671654787 ) ) ;
#196 = DIRECTION ( 'NONE',  ( 0.4409038796534636151, 0.000000000000000000, -0.8975543264374162833 ) ) ;
#197 = PLANE ( 'NONE',  #2503 ) ;
#198 = VECTOR ( 'NONE', #1099, 1000.000000000000000 ) ;
#199 = ORIENTED_EDGE ( 'NONE', *, *, #4033, .T. ) ;
#200 = AXIS2_PLACEMENT_3D ( 'NONE', #487, #968, #2222 ) ;
#201 = AXIS2_PLACEMENT_3D ( 'NONE', #1081, #1927, #1224 ) ;
#202 = CARTESIAN_POINT ( 'NONE',  ( -9.650727581598697924, 0.000000000000000000, -12.02087610469260603 ) ) ;
#203 = DIRECTION ( 'NONE',  ( -1.000000000000000000, 0.000000000000000000, 0.000000000000000000 ) ) ;
#204 = ORIENTED_EDGE ( 'NONE', *, *, #2958, .F. ) ;
#205 = CARTESIAN_POINT ( 'NONE',  ( 1.878027247574109770, 0.000000000000000000, 4.892557369141593782 ) ) ;
#206 = ADVANCED_FACE ( 'NONE', ( #1245 ), #293, .F. ) ;
#207 = DIRECTION ( 'NONE',  ( 0.000000000000000000, 1.000000000000000000, 0.000000000000000000 ) ) ;
#208 = AXIS2_PLACEMENT_3D ( 'NONE', #1418, #4007, #1389 ) ;
#209 = CARTESIAN_POINT ( 'NONE',  ( 0.000000000000000000, 1.000000000000000000, 0.000000000000000000 ) ) ;
#210 = CARTESIAN_POINT ( 'NONE',  ( -3.350751102568133355, 4.500000000000000000, -5.914089233061559092 ) ) ;
#211 = CARTESIAN_POINT ( 'NONE',  ( -22.68422853593582289, 2.000000000000000000, 7.579552007672155867 ) ) ;
#212 = DIRECTION ( 'NONE',  ( 1.000000000000000000, -0.000000000000000000, 0.000000000000000000 ) ) ;
#213 = AXIS2_PLACEMENT_3D ( 'NONE', #1206, #5353, #1183 ) ;
#214 = CARTESIAN_POINT ( 'NONE',  ( 3.262193240155803586, 5.000000000000000000, -24.78624810784967991 ) ) ;
#215 = ORIENTED_EDGE ( 'NONE', *, *, #254, .F. ) ;
#216 = AXIS2_PLACEMENT_3D ( 'NONE', #2114, #5076, #1643 ) ;
#217 = DIRECTION ( 'NONE',  ( -0.000000000000000000, -1.000000000000000000, -0.000000000000000000 ) ) ;
#218 = EDGE_CURVE ( 'NONE', #1141, #2458, #2886, .T. ) ;
#219 = PLANE ( 'NONE',  #1942 ) ;
#220 = DIRECTION ( 'NONE',  ( -0.000000000000000000, -1.000000000000000000, -0.000000000000000000 ) ) ;
#221 = ORIENTED_EDGE ( 'NONE', *, *, #4095, .F. ) ;
#222 = EDGE_CURVE ( 'NONE', #3654, #4989, #4309, .T. ) ;
#223 = LINE ( 'NONE', #5139, #3396 ) ;
#224 = EDGE_LOOP ( 'NONE', ( #2611, #3711, #5021, #1255 ) ) ;
#225 = EDGE_CURVE ( 'NONE', #802, #3521, #5417, .T. ) ;
#226 = LINE ( 'NONE', #2218, #4235 ) ;
#227 = EDGE_CURVE ( 'NONE', #2240, #1767, #4669, .T. ) ;
#228 = CARTESIAN_POINT ( 'NONE',  ( 17.46763576765477310, 1.000000000000000000, 15.35631339267079198 ) ) ;
#229 = ORIENTED_EDGE ( 'NONE', *, *, #3568, .T. ) ;
#230 = VERTEX_POINT ( 'NONE', #3728 ) ;
#231 = LINE ( 'NONE', #4967, #2899 ) ;
#232 = AXIS2_PLACEMENT_3D ( 'NONE', #331, #4932, #4129 ) ;
#233 = CARTESIAN_POINT ( 'NONE',  ( 6.637098940768540345, 4.500000000000000000, 17.59062952273064084 ) ) ;
#234 = CARTESIAN_POINT ( 'NONE',  ( -4.813994563264619053, 0.000000000000000000, 2.041480186793144913 ) ) ;
#235 = DIRECTION ( 'NONE',  ( -0.7907237076139120857, 0.000000000000000000, 0.6121731929914184800 ) ) ;
#236 = CARTESIAN_POINT ( 'NONE',  ( -22.28497647494492284, 3.000000000000000000, -1.448674897660780170 ) ) ;
#237 = CARTESIAN_POINT ( 'NONE',  ( -10.55771016716183652, 5.000000000000000000, -21.55306836685225846 ) ) ;
#238 = CARTESIAN_POINT ( 'NONE',  ( 20.72043394585968201, 1.000000000000000000, 10.62746709492866692 ) ) ;
#239 = ORIENTED_EDGE ( 'NONE', *, *, #3488, .F. ) ;
#240 = EDGE_CURVE ( 'NONE', #1385, #5218, #4114, .T. ) ;
#241 = CARTESIAN_POINT ( 'NONE',  ( 8.692144346554449896, 4.500000000000000000, 20.29770225483711243 ) ) ;
#242 = DIRECTION ( 'NONE',  ( -0.000000000000000000, -1.000000000000000000, -0.000000000000000000 ) ) ;
#243 = ORIENTED_EDGE ( 'NONE', *, *, #3617, .T. ) ;
#244 = ORIENTED_EDGE ( 'NONE', *, *, #288, .F. ) ;
#245 = EDGE_CURVE ( 'NONE', #2288, #5399, #1097, .T. ) ;
#246 = AXIS2_PLACEMENT_3D ( 'NONE', #974, #3143, #5274 ) ;
#247 = DIRECTION ( 'NONE',  ( 1.000000000000000000, 0.000000000000000000, -0.000000000000000000 ) ) ;
#248 = ORIENTED_EDGE ( 'NONE', *, *, #4721, .F. ) ;
#249 = CARTESIAN_POINT ( 'NONE',  ( -2.151234503969867706, 0.000000000000000000, -1.213259672218396368 ) ) ;
#250 = B_SPLINE_CURVE_WITH_KNOTS ( 'NONE', 3,
 ( #1267, #3444, #5133, #2969, #4667 ),
 .UNSPECIFIED., .F., .F.,
 ( 4, 1, 4 ),
 ( 0.2049843005143696939, 0.5040623229221169455, 1.000000000000000000 ),
 .UNSPECIFIED. ) ;
#251 = CARTESIAN_POINT ( 'NONE',  ( 16.77833056207983731, 0.000000000000000000, 15.69331943803113560 ) ) ;
#252 = EDGE_CURVE ( 'NONE', #2177, #2919, #4574, .T. ) ;
#253 = ORIENTED_EDGE ( 'NONE', *, *, #1056, .F. ) ;
#254 = EDGE_CURVE ( 'NONE', #765, #3713, #1621, .T. ) ;
#255 = DIRECTION ( 'NONE',  ( -0.000000000000000000, -1.000000000000000000, -0.000000000000000000 ) ) ;
#256 = CARTESIAN_POINT ( 'NONE',  ( -6.241850327850115399, 0.000000000000000000, -12.81432167237545272 ) ) ;
#257 = CARTESIAN_POINT ( 'NONE',  ( -5.715227448529059728, 0.000000000000000000, -1.686743650057252131 ) ) ;
#258 = VECTOR ( 'NONE', #2480, 1000.000000000000000 ) ;
#259 = FACE_OUTER_BOUND ( 'NONE', #5128, .T. ) ;
#260 = ORIENTED_EDGE ( 'NONE', *, *, #3470, .F. ) ;
#261 = ORIENTED_EDGE ( 'NONE', *, *, #1072, .T. ) ;
#262 = CARTESIAN_POINT ( 'NONE',  ( -6.324702308919570193, 3.000000000000000000, -1.532835634161420657 ) ) ;
#263 = VECTOR ( 'NONE', #1480, 1000.000000000000000 ) ;
#264 = CARTESIAN_POINT ( 'NONE',  ( -24.35996071693695342, 3.000000000000000000, -3.138175790429038159 ) ) ;
#265 = CARTESIAN_POINT ( 'NONE',  ( 9.613592132573275606, 1.000000000000000000, 17.21581186154043408 ) ) ;
#266 = CYLINDRICAL_SURFACE ( 'NONE', #2829, 3.500000000000006661 ) ;
#267 = CARTESIAN_POINT ( 'NONE',  ( -21.05979044050274140, 2.000000000000000000, 10.30031147355660082 ) ) ;
#268 = CARTESIAN_POINT ( 'NONE',  ( 5.577201149311497907, 4.500000000000000000, 13.17574001345273338 ) ) ;
#269 = ORIENTED_EDGE ( 'NONE', *, *, #3860, .F. ) ;
#270 = CARTESIAN_POINT ( 'NONE',  ( -24.95605209363875687, 3.000000000000000000, 1.481709789259913812 ) ) ;
#271 = ORIENTED_EDGE ( 'NONE', *, *, #1742, .F. ) ;
#272 = DIRECTION ( 'NONE',  ( 0.000000000000000000, 1.000000000000000000, 0.000000000000000000 ) ) ;
#273 = ORIENTED_EDGE ( 'NONE', *, *, #355, .T. ) ;
#274 = EDGE_CURVE ( 'NONE', #1521, #1656, #2154, .T. ) ;
#275 = CARTESIAN_POINT ( 'NONE',  ( -3.546159964238027484, 3.000000000000000000, 5.964271434009265072 ) ) ;
#276 = VERTEX_POINT ( 'NONE', #2887 ) ;
#277 = DIRECTION ( 'NONE',  ( 0.000000000000000000, 0.000000000000000000, 1.000000000000000000 ) ) ;
#278 = VERTEX_POINT ( 'NONE', #4585 ) ;
#279 = PLANE ( 'NONE',  #3549 ) ;
#280 = CYLINDRICAL_SURFACE ( 'NONE', #3382, 17.07637162759059635 ) ;
#281 = VERTEX_POINT ( 'NONE', #5033 ) ;
#282 = ORIENTED_EDGE ( 'NONE', *, *, #2443, .F. ) ;
#283 = CIRCLE ( 'NONE', #2139, 1.000000000000000888 ) ;
#284 = AXIS2_PLACEMENT_3D ( 'NONE', #4440, #2712, #1044 ) ;
#285 = DIRECTION ( 'NONE',  ( -0.000000000000000000, -1.000000000000000000, -0.000000000000000000 ) ) ;
#286 = DIRECTION ( 'NONE',  ( -0.000000000000000000, -1.000000000000000000, -0.000000000000000000 ) ) ;
#287 = CARTESIAN_POINT ( 'NONE',  ( -22.54897516563730875, 3.000000000000000000, -6.938466696431148328 ) ) ;
#288 = EDGE_CURVE ( 'NONE', #2478, #4989, #3238, .T. ) ;
#289 = FACE_OUTER_BOUND ( 'NONE', #1542, .T. ) ;
#290 = CARTESIAN_POINT ( 'NONE',  ( -24.70470326844515441, 3.000000000000000000, -2.496827861790109182 ) ) ;
#291 = LINE ( 'NONE', #3698, #1606 ) ;
#292 = CARTESIAN_POINT ( 'NONE',  ( -2.897167792994918667, 3.500000000000000000, 1.322724461954286390 ) ) ;
#293 = PLANE ( 'NONE',  #3873 ) ;
#294 = ORIENTED_EDGE ( 'NONE', *, *, #5057, .T. ) ;
#295 = AXIS2_PLACEMENT_3D ( 'NONE', #2699, #2314, #3964 ) ;
#296 = ORIENTED_EDGE ( 'NONE', *, *, #4549, .T. ) ;
#297 = DIRECTION ( 'NONE',  ( 0.09852814501285597770, 0.000000000000000000, 0.9951342646298164674 ) ) ;
#298 = DIRECTION ( 'NONE',  ( -0.4594229188737650182, 0.000000000000000000, 0.8882176431559496432 ) ) ;
#299 = ORIENTED_EDGE ( 'NONE', *, *, #4365, .F. ) ;
#300 = CARTESIAN_POINT ( 'NONE',  ( 0.000000000000000000, 4.000000000000000000, 0.000000000000000000 ) ) ;
#301 = EDGE_CURVE ( 'NONE', #1385, #1991, #2916, .T. ) ;
#302 = VERTEX_POINT ( 'NONE', #3398 ) ;
#303 = ORIENTED_EDGE ( 'NONE', *, *, #499, .T. ) ;
#304 = DIRECTION ( 'NONE',  ( 0.000000000000000000, 0.000000000000000000, 1.000000000000000000 ) ) ;
#305 = EDGE_LOOP ( 'NONE', ( #902, #3308, #5235, #720, #1178, #1242, #865, #2408 ) ) ;
#306 = ORIENTED_EDGE ( 'NONE', *, *, #1872, .T. ) ;
#307 = EDGE_CURVE ( 'NONE', #437, #5028, #4677, .T. ) ;
#308 = DIRECTION ( 'NONE',  ( -0.2931899571800254400, 0.000000000000000000, -0.9560542081957354998 ) ) ;
#309 = FACE_BOUND ( 'NONE', #3734, .T. ) ;
#310 = ADVANCED_FACE ( 'NONE', ( #1677, #1278, #309, #666, #3298, #336, #4998, #4490, #3328, #2025, #1531, #1586, #5410, #3242, #4102, #1502, #1996 ), #365, .F. ) ;
#311 = CARTESIAN_POINT ( 'NONE',  ( 16.73182005155803154, 0.000000000000000000, -10.70508299190421653 ) ) ;
#312 = ORIENTED_EDGE ( 'NONE', *, *, #798, .F. ) ;
#313 = EDGE_CURVE ( 'NONE', #4483, #5375, #2983, .T. ) ;
#314 = CARTESIAN_POINT ( 'NONE',  ( -7.550661286023191643, 0.000000000000000000, -1.512571300144474273 ) ) ;
#315 = FACE_OUTER_BOUND ( 'NONE', #2116, .T. ) ;
#316 = CARTESIAN_POINT ( 'NONE',  ( 9.222665591862050150, 1.000000000000000000, 19.31244851355156911 ) ) ;
#317 = DIRECTION ( 'NONE',  ( 0.000000000000000000, 0.000000000000000000, 1.000000000000000000 ) ) ;
#318 = CARTESIAN_POINT ( 'NONE',  ( -5.821616559493961951, 3.000000000000000000, -2.761273670799558655 ) ) ;
#319 = ORIENTED_EDGE ( 'NONE', *, *, #94, .F. ) ;
#320 = VERTEX_POINT ( 'NONE', #3720 ) ;
#321 = PLANE ( 'NONE',  #3036 ) ;
#322 = EDGE_CURVE ( 'NONE', #1601, #1431, #1195, .T. ) ;
#323 = PLANE ( 'NONE',  #3542 ) ;
#324 = CARTESIAN_POINT ( 'NONE',  ( -22.68422853593582289, 2.000000000000000000, 10.30031147355659904 ) ) ;
#325 = VERTEX_POINT ( 'NONE', #1971 ) ;
#326 = VECTOR ( 'NONE', #4537, 1000.000000000000114 ) ;
#327 = CARTESIAN_POINT ( 'NONE',  ( -1.029131094277796477, 4.500000000000000000, 9.300529062093231047 ) ) ;
#328 = ORIENTED_EDGE ( 'NONE', *, *, #5187, .F. ) ;
#329 = DIRECTION ( 'NONE',  ( 0.000000000000000000, 0.000000000000000000, 1.000000000000000000 ) ) ;
#330 = ORIENTED_EDGE ( 'NONE', *, *, #2043, .F. ) ;
#331 = CARTESIAN_POINT ( 'NONE',  ( 9.596856419122598680, 1.000000000000000000, -0.1191013467986520025 ) ) ;
#332 = ORIENTED_EDGE ( 'NONE', *, *, #89, .T. ) ;
#333 = VERTEX_POINT ( 'NONE', #4577 ) ;
#334 = CARTESIAN_POINT ( 'NONE',  ( 3.131705510549571692, 5.000000000000000000, -23.79479818353569343 ) ) ;
#335 = AXIS2_PLACEMENT_3D ( 'NONE', #249, #3600, #4127 ) ;
#336 = FACE_BOUND ( 'NONE', #1404, .T. ) ;
#337 = DIRECTION ( 'NONE',  ( 0.000000000000000000, 1.000000000000000000, 0.000000000000000000 ) ) ;
#338 = EDGE_CURVE ( 'NONE', #1351, #5078, #2907, .T. ) ;
#339 = EDGE_LOOP ( 'NONE', ( #472, #3440, #3296, #3813 ) ) ;
#340 = ORIENTED_EDGE ( 'NONE', *, *, #1504, .T. ) ;
#341 = CARTESIAN_POINT ( 'NONE',  ( 10.13314603809893555, 1.694065894508600678E-18, 20.70338016723290409 ) ) ;
#342 = ADVANCED_FACE ( 'NONE', ( #1122 ), #1939, .T. ) ;
#343 = CARTESIAN_POINT ( 'NONE',  ( -14.30522586326296519, 0.000000000000000000, -9.350571778467759998 ) ) ;
#344 = DIRECTION ( 'NONE',  ( -0.000000000000000000, -1.000000000000000000, -0.000000000000000000 ) ) ;
#345 = DIRECTION ( 'NONE',  ( -0.000000000000000000, -1.000000000000000000, -0.000000000000000000 ) ) ;
#346 = VERTEX_POINT ( 'NONE', #5435 ) ;
#347 = AXIS2_PLACEMENT_3D ( 'NONE', #5361, #3306, #2826 ) ;
#348 = DIRECTION ( 'NONE',  ( 0.000000000000000000, 1.000000000000000000, -0.000000000000000000 ) ) ;
#349 = DIRECTION ( 'NONE',  ( 0.000000000000000000, 0.000000000000000000, -1.000000000000000000 ) ) ;
#350 = ORIENTED_EDGE ( 'NONE', *, *, #1732, .T. ) ;
#351 = VERTEX_POINT ( 'NONE', #754 ) ;
#352 = DIRECTION ( 'NONE',  ( 1.000000000000000000, 0.000000000000000000, -0.000000000000000000 ) ) ;
#353 = CARTESIAN_POINT ( 'NONE',  ( 14.85886112789898128, 1.000000000000000000, 10.38606552488512236 ) ) ;
#354 = STYLED_ITEM ( 'NONE', ( #5205 ), #4997 ) ;
#355 = EDGE_CURVE ( 'NONE', #4484, #2383, #4480, .T. ) ;
#356 = ORIENTED_EDGE ( 'NONE', *, *, #2005, .F. ) ;
#357 =( BOUNDED_SURFACE ( )  B_SPLINE_SURFACE ( 3, 1, ( 
 ( #3061, #2634 ),
 ( #4328, #5354 ),
 ( #4912, #638 ),
 ( #697, #2412 ) ),
 .UNSPECIFIED., .F., .F., .F. ) 
 B_SPLINE_SURFACE_WITH_KNOTS ( ( 4, 4 ),
 ( 2, 2 ),
 ( 0.000000000000000000, 1.000000000000000000 ),
 ( 0.000000000000000000, 1.000000000000000000 ),
 .UNSPECIFIED. ) 
 GEOMETRIC_REPRESENTATION_ITEM ( )  RATIONAL_B_SPLINE_SURFACE ( (
 ( 1.000000000000000000, 1.000000000000000000),
 ( 0.8047378541243649375, 0.8047378541243649375),
 ( 0.8047378541243649375, 0.8047378541243649375),
 ( 1.000000000000000000, 1.000000000000000000) ) ) 
 REPRESENTATION_ITEM ( '' )  SURFACE ( )  );
#358 = LINE ( 'NONE', #2433, #2676 ) ;
#359 = FACE_OUTER_BOUND ( 'NONE', #3358, .T. ) ;
#360 = EDGE_LOOP ( 'NONE', ( #5378, #4906, #1399, #567 ) ) ;
#361 = ORIENTED_EDGE ( 'NONE', *, *, #3434, .F. ) ;
#362 = EDGE_LOOP ( 'NONE', ( #5062, #2347, #1932, #4454 ) ) ;
#363 = CARTESIAN_POINT ( 'NONE',  ( -22.59850676864272145, 3.000000000000000000, -6.942997556210704246 ) ) ;
#364 = CIRCLE ( 'NONE', #3493, 0.5000000000000073275 ) ;
#365 = PLANE ( 'NONE',  #843 ) ;
#366 = DIRECTION ( 'NONE',  ( 0.000000000000000000, 0.000000000000000000, -1.000000000000000000 ) ) ;
#367 = VECTOR ( 'NONE', #2329, 1000.000000000000000 ) ;
#368 = ORIENTED_EDGE ( 'NONE', *, *, #3364, .T. ) ;
#369 = CIRCLE ( 'NONE', #2766, 4.000000000000000000 ) ;
#370 = CARTESIAN_POINT ( 'NONE',  ( -6.944401909279158680, 3.000000000000000000, -1.480953413507701599 ) ) ;
#371 = VECTOR ( 'NONE', #4864, 1000.000000000000000 ) ;
#372 = DIRECTION ( 'NONE',  ( -0.000000000000000000, -1.000000000000000000, -0.000000000000000000 ) ) ;
#373 = CARTESIAN_POINT ( 'NONE',  ( 8.683602733296879705, 1.000000000000000000, 20.31430022652780565 ) ) ;
#374 = CARTESIAN_POINT ( 'NONE',  ( 18.51227938176624477, 1.694065894508600678E-18, 14.47212721588920559 ) ) ;
#375 = LINE ( 'NONE', #2093, #4404 ) ;
#376 = DIRECTION ( 'NONE',  ( -0.000000000000000000, -1.000000000000000000, -0.000000000000000000 ) ) ;
#377 = VERTEX_POINT ( 'NONE', #4603 ) ;
#378 = VERTEX_POINT ( 'NONE', #696 ) ;
#379 = DIRECTION ( 'NONE',  ( -0.000000000000000000, -1.000000000000000000, -0.000000000000000000 ) ) ;
#380 = CARTESIAN_POINT ( 'NONE',  ( -5.715227448529059728, 3.000000000000000000, -1.686743650057251243 ) ) ;
#381 = ORIENTED_EDGE ( 'NONE', *, *, #4130, .T. ) ;
#382 = DIRECTION ( 'NONE',  ( -0.09852814501285596382, 0.000000000000000000, -0.9951342646298164674 ) ) ;
#383 = ORIENTED_EDGE ( 'NONE', *, *, #1635, .F. ) ;
#384 = EDGE_CURVE ( 'NONE', #3476, #2868, #3702, .T. ) ;
#385 = DIRECTION ( 'NONE',  ( 1.000000000000000000, 0.000000000000000000, 0.000000000000000000 ) ) ;
#386 = CARTESIAN_POINT ( 'NONE',  ( 7.580300352123007457, 2.500000000000000000, -9.871292541587783020 ) ) ;
#387 = DIRECTION ( 'NONE',  ( 0.000000000000000000, 0.000000000000000000, 1.000000000000000000 ) ) ;
#388 = AXIS2_PLACEMENT_3D ( 'NONE', #1670, #4632, #2185 ) ;
#389 = ORIENTED_EDGE ( 'NONE', *, *, #4365, .T. ) ;
#390 = EDGE_CURVE ( 'NONE', #5377, #4886, #3688, .T. ) ;
#391 = ORIENTED_EDGE ( 'NONE', *, *, #1349, .F. ) ;
#392 = VECTOR ( 'NONE', #647, 1000.000000000000000 ) ;
#393 = ORIENTED_EDGE ( 'NONE', *, *, #3932, .T. ) ;
#394 = DIRECTION ( 'NONE',  ( -0.000000000000000000, -1.000000000000000000, 0.000000000000000000 ) ) ;
#395 = EDGE_CURVE ( 'NONE', #1468, #1597, #2410, .T. ) ;
#396 = CARTESIAN_POINT ( 'NONE',  ( 9.613592132573275606, 4.500000000000000000, 17.21581186154043408 ) ) ;
#397 = EDGE_CURVE ( 'NONE', #3191, #2924, #4911, .T. ) ;
#398 = DIRECTION ( 'NONE',  ( -0.000000000000000000, -1.000000000000000000, -0.000000000000000000 ) ) ;
#399 = ORIENTED_EDGE ( 'NONE', *, *, #3770, .T. ) ;
#400 = DIRECTION ( 'NONE',  ( -0.9973076252903366745, 0.000000000000000000, 0.07333144303605053371 ) ) ;
#401 = B_SPLINE_CURVE_WITH_KNOTS ( 'NONE', 3,
 ( #3608, #205, #5296, #4103, #4074 ),
 .UNSPECIFIED., .F., .F.,
 ( 4, 1, 4 ),
 ( 0.08816179554427584775, 0.4753927115854308938, 1.000000000000000000 ),
 .UNSPECIFIED. ) ;
#402 = CARTESIAN_POINT ( 'NONE',  ( -6.775050528895626201, 3.000000000000000000, 5.725833956877303343 ) ) ;
#403 = FACE_OUTER_BOUND ( 'NONE', #751, .T. ) ;
#404 = DIRECTION ( 'NONE',  ( 0.000000000000000000, 1.000000000000000000, 0.000000000000000000 ) ) ;
#405 = AXIS2_PLACEMENT_3D ( 'NONE', #3861, #11, #4347 ) ;
#406 = CARTESIAN_POINT ( 'NONE',  ( -23.48219829184657570, 3.000000000000000000, 6.165423419931292948 ) ) ;
#407 = VECTOR ( 'NONE', #4485, 1000.000000000000000 ) ;
#408 = ORIENTED_EDGE ( 'NONE', *, *, #1933, .T. ) ;
#409 = ORIENTED_EDGE ( 'NONE', *, *, #5074, .T. ) ;
#410 = AXIS2_PLACEMENT_3D ( 'NONE', #2496, #2989, #5121 ) ;
#411 = DIRECTION ( 'NONE',  ( 0.000000000000000000, -0.000000000000000000, 1.000000000000000000 ) ) ;
#412 = DIRECTION ( 'NONE',  ( -0.000000000000000000, -1.000000000000000000, -0.000000000000000000 ) ) ;
#413 = ORIENTED_EDGE ( 'NONE', *, *, #559, .T. ) ;
#414 = EDGE_CURVE ( 'NONE', #4384, #584, #5458, .T. ) ;
#415 = DIRECTION ( 'NONE',  ( 0.000000000000000000, 0.000000000000000000, -1.000000000000000000 ) ) ;
#416 = CARTESIAN_POINT ( 'NONE',  ( -5.634204430174219347, 3.000000000000000000, -0.8684111646733837508 ) ) ;
#417 = EDGE_LOOP ( 'NONE', ( #2376, #441, #1667, #5418, #1569 ) ) ;
#418 = EDGE_CURVE ( 'NONE', #3801, #278, #1152, .T. ) ;
#419 = ORIENTED_EDGE ( 'NONE', *, *, #44, .F. ) ;
#420 = VECTOR ( 'NONE', #2608, 1000.000000000000000 ) ;
#421 = VERTEX_POINT ( 'NONE', #2509 ) ;
#422 = EDGE_LOOP ( 'NONE', ( #36, #2570, #3149, #4726, #4566 ) ) ;
#423 = DIRECTION ( 'NONE',  ( -0.000000000000000000, -1.000000000000000000, -0.000000000000000000 ) ) ;
#424 = CARTESIAN_POINT ( 'NONE',  ( 11.43590431189925916, 2.500000000000000000, -9.871292541587784797 ) ) ;
#425 = DIRECTION ( 'NONE',  ( 1.000000000000000000, 0.000000000000000000, 0.000000000000000000 ) ) ;
#426 = EDGE_CURVE ( 'NONE', #4486, #2710, #1289, .T. ) ;
#427 = DIRECTION ( 'NONE',  ( -0.8975543264374162833, 0.000000000000000000, -0.4409038796534636706 ) ) ;
#428 = PLANE ( 'NONE',  #553 ) ;
#429 = DIRECTION ( 'NONE',  ( -0.000000000000000000, -1.000000000000000000, -0.000000000000000000 ) ) ;
#430 = VERTEX_POINT ( 'NONE', #1266 ) ;
#431 = EDGE_CURVE ( 'NONE', #5086, #5356, #4427, .T. ) ;
#432 = VECTOR ( 'NONE', #4747, 1000.000000000000000 ) ;
#433 = VECTOR ( 'NONE', #1514, 1000.000000000000000 ) ;
#434 = CARTESIAN_POINT ( 'NONE',  ( -4.813994563264618165, 3.000000000000000000, 2.041480186793145801 ) ) ;
#435 = FACE_OUTER_BOUND ( 'NONE', #362, .T. ) ;
#436 = CARTESIAN_POINT ( 'NONE',  ( -22.75608248248718724, 3.000000000000000000, -6.447050596753057583 ) ) ;
#437 = VERTEX_POINT ( 'NONE', #2968 ) ;
#438 = LINE ( 'NONE', #5117, #1085 ) ;
#439 = LINE ( 'NONE', #2551, #3547 ) ;
#440 = CARTESIAN_POINT ( 'NONE',  ( 24.11833871010021113, 0.000000000000000000, 6.580709525946411453 ) ) ;
#441 = ORIENTED_EDGE ( 'NONE', *, *, #4336, .F. ) ;
#442 = VECTOR ( 'NONE', #1977, 1000.000000000000000 ) ;
#443 = DIRECTION ( 'NONE',  ( -0.000000000000000000, -1.000000000000000000, -0.000000000000000000 ) ) ;
#444 = CARTESIAN_POINT ( 'NONE',  ( 9.596856419122598680, 1.000000000000000000, -0.1191013467986520025 ) ) ;
#445 = CIRCLE ( 'NONE', #2123, 25.00000000000000000 ) ;
#446 = VERTEX_POINT ( 'NONE', #2624 ) ;
#447 = ORIENTED_EDGE ( 'NONE', *, *, #4336, .T. ) ;
#448 = AXIS2_PLACEMENT_3D ( 'NONE', #3321, #3681, #1198 ) ;
#449 = ORIENTED_EDGE ( 'NONE', *, *, #252, .F. ) ;
#450 = DIRECTION ( 'NONE',  ( 0.000000000000000000, 0.000000000000000000, -1.000000000000000000 ) ) ;
#451 = B_SPLINE_SURFACE_WITH_KNOTS ( 'NONE', 3, 1, ( 
 ( #3, #1687 ),
 ( #5097, #2152 ),
 ( #3409, #5125 ),
 ( #1287, #2991 ) ),
 .UNSPECIFIED., .F., .F., .F.,
 ( 4, 4 ),
 ( 2, 2 ),
 ( 0.000000000000000000, 0.7572072402483669418 ),
 ( 0.000000000000000000, 1.000000000000000000 ),
 .UNSPECIFIED. ) ;
#452 = DIRECTION ( 'NONE',  ( 0.000000000000000000, 1.000000000000000000, 0.000000000000000000 ) ) ;
#453 = CARTESIAN_POINT ( 'NONE',  ( 6.637098940768540345, 4.500000000000000000, 17.59062952273064084 ) ) ;
#454 = DIRECTION ( 'NONE',  ( -0.000000000000000000, -1.000000000000000000, -0.000000000000000000 ) ) ;
#455 = ORIENTED_EDGE ( 'NONE', *, *, #1447, .T. ) ;
#456 = LINE ( 'NONE', #3921, #4948 ) ;
#457 = DIRECTION ( 'NONE',  ( -0.000000000000000000, -1.000000000000000000, -0.000000000000000000 ) ) ;
#458 = CARTESIAN_POINT ( 'NONE',  ( -9.650727581598697924, 4.500000000000000000, -12.02087610469260603 ) ) ;
#459 = ADVANCED_FACE ( 'NONE', ( #3443 ), #876, .F. ) ;
#460 = CARTESIAN_POINT ( 'NONE',  ( 9.222665591862050150, 4.500000000000000000, 19.31244851355156911 ) ) ;
#461 = ORIENTED_EDGE ( 'NONE', *, *, #1878, .F. ) ;
#462 = FACE_OUTER_BOUND ( 'NONE', #2479, .T. ) ;
#463 = CARTESIAN_POINT ( 'NONE',  ( -4.578259486569357328, 3.000000000000000000, 6.214183815979187564 ) ) ;
#464 = AXIS2_PLACEMENT_3D ( 'NONE', #3812, #3603, #5292 ) ;
#465 = CARTESIAN_POINT ( 'NONE',  ( 8.541872338248936103, 0.000000000000000000, 8.976985026764387143 ) ) ;
#466 = DIRECTION ( 'NONE',  ( -1.000000000000000000, 0.000000000000000000, 0.000000000000000000 ) ) ;
#467 = VERTEX_POINT ( 'NONE', #2566 ) ;
#468 = EDGE_CURVE ( 'NONE', #1508, #745, #1296, .T. ) ;
#469 = FACE_OUTER_BOUND ( 'NONE', #1639, .T. ) ;
#470 = DIRECTION ( 'NONE',  ( -0.000000000000000000, -1.000000000000000000, -0.000000000000000000 ) ) ;
#471 = CARTESIAN_POINT ( 'NONE',  ( -5.983679138752917126, 0.000000000000000000, -4.398105721318113837 ) ) ;
#472 = ORIENTED_EDGE ( 'NONE', *, *, #2400, .F. ) ;
#473 = ORIENTED_EDGE ( 'NONE', *, *, #1894, .F. ) ;
#474 = ORIENTED_EDGE ( 'NONE', *, *, #2005, .T. ) ;
#475 = ORIENTED_EDGE ( 'NONE', *, *, #1491, .T. ) ;
#476 = ADVANCED_FACE ( 'NONE', ( #5495 ), #2538, .T. ) ;
#477 = CARTESIAN_POINT ( 'NONE',  ( -9.780948568101187846, 4.500000000000000000, -19.79357681454331441 ) ) ;
#478 = LINE ( 'NONE', #396, #2705 ) ;
#479 = LINE ( 'NONE', #3472, #1413 ) ;
#480 = LINE ( 'NONE', #1297, #2226 ) ;
#481 = AXIS2_PLACEMENT_3D ( 'NONE', #764, #2452, #1215 ) ;
#482 = CARTESIAN_POINT ( 'NONE',  ( -6.481246271067816700, 0.000000000000000000, -4.348841648811680116 ) ) ;
#483 = VERTEX_POINT ( 'NONE', #5159 ) ;
#484 = EDGE_LOOP ( 'NONE', ( #1321, #1897, #1856, #2106 ) ) ;
#485 = EDGE_CURVE ( 'NONE', #745, #3114, #1102, .T. ) ;
#486 = ORIENTED_EDGE ( 'NONE', *, *, #5452, .F. ) ;
#487 = CARTESIAN_POINT ( 'NONE',  ( 8.252759015511520246, 4.000000000000000000, 22.32540895982710438 ) ) ;
#488 = CARTESIAN_POINT ( 'NONE',  ( -3.083751706071278686, 0.000000000000000000, 6.646644105193328933 ) ) ;
#489 = DIRECTION ( 'NONE',  ( -0.8975543264374162833, 0.000000000000000000, -0.4409038796534636706 ) ) ;
#490 = EDGE_CURVE ( 'NONE', #4952, #3769, #1801, .T. ) ;
#491 = ADVANCED_FACE ( 'NONE', ( #3889 ), #1236, .F. ) ;
#492 = ORIENTED_EDGE ( 'NONE', *, *, #526, .T. ) ;
#493 = LINE ( 'NONE', #4812, #2217 ) ;
#494 = CARTESIAN_POINT ( 'NONE',  ( -23.48219829184644425, 0.000000000000000000, 6.165423419931274296 ) ) ;
#495 = CARTESIAN_POINT ( 'NONE',  ( -7.521253397651182837, 4.500000000000000000, -22.34048822194777273 ) ) ;
#496 = CARTESIAN_POINT ( 'NONE',  ( 13.08832123378965129, 0.000000000000000000, 9.949474037121115444 ) ) ;
#497 = ORIENTED_EDGE ( 'NONE', *, *, #2051, .T. ) ;
#498 = AXIS2_PLACEMENT_3D ( 'NONE', #2782, #4488, #4517 ) ;
#499 = EDGE_CURVE ( 'NONE', #3208, #2101, #3471, .T. ) ;
#500 = CARTESIAN_POINT ( 'NONE',  ( -6.775050528895626201, 2.000000000000000000, 5.725833956877303343 ) ) ;
#501 = FACE_OUTER_BOUND ( 'NONE', #2592, .T. ) ;
#502 = ORIENTED_EDGE ( 'NONE', *, *, #1406, .T. ) ;
#503 = ORIENTED_EDGE ( 'NONE', *, *, #4676, .T. ) ;
#504 = ORIENTED_EDGE ( 'NONE', *, *, #1576, .F. ) ;
#505 = CARTESIAN_POINT ( 'NONE',  ( -21.83540119763030418, 2.000000000000000000, 2.276251975912782832 ) ) ;
#506 = DIRECTION ( 'NONE',  ( 0.000000000000000000, 0.000000000000000000, 1.000000000000000000 ) ) ;
#507 = TOROIDAL_SURFACE ( 'NONE', #3012, 4.000000000000000000, 1.000000000000000000 ) ;
#508 = DIRECTION ( 'NONE',  ( -0.000000000000000000, -1.000000000000000000, -0.000000000000000000 ) ) ;
#509 = ORIENTED_EDGE ( 'NONE', *, *, #639, .F. ) ;
#510 = ORIENTED_EDGE ( 'NONE', *, *, #5280, .F. ) ;
#511 = ORIENTED_EDGE ( 'NONE', *, *, #2622, .T. ) ;
#512 = DIRECTION ( 'NONE',  ( 0.000000000000000000, 0.000000000000000000, 1.000000000000000000 ) ) ;
#513 = DIRECTION ( 'NONE',  ( -0.1301077171777205443, 0.000000000000000000, -0.9914998648163307893 ) ) ;
#514 = DIRECTION ( 'NONE',  ( 0.000000000000000000, 1.000000000000000000, -0.000000000000000000 ) ) ;
#515 = ADVANCED_FACE ( 'NONE', ( #1750 ), #66, .F. ) ;
#516 = ADVANCED_FACE ( 'NONE', ( #3024 ), #5051, .F. ) ;
#517 = AXIS2_PLACEMENT_3D ( 'NONE', #2984, #1221, #5509 ) ;
#518 = DIRECTION ( 'NONE',  ( 0.000000000000000000, 0.000000000000000000, 1.000000000000000000 ) ) ;
#519 = CARTESIAN_POINT ( 'NONE',  ( -24.24437569559783512, 0.000000000000000000, 6.100020256581537126 ) ) ;
#520 = CARTESIAN_POINT ( 'NONE',  ( -9.300823703819945720, 0.000000000000000000, -19.65400563306619475 ) ) ;
#521 = SURFACE_STYLE_FILL_AREA ( #1848 ) ;
#522 = B_SPLINE_CURVE_WITH_KNOTS ( 'NONE', 3,
 ( #3757, #3310, #1191, #2890 ),
 .UNSPECIFIED., .F., .F.,
 ( 4, 4 ),
 ( 0.000000000000000000, 0.8486784659455791635 ),
 .UNSPECIFIED. ) ;
#523 = ORIENTED_EDGE ( 'NONE', *, *, #1349, .T. ) ;
#524 = CARTESIAN_POINT ( 'NONE',  ( 1.343040028563946553, 1.000000000000000000, 7.464009483118975830 ) ) ;
#525 = CARTESIAN_POINT ( 'NONE',  ( -24.24437569559783512, 3.000000000000000000, 6.100020256581533573 ) ) ;
#526 = EDGE_CURVE ( 'NONE', #3527, #1180, #478, .T. ) ;
#527 = VERTEX_POINT ( 'NONE', #3862 ) ;
#528 = VECTOR ( 'NONE', #4643, 1000.000000000000000 ) ;
#529 = EDGE_LOOP ( 'NONE', ( #1225, #601, #1720, #677 ) ) ;
#530 = CARTESIAN_POINT ( 'NONE',  ( 0.000000000000000000, 3.000000000000000000, 0.000000000000000000 ) ) ;
#531 = FACE_OUTER_BOUND ( 'NONE', #1312, .T. ) ;
#532 = AXIS2_PLACEMENT_3D ( 'NONE', #952, #3485, #3098 ) ;
#533 = AXIS2_PLACEMENT_3D ( 'NONE', #102, #3087, #2661 ) ;
#534 = CARTESIAN_POINT ( 'NONE',  ( -3.219060002219621630, 3.000000000000000000, 6.471870889335052723 ) ) ;
#535 = ORIENTED_EDGE ( 'NONE', *, *, #3766, .T. ) ;
#536 = LINE ( 'NONE', #1876, #4875 ) ;
#537 = VERTEX_POINT ( 'NONE', #1723 ) ;
#538 = CARTESIAN_POINT ( 'NONE',  ( 6.019248619458947402, 4.500000000000000000, 12.94208635066047641 ) ) ;
#539 = DIRECTION ( 'NONE',  ( 0.000000000000000000, -0.000000000000000000, 1.000000000000000000 ) ) ;
#540 = CARTESIAN_POINT ( 'NONE',  ( -0.2709644889716128491, 0.000000000000000000, 5.379253647988273102 ) ) ;
#541 = AXIS2_PLACEMENT_3D ( 'NONE', #5172, #2606, #949 ) ;
#542 = DIRECTION ( 'NONE',  ( -0.000000000000000000, -1.000000000000000000, -0.000000000000000000 ) ) ;
#543 = LINE ( 'NONE', #3428, #2769 ) ;
#544 = ADVANCED_FACE ( 'NONE', ( #5132 ), #1323, .T. ) ;
#545 = CARTESIAN_POINT ( 'NONE',  ( 14.66121930011479080, 1.000000000000000000, 6.377796672933437883 ) ) ;
#546 = CARTESIAN_POINT ( 'NONE',  ( -22.75608248248718724, 3.000000000000000000, -6.447050596753057583 ) ) ;
#547 = DIRECTION ( 'NONE',  ( 0.000000000000000000, 0.000000000000000000, 1.000000000000000000 ) ) ;
#548 = VECTOR ( 'NONE', #1838, 1000.000000000000000 ) ;
#549 = CARTESIAN_POINT ( 'NONE',  ( 0.000000000000000000, 0.000000000000000000, 26.49999999999999645 ) ) ;
#550 = ORIENTED_EDGE ( 'NONE', *, *, #1493, .F. ) ;
#551 = CARTESIAN_POINT ( 'NONE',  ( -23.60742513708960999, 3.000000000000000000, 1.247775179118929323 ) ) ;
#552 = CIRCLE ( 'NONE', #3669, 0.5000000000000056621 ) ;
#553 = AXIS2_PLACEMENT_3D ( 'NONE', #1672, #5163, #1350 ) ;
#554 = AXIS2_PLACEMENT_3D ( 'NONE', #3353, #2846, #3747 ) ;
#555 = FACE_OUTER_BOUND ( 'NONE', #3159, .T. ) ;
#556 = CARTESIAN_POINT ( 'NONE',  ( 3.131705510549571692, 5.000000000000000000, -23.79479818353569343 ) ) ;
#557 = LINE ( 'NONE', #144, #820 ) ;
#558 = ORIENTED_EDGE ( 'NONE', *, *, #1047, .F. ) ;
#559 = EDGE_CURVE ( 'NONE', #2045, #111, #849, .T. ) ;
#560 = EDGE_LOOP ( 'NONE', ( #4880, #3381, #4803, #1815 ) ) ;
#561 = DIRECTION ( 'NONE',  ( -0.000000000000000000, -1.000000000000000000, -0.000000000000000000 ) ) ;
#562 = AXIS2_PLACEMENT_3D ( 'NONE', #2233, #4814, #4765 ) ;
#563 = DIRECTION ( 'NONE',  ( -0.000000000000000000, -1.000000000000000000, 0.000000000000000000 ) ) ;
#564 = VERTEX_POINT ( 'NONE', #3917 ) ;
#565 = FACE_OUTER_BOUND ( 'NONE', #5053, .T. ) ;
#566 = EDGE_CURVE ( 'NONE', #4802, #3745, #646, .T. ) ;
#567 = ORIENTED_EDGE ( 'NONE', *, *, #4415, .F. ) ;
#568 = CARTESIAN_POINT ( 'NONE',  ( -7.550661286023191643, 2.000000000000000000, 0.6557043731701388545 ) ) ;
#569 = CARTESIAN_POINT ( 'NONE',  ( 4.795745901447129533, 4.500000000000000000, 11.08057842265914594 ) ) ;
#570 = VECTOR ( 'NONE', #2423, 1000.000000000000227 ) ;
#571 = DIRECTION ( 'NONE',  ( -0.000000000000000000, -1.000000000000000000, -0.000000000000000000 ) ) ;
#572 = CARTESIAN_POINT ( 'NONE',  ( -22.89572892210886224, 3.000000000000000000, 2.384422800043944246 ) ) ;
#573 = CIRCLE ( 'NONE', #2785, 1.000000000000000888 ) ;
#574 = DIRECTION ( 'NONE',  ( -0.000000000000000000, -1.000000000000000000, -0.000000000000000000 ) ) ;
#575 = CARTESIAN_POINT ( 'NONE',  ( 21.87057429237682271, 1.000000000000000000, 11.26607252673271198 ) ) ;
#576 = CARTESIAN_POINT ( 'NONE',  ( 9.613592132573275606, 0.000000000000000000, 17.21581186154043408 ) ) ;
#577 = DIRECTION ( 'NONE',  ( -0.000000000000000000, -1.000000000000000000, -0.000000000000000000 ) ) ;
#578 = VERTEX_POINT ( 'NONE', #3107 ) ;
#579 = CARTESIAN_POINT ( 'NONE',  ( -6.775050528895626201, 0.000000000000000000, 5.725833956877303343 ) ) ;
#580 = CARTESIAN_POINT ( 'NONE',  ( 3.131705510549571692, 0.000000000000000000, -23.79479818353569343 ) ) ;
#581 = ADVANCED_FACE ( 'NONE', ( #1373 ), #1452, .T. ) ;
#582 = EDGE_CURVE ( 'NONE', #1777, #743, #95, .T. ) ;
#583 = VERTEX_POINT ( 'NONE', #3080 ) ;
#584 = VERTEX_POINT ( 'NONE', #202 ) ;
#585 = CIRCLE ( 'NONE', #4053, 25.00000000000000000 ) ;
#586 = B_SPLINE_SURFACE_WITH_KNOTS ( 'NONE', 3, 1, ( 
 ( #946, #1654 ),
 ( #887, #1679 ),
 ( #406, #5060 ),
 ( #4251, #2945 ) ),
 .UNSPECIFIED., .F., .F., .F.,
 ( 4, 4 ),
 ( 2, 2 ),
 ( 0.000000000000000000, 0.5370456029492229888 ),
 ( 0.000000000000000000, 1.000000000000000000 ),
 .UNSPECIFIED. ) ;
#587 = DIRECTION ( 'NONE',  ( -0.000000000000000000, -1.000000000000000000, -0.000000000000000000 ) ) ;
#588 = CARTESIAN_POINT ( 'NONE',  ( -5.119735382536114265, 0.000000000000000000, 1.044499254386095366 ) ) ;
#589 = ORIENTED_EDGE ( 'NONE', *, *, #1609, .T. ) ;
#590 = ORIENTED_EDGE ( 'NONE', *, *, #2588, .F. ) ;
#591 = LINE ( 'NONE', #1068, #3407 ) ;
#592 = CARTESIAN_POINT ( 'NONE',  ( 8.671533440343756283, 0.000000000000000000, 11.54016437390710514 ) ) ;
#593 = EDGE_CURVE ( 'NONE', #649, #151, #4877, .T. ) ;
#594 = AXIS2_PLACEMENT_3D ( 'NONE', #3622, #3125, #982 ) ;
#595 = ORIENTED_EDGE ( 'NONE', *, *, #3932, .F. ) ;
#596 = LINE ( 'NONE', #3956, #881 ) ;
#597 = CARTESIAN_POINT ( 'NONE',  ( 13.06566235224200057, 1.000000000000000000, 7.369918219744473475 ) ) ;
#598 = CARTESIAN_POINT ( 'NONE',  ( 0.000000000000000000, 0.000000000000000000, 0.000000000000000000 ) ) ;
#599 = CARTESIAN_POINT ( 'NONE',  ( -21.52100950101117149, 0.000000000000000000, -5.574093253824975669 ) ) ;
#600 = DIRECTION ( 'NONE',  ( -0.000000000000000000, -1.000000000000000000, -0.000000000000000000 ) ) ;
#601 = ORIENTED_EDGE ( 'NONE', *, *, #4141, .T. ) ;
#602 = AXIS2_PLACEMENT_3D ( 'NONE', #4076, #1096, #2786 ) ;
#603 = FACE_OUTER_BOUND ( 'NONE', #1370, .T. ) ;
#604 = CIRCLE ( 'NONE', #4256, 25.00000000000000000 ) ;
#605 = CARTESIAN_POINT ( 'NONE',  ( -4.441317907330095274E-15, 0.000000000000000000, -9.871292541587779468 ) ) ;
#606 = ORIENTED_EDGE ( 'NONE', *, *, #964, .F. ) ;
#607 = PLANE ( 'NONE',  #2498 ) ;
#608 = VECTOR ( 'NONE', #3161, 1000.000000000000000 ) ;
#609 = ORIENTED_EDGE ( 'NONE', *, *, #84, .T. ) ;
#610 = ORIENTED_EDGE ( 'NONE', *, *, #182, .F. ) ;
#611 = DIRECTION ( 'NONE',  ( -0.000000000000000000, -1.000000000000000000, -0.000000000000000000 ) ) ;
#612 = CARTESIAN_POINT ( 'NONE',  ( -5.952018014806617963, 3.000000000000000000, 1.112664747517910779 ) ) ;
#613 = CIRCLE ( 'NONE', #2577, 3.500000000000002665 ) ;
#614 = EDGE_CURVE ( 'NONE', #3046, #2919, #1471, .T. ) ;
#615 = ORIENTED_EDGE ( 'NONE', *, *, #1401, .T. ) ;
#616 = CARTESIAN_POINT ( 'NONE',  ( 3.262729383827731588, 1.500000000000000000, 0.000000000000000000 ) ) ;
#617 = DIRECTION ( 'NONE',  ( 0.000000000000000000, 1.000000000000000000, -0.000000000000000000 ) ) ;
#618 = CARTESIAN_POINT ( 'NONE',  ( -6.689063923350071939, 4.500000000000000000, -12.59071487462547445 ) ) ;
#619 = DIRECTION ( 'NONE',  ( -0.000000000000000000, -1.000000000000000000, -0.000000000000000000 ) ) ;
#620 = ORIENTED_EDGE ( 'NONE', *, *, #1000, .T. ) ;
#621 = EDGE_CURVE ( 'NONE', #4131, #537, #2422, .T. ) ;
#622 = ADVANCED_FACE ( 'NONE', ( #531 ), #607, .T. ) ;
#623 = CARTESIAN_POINT ( 'NONE',  ( -0.8468888793778800439, 4.500000000000000000, 4.635351310360793065 ) ) ;
#624 = CARTESIAN_POINT ( 'NONE',  ( -4.578259486569354664, 3.000000000000000000, 6.214183815979186676 ) ) ;
#625 = LINE ( 'NONE', #4872, #1832 ) ;
#626 = DIRECTION ( 'NONE',  ( -0.000000000000000000, -1.000000000000000000, -0.000000000000000000 ) ) ;
#627 = AXIS2_PLACEMENT_3D ( 'NONE', #1243, #4583, #761 ) ;
#628 = ORIENTED_EDGE ( 'NONE', *, *, #3967, .T. ) ;
#629 = CIRCLE ( 'NONE', #3762, 25.00000000000000000 ) ;
#630 = FACE_OUTER_BOUND ( 'NONE', #4984, .T. ) ;
#631 = DIRECTION ( 'NONE',  ( 1.000000000000000000, 0.000000000000000000, 0.000000000000000000 ) ) ;
#632 = CARTESIAN_POINT ( 'NONE',  ( -14.30522586326296519, 3.000000000000000000, -9.350571778467759998 ) ) ;
#633 = EDGE_CURVE ( 'NONE', #3507, #2101, #1426, .T. ) ;
#634 = ORIENTED_EDGE ( 'NONE', *, *, #3421, .T. ) ;
#635 = CARTESIAN_POINT ( 'NONE',  ( -7.025144728550027473, 0.000000000000000000, -2.648830442282950504 ) ) ;
#636 = CARTESIAN_POINT ( 'NONE',  ( -19.29121935362093510, 2.000000000000000000, -5.634559815357672363 ) ) ;
#637 = ADVANCED_FACE ( 'NONE', ( #3131 ), #2537, .T. ) ;
#638 = CARTESIAN_POINT ( 'NONE',  ( 18.94115486502150247, 0.000000000000000000, -11.68990479761203893 ) ) ;
#639 = EDGE_CURVE ( 'NONE', #2637, #4571, #24, .T. ) ;
#640 = AXIS2_PLACEMENT_3D ( 'NONE', #4623, #443, #385 ) ;
#641 = CARTESIAN_POINT ( 'NONE',  ( -6.775050528895626201, 3.000000000000000000, 2.276251975912782832 ) ) ;
#642 = EDGE_CURVE ( 'NONE', #3833, #2710, #2216, .T. ) ;
#643 = DIRECTION ( 'NONE',  ( 0.000000000000000000, 0.000000000000000000, 1.000000000000000000 ) ) ;
#644 = CARTESIAN_POINT ( 'NONE',  ( -9.319232372904995287, 3.000000000000000000, -3.160283313392068916 ) ) ;
#645 = CARTESIAN_POINT ( 'NONE',  ( 22.20373856994361361, 1.000000000000000000, 11.48886389150807830 ) ) ;
#646 = CIRCLE ( 'NONE', #3779, 1.000000000000000888 ) ;
#647 = DIRECTION ( 'NONE',  ( 1.904227185740875922E-16, 0.000000000000000000, 1.000000000000000000 ) ) ;
#648 = ADVANCED_FACE ( 'NONE', ( #4855 ), #4804, .F. ) ;
#649 = VERTEX_POINT ( 'NONE', #986 ) ;
#650 = VECTOR ( 'NONE', #619, 1000.000000000000000 ) ;
#651 = CARTESIAN_POINT ( 'NONE',  ( -5.926223190590107492, 2.000000000000000000, 10.30031147355659904 ) ) ;
#652 = CARTESIAN_POINT ( 'NONE',  ( -6.447597692191241237, 2.500000000000000000, -18.72644423699242822 ) ) ;
#653 = CARTESIAN_POINT ( 'NONE',  ( -9.319232372904995287, 3.000000000000000000, -5.634559815357672363 ) ) ;
#654 = EDGE_CURVE ( 'NONE', #3281, #2591, #2725, .T. ) ;
#655 = EDGE_CURVE ( 'NONE', #4217, #2478, #1776, .T. ) ;
#656 = ORIENTED_EDGE ( 'NONE', *, *, #3682, .T. ) ;
#657 = PLANE ( 'NONE',  #903 ) ;
#658 = VERTEX_POINT ( 'NONE', #1803 ) ;
#659 = DIRECTION ( 'NONE',  ( 0.000000000000000000, 0.000000000000000000, 1.000000000000000000 ) ) ;
#660 = ORIENTED_EDGE ( 'NONE', *, *, #3539, .T. ) ;
#661 = CARTESIAN_POINT ( 'NONE',  ( 8.692144346554449896, 1.000000000000000000, 20.29770225483711243 ) ) ;
#662 = EDGE_LOOP ( 'NONE', ( #5135, #3235, #5482, #296 ) ) ;
#663 = ORIENTED_EDGE ( 'NONE', *, *, #1969, .T. ) ;
#664 = VECTOR ( 'NONE', #3282, 1000.000000000000000 ) ;
#665 = LINE ( 'NONE', #4072, #1274 ) ;
#666 = FACE_BOUND ( 'NONE', #4919, .T. ) ;
#667 = LINE ( 'NONE', #2351, #1854 ) ;
#668 = DIRECTION ( 'NONE',  ( -0.000000000000000000, -1.000000000000000000, 0.000000000000000000 ) ) ;
#669 = FACE_OUTER_BOUND ( 'NONE', #1088, .T. ) ;
#670 = VERTEX_POINT ( 'NONE', #149 ) ;
#671 = LINE ( 'NONE', #5029, #3615 ) ;
#672 = FACE_OUTER_BOUND ( 'NONE', #3976, .T. ) ;
#673 = PLANE ( 'NONE',  #1920 ) ;
#674 = LINE ( 'NONE', #1893, #1336 ) ;
#675 = CARTESIAN_POINT ( 'NONE',  ( 3.131705510549571692, 0.000000000000000000, -23.79479818353569343 ) ) ;
#676 = DIRECTION ( 'NONE',  ( -0.000000000000000000, -1.000000000000000000, -0.000000000000000000 ) ) ;
#677 = ORIENTED_EDGE ( 'NONE', *, *, #4856, .F. ) ;
#678 = EDGE_CURVE ( 'NONE', #2008, #2864, #1831, .T. ) ;
#679 = ORIENTED_EDGE ( 'NONE', *, *, #3941, .F. ) ;
#680 = FACE_OUTER_BOUND ( 'NONE', #4832, .T. ) ;
#681 = DIRECTION ( 'NONE',  ( -0.000000000000000000, -1.000000000000000000, -0.000000000000000000 ) ) ;
#682 = PRODUCT_DEFINITION_SHAPE ( 'NONE', 'NONE',  #2663 ) ;
#683 = ORIENTED_EDGE ( 'NONE', *, *, #3058, .F. ) ;
#684 = ORIENTED_EDGE ( 'NONE', *, *, #5449, .T. ) ;
#685 = CIRCLE ( 'NONE', #517, 0.5000000000000004441 ) ;
#686 = VECTOR ( 'NONE', #1270, 1000.000000000000000 ) ;
#687 = EDGE_CURVE ( 'NONE', #3859, #2431, #3895, .T. ) ;
#688 = DIRECTION ( 'NONE',  ( 0.000000000000000000, 1.000000000000000000, 0.000000000000000000 ) ) ;
#689 = ORIENTED_EDGE ( 'NONE', *, *, #4197, .T. ) ;
#690 = EDGE_LOOP ( 'NONE', ( #1726, #1288, #2858, #1993, #620, #2065, #5345, #4507, #707, #1657 ) ) ;
#691 = PLANE ( 'NONE',  #4496 ) ;
#692 = CARTESIAN_POINT ( 'NONE',  ( 0.000000000000000000, 0.000000000000000000, 0.000000000000000000 ) ) ;
#693 = EDGE_LOOP ( 'NONE', ( #1773, #33, #1285, #5403 ) ) ;
#694 = VERTEX_POINT ( 'NONE', #4754 ) ;
#695 = DIRECTION ( 'NONE',  ( 0.000000000000000000, 0.000000000000000000, 1.000000000000000000 ) ) ;
#696 = CARTESIAN_POINT ( 'NONE',  ( -0.9295541296688025756, 0.000000000000000000, 4.475859692455095740 ) ) ;
#697 = CARTESIAN_POINT ( 'NONE',  ( 11.43590431189925916, 3.000000000000000000, -11.68990479761204071 ) ) ;
#698 = CARTESIAN_POINT ( 'NONE',  ( 24.99082427303198983, 3.500000000000000000, -0.6772755380457134988 ) ) ;
#699 = VERTEX_POINT ( 'NONE', #3504 ) ;
#700 = DIRECTION ( 'NONE',  ( -0.000000000000000000, -1.000000000000000000, -0.000000000000000000 ) ) ;
#701 = CARTESIAN_POINT ( 'NONE',  ( -24.95605209363875687, 0.000000000000000000, 1.481709789259915588 ) ) ;
#703 = CARTESIAN_POINT ( 'NONE',  ( -6.775050528895626201, 0.000000000000000000, 2.276251975912782832 ) ) ;
#702 = CIRCLE ( 'NONE', #96, 0.5000000000000004441 ) ;
#704 = PLANE ( 'NONE',  #4 ) ;
#705 = PLANE ( 'NONE',  #5112 ) ;
#706 = CARTESIAN_POINT ( 'NONE',  ( -23.08483537706514710, 3.000000000000000000, 7.607344739082396501 ) ) ;
#707 = ORIENTED_EDGE ( 'NONE', *, *, #5506, .T. ) ;
#708 = AXIS2_PLACEMENT_3D ( 'NONE', #2119, #2340, #4785 ) ;
#709 = ORIENTED_EDGE ( 'NONE', *, *, #225, .F. ) ;
#710 = EDGE_CURVE ( 'NONE', #2372, #4781, #1305, .T. ) ;
#711 = LINE ( 'NONE', #241, #3198 ) ;
#712 = FACE_OUTER_BOUND ( 'NONE', #1272, .T. ) ;
#713 = CARTESIAN_POINT ( 'NONE',  ( 7.754105202866360180, 4.500000000000000000, 22.36207468134512766 ) ) ;
#714 = ORIENTED_EDGE ( 'NONE', *, *, #179, .F. ) ;
#715 = LINE ( 'NONE', #2404, #1770 ) ;
#716 = ORIENTED_EDGE ( 'NONE', *, *, #1638, .T. ) ;
#717 = CARTESIAN_POINT ( 'NONE',  ( -2.833342513271519536, 0.000000000000000000, -3.027858457278094217 ) ) ;
#718 = EDGE_CURVE ( 'NONE', #1202, #3133, #1550, .T. ) ;
#719 = EDGE_LOOP ( 'NONE', ( #271, #4852, #3990, #2284 ) ) ;
#720 = ORIENTED_EDGE ( 'NONE', *, *, #5185, .F. ) ;
#721 = VECTOR ( 'NONE', #2303, 1000.000000000000000 ) ;
#722 = VECTOR ( 'NONE', #398, 1000.000000000000000 ) ;
#723 = CARTESIAN_POINT ( 'NONE',  ( 0.1971705666005685309, 0.000000000000000000, 10.30031147355659904 ) ) ;
#724 = DIRECTION ( 'NONE',  ( -0.000000000000000000, -1.000000000000000000, -0.000000000000000000 ) ) ;
#725 = DIRECTION ( 'NONE',  ( -0.07333144303605054759, 0.000000000000000000, -0.9973076252903366745 ) ) ;
#726 = EDGE_CURVE ( 'NONE', #649, #1351, #4784, .T. ) ;
#727 = DIRECTION ( 'NONE',  ( 0.000000000000000000, 0.000000000000000000, 1.000000000000000000 ) ) ;
#728 = ORIENTED_EDGE ( 'NONE', *, *, #426, .F. ) ;
#729 = EDGE_CURVE ( 'NONE', #302, #2239, #3755, .T. ) ;
#730 = DIRECTION ( 'NONE',  ( -0.000000000000000000, -1.000000000000000000, -0.000000000000000000 ) ) ;
#731 = CARTESIAN_POINT ( 'NONE',  ( 24.96498347681703933, 3.500000000000000000, 1.322724461954286390 ) ) ;
#732 = CARTESIAN_POINT ( 'NONE',  ( 0.000000000000000000, 1.500000000000000000, -0.6772755380457134988 ) ) ;
#733 = DIRECTION ( 'NONE',  ( 0.000000000000000000, 0.000000000000000000, 1.000000000000000000 ) ) ;
#734 = CARTESIAN_POINT ( 'NONE',  ( 7.803981852292821486, 1.000000000000000000, 22.10495702000036289 ) ) ;
#735 = ORIENTED_EDGE ( 'NONE', *, *, #1314, .T. ) ;
#736 = DIRECTION ( 'NONE',  ( -0.000000000000000000, -1.000000000000000000, -0.000000000000000000 ) ) ;
#737 = ORIENTED_EDGE ( 'NONE', *, *, #4004, .F. ) ;
#738 = DIRECTION ( 'NONE',  ( 1.000000000000000000, 0.000000000000000000, 0.000000000000000000 ) ) ;
#739 = CARTESIAN_POINT ( 'NONE',  ( -7.526991928986009661, 0.000000000000000000, -16.75515207025602749 ) ) ;
#740 = DIRECTION ( 'NONE',  ( -0.2931899571800254400, 0.000000000000000000, -0.9560542081957354998 ) ) ;
#741 = EDGE_LOOP ( 'NONE', ( #3715, #4234, #4588, #1909 ) ) ;
#742 = AXIS2_PLACEMENT_3D ( 'NONE', #2653, #587, #3947 ) ;
#743 = VERTEX_POINT ( 'NONE', #2165 ) ;
#744 = CARTESIAN_POINT ( 'NONE',  ( -3.083751706027528350, 3.000000000000000000, 6.646644105249838397 ) ) ;
#745 = VERTEX_POINT ( 'NONE', #1300 ) ;
#746 = EDGE_CURVE ( 'NONE', #3695, #2526, #2757, .T. ) ;
#747 = EDGE_CURVE ( 'NONE', #3801, #3974, #2545, .T. ) ;
#748 = FACE_OUTER_BOUND ( 'NONE', #3227, .T. ) ;
#749 = VERTEX_POINT ( 'NONE', #2632 ) ;
#750 = ADVANCED_FACE ( 'NONE', ( #5109 ), #955, .F. ) ;
#751 = EDGE_LOOP ( 'NONE', ( #1577, #2341, #2491, #1148 ) ) ;
#752 = ORIENTED_EDGE ( 'NONE', *, *, #3555, .T. ) ;
#753 = DIRECTION ( 'NONE',  ( -0.000000000000000000, -1.000000000000000000, -0.000000000000000000 ) ) ;
#754 = CARTESIAN_POINT ( 'NONE',  ( -24.35996071693695342, 0.000000000000000000, -3.138175790429038159 ) ) ;
#755 = CARTESIAN_POINT ( 'NONE',  ( -7.550661286023191643, 3.000000000000000000, 0.6557043731701388545 ) ) ;
#756 = AXIS2_PLACEMENT_3D ( 'NONE', #126, #150, #988 ) ;
#757 = CARTESIAN_POINT ( 'NONE',  ( -23.56505256017154437, 3.000000000000000000, -1.725794036345155158 ) ) ;
#758 = ORIENTED_EDGE ( 'NONE', *, *, #1469, .T. ) ;
#759 = CARTESIAN_POINT ( 'NONE',  ( 5.990939753984542371, 4.500000000000000000, 18.99158858756756985 ) ) ;
#760 = PLANE ( 'NONE',  #1155 ) ;
#761 = DIRECTION ( 'NONE',  ( 0.000000000000000000, 0.000000000000000000, -1.000000000000000000 ) ) ;
#762 = ADVANCED_FACE ( 'NONE', ( #1354 ), #1780, .F. ) ;
#763 = CARTESIAN_POINT ( 'NONE',  ( 0.000000000000000000, 0.000000000000000000, 0.000000000000000000 ) ) ;
#764 = CARTESIAN_POINT ( 'NONE',  ( 0.000000000000000000, 3.000000000000000000, 0.000000000000000000 ) ) ;
#765 = VERTEX_POINT ( 'NONE', #2972 ) ;
#766 = CARTESIAN_POINT ( 'NONE',  ( 5.111318872980568528, 4.000000000000000000, 20.78224538103997432 ) ) ;
#767 = LINE ( 'NONE', #2456, #1394 ) ;
#768 = ORIENTED_EDGE ( 'NONE', *, *, #4769, .T. ) ;
#769 = DIRECTION ( 'NONE',  ( 1.000000000000000000, 0.000000000000000000, 0.000000000000000000 ) ) ;
#770 = PLANE ( 'NONE',  #963 ) ;
#771 = CARTESIAN_POINT ( 'NONE',  ( 14.66121930011479080, 1.000000000000000000, 6.377796672933437883 ) ) ;
#772 = ORIENTED_EDGE ( 'NONE', *, *, #2051, .F. ) ;
#773 = PLANE ( 'NONE',  #2126 ) ;
#774 = VERTEX_POINT ( 'NONE', #3059 ) ;
#775 = CIRCLE ( 'NONE', #5500, 0.4999999999999970024 ) ;
#776 = ORIENTED_EDGE ( 'NONE', *, *, #2113, .F. ) ;
#777 = ORIENTED_EDGE ( 'NONE', *, *, #747, .T. ) ;
#778 = ORIENTED_EDGE ( 'NONE', *, *, #1408, .T. ) ;
#779 = ADVANCED_FACE ( 'NONE', ( #943 ), #4698, .F. ) ;
#780 = CARTESIAN_POINT ( 'NONE',  ( -21.05979044050274140, 3.000000000000000000, 0.6557043731701388545 ) ) ;
#781 = VECTOR ( 'NONE', #3629, 1000.000000000000000 ) ;
#782 = CARTESIAN_POINT ( 'NONE',  ( -7.617085631133467594, 0.000000000000000000, -5.603183904079727995 ) ) ;
#783 = CARTESIAN_POINT ( 'NONE',  ( -19.29121935362093510, 2.000000000000000000, 10.30031147355660082 ) ) ;
#784 = CARTESIAN_POINT ( 'NONE',  ( -9.300823703819945720, 4.500000000000000000, -19.65400563306619475 ) ) ;
#785 = ORIENTED_EDGE ( 'NONE', *, *, #1408, .F. ) ;
#786 = LINE ( 'NONE', #4163, #2839 ) ;
#787 = LINE ( 'NONE', #458, #1784 ) ;
#788 = CARTESIAN_POINT ( 'NONE',  ( -21.05979044050274140, 2.000000000000000000, 0.6557043731701388545 ) ) ;
#789 = DIRECTION ( 'NONE',  ( -0.000000000000000000, -1.000000000000000000, -0.000000000000000000 ) ) ;
#790 = EDGE_CURVE ( 'NONE', #2150, #1756, #4885, .T. ) ;
#791 = AXIS2_PLACEMENT_3D ( 'NONE', #156, #2687, #4416 ) ;
#792 = CARTESIAN_POINT ( 'NONE',  ( -7.550661286023191643, 3.000000000000000000, 0.6557043731701388545 ) ) ;
#793 = ORIENTED_EDGE ( 'NONE', *, *, #2205, .F. ) ;
#794 = EDGE_LOOP ( 'NONE', ( #2110, #1668, #2405, #2659 ) ) ;
#795 = ORIENTED_EDGE ( 'NONE', *, *, #1813, .F. ) ;
#796 = DIRECTION ( 'NONE',  ( 0.000000000000000000, 0.000000000000000000, -1.000000000000000000 ) ) ;
#797 = CARTESIAN_POINT ( 'NONE',  ( -6.324702308919570193, 3.000000000000000000, -1.532835634161420657 ) ) ;
#798 = EDGE_CURVE ( 'NONE', #3884, #3351, #101, .T. ) ;
#799 = VECTOR ( 'NONE', #190, 1000.000000000000000 ) ;
#800 = CARTESIAN_POINT ( 'NONE',  ( -0.9295541296688025756, 3.500000000000000000, 4.475859692455095740 ) ) ;
#801 = TOROIDAL_SURFACE ( 'NONE', #5247, 26.49999999999999645, 1.000000000000000000 ) ;
#802 = VERTEX_POINT ( 'NONE', #884 ) ;
#803 = ORIENTED_EDGE ( 'NONE', *, *, #2733, .F. ) ;
#804 = EDGE_CURVE ( 'NONE', #4468, #4077, #364, .T. ) ;
#805 = CARTESIAN_POINT ( 'NONE',  ( -7.526991928986009661, 4.500000000000000000, -16.75515207025602749 ) ) ;
#806 = CARTESIAN_POINT ( 'NONE',  ( -23.86925808733212406, 3.000000000000000000, 7.433607358498961482 ) ) ;
#807 = VERTEX_POINT ( 'NONE', #1330 ) ;
#808 = DIRECTION ( 'NONE',  ( -0.000000000000000000, -1.000000000000000000, -0.000000000000000000 ) ) ;
#809 = ORIENTED_EDGE ( 'NONE', *, *, #4856, .T. ) ;
#810 = CIRCLE ( 'NONE', #4640, 1.000000000000000888 ) ;
#811 = EDGE_LOOP ( 'NONE', ( #4881, #2371, #1747, #2781 ) ) ;
#812 = ORIENTED_EDGE ( 'NONE', *, *, #4295, .T. ) ;
#813 = LINE ( 'NONE', #363, #1607 ) ;
#814 = DIRECTION ( 'NONE',  ( 0.1249392203967352177, 0.000000000000000000, 0.9921643972682431256 ) ) ;
#815 = PRODUCT_DEFINITION_FORMATION_WITH_SPECIFIED_SOURCE ( 'ä»', '', #1140, .NOT_KNOWN. ) ;
#816 = CARTESIAN_POINT ( 'NONE',  ( 0.000000000000000000, 4.000000000000000000, 0.000000000000000000 ) ) ;
#817 = LINE ( 'NONE', #1298, #3109 ) ;
#818 = TOROIDAL_SURFACE ( 'NONE', #4463, 4.000000000000000000, 1.000000000000000000 ) ;
#819 = ORIENTED_EDGE ( 'NONE', *, *, #3184, .F. ) ;
#820 = VECTOR ( 'NONE', #1827, 1000.000000000000000 ) ;
#821 = VECTOR ( 'NONE', #3137, 1000.000000000000000 ) ;
#822 = EDGE_CURVE ( 'NONE', #276, #1010, #5342, .T. ) ;
#823 = TOROIDAL_SURFACE ( 'NONE', #3948, 26.49999999999999645, 1.000000000000000000 ) ;
#824 = CARTESIAN_POINT ( 'NONE',  ( 0.1971705666005685309, 4.000000000000000000, 10.30031147355659904 ) ) ;
#825 = CARTESIAN_POINT ( 'NONE',  ( 14.89331041442341785, 1.000000000000000000, 19.25297561011895198 ) ) ;
#826 = DIRECTION ( 'NONE',  ( -0.000000000000000000, -1.000000000000000000, -0.000000000000000000 ) ) ;
#827 = DIRECTION ( 'NONE',  ( -0.2266987336236721273, 0.000000000000000000, -0.9739649296424502944 ) ) ;
#828 = EDGE_CURVE ( 'NONE', #3208, #3884, #1093, .T. ) ;
#829 = EDGE_CURVE ( 'NONE', #1041, #5357, #5270, .T. ) ;
#830 = DIRECTION ( 'NONE',  ( -1.000000000000000000, 0.000000000000000000, 0.000000000000000000 ) ) ;
#831 = DIRECTION ( 'NONE',  ( 0.000000000000000000, 0.000000000000000000, -1.000000000000000000 ) ) ;
#832 = ORIENTED_EDGE ( 'NONE', *, *, #2804, .T. ) ;
#833 = EDGE_CURVE ( 'NONE', #2864, #807, #5084, .T. ) ;
#834 = CARTESIAN_POINT ( 'NONE',  ( -19.29121935362093510, 2.000000000000000000, -3.160283313392068916 ) ) ;
#835 = EDGE_CURVE ( 'NONE', #1141, #4933, #591, .T. ) ;
#836 = DIRECTION ( 'NONE',  ( -0.000000000000000000, -1.000000000000000000, -0.000000000000000000 ) ) ;
#837 = ORIENTED_EDGE ( 'NONE', *, *, #3169, .T. ) ;
#838 = ORIENTED_EDGE ( 'NONE', *, *, #3451, .F. ) ;
#839 = PLANE ( 'NONE',  #4123 ) ;
#840 = DIRECTION ( 'NONE',  ( 0.000000000000000000, 0.000000000000000000, -1.000000000000000000 ) ) ;
#841 = EDGE_CURVE ( 'NONE', #3684, #5028, #2348, .T. ) ;
#842 = VERTEX_POINT ( 'NONE', #1501 ) ;
#843 = AXIS2_PLACEMENT_3D ( 'NONE', #1556, #5381, #2350 ) ;
#844 = EDGE_CURVE ( 'NONE', #1546, #276, #665, .T. ) ;
#845 = VERTEX_POINT ( 'NONE', #1911 ) ;
#846 = EDGE_LOOP ( 'NONE', ( #5445, #2532, #5036, #253, #1625, #901, #1662 ) ) ;
#847 = VERTEX_POINT ( 'NONE', #4024 ) ;
#848 = LINE ( 'NONE', #2158, #5122 ) ;
#849 = LINE ( 'NONE', #4719, #1022 ) ;
#850 = FACE_OUTER_BOUND ( 'NONE', #3832, .T. ) ;
#851 = CARTESIAN_POINT ( 'NONE',  ( -20.83047676592300945, 3.000000000000000000, -2.753438442757897509 ) ) ;
#852 = DIRECTION ( 'NONE',  ( 0.000000000000000000, 1.000000000000000000, 0.000000000000000000 ) ) ;
#853 = EDGE_LOOP ( 'NONE', ( #5462, #3004, #2435, #4621, #3203 ) ) ;
#854 = VERTEX_POINT ( 'NONE', #4048 ) ;
#855 = CARTESIAN_POINT ( 'NONE',  ( -5.715227448603458882, 0.000000000000000000, -1.686743650351870905 ) ) ;
#856 = CARTESIAN_POINT ( 'NONE',  ( 7.580300352123007457, 2.500000000000000000, -9.871292541587783020 ) ) ;
#857 = DIRECTION ( 'NONE',  ( -0.000000000000000000, -1.000000000000000000, -0.000000000000000000 ) ) ;
#858 = CARTESIAN_POINT ( 'NONE',  ( 10.13314603802952441, 0.000000000000000000, 20.70338016731876962 ) ) ;
#859 = B_SPLINE_SURFACE_WITH_KNOTS ( 'NONE', 3, 1, ( 
 ( #4393, #1865 ),
 ( #572, #3985 ),
 ( #161, #5249 ),
 ( #2514, #701 ) ),
 .UNSPECIFIED., .F., .F., .F.,
 ( 4, 4 ),
 ( 2, 2 ),
 ( 0.000000000000000000, 0.8486784659455791635 ),
 ( 0.000000000000000000, 1.000000000000000000 ),
 .UNSPECIFIED. ) ;
#860 = ORIENTED_EDGE ( 'NONE', *, *, #4606, .T. ) ;
#861 = EDGE_CURVE ( 'NONE', #1991, #893, #3607, .T. ) ;
#862 = CARTESIAN_POINT ( 'NONE',  ( 12.72181552248472158, 1.000000000000000000, 10.52799211679327840 ) ) ;
#863 = CARTESIAN_POINT ( 'NONE',  ( 22.12664025354769493, 0.000000000000000000, 5.322686877675568695 ) ) ;
#864 = B_SPLINE_CURVE_WITH_KNOTS ( 'NONE', 3,
 ( #2304, #3119, #2640, #546 ),
 .UNSPECIFIED., .F., .F.,
 ( 4, 4 ),
 ( 0.000000000000000000, 1.000000000000000000 ),
 .UNSPECIFIED. ) ;
#865 = ORIENTED_EDGE ( 'NONE', *, *, #1056, .T. ) ;
#866 = CARTESIAN_POINT ( 'NONE',  ( 0.000000000000000000, 0.000000000000000000, 0.000000000000000000 ) ) ;
#867 = LINE ( 'NONE', #2129, #5073 ) ;
#868 = EDGE_LOOP ( 'NONE', ( #4069, #2971, #486, #18, #1989 ) ) ;
#869 = DIRECTION ( 'NONE',  ( -0.000000000000000000, -1.000000000000000000, -0.000000000000000000 ) ) ;
#870 = VERTEX_POINT ( 'NONE', #3210 ) ;
#871 = VECTOR ( 'NONE', #1222, 1000.000000000000000 ) ;
#872 = EDGE_CURVE ( 'NONE', #1180, #4817, #2963, .T. ) ;
#873 = EDGE_LOOP ( 'NONE', ( #1680, #215, #972, #1425 ) ) ;
#874 = EDGE_CURVE ( 'NONE', #2383, #4484, #369, .T. ) ;
#875 = CARTESIAN_POINT ( 'NONE',  ( 9.132379896515594453, 1.000000000000000000, 20.53475216635451162 ) ) ;
#876 = PLANE ( 'NONE',  #3157 ) ;
#877 = DIRECTION ( 'NONE',  ( 0.000000000000000000, 0.000000000000000000, 1.000000000000000000 ) ) ;
#878 = EDGE_CURVE ( 'NONE', #1622, #2591, #2729, .T. ) ;
#879 = CYLINDRICAL_SURFACE ( 'NONE', #3856, 0.4999999999999970024 ) ;
#880 = ORIENTED_EDGE ( 'NONE', *, *, #2243, .T. ) ;
#881 = VECTOR ( 'NONE', #3509, 1000.000000000000000 ) ;
#882 = FACE_OUTER_BOUND ( 'NONE', #3399, .T. ) ;
#883 = AXIS2_PLACEMENT_3D ( 'NONE', #2692, #2251, #3665 ) ;
#884 = CARTESIAN_POINT ( 'NONE',  ( 8.181993972766075984, 1.000000000000000000, 21.33543234617980033 ) ) ;
#885 = CARTESIAN_POINT ( 'NONE',  ( -2.545144991300694048, 4.500000000000000000, -21.85228219141554717 ) ) ;
#886 = DIRECTION ( 'NONE',  ( 0.000000000000000000, 0.000000000000000000, -1.000000000000000000 ) ) ;
#887 = CARTESIAN_POINT ( 'NONE',  ( -22.70270316923259912, 3.000000000000000000, 6.057451449112464026 ) ) ;
#888 = CARTESIAN_POINT ( 'NONE',  ( -22.59850676864272145, 3.000000000000000000, -6.669991051155196082 ) ) ;
#889 = CARTESIAN_POINT ( 'NONE',  ( -24.95605209363875687, 0.000000000000000000, 1.481709789259916477 ) ) ;
#890 = CYLINDRICAL_SURFACE ( 'NONE', #5490, 25.00000000000000000 ) ;
#891 = AXIS2_PLACEMENT_3D ( 'NONE', #4971, #4522, #3692 ) ;
#892 = CARTESIAN_POINT ( 'NONE',  ( -2.545144991300694048, 1.000000000000000000, -17.85228219141554717 ) ) ;
#893 = VERTEX_POINT ( 'NONE', #568 ) ;
#894 = EDGE_CURVE ( 'NONE', #2620, #2495, #5243, .T. ) ;
#895 = LINE ( 'NONE', #4685, #4755 ) ;
#896 = CARTESIAN_POINT ( 'NONE',  ( -24.99090489231199541, 3.000000000000000000, 0.6742941964872305460 ) ) ;
#898 = B_SPLINE_CURVE_WITH_KNOTS ( 'NONE', 3,
 ( #4139, #341, #4943, #1129, #2823 ),
 .UNSPECIFIED., .F., .F.,
 ( 4, 1, 4 ),
 ( 0.04467518613746099959, 0.6216862572798877995, 0.7943290605938991833 ),
 .UNSPECIFIED. ) ;
#897 = CIRCLE ( 'NONE', #5331, 3.182671588916524463 ) ;
#899 = EDGE_LOOP ( 'NONE', ( #4502, #1173, #3758, #75, #1779, #2832, #5433, #391, #2873, #689 ) ) ;
#900 = CARTESIAN_POINT ( 'NONE',  ( 0.000000000000000000, 1.000000000000000000, 0.000000000000000000 ) ) ;
#901 = ORIENTED_EDGE ( 'NONE', *, *, #5350, .F. ) ;
#902 = ORIENTED_EDGE ( 'NONE', *, *, #2011, .T. ) ;
#903 = AXIS2_PLACEMENT_3D ( 'NONE', #1331, #1470, #4065 ) ;
#904 = ORIENTED_EDGE ( 'NONE', *, *, #3058, .T. ) ;
#905 = PLANE ( 'NONE',  #4940 ) ;
#906 = B_SPLINE_SURFACE_WITH_KNOTS ( 'NONE', 3, 1, ( 
 ( #3517, #579 ),
 ( #3991, #2236 ),
 ( #624, #5286 ),
 ( #3101, #2285 ) ),
 .UNSPECIFIED., .F., .F., .F.,
 ( 4, 4 ),
 ( 2, 2 ),
 ( 0.000000000000000000, 0.7304312908433582274 ),
 ( 0.000000000000000000, 1.000000000000000000 ),
 .UNSPECIFIED. ) ;
#907 = ADVANCED_FACE ( 'NONE', ( #3979 ), #5319, .T. ) ;
#908 = CARTESIAN_POINT ( 'NONE',  ( 4.731879438547789363, 0.000000000000000000, 11.57648272281869062 ) ) ;
#909 = DIRECTION ( 'NONE',  ( 0.000000000000000000, 0.000000000000000000, 1.000000000000000000 ) ) ;
#910 = CARTESIAN_POINT ( 'NONE',  ( -2.545144991300694048, 5.000000000000000000, -17.85228219141554717 ) ) ;
#911 = ORIENTED_EDGE ( 'NONE', *, *, #5313, .F. ) ;
#912 = DIRECTION ( 'NONE',  ( -1.000000000000000000, 0.000000000000000000, -0.000000000000000000 ) ) ;
#913 = ORIENTED_EDGE ( 'NONE', *, *, #2454, .T. ) ;
#914 = CARTESIAN_POINT ( 'NONE',  ( 0.000000000000000000, 0.000000000000000000, 0.000000000000000000 ) ) ;
#915 = CARTESIAN_POINT ( 'NONE',  ( 8.683602733296879705, 4.500000000000000000, 20.31430022652780565 ) ) ;
#916 = DIRECTION ( 'NONE',  ( 0.000000000000000000, -1.000000000000000000, 0.000000000000000000 ) ) ;
#917 = VECTOR ( 'NONE', #4111, 1000.000000000000000 ) ;
#918 = EDGE_CURVE ( 'NONE', #3750, #2079, #1961, .T. ) ;
#919 = VECTOR ( 'NONE', #3575, 1000.000000000000000 ) ;
#920 = DIRECTION ( 'NONE',  ( -0.000000000000000000, -1.000000000000000000, -0.000000000000000000 ) ) ;
#921 = VERTEX_POINT ( 'NONE', #2272 ) ;
#922 = FACE_OUTER_BOUND ( 'NONE', #529, .T. ) ;
#923 = CARTESIAN_POINT ( 'NONE',  ( 8.541872338488508021, 1.000000000000000000, 8.976985026505511556 ) ) ;
#924 = CIRCLE ( 'NONE', #4908, 26.49999999999999645 ) ;
#925 = CARTESIAN_POINT ( 'NONE',  ( 7.664706846501578852, 0.000000000000000000, 9.666371890521228138 ) ) ;
#926 = ORIENTED_EDGE ( 'NONE', *, *, #4011, .T. ) ;
#927 = CARTESIAN_POINT ( 'NONE',  ( -5.497424232654923415, 4.500000000000000000, -0.1870948220882694968 ) ) ;
#928 = DIRECTION ( 'NONE',  ( 0.000000000000000000, 1.000000000000000000, 0.000000000000000000 ) ) ;
#929 = DIRECTION ( 'NONE',  ( 0.000000000000000000, 0.000000000000000000, 1.000000000000000000 ) ) ;
#930 = ORIENTED_EDGE ( 'NONE', *, *, #1469, .F. ) ;
#931 = VECTOR ( 'NONE', #3074, 1000.000000000000000 ) ;
#932 = ORIENTED_EDGE ( 'NONE', *, *, #3312, .F. ) ;
#933 = CYLINDRICAL_SURFACE ( 'NONE', #2800, 0.2730065050555079420 ) ;
#934 = AXIS2_PLACEMENT_3D ( 'NONE', #3337, #404, #5474 ) ;
#935 = EDGE_CURVE ( 'NONE', #2188, #302, #3578, .T. ) ;
#936 = CARTESIAN_POINT ( 'NONE',  ( 10.66473688902862449, 1.000000000000000000, 6.689367874412658566 ) ) ;
#937 = EDGE_CURVE ( 'NONE', #4773, #4273, #3182, .T. ) ;
#938 = LINE ( 'NONE', #2186, #3635 ) ;
#939 = DIRECTION ( 'NONE',  ( 0.000000000000000000, 0.000000000000000000, -1.000000000000000000 ) ) ;
#940 = CIRCLE ( 'NONE', #133, 0.3659525352783322139 ) ;
#941 = ORIENTED_EDGE ( 'NONE', *, *, #4415, .T. ) ;
#942 = ORIENTED_EDGE ( 'NONE', *, *, #64, .F. ) ;
#943 = FACE_OUTER_BOUND ( 'NONE', #305, .T. ) ;
#944 = CARTESIAN_POINT ( 'NONE',  ( 6.315518787813969581, 0.000000000000000000, -0.7372257117265118564 ) ) ;
#945 = FACE_OUTER_BOUND ( 'NONE', #5453, .T. ) ;
#946 = CARTESIAN_POINT ( 'NONE',  ( -21.83540119763030418, 3.000000000000000000, 5.725833956877303343 ) ) ;
#947 = ORIENTED_EDGE ( 'NONE', *, *, #2161, .F. ) ;
#948 = ADVANCED_FACE ( 'NONE', ( #4576 ), #3773, .T. ) ;
#949 = DIRECTION ( 'NONE',  ( 0.000000000000000000, 0.000000000000000000, 1.000000000000000000 ) ) ;
#950 = DIRECTION ( 'NONE',  ( -0.000000000000000000, -1.000000000000000000, -0.000000000000000000 ) ) ;
#951 = FACE_OUTER_BOUND ( 'NONE', #1735, .T. ) ;
#952 = CARTESIAN_POINT ( 'NONE',  ( -144.0637089102034736, 3.000000000000000000, 10.30031147355660082 ) ) ;
#953 = CARTESIAN_POINT ( 'NONE',  ( -24.99090489231199896, 3.000000000000000000, 0.6742941964872306571 ) ) ;
#954 = AXIS2_PLACEMENT_3D ( 'NONE', #1040, #2402, #3649 ) ;
#955 = B_SPLINE_SURFACE_WITH_KNOTS ( 'NONE', 3, 1, ( 
 ( #4326, #130 ),
 ( #2141, #1757 ),
 ( #3841, #3394 ),
 ( #3424, #5167 ),
 ( #5080, #3866 ) ),
 .UNSPECIFIED., .F., .F., .F.,
 ( 4, 1, 4 ),
 ( 2, 2 ),
 ( 0.2784031456550631334, 0.5155368386347486398, 1.000000000000000000 ),
 ( 0.000000000000000000, 1.000000000000000000 ),
 .UNSPECIFIED. ) ;
#956 = CARTESIAN_POINT ( 'NONE',  ( 18.51096771648515116, 0.000000000000000000, 11.64512715715398983 ) ) ;
#957 = CARTESIAN_POINT ( 'NONE',  ( -24.49963954926279186, 0.000000000000000000, -2.799928718192294053 ) ) ;
#958 = VERTEX_POINT ( 'NONE', #723 ) ;
#959 = ORIENTED_EDGE ( 'NONE', *, *, #3364, .F. ) ;
#960 = ORIENTED_EDGE ( 'NONE', *, *, #4782, .T. ) ;
#961 = DIRECTION ( 'NONE',  ( 0.000000000000000000, -0.000000000000000000, 1.000000000000000000 ) ) ;
#962 = DIRECTION ( 'NONE',  ( 0.000000000000000000, 0.000000000000000000, -1.000000000000000000 ) ) ;
#963 = AXIS2_PLACEMENT_3D ( 'NONE', #2430, #298, #1926 ) ;
#964 = EDGE_CURVE ( 'NONE', #3274, #4178, #114, .T. ) ;
#965 = VERTEX_POINT ( 'NONE', #1554 ) ;
#966 = DIRECTION ( 'NONE',  ( -1.000000000000000000, 0.000000000000000000, 0.000000000000000000 ) ) ;
#967 = ORIENTED_EDGE ( 'NONE', *, *, #3177, .F. ) ;
#968 = DIRECTION ( 'NONE',  ( -0.000000000000000000, -1.000000000000000000, 0.000000000000000000 ) ) ;
#969 = CARTESIAN_POINT ( 'NONE',  ( 10.66473688902862449, 0.000000000000000000, 6.689367874412658566 ) ) ;
#970 = DIRECTION ( 'NONE',  ( 0.000000000000000000, 0.000000000000000000, 1.000000000000000000 ) ) ;
#971 = AXIS2_PLACEMENT_3D ( 'NONE', #4243, #427, #3419 ) ;
#972 = ORIENTED_EDGE ( 'NONE', *, *, #1563, .T. ) ;
#973 = ORIENTED_EDGE ( 'NONE', *, *, #3568, .F. ) ;
#974 = CARTESIAN_POINT ( 'NONE',  ( -6.481246271067816700, 4.500000000000000000, -4.348841648811680116 ) ) ;
#975 = DIRECTION ( 'NONE',  ( 0.000000000000000000, 1.000000000000000000, 0.000000000000000000 ) ) ;
#976 = DIRECTION ( 'NONE',  ( 0.000000000000000000, 1.000000000000000000, 0.000000000000000000 ) ) ;
#977 = DIRECTION ( 'NONE',  ( 0.000000000000000000, 0.000000000000000000, -1.000000000000000000 ) ) ;
#978 = CARTESIAN_POINT ( 'NONE',  ( -20.44346529380014488, 3.000000000000000000, -5.643516752297248473 ) ) ;
#979 = EDGE_CURVE ( 'NONE', #185, #3871, #3690, .T. ) ;
#980 = EDGE_LOOP ( 'NONE', ( #1035, #4682, #1799, #1017 ) ) ;
#981 = LINE ( 'NONE', #3541, #2610 ) ;
#982 = DIRECTION ( 'NONE',  ( 0.000000000000000000, 0.000000000000000000, 1.000000000000000000 ) ) ;
#983 = ORIENTED_EDGE ( 'NONE', *, *, #1813, .T. ) ;
#984 = AXIS2_PLACEMENT_3D ( 'NONE', #763, #2915, #5111 ) ;
#985 = ORIENTED_EDGE ( 'NONE', *, *, #4141, .F. ) ;
#986 = CARTESIAN_POINT ( 'NONE',  ( 6.019248619458947402, 4.500000000000000000, 12.94208635066047641 ) ) ;
#987 = CIRCLE ( 'NONE', #3929, 0.3659525352783322139 ) ;
#988 = DIRECTION ( 'NONE',  ( 0.000000000000000000, 0.000000000000000000, 1.000000000000000000 ) ) ;
#989 = ORIENTED_EDGE ( 'NONE', *, *, #844, .F. ) ;
#990 = CARTESIAN_POINT ( 'NONE',  ( 8.252759015511520246, 4.500000000000000000, 22.32540895982710438 ) ) ;
#991 = ORIENTED_EDGE ( 'NONE', *, *, #2977, .T. ) ;
#992 = DIRECTION ( 'NONE',  ( 0.000000000000000000, 1.000000000000000000, 0.000000000000000000 ) ) ;
#993 = DIRECTION ( 'NONE',  ( 0.000000000000000000, 0.000000000000000000, 1.000000000000000000 ) ) ;
#994 = LINE ( 'NONE', #2300, #4878 ) ;
#995 = AXIS2_PLACEMENT_3D ( 'NONE', #1307, #4762, #2578 ) ;
#996 = CARTESIAN_POINT ( 'NONE',  ( 3.306546357697853339E-15, 0.000000000000000000, -26.49999999999999645 ) ) ;
#997 = DIRECTION ( 'NONE',  ( 0.000000000000000000, 0.000000000000000000, 1.000000000000000000 ) ) ;
#998 = CARTESIAN_POINT ( 'NONE',  ( 20.72043394585968201, 1.000000000000000000, 10.62746709492866692 ) ) ;
#999 =( LENGTH_UNIT ( ) NAMED_UNIT ( * ) SI_UNIT ( .MILLI., .METRE. ) );
#1000 = EDGE_CURVE ( 'NONE', #4933, #4824, #4023, .T. ) ;
#1001 = DIRECTION ( 'NONE',  ( -1.000000000000000000, 0.000000000000000000, 0.000000000000000000 ) ) ;
#1002 = ORIENTED_EDGE ( 'NONE', *, *, #2414, .T. ) ;
#1003 = DIRECTION ( 'NONE',  ( 0.2931899571800254400, 0.000000000000000000, 0.9560542081957354998 ) ) ;
#1004 = VECTOR ( 'NONE', #3868, 1000.000000000000114 ) ;
#1005 = AXIS2_PLACEMENT_3D ( 'NONE', #2087, #2936, #366 ) ;
#1006 = PLANE ( 'NONE',  #1369 ) ;
#1007 = LINE ( 'NONE', #2315, #2100 ) ;
#1008 = CARTESIAN_POINT ( 'NONE',  ( -4.578259486569354664, 0.000000000000000000, 6.214183815979186676 ) ) ;
#1009 = ORIENTED_EDGE ( 'NONE', *, *, #2418, .T. ) ;
#1010 = VERTEX_POINT ( 'NONE', #1234 ) ;
#1011 = EDGE_CURVE ( 'NONE', #1114, #1562, #4631, .T. ) ;
#1012 = EDGE_CURVE ( 'NONE', #3754, #3373, #813, .T. ) ;
#1013 = CARTESIAN_POINT ( 'NONE',  ( -9.775294961015209338, 0.000000000000000000, -6.558496289193043616 ) ) ;
#1014 = VECTOR ( 'NONE', #2615, 1000.000000000000000 ) ;
#1015 = CARTESIAN_POINT ( 'NONE',  ( -6.775050528895626201, 0.000000000000000000, 2.276251975912782832 ) ) ;
#1016 = EDGE_LOOP ( 'NONE', ( #4293, #880, #1232, #2684, #119, #728, #5048, #5007, #2453, #4902 ) ) ;
#1017 = ORIENTED_EDGE ( 'NONE', *, *, #3081, .F. ) ;
#1018 = CARTESIAN_POINT ( 'NONE',  ( 4.904254214923192912, 4.500000000000000000, 24.51424668627221592 ) ) ;
#1019 = ORIENTED_EDGE ( 'NONE', *, *, #2703, .T. ) ;
#1020 = DIRECTION ( 'NONE',  ( 0.000000000000000000, 0.000000000000000000, -1.000000000000000000 ) ) ;
#1021 = LINE ( 'NONE', #5140, #4622 ) ;
#1022 = VECTOR ( 'NONE', #14, 1000.000000000000114 ) ;
#1023 = LINE ( 'NONE', #3091, #2735 ) ;
#1024 = DIRECTION ( 'NONE',  ( -0.1277329257986702660, 0.000000000000000000, 0.9918086003190894617 ) ) ;
#1025 = LINE ( 'NONE', #3217, #5352 ) ;
#1026 = CARTESIAN_POINT ( 'NONE',  ( -10.09518526481079093, 4.500000000000000000, -18.30575936735778342 ) ) ;
#1027 = CARTESIAN_POINT ( 'NONE',  ( 19.44313117405898694, 1.000000000000000000, 11.20277310799648163 ) ) ;
#1028 = LINE ( 'NONE', #2256, #799 ) ;
#1029 = CARTESIAN_POINT ( 'NONE',  ( -1.029131094277796477, 4.500000000000000000, 9.300529062093231047 ) ) ;
#1030 = CARTESIAN_POINT ( 'NONE',  ( 11.43590431189925916, 0.000000000000000000, -9.871292541587784797 ) ) ;
#1031 = VERTEX_POINT ( 'NONE', #2934 ) ;
#1032 = EDGE_CURVE ( 'NONE', #1910, #2150, #1530, .T. ) ;
#1033 = DIRECTION ( 'NONE',  ( -0.000000000000000000, -1.000000000000000000, -0.000000000000000000 ) ) ;
#1034 = DIRECTION ( 'NONE',  ( 0.000000000000000000, 0.000000000000000000, -1.000000000000000000 ) ) ;
#1035 = ORIENTED_EDGE ( 'NONE', *, *, #3651, .T. ) ;
#1036 = ORIENTED_EDGE ( 'NONE', *, *, #288, .T. ) ;
#1037 = CARTESIAN_POINT ( 'NONE',  ( -14.30522586326296519, 3.000000000000000000, -9.350571778467759998 ) ) ;
#1038 = UNCERTAINTY_MEASURE_WITH_UNIT (LENGTH_MEASURE( 1.000000000000000082E-05 ), #1153, 'distance_accuracy_value', 'NONE');
#1039 = EDGE_CURVE ( 'NONE', #3046, #3768, #2508, .T. ) ;
#1040 = CARTESIAN_POINT ( 'NONE',  ( -3.350751102568133355, 4.500000000000000000, -5.914089233061559092 ) ) ;
#1041 = VERTEX_POINT ( 'NONE', #5050 ) ;
#1042 = ORIENTED_EDGE ( 'NONE', *, *, #2381, .T. ) ;
#1043 = LINE ( 'NONE', #2683, #3982 ) ;
#1044 = DIRECTION ( 'NONE',  ( 0.000000000000000000, 0.000000000000000000, 1.000000000000000000 ) ) ;
#1045 = CARTESIAN_POINT ( 'NONE',  ( -144.0637089102034736, 3.000000000000000000, -3.160283313392068916 ) ) ;
#1046 = EDGE_CURVE ( 'NONE', #3937, #965, #2875, .T. ) ;
#1047 = EDGE_CURVE ( 'NONE', #5432, #4541, #5351, .T. ) ;
#1048 = DIRECTION ( 'NONE',  ( -0.000000000000000000, -1.000000000000000000, -0.000000000000000000 ) ) ;
#1049 = LINE ( 'NONE', #211, #1402 ) ;
#1050 = CARTESIAN_POINT ( 'NONE',  ( -0.2709644889622301323, 1.000000000000000000, 5.379253647981006914 ) ) ;
#1051 = LINE ( 'NONE', #2307, #3519 ) ;
#1052 = VERTEX_POINT ( 'NONE', #3241 ) ;
#1053 = CARTESIAN_POINT ( 'NONE',  ( 22.02246167943492594, 1.000000000000000000, -11.83263206466847350 ) ) ;
#1054 = VECTOR ( 'NONE', #4580, 1000.000000000000227 ) ;
#1055 = DIRECTION ( 'NONE',  ( -0.000000000000000000, -1.000000000000000000, -0.000000000000000000 ) ) ;
#1056 = EDGE_CURVE ( 'NONE', #378, #1108, #5465, .T. ) ;
#1057 = VERTEX_POINT ( 'NONE', #3327 ) ;
#1058 = CARTESIAN_POINT ( 'NONE',  ( -11.12255427434644162, 4.000000000000000000, 19.03607156908305953 ) ) ;
#1059 = DIRECTION ( 'NONE',  ( 0.000000000000000000, 1.000000000000000000, 0.000000000000000000 ) ) ;
#1060 = EDGE_CURVE ( 'NONE', #2023, #99, #2504, .T. ) ;
#1061 = VECTOR ( 'NONE', #3397, 1000.000000000000000 ) ;
#1062 = ORIENTED_EDGE ( 'NONE', *, *, #4602, .F. ) ;
#1063 = CARTESIAN_POINT ( 'NONE',  ( 8.692144346554449896, 1.000000000000000000, 20.29770225483711243 ) ) ;
#1064 = ADVANCED_FACE ( 'NONE', ( #2024 ), #1642, .F. ) ;
#1065 = VERTEX_POINT ( 'NONE', #1121 ) ;
#1066 = ORIENTED_EDGE ( 'NONE', *, *, #1434, .F. ) ;
#1067 = EDGE_CURVE ( 'NONE', #2637, #2188, #4519, .T. ) ;
#1068 = CARTESIAN_POINT ( 'NONE',  ( 6.581252292095510548, 4.500000000000000000, 17.89014904444652387 ) ) ;
#1069 = LINE ( 'NONE', #1532, #3740 ) ;
#1070 = AXIS2_PLACEMENT_3D ( 'NONE', #237, #3668, #4975 ) ;
#1071 = DIRECTION ( 'NONE',  ( -1.000000000000000000, 0.000000000000000000, -0.000000000000000000 ) ) ;
#1072 = EDGE_CURVE ( 'NONE', #147, #2868, #2386, .T. ) ;
#1073 = CARTESIAN_POINT ( 'NONE',  ( -144.0637089102034736, 0.000000000000000000, 10.30031147355659904 ) ) ;
#1074 = CARTESIAN_POINT ( 'NONE',  ( -7.585942171169770987, 4.500000000000000000, -16.38336815392723977 ) ) ;
#1075 = DIRECTION ( 'NONE',  ( 0.000000000000000000, 0.000000000000000000, -1.000000000000000000 ) ) ;
#1076 = LINE ( 'NONE', #1484, #5373 ) ;
#1077 = EDGE_CURVE ( 'NONE', #2003, #583, #629, .T. ) ;
#1078 = ORIENTED_EDGE ( 'NONE', *, *, #2276, .T. ) ;
#1079 = DIRECTION ( 'NONE',  ( 0.000000000000000000, 0.000000000000000000, 1.000000000000000000 ) ) ;
#1080 = DIRECTION ( 'NONE',  ( 0.000000000000000000, 0.000000000000000000, 1.000000000000000000 ) ) ;
#1081 = CARTESIAN_POINT ( 'NONE',  ( -22.59850676864272145, 3.000000000000000000, -6.669991051155196082 ) ) ;
#1082 = AXIS2_PLACEMENT_3D ( 'NONE', #885, #2575, #1213 ) ;
#1083 = ORIENTED_EDGE ( 'NONE', *, *, #1237, .F. ) ;
#1084 = AXIS2_PLACEMENT_3D ( 'NONE', #1204, #753, #4550 ) ;
#1085 = VECTOR ( 'NONE', #3931, 1000.000000000000000 ) ;
#1086 = CARTESIAN_POINT ( 'NONE',  ( 13.06566235224200057, 1.000000000000000000, 7.369918219744475252 ) ) ;
#1087 = EDGE_LOOP ( 'NONE', ( #595, #5268, #1199, #54, #2995, #5147, #3850, #3689 ) ) ;
#1088 = EDGE_LOOP ( 'NONE', ( #4893, #4649, #660, #2445 ) ) ;
#1089 = CARTESIAN_POINT ( 'NONE',  ( 9.596856419122598680, 0.000000000000000000, -12.88509967934814959 ) ) ;
#1090 = ORIENTED_EDGE ( 'NONE', *, *, #2145, .F. ) ;
#1091 = EDGE_CURVE ( 'NONE', #2495, #3893, #3836, .T. ) ;
#1092 = VERTEX_POINT ( 'NONE', #4601 ) ;
#1093 = LINE ( 'NONE', #2325, #548 ) ;
#1094 = CARTESIAN_POINT ( 'NONE',  ( -9.319232372904995287, 0.000000000000000000, -5.634559815357672363 ) ) ;
#1095 = DIRECTION ( 'NONE',  ( -0.000000000000000000, -1.000000000000000000, -0.000000000000000000 ) ) ;
#1096 = DIRECTION ( 'NONE',  ( -0.9739649296424504055, 0.000000000000000000, 0.2266987336236721551 ) ) ;
#1097 = B_SPLINE_CURVE_WITH_KNOTS ( 'NONE', 3,
 ( #5059, #1133, #4530, #318 ),
 .UNSPECIFIED., .F., .F.,
 ( 4, 4 ),
 ( 0.000000000000000000, 0.6536719379264279706 ),
 .UNSPECIFIED. ) ;
#1098 = VERTEX_POINT ( 'NONE', #4294 ) ;
#1099 = DIRECTION ( 'NONE',  ( -0.000000000000000000, -1.000000000000000000, -0.000000000000000000 ) ) ;
#1100 = CARTESIAN_POINT ( 'NONE',  ( -2.897167792994918667, 3.500000000000000000, -0.6772755380457134988 ) ) ;
#1101 = CARTESIAN_POINT ( 'NONE',  ( 9.222665591862050150, 4.500000000000000000, 19.31244851355156911 ) ) ;
#1102 = CIRCLE ( 'NONE', #5198, 3.499999999999995559 ) ;
#1103 = LINE ( 'NONE', #4869, #4612 ) ;
#1104 = VERTEX_POINT ( 'NONE', #2184 ) ;
#1105 = EDGE_CURVE ( 'NONE', #2008, #1261, #4230, .T. ) ;
#1106 = DIRECTION ( 'NONE',  ( -0.9951342646298164674, 0.000000000000000000, 0.09852814501285597770 ) ) ;
#1107 = DIRECTION ( 'NONE',  ( -0.1277329257986702660, 0.000000000000000000, 0.9918086003190894617 ) ) ;
#1108 = VERTEX_POINT ( 'NONE', #4319 ) ;
#1109 = ORIENTED_EDGE ( 'NONE', *, *, #4546, .T. ) ;
#1110 = DIRECTION ( 'NONE',  ( -0.000000000000000000, -1.000000000000000000, -0.000000000000000000 ) ) ;
#1111 = ORIENTED_EDGE ( 'NONE', *, *, #4346, .F. ) ;
#1112 = AXIS2_PLACEMENT_3D ( 'NONE', #2534, #1347, #3495 ) ;
#1113 = DIRECTION ( 'NONE',  ( -0.000000000000000000, -1.000000000000000000, -0.000000000000000000 ) ) ;
#1114 = VERTEX_POINT ( 'NONE', #3079 ) ;
#1115 = CARTESIAN_POINT ( 'NONE',  ( 2.185563760241189701, 5.000000000000000000, -23.47104551818233276 ) ) ;
#1116 = CIRCLE ( 'NONE', #4233, 0.3659525352783322139 ) ;
#1117 = ORIENTED_EDGE ( 'NONE', *, *, #252, .T. ) ;
#1118 = ORIENTED_EDGE ( 'NONE', *, *, #5393, .T. ) ;
#1119 = FACE_OUTER_BOUND ( 'NONE', #2520, .T. ) ;
#1120 = AXIS2_PLACEMENT_3D ( 'NONE', #990, #3606, #4859 ) ;
#1121 = CARTESIAN_POINT ( 'NONE',  ( 5.990939753984542371, 0.000000000000000000, 18.99158858756756985 ) ) ;
#1122 = FACE_OUTER_BOUND ( 'NONE', #1828, .T. ) ;
#1123 = LINE ( 'NONE', #2819, #608 ) ;
#1124 = EDGE_CURVE ( 'NONE', #5065, #1202, #1693, .T. ) ;
#1125 = DIRECTION ( 'NONE',  ( -0.000000000000000000, -1.000000000000000000, 0.000000000000000000 ) ) ;
#1126 = LINE ( 'NONE', #3216, #1054 ) ;
#1127 = ORIENTED_EDGE ( 'NONE', *, *, #4275, .T. ) ;
#1128 = EDGE_LOOP ( 'NONE', ( #4450, #273 ) ) ;
#1129 = CARTESIAN_POINT ( 'NONE',  ( 14.89331041442341963, 1.694065894508600678E-18, 19.25297561011894842 ) ) ;
#1130 = DIRECTION ( 'NONE',  ( -0.4472135954999569840, 0.000000000000000000, -0.8944271909999162995 ) ) ;
#1131 = CARTESIAN_POINT ( 'NONE',  ( -9.319232372904995287, 0.000000000000000000, -3.160283313392068916 ) ) ;
#1132 = DIRECTION ( 'NONE',  ( 0.000000000000000000, 1.000000000000000000, 0.000000000000000000 ) ) ;
#1133 = CARTESIAN_POINT ( 'NONE',  ( -8.252979104027300394, 3.000000000000000000, -2.878459318410601764 ) ) ;
#1134 = EDGE_LOOP ( 'NONE', ( #2672, #3634, #2808, #5165 ) ) ;
#1135 = DIRECTION ( 'NONE',  ( 0.000000000000000000, 1.000000000000000000, 0.000000000000000000 ) ) ;
#1136 = ORIENTED_EDGE ( 'NONE', *, *, #4295, .F. ) ;
#1137 = DIRECTION ( 'NONE',  ( -0.000000000000000000, -1.000000000000000000, -0.000000000000000000 ) ) ;
#1138 = EDGE_CURVE ( 'NONE', #2195, #4657, #3916, .T. ) ;
#1139 = CARTESIAN_POINT ( 'NONE',  ( 9.596856419122598680, 1.000000000000000000, -17.19547297438925071 ) ) ;
#1140 = PRODUCT ( '\X2\5c714e1c804a57ce94a553196263\X0\', '\X2\5c714e1c804a57ce94a553196263\X0\', '', ( #2908 ) ) ;
#1141 = VERTEX_POINT ( 'NONE', #3050 ) ;
#1142 = EDGE_LOOP ( 'NONE', ( #904, #3650, #3368, #5491, #2871, #2597, #3503, #4289 ) ) ;
#1143 = CIRCLE ( 'NONE', #2107, 3.499999999999995559 ) ;
#1144 = VECTOR ( 'NONE', #1217, 1000.000000000000000 ) ;
#1145 = CARTESIAN_POINT ( 'NONE',  ( -22.59850676864272145, 0.000000000000000000, -6.669991051155196082 ) ) ;
#1146 = ORIENTED_EDGE ( 'NONE', *, *, #4505, .F. ) ;
#1147 = EDGE_CURVE ( 'NONE', #670, #4628, #4683, .T. ) ;
#1148 = ORIENTED_EDGE ( 'NONE', *, *, #1535, .T. ) ;
#1149 = ORIENTED_EDGE ( 'NONE', *, *, #1964, .T. ) ;
#1150 = ORIENTED_EDGE ( 'NONE', *, *, #3967, .F. ) ;
#1151 = DIRECTION ( 'NONE',  ( -0.2931899571800254400, 0.000000000000000000, -0.9560542081957354998 ) ) ;
#1152 = LINE ( 'NONE', #2847, #2241 ) ;
#1153 =( LENGTH_UNIT ( ) NAMED_UNIT ( * ) SI_UNIT ( .MILLI., .METRE. ) );
#1154 = VECTOR ( 'NONE', #4552, 1000.000000000000000 ) ;
#1155 = AXIS2_PLACEMENT_3D ( 'NONE', #4556, #400, #2449 ) ;
#1156 = ORIENTED_EDGE ( 'NONE', *, *, #3185, .T. ) ;
#1157 = DIRECTION ( 'NONE',  ( 0.000000000000000000, 0.000000000000000000, -1.000000000000000000 ) ) ;
#1160 = B_SPLINE_CURVE_WITH_KNOTS ( 'NONE', 3,
 ( #3501, #5190, #1805, #5210 ),
 .UNSPECIFIED., .F., .F.,
 ( 4, 4 ),
 ( 0.000000000000000000, 0.4834672425474228485 ),
 .UNSPECIFIED. ) ;
#1159 = LINE ( 'NONE', #2824, #3139 ) ;
#1158 = COLOUR_RGB ( '',0.7921568627450980005, 0.8196078431372548767, 0.9333333333333333481 ) ;
#1161 = CARTESIAN_POINT ( 'NONE',  ( -22.68422853593582289, 3.000000000000000000, 7.579552007672155867 ) ) ;
#1162 = B_SPLINE_CURVE_WITH_KNOTS ( 'NONE', 3,
 ( #5041, #5269, #635, #1863 ),
 .UNSPECIFIED., .F., .F.,
 ( 4, 4 ),
 ( 0.000000000000000000, 0.6536719379264840368 ),
 .UNSPECIFIED. ) ;
#1163 = CARTESIAN_POINT ( 'NONE',  ( -9.650727581598697924, 0.000000000000000000, -12.02087610469260603 ) ) ;
#1164 = EDGE_CURVE ( 'NONE', #1984, #2724, #5186, .T. ) ;
#1165 = ORIENTED_EDGE ( 'NONE', *, *, #3219, .F. ) ;
#1166 = CIRCLE ( 'NONE', #4729, 0.4999999999999987232 ) ;
#1167 = PLANE ( 'NONE',  #3802 ) ;
#1168 = ORIENTED_EDGE ( 'NONE', *, *, #5045, .F. ) ;
#1169 = ADVANCED_FACE ( 'NONE', ( #4718 ), #905, .T. ) ;
#1170 = CARTESIAN_POINT ( 'NONE',  ( -5.926223190590107492, 2.000000000000000000, 10.30031147355659904 ) ) ;
#1171 = EDGE_CURVE ( 'NONE', #1562, #2153, #2257, .T. ) ;
#1172 = ORIENTED_EDGE ( 'NONE', *, *, #355, .F. ) ;
#1173 = ORIENTED_EDGE ( 'NONE', *, *, #313, .T. ) ;
#1174 =( GEOMETRIC_REPRESENTATION_CONTEXT ( 3 ) GLOBAL_UNCERTAINTY_ASSIGNED_CONTEXT ( ( #1038 ) ) GLOBAL_UNIT_ASSIGNED_CONTEXT ( ( #1153, #3579, #5496 ) ) REPRESENTATION_CONTEXT ( 'NONE', 'WORKASPACE' ) );
#1175 = DIRECTION ( 'NONE',  ( 0.000000000000000000, 1.000000000000000000, 0.000000000000000000 ) ) ;
#1176 = ORIENTED_EDGE ( 'NONE', *, *, #499, .F. ) ;
#1177 = CARTESIAN_POINT ( 'NONE',  ( -6.775050528895626201, 0.000000000000000000, 10.30031147355660082 ) ) ;
#1178 = ORIENTED_EDGE ( 'NONE', *, *, #1384, .F. ) ;
#1179 = ADVANCED_FACE ( 'NONE', ( #65 ), #2593, .T. ) ;
#1180 = VERTEX_POINT ( 'NONE', #4691 ) ;
#1181 = CIRCLE ( 'NONE', #201, 0.2730065050555079420 ) ;
#1182 = CARTESIAN_POINT ( 'NONE',  ( 0.000000000000000000, 0.000000000000000000, 0.000000000000000000 ) ) ;
#1183 = DIRECTION ( 'NONE',  ( 0.000000000000000000, 0.000000000000000000, 1.000000000000000000 ) ) ;
#1184 = CARTESIAN_POINT ( 'NONE',  ( -10.09518526481079093, 4.500000000000000000, -18.30575936735778342 ) ) ;
#1185 = EDGE_LOOP ( 'NONE', ( #4016, #2681, #772, #8 ) ) ;
#1186 = CARTESIAN_POINT ( 'NONE',  ( 4.731879438547789363, 4.500000000000000000, 11.57648272281869062 ) ) ;
#1187 = CARTESIAN_POINT ( 'NONE',  ( -144.0637089102034736, 3.000000000000000000, -5.634559815357672363 ) ) ;
#1188 = DIRECTION ( 'NONE',  ( -0.8840949402949328517, 0.000000000000000000, 0.4673073255844585883 ) ) ;
#1189 = ORIENTED_EDGE ( 'NONE', *, *, #1342, .T. ) ;
#1190 = VECTOR ( 'NONE', #4402, 1000.000000000000000 ) ;
#1191 = CARTESIAN_POINT ( 'NONE',  ( -23.93708581463721785, 3.000000000000000000, 2.115384648866358575 ) ) ;
#1192 = ORIENTED_EDGE ( 'NONE', *, *, #5359, .F. ) ;
#1193 = DIRECTION ( 'NONE',  ( 0.000000000000000000, 0.000000000000000000, -1.000000000000000000 ) ) ;
#1194 = DIRECTION ( 'NONE',  ( 0.000000000000000000, 1.000000000000000000, -0.000000000000000000 ) ) ;
#1195 = CIRCLE ( 'NONE', #213, 0.3659525352783322139 ) ;
#1196 = EDGE_CURVE ( 'NONE', #4773, #4744, #848, .T. ) ;
#1197 = ORIENTED_EDGE ( 'NONE', *, *, #5260, .T. ) ;
#1198 = DIRECTION ( 'NONE',  ( 0.000000000000000000, 0.000000000000000000, 1.000000000000000000 ) ) ;
#1199 = ORIENTED_EDGE ( 'NONE', *, *, #5303, .F. ) ;
#1200 = ORIENTED_EDGE ( 'NONE', *, *, #2102, .F. ) ;
#1201 = B_SPLINE_CURVE_WITH_KNOTS ( 'NONE', 3,
 ( #3506, #4390, #4809, #3088 ),
 .UNSPECIFIED., .F., .F.,
 ( 4, 4 ),
 ( 0.000000000000000000, 0.7575364654276632859 ),
 .UNSPECIFIED. ) ;
#1202 = VERTEX_POINT ( 'NONE', #3886 ) ;
#1203 = EDGE_LOOP ( 'NONE', ( #5318, #4021, #159, #3057, #1197, #4066, #474, #3019, #4211 ) ) ;
#1204 = CARTESIAN_POINT ( 'NONE',  ( -7.098959706348536791, 0.000000000000000000, -16.49671752073908237 ) ) ;
#1205 = ADVANCED_FACE ( 'NONE', ( #5158 ), #1775, .T. ) ;
#1206 = CARTESIAN_POINT ( 'NONE',  ( -24.49963954926279186, 3.000000000000000000, -2.799928718192294053 ) ) ;
#1207 = CARTESIAN_POINT ( 'NONE',  ( 13.26969484178952996, 0.000000000000000000, -11.68990479761204071 ) ) ;
#1208 = CIRCLE ( 'NONE', #4320, 3.182671588916524463 ) ;
#1209 = ORIENTED_EDGE ( 'NONE', *, *, #2588, .T. ) ;
#1210 = ORIENTED_EDGE ( 'NONE', *, *, #5494, .F. ) ;
#1211 = EDGE_CURVE ( 'NONE', #3521, #1588, #2084, .T. ) ;
#1212 = CARTESIAN_POINT ( 'NONE',  ( -1.896515600355717091, 3.500000000000000000, 1.322724461954286168 ) ) ;
#1213 = DIRECTION ( 'NONE',  ( 0.000000000000000000, 0.000000000000000000, 1.000000000000000000 ) ) ;
#1214 = LINE ( 'NONE', #592, #2287 ) ;
#1215 = DIRECTION ( 'NONE',  ( 0.000000000000000000, 0.000000000000000000, 1.000000000000000000 ) ) ;
#1216 = EDGE_CURVE ( 'NONE', #1220, #3522, #2083, .T. ) ;
#1217 = DIRECTION ( 'NONE',  ( -0.8882176431559496432, 0.000000000000000000, -0.4594229188737650738 ) ) ;
#1218 = CARTESIAN_POINT ( 'NONE',  ( -16.70881255193826220, 3.000000000000000000, -7.047254688085166308 ) ) ;
#1219 = ORIENTED_EDGE ( 'NONE', *, *, #964, .T. ) ;
#1220 = VERTEX_POINT ( 'NONE', #1371 ) ;
#1221 = DIRECTION ( 'NONE',  ( 0.000000000000000000, 1.000000000000000000, 0.000000000000000000 ) ) ;
#1222 = DIRECTION ( 'NONE',  ( -0.4472135954999569840, 0.000000000000000000, -0.8944271909999162995 ) ) ;
#1223 = VECTOR ( 'NONE', #1571, 1000.000000000000000 ) ;
#1224 = DIRECTION ( 'NONE',  ( -2.541658815967189326E-14, 0.000000000000000000, 1.000000000000000000 ) ) ;
#1225 = ORIENTED_EDGE ( 'NONE', *, *, #582, .F. ) ;
#1226 = VERTEX_POINT ( 'NONE', #1669 ) ;
#1227 = CARTESIAN_POINT ( 'NONE',  ( -2.545144991300694048, 5.000000000000000000, -24.85228219141554717 ) ) ;
#1228 = DIRECTION ( 'NONE',  ( 0.000000000000000000, -0.000000000000000000, 1.000000000000000000 ) ) ;
#1229 = AXIS2_PLACEMENT_3D ( 'NONE', #2492, #4200, #2147 ) ;
#1230 = ADVANCED_FACE ( 'NONE', ( #3383 ), #933, .T. ) ;
#1231 = ORIENTED_EDGE ( 'NONE', *, *, #1631, .T. ) ;
#1232 = ORIENTED_EDGE ( 'NONE', *, *, #3774, .F. ) ;
#1233 = ORIENTED_EDGE ( 'NONE', *, *, #1665, .F. ) ;
#1234 = CARTESIAN_POINT ( 'NONE',  ( -10.09518526481079093, 0.000000000000000000, -18.30575936735778342 ) ) ;
#1235 = EDGE_CURVE ( 'NONE', #4749, #325, #5154, .T. ) ;
#1236 = CYLINDRICAL_SURFACE ( 'NONE', #388, 1.000000000000000888 ) ;
#1237 = EDGE_CURVE ( 'NONE', #5236, #3527, #1304, .T. ) ;
#1238 = DIRECTION ( 'NONE',  ( -0.000000000000000000, -1.000000000000000000, -0.000000000000000000 ) ) ;
#1239 = DIRECTION ( 'NONE',  ( -0.9602497285624924661, 0.000000000000000000, -0.2791423629542094109 ) ) ;
#1240 = ORIENTED_EDGE ( 'NONE', *, *, #1728, .T. ) ;
#1241 = EDGE_CURVE ( 'NONE', #2845, #3772, #3526, .T. ) ;
#1242 = ORIENTED_EDGE ( 'NONE', *, *, #3177, .T. ) ;
#1243 = CARTESIAN_POINT ( 'NONE',  ( 8.252759015511520246, 4.500000000000000000, 22.32540895982710438 ) ) ;
#1244 = FACE_OUTER_BOUND ( 'NONE', #4010, .T. ) ;
#1245 = FACE_OUTER_BOUND ( 'NONE', #484, .T. ) ;
#1246 = VECTOR ( 'NONE', #3980, 1000.000000000000114 ) ;
#1247 = DIRECTION ( 'NONE',  ( -0.8560644452749256450, 0.000000000000000000, -0.5168690990339178670 ) ) ;
#1248 = ORIENTED_EDGE ( 'NONE', *, *, #3312, .T. ) ;
#1249 = EDGE_CURVE ( 'NONE', #583, #2183, #121, .T. ) ;
#1250 = ORIENTED_EDGE ( 'NONE', *, *, #804, .F. ) ;
#1251 = LINE ( 'NONE', #834, #4607 ) ;
#1252 = EDGE_CURVE ( 'NONE', #2372, #4749, #3902, .T. ) ;
#1253 = CARTESIAN_POINT ( 'NONE',  ( -3.546159964238028373, 3.000000000000000000, 5.964271434009265960 ) ) ;
#1254 = AXIS2_PLACEMENT_3D ( 'NONE', #1758, #2747, #5290 ) ;
#1255 = ORIENTED_EDGE ( 'NONE', *, *, #1649, .T. ) ;
#1256 = CARTESIAN_POINT ( 'NONE',  ( 3.367778697655220913E-15, 4.000000000000000000, 27.49999999999999645 ) ) ;
#1257 = ORIENTED_EDGE ( 'NONE', *, *, #3548, .T. ) ;
#1258 = LINE ( 'NONE', #4206, #3867 ) ;
#1259 = DIRECTION ( 'NONE',  ( 0.000000000000000000, 0.000000000000000000, 1.000000000000000000 ) ) ;
#1260 = VERTEX_POINT ( 'NONE', #3846 ) ;
#1261 = VERTEX_POINT ( 'NONE', #2146 ) ;
#1262 = AXIS2_PLACEMENT_3D ( 'NONE', #4252, #50, #2172 ) ;
#1263 = ORIENTED_EDGE ( 'NONE', *, *, #5199, .F. ) ;
#1264 = EDGE_LOOP ( 'NONE', ( #4713, #3261, #941, #4661 ) ) ;
#1265 = DIRECTION ( 'NONE',  ( 1.000000000000000000, 0.000000000000000000, 3.469446951953581057E-15 ) ) ;
#1266 = CARTESIAN_POINT ( 'NONE',  ( -8.871328207209671746, 5.000000000000000000, -23.37305148755647721 ) ) ;
#1267 = CARTESIAN_POINT ( 'NONE',  ( 7.664706846895689374, 0.000000000000000000, 9.666371890211488349 ) ) ;
#1268 = PLANE ( 'NONE',  #4828 ) ;
#1269 = ADVANCED_FACE ( 'NONE', ( #922 ), #4308, .F. ) ;
#1270 = DIRECTION ( 'NONE',  ( -0.000000000000000000, -1.000000000000000000, -0.000000000000000000 ) ) ;
#1271 = VECTOR ( 'NONE', #2854, 1000.000000000000000 ) ;
#1272 = EDGE_LOOP ( 'NONE', ( #4181, #5020, #991, #4406 ) ) ;
#1273 = CIRCLE ( 'NONE', #1700, 0.5000000000000017764 ) ;
#1274 = VECTOR ( 'NONE', #1810, 1000.000000000000000 ) ;
#1275 = DIRECTION ( 'NONE',  ( 1.000000000000000000, 0.000000000000000000, -0.000000000000000000 ) ) ;
#1276 = CARTESIAN_POINT ( 'NONE',  ( -9.300823703819945720, 4.500000000000000000, -19.65400563306619475 ) ) ;
#1277 = CARTESIAN_POINT ( 'NONE',  ( 14.89331041442342141, 0.000000000000000000, 19.25297561011895198 ) ) ;
#1278 = FACE_OUTER_BOUND ( 'NONE', #2190, .T. ) ;
#1279 = CARTESIAN_POINT ( 'NONE',  ( -22.54897516563730875, 3.000000000000000000, -6.938466696431148328 ) ) ;
#1280 = EDGE_LOOP ( 'NONE', ( #1689, #3942, #2394, #4034, #5166 ) ) ;
#1281 = CARTESIAN_POINT ( 'NONE',  ( -6.729435140960856820, 3.000000000000000000, -5.963253377347656148 ) ) ;
#1282 = DIRECTION ( 'NONE',  ( 0.000000000000000000, 0.000000000000000000, 1.000000000000000000 ) ) ;
#1283 = VECTOR ( 'NONE', #4371, 1000.000000000000000 ) ;
#1284 = EDGE_CURVE ( 'NONE', #2383, #2052, #3214, .T. ) ;
#1285 = ORIENTED_EDGE ( 'NONE', *, *, #566, .F. ) ;
#1286 = CARTESIAN_POINT ( 'NONE',  ( 7.854976772875013502, 4.500000000000000000, 23.73392803346285973 ) ) ;
#1287 = CARTESIAN_POINT ( 'NONE',  ( -6.729435140853770037, 3.000000000000000000, -5.963253377085369067 ) ) ;
#1288 = ORIENTED_EDGE ( 'NONE', *, *, #2252, .T. ) ;
#1289 = CIRCLE ( 'NONE', #5370, 3.500000000000004885 ) ;
#1290 = CARTESIAN_POINT ( 'NONE',  ( -24.70470326844515085, 3.000000000000000000, -2.496827861790109626 ) ) ;
#1291 = ORIENTED_EDGE ( 'NONE', *, *, #5027, .F. ) ;
#1292 = ORIENTED_EDGE ( 'NONE', *, *, #1635, .T. ) ;
#1293 = CLOSED_SHELL ( 'NONE', ( #3951, #4823, #4084, #4108, #1, #4370, #4064, #4839, #2477, #1319, #1379, #342, #6, #4237, #1179, #2567, #2978, #4512, #2612, #310, #5160, #4401, #622, #2600, #1782, #4901, #3777, #3696, #3983, #2517, #2982, #4184, #2328, #2367, #3209, #1715, #2992, #1706, #1555, #581, #2837, #2771, #2877, #3580, #2898, #3500, #2636, #2870, #5430, #1473, #3026, #4410, #5341, #3558, #1797, #1525, #1644, #1800, #4176, #2122, #459, #5155, #206, #4194, #4851, #1941, #4028, #779, #515, #4847, #1205, #4366, #3597, #3093, #2796, #2644, #637, #3569, #1230, #4921, #5238, #3970, #5325, #516, #907, #476, #3796, #4202, #948, #2366, #2283, #2707, #3020, #5085, #4634, #5283, #1458, #2723, #2494, #1675, #762, #2527, #1064, #158, #3593, #4535, #1169, #4884, #4692, #3704, #2267, #2130, #1945, #4340, #1269, #3365, #3611, #2985, #5017, #3879, #5092, #3025, #3110, #4797, #3707, #3384, #4779, #648, #5363, #3317, #4210, #3602, #544, #750, #4439, #3293, #5143, #4957, #1802, #1573, #1559, #3901, #1603, #4655, #2298, #5012, #2373, #3289, #491, #1778, #1421, #3738 ) ) ;
#1294 = ORIENTED_EDGE ( 'NONE', *, *, #4705, .T. ) ;
#1295 = CARTESIAN_POINT ( 'NONE',  ( -24.99090489231199541, 0.000000000000000000, 0.6742941964872288807 ) ) ;
#1296 = LINE ( 'NONE', #3000, #5285 ) ;
#1297 = CARTESIAN_POINT ( 'NONE',  ( -9.069627121638404788, 4.500000000000000000, -21.89442399149044860 ) ) ;
#1298 = CARTESIAN_POINT ( 'NONE',  ( 24.96498347681703933, 5.000000000000000000, 1.322724461954286390 ) ) ;
#1299 = ORIENTED_EDGE ( 'NONE', *, *, #5260, .F. ) ;
#1300 = CARTESIAN_POINT ( 'NONE',  ( -2.998276344863465503, 1.000000000000000000, -4.693690156356719712 ) ) ;
#1301 = LINE ( 'NONE', #1276, #4113 ) ;
#1302 = CARTESIAN_POINT ( 'NONE',  ( -1.376359801839812214, 1.500000000000000000, -0.6772755380457134988 ) ) ;
#1303 = EDGE_CURVE ( 'NONE', #5176, #3340, #3957, .T. ) ;
#1304 = CIRCLE ( 'NONE', #405, 3.500000000000006661 ) ;
#1305 = B_SPLINE_CURVE_WITH_KNOTS ( 'NONE', 3,
 ( #2573, #3477, #2601, #2660 ),
 .UNSPECIFIED., .F., .F.,
 ( 4, 4 ),
 ( 0.000000000000000000, 0.9770361274419799846 ),
 .UNSPECIFIED. ) ;
#1306 = B_SPLINE_SURFACE_WITH_KNOTS ( 'NONE', 3, 1, ( 
 ( #3449, #3954 ),
 ( #4900, #4756 ),
 ( #2318, #944 ),
 ( #131, #969 ),
 ( #1086, #1781 ) ),
 .UNSPECIFIED., .F., .F., .F.,
 ( 4, 1, 4 ),
 ( 2, 2 ),
 ( 0.08816179552304061195, 0.4753927115854308938, 1.000000000000000000 ),
 ( 0.000000000000000000, 1.000000000000000000 ),
 .UNSPECIFIED. ) ;
#1307 = CARTESIAN_POINT ( 'NONE',  ( -14.30522586326296519, 4.000000000000000000, 19.03607156908305953 ) ) ;
#1308 = VECTOR ( 'NONE', #4460, 999.9999999999998863 ) ;
#1309 = CARTESIAN_POINT ( 'NONE',  ( -21.83540119763030418, 3.000000000000000000, 5.725833956877303343 ) ) ;
#1310 = EDGE_CURVE ( 'NONE', #5357, #483, #4075, .T. ) ;
#1311 = DIRECTION ( 'NONE',  ( 0.000000000000000000, 1.000000000000000000, -0.000000000000000000 ) ) ;
#1312 = EDGE_LOOP ( 'NONE', ( #1002, #4407, #985, #3806, #3828, #5469, #1344, #4858, #2144, #4761, #1375, #3733 ) ) ;
#1313 = FACE_BOUND ( 'NONE', #1128, .T. ) ;
#1314 = EDGE_CURVE ( 'NONE', #2041, #3750, #810, .T. ) ;
#1315 = CARTESIAN_POINT ( 'NONE',  ( -7.550661286023191643, 2.000000000000000000, 10.30031147355660082 ) ) ;
#1316 = CARTESIAN_POINT ( 'NONE',  ( -21.83540119763030418, 3.000000000000000000, 5.725833956877303343 ) ) ;
#1317 = ORIENTED_EDGE ( 'NONE', *, *, #227, .T. ) ;
#1318 = ORIENTED_EDGE ( 'NONE', *, *, #2027, .F. ) ;
#1319 = ADVANCED_FACE ( 'NONE', ( #462 ), #3535, .F. ) ;
#1320 = ORIENTED_EDGE ( 'NONE', *, *, #3488, .T. ) ;
#1321 = ORIENTED_EDGE ( 'NONE', *, *, #5262, .T. ) ;
#1322 = DIRECTION ( 'NONE',  ( 0.000000000000000000, 1.000000000000000000, -0.000000000000000000 ) ) ;
#1323 = PLANE ( 'NONE',  #3429 ) ;
#1324 = AXIS2_PLACEMENT_3D ( 'NONE', #1184, #3749, #4161 ) ;
#1325 = DIRECTION ( 'NONE',  ( -0.000000000000000000, -1.000000000000000000, -0.000000000000000000 ) ) ;
#1326 = CARTESIAN_POINT ( 'NONE',  ( -144.0637089102034736, 3.000000000000000000, 10.30031147355660082 ) ) ;
#1327 = ORIENTED_EDGE ( 'NONE', *, *, #5280, .T. ) ;
#1328 = ORIENTED_EDGE ( 'NONE', *, *, #3255, .T. ) ;
#1329 = VECTOR ( 'NONE', #2798, 1000.000000000000000 ) ;
#1330 = CARTESIAN_POINT ( 'NONE',  ( -1.376359801839812214, 0.000000000000000000, -0.6772755380457134988 ) ) ;
#1331 = CARTESIAN_POINT ( 'NONE',  ( -6.728832792671349594, 4.500000000000000000, -12.70097230556362256 ) ) ;
#1332 = LINE ( 'NONE', #4730, #2202 ) ;
#1333 = CARTESIAN_POINT ( 'NONE',  ( -2.545144991300694048, 4.000000000000000000, -17.85228219141554717 ) ) ;
#1334 = FACE_OUTER_BOUND ( 'NONE', #1185, .T. ) ;
#1335 = FACE_OUTER_BOUND ( 'NONE', #2931, .T. ) ;
#1336 = VECTOR ( 'NONE', #3250, 1000.000000000000000 ) ;
#1337 = VERTEX_POINT ( 'NONE', #3117 ) ;
#1338 = CARTESIAN_POINT ( 'NONE',  ( 0.000000000000000000, 5.000000000000000000, 0.000000000000000000 ) ) ;
#1339 = EDGE_CURVE ( 'NONE', #3191, #2724, #493, .T. ) ;
#1340 = CYLINDRICAL_SURFACE ( 'NONE', #38, 3.500000000000004885 ) ;
#1341 = DIRECTION ( 'NONE',  ( -0.09852814501285597770, 0.000000000000000000, -0.9951342646298164674 ) ) ;
#1342 = EDGE_CURVE ( 'NONE', #527, #2052, #5337, .T. ) ;
#1343 = VECTOR ( 'NONE', #2421, 1000.000000000000000 ) ;
#1344 = ORIENTED_EDGE ( 'NONE', *, *, #5271, .T. ) ;
#1345 = ORIENTED_EDGE ( 'NONE', *, *, #4208, .T. ) ;
#1346 = ORIENTED_EDGE ( 'NONE', *, *, #4710, .T. ) ;
#1347 = DIRECTION ( 'NONE',  ( -0.000000000000000000, -1.000000000000000000, -0.000000000000000000 ) ) ;
#1348 = CARTESIAN_POINT ( 'NONE',  ( 9.613592132573275606, 4.500000000000000000, 17.21581186154043408 ) ) ;
#1349 = EDGE_CURVE ( 'NONE', #3833, #4752, #4822, .T. ) ;
#1350 = DIRECTION ( 'NONE',  ( 0.07333144303605053371, 0.000000000000000000, 0.9973076252903366745 ) ) ;
#1351 = VERTEX_POINT ( 'NONE', #5202 ) ;
#1352 = ORIENTED_EDGE ( 'NONE', *, *, #1249, .F. ) ;
#1353 = VECTOR ( 'NONE', #2118, 1000.000000000000000 ) ;
#1354 = FACE_OUTER_BOUND ( 'NONE', #1862, .T. ) ;
#1355 = PLANE ( 'NONE',  #1859 ) ;
#1356 = DIRECTION ( 'NONE',  ( 0.000000000000000000, 0.000000000000000000, 1.000000000000000000 ) ) ;
#1357 = CIRCLE ( 'NONE', #2961, 12.76599833254949701 ) ;
#1358 = VECTOR ( 'NONE', #308, 1000.000000000000000 ) ;
#1359 = PLANE ( 'NONE',  #3997 ) ;
#1360 = CARTESIAN_POINT ( 'NONE',  ( -14.30522586326296519, 0.000000000000000000, -9.350571778467759998 ) ) ;
#1361 = CARTESIAN_POINT ( 'NONE',  ( -22.68422853593582289, 0.000000000000000000, 7.579552007672155867 ) ) ;
#1362 = DIRECTION ( 'NONE',  ( -0.000000000000000000, 1.000000000000000000, 0.000000000000000000 ) ) ;
#1363 = CARTESIAN_POINT ( 'NONE',  ( 10.87412782448192239, 1.000000000000000000, 14.75983023199769661 ) ) ;
#1364 = ORIENTED_EDGE ( 'NONE', *, *, #468, .T. ) ;
#1365 = CARTESIAN_POINT ( 'NONE',  ( -22.32097580104471746, 3.000000000000000000, 1.132024953897474928 ) ) ;
#1366 = CARTESIAN_POINT ( 'NONE',  ( 3.262729383827731588, 1.500000000000000000, -0.6772755380457134988 ) ) ;
#1367 = DIRECTION ( 'NONE',  ( 1.000000000000000000, 0.000000000000000000, 0.000000000000000000 ) ) ;
#1368 = ORIENTED_EDGE ( 'NONE', *, *, #5289, .T. ) ;
#1369 = AXIS2_PLACEMENT_3D ( 'NONE', #5180, #3570, #3150 ) ;
#1370 = EDGE_LOOP ( 'NONE', ( #2346, #3022, #239, #3369, #1608, #4844 ) ) ;
#1371 = CARTESIAN_POINT ( 'NONE',  ( 7.803981852292821486, 0.000000000000000000, 22.10495702000036289 ) ) ;
#1372 = VECTOR ( 'NONE', #3363, 1000.000000000000000 ) ;
#1373 = FACE_OUTER_BOUND ( 'NONE', #2171, .T. ) ;
#1374 = VECTOR ( 'NONE', #4843, 1000.000000000000114 ) ;
#1375 = ORIENTED_EDGE ( 'NONE', *, *, #4635, .T. ) ;
#1376 = B_SPLINE_CURVE_WITH_KNOTS ( 'NONE', 3,
 ( #703, #3667, #2420, #234 ),
 .UNSPECIFIED., .F., .F.,
 ( 4, 4 ),
 ( 0.000000000000000000, 0.5293331987091499657 ),
 .UNSPECIFIED. ) ;
#1377 = FACE_OUTER_BOUND ( 'NONE', #873, .T. ) ;
#1378 = ORIENTED_EDGE ( 'NONE', *, *, #3451, .T. ) ;
#1379 = ADVANCED_FACE ( 'NONE', ( #2638 ), #4332, .T. ) ;
#1380 = CARTESIAN_POINT ( 'NONE',  ( -6.775050528895626201, 3.000000000000000000, 2.276251975912782832 ) ) ;
#1381 = CARTESIAN_POINT ( 'NONE',  ( -4.898108030364731746, 0.000000000000000000, 7.650879118378475674 ) ) ;
#1382 = DIRECTION ( 'NONE',  ( -0.4472135954999569840, 0.000000000000000000, -0.8944271909999162995 ) ) ;
#1383 = ORIENTED_EDGE ( 'NONE', *, *, #1895, .T. ) ;
#1384 = EDGE_CURVE ( 'NONE', #4344, #5170, #438, .T. ) ;
#1385 = VERTEX_POINT ( 'NONE', #1736 ) ;
#1386 = DIRECTION ( 'NONE',  ( 1.000000000000000000, 0.000000000000000000, 0.000000000000000000 ) ) ;
#1387 = DIRECTION ( 'NONE',  ( 0.000000000000000000, 0.000000000000000000, 1.000000000000000000 ) ) ;
#1388 = CARTESIAN_POINT ( 'NONE',  ( -7.585942171169770987, 0.000000000000000000, -16.38336815392723977 ) ) ;
#1389 = DIRECTION ( 'NONE',  ( 0.000000000000000000, 0.000000000000000000, -1.000000000000000000 ) ) ;
#1390 = CARTESIAN_POINT ( 'NONE',  ( -9.352916345463729186, 0.000000000000000000, -19.53514226502635509 ) ) ;
#1391 = CARTESIAN_POINT ( 'NONE',  ( 24.11833871010021468, 1.000000000000000000, 6.580709525946417671 ) ) ;
#1392 = ORIENTED_EDGE ( 'NONE', *, *, #4346, .T. ) ;
#1393 = EDGE_CURVE ( 'NONE', #4099, #3618, #106, .T. ) ;
#1394 = VECTOR ( 'NONE', #5446, 1000.000000000000000 ) ;
#1395 = LINE ( 'NONE', #3344, #3108 ) ;
#1396 = LINE ( 'NONE', #195, #1190 ) ;
#1397 = DIRECTION ( 'NONE',  ( -0.000000000000000000, -1.000000000000000000, -0.000000000000000000 ) ) ;
#1398 = VERTEX_POINT ( 'NONE', #4791 ) ;
#1399 = ORIENTED_EDGE ( 'NONE', *, *, #747, .F. ) ;
#1400 = DIRECTION ( 'NONE',  ( 0.000000000000000000, 0.000000000000000000, 1.000000000000000000 ) ) ;
#1401 = EDGE_CURVE ( 'NONE', #346, #4205, #1788, .T. ) ;
#1402 = VECTOR ( 'NONE', #1438, 1000.000000000000000 ) ;
#1403 = DIRECTION ( 'NONE',  ( -0.000000000000000000, -1.000000000000000000, -0.000000000000000000 ) ) ;
#1404 = EDGE_LOOP ( 'NONE', ( #306, #4125, #2751, #1168, #1210 ) ) ;
#1405 = PLANE ( 'NONE',  #5054 ) ;
#1406 = EDGE_CURVE ( 'NONE', #2533, #4344, #2053, .T. ) ;
#1407 = ORIENTED_EDGE ( 'NONE', *, *, #1384, .T. ) ;
#1408 = EDGE_CURVE ( 'NONE', #4628, #3274, #543, .T. ) ;
#1409 = ORIENTED_EDGE ( 'NONE', *, *, #4753, .T. ) ;
#1410 = CARTESIAN_POINT ( 'NONE',  ( -14.30522586326296519, 3.000000000000000000, -9.350571778467759998 ) ) ;
#1411 = PLANE ( 'NONE',  #791 ) ;
#1412 = EDGE_CURVE ( 'NONE', #2682, #2003, #3560, .T. ) ;
#1413 = VECTOR ( 'NONE', #1325, 1000.000000000000000 ) ;
#1414 = AXIS2_PLACEMENT_3D ( 'NONE', #482, #2162, #3892 ) ;
#1415 = CARTESIAN_POINT ( 'NONE',  ( -24.24437569559783512, 3.000000000000000000, 6.100020256581533573 ) ) ;
#1416 = CARTESIAN_POINT ( 'NONE',  ( -9.775294961014157735, 0.000000000000000000, -6.558496289192712325 ) ) ;
#1417 = DIRECTION ( 'NONE',  ( 1.000000000000000000, 0.000000000000000000, 0.000000000000000000 ) ) ;
#1418 = CARTESIAN_POINT ( 'NONE',  ( -10.55771016716183652, 5.000000000000000000, -21.55306836685225846 ) ) ;
#1419 = ORIENTED_EDGE ( 'NONE', *, *, #218, .F. ) ;
#1420 = EDGE_CURVE ( 'NONE', #564, #2045, #3499, .T. ) ;
#1421 = ADVANCED_FACE ( 'NONE', ( #1436 ), #823, .T. ) ;
#1422 = CARTESIAN_POINT ( 'NONE',  ( -9.372345496349840488, 4.500000000000000000, -11.24907408812561727 ) ) ;
#1423 = CARTESIAN_POINT ( 'NONE',  ( 3.131705510549571692, 5.000000000000000000, -23.79479818353569343 ) ) ;
#1424 = ORIENTED_EDGE ( 'NONE', *, *, #3401, .F. ) ;
#1425 = ORIENTED_EDGE ( 'NONE', *, *, #835, .T. ) ;
#1426 = LINE ( 'NONE', #4408, #3851 ) ;
#1427 = CARTESIAN_POINT ( 'NONE',  ( -5.952018012651457468, 0.000000000000000000, 1.112664747938496124 ) ) ;
#1428 = AXIS2_PLACEMENT_3D ( 'NONE', #2647, #3376, #1741 ) ;
#1429 = ORIENTED_EDGE ( 'NONE', *, *, #2145, .T. ) ;
#1430 = EDGE_LOOP ( 'NONE', ( #1882, #1581, #389, #4973 ) ) ;
#1431 = VERTEX_POINT ( 'NONE', #264 ) ;
#1432 = CARTESIAN_POINT ( 'NONE',  ( -144.0637089102034736, 3.000000000000000000, 0.6557043731701388545 ) ) ;
#1433 = CARTESIAN_POINT ( 'NONE',  ( -14.30522586326296519, 0.000000000000000000, -9.350571778467759998 ) ) ;
#1434 = EDGE_CURVE ( 'NONE', #4870, #320, #2253, .T. ) ;
#1435 = LINE ( 'NONE', #2714, #5230 ) ;
#1436 = FACE_OUTER_BOUND ( 'NONE', #1855, .T. ) ;
#1437 = CARTESIAN_POINT ( 'NONE',  ( 24.11833871011812036, 0.000000000000000000, 6.580709525957724182 ) ) ;
#1438 = DIRECTION ( 'NONE',  ( -0.000000000000000000, -1.000000000000000000, -0.000000000000000000 ) ) ;
#1439 = LINE ( 'NONE', #576, #2843 ) ;
#1440 = LINE ( 'NONE', #2282, #4763 ) ;
#1441 = VECTOR ( 'NONE', #3972, 1000.000000000000000 ) ;
#1442 = ORIENTED_EDGE ( 'NONE', *, *, #15, .F. ) ;
#1443 = CARTESIAN_POINT ( 'NONE',  ( -6.113708585391900208, 3.000000000000000000, 2.343719704436513673 ) ) ;
#1444 = AXIS2_PLACEMENT_3D ( 'NONE', #3028, #2115, #4633 ) ;
#1445 = DIRECTION ( 'NONE',  ( 1.000000000000000000, -0.000000000000000000, 0.000000000000000000 ) ) ;
#1446 = DIRECTION ( 'NONE',  ( -0.000000000000000000, -1.000000000000000000, -0.000000000000000000 ) ) ;
#1447 = EDGE_CURVE ( 'NONE', #2150, #3265, #3610, .T. ) ;
#1448 = DIRECTION ( 'NONE',  ( -0.000000000000000000, -1.000000000000000000, -0.000000000000000000 ) ) ;
#1449 = VERTEX_POINT ( 'NONE', #2278 ) ;
#1450 = VERTEX_POINT ( 'NONE', #996 ) ;
#1451 = EDGE_CURVE ( 'NONE', #2458, #4689, #1025, .T. ) ;
#1452 = PLANE ( 'NONE',  #2067 ) ;
#1453 = VECTOR ( 'NONE', #470, 1000.000000000000000 ) ;
#1454 = ORIENTED_EDGE ( 'NONE', *, *, #1576, .T. ) ;
#1455 = ORIENTED_EDGE ( 'NONE', *, *, #3682, .F. ) ;
#1456 = AXIS2_PLACEMENT_3D ( 'NONE', #3053, #4321, #506 ) ;
#1457 = CARTESIAN_POINT ( 'NONE',  ( -6.729435140960832840, 0.000000000000000000, -5.963253377347609963 ) ) ;
#1458 = ADVANCED_FACE ( 'NONE', ( #5275 ), #859, .T. ) ;
#1459 = CARTESIAN_POINT ( 'NONE',  ( 4.904254214923194688, 4.000000000000000000, 24.51424668627221592 ) ) ;
#1460 = DIRECTION ( 'NONE',  ( 0.000000000000000000, 0.000000000000000000, 1.000000000000000000 ) ) ;
#1461 = CARTESIAN_POINT ( 'NONE',  ( 10.87412782448192239, 0.000000000000000000, 14.75983023199769661 ) ) ;
#1462 = DIRECTION ( 'NONE',  ( 0.000000000000000000, 0.000000000000000000, -1.000000000000000000 ) ) ;
#1463 = ORIENTED_EDGE ( 'NONE', *, *, #1814, .F. ) ;
#1464 = CARTESIAN_POINT ( 'NONE',  ( -5.459746674439639236, 3.000000000000000000, 2.264445607203656508 ) ) ;
#1465 = EDGE_CURVE ( 'NONE', #1910, #5065, #786, .T. ) ;
#1466 = LINE ( 'NONE', #2673, #931 ) ;
#1467 = CARTESIAN_POINT ( 'NONE',  ( -21.05979044050274140, 3.000000000000000000, -1.512571300144474273 ) ) ;
#1468 = VERTEX_POINT ( 'NONE', #5440 ) ;
#1469 = EDGE_CURVE ( 'NONE', #2533, #127, #1589, .T. ) ;
#1470 = DIRECTION ( 'NONE',  ( -0.9739649296424504055, 0.000000000000000000, 0.2266987336236721551 ) ) ;
#1471 = LINE ( 'NONE', #4778, #4846 ) ;
#1472 = LINE ( 'NONE', #3176, #3912 ) ;
#1473 = ADVANCED_FACE ( 'NONE', ( #315 ), #3818, .F. ) ;
#1474 = CARTESIAN_POINT ( 'NONE',  ( -6.756350309881666405, 0.000000000000000000, 0.9556972824370526531 ) ) ;
#1475 = CARTESIAN_POINT ( 'NONE',  ( -2.629261608067729128, 0.000000000000000000, -1.066664693628379679 ) ) ;
#1476 = ORIENTED_EDGE ( 'NONE', *, *, #4619, .F. ) ;
#1477 = ORIENTED_EDGE ( 'NONE', *, *, #3042, .T. ) ;
#1478 = EDGE_CURVE ( 'NONE', #151, #5078, #4110, .T. ) ;
#1479 = CARTESIAN_POINT ( 'NONE',  ( -9.319232372904995287, 2.000000000000000000, 10.30031147355660082 ) ) ;
#1480 = DIRECTION ( 'NONE',  ( -1.000000000000000000, 0.000000000000000000, 0.000000000000000000 ) ) ;
#1481 = DIRECTION ( 'NONE',  ( 1.000000000000000000, 0.000000000000000000, -4.499226305591503702E-16 ) ) ;
#1482 = DIRECTION ( 'NONE',  ( 0.000000000000000000, 0.000000000000000000, 1.000000000000000000 ) ) ;
#1483 = LINE ( 'NONE', #2763, #4451 ) ;
#1484 = CARTESIAN_POINT ( 'NONE',  ( 6.637098940768540345, 0.000000000000000000, 17.59062952273064084 ) ) ;
#1485 = AXIS2_PLACEMENT_3D ( 'NONE', #4651, #4732, #796 ) ;
#1486 = DIRECTION ( 'NONE',  ( -0.2931899571800254400, 0.000000000000000000, -0.9560542081957354998 ) ) ;
#1487 = ORIENTED_EDGE ( 'NONE', *, *, #5393, .F. ) ;
#1488 = PLANE ( 'NONE',  #183 ) ;
#1489 = AXIS2_PLACEMENT_3D ( 'NONE', #900, #5459, #329 ) ;
#1490 = DIRECTION ( 'NONE',  ( 0.000000000000000000, 0.000000000000000000, 1.000000000000000000 ) ) ;
#1491 = EDGE_CURVE ( 'NONE', #3893, #2247, #2121, .T. ) ;
#1492 = ORIENTED_EDGE ( 'NONE', *, *, #4358, .F. ) ;
#1493 = EDGE_CURVE ( 'NONE', #3596, #2079, #1618, .T. ) ;
#1494 = DIRECTION ( 'NONE',  ( -0.000000000000000000, -1.000000000000000000, -0.000000000000000000 ) ) ;
#1495 = ORIENTED_EDGE ( 'NONE', *, *, #5412, .T. ) ;
#1496 = FACE_OUTER_BOUND ( 'NONE', #741, .T. ) ;
#1497 = AXIS2_PLACEMENT_3D ( 'NONE', #1705, #826, #3427 ) ;
#1498 = DIRECTION ( 'NONE',  ( 0.000000000000000000, 0.000000000000000000, -1.000000000000000000 ) ) ;
#1499 = ORIENTED_EDGE ( 'NONE', *, *, #3401, .T. ) ;
#1500 = ORIENTED_EDGE ( 'NONE', *, *, #1339, .T. ) ;
#1501 = CARTESIAN_POINT ( 'NONE',  ( -2.648801636284767280, 4.500000000000000000, -1.163995599711952433 ) ) ;
#1502 = FACE_BOUND ( 'NONE', #4597, .T. ) ;
#1503 = LINE ( 'NONE', #3213, #4265 ) ;
#1504 = EDGE_CURVE ( 'NONE', #230, #2437, #4639, .T. ) ;
#1505 = AXIS2_PLACEMENT_3D ( 'NONE', #1619, #857, #2940 ) ;
#1506 = LINE ( 'NONE', #1974, #4701 ) ;
#1507 = CARTESIAN_POINT ( 'NONE',  ( 7.580300352123009233, 0.000000000000000000, -1.443461400659377015E-15 ) ) ;
#1508 = VERTEX_POINT ( 'NONE', #4218 ) ;
#1509 = DIRECTION ( 'NONE',  ( -0.000000000000000000, -1.000000000000000000, -0.000000000000000000 ) ) ;
#1510 = DIRECTION ( 'NONE',  ( 1.000000000000000000, 0.000000000000000000, 0.000000000000000000 ) ) ;
#1511 = CARTESIAN_POINT ( 'NONE',  ( -7.098959706348536791, 4.500000000000000000, -16.49671752073908237 ) ) ;
#1512 = CARTESIAN_POINT ( 'NONE',  ( -9.960795745387413191, 4.500000000000000000, -22.35537327963648480 ) ) ;
#1513 = DIRECTION ( 'NONE',  ( -0.000000000000000000, -1.000000000000000000, -0.000000000000000000 ) ) ;
#1514 = DIRECTION ( 'NONE',  ( -0.000000000000000000, -1.000000000000000000, -0.000000000000000000 ) ) ;
#1515 = ORIENTED_EDGE ( 'NONE', *, *, #5379, .F. ) ;
#1516 = CARTESIAN_POINT ( 'NONE',  ( 8.671533440343756283, 4.500000000000000000, 11.54016437390709982 ) ) ;
#1517 = CARTESIAN_POINT ( 'NONE',  ( -2.545144991300693604, 1.000000000000000000, -18.85228219141554717 ) ) ;
#1518 = ORIENTED_EDGE ( 'NONE', *, *, #1138, .F. ) ;
#1519 = VECTOR ( 'NONE', #2715, 1000.000000000000114 ) ;
#1520 = VECTOR ( 'NONE', #5481, 1000.000000000000000 ) ;
#1521 = VERTEX_POINT ( 'NONE', #731 ) ;
#1522 = VECTOR ( 'NONE', #1151, 1000.000000000000000 ) ;
#1523 = VECTOR ( 'NONE', #3247, 1000.000000000000000 ) ;
#1524 = DIRECTION ( 'NONE',  ( -0.000000000000000000, -1.000000000000000000, 0.000000000000000000 ) ) ;
#1525 = ADVANCED_FACE ( 'NONE', ( #5386 ), #760, .F. ) ;
#1526 = VERTEX_POINT ( 'NONE', #824 ) ;
#1527 = CARTESIAN_POINT ( 'NONE',  ( 18.51227938172107557, 0.000000000000000000, 14.47212721585741591 ) ) ;
#1528 = ORIENTED_EDGE ( 'NONE', *, *, #1314, .F. ) ;
#1529 = ORIENTED_EDGE ( 'NONE', *, *, #490, .F. ) ;
#1530 = LINE ( 'NONE', #3267, #4201 ) ;
#1531 = FACE_BOUND ( 'NONE', #794, .T. ) ;
#1532 = CARTESIAN_POINT ( 'NONE',  ( -19.29121935362093510, 3.000000000000000000, -5.634559815357672363 ) ) ;
#1533 = CARTESIAN_POINT ( 'NONE',  ( -9.299338581075275556, 0.000000000000000000, -21.45031516991247145 ) ) ;
#1534 = ORIENTED_EDGE ( 'NONE', *, *, #5321, .T. ) ;
#1535 = EDGE_CURVE ( 'NONE', #3522, #699, #898, .T. ) ;
#1536 = LINE ( 'NONE', #210, #27 ) ;
#1537 = FACE_OUTER_BOUND ( 'NONE', #2797, .T. ) ;
#1538 = LINE ( 'NONE', #618, #4175 ) ;
#1539 = AXIS2_PLACEMENT_3D ( 'NONE', #256, #3661, #4970 ) ;
#1540 = CARTESIAN_POINT ( 'NONE',  ( 22.20373856994361361, 1.000000000000000000, 11.48886389150807830 ) ) ;
#1541 = ORIENTED_EDGE ( 'NONE', *, *, #2695, .T. ) ;
#1542 = EDGE_LOOP ( 'NONE', ( #1118, #4561, #2814, #838, #3374 ) ) ;
#1543 = CARTESIAN_POINT ( 'NONE',  ( -3.878919518896032592, 3.000000000000000000, 7.141379326570735486 ) ) ;
#1544 = EDGE_CURVE ( 'NONE', #870, #807, #1999, .T. ) ;
#1545 = CARTESIAN_POINT ( 'NONE',  ( -14.30522586326296519, 4.000000000000000000, 19.03607156908305953 ) ) ;
#1546 = VERTEX_POINT ( 'NONE', #5030 ) ;
#1547 = VERTEX_POINT ( 'NONE', #4527 ) ;
#1548 = FACE_OUTER_BOUND ( 'NONE', #1967, .T. ) ;
#1549 = EDGE_LOOP ( 'NONE', ( #752, #3406, #2583, #5508, #1424, #4411, #282, #3459, #709 ) ) ;
#1550 = B_SPLINE_CURVE_WITH_KNOTS ( 'NONE', 3,
 ( #20, #4354, #4727, #1702 ),
 .UNSPECIFIED., .F., .F.,
 ( 4, 4 ),
 ( 0.000000000000000000, 0.8486784659455789415 ),
 .UNSPECIFIED. ) ;
#1551 = EDGE_LOOP ( 'NONE', ( #3840, #4083, #1066, #5108 ) ) ;
#1552 = VERTEX_POINT ( 'NONE', #1212 ) ;
#1553 = AXIS2_PLACEMENT_3D ( 'NONE', #4195, #2426, #831 ) ;
#1554 = CARTESIAN_POINT ( 'NONE',  ( -10.99761475746024608, 4.500000000000000000, -22.45111288213777456 ) ) ;
#1555 = ADVANCED_FACE ( 'NONE', ( #2912 ), #4608, .T. ) ;
#1556 = CARTESIAN_POINT ( 'NONE',  ( 0.000000000000000000, 0.000000000000000000, 0.000000000000000000 ) ) ;
#1557 = B_SPLINE_CURVE_WITH_KNOTS ( 'NONE', 3,
 ( #4304, #1381, #2774, #488 ),
 .UNSPECIFIED., .F., .F.,
 ( 4, 4 ),
 ( 0.000000000000000000, 0.7575364654276617316 ),
 .UNSPECIFIED. ) ;
#1558 = PLANE ( 'NONE',  #1324 ) ;
#1559 = ADVANCED_FACE ( 'NONE', ( #3204 ), #280, .T. ) ;
#1560 = EDGE_CURVE ( 'NONE', #1041, #1052, #2475, .T. ) ;
#1561 = VERTEX_POINT ( 'NONE', #1115 ) ;
#1562 = VERTEX_POINT ( 'NONE', #1089 ) ;
#1563 = EDGE_CURVE ( 'NONE', #765, #1141, #4067, .T. ) ;
#1564 = CARTESIAN_POINT ( 'NONE',  ( 11.43590431189925916, 3.000000000000000000, -11.68990479761204071 ) ) ;
#1565 =( NAMED_UNIT ( * ) PLANE_ANGLE_UNIT ( ) SI_UNIT ( $, .RADIAN. ) );
#1566 = CARTESIAN_POINT ( 'NONE',  ( 0.000000000000000000, 3.500000000000000000, 0.000000000000000000 ) ) ;
#1567 = ORIENTED_EDGE ( 'NONE', *, *, #1969, .F. ) ;
#1568 = CIRCLE ( 'NONE', #594, 12.76599833254949701 ) ;
#1569 = ORIENTED_EDGE ( 'NONE', *, *, #1881, .T. ) ;
#1570 = CARTESIAN_POINT ( 'NONE',  ( -3.083751696922599539, 3.000000000000000000, 6.646644099584960053 ) ) ;
#1571 = DIRECTION ( 'NONE',  ( -0.000000000000000000, -1.000000000000000000, -0.000000000000000000 ) ) ;
#1572 = LINE ( 'NONE', #3287, #1959 ) ;
#1573 = ADVANCED_FACE ( 'NONE', ( #5343 ), #3442, .T. ) ;
#1574 = ORIENTED_EDGE ( 'NONE', *, *, #2047, .T. ) ;
#1575 = CIRCLE ( 'NONE', #4432, 25.00000000000000000 ) ;
#1576 = EDGE_CURVE ( 'NONE', #3114, #2718, #4931, .T. ) ;
#1577 = ORIENTED_EDGE ( 'NONE', *, *, #4036, .F. ) ;
#1578 = VECTOR ( 'NONE', #4392, 1000.000000000000000 ) ;
#1579 = AXIS2_PLACEMENT_3D ( 'NONE', #5468, #852, #2542 ) ;
#1580 = CARTESIAN_POINT ( 'NONE',  ( -10.55771016716183652, 0.000000000000000000, -21.55306836685225846 ) ) ;
#1581 = ORIENTED_EDGE ( 'NONE', *, *, #395, .T. ) ;
#1582 = ORIENTED_EDGE ( 'NONE', *, *, #1105, .F. ) ;
#1583 = ORIENTED_EDGE ( 'NONE', *, *, #861, .T. ) ;
#1584 = EDGE_LOOP ( 'NONE', ( #4716, #3078, #4796, #2996, #3113, #1454 ) ) ;
#1585 = CARTESIAN_POINT ( 'NONE',  ( 4.925129090557492262, 4.500000000000000000, 24.79814499489869561 ) ) ;
#1586 = FACE_BOUND ( 'NONE', #5489, .T. ) ;
#1587 = DIRECTION ( 'NONE',  ( 0.000000000000000000, 0.000000000000000000, 1.000000000000000000 ) ) ;
#1588 = VERTEX_POINT ( 'NONE', #661 ) ;
#1589 = LINE ( 'NONE', #3304, #258 ) ;
#1591 = DIRECTION ( 'NONE',  ( 0.000000000000000000, 0.000000000000000000, 1.000000000000000000 ) ) ;
#1590 = AXIS2_PLACEMENT_3D ( 'NONE', #3564, #2717, #547 ) ;
#1592 = DIRECTION ( 'NONE',  ( 0.000000000000000000, 1.000000000000000000, 0.000000000000000000 ) ) ;
#1593 = ORIENTED_EDGE ( 'NONE', *, *, #4430, .T. ) ;
#1594 = CARTESIAN_POINT ( 'NONE',  ( 0.000000000000000000, 4.000000000000000000, 0.000000000000000000 ) ) ;
#1595 = VECTOR ( 'NONE', #688, 1000.000000000000000 ) ;
#1596 = CARTESIAN_POINT ( 'NONE',  ( -5.926223190590107492, 0.000000000000000000, 10.30031147355660082 ) ) ;
#1597 = VERTEX_POINT ( 'NONE', #4044 ) ;
#1598 = CARTESIAN_POINT ( 'NONE',  ( 0.000000000000000000, 2.000000000000000000, 0.000000000000000000 ) ) ;
#1599 = PLANE ( 'NONE',  #3359 ) ;
#1600 = ORIENTED_EDGE ( 'NONE', *, *, #4788, .F. ) ;
#1601 = VERTEX_POINT ( 'NONE', #2344 ) ;
#1602 = AXIS2_PLACEMENT_3D ( 'NONE', #3006, #4248, #1275 ) ;
#1603 = ADVANCED_FACE ( 'NONE', ( #5316 ), #691, .T. ) ;
#1604 = CARTESIAN_POINT ( 'NONE',  ( -19.29121935362093510, 3.000000000000000000, -5.634559815357672363 ) ) ;
#1605 = ORIENTED_EDGE ( 'NONE', *, *, #1039, .T. ) ;
#1606 = VECTOR ( 'NONE', #3275, 1000.000000000000000 ) ;
#1607 = VECTOR ( 'NONE', #4996, 1000.000000000000000 ) ;
#1608 = ORIENTED_EDGE ( 'NONE', *, *, #4767, .T. ) ;
#1609 = EDGE_CURVE ( 'NONE', #5018, #2881, #5413, .T. ) ;
#1610 = CARTESIAN_POINT ( 'NONE',  ( -6.775050528895626201, 3.000000000000000000, 2.276251975912782832 ) ) ;
#1611 = ORIENTED_EDGE ( 'NONE', *, *, #829, .F. ) ;
#1612 = EDGE_LOOP ( 'NONE', ( #408, #1117, #2339, #1936, #5460 ) ) ;
#1613 = VECTOR ( 'NONE', #2648, 1000.000000000000000 ) ;
#1614 = DIRECTION ( 'NONE',  ( 0.000000000000000000, 1.000000000000000000, 0.000000000000000000 ) ) ;
#1615 = CARTESIAN_POINT ( 'NONE',  ( -2.545144991300694048, 5.000000000000000000, -21.85228219141554717 ) ) ;
#1616 = FACE_OUTER_BOUND ( 'NONE', #560, .T. ) ;
#1617 = ORIENTED_EDGE ( 'NONE', *, *, #1124, .F. ) ;
#1618 = LINE ( 'NONE', #2853, #3561 ) ;
#1619 = CARTESIAN_POINT ( 'NONE',  ( 1.738401882370899099, 4.500000000000000000, 7.157922886623264702 ) ) ;
#1620 = LINE ( 'NONE', #3335, #3032 ) ;
#1621 = LINE ( 'NONE', #3307, #3331 ) ;
#1622 = VERTEX_POINT ( 'NONE', #2390 ) ;
#1623 = VECTOR ( 'NONE', #5208, 1000.000000000000000 ) ;
#1624 = CARTESIAN_POINT ( 'NONE',  ( 3.262193240155803586, 0.000000000000000000, -24.78624810784967991 ) ) ;
#1625 = ORIENTED_EDGE ( 'NONE', *, *, #194, .F. ) ;
#1626 = EDGE_CURVE ( 'NONE', #4773, #3974, #4972, .T. ) ;
#1627 = VECTOR ( 'NONE', #5083, 1000.000000000000000 ) ;
#1628 = ORIENTED_EDGE ( 'NONE', *, *, #301, .F. ) ;
#1629 = CARTESIAN_POINT ( 'NONE',  ( -0.9295541296688025756, 4.500000000000000000, 4.475859692455095740 ) ) ;
#1630 = CARTESIAN_POINT ( 'NONE',  ( -20.83047678354607513, 3.000000000000000000, -2.753438438099901298 ) ) ;
#1631 = EDGE_CURVE ( 'NONE', #4217, #2407, #1116, .T. ) ;
#1632 = CARTESIAN_POINT ( 'NONE',  ( 3.262729383827731588, 1.500000000000000000, -5.316364723713258300 ) ) ;
#1633 = ORIENTED_EDGE ( 'NONE', *, *, #4130, .F. ) ;
#1634 = AXIS2_PLACEMENT_3D ( 'NONE', #3565, #3616, #4501 ) ;
#1635 = EDGE_CURVE ( 'NONE', #2431, #3507, #1710, .T. ) ;
#1636 = DIRECTION ( 'NONE',  ( 0.000000000000000000, 0.000000000000000000, 1.000000000000000000 ) ) ;
#1637 = ORIENTED_EDGE ( 'NONE', *, *, #2867, .F. ) ;
#1638 = EDGE_CURVE ( 'NONE', #3789, #4544, #4944, .T. ) ;
#1639 = EDGE_LOOP ( 'NONE', ( #3573, #1317 ) ) ;
#1640 = ORIENTED_EDGE ( 'NONE', *, *, #3625, .F. ) ;
#1641 = ORIENTED_EDGE ( 'NONE', *, *, #1703, .T. ) ;
#1642 = PLANE ( 'NONE',  #554 ) ;
#1643 = DIRECTION ( 'NONE',  ( 0.000000000000000000, 0.000000000000000000, -1.000000000000000000 ) ) ;
#1644 = ADVANCED_FACE ( 'NONE', ( #1616 ), #3272, .F. ) ;
#1645 = DIRECTION ( 'NONE',  ( -0.000000000000000000, -1.000000000000000000, -0.000000000000000000 ) ) ;
#1646 = VECTOR ( 'NONE', #4526, 1000.000000000000000 ) ;
#1647 = LINE ( 'NONE', #2569, #686 ) ;
#1648 = ORIENTED_EDGE ( 'NONE', *, *, #4538, .T. ) ;
#1649 = EDGE_CURVE ( 'NONE', #774, #584, #4604, .T. ) ;
#1650 = B_SPLINE_CURVE_WITH_KNOTS ( 'NONE', 3,
 ( #4711, #2585, #4287, #2721, #956 ),
 .UNSPECIFIED., .F., .F.,
 ( 4, 1, 4 ),
 ( 0.2784031456550631334, 0.5155368386347486398, 1.000000000000000222 ),
 .UNSPECIFIED. ) ;
#1651 = FACE_OUTER_BOUND ( 'NONE', #4725, .T. ) ;
#1652 = CARTESIAN_POINT ( 'NONE',  ( 8.181993972800986725, 1.000000000000000000, 21.33543234661983590 ) ) ;
#1653 = DIRECTION ( 'NONE',  ( 0.000000000000000000, 0.000000000000000000, 1.000000000000000000 ) ) ;
#1654 = CARTESIAN_POINT ( 'NONE',  ( -21.83540119763030418, 0.000000000000000000, 5.725833956877303343 ) ) ;
#1655 = CARTESIAN_POINT ( 'NONE',  ( 16.77833056223746411, 0.000000000000000000, 15.69331943795407369 ) ) ;
#1656 = VERTEX_POINT ( 'NONE', #698 ) ;
#1657 = ORIENTED_EDGE ( 'NONE', *, *, #4596, .T. ) ;
#1658 = CARTESIAN_POINT ( 'NONE',  ( -6.775050528895626201, 3.000000000000000000, 5.725833956877303343 ) ) ;
#1659 = CARTESIAN_POINT ( 'NONE',  ( 4.034161552894211411, 0.000000000000000000, 10.98249558989096997 ) ) ;
#1660 = CIRCLE ( 'NONE', #2726, 25.00000000000000000 ) ;
#1661 = EDGE_LOOP ( 'NONE', ( #2543, #4942, #1518, #461 ) ) ;
#1662 = ORIENTED_EDGE ( 'NONE', *, *, #5379, .T. ) ;
#1663 = LINE ( 'NONE', #86, #3329 ) ;
#1664 = DIRECTION ( 'NONE',  ( -0.000000000000000000, -1.000000000000000000, -0.000000000000000000 ) ) ;
#1665 = EDGE_CURVE ( 'NONE', #3937, #4217, #1575, .T. ) ;
#1666 = VECTOR ( 'NONE', #2070, 1000.000000000000000 ) ;
#1667 = ORIENTED_EDGE ( 'NONE', *, *, #2066, .T. ) ;
#1668 = ORIENTED_EDGE ( 'NONE', *, *, #4449, .T. ) ;
#1669 = CARTESIAN_POINT ( 'NONE',  ( -11.12255427434644162, 4.000000000000000000, 19.03607156908305953 ) ) ;
#1670 = CARTESIAN_POINT ( 'NONE',  ( -8.516475078921287079, 5.000000000000000000, -22.43812942805421784 ) ) ;
#1671 = CARTESIAN_POINT ( 'NONE',  ( 3.262729383827731588, 2.000000000000000000, 0.000000000000000000 ) ) ;
#1672 = CARTESIAN_POINT ( 'NONE',  ( 4.925129090557492262, 4.500000000000000000, 24.79814499489869561 ) ) ;
#1673 = ORIENTED_EDGE ( 'NONE', *, *, #3156, .T. ) ;
#1674 = CARTESIAN_POINT ( 'NONE',  ( -14.30522586326296519, 3.000000000000000000, -9.350571778467759998 ) ) ;
#1675 = ADVANCED_FACE ( 'NONE', ( #289 ), #4017, .T. ) ;
#1676 = DIRECTION ( 'NONE',  ( 0.000000000000000000, 0.000000000000000000, -1.000000000000000000 ) ) ;
#1677 = FACE_BOUND ( 'NONE', #3063, .T. ) ;
#1678 = VECTOR ( 'NONE', #4499, 1000.000000000000000 ) ;
#1679 = CARTESIAN_POINT ( 'NONE',  ( -22.70270316923259912, 0.000000000000000000, 6.057451449112464026 ) ) ;
#1680 = ORIENTED_EDGE ( 'NONE', *, *, #2955, .F. ) ;
#1681 = EDGE_LOOP ( 'NONE', ( #1062, #409, #1760, #3724, #1605, #1648, #4168, #17 ) ) ;
#1682 = DIRECTION ( 'NONE',  ( -0.000000000000000000, -1.000000000000000000, -0.000000000000000000 ) ) ;
#1683 = CARTESIAN_POINT ( 'NONE',  ( -19.29121935362093510, 0.000000000000000000, -5.634559815357672363 ) ) ;
#1684 = DIRECTION ( 'NONE',  ( 1.000000000000000000, -0.000000000000000000, 1.224646799147353207E-16 ) ) ;
#1685 = VERTEX_POINT ( 'NONE', #3721 ) ;
#1686 = CARTESIAN_POINT ( 'NONE',  ( 4.731879438547789363, 4.500000000000000000, 11.57648272281869062 ) ) ;
#1687 = CARTESIAN_POINT ( 'NONE',  ( -9.319232372904995287, 0.000000000000000000, -5.634559815357672363 ) ) ;
#1688 = ORIENTED_EDGE ( 'NONE', *, *, #1964, .F. ) ;
#1689 = ORIENTED_EDGE ( 'NONE', *, *, #5197, .T. ) ;
#1690 = ORIENTED_EDGE ( 'NONE', *, *, #322, .T. ) ;
#1691 = AXIS2_PLACEMENT_3D ( 'NONE', #4578, #877, #425 ) ;
#1692 = EDGE_CURVE ( 'NONE', #2288, #3801, #1506, .T. ) ;
#1693 = LINE ( 'NONE', #505, #1821 ) ;
#1694 = VECTOR ( 'NONE', #4414, 1000.000000000000000 ) ;
#1695 = DIRECTION ( 'NONE',  ( -0.9921643972682431256, 0.000000000000000000, 0.1249392203967352177 ) ) ;
#1696 = SHAPE_DEFINITION_REPRESENTATION ( #682, #1914 ) ;
#1697 = LINE ( 'NONE', #1671, #3908 ) ;
#1698 = CARTESIAN_POINT ( 'NONE',  ( -2.545144991300694048, 5.000000000000000000, -21.85228219141554717 ) ) ;
#1699 = VERTEX_POINT ( 'NONE', #4913 ) ;
#1700 = AXIS2_PLACEMENT_3D ( 'NONE', #4323, #508, #3082 ) ;
#1701 = LINE ( 'NONE', #792, #5037 ) ;
#1702 = CARTESIAN_POINT ( 'NONE',  ( -24.95605209363875687, 0.000000000000000000, 1.481709789259916477 ) ) ;
#1703 = EDGE_CURVE ( 'NONE', #4157, #4783, #3016, .T. ) ;
#1704 = LINE ( 'NONE', #4277, #1004 ) ;
#1705 = CARTESIAN_POINT ( 'NONE',  ( 0.000000000000000000, 5.000000000000000000, 0.000000000000000000 ) ) ;
#1706 = ADVANCED_FACE ( 'NONE', ( #1997 ), #3300, .T. ) ;
#1707 = CARTESIAN_POINT ( 'NONE',  ( 4.731879438547789363, 4.500000000000000000, 11.57648272281869062 ) ) ;
#1708 = DIRECTION ( 'NONE',  ( -0.09852814501285596382, 0.000000000000000000, -0.9951342646298164674 ) ) ;
#1709 = CARTESIAN_POINT ( 'NONE',  ( -24.82274514033612789, 0.000000000000000000, -2.971754313182549456 ) ) ;
#1710 =( BOUNDED_CURVE ( )  B_SPLINE_CURVE ( 3, ( #311, #2416, #1207, #5436 ),
 .UNSPECIFIED., .F., .F. ) 
 B_SPLINE_CURVE_WITH_KNOTS ( ( 4, 4 ),
 ( 1.144669200823301036, 1.570796326794896558 ),
 .UNSPECIFIED. ) 
 CURVE ( )  GEOMETRIC_REPRESENTATION_ITEM ( )  RATIONAL_B_SPLINE_CURVE ( ( 1.000000000000000000, 0.9849251307193039873, 0.9849251307193039873, 1.000000000000000000 ) ) 
 REPRESENTATION_ITEM ( '' )  );
#1711 = EDGE_CURVE ( 'NONE', #2478, #1601, #5141, .T. ) ;
#1712 = VECTOR ( 'NONE', #3909, 1000.000000000000000 ) ;
#1713 = CARTESIAN_POINT ( 'NONE',  ( -0.4515270255709274982, 3.000000000000000000, 4.329264713865081049 ) ) ;
#1714 = ORIENTED_EDGE ( 'NONE', *, *, #1310, .F. ) ;
#1715 = ADVANCED_FACE ( 'NONE', ( #259 ), #1558, .T. ) ;
#1716 = LINE ( 'NONE', #3435, #1973 ) ;
#1717 = DIRECTION ( 'NONE',  ( 0.5168690990339176450, 0.000000000000000000, -0.8560644452749256450 ) ) ;
#1718 = ORIENTED_EDGE ( 'NONE', *, *, #426, .T. ) ;
#1719 = VECTOR ( 'NONE', #122, 999.9999999999998863 ) ;
#1720 = ORIENTED_EDGE ( 'NONE', *, *, #1412, .T. ) ;
#1721 = ORIENTED_EDGE ( 'NONE', *, *, #222, .T. ) ;
#1722 = CARTESIAN_POINT ( 'NONE',  ( 7.803981852292821486, 0.000000000000000000, 22.10495702000036289 ) ) ;
#1723 = CARTESIAN_POINT ( 'NONE',  ( -2.545144991300694048, 1.000000000000000000, -24.85228219141554717 ) ) ;
#1724 = DIRECTION ( 'NONE',  ( 0.000000000000000000, 1.000000000000000000, -0.000000000000000000 ) ) ;
#1725 = ORIENTED_EDGE ( 'NONE', *, *, #3663, .F. ) ;
#1726 = ORIENTED_EDGE ( 'NONE', *, *, #4417, .F. ) ;
#1727 = CARTESIAN_POINT ( 'NONE',  ( 7.664706846895689374, 0.000000000000000000, 9.666371890211488349 ) ) ;
#1728 = EDGE_CURVE ( 'NONE', #3914, #1699, #2732, .T. ) ;
#1729 = CARTESIAN_POINT ( 'NONE',  ( -7.098959706348536791, 4.500000000000000000, -16.49671752073908237 ) ) ;
#1730 = CARTESIAN_POINT ( 'NONE',  ( 15.38644397594097413, 1.000000000000000000, 19.70424679543041790 ) ) ;
#1731 = PLANE ( 'NONE',  #2742 ) ;
#1732 = EDGE_CURVE ( 'NONE', #3377, #1561, #2313, .T. ) ;
#1733 = B_SPLINE_SURFACE_WITH_KNOTS ( 'NONE', 3, 1, ( 
 ( #4841, #4793 ),
 ( #1027, #4421 ),
 ( #998, #4395 ),
 ( #575, #3986 ),
 ( #3563, #5251 ) ),
 .UNSPECIFIED., .F., .F., .F.,
 ( 4, 1, 4 ),
 ( 2, 2 ),
 ( 0.3412853686015806520, 0.6487172569543665501, 0.7751779699832012094 ),
 ( 0.000000000000000000, 1.000000000000000000 ),
 .UNSPECIFIED. ) ;
#1734 = LINE ( 'NONE', #4645, #2275 ) ;
#1735 = EDGE_LOOP ( 'NONE', ( #3628, #942, #5438, #4903 ) ) ;
#1736 = CARTESIAN_POINT ( 'NONE',  ( -21.05979044050274140, 2.000000000000000000, -1.512571300144474273 ) ) ;
#1737 = DIRECTION ( 'NONE',  ( 1.000000000000000000, 0.000000000000000000, -4.718447854656943570E-13 ) ) ;
#1738 = DIRECTION ( 'NONE',  ( 0.000000000000000000, 0.000000000000000000, -1.000000000000000000 ) ) ;
#1739 = ORIENTED_EDGE ( 'NONE', *, *, #4297, .T. ) ;
#1740 = CARTESIAN_POINT ( 'NONE',  ( -22.68422853593582289, 0.000000000000000000, 7.579552007672155867 ) ) ;
#1741 = DIRECTION ( 'NONE',  ( 0.000000000000000000, 0.000000000000000000, -1.000000000000000000 ) ) ;
#1742 = EDGE_CURVE ( 'NONE', #537, #4131, #3671, .T. ) ;
#1743 = ORIENTED_EDGE ( 'NONE', *, *, #2460, .T. ) ;
#1744 = FACE_OUTER_BOUND ( 'NONE', #3392, .T. ) ;
#1745 = ORIENTED_EDGE ( 'NONE', *, *, #1447, .F. ) ;
#1746 = ORIENTED_EDGE ( 'NONE', *, *, #5177, .T. ) ;
#1747 = ORIENTED_EDGE ( 'NONE', *, *, #1905, .F. ) ;
#1748 = B_SPLINE_CURVE_WITH_KNOTS ( 'NONE', 3,
 ( #5234, #3127, #1008, #3465 ),
 .UNSPECIFIED., .F., .F.,
 ( 4, 4 ),
 ( 0.000000000000000000, 0.7304312908433582274 ),
 .UNSPECIFIED. ) ;
#1749 = DIRECTION ( 'NONE',  ( 0.000000000000000000, 0.000000000000000000, -1.000000000000000000 ) ) ;
#1750 = FACE_OUTER_BOUND ( 'NONE', #3475, .T. ) ;
#1751 = AXIS2_PLACEMENT_3D ( 'NONE', #5360, #235, #2761 ) ;
#1752 = CARTESIAN_POINT ( 'NONE',  ( -4.813994563264618165, 3.000000000000000000, 2.041480186793145801 ) ) ;
#1753 = CARTESIAN_POINT ( 'NONE',  ( -24.49963954926279186, 0.000000000000000000, -3.165881253470625989 ) ) ;
#1754 = EDGE_LOOP ( 'NONE', ( #3446, #3266, #4258, #4236, #4057 ) ) ;
#1755 = AXIS2_PLACEMENT_3D ( 'NONE', #5200, #2734, #2665 ) ;
#1756 = VERTEX_POINT ( 'NONE', #1752 ) ;
#1757 = CARTESIAN_POINT ( 'NONE',  ( 14.85886112789898128, 0.000000000000000000, 10.38606552488512236 ) ) ;
#1758 = CARTESIAN_POINT ( 'NONE',  ( 0.000000000000000000, 3.500000000000000000, 0.000000000000000000 ) ) ;
#1759 = FACE_OUTER_BOUND ( 'NONE', #5098, .T. ) ;
#1760 = ORIENTED_EDGE ( 'NONE', *, *, #2080, .F. ) ;
#1761 = DIRECTION ( 'NONE',  ( -1.000000000000000000, 0.000000000000000000, 0.000000000000000000 ) ) ;
#1762 = EDGE_CURVE ( 'NONE', #3772, #5061, #4748, .T. ) ;
#1763 = DIRECTION ( 'NONE',  ( -0.000000000000000000, -1.000000000000000000, -0.000000000000000000 ) ) ;
#1764 = CARTESIAN_POINT ( 'NONE',  ( 8.671533440343756283, 4.500000000000000000, 11.54016437390710514 ) ) ;
#1765 = CARTESIAN_POINT ( 'NONE',  ( 6.581252292095510548, 0.000000000000000000, 17.89014904444652387 ) ) ;
#1766 = VECTOR ( 'NONE', #212, 1000.000000000000000 ) ;
#1767 = VERTEX_POINT ( 'NONE', #67 ) ;
#1768 = CYLINDRICAL_SURFACE ( 'NONE', #5100, 5.000000000000004441 ) ;
#1769 = FACE_OUTER_BOUND ( 'NONE', #811, .T. ) ;
#1770 = VECTOR ( 'NONE', #4124, 1000.000000000000114 ) ;
#1771 = VERTEX_POINT ( 'NONE', #2596 ) ;
#1772 = EDGE_CURVE ( 'NONE', #1837, #749, #4115, .T. ) ;
#1773 = ORIENTED_EDGE ( 'NONE', *, *, #1728, .F. ) ;
#1774 = ORIENTED_EDGE ( 'NONE', *, *, #4040, .T. ) ;
#1775 = CYLINDRICAL_SURFACE ( 'NONE', #1112, 3.499999999999995115 ) ;
#1776 = LINE ( 'NONE', #4348, #1441 ) ;
#1777 = VERTEX_POINT ( 'NONE', #5106 ) ;
#1778 = ADVANCED_FACE ( 'NONE', ( #3863 ), #4723, .F. ) ;
#1779 = ORIENTED_EDGE ( 'NONE', *, *, #2460, .F. ) ;
#1780 = PLANE ( 'NONE',  #1602 ) ;
#1781 = CARTESIAN_POINT ( 'NONE',  ( 13.06566235224200057, 0.000000000000000000, 7.369918219744475252 ) ) ;
#1782 = ADVANCED_FACE ( 'NONE', ( #3839 ), #1268, .T. ) ;
#1783 = DIRECTION ( 'NONE',  ( -0.4409038796534636151, 0.000000000000000000, 0.8975543264374161723 ) ) ;
#1784 = VECTOR ( 'NONE', #3007, 1000.000000000000114 ) ;
#1785 = CIRCLE ( 'NONE', #4026, 3.500000000000001332 ) ;
#1786 = AXIS2_PLACEMENT_3D ( 'NONE', #4001, #992, #2686 ) ;
#1787 = ORIENTED_EDGE ( 'NONE', *, *, #4158, .F. ) ;
#1788 = CIRCLE ( 'NONE', #116, 3.500000000000004885 ) ;
#1789 = CARTESIAN_POINT ( 'NONE',  ( 24.24816842563832964, 1.000000000000000000, -0.6772755380457134988 ) ) ;
#1790 = CARTESIAN_POINT ( 'NONE',  ( -144.0637089102034736, 3.000000000000000000, -1.512571300144474273 ) ) ;
#1791 = LINE ( 'NONE', #3536, #4650 ) ;
#1792 = CYLINDRICAL_SURFACE ( 'NONE', #2973, 3.499999999999996003 ) ;
#1793 = CARTESIAN_POINT ( 'NONE',  ( -22.75608248248718724, 0.000000000000000000, -6.447050596753054030 ) ) ;
#1794 = VERTEX_POINT ( 'NONE', #4298 ) ;
#1795 = CARTESIAN_POINT ( 'NONE',  ( 8.692144346554449896, 4.500000000000000000, 20.29770225483711243 ) ) ;
#1796 = FACE_OUTER_BOUND ( 'NONE', #4555, .T. ) ;
#1797 = ADVANCED_FACE ( 'NONE', ( #5077 ), #428, .T. ) ;
#1798 = ORIENTED_EDGE ( 'NONE', *, *, #2557, .T. ) ;
#1799 = ORIENTED_EDGE ( 'NONE', *, *, #4705, .F. ) ;
#1800 = ADVANCED_FACE ( 'NONE', ( #4244 ), #879, .F. ) ;
#1801 = CIRCLE ( 'NONE', #1981, 3.500000000000001332 ) ;
#1802 = ADVANCED_FACE ( 'NONE', ( #5134 ), #2137, .T. ) ;
#1803 = CARTESIAN_POINT ( 'NONE',  ( 4.795745901447129533, 0.000000000000000000, 11.08057842265914594 ) ) ;
#1804 = PLANE ( 'NONE',  #954 ) ;
#1805 = CARTESIAN_POINT ( 'NONE',  ( -6.324702308919570193, 0.000000000000000000, -1.532835634161420657 ) ) ;
#1806 = CARTESIAN_POINT ( 'NONE',  ( -7.142917960670766675, 3.000000000000000000, -6.790219016767474969 ) ) ;
#1807 = ORIENTED_EDGE ( 'NONE', *, *, #5449, .F. ) ;
#1808 = CARTESIAN_POINT ( 'NONE',  ( -5.821616559493650200, 0.000000000000000000, -2.761273670799587521 ) ) ;
#1809 = EDGE_LOOP ( 'NONE', ( #3790, #2789, #3746, #5511 ) ) ;
#1810 = DIRECTION ( 'NONE',  ( -0.000000000000000000, -1.000000000000000000, -0.000000000000000000 ) ) ;
#1811 = CARTESIAN_POINT ( 'NONE',  ( -7.550661286023191643, 3.000000000000000000, -1.512571300144474273 ) ) ;
#1812 = DIRECTION ( 'NONE',  ( -0.6121731929914184800, 0.000000000000000000, -0.7907237076139119747 ) ) ;
#1813 = EDGE_CURVE ( 'NONE', #847, #4783, #480, .T. ) ;
#1814 = EDGE_CURVE ( 'NONE', #4285, #2924, #2970, .T. ) ;
#1815 = ORIENTED_EDGE ( 'NONE', *, *, #5126, .T. ) ;
#1816 = LINE ( 'NONE', #3534, #3278 ) ;
#1817 = DIRECTION ( 'NONE',  ( 0.000000000000000000, 1.000000000000000000, 0.000000000000000000 ) ) ;
#1818 = FACE_OUTER_BOUND ( 'NONE', #4152, .T. ) ;
#1819 = DIRECTION ( 'NONE',  ( -0.000000000000000000, -1.000000000000000000, -0.000000000000000000 ) ) ;
#1820 = DIRECTION ( 'NONE',  ( -0.000000000000000000, -1.000000000000000000, -0.000000000000000000 ) ) ;
#1821 = VECTOR ( 'NONE', #4776, 1000.000000000000000 ) ;
#1822 = ORIENTED_EDGE ( 'NONE', *, *, #4208, .F. ) ;
#1823 = AXIS2_PLACEMENT_3D ( 'NONE', #4493, #2820, #4523 ) ;
#1824 = VECTOR ( 'NONE', #730, 1000.000000000000000 ) ;
#1825 = CARTESIAN_POINT ( 'NONE',  ( -21.05979044050274140, 2.000000000000000000, -1.512571300144474273 ) ) ;
#1826 = LINE ( 'NONE', #3193, #5221 ) ;
#1827 = DIRECTION ( 'NONE',  ( 0.000000000000000000, 0.000000000000000000, 1.000000000000000000 ) ) ;
#1828 = EDGE_LOOP ( 'NONE', ( #3906, #2947, #4594, #3162 ) ) ;
#1829 = ORIENTED_EDGE ( 'NONE', *, *, #2758, .F. ) ;
#1830 = EDGE_CURVE ( 'NONE', #437, #2682, #5444, .T. ) ;
#1831 = LINE ( 'NONE', #3546, #110 ) ;
#1832 = VECTOR ( 'NONE', #1055, 1000.000000000000000 ) ;
#1833 = DIRECTION ( 'NONE',  ( -0.000000000000000000, -1.000000000000000000, -0.000000000000000000 ) ) ;
#1834 = ORIENTED_EDGE ( 'NONE', *, *, #4197, .F. ) ;
#1835 = CARTESIAN_POINT ( 'NONE',  ( 6.050731046787924505, 4.500000000000000000, 18.87540278573205299 ) ) ;
#1836 = ORIENTED_EDGE ( 'NONE', *, *, #5057, .F. ) ;
#1837 = VERTEX_POINT ( 'NONE', #5467 ) ;
#1838 = DIRECTION ( 'NONE',  ( -1.000000000000000000, 0.000000000000000000, 4.499226305591503702E-16 ) ) ;
#1839 = CARTESIAN_POINT ( 'NONE',  ( -5.497424232654923415, 0.000000000000000000, -0.1870948220882694968 ) ) ;
#1840 = VECTOR ( 'NONE', #2793, 1000.000000000000000 ) ;
#1841 = B_SPLINE_CURVE_WITH_KNOTS ( 'NONE', 3,
 ( #3613, #236, #5299, #4472 ),
 .UNSPECIFIED., .F., .F.,
 ( 4, 4 ),
 ( 0.000000000000000000, 0.9770361274419799846 ),
 .UNSPECIFIED. ) ;
#1842 = AXIS2_PLACEMENT_3D ( 'NONE', #268, #5364, #3279 ) ;
#1843 = EDGE_CURVE ( 'NONE', #430, #3377, #283, .T. ) ;
#1844 = DIRECTION ( 'NONE',  ( 0.000000000000000000, 0.000000000000000000, -1.000000000000000000 ) ) ;
#1845 = DIRECTION ( 'NONE',  ( 0.000000000000000000, 1.000000000000000000, 0.000000000000000000 ) ) ;
#1846 = PLANE ( 'NONE',  #2050 ) ;
#1847 = FACE_OUTER_BOUND ( 'NONE', #2656, .T. ) ;
#1848 = FILL_AREA_STYLE ('',( #2175 ) ) ;
#1849 = CARTESIAN_POINT ( 'NONE',  ( -10.09518526481079093, 0.000000000000000000, -18.30575936735778342 ) ) ;
#1850 = CARTESIAN_POINT ( 'NONE',  ( 0.000000000000000000, 1.000000000000000000, -27.49999999999999645 ) ) ;
#1851 = EDGE_LOOP ( 'NONE', ( #5049, #558, #803, #3400 ) ) ;
#1852 = CARTESIAN_POINT ( 'NONE',  ( 5.178944678843139471, 1.000000000000000000, 8.105152621701877891 ) ) ;
#1853 = CYLINDRICAL_SURFACE ( 'NONE', #4330, 1.000000000000000888 ) ;
#1854 = VECTOR ( 'NONE', #3243, 1000.000000000000000 ) ;
#1855 = EDGE_LOOP ( 'NONE', ( #5099, #1787, #735, #4636 ) ) ;
#1856 = ORIENTED_EDGE ( 'NONE', *, *, #4275, .F. ) ;
#1857 = CIRCLE ( 'NONE', #4983, 25.00000000000000000 ) ;
#1858 = DIRECTION ( 'NONE',  ( 0.000000000000000000, 0.000000000000000000, 1.000000000000000000 ) ) ;
#1859 = AXIS2_PLACEMENT_3D ( 'NONE', #4042, #539, #247 ) ;
#1860 = EDGE_CURVE ( 'NONE', #4958, #4196, #1785, .T. ) ;
#1861 = ORIENTED_EDGE ( 'NONE', *, *, #468, .F. ) ;
#1862 = EDGE_LOOP ( 'NONE', ( #1078, #5447, #1968, #2382 ) ) ;
#1863 = CARTESIAN_POINT ( 'NONE',  ( -5.821616559493651089, 0.000000000000000000, -2.761273670799589297 ) ) ;
#1864 = CYLINDRICAL_SURFACE ( 'NONE', #2274, 3.500000000000002665 ) ;
#1865 = CARTESIAN_POINT ( 'NONE',  ( -21.83540119763030418, 0.000000000000000000, 2.276251975912782832 ) ) ;
#1866 = EDGE_CURVE ( 'NONE', #333, #1431, #3035, .T. ) ;
#1867 = CARTESIAN_POINT ( 'NONE',  ( 3.262729383827731588, 2.000000000000000000, -7.275249450376218618 ) ) ;
#1868 = DIRECTION ( 'NONE',  ( -0.000000000000000000, -1.000000000000000000, -0.000000000000000000 ) ) ;
#1869 = CARTESIAN_POINT ( 'NONE',  ( 15.66603356776193401, 1.000000000000000000, 15.12574262264957703 ) ) ;
#1870 = CARTESIAN_POINT ( 'NONE',  ( -6.775050528895626201, 2.000000000000000000, 2.276251975912782832 ) ) ;
#1871 = VECTOR ( 'NONE', #4433, 1000.000000000000000 ) ;
#1872 = EDGE_CURVE ( 'NONE', #2728, #699, #2690, .T. ) ;
#1873 = VERTEX_POINT ( 'NONE', #1475 ) ;
#1874 = VECTOR ( 'NONE', #2677, 1000.000000000000000 ) ;
#1875 =( BOUNDED_CURVE ( )  B_SPLINE_CURVE ( 3, ( #5016, #2901, #2468, #2531 ),
 .UNSPECIFIED., .F., .F. ) 
 B_SPLINE_CURVE_WITH_KNOTS ( ( 4, 4 ),
 ( 0.000000000000000000, 1.570796326794896558 ),
 .UNSPECIFIED. ) 
 CURVE ( )  GEOMETRIC_REPRESENTATION_ITEM ( )  RATIONAL_B_SPLINE_CURVE ( ( 1.000000000000000000, 0.8047378541243649375, 0.8047378541243649375, 1.000000000000000000 ) ) 
 REPRESENTATION_ITEM ( '' )  );
#1876 = CARTESIAN_POINT ( 'NONE',  ( 7.826211729580048626, 4.500000000000000000, 9.940907083273062383 ) ) ;
#1877 = DIRECTION ( 'NONE',  ( 0.000000000000000000, 0.000000000000000000, -1.000000000000000000 ) ) ;
#1878 = EDGE_CURVE ( 'NONE', #3021, #2195, #1273, .T. ) ;
#1879 = CARTESIAN_POINT ( 'NONE',  ( -7.550661286023191643, 0.000000000000000000, -1.512571300144474273 ) ) ;
#1880 = DIRECTION ( 'NONE',  ( 0.000000000000000000, 1.000000000000000000, 0.000000000000000000 ) ) ;
#1881 = EDGE_CURVE ( 'NONE', #4045, #5394, #1160, .T. ) ;
#1882 = ORIENTED_EDGE ( 'NONE', *, *, #2994, .F. ) ;
#1883 = CARTESIAN_POINT ( 'NONE',  ( -7.142917960732197535, 3.000000000000000000, -6.790219016762067739 ) ) ;
#1884 = CIRCLE ( 'NONE', #640, 3.499999999999994227 ) ;
#1885 = CARTESIAN_POINT ( 'NONE',  ( -24.35996071693695342, 3.000000000000000000, -3.138175790429038159 ) ) ;
#1886 = EDGE_LOOP ( 'NONE', ( #2679, #2489, #1688, #3877, #3380, #91, #3142, #5192 ) ) ;
#1887 = DIRECTION ( 'NONE',  ( -0.000000000000000000, -1.000000000000000000, -0.000000000000000000 ) ) ;
#1888 = LINE ( 'NONE', #3662, #2671 ) ;
#1889 = VECTOR ( 'NONE', #4193, 1000.000000000000000 ) ;
#1890 = DIRECTION ( 'NONE',  ( 0.000000000000000000, 0.000000000000000000, 1.000000000000000000 ) ) ;
#1891 = CARTESIAN_POINT ( 'NONE',  ( 5.276097604297324217, 0.000000000000000000, 20.44680296371655714 ) ) ;
#1892 = LINE ( 'NONE', #2697, #5194 ) ;
#1893 = CARTESIAN_POINT ( 'NONE',  ( -11.12255427434644162, 4.000000000000000000, 10.30031147355660082 ) ) ;
#1894 = EDGE_CURVE ( 'NONE', #4043, #870, #5152, .T. ) ;
#1895 = EDGE_CURVE ( 'NONE', #1976, #2902, #4342, .T. ) ;
#1896 = DIRECTION ( 'NONE',  ( 0.000000000000000000, 0.000000000000000000, 1.000000000000000000 ) ) ;
#1897 = ORIENTED_EDGE ( 'NONE', *, *, #3047, .F. ) ;
#1898 = EDGE_CURVE ( 'NONE', #845, #765, #4741, .T. ) ;
#1899 = DIRECTION ( 'NONE',  ( 1.000000000000000000, 0.000000000000000000, -3.469446951953611428E-15 ) ) ;
#1900 = LINE ( 'NONE', #4403, #3760 ) ;
#1901 = DIRECTION ( 'NONE',  ( -1.000000000000000000, 0.000000000000000000, 0.000000000000000000 ) ) ;
#1902 = AXIS2_PLACEMENT_3D ( 'NONE', #5257, #2613, #1003 ) ;
#1903 = ORIENTED_EDGE ( 'NONE', *, *, #918, .F. ) ;
#1904 = B_SPLINE_CURVE_WITH_KNOTS ( 'NONE', 3,
 ( #4364, #4422, #5175, #2234, #5252 ),
 .UNSPECIFIED., .F., .F.,
 ( 4, 1, 4 ),
 ( 0.1832132925505926269, 0.5345512233277550651, 0.7175995515452104900 ),
 .UNSPECIFIED. ) ;
#1905 = EDGE_CURVE ( 'NONE', #1767, #2240, #924, .T. ) ;
#1906 = DIRECTION ( 'NONE',  ( 1.000000000000000000, 0.000000000000000000, 0.000000000000000000 ) ) ;
#1907 = ORIENTED_EDGE ( 'NONE', *, *, #4787, .F. ) ;
#1908 = CARTESIAN_POINT ( 'NONE',  ( 18.51227938172107557, 1.000000000000000000, 14.47212721585741591 ) ) ;
#1909 = ORIENTED_EDGE ( 'NONE', *, *, #4368, .T. ) ;
#1910 = VERTEX_POINT ( 'NONE', #60 ) ;
#1911 = CARTESIAN_POINT ( 'NONE',  ( 5.990939753984542371, 4.500000000000000000, 18.99158858756756985 ) ) ;
#1912 = VECTOR ( 'NONE', #4506, 1000.000000000000000 ) ;
#1913 = LINE ( 'NONE', #2756, #3559 ) ;
#1914 = ADVANCED_BREP_SHAPE_REPRESENTATION ( '\X2\5c714e1c804a57ce94a553196263\X0\', ( #4997, #1691 ), #1174 ) ;
#1915 = DIRECTION ( 'NONE',  ( 0.000000000000000000, 0.000000000000000000, 1.000000000000000000 ) ) ;
#1916 = CARTESIAN_POINT ( 'NONE',  ( -11.12255427434644162, 4.000000000000000000, 10.30031147355660082 ) ) ;
#1917 = CARTESIAN_POINT ( 'NONE',  ( -7.025144728550027473, 3.000000000000000000, -2.648830442282950504 ) ) ;
#1918 = CARTESIAN_POINT ( 'NONE',  ( -23.86925808733212406, 0.000000000000000000, 7.433607358498969475 ) ) ;
#1919 = CARTESIAN_POINT ( 'NONE',  ( 5.173926908695253069, 4.500000000000000000, 11.34282906002645674 ) ) ;
#1920 = AXIS2_PLACEMENT_3D ( 'NONE', #1100, #4080, #4498 ) ;
#1921 = DIRECTION ( 'NONE',  ( -0.000000000000000000, -1.000000000000000000, -0.000000000000000000 ) ) ;
#1922 = ORIENTED_EDGE ( 'NONE', *, *, #80, .F. ) ;
#1923 = LINE ( 'NONE', #3644, #2108 ) ;
#1924 = EDGE_CURVE ( 'NONE', #3476, #278, #557, .T. ) ;
#1925 = CARTESIAN_POINT ( 'NONE',  ( -14.30522586326296519, 0.000000000000000000, 19.03607156908305953 ) ) ;
#1926 = DIRECTION ( 'NONE',  ( 0.8882176431559496432, 0.000000000000000000, 0.4594229188737650182 ) ) ;
#1927 = DIRECTION ( 'NONE',  ( -0.000000000000000000, -1.000000000000000000, 0.000000000000000000 ) ) ;
#1928 = ORIENTED_EDGE ( 'NONE', *, *, #1072, .F. ) ;
#1929 = EDGE_LOOP ( 'NONE', ( #4418, #1500, #2895, #173 ) ) ;
#1930 = FACE_OUTER_BOUND ( 'NONE', #5256, .T. ) ;
#1931 = VECTOR ( 'NONE', #5001, 1000.000000000000000 ) ;
#1932 = ORIENTED_EDGE ( 'NONE', *, *, #2625, .T. ) ;
#1933 = EDGE_CURVE ( 'NONE', #2773, #2177, #1748, .T. ) ;
#1934 = CIRCLE ( 'NONE', #4087, 4.000000000000000000 ) ;
#1935 = DIRECTION ( 'NONE',  ( 0.000000000000000000, 0.000000000000000000, -1.000000000000000000 ) ) ;
#1936 = ORIENTED_EDGE ( 'NONE', *, *, #3432, .F. ) ;
#1937 = ORIENTED_EDGE ( 'NONE', *, *, #1012, .T. ) ;
#1938 = CARTESIAN_POINT ( 'NONE',  ( 14.37803633625319577, 1.000000000000000000, 10.63607652721724861 ) ) ;
#1939 = CYLINDRICAL_SURFACE ( 'NONE', #4758, 0.3659525352783322139 ) ;
#1940 = DIRECTION ( 'NONE',  ( -0.9921643972682431256, 0.000000000000000000, 0.1249392203967352177 ) ) ;
#1941 = ADVANCED_FACE ( 'NONE', ( #1744 ), #4479, .F. ) ;
#1942 = AXIS2_PLACEMENT_3D ( 'NONE', #4897, #2741, #4453 ) ;
#1943 = CARTESIAN_POINT ( 'NONE',  ( -6.756350309889692873, 3.000000000000000000, 0.9556972824340209671 ) ) ;
#1944 = ORIENTED_EDGE ( 'NONE', *, *, #4915, .T. ) ;
#1945 = ADVANCED_FACE ( 'NONE', ( #4923 ), #197, .F. ) ;
#1946 = DIRECTION ( 'NONE',  ( -0.1249392203967352177, 0.000000000000000000, -0.9921643972682431256 ) ) ;
#1947 = LINE ( 'NONE', #3249, #1840 ) ;
#1948 = FACE_OUTER_BOUND ( 'NONE', #92, .T. ) ;
#1949 = DIRECTION ( 'NONE',  ( -0.000000000000000000, -1.000000000000000000, -0.000000000000000000 ) ) ;
#1950 = ORIENTED_EDGE ( 'NONE', *, *, #3403, .F. ) ;
#1951 = AXIS2_PLACEMENT_3D ( 'NONE', #4579, #4695, #909 ) ;
#1952 = VERTEX_POINT ( 'NONE', #713 ) ;
#1953 = DIRECTION ( 'NONE',  ( 0.000000000000000000, 1.000000000000000000, 0.000000000000000000 ) ) ;
#1954 = VECTOR ( 'NONE', #2755, 1000.000000000000000 ) ;
#1955 = CARTESIAN_POINT ( 'NONE',  ( 8.692144346554449896, 4.500000000000000000, 20.29770225483711243 ) ) ;
#1956 = CARTESIAN_POINT ( 'NONE',  ( -5.926223190590107492, 2.000000000000000000, 10.30031147355660082 ) ) ;
#1957 = ORIENTED_EDGE ( 'NONE', *, *, #3285, .T. ) ;
#1958 = VECTOR ( 'NONE', #4219, 1000.000000000000000 ) ;
#1959 = VECTOR ( 'NONE', #1880, 1000.000000000000000 ) ;
#1960 = EDGE_LOOP ( 'NONE', ( #5391, #5246, #4774, #2759 ) ) ;
#1961 = CIRCLE ( 'NONE', #284, 27.49999999999999645 ) ;
#1962 = CARTESIAN_POINT ( 'NONE',  ( 8.252759015511520246, 4.500000000000000000, 22.32540895982710438 ) ) ;
#1963 = ORIENTED_EDGE ( 'NONE', *, *, #2914, .F. ) ;
#1964 = EDGE_CURVE ( 'NONE', #958, #1526, #1572, .T. ) ;
#1965 = EDGE_CURVE ( 'NONE', #2247, #3133, #4898, .T. ) ;
#1966 = DIRECTION ( 'NONE',  ( -0.000000000000000000, -1.000000000000000000, -0.000000000000000000 ) ) ;
#1967 = EDGE_LOOP ( 'NONE', ( #777, #2960, #2040, #2779 ) ) ;
#1968 = ORIENTED_EDGE ( 'NONE', *, *, #894, .F. ) ;
#1969 = EDGE_CURVE ( 'NONE', #4425, #4744, #2316, .T. ) ;
#1970 = CARTESIAN_POINT ( 'NONE',  ( -0.9295541296688025756, 0.000000000000000000, 4.475859692455095740 ) ) ;
#1971 = CARTESIAN_POINT ( 'NONE',  ( -24.99090489231199541, 0.000000000000000000, 0.6742941964872288807 ) ) ;
#1972 = CARTESIAN_POINT ( 'NONE',  ( -5.119735385821125639, 3.000000000000000000, 1.044499255393458670 ) ) ;
#1973 = VECTOR ( 'NONE', #5124, 1000.000000000000114 ) ;
#1974 = CARTESIAN_POINT ( 'NONE',  ( -9.319232372904995287, 3.000000000000000000, -3.160283313392068916 ) ) ;
#1975 = ORIENTED_EDGE ( 'NONE', *, *, #642, .F. ) ;
#1976 = VERTEX_POINT ( 'NONE', #5306 ) ;
#1977 = DIRECTION ( 'NONE',  ( -0.000000000000000000, -1.000000000000000000, -0.000000000000000000 ) ) ;
#1978 = DIRECTION ( 'NONE',  ( 0.000000000000000000, 0.000000000000000000, 1.000000000000000000 ) ) ;
#1979 = EDGE_CURVE ( 'NONE', #3754, #5432, #1181, .T. ) ;
#1980 = CYLINDRICAL_SURFACE ( 'NONE', #1070, 1.000000000000000888 ) ;
#1981 = AXIS2_PLACEMENT_3D ( 'NONE', #4296, #4666, #4271 ) ;
#1982 = DIRECTION ( 'NONE',  ( 0.000000000000000000, 0.000000000000000000, 1.000000000000000000 ) ) ;
#1983 = EDGE_CURVE ( 'NONE', #1450, #2079, #5005, .T. ) ;
#1984 = VERTEX_POINT ( 'NONE', #2555 ) ;
#1985 = ORIENTED_EDGE ( 'NONE', *, *, #1252, .T. ) ;
#1986 = CARTESIAN_POINT ( 'NONE',  ( 8.671533440343756283, 4.500000000000000000, 11.54016437390709982 ) ) ;
#1987 = CARTESIAN_POINT ( 'NONE',  ( -10.09518526481079093, 4.500000000000000000, -18.30575936735778342 ) ) ;
#1988 = DIRECTION ( 'NONE',  ( -0.7907237076139120857, 0.000000000000000000, 0.6121731929914184800 ) ) ;
#1989 = ORIENTED_EDGE ( 'NONE', *, *, #2201, .T. ) ;
#1990 = CARTESIAN_POINT ( 'NONE',  ( -22.59850676864272145, 0.000000000000000000, -6.669991051155196082 ) ) ;
#1991 = VERTEX_POINT ( 'NONE', #4257 ) ;
#1992 = VECTOR ( 'NONE', #423, 1000.000000000000000 ) ;
#1993 = ORIENTED_EDGE ( 'NONE', *, *, #2955, .T. ) ;
#1994 = VERTEX_POINT ( 'NONE', #3849 ) ;
#1995 = DIRECTION ( 'NONE',  ( -0.000000000000000000, -1.000000000000000000, -0.000000000000000000 ) ) ;
#1996 = FACE_BOUND ( 'NONE', #690, .T. ) ;
#1997 = FACE_OUTER_BOUND ( 'NONE', #4373, .T. ) ;
#1998 = ORIENTED_EDGE ( 'NONE', *, *, #1105, .T. ) ;
#1999 = LINE ( 'NONE', #2032, #4268 ) ;
#2000 = CARTESIAN_POINT ( 'NONE',  ( -7.098959706348536791, 4.500000000000000000, -16.49671752073908237 ) ) ;
#2001 = LINE ( 'NONE', #3727, #5245 ) ;
#2002 = DIRECTION ( 'NONE',  ( 0.000000000000000000, 0.000000000000000000, 1.000000000000000000 ) ) ;
#2003 = VERTEX_POINT ( 'NONE', #32 ) ;
#2004 = VECTOR ( 'NONE', #171, 1000.000000000000000 ) ;
#2005 = EDGE_CURVE ( 'NONE', #2437, #4229, #3319, .T. ) ;
#2006 = CARTESIAN_POINT ( 'NONE',  ( -7.526991928986009661, 4.500000000000000000, -16.75515207025602749 ) ) ;
#2007 = EDGE_LOOP ( 'NONE', ( #5263, #1176, #2428, #2155, #2109, #3703 ) ) ;
#2008 = VERTEX_POINT ( 'NONE', #1632 ) ;
#2009 = CARTESIAN_POINT ( 'NONE',  ( -2.648801636284767280, 4.500000000000000000, -1.163995599711952211 ) ) ;
#2010 = FACE_OUTER_BOUND ( 'NONE', #719, .T. ) ;
#2011 = EDGE_CURVE ( 'NONE', #1552, #4043, #4565, .T. ) ;
#2012 = EDGE_CURVE ( 'NONE', #5011, #3684, #4151, .T. ) ;
#2013 = ORIENTED_EDGE ( 'NONE', *, *, #2271, .T. ) ;
#2014 = AXIS2_PLACEMENT_3D ( 'NONE', #1533, #337, #3694 ) ;
#2015 = ORIENTED_EDGE ( 'NONE', *, *, #710, .T. ) ;
#2016 = VECTOR ( 'NONE', #676, 1000.000000000000000 ) ;
#2017 = EDGE_CURVE ( 'NONE', #5356, #5375, #5279, .T. ) ;
#2018 = DIRECTION ( 'NONE',  ( 1.000000000000000000, 0.000000000000000000, -2.081668171172173878E-14 ) ) ;
#2019 = ORIENTED_EDGE ( 'NONE', *, *, #2434, .T. ) ;
#2020 = CARTESIAN_POINT ( 'NONE',  ( 4.762182326995337611, 4.500000000000000000, 22.58206901045327442 ) ) ;
#2021 = ORIENTED_EDGE ( 'NONE', *, *, #1898, .F. ) ;
#2022 = EDGE_LOOP ( 'NONE', ( #1922, #5070, #3318, #1541 ) ) ;
#2023 = VERTEX_POINT ( 'NONE', #3936 ) ;
#2024 = FACE_OUTER_BOUND ( 'NONE', #193, .T. ) ;
#2025 = FACE_BOUND ( 'NONE', #1809, .T. ) ;
#2026 = VECTOR ( 'NONE', #2451, 1000.000000000000000 ) ;
#2027 = EDGE_CURVE ( 'NONE', #921, #670, #3099, .T. ) ;
#2028 = CARTESIAN_POINT ( 'NONE',  ( -5.952018012667713798, 3.000000000000000000, 1.112664747935323550 ) ) ;
#2029 = CARTESIAN_POINT ( 'NONE',  ( -24.70470326844515441, 0.000000000000000000, -2.496827861790109182 ) ) ;
#2030 = ORIENTED_EDGE ( 'NONE', *, *, #397, .F. ) ;
#2031 = CARTESIAN_POINT ( 'NONE',  ( 6.073283347945629629, 4.500000000000000000, 13.11327040325435966 ) ) ;
#2032 = CARTESIAN_POINT ( 'NONE',  ( -2.897167792994918667, 0.000000000000000000, -0.6772755380457134988 ) ) ;
#2034 = CARTESIAN_POINT ( 'NONE',  ( -19.49422078686790982, 0.000000000000000000, -6.374889016925513019 ) ) ;
#2033 = CIRCLE ( 'NONE', #5161, 0.4999999999999987232 ) ;
#2035 = DIRECTION ( 'NONE',  ( 0.4409038796534636151, 0.000000000000000000, -0.8975543264374162833 ) ) ;
#2036 = FACE_OUTER_BOUND ( 'NONE', #662, .T. ) ;
#2037 = EDGE_CURVE ( 'NONE', #5356, #1794, #3458, .T. ) ;
#2038 = ORIENTED_EDGE ( 'NONE', *, *, #5185, .T. ) ;
#2039 = DIRECTION ( 'NONE',  ( -0.5168690990339177560, 0.000000000000000000, 0.8560644452749255340 ) ) ;
#2040 = ORIENTED_EDGE ( 'NONE', *, *, #5412, .F. ) ;
#2041 = VERTEX_POINT ( 'NONE', #549 ) ;
#2042 = CARTESIAN_POINT ( 'NONE',  ( -3.350751102568133355, 1.000000000000000000, -5.914089233061559092 ) ) ;
#2043 = EDGE_CURVE ( 'NONE', #854, #1351, #2962, .T. ) ;
#2044 = CARTESIAN_POINT ( 'NONE',  ( 16.28127117317980321, 1.000000000000000000, 9.609026411636929055 ) ) ;
#2045 = VERTEX_POINT ( 'NONE', #4816 ) ;
#2046 = DIRECTION ( 'NONE',  ( 0.000000000000000000, -0.000000000000000000, 1.000000000000000000 ) ) ;
#2047 = EDGE_CURVE ( 'NONE', #4131, #3789, #5232, .T. ) ;
#2048 = PLANE ( 'NONE',  #4091 ) ;
#2049 = ORIENTED_EDGE ( 'NONE', *, *, #3255, .F. ) ;
#2050 = AXIS2_PLACEMENT_3D ( 'NONE', #5173, #5203, #5250 ) ;
#2051 = EDGE_CURVE ( 'NONE', #4285, #3281, #2581, .T. ) ;
#2052 = VERTEX_POINT ( 'NONE', #4892 ) ;
#2053 = CIRCLE ( 'NONE', #5181, 0.5000000000000026645 ) ;
#2054 = ORIENTED_EDGE ( 'NONE', *, *, #621, .T. ) ;
#2055 = ORIENTED_EDGE ( 'NONE', *, *, #4004, .T. ) ;
#2056 = DIRECTION ( 'NONE',  ( -0.000000000000000000, -1.000000000000000000, -0.000000000000000000 ) ) ;
#2057 = CARTESIAN_POINT ( 'NONE',  ( 13.08832123628759625, 1.000000000000000000, 9.949474042137209651 ) ) ;
#2058 = DIRECTION ( 'NONE',  ( -0.000000000000000000, -1.000000000000000000, -0.000000000000000000 ) ) ;
#2059 = ORIENTED_EDGE ( 'NONE', *, *, #687, .T. ) ;
#2060 = LINE ( 'NONE', #5503, #3222 ) ;
#2061 = CARTESIAN_POINT ( 'NONE',  ( 5.111318872980566752, 4.500000000000000000, 20.78224538103997432 ) ) ;
#2062 = DIRECTION ( 'NONE',  ( 1.000000000000000000, 0.000000000000000000, 0.000000000000000000 ) ) ;
#2063 = AXIS2_PLACEMENT_3D ( 'NONE', #163, #617, #3066 ) ;
#2064 = CARTESIAN_POINT ( 'NONE',  ( 0.000000000000000000, 0.000000000000000000, 0.000000000000000000 ) ) ;
#2065 = ORIENTED_EDGE ( 'NONE', *, *, #80, .T. ) ;
#2066 = EDGE_CURVE ( 'NONE', #3618, #1991, #4056, .T. ) ;
#2067 = AXIS2_PLACEMENT_3D ( 'NONE', #5188, #5291, #3158 ) ;
#2068 = ORIENTED_EDGE ( 'NONE', *, *, #1924, .T. ) ;
#2069 = EDGE_CURVE ( 'NONE', #5499, #694, #4424, .T. ) ;
#2070 = DIRECTION ( 'NONE',  ( 0.000000000000000000, 0.000000000000000000, 1.000000000000000000 ) ) ;
#2071 = FACE_OUTER_BOUND ( 'NONE', #5288, .T. ) ;
#2072 = EDGE_CURVE ( 'NONE', #5018, #3772, #2688, .T. ) ;
#2073 = ORIENTED_EDGE ( 'NONE', *, *, #5224, .F. ) ;
#2074 = AXIS2_PLACEMENT_3D ( 'NONE', #3642, #3148, #1896 ) ;
#2075 = ORIENTED_EDGE ( 'NONE', *, *, #15, .T. ) ;
#2076 = FACE_OUTER_BOUND ( 'NONE', #422, .T. ) ;
#2077 = CARTESIAN_POINT ( 'NONE',  ( 24.24816842563832964, 1.000000000000000000, -0.6772755380457134988 ) ) ;
#2078 = ORIENTED_EDGE ( 'NONE', *, *, #1393, .F. ) ;
#2079 = VERTEX_POINT ( 'NONE', #1850 ) ;
#2080 = EDGE_CURVE ( 'NONE', #2919, #2860, #1103, .T. ) ;
#2081 = VERTEX_POINT ( 'NONE', #2767 ) ;
#2082 = ORIENTED_EDGE ( 'NONE', *, *, #84, .F. ) ;
#2083 = LINE ( 'NONE', #1722, #2535 ) ;
#2084 = CIRCLE ( 'NONE', #5211, 0.4999999999999970024 ) ;
#2085 = DIRECTION ( 'NONE',  ( -0.1249392203967352039, 0.000000000000000000, -0.9921643972682431256 ) ) ;
#2086 = DIRECTION ( 'NONE',  ( -0.000000000000000000, -1.000000000000000000, -0.000000000000000000 ) ) ;
#2087 = CARTESIAN_POINT ( 'NONE',  ( 3.131705510549571692, 5.000000000000000000, -23.79479818353569343 ) ) ;
#2088 = ORIENTED_EDGE ( 'NONE', *, *, #166, .T. ) ;
#2089 = ORIENTED_EDGE ( 'NONE', *, *, #822, .T. ) ;
#2090 = CARTESIAN_POINT ( 'NONE',  ( 5.173926908695253069, 4.500000000000000000, 11.34282906002645674 ) ) ;
#2091 = DIRECTION ( 'NONE',  ( -0.000000000000000000, -1.000000000000000000, -0.000000000000000000 ) ) ;
#2092 = DIRECTION ( 'NONE',  ( -0.000000000000000000, -1.000000000000000000, -0.000000000000000000 ) ) ;
#2093 = CARTESIAN_POINT ( 'NONE',  ( -21.83540119763030418, 0.000000000000000000, 10.30031147355660082 ) ) ;
#2094 = DIRECTION ( 'NONE',  ( 0.000000000000000000, 0.000000000000000000, -1.000000000000000000 ) ) ;
#2095 = APPLICATION_CONTEXT ( 'automotive_design' ) ;
#2096 = DIRECTION ( 'NONE',  ( -0.000000000000000000, -1.000000000000000000, -0.000000000000000000 ) ) ;
#2097 = ORIENTED_EDGE ( 'NONE', *, *, #3910, .F. ) ;
#2098 = CARTESIAN_POINT ( 'NONE',  ( -4.936286755388849201, 1.000000000000000000, -9.085160538702997002 ) ) ;
#2099 = DIRECTION ( 'NONE',  ( 0.000000000000000000, 1.000000000000000000, 0.000000000000000000 ) ) ;
#2100 = VECTOR ( 'NONE', #142, 1000.000000000000000 ) ;
#2101 = VERTEX_POINT ( 'NONE', #1030 ) ;
#2102 = EDGE_CURVE ( 'NONE', #2052, #4131, #192, .T. ) ;
#2103 = FACE_OUTER_BOUND ( 'NONE', #4353, .T. ) ;
#2104 = CARTESIAN_POINT ( 'NONE',  ( -9.300823703819945720, 4.500000000000000000, -19.65400563306619475 ) ) ;
#2105 = CARTESIAN_POINT ( 'NONE',  ( 21.44489730750505885, 1.000000000000000222, -8.866133032979735873 ) ) ;
#2106 = ORIENTED_EDGE ( 'NONE', *, *, #4873, .T. ) ;
#2107 = AXIS2_PLACEMENT_3D ( 'NONE', #5201, #4419, #1386 ) ;
#2108 = VECTOR ( 'NONE', #736, 1000.000000000000000 ) ;
#2109 = ORIENTED_EDGE ( 'NONE', *, *, #3120, .F. ) ;
#2110 = ORIENTED_EDGE ( 'NONE', *, *, #3324, .T. ) ;
#2111 = ORIENTED_EDGE ( 'NONE', *, *, #2135, .F. ) ;
#2112 = DIRECTION ( 'NONE',  ( -0.000000000000000000, -1.000000000000000000, -0.000000000000000000 ) ) ;
#2113 = EDGE_CURVE ( 'NONE', #4689, #649, #4167, .T. ) ;
#2114 = CARTESIAN_POINT ( 'NONE',  ( -2.151234503969867706, 4.500000000000000000, -1.213259672218396368 ) ) ;
#2115 = DIRECTION ( 'NONE',  ( 0.000000000000000000, 1.000000000000000000, -0.000000000000000000 ) ) ;
#2116 = EDGE_LOOP ( 'NONE', ( #120, #7, #3864, #2966 ) ) ;
#2117 = EDGE_CURVE ( 'NONE', #2548, #2773, #3701, .T. ) ;
#2118 = DIRECTION ( 'NONE',  ( -0.000000000000000000, -1.000000000000000000, -0.000000000000000000 ) ) ;
#2119 = CARTESIAN_POINT ( 'NONE',  ( -144.0637089102034736, 2.000000000000000000, 10.30031147355660082 ) ) ;
#2120 = CARTESIAN_POINT ( 'NONE',  ( 19.71448070373823214, 1.000000000000000000, 15.37332919643409213 ) ) ;
#2121 = CIRCLE ( 'NONE', #5239, 25.00000000000000000 ) ;
#2122 = ADVANCED_FACE ( 'NONE', ( #748 ), #4929, .T. ) ;
#2123 = AXIS2_PLACEMENT_3D ( 'NONE', #4142, #1132, #317 ) ;
#2124 = DIRECTION ( 'NONE',  ( 0.4409038796534636151, -0.000000000000000000, -0.8975543264374161723 ) ) ;
#2125 = CARTESIAN_POINT ( 'NONE',  ( 7.580300352123007457, 2.000000000000000000, -7.275249450376218618 ) ) ;
#2126 = AXIS2_PLACEMENT_3D ( 'NONE', #5374, #2466, #2809 ) ;
#2127 = ORIENTED_EDGE ( 'NONE', *, *, #582, .T. ) ;
#2128 = DIRECTION ( 'NONE',  ( 1.000000000000000000, 0.000000000000000000, 0.000000000000000000 ) ) ;
#2129 = CARTESIAN_POINT ( 'NONE',  ( -22.68422853593582289, 2.000000000000000000, 10.30031147355660082 ) ) ;
#2130 = ADVANCED_FACE ( 'NONE', ( #1496 ), #279, .T. ) ;
#2131 = ORIENTED_EDGE ( 'NONE', *, *, #1478, .T. ) ;
#2132 = ORIENTED_EDGE ( 'NONE', *, *, #2481, .F. ) ;
#2133 = ORIENTED_EDGE ( 'NONE', *, *, #2625, .F. ) ;
#2134 = CARTESIAN_POINT ( 'NONE',  ( -21.05979044050274140, 0.000000000000000000, 0.6557043731701388545 ) ) ;
#2135 = EDGE_CURVE ( 'NONE', #1873, #3486, #5146, .T. ) ;
#2136 = CARTESIAN_POINT ( 'NONE',  ( -19.29121935362093510, 2.000000000000000000, 10.30031147355660082 ) ) ;
#2137 = PLANE ( 'NONE',  #3581 ) ;
#2138 = ORIENTED_EDGE ( 'NONE', *, *, #4853, .F. ) ;
#2139 = AXIS2_PLACEMENT_3D ( 'NONE', #3445, #1645, #3890 ) ;
#2140 = ORIENTED_EDGE ( 'NONE', *, *, #718, .F. ) ;
#2141 = CARTESIAN_POINT ( 'NONE',  ( 14.85886112789898128, 1.000000000000000000, 10.38606552488512236 ) ) ;
#2142 = CARTESIAN_POINT ( 'NONE',  ( 11.43590431189925916, 0.000000000000000000, -11.68990479761204071 ) ) ;
#2143 = LINE ( 'NONE', #2061, #4887 ) ;
#2144 = ORIENTED_EDGE ( 'NONE', *, *, #3184, .T. ) ;
#2145 = EDGE_CURVE ( 'NONE', #5213, #4934, #1472, .T. ) ;
#2146 = CARTESIAN_POINT ( 'NONE',  ( -1.376359801839812214, 1.500000000000000000, -0.6772755380457134988 ) ) ;
#2147 = DIRECTION ( 'NONE',  ( 0.000000000000000000, 0.000000000000000000, 1.000000000000000000 ) ) ;
#2148 = LINE ( 'NONE', #4733, #2268 ) ;
#2149 = AXIS2_PLACEMENT_3D ( 'NONE', #598, #2280, #1482 ) ;
#2150 = VERTEX_POINT ( 'NONE', #4094 ) ;
#2151 = CARTESIAN_POINT ( 'NONE',  ( -21.83540119763030418, 2.000000000000000000, 5.725833956877303343 ) ) ;
#2152 = CARTESIAN_POINT ( 'NONE',  ( -8.446743404454510440, 0.000000000000000000, -5.641342072858767764 ) ) ;
#2153 = VERTEX_POINT ( 'NONE', #717 ) ;
#2154 = CIRCLE ( 'NONE', #3516, 25.00000000000000000 ) ;
#2155 = ORIENTED_EDGE ( 'NONE', *, *, #1164, .F. ) ;
#2156 = ORIENTED_EDGE ( 'NONE', *, *, #2342, .F. ) ;
#2157 = ORIENTED_EDGE ( 'NONE', *, *, #2958, .T. ) ;
#2158 = CARTESIAN_POINT ( 'NONE',  ( -144.0637089102034736, 2.000000000000000000, -5.634559815357672363 ) ) ;
#2159 = CARTESIAN_POINT ( 'NONE',  ( 13.06566235224200057, 1.000000000000000000, 7.369918219744475252 ) ) ;
#2160 = CARTESIAN_POINT ( 'NONE',  ( 7.580300352123009233, 2.000000000000000000, -1.417274431413076525E-15 ) ) ;
#2161 = EDGE_CURVE ( 'NONE', #2745, #4958, #2749, .T. ) ;
#2162 = DIRECTION ( 'NONE',  ( 0.000000000000000000, 1.000000000000000000, 0.000000000000000000 ) ) ;
#2163 = ORIENTED_EDGE ( 'NONE', *, *, #3120, .T. ) ;
#2164 = ORIENTED_EDGE ( 'NONE', *, *, #687, .F. ) ;
#2165 = CARTESIAN_POINT ( 'NONE',  ( -14.30522586326296519, 0.000000000000000000, 15.85339998016653595 ) ) ;
#2166 = CARTESIAN_POINT ( 'NONE',  ( -24.85318148470999233, 1.500000000000000000, -2.705433438114996925 ) ) ;
#2167 = LINE ( 'NONE', #4757, #4003 ) ;
#2168 = AXIS2_PLACEMENT_3D ( 'NONE', #3554, #4352, #4833 ) ;
#2169 = ORIENTED_EDGE ( 'NONE', *, *, #937, .T. ) ;
#2170 = PLANE ( 'NONE',  #2363 ) ;
#2171 = EDGE_LOOP ( 'NONE', ( #2561, #4412, #332, #1928, #2365, #413, #768, #510 ) ) ;
#2172 = DIRECTION ( 'NONE',  ( 0.000000000000000000, 0.000000000000000000, 1.000000000000000000 ) ) ;
#2173 = CARTESIAN_POINT ( 'NONE',  ( 18.01868807507171866, 0.000000000000000000, 0.8461727172934018215 ) ) ;
#2174 = CARTESIAN_POINT ( 'NONE',  ( -7.550661286023191643, 3.000000000000000000, -1.512571300144474273 ) ) ;
#2175 = FILL_AREA_STYLE_COLOUR ( '', #1158 ) ;
#2176 = EDGE_CURVE ( 'NONE', #564, #3915, #3438, .T. ) ;
#2177 = VERTEX_POINT ( 'NONE', #3803 ) ;
#2178 = LINE ( 'NONE', #2151, #1014 ) ;
#2179 = DIRECTION ( 'NONE',  ( -0.000000000000000000, -1.000000000000000000, -0.000000000000000000 ) ) ;
#2180 = EDGE_CURVE ( 'NONE', #2079, #3750, #3280, .T. ) ;
#2181 = ORIENTED_EDGE ( 'NONE', *, *, #123, .F. ) ;
#2182 = ORIENTED_EDGE ( 'NONE', *, *, #1237, .T. ) ;
#2183 = VERTEX_POINT ( 'NONE', #2502 ) ;
#2184 = CARTESIAN_POINT ( 'NONE',  ( 5.276097604297325105, 4.000000000000000000, 20.44680296371656425 ) ) ;
#2185 = DIRECTION ( 'NONE',  ( 0.000000000000000000, 0.000000000000000000, 1.000000000000000000 ) ) ;
#2186 = CARTESIAN_POINT ( 'NONE',  ( -7.550661286023191643, 2.000000000000000000, -1.512571300144474273 ) ) ;
#2187 = DIRECTION ( 'NONE',  ( 0.000000000000000000, 1.000000000000000000, 0.000000000000000000 ) ) ;
#2188 = VERTEX_POINT ( 'NONE', #2020 ) ;
#2189 = VECTOR ( 'NONE', #1921, 1000.000000000000000 ) ;
#2190 = EDGE_LOOP ( 'NONE', ( #3994, #3605 ) ) ;
#2191 = DIRECTION ( 'NONE',  ( -0.9560542081957356109, 0.000000000000000000, 0.2931899571800254956 ) ) ;
#2192 = PLANE ( 'NONE',  #1254 ) ;
#2193 = CARTESIAN_POINT ( 'NONE',  ( 1.343040028563946553, 0.000000000000000000, 7.464009483118975830 ) ) ;
#2194 = EDGE_CURVE ( 'NONE', #1976, #3423, #1875, .T. ) ;
#2195 = VERTEX_POINT ( 'NONE', #3412 ) ;
#2196 = ORIENTED_EDGE ( 'NONE', *, *, #1860, .F. ) ;
#2197 = DIRECTION ( 'NONE',  ( 0.000000000000000000, 0.000000000000000000, -1.000000000000000000 ) ) ;
#2198 = CARTESIAN_POINT ( 'NONE',  ( 18.01868807507171866, 1.000000000000000000, 0.8461727172934018215 ) ) ;
#2199 = CARTESIAN_POINT ( 'NONE',  ( 16.77833056223746411, 1.000000000000000000, 15.69331943795407369 ) ) ;
#2200 = SURFACE_SIDE_STYLE ('',( #521 ) ) ;
#2201 = EDGE_CURVE ( 'NONE', #3654, #4781, #4263, .T. ) ;
#2202 = VECTOR ( 'NONE', #916, 1000.000000000000000 ) ;
#2203 = ORIENTED_EDGE ( 'NONE', *, *, #2664, .T. ) ;
#2204 = CARTESIAN_POINT ( 'NONE',  ( -4.813994563153771722, 3.000000000000000000, 2.041480187114176559 ) ) ;
#2205 = EDGE_CURVE ( 'NONE', #847, #1699, #5429, .T. ) ;
#2206 = CARTESIAN_POINT ( 'NONE',  ( 6.073283347945629629, 4.500000000000000000, 13.11327040325435966 ) ) ;
#2207 = CARTESIAN_POINT ( 'NONE',  ( -3.083751706071245380, 3.000000000000000000, 6.646644105193371566 ) ) ;
#2208 = AXIS2_PLACEMENT_3D ( 'NONE', #4059, #2862, #1193 ) ;
#2209 = AXIS2_PLACEMENT_3D ( 'NONE', #3799, #5486, #1259 ) ;
#2210 = CARTESIAN_POINT ( 'NONE',  ( 9.132379896515594453, 4.500000000000000000, 20.53475216635451162 ) ) ;
#2211 = ORIENTED_EDGE ( 'NONE', *, *, #3766, .F. ) ;
#2212 = VERTEX_POINT ( 'NONE', #2487 ) ;
#2213 = EDGE_CURVE ( 'NONE', #2845, #2549, #1923, .T. ) ;
#2214 = DIRECTION ( 'NONE',  ( 0.000000000000000000, 1.000000000000000000, -0.000000000000000000 ) ) ;
#2215 = EDGE_CURVE ( 'NONE', #870, #1873, #2859, .T. ) ;
#2216 = LINE ( 'NONE', #4457, #919 ) ;
#2217 = VECTOR ( 'NONE', #2550, 1000.000000000000000 ) ;
#2218 = CARTESIAN_POINT ( 'NONE',  ( 3.262193240155803586, 5.000000000000000000, -24.78624810784967991 ) ) ;
#2219 = ORIENTED_EDGE ( 'NONE', *, *, #5116, .F. ) ;
#2220 = ORIENTED_EDGE ( 'NONE', *, *, #2102, .T. ) ;
#2221 = ORIENTED_EDGE ( 'NONE', *, *, #2415, .T. ) ;
#2222 = DIRECTION ( 'NONE',  ( 1.982541115402065307E-15, 0.000000000000000000, 1.000000000000000000 ) ) ;
#2223 = DIRECTION ( 'NONE',  ( -0.000000000000000000, -1.000000000000000000, -0.000000000000000000 ) ) ;
#2224 = FACE_OUTER_BOUND ( 'NONE', #4979, .T. ) ;
#2225 = CIRCLE ( 'NONE', #2764, 3.500000000000008438 ) ;
#2226 = VECTOR ( 'NONE', #2058, 1000.000000000000000 ) ;
#2227 = VECTOR ( 'NONE', #4808, 1000.000000000000000 ) ;
#2228 = VECTOR ( 'NONE', #1509, 1000.000000000000000 ) ;
#2229 = ORIENTED_EDGE ( 'NONE', *, *, #1284, .F. ) ;
#2230 = DIRECTION ( 'NONE',  ( -0.000000000000000000, -1.000000000000000000, -0.000000000000000000 ) ) ;
#2231 = DIRECTION ( 'NONE',  ( 1.000000000000000000, 0.000000000000000000, 1.214306433183758497E-14 ) ) ;
#2232 = CARTESIAN_POINT ( 'NONE',  ( 22.12664025356033548, 1.000000000000000000, 5.322686877689336349 ) ) ;
#2233 = CARTESIAN_POINT ( 'NONE',  ( -2.545144991300694048, 4.000000000000000000, -21.85228219141554717 ) ) ;
#2234 = CARTESIAN_POINT ( 'NONE',  ( 19.41359150211581408, 1.000000000000000000, 15.10649181508309802 ) ) ;
#2235 = ORIENTED_EDGE ( 'NONE', *, *, #4417, .T. ) ;
#2236 = CARTESIAN_POINT ( 'NONE',  ( -5.595440277569636578, 0.000000000000000000, 6.176864170306810564 ) ) ;
#2237 = FACE_OUTER_BOUND ( 'NONE', #4926, .T. ) ;
#2238 = VECTOR ( 'NONE', #3346, 1000.000000000000227 ) ;
#2239 = VERTEX_POINT ( 'NONE', #766 ) ;
#2240 = VERTEX_POINT ( 'NONE', #4145 ) ;
#2241 = VECTOR ( 'NONE', #724, 1000.000000000000000 ) ;
#2242 = CARTESIAN_POINT ( 'NONE',  ( -7.142917960732197535, 0.000000000000000000, -6.790219016762067739 ) ) ;
#2243 = EDGE_CURVE ( 'NONE', #1771, #281, #3186, .T. ) ;
#2244 = CIRCLE ( 'NONE', #2074, 17.07637162759059635 ) ;
#2245 = VERTEX_POINT ( 'NONE', #4117 ) ;
#2246 = DIRECTION ( 'NONE',  ( 1.000000000000000000, 0.000000000000000000, 0.000000000000000000 ) ) ;
#2247 = VERTEX_POINT ( 'NONE', #270 ) ;
#2248 = ORIENTED_EDGE ( 'NONE', *, *, #3520, .T. ) ;
#2249 = CARTESIAN_POINT ( 'NONE',  ( 0.000000000000000000, 0.000000000000000000, -7.275249450376218618 ) ) ;
#2250 = DIRECTION ( 'NONE',  ( -0.000000000000000000, -1.000000000000000000, -0.000000000000000000 ) ) ;
#2251 = DIRECTION ( 'NONE',  ( -0.000000000000000000, -1.000000000000000000, -0.000000000000000000 ) ) ;
#2252 = EDGE_CURVE ( 'NONE', #3464, #1065, #5392, .T. ) ;
#2253 = LINE ( 'NONE', #4005, #1523 ) ;
#2254 = CARTESIAN_POINT ( 'NONE',  ( -21.83540119763030418, 0.000000000000000000, 5.725833956877303343 ) ) ;
#2255 = CARTESIAN_POINT ( 'NONE',  ( -9.299338581075275556, 4.500000000000000000, -21.45031516991247145 ) ) ;
#2256 = CARTESIAN_POINT ( 'NONE',  ( -21.05979044050274140, 2.000000000000000000, 0.6557043731701388545 ) ) ;
#2257 = CIRCLE ( 'NONE', #3978, 12.76599833254949701 ) ;
#2258 = CARTESIAN_POINT ( 'NONE',  ( 7.580300352123009233, 2.500000000000000000, -1.443461400659377015E-15 ) ) ;
#2259 = ORIENTED_EDGE ( 'NONE', *, *, #1138, .T. ) ;
#2260 = VECTOR ( 'NONE', #4993, 999.9999999999998863 ) ;
#2261 = CARTESIAN_POINT ( 'NONE',  ( -2.545144991300694048, 5.000000000000000000, -21.85228219141554717 ) ) ;
#2262 = CARTESIAN_POINT ( 'NONE',  ( -2.509848933689049932, 3.500000000000000000, -0.6772755380457136098 ) ) ;
#2263 = EDGE_CURVE ( 'NONE', #2183, #3239, #604, .T. ) ;
#2264 = ORIENTED_EDGE ( 'NONE', *, *, #1011, .T. ) ;
#2265 = ORIENTED_EDGE ( 'NONE', *, *, #4095, .T. ) ;
#2266 = CARTESIAN_POINT ( 'NONE',  ( -9.775294961015209338, 3.000000000000000000, -6.558496289193043616 ) ) ;
#2267 = ADVANCED_FACE ( 'NONE', ( #3787 ), #586, .F. ) ;
#2268 = VECTOR ( 'NONE', #5091, 1000.000000000000000 ) ;
#2269 = ORIENTED_EDGE ( 'NONE', *, *, #3620, .F. ) ;
#2270 = ORIENTED_EDGE ( 'NONE', *, *, #1342, .F. ) ;
#2271 = EDGE_CURVE ( 'NONE', #4306, #1220, #49, .T. ) ;
#2272 = CARTESIAN_POINT ( 'NONE',  ( -4.936286755388852754, 0.000000000000000000, -9.085160538703000555 ) ) ;
#2273 = DIRECTION ( 'NONE',  ( -0.000000000000000000, -1.000000000000000000, -0.000000000000000000 ) ) ;
#2274 = AXIS2_PLACEMENT_3D ( 'NONE', #3584, #542, #1844 ) ;
#2275 = VECTOR ( 'NONE', #830, 1000.000000000000000 ) ;
#2276 = EDGE_CURVE ( 'NONE', #893, #5218, #1734, .T. ) ;
#2277 = FACE_OUTER_BOUND ( 'NONE', #3545, .T. ) ;
#2278 = CARTESIAN_POINT ( 'NONE',  ( -3.350751102568133355, 4.500000000000000000, -5.914089233061559092 ) ) ;
#2279 = CARTESIAN_POINT ( 'NONE',  ( -23.86925808733212406, 0.000000000000000000, 7.433607358498969475 ) ) ;
#2280 = DIRECTION ( 'NONE',  ( 0.000000000000000000, 1.000000000000000000, 0.000000000000000000 ) ) ;
#2281 = CARTESIAN_POINT ( 'NONE',  ( 9.376308647352617598, 0.000000000000000000, 15.33150190966323656 ) ) ;
#2282 = CARTESIAN_POINT ( 'NONE',  ( -19.29121935362093510, 3.000000000000000000, -3.160283313392068916 ) ) ;
#2283 = ADVANCED_FACE ( 'NONE', ( #2604 ), #2170, .F. ) ;
#2284 = ORIENTED_EDGE ( 'NONE', *, *, #2047, .F. ) ;
#2285 = CARTESIAN_POINT ( 'NONE',  ( -3.546159964237984852, 0.000000000000000000, 5.964271434009254413 ) ) ;
#2286 = CARTESIAN_POINT ( 'NONE',  ( -2.545144991300694048, 5.000000000000000000, -21.85228219141554717 ) ) ;
#2287 = VECTOR ( 'NONE', #4357, 999.9999999999998863 ) ;
#2288 = VERTEX_POINT ( 'NONE', #4442 ) ;
#2289 = PRESENTATION_LAYER_ASSIGNMENT (  '', '', ( #354 ) ) ;
#2290 = DIRECTION ( 'NONE',  ( -0.000000000000000000, -1.000000000000000000, -0.000000000000000000 ) ) ;
#2291 = ORIENTED_EDGE ( 'NONE', *, *, #1241, .F. ) ;
#2292 = CIRCLE ( 'NONE', #4180, 0.2730065050555079420 ) ;
#2293 = ORIENTED_EDGE ( 'NONE', *, *, #5254, .T. ) ;
#2294 = EDGE_LOOP ( 'NONE', ( #3815, #5079, #1834, #4481 ) ) ;
#2295 = EDGE_CURVE ( 'NONE', #2045, #147, #1023, .T. ) ;
#2296 = CARTESIAN_POINT ( 'NONE',  ( -7.550661286023191643, 2.000000000000000000, 10.30031147355660082 ) ) ;
#2297 = CARTESIAN_POINT ( 'NONE',  ( -5.821616559493961951, 3.000000000000000000, -2.761273670799558655 ) ) ;
#2298 = ADVANCED_FACE ( 'NONE', ( #134 ), #184, .F. ) ;
#2299 = B_SPLINE_SURFACE_WITH_KNOTS ( 'NONE', 3, 1, ( 
 ( #1674, #343 ),
 ( #5056, #5472 ),
 ( #4609, #2034 ),
 ( #3751, #5441 ) ),
 .UNSPECIFIED., .F., .F., .F.,
 ( 4, 4 ),
 ( 2, 2 ),
 ( 0.000000000000000000, 1.000000000000000000 ),
 ( 0.000000000000000000, 1.000000000000000000 ),
 .UNSPECIFIED. ) ;
#2300 = CARTESIAN_POINT ( 'NONE',  ( 2.185563760241189701, 5.000000000000000000, -23.47104551818233276 ) ) ;
#2301 = AXIS2_PLACEMENT_3D ( 'NONE', #4672, #2191, #4276 ) ;
#2302 = DIRECTION ( 'NONE',  ( 1.000000000000000000, 0.000000000000000000, 0.000000000000000000 ) ) ;
#2303 = DIRECTION ( 'NONE',  ( 0.000000000000000000, 0.000000000000000000, 1.000000000000000000 ) ) ;
#2304 = CARTESIAN_POINT ( 'NONE',  ( -19.29121935362093510, 3.000000000000000000, -5.634559815357672363 ) ) ;
#2305 = CARTESIAN_POINT ( 'NONE',  ( -144.0637089102034736, 2.000000000000000000, 2.276251975912782832 ) ) ;
#2306 = VECTOR ( 'NONE', #2884, 1000.000000000000000 ) ;
#2307 = CARTESIAN_POINT ( 'NONE',  ( -144.0637089102034736, 3.000000000000000000, -5.634559815357672363 ) ) ;
#2308 = VECTOR ( 'NONE', #3660, 1000.000000000000000 ) ;
#2309 = CARTESIAN_POINT ( 'NONE',  ( -23.48408689764882240, 3.000000000000000000, 7.546951415004999220 ) ) ;
#2310 = ORIENTED_EDGE ( 'NONE', *, *, #1866, .T. ) ;
#2311 = EDGE_CURVE ( 'NONE', #2245, #1561, #994, .T. ) ;
#2312 = CARTESIAN_POINT ( 'NONE',  ( -24.99090489231199896, 0.000000000000000000, 0.6742941964872306571 ) ) ;
#2313 = CIRCLE ( 'NONE', #3140, 5.000000000000004441 ) ;
#2314 = DIRECTION ( 'NONE',  ( 1.000000000000000000, -0.000000000000000000, 1.224646799147353207E-16 ) ) ;
#2315 = CARTESIAN_POINT ( 'NONE',  ( 15.38644397594097413, 1.000000000000000000, 19.70424679543041790 ) ) ;
#2316 = LINE ( 'NONE', #653, #3225 ) ;
#2317 = ORIENTED_EDGE ( 'NONE', *, *, #301, .T. ) ;
#2318 = CARTESIAN_POINT ( 'NONE',  ( 6.315518787813969581, 1.000000000000000000, -0.7372257117265118564 ) ) ;
#2319 = ORIENTED_EDGE ( 'NONE', *, *, #3224, .F. ) ;
#2320 = CIRCLE ( 'NONE', #2063, 3.500000000000006661 ) ;
#2321 = CARTESIAN_POINT ( 'NONE',  ( -21.52100950101117149, 0.000000000000000000, -5.574093253824975669 ) ) ;
#2322 = CARTESIAN_POINT ( 'NONE',  ( 19.71448070373852701, 0.000000000000000000, 15.37332919643435325 ) ) ;
#2323 = ORIENTED_EDGE ( 'NONE', *, *, #3385, .T. ) ;
#2324 = AXIS2_PLACEMENT_3D ( 'NONE', #2876, #3269, #4160 ) ;
#2325 = CARTESIAN_POINT ( 'NONE',  ( -4.441317907330095274E-15, 2.500000000000000000, -9.871292541587779468 ) ) ;
#2326 = CARTESIAN_POINT ( 'NONE',  ( -21.05979044050274140, 3.000000000000000000, -1.512571300144474273 ) ) ;
#2327 = TOROIDAL_SURFACE ( 'NONE', #5463, 4.000000000000000000, 1.000000000000000000 ) ;
#2328 = ADVANCED_FACE ( 'NONE', ( #3927 ), #104, .F. ) ;
#2329 = DIRECTION ( 'NONE',  ( 1.000000000000000000, -0.000000000000000000, 0.000000000000000000 ) ) ;
#2330 = CARTESIAN_POINT ( 'NONE',  ( -8.252979104027209800, 0.000000000000000000, -2.878459318410577339 ) ) ;
#2331 = CARTESIAN_POINT ( 'NONE',  ( -2.545144991300693604, 5.000000000000000000, -25.85228219141554717 ) ) ;
#2332 = FACE_OUTER_BOUND ( 'NONE', #4664, .T. ) ;
#2333 = CARTESIAN_POINT ( 'NONE',  ( -2.648801636284767280, 4.500000000000000000, -1.163995599711952433 ) ) ;
#2334 = ORIENTED_EDGE ( 'NONE', *, *, #3456, .F. ) ;
#2335 = CARTESIAN_POINT ( 'NONE',  ( -9.069627121638404788, 0.000000000000000000, -21.89442399149044860 ) ) ;
#2336 = EDGE_CURVE ( 'NONE', #3351, #1622, #3301, .T. ) ;
#2337 = CARTESIAN_POINT ( 'NONE',  ( -6.728832792671349594, 4.500000000000000000, -12.70097230556362256 ) ) ;
#2338 = AXIS2_PLACEMENT_3D ( 'NONE', #3030, #4638, #912 ) ;
#2339 = ORIENTED_EDGE ( 'NONE', *, *, #2080, .T. ) ;
#2340 = DIRECTION ( 'NONE',  ( 0.000000000000000000, 1.000000000000000000, -0.000000000000000000 ) ) ;
#2341 = ORIENTED_EDGE ( 'NONE', *, *, #3555, .F. ) ;
#2342 = EDGE_CURVE ( 'NONE', #3423, #3507, #2880, .T. ) ;
#2343 = EDGE_CURVE ( 'NONE', #3345, #5213, #1126, .T. ) ;
#2344 = CARTESIAN_POINT ( 'NONE',  ( -24.49963954926279186, 3.000000000000000000, -3.165881253470625989 ) ) ;
#2345 = DIRECTION ( 'NONE',  ( -0.000000000000000000, -1.000000000000000000, -0.000000000000000000 ) ) ;
#2346 = ORIENTED_EDGE ( 'NONE', *, *, #1732, .F. ) ;
#2347 = ORIENTED_EDGE ( 'NONE', *, *, #935, .F. ) ;
#2348 = LINE ( 'NONE', #4489, #1694 ) ;
#2349 = VECTOR ( 'NONE', #5451, 1000.000000000000000 ) ;
#2350 = DIRECTION ( 'NONE',  ( 0.000000000000000000, -0.000000000000000000, 1.000000000000000000 ) ) ;
#2351 = CARTESIAN_POINT ( 'NONE',  ( 9.613592132573275606, 4.500000000000000000, 17.21581186154043408 ) ) ;
#2352 = CARTESIAN_POINT ( 'NONE',  ( -7.550661286023191643, 0.000000000000000000, 0.6557043731701388545 ) ) ;
#2353 = PLANE ( 'NONE',  #5501 ) ;
#2354 = EDGE_LOOP ( 'NONE', ( #4109, #5431, #3070, #4750 ) ) ;
#2355 = ORIENTED_EDGE ( 'NONE', *, *, #2643, .T. ) ;
#2356 = FACE_OUTER_BOUND ( 'NONE', #417, .T. ) ;
#2357 = DIRECTION ( 'NONE',  ( 0.000000000000000000, 1.000000000000000000, 0.000000000000000000 ) ) ;
#2358 = FACE_OUTER_BOUND ( 'NONE', #5136, .T. ) ;
#2359 = DIRECTION ( 'NONE',  ( -0.000000000000000000, -1.000000000000000000, -0.000000000000000000 ) ) ;
#2360 = DIRECTION ( 'NONE',  ( 0.000000000000000000, 1.000000000000000000, 0.000000000000000000 ) ) ;
#2361 = AXIS2_PLACEMENT_3D ( 'NONE', #4360, #571, #160 ) ;
#2362 = CARTESIAN_POINT ( 'NONE',  ( -2.545144991300693604, 5.000000000000000000, -18.85228219141554717 ) ) ;
#2363 = AXIS2_PLACEMENT_3D ( 'NONE', #4678, #2094, #1071 ) ;
#2364 = ORIENTED_EDGE ( 'NONE', *, *, #3147, .T. ) ;
#2365 = ORIENTED_EDGE ( 'NONE', *, *, #2295, .F. ) ;
#2366 = ADVANCED_FACE ( 'NONE', ( #2821 ), #3090, .T. ) ;
#2367 = ADVANCED_FACE ( 'NONE', ( #669 ), #2353, .T. ) ;
#2368 = CARTESIAN_POINT ( 'NONE',  ( -5.926223190590107492, 3.000000000000000000, 7.579552007672155867 ) ) ;
#2369 = CARTESIAN_POINT ( 'NONE',  ( 18.51096771648515116, 1.000000000000000000, 11.64512715715398983 ) ) ;
#2370 = CARTESIAN_POINT ( 'NONE',  ( 1.343040028563946553, 4.500000000000000000, 7.464009483118975830 ) ) ;
#2371 = ORIENTED_EDGE ( 'NONE', *, *, #4434, .T. ) ;
#2372 = VERTEX_POINT ( 'NONE', #3391 ) ;
#2373 = ADVANCED_FACE ( 'NONE', ( #4299 ), #3998, .T. ) ;
#2374 = B_SPLINE_CURVE_WITH_KNOTS ( 'NONE', 3,
 ( #3343, #353, #2044, #3763, #2369 ),
 .UNSPECIFIED., .F., .F.,
 ( 4, 1, 4 ),
 ( 0.2784031456550631334, 0.5155368386347486398, 1.000000000000000222 ),
 .UNSPECIFIED. ) ;
#2375 = CARTESIAN_POINT ( 'NONE',  ( 19.44313117405898694, 0.000000000000000000, 11.20277310799648163 ) ) ;
#2376 = ORIENTED_EDGE ( 'NONE', *, *, #3052, .F. ) ;
#2377 = DIRECTION ( 'NONE',  ( -0.000000000000000000, -1.000000000000000000, -0.000000000000000000 ) ) ;
#2378 = ORIENTED_EDGE ( 'NONE', *, *, #4036, .T. ) ;
#2379 = CARTESIAN_POINT ( 'NONE',  ( 6.050731046787924505, 4.500000000000000000, 18.87540278573205299 ) ) ;
#2380 = VECTOR ( 'NONE', #733, 1000.000000000000000 ) ;
#2381 = EDGE_CURVE ( 'NONE', #1521, #2526, #817, .T. ) ;
#2382 = ORIENTED_EDGE ( 'NONE', *, *, #2731, .T. ) ;
#2383 = VERTEX_POINT ( 'NONE', #910 ) ;
#2384 = CARTESIAN_POINT ( 'NONE',  ( 5.111318872980566752, 4.500000000000000000, 20.78224538103997432 ) ) ;
#2385 = EDGE_CURVE ( 'NONE', #3048, #4088, #1647, .T. ) ;
#2386 = LINE ( 'NONE', #3297, #3051 ) ;
#2387 = CARTESIAN_POINT ( 'NONE',  ( -8.446743404454510440, 0.000000000000000000, -5.641342072858767764 ) ) ;
#2388 = CARTESIAN_POINT ( 'NONE',  ( 22.02246167943492239, 0.000000000000000000, -11.83263206466846995 ) ) ;
#2389 = TOROIDAL_SURFACE ( 'NONE', #2209, 26.49999999999999645, 1.000000000000000000 ) ;
#2390 = CARTESIAN_POINT ( 'NONE',  ( 7.580300352123007457, 0.000000000000000000, -7.275249450376218618 ) ) ;
#2391 = EDGE_LOOP ( 'NONE', ( #1950, #4671, #1583, #1378 ) ) ;
#2392 = CARTESIAN_POINT ( 'NONE',  ( -22.59850676864272145, 0.000000000000000000, -6.942997556210704246 ) ) ;
#2393 = CARTESIAN_POINT ( 'NONE',  ( 0.000000000000000000, 5.000000000000000000, 0.000000000000000000 ) ) ;
#2394 = ORIENTED_EDGE ( 'NONE', *, *, #1866, .F. ) ;
#2395 = AXIS2_PLACEMENT_3D ( 'NONE', #530, #2214, #3943 ) ;
#2396 = DIRECTION ( 'NONE',  ( 0.000000000000000000, 0.000000000000000000, 1.000000000000000000 ) ) ;
#2397 = EDGE_LOOP ( 'NONE', ( #634, #4963, #3168, #550 ) ) ;
#2398 = FACE_OUTER_BOUND ( 'NONE', #1661, .T. ) ;
#2399 = CARTESIAN_POINT ( 'NONE',  ( 7.664706846501578852, 1.000000000000000000, 9.666371890521228138 ) ) ;
#2400 = EDGE_CURVE ( 'NONE', #3915, #147, #3827, .T. ) ;
#2401 = CIRCLE ( 'NONE', #3313, 27.49999999999999645 ) ;
#2402 = DIRECTION ( 'NONE',  ( -0.8944271909999164105, 0.000000000000000000, 0.4472135954999570395 ) ) ;
#2403 = ORIENTED_EDGE ( 'NONE', *, *, #2720, .F. ) ;
#2404 = CARTESIAN_POINT ( 'NONE',  ( -5.634204430174219347, 4.500000000000000000, -0.8684111646733837508 ) ) ;
#2405 = ORIENTED_EDGE ( 'NONE', *, *, #841, .F. ) ;
#2406 = CARTESIAN_POINT ( 'NONE',  ( 1.343040028563946553, 1.000000000000000000, 7.464009483118975830 ) ) ;
#2407 = VERTEX_POINT ( 'NONE', #1753 ) ;
#2408 = ORIENTED_EDGE ( 'NONE', *, *, #3810, .F. ) ;
#2409 = CARTESIAN_POINT ( 'NONE',  ( -24.49963954926279186, 3.000000000000000000, -2.799928718192294053 ) ) ;
#2410 = B_SPLINE_CURVE_WITH_KNOTS ( 'NONE', 3,
 ( #3775, #4551, #2057, #2411, #3212 ),
 .UNSPECIFIED., .F., .F.,
 ( 4, 1, 4 ),
 ( 0.09090237524432230598, 0.5395028545796501929, 1.000000000000000000 ),
 .UNSPECIFIED. ) ;
#2411 = CARTESIAN_POINT ( 'NONE',  ( 15.66603356776193401, 1.000000000000000000, 15.12574262264957703 ) ) ;
#2412 = CARTESIAN_POINT ( 'NONE',  ( 11.43590431189925916, 0.000000000000000000, -11.68990479761204071 ) ) ;
#2413 = VECTOR ( 'NONE', #2737, 1000.000000000000114 ) ;
#2414 = EDGE_CURVE ( 'NONE', #1526, #437, #3474, .T. ) ;
#2415 = EDGE_CURVE ( 'NONE', #1052, #483, #5164, .T. ) ;
#2416 = CARTESIAN_POINT ( 'NONE',  ( 15.06201914289039578, 0.000000000000000000, -11.35660643310004225 ) ) ;
#2417 = LINE ( 'NONE', #2031, #2541 ) ;
#2418 = EDGE_CURVE ( 'NONE', #1552, #1521, #2708, .T. ) ;
#2419 = DIRECTION ( 'NONE',  ( -0.000000000000000000, -1.000000000000000000, -0.000000000000000000 ) ) ;
#2420 = CARTESIAN_POINT ( 'NONE',  ( -5.459746674439639236, 0.000000000000000000, 2.264445607203656508 ) ) ;
#2421 = DIRECTION ( 'NONE',  ( -0.000000000000000000, -1.000000000000000000, -0.000000000000000000 ) ) ;
#2422 = CIRCLE ( 'NONE', #742, 2.999999999999999112 ) ;
#2423 = DIRECTION ( 'NONE',  ( 0.4409038796534636151, -0.000000000000000000, -0.8975543264374161723 ) ) ;
#2424 = ORIENTED_EDGE ( 'NONE', *, *, #194, .T. ) ;
#2425 = CARTESIAN_POINT ( 'NONE',  ( -0.9295541296688025756, 0.000000000000000000, 4.475859692455095740 ) ) ;
#2426 = DIRECTION ( 'NONE',  ( 1.000000000000000000, -0.000000000000000000, 1.224646799147353207E-16 ) ) ;
#2427 = ORIENTED_EDGE ( 'NONE', *, *, #1434, .T. ) ;
#2428 = ORIENTED_EDGE ( 'NONE', *, *, #5344, .T. ) ;
#2429 = CARTESIAN_POINT ( 'NONE',  ( 0.000000000000000000, 1.000000000000000000, 0.000000000000000000 ) ) ;
#2430 = CARTESIAN_POINT ( 'NONE',  ( -9.069627121638404788, 4.500000000000000000, -21.89442399149044860 ) ) ;
#2431 = VERTEX_POINT ( 'NONE', #4780 ) ;
#2432 = ORIENTED_EDGE ( 'NONE', *, *, #1772, .F. ) ;
#2433 = CARTESIAN_POINT ( 'NONE',  ( -6.775050528895626201, 2.000000000000000000, 10.30031147355660082 ) ) ;
#2434 = EDGE_CURVE ( 'NONE', #3196, #430, #4349, .T. ) ;
#2435 = ORIENTED_EDGE ( 'NONE', *, *, #5423, .F. ) ;
#2436 = EDGE_LOOP ( 'NONE', ( #1807, #4487, #4020, #1492 ) ) ;
#2437 = VERTEX_POINT ( 'NONE', #534 ) ;
#2438 = ORIENTED_EDGE ( 'NONE', *, *, #1860, .T. ) ;
#2439 =( BOUNDED_CURVE ( )  B_SPLINE_CURVE ( 3, ( #2077, #4686, #2105, #5069 ),
 .UNSPECIFIED., .F., .T. ) 
 B_SPLINE_CURVE_WITH_KNOTS ( ( 4, 4 ),
 ( 0.000000000000000000, 1.144669200823301036 ),
 .UNSPECIFIED. ) 
 CURVE ( )  GEOMETRIC_REPRESENTATION_ITEM ( )  RATIONAL_B_SPLINE_CURVE ( ( 1.000000000000000000, 0.8937592378488665723, 0.8937592378488665723, 1.000000000000000000 ) ) 
 REPRESENTATION_ITEM ( '' )  );
#2440 = CARTESIAN_POINT ( 'NONE',  ( 6.141016742134422834, 0.000000000000000000, 17.65309913292901456 ) ) ;
#2441 = EDGE_CURVE ( 'NONE', #1226, #1777, #5389, .T. ) ;
#2442 = DIRECTION ( 'NONE',  ( -0.000000000000000000, -1.000000000000000000, -0.000000000000000000 ) ) ;
#2443 = EDGE_CURVE ( 'NONE', #1588, #3357, #4383, .T. ) ;
#2444 = CARTESIAN_POINT ( 'NONE',  ( -6.756350309889692873, 0.000000000000000000, 0.9556972824340209671 ) ) ;
#2445 = ORIENTED_EDGE ( 'NONE', *, *, #3910, .T. ) ;
#2446 = EDGE_CURVE ( 'NONE', #5357, #4541, #2744, .T. ) ;
#2447 = ORIENTED_EDGE ( 'NONE', *, *, #485, .T. ) ;
#2448 = LINE ( 'NONE', #4188, #1824 ) ;
#2449 = DIRECTION ( 'NONE',  ( 0.07333144303605053371, 0.000000000000000000, 0.9973076252903366745 ) ) ;
#2450 = DIRECTION ( 'NONE',  ( 1.000000000000000000, 0.000000000000000000, 0.000000000000000000 ) ) ;
#2451 = DIRECTION ( 'NONE',  ( -0.000000000000000000, -1.000000000000000000, -0.000000000000000000 ) ) ;
#2452 = DIRECTION ( 'NONE',  ( 0.000000000000000000, 1.000000000000000000, -0.000000000000000000 ) ) ;
#2453 = ORIENTED_EDGE ( 'NONE', *, *, #4915, .F. ) ;
#2454 = EDGE_CURVE ( 'NONE', #4952, #1057, #2842, .T. ) ;
#2455 = CARTESIAN_POINT ( 'NONE',  ( 0.000000000000000000, 0.000000000000000000, 0.000000000000000000 ) ) ;
#2456 = CARTESIAN_POINT ( 'NONE',  ( -21.05979044050274140, 3.000000000000000000, 0.6557043731701388545 ) ) ;
#2457 = EDGE_LOOP ( 'NONE', ( #4854, #1263, #1582, #5395 ) ) ;
#2458 = VERTEX_POINT ( 'NONE', #3714 ) ;
#2459 = FACE_OUTER_BOUND ( 'NONE', #2930, .T. ) ;
#2460 = EDGE_CURVE ( 'NONE', #4657, #5086, #3657, .T. ) ;
#2461 = VECTOR ( 'NONE', #4722, 1000.000000000000000 ) ;
#2462 = LINE ( 'NONE', #4173, #4961 ) ;
#2463 = DIRECTION ( 'NONE',  ( -0.000000000000000000, -1.000000000000000000, 0.000000000000000000 ) ) ;
#2464 = ORIENTED_EDGE ( 'NONE', *, *, #2787, .F. ) ;
#2465 = VECTOR ( 'NONE', #3674, 1000.000000000000000 ) ;
#2466 = DIRECTION ( 'NONE',  ( 1.000000000000000000, 0.000000000000000000, -1.904227185740875922E-16 ) ) ;
#2467 = EDGE_LOOP ( 'NONE', ( #4508, #3237, #3673, #3514 ) ) ;
#2468 = CARTESIAN_POINT ( 'NONE',  ( 18.94115486502150247, 3.000000000000000000, -11.68990479761203893 ) ) ;
#2469 = ORIENTED_EDGE ( 'NONE', *, *, #29, .F. ) ;
#2470 = ORIENTED_EDGE ( 'NONE', *, *, #3491, .F. ) ;
#2471 = ORIENTED_EDGE ( 'NONE', *, *, #2400, .T. ) ;
#2472 = CARTESIAN_POINT ( 'NONE',  ( -22.32097580104471746, 3.000000000000000000, 1.132024953897474928 ) ) ;
#2473 = CARTESIAN_POINT ( 'NONE',  ( -6.729435140960832840, 0.000000000000000000, -5.963253377347609963 ) ) ;
#2474 = VECTOR ( 'NONE', #3955, 1000.000000000000114 ) ;
#2475 = B_SPLINE_CURVE_WITH_KNOTS ( 'NONE', 3,
 ( #632, #3630, #4514, #4904 ),
 .UNSPECIFIED., .F., .F.,
 ( 4, 4 ),
 ( 0.000000000000000000, 0.8807182695301598585 ),
 .UNSPECIFIED. ) ;
#2476 = CARTESIAN_POINT ( 'NONE',  ( -9.650727581598697924, 4.500000000000000000, -12.02087610469260603 ) ) ;
#2477 = ADVANCED_FACE ( 'NONE', ( #3205 ), #4068, .T. ) ;
#2478 = VERTEX_POINT ( 'NONE', #5404 ) ;
#2479 = EDGE_LOOP ( 'NONE', ( #3452, #2127, #5414, #4617 ) ) ;
#2480 = DIRECTION ( 'NONE',  ( -0.000000000000000000, -1.000000000000000000, -0.000000000000000000 ) ) ;
#2481 = EDGE_CURVE ( 'NONE', #5377, #2813, #585, .T. ) ;
#2483 = LINE ( 'NONE', #2913, #2306 ) ;
#2482 = AXIS2_PLACEMENT_3D ( 'NONE', #2429, #3229, #5009 ) ;
#2484 = VECTOR ( 'NONE', #1664, 1000.000000000000000 ) ;
#2485 = CYLINDRICAL_SURFACE ( 'NONE', #1497, 27.49999999999999645 ) ;
#2486 = CARTESIAN_POINT ( 'NONE',  ( -144.0637089102034736, 2.000000000000000000, -1.512571300144474273 ) ) ;
#2487 = CARTESIAN_POINT ( 'NONE',  ( -24.85318148470994615, 0.000000000000000000, -2.705433438114991596 ) ) ;
#2488 = DIRECTION ( 'NONE',  ( 1.000000000000000000, 0.000000000000000000, 3.469446951953581057E-15 ) ) ;
#2489 = ORIENTED_EDGE ( 'NONE', *, *, #2414, .F. ) ;
#2490 = ORIENTED_EDGE ( 'NONE', *, *, #166, .F. ) ;
#2491 = ORIENTED_EDGE ( 'NONE', *, *, #4721, .T. ) ;
#2492 = CARTESIAN_POINT ( 'NONE',  ( 9.596856419122598680, 1.000000000000000000, -0.1191013467986520025 ) ) ;
#2493 = CARTESIAN_POINT ( 'NONE',  ( -2.998276344863465503, 4.500000000000000000, -4.693690156356719712 ) ) ;
#2494 = ADVANCED_FACE ( 'NONE', ( #5019 ), #13, .F. ) ;
#2495 = VERTEX_POINT ( 'NONE', #4399 ) ;
#2496 = CARTESIAN_POINT ( 'NONE',  ( -24.49963954926279186, 3.000000000000000000, -2.799928718192294053 ) ) ;
#2497 = ORIENTED_EDGE ( 'NONE', *, *, #12, .T. ) ;
#2498 = AXIS2_PLACEMENT_3D ( 'NONE', #3996, #3498, #5237 ) ;
#2499 = FACE_OUTER_BOUND ( 'NONE', #2391, .T. ) ;
#2500 = CARTESIAN_POINT ( 'NONE',  ( -10.55771016716183652, 0.000000000000000000, -22.55306836685225846 ) ) ;
#2501 = AXIS2_PLACEMENT_3D ( 'NONE', #2515, #2974, #3842 ) ;
#2502 = CARTESIAN_POINT ( 'NONE',  ( -11.12255427434644162, 4.000000000000000000, 22.38947936898528823 ) ) ;
#2503 = AXIS2_PLACEMENT_3D ( 'NONE', #1956, #1901, #4956 ) ;
#2504 = CIRCLE ( 'NONE', #5349, 1.000000000000000888 ) ;
#2505 = ORIENTED_EDGE ( 'NONE', *, *, #2695, .F. ) ;
#2506 = ORIENTED_EDGE ( 'NONE', *, *, #4760, .F. ) ;
#2507 = ORIENTED_EDGE ( 'NONE', *, *, #844, .T. ) ;
#2508 = LINE ( 'NONE', #5408, #1358 ) ;
#2509 = CARTESIAN_POINT ( 'NONE',  ( 3.262729383827731588, 2.000000000000000000, -0.6772755380457134988 ) ) ;
#2510 = APPLICATION_PROTOCOL_DEFINITION ( 'draft international standard', 'automotive_design', 1998, #2095 ) ;
#2511 = DIRECTION ( 'NONE',  ( 0.000000000000000000, 1.000000000000000000, 0.000000000000000000 ) ) ;
#2512 = ORIENTED_EDGE ( 'NONE', *, *, #1420, .F. ) ;
#2513 = CARTESIAN_POINT ( 'NONE',  ( 7.854976772875013502, 0.000000000000000000, 23.73392803346285973 ) ) ;
#2514 = CARTESIAN_POINT ( 'NONE',  ( -24.95605209363875687, 3.000000000000000000, 1.481709789259915588 ) ) ;
#2515 = CARTESIAN_POINT ( 'NONE',  ( -9.299338581075275556, 4.500000000000000000, -21.45031516991247145 ) ) ;
#2516 = CARTESIAN_POINT ( 'NONE',  ( 19.71448070373823214, 0.000000000000000000, 15.37332919643409213 ) ) ;
#2517 = ADVANCED_FACE ( 'NONE', ( #4818 ), #4369, .T. ) ;
#2518 = CARTESIAN_POINT ( 'NONE',  ( -0.4515270255709274982, 0.000000000000000000, 4.329264713865081049 ) ) ;
#2519 = FACE_OUTER_BOUND ( 'NONE', #339, .T. ) ;
#2520 = EDGE_LOOP ( 'NONE', ( #5273, #1640, #3759, #2235 ) ) ;
#2521 = AXIS2_PLACEMENT_3D ( 'NONE', #2518, #789, #3753 ) ;
#2522 = CARTESIAN_POINT ( 'NONE',  ( -7.617085631133469370, 3.000000000000000000, -5.603183904079728883 ) ) ;
#2523 = CARTESIAN_POINT ( 'NONE',  ( -144.0637089102034736, 2.000000000000000000, 10.30031147355660082 ) ) ;
#2524 = ORIENTED_EDGE ( 'NONE', *, *, #1046, .T. ) ;
#2525 = CARTESIAN_POINT ( 'NONE',  ( -2.648801636284767280, 0.000000000000000000, -1.163995599711952211 ) ) ;
#2526 = VERTEX_POINT ( 'NONE', #3962 ) ;
#2527 = ADVANCED_FACE ( 'NONE', ( #4845 ), #3130, .F. ) ;
#2528 = DIRECTION ( 'NONE',  ( 0.000000000000000000, 0.000000000000000000, -1.000000000000000000 ) ) ;
#2529 = DIRECTION ( 'NONE',  ( 0.000000000000000000, 0.000000000000000000, 1.000000000000000000 ) ) ;
#2530 = ORIENTED_EDGE ( 'NONE', *, *, #3403, .T. ) ;
#2531 = CARTESIAN_POINT ( 'NONE',  ( 11.43590431189925916, 3.000000000000000000, -11.68990479761204071 ) ) ;
#2532 = ORIENTED_EDGE ( 'NONE', *, *, #746, .T. ) ;
#2533 = VERTEX_POINT ( 'NONE', #623 ) ;
#2534 = CARTESIAN_POINT ( 'NONE',  ( -6.481246271067816700, 4.500000000000000000, -4.348841648811680116 ) ) ;
#2535 = VECTOR ( 'NONE', #4745, 1000.000000000000000 ) ;
#2536 = EDGE_CURVE ( 'NONE', #1057, #1526, #5215, .T. ) ;
#2537 = B_SPLINE_SURFACE_WITH_KNOTS ( 'NONE', 3, 1, ( 
 ( #1037, #2748 ),
 ( #5267, #3523 ),
 ( #2266, #1013 ),
 ( #1883, #2242 ) ),
 .UNSPECIFIED., .F., .F., .F.,
 ( 4, 4 ),
 ( 2, 2 ),
 ( 0.000000000000000000, 0.8807182695727387989 ),
 ( 0.000000000000000000, 1.000000000000000000 ),
 .UNSPECIFIED. ) ;
#2538 = PLANE ( 'NONE',  #1456 ) ;
#2539 = PLANE ( 'NONE',  #971 ) ;
#2540 = CARTESIAN_POINT ( 'NONE',  ( -22.70647233790811015, 3.000000000000000000, -2.455369212031081272 ) ) ;
#2541 = VECTOR ( 'NONE', #700, 1000.000000000000000 ) ;
#2542 = DIRECTION ( 'NONE',  ( 0.000000000000000000, 0.000000000000000000, 1.000000000000000000 ) ) ;
#2543 = ORIENTED_EDGE ( 'NONE', *, *, #2635, .T. ) ;
#2544 = DIRECTION ( 'NONE',  ( 0.000000000000000000, 1.000000000000000000, -0.000000000000000000 ) ) ;
#2545 = LINE ( 'NONE', #4303, #3315 ) ;
#2546 = CARTESIAN_POINT ( 'NONE',  ( 9.613592132573275606, 4.500000000000000000, 17.21581186154043408 ) ) ;
#2547 = CARTESIAN_POINT ( 'NONE',  ( -2.629261608067729128, 4.500000000000000000, -1.066664693628379679 ) ) ;
#2548 = VERTEX_POINT ( 'NONE', #1015 ) ;
#2549 = VERTEX_POINT ( 'NONE', #2655 ) ;
#2550 = DIRECTION ( 'NONE',  ( 1.000000000000000000, -0.000000000000000000, 0.000000000000000000 ) ) ;
#2551 = CARTESIAN_POINT ( 'NONE',  ( 5.111318872980566752, 4.000000000000000000, 20.78224538103997432 ) ) ;
#2552 = CARTESIAN_POINT ( 'NONE',  ( 14.66121930011479080, 0.000000000000000000, 6.377796672933437883 ) ) ;
#2553 = EDGE_CURVE ( 'NONE', #99, #2813, #226, .T. ) ;
#2554 = AXIS2_PLACEMENT_3D ( 'NONE', #4850, #3965, #1034 ) ;
#2555 = CARTESIAN_POINT ( 'NONE',  ( 11.43590431189925916, 3.000000000000000000, -0.6772755380457134988 ) ) ;
#2556 = ORIENTED_EDGE ( 'NONE', *, *, #3870, .T. ) ;
#2557 = EDGE_CURVE ( 'NONE', #1031, #694, #5142, .T. ) ;
#2558 = CARTESIAN_POINT ( 'NONE',  ( -23.86925808733409582, 0.000000000000000000, 7.433607358498382389 ) ) ;
#2559 = CARTESIAN_POINT ( 'NONE',  ( -10.55771016716183652, 4.500000000000000000, -22.55306836685225846 ) ) ;
#2560 = EDGE_CURVE ( 'NONE', #4273, #3340, #3891, .T. ) ;
#2561 = ORIENTED_EDGE ( 'NONE', *, *, #2415, .F. ) ;
#2562 = CIRCLE ( 'NONE', #3181, 0.5000000000000022204 ) ;
#2563 = VERTEX_POINT ( 'NONE', #5314 ) ;
#2564 = ORIENTED_EDGE ( 'NONE', *, *, #274, .F. ) ;
#2565 = CARTESIAN_POINT ( 'NONE',  ( 9.596856419122598680, 0.000000000000000000, -0.1191013467986520025 ) ) ;
#2566 = CARTESIAN_POINT ( 'NONE',  ( 3.131705510549571692, 0.000000000000000000, -24.79479818353569343 ) ) ;
#2567 = ADVANCED_FACE ( 'NONE', ( #4458 ), #1804, .F. ) ;
#2568 = DIRECTION ( 'NONE',  ( 0.000000000000000000, 1.000000000000000000, -0.000000000000000000 ) ) ;
#2569 = CARTESIAN_POINT ( 'NONE',  ( -5.634204430174219347, 4.500000000000000000, -0.8684111646733841949 ) ) ;
#2570 = ORIENTED_EDGE ( 'NONE', *, *, #1762, .T. ) ;
#2571 = EDGE_CURVE ( 'NONE', #4229, #2177, #4089, .T. ) ;
#2572 = ORIENTED_EDGE ( 'NONE', *, *, #4936, .F. ) ;
#2573 = CARTESIAN_POINT ( 'NONE',  ( -21.05979044050274140, 0.000000000000000000, -1.512571300144474273 ) ) ;
#2574 = VECTOR ( 'NONE', #725, 1000.000000000000000 ) ;
#2575 = DIRECTION ( 'NONE',  ( -0.000000000000000000, -1.000000000000000000, -0.000000000000000000 ) ) ;
#2576 = CARTESIAN_POINT ( 'NONE',  ( -24.35996071693695342, 0.000000000000000000, -3.138175790429038159 ) ) ;
#2577 = AXIS2_PLACEMENT_3D ( 'NONE', #2770, #217, #1899 ) ;
#2578 = DIRECTION ( 'NONE',  ( 0.000000000000000000, 0.000000000000000000, -1.000000000000000000 ) ) ;
#2579 = LINE ( 'NONE', #188, #4799 ) ;
#2580 = LINE ( 'NONE', #4203, #871 ) ;
#2581 = LINE ( 'NONE', #4284, #3018 ) ;
#2582 = VECTOR ( 'NONE', #513, 1000.000000000000000 ) ;
#2583 = ORIENTED_EDGE ( 'NONE', *, *, #4950, .F. ) ;
#2584 = B_SPLINE_SURFACE_WITH_KNOTS ( 'NONE', 3, 1, ( 
 ( #2399, #925 ),
 ( #3455, #465 ),
 ( #5510, #3372 ),
 ( #4704, #52 ),
 ( #2922, #3904 ) ),
 .UNSPECIFIED., .F., .F., .F.,
 ( 4, 1, 4 ),
 ( 2, 2 ),
 ( 0.2049843004695777460, 0.5040623229221169455, 1.000000000000000000 ),
 ( 0.000000000000000000, 1.000000000000000000 ),
 .UNSPECIFIED. ) ;
#2585 = CARTESIAN_POINT ( 'NONE',  ( 14.85886112789898128, 0.000000000000000000, 10.38606552488512236 ) ) ;
#2586 = CYLINDRICAL_SURFACE ( 'NONE', #1428, 4.639089185667543802 ) ;
#2587 = VERTEX_POINT ( 'NONE', #1256 ) ;
#2588 = EDGE_CURVE ( 'NONE', #3486, #2153, #55, .T. ) ;
#2589 = DIRECTION ( 'NONE',  ( 0.000000000000000000, 1.000000000000000000, 0.000000000000000000 ) ) ;
#2590 = EDGE_LOOP ( 'NONE', ( #128, #3590, #3295, #2438 ) ) ;
#2591 = VERTEX_POINT ( 'NONE', #5148 ) ;
#2592 = EDGE_LOOP ( 'NONE', ( #167, #1328, #4965, #178 ) ) ;
#2593 = CYLINDRICAL_SURFACE ( 'NONE', #2999, 3.500000000000003109 ) ;
#2594 = CIRCLE ( 'NONE', #3944, 12.76599833254949701 ) ;
#2595 = DIRECTION ( 'NONE',  ( -0.09852814501285597770, 0.000000000000000000, -0.9951342646298164674 ) ) ;
#2596 = CARTESIAN_POINT ( 'NONE',  ( 19.71448070373823214, 0.000000000000000000, 15.37332919643409213 ) ) ;
#2597 = ORIENTED_EDGE ( 'NONE', *, *, #4033, .F. ) ;
#2598 = AXIS2_PLACEMENT_3D ( 'NONE', #4592, #1684, #4654 ) ;
#2599 = ORIENTED_EDGE ( 'NONE', *, *, #2336, .T. ) ;
#2600 = ADVANCED_FACE ( 'NONE', ( #2103 ), #4708, .T. ) ;
#2601 = CARTESIAN_POINT ( 'NONE',  ( -23.56505256017154437, 0.000000000000000000, -1.725794036345155158 ) ) ;
#2602 = DIRECTION ( 'NONE',  ( 1.000000000000000000, 0.000000000000000000, 0.000000000000000000 ) ) ;
#2603 = LINE ( 'NONE', #2193, #3647 ) ;
#2604 = FACE_OUTER_BOUND ( 'NONE', #3524, .T. ) ;
#2605 = ORIENTED_EDGE ( 'NONE', *, *, #1060, .T. ) ;
#2606 = DIRECTION ( 'NONE',  ( 0.000000000000000000, 1.000000000000000000, 0.000000000000000000 ) ) ;
#2607 = CARTESIAN_POINT ( 'NONE',  ( -2.648801636284767280, 4.500000000000000000, -1.163995599711952211 ) ) ;
#2608 = DIRECTION ( 'NONE',  ( -1.000000000000000000, 0.000000000000000000, 0.000000000000000000 ) ) ;
#2609 = CARTESIAN_POINT ( 'NONE',  ( -22.75608248248718724, 3.000000000000000000, -6.447050596753054030 ) ) ;
#2610 = VECTOR ( 'NONE', #1445, 1000.000000000000000 ) ;
#2611 = ORIENTED_EDGE ( 'NONE', *, *, #414, .F. ) ;
#2612 = ADVANCED_FACE ( 'NONE', ( #1313, #469, #3878 ), #2925, .T. ) ;
#2613 = DIRECTION ( 'NONE',  ( -0.9560542081957356109, 0.000000000000000000, 0.2931899571800254956 ) ) ;
#2614 = VECTOR ( 'NONE', #4937, 999.9999999999998863 ) ;
#2615 = DIRECTION ( 'NONE',  ( -0.000000000000000000, -1.000000000000000000, -0.000000000000000000 ) ) ;
#2616 = DIRECTION ( 'NONE',  ( -0.000000000000000000, -1.000000000000000000, 0.000000000000000000 ) ) ;
#2617 = LINE ( 'NONE', #1870, #3693 ) ;
#2618 = AXIS2_PLACEMENT_3D ( 'NONE', #4183, #5023, #3691 ) ;
#2619 = ORIENTED_EDGE ( 'NONE', *, *, #5224, .T. ) ;
#2620 = VERTEX_POINT ( 'NONE', #5454 ) ;
#2621 = ORIENTED_EDGE ( 'NONE', *, *, #1878, .T. ) ;
#2622 = EDGE_CURVE ( 'NONE', #278, #4768, #1162, .T. ) ;
#2623 = CARTESIAN_POINT ( 'NONE',  ( -24.99090489231199541, 3.000000000000000000, 0.6742941964872305460 ) ) ;
#2624 = CARTESIAN_POINT ( 'NONE',  ( -2.998276344863465503, 4.500000000000000000, -4.693690156356719712 ) ) ;
#2625 = EDGE_CURVE ( 'NONE', #2188, #2650, #5295, .T. ) ;
#2626 = CARTESIAN_POINT ( 'NONE',  ( 0.000000000000000000, 1.000000000000000000, 0.000000000000000000 ) ) ;
#2627 = CARTESIAN_POINT ( 'NONE',  ( -8.871328207209675298, 5.000000000000000000, -23.37305148755648432 ) ) ;
#2628 = ORIENTED_EDGE ( 'NONE', *, *, #5116, .T. ) ;
#2629 = CARTESIAN_POINT ( 'NONE',  ( -4.936286755388852754, 1.000000000000000000, -9.085160538703000555 ) ) ;
#2630 = EDGE_CURVE ( 'NONE', #2650, #2239, #1043, .T. ) ;
#2631 = ORIENTED_EDGE ( 'NONE', *, *, #1252, .F. ) ;
#2632 = CARTESIAN_POINT ( 'NONE',  ( 19.71448070373823214, 1.000000000000000000, 15.37332919643409213 ) ) ;
#2633 = CARTESIAN_POINT ( 'NONE',  ( -2.151234503969867706, 0.000000000000000000, -1.213259672218396368 ) ) ;
#2634 = CARTESIAN_POINT ( 'NONE',  ( 24.24816842563832964, 0.000000000000000000, -0.6772755380457134988 ) ) ;
#2635 = EDGE_CURVE ( 'NONE', #3021, #4264, #5294, .T. ) ;
#2636 = ADVANCED_FACE ( 'NONE', ( #3977 ), #2658, .T. ) ;
#2637 = VERTEX_POINT ( 'NONE', #1018 ) ;
#2638 = FACE_OUTER_BOUND ( 'NONE', #4630, .T. ) ;
#2639 = CARTESIAN_POINT ( 'NONE',  ( -6.775050528895626201, 2.000000000000000000, 2.276251975912782832 ) ) ;
#2640 = CARTESIAN_POINT ( 'NONE',  ( -21.52100950101117149, 3.000000000000000000, -5.574093253824975669 ) ) ;
#2641 = CARTESIAN_POINT ( 'NONE',  ( -19.29121935362093510, 0.000000000000000000, -5.634559815357672363 ) ) ;
#2642 = ORIENTED_EDGE ( 'NONE', *, *, #3810, .T. ) ;
#2643 = EDGE_CURVE ( 'NONE', #4483, #281, #231, .T. ) ;
#2644 = ADVANCED_FACE ( 'NONE', ( #1119 ), #2815, .F. ) ;
#2645 = DIRECTION ( 'NONE',  ( 0.000000000000000000, 1.000000000000000000, 0.000000000000000000 ) ) ;
#2646 = CIRCLE ( 'NONE', #3817, 26.49999999999999645 ) ;
#2647 = CARTESIAN_POINT ( 'NONE',  ( 3.262729383827731588, 1.500000000000000000, -0.6772755380457134988 ) ) ;
#2648 = DIRECTION ( 'NONE',  ( 0.000000000000000000, -1.000000000000000000, 0.000000000000000000 ) ) ;
#2649 = ORIENTED_EDGE ( 'NONE', *, *, #2135, .T. ) ;
#2650 = VERTEX_POINT ( 'NONE', #2384 ) ;
#2651 = ORIENTED_EDGE ( 'NONE', *, *, #1249, .T. ) ;
#2652 = CARTESIAN_POINT ( 'NONE',  ( -11.12255427434644162, 5.000000000000000000, 22.38947936898528823 ) ) ;
#2653 = CARTESIAN_POINT ( 'NONE',  ( -2.545144991300694048, 1.000000000000000000, -21.85228219141554717 ) ) ;
#2654 = AXIS2_PLACEMENT_3D ( 'NONE', #3084, #966, #2657 ) ;
#2655 = CARTESIAN_POINT ( 'NONE',  ( -24.24437569559783512, 0.000000000000000000, 6.100020256581537126 ) ) ;
#2656 = EDGE_LOOP ( 'NONE', ( #1320, #2248, #4122, #960, #1240, #793, #4177, #4398, #4905, #5184, #959, #4267, #419, #3154, #2512, #3180, #1476, #3233, #2138, #1442, #1529, #1192, #4090, #4046, #776, #3232, #1419, #3437, #2021, #2073, #2133, #4274, #4648, #5040, #399, #1774, #3742, #3883, #2182, #492, #4540, #1127, #615, #1345, #2621, #4874, #502, #1407, #1368, #3013, #2997, #2323, #4137, #2844, #5206, #2775, #5169 ) ) ;
#2657 = DIRECTION ( 'NONE',  ( 0.000000000000000000, 0.000000000000000000, 1.000000000000000000 ) ) ;
#2658 = PLANE ( 'NONE',  #2168 ) ;
#2659 = ORIENTED_EDGE ( 'NONE', *, *, #25, .T. ) ;
#2660 = CARTESIAN_POINT ( 'NONE',  ( -24.70470326844515085, 0.000000000000000000, -2.496827861790109626 ) ) ;
#2661 = DIRECTION ( 'NONE',  ( 1.000000000000000000, 0.000000000000000000, -0.000000000000000000 ) ) ;
#2662 = DIRECTION ( 'NONE',  ( -0.09852814501285596382, 0.000000000000000000, -0.9951342646298164674 ) ) ;
#2663 = PRODUCT_DEFINITION ( 'æœ', '', #815, #4990 ) ;
#2664 = EDGE_CURVE ( 'NONE', #845, #1065, #4100, .T. ) ;
#2665 = DIRECTION ( 'NONE',  ( 0.000000000000000000, 0.000000000000000000, -1.000000000000000000 ) ) ;
#2666 = ORIENTED_EDGE ( 'NONE', *, *, #1216, .T. ) ;
#2667 = CARTESIAN_POINT ( 'NONE',  ( -0.4515270255709274982, 4.500000000000000000, 4.329264713865081049 ) ) ;
#2668 = CARTESIAN_POINT ( 'NONE',  ( -3.350751102568133355, 4.500000000000000000, -5.914089233061559092 ) ) ;
#2669 = PLANE ( 'NONE',  #4038 ) ;
#2670 = CARTESIAN_POINT ( 'NONE',  ( -21.52100950101117149, 3.000000000000000000, -5.574093253824975669 ) ) ;
#2671 = VECTOR ( 'NONE', #4491, 1000.000000000000114 ) ;
#2672 = ORIENTED_EDGE ( 'NONE', *, *, #5506, .F. ) ;
#2673 = CARTESIAN_POINT ( 'NONE',  ( -9.069627121638404788, 0.000000000000000000, -21.89442399149044860 ) ) ;
#2674 = CARTESIAN_POINT ( 'NONE',  ( 10.87412782448192239, 0.000000000000000000, 14.75983023199769661 ) ) ;
#2675 = EDGE_CURVE ( 'NONE', #1431, #351, #2448, .T. ) ;
#2676 = VECTOR ( 'NONE', #1636, 1000.000000000000000 ) ;
#2677 = DIRECTION ( 'NONE',  ( -0.000000000000000000, -1.000000000000000000, -0.000000000000000000 ) ) ;
#2678 = ORIENTED_EDGE ( 'NONE', *, *, #179, .T. ) ;
#2679 = ORIENTED_EDGE ( 'NONE', *, *, #307, .F. ) ;
#2680 = CARTESIAN_POINT ( 'NONE',  ( 6.019248619458947402, 4.500000000000000000, 12.94208635066048174 ) ) ;
#2681 = ORIENTED_EDGE ( 'NONE', *, *, #654, .F. ) ;
#2682 = VERTEX_POINT ( 'NONE', #4078 ) ;
#2683 = CARTESIAN_POINT ( 'NONE',  ( 5.111318872980566752, 4.500000000000000000, 20.78224538103997432 ) ) ;
#2684 = ORIENTED_EDGE ( 'NONE', *, *, #4641, .F. ) ;
#2685 = AXIS2_PLACEMENT_3D ( 'NONE', #4835, #3160, #5219 ) ;
#2686 = DIRECTION ( 'NONE',  ( 1.000000000000000000, 0.000000000000000000, 0.000000000000000000 ) ) ;
#2687 = DIRECTION ( 'NONE',  ( 0.000000000000000000, 1.000000000000000000, -0.000000000000000000 ) ) ;
#2688 = B_SPLINE_CURVE_WITH_KNOTS ( 'NONE', 3,
 ( #3589, #706, #2309, #5255 ),
 .UNSPECIFIED., .F., .F.,
 ( 4, 4 ),
 ( 0.000000000000000000, 0.2951753871509101845 ),
 .UNSPECIFIED. ) ;
#2689 = CIRCLE ( 'NONE', #1082, 5.000000000000004441 ) ;
#2690 = CIRCLE ( 'NONE', #464, 25.00000000000000000 ) ;
#2691 = AXIS2_PLACEMENT_3D ( 'NONE', #1479, #180, #1020 ) ;
#2692 = CARTESIAN_POINT ( 'NONE',  ( -9.299338581075275556, 4.500000000000000000, -21.45031516991247145 ) ) ;
#2693 = LINE ( 'NONE', #4331, #1578 ) ;
#2694 = DIRECTION ( 'NONE',  ( -0.1249392203967352039, 0.000000000000000000, -0.9921643972682431256 ) ) ;
#2695 = EDGE_CURVE ( 'NONE', #4689, #854, #2417, .T. ) ;
#2696 = CARTESIAN_POINT ( 'NONE',  ( 11.43590431189925916, 2.500000000000000000, -9.871292541587784797 ) ) ;
#2697 = CARTESIAN_POINT ( 'NONE',  ( 1.439155157666183182, 0.000000000000000000, -8.793029996739578635 ) ) ;
#2698 = EDGE_LOOP ( 'NONE', ( #3666, #4960, #1567, #98 ) ) ;
#2699 = CARTESIAN_POINT ( 'NONE',  ( -2.545144991300693604, 4.000000000000000000, -25.85228219141554717 ) ) ;
#2700 = DIRECTION ( 'NONE',  ( -0.000000000000000000, -1.000000000000000000, 0.000000000000000000 ) ) ;
#2701 = CIRCLE ( 'NONE', #295, 1.000000000000000888 ) ;
#2702 = ORIENTED_EDGE ( 'NONE', *, *, #1235, .T. ) ;
#2703 = EDGE_CURVE ( 'NONE', #4775, #1098, #671, .T. ) ;
#2704 = EDGE_LOOP ( 'NONE', ( #3643, #4717, #1156, #1109, #1957 ) ) ;
#2705 = VECTOR ( 'NONE', #2085, 1000.000000000000000 ) ;
#2706 = CARTESIAN_POINT ( 'NONE',  ( 3.262729383827731588, 2.000000000000000000, -7.275249450376218618 ) ) ;
#2707 = ADVANCED_FACE ( 'NONE', ( #2356 ), #5258, .F. ) ;
#2708 = LINE ( 'NONE', #3973, #5478 ) ;
#2709 = ORIENTED_EDGE ( 'NONE', *, *, #4280, .F. ) ;
#2710 = VERTEX_POINT ( 'NONE', #1727 ) ;
#2711 = EDGE_CURVE ( 'NONE', #1260, #743, #1208, .T. ) ;
#2712 = DIRECTION ( 'NONE',  ( 0.000000000000000000, 1.000000000000000000, 0.000000000000000000 ) ) ;
#2713 = FACE_OUTER_BOUND ( 'NONE', #1142, .T. ) ;
#2714 = CARTESIAN_POINT ( 'NONE',  ( 9.049776539750350679, 4.500000000000000000, 12.73845274206413158 ) ) ;
#2715 = DIRECTION ( 'NONE',  ( -0.09852814501285596382, 0.000000000000000000, -0.9951342646298164674 ) ) ;
#2716 = LINE ( 'NONE', #520, #2413 ) ;
#2717 = DIRECTION ( 'NONE',  ( -0.000000000000000000, -1.000000000000000000, -0.000000000000000000 ) ) ;
#2718 = VERTEX_POINT ( 'NONE', #2629 ) ;
#2719 = B_SPLINE_SURFACE_WITH_KNOTS ( 'NONE', 3, 1, ( 
 ( #644, #1131 ),
 ( #2825, #2330 ),
 ( #1917, #3220 ),
 ( #4917, #1808 ) ),
 .UNSPECIFIED., .F., .F., .F.,
 ( 4, 4 ),
 ( 2, 2 ),
 ( 0.000000000000000000, 0.6536719379264840368 ),
 ( 0.000000000000000000, 1.000000000000000000 ),
 .UNSPECIFIED. ) ;
#2720 = EDGE_CURVE ( 'NONE', #4070, #2437, #456, .T. ) ;
#2721 = CARTESIAN_POINT ( 'NONE',  ( 17.61503612425674348, 0.000000000000000000, 11.27737329950637424 ) ) ;
#2722 = CARTESIAN_POINT ( 'NONE',  ( -6.689063923350071939, 4.500000000000000000, -12.59071487462547445 ) ) ;
#2723 = ADVANCED_FACE ( 'NONE', ( #882 ), #3447, .F. ) ;
#2724 = VERTEX_POINT ( 'NONE', #19 ) ;
#2725 = LINE ( 'NONE', #2706, #1871 ) ;
#2726 = AXIS2_PLACEMENT_3D ( 'NONE', #5119, #1311, #3011 ) ;
#2727 = ORIENTED_EDGE ( 'NONE', *, *, #1465, .F. ) ;
#2728 = VERTEX_POINT ( 'NONE', #2513 ) ;
#2729 = LINE ( 'NONE', #2249, #4380 ) ;
#2730 = LINE ( 'NONE', #1045, #263 ) ;
#2731 = EDGE_CURVE ( 'NONE', #2620, #893, #1701, .T. ) ;
#2732 = CIRCLE ( 'NONE', #1951, 1.000000000000000888 ) ;
#2733 = EDGE_CURVE ( 'NONE', #1041, #5432, #4241, .T. ) ;
#2734 = DIRECTION ( 'NONE',  ( -0.000000000000000000, -1.000000000000000000, -0.000000000000000000 ) ) ;
#2735 = VECTOR ( 'NONE', #3141, 1000.000000000000000 ) ;
#2736 = CARTESIAN_POINT ( 'NONE',  ( -5.821616559493651089, 3.000000000000000000, -2.761273670799587077 ) ) ;
#2737 = DIRECTION ( 'NONE',  ( 0.2791423629542094664, 0.000000000000000000, -0.9602497285624924661 ) ) ;
#2738 = PLANE ( 'NONE',  #347 ) ;
#2739 = CARTESIAN_POINT ( 'NONE',  ( 18.51096771648515116, 1.000000000000000000, 11.64512715715398983 ) ) ;
#2740 = CARTESIAN_POINT ( 'NONE',  ( -19.29121935362093510, 2.000000000000000000, -5.634559815357672363 ) ) ;
#2741 = DIRECTION ( 'NONE',  ( -0.9951342646298164674, 0.000000000000000000, 0.09852814501285597770 ) ) ;
#2742 = AXIS2_PLACEMENT_3D ( 'NONE', #1187, #1676, #3784 ) ;
#2743 = CARTESIAN_POINT ( 'NONE',  ( -24.95605209363875687, 3.000000000000000000, 1.481709789259913812 ) ) ;
#2744 = B_SPLINE_CURVE_WITH_KNOTS ( 'NONE', 3,
 ( #3686, #2872, #4572, #3264 ),
 .UNSPECIFIED., .F., .F.,
 ( 4, 4 ),
 ( 0.000000000000000000, 1.000000000000000000 ),
 .UNSPECIFIED. ) ;
#2745 = VERTEX_POINT ( 'NONE', #4646 ) ;
#2746 = AXIS2_PLACEMENT_3D ( 'NONE', #4848, #1137, #4590 ) ;
#2747 = DIRECTION ( 'NONE',  ( -0.000000000000000000, 1.000000000000000000, 0.000000000000000000 ) ) ;
#2748 = CARTESIAN_POINT ( 'NONE',  ( -14.30522586326296519, 0.000000000000000000, -9.350571778467759998 ) ) ;
#2749 = LINE ( 'NONE', #5488, #3729 ) ;
#2750 = CARTESIAN_POINT ( 'NONE',  ( -22.75608248248718724, 0.000000000000000000, -6.447050596753057583 ) ) ;
#2751 = ORIENTED_EDGE ( 'NONE', *, *, #1216, .F. ) ;
#2752 = CARTESIAN_POINT ( 'NONE',  ( 19.41359150211581763, 1.000000000000000000, 15.10649181508309802 ) ) ;
#2753 = ORIENTED_EDGE ( 'NONE', *, *, #1393, .T. ) ;
#2754 = ORIENTED_EDGE ( 'NONE', *, *, #5323, .F. ) ;
#2755 = DIRECTION ( 'NONE',  ( -0.000000000000000000, -1.000000000000000000, -0.000000000000000000 ) ) ;
#2756 = CARTESIAN_POINT ( 'NONE',  ( 7.854976772875009949, 5.000000000000000000, 23.73392803346285618 ) ) ;
#2757 = CIRCLE ( 'NONE', #3309, 25.00000000000000000 ) ;
#2758 = EDGE_CURVE ( 'NONE', #537, #4544, #148, .T. ) ;
#2759 = ORIENTED_EDGE ( 'NONE', *, *, #3804, .F. ) ;
#2760 = DIRECTION ( 'NONE',  ( -1.000000000000000000, 0.000000000000000000, 0.000000000000000000 ) ) ;
#2761 = DIRECTION ( 'NONE',  ( 0.6121731929914184800, 0.000000000000000000, 0.7907237076139120857 ) ) ;
#2762 = CARTESIAN_POINT ( 'NONE',  ( -24.49963954926279186, 3.000000000000000000, -3.165881253470625989 ) ) ;
#2763 = CARTESIAN_POINT ( 'NONE',  ( -6.728832792671349594, 4.500000000000000000, -12.70097230556362256 ) ) ;
#2764 = AXIS2_PLACEMENT_3D ( 'NONE', #4362, #4394, #1417 ) ;
#2765 = DIRECTION ( 'NONE',  ( -0.000000000000000000, -1.000000000000000000, -0.000000000000000000 ) ) ;
#2766 = AXIS2_PLACEMENT_3D ( 'NONE', #4464, #3556, #3636 ) ;
#2767 = CARTESIAN_POINT ( 'NONE',  ( -19.29121935362093510, 0.000000000000000000, -3.160283313392068916 ) ) ;
#2768 = ORIENTED_EDGE ( 'NONE', *, *, #1124, .T. ) ;
#2769 = VECTOR ( 'NONE', #4702, 1000.000000000000114 ) ;
#2770 = CARTESIAN_POINT ( 'NONE',  ( -0.4515270255709274982, 4.500000000000000000, 4.329264713865081049 ) ) ;
#2771 = ADVANCED_FACE ( 'NONE', ( #3732 ), #2917, .T. ) ;
#2772 = LINE ( 'NONE', #5334, #326 ) ;
#2773 = VERTEX_POINT ( 'NONE', #2946 ) ;
#2774 = CARTESIAN_POINT ( 'NONE',  ( -3.878919526681743335, 0.000000000000000000, 7.141379330462870101 ) ) ;
#2775 = ORIENTED_EDGE ( 'NONE', *, *, #4505, .T. ) ;
#2776 = CIRCLE ( 'NONE', #562, 2.999999999999999112 ) ;
#2777 = VERTEX_POINT ( 'NONE', #2980 ) ;
#2778 = CARTESIAN_POINT ( 'NONE',  ( 16.77833056207983731, 1.000000000000000000, 15.69331943803113560 ) ) ;
#2779 = ORIENTED_EDGE ( 'NONE', *, *, #1692, .T. ) ;
#2780 = VECTOR ( 'NONE', #1653, 1000.000000000000000 ) ;
#2781 = ORIENTED_EDGE ( 'NONE', *, *, #3042, .F. ) ;
#2782 = CARTESIAN_POINT ( 'NONE',  ( 1.439155157666183182, 4.000000000000000000, -8.793029996739578635 ) ) ;
#2783 = CARTESIAN_POINT ( 'NONE',  ( 7.580300352123009233, 2.500000000000000000, -0.6772755380457134988 ) ) ;
#2784 = CARTESIAN_POINT ( 'NONE',  ( -6.756350310945821391, 3.000000000000000000, 0.9556972820351458120 ) ) ;
#2785 = AXIS2_PLACEMENT_3D ( 'NONE', #675, #2360, #929 ) ;
#2786 = DIRECTION ( 'NONE',  ( 0.2266987336236721273, 0.000000000000000000, 0.9739649296424502944 ) ) ;
#2787 = EDGE_CURVE ( 'NONE', #3995, #4174, #4777, .T. ) ;
#2788 = CARTESIAN_POINT ( 'NONE',  ( -21.05979044050274140, 0.000000000000000000, -1.512571300144474273 ) ) ;
#2789 = ORIENTED_EDGE ( 'NONE', *, *, #4613, .T. ) ;
#2790 = ORIENTED_EDGE ( 'NONE', *, *, #1544, .T. ) ;
#2791 = EDGE_CURVE ( 'NONE', #2888, #1685, #3822, .T. ) ;
#2792 = LINE ( 'NONE', #1073, #4736 ) ;
#2793 = DIRECTION ( 'NONE',  ( -0.000000000000000000, -1.000000000000000000, -0.000000000000000000 ) ) ;
#2794 = DIRECTION ( 'NONE',  ( 1.000000000000000000, 0.000000000000000000, 0.000000000000000000 ) ) ;
#2795 = DIRECTION ( 'NONE',  ( 0.000000000000000000, 0.000000000000000000, -1.000000000000000000 ) ) ;
#2796 = ADVANCED_FACE ( 'NONE', ( #3366 ), #1167, .F. ) ;
#2797 = EDGE_LOOP ( 'NONE', ( #973, #2965, #3155, #5115, #3533, #177, #3320, #4337, #146, #4807, #2932, #473, #4291, #4806 ) ) ;
#2798 = DIRECTION ( 'NONE',  ( -0.2931899571800254400, 0.000000000000000000, -0.9560542081957354998 ) ) ;
#2799 = ORIENTED_EDGE ( 'NONE', *, *, #4709, .F. ) ;
#2800 = AXIS2_PLACEMENT_3D ( 'NONE', #3441, #5075, #450 ) ;
#2801 = CYLINDRICAL_SURFACE ( 'NONE', #2208, 0.5000000000000022204 ) ;
#2802 = CARTESIAN_POINT ( 'NONE',  ( -19.29121935362093510, 0.000000000000000000, -3.160283313392068916 ) ) ;
#2803 = VECTOR ( 'NONE', #4185, 1000.000000000000000 ) ;
#2804 = EDGE_CURVE ( 'NONE', #1910, #2247, #522, .T. ) ;
#2805 = EDGE_LOOP ( 'NONE', ( #2891, #2754, #45, #153 ) ) ;
#2806 = VECTOR ( 'NONE', #382, 1000.000000000000114 ) ;
#2807 = EDGE_CURVE ( 'NONE', #2495, #5218, #767, .T. ) ;
#2808 = ORIENTED_EDGE ( 'NONE', *, *, #3378, .T. ) ;
#2809 = DIRECTION ( 'NONE',  ( -1.904227185740875922E-16, 0.000000000000000000, -1.000000000000000000 ) ) ;
#2810 = ORIENTED_EDGE ( 'NONE', *, *, #3623, .T. ) ;
#2811 = ORIENTED_EDGE ( 'NONE', *, *, #5024, .F. ) ;
#2812 = CARTESIAN_POINT ( 'NONE',  ( -3.350751102568133355, 1.000000000000000000, -5.914089233061559092 ) ) ;
#2813 = VERTEX_POINT ( 'NONE', #1624 ) ;
#2814 = ORIENTED_EDGE ( 'NONE', *, *, #2557, .F. ) ;
#2815 = PLANE ( 'NONE',  #498 ) ;
#2816 = DIRECTION ( 'NONE',  ( -0.000000000000000000, -1.000000000000000000, -0.000000000000000000 ) ) ;
#2817 = CIRCLE ( 'NONE', #5047, 3.182671588916524463 ) ;
#2818 = DIRECTION ( 'NONE',  ( -0.000000000000000000, -1.000000000000000000, -0.000000000000000000 ) ) ;
#2819 = CARTESIAN_POINT ( 'NONE',  ( 18.51096771648515116, 1.000000000000000000, 11.64512715715398983 ) ) ;
#2820 = DIRECTION ( 'NONE',  ( -0.000000000000000000, -1.000000000000000000, -0.000000000000000000 ) ) ;
#2821 = FACE_OUTER_BOUND ( 'NONE', #868, .T. ) ;
#2822 = ORIENTED_EDGE ( 'NONE', *, *, #1814, .T. ) ;
#2823 = CARTESIAN_POINT ( 'NONE',  ( 15.38644397594097590, 1.694065894508600678E-18, 19.70424679543041790 ) ) ;
#2824 = CARTESIAN_POINT ( 'NONE',  ( -7.550661286023191643, 0.000000000000000000, 10.30031147355660082 ) ) ;
#2825 = CARTESIAN_POINT ( 'NONE',  ( -8.252979104027209800, 3.000000000000000000, -2.878459318410577339 ) ) ;
#2826 = DIRECTION ( 'NONE',  ( 0.000000000000000000, 0.000000000000000000, 1.000000000000000000 ) ) ;
#2827 = EDGE_CURVE ( 'NONE', #1450, #2041, #4688, .T. ) ;
#2828 = DIRECTION ( 'NONE',  ( -0.000000000000000000, -1.000000000000000000, 0.000000000000000000 ) ) ;
#2829 = AXIS2_PLACEMENT_3D ( 'NONE', #1511, #5328, #4471 ) ;
#2830 = AXIS2_PLACEMENT_3D ( 'NONE', #2455, #1135, #2396 ) ;
#2831 = VERTEX_POINT ( 'NONE', #1655 ) ;
#2832 = ORIENTED_EDGE ( 'NONE', *, *, #3062, .F. ) ;
#2833 = CARTESIAN_POINT ( 'NONE',  ( 6.637098940768540345, 0.000000000000000000, 17.59062952273064084 ) ) ;
#2834 = CARTESIAN_POINT ( 'NONE',  ( -24.35996077372989888, 3.000000000000000000, -3.138175813881626919 ) ) ;
#2835 = ORIENTED_EDGE ( 'NONE', *, *, #245, .F. ) ;
#2836 = ORIENTED_EDGE ( 'NONE', *, *, #5187, .T. ) ;
#2837 = ADVANCED_FACE ( 'NONE', ( #2519 ), #4223, .F. ) ;
#2838 = CARTESIAN_POINT ( 'NONE',  ( -1.896515600355716868, 4.500000000000000000, 1.322724461954286390 ) ) ;
#2839 = VECTOR ( 'NONE', #2419, 1000.000000000000000 ) ;
#2840 = ORIENTED_EDGE ( 'NONE', *, *, #4054, .T. ) ;
#2841 = EDGE_CURVE ( 'NONE', #3239, #2637, #596, .T. ) ;
#2842 = LINE ( 'NONE', #3631, #3709 ) ;
#2843 = VECTOR ( 'NONE', #3146, 1000.000000000000000 ) ;
#2844 = ORIENTED_EDGE ( 'NONE', *, *, #5024, .T. ) ;
#2845 = VERTEX_POINT ( 'NONE', #1415 ) ;
#2846 = DIRECTION ( 'NONE',  ( 1.000000000000000000, 0.000000000000000000, 0.000000000000000000 ) ) ;
#2847 = CARTESIAN_POINT ( 'NONE',  ( -9.319232372904995287, 2.000000000000000000, -3.160283313392068916 ) ) ;
#2848 = DIRECTION ( 'NONE',  ( -0.000000000000000000, -1.000000000000000000, -0.000000000000000000 ) ) ;
#2849 = CIRCLE ( 'NONE', #4542, 3.499999999999994227 ) ;
#2850 = CARTESIAN_POINT ( 'NONE',  ( 0.000000000000000000, 0.000000000000000000, 0.000000000000000000 ) ) ;
#2851 = DIRECTION ( 'NONE',  ( -0.000000000000000000, -1.000000000000000000, -0.000000000000000000 ) ) ;
#2852 = ORIENTED_EDGE ( 'NONE', *, *, #2481, .T. ) ;
#2853 = CARTESIAN_POINT ( 'NONE',  ( 0.000000000000000000, 5.000000000000000000, -27.49999999999999645 ) ) ;
#2854 = DIRECTION ( 'NONE',  ( -0.000000000000000000, -1.000000000000000000, -0.000000000000000000 ) ) ;
#2855 = CARTESIAN_POINT ( 'NONE',  ( -21.83540119763030418, 2.000000000000000000, 10.30031147355660082 ) ) ;
#2856 = CARTESIAN_POINT ( 'NONE',  ( -24.49963954926279186, 0.000000000000000000, -2.799928718192294053 ) ) ;
#2857 = B_SPLINE_CURVE_WITH_KNOTS ( 'NONE', 3,
 ( #2174, #5064, #797, #380 ),
 .UNSPECIFIED., .F., .F.,
 ( 4, 4 ),
 ( 0.000000000000000000, 0.4834672425474226265 ),
 .UNSPECIFIED. ) ;
#2858 = ORIENTED_EDGE ( 'NONE', *, *, #4959, .T. ) ;
#2859 = LINE ( 'NONE', #2425, #1329 ) ;
#2860 = VERTEX_POINT ( 'NONE', #4863 ) ;
#2861 = EDGE_CURVE ( 'NONE', #446, #1449, #1143, .T. ) ;
#2862 = DIRECTION ( 'NONE',  ( -0.000000000000000000, -1.000000000000000000, -0.000000000000000000 ) ) ;
#2863 = FACE_OUTER_BOUND ( 'NONE', #3739, .T. ) ;
#2864 = VERTEX_POINT ( 'NONE', #3984 ) ;
#2865 = ORIENTED_EDGE ( 'NONE', *, *, #2536, .F. ) ;
#2866 = DIRECTION ( 'NONE',  ( 0.000000000000000000, 0.000000000000000000, 1.000000000000000000 ) ) ;
#2867 = EDGE_CURVE ( 'NONE', #2023, #467, #2693, .T. ) ;
#2868 = VERTEX_POINT ( 'NONE', #1457 ) ;
#2869 = CARTESIAN_POINT ( 'NONE',  ( -22.68422853593582289, 2.000000000000000000, 10.30031147355660082 ) ) ;
#2870 = ADVANCED_FACE ( 'NONE', ( #2277 ), #5248, .F. ) ;
#2871 = ORIENTED_EDGE ( 'NONE', *, *, #1979, .F. ) ;
#2872 = CARTESIAN_POINT ( 'NONE',  ( -16.70881255193826220, 0.000000000000000000, -7.047254688085166308 ) ) ;
#2873 = ORIENTED_EDGE ( 'NONE', *, *, #3095, .T. ) ;
#2874 = ORIENTED_EDGE ( 'NONE', *, *, #3843, .T. ) ;
#2875 = LINE ( 'NONE', #5380, #2308 ) ;
#2876 = CARTESIAN_POINT ( 'NONE',  ( 0.000000000000000000, 1.000000000000000000, 0.000000000000000000 ) ) ;
#2877 = ADVANCED_FACE ( 'NONE', ( #187 ), #1864, .T. ) ;
#2878 = CIRCLE ( 'NONE', #2149, 25.00000000000000000 ) ;
#2879 = CARTESIAN_POINT ( 'NONE',  ( -24.49963954926279186, 0.000000000000000000, -2.799928718192294053 ) ) ;
#2880 = LINE ( 'NONE', #5383, #4520 ) ;
#2881 = VERTEX_POINT ( 'NONE', #3163 ) ;
#2882 = EDGE_CURVE ( 'NONE', #1180, #3609, #1435, .T. ) ;
#2883 = DIRECTION ( 'NONE',  ( 0.000000000000000000, 1.000000000000000000, -0.000000000000000000 ) ) ;
#2884 = DIRECTION ( 'NONE',  ( -0.000000000000000000, -1.000000000000000000, -0.000000000000000000 ) ) ;
#2885 = CARTESIAN_POINT ( 'NONE',  ( 17.46763576775947158, 1.694065894508600678E-18, 15.35631339258217487 ) ) ;
#2886 = CIRCLE ( 'NONE', #934, 0.5000000000000065503 ) ;
#2887 = CARTESIAN_POINT ( 'NONE',  ( -10.50783696009711932, 0.000000000000000000, -15.70327195305622148 ) ) ;
#2888 = VERTEX_POINT ( 'NONE', #5171 ) ;
#2889 = CARTESIAN_POINT ( 'NONE',  ( -9.069627121638404788, 4.500000000000000000, -21.89442399149044860 ) ) ;
#2890 = CARTESIAN_POINT ( 'NONE',  ( -24.95605209363875687, 3.000000000000000000, 1.481709789259913812 ) ) ;
#2891 = ORIENTED_EDGE ( 'NONE', *, *, #3520, .F. ) ;
#2892 = ORIENTED_EDGE ( 'NONE', *, *, #4941, .F. ) ;
#2893 = DIRECTION ( 'NONE',  ( 0.4740998230350201847, 0.000000000000000000, -0.8804710999221738721 ) ) ;
#2894 = LINE ( 'NONE', #1139, #1912 ) ;
#2895 = ORIENTED_EDGE ( 'NONE', *, *, #5344, .F. ) ;
#2896 = CARTESIAN_POINT ( 'NONE',  ( -2.545144991300694048, 0.000000000000000000, -17.85228219141554717 ) ) ;
#2897 = EDGE_LOOP ( 'NONE', ( #5026, #1036, #62, #5, #2753, #447, #393, #2835, #1495, #2310, #3410 ) ) ;
#2898 = ADVANCED_FACE ( 'NONE', ( #4838 ), #1359, .T. ) ;
#2899 = VECTOR ( 'NONE', #3240, 1000.000000000000000 ) ;
#2900 = EDGE_CURVE ( 'NONE', #421, #2924, #1816, .T. ) ;
#2901 = CARTESIAN_POINT ( 'NONE',  ( 24.24816842563832608, 3.000000000000000000, -7.128324400912892322 ) ) ;
#2902 = VERTEX_POINT ( 'NONE', #1789 ) ;
#2903 = ORIENTED_EDGE ( 'NONE', *, *, #384, .T. ) ;
#2904 = ORIENTED_EDGE ( 'NONE', *, *, #822, .F. ) ;
#2905 = B_SPLINE_CURVE_WITH_KNOTS ( 'NONE', 3,
 ( #1361, #4840, #107, #2279 ),
 .UNSPECIFIED., .F., .F.,
 ( 4, 4 ),
 ( 0.000000000000000000, 0.2951753871509096294 ),
 .UNSPECIFIED. ) ;
#2906 = DIRECTION ( 'NONE',  ( 0.000000000000000000, 0.000000000000000000, 1.000000000000000000 ) ) ;
#2907 = LINE ( 'NONE', #4073, #2614 ) ;
#2908 = PRODUCT_CONTEXT ( 'NONE', #3246, 'mechanical' ) ;
#2909 = DIRECTION ( 'NONE',  ( 0.000000000000000000, 1.000000000000000000, 0.000000000000000000 ) ) ;
#2910 = ORIENTED_EDGE ( 'NONE', *, *, #1310, .T. ) ;
#2911 = CIRCLE ( 'NONE', #3719, 0.2730065050555079420 ) ;
#2912 = FACE_OUTER_BOUND ( 'NONE', #224, .T. ) ;
#2913 = CARTESIAN_POINT ( 'NONE',  ( 4.795745901447129533, 4.500000000000000000, 11.08057842265914594 ) ) ;
#2914 = EDGE_CURVE ( 'NONE', #4468, #3274, #479, .T. ) ;
#2915 = DIRECTION ( 'NONE',  ( 0.000000000000000000, 1.000000000000000000, 0.000000000000000000 ) ) ;
#2916 = LINE ( 'NONE', #2486, #1889 ) ;
#2917 = CYLINDRICAL_SURFACE ( 'NONE', #3089, 3.499999999999994671 ) ;
#2918 = ORIENTED_EDGE ( 'NONE', *, *, #4126, .F. ) ;
#2919 = VERTEX_POINT ( 'NONE', #3054 ) ;
#2920 = CARTESIAN_POINT ( 'NONE',  ( 7.664706846895688486, 1.000000000000000000, 9.666371890211488349 ) ) ;
#2921 = VECTOR ( 'NONE', #5038, 1000.000000000000000 ) ;
#2922 = CARTESIAN_POINT ( 'NONE',  ( 14.37803633625319577, 1.000000000000000000, 10.63607652721724861 ) ) ;
#2923 = DIRECTION ( 'NONE',  ( -8.828503404524814213E-16, 0.000000000000000000, 1.000000000000000000 ) ) ;
#2924 = VERTEX_POINT ( 'NONE', #3918 ) ;
#2925 = PLANE ( 'NONE',  #3349 ) ;
#2926 = VECTOR ( 'NONE', #869, 1000.000000000000000 ) ;
#2927 = DIRECTION ( 'NONE',  ( -0.000000000000000000, -1.000000000000000000, -0.000000000000000000 ) ) ;
#2928 = CARTESIAN_POINT ( 'NONE',  ( 22.20373856994361361, 0.000000000000000000, 11.48886389150807474 ) ) ;
#2929 = VERTEX_POINT ( 'NONE', #4322 ) ;
#2930 = EDGE_LOOP ( 'NONE', ( #2157, #5339, #1463, #497 ) ) ;
#2931 = EDGE_LOOP ( 'NONE', ( #5455, #2019, #294, #4345, #2132, #2055, #1111, #3502, #2564, #1042, #3913, #3655, #4198, #2355, #3857, #4525, #2432, #2378, #4995, #684, #509, #4515, #10, #1352, #4600, #4148, #4186, #3439, #3273, #4570, #2291, #2964, #4789, #5129, #4532, #5477, #4262, #1725, #244, #3658, #1233, #2524 ) ) ;
#2932 = ORIENTED_EDGE ( 'NONE', *, *, #1544, .F. ) ;
#2933 = EDGE_CURVE ( 'NONE', #1991, #4045, #938, .T. ) ;
#2934 = CARTESIAN_POINT ( 'NONE',  ( -7.550661286023191643, 0.000000000000000000, 0.6557043731701388545 ) ) ;
#2935 = DIRECTION ( 'NONE',  ( 1.000000000000000000, 0.000000000000000000, 0.000000000000000000 ) ) ;
#2936 = DIRECTION ( 'NONE',  ( -0.000000000000000000, -1.000000000000000000, -0.000000000000000000 ) ) ;
#2937 = EDGE_LOOP ( 'NONE', ( #3683, #3029, #3525, #2470, #4660, #913 ) ) ;
#2938 = DIRECTION ( 'NONE',  ( -0.000000000000000000, -1.000000000000000000, -0.000000000000000000 ) ) ;
#2940 = DIRECTION ( 'NONE',  ( 0.000000000000000000, 0.000000000000000000, -1.000000000000000000 ) ) ;
#2939 = VECTOR ( 'NONE', #769, 1000.000000000000000 ) ;
#2941 = AXIS2_PLACEMENT_3D ( 'NONE', #444, #4232, #2529 ) ;
#2942 = CYLINDRICAL_SURFACE ( 'NONE', #3478, 3.500000000000008438 ) ;
#2943 = CARTESIAN_POINT ( 'NONE',  ( -144.0637089102034736, 2.000000000000000000, 7.579552007672155867 ) ) ;
#2944 = EDGE_CURVE ( 'NONE', #4077, #4178, #5105, .T. ) ;
#2945 = CARTESIAN_POINT ( 'NONE',  ( -24.24437569559803052, 0.000000000000000000, 6.100020256581517586 ) ) ;
#2946 = CARTESIAN_POINT ( 'NONE',  ( -6.775050528895626201, 0.000000000000000000, 5.725833956877303343 ) ) ;
#2947 = ORIENTED_EDGE ( 'NONE', *, *, #4476, .T. ) ;
#2948 = ORIENTED_EDGE ( 'NONE', *, *, #2914, .T. ) ;
#2949 = CARTESIAN_POINT ( 'NONE',  ( -5.595440277569637466, 3.000000000000000000, 6.176864170306809676 ) ) ;
#2950 = CARTESIAN_POINT ( 'NONE',  ( 7.803981852292821486, 4.500000000000000000, 22.10495702000036289 ) ) ;
#2951 = EDGE_CURVE ( 'NONE', #2458, #4824, #3027, .T. ) ;
#2952 = AXIS2_PLACEMENT_3D ( 'NONE', #5223, #3872, #3064 ) ;
#2953 = EDGE_LOOP ( 'NONE', ( #5191, #381, #5400, #2364 ) ) ;
#2954 = EDGE_LOOP ( 'NONE', ( #2556, #4225, #3899, #2631, #2015 ) ) ;
#2955 = EDGE_CURVE ( 'NONE', #3713, #4933, #4694, .T. ) ;
#2956 = AXIS2_PLACEMENT_3D ( 'NONE', #3031, #155, #3115 ) ;
#2957 = CARTESIAN_POINT ( 'NONE',  ( -6.728832792671349594, 0.000000000000000000, -12.70097230556362256 ) ) ;
#2958 = EDGE_CURVE ( 'NONE', #3281, #421, #1697, .T. ) ;
#2959 = LINE ( 'NONE', #3881, #4895 ) ;
#2960 = ORIENTED_EDGE ( 'NONE', *, *, #57, .F. ) ;
#2961 = AXIS2_PLACEMENT_3D ( 'NONE', #4813, #3562, #997 ) ;
#2962 = CIRCLE ( 'NONE', #5089, 0.5000000000000082157 ) ;
#2963 = CIRCLE ( 'NONE', #1786, 3.500000000000008438 ) ;
#2964 = ORIENTED_EDGE ( 'NONE', *, *, #2213, .T. ) ;
#2965 = ORIENTED_EDGE ( 'NONE', *, *, #1895, .F. ) ;
#2966 = ORIENTED_EDGE ( 'NONE', *, *, #2951, .T. ) ;
#2967 = DIRECTION ( 'NONE',  ( 0.000000000000000000, 0.000000000000000000, 1.000000000000000000 ) ) ;
#2968 = CARTESIAN_POINT ( 'NONE',  ( -22.77945529523737989, 4.000000000000000000, 10.30031147355659904 ) ) ;
#2969 = CARTESIAN_POINT ( 'NONE',  ( 12.72181552248472158, 0.000000000000000000, 10.52799211679327840 ) ) ;
#2970 = LINE ( 'NONE', #2160, #4560 ) ;
#2971 = ORIENTED_EDGE ( 'NONE', *, *, #4684, .F. ) ;
#2972 = CARTESIAN_POINT ( 'NONE',  ( 6.050731046787924505, 4.500000000000000000, 18.87540278573205299 ) ) ;
#2973 = AXIS2_PLACEMENT_3D ( 'NONE', #138, #1819, #3586 ) ;
#2974 = DIRECTION ( 'NONE',  ( 0.000000000000000000, 1.000000000000000000, 0.000000000000000000 ) ) ;
#2975 = CARTESIAN_POINT ( 'NONE',  ( 7.754105202866360180, 4.500000000000000000, 22.36207468134512766 ) ) ;
#2976 = CARTESIAN_POINT ( 'NONE',  ( -22.77945529523738344, 5.000000000000000000, 10.30031147355659904 ) ) ;
#2977 = EDGE_CURVE ( 'NONE', #2710, #3871, #250, .T. ) ;
#2978 = ADVANCED_FACE ( 'NONE', ( #850 ), #2539, .F. ) ;
#2979 = CARTESIAN_POINT ( 'NONE',  ( 7.803981852292821486, 4.500000000000000000, 22.10495702000036289 ) ) ;
#2980 = CARTESIAN_POINT ( 'NONE',  ( 4.795745901447129533, 4.500000000000000000, 11.08057842265914594 ) ) ;
#2981 = ORIENTED_EDGE ( 'NONE', *, *, #490, .T. ) ;
#2982 = ADVANCED_FACE ( 'NONE', ( #2358 ), #3640, .T. ) ;
#2983 = CIRCLE ( 'NONE', #2324, 25.00000000000000000 ) ;
#2984 = CARTESIAN_POINT ( 'NONE',  ( -9.780948568101187846, 0.000000000000000000, -19.79357681454331441 ) ) ;
#2985 = ADVANCED_FACE ( 'NONE', ( #1537 ), #673, .T. ) ;
#2986 = CARTESIAN_POINT ( 'NONE',  ( 13.06566235224200057, 0.000000000000000000, 7.369918219744475252 ) ) ;
#2987 = ORIENTED_EDGE ( 'NONE', *, *, #3253, .F. ) ;
#2988 = AXIS2_PLACEMENT_3D ( 'NONE', #5300, #1949, #2795 ) ;
#2989 = DIRECTION ( 'NONE',  ( -0.000000000000000000, -1.000000000000000000, -0.000000000000000000 ) ) ;
#2990 = DIRECTION ( 'NONE',  ( -0.9918086003190894617, 0.000000000000000000, -0.1277329257986702660 ) ) ;
#2991 = CARTESIAN_POINT ( 'NONE',  ( -6.729435140853770037, 0.000000000000000000, -5.963253377085369067 ) ) ;
#2992 = ADVANCED_FACE ( 'NONE', ( #4051 ), #266, .T. ) ;
#2993 = ORIENTED_EDGE ( 'NONE', *, *, #3195, .T. ) ;
#2994 = EDGE_CURVE ( 'NONE', #1468, #4516, #1947, .T. ) ;
#2995 = ORIENTED_EDGE ( 'NONE', *, *, #3814, .T. ) ;
#2996 = ORIENTED_EDGE ( 'NONE', *, *, #3385, .F. ) ;
#2997 = ORIENTED_EDGE ( 'NONE', *, *, #2861, .T. ) ;
#2998 = CARTESIAN_POINT ( 'NONE',  ( -23.60742513708960999, 3.000000000000000000, 1.247775179118929323 ) ) ;
#2999 = AXIS2_PLACEMENT_3D ( 'NONE', #477, #2112, #1749 ) ;
#3000 = CARTESIAN_POINT ( 'NONE',  ( -2.648801636284767280, 1.000000000000000000, -1.163995599711952211 ) ) ;
#3001 = CARTESIAN_POINT ( 'NONE',  ( -7.526991928986009661, 4.500000000000000000, -16.75515207025602749 ) ) ;
#3002 = DIRECTION ( 'NONE',  ( 0.000000000000000000, 0.000000000000000000, 1.000000000000000000 ) ) ;
#3003 = VECTOR ( 'NONE', #2187, 1000.000000000000000 ) ;
#3004 = ORIENTED_EDGE ( 'NONE', *, *, #937, .F. ) ;
#3005 = DIRECTION ( 'NONE',  ( -0.6121731929914184800, 0.000000000000000000, -0.7907237076139120857 ) ) ;
#3006 = CARTESIAN_POINT ( 'NONE',  ( -144.0637089102034736, 3.000000000000000000, 0.6557043731701388545 ) ) ;
#3007 = DIRECTION ( 'NONE',  ( -0.2266987336236721273, 0.000000000000000000, -0.9739649296424502944 ) ) ;
#3008 = CARTESIAN_POINT ( 'NONE',  ( 16.77833056223746411, 0.000000000000000000, 15.69331943795407369 ) ) ;
#3009 = DIRECTION ( 'NONE',  ( 1.000000000000000000, 0.000000000000000000, 0.000000000000000000 ) ) ;
#3010 = CARTESIAN_POINT ( 'NONE',  ( 11.43590431189925916, 3.000000000000000000, 0.000000000000000000 ) ) ;
#3011 = DIRECTION ( 'NONE',  ( 0.000000000000000000, 0.000000000000000000, 1.000000000000000000 ) ) ;
#3012 = AXIS2_PLACEMENT_3D ( 'NONE', #3708, #272, #4478 ) ;
#3013 = ORIENTED_EDGE ( 'NONE', *, *, #3253, .T. ) ;
#3014 = DIRECTION ( 'NONE',  ( -0.000000000000000000, -1.000000000000000000, -0.000000000000000000 ) ) ;
#3015 = CARTESIAN_POINT ( 'NONE',  ( -10.99761475746024608, 0.000000000000000000, -22.45111288213777456 ) ) ;
#3016 = CIRCLE ( 'NONE', #2014, 0.5000000000000004441 ) ;
#3017 = ORIENTED_EDGE ( 'NONE', *, *, #3388, .T. ) ;
#3018 = VECTOR ( 'NONE', #466, 1000.000000000000000 ) ;
#3019 = ORIENTED_EDGE ( 'NONE', *, *, #3202, .F. ) ;
#3020 = ADVANCED_FACE ( 'NONE', ( #4946 ), #2719, .T. ) ;
#3021 = VERTEX_POINT ( 'NONE', #4385 ) ;
#3022 = ORIENTED_EDGE ( 'NONE', *, *, #5323, .T. ) ;
#3023 = CARTESIAN_POINT ( 'NONE',  ( 11.43590431189925916, 3.000000000000000000, -0.6772755380457134988 ) ) ;
#3024 = FACE_OUTER_BOUND ( 'NONE', #4000, .T. ) ;
#3025 = ADVANCED_FACE ( 'NONE', ( #565 ), #1405, .F. ) ;
#3026 = ADVANCED_FACE ( 'NONE', ( #1377 ), #152, .T. ) ;
#3027 = LINE ( 'NONE', #453, #2461 ) ;
#3028 = CARTESIAN_POINT ( 'NONE',  ( 0.000000000000000000, 1.000000000000000000, 0.000000000000000000 ) ) ;
#3029 = ORIENTED_EDGE ( 'NONE', *, *, #5340, .T. ) ;
#3030 = CARTESIAN_POINT ( 'NONE',  ( -144.0637089102034736, 3.000000000000000000, 2.276251975912782832 ) ) ;
#3031 = CARTESIAN_POINT ( 'NONE',  ( -7.098959706348536791, 0.000000000000000000, -16.49671752073908237 ) ) ;
#3032 = VECTOR ( 'NONE', #5032, 1000.000000000000114 ) ;
#3033 = LINE ( 'NONE', #5195, #2582 ) ;
#3034 = DIRECTION ( 'NONE',  ( -0.000000000000000000, -1.000000000000000000, -0.000000000000000000 ) ) ;
#3035 = B_SPLINE_CURVE_WITH_KNOTS ( 'NONE', 3,
 ( #5498, #851, #2540, #1885 ),
 .UNSPECIFIED., .F., .F.,
 ( 4, 4 ),
 ( 0.000000000000000000, 0.9436495108954543465 ),
 .UNSPECIFIED. ) ;
#3036 = AXIS2_PLACEMENT_3D ( 'NONE', #2009, #1106, #297 ) ;
#3037 = CARTESIAN_POINT ( 'NONE',  ( -7.142917960743803363, 0.000000000000000000, -6.790219016913551897 ) ) ;
#3038 = CARTESIAN_POINT ( 'NONE',  ( 0.000000000000000000, 2.000000000000000000, -7.275249450376218618 ) ) ;
#3039 = CARTESIAN_POINT ( 'NONE',  ( -144.0637089102034736, 2.000000000000000000, 10.30031147355659904 ) ) ;
#3040 = CARTESIAN_POINT ( 'NONE',  ( 18.01868807506656012, 1.000000000000000000, 0.8461727173019056858 ) ) ;
#3041 = ORIENTED_EDGE ( 'NONE', *, *, #4058, .T. ) ;
#3042 = EDGE_CURVE ( 'NONE', #2587, #1767, #168, .T. ) ;
#3043 = DIRECTION ( 'NONE',  ( 0.000000000000000000, 1.000000000000000000, 0.000000000000000000 ) ) ;
#3044 = CARTESIAN_POINT ( 'NONE',  ( -23.86925808733409582, 3.000000000000000000, 7.433607358498382389 ) ) ;
#3045 = FACE_OUTER_BOUND ( 'NONE', #1087, .T. ) ;
#3046 = VERTEX_POINT ( 'NONE', #4351 ) ;
#3047 = EDGE_CURVE ( 'NONE', #346, #4486, #536, .T. ) ;
#3048 = VERTEX_POINT ( 'NONE', #4819 ) ;
#3049 = ORIENTED_EDGE ( 'NONE', *, *, #274, .T. ) ;
#3050 = CARTESIAN_POINT ( 'NONE',  ( 6.581252292095510548, 4.500000000000000000, 17.89014904444652387 ) ) ;
#3051 = VECTOR ( 'NONE', #4101, 1000.000000000000114 ) ;
#3052 = EDGE_CURVE ( 'NONE', #4239, #5394, #1395, .T. ) ;
#3053 = CARTESIAN_POINT ( 'NONE',  ( -144.0637089102034736, 2.000000000000000000, 10.30031147355660082 ) ) ;
#3054 = CARTESIAN_POINT ( 'NONE',  ( -3.797716754255997529, 0.000000000000000000, 5.355429563995171449 ) ) ;
#3055 = CARTESIAN_POINT ( 'NONE',  ( 9.132379896515594453, 4.500000000000000000, 20.53475216635451162 ) ) ;
#3056 = ORIENTED_EDGE ( 'NONE', *, *, #1465, .T. ) ;
#3057 = ORIENTED_EDGE ( 'NONE', *, *, #3156, .F. ) ;
#3058 = EDGE_CURVE ( 'NONE', #4425, #2563, #4849, .T. ) ;
#3059 = CARTESIAN_POINT ( 'NONE',  ( -9.650727581598697924, 4.500000000000000000, -12.02087610469260603 ) ) ;
#3060 = CARTESIAN_POINT ( 'NONE',  ( -2.897167792994918667, 0.000000000000000000, 1.322724461954286390 ) ) ;
#3061 = CARTESIAN_POINT ( 'NONE',  ( 24.24816842563832964, 3.000000000000000000, -0.6772755380457134988 ) ) ;
#3062 = EDGE_CURVE ( 'NONE', #4264, #4657, #2562, .T. ) ;
#3063 = EDGE_LOOP ( 'NONE', ( #716, #4964 ) ) ;
#3064 = DIRECTION ( 'NONE',  ( 0.000000000000000000, 0.000000000000000000, -1.000000000000000000 ) ) ;
#3065 = DIRECTION ( 'NONE',  ( 0.000000000000000000, 0.000000000000000000, 1.000000000000000000 ) ) ;
#3066 = DIRECTION ( 'NONE',  ( 0.000000000000000000, 0.000000000000000000, 1.000000000000000000 ) ) ;
#3067 = CARTESIAN_POINT ( 'NONE',  ( 15.66603356776193401, 0.000000000000000000, 15.12574262264957703 ) ) ;
#3068 = AXIS2_PLACEMENT_3D ( 'NONE', #4426, #2645, #169 ) ;
#3069 = DIRECTION ( 'NONE',  ( 0.000000000000000000, 1.000000000000000000, 0.000000000000000000 ) ) ;
#3070 = ORIENTED_EDGE ( 'NONE', *, *, #4343, .F. ) ;
#3071 = CARTESIAN_POINT ( 'NONE',  ( -22.32097580104471746, 0.000000000000000000, 1.132024953897474928 ) ) ;
#3072 = AXIS2_PLACEMENT_3D ( 'NONE', #2136, #2935, #4215 ) ;
#3073 = DIRECTION ( 'NONE',  ( -0.000000000000000000, -1.000000000000000000, -0.000000000000000000 ) ) ;
#3074 = DIRECTION ( 'NONE',  ( -0.8882176431559496432, 0.000000000000000000, -0.4594229188737650738 ) ) ;
#3075 = LINE ( 'NONE', #3490, #4629 ) ;
#3076 = VECTOR ( 'NONE', #577, 1000.000000000000000 ) ;
#3077 = ORIENTED_EDGE ( 'NONE', *, *, #3876, .F. ) ;
#3078 = ORIENTED_EDGE ( 'NONE', *, *, #2027, .T. ) ;
#3079 = CARTESIAN_POINT ( 'NONE',  ( 9.596856419122598680, 1.000000000000000000, -12.88509967934814959 ) ) ;
#3080 = CARTESIAN_POINT ( 'NONE',  ( -11.12255427434644162, 0.000000000000000000, 22.38947936898528823 ) ) ;
#3081 = EDGE_CURVE ( 'NONE', #39, #3105, #775, .T. ) ;
#3082 = DIRECTION ( 'NONE',  ( 1.000000000000000000, 0.000000000000000000, 1.734723475976800981E-15 ) ) ;
#3083 = ORIENTED_EDGE ( 'NONE', *, *, #4307, .T. ) ;
#3084 = CARTESIAN_POINT ( 'NONE',  ( 0.000000000000000000, 4.000000000000000000, 26.49999999999999645 ) ) ;
#3085 = ORIENTED_EDGE ( 'NONE', *, *, #593, .T. ) ;
#3086 = DIRECTION ( 'NONE',  ( -0.000000000000000000, -1.000000000000000000, -0.000000000000000000 ) ) ;
#3087 = DIRECTION ( 'NONE',  ( 0.000000000000000000, -0.000000000000000000, 1.000000000000000000 ) ) ;
#3088 = CARTESIAN_POINT ( 'NONE',  ( -3.083751706071245380, 3.000000000000000000, 6.646644105193371566 ) ) ;
#3089 = AXIS2_PLACEMENT_3D ( 'NONE', #5507, #2096, #349 ) ;
#3090 = B_SPLINE_SURFACE_WITH_KNOTS ( 'NONE', 3, 1, ( 
 ( #4467, #2788 ),
 ( #4107, #4494 ),
 ( #757, #4524 ),
 ( #290, #2029 ) ),
 .UNSPECIFIED., .F., .F., .F.,
 ( 4, 4 ),
 ( 2, 2 ),
 ( 0.000000000000000000, 0.9770361274419799846 ),
 ( 0.000000000000000000, 1.000000000000000000 ),
 .UNSPECIFIED. ) ;
#3091 = CARTESIAN_POINT ( 'NONE',  ( -6.034032675567874371, 4.500000000000000000, -4.572448446561688584 ) ) ;
#3092 = ORIENTED_EDGE ( 'NONE', *, *, #240, .F. ) ;
#3093 = ADVANCED_FACE ( 'NONE', ( #4172 ), #3454, .F. ) ;
#3094 = DIRECTION ( 'NONE',  ( 1.000000000000000000, -0.000000000000000000, 0.000000000000000000 ) ) ;
#3095 = EDGE_CURVE ( 'NONE', #3833, #185, #3583, .T. ) ;
#3096 = CARTESIAN_POINT ( 'NONE',  ( -22.75608248248718724, 0.000000000000000000, -6.447050596753057583 ) ) ;
#3097 = DIRECTION ( 'NONE',  ( 1.000000000000000000, -0.000000000000000000, 1.224646799147353207E-16 ) ) ;
#3098 = DIRECTION ( 'NONE',  ( 0.000000000000000000, 0.000000000000000000, 1.000000000000000000 ) ) ;
#3099 = LINE ( 'NONE', #53, #4652 ) ;
#3100 = EDGE_LOOP ( 'NONE', ( #1829, #4224, #1574, #911 ) ) ;
#3101 = CARTESIAN_POINT ( 'NONE',  ( -3.546159964237984852, 3.000000000000000000, 5.964271434009254413 ) ) ;
#3102 = VECTOR ( 'NONE', #1868, 1000.000000000000000 ) ;
#3103 = CARTESIAN_POINT ( 'NONE',  ( 15.66603356776193401, 0.000000000000000000, 15.12574262264957703 ) ) ;
#3104 = CARTESIAN_POINT ( 'NONE',  ( -2.509848933689049932, 4.500000000000000000, -0.6772755380457136098 ) ) ;
#3105 = VERTEX_POINT ( 'NONE', #5144 ) ;
#3106 = ORIENTED_EDGE ( 'NONE', *, *, #3722, .F. ) ;
#3107 = CARTESIAN_POINT ( 'NONE',  ( -6.447597692191242125, 4.500000000000000000, -18.72644423699242822 ) ) ;
#3108 = VECTOR ( 'NONE', #125, 1000.000000000000000 ) ;
#3109 = VECTOR ( 'NONE', #429, 1000.000000000000000 ) ;
#3110 = ADVANCED_FACE ( 'NONE', ( #1334 ), #3342, .F. ) ;
#3111 = ORIENTED_EDGE ( 'NONE', *, *, #1406, .F. ) ;
#3112 = CARTESIAN_POINT ( 'NONE',  ( 3.262729383827731588, 2.000000000000000000, 0.000000000000000000 ) ) ;
#3113 = ORIENTED_EDGE ( 'NONE', *, *, #3224, .T. ) ;
#3114 = VERTEX_POINT ( 'NONE', #2042 ) ;
#3115 = DIRECTION ( 'NONE',  ( 1.000000000000000000, 0.000000000000000000, 0.000000000000000000 ) ) ;
#3116 = PLANE ( 'NONE',  #4978 ) ;
#3117 = CARTESIAN_POINT ( 'NONE',  ( -21.83540119763030418, 0.000000000000000000, 5.725833956877303343 ) ) ;
#3118 = CARTESIAN_POINT ( 'NONE',  ( -3.546159964238028373, 3.000000000000000000, 5.964271434009265960 ) ) ;
#3119 = CARTESIAN_POINT ( 'NONE',  ( -20.44346529380014488, 3.000000000000000000, -5.643516752297248473 ) ) ;
#3120 = EDGE_CURVE ( 'NONE', #3423, #1984, #5450, .T. ) ;
#3121 = CARTESIAN_POINT ( 'NONE',  ( 5.577201149311497907, 0.000000000000000000, 13.17574001345273338 ) ) ;
#3122 = AXIS2_PLACEMENT_3D ( 'NONE', #5278, #1820, #3538 ) ;
#3123 = DIRECTION ( 'NONE',  ( -0.000000000000000000, -1.000000000000000000, -0.000000000000000000 ) ) ;
#3124 = EDGE_CURVE ( 'NONE', #3974, #2081, #1251, .T. ) ;
#3125 = DIRECTION ( 'NONE',  ( 0.000000000000000000, 1.000000000000000000, -0.000000000000000000 ) ) ;
#3126 = VECTOR ( 'NONE', #1110, 1000.000000000000000 ) ;
#3127 = CARTESIAN_POINT ( 'NONE',  ( -5.595440277569636578, 0.000000000000000000, 6.176864170306810564 ) ) ;
#3128 = ORIENTED_EDGE ( 'NONE', *, *, #4873, .F. ) ;
#3129 = ORIENTED_EDGE ( 'NONE', *, *, #3202, .T. ) ;
#3130 = B_SPLINE_SURFACE_WITH_KNOTS ( 'NONE', 3, 1, ( 
 ( #4314, #3907 ),
 ( #1365, #3071 ),
 ( #551, #4770 ),
 ( #953, #2312 ) ),
 .UNSPECIFIED., .F., .F., .F.,
 ( 4, 4 ),
 ( 2, 2 ),
 ( 0.000000000000000000, 0.9094089067645472202 ),
 ( 0.000000000000000000, 1.000000000000000000 ),
 .UNSPECIFIED. ) ;
#3131 = FACE_OUTER_BOUND ( 'NONE', #3494, .T. ) ;
#3132 = VECTOR ( 'NONE', #136, 1000.000000000000000 ) ;
#3133 = VERTEX_POINT ( 'NONE', #889 ) ;
#3134 = ORIENTED_EDGE ( 'NONE', *, *, #2804, .F. ) ;
#3135 = ORIENTED_EDGE ( 'NONE', *, *, #614, .T. ) ;
#3136 = VECTOR ( 'NONE', #457, 1000.000000000000000 ) ;
#3137 = DIRECTION ( 'NONE',  ( -1.000000000000000000, 0.000000000000000000, 0.000000000000000000 ) ) ;
#3138 = CARTESIAN_POINT ( 'NONE',  ( -144.0637089102034736, 2.000000000000000000, 10.30031147355660082 ) ) ;
#3139 = VECTOR ( 'NONE', #643, 1000.000000000000000 ) ;
#3140 = AXIS2_PLACEMENT_3D ( 'NONE', #1698, #4272, #5052 ) ;
#3141 = DIRECTION ( 'NONE',  ( -0.000000000000000000, -1.000000000000000000, -0.000000000000000000 ) ) ;
#3142 = ORIENTED_EDGE ( 'NONE', *, *, #2012, .T. ) ;
#3143 = DIRECTION ( 'NONE',  ( -0.000000000000000000, -1.000000000000000000, -0.000000000000000000 ) ) ;
#3144 = CARTESIAN_POINT ( 'NONE',  ( -22.68422853593582289, 0.000000000000000000, 7.579552007672155867 ) ) ;
#3145 = CARTESIAN_POINT ( 'NONE',  ( -9.372345496349840488, 0.000000000000000000, -11.24907408812561727 ) ) ;
#3146 = DIRECTION ( 'NONE',  ( -0.1249392203967352039, 0.000000000000000000, -0.9921643972682431256 ) ) ;
#3147 = EDGE_CURVE ( 'NONE', #921, #2718, #4282, .T. ) ;
#3148 = DIRECTION ( 'NONE',  ( 0.000000000000000000, 1.000000000000000000, -0.000000000000000000 ) ) ;
#3149 = ORIENTED_EDGE ( 'NONE', *, *, #3324, .F. ) ;
#3150 = DIRECTION ( 'NONE',  ( 0.000000000000000000, 0.000000000000000000, 1.000000000000000000 ) ) ;
#3151 = CYLINDRICAL_SURFACE ( 'NONE', #2554, 0.5000000000000026645 ) ;
#3152 = VECTOR ( 'NONE', #1460, 1000.000000000000000 ) ;
#3153 = DIRECTION ( 'NONE',  ( 1.000000000000000000, 0.000000000000000000, 4.262463398114442994E-14 ) ) ;
#3154 = ORIENTED_EDGE ( 'NONE', *, *, #559, .F. ) ;
#3155 = ORIENTED_EDGE ( 'NONE', *, *, #4753, .F. ) ;
#3156 = EDGE_CURVE ( 'NONE', #377, #5018, #51, .T. ) ;
#3157 = AXIS2_PLACEMENT_3D ( 'NONE', #1348, #1695, #814 ) ;
#3158 = DIRECTION ( 'NONE',  ( 0.4472135954999569840, 0.000000000000000000, 0.8944271909999162995 ) ) ;
#3159 = EDGE_LOOP ( 'NONE', ( #3129, #4626, #4503, #5130, #260 ) ) ;
#3160 = DIRECTION ( 'NONE',  ( 0.000000000000000000, 1.000000000000000000, -0.000000000000000000 ) ) ;
#3161 = DIRECTION ( 'NONE',  ( -0.000000000000000000, -1.000000000000000000, -0.000000000000000000 ) ) ;
#3162 = ORIENTED_EDGE ( 'NONE', *, *, #655, .T. ) ;
#3163 = CARTESIAN_POINT ( 'NONE',  ( -22.68422853593582289, 2.000000000000000000, 7.579552007672155867 ) ) ;
#3164 = LINE ( 'NONE', #2607, #1519 ) ;
#3165 = CARTESIAN_POINT ( 'NONE',  ( -6.241850327850115399, 4.500000000000000000, -12.81432167237545272 ) ) ;
#3166 = CARTESIAN_POINT ( 'NONE',  ( 1.291336642075549435, 4.500000000000000000, 10.62925298774007921 ) ) ;
#3167 = LINE ( 'NONE', #2258, #392 ) ;
#3168 = ORIENTED_EDGE ( 'NONE', *, *, #918, .T. ) ;
#3169 = EDGE_CURVE ( 'NONE', #4934, #83, #685, .T. ) ;
#3170 = B_SPLINE_SURFACE_WITH_KNOTS ( 'NONE', 3, 1, ( 
 ( #597, #162 ),
 ( #545, #3933 ),
 ( #2198, #2173 ),
 ( #2232, #4006 ),
 ( #5276, #1437 ) ),
 .UNSPECIFIED., .F., .F., .F.,
 ( 4, 1, 4 ),
 ( 2, 2 ),
 ( 0.000000000000000000, 0.4451417035253159016, 0.9143510527177628466 ),
 ( 0.000000000000000000, 1.000000000000000000 ),
 .UNSPECIFIED. ) ;
#3171 = DIRECTION ( 'NONE',  ( 0.000000000000000000, 0.000000000000000000, -1.000000000000000000 ) ) ;
#3172 = CARTESIAN_POINT ( 'NONE',  ( -22.70270316923252096, 3.000000000000000000, 6.057451449112435604 ) ) ;
#3173 = ORIENTED_EDGE ( 'NONE', *, *, #4710, .F. ) ;
#3174 = FACE_OUTER_BOUND ( 'NONE', #3659, .T. ) ;
#3175 = CARTESIAN_POINT ( 'NONE',  ( 11.43590431189925916, 3.000000000000000000, 0.000000000000000000 ) ) ;
#3176 = CARTESIAN_POINT ( 'NONE',  ( -9.352916345463729186, 4.500000000000000000, -19.53514226502635509 ) ) ;
#3177 = EDGE_CURVE ( 'NONE', #4344, #378, #3761, .T. ) ;
#3178 = CARTESIAN_POINT ( 'NONE',  ( -19.29121935362093510, 0.000000000000000000, -5.634559815357672363 ) ) ;
#3179 = ORIENTED_EDGE ( 'NONE', *, *, #935, .T. ) ;
#3180 = ORIENTED_EDGE ( 'NONE', *, *, #3814, .F. ) ;
#3181 = AXIS2_PLACEMENT_3D ( 'NONE', #4253, #3370, #3792 ) ;
#3182 = LINE ( 'NONE', #636, #5090 ) ;
#3183 = CARTESIAN_POINT ( 'NONE',  ( -5.119735385821125639, 3.000000000000000000, 1.044499255393458670 ) ) ;
#3184 = EDGE_CURVE ( 'NONE', #2239, #1104, #439, .T. ) ;
#3185 = EDGE_CURVE ( 'NONE', #4715, #1098, #3402, .T. ) ;
#3186 = CIRCLE ( 'NONE', #2830, 25.00000000000000000 ) ;
#3187 = LINE ( 'NONE', #265, #4827 ) ;
#3188 = LINE ( 'NONE', #2762, #5272 ) ;
#3189 = CARTESIAN_POINT ( 'NONE',  ( -21.83540119763030418, 2.000000000000000000, 2.276251975912782832 ) ) ;
#3190 = CARTESIAN_POINT ( 'NONE',  ( 21.87057429237682271, 1.000000000000000000, 11.26607252673271198 ) ) ;
#3191 = VERTEX_POINT ( 'NONE', #4618 ) ;
#3192 = FACE_OUTER_BOUND ( 'NONE', #5015, .T. ) ;
#3193 = CARTESIAN_POINT ( 'NONE',  ( 7.803981852292821486, 4.500000000000000000, 22.10495702000036289 ) ) ;
#3194 = AXIS2_PLACEMENT_3D ( 'NONE', #3480, #2273, #4836 ) ;
#3195 = EDGE_CURVE ( 'NONE', #3858, #2718, #4254, .T. ) ;
#3196 = VERTEX_POINT ( 'NONE', #5063 ) ;
#3197 = EDGE_CURVE ( 'NONE', #4768, #3915, #3847, .T. ) ;
#3198 = VECTOR ( 'NONE', #2893, 999.9999999999998863 ) ;
#3199 = AXIS2_PLACEMENT_3D ( 'NONE', #3463, #2179, #840 ) ;
#3200 = CARTESIAN_POINT ( 'NONE',  ( -22.68422853593582289, 0.000000000000000000, 10.30031147355659904 ) ) ;
#3201 = ORIENTED_EDGE ( 'NONE', *, *, #878, .F. ) ;
#3202 = EDGE_CURVE ( 'NONE', #1547, #4229, #3710, .T. ) ;
#3203 = ORIENTED_EDGE ( 'NONE', *, *, #1303, .T. ) ;
#3204 = FACE_OUTER_BOUND ( 'NONE', #63, .T. ) ;
#3205 = FACE_OUTER_BOUND ( 'NONE', #2953, .T. ) ;
#3206 = EDGE_CURVE ( 'NONE', #4205, #4752, #2579, .T. ) ;
#3207 = ORIENTED_EDGE ( 'NONE', *, *, #4259, .F. ) ;
#3208 = VERTEX_POINT ( 'NONE', #2696 ) ;
#3209 = ADVANCED_FACE ( 'NONE', ( #1818 ), #4865, .F. ) ;
#3210 = CARTESIAN_POINT ( 'NONE',  ( -2.509848933689049932, 0.000000000000000000, -0.6772755380457134988 ) ) ;
#3211 = B_SPLINE_CURVE_WITH_KNOTS ( 'NONE', 3,
 ( #2739, #4739, #238, #3190, #1540 ),
 .UNSPECIFIED., .F., .F.,
 ( 4, 1, 4 ),
 ( 0.3412853686015806520, 0.6487172569543665501, 0.7751779699832012094 ),
 .UNSPECIFIED. ) ;
#3212 = CARTESIAN_POINT ( 'NONE',  ( 16.77833056223746411, 1.000000000000000000, 15.69331943795407369 ) ) ;
#3213 = CARTESIAN_POINT ( 'NONE',  ( 3.262729383827731588, 2.000000000000000000, -0.6772755380457134988 ) ) ;
#3214 = CIRCLE ( 'NONE', #4105, 1.000000000000000888 ) ;
#3215 = CARTESIAN_POINT ( 'NONE',  ( -2.545144991300694048, 0.000000000000000000, -21.85228219141554717 ) ) ;
#3216 = CARTESIAN_POINT ( 'NONE',  ( -10.09518526481079093, 4.500000000000000000, -18.30575936735778342 ) ) ;
#3217 = CARTESIAN_POINT ( 'NONE',  ( 6.637098940768540345, 4.500000000000000000, 17.59062952273064084 ) ) ;
#3218 = LINE ( 'NONE', #3305, #917 ) ;
#3219 = EDGE_CURVE ( 'NONE', #2587, #3750, #1791, .T. ) ;
#3220 = CARTESIAN_POINT ( 'NONE',  ( -7.025144728550027473, 0.000000000000000000, -2.648830442282950504 ) ) ;
#3221 = CARTESIAN_POINT ( 'NONE',  ( -22.77945529523737989, 0.000000000000000000, 10.30031147355659726 ) ) ;
#3222 = VECTOR ( 'NONE', #2450, 1000.000000000000000 ) ;
#3223 = CARTESIAN_POINT ( 'NONE',  ( 8.683602733296879705, 4.500000000000000000, 20.31430022652780565 ) ) ;
#3224 = EDGE_CURVE ( 'NONE', #1449, #3114, #4310, .T. ) ;
#3225 = VECTOR ( 'NONE', #220, 1000.000000000000000 ) ;
#3226 = VECTOR ( 'NONE', #285, 1000.000000000000000 ) ;
#3227 = EDGE_LOOP ( 'NONE', ( #5282, #4318, #68, #1083 ) ) ;
#3228 = AXIS2_PLACEMENT_3D ( 'NONE', #4444, #1845, #2302 ) ;
#3229 = DIRECTION ( 'NONE',  ( 0.000000000000000000, 1.000000000000000000, 0.000000000000000000 ) ) ;
#3230 = DIRECTION ( 'NONE',  ( 0.000000000000000000, 0.000000000000000000, 1.000000000000000000 ) ) ;
#3231 = DIRECTION ( 'NONE',  ( 0.6121731929914184800, 0.000000000000000000, 0.7907237076139120857 ) ) ;
#3232 = ORIENTED_EDGE ( 'NONE', *, *, #1451, .F. ) ;
#3233 = ORIENTED_EDGE ( 'NONE', *, *, #1039, .F. ) ;
#3234 = DIRECTION ( 'NONE',  ( -2.541658815967189326E-14, 0.000000000000000000, 1.000000000000000000 ) ) ;
#3235 = ORIENTED_EDGE ( 'NONE', *, *, #85, .F. ) ;
#3236 = CARTESIAN_POINT ( 'NONE',  ( 19.71448070373852701, 1.000000000000000000, 15.37332919643435325 ) ) ;
#3237 = ORIENTED_EDGE ( 'NONE', *, *, #2664, .F. ) ;
#3238 = CIRCLE ( 'NONE', #481, 25.00000000000000000 ) ;
#3239 = VERTEX_POINT ( 'NONE', #1459 ) ;
#3240 = DIRECTION ( 'NONE',  ( -0.000000000000000000, -1.000000000000000000, -0.000000000000000000 ) ) ;
#3241 = CARTESIAN_POINT ( 'NONE',  ( -7.142917961113989911, 3.000000000000000000, -6.790219016728459067 ) ) ;
#3242 = FACE_BOUND ( 'NONE', #5000, .T. ) ;
#3243 = DIRECTION ( 'NONE',  ( -0.000000000000000000, -1.000000000000000000, -0.000000000000000000 ) ) ;
#3244 = CARTESIAN_POINT ( 'NONE',  ( -22.68422853593582289, 3.000000000000000000, 7.579552007672155867 ) ) ;
#3245 = DIRECTION ( 'NONE',  ( 1.904227185740875922E-16, 0.000000000000000000, 1.000000000000000000 ) ) ;
#3246 = APPLICATION_CONTEXT ( 'automotive_design' ) ;
#3247 = DIRECTION ( 'NONE',  ( 0.000000000000000000, 0.000000000000000000, -1.000000000000000000 ) ) ;
#3248 = FACE_OUTER_BOUND ( 'NONE', #4598, .T. ) ;
#3249 = CARTESIAN_POINT ( 'NONE',  ( 9.376308656702345701, 1.000000000000000000, 15.33150190609472752 ) ) ;
#3250 = DIRECTION ( 'NONE',  ( 0.000000000000000000, 0.000000000000000000, -1.000000000000000000 ) ) ;
#3251 = DIRECTION ( 'NONE',  ( 0.4673073255844585883, 0.000000000000000000, 0.8840949402949328517 ) ) ;
#3252 = ORIENTED_EDGE ( 'NONE', *, *, #861, .F. ) ;
#3253 = EDGE_CURVE ( 'NONE', #842, #446, #3164, .T. ) ;
#3254 = ORIENTED_EDGE ( 'NONE', *, *, #1983, .T. ) ;
#3255 = EDGE_CURVE ( 'NONE', #1114, #1508, #2594, .T. ) ;
#3256 = AXIS2_PLACEMENT_3D ( 'NONE', #3808, #40, #1265 ) ;
#3257 = DIRECTION ( 'NONE',  ( 0.000000000000000000, 0.000000000000000000, -1.000000000000000000 ) ) ;
#3258 = CARTESIAN_POINT ( 'NONE',  ( -8.819213716794033431, 0.000000000000000000, -21.31074398843536599 ) ) ;
#3259 = ORIENTED_EDGE ( 'NONE', *, *, #2443, .T. ) ;
#3260 = AXIS2_PLACEMENT_3D ( 'NONE', #4614, #376, #2488 ) ;
#3261 = ORIENTED_EDGE ( 'NONE', *, *, #4189, .F. ) ;
#3262 = DIRECTION ( 'NONE',  ( 0.000000000000000000, 0.000000000000000000, 1.000000000000000000 ) ) ;
#3263 = ORIENTED_EDGE ( 'NONE', *, *, #5271, .F. ) ;
#3264 = CARTESIAN_POINT ( 'NONE',  ( -22.54897516563730875, 0.000000000000000000, -6.938466696431148328 ) ) ;
#3265 = VERTEX_POINT ( 'NONE', #2639 ) ;
#3266 = ORIENTED_EDGE ( 'NONE', *, *, #3460, .T. ) ;
#3267 = CARTESIAN_POINT ( 'NONE',  ( -144.0637089102034736, 3.000000000000000000, 2.276251975912782832 ) ) ;
#3268 = VECTOR ( 'NONE', #117, 1000.000000000000000 ) ;
#3269 = DIRECTION ( 'NONE',  ( 0.000000000000000000, 1.000000000000000000, -0.000000000000000000 ) ) ;
#3270 = LINE ( 'NONE', #4938, #2574 ) ;
#3271 = EDGE_CURVE ( 'NONE', #3609, #1398, #2225, .T. ) ;
#3272 = CYLINDRICAL_SURFACE ( 'NONE', #1823, 0.5000000000000004441 ) ;
#3273 = ORIENTED_EDGE ( 'NONE', *, *, #4449, .F. ) ;
#3274 = VERTEX_POINT ( 'NONE', #1388 ) ;
#3275 = DIRECTION ( 'NONE',  ( 0.000000000000000000, 0.000000000000000000, 1.000000000000000000 ) ) ;
#3276 =( NAMED_UNIT ( * ) SI_UNIT ( $, .STERADIAN. ) SOLID_ANGLE_UNIT ( ) );
#3277 = DIRECTION ( 'NONE',  ( -0.000000000000000000, 1.000000000000000000, 0.000000000000000000 ) ) ;
#3278 = VECTOR ( 'NONE', #105, 1000.000000000000000 ) ;
#3279 = DIRECTION ( 'NONE',  ( 1.000000000000000000, 0.000000000000000000, 0.000000000000000000 ) ) ;
#3280 = CIRCLE ( 'NONE', #1489, 27.49999999999999645 ) ;
#3281 = VERTEX_POINT ( 'NONE', #1867 ) ;
#3282 = DIRECTION ( 'NONE',  ( 0.000000000000000000, 0.000000000000000000, -1.000000000000000000 ) ) ;
#3283 = ORIENTED_EDGE ( 'NONE', *, *, #3393, .T. ) ;
#3284 = DIRECTION ( 'NONE',  ( 0.000000000000000000, 1.000000000000000000, -0.000000000000000000 ) ) ;
#3285 = EDGE_CURVE ( 'NONE', #1337, #2549, #3911, .T. ) ;
#3286 = CARTESIAN_POINT ( 'NONE',  ( -8.819213716794033431, 4.500000000000000000, -21.31074398843536599 ) ) ;
#3287 = CARTESIAN_POINT ( 'NONE',  ( 0.1971705666005722224, 4.500000000000000000, 10.30031147355659904 ) ) ;
#3288 = EDGE_LOOP ( 'NONE', ( #5470, #1746, #5310, #299 ) ) ;
#3289 = ADVANCED_FACE ( 'NONE', ( #3585 ), #818, .T. ) ;
#3290 = CIRCLE ( 'NONE', #891, 0.5000000000000056621 ) ;
#3291 = LINE ( 'NONE', #744, #3126 ) ;
#3292 = ORIENTED_EDGE ( 'NONE', *, *, #4546, .F. ) ;
#3293 = ADVANCED_FACE ( 'NONE', ( #3483 ), #3170, .T. ) ;
#3294 = AXIS2_PLACEMENT_3D ( 'NONE', #4896, #4149, #3257 ) ;
#3295 = ORIENTED_EDGE ( 'NONE', *, *, #2161, .T. ) ;
#3296 = ORIENTED_EDGE ( 'NONE', *, *, #1420, .T. ) ;
#3297 = CARTESIAN_POINT ( 'NONE',  ( -6.034032675567874371, 0.000000000000000000, -4.572448446561688584 ) ) ;
#3298 = FACE_BOUND ( 'NONE', #1016, .T. ) ;
#3299 = VECTOR ( 'NONE', #1906, 1000.000000000000000 ) ;
#3300 = PLANE ( 'NONE',  #602 ) ;
#3301 = LINE ( 'NONE', #1507, #170 ) ;
#3302 = ORIENTED_EDGE ( 'NONE', *, *, #3047, .T. ) ;
#3303 = ORIENTED_EDGE ( 'NONE', *, *, #2560, .T. ) ;
#3304 = CARTESIAN_POINT ( 'NONE',  ( -0.8468888793778800439, 4.500000000000000000, 4.635351310360793065 ) ) ;
#3305 = CARTESIAN_POINT ( 'NONE',  ( -7.550661286023191643, 2.000000000000000000, 0.6557043731701388545 ) ) ;
#3306 = DIRECTION ( 'NONE',  ( 0.000000000000000000, 1.000000000000000000, -0.000000000000000000 ) ) ;
#3307 = CARTESIAN_POINT ( 'NONE',  ( 6.050731046787924505, 4.500000000000000000, 18.87540278573205299 ) ) ;
#3308 = ORIENTED_EDGE ( 'NONE', *, *, #1894, .T. ) ;
#3309 = AXIS2_PLACEMENT_3D ( 'NONE', #914, #71, #512 ) ;
#3310 = CARTESIAN_POINT ( 'NONE',  ( -22.89572892210886224, 3.000000000000000000, 2.384422800043944246 ) ) ;
#3311 = ORIENTED_EDGE ( 'NONE', *, *, #2571, .F. ) ;
#3312 = EDGE_CURVE ( 'NONE', #3859, #1114, #1357, .T. ) ;
#3313 = AXIS2_PLACEMENT_3D ( 'NONE', #4050, #5358, #1978 ) ;
#3314 = CARTESIAN_POINT ( 'NONE',  ( -9.960795745387413191, 0.000000000000000000, -22.35537327963648480 ) ) ;
#3315 = VECTOR ( 'NONE', #3953, 1000.000000000000000 ) ;
#3316 = CARTESIAN_POINT ( 'NONE',  ( 5.178944678843139471, 4.500000000000000000, 8.105152621701877891 ) ) ;
#3317 = ADVANCED_FACE ( 'NONE', ( #77 ), #1846, .T. ) ;
#3318 = ORIENTED_EDGE ( 'NONE', *, *, #1451, .T. ) ;
#3319 = CIRCLE ( 'NONE', #3413, 3.500000000000003109 ) ;
#3320 = ORIENTED_EDGE ( 'NONE', *, *, #2900, .F. ) ;
#3321 = CARTESIAN_POINT ( 'NONE',  ( -144.0637089102034736, 3.000000000000000000, 10.30031147355660082 ) ) ;
#3322 = ORIENTED_EDGE ( 'NONE', *, *, #4760, .T. ) ;
#3323 = ORIENTED_EDGE ( 'NONE', *, *, #240, .T. ) ;
#3324 = EDGE_CURVE ( 'NONE', #3325, #5061, #2905, .T. ) ;
#3325 = VERTEX_POINT ( 'NONE', #3144 ) ;
#3326 = ORIENTED_EDGE ( 'NONE', *, *, #2205, .T. ) ;
#3327 = CARTESIAN_POINT ( 'NONE',  ( 1.291336642075549879, 4.000000000000000000, 10.62925298774007921 ) ) ;
#3328 = FACE_BOUND ( 'NONE', #2954, .T. ) ;
#3329 = VECTOR ( 'NONE', #2990, 1000.000000000000114 ) ;
#3330 = CARTESIAN_POINT ( 'NONE',  ( 0.000000000000000000, 1.000000000000000000, 0.000000000000000000 ) ) ;
#3331 = VECTOR ( 'NONE', #345, 1000.000000000000000 ) ;
#3332 = ORIENTED_EDGE ( 'NONE', *, *, #5350, .T. ) ;
#3333 = DIRECTION ( 'NONE',  ( 1.000000000000000000, 0.000000000000000000, 0.000000000000000000 ) ) ;
#3334 = CYLINDRICAL_SURFACE ( 'NONE', #1505, 3.500000000000001776 ) ;
#3335 = CARTESIAN_POINT ( 'NONE',  ( 5.178944678843139471, 1.000000000000000000, 8.105152621701877891 ) ) ;
#3336 = VECTOR ( 'NONE', #827, 1000.000000000000114 ) ;
#3337 = CARTESIAN_POINT ( 'NONE',  ( 6.141016742134422834, 4.500000000000000000, 17.65309913292901456 ) ) ;
#3338 = DIRECTION ( 'NONE',  ( -0.000000000000000000, -1.000000000000000000, -0.000000000000000000 ) ) ;
#3339 = EDGE_LOOP ( 'NONE', ( #4155, #5055, #455, #5046, #5035 ) ) ;
#3340 = VERTEX_POINT ( 'NONE', #3096 ) ;
#3341 = EDGE_LOOP ( 'NONE', ( #2506, #795, #3326, #3415 ) ) ;
#3342 = PLANE ( 'NONE',  #4071 ) ;
#3343 = CARTESIAN_POINT ( 'NONE',  ( 14.37803633625319577, 1.000000000000000000, 10.63607652721724861 ) ) ;
#3344 = CARTESIAN_POINT ( 'NONE',  ( -5.715227448559334178, 3.000000000000000000, -1.686743650363013991 ) ) ;
#3345 = VERTEX_POINT ( 'NONE', #1026 ) ;
#3346 = DIRECTION ( 'NONE',  ( 0.5168690990339176450, 0.000000000000000000, -0.8560644452749256450 ) ) ;
#3347 = LINE ( 'NONE', #5457, #1595 ) ;
#3348 = FACE_OUTER_BOUND ( 'NONE', #2397, .T. ) ;
#3349 = AXIS2_PLACEMENT_3D ( 'NONE', #1338, #3043, #2046 ) ;
#3350 = VERTEX_POINT ( 'NONE', #4764 ) ;
#3351 = VERTEX_POINT ( 'NONE', #4945 ) ;
#3352 = EDGE_LOOP ( 'NONE', ( #1836, #4980, #350, #2265, #2605 ) ) ;
#3353 = CARTESIAN_POINT ( 'NONE',  ( -21.83540119763030418, 2.000000000000000000, 10.30031147355660082 ) ) ;
#3354 = EDGE_CURVE ( 'NONE', #958, #2888, #2792, .T. ) ;
#3355 = DIRECTION ( 'NONE',  ( 0.000000000000000000, 1.000000000000000000, -0.000000000000000000 ) ) ;
#3356 = CARTESIAN_POINT ( 'NONE',  ( -9.780948568101187846, 0.000000000000000000, -19.79357681454331441 ) ) ;
#3357 = VERTEX_POINT ( 'NONE', #316 ) ;
#3358 = EDGE_LOOP ( 'NONE', ( #1172, #4375, #5242, #2229 ) ) ;
#3359 = AXIS2_PLACEMENT_3D ( 'NONE', #1955, #4591, #4564 ) ;
#3360 = CARTESIAN_POINT ( 'NONE',  ( 6.141016742134422834, 4.500000000000000000, 17.65309913292901456 ) ) ;
#3361 = CYLINDRICAL_SURFACE ( 'NONE', #112, 0.5000000000000056621 ) ;
#3362 = FACE_OUTER_BOUND ( 'NONE', #4495, .T. ) ;
#3363 = DIRECTION ( 'NONE',  ( -1.000000000000000000, 0.000000000000000000, 0.000000000000000000 ) ) ;
#3364 = EDGE_CURVE ( 'NONE', #1546, #3345, #5087, .T. ) ;
#3365 = ADVANCED_FACE ( 'NONE', ( #3248 ), #3725, .T. ) ;
#3366 = FACE_OUTER_BOUND ( 'NONE', #4567, .T. ) ;
#3367 = EDGE_LOOP ( 'NONE', ( #361, #3922, #5421, #4204, #2702 ) ) ;
#3368 = ORIENTED_EDGE ( 'NONE', *, *, #1560, .F. ) ;
#3369 = ORIENTED_EDGE ( 'NONE', *, *, #4169, .T. ) ;
#3370 = DIRECTION ( 'NONE',  ( -0.000000000000000000, -1.000000000000000000, 0.000000000000000000 ) ) ;
#3371 = AXIS2_PLACEMENT_3D ( 'NONE', #1835, #3551, #5241 ) ;
#3372 = CARTESIAN_POINT ( 'NONE',  ( 10.66798483321305646, 0.000000000000000000, 6.679563018711476730 ) ) ;
#3373 = VERTEX_POINT ( 'NONE', #2392 ) ;
#3374 = ORIENTED_EDGE ( 'NONE', *, *, #2731, .F. ) ;
#3375 = LINE ( 'NONE', #2104, #4662 ) ;
#3376 = DIRECTION ( 'NONE',  ( -0.000000000000000000, -1.000000000000000000, -0.000000000000000000 ) ) ;
#3377 = VERTEX_POINT ( 'NONE', #3639 ) ;
#3378 = EDGE_CURVE ( 'NONE', #151, #2777, #552, .T. ) ;
#3379 = ORIENTED_EDGE ( 'NONE', *, *, #1147, .T. ) ;
#3380 = ORIENTED_EDGE ( 'NONE', *, *, #4826, .F. ) ;
#3381 = ORIENTED_EDGE ( 'NONE', *, *, #2271, .F. ) ;
#3382 = AXIS2_PLACEMENT_3D ( 'NONE', #3656, #1966, #1935 ) ;
#3383 = FACE_OUTER_BOUND ( 'NONE', #1960, .T. ) ;
#3384 = ADVANCED_FACE ( 'NONE', ( #672 ), #4079, .F. ) ;
#3385 = EDGE_CURVE ( 'NONE', #1449, #3995, #1536, .T. ) ;
#3386 = DIRECTION ( 'NONE',  ( 0.000000000000000000, 1.000000000000000000, -0.000000000000000000 ) ) ;
#3387 = AXIS2_PLACEMENT_3D ( 'NONE', #233, #1940, #4862 ) ;
#3388 = EDGE_CURVE ( 'NONE', #1261, #4687, #4916, .T. ) ;
#3389 = DIRECTION ( 'NONE',  ( 0.000000000000000000, 0.000000000000000000, 1.000000000000000000 ) ) ;
#3390 = DIRECTION ( 'NONE',  ( 0.000000000000000000, 1.000000000000000000, -0.000000000000000000 ) ) ;
#3391 = CARTESIAN_POINT ( 'NONE',  ( -21.05979044050274140, 0.000000000000000000, -1.512571300144474273 ) ) ;
#3392 = EDGE_LOOP ( 'NONE', ( #1743, #1534, #3332, #930, #5336, #2259 ) ) ;
#3393 = EDGE_CURVE ( 'NONE', #320, #1685, #4029, .T. ) ;
#3394 = CARTESIAN_POINT ( 'NONE',  ( 16.28127117317980321, 0.000000000000000000, 9.609026411636929055 ) ) ;
#3395 = DIRECTION ( 'NONE',  ( 0.000000000000000000, 1.000000000000000000, 0.000000000000000000 ) ) ;
#3396 = VECTOR ( 'NONE', #3479, 1000.000000000000000 ) ;
#3397 = DIRECTION ( 'NONE',  ( -0.000000000000000000, -1.000000000000000000, -0.000000000000000000 ) ) ;
#3398 = CARTESIAN_POINT ( 'NONE',  ( 4.762182326995337611, 4.000000000000000000, 22.58206901045327442 ) ) ;
#3399 = EDGE_LOOP ( 'NONE', ( #3056, #2628, #1745, #5101 ) ) ;
#3400 = ORIENTED_EDGE ( 'NONE', *, *, #829, .T. ) ;
#3401 = EDGE_CURVE ( 'NONE', #3350, #1468, #3187, .T. ) ;
#3402 = LINE ( 'NONE', #1309, #4518 ) ;
#3403 = EDGE_CURVE ( 'NONE', #4045, #1031, #1159, .T. ) ;
#3404 = LINE ( 'NONE', #4653, #4428 ) ;
#3405 = VECTOR ( 'NONE', #3453, 1000.000000000000000 ) ;
#3406 = ORIENTED_EDGE ( 'NONE', *, *, #1772, .T. ) ;
#3407 = VECTOR ( 'NONE', #611, 1000.000000000000000 ) ;
#3408 = CARTESIAN_POINT ( 'NONE',  ( -22.68422853593582289, 3.000000000000000000, 7.579552007672155867 ) ) ;
#3409 = CARTESIAN_POINT ( 'NONE',  ( -7.617085631133469370, 3.000000000000000000, -5.603183904079728883 ) ) ;
#3410 = ORIENTED_EDGE ( 'NONE', *, *, #322, .F. ) ;
#3411 = AXIS2_PLACEMENT_3D ( 'NONE', #5110, #3395, #22 ) ;
#3412 = CARTESIAN_POINT ( 'NONE',  ( 1.343040028563946553, 4.500000000000000000, 7.464009483118975830 ) ) ;
#3413 = AXIS2_PLACEMENT_3D ( 'NONE', #1713, #2463, #2923 ) ;
#3414 = ORIENTED_EDGE ( 'NONE', *, *, #4684, .T. ) ;
#3415 = ORIENTED_EDGE ( 'NONE', *, *, #5095, .T. ) ;
#3416 = EDGE_LOOP ( 'NONE', ( #1985, #2572, #3092, #3414 ) ) ;
#3417 = CARTESIAN_POINT ( 'NONE',  ( -22.32097580104471746, 0.000000000000000000, 1.132024953897474928 ) ) ;
#3418 = CARTESIAN_POINT ( 'NONE',  ( -6.481246271067816700, 1.000000000000000000, -4.348841648811680116 ) ) ;
#3419 = DIRECTION ( 'NONE',  ( -0.4409038796534636151, 0.000000000000000000, 0.8975543264374161723 ) ) ;
#3420 = CARTESIAN_POINT ( 'NONE',  ( -2.545144991300694048, 1.000000000000000000, -21.85228219141554717 ) ) ;
#3421 = EDGE_CURVE ( 'NONE', #3596, #2587, #2401, .T. ) ;
#3422 = EDGE_LOOP ( 'NONE', ( #2219, #3900, #4587, #3106 ) ) ;
#3423 = VERTEX_POINT ( 'NONE', #1564 ) ;
#3424 = CARTESIAN_POINT ( 'NONE',  ( 17.61503612425674348, 1.000000000000000000, 11.27737329950637424 ) ) ;
#3425 = AXIS2_PLACEMENT_3D ( 'NONE', #5204, #3097, #189 ) ;
#3426 = CARTESIAN_POINT ( 'NONE',  ( -9.319232372904995287, 0.000000000000000000, -5.634559815357672363 ) ) ;
#3427 = DIRECTION ( 'NONE',  ( 0.000000000000000000, 0.000000000000000000, -1.000000000000000000 ) ) ;
#3428 = CARTESIAN_POINT ( 'NONE',  ( -6.728832792671349594, 0.000000000000000000, -12.70097230556362256 ) ) ;
#3429 = AXIS2_PLACEMENT_3D ( 'NONE', #3809, #3386, #3837 ) ;
#3430 = CARTESIAN_POINT ( 'NONE',  ( -9.319232372904995287, 3.000000000000000000, -5.634559815357672363 ) ) ;
#3431 = LINE ( 'NONE', #4620, #4697 ) ;
#3432 = EDGE_CURVE ( 'NONE', #2548, #2860, #1376, .T. ) ;
#3433 = ORIENTED_EDGE ( 'NONE', *, *, #2194, .T. ) ;
#3434 = EDGE_CURVE ( 'NONE', #3893, #325, #4557, .T. ) ;
#3435 = CARTESIAN_POINT ( 'NONE',  ( 4.795745901447129533, 4.000000000000000000, 11.08057842265914594 ) ) ;
#3436 = CYLINDRICAL_SURFACE ( 'NONE', #3199, 12.76599833254949701 ) ;
#3437 = ORIENTED_EDGE ( 'NONE', *, *, #1563, .F. ) ;
#3438 = LINE ( 'NONE', #4714, #81 ) ;
#3439 = ORIENTED_EDGE ( 'NONE', *, *, #307, .T. ) ;
#3440 = ORIENTED_EDGE ( 'NONE', *, *, #2176, .F. ) ;
#3441 = CARTESIAN_POINT ( 'NONE',  ( -22.59850676864272145, 3.000000000000000000, -6.669991051155196082 ) ) ;
#3442 = B_SPLINE_SURFACE_WITH_KNOTS ( 'NONE', 3, 1, ( 
 ( #2778, #251 ),
 ( #228, #3685 ),
 ( #1908, #1527 ),
 ( #2752, #4459 ),
 ( #3236, #2322 ) ),
 .UNSPECIFIED., .F., .F., .F.,
 ( 4, 1, 4 ),
 ( 2, 2 ),
 ( 0.1832132925238130206, 0.5345512233277550651, 0.7175995515452111562 ),
 ( 0.000000000000000000, 1.000000000000000000 ),
 .UNSPECIFIED. ) ;
#3443 = FACE_OUTER_BOUND ( 'NONE', #59, .T. ) ;
#3444 = CARTESIAN_POINT ( 'NONE',  ( 8.541872338488509797, 0.000000000000000000, 8.976985026505508003 ) ) ;
#3445 = CARTESIAN_POINT ( 'NONE',  ( -8.516475078921287079, 5.000000000000000000, -22.43812942805421784 ) ) ;
#3446 = ORIENTED_EDGE ( 'NONE', *, *, #245, .T. ) ;
#3447 = PLANE ( 'NONE',  #2338 ) ;
#3448 = DIRECTION ( 'NONE',  ( -0.000000000000000000, -1.000000000000000000, -0.000000000000000000 ) ) ;
#3449 = CARTESIAN_POINT ( 'NONE',  ( -0.2709644893187113102, 1.000000000000000000, 5.379253648066882221 ) ) ;
#3450 = PLANE ( 'NONE',  #5156 ) ;
#3451 = EDGE_CURVE ( 'NONE', #893, #1031, #3218, .T. ) ;
#3452 = ORIENTED_EDGE ( 'NONE', *, *, #2441, .T. ) ;
#3453 = DIRECTION ( 'NONE',  ( 0.000000000000000000, 0.000000000000000000, 1.000000000000000000 ) ) ;
#3454 = CYLINDRICAL_SURFACE ( 'NONE', #1485, 0.5000000000000073275 ) ;
#3455 = CARTESIAN_POINT ( 'NONE',  ( 8.541872338248936103, 1.000000000000000000, 8.976985026764387143 ) ) ;
#3456 = EDGE_CURVE ( 'NONE', #4273, #2081, #291, .T. ) ;
#3457 = CIRCLE ( 'NONE', #5401, 1.000000000000000888 ) ;
#3458 = LINE ( 'NONE', #4795, #5348 ) ;
#3459 = ORIENTED_EDGE ( 'NONE', *, *, #1211, .F. ) ;
#3460 = EDGE_CURVE ( 'NONE', #5399, #4768, #4974, .T. ) ;
#3461 = EDGE_CURVE ( 'NONE', #2008, #4687, #4445, .T. ) ;
#3462 = LINE ( 'NONE', #927, #1453 ) ;
#3463 = CARTESIAN_POINT ( 'NONE',  ( 9.596856419122598680, 1.000000000000000000, -0.1191013467986520025 ) ) ;
#3464 = VERTEX_POINT ( 'NONE', #1891 ) ;
#3465 = CARTESIAN_POINT ( 'NONE',  ( -3.546159964238023488, 0.000000000000000000, 5.964271434009274842 ) ) ;
#3466 = VERTEX_POINT ( 'NONE', #3612 ) ;
#3467 = ORIENTED_EDGE ( 'NONE', *, *, #4011, .F. ) ;
#3468 = ORIENTED_EDGE ( 'NONE', *, *, #2882, .F. ) ;
#3469 = CARTESIAN_POINT ( 'NONE',  ( 1.343040028563946553, 4.500000000000000000, 7.464009483118975830 ) ) ;
#3470 = EDGE_CURVE ( 'NONE', #1547, #4775, #5298, .T. ) ;
#3471 = LINE ( 'NONE', #424, #5107 ) ;
#3472 = CARTESIAN_POINT ( 'NONE',  ( -7.585942171169770987, 4.500000000000000000, -16.38336815392723977 ) ) ;
#3473 = DIRECTION ( 'NONE',  ( 0.000000000000000000, 0.000000000000000000, 1.000000000000000000 ) ) ;
#3474 = LINE ( 'NONE', #4436, #4706 ) ;
#3475 = EDGE_LOOP ( 'NONE', ( #2649, #2181, #3576, #2038 ) ) ;
#3476 = VERTEX_POINT ( 'NONE', #3426 ) ;
#3477 = CARTESIAN_POINT ( 'NONE',  ( -22.28497647494492284, 0.000000000000000000, -1.448674897660780170 ) ) ;
#3478 = AXIS2_PLACEMENT_3D ( 'NONE', #5082, #4220, #886 ) ;
#3479 = DIRECTION ( 'NONE',  ( -1.000000000000000000, 0.000000000000000000, 0.000000000000000000 ) ) ;
#3480 = CARTESIAN_POINT ( 'NONE',  ( -2.151234503969867706, 4.500000000000000000, -1.213259672218396368 ) ) ;
#3481 = TOROIDAL_SURFACE ( 'NONE', #2482, 26.49999999999999645, 1.000000000000000000 ) ;
#3482 = CARTESIAN_POINT ( 'NONE',  ( -12.18834315404430590, 0.000000000000000000, -7.321998336348245928 ) ) ;
#3483 = FACE_OUTER_BOUND ( 'NONE', #2354, .T. ) ;
#3484 = DIRECTION ( 'NONE',  ( -0.000000000000000000, -1.000000000000000000, -0.000000000000000000 ) ) ;
#3485 = DIRECTION ( 'NONE',  ( 0.000000000000000000, 1.000000000000000000, -0.000000000000000000 ) ) ;
#3486 = VERTEX_POINT ( 'NONE', #3783 ) ;
#3487 = EDGE_CURVE ( 'NONE', #4128, #847, #4907, .T. ) ;
#3488 = EDGE_CURVE ( 'NONE', #578, #4302, #2689, .T. ) ;
#3489 = LINE ( 'NONE', #1825, #1283 ) ;
#3490 = CARTESIAN_POINT ( 'NONE',  ( -8.819213716794033431, 4.500000000000000000, -21.31074398843536599 ) ) ;
#3491 = EDGE_CURVE ( 'NONE', #2777, #658, #2483, .T. ) ;
#3492 = EDGE_LOOP ( 'NONE', ( #3322, #3950, #2874, #4735, #1231, #2678, #4742, #2334, #3303, #535, #5365, #4096, #2910, #1327, #4743, #2088, #2089, #2497, #837, #3687, #1641 ) ) ;
#3493 = AXIS2_PLACEMENT_3D ( 'NONE', #1729, #3448, #5138 ) ;
#3494 = EDGE_LOOP ( 'NONE', ( #5153, #2221, #1714, #1611 ) ) ;
#3495 = DIRECTION ( 'NONE',  ( 0.000000000000000000, 0.000000000000000000, -1.000000000000000000 ) ) ;
#3496 = VECTOR ( 'NONE', #1048, 1000.000000000000000 ) ;
#3497 = AXIS2_PLACEMENT_3D ( 'NONE', #2409, #255, #4968 ) ;
#3498 = DIRECTION ( 'NONE',  ( 0.000000000000000000, 1.000000000000000000, -0.000000000000000000 ) ) ;
#3499 = CIRCLE ( 'NONE', #3228, 0.4999999999999952260 ) ;
#3500 = ADVANCED_FACE ( 'NONE', ( #4699 ), #3361, .F. ) ;
#3501 = CARTESIAN_POINT ( 'NONE',  ( -7.550661286023191643, 0.000000000000000000, -1.512571300144474273 ) ) ;
#3502 = ORIENTED_EDGE ( 'NONE', *, *, #4104, .F. ) ;
#3503 = ORIENTED_EDGE ( 'NONE', *, *, #4409, .F. ) ;
#3504 = CARTESIAN_POINT ( 'NONE',  ( 15.38644397594097590, 1.694065894508600678E-18, 19.70424679543041790 ) ) ;
#3505 = LINE ( 'NONE', #3060, #3299 ) ;
#3506 = CARTESIAN_POINT ( 'NONE',  ( -5.926223190590107492, 3.000000000000000000, 7.579552007672155867 ) ) ;
#3507 = VERTEX_POINT ( 'NONE', #2142 ) ;
#3508 = ORIENTED_EDGE ( 'NONE', *, *, #872, .F. ) ;
#3509 = DIRECTION ( 'NONE',  ( 0.000000000000000000, 1.000000000000000000, 0.000000000000000000 ) ) ;
#3510 = CARTESIAN_POINT ( 'NONE',  ( -21.05979044050274140, 0.000000000000000000, 10.30031147355660082 ) ) ;
#3511 = CARTESIAN_POINT ( 'NONE',  ( 9.596856419122598680, 1.000000000000000000, -0.1191013467986520025 ) ) ;
#3512 = CARTESIAN_POINT ( 'NONE',  ( -9.319232372904995287, 2.000000000000000000, 10.30031147355660082 ) ) ;
#3513 = FACE_OUTER_BOUND ( 'NONE', #1430, .T. ) ;
#3514 = ORIENTED_EDGE ( 'NONE', *, *, #254, .T. ) ;
#3515 = CARTESIAN_POINT ( 'NONE',  ( -6.775050528895626201, 0.000000000000000000, 2.276251975912782832 ) ) ;
#3516 = AXIS2_PLACEMENT_3D ( 'NONE', #1566, #3277, #4976 ) ;
#3517 = CARTESIAN_POINT ( 'NONE',  ( -6.775050528895626201, 3.000000000000000000, 5.725833956877303343 ) ) ;
#3518 = FACE_OUTER_BOUND ( 'NONE', #5330, .T. ) ;
#3519 = VECTOR ( 'NONE', #4032, 1000.000000000000000 ) ;
#3520 = EDGE_CURVE ( 'NONE', #4302, #3196, #4199, .T. ) ;
#3521 = VERTEX_POINT ( 'NONE', #373 ) ;
#3522 = VERTEX_POINT ( 'NONE', #5081 ) ;
#3523 = CARTESIAN_POINT ( 'NONE',  ( -12.18834315404476420, 0.000000000000000000, -7.321998336348686465 ) ) ;
#3524 = EDGE_LOOP ( 'NONE', ( #5157, #2317, #4547, #2078 ) ) ;
#3525 = ORIENTED_EDGE ( 'NONE', *, *, #4596, .F. ) ;
#3526 = CIRCLE ( 'NONE', #2395, 25.00000000000000000 ) ;
#3527 = VERTEX_POINT ( 'NONE', #2546 ) ;
#3528 = EDGE_CURVE ( 'NONE', #5405, #3795, #1704, .T. ) ;
#3529 = DIRECTION ( 'NONE',  ( -0.000000000000000000, -1.000000000000000000, -0.000000000000000000 ) ) ;
#3530 = LINE ( 'NONE', #132, #3924 ) ;
#3531 = VECTOR ( 'NONE', #727, 1000.000000000000000 ) ;
#3532 = AXIS2_PLACEMENT_3D ( 'NONE', #4857, #563, #4382 ) ;
#3533 = ORIENTED_EDGE ( 'NONE', *, *, #1339, .F. ) ;
#3534 = CARTESIAN_POINT ( 'NONE',  ( 0.000000000000000000, 2.000000000000000000, -0.6772755380457134988 ) ) ;
#3535 = CYLINDRICAL_SURFACE ( 'NONE', #2952, 3.182671588916524463 ) ;
#3536 = CARTESIAN_POINT ( 'NONE',  ( 3.367778697655220913E-15, 5.000000000000000000, 27.49999999999999645 ) ) ;
#3537 = DIRECTION ( 'NONE',  ( -0.1301077171777205443, 0.000000000000000000, -0.9914998648163307893 ) ) ;
#3538 = DIRECTION ( 'NONE',  ( 1.000000000000000000, 0.000000000000000000, 4.262463398114442994E-14 ) ) ;
#3539 = EDGE_CURVE ( 'NONE', #4599, #4128, #1301, .T. ) ;
#3540 = ORIENTED_EDGE ( 'NONE', *, *, #5113, .T. ) ;
#3541 = CARTESIAN_POINT ( 'NONE',  ( 0.000000000000000000, 3.000000000000000000, -0.6772755380457134988 ) ) ;
#3542 = AXIS2_PLACEMENT_3D ( 'NONE', #3316, #1107, #3646 ) ;
#3543 = CYLINDRICAL_SURFACE ( 'NONE', #4247, 2.999999999999999112 ) ;
#3544 = EDGE_LOOP ( 'NONE', ( #610, #5212, #1673, #589 ) ) ;
#3545 = EDGE_LOOP ( 'NONE', ( #330, #2505, #5071, #4116 ) ) ;
#3546 = CARTESIAN_POINT ( 'NONE',  ( 3.262729383827731588, 1.500000000000000000, -5.316364723713258300 ) ) ;
#3547 = VECTOR ( 'NONE', #2124, 1000.000000000000227 ) ;
#3548 = EDGE_CURVE ( 'NONE', #774, #1546, #787, .T. ) ;
#3549 = AXIS2_PLACEMENT_3D ( 'NONE', #2869, #203, #659 ) ;
#3550 = EDGE_LOOP ( 'NONE', ( #832, #3716, #2140, #1617, #2727 ) ) ;
#3551 = DIRECTION ( 'NONE',  ( -0.8804710999221738721, 0.000000000000000000, -0.4740998230350201847 ) ) ;
#3552 = PRODUCT_RELATED_PRODUCT_CATEGORY ( 'part', '', ( #1140 ) ) ;
#3553 = ORIENTED_EDGE ( 'NONE', *, *, #2827, .F. ) ;
#3554 = CARTESIAN_POINT ( 'NONE',  ( 6.019248619458947402, 4.500000000000000000, 12.94208635066048174 ) ) ;
#3555 = EDGE_CURVE ( 'NONE', #802, #1837, #5093, .T. ) ;
#3556 = DIRECTION ( 'NONE',  ( -0.000000000000000000, -1.000000000000000000, -0.000000000000000000 ) ) ;
#3557 = CARTESIAN_POINT ( 'NONE',  ( 18.51096771648515116, 1.000000000000000000, 11.64512715715398983 ) ) ;
#3558 = ADVANCED_FACE ( 'NONE', ( #435 ), #5002, .T. ) ;
#3559 = VECTOR ( 'NONE', #4466, 1000.000000000000000 ) ;
#3560 = LINE ( 'NONE', #4469, #371 ) ;
#3561 = VECTOR ( 'NONE', #2938, 1000.000000000000000 ) ;
#3562 = DIRECTION ( 'NONE',  ( 0.000000000000000000, 1.000000000000000000, -0.000000000000000000 ) ) ;
#3563 = CARTESIAN_POINT ( 'NONE',  ( 22.20373856994361006, 1.000000000000000000, 11.48886389150807474 ) ) ;
#3564 = CARTESIAN_POINT ( 'NONE',  ( 0.000000000000000000, 4.000000000000000000, 0.000000000000000000 ) ) ;
#3565 = CARTESIAN_POINT ( 'NONE',  ( -6.241850327850115399, 4.500000000000000000, -12.81432167237545272 ) ) ;
#3566 = ORIENTED_EDGE ( 'NONE', *, *, #3718, .F. ) ;
#3567 = AXIS2_PLACEMENT_3D ( 'NONE', #267, #2794, #4081 ) ;
#3568 = EDGE_CURVE ( 'NONE', #2902, #3466, #2060, .T. ) ;
#3569 = ADVANCED_FACE ( 'NONE', ( #4164 ), #2299, .F. ) ;
#3570 = DIRECTION ( 'NONE',  ( 0.000000000000000000, 1.000000000000000000, -0.000000000000000000 ) ) ;
#3571 = CARTESIAN_POINT ( 'NONE',  ( 3.262729383827731588, 0.000000000000000000, -0.000000000000000000 ) ) ;
#3572 = VECTOR ( 'NONE', #2223, 1000.000000000000000 ) ;
#3573 = ORIENTED_EDGE ( 'NONE', *, *, #1905, .T. ) ;
#3574 = EDGE_LOOP ( 'NONE', ( #1200, #1593, #860, #4625 ) ) ;
#3575 = DIRECTION ( 'NONE',  ( -0.000000000000000000, -1.000000000000000000, -0.000000000000000000 ) ) ;
#3576 = ORIENTED_EDGE ( 'NONE', *, *, #5289, .F. ) ;
#3577 = ORIENTED_EDGE ( 'NONE', *, *, #678, .F. ) ;
#3578 = LINE ( 'NONE', #4861, #3672 ) ;
#3579 =( NAMED_UNIT ( * ) PLANE_ANGLE_UNIT ( ) SI_UNIT ( $, .RADIAN. ) );
#3580 = ADVANCED_FACE ( 'NONE', ( #1651 ), #3334, .T. ) ;
#3581 = AXIS2_PLACEMENT_3D ( 'NONE', #2626, #2568, #16 ) ;
#3582 = B_SPLINE_CURVE_WITH_KNOTS ( 'NONE', 3,
 ( #3820, #5504, #4250, #2576 ),
 .UNSPECIFIED., .F., .F.,
 ( 4, 4 ),
 ( 0.000000000000000000, 0.9436495108954543465 ),
 .UNSPECIFIED. ) ;
#3583 = B_SPLINE_CURVE_WITH_KNOTS ( 'NONE', 3,
 ( #2920, #923, #5118, #862, #4226 ),
 .UNSPECIFIED., .F., .F.,
 ( 4, 1, 4 ),
 ( 0.2049843005143694996, 0.5040623229221169455, 1.000000000000000000 ),
 .UNSPECIFIED. ) ;
#3584 = CARTESIAN_POINT ( 'NONE',  ( -0.4515270255709274982, 4.500000000000000000, 4.329264713865081049 ) ) ;
#3585 = FACE_OUTER_BOUND ( 'NONE', #3100, .T. ) ;
#3586 = DIRECTION ( 'NONE',  ( 0.000000000000000000, 0.000000000000000000, -1.000000000000000000 ) ) ;
#3587 = CARTESIAN_POINT ( 'NONE',  ( -6.784723009638948810, 0.000000000000000000, -17.98453496792459916 ) ) ;
#3588 = CARTESIAN_POINT ( 'NONE',  ( -22.68422853593582289, 0.000000000000000000, 10.30031147355660082 ) ) ;
#3589 = CARTESIAN_POINT ( 'NONE',  ( -22.68422853593582289, 3.000000000000000000, 7.579552007672155867 ) ) ;
#3590 = ORIENTED_EDGE ( 'NONE', *, *, #3898, .F. ) ;
#3591 = CARTESIAN_POINT ( 'NONE',  ( -6.113708585391900208, 0.000000000000000000, 2.343719704436513673 ) ) ;
#3592 = CARTESIAN_POINT ( 'NONE',  ( -11.12255427434644162, 0.000000000000000000, 10.30031147355660082 ) ) ;
#3593 = ADVANCED_FACE ( 'NONE', ( #4642 ), #4249, .T. ) ;
#3594 = CARTESIAN_POINT ( 'NONE',  ( -5.634204430174219347, 0.000000000000000000, -0.8684111646733841949 ) ) ;
#3595 = AXIS2_PLACEMENT_3D ( 'NONE', #4871, #1033, #4771 ) ;
#3596 = VERTEX_POINT ( 'NONE', #4728 ) ;
#3597 = ADVANCED_FACE ( 'NONE', ( #3174 ), #657, .F. ) ;
#3598 = AXIS2_PLACEMENT_3D ( 'NONE', #4611, #2828, #2002 ) ;
#3599 = CARTESIAN_POINT ( 'NONE',  ( -14.30522586326296519, 4.000000000000000000, 15.85339998016653595 ) ) ;
#3600 = DIRECTION ( 'NONE',  ( -0.000000000000000000, -1.000000000000000000, -0.000000000000000000 ) ) ;
#3601 = ORIENTED_EDGE ( 'NONE', *, *, #5114, .T. ) ;
#3602 = ADVANCED_FACE ( 'NONE', ( #4876 ), #1306, .T. ) ;
#3603 = DIRECTION ( 'NONE',  ( 0.000000000000000000, 1.000000000000000000, 0.000000000000000000 ) ) ;
#3604 = DIRECTION ( 'NONE',  ( 0.000000000000000000, 1.000000000000000000, 0.000000000000000000 ) ) ;
#3605 = ORIENTED_EDGE ( 'NONE', *, *, #2827, .T. ) ;
#3606 = DIRECTION ( 'NONE',  ( -0.000000000000000000, -1.000000000000000000, -0.000000000000000000 ) ) ;
#3607 = LINE ( 'NONE', #2296, #2227 ) ;
#3608 = CARTESIAN_POINT ( 'NONE',  ( -0.2709644889716128491, 0.000000000000000000, 5.379253647988273102 ) ) ;
#3609 = VERTEX_POINT ( 'NONE', #4356 ) ;
#3610 = LINE ( 'NONE', #641, #2228 ) ;
#3611 = ADVANCED_FACE ( 'NONE', ( #5168 ), #1355, .F. ) ;
#3612 = CARTESIAN_POINT ( 'NONE',  ( 24.99082427303198983, 1.000000000000000000, -0.6772755380457134988 ) ) ;
#3613 = CARTESIAN_POINT ( 'NONE',  ( -21.05979044050274140, 3.000000000000000000, -1.512571300144474273 ) ) ;
#3614 = LINE ( 'NONE', #2975, #2026 ) ;
#3615 = VECTOR ( 'NONE', #5385, 1000.000000000000000 ) ;
#3616 = DIRECTION ( 'NONE',  ( -0.000000000000000000, -1.000000000000000000, -0.000000000000000000 ) ) ;
#3617 = EDGE_CURVE ( 'NONE', #1226, #1260, #4455, .T. ) ;
#3618 = VERTEX_POINT ( 'NONE', #1811 ) ;
#3619 = B_SPLINE_SURFACE_WITH_KNOTS ( 'NONE', 3, 1, ( 
 ( #4335, #2281 ),
 ( #1363, #1461 ),
 ( #3960, #496 ),
 ( #1869, #3067 ),
 ( #3987, #139 ) ),
 .UNSPECIFIED., .F., .F., .F.,
 ( 4, 1, 4 ),
 ( 2, 2 ),
 ( 0.09090237436335596444, 0.5395028545796501929, 1.000000000000000000 ),
 ( 0.000000000000000000, 1.000000000000000000 ),
 .UNSPECIFIED. ) ;
#3620 = EDGE_CURVE ( 'NONE', #1547, #4715, #223, .T. ) ;
#3621 = DIRECTION ( 'NONE',  ( 0.000000000000000000, 0.000000000000000000, 1.000000000000000000 ) ) ;
#3622 = CARTESIAN_POINT ( 'NONE',  ( 9.596856419122598680, 0.000000000000000000, -0.1191013467986520025 ) ) ;
#3623 = EDGE_CURVE ( 'NONE', #1108, #2526, #3505, .T. ) ;
#3624 = ORIENTED_EDGE ( 'NONE', *, *, #485, .F. ) ;
#3625 = EDGE_CURVE ( 'NONE', #1104, #1092, #3033, .T. ) ;
#3626 = CIRCLE ( 'NONE', #157, 1.000000000000000888 ) ;
#3627 = LINE ( 'NONE', #915, #4015 ) ;
#3628 = ORIENTED_EDGE ( 'NONE', *, *, #2643, .F. ) ;
#3629 = DIRECTION ( 'NONE',  ( 0.000000000000000000, 0.000000000000000000, 1.000000000000000000 ) ) ;
#3630 = CARTESIAN_POINT ( 'NONE',  ( -12.18834315414710900, 3.000000000000000000, -7.321998336446759126 ) ) ;
#3631 = CARTESIAN_POINT ( 'NONE',  ( 1.291336642075549435, 4.500000000000000000, 10.62925298774007921 ) ) ;
#3632 = ORIENTED_EDGE ( 'NONE', *, *, #4619, .T. ) ;
#3633 = B_SPLINE_SURFACE_WITH_KNOTS ( 'NONE', 3, 1, ( 
 ( #1652, #5442 ),
 ( #3869, #858 ),
 ( #5473, #5003 ),
 ( #4700, #1277 ),
 ( #4610, #4584 ) ),
 .UNSPECIFIED., .F., .F., .F.,
 ( 4, 1, 4 ),
 ( 2, 2 ),
 ( 0.04467518612785860432, 0.6216862572798877995, 0.7943290605938991833 ),
 ( 0.000000000000000000, 1.000000000000000000 ),
 .UNSPECIFIED. ) ;
#3634 = ORIENTED_EDGE ( 'NONE', *, *, #1478, .F. ) ;
#3635 = VECTOR ( 'NONE', #2086, 1000.000000000000000 ) ;
#3636 = DIRECTION ( 'NONE',  ( 0.000000000000000000, 0.000000000000000000, 1.000000000000000000 ) ) ;
#3637 = FACE_OUTER_BOUND ( 'NONE', #2022, .T. ) ;
#3638 = CARTESIAN_POINT ( 'NONE',  ( -5.119735382501088061, 3.000000000000000000, 1.044499255121541514 ) ) ;
#3639 = CARTESIAN_POINT ( 'NONE',  ( -7.521253397651182837, 5.000000000000000000, -22.34048822194777273 ) ) ;
#3640 = PLANE ( 'NONE',  #1751 ) ;
#3641 = DIRECTION ( 'NONE',  ( -0.000000000000000000, -1.000000000000000000, -0.000000000000000000 ) ) ;
#3642 = CARTESIAN_POINT ( 'NONE',  ( 9.596856419122598680, 0.000000000000000000, -0.1191013467986520025 ) ) ;
#3643 = ORIENTED_EDGE ( 'NONE', *, *, #2213, .F. ) ;
#3644 = CARTESIAN_POINT ( 'NONE',  ( -24.24437569559783512, 3.000000000000000000, 6.100020256581533573 ) ) ;
#3645 = LINE ( 'NONE', #1986, #4894 ) ;
#3646 = DIRECTION ( 'NONE',  ( 0.9918086003190894617, 0.000000000000000000, 0.1277329257986702660 ) ) ;
#3647 = VECTOR ( 'NONE', #1812, 1000.000000000000114 ) ;
#3648 = EDGE_CURVE ( 'NONE', #5265, #4088, #2849, .T. ) ;
#3649 = DIRECTION ( 'NONE',  ( 0.4472135954999569840, 0.000000000000000000, 0.8944271909999162995 ) ) ;
#3650 = ORIENTED_EDGE ( 'NONE', *, *, #4270, .T. ) ;
#3651 = EDGE_CURVE ( 'NONE', #39, #3521, #3627, .T. ) ;
#3652 = CIRCLE ( 'NONE', #97, 3.500000000000001332 ) ;
#3653 = CARTESIAN_POINT ( 'NONE',  ( -5.497424232654923415, 4.500000000000000000, -0.1870948220882694968 ) ) ;
#3654 = VERTEX_POINT ( 'NONE', #4327 ) ;
#3655 = ORIENTED_EDGE ( 'NONE', *, *, #4531, .F. ) ;
#3656 = CARTESIAN_POINT ( 'NONE',  ( 9.596856419122598680, 1.000000000000000000, -0.1191013467986520025 ) ) ;
#3657 = LINE ( 'NONE', #2406, #1308 ) ;
#3658 = ORIENTED_EDGE ( 'NONE', *, *, #655, .F. ) ;
#3659 = EDGE_LOOP ( 'NONE', ( #778, #1963, #2811, #4690 ) ) ;
#3660 = DIRECTION ( 'NONE',  ( 0.000000000000000000, 1.000000000000000000, 0.000000000000000000 ) ) ;
#3661 = DIRECTION ( 'NONE',  ( -0.000000000000000000, -1.000000000000000000, -0.000000000000000000 ) ) ;
#3662 = CARTESIAN_POINT ( 'NONE',  ( 1.343040028563946553, 4.500000000000000000, 7.464009483118975830 ) ) ;
#3663 = EDGE_CURVE ( 'NONE', #4989, #2212, #4482, .T. ) ;
#3664 = DIRECTION ( 'NONE',  ( 0.000000000000000000, 0.000000000000000000, 1.000000000000000000 ) ) ;
#3665 = DIRECTION ( 'NONE',  ( 0.000000000000000000, 0.000000000000000000, -1.000000000000000000 ) ) ;
#3666 = ORIENTED_EDGE ( 'NONE', *, *, #5423, .T. ) ;
#3667 = CARTESIAN_POINT ( 'NONE',  ( -6.113708585391900208, 0.000000000000000000, 2.343719704436513673 ) ) ;
#3668 = DIRECTION ( 'NONE',  ( -0.000000000000000000, -1.000000000000000000, -0.000000000000000000 ) ) ;
#3669 = AXIS2_PLACEMENT_3D ( 'NONE', #4470, #2357, #1510 ) ;
#3670 = LINE ( 'NONE', #1849, #3785 ) ;
#3671 = CIRCLE ( 'NONE', #4290, 2.999999999999999112 ) ;
#3672 = VECTOR ( 'NONE', #1887, 1000.000000000000000 ) ;
#3673 = ORIENTED_EDGE ( 'NONE', *, *, #1898, .T. ) ;
#3674 = DIRECTION ( 'NONE',  ( 0.4409038796534636151, 0.000000000000000000, -0.8975543264374162833 ) ) ;
#3675 = ORIENTED_EDGE ( 'NONE', *, *, #4019, .T. ) ;
#3676 = CARTESIAN_POINT ( 'NONE',  ( -4.898108026437780538, 3.000000000000000000, 7.650879118650912858 ) ) ;
#3677 = CARTESIAN_POINT ( 'NONE',  ( -24.35996077372989888, 0.000000000000000000, -3.138175813881626919 ) ) ;
#3678 = ORIENTED_EDGE ( 'NONE', *, *, #2418, .F. ) ;
#3679 = ORIENTED_EDGE ( 'NONE', *, *, #726, .F. ) ;
#3680 = CIRCLE ( 'NONE', #4391, 25.00000000000000000 ) ;
#3681 = DIRECTION ( 'NONE',  ( 0.000000000000000000, 1.000000000000000000, -0.000000000000000000 ) ) ;
#3682 = EDGE_CURVE ( 'NONE', #1685, #3795, #1557, .T. ) ;
#3683 = ORIENTED_EDGE ( 'NONE', *, *, #4635, .F. ) ;
#3684 = VERTEX_POINT ( 'NONE', #3200 ) ;
#3685 = CARTESIAN_POINT ( 'NONE',  ( 17.46763576765477310, 0.000000000000000000, 15.35631339267079198 ) ) ;
#3686 = CARTESIAN_POINT ( 'NONE',  ( -14.30522586326296519, 0.000000000000000000, -9.350571778467759998 ) ) ;
#3687 = ORIENTED_EDGE ( 'NONE', *, *, #4378, .T. ) ;
#3688 = CIRCLE ( 'NONE', #2618, 17.07637162759059635 ) ;
#3689 = ORIENTED_EDGE ( 'NONE', *, *, #3460, .F. ) ;
#3690 = LINE ( 'NONE', #1938, #5179 ) ;
#3691 = DIRECTION ( 'NONE',  ( 0.000000000000000000, 0.000000000000000000, 1.000000000000000000 ) ) ;
#3692 = DIRECTION ( 'NONE',  ( 1.000000000000000000, 0.000000000000000000, 0.000000000000000000 ) ) ;
#3693 = VECTOR ( 'NONE', #2765, 1000.000000000000000 ) ;
#3694 = DIRECTION ( 'NONE',  ( 1.000000000000000000, 0.000000000000000000, 0.000000000000000000 ) ) ;
#3695 = VERTEX_POINT ( 'NONE', #3896 ) ;
#3696 = ADVANCED_FACE ( 'NONE', ( #72 ), #2192, .T. ) ;
#3697 = DIRECTION ( 'NONE',  ( 0.000000000000000000, 0.000000000000000000, 1.000000000000000000 ) ) ;
#3698 = CARTESIAN_POINT ( 'NONE',  ( -19.29121935362093510, 0.000000000000000000, 10.30031147355660082 ) ) ;
#3699 = DIRECTION ( 'NONE',  ( -0.2266987336236721273, 0.000000000000000000, -0.9739649296424502944 ) ) ;
#3700 = DIRECTION ( 'NONE',  ( 0.000000000000000000, 0.000000000000000000, -1.000000000000000000 ) ) ;
#3701 = LINE ( 'NONE', #1177, #781 ) ;
#3702 = B_SPLINE_CURVE_WITH_KNOTS ( 'NONE', 3,
 ( #1094, #2387, #782, #2473 ),
 .UNSPECIFIED., .F., .F.,
 ( 4, 4 ),
 ( 0.000000000000000000, 0.7572072402483679410 ),
 .UNSPECIFIED. ) ;
#3703 = ORIENTED_EDGE ( 'NONE', *, *, #2342, .T. ) ;
#3704 = ADVANCED_FACE ( 'NONE', ( #630 ), #3925, .F. ) ;
#3705 = ORIENTED_EDGE ( 'NONE', *, *, #4853, .T. ) ;
#3706 = LINE ( 'NONE', #1170, #4627 ) ;
#3707 = ADVANCED_FACE ( 'NONE', ( #1930 ), #773, .F. ) ;
#3708 = CARTESIAN_POINT ( 'NONE',  ( -2.545144991300694048, 1.000000000000000000, -21.85228219141554717 ) ) ;
#3709 = VECTOR ( 'NONE', #2345, 1000.000000000000000 ) ;
#3710 = B_SPLINE_CURVE_WITH_KNOTS ( 'NONE', 3,
 ( #1658, #2949, #463, #3118 ),
 .UNSPECIFIED., .F., .F.,
 ( 4, 4 ),
 ( 0.000000000000000000, 0.7304312908433574503 ),
 .UNSPECIFIED. ) ;
#3711 = ORIENTED_EDGE ( 'NONE', *, *, #4769, .F. ) ;
#3712 = CARTESIAN_POINT ( 'NONE',  ( 20.72043394585968201, 0.000000000000000000, 10.62746709492866870 ) ) ;
#3713 = VERTEX_POINT ( 'NONE', #4569 ) ;
#3714 = CARTESIAN_POINT ( 'NONE',  ( 6.637098940768540345, 4.500000000000000000, 17.59062952273064084 ) ) ;
#3715 = ORIENTED_EDGE ( 'NONE', *, *, #25, .F. ) ;
#3716 = ORIENTED_EDGE ( 'NONE', *, *, #1965, .T. ) ;
#3717 = DIRECTION ( 'NONE',  ( 1.000000000000000000, 0.000000000000000000, 0.000000000000000000 ) ) ;
#3718 = EDGE_CURVE ( 'NONE', #4070, #3795, #3291, .T. ) ;
#3719 = AXIS2_PLACEMENT_3D ( 'NONE', #4429, #2700, #1080 ) ;
#3720 = CARTESIAN_POINT ( 'NONE',  ( -5.926223190590107492, 2.000000000000000000, 7.579552007672155867 ) ) ;
#3721 = CARTESIAN_POINT ( 'NONE',  ( -5.926223190590107492, 0.000000000000000000, 7.579552007672155867 ) ) ;
#3722 = EDGE_CURVE ( 'NONE', #3265, #4775, #358, .T. ) ;
#3723 = EDGE_CURVE ( 'NONE', #3464, #1104, #3347, .T. ) ;
#3724 = ORIENTED_EDGE ( 'NONE', *, *, #614, .F. ) ;
#3725 = PLANE ( 'NONE',  #5347 ) ;
#3726 = AXIS2_PLACEMENT_3D ( 'NONE', #5382, #668, #1587 ) ;
#3727 = CARTESIAN_POINT ( 'NONE',  ( -4.813994563164982310, 3.000000000000000000, 2.041480187118047240 ) ) ;
#3728 = CARTESIAN_POINT ( 'NONE',  ( -3.219060002219622962, 4.500000000000000000, 6.471870889335052723 ) ) ;
#3729 = VECTOR ( 'NONE', #3855, 1000.000000000000000 ) ;
#3730 = EDGE_LOOP ( 'NONE', ( #2904, #989, #368, #5094 ) ) ;
#3731 = CARTESIAN_POINT ( 'NONE',  ( 5.111318872980566752, 0.000000000000000000, 20.78224538103997432 ) ) ;
#3732 = FACE_OUTER_BOUND ( 'NONE', #4144, .T. ) ;
#3733 = ORIENTED_EDGE ( 'NONE', *, *, #2536, .T. ) ;
#3734 = EDGE_LOOP ( 'NONE', ( #2852, #609, #3675, #5372, #2196, #269, #606, #785, #4238, #1318, #4350, #4461 ) ) ;
#3735 = DIRECTION ( 'NONE',  ( 0.000000000000000000, 1.000000000000000000, -0.000000000000000000 ) ) ;
#3736 = CARTESIAN_POINT ( 'NONE',  ( 0.000000000000000000, 0.000000000000000000, 0.000000000000000000 ) ) ;
#3737 = CARTESIAN_POINT ( 'NONE',  ( 13.06566235224200057, 1.000000000000000000, 7.369918219744475252 ) ) ;
#3738 = ADVANCED_FACE ( 'NONE', ( #5014 ), #801, .T. ) ;
#3739 = EDGE_LOOP ( 'NONE', ( #1294, #3259, #4914, #1600 ) ) ;
#3740 = VECTOR ( 'NONE', #2848, 1000.000000000000000 ) ;
#3741 = CARTESIAN_POINT ( 'NONE',  ( 18.51096771648515116, 0.000000000000000000, 11.64512715715398983 ) ) ;
#3742 = ORIENTED_EDGE ( 'NONE', *, *, #3081, .T. ) ;
#3743 = ORIENTED_EDGE ( 'NONE', *, *, #227, .F. ) ;
#3744 =( GEOMETRIC_REPRESENTATION_CONTEXT ( 3 ) GLOBAL_UNCERTAINTY_ASSIGNED_CONTEXT ( ( #5376 ) ) GLOBAL_UNIT_ASSIGNED_CONTEXT ( ( #999, #1565, #3276 ) ) REPRESENTATION_CONTEXT ( 'NONE', 'WORKASPACE' ) );
#3745 = VERTEX_POINT ( 'NONE', #2500 ) ;
#3746 = ORIENTED_EDGE ( 'NONE', *, *, #3285, .F. ) ;
#3747 = DIRECTION ( 'NONE',  ( 0.000000000000000000, 0.000000000000000000, -1.000000000000000000 ) ) ;
#3748 = DIRECTION ( 'NONE',  ( 0.000000000000000000, 0.000000000000000000, -1.000000000000000000 ) ) ;
#3749 = DIRECTION ( 'NONE',  ( -0.8560644452749256450, 0.000000000000000000, -0.5168690990339178670 ) ) ;
#3750 = VERTEX_POINT ( 'NONE', #4153 ) ;
#3751 = CARTESIAN_POINT ( 'NONE',  ( -22.54897516563732296, 3.000000000000000000, -6.938466696431103031 ) ) ;
#3752 = CARTESIAN_POINT ( 'NONE',  ( -2.629261608067729128, 4.500000000000000000, -1.066664693628379679 ) ) ;
#3753 = DIRECTION ( 'NONE',  ( 1.000000000000000000, 0.000000000000000000, 1.214306433183758497E-14 ) ) ;
#3754 = VERTEX_POINT ( 'NONE', #4510 ) ;
#3755 = CIRCLE ( 'NONE', #200, 3.499999999999999556 ) ;
#3756 = DIRECTION ( 'NONE',  ( 0.000000000000000000, 0.000000000000000000, 1.000000000000000000 ) ) ;
#3757 = CARTESIAN_POINT ( 'NONE',  ( -21.83540119763030418, 3.000000000000000000, 2.276251975912782832 ) ) ;
#3758 = ORIENTED_EDGE ( 'NONE', *, *, #2017, .F. ) ;
#3759 = ORIENTED_EDGE ( 'NONE', *, *, #3723, .F. ) ;
#3760 = VECTOR ( 'NONE', #5209, 1000.000000000000000 ) ;
#3761 = LINE ( 'NONE', #1629, #3825 ) ;
#3762 = AXIS2_PLACEMENT_3D ( 'NONE', #1182, #5434, #2906 ) ;
#3763 = CARTESIAN_POINT ( 'NONE',  ( 17.61503612425674348, 1.000000000000000000, 11.27737329950637424 ) ) ;
#3764 = EDGE_LOOP ( 'NONE', ( #3311, #356, #4533, #3705, #3135, #449 ) ) ;
#3765 = VERTEX_POINT ( 'NONE', #1604 ) ;
#3766 = EDGE_CURVE ( 'NONE', #3340, #3373, #3844, .T. ) ;
#3767 = CARTESIAN_POINT ( 'NONE',  ( -144.0637089102034736, 3.000000000000000000, -3.160283313392068916 ) ) ;
#3768 = VERTEX_POINT ( 'NONE', #3653 ) ;
#3769 = VERTEX_POINT ( 'NONE', #327 ) ;
#3770 = EDGE_CURVE ( 'NONE', #1952, #4306, #1166, .T. ) ;
#3771 = ORIENTED_EDGE ( 'NONE', *, *, #123, .T. ) ;
#3772 = VERTEX_POINT ( 'NONE', #806 ) ;
#3773 = CYLINDRICAL_SURFACE ( 'NONE', #3497, 0.3659525352783322139 ) ;
#3774 = EDGE_CURVE ( 'NONE', #1994, #281, #5162, .T. ) ;
#3775 = CARTESIAN_POINT ( 'NONE',  ( 9.376308656998752156, 1.000000000000000000, 15.33150190844853533 ) ) ;
#3776 = VECTOR ( 'NONE', #3123, 1000.000000000000000 ) ;
#3777 = ADVANCED_FACE ( 'NONE', ( #4207 ), #4092, .T. ) ;
#3778 = DIRECTION ( 'NONE',  ( 0.000000000000000000, 0.000000000000000000, 1.000000000000000000 ) ) ;
#3779 = AXIS2_PLACEMENT_3D ( 'NONE', #5216, #4381, #1400 ) ;
#3780 = ORIENTED_EDGE ( 'NONE', *, *, #3461, .T. ) ;
#3781 = CARTESIAN_POINT ( 'NONE',  ( -6.944401909279158680, 0.000000000000000000, -1.480953413507701599 ) ) ;
#3782 = DIRECTION ( 'NONE',  ( -0.000000000000000000, -1.000000000000000000, -0.000000000000000000 ) ) ;
#3783 = CARTESIAN_POINT ( 'NONE',  ( -2.648801636284767280, 0.000000000000000000, -1.163995599711952433 ) ) ;
#3784 = DIRECTION ( 'NONE',  ( -1.000000000000000000, 0.000000000000000000, -0.000000000000000000 ) ) ;
#3785 = VECTOR ( 'NONE', #4891, 1000.000000000000227 ) ;
#3786 = CARTESIAN_POINT ( 'NONE',  ( 14.37803633625319577, 1.000000000000000000, 10.63607652721724861 ) ) ;
#3787 = FACE_OUTER_BOUND ( 'NONE', #2704, .T. ) ;
#3788 = DIRECTION ( 'NONE',  ( -0.000000000000000000, -1.000000000000000000, -0.000000000000000000 ) ) ;
#3789 = VERTEX_POINT ( 'NONE', #2896 ) ;
#3790 = ORIENTED_EDGE ( 'NONE', *, *, #718, .T. ) ;
#3791 = EDGE_LOOP ( 'NONE', ( #812, #2447, #2319, #4154 ) ) ;
#3792 = DIRECTION ( 'NONE',  ( 0.000000000000000000, 0.000000000000000000, 1.000000000000000000 ) ) ;
#3793 = PLANE ( 'NONE',  #5137 ) ;
#3794 = EDGE_LOOP ( 'NONE', ( #1219, #5067, #1250, #2948 ) ) ;
#3795 = VERTEX_POINT ( 'NONE', #4595 ) ;
#3796 = ADVANCED_FACE ( 'NONE', ( #1548 ), #2048, .F. ) ;
#3797 = B_SPLINE_CURVE_WITH_KNOTS ( 'NONE', 3,
 ( #2986, #2552, #4681, #863, #440 ),
 .UNSPECIFIED., .F., .F.,
 ( 4, 1, 4 ),
 ( 0.000000000000000000, 0.4451417035253159016, 0.9143510527163568602 ),
 .UNSPECIFIED. ) ;
#3798 = CARTESIAN_POINT ( 'NONE',  ( -23.48408689764882240, 3.000000000000000000, 7.546951415004999220 ) ) ;
#3799 = CARTESIAN_POINT ( 'NONE',  ( 0.000000000000000000, 4.000000000000000000, 0.000000000000000000 ) ) ;
#3800 = VECTOR ( 'NONE', #4939, 1000.000000000000000 ) ;
#3801 = VERTEX_POINT ( 'NONE', #4624 ) ;
#3802 = AXIS2_PLACEMENT_3D ( 'NONE', #2006, #1247, #2039 ) ;
#3803 = CARTESIAN_POINT ( 'NONE',  ( -3.546159964238023488, 0.000000000000000000, 5.964271434009274842 ) ) ;
#3804 = EDGE_CURVE ( 'NONE', #3373, #4541, #2292, .T. ) ;
#3805 = EDGE_LOOP ( 'NONE', ( #3379, #2709, #2464, #3601 ) ) ;
#3806 = ORIENTED_EDGE ( 'NONE', *, *, #2441, .F. ) ;
#3807 = ORIENTED_EDGE ( 'NONE', *, *, #1626, .F. ) ;
#3808 = CARTESIAN_POINT ( 'NONE',  ( -6.241850327850115399, 0.000000000000000000, -12.81432167237545272 ) ) ;
#3809 = CARTESIAN_POINT ( 'NONE',  ( 0.000000000000000000, 1.000000000000000000, 0.000000000000000000 ) ) ;
#3810 = EDGE_CURVE ( 'NONE', #1552, #1108, #4927, .T. ) ;
#3811 = CARTESIAN_POINT ( 'NONE',  ( 6.050731046787924505, 0.000000000000000000, 18.87540278573205299 ) ) ;
#3812 = CARTESIAN_POINT ( 'NONE',  ( 0.000000000000000000, 0.000000000000000000, 0.000000000000000000 ) ) ;
#3813 = ORIENTED_EDGE ( 'NONE', *, *, #2295, .T. ) ;
#3814 = EDGE_CURVE ( 'NONE', #3048, #564, #715, .T. ) ;
#3815 = ORIENTED_EDGE ( 'NONE', *, *, #4641, .T. ) ;
#3816 = CARTESIAN_POINT ( 'NONE',  ( -14.30522586326296519, 0.000000000000000000, 19.03607156908305953 ) ) ;
#3817 = AXIS2_PLACEMENT_3D ( 'NONE', #3736, #242, #5397 ) ;
#3818 = CYLINDRICAL_SURFACE ( 'NONE', #4534, 0.5000000000000073275 ) ;
#3819 = DIRECTION ( 'NONE',  ( 0.2791423629542094664, 0.000000000000000000, -0.9602497285624924661 ) ) ;
#3820 = CARTESIAN_POINT ( 'NONE',  ( -19.29121935362093510, 0.000000000000000000, -3.160283313392068916 ) ) ;
#3821 = DIRECTION ( 'NONE',  ( 0.000000000000000000, 0.000000000000000000, 1.000000000000000000 ) ) ;
#3822 = LINE ( 'NONE', #1596, #664 ) ;
#3823 = EDGE_LOOP ( 'NONE', ( #1009, #3049, #1907, #4171 ) ) ;
#3824 = CARTESIAN_POINT ( 'NONE',  ( -144.0637089102034736, 3.000000000000000000, 7.579552007672155867 ) ) ;
#3825 = VECTOR ( 'NONE', #1682, 1000.000000000000000 ) ;
#3826 = DIRECTION ( 'NONE',  ( 0.000000000000000000, 1.000000000000000000, -0.000000000000000000 ) ) ;
#3827 = CIRCLE ( 'NONE', #1414, 0.4999999999999952260 ) ;
#3828 = ORIENTED_EDGE ( 'NONE', *, *, #5113, .F. ) ;
#3829 = CARTESIAN_POINT ( 'NONE',  ( 9.376308647352617598, 0.000000000000000000, 15.33150190966323478 ) ) ;
#3830 = FACE_OUTER_BOUND ( 'NONE', #5317, .T. ) ;
#3831 = EDGE_LOOP ( 'NONE', ( #4082, #4212, #4118, #1515 ) ) ;
#3832 = EDGE_LOOP ( 'NONE', ( #248, #5492, #3940, #5183, #2013, #2666 ) ) ;
#3833 = VERTEX_POINT ( 'NONE', #5402 ) ;
#3834 = ORIENTED_EDGE ( 'NONE', *, *, #3723, .T. ) ;
#3835 = DIRECTION ( 'NONE',  ( 2.428612866367544573E-13, 0.000000000000000000, 1.000000000000000000 ) ) ;
#3836 = B_SPLINE_CURVE_WITH_KNOTS ( 'NONE', 3,
 ( #780, #2472, #2998, #2623 ),
 .UNSPECIFIED., .F., .F.,
 ( 4, 4 ),
 ( 0.000000000000000000, 0.9094089067645468871 ),
 .UNSPECIFIED. ) ;
#3837 = DIRECTION ( 'NONE',  ( 0.000000000000000000, 0.000000000000000000, 1.000000000000000000 ) ) ;
#3838 = CIRCLE ( 'NONE', #2746, 1.000000000000000888 ) ;
#3839 = FACE_OUTER_BOUND ( 'NONE', #2897, .T. ) ;
#3840 = ORIENTED_EDGE ( 'NONE', *, *, #2791, .T. ) ;
#3841 = CARTESIAN_POINT ( 'NONE',  ( 16.28127117317980321, 1.000000000000000000, 9.609026411636929055 ) ) ;
#3842 = DIRECTION ( 'NONE',  ( 1.000000000000000000, 0.000000000000000000, 0.000000000000000000 ) ) ;
#3843 = EDGE_CURVE ( 'NONE', #3745, #3937, #4278, .T. ) ;
#3844 = CIRCLE ( 'NONE', #186, 0.2730065050555079420 ) ;
#3845 = LINE ( 'NONE', #4674, #528 ) ;
#3846 = CARTESIAN_POINT ( 'NONE',  ( -11.12255427434644162, 0.000000000000000000, 19.03607156908305953 ) ) ;
#3847 = LINE ( 'NONE', #28, #4338 ) ;
#3848 = CARTESIAN_POINT ( 'NONE',  ( -0.9295541296688025756, 4.500000000000000000, 4.475859692455095740 ) ) ;
#3849 = CARTESIAN_POINT ( 'NONE',  ( 18.51096771648515116, 0.000000000000000000, 11.64512715715398983 ) ) ;
#3850 = ORIENTED_EDGE ( 'NONE', *, *, #3197, .F. ) ;
#3851 = VECTOR ( 'NONE', #4829, 1000.000000000000000 ) ;
#3852 = FACE_OUTER_BOUND ( 'NONE', #4586, .T. ) ;
#3853 = DIRECTION ( 'NONE',  ( 0.000000000000000000, 0.000000000000000000, -1.000000000000000000 ) ) ;
#3854 = ORIENTED_EDGE ( 'NONE', *, *, #3843, .F. ) ;
#3855 = DIRECTION ( 'NONE',  ( -0.000000000000000000, -1.000000000000000000, -0.000000000000000000 ) ) ;
#3856 = AXIS2_PLACEMENT_3D ( 'NONE', #3055, #454, #939 ) ;
#3857 = ORIENTED_EDGE ( 'NONE', *, *, #2243, .F. ) ;
#3858 = VERTEX_POINT ( 'NONE', #4659 ) ;
#3859 = VERTEX_POINT ( 'NONE', #4772 ) ;
#3860 = EDGE_CURVE ( 'NONE', #4178, #4958, #2959, .T. ) ;
#3861 = CARTESIAN_POINT ( 'NONE',  ( 6.141016742134422834, 4.500000000000000000, 17.65309913292901456 ) ) ;
#3862 = CARTESIAN_POINT ( 'NONE',  ( -2.545144991300694048, 4.000000000000000000, -24.85228219141554717 ) ) ;
#3863 = FACE_OUTER_BOUND ( 'NONE', #4899, .T. ) ;
#3864 = ORIENTED_EDGE ( 'NONE', *, *, #218, .T. ) ;
#3865 = CARTESIAN_POINT ( 'NONE',  ( -6.324702308919570193, 0.000000000000000000, -1.532835634161420657 ) ) ;
#3866 = CARTESIAN_POINT ( 'NONE',  ( 18.51096772552326897, 0.000000000000000000, 11.64512715286499223 ) ) ;
#3867 = VECTOR ( 'NONE', #34, 1000.000000000000000 ) ;
#3868 = DIRECTION ( 'NONE',  ( -0.6121731929914184800, 0.000000000000000000, -0.7907237076139119747 ) ) ;
#3869 = CARTESIAN_POINT ( 'NONE',  ( 10.13314603802952441, 1.000000000000000000, 20.70338016731876962 ) ) ;
#3870 = EDGE_CURVE ( 'NONE', #4781, #2212, #987, .T. ) ;
#3871 = VERTEX_POINT ( 'NONE', #4316 ) ;
#3872 = DIRECTION ( 'NONE',  ( -0.000000000000000000, -1.000000000000000000, -0.000000000000000000 ) ) ;
#3873 = AXIS2_PLACEMENT_3D ( 'NONE', #4559, #1188, #3251 ) ;
#3874 = CARTESIAN_POINT ( 'NONE',  ( 9.132379896515594453, 4.500000000000000000, 20.53475216635451162 ) ) ;
#3875 = CARTESIAN_POINT ( 'NONE',  ( 7.917051966428514831, 4.500000000000000000, 24.57815066579054530 ) ) ;
#3876 = EDGE_CURVE ( 'NONE', #4285, #1622, #4261, .T. ) ;
#3877 = ORIENTED_EDGE ( 'NONE', *, *, #3354, .T. ) ;
#3878 = FACE_BOUND ( 'NONE', #3352, .T. ) ;
#3879 = ADVANCED_FACE ( 'NONE', ( #87 ), #2586, .T. ) ;
#3880 = DIRECTION ( 'NONE',  ( -0.2931899571800254400, 0.000000000000000000, -0.9560542081957354998 ) ) ;
#3881 = CARTESIAN_POINT ( 'NONE',  ( -7.526991928986009661, 0.000000000000000000, -16.75515207025602749 ) ) ;
#3882 = ORIENTED_EDGE ( 'NONE', *, *, #182, .T. ) ;
#3883 = ORIENTED_EDGE ( 'NONE', *, *, #4788, .T. ) ;
#3884 = VERTEX_POINT ( 'NONE', #386 ) ;
#3885 = EDGE_LOOP ( 'NONE', ( #2799, #3969, #4696, #2270 ) ) ;
#3886 = CARTESIAN_POINT ( 'NONE',  ( -21.83540119763030418, 0.000000000000000000, 2.276251975912782832 ) ) ;
#3887 = VECTOR ( 'NONE', #5371, 1000.000000000000000 ) ;
#3888 = B_SPLINE_SURFACE_WITH_KNOTS ( 'NONE', 3, 1, ( 
 ( #3408, #1740 ),
 ( #4231, #5485 ),
 ( #3798, #5096 ),
 ( #3044, #2558 ) ),
 .UNSPECIFIED., .F., .F., .F.,
 ( 4, 4 ),
 ( 2, 2 ),
 ( 0.000000000000000000, 0.2951753871509101845 ),
 ( 0.000000000000000000, 1.000000000000000000 ),
 .UNSPECIFIED. ) ;
#3889 = FACE_OUTER_BOUND ( 'NONE', #2805, .T. ) ;
#3890 = DIRECTION ( 'NONE',  ( -1.734723475976805517E-15, 0.000000000000000000, 1.000000000000000000 ) ) ;
#3891 = B_SPLINE_CURVE_WITH_KNOTS ( 'NONE', 3,
 ( #3178, #4879, #2321, #2750 ),
 .UNSPECIFIED., .F., .F.,
 ( 4, 4 ),
 ( 0.000000000000000000, 1.000000000000000000 ),
 .UNSPECIFIED. ) ;
#3892 = DIRECTION ( 'NONE',  ( 1.000000000000000000, 0.000000000000000000, 0.000000000000000000 ) ) ;
#3893 = VERTEX_POINT ( 'NONE', #896 ) ;
#3894 = ORIENTED_EDGE ( 'NONE', *, *, #1881, .F. ) ;
#3895 = LINE ( 'NONE', #5193, #4374 ) ;
#3896 = CARTESIAN_POINT ( 'NONE',  ( 24.11833871010021113, 0.000000000000000000, 6.580709525946411453 ) ) ;
#3897 = CARTESIAN_POINT ( 'NONE',  ( 13.06566235224200057, 1.000000000000000000, 7.369918219744475252 ) ) ;
#3898 = EDGE_CURVE ( 'NONE', #2745, #578, #3652, .T. ) ;
#3899 = ORIENTED_EDGE ( 'NONE', *, *, #1235, .F. ) ;
#3900 = ORIENTED_EDGE ( 'NONE', *, *, #5027, .T. ) ;
#3901 = ADVANCED_FACE ( 'NONE', ( #501 ), #3436, .F. ) ;
#3902 = LINE ( 'NONE', #3510, #3405 ) ;
#3903 = DIRECTION ( 'NONE',  ( 0.000000000000000000, 0.000000000000000000, -1.000000000000000000 ) ) ;
#3904 = CARTESIAN_POINT ( 'NONE',  ( 14.37803633625319577, 0.000000000000000000, 10.63607652721724861 ) ) ;
#3905 = SURFACE_STYLE_USAGE ( .BOTH. , #2200 ) ;
#3906 = ORIENTED_EDGE ( 'NONE', *, *, #1711, .T. ) ;
#3907 = CARTESIAN_POINT ( 'NONE',  ( -21.05979044050274140, 0.000000000000000000, 0.6557043731701388545 ) ) ;
#3908 = VECTOR ( 'NONE', #3389, 1000.000000000000000 ) ;
#3909 = DIRECTION ( 'NONE',  ( -0.000000000000000000, -1.000000000000000000, -0.000000000000000000 ) ) ;
#3910 = EDGE_CURVE ( 'NONE', #4128, #4157, #3075, .T. ) ;
#3911 = B_SPLINE_CURVE_WITH_KNOTS ( 'NONE', 3,
 ( #2254, #4792, #494, #519 ),
 .UNSPECIFIED., .F., .F.,
 ( 4, 4 ),
 ( 0.000000000000000000, 0.5370456029491775807 ),
 .UNSPECIFIED. ) ;
#3912 = VECTOR ( 'NONE', #2377, 1000.000000000000000 ) ;
#3913 = ORIENTED_EDGE ( 'NONE', *, *, #746, .F. ) ;
#3914 = VERTEX_POINT ( 'NONE', #2559 ) ;
#3915 = VERTEX_POINT ( 'NONE', #471 ) ;
#3916 = LINE ( 'NONE', #3469, #4413 ) ;
#3917 = CARTESIAN_POINT ( 'NONE',  ( -5.983679138752917126, 4.500000000000000000, -4.398105721318113837 ) ) ;
#3918 = CARTESIAN_POINT ( 'NONE',  ( 7.580300352123009233, 2.000000000000000000, -0.6772755380457134988 ) ) ;
#3919 = ORIENTED_EDGE ( 'NONE', *, *, #3941, .T. ) ;
#3920 = ORIENTED_EDGE ( 'NONE', *, *, #12, .F. ) ;
#3921 = CARTESIAN_POINT ( 'NONE',  ( -1.029131094277796477, 3.000000000000000000, 9.300529062093231047 ) ) ;
#3922 = ORIENTED_EDGE ( 'NONE', *, *, #1091, .F. ) ;
#3923 = CARTESIAN_POINT ( 'NONE',  ( -6.113708585391900208, 3.000000000000000000, 2.343719704436513673 ) ) ;
#3924 = VECTOR ( 'NONE', #1382, 1000.000000000000114 ) ;
#3925 = PLANE ( 'NONE',  #533 ) ;
#3926 = DIRECTION ( 'NONE',  ( 0.000000000000000000, 1.000000000000000000, 0.000000000000000000 ) ) ;
#3927 = FACE_OUTER_BOUND ( 'NONE', #5120, .T. ) ;
#3928 = MECHANICAL_DESIGN_GEOMETRIC_PRESENTATION_REPRESENTATION (  '', ( #354 ), #3744 ) ;
#3929 = AXIS2_PLACEMENT_3D ( 'NONE', #957, #2616, #4738 ) ;
#3930 = DIRECTION ( 'NONE',  ( 0.9918086003190894617, 0.000000000000000000, 0.1277329257986702660 ) ) ;
#3931 = DIRECTION ( 'NONE',  ( -0.2931899571800254400, 0.000000000000000000, -0.9560542081957354998 ) ) ;
#3932 = EDGE_CURVE ( 'NONE', #4239, #5399, #4288, .T. ) ;
#3933 = CARTESIAN_POINT ( 'NONE',  ( 14.66121930011479080, 0.000000000000000000, 6.377796672933437883 ) ) ;
#3934 = DIRECTION ( 'NONE',  ( 1.000000000000000000, 0.000000000000000000, 0.000000000000000000 ) ) ;
#3935 = PLANE ( 'NONE',  #532 ) ;
#3936 = CARTESIAN_POINT ( 'NONE',  ( 3.131705510549571692, 5.000000000000000000, -24.79479818353569343 ) ) ;
#3937 = VERTEX_POINT ( 'NONE', #3015 ) ;
#3938 = LINE ( 'NONE', #1795, #1623 ) ;
#3939 = CARTESIAN_POINT ( 'NONE',  ( -7.526991928986009661, 4.500000000000000000, -16.75515207025602749 ) ) ;
#3940 = ORIENTED_EDGE ( 'NONE', *, *, #3651, .F. ) ;
#3941 = EDGE_CURVE ( 'NONE', #2902, #3859, #2439, .T. ) ;
#3942 = ORIENTED_EDGE ( 'NONE', *, *, #2675, .F. ) ;
#3943 = DIRECTION ( 'NONE',  ( 0.000000000000000000, 0.000000000000000000, 1.000000000000000000 ) ) ;
#3944 = AXIS2_PLACEMENT_3D ( 'NONE', #3511, #137, #3065 ) ;
#3945 = VECTOR ( 'NONE', #740, 1000.000000000000000 ) ;
#3946 = AXIS2_PLACEMENT_3D ( 'NONE', #2440, #1614, #3717 ) ;
#3947 = DIRECTION ( 'NONE',  ( 0.000000000000000000, 0.000000000000000000, 1.000000000000000000 ) ) ;
#3948 = AXIS2_PLACEMENT_3D ( 'NONE', #209, #5326, #1890 ) ;
#3949 = ORIENTED_EDGE ( 'NONE', *, *, #2381, .F. ) ;
#3950 = ORIENTED_EDGE ( 'NONE', *, *, #566, .T. ) ;
#3951 = ADVANCED_FACE ( 'NONE', ( #1769 ), #2389, .T. ) ;
#3952 = ORIENTED_EDGE ( 'NONE', *, *, #4602, .T. ) ;
#3953 = DIRECTION ( 'NONE',  ( -1.000000000000000000, 0.000000000000000000, 0.000000000000000000 ) ) ;
#3954 = CARTESIAN_POINT ( 'NONE',  ( -0.2709644893187113102, 0.000000000000000000, 5.379253648066882221 ) ) ;
#3955 = DIRECTION ( 'NONE',  ( -0.07333144303605053371, 0.000000000000000000, -0.9973076252903366745 ) ) ;
#3956 = CARTESIAN_POINT ( 'NONE',  ( 4.904254214923192912, 5.000000000000000000, 24.51424668627221592 ) ) ;
#3957 = LINE ( 'NONE', #4281, #3132 ) ;
#3958 = CARTESIAN_POINT ( 'NONE',  ( -9.780948568101187846, 4.500000000000000000, -19.79357681454331441 ) ) ;
#3959 = DIRECTION ( 'NONE',  ( -0.07333144303605054759, 0.000000000000000000, -0.9973076252903366745 ) ) ;
#3960 = CARTESIAN_POINT ( 'NONE',  ( 13.08832123378965129, 1.000000000000000000, 9.949474037121115444 ) ) ;
#3961 = ORIENTED_EDGE ( 'NONE', *, *, #4782, .F. ) ;
#3962 = CARTESIAN_POINT ( 'NONE',  ( 24.96498347681703933, 0.000000000000000000, 1.322724461954286390 ) ) ;
#3963 = AXIS2_PLACEMENT_3D ( 'NONE', #1615, #2442, #4521 ) ;
#3964 = DIRECTION ( 'NONE',  ( 0.000000000000000000, 0.000000000000000000, -1.000000000000000000 ) ) ;
#3965 = DIRECTION ( 'NONE',  ( -0.000000000000000000, -1.000000000000000000, -0.000000000000000000 ) ) ;
#3966 = VECTOR ( 'NONE', #1513, 1000.000000000000000 ) ;
#3967 = EDGE_CURVE ( 'NONE', #4707, #3858, #5332, .T. ) ;
#3968 = ORIENTED_EDGE ( 'NONE', *, *, #5461, .F. ) ;
#3969 = ORIENTED_EDGE ( 'NONE', *, *, #874, .F. ) ;
#3970 = ADVANCED_FACE ( 'NONE', ( #3830 ), #451, .F. ) ;
#3971 = EDGE_CURVE ( 'NONE', #5011, #2881, #867, .T. ) ;
#3972 = DIRECTION ( 'NONE',  ( 0.000000000000000000, 1.000000000000000000, 0.000000000000000000 ) ) ;
#3973 = CARTESIAN_POINT ( 'NONE',  ( -2.897167792994918667, 3.500000000000000000, 1.322724461954286390 ) ) ;
#3974 = VERTEX_POINT ( 'NONE', #35 ) ;
#3975 = DIRECTION ( 'NONE',  ( 0.000000000000000000, 0.000000000000000000, -1.000000000000000000 ) ) ;
#3976 = EDGE_LOOP ( 'NONE', ( #2840, #312, #5102, #303 ) ) ;
#3977 = FACE_OUTER_BOUND ( 'NONE', #4041, .T. ) ;
#3978 = AXIS2_PLACEMENT_3D ( 'NONE', #2565, #5493, #4240 ) ;
#3979 = FACE_OUTER_BOUND ( 'NONE', #1264, .T. ) ;
#3980 = DIRECTION ( 'NONE',  ( -0.9918086003190894617, 0.000000000000000000, -0.1277329257986702660 ) ) ;
#3981 = EDGE_CURVE ( 'NONE', #4715, #2845, #5189, .T. ) ;
#3982 = VECTOR ( 'NONE', #4882, 1000.000000000000000 ) ;
#3983 = ADVANCED_FACE ( 'NONE', ( #3045 ), #219, .T. ) ;
#3984 = CARTESIAN_POINT ( 'NONE',  ( 3.262729383827731588, 0.000000000000000000, -5.316364723713258300 ) ) ;
#3985 = CARTESIAN_POINT ( 'NONE',  ( -22.89572892210886224, 0.000000000000000000, 2.384422800043944246 ) ) ;
#3986 = CARTESIAN_POINT ( 'NONE',  ( 21.87057429237682271, 0.000000000000000000, 11.26607252673271198 ) ) ;
#3987 = CARTESIAN_POINT ( 'NONE',  ( 16.77833056223746411, 1.000000000000000000, 15.69331943795407369 ) ) ;
#3988 = CARTESIAN_POINT ( 'NONE',  ( -9.372345496349840488, 4.500000000000000000, -11.24907408812561727 ) ) ;
#3989 = DIRECTION ( 'NONE',  ( 1.000000000000000000, 0.000000000000000000, 0.000000000000000000 ) ) ;
#3990 = ORIENTED_EDGE ( 'NONE', *, *, #1638, .F. ) ;
#3991 = CARTESIAN_POINT ( 'NONE',  ( -5.595440277569636578, 3.000000000000000000, 6.176864170306810564 ) ) ;
#3992 = VECTOR ( 'NONE', #31, 999.9999999999998863 ) ;
#3993 = LINE ( 'NONE', #605, #3268 ) ;
#3994 = ORIENTED_EDGE ( 'NONE', *, *, #4158, .T. ) ;
#3995 = VERTEX_POINT ( 'NONE', #2722 ) ;
#3996 = CARTESIAN_POINT ( 'NONE',  ( -144.0637089102034736, 4.000000000000000000, 10.30031147355660082 ) ) ;
#3997 = AXIS2_PLACEMENT_3D ( 'NONE', #135, #1024, #3930 ) ;
#3998 = TOROIDAL_SURFACE ( 'NONE', #1579, 4.000000000000000000, 1.000000000000000000 ) ;
#3999 = ORIENTED_EDGE ( 'NONE', *, *, #1060, .F. ) ;
#4000 = EDGE_LOOP ( 'NONE', ( #5426, #69, #3807, #2169 ) ) ;
#4001 = CARTESIAN_POINT ( 'NONE',  ( 5.577201149311497907, 4.500000000000000000, 13.17574001345273338 ) ) ;
#4002 = CARTESIAN_POINT ( 'NONE',  ( -2.545144991300694048, 0.000000000000000000, -21.85228219141554717 ) ) ;
#4003 = VECTOR ( 'NONE', #2250, 1000.000000000000000 ) ;
#4004 = EDGE_CURVE ( 'NONE', #5377, #4707, #1900, .T. ) ;
#4005 = CARTESIAN_POINT ( 'NONE',  ( -5.926223190590107492, 2.000000000000000000, 10.30031147355660082 ) ) ;
#4006 = CARTESIAN_POINT ( 'NONE',  ( 22.12664025356033548, 0.000000000000000000, 5.322686877689336349 ) ) ;
#4007 = DIRECTION ( 'NONE',  ( -0.000000000000000000, -1.000000000000000000, -0.000000000000000000 ) ) ;
#4008 = FACE_OUTER_BOUND ( 'NONE', #4325, .T. ) ;
#4009 = CARTESIAN_POINT ( 'NONE',  ( -9.300823703819945720, 0.000000000000000000, -19.65400563306619475 ) ) ;
#4010 = EDGE_LOOP ( 'NONE', ( #4924, #3128, #3508, #4966 ) ) ;
#4011 = EDGE_CURVE ( 'NONE', #2431, #1562, #1568, .T. ) ;
#4012 = CIRCLE ( 'NONE', #1590, 27.49999999999999645 ) ;
#4013 = CARTESIAN_POINT ( 'NONE',  ( -21.83540119763030418, 3.000000000000000000, 5.725833956877303343 ) ) ;
#4014 = CARTESIAN_POINT ( 'NONE',  ( 13.08832123378965129, 0.000000000000000000, 9.949474037121115444 ) ) ;
#4015 = VECTOR ( 'NONE', #5309, 1000.000000000000000 ) ;
#4016 = ORIENTED_EDGE ( 'NONE', *, *, #878, .T. ) ;
#4017 = B_SPLINE_SURFACE_WITH_KNOTS ( 'NONE', 3, 1, ( 
 ( #755, #2352 ),
 ( #1943, #2444 ),
 ( #2028, #5355 ),
 ( #3638, #5322 ) ),
 .UNSPECIFIED., .F., .F., .F.,
 ( 4, 4 ),
 ( 2, 2 ),
 ( 0.000000000000000000, 0.5727575811110150461 ),
 ( 0.000000000000000000, 1.000000000000000000 ),
 .UNSPECIFIED. ) ;
#4018 = DIRECTION ( 'NONE',  ( -0.000000000000000000, -1.000000000000000000, -0.000000000000000000 ) ) ;
#4019 = EDGE_CURVE ( 'NONE', #467, #2245, #3457, .T. ) ;
#4020 = ORIENTED_EDGE ( 'NONE', *, *, #5126, .F. ) ;
#4021 = ORIENTED_EDGE ( 'NONE', *, *, #1241, .T. ) ;
#4022 = AXIS2_PLACEMENT_3D ( 'NONE', #3958, #950, #3903 ) ;
#4023 = CIRCLE ( 'NONE', #3946, 0.5000000000000065503 ) ;
#4024 = CARTESIAN_POINT ( 'NONE',  ( -9.069627121638404788, 4.500000000000000000, -21.89442399149044860 ) ) ;
#4025 = CARTESIAN_POINT ( 'NONE',  ( -1.029131094277796477, 0.000000000000000000, 9.300529062093231047 ) ) ;
#4026 = AXIS2_PLACEMENT_3D ( 'NONE', #3356, #2511, #4216 ) ;
#4027 = EDGE_CURVE ( 'NONE', #4516, #2831, #4187, .T. ) ;
#4028 = ADVANCED_FACE ( 'NONE', ( #2237 ), #3151, .F. ) ;
#4029 = LINE ( 'NONE', #4888, #198 ) ;
#4030 = CYLINDRICAL_SURFACE ( 'NONE', #4509, 0.5000000000000056621 ) ;
#4031 = LINE ( 'NONE', #1512, #1678 ) ;
#4032 = DIRECTION ( 'NONE',  ( 1.000000000000000000, -0.000000000000000000, 0.000000000000000000 ) ) ;
#4033 = EDGE_CURVE ( 'NONE', #5176, #3754, #2911, .T. ) ;
#4034 = ORIENTED_EDGE ( 'NONE', *, *, #57, .T. ) ;
#4035 = CARTESIAN_POINT ( 'NONE',  ( -9.319232372904995287, 2.000000000000000000, -5.634559815357672363 ) ) ;
#4036 = EDGE_CURVE ( 'NONE', #1837, #699, #1007, .T. ) ;
#4037 = DIRECTION ( 'NONE',  ( 0.000000000000000000, 0.000000000000000000, -1.000000000000000000 ) ) ;
#4038 = AXIS2_PLACEMENT_3D ( 'NONE', #2255, #1362, #3934 ) ;
#4039 = CIRCLE ( 'NONE', #2521, 0.5000000000000026645 ) ;
#4040 = EDGE_CURVE ( 'NONE', #4306, #39, #1826, .T. ) ;
#4041 = EDGE_LOOP ( 'NONE', ( #5346, #3679, #3085, #2131 ) ) ;
#4042 = CARTESIAN_POINT ( 'NONE',  ( -144.0637089102034736, 4.000000000000000000, 10.30031147355659904 ) ) ;
#4043 = VERTEX_POINT ( 'NONE', #2262 ) ;
#4044 = CARTESIAN_POINT ( 'NONE',  ( 16.77833056223746411, 1.000000000000000000, 15.69331943795407369 ) ) ;
#4045 = VERTEX_POINT ( 'NONE', #1879 ) ;
#4046 = ORIENTED_EDGE ( 'NONE', *, *, #593, .F. ) ;
#4047 = DIRECTION ( 'NONE',  ( -0.000000000000000000, -1.000000000000000000, -0.000000000000000000 ) ) ;
#4048 = CARTESIAN_POINT ( 'NONE',  ( 6.073283347945629629, 0.000000000000000000, 13.11327040325435966 ) ) ;
#4049 = PLANE ( 'NONE',  #3387 ) ;
#4050 = CARTESIAN_POINT ( 'NONE',  ( 0.000000000000000000, 4.000000000000000000, 0.000000000000000000 ) ) ;
#4051 = FACE_OUTER_BOUND ( 'NONE', #3730, .T. ) ;
#4052 = CARTESIAN_POINT ( 'NONE',  ( 7.826211729580048626, 0.000000000000000000, 9.940907083273062383 ) ) ;
#4053 = AXIS2_PLACEMENT_3D ( 'NONE', #692, #3604, #304 ) ;
#4054 = EDGE_CURVE ( 'NONE', #2101, #3351, #3993, .T. ) ;
#4055 = CARTESIAN_POINT ( 'NONE',  ( -6.034032675567874371, 0.000000000000000000, -4.572448446561688584 ) ) ;
#4056 = LINE ( 'NONE', #5301, #2016 ) ;
#4057 = ORIENTED_EDGE ( 'NONE', *, *, #1692, .F. ) ;
#4058 = EDGE_CURVE ( 'NONE', #2591, #2864, #4372, .T. ) ;
#4059 = CARTESIAN_POINT ( 'NONE',  ( 1.738401882370899099, 4.500000000000000000, 7.157922886623264702 ) ) ;
#4060 = FACE_OUTER_BOUND ( 'NONE', #3341, .T. ) ;
#4061 = ORIENTED_EDGE ( 'NONE', *, *, #4189, .T. ) ;
#4062 = ORIENTED_EDGE ( 'NONE', *, *, #3197, .T. ) ;
#4063 = VECTOR ( 'NONE', #412, 1000.000000000000000 ) ;
#4064 = ADVANCED_FACE ( 'NONE', ( #1796 ), #3543, .F. ) ;
#4065 = DIRECTION ( 'NONE',  ( 0.2266987336236721273, 0.000000000000000000, 0.9739649296424502944 ) ) ;
#4066 = ORIENTED_EDGE ( 'NONE', *, *, #2720, .T. ) ;
#4067 = LINE ( 'NONE', #2379, #5066 ) ;
#4068 = CYLINDRICAL_SURFACE ( 'NONE', #232, 17.07637162759059635 ) ;
#4069 = ORIENTED_EDGE ( 'NONE', *, *, #710, .F. ) ;
#4070 = VERTEX_POINT ( 'NONE', #2207 ) ;
#4071 = AXIS2_PLACEMENT_3D ( 'NONE', #3038, #411, #352 ) ;
#4072 = CARTESIAN_POINT ( 'NONE',  ( -10.50783696009711932, 4.500000000000000000, -15.70327195305622148 ) ) ;
#4073 = CARTESIAN_POINT ( 'NONE',  ( 6.019248619458947402, 0.000000000000000000, 12.94208635066048174 ) ) ;
#4074 = CARTESIAN_POINT ( 'NONE',  ( 13.06566235224200057, 0.000000000000000000, 7.369918219744475252 ) ) ;
#4075 = B_SPLINE_CURVE_WITH_KNOTS ( 'NONE', 3,
 ( #1360, #3482, #1416, #3037 ),
 .UNSPECIFIED., .F., .F.,
 ( 4, 4 ),
 ( 0.000000000000000000, 0.8807182695729300903 ),
 .UNSPECIFIED. ) ;
#4076 = CARTESIAN_POINT ( 'NONE',  ( -9.650727581598697924, 4.500000000000000000, -12.02087610469260603 ) ) ;
#4077 = VERTEX_POINT ( 'NONE', #3939 ) ;
#4078 = CARTESIAN_POINT ( 'NONE',  ( -17.32311325936971613, 4.000000000000000000, 18.02525303575650639 ) ) ;
#4079 = PLANE ( 'NONE',  #4377 ) ;
#4080 = DIRECTION ( 'NONE',  ( 0.000000000000000000, 0.000000000000000000, -1.000000000000000000 ) ) ;
#4081 = DIRECTION ( 'NONE',  ( 0.000000000000000000, 0.000000000000000000, -1.000000000000000000 ) ) ;
#4082 = ORIENTED_EDGE ( 'NONE', *, *, #5321, .F. ) ;
#4083 = ORIENTED_EDGE ( 'NONE', *, *, #3393, .F. ) ;
#4084 = ADVANCED_FACE ( 'NONE', ( #3518 ), #1853, .F. ) ;
#4085 = CARTESIAN_POINT ( 'NONE',  ( -5.926223190590107492, 0.000000000000000000, 7.579552007672155867 ) ) ;
#4086 = CARTESIAN_POINT ( 'NONE',  ( -20.83047678354607513, 0.000000000000000000, -2.753438438099901298 ) ) ;
#4087 = AXIS2_PLACEMENT_3D ( 'NONE', #4002, #3926, #970 ) ;
#4088 = VERTEX_POINT ( 'NONE', #3594 ) ;
#4089 = LINE ( 'NONE', #275, #3887 ) ;
#4090 = ORIENTED_EDGE ( 'NONE', *, *, #3378, .F. ) ;
#4091 = AXIS2_PLACEMENT_3D ( 'NONE', #3767, #1228, #4962 ) ;
#4092 = PLANE ( 'NONE',  #448 ) ;
#4093 = ORIENTED_EDGE ( 'NONE', *, *, #2841, .T. ) ;
#4094 = CARTESIAN_POINT ( 'NONE',  ( -6.775050528895626201, 3.000000000000000000, 2.276251975912782832 ) ) ;
#4095 = EDGE_CURVE ( 'NONE', #1561, #2023, #3626, .T. ) ;
#4096 = ORIENTED_EDGE ( 'NONE', *, *, #2446, .F. ) ;
#4097 = DIRECTION ( 'NONE',  ( 0.4740998230350201847, 0.000000000000000000, -0.8804710999221738721 ) ) ;
#4098 = ORIENTED_EDGE ( 'NONE', *, *, #2311, .F. ) ;
#4099 = VERTEX_POINT ( 'NONE', #1467 ) ;
#4100 = LINE ( 'NONE', #759, #1646 ) ;
#4101 = DIRECTION ( 'NONE',  ( -0.4472135954999569840, 0.000000000000000000, -0.8944271909999162995 ) ) ;
#4102 = FACE_BOUND ( 'NONE', #1612, .T. ) ;
#4103 = CARTESIAN_POINT ( 'NONE',  ( 10.66473688902862449, 0.000000000000000000, 6.689367874412658566 ) ) ;
#4104 = EDGE_CURVE ( 'NONE', #1656, #3466, #625, .T. ) ;
#4105 = AXIS2_PLACEMENT_3D ( 'NONE', #1333, #76, #518 ) ;
#4106 = DIRECTION ( 'NONE',  ( 0.000000000000000000, 1.000000000000000000, 0.000000000000000000 ) ) ;
#4107 = CARTESIAN_POINT ( 'NONE',  ( -22.28497647494492284, 3.000000000000000000, -1.448674897660780170 ) ) ;
#4108 = ADVANCED_FACE ( 'NONE', ( #2010 ), #507, .T. ) ;
#4109 = ORIENTED_EDGE ( 'NONE', *, *, #2017, .T. ) ;
#4110 = LINE ( 'NONE', #2090, #1931 ) ;
#4111 = DIRECTION ( 'NONE',  ( -0.000000000000000000, -1.000000000000000000, -0.000000000000000000 ) ) ;
#4112 = CARTESIAN_POINT ( 'NONE',  ( -22.68422853593582289, 2.000000000000000000, 10.30031147355659904 ) ) ;
#4113 = VECTOR ( 'NONE', #3819, 1000.000000000000114 ) ;
#4114 = LINE ( 'NONE', #4143, #2780 ) ;
#4115 = CIRCLE ( 'NONE', #1444, 25.00000000000000000 ) ;
#4116 = ORIENTED_EDGE ( 'NONE', *, *, #726, .T. ) ;
#4117 = CARTESIAN_POINT ( 'NONE',  ( 2.185563760241189701, 0.000000000000000000, -23.47104551818233276 ) ) ;
#4118 = ORIENTED_EDGE ( 'NONE', *, *, #2037, .T. ) ;
#4119 = FACE_OUTER_BOUND ( 'NONE', #4324, .T. ) ;
#4120 = CARTESIAN_POINT ( 'NONE',  ( -22.70647238086491981, 3.000000000000000000, -2.455369205205849781 ) ) ;
#4121 = EDGE_LOOP ( 'NONE', ( #1721, #5307, #4147, #4615 ) ) ;
#4122 = ORIENTED_EDGE ( 'NONE', *, *, #4860, .T. ) ;
#4123 = AXIS2_PLACEMENT_3D ( 'NONE', #1315, #2128, #415 ) ;
#4124 = DIRECTION ( 'NONE',  ( -0.09852814501285596382, 0.000000000000000000, -0.9951342646298164674 ) ) ;
#4125 = ORIENTED_EDGE ( 'NONE', *, *, #1535, .F. ) ;
#4126 = EDGE_CURVE ( 'NONE', #3345, #1010, #4982, .T. ) ;
#4127 = DIRECTION ( 'NONE',  ( 1.000000000000000000, 0.000000000000000000, 0.000000000000000000 ) ) ;
#4128 = VERTEX_POINT ( 'NONE', #3286 ) ;
#4129 = DIRECTION ( 'NONE',  ( 0.000000000000000000, 0.000000000000000000, -1.000000000000000000 ) ) ;
#4130 = EDGE_CURVE ( 'NONE', #3858, #4886, #2894, .T. ) ;
#4131 = VERTEX_POINT ( 'NONE', #1517 ) ;
#4132 = VECTOR ( 'NONE', #4018, 1000.000000000000000 ) ;
#4133 = ORIENTED_EDGE ( 'NONE', *, *, #654, .T. ) ;
#4134 = CARTESIAN_POINT ( 'NONE',  ( 9.596856419122598680, 1.000000000000000000, -12.88509967934814959 ) ) ;
#4135 = CARTESIAN_POINT ( 'NONE',  ( -24.49963954926279186, 3.000000000000000000, -2.799928718192294053 ) ) ;
#4136 = DIRECTION ( 'NONE',  ( -0.000000000000000000, -1.000000000000000000, -0.000000000000000000 ) ) ;
#4137 = ORIENTED_EDGE ( 'NONE', *, *, #2787, .T. ) ;
#4138 = CARTESIAN_POINT ( 'NONE',  ( -7.550661286023191643, 3.000000000000000000, -1.512571300144474273 ) ) ;
#4139 = CARTESIAN_POINT ( 'NONE',  ( 8.181993972766075984, 0.000000000000000000, 21.33543234617980033 ) ) ;
#4140 = DIRECTION ( 'NONE',  ( -1.000000000000000000, 0.000000000000000000, 0.000000000000000000 ) ) ;
#4141 = EDGE_CURVE ( 'NONE', #1777, #2682, #2817, .T. ) ;
#4142 = CARTESIAN_POINT ( 'NONE',  ( 0.000000000000000000, 5.000000000000000000, 0.000000000000000000 ) ) ;
#4143 = CARTESIAN_POINT ( 'NONE',  ( -21.05979044050274140, 2.000000000000000000, 10.30031147355660082 ) ) ;
#4144 = EDGE_LOOP ( 'NONE', ( #4246, #4548, #3632, #4437 ) ) ;
#4145 = CARTESIAN_POINT ( 'NONE',  ( 3.306546357697853339E-15, 5.000000000000000000, -26.49999999999999645 ) ) ;
#4146 = ORIENTED_EDGE ( 'NONE', *, *, #4676, .F. ) ;
#4147 = ORIENTED_EDGE ( 'NONE', *, *, #3870, .F. ) ;
#4148 = ORIENTED_EDGE ( 'NONE', *, *, #1412, .F. ) ;
#4149 = DIRECTION ( 'NONE',  ( -0.000000000000000000, -1.000000000000000000, -0.000000000000000000 ) ) ;
#4150 = FACE_OUTER_BOUND ( 'NONE', #4834, .T. ) ;
#4151 = LINE ( 'NONE', #324, #1520 ) ;
#4152 = EDGE_LOOP ( 'NONE', ( #140, #1090, #5448, #88 ) ) ;
#4153 = CARTESIAN_POINT ( 'NONE',  ( 3.367778697655220913E-15, 1.000000000000000000, 27.49999999999999645 ) ) ;
#4154 = ORIENTED_EDGE ( 'NONE', *, *, #2861, .F. ) ;
#4155 = ORIENTED_EDGE ( 'NONE', *, *, #5074, .F. ) ;
#4156 = ORIENTED_EDGE ( 'NONE', *, *, #3206, .T. ) ;
#4157 = VERTEX_POINT ( 'NONE', #3258 ) ;
#4158 = EDGE_CURVE ( 'NONE', #2041, #1450, #2646, .T. ) ;
#4159 = CARTESIAN_POINT ( 'NONE',  ( -22.54897516563730875, 3.000000000000000000, -6.938466696431148328 ) ) ;
#4160 = DIRECTION ( 'NONE',  ( 0.000000000000000000, 0.000000000000000000, 1.000000000000000000 ) ) ;
#4161 = DIRECTION ( 'NONE',  ( -0.5168690990339177560, 0.000000000000000000, 0.8560644452749255340 ) ) ;
#4162 = EDGE_LOOP ( 'NONE', ( #2469, #3961, #4581, #3854 ) ) ;
#4163 = CARTESIAN_POINT ( 'NONE',  ( -21.83540119763030418, 3.000000000000000000, 2.276251975912782832 ) ) ;
#4164 = FACE_OUTER_BOUND ( 'NONE', #1851, .T. ) ;
#4165 = LINE ( 'NONE', #3752, #4443 ) ;
#4166 = DIRECTION ( 'NONE',  ( -0.000000000000000000, -1.000000000000000000, 0.000000000000000000 ) ) ;
#4167 = CIRCLE ( 'NONE', #1842, 0.5000000000000082157 ) ;
#4168 = ORIENTED_EDGE ( 'NONE', *, *, #4307, .F. ) ;
#4169 = EDGE_CURVE ( 'NONE', #578, #4196, #4922, .T. ) ;
#4170 = CARTESIAN_POINT ( 'NONE',  ( -19.49422078686790982, 3.000000000000000000, -6.374889016925513019 ) ) ;
#4171 = ORIENTED_EDGE ( 'NONE', *, *, #2011, .F. ) ;
#4172 = FACE_OUTER_BOUND ( 'NONE', #3794, .T. ) ;
#4173 = CARTESIAN_POINT ( 'NONE',  ( -9.319232372904995287, 2.000000000000000000, -5.634559815357672363 ) ) ;
#4174 = VERTEX_POINT ( 'NONE', #2337 ) ;
#4175 = VECTOR ( 'NONE', #2359, 1000.000000000000000 ) ;
#4176 = ADVANCED_FACE ( 'NONE', ( #2863 ), #1599, .F. ) ;
#4177 = ORIENTED_EDGE ( 'NONE', *, *, #3487, .F. ) ;
#4178 = VERTEX_POINT ( 'NONE', #739 ) ;
#4179 = ORIENTED_EDGE ( 'NONE', *, *, #798, .T. ) ;
#4180 = AXIS2_PLACEMENT_3D ( 'NONE', #1145, #1524, #3234 ) ;
#4181 = ORIENTED_EDGE ( 'NONE', *, *, #3095, .F. ) ;
#4182 = DIRECTION ( 'NONE',  ( -0.07333144303605054759, 0.000000000000000000, -0.9973076252903366745 ) ) ;
#4183 = CARTESIAN_POINT ( 'NONE',  ( 9.596856419122598680, 0.000000000000000000, -0.1191013467986520025 ) ) ;
#4184 = ADVANCED_FACE ( 'NONE', ( #4060 ), #770, .T. ) ;
#4185 = DIRECTION ( 'NONE',  ( -0.000000000000000000, -1.000000000000000000, -0.000000000000000000 ) ) ;
#4186 = ORIENTED_EDGE ( 'NONE', *, *, #1830, .F. ) ;
#4187 = B_SPLINE_CURVE_WITH_KNOTS ( 'NONE', 3,
 ( #5233, #2674, #4014, #3103, #4821 ),
 .UNSPECIFIED., .F., .F.,
 ( 4, 1, 4 ),
 ( 0.09090237436335596444, 0.5395028545796501929, 1.000000000000000000 ),
 .UNSPECIFIED. ) ;
#4188 = CARTESIAN_POINT ( 'NONE',  ( -24.35996071693695342, 3.000000000000000000, -3.138175790429038159 ) ) ;
#4189 = EDGE_CURVE ( 'NONE', #4744, #3476, #2462, .T. ) ;
#4190 = CARTESIAN_POINT ( 'NONE',  ( -6.241850327850115399, 4.500000000000000000, -12.81432167237545272 ) ) ;
#4191 = DIRECTION ( 'NONE',  ( 0.000000000000000000, 0.000000000000000000, -1.000000000000000000 ) ) ;
#4192 = CARTESIAN_POINT ( 'NONE',  ( -9.352916345463729186, 4.500000000000000000, -19.53514226502635509 ) ) ;
#4193 = DIRECTION ( 'NONE',  ( 1.000000000000000000, -0.000000000000000000, 0.000000000000000000 ) ) ;
#4194 = ADVANCED_FACE ( 'NONE', ( #4150 ), #323, .F. ) ;
#4195 = CARTESIAN_POINT ( 'NONE',  ( -2.545144991300693604, 1.000000000000000000, -25.85228219141554717 ) ) ;
#4196 = VERTEX_POINT ( 'NONE', #4955 ) ;
#4197 = EDGE_CURVE ( 'NONE', #185, #5315, #2374, .T. ) ;
#4198 = ORIENTED_EDGE ( 'NONE', *, *, #313, .F. ) ;
#4199 = CIRCLE ( 'NONE', #3411, 1.000000000000000888 ) ;
#4200 = DIRECTION ( 'NONE',  ( 0.000000000000000000, 1.000000000000000000, -0.000000000000000000 ) ) ;
#4201 = VECTOR ( 'NONE', #4935, 1000.000000000000000 ) ;
#4202 = ADVANCED_FACE ( 'NONE', ( #5424 ), #5123, .F. ) ;
#4203 = CARTESIAN_POINT ( 'NONE',  ( -6.034032675567874371, 3.000000000000000000, -4.572448446561688584 ) ) ;
#4204 = ORIENTED_EDGE ( 'NONE', *, *, #4936, .T. ) ;
#4205 = VERTEX_POINT ( 'NONE', #5369 ) ;
#4206 = CARTESIAN_POINT ( 'NONE',  ( 24.11833871010021468, 1.000000000000000000, 6.580709525946417671 ) ) ;
#4207 = FACE_OUTER_BOUND ( 'NONE', #1203, .T. ) ;
#4208 = EDGE_CURVE ( 'NONE', #4205, #3021, #2772, .T. ) ;
#4209 = DIRECTION ( 'NONE',  ( 0.000000000000000000, 1.000000000000000000, 0.000000000000000000 ) ) ;
#4210 = ADVANCED_FACE ( 'NONE', ( #712 ), #2584, .F. ) ;
#4211 = ORIENTED_EDGE ( 'NONE', *, *, #3620, .T. ) ;
#4212 = ORIENTED_EDGE ( 'NONE', *, *, #431, .T. ) ;
#4213 = ORIENTED_EDGE ( 'NONE', *, *, #89, .F. ) ;
#4214 = CARTESIAN_POINT ( 'NONE',  ( 3.262729383827731588, 1.500000000000000000, -0.6772755380457134988 ) ) ;
#4215 = DIRECTION ( 'NONE',  ( 0.000000000000000000, 0.000000000000000000, -1.000000000000000000 ) ) ;
#4216 = DIRECTION ( 'NONE',  ( 1.000000000000000000, 0.000000000000000000, 0.000000000000000000 ) ) ;
#4217 = VERTEX_POINT ( 'NONE', #1709 ) ;
#4218 = CARTESIAN_POINT ( 'NONE',  ( -2.833342513271518204, 1.000000000000000000, -3.027858457278094217 ) ) ;
#4219 = DIRECTION ( 'NONE',  ( -0.000000000000000000, -1.000000000000000000, -0.000000000000000000 ) ) ;
#4220 = DIRECTION ( 'NONE',  ( -0.000000000000000000, -1.000000000000000000, -0.000000000000000000 ) ) ;
#4221 = VECTOR ( 'NONE', #1462, 1000.000000000000000 ) ;
#4222 = CARTESIAN_POINT ( 'NONE',  ( -6.775050528895626201, 2.000000000000000000, 10.30031147355660082 ) ) ;
#4223 = CYLINDRICAL_SURFACE ( 'NONE', #246, 0.4999999999999961142 ) ;
#4224 = ORIENTED_EDGE ( 'NONE', *, *, #621, .F. ) ;
#4225 = ORIENTED_EDGE ( 'NONE', *, *, #5182, .T. ) ;
#4226 = CARTESIAN_POINT ( 'NONE',  ( 14.37803633625319577, 1.000000000000000000, 10.63607652721724861 ) ) ;
#4227 = CARTESIAN_POINT ( 'NONE',  ( 1.674535419471559372, 1.000000000000000000, 7.653827186782812042 ) ) ;
#4228 = ORIENTED_EDGE ( 'NONE', *, *, #633, .F. ) ;
#4229 = VERTEX_POINT ( 'NONE', #1253 ) ;
#4230 = CIRCLE ( 'NONE', #145, 4.639089185667543802 ) ;
#4231 = CARTESIAN_POINT ( 'NONE',  ( -23.08483537706514710, 3.000000000000000000, 7.607344739082396501 ) ) ;
#4232 = DIRECTION ( 'NONE',  ( 0.000000000000000000, 1.000000000000000000, -0.000000000000000000 ) ) ;
#4233 = AXIS2_PLACEMENT_3D ( 'NONE', #2879, #1125, #4553 ) ;
#4234 = ORIENTED_EDGE ( 'NONE', *, *, #2012, .F. ) ;
#4235 = VECTOR ( 'NONE', #1833, 1000.000000000000000 ) ;
#4236 = ORIENTED_EDGE ( 'NONE', *, *, #418, .F. ) ;
#4237 = ADVANCED_FACE ( 'NONE', ( #1335 ), #890, .F. ) ;
#4238 = ORIENTED_EDGE ( 'NONE', *, *, #1147, .F. ) ;
#4239 = VERTEX_POINT ( 'NONE', #5145 ) ;
#4240 = DIRECTION ( 'NONE',  ( 0.000000000000000000, 0.000000000000000000, 1.000000000000000000 ) ) ;
#4241 = B_SPLINE_CURVE_WITH_KNOTS ( 'NONE', 3,
 ( #5420, #1218, #4170, #1279 ),
 .UNSPECIFIED., .F., .F.,
 ( 4, 4 ),
 ( 0.000000000000000000, 1.000000000000000000 ),
 .UNSPECIFIED. ) ;
#4242 = DIRECTION ( 'NONE',  ( 1.000000000000000000, 0.000000000000000000, 0.000000000000000000 ) ) ;
#4243 = CARTESIAN_POINT ( 'NONE',  ( 7.803981852292821486, 4.500000000000000000, 22.10495702000036289 ) ) ;
#4244 = FACE_OUTER_BOUND ( 'NONE', #980, .T. ) ;
#4245 = EDGE_LOOP ( 'NONE', ( #5229, #2892, #1477, #3743 ) ) ;
#4246 = ORIENTED_EDGE ( 'NONE', *, *, #3648, .F. ) ;
#4247 = AXIS2_PLACEMENT_3D ( 'NONE', #2286, #5261, #4341 ) ;
#4248 = DIRECTION ( 'NONE',  ( 0.000000000000000000, -0.000000000000000000, 1.000000000000000000 ) ) ;
#4249 = PLANE ( 'NONE',  #708 ) ;
#4250 = CARTESIAN_POINT ( 'NONE',  ( -22.70647233790811015, 0.000000000000000000, -2.455369212031081272 ) ) ;
#4251 = CARTESIAN_POINT ( 'NONE',  ( -24.24437569559803052, 3.000000000000000000, 6.100020256581517586 ) ) ;
#4252 = CARTESIAN_POINT ( 'NONE',  ( 4.731879438547789363, 1.000000000000000000, 11.57648272281869062 ) ) ;
#4253 = CARTESIAN_POINT ( 'NONE',  ( 1.738401882370899099, 1.000000000000000000, 7.157922886623264702 ) ) ;
#4254 = CIRCLE ( 'NONE', #1229, 17.07637162759059635 ) ;
#4255 = LINE ( 'NONE', #1764, #3992 ) ;
#4256 = AXIS2_PLACEMENT_3D ( 'NONE', #1594, #348, #3756 ) ;
#4257 = CARTESIAN_POINT ( 'NONE',  ( -7.550661286023191643, 2.000000000000000000, -1.512571300144474273 ) ) ;
#4258 = ORIENTED_EDGE ( 'NONE', *, *, #2622, .F. ) ;
#4259 = EDGE_CURVE ( 'NONE', #4870, #5011, #78, .T. ) ;
#4260 = CARTESIAN_POINT ( 'NONE',  ( -22.54897516563730875, 0.000000000000000000, -6.938466696431148328 ) ) ;
#4261 = LINE ( 'NONE', #58, #2484 ) ;
#4262 = ORIENTED_EDGE ( 'NONE', *, *, #5182, .F. ) ;
#4263 = LINE ( 'NONE', #1290, #2926 ) ;
#4264 = VERTEX_POINT ( 'NONE', #4227 ) ;
#4265 = VECTOR ( 'NONE', #1095, 1000.000000000000000 ) ;
#4266 = ORIENTED_EDGE ( 'NONE', *, *, #1703, .F. ) ;
#4267 = ORIENTED_EDGE ( 'NONE', *, *, #3548, .F. ) ;
#4268 = VECTOR ( 'NONE', #3333, 1000.000000000000000 ) ;
#4269 = DIRECTION ( 'NONE',  ( 1.000000000000000000, -0.000000000000000000, 0.000000000000000000 ) ) ;
#4270 = EDGE_CURVE ( 'NONE', #2563, #1052, #2580, .T. ) ;
#4271 = DIRECTION ( 'NONE',  ( 1.000000000000000000, 0.000000000000000000, -9.912705577010322591E-16 ) ) ;
#4272 = DIRECTION ( 'NONE',  ( 0.000000000000000000, 1.000000000000000000, 0.000000000000000000 ) ) ;
#4273 = VERTEX_POINT ( 'NONE', #1683 ) ;
#4274 = ORIENTED_EDGE ( 'NONE', *, *, #1067, .F. ) ;
#4275 = EDGE_CURVE ( 'NONE', #4817, #346, #4255, .T. ) ;
#4276 = DIRECTION ( 'NONE',  ( 0.2931899571800254400, 0.000000000000000000, 0.9560542081957354998 ) ) ;
#4277 = CARTESIAN_POINT ( 'NONE',  ( -1.029131094277796477, 0.000000000000000000, 9.300529062093231047 ) ) ;
#4278 = CIRCLE ( 'NONE', #9, 1.000000000000000888 ) ;
#4279 = CARTESIAN_POINT ( 'NONE',  ( 19.41359150211581763, 1.694065894508600678E-18, 15.10649181508309802 ) ) ;
#4280 = EDGE_CURVE ( 'NONE', #4174, #4628, #3431, .T. ) ;
#4281 = CARTESIAN_POINT ( 'NONE',  ( -22.75608248248718724, 3.000000000000000000, -6.447050596753057583 ) ) ;
#4282 = LINE ( 'NONE', #2098, #5308 ) ;
#4283 = LINE ( 'NONE', #3875, #4790 ) ;
#4284 = CARTESIAN_POINT ( 'NONE',  ( 0.000000000000000000, 2.000000000000000000, -7.275249450376218618 ) ) ;
#4285 = VERTEX_POINT ( 'NONE', #2125 ) ;
#4286 = AXIS2_PLACEMENT_3D ( 'NONE', #3175, #631, #962 ) ;
#4287 = CARTESIAN_POINT ( 'NONE',  ( 16.28127117317980321, 0.000000000000000000, 9.609026411636929055 ) ) ;
#4288 = LINE ( 'NONE', #416, #4359 ) ;
#4289 = ORIENTED_EDGE ( 'NONE', *, *, #143, .T. ) ;
#4290 = AXIS2_PLACEMENT_3D ( 'NONE', #3420, #1238, #3473 ) ;
#4291 = ORIENTED_EDGE ( 'NONE', *, *, #4787, .T. ) ;
#4292 = ORIENTED_EDGE ( 'NONE', *, *, #1303, .F. ) ;
#4293 = ORIENTED_EDGE ( 'NONE', *, *, #5222, .T. ) ;
#4294 = CARTESIAN_POINT ( 'NONE',  ( -21.83540119763030418, 2.000000000000000000, 5.725833956877303343 ) ) ;
#4295 = EDGE_CURVE ( 'NONE', #446, #745, #4311, .T. ) ;
#4296 = CARTESIAN_POINT ( 'NONE',  ( 1.738401882370899099, 4.500000000000000000, 7.157922886623264702 ) ) ;
#4297 = EDGE_CURVE ( 'NONE', #2153, #1508, #3404, .T. ) ;
#4298 = CARTESIAN_POINT ( 'NONE',  ( 13.06566235224200057, 0.000000000000000000, 7.369918219744475252 ) ) ;
#4299 = FACE_OUTER_BOUND ( 'NONE', #3885, .T. ) ;
#4300 = ORIENTED_EDGE ( 'NONE', *, *, #2180, .T. ) ;
#4301 = DIRECTION ( 'NONE',  ( 0.000000000000000000, 0.000000000000000000, 1.000000000000000000 ) ) ;
#4302 = VERTEX_POINT ( 'NONE', #495 ) ;
#4303 = CARTESIAN_POINT ( 'NONE',  ( -144.0637089102034736, 2.000000000000000000, -3.160283313392068916 ) ) ;
#4304 = CARTESIAN_POINT ( 'NONE',  ( -5.926223190590107492, 0.000000000000000000, 7.579552007672155867 ) ) ;
#4305 = LINE ( 'NONE', #4786, #175 ) ;
#4306 = VERTEX_POINT ( 'NONE', #2950 ) ;
#4307 = EDGE_CURVE ( 'NONE', #694, #5265, #2148, .T. ) ;
#4308 = CYLINDRICAL_SURFACE ( 'NONE', #995, 3.182671588916524463 ) ;
#4309 = CIRCLE ( 'NONE', #3598, 0.3659525352783322139 ) ;
#4310 = LINE ( 'NONE', #2668, #5437 ) ;
#4311 = LINE ( 'NONE', #2493, #4063 ) ;
#4312 = CARTESIAN_POINT ( 'NONE',  ( -5.926223190590107492, 3.000000000000000000, 7.579552007672155867 ) ) ;
#4313 = ORIENTED_EDGE ( 'NONE', *, *, #2215, .F. ) ;
#4314 = CARTESIAN_POINT ( 'NONE',  ( -21.05979044050274140, 3.000000000000000000, 0.6557043731701388545 ) ) ;
#4315 = LINE ( 'NONE', #500, #1712 ) ;
#4316 = CARTESIAN_POINT ( 'NONE',  ( 14.37803633625319577, 0.000000000000000000, 10.63607652721724861 ) ) ;
#4317 = VERTEX_POINT ( 'NONE', #1659 ) ;
#4318 = ORIENTED_EDGE ( 'NONE', *, *, #4376, .T. ) ;
#4319 = CARTESIAN_POINT ( 'NONE',  ( -1.896515600355717091, 0.000000000000000000, 1.322724461954286390 ) ) ;
#4320 = AXIS2_PLACEMENT_3D ( 'NONE', #3816, #2544, #4301 ) ;
#4321 = DIRECTION ( 'NONE',  ( 0.000000000000000000, 1.000000000000000000, -0.000000000000000000 ) ) ;
#4322 = CARTESIAN_POINT ( 'NONE',  ( 7.754105202866360180, 0.000000000000000000, 22.36207468134512766 ) ) ;
#4323 = CARTESIAN_POINT ( 'NONE',  ( 1.738401882370899099, 4.500000000000000000, 7.157922886623264702 ) ) ;
#4324 = EDGE_LOOP ( 'NONE', ( #1248, #2264, #3467, #2164 ) ) ;
#4325 = EDGE_LOOP ( 'NONE', ( #5384, #475, #3134, #4575, #5217, #3952, #1487, #5302 ) ) ;
#4326 = CARTESIAN_POINT ( 'NONE',  ( 14.37803633625319755, 1.000000000000000000, 10.63607652721724861 ) ) ;
#4327 = CARTESIAN_POINT ( 'NONE',  ( -24.70470326844515085, 3.000000000000000000, -2.496827861790109626 ) ) ;
#4328 = CARTESIAN_POINT ( 'NONE',  ( 24.24816842563833319, 3.000000000000000000, -7.128324400912892322 ) ) ;
#4329 = ORIENTED_EDGE ( 'NONE', *, *, #4941, .T. ) ;
#4330 = AXIS2_PLACEMENT_3D ( 'NONE', #556, #1397, #4037 ) ;
#4331 = CARTESIAN_POINT ( 'NONE',  ( 3.131705510549571692, 5.000000000000000000, -24.79479818353569343 ) ) ;
#4332 = CYLINDRICAL_SURFACE ( 'NONE', #4910, 0.2730065050555079420 ) ;
#4333 = DIRECTION ( 'NONE',  ( 0.000000000000000000, 0.000000000000000000, 1.000000000000000000 ) ) ;
#4334 = FACE_OUTER_BOUND ( 'NONE', #3805, .T. ) ;
#4335 = CARTESIAN_POINT ( 'NONE',  ( 9.376308647352617598, 1.000000000000000000, 15.33150190966323656 ) ) ;
#4336 = EDGE_CURVE ( 'NONE', #3618, #4239, #2857, .T. ) ;
#4337 = ORIENTED_EDGE ( 'NONE', *, *, #5461, .T. ) ;
#4338 = VECTOR ( 'NONE', #1708, 1000.000000000000114 ) ;
#4339 = CARTESIAN_POINT ( 'NONE',  ( -24.70470326844515085, 0.000000000000000000, -2.496827861790109626 ) ) ;
#4340 = ADVANCED_FACE ( 'NONE', ( #2071 ), #3793, .T. ) ;
#4341 = DIRECTION ( 'NONE',  ( 0.000000000000000000, 0.000000000000000000, -1.000000000000000000 ) ) ;
#4342 = LINE ( 'NONE', #4405, #1874 ) ;
#4343 = EDGE_CURVE ( 'NONE', #1794, #3695, #3797, .T. ) ;
#4344 = VERTEX_POINT ( 'NONE', #3848 ) ;
#4345 = ORIENTED_EDGE ( 'NONE', *, *, #2553, .T. ) ;
#4346 = EDGE_CURVE ( 'NONE', #3466, #4707, #1660, .T. ) ;
#4347 = DIRECTION ( 'NONE',  ( 1.000000000000000000, 0.000000000000000000, 0.000000000000000000 ) ) ;
#4348 = CARTESIAN_POINT ( 'NONE',  ( -24.82274514033617407, 1.500000000000000000, -2.971754313182560558 ) ) ;
#4349 = LINE ( 'NONE', #2627, #3003 ) ;
#4350 = ORIENTED_EDGE ( 'NONE', *, *, #74, .F. ) ;
#4351 = CARTESIAN_POINT ( 'NONE',  ( -3.797716754255997529, 4.500000000000000000, 5.355429563995171449 ) ) ;
#4352 = DIRECTION ( 'NONE',  ( -0.8840949402949328517, 0.000000000000000000, 0.4673073255844585883 ) ) ;
#4353 = EDGE_LOOP ( 'NONE', ( #70, #1690, #4810, #714 ) ) ;
#4354 = CARTESIAN_POINT ( 'NONE',  ( -22.89572892210886224, 0.000000000000000000, 2.384422800043944690 ) ) ;
#4355 = VECTOR ( 'NONE', #2092, 1000.000000000000000 ) ;
#4356 = CARTESIAN_POINT ( 'NONE',  ( 9.049776539750350679, 0.000000000000000000, 12.73845274206413158 ) ) ;
#4357 = DIRECTION ( 'NONE',  ( -0.4673073255844586438, 0.000000000000000000, -0.8840949402949328517 ) ) ;
#4358 = EDGE_CURVE ( 'NONE', #4571, #1952, #4283, .T. ) ;
#4359 = VECTOR ( 'NONE', #1341, 1000.000000000000000 ) ;
#4360 = CARTESIAN_POINT ( 'NONE',  ( 5.577201149311497907, 4.500000000000000000, 13.17574001345273338 ) ) ;
#4361 = DIRECTION ( 'NONE',  ( -0.000000000000000000, -1.000000000000000000, -0.000000000000000000 ) ) ;
#4362 = CARTESIAN_POINT ( 'NONE',  ( 5.577201149311497907, 0.000000000000000000, 13.17574001345273338 ) ) ;
#4363 = FACE_OUTER_BOUND ( 'NONE', #693, .T. ) ;
#4364 = CARTESIAN_POINT ( 'NONE',  ( 16.77833056223746411, 1.000000000000000000, 15.69331943795407369 ) ) ;
#4365 = EDGE_CURVE ( 'NONE', #1597, #2831, #4866, .T. ) ;
#4366 = ADVANCED_FACE ( 'NONE', ( #4334 ), #4030, .F. ) ;
#4367 = ORIENTED_EDGE ( 'NONE', *, *, #3461, .F. ) ;
#4368 = EDGE_CURVE ( 'NONE', #2881, #3325, #1049, .T. ) ;
#4369 = PLANE ( 'NONE',  #1902 ) ;
#4370 = ADVANCED_FACE ( 'NONE', ( #4363 ), #5277, .F. ) ;
#4371 = DIRECTION ( 'NONE',  ( -0.000000000000000000, -1.000000000000000000, -0.000000000000000000 ) ) ;
#4372 = LINE ( 'NONE', #3571, #2004 ) ;
#4373 = EDGE_LOOP ( 'NONE', ( #2490, #4637, #1257, #2507 ) ) ;
#4374 = VECTOR ( 'NONE', #3086, 1000.000000000000000 ) ;
#4375 = ORIENTED_EDGE ( 'NONE', *, *, #4709, .T. ) ;
#4376 = EDGE_CURVE ( 'NONE', #3357, #3350, #2320, .T. ) ;
#4377 = AXIS2_PLACEMENT_3D ( 'NONE', #4528, #5387, #1481 ) ;
#4378 = EDGE_CURVE ( 'NONE', #83, #4157, #2716, .T. ) ;
#4379 = AXIS2_PLACEMENT_3D ( 'NONE', #2370, #1988, #3231 ) ;
#4380 = VECTOR ( 'NONE', #4389, 1000.000000000000000 ) ;
#4381 = DIRECTION ( 'NONE',  ( 0.000000000000000000, 1.000000000000000000, 0.000000000000000000 ) ) ;
#4382 = DIRECTION ( 'NONE',  ( 0.000000000000000000, 0.000000000000000000, 1.000000000000000000 ) ) ;
#4383 = LINE ( 'NONE', #1063, #2260 ) ;
#4384 = VERTEX_POINT ( 'NONE', #3145 ) ;
#4385 = CARTESIAN_POINT ( 'NONE',  ( 1.674535419471559372, 4.500000000000000000, 7.653827186782812042 ) ) ;
#4386 = EDGE_LOOP ( 'NONE', ( #1861, #2049, #932, #679, #229, #1392, #628, #2993, #504, #3624 ) ) ;
#4387 = CARTESIAN_POINT ( 'NONE',  ( 1.674535419471559372, 4.500000000000000000, 7.653827186782812042 ) ) ;
#4388 = ORIENTED_EDGE ( 'NONE', *, *, #3487, .T. ) ;
#4389 = DIRECTION ( 'NONE',  ( -1.000000000000000000, 0.000000000000000000, 0.000000000000000000 ) ) ;
#4390 = CARTESIAN_POINT ( 'NONE',  ( -4.898108030364729970, 3.000000000000000000, 7.650879118378474786 ) ) ;
#4391 = AXIS2_PLACEMENT_3D ( 'NONE', #866, #4658, #56 ) ;
#4392 = DIRECTION ( 'NONE',  ( -0.000000000000000000, -1.000000000000000000, -0.000000000000000000 ) ) ;
#4393 = CARTESIAN_POINT ( 'NONE',  ( -21.83540119763030418, 3.000000000000000000, 2.276251975912782832 ) ) ;
#4394 = DIRECTION ( 'NONE',  ( 0.000000000000000000, 1.000000000000000000, 0.000000000000000000 ) ) ;
#4395 = CARTESIAN_POINT ( 'NONE',  ( 20.72043394585968201, 0.000000000000000000, 10.62746709492866692 ) ) ;
#4396 = DIRECTION ( 'NONE',  ( -0.1249392203967352039, 0.000000000000000000, -0.9921643972682431256 ) ) ;
#4397 = DIRECTION ( 'NONE',  ( 0.000000000000000000, 0.000000000000000000, 1.000000000000000000 ) ) ;
#4398 = ORIENTED_EDGE ( 'NONE', *, *, #3539, .F. ) ;
#4399 = CARTESIAN_POINT ( 'NONE',  ( -21.05979044050274140, 3.000000000000000000, 0.6557043731701388545 ) ) ;
#4400 = AXIS2_PLACEMENT_3D ( 'NONE', #5505, #5443, #5390 ) ;
#4401 = ADVANCED_FACE ( 'NONE', ( #1847 ), #2669, .T. ) ;
#4402 = DIRECTION ( 'NONE',  ( -0.000000000000000000, -1.000000000000000000, -0.000000000000000000 ) ) ;
#4403 = CARTESIAN_POINT ( 'NONE',  ( 22.02246167943492594, 0.5000000000000000000, -11.83263206466847173 ) ) ;
#4404 = VECTOR ( 'NONE', #1982, 1000.000000000000000 ) ;
#4405 = CARTESIAN_POINT ( 'NONE',  ( 24.24816842563832964, 3.000000000000000000, -0.6772755380457134988 ) ) ;
#4406 = ORIENTED_EDGE ( 'NONE', *, *, #979, .F. ) ;
#4407 = ORIENTED_EDGE ( 'NONE', *, *, #1830, .T. ) ;
#4408 = CARTESIAN_POINT ( 'NONE',  ( 11.43590431189925916, 0.000000000000000000, -0.000000000000000000 ) ) ;
#4409 = EDGE_CURVE ( 'NONE', #3765, #5176, #864, .T. ) ;
#4410 = ADVANCED_FACE ( 'NONE', ( #108 ), #1792, .T. ) ;
#4411 = ORIENTED_EDGE ( 'NONE', *, *, #4376, .F. ) ;
#4412 = ORIENTED_EDGE ( 'NONE', *, *, #4270, .F. ) ;
#4413 = VECTOR ( 'NONE', #5131, 1000.000000000000000 ) ;
#4414 = DIRECTION ( 'NONE',  ( -1.000000000000000000, 0.000000000000000000, 0.000000000000000000 ) ) ;
#4415 = EDGE_CURVE ( 'NONE', #4744, #3801, #4446, .T. ) ;
#4416 = DIRECTION ( 'NONE',  ( 0.000000000000000000, 0.000000000000000000, 1.000000000000000000 ) ) ;
#4417 = EDGE_CURVE ( 'NONE', #3464, #4317, #1892, .T. ) ;
#4418 = ORIENTED_EDGE ( 'NONE', *, *, #94, .T. ) ;
#4419 = DIRECTION ( 'NONE',  ( 0.000000000000000000, 1.000000000000000000, 0.000000000000000000 ) ) ;
#4420 = CARTESIAN_POINT ( 'NONE',  ( -2.545144991300694048, 1.000000000000000000, -21.85228219141554717 ) ) ;
#4421 = CARTESIAN_POINT ( 'NONE',  ( 19.44313117405898694, 0.000000000000000000, 11.20277310799648163 ) ) ;
#4422 = CARTESIAN_POINT ( 'NONE',  ( 17.46763576775947158, 1.000000000000000000, 15.35631339258217487 ) ) ;
#4423 = CYLINDRICAL_SURFACE ( 'NONE', #2988, 27.49999999999999645 ) ;
#4424 = LINE ( 'NONE', #4951, #433 ) ;
#4425 = VERTEX_POINT ( 'NONE', #5174 ) ;
#4426 = CARTESIAN_POINT ( 'NONE',  ( -2.545144991300694048, 0.000000000000000000, -21.85228219141554717 ) ) ;
#4427 = B_SPLINE_CURVE_WITH_KNOTS ( 'NONE', 3,
 ( #41, #4693, #4746, #936, #2159 ),
 .UNSPECIFIED., .F., .F.,
 ( 4, 1, 4 ),
 ( 0.08816179554490594095, 0.4753927115854308938, 1.000000000000000000 ),
 .UNSPECIFIED. ) ;
#4428 = VECTOR ( 'NONE', #2099, 1000.000000000000000 ) ;
#4429 = CARTESIAN_POINT ( 'NONE',  ( -22.59850676864272145, 3.000000000000000000, -6.669991051155196082 ) ) ;
#4430 = EDGE_CURVE ( 'NONE', #2052, #527, #2776, .T. ) ;
#4431 = EDGE_LOOP ( 'NONE', ( #3263, #4093, #4994, #3179 ) ) ;
#4432 = AXIS2_PLACEMENT_3D ( 'NONE', #2850, #4106, #1915 ) ;
#4433 = DIRECTION ( 'NONE',  ( -0.000000000000000000, -1.000000000000000000, -0.000000000000000000 ) ) ;
#4434 = EDGE_CURVE ( 'NONE', #3596, #2240, #5013, .T. ) ;
#4435 = AXIS2_PLACEMENT_3D ( 'NONE', #4545, #1113, #5311 ) ;
#4436 = CARTESIAN_POINT ( 'NONE',  ( -144.0637089102034736, 4.000000000000000000, 10.30031147355659904 ) ) ;
#4437 = ORIENTED_EDGE ( 'NONE', *, *, #2385, .T. ) ;
#4438 = ORIENTED_EDGE ( 'NONE', *, *, #3971, .F. ) ;
#4439 = ADVANCED_FACE ( 'NONE', ( #951 ), #1733, .F. ) ;
#4440 = CARTESIAN_POINT ( 'NONE',  ( 0.000000000000000000, 1.000000000000000000, 0.000000000000000000 ) ) ;
#4441 = CARTESIAN_POINT ( 'NONE',  ( 24.11833871010021468, 1.000000000000000000, 6.580709525946417671 ) ) ;
#4442 = CARTESIAN_POINT ( 'NONE',  ( -9.319232372904995287, 3.000000000000000000, -3.160283313392068916 ) ) ;
#4443 = VECTOR ( 'NONE', #344, 1000.000000000000000 ) ;
#4444 = CARTESIAN_POINT ( 'NONE',  ( -6.481246271067816700, 4.500000000000000000, -4.348841648811680116 ) ) ;
#4445 = LINE ( 'NONE', #616, #721 ) ;
#4446 = LINE ( 'NONE', #3512, #3152 ) ;
#4447 = LINE ( 'NONE', #2855, #2380 ) ;
#4448 = LINE ( 'NONE', #3588, #4221 ) ;
#4449 = EDGE_CURVE ( 'NONE', #5061, #5028, #2878, .T. ) ;
#4450 = ORIENTED_EDGE ( 'NONE', *, *, #874, .T. ) ;
#4451 = VECTOR ( 'NONE', #3699, 1000.000000000000114 ) ;
#4452 = CARTESIAN_POINT ( 'NONE',  ( -6.775050528895626201, 2.000000000000000000, 5.725833956877303343 ) ) ;
#4453 = DIRECTION ( 'NONE',  ( 0.09852814501285597770, 0.000000000000000000, 0.9951342646298164674 ) ) ;
#4454 = ORIENTED_EDGE ( 'NONE', *, *, #2630, .T. ) ;
#4455 = LINE ( 'NONE', #1058, #3572 ) ;
#4456 = B_SPLINE_SURFACE_WITH_KNOTS ( 'NONE', 3, 1, ( 
 ( #109, #2641 ),
 ( #978, #79 ),
 ( #2670, #599 ),
 ( #2609, #1793 ) ),
 .UNSPECIFIED., .F., .F., .F.,
 ( 4, 4 ),
 ( 2, 2 ),
 ( 0.000000000000000000, 1.000000000000000000 ),
 ( 0.000000000000000000, 1.000000000000000000 ),
 .UNSPECIFIED. ) ;
#4457 = CARTESIAN_POINT ( 'NONE',  ( 7.664706846895687598, 1.000000000000000000, 9.666371890211488349 ) ) ;
#4458 = FACE_OUTER_BOUND ( 'NONE', #1584, .T. ) ;
#4459 = CARTESIAN_POINT ( 'NONE',  ( 19.41359150211581763, 0.000000000000000000, 15.10649181508309802 ) ) ;
#4460 = DIRECTION ( 'NONE',  ( -0.6121731929914184800, 0.000000000000000000, -0.7907237076139120857 ) ) ;
#4461 = ORIENTED_EDGE ( 'NONE', *, *, #390, .F. ) ;
#4462 = EDGE_CURVE ( 'NONE', #4099, #3654, #1841, .T. ) ;
#4463 = AXIS2_PLACEMENT_3D ( 'NONE', #4420, #976, #4333 ) ;
#4464 = CARTESIAN_POINT ( 'NONE',  ( -2.545144991300694048, 5.000000000000000000, -21.85228219141554717 ) ) ;
#4465 = VECTOR ( 'NONE', #3094, 1000.000000000000000 ) ;
#4466 = DIRECTION ( 'NONE',  ( 0.000000000000000000, 1.000000000000000000, 0.000000000000000000 ) ) ;
#4467 = CARTESIAN_POINT ( 'NONE',  ( -21.05979044050274140, 3.000000000000000000, -1.512571300144474273 ) ) ;
#4468 = VERTEX_POINT ( 'NONE', #1074 ) ;
#4469 = CARTESIAN_POINT ( 'NONE',  ( -17.32311325936971613, 2.000000000000000000, 18.02525303575650284 ) ) ;
#4470 = CARTESIAN_POINT ( 'NONE',  ( 4.731879438547789363, 4.500000000000000000, 11.57648272281869062 ) ) ;
#4471 = DIRECTION ( 'NONE',  ( 0.000000000000000000, 0.000000000000000000, -1.000000000000000000 ) ) ;
#4472 = CARTESIAN_POINT ( 'NONE',  ( -24.70470326844515085, 3.000000000000000000, -2.496827861790109626 ) ) ;
#4473 = DIRECTION ( 'NONE',  ( -0.000000000000000000, -1.000000000000000000, -0.000000000000000000 ) ) ;
#4474 = CARTESIAN_POINT ( 'NONE',  ( -6.729435140833770035, 3.000000000000000000, -5.963253377093481689 ) ) ;
#4475 = ORIENTED_EDGE ( 'NONE', *, *, #2343, .T. ) ;
#4476 = EDGE_CURVE ( 'NONE', #1601, #2407, #3188, .T. ) ;
#4477 = CARTESIAN_POINT ( 'NONE',  ( -2.897167792994918667, 3.500000000000000000, -0.6772755380457134988 ) ) ;
#4478 = DIRECTION ( 'NONE',  ( 0.000000000000000000, 0.000000000000000000, 1.000000000000000000 ) ) ;
#4479 = PLANE ( 'NONE',  #4379 ) ;
#4480 = CIRCLE ( 'NONE', #3963, 4.000000000000000000 ) ;
#4481 = ORIENTED_EDGE ( 'NONE', *, *, #979, .T. ) ;
#4482 = LINE ( 'NONE', #2166, #4987 ) ;
#4483 = VERTEX_POINT ( 'NONE', #645 ) ;
#4484 = VERTEX_POINT ( 'NONE', #2331 ) ;
#4485 = DIRECTION ( 'NONE',  ( -0.4472135954999569840, 0.000000000000000000, -0.8944271909999162995 ) ) ;
#4486 = VERTEX_POINT ( 'NONE', #4052 ) ;
#4487 = ORIENTED_EDGE ( 'NONE', *, *, #5494, .T. ) ;
#4488 = DIRECTION ( 'NONE',  ( -0.9914998648163307893, 0.000000000000000000, 0.1301077171777205443 ) ) ;
#4489 = CARTESIAN_POINT ( 'NONE',  ( -144.0637089102034736, 0.000000000000000000, 10.30031147355659904 ) ) ;
#4490 = FACE_BOUND ( 'NONE', #3492, .T. ) ;
#4491 = DIRECTION ( 'NONE',  ( -0.6121731929914184800, 0.000000000000000000, -0.7907237076139119747 ) ) ;
#4492 = EDGE_CURVE ( 'NONE', #4599, #83, #3375, .T. ) ;
#4493 = CARTESIAN_POINT ( 'NONE',  ( 8.252759015511520246, 4.500000000000000000, 22.32540895982710438 ) ) ;
#4494 = CARTESIAN_POINT ( 'NONE',  ( -22.28497647494492284, 0.000000000000000000, -1.448674897660780170 ) ) ;
#4495 = EDGE_LOOP ( 'NONE', ( #1165, #4329, #5487, #4300 ) ) ;
#4496 = AXIS2_PLACEMENT_3D ( 'NONE', #3330, #5025, #3664 ) ;
#4497 = DIRECTION ( 'NONE',  ( -0.000000000000000000, -1.000000000000000000, -0.000000000000000000 ) ) ;
#4498 = DIRECTION ( 'NONE',  ( -1.000000000000000000, 0.000000000000000000, -0.000000000000000000 ) ) ;
#4499 = DIRECTION ( 'NONE',  ( -0.000000000000000000, -1.000000000000000000, -0.000000000000000000 ) ) ;
#4500 = AXIS2_PLACEMENT_3D ( 'NONE', #2064, #3788, #5475 ) ;
#4501 = DIRECTION ( 'NONE',  ( 1.000000000000000000, 0.000000000000000000, 5.451988067355672002E-15 ) ) ;
#4502 = ORIENTED_EDGE ( 'NONE', *, *, #64, .T. ) ;
#4503 = ORIENTED_EDGE ( 'NONE', *, *, #1933, .F. ) ;
#4504 = DIRECTION ( 'NONE',  ( -0.000000000000000000, -1.000000000000000000, -0.000000000000000000 ) ) ;
#4505 = EDGE_CURVE ( 'NONE', #4077, #2745, #2, .T. ) ;
#4506 = DIRECTION ( 'NONE',  ( -0.000000000000000000, -1.000000000000000000, -0.000000000000000000 ) ) ;
#4507 = ORIENTED_EDGE ( 'NONE', *, *, #338, .T. ) ;
#4508 = ORIENTED_EDGE ( 'NONE', *, *, #4959, .F. ) ;
#4509 = AXIS2_PLACEMENT_3D ( 'NONE', #3165, #5226, #977 ) ;
#4510 = CARTESIAN_POINT ( 'NONE',  ( -22.59850676864272145, 3.000000000000000000, -6.942997556210704246 ) ) ;
#4511 = ORIENTED_EDGE ( 'NONE', *, *, #3648, .T. ) ;
#4512 = ADVANCED_FACE ( 'NONE', ( #3852 ), #1340, .T. ) ;
#4513 = ORIENTED_EDGE ( 'NONE', *, *, #3718, .T. ) ;
#4514 = CARTESIAN_POINT ( 'NONE',  ( -9.775294961248526704, 3.000000000000000000, -6.558496289266868118 ) ) ;
#4515 = ORIENTED_EDGE ( 'NONE', *, *, #2841, .F. ) ;
#4516 = VERTEX_POINT ( 'NONE', #3829 ) ;
#4517 = DIRECTION ( 'NONE',  ( 0.1301077171777205443, 0.000000000000000000, 0.9914998648163307893 ) ) ;
#4518 = VECTOR ( 'NONE', #4703, 1000.000000000000000 ) ;
#4519 = LINE ( 'NONE', #1585, #5439 ) ;
#4520 = VECTOR ( 'NONE', #2851, 1000.000000000000000 ) ;
#4521 = DIRECTION ( 'NONE',  ( 0.000000000000000000, 0.000000000000000000, 1.000000000000000000 ) ) ;
#4522 = DIRECTION ( 'NONE',  ( 0.000000000000000000, 1.000000000000000000, 0.000000000000000000 ) ) ;
#4523 = DIRECTION ( 'NONE',  ( 0.000000000000000000, 0.000000000000000000, -1.000000000000000000 ) ) ;
#4524 = CARTESIAN_POINT ( 'NONE',  ( -23.56505256017154437, 0.000000000000000000, -1.725794036345155158 ) ) ;
#4525 = ORIENTED_EDGE ( 'NONE', *, *, #5177, .F. ) ;
#4526 = DIRECTION ( 'NONE',  ( -0.000000000000000000, -1.000000000000000000, -0.000000000000000000 ) ) ;
#4527 = CARTESIAN_POINT ( 'NONE',  ( -6.775050528895626201, 3.000000000000000000, 5.725833956877303343 ) ) ;
#4528 = CARTESIAN_POINT ( 'NONE',  ( -4.441317907330095274E-15, 2.500000000000000000, -9.871292541587779468 ) ) ;
#4529 = DIRECTION ( 'NONE',  ( -1.000000000000000000, 0.000000000000000000, -0.000000000000000000 ) ) ;
#4530 = CARTESIAN_POINT ( 'NONE',  ( -7.025144728550237971, 3.000000000000000000, -2.648830442282990028 ) ) ;
#4531 = EDGE_CURVE ( 'NONE', #5375, #3695, #1258, .T. ) ;
#4532 = ORIENTED_EDGE ( 'NONE', *, *, #1491, .F. ) ;
#4533 = ORIENTED_EDGE ( 'NONE', *, *, #1504, .F. ) ;
#4534 = AXIS2_PLACEMENT_3D ( 'NONE', #3360, #3782, #1157 ) ;
#4535 = ADVANCED_FACE ( 'NONE', ( #2076 ), #3888, .T. ) ;
#4536 = CYLINDRICAL_SURFACE ( 'NONE', #3294, 12.76599833254949701 ) ;
#4537 = DIRECTION ( 'NONE',  ( -0.9918086003190894617, 0.000000000000000000, -0.1277329257986702660 ) ) ;
#4538 = EDGE_CURVE ( 'NONE', #3768, #5265, #3462, .T. ) ;
#4539 = CIRCLE ( 'NONE', #3122, 3.499999999999997780 ) ;
#4540 = ORIENTED_EDGE ( 'NONE', *, *, #872, .T. ) ;
#4541 = VERTEX_POINT ( 'NONE', #4260 ) ;
#4542 = AXIS2_PLACEMENT_3D ( 'NONE', #2633, #3529, #2602 ) ;
#4543 = DIRECTION ( 'NONE',  ( 0.000000000000000000, -1.000000000000000000, 0.000000000000000000 ) ) ;
#4544 = VERTEX_POINT ( 'NONE', #4737 ) ;
#4545 = CARTESIAN_POINT ( 'NONE',  ( 6.141016742134422834, 4.500000000000000000, 17.65309913292901456 ) ) ;
#4546 = EDGE_CURVE ( 'NONE', #1098, #1337, #2178, .T. ) ;
#4547 = ORIENTED_EDGE ( 'NONE', *, *, #2066, .F. ) ;
#4548 = ORIENTED_EDGE ( 'NONE', *, *, #4538, .F. ) ;
#4549 = EDGE_CURVE ( 'NONE', #4775, #2773, #4315, .T. ) ;
#4550 = DIRECTION ( 'NONE',  ( 1.000000000000000000, 0.000000000000000000, 1.387778780781425323E-14 ) ) ;
#4551 = CARTESIAN_POINT ( 'NONE',  ( 10.87412782877327899, 1.000000000000000000, 14.75983022267468669 ) ) ;
#4552 = DIRECTION ( 'NONE',  ( -0.000000000000000000, -1.000000000000000000, -0.000000000000000000 ) ) ;
#4553 = DIRECTION ( 'NONE',  ( -9.480592747676580590E-15, 0.000000000000000000, 1.000000000000000000 ) ) ;
#4554 = ORIENTED_EDGE ( 'NONE', *, *, #4054, .F. ) ;
#4555 = EDGE_LOOP ( 'NONE', ( #1189, #2220, #2054, #4616 ) ) ;
#4556 = CARTESIAN_POINT ( 'NONE',  ( 7.917051966428514831, 4.500000000000000000, 24.57815066579054530 ) ) ;
#4557 = LINE ( 'NONE', #5327, #3496 ) ;
#4558 = DIRECTION ( 'NONE',  ( 1.000000000000000000, 0.000000000000000000, -2.081668171172173878E-14 ) ) ;
#4559 = CARTESIAN_POINT ( 'NONE',  ( 8.671533440343756283, 4.500000000000000000, 11.54016437390710514 ) ) ;
#4560 = VECTOR ( 'NONE', #42, 1000.000000000000000 ) ;
#4561 = ORIENTED_EDGE ( 'NONE', *, *, #2069, .T. ) ;
#4562 = ORIENTED_EDGE ( 'NONE', *, *, #3354, .F. ) ;
#4563 = DIRECTION ( 'NONE',  ( 0.000000000000000000, 0.000000000000000000, 1.000000000000000000 ) ) ;
#4564 = DIRECTION ( 'NONE',  ( -0.4740998230350201292, 0.000000000000000000, 0.8804710999221737611 ) ) ;
#4565 = LINE ( 'NONE', #800, #3945 ) ;
#4566 = ORIENTED_EDGE ( 'NONE', *, *, #1609, .F. ) ;
#4567 = EDGE_LOOP ( 'NONE', ( #5240, #947, #1146, #4605 ) ) ;
#4568 = CIRCLE ( 'NONE', #3595, 3.500000000000001332 ) ;
#4569 = CARTESIAN_POINT ( 'NONE',  ( 6.050731046787924505, 0.000000000000000000, 18.87540278573205299 ) ) ;
#4570 = ORIENTED_EDGE ( 'NONE', *, *, #1762, .F. ) ;
#4571 = VERTEX_POINT ( 'NONE', #1286 ) ;
#4572 = CARTESIAN_POINT ( 'NONE',  ( -19.49422078686790982, 0.000000000000000000, -6.374889016925513019 ) ) ;
#4573 = ORIENTED_EDGE ( 'NONE', *, *, #3185, .F. ) ;
#4574 = CIRCLE ( 'NONE', #4400, 3.500000000000002665 ) ;
#4575 = ORIENTED_EDGE ( 'NONE', *, *, #1032, .T. ) ;
#4576 = FACE_OUTER_BOUND ( 'NONE', #4121, .T. ) ;
#4577 = CARTESIAN_POINT ( 'NONE',  ( -19.29121935362093510, 3.000000000000000000, -3.160283313392068916 ) ) ;
#4578 = CARTESIAN_POINT ( 'NONE',  ( 0.000000000000000000, 0.000000000000000000, 0.000000000000000000 ) ) ;
#4579 = CARTESIAN_POINT ( 'NONE',  ( -10.55771016716183652, 4.500000000000000000, -21.55306836685225846 ) ) ;
#4580 = DIRECTION ( 'NONE',  ( 0.5168690990339176450, 0.000000000000000000, -0.8560644452749256450 ) ) ;
#4581 = ORIENTED_EDGE ( 'NONE', *, *, #1046, .F. ) ;
#4582 = CARTESIAN_POINT ( 'NONE',  ( -3.219060002219622962, 4.500000000000000000, 6.471870889335052723 ) ) ;
#4583 = DIRECTION ( 'NONE',  ( -0.000000000000000000, -1.000000000000000000, -0.000000000000000000 ) ) ;
#4584 = CARTESIAN_POINT ( 'NONE',  ( 15.38644397594097768, 0.000000000000000000, 19.70424679543042146 ) ) ;
#4585 = CARTESIAN_POINT ( 'NONE',  ( -9.319232372904995287, 0.000000000000000000, -3.160283313392068916 ) ) ;
#4586 = EDGE_LOOP ( 'NONE', ( #1975, #523, #129, #5464, #3302, #1718 ) ) ;
#4587 = ORIENTED_EDGE ( 'NONE', *, *, #2703, .F. ) ;
#4588 = ORIENTED_EDGE ( 'NONE', *, *, #3971, .T. ) ;
#4589 = VECTOR ( 'NONE', #4047, 1000.000000000000000 ) ;
#4590 = DIRECTION ( 'NONE',  ( 0.000000000000000000, 0.000000000000000000, 1.000000000000000000 ) ) ;
#4591 = DIRECTION ( 'NONE',  ( -0.8804710999221738721, 0.000000000000000000, -0.4740998230350201847 ) ) ;
#4592 = CARTESIAN_POINT ( 'NONE',  ( 3.245314017740485370E-15, 1.000000000000000000, -26.49999999999999645 ) ) ;
#4593 = ORIENTED_EDGE ( 'NONE', *, *, #4986, .T. ) ;
#4594 = ORIENTED_EDGE ( 'NONE', *, *, #1631, .F. ) ;
#4595 = CARTESIAN_POINT ( 'NONE',  ( -3.083751706071278686, 0.000000000000000000, 6.646644105193328933 ) ) ;
#4596 = EDGE_CURVE ( 'NONE', #658, #4317, #1663, .T. ) ;
#4597 = EDGE_LOOP ( 'NONE', ( #4562, #503, #5293, #1455, #37 ) ) ;
#4598 = EDGE_LOOP ( 'NONE', ( #3173, #2651, #3540, #243 ) ) ;
#4599 = VERTEX_POINT ( 'NONE', #5149 ) ;
#4600 = ORIENTED_EDGE ( 'NONE', *, *, #1077, .F. ) ;
#4601 = CARTESIAN_POINT ( 'NONE',  ( 4.034161552894211411, 4.000000000000000000, 10.98249558989096641 ) ) ;
#4602 = EDGE_CURVE ( 'NONE', #1756, #5499, #895, .T. ) ;
#4603 = CARTESIAN_POINT ( 'NONE',  ( -5.926223190590107492, 3.000000000000000000, 7.579552007672155867 ) ) ;
#4604 = LINE ( 'NONE', #2476, #2803 ) ;
#4605 = ORIENTED_EDGE ( 'NONE', *, *, #2944, .T. ) ;
#4606 = EDGE_CURVE ( 'NONE', #527, #537, #5068, .T. ) ;
#4607 = VECTOR ( 'NONE', #5088, 1000.000000000000000 ) ;
#4608 = CYLINDRICAL_SURFACE ( 'NONE', #4805, 3.500000000000004885 ) ;
#4609 = CARTESIAN_POINT ( 'NONE',  ( -19.49422078686790982, 3.000000000000000000, -6.374889016925513019 ) ) ;
#4610 = CARTESIAN_POINT ( 'NONE',  ( 15.38644397594097768, 1.000000000000000000, 19.70424679543042146 ) ) ;
#4611 = CARTESIAN_POINT ( 'NONE',  ( -24.49963954926279186, 3.000000000000000000, -2.799928718192294053 ) ) ;
#4612 = VECTOR ( 'NONE', #1486, 1000.000000000000000 ) ;
#4613 = EDGE_CURVE ( 'NONE', #3133, #2549, #3680, .T. ) ;
#4614 = CARTESIAN_POINT ( 'NONE',  ( -6.241850327850115399, 4.500000000000000000, -12.81432167237545272 ) ) ;
#4615 = ORIENTED_EDGE ( 'NONE', *, *, #2201, .F. ) ;
#4616 = ORIENTED_EDGE ( 'NONE', *, *, #4606, .F. ) ;
#4617 = ORIENTED_EDGE ( 'NONE', *, *, #3617, .F. ) ;
#4618 = CARTESIAN_POINT ( 'NONE',  ( 7.580300352123007457, 2.500000000000000000, -0.6772755380457134988 ) ) ;
#4619 = EDGE_CURVE ( 'NONE', #3768, #3048, #1884, .T. ) ;
#4620 = CARTESIAN_POINT ( 'NONE',  ( -6.728832792671349594, 4.500000000000000000, -12.70097230556362256 ) ) ;
#4621 = ORIENTED_EDGE ( 'NONE', *, *, #4409, .T. ) ;
#4622 = VECTOR ( 'NONE', #3034, 1000.000000000000000 ) ;
#4623 = CARTESIAN_POINT ( 'NONE',  ( -2.151234503969867706, 4.500000000000000000, -1.213259672218396368 ) ) ;
#4624 = CARTESIAN_POINT ( 'NONE',  ( -9.319232372904995287, 2.000000000000000000, -3.160283313392068916 ) ) ;
#4625 = ORIENTED_EDGE ( 'NONE', *, *, #1742, .T. ) ;
#4626 = ORIENTED_EDGE ( 'NONE', *, *, #2571, .T. ) ;
#4627 = VECTOR ( 'NONE', #4920, 1000.000000000000000 ) ;
#4628 = VERTEX_POINT ( 'NONE', #2957 ) ;
#4629 = VECTOR ( 'NONE', #5150, 1000.000000000000000 ) ;
#4630 = EDGE_LOOP ( 'NONE', ( #199, #1937, #2211, #4292 ) ) ;
#4631 = LINE ( 'NONE', #4134, #3226 ) ;
#4632 = DIRECTION ( 'NONE',  ( 0.000000000000000000, 1.000000000000000000, 0.000000000000000000 ) ) ;
#4633 = DIRECTION ( 'NONE',  ( 0.000000000000000000, 0.000000000000000000, 1.000000000000000000 ) ) ;
#4634 = ADVANCED_FACE ( 'NONE', ( #2499 ), #839, .T. ) ;
#4635 = EDGE_CURVE ( 'NONE', #1092, #1057, #1716, .T. ) ;
#4636 = ORIENTED_EDGE ( 'NONE', *, *, #2180, .F. ) ;
#4637 = ORIENTED_EDGE ( 'NONE', *, *, #1649, .F. ) ;
#4638 = DIRECTION ( 'NONE',  ( 0.000000000000000000, 0.000000000000000000, -1.000000000000000000 ) ) ;
#4639 = LINE ( 'NONE', #4582, #442 ) ;
#4640 = AXIS2_PLACEMENT_3D ( 'NONE', #4731, #1761, #1387 ) ;
#4641 = EDGE_CURVE ( 'NONE', #3871, #1994, #1650, .T. ) ;
#4642 = FACE_OUTER_BOUND ( 'NONE', #3422, .T. ) ;
#4643 = DIRECTION ( 'NONE',  ( -0.000000000000000000, -1.000000000000000000, -0.000000000000000000 ) ) ;
#4644 = LINE ( 'NONE', #1163, #3336 ) ;
#4645 = CARTESIAN_POINT ( 'NONE',  ( -144.0637089102034736, 2.000000000000000000, 0.6557043731701388545 ) ) ;
#4646 = CARTESIAN_POINT ( 'NONE',  ( -6.784723009638948810, 4.500000000000000000, -17.98453496792459916 ) ) ;
#4647 = ORIENTED_EDGE ( 'NONE', *, *, #4019, .F. ) ;
#4648 = ORIENTED_EDGE ( 'NONE', *, *, #639, .T. ) ;
#4649 = ORIENTED_EDGE ( 'NONE', *, *, #4492, .F. ) ;
#4650 = VECTOR ( 'NONE', #5225, 1000.000000000000000 ) ;
#4651 = CARTESIAN_POINT ( 'NONE',  ( -7.098959706348536791, 4.500000000000000000, -16.49671752073908237 ) ) ;
#4652 = VECTOR ( 'NONE', #5228, 1000.000000000000114 ) ;
#4653 = CARTESIAN_POINT ( 'NONE',  ( -2.833342513271518204, 1.000000000000000000, -3.027858457278094217 ) ) ;
#4654 = DIRECTION ( 'NONE',  ( 1.224646799147353454E-16, 0.000000000000000000, -1.000000000000000000 ) ) ;
#4655 = ADVANCED_FACE ( 'NONE', ( #603 ), #1768, .T. ) ;
#4656 = EDGE_LOOP ( 'NONE', ( #511, #4062, #2471, #261, #4759, #2068 ) ) ;
#4657 = VERTEX_POINT ( 'NONE', #524 ) ;
#4658 = DIRECTION ( 'NONE',  ( 0.000000000000000000, 1.000000000000000000, 0.000000000000000000 ) ) ;
#4659 = CARTESIAN_POINT ( 'NONE',  ( 9.596856419122598680, 1.000000000000000000, -17.19547297438925071 ) ) ;
#4660 = ORIENTED_EDGE ( 'NONE', *, *, #5359, .T. ) ;
#4661 = ORIENTED_EDGE ( 'NONE', *, *, #418, .T. ) ;
#4662 = VECTOR ( 'NONE', #3014, 1000.000000000000000 ) ;
#4663 = ORIENTED_EDGE ( 'NONE', *, *, #2635, .F. ) ;
#4664 = EDGE_LOOP ( 'NONE', ( #3949, #3678, #2642, #2810 ) ) ;
#4665 = CARTESIAN_POINT ( 'NONE',  ( -144.0637089102034736, 3.000000000000000000, 7.579552007672155867 ) ) ;
#4666 = DIRECTION ( 'NONE',  ( -0.000000000000000000, -1.000000000000000000, -0.000000000000000000 ) ) ;
#4667 = CARTESIAN_POINT ( 'NONE',  ( 14.37803633625319577, 0.000000000000000000, 10.63607652721724861 ) ) ;
#4668 = CARTESIAN_POINT ( 'NONE',  ( -23.86925808733212406, 3.000000000000000000, 7.433607358498961482 ) ) ;
#4669 = CIRCLE ( 'NONE', #4925, 26.49999999999999645 ) ;
#4670 = ORIENTED_EDGE ( 'NONE', *, *, #2867, .T. ) ;
#4671 = ORIENTED_EDGE ( 'NONE', *, *, #2933, .F. ) ;
#4672 = CARTESIAN_POINT ( 'NONE',  ( -0.9295541296688025756, 4.500000000000000000, 4.475859692455095740 ) ) ;
#4673 = CARTESIAN_POINT ( 'NONE',  ( 12.84264234740584421, 1.000000000000000000, 17.35168294853473725 ) ) ;
#4674 = CARTESIAN_POINT ( 'NONE',  ( -1.029131094277796477, 4.500000000000000000, 9.300529062093231047 ) ) ;
#4675 = CIRCLE ( 'NONE', #1634, 3.500000000000004885 ) ;
#4676 = EDGE_CURVE ( 'NONE', #958, #5405, #4568, .T. ) ;
#4677 = LINE ( 'NONE', #2976, #1627 ) ;
#4678 = CARTESIAN_POINT ( 'NONE',  ( -144.0637089102034736, 3.000000000000000000, -1.512571300144474273 ) ) ;
#4679 = ORIENTED_EDGE ( 'NONE', *, *, #5303, .T. ) ;
#4680 = CARTESIAN_POINT ( 'NONE',  ( -8.446743404454510440, 3.000000000000000000, -5.641342072858767764 ) ) ;
#4681 = CARTESIAN_POINT ( 'NONE',  ( 18.01868807506655656, 0.000000000000000000, 0.8461727173019077952 ) ) ;
#4682 = ORIENTED_EDGE ( 'NONE', *, *, #1211, .T. ) ;
#4683 = CIRCLE ( 'NONE', #3256, 0.5000000000000047740 ) ;
#4684 = EDGE_CURVE ( 'NONE', #1385, #2372, #3489, .T. ) ;
#4685 = CARTESIAN_POINT ( 'NONE',  ( -3.797716754255997529, 3.000000000000000000, 5.355429563995171449 ) ) ;
#4686 = CARTESIAN_POINT ( 'NONE',  ( 24.24816842563832608, 1.000000000000000222, -5.126196881197924604 ) ) ;
#4687 = VERTEX_POINT ( 'NONE', #1366 ) ;
#4688 = CIRCLE ( 'NONE', #4500, 26.49999999999999645 ) ;
#4689 = VERTEX_POINT ( 'NONE', #2206 ) ;
#4690 = ORIENTED_EDGE ( 'NONE', *, *, #4280, .T. ) ;
#4691 = CARTESIAN_POINT ( 'NONE',  ( 9.049776539750350679, 4.500000000000000000, 12.73845274206413158 ) ) ;
#4692 = ADVANCED_FACE ( 'NONE', ( #555 ), #906, .T. ) ;
#4693 = CARTESIAN_POINT ( 'NONE',  ( 1.878027247580242864, 1.000000000000000000, 4.892557369133812450 ) ) ;
#4694 = LINE ( 'NONE', #3811, #5407 ) ;
#4695 = DIRECTION ( 'NONE',  ( -0.000000000000000000, -1.000000000000000000, -0.000000000000000000 ) ) ;
#4696 = ORIENTED_EDGE ( 'NONE', *, *, #1284, .T. ) ;
#4697 = VECTOR ( 'NONE', #836, 1000.000000000000000 ) ;
#4698 = PLANE ( 'NONE',  #2301 ) ;
#4699 = FACE_OUTER_BOUND ( 'NONE', #1134, .T. ) ;
#4700 = CARTESIAN_POINT ( 'NONE',  ( 14.89331041442342141, 1.000000000000000000, 19.25297561011895198 ) ) ;
#4701 = VECTOR ( 'NONE', #4136, 1000.000000000000000 ) ;
#4702 = DIRECTION ( 'NONE',  ( -0.2266987336236721273, 0.000000000000000000, -0.9739649296424502944 ) ) ;
#4703 = DIRECTION ( 'NONE',  ( -0.000000000000000000, -1.000000000000000000, -0.000000000000000000 ) ) ;
#4704 = CARTESIAN_POINT ( 'NONE',  ( 12.72181552248472158, 1.000000000000000000, 10.52799211679327840 ) ) ;
#4705 = EDGE_CURVE ( 'NONE', #3105, #1588, #3938, .T. ) ;
#4706 = VECTOR ( 'NONE', #176, 1000.000000000000000 ) ;
#4707 = VERTEX_POINT ( 'NONE', #1053 ) ;
#4708 = CYLINDRICAL_SURFACE ( 'NONE', #410, 0.3659525352783322139 ) ;
#4709 = EDGE_CURVE ( 'NONE', #4484, #527, #2701, .T. ) ;
#4710 = EDGE_CURVE ( 'NONE', #583, #1260, #115, .T. ) ;
#4711 = CARTESIAN_POINT ( 'NONE',  ( 14.37803633625319577, 0.000000000000000000, 10.63607652721724861 ) ) ;
#4712 = CARTESIAN_POINT ( 'NONE',  ( -9.780948568101187846, 4.500000000000000000, -19.79357681454331441 ) ) ;
#4713 = ORIENTED_EDGE ( 'NONE', *, *, #1924, .F. ) ;
#4714 = CARTESIAN_POINT ( 'NONE',  ( -5.983679138752917126, 4.500000000000000000, -4.398105721318113837 ) ) ;
#4715 = VERTEX_POINT ( 'NONE', #4013 ) ;
#4716 = ORIENTED_EDGE ( 'NONE', *, *, #3147, .F. ) ;
#4717 = ORIENTED_EDGE ( 'NONE', *, *, #3981, .F. ) ;
#4718 = FACE_OUTER_BOUND ( 'NONE', #3544, .T. ) ;
#4719 = CARTESIAN_POINT ( 'NONE',  ( -6.034032675567874371, 4.500000000000000000, -4.572448446561688584 ) ) ;
#4720 = VECTOR ( 'NONE', #164, 1000.000000000000000 ) ;
#4721 = EDGE_CURVE ( 'NONE', #802, #3522, #1396, .T. ) ;
#4722 = DIRECTION ( 'NONE',  ( -0.000000000000000000, -1.000000000000000000, -0.000000000000000000 ) ) ;
#4723 = CYLINDRICAL_SURFACE ( 'NONE', #1005, 1.000000000000000888 ) ;
#4724 = DIRECTION ( 'NONE',  ( -0.2791423629542094109, 0.000000000000000000, 0.9602497285624924661 ) ) ;
#4725 = EDGE_LOOP ( 'NONE', ( #2865, #4825, #2981, #2836, #4146, #1149 ) ) ;
#4726 = ORIENTED_EDGE ( 'NONE', *, *, #4368, .F. ) ;
#4727 = CARTESIAN_POINT ( 'NONE',  ( -23.93708581463722140, 0.000000000000000000, 2.115384648866358575 ) ) ;
#4728 = CARTESIAN_POINT ( 'NONE',  ( 0.000000000000000000, 4.000000000000000000, -27.49999999999999645 ) ) ;
#4729 = AXIS2_PLACEMENT_3D ( 'NONE', #1962, #5338, #2018 ) ;
#4730 = CARTESIAN_POINT ( 'NONE',  ( 4.034161552894211411, 4.500000000000000000, 10.98249558989096819 ) ) ;
#4731 = CARTESIAN_POINT ( 'NONE',  ( 0.000000000000000000, 1.000000000000000000, 26.49999999999999645 ) ) ;
#4732 = DIRECTION ( 'NONE',  ( -0.000000000000000000, -1.000000000000000000, -0.000000000000000000 ) ) ;
#4733 = CARTESIAN_POINT ( 'NONE',  ( -3.797716754255997529, 0.000000000000000000, 5.355429563995171449 ) ) ;
#4734 = DIRECTION ( 'NONE',  ( -0.000000000000000000, -1.000000000000000000, -0.000000000000000000 ) ) ;
#4735 = ORIENTED_EDGE ( 'NONE', *, *, #1665, .T. ) ;
#4736 = VECTOR ( 'NONE', #4140, 1000.000000000000000 ) ;
#4737 = CARTESIAN_POINT ( 'NONE',  ( -2.545144991300693604, 0.000000000000000000, -25.85228219141554717 ) ) ;
#4738 = DIRECTION ( 'NONE',  ( 0.000000000000000000, 0.000000000000000000, 1.000000000000000000 ) ) ;
#4739 = CARTESIAN_POINT ( 'NONE',  ( 19.44313117405898694, 1.000000000000000000, 11.20277310799648163 ) ) ;
#4740 = CARTESIAN_POINT ( 'NONE',  ( 0.000000000000000000, 5.000000000000000000, 0.000000000000000000 ) ) ;
#4741 = CIRCLE ( 'NONE', #5266, 3.499999999999997780 ) ;
#4742 = ORIENTED_EDGE ( 'NONE', *, *, #5197, .F. ) ;
#4743 = ORIENTED_EDGE ( 'NONE', *, *, #414, .T. ) ;
#4744 = VERTEX_POINT ( 'NONE', #4035 ) ;
#4745 = DIRECTION ( 'NONE',  ( 0.4409038796534636151, 0.000000000000000000, -0.8975543264374162833 ) ) ;
#4746 = CARTESIAN_POINT ( 'NONE',  ( 6.315518787918261268, 1.000000000000000000, -0.7372257115484268652 ) ) ;
#4747 = DIRECTION ( 'NONE',  ( -0.000000000000000000, -1.000000000000000000, -0.000000000000000000 ) ) ;
#4748 = LINE ( 'NONE', #4668, #722 ) ;
#4749 = VERTEX_POINT ( 'NONE', #4800 ) ;
#4750 = ORIENTED_EDGE ( 'NONE', *, *, #2037, .F. ) ;
#4751 = CARTESIAN_POINT ( 'NONE',  ( -5.715227448603458882, 3.000000000000000000, -1.686743650351870905 ) ) ;
#4752 = VERTEX_POINT ( 'NONE', #1852 ) ;
#4753 = EDGE_CURVE ( 'NONE', #1984, #1976, #981, .T. ) ;
#4754 = CARTESIAN_POINT ( 'NONE',  ( -5.119735382536114265, 0.000000000000000000, 1.044499254386095366 ) ) ;
#4755 = VECTOR ( 'NONE', #3880, 1000.000000000000000 ) ;
#4756 = CARTESIAN_POINT ( 'NONE',  ( 1.878027247367425989, 0.000000000000000000, 4.892557369403808920 ) ) ;
#4757 = CARTESIAN_POINT ( 'NONE',  ( -7.521253397651182837, 5.000000000000000000, -22.34048822194777273 ) ) ;
#4758 = AXIS2_PLACEMENT_3D ( 'NONE', #4135, #2818, #3748 ) ;
#4759 = ORIENTED_EDGE ( 'NONE', *, *, #384, .F. ) ;
#4760 = EDGE_CURVE ( 'NONE', #4783, #4802, #1466, .T. ) ;
#4761 = ORIENTED_EDGE ( 'NONE', *, *, #3625, .T. ) ;
#4762 = DIRECTION ( 'NONE',  ( -0.000000000000000000, -1.000000000000000000, -0.000000000000000000 ) ) ;
#4763 = VECTOR ( 'NONE', #600, 1000.000000000000000 ) ;
#4764 = CARTESIAN_POINT ( 'NONE',  ( 9.613592132573275606, 1.000000000000000000, 17.21581186154043408 ) ) ;
#4765 = DIRECTION ( 'NONE',  ( 0.000000000000000000, 0.000000000000000000, 1.000000000000000000 ) ) ;
#4766 = LINE ( 'NONE', #1101, #1343 ) ;
#4767 = EDGE_CURVE ( 'NONE', #4196, #2245, #5456, .T. ) ;
#4768 = VERTEX_POINT ( 'NONE', #5231 ) ;
#4769 = EDGE_CURVE ( 'NONE', #111, #4384, #5259, .T. ) ;
#4770 = CARTESIAN_POINT ( 'NONE',  ( -23.60742513708960999, 0.000000000000000000, 1.247775179118929323 ) ) ;
#4771 = DIRECTION ( 'NONE',  ( 1.000000000000000000, 0.000000000000000000, 0.000000000000000000 ) ) ;
#4772 = CARTESIAN_POINT ( 'NONE',  ( 16.73182005155803154, 1.000000000000000000, -10.70508299190421653 ) ) ;
#4773 = VERTEX_POINT ( 'NONE', #2740 ) ;
#4774 = ORIENTED_EDGE ( 'NONE', *, *, #1047, .T. ) ;
#4775 = VERTEX_POINT ( 'NONE', #4452 ) ;
#4776 = DIRECTION ( 'NONE',  ( -0.000000000000000000, -1.000000000000000000, -0.000000000000000000 ) ) ;
#4777 = CIRCLE ( 'NONE', #3260, 0.5000000000000047740 ) ;
#4778 = CARTESIAN_POINT ( 'NONE',  ( -3.797716754255997529, 4.500000000000000000, 5.355429563995171449 ) ) ;
#4779 = ADVANCED_FACE ( 'NONE', ( #4820 ), #1006, .T. ) ;
#4780 = CARTESIAN_POINT ( 'NONE',  ( 16.73182005155803154, 0.000000000000000000, -10.70508299190421653 ) ) ;
#4781 = VERTEX_POINT ( 'NONE', #4339 ) ;
#4782 = EDGE_CURVE ( 'NONE', #965, #3914, #3838, .T. ) ;
#4783 = VERTEX_POINT ( 'NONE', #2335 ) ;
#4784 = LINE ( 'NONE', #538, #3136 ) ;
#4785 = DIRECTION ( 'NONE',  ( 0.000000000000000000, 0.000000000000000000, 1.000000000000000000 ) ) ;
#4786 = CARTESIAN_POINT ( 'NONE',  ( -5.634204430174219347, 0.000000000000000000, -0.8684111646733837508 ) ) ;
#4787 = EDGE_CURVE ( 'NONE', #4043, #1656, #5333, .T. ) ;
#4788 = EDGE_CURVE ( 'NONE', #3105, #5236, #711, .T. ) ;
#4789 = ORIENTED_EDGE ( 'NONE', *, *, #4613, .F. ) ;
#4790 = VECTOR ( 'NONE', #3959, 1000.000000000000000 ) ;
#4791 = CARTESIAN_POINT ( 'NONE',  ( 8.671533440343756283, 0.000000000000000000, 11.54016437390709982 ) ) ;
#4792 = CARTESIAN_POINT ( 'NONE',  ( -22.70270316923252096, 0.000000000000000000, 6.057451449112435604 ) ) ;
#4793 = CARTESIAN_POINT ( 'NONE',  ( 18.51096771648515116, 0.000000000000000000, 11.64512715715398983 ) ) ;
#4794 = CARTESIAN_POINT ( 'NONE',  ( 9.596856419122598680, 0.000000000000000000, -17.19547297438925071 ) ) ;
#4795 = CARTESIAN_POINT ( 'NONE',  ( 13.06566235224200057, 1.000000000000000000, 7.369918219744475252 ) ) ;
#4796 = ORIENTED_EDGE ( 'NONE', *, *, #5114, .F. ) ;
#4797 = ADVANCED_FACE ( 'NONE', ( #2459 ), #1488, .T. ) ;
#4798 = EDGE_CURVE ( 'NONE', #5213, #4599, #702, .T. ) ;
#4799 = VECTOR ( 'NONE', #574, 1000.000000000000000 ) ;
#4800 = CARTESIAN_POINT ( 'NONE',  ( -21.05979044050274140, 0.000000000000000000, 0.6557043731701388545 ) ) ;
#4801 = CARTESIAN_POINT ( 'NONE',  ( -23.48219829184644070, 3.000000000000000000, 6.165423419931273408 ) ) ;
#4802 = VERTEX_POINT ( 'NONE', #3314 ) ;
#4803 = ORIENTED_EDGE ( 'NONE', *, *, #3770, .F. ) ;
#4804 = PLANE ( 'NONE',  #4286 ) ;
#4805 = AXIS2_PLACEMENT_3D ( 'NONE', #4190, #372, #1498 ) ;
#4806 = ORIENTED_EDGE ( 'NONE', *, *, #4104, .T. ) ;
#4807 = ORIENTED_EDGE ( 'NONE', *, *, #5199, .T. ) ;
#4808 = DIRECTION ( 'NONE',  ( 0.000000000000000000, 0.000000000000000000, 1.000000000000000000 ) ) ;
#4809 = CARTESIAN_POINT ( 'NONE',  ( -3.878919526681739338, 3.000000000000000000, 7.141379330462867436 ) ) ;
#4810 = ORIENTED_EDGE ( 'NONE', *, *, #2675, .T. ) ;
#4811 = VECTOR ( 'NONE', #4543, 1000.000000000000000 ) ;
#4812 = CARTESIAN_POINT ( 'NONE',  ( 0.000000000000000000, 2.500000000000000000, -0.6772755380457134988 ) ) ;
#4813 = CARTESIAN_POINT ( 'NONE',  ( 9.596856419122598680, 1.000000000000000000, -0.1191013467986520025 ) ) ;
#4814 = DIRECTION ( 'NONE',  ( 0.000000000000000000, 1.000000000000000000, 0.000000000000000000 ) ) ;
#4815 = CARTESIAN_POINT ( 'NONE',  ( -3.083751696922599539, 0.000000000000000000, 6.646644099584960053 ) ) ;
#4816 = CARTESIAN_POINT ( 'NONE',  ( -6.034032675567874371, 4.500000000000000000, -4.572448446561688584 ) ) ;
#4817 = VERTEX_POINT ( 'NONE', #1516 ) ;
#4818 = FACE_OUTER_BOUND ( 'NONE', #1681, .T. ) ;
#4819 = CARTESIAN_POINT ( 'NONE',  ( -5.634204430174219347, 4.500000000000000000, -0.8684111646733841949 ) ) ;
#4820 = FACE_OUTER_BOUND ( 'NONE', #1929, .T. ) ;
#4821 = CARTESIAN_POINT ( 'NONE',  ( 16.77833056223746411, 0.000000000000000000, 15.69331943795407369 ) ) ;
#4822 = CIRCLE ( 'NONE', #1262, 3.500000000000004885 ) ;
#4823 = ADVANCED_FACE ( 'NONE', ( #3192 ), #3481, .T. ) ;
#4824 = VERTEX_POINT ( 'NONE', #2833 ) ;
#4825 = ORIENTED_EDGE ( 'NONE', *, *, #2454, .F. ) ;
#4826 = EDGE_CURVE ( 'NONE', #4870, #2888, #3706, .T. ) ;
#4827 = VECTOR ( 'NONE', #1946, 1000.000000000000000 ) ;
#4828 = AXIS2_PLACEMENT_3D ( 'NONE', #1326, #3390, #3002 ) ;
#4829 = DIRECTION ( 'NONE',  ( 0.000000000000000000, 0.000000000000000000, 1.000000000000000000 ) ) ;
#4830 = DIRECTION ( 'NONE',  ( 1.000000000000000000, 0.000000000000000000, 0.000000000000000000 ) ) ;
#4831 = ORIENTED_EDGE ( 'NONE', *, *, #2711, .T. ) ;
#4832 = EDGE_LOOP ( 'NONE', ( #3566, #1299, #4593, #3283, #656 ) ) ;
#4833 = DIRECTION ( 'NONE',  ( 0.4673073255844585883, 0.000000000000000000, 0.8840949402949328517 ) ) ;
#4834 = EDGE_LOOP ( 'NONE', ( #4156, #2293, #4663, #1822 ) ) ;
#4835 = CARTESIAN_POINT ( 'NONE',  ( 3.262729383827731588, 0.000000000000000000, -0.6772755380457134988 ) ) ;
#4836 = DIRECTION ( 'NONE',  ( 1.000000000000000000, 0.000000000000000000, 0.000000000000000000 ) ) ;
#4837 = VECTOR ( 'NONE', #1877, 1000.000000000000000 ) ;
#4838 = FACE_OUTER_BOUND ( 'NONE', #2937, .T. ) ;
#4839 = ADVANCED_FACE ( 'NONE', ( #4119 ), #4536, .F. ) ;
#4840 = CARTESIAN_POINT ( 'NONE',  ( -23.08483537706514710, 0.000000000000000000, 7.607344739082396501 ) ) ;
#4841 = CARTESIAN_POINT ( 'NONE',  ( 18.51096771648515116, 1.000000000000000000, 11.64512715715398983 ) ) ;
#4842 = FACE_OUTER_BOUND ( 'NONE', #853, .T. ) ;
#4843 = DIRECTION ( 'NONE',  ( -0.6121731929914184800, 0.000000000000000000, -0.7907237076139119747 ) ) ;
#4844 = ORIENTED_EDGE ( 'NONE', *, *, #2311, .T. ) ;
#4845 = FACE_OUTER_BOUND ( 'NONE', #3367, .T. ) ;
#4846 = VECTOR ( 'NONE', #561, 1000.000000000000000 ) ;
#4847 = ADVANCED_FACE ( 'NONE', ( #5396 ), #321, .F. ) ;
#4848 = CARTESIAN_POINT ( 'NONE',  ( -10.55771016716183652, 4.500000000000000000, -21.55306836685225846 ) ) ;
#4849 = B_SPLINE_CURVE_WITH_KNOTS ( 'NONE', 3,
 ( #3430, #4680, #2522, #1281 ),
 .UNSPECIFIED., .F., .F.,
 ( 4, 4 ),
 ( 0.000000000000000000, 0.7572072402483670528 ),
 .UNSPECIFIED. ) ;
#4850 = CARTESIAN_POINT ( 'NONE',  ( -0.4515270255709274982, 4.500000000000000000, 4.329264713865081049 ) ) ;
#4851 = ADVANCED_FACE ( 'NONE', ( #2398 ), #2801, .F. ) ;
#4852 = ORIENTED_EDGE ( 'NONE', *, *, #2758, .T. ) ;
#4853 = EDGE_CURVE ( 'NONE', #230, #3046, #613, .T. ) ;
#4854 = ORIENTED_EDGE ( 'NONE', *, *, #833, .T. ) ;
#4855 = FACE_OUTER_BOUND ( 'NONE', #2007, .T. ) ;
#4856 = EDGE_CURVE ( 'NONE', #743, #2003, #897, .T. ) ;
#4857 = CARTESIAN_POINT ( 'NONE',  ( 1.738401882370899099, 4.000000000000000000, 7.157922886623264702 ) ) ;
#4858 = ORIENTED_EDGE ( 'NONE', *, *, #729, .T. ) ;
#4859 = DIRECTION ( 'NONE',  ( 1.000000000000000000, 0.000000000000000000, 0.000000000000000000 ) ) ;
#4860 = EDGE_CURVE ( 'NONE', #3196, #965, #1857, .T. ) ;
#4861 = CARTESIAN_POINT ( 'NONE',  ( 4.762182326995337611, 4.500000000000000000, 22.58206901045327442 ) ) ;
#4862 = DIRECTION ( 'NONE',  ( 0.1249392203967352177, 0.000000000000000000, 0.9921643972682431256 ) ) ;
#4863 = CARTESIAN_POINT ( 'NONE',  ( -4.813994563264619053, 0.000000000000000000, 2.041480186793144913 ) ) ;
#4864 = DIRECTION ( 'NONE',  ( -0.000000000000000000, -1.000000000000000000, -0.000000000000000000 ) ) ;
#4865 = CYLINDRICAL_SURFACE ( 'NONE', #4022, 0.5000000000000004441 ) ;
#4866 = LINE ( 'NONE', #2199, #3102 ) ;
#4867 = LINE ( 'NONE', #4312, #4720 ) ;
#4868 = CARTESIAN_POINT ( 'NONE',  ( -0.8468888793778800439, 0.000000000000000000, 4.635351310360793065 ) ) ;
#4869 = CARTESIAN_POINT ( 'NONE',  ( -3.797716754255997529, 0.000000000000000000, 5.355429563995171449 ) ) ;
#4870 = VERTEX_POINT ( 'NONE', #651 ) ;
#4871 = CARTESIAN_POINT ( 'NONE',  ( 1.738401882370899099, 0.000000000000000000, 7.157922886623264702 ) ) ;
#4872 = CARTESIAN_POINT ( 'NONE',  ( 24.99082427303198983, 5.000000000000000000, -0.6772755380457134988 ) ) ;
#4873 = EDGE_CURVE ( 'NONE', #4817, #1398, #3645, .T. ) ;
#4874 = ORIENTED_EDGE ( 'NONE', *, *, #5398, .T. ) ;
#4875 = VECTOR ( 'NONE', #3073, 1000.000000000000000 ) ;
#4876 = FACE_OUTER_BOUND ( 'NONE', #3831, .T. ) ;
#4877 = LINE ( 'NONE', #2680, #1719 ) ;
#4878 = VECTOR ( 'NONE', #207, 1000.000000000000000 ) ;
#4879 = CARTESIAN_POINT ( 'NONE',  ( -20.44346529380014488, 0.000000000000000000, -5.643516752297248473 ) ) ;
#4880 = ORIENTED_EDGE ( 'NONE', *, *, #5045, .T. ) ;
#4881 = ORIENTED_EDGE ( 'NONE', *, *, #3421, .F. ) ;
#4882 = DIRECTION ( 'NONE',  ( -0.000000000000000000, -1.000000000000000000, -0.000000000000000000 ) ) ;
#4883 = CARTESIAN_POINT ( 'NONE',  ( -7.550661286023191643, 3.000000000000000000, 0.6557043731701388545 ) ) ;
#4884 = ADVANCED_FACE ( 'NONE', ( #680 ), #5297, .F. ) ;
#4885 = B_SPLINE_CURVE_WITH_KNOTS ( 'NONE', 3,
 ( #1380, #3923, #46, #434 ),
 .UNSPECIFIED., .F., .F.,
 ( 4, 4 ),
 ( 0.000000000000000000, 0.5293331987091504098 ),
 .UNSPECIFIED. ) ;
#4886 = VERTEX_POINT ( 'NONE', #4794 ) ;
#4887 = VECTOR ( 'NONE', #2035, 1000.000000000000000 ) ;
#4888 = CARTESIAN_POINT ( 'NONE',  ( -5.926223190590107492, 2.000000000000000000, 7.579552007672155867 ) ) ;
#4889 = DIRECTION ( 'NONE',  ( -0.000000000000000000, -1.000000000000000000, -0.000000000000000000 ) ) ;
#4890 = CARTESIAN_POINT ( 'NONE',  ( 8.252759015511520246, 0.000000000000000000, 22.32540895982710438 ) ) ;
#4891 = DIRECTION ( 'NONE',  ( 0.5168690990339176450, 0.000000000000000000, -0.8560644452749256450 ) ) ;
#4892 = CARTESIAN_POINT ( 'NONE',  ( -2.545144991300693604, 4.000000000000000000, -18.85228219141554717 ) ) ;
#4893 = ORIENTED_EDGE ( 'NONE', *, *, #4378, .F. ) ;
#4894 = VECTOR ( 'NONE', #4504, 1000.000000000000000 ) ;
#4895 = VECTOR ( 'NONE', #1717, 1000.000000000000227 ) ;
#4896 = CARTESIAN_POINT ( 'NONE',  ( 9.596856419122598680, 1.000000000000000000, -0.1191013467986520025 ) ) ;
#4897 = CARTESIAN_POINT ( 'NONE',  ( -5.634204430174219347, 4.500000000000000000, -0.8684111646733837508 ) ) ;
#4898 = LINE ( 'NONE', #2743, #113 ) ;
#4899 = EDGE_LOOP ( 'NONE', ( #1637, #221, #4098, #4647 ) ) ;
#4900 = CARTESIAN_POINT ( 'NONE',  ( 1.878027247367425989, 1.000000000000000000, 4.892557369403808920 ) ) ;
#4901 = ADVANCED_FACE ( 'NONE', ( #4008 ), #3935, .T. ) ;
#4902 = ORIENTED_EDGE ( 'NONE', *, *, #4027, .T. ) ;
#4903 = ORIENTED_EDGE ( 'NONE', *, *, #3774, .T. ) ;
#4904 = CARTESIAN_POINT ( 'NONE',  ( -7.142917961113989911, 3.000000000000000000, -6.790219016728459067 ) ) ;
#4905 = ORIENTED_EDGE ( 'NONE', *, *, #4798, .F. ) ;
#4906 = ORIENTED_EDGE ( 'NONE', *, *, #1626, .T. ) ;
#4907 = CIRCLE ( 'NONE', #2501, 0.5000000000000004441 ) ;
#4908 = AXIS2_PLACEMENT_3D ( 'NONE', #4740, #2589, #118 ) ;
#4909 = VECTOR ( 'NONE', #2056, 1000.000000000000000 ) ;
#4910 = AXIS2_PLACEMENT_3D ( 'NONE', #888, #26, #2197 ) ;
#4911 = LINE ( 'NONE', #2783, #43 ) ;
#4912 = CARTESIAN_POINT ( 'NONE',  ( 18.94115486502150247, 3.000000000000000000, -11.68990479761203893 ) ) ;
#4913 = CARTESIAN_POINT ( 'NONE',  ( -9.960795745387413191, 4.500000000000000000, -22.35537327963648480 ) ) ;
#4914 = ORIENTED_EDGE ( 'NONE', *, *, #5008, .F. ) ;
#4915 = EDGE_CURVE ( 'NONE', #4516, #3609, #1439, .T. ) ;
#4916 = LINE ( 'NONE', #732, #367 ) ;
#4917 = CARTESIAN_POINT ( 'NONE',  ( -5.821616559493650200, 3.000000000000000000, -2.761273670799587521 ) ) ;
#4918 = CARTESIAN_POINT ( 'NONE',  ( 5.173926908695253069, 0.000000000000000000, 11.34282906002645674 ) ) ;
#4919 = EDGE_LOOP ( 'NONE', ( #926, #5428, #590, #2111, #4313, #2790, #4953, #5484, #3201, #4930, #4554, #4228, #383 ) ) ;
#4920 = DIRECTION ( 'NONE',  ( -0.000000000000000000, -1.000000000000000000, -0.000000000000000000 ) ) ;
#4921 = ADVANCED_FACE ( 'NONE', ( #4842 ), #4456, .T. ) ;
#4922 = LINE ( 'NONE', #652, #2349 ) ;
#4923 = FACE_OUTER_BOUND ( 'NONE', #1551, .T. ) ;
#4924 = ORIENTED_EDGE ( 'NONE', *, *, #3271, .T. ) ;
#4925 = AXIS2_PLACEMENT_3D ( 'NONE', #2393, #1592, #3821 ) ;
#4926 = EDGE_LOOP ( 'NONE', ( #2424, #967, #3111, #758 ) ) ;
#4927 = LINE ( 'NONE', #2838, #4811 ) ;
#4928 = ORIENTED_EDGE ( 'NONE', *, *, #2276, .F. ) ;
#4929 = CYLINDRICAL_SURFACE ( 'NONE', #4435, 3.500000000000006661 ) ;
#4930 = ORIENTED_EDGE ( 'NONE', *, *, #2336, .F. ) ;
#4931 = LINE ( 'NONE', #2812, #407 ) ;
#4932 = DIRECTION ( 'NONE',  ( -0.000000000000000000, -1.000000000000000000, -0.000000000000000000 ) ) ;
#4933 = VERTEX_POINT ( 'NONE', #1765 ) ;
#4934 = VERTEX_POINT ( 'NONE', #1390 ) ;
#4935 = DIRECTION ( 'NONE',  ( 1.000000000000000000, -0.000000000000000000, 0.000000000000000000 ) ) ;
#4936 = EDGE_CURVE ( 'NONE', #5218, #4749, #1028, .T. ) ;
#4937 = DIRECTION ( 'NONE',  ( -0.4673073255844586438, 0.000000000000000000, -0.8840949402949328517 ) ) ;
#4938 = CARTESIAN_POINT ( 'NONE',  ( 7.917051966428514831, 0.000000000000000000, 24.57815066579054530 ) ) ;
#4939 = DIRECTION ( 'NONE',  ( -0.000000000000000000, -1.000000000000000000, -0.000000000000000000 ) ) ;
#4941 = EDGE_CURVE ( 'NONE', #2587, #3596, #4012, .T. ) ;
#4940 = AXIS2_PLACEMENT_3D ( 'NONE', #4665, #961, #93 ) ;
#4942 = ORIENTED_EDGE ( 'NONE', *, *, #3062, .T. ) ;
#4943 = CARTESIAN_POINT ( 'NONE',  ( 12.84264234740584243, 1.694065894508600678E-18, 17.35168294853473725 ) ) ;
#4944 = CIRCLE ( 'NONE', #5214, 4.000000000000000000 ) ;
#4945 = CARTESIAN_POINT ( 'NONE',  ( 7.580300352123007457, 0.000000000000000000, -9.871292541587783020 ) ) ;
#4946 = FACE_OUTER_BOUND ( 'NONE', #1754, .T. ) ;
#4947 = LINE ( 'NONE', #2305, #1766 ) ;
#4948 = VECTOR ( 'NONE', #3005, 999.9999999999998863 ) ;
#4949 = LINE ( 'NONE', #2943, #1372 ) ;
#4950 = EDGE_CURVE ( 'NONE', #1597, #749, #1904, .T. ) ;
#4951 = CARTESIAN_POINT ( 'NONE',  ( -5.119735382315243832, 3.000000000000000000, 1.044499255106320579 ) ) ;
#4952 = VERTEX_POINT ( 'NONE', #3166 ) ;
#4953 = ORIENTED_EDGE ( 'NONE', *, *, #833, .F. ) ;
#4954 = CARTESIAN_POINT ( 'NONE',  ( -3.878919518896032592, 0.000000000000000000, 7.141379326570735486 ) ) ;
#4955 = CARTESIAN_POINT ( 'NONE',  ( -6.447597692191242125, 0.000000000000000000, -18.72644423699242822 ) ) ;
#4956 = DIRECTION ( 'NONE',  ( 0.000000000000000000, 0.000000000000000000, 1.000000000000000000 ) ) ;
#4957 = ADVANCED_FACE ( 'NONE', ( #3513 ), #3619, .T. ) ;
#4958 = VERTEX_POINT ( 'NONE', #3587 ) ;
#4959 = EDGE_CURVE ( 'NONE', #1065, #3713, #4539, .T. ) ;
#4960 = ORIENTED_EDGE ( 'NONE', *, *, #1196, .T. ) ;
#4961 = VECTOR ( 'NONE', #681, 1000.000000000000000 ) ;
#4962 = DIRECTION ( 'NONE',  ( 1.000000000000000000, 0.000000000000000000, -0.000000000000000000 ) ) ;
#4963 = ORIENTED_EDGE ( 'NONE', *, *, #3219, .T. ) ;
#4964 = ORIENTED_EDGE ( 'NONE', *, *, #5313, .T. ) ;
#4965 = ORIENTED_EDGE ( 'NONE', *, *, #4297, .F. ) ;
#4966 = ORIENTED_EDGE ( 'NONE', *, *, #2882, .T. ) ;
#4967 = CARTESIAN_POINT ( 'NONE',  ( 22.20373856994361716, 1.000000000000000000, 11.48886389150807830 ) ) ;
#4968 = DIRECTION ( 'NONE',  ( 0.000000000000000000, 0.000000000000000000, -1.000000000000000000 ) ) ;
#4969 = VECTOR ( 'NONE', #920, 1000.000000000000000 ) ;
#4970 = DIRECTION ( 'NONE',  ( 1.000000000000000000, 0.000000000000000000, 5.451988067355672002E-15 ) ) ;
#4971 = CARTESIAN_POINT ( 'NONE',  ( 4.731879438547789363, 0.000000000000000000, 11.57648272281869062 ) ) ;
#4972 = LINE ( 'NONE', #783, #3531 ) ;
#4973 = ORIENTED_EDGE ( 'NONE', *, *, #4027, .F. ) ;
#4974 = LINE ( 'NONE', #2736, #1271 ) ;
#4975 = DIRECTION ( 'NONE',  ( 0.000000000000000000, 0.000000000000000000, -1.000000000000000000 ) ) ;
#4976 = DIRECTION ( 'NONE',  ( 0.000000000000000000, 0.000000000000000000, 1.000000000000000000 ) ) ;
#4977 = ORIENTED_EDGE ( 'NONE', *, *, #1077, .T. ) ;
#4978 = AXIS2_PLACEMENT_3D ( 'NONE', #73, #489, #1783 ) ;
#4979 = EDGE_LOOP ( 'NONE', ( #819, #5127, #2619, #2203, #5072, #3834 ) ) ;
#4980 = ORIENTED_EDGE ( 'NONE', *, *, #1843, .T. ) ;
#4981 = CARTESIAN_POINT ( 'NONE',  ( -9.780948568101187846, 4.500000000000000000, -19.79357681454331441 ) ) ;
#4982 = LINE ( 'NONE', #1987, #1223 ) ;
#4983 = AXIS2_PLACEMENT_3D ( 'NONE', #5304, #5422, #1079 ) ;
#4984 = EDGE_LOOP ( 'NONE', ( #1019, #4573, #2269, #172 ) ) ;
#4985 = ORIENTED_EDGE ( 'NONE', *, *, #154, .T. ) ;
#4986 = EDGE_CURVE ( 'NONE', #377, #320, #4867, .T. ) ;
#4987 = VECTOR ( 'NONE', #1494, 1000.000000000000000 ) ;
#4988 = DIRECTION ( 'NONE',  ( 0.000000000000000000, 1.000000000000000000, 0.000000000000000000 ) ) ;
#4989 = VERTEX_POINT ( 'NONE', #5227 ) ;
#4990 = PRODUCT_DEFINITION_CONTEXT ( 'detailed design', #2095, 'design' ) ;
#4991 = EDGE_LOOP ( 'NONE', ( #1409, #3433, #2163 ) ) ;
#4992 = B_SPLINE_CURVE_WITH_KNOTS ( 'NONE', 3,
 ( #4883, #2784, #612, #3183 ),
 .UNSPECIFIED., .F., .F.,
 ( 4, 4 ),
 ( 0.000000000000000000, 0.5727575803494678874 ),
 .UNSPECIFIED. ) ;
#4993 = DIRECTION ( 'NONE',  ( 0.4740998230350201847, -0.000000000000000000, -0.8804710999221738721 ) ) ;
#4994 = ORIENTED_EDGE ( 'NONE', *, *, #1067, .T. ) ;
#4995 = ORIENTED_EDGE ( 'NONE', *, *, #1872, .F. ) ;
#4996 = DIRECTION ( 'NONE',  ( -0.000000000000000000, -1.000000000000000000, -0.000000000000000000 ) ) ;
#4997 = MANIFOLD_SOLID_BREP ( '\X2\570689d2\X0\2', #1293 ) ;
#4998 = FACE_BOUND ( 'NONE', #846, .T. ) ;
#4999 = DIRECTION ( 'NONE',  ( 0.000000000000000000, 0.000000000000000000, 1.000000000000000000 ) ) ;
#5000 = EDGE_LOOP ( 'NONE', ( #1798, #3083, #4511, #4679, #3894, #2530 ) ) ;
#5001 = DIRECTION ( 'NONE',  ( -0.000000000000000000, -1.000000000000000000, -0.000000000000000000 ) ) ;
#5002 = CYLINDRICAL_SURFACE ( 'NONE', #627, 3.499999999999999556 ) ;
#5003 = CARTESIAN_POINT ( 'NONE',  ( 12.84264234737957899, 0.000000000000000000, 17.35168294851037984 ) ) ;
#5004 = DIRECTION ( 'NONE',  ( 0.000000000000000000, 0.000000000000000000, 1.000000000000000000 ) ) ;
#5005 = CIRCLE ( 'NONE', #2598, 1.000000000000000888 ) ;
#5006 = ORIENTED_EDGE ( 'NONE', *, *, #3528, .F. ) ;
#5007 = ORIENTED_EDGE ( 'NONE', *, *, #3271, .F. ) ;
#5008 = EDGE_CURVE ( 'NONE', #5236, #3357, #4766, .T. ) ;
#5009 = DIRECTION ( 'NONE',  ( 0.000000000000000000, 0.000000000000000000, 1.000000000000000000 ) ) ;
#5010 = CARTESIAN_POINT ( 'NONE',  ( -19.29121935362093510, 3.000000000000000000, -3.160283313392068916 ) ) ;
#5011 = VERTEX_POINT ( 'NONE', #4112 ) ;
#5012 = ADVANCED_FACE ( 'NONE', ( #5388 ), #1980, .F. ) ;
#5013 = CIRCLE ( 'NONE', #3425, 1.000000000000000888 ) ;
#5014 = FACE_OUTER_BOUND ( 'NONE', #4245, .T. ) ;
#5015 = EDGE_LOOP ( 'NONE', ( #3553, #3254, #1903, #1528 ) ) ;
#5016 = CARTESIAN_POINT ( 'NONE',  ( 24.24816842563832964, 3.000000000000000000, -0.6772755380457134988 ) ) ;
#5017 = ADVANCED_FACE ( 'NONE', ( #2332 ), #704, .F. ) ;
#5018 = VERTEX_POINT ( 'NONE', #1161 ) ;
#5019 = FACE_OUTER_BOUND ( 'NONE', #3339, .T. ) ;
#5020 = ORIENTED_EDGE ( 'NONE', *, *, #642, .T. ) ;
#5021 = ORIENTED_EDGE ( 'NONE', *, *, #44, .T. ) ;
#5022 = DIRECTION ( 'NONE',  ( -0.000000000000000000, -1.000000000000000000, -0.000000000000000000 ) ) ;
#5023 = DIRECTION ( 'NONE',  ( 0.000000000000000000, 1.000000000000000000, -0.000000000000000000 ) ) ;
#5024 = EDGE_CURVE ( 'NONE', #4174, #4468, #1483, .T. ) ;
#5025 = DIRECTION ( 'NONE',  ( 0.000000000000000000, 1.000000000000000000, -0.000000000000000000 ) ) ;
#5026 = ORIENTED_EDGE ( 'NONE', *, *, #1711, .F. ) ;
#5027 = EDGE_CURVE ( 'NONE', #5065, #1098, #4447, .T. ) ;
#5028 = VERTEX_POINT ( 'NONE', #3221 ) ;
#5029 = CARTESIAN_POINT ( 'NONE',  ( -144.0637089102034736, 2.000000000000000000, 5.725833956877303343 ) ) ;
#5030 = CARTESIAN_POINT ( 'NONE',  ( -10.50783696009711932, 4.500000000000000000, -15.70327195305622148 ) ) ;
#5031 = CARTESIAN_POINT ( 'NONE',  ( 8.181993972766075984, 1.000000000000000000, 21.33543234617980033 ) ) ;
#5032 = DIRECTION ( 'NONE',  ( -0.9918086003190894617, 0.000000000000000000, -0.1277329257986702660 ) ) ;
#5033 = CARTESIAN_POINT ( 'NONE',  ( 22.20373856994361361, 0.000000000000000000, 11.48886389150807474 ) ) ;
#5034 = ORIENTED_EDGE ( 'NONE', *, *, #5483, .T. ) ;
#5035 = ORIENTED_EDGE ( 'NONE', *, *, #3432, .T. ) ;
#5036 = ORIENTED_EDGE ( 'NONE', *, *, #3623, .F. ) ;
#5037 = VECTOR ( 'NONE', #3338, 1000.000000000000000 ) ;
#5038 = DIRECTION ( 'NONE',  ( -1.000000000000000000, 0.000000000000000000, 0.000000000000000000 ) ) ;
#5039 = CARTESIAN_POINT ( 'NONE',  ( -22.70647238086491981, 0.000000000000000000, -2.455369205205849781 ) ) ;
#5040 = ORIENTED_EDGE ( 'NONE', *, *, #4358, .T. ) ;
#5041 = CARTESIAN_POINT ( 'NONE',  ( -9.319232372904995287, 0.000000000000000000, -3.160283313392068916 ) ) ;
#5042 = DIRECTION ( 'NONE',  ( -0.000000000000000000, -1.000000000000000000, -0.000000000000000000 ) ) ;
#5043 = DIRECTION ( 'NONE',  ( -0.000000000000000000, -1.000000000000000000, 0.000000000000000000 ) ) ;
#5044 = CARTESIAN_POINT ( 'NONE',  ( -2.545144991300694048, 4.000000000000000000, -21.85228219141554717 ) ) ;
#5045 = EDGE_CURVE ( 'NONE', #2929, #1220, #2033, .T. ) ;
#5046 = ORIENTED_EDGE ( 'NONE', *, *, #85, .T. ) ;
#5047 = AXIS2_PLACEMENT_3D ( 'NONE', #1545, #1194, #3230 ) ;
#5048 = ORIENTED_EDGE ( 'NONE', *, *, #5262, .F. ) ;
#5049 = ORIENTED_EDGE ( 'NONE', *, *, #2446, .T. ) ;
#5050 = CARTESIAN_POINT ( 'NONE',  ( -14.30522586326296519, 3.000000000000000000, -9.350571778467759998 ) ) ;
#5051 = PLANE ( 'NONE',  #3072 ) ;
#5052 = DIRECTION ( 'NONE',  ( 0.000000000000000000, 0.000000000000000000, 1.000000000000000000 ) ) ;
#5053 = EDGE_LOOP ( 'NONE', ( #3577, #3780, #3968, #204, #4133, #3041 ) ) ;
#5054 = AXIS2_PLACEMENT_3D ( 'NONE', #3112, #2246, #3975 ) ;
#5055 = ORIENTED_EDGE ( 'NONE', *, *, #790, .F. ) ;
#5056 = CARTESIAN_POINT ( 'NONE',  ( -16.70881255193826220, 3.000000000000000000, -7.047254688085166308 ) ) ;
#5057 = EDGE_CURVE ( 'NONE', #430, #99, #445, .T. ) ;
#5058 = LINE ( 'NONE', #2120, #4355 ) ;
#5059 = CARTESIAN_POINT ( 'NONE',  ( -9.319232372904995287, 3.000000000000000000, -3.160283313392068916 ) ) ;
#5060 = CARTESIAN_POINT ( 'NONE',  ( -23.48219829184657570, 0.000000000000000000, 6.165423419931292948 ) ) ;
#5061 = VERTEX_POINT ( 'NONE', #1918 ) ;
#5062 = ORIENTED_EDGE ( 'NONE', *, *, #729, .F. ) ;
#5063 = CARTESIAN_POINT ( 'NONE',  ( -8.871328207209671746, 4.500000000000000000, -23.37305148755647721 ) ) ;
#5064 = CARTESIAN_POINT ( 'NONE',  ( -6.944401909279158680, 3.000000000000000000, -1.480953413507701599 ) ) ;
#5065 = VERTEX_POINT ( 'NONE', #3189 ) ;
#5066 = VECTOR ( 'NONE', #4097, 999.9999999999998863 ) ;
#5067 = ORIENTED_EDGE ( 'NONE', *, *, #2944, .F. ) ;
#5068 = LINE ( 'NONE', #1227, #5366 ) ;
#5069 = CARTESIAN_POINT ( 'NONE',  ( 16.73182005155803154, 1.000000000000000000, -10.70508299190421653 ) ) ;
#5070 = ORIENTED_EDGE ( 'NONE', *, *, #2951, .F. ) ;
#5071 = ORIENTED_EDGE ( 'NONE', *, *, #2113, .T. ) ;
#5072 = ORIENTED_EDGE ( 'NONE', *, *, #2252, .F. ) ;
#5073 = VECTOR ( 'NONE', #3853, 1000.000000000000000 ) ;
#5074 = EDGE_CURVE ( 'NONE', #1756, #2860, #2001, .T. ) ;
#5075 = DIRECTION ( 'NONE',  ( -0.000000000000000000, -1.000000000000000000, -0.000000000000000000 ) ) ;
#5076 = DIRECTION ( 'NONE',  ( -0.000000000000000000, -1.000000000000000000, -0.000000000000000000 ) ) ;
#5077 = FACE_OUTER_BOUND ( 'NONE', #4431, .T. ) ;
#5078 = VERTEX_POINT ( 'NONE', #4918 ) ;
#5079 = ORIENTED_EDGE ( 'NONE', *, *, #5502, .F. ) ;
#5080 = CARTESIAN_POINT ( 'NONE',  ( 18.51096772552326897, 1.000000000000000000, 11.64512715286499223 ) ) ;
#5081 = CARTESIAN_POINT ( 'NONE',  ( 8.181993972766075984, 0.000000000000000000, 21.33543234617980033 ) ) ;
#5082 = CARTESIAN_POINT ( 'NONE',  ( 5.577201149311497907, 4.500000000000000000, 13.17574001345273338 ) ) ;
#5083 = DIRECTION ( 'NONE',  ( -0.000000000000000000, -1.000000000000000000, -0.000000000000000000 ) ) ;
#5084 = CIRCLE ( 'NONE', #2685, 4.639089185667543802 ) ;
#5085 = ADVANCED_FACE ( 'NONE', ( #5416 ), #5329, .F. ) ;
#5086 = VERTEX_POINT ( 'NONE', #1050 ) ;
#5087 = CIRCLE ( 'NONE', #5178, 3.500000000000007105 ) ;
#5088 = DIRECTION ( 'NONE',  ( -0.000000000000000000, -1.000000000000000000, -0.000000000000000000 ) ) ;
#5089 = AXIS2_PLACEMENT_3D ( 'NONE', #3121, #3069, #3989 ) ;
#5090 = VECTOR ( 'NONE', #2816, 1000.000000000000000 ) ;
#5091 = DIRECTION ( 'NONE',  ( -0.2931899571800254400, 0.000000000000000000, -0.9560542081957354998 ) ) ;
#5092 = ADVANCED_FACE ( 'NONE', ( #1948 ), #2738, .T. ) ;
#5093 = B_SPLINE_CURVE_WITH_KNOTS ( 'NONE', 3,
 ( #5031, #47, #4673, #825, #1730 ),
 .UNSPECIFIED., .F., .F.,
 ( 4, 1, 4 ),
 ( 0.04467518613746099959, 0.6216862572798877995, 0.7943290605938989613 ),
 .UNSPECIFIED. ) ;
#5094 = ORIENTED_EDGE ( 'NONE', *, *, #4126, .T. ) ;
#5095 = EDGE_CURVE ( 'NONE', #1699, #4802, #4031, .T. ) ;
#5096 = CARTESIAN_POINT ( 'NONE',  ( -23.48408689764882240, 0.000000000000000000, 7.546951415004999220 ) ) ;
#5097 = CARTESIAN_POINT ( 'NONE',  ( -8.446743404454510440, 3.000000000000000000, -5.641342072858767764 ) ) ;
#5098 = EDGE_LOOP ( 'NONE', ( #3919, #2059, #1292, #2156, #5406, #1383 ) ) ;
#5099 = ORIENTED_EDGE ( 'NONE', *, *, #1983, .F. ) ;
#5100 = AXIS2_PLACEMENT_3D ( 'NONE', #2261, #141, #3171 ) ;
#5101 = ORIENTED_EDGE ( 'NONE', *, *, #1032, .F. ) ;
#5102 = ORIENTED_EDGE ( 'NONE', *, *, #828, .F. ) ;
#5103 = CARTESIAN_POINT ( 'NONE',  ( -23.60742513708960999, 0.000000000000000000, 1.247775179118929323 ) ) ;
#5104 = DIRECTION ( 'NONE',  ( 0.000000000000000000, 0.000000000000000000, 1.000000000000000000 ) ) ;
#5105 = LINE ( 'NONE', #3001, #432 ) ;
#5106 = CARTESIAN_POINT ( 'NONE',  ( -14.30522586326296519, 4.000000000000000000, 15.85339998016653595 ) ) ;
#5107 = VECTOR ( 'NONE', #5466, 1000.000000000000000 ) ;
#5108 = ORIENTED_EDGE ( 'NONE', *, *, #4826, .T. ) ;
#5109 = FACE_OUTER_BOUND ( 'NONE', #2294, .T. ) ;
#5110 = CARTESIAN_POINT ( 'NONE',  ( -8.516475078921287079, 4.500000000000000000, -22.43812942805421784 ) ) ;
#5111 = DIRECTION ( 'NONE',  ( 0.000000000000000000, 0.000000000000000000, 1.000000000000000000 ) ) ;
#5112 = AXIS2_PLACEMENT_3D ( 'NONE', #4222, #2062, #3700 ) ;
#5113 = EDGE_CURVE ( 'NONE', #2183, #1226, #674, .T. ) ;
#5114 = EDGE_CURVE ( 'NONE', #3995, #670, #1538, .T. ) ;
#5115 = ORIENTED_EDGE ( 'NONE', *, *, #1164, .T. ) ;
#5116 = EDGE_CURVE ( 'NONE', #5065, #3265, #4947, .T. ) ;
#5117 = CARTESIAN_POINT ( 'NONE',  ( -0.9295541296688025756, 4.500000000000000000, 4.475859692455095740 ) ) ;
#5118 = CARTESIAN_POINT ( 'NONE',  ( 10.66798483332877012, 1.000000000000000000, 6.679563018928300622 ) ) ;
#5119 = CARTESIAN_POINT ( 'NONE',  ( 0.000000000000000000, 1.000000000000000000, 0.000000000000000000 ) ) ;
#5120 = EDGE_LOOP ( 'NONE', ( #4266, #2097, #4388, #983 ) ) ;
#5121 = DIRECTION ( 'NONE',  ( 0.000000000000000000, 0.000000000000000000, -1.000000000000000000 ) ) ;
#5122 = VECTOR ( 'NONE', #4269, 1000.000000000000000 ) ;
#5123 = B_SPLINE_SURFACE_WITH_KNOTS ( 'NONE', 3, 1, ( 
 ( #5010, #2802 ),
 ( #1630, #4086 ),
 ( #4120, #5039 ),
 ( #2834, #3677 ) ),
 .UNSPECIFIED., .F., .F., .F.,
 ( 4, 4 ),
 ( 2, 2 ),
 ( 0.000000000000000000, 0.9436495216993643353 ),
 ( 0.000000000000000000, 1.000000000000000000 ),
 .UNSPECIFIED. ) ;
#5124 = DIRECTION ( 'NONE',  ( -0.9918086003190894617, 0.000000000000000000, -0.1277329257986702660 ) ) ;
#5125 = CARTESIAN_POINT ( 'NONE',  ( -7.617085631133469370, 0.000000000000000000, -5.603183904079728883 ) ) ;
#5126 = EDGE_CURVE ( 'NONE', #1952, #2929, #3614, .T. ) ;
#5127 = ORIENTED_EDGE ( 'NONE', *, *, #2630, .F. ) ;
#5128 = EDGE_LOOP ( 'NONE', ( #3920, #2918, #4475, #1429 ) ) ;
#5129 = ORIENTED_EDGE ( 'NONE', *, *, #1965, .F. ) ;
#5130 = ORIENTED_EDGE ( 'NONE', *, *, #4549, .F. ) ;
#5131 = DIRECTION ( 'NONE',  ( -0.000000000000000000, -1.000000000000000000, -0.000000000000000000 ) ) ;
#5132 = FACE_OUTER_BOUND ( 'NONE', #899, .T. ) ;
#5133 = CARTESIAN_POINT ( 'NONE',  ( 10.66798483332877012, 0.000000000000000000, 6.679563018928301510 ) ) ;
#5134 = FACE_OUTER_BOUND ( 'NONE', #1549, .T. ) ;
#5135 = ORIENTED_EDGE ( 'NONE', *, *, #2117, .F. ) ;
#5136 = EDGE_LOOP ( 'NONE', ( #2403, #4513, #5006, #328, #2075, #340 ) ) ;
#5137 = AXIS2_PLACEMENT_3D ( 'NONE', #2523, #3826, #1282 ) ;
#5138 = DIRECTION ( 'NONE',  ( 1.000000000000000000, 0.000000000000000000, 1.387778780781425323E-14 ) ) ;
#5139 = CARTESIAN_POINT ( 'NONE',  ( -144.0637089102034736, 3.000000000000000000, 5.725833956877303343 ) ) ;
#5140 = CARTESIAN_POINT ( 'NONE',  ( -0.2709644889588445071, 1.000000000000000000, 5.379253647985380304 ) ) ;
#5141 = CIRCLE ( 'NONE', #3726, 0.3659525352783322139 ) ;
#5142 = B_SPLINE_CURVE_WITH_KNOTS ( 'NONE', 3,
 ( #124, #1474, #1427, #588 ),
 .UNSPECIFIED., .F., .F.,
 ( 4, 4 ),
 ( 0.000000000000000000, 0.5727575811168030828 ),
 .UNSPECIFIED. ) ;
#5143 = ADVANCED_FACE ( 'NONE', ( #403 ), #3633, .F. ) ;
#5144 = CARTESIAN_POINT ( 'NONE',  ( 8.692144346554449896, 4.500000000000000000, 20.29770225483711243 ) ) ;
#5145 = CARTESIAN_POINT ( 'NONE',  ( -5.715227448529059728, 3.000000000000000000, -1.686743650057251243 ) ) ;
#5146 = CIRCLE ( 'NONE', #335, 0.4999999999999943934 ) ;
#5147 = ORIENTED_EDGE ( 'NONE', *, *, #2176, .T. ) ;
#5148 = CARTESIAN_POINT ( 'NONE',  ( 3.262729383827731588, 0.000000000000000000, -7.275249450376218618 ) ) ;
#5149 = CARTESIAN_POINT ( 'NONE',  ( -9.300823703819945720, 4.500000000000000000, -19.65400563306619475 ) ) ;
#5150 = DIRECTION ( 'NONE',  ( -0.000000000000000000, -1.000000000000000000, -0.000000000000000000 ) ) ;
#5151 = ORIENTED_EDGE ( 'NONE', *, *, #2994, .T. ) ;
#5152 = LINE ( 'NONE', #3104, #1613 ) ;
#5153 = ORIENTED_EDGE ( 'NONE', *, *, #1560, .T. ) ;
#5154 = B_SPLINE_CURVE_WITH_KNOTS ( 'NONE', 3,
 ( #2134, #3417, #5103, #1295 ),
 .UNSPECIFIED., .F., .F.,
 ( 4, 4 ),
 ( 0.000000000000000000, 0.9094089067645472202 ),
 .UNSPECIFIED. ) ;
#5155 = ADVANCED_FACE ( 'NONE', ( #1244 ), #2942, .T. ) ;
#5156 = AXIS2_PLACEMENT_3D ( 'NONE', #3138, #514, #1356 ) ;
#5157 = ORIENTED_EDGE ( 'NONE', *, *, #5452, .T. ) ;
#5158 = FACE_OUTER_BOUND ( 'NONE', #3791, .T. ) ;
#5159 = CARTESIAN_POINT ( 'NONE',  ( -7.142917960743803363, 0.000000000000000000, -6.790219016913551897 ) ) ;
#5160 = ADVANCED_FACE ( 'NONE', ( #3362 ), #2485, .T. ) ;
#5161 = AXIS2_PLACEMENT_3D ( 'NONE', #4890, #4473, #4558 ) ;
#5162 = B_SPLINE_CURVE_WITH_KNOTS ( 'NONE', 3,
 ( #3741, #2375, #3712, #5427, #2928 ),
 .UNSPECIFIED., .F., .F.,
 ( 4, 1, 4 ),
 ( 0.3412853686015806520, 0.6487172569543665501, 0.7751779699832009873 ),
 .UNSPECIFIED. ) ;
#5163 = DIRECTION ( 'NONE',  ( -0.9973076252903366745, 0.000000000000000000, 0.07333144303605053371 ) ) ;
#5164 = LINE ( 'NONE', #1806, #5409 ) ;
#5165 = ORIENTED_EDGE ( 'NONE', *, *, #3491, .T. ) ;
#5166 = ORIENTED_EDGE ( 'NONE', *, *, #3124, .T. ) ;
#5167 = CARTESIAN_POINT ( 'NONE',  ( 17.61503612425674348, 0.000000000000000000, 11.27737329950637424 ) ) ;
#5168 = FACE_OUTER_BOUND ( 'NONE', #1886, .T. ) ;
#5169 = ORIENTED_EDGE ( 'NONE', *, *, #3898, .T. ) ;
#5170 = VERTEX_POINT ( 'NONE', #2547 ) ;
#5171 = CARTESIAN_POINT ( 'NONE',  ( -5.926223190590107492, 0.000000000000000000, 10.30031147355659904 ) ) ;
#5172 = CARTESIAN_POINT ( 'NONE',  ( -2.545144991300694048, 4.000000000000000000, -21.85228219141554717 ) ) ;
#5173 = CARTESIAN_POINT ( 'NONE',  ( 0.000000000000000000, 3.000000000000000000, 0.000000000000000000 ) ) ;
#5174 = CARTESIAN_POINT ( 'NONE',  ( -9.319232372904995287, 3.000000000000000000, -5.634559815357672363 ) ) ;
#5175 = CARTESIAN_POINT ( 'NONE',  ( 18.51227938176624477, 1.000000000000000000, 14.47212721588920736 ) ) ;
#5176 = VERTEX_POINT ( 'NONE', #436 ) ;
#5177 = EDGE_CURVE ( 'NONE', #749, #1771, #5058, .T. ) ;
#5178 = AXIS2_PLACEMENT_3D ( 'NONE', #2000, #4497, #5415 ) ;
#5179 = VECTOR ( 'NONE', #1995, 1000.000000000000000 ) ;
#5180 = CARTESIAN_POINT ( 'NONE',  ( 0.000000000000000000, 2.500000000000000000, 0.000000000000000000 ) ) ;
#5181 = AXIS2_PLACEMENT_3D ( 'NONE', #2667, #4361, #2231 ) ;
#5182 = EDGE_CURVE ( 'NONE', #2212, #325, #5419, .T. ) ;
#5183 = ORIENTED_EDGE ( 'NONE', *, *, #4040, .F. ) ;
#5184 = ORIENTED_EDGE ( 'NONE', *, *, #2343, .F. ) ;
#5185 = EDGE_CURVE ( 'NONE', #5170, #1873, #4165, .T. ) ;
#5186 = LINE ( 'NONE', #3023, #1992 ) ;
#5187 = EDGE_CURVE ( 'NONE', #3769, #5405, #3845, .T. ) ;
#5188 = CARTESIAN_POINT ( 'NONE',  ( -6.034032675567874371, 4.500000000000000000, -4.572448446561688584 ) ) ;
#5189 = B_SPLINE_CURVE_WITH_KNOTS ( 'NONE', 3,
 ( #1316, #3172, #4801, #525 ),
 .UNSPECIFIED., .F., .F.,
 ( 4, 4 ),
 ( 0.000000000000000000, 0.5370456029491770256 ),
 .UNSPECIFIED. ) ;
#5190 = CARTESIAN_POINT ( 'NONE',  ( -6.944401909279158680, 0.000000000000000000, -1.480953413507701599 ) ) ;
#5191 = ORIENTED_EDGE ( 'NONE', *, *, #3195, .F. ) ;
#5192 = ORIENTED_EDGE ( 'NONE', *, *, #841, .T. ) ;
#5193 = CARTESIAN_POINT ( 'NONE',  ( 16.73182005155856089, 3.000000000000000000, -10.70508299190557189 ) ) ;
#5194 = VECTOR ( 'NONE', #3537, 1000.000000000000000 ) ;
#5195 = CARTESIAN_POINT ( 'NONE',  ( 1.439155157666183182, 4.000000000000000000, -8.793029996739578635 ) ) ;
#5196 = LINE ( 'NONE', #181, #2474 ) ;
#5197 = EDGE_CURVE ( 'NONE', #2081, #351, #3582, .T. ) ;
#5198 = AXIS2_PLACEMENT_3D ( 'NONE', #3418, #3355, #5104 ) ;
#5199 = EDGE_CURVE ( 'NONE', #1261, #807, #23, .T. ) ;
#5200 = CARTESIAN_POINT ( 'NONE',  ( -2.545144991300694048, 5.000000000000000000, -21.85228219141554717 ) ) ;
#5201 = CARTESIAN_POINT ( 'NONE',  ( -6.481246271067816700, 4.500000000000000000, -4.348841648811680116 ) ) ;
#5202 = CARTESIAN_POINT ( 'NONE',  ( 6.019248619458947402, 0.000000000000000000, 12.94208635066047641 ) ) ;
#5203 = DIRECTION ( 'NONE',  ( 0.000000000000000000, 1.000000000000000000, -0.000000000000000000 ) ) ;
#5204 = CARTESIAN_POINT ( 'NONE',  ( 3.245314017740485370E-15, 4.000000000000000000, -26.49999999999999645 ) ) ;
#5205 = PRESENTATION_STYLE_ASSIGNMENT (( #3905 ) ) ;
#5206 = ORIENTED_EDGE ( 'NONE', *, *, #804, .T. ) ;
#5207 = CARTESIAN_POINT ( 'NONE',  ( -4.813994563153771722, 0.000000000000000000, 2.041480187114176559 ) ) ;
#5208 = DIRECTION ( 'NONE',  ( -0.000000000000000000, -1.000000000000000000, -0.000000000000000000 ) ) ;
#5209 = DIRECTION ( 'NONE',  ( 0.000000000000000000, 1.000000000000000000, 0.000000000000000000 ) ) ;
#5210 = CARTESIAN_POINT ( 'NONE',  ( -5.715227448529059728, 0.000000000000000000, -1.686743650057252131 ) ) ;
#5211 = AXIS2_PLACEMENT_3D ( 'NONE', #875, #394, #3835 ) ;
#5212 = ORIENTED_EDGE ( 'NONE', *, *, #4986, .F. ) ;
#5213 = VERTEX_POINT ( 'NONE', #4192 ) ;
#5214 = AXIS2_PLACEMENT_3D ( 'NONE', #3215, #2909, #4999 ) ;
#5215 = CIRCLE ( 'NONE', #3532, 3.500000000000001332 ) ;
#5216 = CARTESIAN_POINT ( 'NONE',  ( -10.55771016716183652, 0.000000000000000000, -21.55306836685225846 ) ) ;
#5217 = ORIENTED_EDGE ( 'NONE', *, *, #790, .T. ) ;
#5218 = VERTEX_POINT ( 'NONE', #788 ) ;
#5219 = DIRECTION ( 'NONE',  ( 0.000000000000000000, 0.000000000000000000, 1.000000000000000000 ) ) ;
#5220 = LINE ( 'NONE', #569, #1246 ) ;
#5221 = VECTOR ( 'NONE', #196, 1000.000000000000000 ) ;
#5222 = EDGE_CURVE ( 'NONE', #2831, #1771, #61, .T. ) ;
#5223 = CARTESIAN_POINT ( 'NONE',  ( -14.30522586326296519, 4.000000000000000000, 19.03607156908305953 ) ) ;
#5224 = EDGE_CURVE ( 'NONE', #2650, #845, #2143, .T. ) ;
#5225 = DIRECTION ( 'NONE',  ( -0.000000000000000000, -1.000000000000000000, -0.000000000000000000 ) ) ;
#5226 = DIRECTION ( 'NONE',  ( -0.000000000000000000, -1.000000000000000000, -0.000000000000000000 ) ) ;
#5227 = CARTESIAN_POINT ( 'NONE',  ( -24.85318148470996036, 3.000000000000000000, -2.705433438114889011 ) ) ;
#5228 = DIRECTION ( 'NONE',  ( -0.4472135954999569840, 0.000000000000000000, -0.8944271909999162995 ) ) ;
#5229 = ORIENTED_EDGE ( 'NONE', *, *, #4434, .F. ) ;
#5230 = VECTOR ( 'NONE', #2230, 1000.000000000000000 ) ;
#5231 = CARTESIAN_POINT ( 'NONE',  ( -5.821616559493651089, 0.000000000000000000, -2.761273670799589297 ) ) ;
#5232 = CIRCLE ( 'NONE', #5312, 1.000000000000000888 ) ;
#5233 = CARTESIAN_POINT ( 'NONE',  ( 9.376308647352617598, 0.000000000000000000, 15.33150190966323478 ) ) ;
#5234 = CARTESIAN_POINT ( 'NONE',  ( -6.775050528895626201, 0.000000000000000000, 5.725833956877303343 ) ) ;
#5235 = ORIENTED_EDGE ( 'NONE', *, *, #2215, .T. ) ;
#5236 = VERTEX_POINT ( 'NONE', #460 ) ;
#5237 = DIRECTION ( 'NONE',  ( 0.000000000000000000, 0.000000000000000000, 1.000000000000000000 ) ) ;
#5238 = ADVANCED_FACE ( 'NONE', ( #48 ), #1731, .F. ) ;
#5239 = AXIS2_PLACEMENT_3D ( 'NONE', #5471, #2883, #3697 ) ;
#5240 = ORIENTED_EDGE ( 'NONE', *, *, #3860, .T. ) ;
#5241 = DIRECTION ( 'NONE',  ( -0.4740998230350201292, 0.000000000000000000, 0.8804710999221737611 ) ) ;
#5242 = ORIENTED_EDGE ( 'NONE', *, *, #4430, .F. ) ;
#5243 = LINE ( 'NONE', #1432, #821 ) ;
#5244 = LINE ( 'NONE', #103, #5324 ) ;
#5245 = VECTOR ( 'NONE', #3641, 1000.000000000000000 ) ;
#5246 = ORIENTED_EDGE ( 'NONE', *, *, #1979, .T. ) ;
#5247 = AXIS2_PLACEMENT_3D ( 'NONE', #300, #4988, #277 ) ;
#5248 = CYLINDRICAL_SURFACE ( 'NONE', #2361, 0.5000000000000073275 ) ;
#5249 = CARTESIAN_POINT ( 'NONE',  ( -23.93708581463721785, 0.000000000000000000, 2.115384648866358575 ) ) ;
#5250 = DIRECTION ( 'NONE',  ( 0.000000000000000000, 0.000000000000000000, 1.000000000000000000 ) ) ;
#5251 = CARTESIAN_POINT ( 'NONE',  ( 22.20373856994361006, 0.000000000000000000, 11.48886389150807474 ) ) ;
#5252 = CARTESIAN_POINT ( 'NONE',  ( 19.71448070373823214, 1.000000000000000000, 15.37332919643409213 ) ) ;
#5253 = LINE ( 'NONE', #1029, #1374 ) ;
#5254 = EDGE_CURVE ( 'NONE', #4752, #4264, #1620, .T. ) ;
#5255 = CARTESIAN_POINT ( 'NONE',  ( -23.86925808733212406, 3.000000000000000000, 7.433607358498961482 ) ) ;
#5256 = EDGE_LOOP ( 'NONE', ( #3077, #2822, #2030, #319, #4179, #2599 ) ) ;
#5257 = CARTESIAN_POINT ( 'NONE',  ( -3.797716754255997529, 4.500000000000000000, 5.355429563995171449 ) ) ;
#5258 = B_SPLINE_SURFACE_WITH_KNOTS ( 'NONE', 3, 1, ( 
 ( #4138, #314 ),
 ( #370, #3781 ),
 ( #262, #3865 ),
 ( #4751, #855 ) ),
 .UNSPECIFIED., .F., .F., .F.,
 ( 4, 4 ),
 ( 2, 2 ),
 ( 0.000000000000000000, 0.4834672425474226265 ),
 ( 0.000000000000000000, 1.000000000000000000 ),
 .UNSPECIFIED. ) ;
#5259 = LINE ( 'NONE', #1422, #3776 ) ;
#5260 = EDGE_CURVE ( 'NONE', #377, #4070, #1201, .T. ) ;
#5261 = DIRECTION ( 'NONE',  ( -0.000000000000000000, -1.000000000000000000, -0.000000000000000000 ) ) ;
#5262 = EDGE_CURVE ( 'NONE', #1398, #4486, #1214, .T. ) ;
#5263 = ORIENTED_EDGE ( 'NONE', *, *, #633, .T. ) ;
#5264 = AXIS2_PLACEMENT_3D ( 'NONE', #174, #1059, #1858 ) ;
#5265 = VERTEX_POINT ( 'NONE', #1839 ) ;
#5266 = AXIS2_PLACEMENT_3D ( 'NONE', #2210, #1448, #3153 ) ;
#5267 = CARTESIAN_POINT ( 'NONE',  ( -12.18834315404476420, 3.000000000000000000, -7.321998336348686465 ) ) ;
#5268 = ORIENTED_EDGE ( 'NONE', *, *, #3052, .T. ) ;
#5269 = CARTESIAN_POINT ( 'NONE',  ( -8.252979104027209800, 0.000000000000000000, -2.878459318410577339 ) ) ;
#5270 = LINE ( 'NONE', #1410, #1954 ) ;
#5271 = EDGE_CURVE ( 'NONE', #3239, #302, #5196, .T. ) ;
#5272 = VECTOR ( 'NONE', #4889, 1000.000000000000000 ) ;
#5273 = ORIENTED_EDGE ( 'NONE', *, *, #5340, .F. ) ;
#5274 = DIRECTION ( 'NONE',  ( 0.000000000000000000, 0.000000000000000000, -1.000000000000000000 ) ) ;
#5275 = FACE_OUTER_BOUND ( 'NONE', #3550, .T. ) ;
#5276 = CARTESIAN_POINT ( 'NONE',  ( 24.11833871011812036, 1.000000000000000000, 6.580709525957724182 ) ) ;
#5277 = CYLINDRICAL_SURFACE ( 'NONE', #208, 1.000000000000000888 ) ;
#5278 = CARTESIAN_POINT ( 'NONE',  ( 9.132379896515594453, 0.000000000000000000, 20.53475216635451162 ) ) ;
#5279 = B_SPLINE_CURVE_WITH_KNOTS ( 'NONE', 3,
 ( #3737, #771, #3040, #82, #1391 ),
 .UNSPECIFIED., .F., .F.,
 ( 4, 1, 4 ),
 ( 0.000000000000000000, 0.4451417035253159016, 0.9143510527163571933 ),
 .UNSPECIFIED. ) ;
#5280 = EDGE_CURVE ( 'NONE', #483, #4384, #3530, .T. ) ;
#5281 = LINE ( 'NONE', #4474, #3076 ) ;
#5282 = ORIENTED_EDGE ( 'NONE', *, *, #5008, .T. ) ;
#5283 = ADVANCED_FACE ( 'NONE', ( #945 ), #3450, .T. ) ;
#5284 = CARTESIAN_POINT ( 'NONE',  ( -5.459746674439639236, 0.000000000000000000, 2.264445607203656508 ) ) ;
#5285 = VECTOR ( 'NONE', #2595, 1000.000000000000000 ) ;
#5286 = CARTESIAN_POINT ( 'NONE',  ( -4.578259486569354664, 0.000000000000000000, 6.214183815979186676 ) ) ;
#5287 = DIRECTION ( 'NONE',  ( 3.469446951953611033E-15, 0.000000000000000000, 1.000000000000000000 ) ) ;
#5288 = EDGE_LOOP ( 'NONE', ( #4438, #3207, #2427, #3882 ) ) ;
#5289 = EDGE_CURVE ( 'NONE', #5170, #842, #90, .T. ) ;
#5290 = DIRECTION ( 'NONE',  ( 0.000000000000000000, -0.000000000000000000, 1.000000000000000000 ) ) ;
#5291 = DIRECTION ( 'NONE',  ( -0.8944271909999164105, 0.000000000000000000, 0.4472135954999570395 ) ) ;
#5292 = DIRECTION ( 'NONE',  ( 0.000000000000000000, 0.000000000000000000, 1.000000000000000000 ) ) ;
#5293 = ORIENTED_EDGE ( 'NONE', *, *, #3528, .T. ) ;
#5294 = LINE ( 'NONE', #4387, #4589 ) ;
#5295 = CIRCLE ( 'NONE', #1120, 3.499999999999999556 ) ;
#5296 = CARTESIAN_POINT ( 'NONE',  ( 6.315518787915254784, 0.000000000000000000, -0.7372257115535585381 ) ) ;
#5297 = B_SPLINE_SURFACE_WITH_KNOTS ( 'NONE', 3, 1, ( 
 ( #2368, #4085 ),
 ( #3676, #5368 ),
 ( #1543, #4954 ),
 ( #1570, #4815 ) ),
 .UNSPECIFIED., .F., .F., .F.,
 ( 4, 4 ),
 ( 2, 2 ),
 ( 0.000000000000000000, 0.7575364683211203154 ),
 ( 0.000000000000000000, 1.000000000000000000 ),
 .UNSPECIFIED. ) ;
#5298 = LINE ( 'NONE', #402, #1958 ) ;
#5299 = CARTESIAN_POINT ( 'NONE',  ( -23.56505256017154437, 3.000000000000000000, -1.725794036345155158 ) ) ;
#5300 = CARTESIAN_POINT ( 'NONE',  ( 0.000000000000000000, 5.000000000000000000, 0.000000000000000000 ) ) ;
#5301 = CARTESIAN_POINT ( 'NONE',  ( -7.550661286023191643, 3.000000000000000000, -1.512571300144474273 ) ) ;
#5302 = ORIENTED_EDGE ( 'NONE', *, *, #894, .T. ) ;
#5303 = EDGE_CURVE ( 'NONE', #4088, #5394, #4305, .T. ) ;
#5304 = CARTESIAN_POINT ( 'NONE',  ( 0.000000000000000000, 4.500000000000000000, 0.000000000000000000 ) ) ;
#5305 = DIRECTION ( 'NONE',  ( 0.000000000000000000, 1.000000000000000000, 0.000000000000000000 ) ) ;
#5306 = CARTESIAN_POINT ( 'NONE',  ( 24.24816842563832964, 3.000000000000000000, -0.6772755380457134988 ) ) ;
#5307 = ORIENTED_EDGE ( 'NONE', *, *, #3663, .T. ) ;
#5308 = VECTOR ( 'NONE', #5479, 1000.000000000000000 ) ;
#5309 = DIRECTION ( 'NONE',  ( -0.000000000000000000, -1.000000000000000000, -0.000000000000000000 ) ) ;
#5310 = ORIENTED_EDGE ( 'NONE', *, *, #5222, .F. ) ;
#5311 = DIRECTION ( 'NONE',  ( 0.000000000000000000, 0.000000000000000000, -1.000000000000000000 ) ) ;
#5312 = AXIS2_PLACEMENT_3D ( 'NONE', #892, #1001, #4397 ) ;
#5313 = EDGE_CURVE ( 'NONE', #4544, #3789, #1934, .T. ) ;
#5314 = CARTESIAN_POINT ( 'NONE',  ( -6.729435140960856820, 3.000000000000000000, -5.963253377347656148 ) ) ;
#5315 = VERTEX_POINT ( 'NONE', #3557 ) ;
#5316 = FACE_OUTER_BOUND ( 'NONE', #4386, .T. ) ;
#5317 = EDGE_LOOP ( 'NONE', ( #4213, #683, #663, #4061, #2903 ) ) ;
#5318 = ORIENTED_EDGE ( 'NONE', *, *, #3981, .T. ) ;
#5319 = PLANE ( 'NONE',  #2691 ) ;
#5320 = LINE ( 'NONE', #2326, #1154 ) ;
#5321 = EDGE_CURVE ( 'NONE', #5086, #5335, #1021, .T. ) ;
#5322 = CARTESIAN_POINT ( 'NONE',  ( -5.119735382501088061, 0.000000000000000000, 1.044499255121541514 ) ) ;
#5323 = EDGE_CURVE ( 'NONE', #3377, #4302, #2167, .T. ) ;
#5324 = VECTOR ( 'NONE', #993, 1000.000000000000000 ) ;
#5325 = ADVANCED_FACE ( 'NONE', ( #2713 ), #1411, .T. ) ;
#5326 = DIRECTION ( 'NONE',  ( 0.000000000000000000, 1.000000000000000000, 0.000000000000000000 ) ) ;
#5327 = CARTESIAN_POINT ( 'NONE',  ( -24.99090489231199896, 3.000000000000000000, 0.6742941964872303240 ) ) ;
#5328 = DIRECTION ( 'NONE',  ( -0.000000000000000000, -1.000000000000000000, -0.000000000000000000 ) ) ;
#5329 = PLANE ( 'NONE',  #3567 ) ;
#5330 = EDGE_LOOP ( 'NONE', ( #3999, #4670, #2082, #5425 ) ) ;
#5331 = AXIS2_PLACEMENT_3D ( 'NONE', #1925, #3735, #3621 ) ;
#5332 = CIRCLE ( 'NONE', #2941, 17.07637162759059635 ) ;
#5333 = LINE ( 'NONE', #4477, #2939 ) ;
#5334 = CARTESIAN_POINT ( 'NONE',  ( 5.178944678843139471, 4.500000000000000000, 8.105152621701877891 ) ) ;
#5335 = VERTEX_POINT ( 'NONE', #540 ) ;
#5336 = ORIENTED_EDGE ( 'NONE', *, *, #5398, .F. ) ;
#5337 = CIRCLE ( 'NONE', #541, 2.999999999999999112 ) ;
#5338 = DIRECTION ( 'NONE',  ( -0.000000000000000000, -1.000000000000000000, -0.000000000000000000 ) ) ;
#5339 = ORIENTED_EDGE ( 'NONE', *, *, #2900, .T. ) ;
#5340 = EDGE_CURVE ( 'NONE', #1092, #4317, #1332, .T. ) ;
#5341 = ADVANCED_FACE ( 'NONE', ( #2224 ), #3116, .T. ) ;
#5342 = CIRCLE ( 'NONE', #2956, 3.500000000000007105 ) ;
#5343 = FACE_OUTER_BOUND ( 'NONE', #3288, .T. ) ;
#5344 = EDGE_CURVE ( 'NONE', #3208, #2724, #5244, .T. ) ;
#5345 = ORIENTED_EDGE ( 'NONE', *, *, #2043, .T. ) ;
#5346 = ORIENTED_EDGE ( 'NONE', *, *, #338, .F. ) ;
#5347 = AXIS2_PLACEMENT_3D ( 'NONE', #1916, #2760, #1591 ) ;
#5348 = VECTOR ( 'NONE', #4734, 1000.000000000000000 ) ;
#5349 = AXIS2_PLACEMENT_3D ( 'NONE', #334, #5022, #695 ) ;
#5350 = EDGE_CURVE ( 'NONE', #5335, #127, #2603, .T. ) ;
#5351 = LINE ( 'NONE', #4159, #4909 ) ;
#5352 = VECTOR ( 'NONE', #2694, 1000.000000000000000 ) ;
#5353 = DIRECTION ( 'NONE',  ( -0.000000000000000000, -1.000000000000000000, 0.000000000000000000 ) ) ;
#5354 = CARTESIAN_POINT ( 'NONE',  ( 24.24816842563833319, 0.000000000000000000, -7.128324400912892322 ) ) ;
#5355 = CARTESIAN_POINT ( 'NONE',  ( -5.952018012667713798, 0.000000000000000000, 1.112664747935323550 ) ) ;
#5356 = VERTEX_POINT ( 'NONE', #3897 ) ;
#5357 = VERTEX_POINT ( 'NONE', #1433 ) ;
#5358 = DIRECTION ( 'NONE',  ( -0.000000000000000000, -1.000000000000000000, -0.000000000000000000 ) ) ;
#5359 = EDGE_CURVE ( 'NONE', #2777, #4952, #5220, .T. ) ;
#5360 = CARTESIAN_POINT ( 'NONE',  ( -1.029131094277796477, 4.500000000000000000, 9.300529062093231047 ) ) ;
#5361 = CARTESIAN_POINT ( 'NONE',  ( 0.000000000000000000, 1.500000000000000000, 0.000000000000000000 ) ) ;
#5362 = CARTESIAN_POINT ( 'NONE',  ( -10.55771016716183652, 5.000000000000000000, -22.55306836685225846 ) ) ;
#5363 = ADVANCED_FACE ( 'NONE', ( #1759 ), #357, .F. ) ;
#5364 = DIRECTION ( 'NONE',  ( 0.000000000000000000, 1.000000000000000000, 0.000000000000000000 ) ) ;
#5365 = ORIENTED_EDGE ( 'NONE', *, *, #3804, .T. ) ;
#5366 = VECTOR ( 'NONE', #2927, 1000.000000000000000 ) ;
#5367 = ORIENTED_EDGE ( 'NONE', *, *, #526, .F. ) ;
#5368 = CARTESIAN_POINT ( 'NONE',  ( -4.898108026437780538, 0.000000000000000000, 7.650879118650912858 ) ) ;
#5369 = CARTESIAN_POINT ( 'NONE',  ( 5.178944678843139471, 4.500000000000000000, 8.105152621701877891 ) ) ;
#5370 = AXIS2_PLACEMENT_3D ( 'NONE', #908, #452, #4242 ) ;
#5371 = DIRECTION ( 'NONE',  ( -0.000000000000000000, -1.000000000000000000, -0.000000000000000000 ) ) ;
#5372 = ORIENTED_EDGE ( 'NONE', *, *, #4767, .F. ) ;
#5373 = VECTOR ( 'NONE', #4396, 1000.000000000000000 ) ;
#5374 = CARTESIAN_POINT ( 'NONE',  ( 7.580300352123009233, 2.500000000000000000, -1.443461400659377015E-15 ) ) ;
#5375 = VERTEX_POINT ( 'NONE', #4441 ) ;
#5376 = UNCERTAINTY_MEASURE_WITH_UNIT (LENGTH_MEASURE( 1.000000000000000082E-05 ), #999, 'distance_accuracy_value', 'NONE');
#5377 = VERTEX_POINT ( 'NONE', #2388 ) ;
#5378 = ORIENTED_EDGE ( 'NONE', *, *, #1196, .F. ) ;
#5379 = EDGE_CURVE ( 'NONE', #5335, #1794, #401, .T. ) ;
#5380 = CARTESIAN_POINT ( 'NONE',  ( -10.99761475746024608, 5.000000000000000000, -22.45111288213777456 ) ) ;
#5381 = DIRECTION ( 'NONE',  ( 0.000000000000000000, 1.000000000000000000, 0.000000000000000000 ) ) ;
#5382 = CARTESIAN_POINT ( 'NONE',  ( -24.49963954926279186, 3.000000000000000000, -2.799928718192294053 ) ) ;
#5383 = CARTESIAN_POINT ( 'NONE',  ( 11.43590431189925916, 3.000000000000000000, -11.68990479761204071 ) ) ;
#5384 = ORIENTED_EDGE ( 'NONE', *, *, #1091, .T. ) ;
#5385 = DIRECTION ( 'NONE',  ( -1.000000000000000000, 0.000000000000000000, 0.000000000000000000 ) ) ;
#5386 = FACE_OUTER_BOUND ( 'NONE', #2436, .T. ) ;
#5387 = DIRECTION ( 'NONE',  ( 4.499226305591503702E-16, -0.000000000000000000, 1.000000000000000000 ) ) ;
#5388 = FACE_OUTER_BOUND ( 'NONE', #4162, .T. ) ;
#5389 = CIRCLE ( 'NONE', #756, 3.182671588916524463 ) ;
#5390 = DIRECTION ( 'NONE',  ( 1.000000000000000000, 0.000000000000000000, 0.000000000000000000 ) ) ;
#5391 = ORIENTED_EDGE ( 'NONE', *, *, #1012, .F. ) ;
#5392 = LINE ( 'NONE', #3731, #2465 ) ;
#5393 = EDGE_CURVE ( 'NONE', #2620, #5499, #4992, .T. ) ;
#5394 = VERTEX_POINT ( 'NONE', #257 ) ;
#5395 = ORIENTED_EDGE ( 'NONE', *, *, #678, .T. ) ;
#5396 = FACE_OUTER_BOUND ( 'NONE', #100, .T. ) ;
#5397 = DIRECTION ( 'NONE',  ( 0.000000000000000000, 0.000000000000000000, 1.000000000000000000 ) ) ;
#5398 = EDGE_CURVE ( 'NONE', #2195, #2533, #1888, .T. ) ;
#5399 = VERTEX_POINT ( 'NONE', #2297 ) ;
#5400 = ORIENTED_EDGE ( 'NONE', *, *, #74, .T. ) ;
#5401 = AXIS2_PLACEMENT_3D ( 'NONE', #580, #5305, #1490 ) ;
#5402 = CARTESIAN_POINT ( 'NONE',  ( 7.664706846895688486, 1.000000000000000000, 9.666371890211488349 ) ) ;
#5403 = ORIENTED_EDGE ( 'NONE', *, *, #5095, .F. ) ;
#5404 = CARTESIAN_POINT ( 'NONE',  ( -24.82274514033612078, 3.000000000000000000, -2.971754313182660034 ) ) ;
#5405 = VERTEX_POINT ( 'NONE', #4025 ) ;
#5406 = ORIENTED_EDGE ( 'NONE', *, *, #2194, .F. ) ;
#5407 = VECTOR ( 'NONE', #5497, 999.9999999999998863 ) ;
#5408 = CARTESIAN_POINT ( 'NONE',  ( -3.797716754255997529, 4.500000000000000000, 5.355429563995171449 ) ) ;
#5409 = VECTOR ( 'NONE', #1403, 1000.000000000000000 ) ;
#5410 = FACE_BOUND ( 'NONE', #4656, .T. ) ;
#5411 = APPLICATION_PROTOCOL_DEFINITION ( 'draft international standard', 'automotive_design', 1998, #3246 ) ;
#5412 = EDGE_CURVE ( 'NONE', #2288, #333, #2730, .T. ) ;
#5413 = LINE ( 'NONE', #3244, #3800 ) ;
#5414 = ORIENTED_EDGE ( 'NONE', *, *, #2711, .F. ) ;
#5415 = DIRECTION ( 'NONE',  ( 1.000000000000000000, 0.000000000000000000, 0.000000000000000000 ) ) ;
#5416 = FACE_OUTER_BOUND ( 'NONE', #3416, .T. ) ;
#5417 = LINE ( 'NONE', #734, #570 ) ;
#5418 = ORIENTED_EDGE ( 'NONE', *, *, #2933, .T. ) ;
#5419 = CIRCLE ( 'NONE', #984, 25.00000000000000000 ) ;
#5420 = CARTESIAN_POINT ( 'NONE',  ( -14.30522586326296519, 3.000000000000000000, -9.350571778467759998 ) ) ;
#5421 = ORIENTED_EDGE ( 'NONE', *, *, #2807, .T. ) ;
#5422 = DIRECTION ( 'NONE',  ( 0.000000000000000000, 1.000000000000000000, 0.000000000000000000 ) ) ;
#5423 = EDGE_CURVE ( 'NONE', #3765, #4773, #1069, .T. ) ;
#5424 = FACE_OUTER_BOUND ( 'NONE', #1280, .T. ) ;
#5425 = ORIENTED_EDGE ( 'NONE', *, *, #2553, .F. ) ;
#5426 = ORIENTED_EDGE ( 'NONE', *, *, #3456, .T. ) ;
#5427 = CARTESIAN_POINT ( 'NONE',  ( 21.87057429237682271, 0.000000000000000000, 11.26607252673271198 ) ) ;
#5428 = ORIENTED_EDGE ( 'NONE', *, *, #1171, .T. ) ;
#5429 = LINE ( 'NONE', #2889, #1144 ) ;
#5430 = ADVANCED_FACE ( 'NONE', ( #3637 ), #4049, .T. ) ;
#5431 = ORIENTED_EDGE ( 'NONE', *, *, #4531, .T. ) ;
#5432 = VERTEX_POINT ( 'NONE', #287 ) ;
#5433 = ORIENTED_EDGE ( 'NONE', *, *, #5254, .F. ) ;
#5434 = DIRECTION ( 'NONE',  ( 0.000000000000000000, 1.000000000000000000, 0.000000000000000000 ) ) ;
#5435 = CARTESIAN_POINT ( 'NONE',  ( 7.826211729580048626, 4.500000000000000000, 9.940907083273062383 ) ) ;
#5436 = CARTESIAN_POINT ( 'NONE',  ( 11.43590431189925916, 0.000000000000000000, -11.68990479761204071 ) ) ;
#5437 = VECTOR ( 'NONE', #1763, 1000.000000000000000 ) ;
#5438 = ORIENTED_EDGE ( 'NONE', *, *, #5502, .T. ) ;
#5439 = VECTOR ( 'NONE', #4182, 1000.000000000000000 ) ;
#5440 = CARTESIAN_POINT ( 'NONE',  ( 9.376308656998752156, 1.000000000000000000, 15.33150190844853533 ) ) ;
#5441 = CARTESIAN_POINT ( 'NONE',  ( -22.54897516563732296, 0.000000000000000000, -6.938466696431103031 ) ) ;
#5442 = CARTESIAN_POINT ( 'NONE',  ( 8.181993972800986725, 0.000000000000000000, 21.33543234661983590 ) ) ;
#5443 = DIRECTION ( 'NONE',  ( -0.000000000000000000, -1.000000000000000000, -0.000000000000000000 ) ) ;
#5444 = CIRCLE ( 'NONE', #30, 25.00000000000000000 ) ;
#5445 = ORIENTED_EDGE ( 'NONE', *, *, #4343, .T. ) ;
#5446 = DIRECTION ( 'NONE',  ( -0.000000000000000000, -1.000000000000000000, -0.000000000000000000 ) ) ;
#5447 = ORIENTED_EDGE ( 'NONE', *, *, #2807, .F. ) ;
#5448 = ORIENTED_EDGE ( 'NONE', *, *, #4798, .T. ) ;
#5449 = EDGE_CURVE ( 'NONE', #2728, #4571, #1913, .T. ) ;
#5450 = LINE ( 'NONE', #3010, #1666 ) ;
#5451 = DIRECTION ( 'NONE',  ( -0.000000000000000000, -1.000000000000000000, -0.000000000000000000 ) ) ;
#5452 = EDGE_CURVE ( 'NONE', #4099, #1385, #5320, .T. ) ;
#5453 = EDGE_LOOP ( 'NONE', ( #1628, #3323, #4928, #3252 ) ) ;
#5454 = CARTESIAN_POINT ( 'NONE',  ( -7.550661286023191643, 3.000000000000000000, 0.6557043731701388545 ) ) ;
#5455 = ORIENTED_EDGE ( 'NONE', *, *, #4860, .F. ) ;
#5456 = CIRCLE ( 'NONE', #3068, 5.000000000000004441 ) ;
#5457 = CARTESIAN_POINT ( 'NONE',  ( 5.276097604297325994, 4.500000000000000000, 20.44680296371656780 ) ) ;
#5458 = CIRCLE ( 'NONE', #1539, 3.500000000000004885 ) ;
#5459 = DIRECTION ( 'NONE',  ( 0.000000000000000000, 1.000000000000000000, 0.000000000000000000 ) ) ;
#5460 = ORIENTED_EDGE ( 'NONE', *, *, #2117, .T. ) ;
#5461 = EDGE_CURVE ( 'NONE', #421, #4687, #1503, .T. ) ;
#5462 = ORIENTED_EDGE ( 'NONE', *, *, #2560, .F. ) ;
#5463 = AXIS2_PLACEMENT_3D ( 'NONE', #5044, #4209, #387 ) ;
#5464 = ORIENTED_EDGE ( 'NONE', *, *, #1401, .F. ) ;
#5465 = LINE ( 'NONE', #1970, #1522 ) ;
#5466 = DIRECTION ( 'NONE',  ( -0.000000000000000000, -1.000000000000000000, -0.000000000000000000 ) ) ;
#5467 = CARTESIAN_POINT ( 'NONE',  ( 15.38644397594097413, 1.000000000000000000, 19.70424679543041790 ) ) ;
#5468 = CARTESIAN_POINT ( 'NONE',  ( -2.545144991300694048, 4.000000000000000000, -21.85228219141554717 ) ) ;
#5469 = ORIENTED_EDGE ( 'NONE', *, *, #2263, .T. ) ;
#5470 = ORIENTED_EDGE ( 'NONE', *, *, #4950, .T. ) ;
#5471 = CARTESIAN_POINT ( 'NONE',  ( 0.000000000000000000, 3.000000000000000000, 0.000000000000000000 ) ) ;
#5472 = CARTESIAN_POINT ( 'NONE',  ( -16.70881255193826220, 0.000000000000000000, -7.047254688085166308 ) ) ;
#5473 = CARTESIAN_POINT ( 'NONE',  ( 12.84264234737957899, 1.000000000000000000, 17.35168294851037984 ) ) ;
#5474 = DIRECTION ( 'NONE',  ( 1.000000000000000000, 0.000000000000000000, 0.000000000000000000 ) ) ;
#5475 = DIRECTION ( 'NONE',  ( 0.000000000000000000, 0.000000000000000000, 1.000000000000000000 ) ) ;
#5476 = ORIENTED_EDGE ( 'NONE', *, *, #390, .T. ) ;
#5477 = ORIENTED_EDGE ( 'NONE', *, *, #3434, .T. ) ;
#5478 = VECTOR ( 'NONE', #4830, 1000.000000000000000 ) ;
#5479 = DIRECTION ( 'NONE',  ( 0.000000000000000000, 1.000000000000000000, 0.000000000000000000 ) ) ;
#5480 = CARTESIAN_POINT ( 'NONE',  ( 0.000000000000000000, 5.000000000000000000, 0.000000000000000000 ) ) ;
#5481 = DIRECTION ( 'NONE',  ( -0.000000000000000000, -1.000000000000000000, -0.000000000000000000 ) ) ;
#5482 = ORIENTED_EDGE ( 'NONE', *, *, #3722, .T. ) ;
#5483 = EDGE_CURVE ( 'NONE', #3527, #3350, #667, .T. ) ;
#5484 = ORIENTED_EDGE ( 'NONE', *, *, #4058, .F. ) ;
#5485 = CARTESIAN_POINT ( 'NONE',  ( -23.08483537706514710, 0.000000000000000000, 7.607344739082396501 ) ) ;
#5486 = DIRECTION ( 'NONE',  ( 0.000000000000000000, 1.000000000000000000, 0.000000000000000000 ) ) ;
#5487 = ORIENTED_EDGE ( 'NONE', *, *, #1493, .T. ) ;
#5488 = CARTESIAN_POINT ( 'NONE',  ( -6.784723009638948810, 4.500000000000000000, -17.98453496792459916 ) ) ;
#5489 = EDGE_LOOP ( 'NONE', ( #4831, #809, #4977, #1346 ) ) ;
#5490 = AXIS2_PLACEMENT_3D ( 'NONE', #5480, #3484, #1738 ) ;
#5491 = ORIENTED_EDGE ( 'NONE', *, *, #2733, .T. ) ;
#5492 = ORIENTED_EDGE ( 'NONE', *, *, #225, .T. ) ;
#5493 = DIRECTION ( 'NONE',  ( 0.000000000000000000, 1.000000000000000000, -0.000000000000000000 ) ) ;
#5494 = EDGE_CURVE ( 'NONE', #2728, #2929, #3270, .T. ) ;
#5495 = FACE_OUTER_BOUND ( 'NONE', #360, .T. ) ;
#5496 =( NAMED_UNIT ( * ) SI_UNIT ( $, .STERADIAN. ) SOLID_ANGLE_UNIT ( ) );
#5497 = DIRECTION ( 'NONE',  ( 0.4740998230350201847, 0.000000000000000000, -0.8804710999221738721 ) ) ;
#5498 = CARTESIAN_POINT ( 'NONE',  ( -19.29121935362093510, 3.000000000000000000, -3.160283313392068916 ) ) ;
#5499 = VERTEX_POINT ( 'NONE', #1972 ) ;
#5500 = AXIS2_PLACEMENT_3D ( 'NONE', #3874, #379, #1737 ) ;
#5501 = AXIS2_PLACEMENT_3D ( 'NONE', #784, #1239, #4724 ) ;
#5502 = EDGE_CURVE ( 'NONE', #5315, #1994, #1123, .T. ) ;
#5503 = CARTESIAN_POINT ( 'NONE',  ( -2.897167792994918667, 1.000000000000000000, -0.6772755380457134988 ) ) ;
#5504 = CARTESIAN_POINT ( 'NONE',  ( -20.83047676592300945, 0.000000000000000000, -2.753438442757897509 ) ) ;
#5505 = CARTESIAN_POINT ( 'NONE',  ( -0.4515270255709274982, 0.000000000000000000, 4.329264713865081049 ) ) ;
#5506 = EDGE_CURVE ( 'NONE', #5078, #658, #3290, .T. ) ;
#5507 = CARTESIAN_POINT ( 'NONE',  ( -2.151234503969867706, 4.500000000000000000, -1.213259672218396368 ) ) ;
#5508 = ORIENTED_EDGE ( 'NONE', *, *, #395, .F. ) ;
#5509 = DIRECTION ( 'NONE',  ( 1.000000000000000000, 0.000000000000000000, 0.000000000000000000 ) ) ;
#5510 = CARTESIAN_POINT ( 'NONE',  ( 10.66798483321305646, 1.000000000000000000, 6.679563018711476730 ) ) ;
#5511 = ORIENTED_EDGE ( 'NONE', *, *, #154, .F. ) ;
ENDSEC;
END-ISO-10303-21;
