ISO-10303-21;
HEADER;
FILE_DESCRIPTION (( 'STEP AP214' ),
    '1' );
FILE_NAME ('Ä¾ÉÚ-¹¤³ÌÊµ¼ù.STEP',
    '2026-08-19T07:08:53',
    ( '' ),
    ( '' ),
    'SwSTEP 2.0',
    'SolidWorks 2025',
    '' );
FILE_SCHEMA (( 'AUTOMOTIVE_DESIGN' ));
ENDSEC;

DATA;
#1 = CIRCLE ( 'NONE', #2356, 0.09999999999999997780 ) ;
#2 = ORIENTED_EDGE ( 'NONE', *, *, #1195, .F. ) ;
#3 = CARTESIAN_POINT ( 'NONE',  ( 4.141304585334477650, 5.164328506879640734, 17.88947988393924859 ) ) ;
#4 = LINE ( 'NONE', #302, #1472 ) ;
#5 = ADVANCED_FACE ( 'NONE', ( #1302 ), #1386, .T. ) ;
#6 = EDGE_LOOP ( 'NONE', ( #1219, #1763, #4057, #2930, #1642, #1039 ) ) ;
#7 = CARTESIAN_POINT ( 'NONE',  ( -4.245315091801694862, 4.454759417628457285, 17.93312623052256782 ) ) ;
#8 = DIRECTION ( 'NONE',  ( 0.000000000000000000, 1.000000000000000000, -0.000000000000000000 ) ) ;
#9 = CARTESIAN_POINT ( 'NONE',  ( 0.000000000000000000, 3.000000000000000000, 54.00000000000000000 ) ) ;
#10 = CARTESIAN_POINT ( 'NONE',  ( -12.65137628346032450, 3.000000000000000000, 23.90251813119696322 ) ) ;
#11 = CARTESIAN_POINT ( 'NONE',  ( 4.345311275553447317, 2.000000000000000000, 17.93225259725469911 ) ) ;
#12 = VERTEX_POINT ( 'NONE', #1055 ) ;
#13 = ADVANCED_FACE ( 'NONE', ( #3612 ), #1323, .T. ) ;
#14 = DIRECTION ( 'NONE',  ( -0.000000000000000000, -1.000000000000000000, -0.000000000000000000 ) ) ;
#15 = CARTESIAN_POINT ( 'NONE',  ( -4.226527073460732531, 4.559190849303463189, 17.92027343432358677 ) ) ;
#16 = EDGE_LOOP ( 'NONE', ( #2313, #1703, #2, #4159 ) ) ;
#17 = CARTESIAN_POINT ( 'NONE',  ( -4.245496171131875940, 4.464299617980695523, 17.93696320155559931 ) ) ;
#18 = EDGE_CURVE ( 'NONE', #2797, #3176, #3377, .T. ) ;
#19 = ORIENTED_EDGE ( 'NONE', *, *, #2737, .F. ) ;
#20 = CARTESIAN_POINT ( 'NONE',  ( 10.50000000000000533, 0.000000000000000000, 54.00000000000000000 ) ) ;
#21 = CARTESIAN_POINT ( 'NONE',  ( 4.232773887753952913, 4.506030639111143543, 17.91316911507941612 ) ) ;
#22 = CARTESIAN_POINT ( 'NONE',  ( 3.311305838722849781, 2.000000000000000000, 2.000000000000000000 ) ) ;
#23 = ORIENTED_EDGE ( 'NONE', *, *, #360, .T. ) ;
#24 = CARTESIAN_POINT ( 'NONE',  ( -10.50000000000000533, 3.000000000000000000, 54.00000000000000000 ) ) ;
#25 = CARTESIAN_POINT ( 'NONE',  ( -7.671465709712906644, 1.334045016342120249, 16.31761099257133552 ) ) ;
#26 = CARTESIAN_POINT ( 'NONE',  ( 10.01665717295916025, 3.320699637066118370, 22.04751824463685139 ) ) ;
#27 = EDGE_LOOP ( 'NONE', ( #3216, #1767, #2602, #1004 ) ) ;
#28 = DIRECTION ( 'NONE',  ( -0.3812054721353828612, 0.000000000000000000, 0.9244903396001712403 ) ) ;
#29 = CARTESIAN_POINT ( 'NONE',  ( -5.546834667730394131, 0.000000000000000000, 15.15016958239733924 ) ) ;
#30 = CARTESIAN_POINT ( 'NONE',  ( 4.245677250462031260, 5.526160181669787619, 17.94080017258824711 ) ) ;
#31 = CARTESIAN_POINT ( 'NONE',  ( -6.906129898291641034, 4.682517763763059726, 16.74858007475576116 ) ) ;
#32 = CARTESIAN_POINT ( 'NONE',  ( -6.769786965925978173, 5.000000000000000000, 19.81801391644609112 ) ) ;
#33 = ORIENTED_EDGE ( 'NONE', *, *, #3848, .T. ) ;
#34 = EDGE_CURVE ( 'NONE', #510, #2361, #3445, .T. ) ;
#35 = CARTESIAN_POINT ( 'NONE',  ( 7.052828328905353494, 2.000000000000000000, 16.68698554138909884 ) ) ;
#36 = DIRECTION ( 'NONE',  ( 0.3812054721353826392, 3.056762971144853473E-16, -0.9244903396001712403 ) ) ;
#37 = EDGE_LOOP ( 'NONE', ( #2493, #2623, #1225, #3327 ) ) ;
#38 = CARTESIAN_POINT ( 'NONE',  ( 2.396044656054979516, 6.332755372255075343, -7.717599816761361224E-14 ) ) ;
#39 = EDGE_LOOP ( 'NONE', ( #975, #2073, #582, #1959 ) ) ;
#40 = CARTESIAN_POINT ( 'NONE',  ( -12.67655256249267914, 0.7744612644865522810, 23.92024373790852465 ) ) ;
#41 = CARTESIAN_POINT ( 'NONE',  ( -12.65137628346032095, 7.000000000000000000, 23.90251813119695967 ) ) ;
#42 = CARTESIAN_POINT ( 'NONE',  ( -4.178132019865669733, 4.631285738975229549, 17.88253394505285954 ) ) ;
#43 = EDGE_CURVE ( 'NONE', #2754, #2058, #100, .T. ) ;
#44 = EDGE_LOOP ( 'NONE', ( #3889, #2571, #3815 ) ) ;
#45 = CARTESIAN_POINT ( 'NONE',  ( -5.546834667730389690, 0.000000000000000000, 15.15016958239733391 ) ) ;
#46 = CARTESIAN_POINT ( 'NONE',  ( -6.722053469410129069E-15, 6.500000000000000000, 3.934885802130595245 ) ) ;
#47 = CARTESIAN_POINT ( 'NONE',  ( 9.790672109719993799, 3.165048581506648251, 21.88841123964260760 ) ) ;
#48 = ORIENTED_EDGE ( 'NONE', *, *, #3779, .F. ) ;
#49 = CARTESIAN_POINT ( 'NONE',  ( 3.219515708210870741, 5.000000000017759128, 0.06187956703745310649 ) ) ;
#50 = CARTESIAN_POINT ( 'NONE',  ( 4.141304585334477650, 4.835671493120359266, 17.88947988393924859 ) ) ;
#51 = DIRECTION ( 'NONE',  ( 0.9220243030070157664, -0.000000000000000000, -0.3871319990189738824 ) ) ;
#52 = DIRECTION ( 'NONE',  ( -0.000000000000000000, -1.000000000000000000, -0.000000000000000000 ) ) ;
#53 = CARTESIAN_POINT ( 'NONE',  ( 13.50000000000000355, 3.000000000000000000, 25.53785682819067659 ) ) ;
#54 = ORIENTED_EDGE ( 'NONE', *, *, #2895, .T. ) ;
#55 = CARTESIAN_POINT ( 'NONE',  ( -6.751127845765299007, 9.229093463414034915, 16.37911032964136027 ) ) ;
#56 = CARTESIAN_POINT ( 'NONE',  ( -3.311305838722848449, 8.000000000000000000, 2.000000000000000000 ) ) ;
#57 = DIRECTION ( 'NONE',  ( 0.000000000000000000, 1.000000000000000000, -0.000000000000000000 ) ) ;
#58 = EDGE_CURVE ( 'NONE', #2413, #625, #1607, .T. ) ;
#59 = ORIENTED_EDGE ( 'NONE', *, *, #2763, .T. ) ;
#60 = CARTESIAN_POINT ( 'NONE',  ( -4.233609481209434477, 5.505701940980824105, 17.90665726923116097 ) ) ;
#61 = ORIENTED_EDGE ( 'NONE', *, *, #1372, .T. ) ;
#62 = CARTESIAN_POINT ( 'NONE',  ( 4.273649814472300079, 4.215671091479912036, 17.86016526892135658 ) ) ;
#63 = CARTESIAN_POINT ( 'NONE',  ( -1.581281480365414938, 3.500000000000002665, 0.1000000000000000749 ) ) ;
#64 = AXIS2_PLACEMENT_3D ( 'NONE', #24, #86, #1928 ) ;
#65 = ORIENTED_EDGE ( 'NONE', *, *, #3202, .T. ) ;
#66 = EDGE_CURVE ( 'NONE', #555, #3269, #3296, .T. ) ;
#67 = VECTOR ( 'NONE', #2913, 1000.000000000000000 ) ;
#68 = DIRECTION ( 'NONE',  ( -0.05464909359012578433, -0.7689141852106895492, -0.6370121288888925815 ) ) ;
#69 = AXIS2_PLACEMENT_3D ( 'NONE', #56, #1012, #1650 ) ;
#70 = CARTESIAN_POINT ( 'NONE',  ( 10.65269825543565752, 4.753602784086440991, 22.49532922044437200 ) ) ;
#71 = ORIENTED_EDGE ( 'NONE', *, *, #2141, .F. ) ;
#72 = AXIS2_PLACEMENT_3D ( 'NONE', #723, #3918, #750 ) ;
#73 = VECTOR ( 'NONE', #36, 1000.000000000000114 ) ;
#74 = CARTESIAN_POINT ( 'NONE',  ( 4.198227193280071212, 4.839463655979902690, 17.93726951551495929 ) ) ;
#75 = CARTESIAN_POINT ( 'NONE',  ( -5.614316590573305454, 6.526822733401942855, 17.18245390176721088 ) ) ;
#76 = CARTESIAN_POINT ( 'NONE',  ( 7.129886077279083523, 5.000000000000000000, 56.09350212639324695 ) ) ;
#77 = ORIENTED_EDGE ( 'NONE', *, *, #1905, .F. ) ;
#78 = CARTESIAN_POINT ( 'NONE',  ( -6.975911360410282036, 8.644431335178120790, 16.60849435796129825 ) ) ;
#79 = LINE ( 'NONE', #714, #2753 ) ;
#80 = FACE_OUTER_BOUND ( 'NONE', #308, .T. ) ;
#81 = CARTESIAN_POINT ( 'NONE',  ( 4.306598075651553614, 4.095726818497367638, 17.84005016695400059 ) ) ;
#82 = EDGE_LOOP ( 'NONE', ( #2911, #2660, #3715, #3192 ) ) ;
#83 = DIRECTION ( 'NONE',  ( -0.3812054721353829723, 0.000000000000000000, 0.9244903396001712403 ) ) ;
#84 = CARTESIAN_POINT ( 'NONE',  ( 4.162466276140392551, 5.221993619641565942, 17.92412832083669727 ) ) ;
#85 = VERTEX_POINT ( 'NONE', #764 ) ;
#86 = DIRECTION ( 'NONE',  ( -1.000000000000000000, 0.000000000000000000, 0.000000000000000000 ) ) ;
#87 = FACE_OUTER_BOUND ( 'NONE', #2942, .T. ) ;
#88 = CARTESIAN_POINT ( 'NONE',  ( 1.622515602108638211, 5.000000000000000000, 3.934885802130592136 ) ) ;
#89 = ORIENTED_EDGE ( 'NONE', *, *, #821, .F. ) ;
#90 = CARTESIAN_POINT ( 'NONE',  ( -4.200193703299622605, 4.779491884963682935, 17.93386944791020809 ) ) ;
#91 = ADVANCED_FACE ( 'NONE', ( #2036 ), #3280, .F. ) ;
#92 = CARTESIAN_POINT ( 'NONE',  ( -4.245496171131672547, 5.535700382024728583, 17.93696320155323320 ) ) ;
#93 = ADVANCED_FACE ( 'NONE', ( #80 ), #3882, .T. ) ;
#94 = CARTESIAN_POINT ( 'NONE',  ( -5.345831857085953764, 6.521214261380111843, 17.40370521385209912 ) ) ;
#95 = CARTESIAN_POINT ( 'NONE',  ( 11.65137628346031740, -8.673617379884035472E-16, 23.19845830213713711 ) ) ;
#96 = ORIENTED_EDGE ( 'NONE', *, *, #2406, .T. ) ;
#97 = CARTESIAN_POINT ( 'NONE',  ( -6.305281640074456462, 9.747572787568250519, 15.92413924853661911 ) ) ;
#98 = CARTESIAN_POINT ( 'NONE',  ( 7.129886077279083523, 5.000000000000000000, 56.09350212639324695 ) ) ;
#99 = LINE ( 'NONE', #1671, #2894 ) ;
#100 = LINE ( 'NONE', #1632, #2752 ) ;
#101 = CARTESIAN_POINT ( 'NONE',  ( 4.080844307496537482, 5.000000000000000000, -2.026993829245137047 ) ) ;
#102 = ORIENTED_EDGE ( 'NONE', *, *, #1592, .F. ) ;
#103 = CARTESIAN_POINT ( 'NONE',  ( -4.232257905492728511, 5.490676920731111466, 17.91383539852694184 ) ) ;
#104 = CARTESIAN_POINT ( 'NONE',  ( 4.217239918940443033, 5.386863031661261125, 17.92188121812492341 ) ) ;
#105 = ORIENTED_EDGE ( 'NONE', *, *, #3984, .T. ) ;
#106 = CARTESIAN_POINT ( 'NONE',  ( 4.233432341285172207, 5.500276663173689684, 17.91060760568116095 ) ) ;
#107 = CARTESIAN_POINT ( 'NONE',  ( 4.245446616665339512, 4.467672674808016886, 17.93811181096517871 ) ) ;
#108 = CARTESIAN_POINT ( 'NONE',  ( 4.243226582166009564, 5.608995710983522009, 17.82240456721786259 ) ) ;
#109 = CARTESIAN_POINT ( 'NONE',  ( 4.238461598674152064, 5.223212741695211214, 17.94390288777929499 ) ) ;
#110 = ORIENTED_EDGE ( 'NONE', *, *, #1672, .T. ) ;
#111 = CARTESIAN_POINT ( 'NONE',  ( 0.000000000000000000, 10.00000000000000000, 54.00000000000000000 ) ) ;
#112 = ADVANCED_FACE ( 'NONE', ( #2106 ), #4035, .T. ) ;
#113 = CARTESIAN_POINT ( 'NONE',  ( -6.429025329598769822, 10.00000000000000000, 16.05041552830329721 ) ) ;
#114 = EDGE_CURVE ( 'NONE', #3597, #3222, #1588, .T. ) ;
#115 = CARTESIAN_POINT ( 'NONE',  ( 12.25735931288071789, 10.00000000000000178, 25.24622569827201346 ) ) ;
#116 = FACE_OUTER_BOUND ( 'NONE', #640, .T. ) ;
#117 = CARTESIAN_POINT ( 'NONE',  ( 12.89900049010679517, 1.156359802987505070, 25.39681029079042318 ) ) ;
#118 = CARTESIAN_POINT ( 'NONE',  ( 5.546834667730402124, 10.00000000000000000, 15.15016958239733746 ) ) ;
#119 = SPHERICAL_SURFACE ( 'NONE', #3488, 2.000000000000000000 ) ;
#120 = CARTESIAN_POINT ( 'NONE',  ( -3.305163679398800625, 4.750136580522952734, -1.897353801849632760E-16 ) ) ;
#121 = CARTESIAN_POINT ( 'NONE',  ( 12.23716272108722514, 1.999999999999999112, 23.61088700127830009 ) ) ;
#122 = EDGE_LOOP ( 'NONE', ( #2732, #3571, #589, #3710, #1156, #2403, #2918, #1803, #3009, #2254 ) ) ;
#123 = CARTESIAN_POINT ( 'NONE',  ( -4.250627366371627858, 5.407757153926678662, 17.96469222989199821 ) ) ;
#124 = CARTESIAN_POINT ( 'NONE',  ( 4.204345130477914694, 5.274453533997197852, 17.92961743078394221 ) ) ;
#125 = ORIENTED_EDGE ( 'NONE', *, *, #1077, .T. ) ;
#126 = CARTESIAN_POINT ( 'NONE',  ( -4.256196073743650388, 5.681458683614359906, 17.88585087146045538 ) ) ;
#127 = DIRECTION ( 'NONE',  ( 0.000000000000000000, 0.000000000000000000, 1.000000000000000000 ) ) ;
#128 = CARTESIAN_POINT ( 'NONE',  ( 4.225703914767652059, 5.457335335700499890, 17.91630313158386301 ) ) ;
#129 = AXIS2_PLACEMENT_3D ( 'NONE', #1523, #1419, #3088 ) ;
#130 = VECTOR ( 'NONE', #606, 1000.000000000000000 ) ;
#131 = ORIENTED_EDGE ( 'NONE', *, *, #3641, .T. ) ;
#132 = DIRECTION ( 'NONE',  ( -0.000000000000000000, 1.000000000000000000, -0.000000000000000000 ) ) ;
#133 = AXIS2_PLACEMENT_3D ( 'NONE', #4070, #2463, #878 ) ;
#134 = CIRCLE ( 'NONE', #2480, 2.000000000000000000 ) ;
#135 = CARTESIAN_POINT ( 'NONE',  ( -3.245257714997772602, 5.014047359430437112, -3.095115790124620524E-05 ) ) ;
#136 = CARTESIAN_POINT ( 'NONE',  ( -4.245219120058532525, 4.469165353544688024, 17.92214138355283382 ) ) ;
#137 = TOROIDAL_SURFACE ( 'NONE', #3366, 2.099999999999998312, 2.000000000000000000 ) ;
#138 = CIRCLE ( 'NONE', #1870, 2.000000000000000000 ) ;
#139 = DIRECTION ( 'NONE',  ( -0.9858558466698175149, 0.000000000000000000, -0.1675954939338688277 ) ) ;
#140 = ADVANCED_FACE ( 'NONE', ( #3398 ), #2748, .T. ) ;
#141 = CARTESIAN_POINT ( 'NONE',  ( -7.544056046598378806, 8.644431335178207831, 15.57452569273075937 ) ) ;
#142 = DIRECTION ( 'NONE',  ( 0.000000000000000000, 0.000000000000000000, 1.000000000000000000 ) ) ;
#143 = CARTESIAN_POINT ( 'NONE',  ( -1.803884783017611459, 3.400000000009895551, -1.761828530288944705E-16 ) ) ;
#144 = CARTESIAN_POINT ( 'NONE',  ( 3.311305838722849781, 5.044148021984110386, -1.761828530288944705E-16 ) ) ;
#145 = EDGE_CURVE ( 'NONE', #2325, #2270, #3168, .T. ) ;
#146 = ORIENTED_EDGE ( 'NONE', *, *, #3069, .T. ) ;
#147 = CYLINDRICAL_SURFACE ( 'NONE', #2203, 1.999999999999999778 ) ;
#148 = CARTESIAN_POINT ( 'NONE',  ( 4.222745643690577921, 5.476464538748155420, 17.90741415807154979 ) ) ;
#149 =( BOUNDED_SURFACE ( )  B_SPLINE_SURFACE ( 3, 2, ( 
 ( #2675, #4004, #849 ),
 ( #917, #4083, #3095 ),
 ( #255, #2178, #2501 ),
 ( #2459, #1860, #897 ),
 ( #235, #193, #1162 ),
 ( #2442, #2117, #3462 ),
 ( #1528, #1182, #592 ),
 ( #2519, #3114, #3157 ),
 ( #1202, #1509, #1786 ),
 ( #3718, #937, #2799 ),
 ( #2781, #2481, #530 ),
 ( #4065, #3738, #4109 ),
 ( #3762, #869, #515 ),
 ( #3135, #3410, #3805 ),
 ( #1224, #2761, #2160 ),
 ( #3783, #1802, #554 ),
 ( #280, #3072, #2843 ),
 ( #4128, #216, #1491 ) ),
 .UNSPECIFIED., .F., .F., .T. ) 
 B_SPLINE_SURFACE_WITH_KNOTS ( ( 4, 2, 2, 2, 2, 2, 2, 2, 4 ),
 ( 3, 3 ),
 ( 3.141592653589793116, 3.534291735288517255, 3.926990816987241395, 4.319689898685965090, 4.712388980384689674, 5.105088062083414258, 5.497787143782137953, 5.890486225480861648, 6.283185307179586232 ),
 ( 0.000000000000000000, 1.000000000000000000 ),
 .UNSPECIFIED. ) 
 GEOMETRIC_REPRESENTATION_ITEM ( )  RATIONAL_B_SPLINE_SURFACE ( (
 ( 1.000000000000000000, 0.8769625863647495523, 1.000000000000000000),
 ( 1.000000000000000000, 0.8769717297685805102, 1.000000000000000000),
 ( 1.000000000000000000, 0.8729954450284380663, 1.000000000000000000),
 ( 1.000000000000000000, 0.8574173933138593551, 1.000000000000000000),
 ( 1.000000000000000000, 0.8458047651624436281, 1.000000000000000000),
 ( 1.000000000000000000, 0.8158288154688666527, 1.000000000000000000),
 ( 1.000000000000000000, 0.7974612361576063346, 1.000000000000000000),
 ( 1.000000000000000000, 0.7555565962863280971, 1.000000000000000000),
 ( 1.000000000000000000, 0.7320113033898560939, 1.000000000000000000),
 ( 1.000000000000000000, 0.6822022589832328343, 1.000000000000000000),
 ( 1.000000000000000000, 0.6559267700382932498, 1.000000000000000000),
 ( 1.000000000000000000, 0.6042857565266235298, 1.000000000000000000),
 ( 1.000000000000000000, 0.5789201899323910272, 1.000000000000000000),
 ( 1.000000000000000000, 0.5341718294974668879, 1.000000000000000000),
 ( 1.000000000000000000, 0.5148560185720431059, 1.000000000000000000),
 ( 1.000000000000000000, 0.4879756766291730719, 1.000000000000000000),
 ( 1.000000000000000000, 0.4804796562613513067, 1.000000000000000000),
 ( 1.000000000000000000, 0.4805586562704140530, 1.000000000000000000) ) ) 
 REPRESENTATION_ITEM ( '' )  SURFACE ( )  );
#150 = ORIENTED_EDGE ( 'NONE', *, *, #992, .T. ) ;
#151 = CARTESIAN_POINT ( 'NONE',  ( 4.258074709438694150, 4.833870128784080400, 17.98113798906560490 ) ) ;
#152 = CARTESIAN_POINT ( 'NONE',  ( -4.194818521153695912, 5.054296105506352887, 17.94330868341496910 ) ) ;
#153 = CARTESIAN_POINT ( 'NONE',  ( 4.256784408788508500, 4.773328937592178356, 17.97883543212972768 ) ) ;
#154 = FACE_OUTER_BOUND ( 'NONE', #1544, .T. ) ;
#155 = VERTEX_POINT ( 'NONE', #2850 ) ;
#156 = CARTESIAN_POINT ( 'NONE',  ( -7.052828328905349053, 8.000000000000000000, 16.68698554138910239 ) ) ;
#157 = CARTESIAN_POINT ( 'NONE',  ( 4.245496171131679652, 4.464299617975239443, 17.93696320155322965 ) ) ;
#158 =( BOUNDED_SURFACE ( )  B_SPLINE_SURFACE ( 3, 2, ( 
 ( #3208, #3518, #2567 ),
 ( #3857, #985, #3234 ),
 ( #356, #1621, #2588 ),
 ( #4115, #3878, #1229 ),
 ( #260, #1536, #3789 ),
 ( #923, #3924, #3000 ),
 ( #1067, #2003, #2298 ),
 ( #2387, #3272, #425 ),
 ( #2677, #378, #1336 ),
 ( #2655, #3628, #777 ) ),
 .UNSPECIFIED., .F., .F., .T. ) 
 B_SPLINE_SURFACE_WITH_KNOTS ( ( 4, 2, 2, 2, 4 ),
 ( 3, 3 ),
 ( 4.712388980384689674, 5.105088062083414258, 5.497787143782137953, 5.890486225480861648, 6.283185307179586232 ),
 ( 0.000000000000000000, 1.000000000000000000 ),
 .UNSPECIFIED. ) 
 GEOMETRIC_REPRESENTATION_ITEM ( )  RATIONAL_B_SPLINE_SURFACE ( (
 ( 1.000000000000000000, 0.7071067811865476838, 1.000000000000000000),
 ( 1.000000000000000000, 0.7337663951565268627, 1.000000000000000000),
 ( 1.000000000000000000, 0.7588406182821085810, 1.000000000000000000),
 ( 1.000000000000000000, 0.8034054020675527319, 1.000000000000000000),
 ( 1.000000000000000000, 0.8228887361635938147, 1.000000000000000000),
 ( 1.000000000000000000, 0.8546529109296024940, 1.000000000000000000),
 ( 1.000000000000000000, 0.8669383444734078958, 1.000000000000000000),
 ( 1.000000000000000000, 0.8834139007926410381, 1.000000000000000000),
 ( 1.000000000000000000, 0.8876150019828623616, 1.000000000000000000),
 ( 1.000000000000000000, 0.8876058082646145486, 1.000000000000000000) ) ) 
 REPRESENTATION_ITEM ( '' )  SURFACE ( )  );
#159 = CARTESIAN_POINT ( 'NONE',  ( 4.306598075651553614, 8.000000000000000000, 17.84005016695400059 ) ) ;
#160 = CARTESIAN_POINT ( 'NONE',  ( 7.651552176556200457, 9.171572875253810153, 15.59736574444820967 ) ) ;
#161 = CYLINDRICAL_SURFACE ( 'NONE', #1473, 2.000000000000000000 ) ;
#162 = DIRECTION ( 'NONE',  ( 0.04035605027260357608, 0.9965867277635410693, -0.07201585417081976526 ) ) ;
#163 = CARTESIAN_POINT ( 'NONE',  ( -12.67655256249241269, 9.225538735513742594, 23.92024373790852110 ) ) ;
#164 = CARTESIAN_POINT ( 'NONE',  ( 4.179561799935417987, 4.833870128784109710, 18.02513484169542934 ) ) ;
#165 = ADVANCED_FACE ( 'NONE', ( #906 ), #1167, .T. ) ;
#166 = VERTEX_POINT ( 'NONE', #1895 ) ;
#167 = DIRECTION ( 'NONE',  ( 0.000000000000000000, 0.000000000000000000, -1.000000000000000000 ) ) ;
#168 = DIRECTION ( 'NONE',  ( 0.1675954939338687999, -0.000000000000000000, -0.9858558466698174039 ) ) ;
#169 = CARTESIAN_POINT ( 'NONE',  ( -10.74888963502981731, 4.450329433788133393, 22.56305370671437416 ) ) ;
#170 = ORIENTED_EDGE ( 'NONE', *, *, #3684, .F. ) ;
#171 = EDGE_CURVE ( 'NONE', #1060, #185, #883, .T. ) ;
#172 = CARTESIAN_POINT ( 'NONE',  ( -4.200190307458271377, 5.220404554604050062, 17.93387531920663847 ) ) ;
#173 = PLANE ( 'NONE',  #536 ) ;
#174 = EDGE_LOOP ( 'NONE', ( #3365, #2118, #3593, #2962 ) ) ;
#175 = CARTESIAN_POINT ( 'NONE',  ( -6.665696329886375615, 8.000000000000000000, 15.76496123838208163 ) ) ;
#176 = CARTESIAN_POINT ( 'NONE',  ( -2.694108798096306767, 5.000000000000000000, -2.598802037448208146 ) ) ;
#177 = AXIS2_PLACEMENT_3D ( 'NONE', #2972, #1369, #2645 ) ;
#178 =( BOUNDED_CURVE ( )  B_SPLINE_CURVE ( 3, ( #2982, #2658, #3946, #3520 ),
 .UNSPECIFIED., .F., .T. ) 
 B_SPLINE_CURVE_WITH_KNOTS ( ( 4, 4 ),
 ( 1.570796326794895226, 3.141592653589793116 ),
 .UNSPECIFIED. ) 
 CURVE ( )  GEOMETRIC_REPRESENTATION_ITEM ( )  RATIONAL_B_SPLINE_CURVE ( ( 1.000000000000000000, 0.8047378541243646044, 0.8047378541243646044, 1.000000000000000000 ) ) 
 REPRESENTATION_ITEM ( '' )  );
#179 = FACE_OUTER_BOUND ( 'NONE', #6, .T. ) ;
#180 = CARTESIAN_POINT ( 'NONE',  ( 10.50000000000000533, 7.000000000000000000, 54.00000000000000000 ) ) ;
#181 = CARTESIAN_POINT ( 'NONE',  ( -4.198227193280064995, 4.839463655979969303, 17.93726951551496995 ) ) ;
#182 = CARTESIAN_POINT ( 'NONE',  ( -2.572582215579718223, 3.790300328273370489, 0.07693313645232073561 ) ) ;
#183 = CARTESIAN_POINT ( 'NONE',  ( 7.052828328905357935, 9.171572875253810153, 16.68698554138909884 ) ) ;
#184 = B_SPLINE_CURVE_WITH_KNOTS ( 'NONE', 3,
 ( #4154, #3494, #1559, #2830 ),
 .UNSPECIFIED., .F., .F.,
 ( 4, 4 ),
 ( 0.000000000000000000, 8.829604396994558712E-05 ),
 .UNSPECIFIED. ) ;
#185 = VERTEX_POINT ( 'NONE', #2168 ) ;
#186 = DIRECTION ( 'NONE',  ( 1.000000000000000000, 0.000000000000000000, 0.000000000000000000 ) ) ;
#187 = EDGE_CURVE ( 'NONE', #3012, #3639, #307, .T. ) ;
#188 = CARTESIAN_POINT ( 'NONE',  ( -6.772264771382022097, 4.733573258864137046, 19.76327188497908693 ) ) ;
#189 = VERTEX_POINT ( 'NONE', #3813 ) ;
#190 = CYLINDRICAL_SURFACE ( 'NONE', #4038, 0.9999999999999974465 ) ;
#191 = CARTESIAN_POINT ( 'NONE',  ( -7.582056201885276181, 5.000000000000000000, 46.10373024819634935 ) ) ;
#192 = CARTESIAN_POINT ( 'NONE',  ( -9.107298248878237246E-15, 3.500000000000000444, 3.934885802130593468 ) ) ;
#193 = CARTESIAN_POINT ( 'NONE',  ( 7.177512018581643005, 6.251173199523588409, 20.04859019256943853 ) ) ;
#194 = VECTOR ( 'NONE', #2056, 1000.000000000000114 ) ;
#195 = EDGE_CURVE ( 'NONE', #3597, #2290, #949, .T. ) ;
#196 = CARTESIAN_POINT ( 'NONE',  ( 7.637984978158736560, 8.261796171942757283, 15.59448307775891074 ) ) ;
#197 = CARTESIAN_POINT ( 'NONE',  ( 4.237652744009684724, 4.946348141907699336, 17.94875322742205626 ) ) ;
#198 = TOROIDAL_SURFACE ( 'NONE', #1800, 2.099999999999998312, 2.000000000000000000 ) ;
#199 = AXIS2_PLACEMENT_3D ( 'NONE', #98, #1713, #762 ) ;
#200 = CARTESIAN_POINT ( 'NONE',  ( -5.546834667730392354, 10.00000000000000000, 15.15016958239733746 ) ) ;
#201 = DIRECTION ( 'NONE',  ( -0.000000000000000000, 0.000000000000000000, 1.000000000000000000 ) ) ;
#202 = VECTOR ( 'NONE', #3006, 1000.000000000000000 ) ;
#203 = CARTESIAN_POINT ( 'NONE',  ( 4.382260436832308592, 4.151946178406764609, 17.80828167556080288 ) ) ;
#204 = CARTESIAN_POINT ( 'NONE',  ( -12.65137628346032095, 6.999999999999999112, 23.90251813119696322 ) ) ;
#205 = DIRECTION ( 'NONE',  ( 0.5211084629968630866, 0.8249685319337085598, -0.2187987456823932975 ) ) ;
#206 = ORIENTED_EDGE ( 'NONE', *, *, #1934, .T. ) ;
#207 = AXIS2_PLACEMENT_3D ( 'NONE', #477, #1106, #1744 ) ;
#208 = AXIS2_PLACEMENT_3D ( 'NONE', #2816, #548, #912 ) ;
#209 = CARTESIAN_POINT ( 'NONE',  ( -1.581281480365414049, 6.599999999999999645, 0.000000000000000000 ) ) ;
#210 = DIRECTION ( 'NONE',  ( -0.000000000000000000, 1.000000000000000000, -0.000000000000000000 ) ) ;
#211 = CARTESIAN_POINT ( 'NONE',  ( -7.014304361088185225, 3.992762047884388821, 19.99847519600034218 ) ) ;
#212 = CARTESIAN_POINT ( 'NONE',  ( -3.136366177920107745, 10.00000000000000000, 19.64935822909810170 ) ) ;
#213 = VERTEX_POINT ( 'NONE', #581 ) ;
#214 = DIRECTION ( 'NONE',  ( -0.1675954939338692717, 0.000000000000000000, -0.9858558466698174039 ) ) ;
#215 = CARTESIAN_POINT ( 'NONE',  ( -10.49999999999999822, 7.000000000000000000, -1.275021754842953017E-15 ) ) ;
#216 = CARTESIAN_POINT ( 'NONE',  ( 10.65269825542660165, 4.999999999999996447, 22.49532922043389860 ) ) ;
#217 = EDGE_LOOP ( 'NONE', ( #1830, #2196, #2652, #1105, #569, #911 ) ) ;
#218 = CARTESIAN_POINT ( 'NONE',  ( -3.312230855824576103, 5.014716052845724192, 2.731619230005484745E-17 ) ) ;
#219 = ADVANCED_FACE ( 'NONE', ( #2833 ), #1198, .T. ) ;
#220 = CARTESIAN_POINT ( 'NONE',  ( 4.243294317277696237, 4.390780768526101774, 17.82228945614883031 ) ) ;
#221 = CARTESIAN_POINT ( 'NONE',  ( 0.000000000000000000, 8.000000000000000000, 0.000000000000000000 ) ) ;
#222 = DIRECTION ( 'NONE',  ( 0.3871319990189738824, -0.000000000000000000, 0.9220243030070157664 ) ) ;
#223 = EDGE_CURVE ( 'NONE', #338, #948, #538, .T. ) ;
#224 = CARTESIAN_POINT ( 'NONE',  ( 3.136366177920111742, 2.000000000000000000, 19.64935822909810526 ) ) ;
#225 = CARTESIAN_POINT ( 'NONE',  ( -4.179561799935413546, 5.166129871215821900, 18.02513484169543290 ) ) ;
#226 = CARTESIAN_POINT ( 'NONE',  ( -4.743722409435157772, 3.600259051871867566, 17.65651398834613417 ) ) ;
#227 = FACE_OUTER_BOUND ( 'NONE', #3068, .T. ) ;
#228 = ORIENTED_EDGE ( 'NONE', *, *, #3097, .F. ) ;
#229 = CARTESIAN_POINT ( 'NONE',  ( -10.80191321957139650, 0.8000000000000012657, 22.60038548258285473 ) ) ;
#230 = FACE_OUTER_BOUND ( 'NONE', #1550, .T. ) ;
#231 = DIRECTION ( 'NONE',  ( 0.000000000000000000, 0.000000000000000000, -1.000000000000000000 ) ) ;
#232 = EDGE_LOOP ( 'NONE', ( #359, #3276, #1634, #3834 ) ) ;
#233 = CARTESIAN_POINT ( 'NONE',  ( -4.256757813197292961, 5.227918859283140485, 17.97878797197925849 ) ) ;
#234 = CARTESIAN_POINT ( 'NONE',  ( -9.682792908611512317, 6.747572779517435393, 21.96790095993673830 ) ) ;
#235 = CARTESIAN_POINT ( 'NONE',  ( 7.135582300916994747, 6.290548118049684945, 20.01906916271827441 ) ) ;
#236 = VERTEX_POINT ( 'NONE', #2280 ) ;
#237 = APPLICATION_CONTEXT ( 'automotive_design' ) ;
#238 = CARTESIAN_POINT ( 'NONE',  ( 10.50000000000000178, 10.00000000000000000, 24.83379699913084693 ) ) ;
#239 = EDGE_CURVE ( 'NONE', #2460, #2726, #2417, .T. ) ;
#240 = DIRECTION ( 'NONE',  ( 0.8176693484968580172, -0.000000000000000000, -0.5756881417301591419 ) ) ;
#241 = CARTESIAN_POINT ( 'NONE',  ( 4.147389801306879065, 4.775949873301139625, 17.88697063837929591 ) ) ;
#242 = CARTESIAN_POINT ( 'NONE',  ( 7.512714107929327589, 3.320699637066184984, 20.28459251829640309 ) ) ;
#243 = CARTESIAN_POINT ( 'NONE',  ( -3.076765637910679807, 5.831181821197946036, -1.761828530288944705E-16 ) ) ;
#244 = CARTESIAN_POINT ( 'NONE',  ( 3.311305838722849781, 4.955851978015889614, -1.761828530288944705E-16 ) ) ;
#245 = CARTESIAN_POINT ( 'NONE',  ( 6.726311488824690876, 0.2687356718802821343, 15.79826803152879933 ) ) ;
#246 = EDGE_LOOP ( 'NONE', ( #3557, #2857, #1071, #3053 ) ) ;
#247 = EDGE_CURVE ( 'NONE', #587, #2354, #427, .T. ) ;
#248 = CARTESIAN_POINT ( 'NONE',  ( -3.311305838722848449, 2.000000000000000000, 2.000000000000000000 ) ) ;
#249 = CARTESIAN_POINT ( 'NONE',  ( -7.516537109457017252, 3.400666321015322957, 20.36913824982848098 ) ) ;
#250 = ORIENTED_EDGE ( 'NONE', *, *, #114, .T. ) ;
#251 = DIRECTION ( 'NONE',  ( 0.05464909338699818625, -0.7689141853987285780, 0.6370121286793436477 ) ) ;
#252 = ORIENTED_EDGE ( 'NONE', *, *, #3701, .F. ) ;
#253 = CARTESIAN_POINT ( 'NONE',  ( -4.246591221787807235, 5.501726936794837819, 17.95145379521326134 ) ) ;
#254 = DIRECTION ( 'NONE',  ( 1.214306433183764966E-16, 0.000000000000000000, -1.000000000000000000 ) ) ;
#255 = CARTESIAN_POINT ( 'NONE',  ( 6.780481645859091522, 5.549670566211895029, 19.76905705621917164 ) ) ;
#256 = ORIENTED_EDGE ( 'NONE', *, *, #2214, .F. ) ;
#257 = DIRECTION ( 'NONE',  ( -0.3812054721353828612, 0.000000000000000000, 0.9244903396001712403 ) ) ;
#258 = CARTESIAN_POINT ( 'NONE',  ( 6.305281640074570149, 9.747572787568197228, 15.92413924853670260 ) ) ;
#259 = FACE_OUTER_BOUND ( 'NONE', #1388, .T. ) ;
#260 = CARTESIAN_POINT ( 'NONE',  ( 12.34364019701268056, 9.399000490106605099, 25.26647466644976703 ) ) ;
#261 = CARTESIAN_POINT ( 'NONE',  ( 6.727458061317108218, 5.000000000000000000, 19.73172528035040330 ) ) ;
#262 = CARTESIAN_POINT ( 'NONE',  ( 6.896504047909216339, 4.323314595970549234, 16.75262169783299271 ) ) ;
#263 = AXIS2_PLACEMENT_3D ( 'NONE', #2047, #1486, #4102 ) ;
#264 = CARTESIAN_POINT ( 'NONE',  ( 2.026331731174062956, 3.440176136982326049, -1.626303258728256651E-16 ) ) ;
#265 = DIRECTION ( 'NONE',  ( 0.000000000000000000, 0.000000000000000000, 1.000000000000000000 ) ) ;
#266 = ORIENTED_EDGE ( 'NONE', *, *, #4130, .T. ) ;
#267 = CIRCLE ( 'NONE', #133, 0.1000000000000000056 ) ;
#268 = CIRCLE ( 'NONE', #1207, 2.099999999999997868 ) ;
#269 = CYLINDRICAL_SURFACE ( 'NONE', #2349, 2.000000000000000000 ) ;
#270 = CARTESIAN_POINT ( 'NONE',  ( -7.052828328905346389, 0.8284271247461898469, 16.68698554138910239 ) ) ;
#271 = EDGE_CURVE ( 'NONE', #296, #85, #178, .T. ) ;
#272 = VERTEX_POINT ( 'NONE', #2252 ) ;
#273 = CARTESIAN_POINT ( 'NONE',  ( 3.311305838722849781, 8.000000000000000000, 2.000000000000000000 ) ) ;
#274 = AXIS2_PLACEMENT_3D ( 'NONE', #1604, #2898, #729 ) ;
#275 = VECTOR ( 'NONE', #1073, 1000.000000000000000 ) ;
#276 = VERTEX_POINT ( 'NONE', #10 ) ;
#277 = CARTESIAN_POINT ( 'NONE',  ( -4.199973119115023579, 5.213780423616516835, 17.93425087521268679 ) ) ;
#278 = FACE_OUTER_BOUND ( 'NONE', #39, .T. ) ;
#279 = CARTESIAN_POINT ( 'NONE',  ( -7.548070081073343651, 6.622940830943962354, 20.30948523870432965 ) ) ;
#280 = CARTESIAN_POINT ( 'NONE',  ( 10.80191321956405837, 5.274938912189102602, 22.60038548257768909 ) ) ;
#281 = ORIENTED_EDGE ( 'NONE', *, *, #1052, .F. ) ;
#282 = CARTESIAN_POINT ( 'NONE',  ( -4.245496171131875940, 4.464299617980695523, 17.93696320155559931 ) ) ;
#283 = CARTESIAN_POINT ( 'NONE',  ( 3.219723829295706441, 5.013796297469541585, 0.06187461148179528025 ) ) ;
#284 = CARTESIAN_POINT ( 'NONE',  ( 7.166836706259704037, 9.426294644413971469, 16.04032765077481670 ) ) ;
#285 =( BOUNDED_CURVE ( )  B_SPLINE_CURVE ( 3, ( #156, #444, #113, #1396 ),
 .UNSPECIFIED., .F., .T. ) 
 B_SPLINE_CURVE_WITH_KNOTS ( ( 4, 4 ),
 ( 0.000000000000000000, 1.570796326794898556 ),
 .UNSPECIFIED. ) 
 CURVE ( )  GEOMETRIC_REPRESENTATION_ITEM ( )  RATIONAL_B_SPLINE_CURVE ( ( 1.000000000000000000, 0.8047378541243644934, 0.8047378541243644934, 1.000000000000000000 ) ) 
 REPRESENTATION_ITEM ( '' )  );
#286 = CARTESIAN_POINT ( 'NONE',  ( 4.792502022866252709, 3.687371184651420108, 17.63603280450176669 ) ) ;
#287 = CARTESIAN_POINT ( 'NONE',  ( 2.996880389722969884, 4.220767042627390886, 0.06706001950726903083 ) ) ;
#288 = CARTESIAN_POINT ( 'NONE',  ( 5.283017532062484811, 2.000000000000000000, 1.664809012132261401 ) ) ;
#289 = VERTEX_POINT ( 'NONE', #3254 ) ;
#290 =( NAMED_UNIT ( * ) SI_UNIT ( $, .STERADIAN. ) SOLID_ANGLE_UNIT ( ) );
#291 =( BOUNDED_CURVE ( )  B_SPLINE_CURVE ( 3, ( #41, #2311, #3958, #412 ),
 .UNSPECIFIED., .F., .F. ) 
 B_SPLINE_CURVE_WITH_KNOTS ( ( 4, 4 ),
 ( 3.141592653589793116, 4.712388980384693227 ),
 .UNSPECIFIED. ) 
 CURVE ( )  GEOMETRIC_REPRESENTATION_ITEM ( )  RATIONAL_B_SPLINE_CURVE ( ( 1.000000000000000000, 0.8047378541243641603, 0.8047378541243641603, 1.000000000000000000 ) ) 
 REPRESENTATION_ITEM ( '' )  );
#292 = CARTESIAN_POINT ( 'NONE',  ( -4.199018185784378687, 4.839537173777205936, 17.93743800589360760 ) ) ;
#293 = EDGE_CURVE ( 'NONE', #276, #4019, #380, .T. ) ;
#294 = EDGE_LOOP ( 'NONE', ( #3318, #2482, #2511, #977, #4150 ) ) ;
#295 = CARTESIAN_POINT ( 'NONE',  ( -1.581281480365414049, 6.600000000000000533, 0.1000000000000000056 ) ) ;
#296 = VERTEX_POINT ( 'NONE', #3906 ) ;
#297 = CARTESIAN_POINT ( 'NONE',  ( -11.65137628346032095, 2.000000000000000000, 23.19845830213713711 ) ) ;
#298 = EDGE_CURVE ( 'NONE', #1627, #1879, #485, .T. ) ;
#299 = CARTESIAN_POINT ( 'NONE',  ( -10.74888963502951000, 5.549670566211778677, 22.56305370671415389 ) ) ;
#300 = EDGE_CURVE ( 'NONE', #338, #3171, #2355, .T. ) ;
#301 = CARTESIAN_POINT ( 'NONE',  ( -7.637984978158724125, 1.738203828057222955, 15.59448307775890719 ) ) ;
#302 = CARTESIAN_POINT ( 'NONE',  ( -6.239089654640977756, 0.000000000000000000, 14.85951123853424072 ) ) ;
#303 = ORIENTED_EDGE ( 'NONE', *, *, #893, .T. ) ;
#304 = CARTESIAN_POINT ( 'NONE',  ( 5.546834667730399460, 9.999999999999998224, 15.15016958239733746 ) ) ;
#305 = CARTESIAN_POINT ( 'NONE',  ( 4.234644659746206408, 4.501975188056183796, 17.91637954548334477 ) ) ;
#306 = CARTESIAN_POINT ( 'NONE',  ( 6.771760180844738741, 5.634392566278101810, 16.69589325756648179 ) ) ;
#307 = LINE ( 'NONE', #3452, #1743 ) ;
#308 = EDGE_LOOP ( 'NONE', ( #2745, #2531, #2699, #1433 ) ) ;
#309 = CARTESIAN_POINT ( 'NONE',  ( -7.052828328905349053, 8.000000000000000000, 16.68698554138910239 ) ) ;
#310 =( NAMED_UNIT ( * ) PLANE_ANGLE_UNIT ( ) SI_UNIT ( $, .RADIAN. ) );
#311 = CARTESIAN_POINT ( 'NONE',  ( -4.204345130477914694, 4.725546466002885637, 17.92961743078390668 ) ) ;
#312 = ORIENTED_EDGE ( 'NONE', *, *, #3201, .F. ) ;
#313 = DIRECTION ( 'NONE',  ( 1.214306433183764966E-16, 0.000000000000000000, 1.000000000000000000 ) ) ;
#314 = ORIENTED_EDGE ( 'NONE', *, *, #1359, .T. ) ;
#315 = ADVANCED_FACE ( 'NONE', ( #116 ), #1018, .T. ) ;
#316 =( BOUNDED_SURFACE ( )  B_SPLINE_SURFACE ( 3, 2, ( 
 ( #413, #2397, #2622 ),
 ( #1390, #148, #3619 ),
 ( #1680, #1059, #2646 ),
 ( #2358, #437, #104 ),
 ( #3348, #475, #3938 ),
 ( #804, #1738, #124 ),
 ( #2973, #84, #1370 ),
 ( #2020, #3310, #1121 ) ),
 .UNSPECIFIED., .F., .F., .T. ) 
 B_SPLINE_SURFACE_WITH_KNOTS ( ( 4, 2, 2, 4 ),
 ( 3, 3 ),
 ( 3.386486433410769046E-05, 0.0001202882896493974956, 0.0002067117149646873007, 0.0003795585655952669109 ),
 ( 0.000000000000000000, 0.6164294045407541223 ),
 .UNSPECIFIED. ) 
 GEOMETRIC_REPRESENTATION_ITEM ( )  RATIONAL_B_SPLINE_SURFACE ( (
 ( 1.000000000000000000, 0.9808707668470035834, 0.9853251772976528988),
 ( 1.000000000000000000, 0.9674044440585021221, 0.9749946063963890186),
 ( 1.000000000000000000, 0.9509637248905270512, 0.9623822535143122803),
 ( 1.000000000000000000, 0.9195328481737730097, 0.9382703333182091932),
 ( 1.000000000000000000, 0.9042373219821201458, 0.9265365051398195551),
 ( 1.000000000000000000, 0.8611674862326175184, 0.8934958600502822534),
 ( 1.000000000000000000, 0.8361278639869501594, 0.8742869344205919102),
 ( 1.000000000000000000, 0.8194520075328236564, 0.8614941980407873068) ) ) 
 REPRESENTATION_ITEM ( '' )  SURFACE ( )  );
#317 = CARTESIAN_POINT ( 'NONE',  ( -11.94623033640196752, 0.1452562969651064462, 23.40605319624847525 ) ) ;
#318 = CARTESIAN_POINT ( 'NONE',  ( -10.64444668661657012, 5.261846583037245395, 22.67763071618298554 ) ) ;
#319 = VERTEX_POINT ( 'NONE', #2719 ) ;
#320 = EDGE_CURVE ( 'NONE', #2974, #3171, #779, .T. ) ;
#321 = CARTESIAN_POINT ( 'NONE',  ( -4.266081415466971727, 4.374250240049333271, 17.85833446127457336 ) ) ;
#322 = CARTESIAN_POINT ( 'NONE',  ( -6.305281640074549721, 0.2524272124317882282, 15.92413924853667417 ) ) ;
#323 = DIRECTION ( 'NONE',  ( -0.9220243030070166546, -0.000000000000000000, -0.3871319990189716065 ) ) ;
#324 = ORIENTED_EDGE ( 'NONE', *, *, #1190, .T. ) ;
#325 = CARTESIAN_POINT ( 'NONE',  ( -2.694108798096306767, 5.000000000000000000, -2.598802037448208146 ) ) ;
#326 = DIRECTION ( 'NONE',  ( -0.9220243030070172097, -0.000000000000000000, -0.3871319990189709404 ) ) ;
#327 = EDGE_CURVE ( 'NONE', #2793, #719, #484, .T. ) ;
#328 = EDGE_CURVE ( 'NONE', #687, #1687, #3018, .T. ) ;
#329 = CYLINDRICAL_SURFACE ( 'NONE', #2282, 3.000000000000002665 ) ;
#330 = CARTESIAN_POINT ( 'NONE',  ( -4.548158370580386745, 6.110551966237308008, 17.73862581235307445 ) ) ;
#331 = CARTESIAN_POINT ( 'NONE',  ( -4.306598075651546509, 5.904273181502629697, 17.84005016695400059 ) ) ;
#332 = ORIENTED_EDGE ( 'NONE', *, *, #624, .T. ) ;
#333 = CARTESIAN_POINT ( 'NONE',  ( -4.233162269214465034, 5.498327204651902278, 17.91244353841240411 ) ) ;
#334 = CIRCLE ( 'NONE', #2681, 0.07999999999999993228 ) ;
#335 = CARTESIAN_POINT ( 'NONE',  ( 1.581281480365392511, 6.500000000000000888, 0.09999999999999896472 ) ) ;
#336 = AXIS2_PLACEMENT_3D ( 'NONE', #1656, #2990, #3033 ) ;
#337 = DIRECTION ( 'NONE',  ( -0.000000000000000000, -1.000000000000000000, 0.000000000000000000 ) ) ;
#338 = VERTEX_POINT ( 'NONE', #1130 ) ;
#339 = CARTESIAN_POINT ( 'NONE',  ( 1.791993837874518380, 6.500000000000000000, 0.09509687320324740345 ) ) ;
#340 = ORIENTED_EDGE ( 'NONE', *, *, #3277, .F. ) ;
#341 = AXIS2_PLACEMENT_3D ( 'NONE', #3847, #313, #1633 ) ;
#342 = TOROIDAL_SURFACE ( 'NONE', #1085, 1.419999999999999707, 0.08000000000000000167 ) ;
#343 = CARTESIAN_POINT ( 'NONE',  ( -4.156006627878986670, 4.473839818321322603, 17.94849299037955603 ) ) ;
#344 = LINE ( 'NONE', #4168, #3751 ) ;
#345 = AXIS2_PLACEMENT_3D ( 'NONE', #3325, #2617, #3259 ) ;
#346 = VECTOR ( 'NONE', #2257, 1000.000000000000114 ) ;
#347 = ORIENTED_EDGE ( 'NONE', *, *, #3388, .T. ) ;
#348 = AXIS2_PLACEMENT_3D ( 'NONE', #175, #516, #3057 ) ;
#349 = CARTESIAN_POINT ( 'NONE',  ( 4.240528204680049207, 4.625286465114737844, 17.93754771764399436 ) ) ;
#350 = CARTESIAN_POINT ( 'NONE',  ( -7.784557992042361541, 2.000000000000000444, 16.37975289436683113 ) ) ;
#351 = CARTESIAN_POINT ( 'NONE',  ( 10.25633527274757384, 3.770906554238390385, 22.39119268051993927 ) ) ;
#352 = ORIENTED_EDGE ( 'NONE', *, *, #2378, .T. ) ;
#353 = DIRECTION ( 'NONE',  ( 0.000000000000000000, 0.000000000000000000, -1.000000000000000000 ) ) ;
#354 = EDGE_CURVE ( 'NONE', #185, #2551, #1422, .T. ) ;
#355 = CARTESIAN_POINT ( 'NONE',  ( -4.307119784856026534, 4.210881548167412447, 17.73196709207082478 ) ) ;
#356 = CARTESIAN_POINT ( 'NONE',  ( 11.28524369556757456, 9.921918012405123832, 25.01808317982158059 ) ) ;
#357 = CARTESIAN_POINT ( 'NONE',  ( 4.306598075651246305, 5.904273181502145640, 17.84005016695413204 ) ) ;
#358 = CARTESIAN_POINT ( 'NONE',  ( -6.771760180844857757, 5.634392566277801606, 16.69589325756642850 ) ) ;
#359 = ORIENTED_EDGE ( 'NONE', *, *, #3001, .T. ) ;
#360 = EDGE_CURVE ( 'NONE', #3048, #790, #1074, .T. ) ;
#361 = CARTESIAN_POINT ( 'NONE',  ( -12.23716272108722336, 1.999999999999997780, 23.61088700127830009 ) ) ;
#362 = DIRECTION ( 'NONE',  ( -0.5756881417301591419, 0.000000000000000000, -0.8176693484968579062 ) ) ;
#363 = CARTESIAN_POINT ( 'NONE',  ( -10.50000000000000355, 10.00000000000000000, 24.83379699913085403 ) ) ;
#364 = CARTESIAN_POINT ( 'NONE',  ( 4.345311275553447317, 8.000000000000000000, 17.93225259725469911 ) ) ;
#365 = ORIENTED_EDGE ( 'NONE', *, *, #2817, .F. ) ;
#366 = B_SPLINE_CURVE_WITH_KNOTS ( 'NONE', 3,
 ( #368, #1975, #3828, #2862, #1906, #2560 ),
 .UNSPECIFIED., .F., .F.,
 ( 4, 2, 4 ),
 ( 0.000000000000000000, 0.0001893336202931065093, 0.0003786672405862130187 ),
 .UNSPECIFIED. ) ;
#367 = CARTESIAN_POINT ( 'NONE',  ( -12.52516267959853558, 2.496381038420850462, 23.81365620283700935 ) ) ;
#368 = CARTESIAN_POINT ( 'NONE',  ( 4.245496171131883045, 5.535700382019321353, 17.93696320155559931 ) ) ;
#369 = ORIENTED_EDGE ( 'NONE', *, *, #2425, .T. ) ;
#370 = CARTESIAN_POINT ( 'NONE',  ( 4.203521034049518157, 4.719307588196140379, 17.92878355249738220 ) ) ;
#371 = CARTESIAN_POINT ( 'NONE',  ( -6.975911360410311346, 1.355568664821802383, 16.60849435796124851 ) ) ;
#372 = CARTESIAN_POINT ( 'NONE',  ( 4.246253731438904389, 5.587382313803470169, 17.91498335291180766 ) ) ;
#373 = CARTESIAN_POINT ( 'NONE',  ( 10.59402317248005865, 4.476504222655329102, 22.64041662810645761 ) ) ;
#374 = EDGE_LOOP ( 'NONE', ( #2140, #2456, #989, #1256, #2365, #766, #2041, #964 ) ) ;
#375 = CARTESIAN_POINT ( 'NONE',  ( -4.243272820117451438, 4.506167670163255146, 17.93288842202614575 ) ) ;
#376 = LINE ( 'NONE', #1619, #67 ) ;
#377 = ADVANCED_FACE ( 'NONE', ( #3991 ), #2085, .T. ) ;
#378 = CARTESIAN_POINT ( 'NONE',  ( 13.49999999998807887, 7.297054156080534426, 24.49999999999205613 ) ) ;
#379 = DIRECTION ( 'NONE',  ( 0.000000000000000000, 0.000000000000000000, 1.000000000000000000 ) ) ;
#380 = LINE ( 'NONE', #2940, #1475 ) ;
#381 = CARTESIAN_POINT ( 'NONE',  ( 12.15499524966798006, 2.126213605779072147, 23.55303618539658572 ) ) ;
#382 = ORIENTED_EDGE ( 'NONE', *, *, #2557, .T. ) ;
#383 = CARTESIAN_POINT ( 'NONE',  ( -4.245637688637875939, 5.531549018295361719, 17.94032576710432281 ) ) ;
#384 = FACE_OUTER_BOUND ( 'NONE', #3821, .T. ) ;
#385 = LINE ( 'NONE', #3910, #3631 ) ;
#386 = CARTESIAN_POINT ( 'NONE',  ( -12.21712167697486962, 9.663053798596946464, 23.59677690718651988 ) ) ;
#387 = CARTESIAN_POINT ( 'NONE',  ( -4.287722548017822710, 4.155490638997545005, 17.84797546861991790 ) ) ;
#388 = EDGE_CURVE ( 'NONE', #1897, #2394, #2893, .T. ) ;
#389 = ORIENTED_EDGE ( 'NONE', *, *, #2353, .F. ) ;
#390 = CARTESIAN_POINT ( 'NONE',  ( 4.252830664492755375, 4.336483854956867390, 17.89007103151366351 ) ) ;
#391 = CARTESIAN_POINT ( 'NONE',  ( -2.520069298548614611, 3.500000000000000444, 0.07815507470840113435 ) ) ;
#392 = ORIENTED_EDGE ( 'NONE', *, *, #525, .T. ) ;
#393 = FACE_OUTER_BOUND ( 'NONE', #3939, .T. ) ;
#394 = CARTESIAN_POINT ( 'NONE',  ( 4.156006627882222304, 4.473839818321992290, 17.94849299038662238 ) ) ;
#395 = CARTESIAN_POINT ( 'NONE',  ( 4.233212186273707545, 5.550670916745479744, 17.86224619635560273 ) ) ;
#396 = CARTESIAN_POINT ( 'NONE',  ( 8.453520947378564188, 2.999999999999999556, 21.06066083946336320 ) ) ;
#397 = ORIENTED_EDGE ( 'NONE', *, *, #1330, .F. ) ;
#398 = CARTESIAN_POINT ( 'NONE',  ( 3.311305838722849781, 10.00000000000000000, 2.000000000000000000 ) ) ;
#399 = CARTESIAN_POINT ( 'NONE',  ( -4.259985917363494856, 5.032771500476034277, 17.98440484092706626 ) ) ;
#400 = DIRECTION ( 'NONE',  ( 1.000000000000000000, -0.000000000000000000, 1.214306433183764966E-16 ) ) ;
#401 = CARTESIAN_POINT ( 'NONE',  ( -6.462962800404587149, 3.854736903289573302, 16.93465343957472058 ) ) ;
#402 = CARTESIAN_POINT ( 'NONE',  ( 12.25735931288071789, -1.365181115201884124E-15, 25.24622569827201346 ) ) ;
#403 = EDGE_LOOP ( 'NONE', ( #3250, #3862, #1341, #696, #3883, #421 ) ) ;
#404 = CYLINDRICAL_SURFACE ( 'NONE', #1677, 1.499999999999999778 ) ;
#405 = CARTESIAN_POINT ( 'NONE',  ( 6.769786965926059885, 5.000000000000000000, 19.81801391644615151 ) ) ;
#406 = CARTESIAN_POINT ( 'NONE',  ( -11.91312418198302758, 7.973972670801591001, 23.38274448282780327 ) ) ;
#407 = CARTESIAN_POINT ( 'NONE',  ( -4.157526181814327870, 5.164328506879571457, 17.92882010944680360 ) ) ;
#408 = ORIENTED_EDGE ( 'NONE', *, *, #841, .T. ) ;
#409 = B_SPLINE_CURVE_WITH_KNOTS ( 'NONE', 3,
 ( #2765, #136, #500, #3375 ),
 .UNSPECIFIED., .F., .F.,
 ( 4, 4 ),
 ( 0.000000000000000000, 1.000000000000000000 ),
 .UNSPECIFIED. ) ;
#410 = FACE_OUTER_BOUND ( 'NONE', #1758, .T. ) ;
#411 = EDGE_CURVE ( 'NONE', #3690, #698, #2265, .T. ) ;
#412 = CARTESIAN_POINT ( 'NONE',  ( -11.65137628346032095, 8.000000000000000000, 23.19845830213713000 ) ) ;
#413 = CARTESIAN_POINT ( 'NONE',  ( 4.233621163708771284, 5.505719526853995127, 17.90666908110347677 ) ) ;
#414 = ADVANCED_FACE ( 'NONE', ( #1478 ), #2766, .F. ) ;
#415 = CIRCLE ( 'NONE', #1863, 0.07999999999999993228 ) ;
#416 = AXIS2_PLACEMENT_3D ( 'NONE', #2436, #186, #167 ) ;
#417 = ORIENTED_EDGE ( 'NONE', *, *, #3548, .F. ) ;
#418 = EDGE_CURVE ( 'NONE', #1183, #429, #1622, .T. ) ;
#419 = DIRECTION ( 'NONE',  ( 0.000000000000000000, 1.000000000000000000, 0.000000000000000000 ) ) ;
#420 = CARTESIAN_POINT ( 'NONE',  ( 4.233162269214472140, 4.501672795348083511, 17.91244353841240411 ) ) ;
#421 = ORIENTED_EDGE ( 'NONE', *, *, #2019, .F. ) ;
#422 = CARTESIAN_POINT ( 'NONE',  ( -4.233432341285168654, 4.499723336826324527, 17.91060760568116450 ) ) ;
#423 = CIRCLE ( 'NONE', #1869, 1.999999999999998224 ) ;
#424 = AXIS2_PLACEMENT_3D ( 'NONE', #2122, #4034, #1171 ) ;
#425 = CARTESIAN_POINT ( 'NONE',  ( 12.62534895234476373, 7.261747903151047900, 23.88419333290086044 ) ) ;
#426 = FACE_OUTER_BOUND ( 'NONE', #2443, .T. ) ;
#427 = LINE ( 'NONE', #691, #3232 ) ;
#428 = CARTESIAN_POINT ( 'NONE',  ( 11.94623033640217535, 0.1452562969660734227, 23.40605319624792457 ) ) ;
#429 = VERTEX_POINT ( 'NONE', #3003 ) ;
#430 = CARTESIAN_POINT ( 'NONE',  ( -11.65137628346032095, 2.000000000000000000, 23.19845830213713000 ) ) ;
#431 = CARTESIAN_POINT ( 'NONE',  ( 10.50000000000000533, 7.000000000000000000, 54.00000000000000000 ) ) ;
#432 = DIRECTION ( 'NONE',  ( 0.000000000000000000, 0.000000000000000000, -1.000000000000000000 ) ) ;
#433 = CARTESIAN_POINT ( 'NONE',  ( 3.166147379857305655, 5.425931997737892587, 0.06312129695226401105 ) ) ;
#434 = ORIENTED_EDGE ( 'NONE', *, *, #2993, .T. ) ;
#435 = DIRECTION ( 'NONE',  ( 0.3812054721353839160, 0.000000000000000000, 0.9244903396001707963 ) ) ;
#436 = EDGE_CURVE ( 'NONE', #698, #2413, #3756, .T. ) ;
#437 = CARTESIAN_POINT ( 'NONE',  ( 4.195802112653247207, 5.394327705546162477, 17.90770098888920003 ) ) ;
#438 = ORIENTED_EDGE ( 'NONE', *, *, #2086, .T. ) ;
#439 = ADVANCED_FACE ( 'NONE', ( #2462 ), #3470, .F. ) ;
#440 = CARTESIAN_POINT ( 'NONE',  ( -4.260433469269056417, 5.055455325879666617, 17.98534722418203557 ) ) ;
#441 = FACE_OUTER_BOUND ( 'NONE', #858, .T. ) ;
#442 = EDGE_LOOP ( 'NONE', ( #1717, #940, #2424, #2099 ) ) ;
#443 = CARTESIAN_POINT ( 'NONE',  ( -4.216429778396729944, 4.600010145205978063, 17.91946730897902285 ) ) ;
#444 = CARTESIAN_POINT ( 'NONE',  ( -7.052828328905347277, 9.171572875253811929, 16.68698554138909884 ) ) ;
#445 = EDGE_CURVE ( 'NONE', #948, #4084, #4114, .T. ) ;
#446 = CARTESIAN_POINT ( 'NONE',  ( 4.243288698385769386, 5.518273241982871724, 17.91845550538647558 ) ) ;
#447 = DIRECTION ( 'NONE',  ( 0.5211084629975125670, 0.8249685319335052780, 0.2187987456816137266 ) ) ;
#448 = CARTESIAN_POINT ( 'NONE',  ( -7.671465709712906644, 8.665954983657899291, 16.31761099257145275 ) ) ;
#449 = DIRECTION ( 'NONE',  ( -0.000000000000000000, 1.000000000000000000, -0.000000000000000000 ) ) ;
#450 = DIRECTION ( 'NONE',  ( 0.000000000000000000, 0.000000000000000000, -1.000000000000000000 ) ) ;
#451 = CARTESIAN_POINT ( 'NONE',  ( -10.64444668661641202, 1.000000000000000888, 22.67763071618647785 ) ) ;
#452 = CARTESIAN_POINT ( 'NONE',  ( 6.727458061317108218, 5.000000000000000000, 19.73172528035040330 ) ) ;
#453 = ORIENTED_EDGE ( 'NONE', *, *, #300, .F. ) ;
#454 = DIRECTION ( 'NONE',  ( 0.04035605027264228817, -0.9965867277635368504, 0.07201585417085762386 ) ) ;
#455 = CARTESIAN_POINT ( 'NONE',  ( 13.50000000000000355, 3.000000000000000000, 24.50000000000000711 ) ) ;
#456 =( BOUNDED_CURVE ( )  B_SPLINE_CURVE ( 3, ( #3595, #720, #4016, #1777 ),
 .UNSPECIFIED., .F., .T. ) 
 B_SPLINE_CURVE_WITH_KNOTS ( ( 4, 4 ),
 ( 3.169188669775361067, 4.712388980384688786 ),
 .UNSPECIFIED. ) 
 CURVE ( )  GEOMETRIC_REPRESENTATION_ITEM ( )  RATIONAL_B_SPLINE_CURVE ( ( 1.000000000000000000, 0.8111972176583970295, 0.8111972176583970295, 1.000000000000000000 ) ) 
 REPRESENTATION_ITEM ( '' )  );
#457 = VERTEX_POINT ( 'NONE', #559 ) ;
#458 = ADVANCED_FACE ( 'NONE', ( #922 ), #4088, .F. ) ;
#459 = CARTESIAN_POINT ( 'NONE',  ( -4.347876405553112278, 5.803370608124601482, 17.80524600418478798 ) ) ;
#460 = FACE_BOUND ( 'NONE', #1723, .T. ) ;
#461 = CARTESIAN_POINT ( 'NONE',  ( 4.216429778396725503, 5.399989854794018385, 17.91946730897901574 ) ) ;
#462 = EDGE_LOOP ( 'NONE', ( #702, #3696, #1841, #1351 ) ) ;
#463 = LINE ( 'NONE', #570, #3551 ) ;
#464 = FACE_OUTER_BOUND ( 'NONE', #3545, .T. ) ;
#465 = EDGE_CURVE ( 'NONE', #3306, #1897, #4068, .T. ) ;
#466 = EDGE_CURVE ( 'NONE', #2451, #3690, #1322, .T. ) ;
#467 = DIRECTION ( 'NONE',  ( 0.04521701246061460289, 0.000000000000000000, 0.9989771878196902488 ) ) ;
#468 = CARTESIAN_POINT ( 'NONE',  ( 4.260433469269104378, 4.944544674120195715, 17.98534722418211373 ) ) ;
#469 = DIRECTION ( 'NONE',  ( -0.5756881417301593640, 0.000000000000000000, 0.8176693484968579062 ) ) ;
#470 = DIRECTION ( 'NONE',  ( -0.9995545609306968338, 0.02984425778339815788, 0.000000000000000000 ) ) ;
#471 = CARTESIAN_POINT ( 'NONE',  ( -12.15499524966779354, 7.873786394220982920, 23.55303618539645427 ) ) ;
#472 = CARTESIAN_POINT ( 'NONE',  ( 3.244390706645263744, 5.042150099580121392, -1.795709848179116965E-16 ) ) ;
#473 = ORIENTED_EDGE ( 'NONE', *, *, #2993, .F. ) ;
#474 = CARTESIAN_POINT ( 'NONE',  ( 4.080844307496537482, 5.000000000000000000, -2.026993829245137047 ) ) ;
#475 = CARTESIAN_POINT ( 'NONE',  ( 4.188760365025442134, 5.366471216656698573, 17.90975896334768080 ) ) ;
#476 = ORIENTED_EDGE ( 'NONE', *, *, #2901, .F. ) ;
#477 = CARTESIAN_POINT ( 'NONE',  ( 7.058575127615948297, 10.00000000000000000, 10.02553310993707569 ) ) ;
#478 = CARTESIAN_POINT ( 'NONE',  ( 4.313813567936127136, 4.254167353735822665, 17.81572860043307571 ) ) ;
#479 = AXIS2_PLACEMENT_3D ( 'NONE', #2586, #3966, #2979 ) ;
#480 = ORIENTED_EDGE ( 'NONE', *, *, #3022, .T. ) ;
#481 = CIRCLE ( 'NONE', #3967, 2.000000000000000000 ) ;
#482 = CARTESIAN_POINT ( 'NONE',  ( -1.622515602108657307, 4.121320343559642829, 3.934885802130594357 ) ) ;
#483 = AXIS2_PLACEMENT_3D ( 'NONE', #225, #162, #1132 ) ;
#484 = LINE ( 'NONE', #2051, #3829 ) ;
#485 =( BOUNDED_CURVE ( )  B_SPLINE_CURVE ( 3, ( #2703, #1149, #160, #2739 ),
 .UNSPECIFIED., .F., .T. ) 
 B_SPLINE_CURVE_WITH_KNOTS ( ( 4, 4 ),
 ( 4.712388980384689674, 6.283185307179586232 ),
 .UNSPECIFIED. ) 
 CURVE ( )  GEOMETRIC_REPRESENTATION_ITEM ( )  RATIONAL_B_SPLINE_CURVE ( ( 1.000000000000000000, 0.8047378541243649375, 0.8047378541243649375, 1.000000000000000000 ) ) 
 REPRESENTATION_ITEM ( '' )  );
#486 = CARTESIAN_POINT ( 'NONE',  ( -7.584236261428659809, 8.518565116121752823, 15.58306291342040240 ) ) ;
#487 = CARTESIAN_POINT ( 'NONE',  ( -4.258074709438689709, 5.166129871215820124, 17.98113798906561200 ) ) ;
#488 = CARTESIAN_POINT ( 'NONE',  ( -3.305163679398798848, 5.249863419477110327, -1.761828530288944705E-16 ) ) ;
#489 = CARTESIAN_POINT ( 'NONE',  ( -10.64444668661641202, 5.000000000000000000, 22.67763071618647785 ) ) ;
#490 = CARTESIAN_POINT ( 'NONE',  ( 3.238417611034425381, 5.238651148179386041, 1.445821298645538029E-13 ) ) ;
#491 = ORIENTED_EDGE ( 'NONE', *, *, #436, .F. ) ;
#492 = CARTESIAN_POINT ( 'NONE',  ( 4.307119784855840905, 5.789118451832201195, 17.73196709207099175 ) ) ;
#493 = CARTESIAN_POINT ( 'NONE',  ( -7.157898379794791488, 3.770906554238490305, 20.10445195211267944 ) ) ;
#494 = ORIENTED_EDGE ( 'NONE', *, *, #1066, .T. ) ;
#495 = CARTESIAN_POINT ( 'NONE',  ( -4.313813567936156446, 5.745832646264198651, 17.81572860043348783 ) ) ;
#496 = CARTESIAN_POINT ( 'NONE',  ( -4.242614328499286103, 5.463330419107327529, 17.93324158708798066 ) ) ;
#497 = CARTESIAN_POINT ( 'NONE',  ( 4.244412850573217710, 4.485953070225827233, 17.92520357773262063 ) ) ;
#498 = ORIENTED_EDGE ( 'NONE', *, *, #3734, .T. ) ;
#499 = CARTESIAN_POINT ( 'NONE',  ( -3.218892004352700287, 4.958611229389090269, 0.06189396702802293926 ) ) ;
#500 = CARTESIAN_POINT ( 'NONE',  ( -4.240297100450685974, 4.483227919239675785, 17.91251509917556106 ) ) ;
#501 = DIRECTION ( 'NONE',  ( 0.9220243030070214285, -1.441049423081766658E-14, -0.3871319990189603932 ) ) ;
#502 = ADVANCED_FACE ( 'NONE', ( #3433 ), #137, .T. ) ;
#503 = CARTESIAN_POINT ( 'NONE',  ( 4.245496171131679652, 4.464299617975239443, 17.93696320155322965 ) ) ;
#504 = CARTESIAN_POINT ( 'NONE',  ( -12.89900049010679695, 8.843640197012488713, 25.39681029079042673 ) ) ;
#505 = CARTESIAN_POINT ( 'NONE',  ( 13.50000000000000711, 10.00000000000000000, 54.00000000000000000 ) ) ;
#506 = ORIENTED_EDGE ( 'NONE', *, *, #4126, .T. ) ;
#507 = DIRECTION ( 'NONE',  ( 8.673617379884087537E-15, 0.000000000000000000, 1.000000000000000000 ) ) ;
#508 = CARTESIAN_POINT ( 'NONE',  ( -9.961258718673688506, 3.447896901560853156, 22.00851441838187483 ) ) ;
#509 = ADVANCED_FACE ( 'NONE', ( #259 ), #1866, .F. ) ;
#510 = VERTEX_POINT ( 'NONE', #29 ) ;
#511 = EDGE_CURVE ( 'NONE', #1795, #2726, #2068, .T. ) ;
#512 = CARTESIAN_POINT ( 'NONE',  ( 4.198227193280071212, 4.839463655979902690, 17.93726951551495929 ) ) ;
#513 = PLANE ( 'NONE',  #1206 ) ;
#514 = CARTESIAN_POINT ( 'NONE',  ( -8.453520947378631689, 7.000000000000000000, 21.06066083946377177 ) ) ;
#515 = CARTESIAN_POINT ( 'NONE',  ( 9.897696543085460874, 6.599333678984656615, 22.12650638280426918 ) ) ;
#516 = DIRECTION ( 'NONE',  ( -0.000000000000000000, -1.000000000000000000, 0.000000000000000000 ) ) ;
#517 = CARTESIAN_POINT ( 'NONE',  ( 4.206387691428694175, 5.453021697482927088, 17.88803407611566243 ) ) ;
#518 = FACE_OUTER_BOUND ( 'NONE', #4023, .T. ) ;
#519 = FACE_OUTER_BOUND ( 'NONE', #3935, .T. ) ;
#520 = CARTESIAN_POINT ( 'NONE',  ( -12.01085689862250305, 9.621359182662788001, 25.18837488239012501 ) ) ;
#521 = CARTESIAN_POINT ( 'NONE',  ( -3.311305838722848449, 10.00000000000000000, 0.000000000000000000 ) ) ;
#522 = ORIENTED_EDGE ( 'NONE', *, *, #2042, .T. ) ;
#523 = CARTESIAN_POINT ( 'NONE',  ( -10.50000000000000533, 7.000000000000000000, 57.00000000000000000 ) ) ;
#524 = CARTESIAN_POINT ( 'NONE',  ( -9.031358099795932404, 2.900000000000000355, 21.35380874761273873 ) ) ;
#525 = EDGE_CURVE ( 'NONE', #1291, #687, #613, .T. ) ;
#526 = CARTESIAN_POINT ( 'NONE',  ( -4.344152921490984198, 5.847756107658717006, 17.71639927782111101 ) ) ;
#527 = ORIENTED_EDGE ( 'NONE', *, *, #899, .F. ) ;
#528 = CARTESIAN_POINT ( 'NONE',  ( -4.233432341272679977, 5.500276663196533633, 17.91060760564406351 ) ) ;
#529 = CARTESIAN_POINT ( 'NONE',  ( 4.246585905286722529, 5.501868844761067301, 17.95139182374488840 ) ) ;
#530 = CARTESIAN_POINT ( 'NONE',  ( 9.214208825091573019, 6.947945350527694686, 21.62207164486940414 ) ) ;
#531 = ORIENTED_EDGE ( 'NONE', *, *, #3090, .T. ) ;
#532 = EDGE_CURVE ( 'NONE', #774, #3929, #689, .T. ) ;
#533 = CIRCLE ( 'NONE', #684, 2.000000000000000444 ) ;
#534 = CARTESIAN_POINT ( 'NONE',  ( 4.199018134409438829, 4.839537168990694305, 17.93743799522303206 ) ) ;
#535 = CIRCLE ( 'NONE', #1142, 0.09999999999999939493 ) ;
#536 = AXIS2_PLACEMENT_3D ( 'NONE', #1453, #2651, #1091 ) ;
#537 = CARTESIAN_POINT ( 'NONE',  ( -5.546834667730391466, 10.00000000000000000, 15.15016958239733569 ) ) ;
#538 = CIRCLE ( 'NONE', #274, 2.000000000000000000 ) ;
#539 = CARTESIAN_POINT ( 'NONE',  ( -4.132957863991655323, 5.000000000000000000, 17.89292158117931919 ) ) ;
#540 = AXIS2_PLACEMENT_3D ( 'NONE', #1969, #3636, #3258 ) ;
#541 = CARTESIAN_POINT ( 'NONE',  ( -3.189577542015074041, 5.435013259268919761, -2.858441437789332503E-14 ) ) ;
#542 = CARTESIAN_POINT ( 'NONE',  ( 3.244390706645263744, 4.957849900419879496, -1.795709848179116965E-16 ) ) ;
#543 = CARTESIAN_POINT ( 'NONE',  ( 7.052828328905353494, 8.000000000000000000, 16.68698554138909884 ) ) ;
#544 = EDGE_LOOP ( 'NONE', ( #2398, #2782 ) ) ;
#545 = AXIS2_PLACEMENT_3D ( 'NONE', #3016, #2366, #2129 ) ;
#546 = DIRECTION ( 'NONE',  ( -0.3871319990189453497, 0.000000000000000000, 0.9220243030070276458 ) ) ;
#547 = CARTESIAN_POINT ( 'NONE',  ( -8.231445624741414946, 2.954657381945947403, 20.79062250716303240 ) ) ;
#548 = DIRECTION ( 'NONE',  ( -0.04521701246061771151, 0.000000000000000000, 0.9989771878196901378 ) ) ;
#549 = VERTEX_POINT ( 'NONE', #2937 ) ;
#550 = EDGE_CURVE ( 'NONE', #3699, #1291, #2892, .T. ) ;
#551 = CARTESIAN_POINT ( 'NONE',  ( -3.218892004352636782, 4.958611229389089381, 0.06189396702817491491 ) ) ;
#552 = DIRECTION ( 'NONE',  ( 1.214306433183764966E-16, 0.000000000000000000, 1.000000000000000000 ) ) ;
#553 = CARTESIAN_POINT ( 'NONE',  ( -6.820210480062397274, 5.523495777344653135, 19.85522800452617886 ) ) ;
#554 = CARTESIAN_POINT ( 'NONE',  ( 10.59402317248001602, 5.523495777344767710, 22.64041662810652156 ) ) ;
#555 = VERTEX_POINT ( 'NONE', #663 ) ;
#556 = ADVANCED_FACE ( 'NONE', ( #3538 ), #2604, .T. ) ;
#557 = CYLINDRICAL_SURFACE ( 'NONE', #810, 1.499999999999999778 ) ;
#558 = CARTESIAN_POINT ( 'NONE',  ( -4.287742461380424253, 8.000000000000000000, 18.01401953210438833 ) ) ;
#559 = CARTESIAN_POINT ( 'NONE',  ( 4.258074709438695038, 5.166129871215891178, 17.98113798906560845 ) ) ;
#560 = ADVANCED_FACE ( 'NONE', ( #1314 ), #3836, .T. ) ;
#561 = CARTESIAN_POINT ( 'NONE',  ( 6.984583908183640943, 3.942400150278517312, 19.91275726014211855 ) ) ;
#562 = DIRECTION ( 'NONE',  ( 1.000000000000000000, 0.000000000000000000, 0.000000000000000000 ) ) ;
#563 = CARTESIAN_POINT ( 'NONE',  ( 2.438745312611245275, 3.595031352298501570, -1.626303258728256651E-16 ) ) ;
#564 = CARTESIAN_POINT ( 'NONE',  ( 6.975911360410283812, 1.355568664821827474, 16.60849435796126983 ) ) ;
#565 =( BOUNDED_SURFACE ( )  B_SPLINE_SURFACE ( 3, 2, ( 
 ( #782, #407, #3934 ),
 ( #1076, #1387, #2331 ),
 ( #1403, #1716, #3281 ),
 ( #3978, #3344, #2707 ),
 ( #2054, #2947, #3592 ),
 ( #2665, #1099, #3995 ),
 ( #1116, #2393, #3672 ),
 ( #60, #1344, #1035 ) ),
 .UNSPECIFIED., .F., .F., .T. ) 
 B_SPLINE_SURFACE_WITH_KNOTS ( ( 4, 2, 2, 4 ),
 ( 3, 3 ),
 ( 0.0006978984745992478870, 0.0008705867187105140789, 0.0009569308407661471748, 0.001043274962821780271 ),
 ( 0.000000000000000000, 0.6164290033330016572 ),
 .UNSPECIFIED. ) 
 GEOMETRIC_REPRESENTATION_ITEM ( )  RATIONAL_B_SPLINE_SURFACE ( (
 ( 1.000000000000000000, 0.8194521250438431270, 0.8614941433139167160),
 ( 1.000000000000000000, 0.8363353719783304108, 0.8744459910211892506),
 ( 1.000000000000000000, 0.8611396352027811396, 0.8934743829543756455),
 ( 1.000000000000000000, 0.9044004209879004108, 0.9266615483947671095),
 ( 1.000000000000000000, 0.9198597976382875130, 0.9385210854140459968),
 ( 1.000000000000000000, 0.9512080349856039119, 0.9625696347001735376),
 ( 1.000000000000000000, 0.9674969952264127482, 0.9750655801286458590),
 ( 1.000000000000000000, 0.9808602435168474187, 0.9853170890595870368) ) ) 
 REPRESENTATION_ITEM ( '' )  SURFACE ( )  );
#566 = ORIENTED_EDGE ( 'NONE', *, *, #1963, .T. ) ;
#567 = DIRECTION ( 'NONE',  ( 0.000000000000000000, 0.000000000000000000, -1.000000000000000000 ) ) ;
#568 = CARTESIAN_POINT ( 'NONE',  ( -9.031742529444793277, 3.007301213353045011, 21.35407940908564584 ) ) ;
#569 = ORIENTED_EDGE ( 'NONE', *, *, #1452, .T. ) ;
#570 = CARTESIAN_POINT ( 'NONE',  ( 4.999999999999999112, 2.000000000000000000, 2.271342482773528525E-17 ) ) ;
#571 = ORIENTED_EDGE ( 'NONE', *, *, #1175, .F. ) ;
#572 = CARTESIAN_POINT ( 'NONE',  ( 4.195566534054439245, 4.946813134531029554, 17.94162575702568319 ) ) ;
#573 = CARTESIAN_POINT ( 'NONE',  ( -7.026485385686115137, 6.025730968424579892, 19.94225840722998200 ) ) ;
#574 = CARTESIAN_POINT ( 'NONE',  ( -7.651552176556193352, 2.000000000000000000, 15.59736574444821322 ) ) ;
#575 = ORIENTED_EDGE ( 'NONE', *, *, #360, .F. ) ;
#576 = CARTESIAN_POINT ( 'NONE',  ( 6.840281933945828285, 9.599333661332178025, 15.42499252221773531 ) ) ;
#577 = DIRECTION ( 'NONE',  ( 0.9244903396001706852, 0.000000000000000000, -0.3812054721353840825 ) ) ;
#578 =( BOUNDED_SURFACE ( )  B_SPLINE_SURFACE ( 3, 2, ( 
 ( #528, #3372, #1765 ),
 ( #3111, #2477, #253 ),
 ( #1783, #496, #1838 ),
 ( #2757, #3716, #3054 ),
 ( #1180, #2499, #830 ),
 ( #4063, #1525, #1507 ),
 ( #172, #3759, #233 ),
 ( #2821, #3390, #3070 ) ),
 .UNSPECIFIED., .F., .F., .T. ) 
 B_SPLINE_SURFACE_WITH_KNOTS ( ( 4, 2, 2, 4 ),
 ( 3, 3 ),
 ( -2.166749073185484514E-14, 9.319418215151284261E-05, 0.0001863883643246931675, 0.0003727767286710538443 ),
 ( 0.000000000000000000, 1.000000000000000000 ),
 .UNSPECIFIED. ) 
 GEOMETRIC_REPRESENTATION_ITEM ( )  RATIONAL_B_SPLINE_SURFACE ( (
 ( 1.000000000000000000, 0.9729126845366486975, 1.000000000000000000),
 ( 1.000000000000000000, 0.9763151770300357857, 1.000000000000000000),
 ( 1.000000000000000000, 0.9646180991357702350, 1.000000000000000000),
 ( 1.000000000000000000, 0.9482791989598851057, 1.000000000000000000),
 ( 1.000000000000000000, 0.9410997520947815831, 1.000000000000000000),
 ( 1.000000000000000000, 0.9230223875671813571, 1.000000000000000000),
 ( 1.000000000000000000, 0.9152993304439626110, 1.000000000000000000),
 ( 1.000000000000000000, 0.9105442730554537123, 1.000000000000000000) ) ) 
 REPRESENTATION_ITEM ( '' )  SURFACE ( )  );
#579 = CARTESIAN_POINT ( 'NONE',  ( 7.516537109457000376, 3.400666321015420213, 20.36913824982854493 ) ) ;
#580 = CARTESIAN_POINT ( 'NONE',  ( 4.344152921490699981, 5.847756107658259594, 17.71639927782123891 ) ) ;
#581 = CARTESIAN_POINT ( 'NONE',  ( 3.218892004352636782, 5.041388770610104153, 0.06189396702817450552 ) ) ;
#582 = ORIENTED_EDGE ( 'NONE', *, *, #2262, .F. ) ;
#583 = FACE_OUTER_BOUND ( 'NONE', #232, .T. ) ;
#584 = DIRECTION ( 'NONE',  ( 1.000000000000000000, 0.000000000000000000, 0.000000000000000000 ) ) ;
#585 =( BOUNDED_CURVE ( )  B_SPLINE_CURVE ( 3, ( #3514, #1889, #4112, #2503 ),
 .UNSPECIFIED., .F., .T. ) 
 B_SPLINE_CURVE_WITH_KNOTS ( ( 4, 4 ),
 ( 0.000000000000000000, 1.570796326794897890 ),
 .UNSPECIFIED. ) 
 CURVE ( )  GEOMETRIC_REPRESENTATION_ITEM ( )  RATIONAL_B_SPLINE_CURVE ( ( 1.000000000000000000, 0.8047378541243646044, 0.8047378541243646044, 1.000000000000000000 ) ) 
 REPRESENTATION_ITEM ( '' )  );
#586 = CARTESIAN_POINT ( 'NONE',  ( -3.532334077613603185, 10.00000000000000000, 15.99600156093996439 ) ) ;
#587 = VERTEX_POINT ( 'NONE', #984 ) ;
#588 = FACE_OUTER_BOUND ( 'NONE', #3896, .T. ) ;
#589 = ORIENTED_EDGE ( 'NONE', *, *, #2023, .T. ) ;
#590 = CARTESIAN_POINT ( 'NONE',  ( -11.65137628346032450, 8.673617379884035472E-16, 23.19845830213714066 ) ) ;
#591 = CARTESIAN_POINT ( 'NONE',  ( 1.622515602108638211, 5.000000000000000000, 3.934885802130592136 ) ) ;
#592 = CARTESIAN_POINT ( 'NONE',  ( 7.731440743930953374, 6.747572779517431840, 20.52774367269588396 ) ) ;
#593 = VERTEX_POINT ( 'NONE', #2297 ) ;
#594 = CARTESIAN_POINT ( 'NONE',  ( -4.245315091801694862, 4.454759417628457285, 17.93312623052256782 ) ) ;
#595 = CARTESIAN_POINT ( 'NONE',  ( 4.141304585334477650, 4.835671493120361042, 17.88947988393924859 ) ) ;
#596 = EDGE_CURVE ( 'NONE', #625, #1565, #2115, .T. ) ;
#597 = DIRECTION ( 'NONE',  ( 0.000000000000000000, 0.000000000000000000, -1.000000000000000000 ) ) ;
#598 = CARTESIAN_POINT ( 'NONE',  ( 5.661679075522589422, 6.628610915628932787, 17.27108987534148099 ) ) ;
#599 = VECTOR ( 'NONE', #552, 1000.000000000000000 ) ;
#600 = AXIS2_PLACEMENT_3D ( 'NONE', #4076, #2774, #507 ) ;
#601 = CARTESIAN_POINT ( 'NONE',  ( 2.947592041732119306, 3.996599671747912641, -1.626303258728256651E-16 ) ) ;
#602 = DIRECTION ( 'NONE',  ( -0.9948489455978217766, 0.1013685130743384316, 0.000000000000000000 ) ) ;
#603 = ORIENTED_EDGE ( 'NONE', *, *, #3355, .F. ) ;
#604 = VECTOR ( 'NONE', #1185, 1000.000000000000000 ) ;
#605 = AXIS2_PLACEMENT_3D ( 'NONE', #2370, #3323, #2985 ) ;
#606 = DIRECTION ( 'NONE',  ( -1.214306433183764966E-16, 0.000000000000000000, 1.000000000000000000 ) ) ;
#607 = CARTESIAN_POINT ( 'NONE',  ( -5.546834667730394131, 0.000000000000000000, 15.15016958239733924 ) ) ;
#608 = ORIENTED_EDGE ( 'NONE', *, *, #532, .F. ) ;
#609 = CARTESIAN_POINT ( 'NONE',  ( 2.438745312611200422, 6.404968647701497986, -1.626303258728256651E-16 ) ) ;
#610 = CIRCLE ( 'NONE', #2963, 2.000000000000000444 ) ;
#611 = VECTOR ( 'NONE', #3998, 1000.000000000000000 ) ;
#612 = EDGE_LOOP ( 'NONE', ( #3265, #3980, #1836, #3228 ) ) ;
#613 =( BOUNDED_CURVE ( )  B_SPLINE_CURVE ( 3, ( #1596, #2587, #2544, #3517 ),
 .UNSPECIFIED., .F., .T. ) 
 B_SPLINE_CURVE_WITH_KNOTS ( ( 4, 4 ),
 ( 1.570796326794896780, 3.113996637404225609 ),
 .UNSPECIFIED. ) 
 CURVE ( )  GEOMETRIC_REPRESENTATION_ITEM ( )  RATIONAL_B_SPLINE_CURVE ( ( 1.000000000000000000, 0.8111972176583966965, 0.8111972176583966965, 1.000000000000000000 ) ) 
 REPRESENTATION_ITEM ( '' )  );
#614 = CARTESIAN_POINT ( 'NONE',  ( -13.42191800665351664, 2.214756290546810558, 25.51953202989441749 ) ) ;
#615 = CARTESIAN_POINT ( 'NONE',  ( 6.239089654641012395, 8.000000000000000000, 14.85951123853422651 ) ) ;
#616 = CARTESIAN_POINT ( 'NONE',  ( -4.206917091159668942, 5.000000000000000000, 17.86242514340848686 ) ) ;
#617 = ORIENTED_EDGE ( 'NONE', *, *, #1479, .F. ) ;
#618 = CARTESIAN_POINT ( 'NONE',  ( -6.751127845765406477, 0.7709065365858612795, 16.37911032964120395 ) ) ;
#619 = EDGE_LOOP ( 'NONE', ( #382, #1010, #2955, #1931, #1394, #3854 ) ) ;
#620 = CARTESIAN_POINT ( 'NONE',  ( 6.975911360410311346, 8.644431335178262898, 16.60849435796122009 ) ) ;
#621 = CARTESIAN_POINT ( 'NONE',  ( 5.333773573833984649, 6.622458288364293288, 17.40876814688381202 ) ) ;
#622 = CARTESIAN_POINT ( 'NONE',  ( 2.628523418090114472, 3.709653683491783482, -1.626303258728256651E-16 ) ) ;
#623 = LINE ( 'NONE', #1562, #2746 ) ;
#624 = EDGE_CURVE ( 'NONE', #1057, #2474, #1976, .T. ) ;
#625 = VERTEX_POINT ( 'NONE', #1912 ) ;
#626 = CARTESIAN_POINT ( 'NONE',  ( -7.784557991600668636, 8.172223128481968857, 16.37975289412371538 ) ) ;
#627 = DIRECTION ( 'NONE',  ( 0.1675954939338693273, 0.000000000000000000, 0.9858558466698174039 ) ) ;
#628 = CARTESIAN_POINT ( 'NONE',  ( -3.218892004352636782, 4.958611229389089381, 0.06189396702817491491 ) ) ;
#629 = ORIENTED_EDGE ( 'NONE', *, *, #3553, .T. ) ;
#630 = CYLINDRICAL_SURFACE ( 'NONE', #341, 2.999999999999999112 ) ;
#631 = EDGE_CURVE ( 'NONE', #3776, #2354, #1349, .T. ) ;
#632 = ORIENTED_EDGE ( 'NONE', *, *, #3430, .T. ) ;
#633 = CARTESIAN_POINT ( 'NONE',  ( -11.28524369556762785, 0.07808198759489792806, 25.01808317982156282 ) ) ;
#634 = DIRECTION ( 'NONE',  ( 0.04521701246061474166, 0.000000000000000000, 0.9989771878196902488 ) ) ;
#635 = EDGE_CURVE ( 'NONE', #3158, #1886, #376, .T. ) ;
#636 = CARTESIAN_POINT ( 'NONE',  ( -10.64444668661641202, 4.999999999999996447, 22.67763071618647785 ) ) ;
#637 = ORIENTED_EDGE ( 'NONE', *, *, #3503, .T. ) ;
#638 = EDGE_CURVE ( 'NONE', #3690, #3531, #2878, .T. ) ;
#639 = CARTESIAN_POINT ( 'NONE',  ( 3.312230855821690412, 5.014716052845423988, -1.520422922067869669E-13 ) ) ;
#640 = EDGE_LOOP ( 'NONE', ( #3646, #1391, #2561, #2179 ) ) ;
#641 = CARTESIAN_POINT ( 'NONE',  ( -4.245315091801694862, 4.454759417628457285, 17.93312623052256782 ) ) ;
#642 = CARTESIAN_POINT ( 'NONE',  ( -3.532334077613604517, 2.000000000000000000, 15.99600156093996439 ) ) ;
#643 = CARTESIAN_POINT ( 'NONE',  ( 5.661679075522880744, 3.371389084371278155, 17.27108987534136020 ) ) ;
#644 = CARTESIAN_POINT ( 'NONE',  ( -6.258480562894144228, 3.571837014833830093, 17.02050976365662649 ) ) ;
#645 = FACE_OUTER_BOUND ( 'NONE', #442, .T. ) ;
#646 = EDGE_LOOP ( 'NONE', ( #1468, #1996, #4110, #2108 ) ) ;
#647 = CARTESIAN_POINT ( 'NONE',  ( 12.65137628346032095, 7.000000000000000000, 23.90251813119695967 ) ) ;
#648 = CARTESIAN_POINT ( 'NONE',  ( -4.178564437670361009, 4.629702355828309912, 17.88254178068611111 ) ) ;
#649 = EDGE_LOOP ( 'NONE', ( #3798, #3459, #1318, #1720 ) ) ;
#650 = CARTESIAN_POINT ( 'NONE',  ( 1.581281480365390291, 6.599999999999999645, -1.761828530288944705E-16 ) ) ;
#651 = VERTEX_POINT ( 'NONE', #834 ) ;
#652 = CARTESIAN_POINT ( 'NONE',  ( -12.01085689862291517, 0.3786408173373814190, 25.18837488239012501 ) ) ;
#653 = EDGE_CURVE ( 'NONE', #3176, #1683, #2152, .T. ) ;
#654 = CARTESIAN_POINT ( 'NONE',  ( 4.259013371482887500, 5.122087641000682368, 17.98281304270523862 ) ) ;
#655 = EDGE_LOOP ( 'NONE', ( #2046, #1501, #571, #2879 ) ) ;
#656 = B_SPLINE_CURVE_WITH_KNOTS ( 'NONE', 3,
 ( #3926, #1690, #2981, #92 ),
 .UNSPECIFIED., .F., .F.,
 ( 4, 4 ),
 ( 0.000000000000000000, 1.000000000000000000 ),
 .UNSPECIFIED. ) ;
#657 = EDGE_CURVE ( 'NONE', #1418, #3515, #285, .T. ) ;
#658 = CARTESIAN_POINT ( 'NONE',  ( 4.212637556546173556, 4.629950252237049924, 17.92171155701340268 ) ) ;
#659 = CARTESIAN_POINT ( 'NONE',  ( 3.244390706645263744, 4.957849900419878608, 1.355252715606880543E-17 ) ) ;
#660 = CARTESIAN_POINT ( 'NONE',  ( 8.515800394943905616, 2.993195591079393481, 20.99082527806410070 ) ) ;
#661 = ORIENTED_EDGE ( 'NONE', *, *, #1649, .F. ) ;
#662 = FACE_OUTER_BOUND ( 'NONE', #870, .T. ) ;
#663 = CARTESIAN_POINT ( 'NONE',  ( -5.584101826245895239, 5.000000000000000000, 46.01329622327511260 ) ) ;
#664 = ADVANCED_FACE ( 'NONE', ( #464 ), #149, .T. ) ;
#665 = CARTESIAN_POINT ( 'NONE',  ( 5.614316590573247723, 3.473177266597950563, 17.18245390176770115 ) ) ;
#666 = CARTESIAN_POINT ( 'NONE',  ( -6.771760180844858645, 4.365607433722199282, 16.69589325756642495 ) ) ;
#667 = CARTESIAN_POINT ( 'NONE',  ( -4.245073550944851171, 5.602159918741168809, 17.90547943089531202 ) ) ;
#668 = ORIENTED_EDGE ( 'NONE', *, *, #845, .F. ) ;
#669 = AXIS2_PLACEMENT_3D ( 'NONE', #2277, #3905, #3565 ) ;
#670 = CARTESIAN_POINT ( 'NONE',  ( 12.65137628346032095, 7.585786437626907741, 23.90251813119696678 ) ) ;
#671 = STYLED_ITEM ( 'NONE', ( #1300 ), #1450 ) ;
#672 = CARTESIAN_POINT ( 'NONE',  ( -7.052828328905349053, 2.000000000000000000, 16.68698554138910239 ) ) ;
#673 = CARTESIAN_POINT ( 'NONE',  ( -11.65137628346032450, 9.999999999999998224, 23.19845830213714066 ) ) ;
#674 = CARTESIAN_POINT ( 'NONE',  ( 4.245496171131883045, 5.535700382019321353, 17.93696320155559931 ) ) ;
#675 = EDGE_LOOP ( 'NONE', ( #2713, #3956 ) ) ;
#676 = CIRCLE ( 'NONE', #3897, 0.09000000000000032974 ) ;
#677 = VECTOR ( 'NONE', #449, 1000.000000000000000 ) ;
#678 = LINE ( 'NONE', #3153, #1864 ) ;
#679 = CARTESIAN_POINT ( 'NONE',  ( -10.50000000000000000, 2.000000000000000000, 24.83379699913084693 ) ) ;
#680 = AXIS2_PLACEMENT_3D ( 'NONE', #1361, #1380, #3566 ) ;
#681 = CIRCLE ( 'NONE', #751, 2.099999999999997868 ) ;
#682 = VERTEX_POINT ( 'NONE', #1243 ) ;
#683 = ADVANCED_FACE ( 'NONE', ( #2139 ), #4050, .T. ) ;
#684 = AXIS2_PLACEMENT_3D ( 'NONE', #2776, #2386, #1724 ) ;
#685 = CARTESIAN_POINT ( 'NONE',  ( -7.760966817828801823, 1.657226386291257958, 16.36679002545110606 ) ) ;
#686 = CARTESIAN_POINT ( 'NONE',  ( 9.961258718673633439, 3.447896901560638661, 22.00851441838183575 ) ) ;
#687 = VERTEX_POINT ( 'NONE', #3533 ) ;
#688 = CARTESIAN_POINT ( 'NONE',  ( -4.254838901848889243, 4.710347498525080390, 17.97523438326457068 ) ) ;
#689 = LINE ( 'NONE', #2566, #1537 ) ;
#690 = CARTESIAN_POINT ( 'NONE',  ( 13.50000000000000178, 8.757359312880716118, 25.53785682819067304 ) ) ;
#691 = CARTESIAN_POINT ( 'NONE',  ( -4.306598075651546509, 10.00000000000000000, 17.84005016695400059 ) ) ;
#692 = CARTESIAN_POINT ( 'NONE',  ( 12.34364019701249404, 0.6009995098932069402, 25.26647466644977058 ) ) ;
#693 = ORIENTED_EDGE ( 'NONE', *, *, #3430, .F. ) ;
#694 = DIRECTION ( 'NONE',  ( 0.8176693484968582393, 0.000000000000000000, -0.5756881417301588089 ) ) ;
#695 = FACE_OUTER_BOUND ( 'NONE', #612, .T. ) ;
#696 = ORIENTED_EDGE ( 'NONE', *, *, #2624, .T. ) ;
#697 = CARTESIAN_POINT ( 'NONE',  ( 4.251411296159378850, 5.387153285496443011, 17.96683873858875913 ) ) ;
#698 = VERTEX_POINT ( 'NONE', #3 ) ;
#699 = CARTESIAN_POINT ( 'NONE',  ( -4.256784408788502283, 5.226671062407756807, 17.97883543212972768 ) ) ;
#700 = CARTESIAN_POINT ( 'NONE',  ( 3.311305838722849781, 8.000000000000000000, 0.000000000000000000 ) ) ;
#701 = CARTESIAN_POINT ( 'NONE',  ( -3.311305838722848449, 2.000000000000000000, 2.000000000000000000 ) ) ;
#702 = ORIENTED_EDGE ( 'NONE', *, *, #114, .F. ) ;
#703 = CARTESIAN_POINT ( 'NONE',  ( -6.606810325903603953, 0.2524272124317714638, 15.37538605169279471 ) ) ;
#704 = FACE_OUTER_BOUND ( 'NONE', #4129, .T. ) ;
#705 = CARTESIAN_POINT ( 'NONE',  ( 10.80191321957146933, 5.000000000000000000, 22.60038548258290803 ) ) ;
#706 = ORIENTED_EDGE ( 'NONE', *, *, #247, .T. ) ;
#707 = CARTESIAN_POINT ( 'NONE',  ( 11.50000000000000178, 10.00000000000000000, 25.53785682819067659 ) ) ;
#708 = CARTESIAN_POINT ( 'NONE',  ( 4.178162661047397641, 4.631160583864781799, 17.88253235301974087 ) ) ;
#709 = LINE ( 'NONE', #3605, #2826 ) ;
#710 = CARTESIAN_POINT ( 'NONE',  ( -4.483362303873036581, 6.184109216013025545, 17.76583185318151337 ) ) ;
#711 = CARTESIAN_POINT ( 'NONE',  ( 13.18265123102056080, 1.545132339737677496, 24.27656747995999353 ) ) ;
#712 = ORIENTED_EDGE ( 'NONE', *, *, #1684, .F. ) ;
#713 = CARTESIAN_POINT ( 'NONE',  ( -6.862751441324453694, 9.007237923834289006, 16.49301846051700693 ) ) ;
#714 = CARTESIAN_POINT ( 'NONE',  ( 5.679840483216567648, 0.000000000000000000, 15.93255673231595893 ) ) ;
#715 = DIRECTION ( 'NONE',  ( 1.000000000000000000, 0.000000000000000000, 0.000000000000000000 ) ) ;
#716 = DIRECTION ( 'NONE',  ( 0.3812054721353839160, 0.000000000000000000, 0.9244903396001707963 ) ) ;
#717 = FACE_OUTER_BOUND ( 'NONE', #3913, .T. ) ;
#718 = EDGE_CURVE ( 'NONE', #2577, #3625, #2452, .T. ) ;
#719 = VERTEX_POINT ( 'NONE', #1262 ) ;
#720 = CARTESIAN_POINT ( 'NONE',  ( 3.283940532627991793, 5.960676645930395701, -1.761828530288944459E-16 ) ) ;
#721 = CARTESIAN_POINT ( 'NONE',  ( -10.64444668661657012, 4.738153416962764375, 22.67763071618298554 ) ) ;
#722 = ORIENTED_EDGE ( 'NONE', *, *, #418, .T. ) ;
#723 = CARTESIAN_POINT ( 'NONE',  ( -10.50000000000000533, 7.000000000000000000, 54.00000000000000000 ) ) ;
#724 = CARTESIAN_POINT ( 'NONE',  ( -13.50000000000000355, 10.00000000000000000, 25.53785682819068015 ) ) ;
#725 =( BOUNDED_SURFACE ( )  B_SPLINE_SURFACE ( 3, 2, ( 
 ( #2543, #2890, #902 ),
 ( #2182, #2226, #2163 ),
 ( #1577, #2828, #3432 ),
 ( #7, #641, #594 ) ),
 .UNSPECIFIED., .F., .F., .T. ) 
 B_SPLINE_SURFACE_WITH_KNOTS ( ( 4, 4 ),
 ( 3, 3 ),
 ( 0.000000000000000000, 2.402505080638983782E-05 ),
 ( 0.000000000000000000, 1.000000000000000000 ),
 .UNSPECIFIED. ) 
 GEOMETRIC_REPRESENTATION_ITEM ( )  RATIONAL_B_SPLINE_SURFACE ( (
 ( 1.000000000000000000, 0.9729126845147161307, 1.000000000000000000),
 ( 1.000000000000000000, 0.9960884855295356610, 1.000000000000000000),
 ( 1.000000000000000000, 0.9991953083129869739, 1.000000000000000000),
 ( 1.000000000000000000, 1.000000000000000000, 1.000000000000000000) ) ) 
 REPRESENTATION_ITEM ( '' )  SURFACE ( )  );
#726 = ORIENTED_EDGE ( 'NONE', *, *, #2817, .T. ) ;
#727 = LINE ( 'NONE', #2629, #3745 ) ;
#728 = CARTESIAN_POINT ( 'NONE',  ( -4.233322722910395797, 4.448517375163474341, 17.86165481318850468 ) ) ;
#729 = DIRECTION ( 'NONE',  ( 0.000000000000000000, 0.000000000000000000, 1.000000000000000000 ) ) ;
#730 = CARTESIAN_POINT ( 'NONE',  ( 12.26592301579786870, 2.200333169964402202, 23.63113596945598616 ) ) ;
#731 = ORIENTED_EDGE ( 'NONE', *, *, #956, .T. ) ;
#732 = EDGE_CURVE ( 'NONE', #2325, #549, #939, .T. ) ;
#733 = CARTESIAN_POINT ( 'NONE',  ( -6.840281933945798976, 9.599333661332154932, 15.42499252221747597 ) ) ;
#734 = CARTESIAN_POINT ( 'NONE',  ( -6.867763861665288516, 5.000000000000000000, 16.65553568577801613 ) ) ;
#735 = LINE ( 'NONE', #2616, #202 ) ;
#736 = VERTEX_POINT ( 'NONE', #4131 ) ;
#737 = CARTESIAN_POINT ( 'NONE',  ( 10.50000000000000533, 7.000000000000000000, 54.00000000000000000 ) ) ;
#738 = ADVANCED_FACE ( 'NONE', ( #1246 ), #877, .T. ) ;
#739 = ORIENTED_EDGE ( 'NONE', *, *, #3090, .F. ) ;
#740 = AXIS2_PLACEMENT_3D ( 'NONE', #2415, #3693, #546 ) ;
#741 = CARTESIAN_POINT ( 'NONE',  ( 3.311305838722849337, 0.000000000000000000, 2.000000000000000000 ) ) ;
#742 = CARTESIAN_POINT ( 'NONE',  ( 4.202789572522745765, 4.733052708406871645, 17.92995083777704579 ) ) ;
#743 = FACE_OUTER_BOUND ( 'NONE', #3312, .T. ) ;
#744 = ADVANCED_FACE ( 'NONE', ( #3490 ), #3203, .T. ) ;
#745 = CIRCLE ( 'NONE', #2538, 0.09999999999999993616 ) ;
#746 = AXIS2_PLACEMENT_3D ( 'NONE', #2721, #4010, #3379 ) ;
#747 = ORIENTED_EDGE ( 'NONE', *, *, #3810, .T. ) ;
#748 = CARTESIAN_POINT ( 'NONE',  ( 4.244271764961518478, 4.487512244442238618, 17.92441726023093551 ) ) ;
#749 = AXIS2_PLACEMENT_3D ( 'NONE', #2164, #3118, #577 ) ;
#750 = DIRECTION ( 'NONE',  ( 1.000000000000000000, 0.000000000000000000, 0.000000000000000000 ) ) ;
#751 = AXIS2_PLACEMENT_3D ( 'NONE', #2837, #337, #1854 ) ;
#752 = CARTESIAN_POINT ( 'NONE',  ( 4.244858296230056283, 5.537917199292500037, 17.90345662889468059 ) ) ;
#753 = CARTESIAN_POINT ( 'NONE',  ( 4.240531855896409574, 5.374910930450313096, 17.93753905629704448 ) ) ;
#754 = ORIENTED_EDGE ( 'NONE', *, *, #320, .T. ) ;
#755 = CARTESIAN_POINT ( 'NONE',  ( -4.258074709438688821, 4.833870128784178988, 17.98113798906561200 ) ) ;
#756 = CARTESIAN_POINT ( 'NONE',  ( -6.867763861665288516, 5.000000000000000000, 16.65553568577801613 ) ) ;
#757 = AXIS2_PLACEMENT_3D ( 'NONE', #1997, #3038, #2362 ) ;
#758 = CIRCLE ( 'NONE', #871, 1.999999999999999334 ) ;
#759 = DIRECTION ( 'NONE',  ( -0.000000000000000000, 1.000000000000000000, -0.000000000000000000 ) ) ;
#760 = DIRECTION ( 'NONE',  ( 0.000000000000000000, 1.000000000000000000, -0.000000000000000000 ) ) ;
#761 = B_SPLINE_CURVE_WITH_KNOTS ( 'NONE', 3,
 ( #1257, #3546, #1586, #3196, #697, #1238, #2259, #1566, #3799, #674 ),
 .UNSPECIFIED., .F., .F.,
 ( 4, 3, 3, 4 ),
 ( 0.000000000000000000, 0.0001817618339828531103, 0.0003012808563684355985, 0.0003635826518014033675 ),
 .UNSPECIFIED. ) ;
#762 = DIRECTION ( 'NONE',  ( 0.9989771878196900268, 0.000000000000000000, 0.04521701246061764212 ) ) ;
#763 = CARTESIAN_POINT ( 'NONE',  ( -6.727458061317024729, 5.000000000000000000, 19.73172528035034645 ) ) ;
#764 = CARTESIAN_POINT ( 'NONE',  ( -1.622515602108656418, 5.000000000000000000, 3.934885802130594357 ) ) ;
#765 = CARTESIAN_POINT ( 'NONE',  ( 12.65137628346032095, 3.000000000000000000, 23.90251813119695967 ) ) ;
#766 = ORIENTED_EDGE ( 'NONE', *, *, #1330, .T. ) ;
#767 = CARTESIAN_POINT ( 'NONE',  ( -8.209951411076264804, 2.000000000000000000, 11.66087180693077840 ) ) ;
#768 = CARTESIAN_POINT ( 'NONE',  ( 12.65137628346032095, 10.00000000000000000, 23.90251813119695967 ) ) ;
#769 = EDGE_LOOP ( 'NONE', ( #726, #3401, #1648 ) ) ;
#770 = EDGE_CURVE ( 'NONE', #1565, #3916, #1676, .T. ) ;
#771 = CARTESIAN_POINT ( 'NONE',  ( -4.237652744009534622, 5.053651858092329086, 17.94875322742225876 ) ) ;
#772 = CARTESIAN_POINT ( 'NONE',  ( 4.244412850572804707, 5.514046929752066895, 17.92520357775276096 ) ) ;
#773 = DIRECTION ( 'NONE',  ( -0.1675954939338688277, 0.000000000000000000, 0.9858558466698175149 ) ) ;
#774 = VERTEX_POINT ( 'NONE', #3288 ) ;
#775 = CARTESIAN_POINT ( 'NONE',  ( -4.999999999999999112, 2.000000000000000000, 0.000000000000000000 ) ) ;
#776 = CARTESIAN_POINT ( 'NONE',  ( 4.203191116989598797, 5.274601977590350543, 17.92930840131577952 ) ) ;
#777 = CARTESIAN_POINT ( 'NONE',  ( 12.65137628346032095, 6.999999999999998224, 23.90251813119695967 ) ) ;
#778 = CARTESIAN_POINT ( 'NONE',  ( 0.000000000000000000, 10.00000000000000000, 0.000000000000000000 ) ) ;
#779 = LINE ( 'NONE', #4007, #3485 ) ;
#780 = CARTESIAN_POINT ( 'NONE',  ( -7.651552176556194240, 2.000000000000000000, 15.59736574444821500 ) ) ;
#781 = CARTESIAN_POINT ( 'NONE',  ( -2.889235643183011515, 4.042725449727560871, -1.140519537117758560E-15 ) ) ;
#782 = CARTESIAN_POINT ( 'NONE',  ( -4.141304585334468769, 5.164328506879572345, 17.88947988393924859 ) ) ;
#783 = ORIENTED_EDGE ( 'NONE', *, *, #3311, .T. ) ;
#784 = CARTESIAN_POINT ( 'NONE',  ( 4.287722548017452340, 4.155490638997241248, 17.84797546862087714 ) ) ;
#785 = DIRECTION ( 'NONE',  ( 0.000000000000000000, -5.510717347367227829E-16, 1.000000000000000000 ) ) ;
#786 = VERTEX_POINT ( 'NONE', #1061 ) ;
#787 = EDGE_CURVE ( 'NONE', #1418, #1591, #1414, .T. ) ;
#788 = DIRECTION ( 'NONE',  ( 0.000000000000000000, 0.6379654906732636910, -0.7700649535656209910 ) ) ;
#789 = CARTESIAN_POINT ( 'NONE',  ( 4.306598075651552726, 4.095726818497366750, 17.84005016695400059 ) ) ;
#790 = VERTEX_POINT ( 'NONE', #2649 ) ;
#791 = LINE ( 'NONE', #3458, #2022 ) ;
#792 = ADVANCED_FACE ( 'NONE', ( #87 ), #1354, .T. ) ;
#793 = CARTESIAN_POINT ( 'NONE',  ( 4.999999999999999112, 0.000000000000000000, 2.000000000000000000 ) ) ;
#794 = CARTESIAN_POINT ( 'NONE',  ( 4.279731316283870157, 4.270914094882620304, 17.75730155394712995 ) ) ;
#795 = ADVANCED_FACE ( 'NONE', ( #2626 ), #2888, .T. ) ;
#796 = CARTESIAN_POINT ( 'NONE',  ( 4.218005597826723019, 5.481487493940563560, 17.89147951454138408 ) ) ;
#797 = CARTESIAN_POINT ( 'NONE',  ( -7.637984978158728566, 8.261796171942757283, 15.59448307775891074 ) ) ;
#798 = DIRECTION ( 'NONE',  ( 1.000000000000000000, 0.000000000000000000, 0.000000000000000000 ) ) ;
#799 = FACE_OUTER_BOUND ( 'NONE', #3739, .T. ) ;
#800 = DIRECTION ( 'NONE',  ( -0.000000000000000000, 0.000000000000000000, 1.000000000000000000 ) ) ;
#801 = CARTESIAN_POINT ( 'NONE',  ( 3.213077948057417199, 5.234246846114935181, 0.06202925599053582539 ) ) ;
#802 = VERTEX_POINT ( 'NONE', #2338 ) ;
#803 = CYLINDRICAL_SURFACE ( 'NONE', #872, 0.09999999999999939493 ) ;
#804 = CARTESIAN_POINT ( 'NONE',  ( 4.156936207580822717, 5.283227077235156166, 17.88345568628039217 ) ) ;
#805 = ORIENTED_EDGE ( 'NONE', *, *, #4126, .F. ) ;
#806 = B_SPLINE_CURVE_WITH_KNOTS ( 'NONE', 3,
 ( #2072, #3326, #2618, #3364 ),
 .UNSPECIFIED., .F., .F.,
 ( 4, 4 ),
 ( 0.000000000000000000, 8.829604396822300671E-05 ),
 .UNSPECIFIED. ) ;
#807 = CARTESIAN_POINT ( 'NONE',  ( 7.058575127615948297, 2.000000000000000000, 10.02553310993707569 ) ) ;
#808 = CARTESIAN_POINT ( 'NONE',  ( 13.50000000000000000, 7.000000000000000000, -1.639313684798082704E-15 ) ) ;
#809 = CARTESIAN_POINT ( 'NONE',  ( 4.256196073743626407, 4.318541316385664075, 17.88585087146049801 ) ) ;
#810 = AXIS2_PLACEMENT_3D ( 'NONE', #3137, #257, #3181 ) ;
#811 = VECTOR ( 'NONE', #1037, 1000.000000000000114 ) ;
#812 = ORIENTED_EDGE ( 'NONE', *, *, #1797, .F. ) ;
#813 = ADVANCED_FACE ( 'NONE', ( #460, #3350 ), #3599, .F. ) ;
#814 = CIRCLE ( 'NONE', #2606, 0.09999999999999997780 ) ;
#815 = CIRCLE ( 'NONE', #945, 2.000000000000000000 ) ;
#816 = CARTESIAN_POINT ( 'NONE',  ( -3.245257714995021914, 4.985952640569575323, -3.095115124305067848E-05 ) ) ;
#817 = FACE_OUTER_BOUND ( 'NONE', #3036, .T. ) ;
#818 = CIRCLE ( 'NONE', #669, 0.9999999999999974465 ) ;
#819 = CARTESIAN_POINT ( 'NONE',  ( -4.195572533190270903, 5.000000000001701750, 17.94161668970276935 ) ) ;
#820 = CARTESIAN_POINT ( 'NONE',  ( -5.941025342143337440, 9.947945342476897324, 15.55242792845890065 ) ) ;
#821 = EDGE_CURVE ( 'NONE', #3662, #1275, #3091, .T. ) ;
#822 = CARTESIAN_POINT ( 'NONE',  ( -12.25735931288071789, 10.00000000000000000, 25.24622569827201701 ) ) ;
#823 = CARTESIAN_POINT ( 'NONE',  ( -1.791993837874416906, 6.500000000000000000, 0.09509687320324618220 ) ) ;
#824 = CARTESIAN_POINT ( 'NONE',  ( -3.076765637910682472, 4.168818178802150776, -1.761828530288944705E-16 ) ) ;
#825 = CARTESIAN_POINT ( 'NONE',  ( 7.229907447460447223, 0.7709065365859013585, 15.50777751999049059 ) ) ;
#826 = EDGE_LOOP ( 'NONE', ( #3525, #2083, #1857 ) ) ;
#827 = CARTESIAN_POINT ( 'NONE',  ( 3.311305838722849781, 10.00000000000000000, 2.000000000000000000 ) ) ;
#828 = PLANE ( 'NONE',  #3160 ) ;
#829 = ORIENTED_EDGE ( 'NONE', *, *, #1792, .T. ) ;
#830 = CARTESIAN_POINT ( 'NONE',  ( -4.251614373468900254, 5.381214363526631850, 17.96730998230759369 ) ) ;
#831 = DIRECTION ( 'NONE',  ( -1.000000000000000000, 5.345783651393923134E-16, 0.000000000000000000 ) ) ;
#832 = CYLINDRICAL_SURFACE ( 'NONE', #1411, 2.999999999999999112 ) ;
#833 = ORIENTED_EDGE ( 'NONE', *, *, #638, .T. ) ;
#834 = CARTESIAN_POINT ( 'NONE',  ( -4.287742461380424253, 8.000000000000000000, 18.01401953210438833 ) ) ;
#835 = DIRECTION ( 'NONE',  ( -0.3812054721353828612, 0.000000000000000000, 0.9244903396001712403 ) ) ;
#836 = CARTESIAN_POINT ( 'NONE',  ( 4.258074709438695038, 5.166129871215890290, 17.98113798906560845 ) ) ;
#837 = CARTESIAN_POINT ( 'NONE',  ( -4.206531749840510592, 5.453373940378623885, 17.88808919316123180 ) ) ;
#838 = FACE_OUTER_BOUND ( 'NONE', #2162, .T. ) ;
#839 = CARTESIAN_POINT ( 'NONE',  ( -13.50000000000000355, 6.999999999999997335, 25.53785682819068015 ) ) ;
#840 = CARTESIAN_POINT ( 'NONE',  ( -4.287722548017442570, 5.844509361002752534, 17.84797546862087714 ) ) ;
#841 = EDGE_CURVE ( 'NONE', #2318, #3662, #3633, .T. ) ;
#842 = ORIENTED_EDGE ( 'NONE', *, *, #58, .F. ) ;
#843 = CARTESIAN_POINT ( 'NONE',  ( -4.198227193280064995, 4.839463655979969303, 17.93726951551496995 ) ) ;
#844 = CARTESIAN_POINT ( 'NONE',  ( -10.43412254651739346, 4.044584356401220049, 22.34143884418279313 ) ) ;
#845 = EDGE_CURVE ( 'NONE', #2008, #3158, #957, .T. ) ;
#846 = ORIENTED_EDGE ( 'NONE', *, *, #525, .F. ) ;
#847 = LINE ( 'NONE', #807, #3691 ) ;
#848 = CARTESIAN_POINT ( 'NONE',  ( -9.287108334633417783, 6.927953857426338402, 21.53387221423367137 ) ) ;
#849 = CARTESIAN_POINT ( 'NONE',  ( 6.769786965926060773, 5.000000000000000000, 19.81801391644615151 ) ) ;
#850 = ORIENTED_EDGE ( 'NONE', *, *, #4079, .F. ) ;
#851 = CARTESIAN_POINT ( 'NONE',  ( -1.622515602108656418, 5.000000000000000000, 3.934885802130594357 ) ) ;
#852 = CARTESIAN_POINT ( 'NONE',  ( 4.188831516309980962, 4.633221605879967342, 17.90973443613176030 ) ) ;
#853 = CARTESIAN_POINT ( 'NONE',  ( -10.50000000000000178, 10.00000000000000000, 24.83379699913084693 ) ) ;
#854 = CARTESIAN_POINT ( 'NONE',  ( -4.080844307496563239, 5.000000000000000000, -2.026993829245132162 ) ) ;
#855 = CARTESIAN_POINT ( 'NONE',  ( -6.769786965925978173, 1.000000000000000888, 19.81801391644609112 ) ) ;
#856 = CARTESIAN_POINT ( 'NONE',  ( 7.385908194361365808, 0.9927620761658686455, 15.54092350513994170 ) ) ;
#857 = ADVANCED_FACE ( 'NONE', ( #3315 ), #1438, .T. ) ;
#858 = EDGE_LOOP ( 'NONE', ( #3333, #3547, #1239, #1822, #1329, #54 ) ) ;
#859 = CARTESIAN_POINT ( 'NONE',  ( -6.727458061317025617, 0.8000000000000012657, 19.73172528035034645 ) ) ;
#860 = CARTESIAN_POINT ( 'NONE',  ( 6.779749639436440489, -2.152144457471159282E-16, 15.41213102908554511 ) ) ;
#861 = CARTESIAN_POINT ( 'NONE',  ( 1.581281480365392289, 6.600000000000001421, 0.000000000000000000 ) ) ;
#862 = EDGE_CURVE ( 'NONE', #3531, #2690, #2727, .T. ) ;
#863 = ORIENTED_EDGE ( 'NONE', *, *, #3223, .T. ) ;
#864 = B_SPLINE_CURVE_WITH_KNOTS ( 'NONE', 3,
 ( #3010, #784, #62, #390, #2970, #1408 ),
 .UNSPECIFIED., .F., .F.,
 ( 4, 2, 4 ),
 ( 0.000000000000000000, 0.0001887783288255695437, 0.0003775566576511390875 ),
 .UNSPECIFIED. ) ;
#865 = CARTESIAN_POINT ( 'NONE',  ( 3.311305838722849781, 8.000000000000000000, 2.000000000000000000 ) ) ;
#866 = DIRECTION ( 'NONE',  ( 0.04521701246061474166, 0.000000000000000000, 0.9989771878196902488 ) ) ;
#867 = ADVANCED_FACE ( 'NONE', ( #1470 ), #578, .T. ) ;
#868 = FACE_OUTER_BOUND ( 'NONE', #1051, .T. ) ;
#869 = CARTESIAN_POINT ( 'NONE',  ( 9.961258718672372225, 6.552103098439441276, 22.00851441838080547 ) ) ;
#870 = EDGE_LOOP ( 'NONE', ( #1382, #1345, #417, #2641, #885, #2647, #2062, #1655 ) ) ;
#871 = AXIS2_PLACEMENT_3D ( 'NONE', #3357, #4006, #1752 ) ;
#872 = AXIS2_PLACEMENT_3D ( 'NONE', #1136, #3368, #1759 ) ;
#873 = CARTESIAN_POINT ( 'NONE',  ( 4.307119784858987721, 4.210881548162726418, 17.73196709206958843 ) ) ;
#874 = DIRECTION ( 'NONE',  ( -0.000000000000000000, -1.000000000000000000, -0.000000000000000000 ) ) ;
#875 = TOROIDAL_SURFACE ( 'NONE', #1271, 2.099999999999998312, 2.000000000000000000 ) ;
#876 = CIRCLE ( 'NONE', #3297, 2.999999999999999112 ) ;
#877 =( BOUNDED_SURFACE ( )  B_SPLINE_SURFACE ( 3, 2, ( 
 ( #2202, #659, #3873 ),
 ( #2539, #1909, #1002 ),
 ( #283, #2267, #639 ),
 ( #3162, #1929, #1615 ) ),
 .UNSPECIFIED., .F., .F., .T. ) 
 B_SPLINE_SURFACE_WITH_KNOTS ( ( 4, 4 ),
 ( 3, 3 ),
 ( 0.000000000000000000, 8.829604396822302026E-05 ),
 ( 0.000000000000000000, 1.000000000000000000 ),
 .UNSPECIFIED. ) 
 GEOMETRIC_REPRESENTATION_ITEM ( )  RATIONAL_B_SPLINE_SURFACE ( (
 ( 1.000000000000000000, 0.8309814467598702903, 1.000000000000000000),
 ( 1.000000000000000000, 0.8309110569497207832, 1.000000000000000000),
 ( 1.000000000000000000, 0.8309110569497371035, 1.000000000000000000),
 ( 1.000000000000000000, 0.8309814467598606313, 1.000000000000000000) ) ) 
 REPRESENTATION_ITEM ( '' )  SURFACE ( )  );
#878 = DIRECTION ( 'NONE',  ( 0.000000000000000000, 0.000000000000000000, -1.000000000000000000 ) ) ;
#879 = VECTOR ( 'NONE', #1232, 1000.000000000000000 ) ;
#880 = CARTESIAN_POINT ( 'NONE',  ( 7.135582300917080012, 3.709451881950316832, 20.01906916271833126 ) ) ;
#881 = AXIS2_PLACEMENT_3D ( 'NONE', #3652, #1401, #1385 ) ;
#882 = CARTESIAN_POINT ( 'NONE',  ( -1.581281480365415604, 6.599999999999999645, -1.626303258728256651E-16 ) ) ;
#883 = LINE ( 'NONE', #4157, #1276 ) ;
#884 = DIRECTION ( 'NONE',  ( -0.000000000000000000, -1.000000000000000000, -0.000000000000000000 ) ) ;
#885 = ORIENTED_EDGE ( 'NONE', *, *, #1875, .T. ) ;
#886 = CIRCLE ( 'NONE', #2487, 2.000000000000000000 ) ;
#887 = DIRECTION ( 'NONE',  ( 0.000000000000000000, -1.000000000000000000, 0.000000000000000000 ) ) ;
#888 = DIRECTION ( 'NONE',  ( 0.000000000000000000, 0.000000000000000000, 1.000000000000000000 ) ) ;
#889 =( BOUNDED_SURFACE ( )  B_SPLINE_SURFACE ( 3, 2, ( 
 ( #1499, #1134, #4014 ),
 ( #2725, #2792, #3726 ),
 ( #2434, #1813, #3437 ),
 ( #1189, #2411, #3105 ),
 ( #564, #3453, #3771 ),
 ( #3124, #1829, #856 ),
 ( #3689, #2124, #825 ),
 ( #2772, #245, #4036 ),
 ( #1774, #3708, #2467 ),
 ( #4094, #3063, #1463 ),
 ( #2090, #1790, #2744 ),
 ( #1516, #2809, #3418 ) ),
 .UNSPECIFIED., .F., .F., .T. ) 
 B_SPLINE_SURFACE_WITH_KNOTS ( ( 4, 2, 2, 2, 2, 4 ),
 ( 3, 3 ),
 ( 6.283185307179586232, 6.479534848028948524, 6.675884388878310816, 7.068583470577034511, 7.461282552275758206, 7.853981633974482790 ),
 ( 0.000000000000000000, 1.000000000000000000 ),
 .UNSPECIFIED. ) 
 GEOMETRIC_REPRESENTATION_ITEM ( )  RATIONAL_B_SPLINE_SURFACE ( (
 ( 1.000000000000000000, 0.7833036531844903561, 1.000000000000000000),
 ( 1.000000000000000000, 0.7832825190518997172, 1.000000000000000000),
 ( 1.000000000000000000, 0.7865308884258594979, 1.000000000000000000),
 ( 1.000000000000000000, 0.7987418757948248071, 1.000000000000000000),
 ( 1.000000000000000000, 0.8077077782804714667, 1.000000000000000000),
 ( 1.000000000000000000, 0.8404775370684143265, 1.000000000000000000),
 ( 1.000000000000000000, 0.8700522683402031054, 1.000000000000000000),
 ( 1.000000000000000000, 0.9263689590405944640, 1.000000000000000000),
 ( 1.000000000000000000, 0.9528790107461677650, 1.000000000000000000),
 ( 1.000000000000000000, 0.9897046789131184186, 1.000000000000000000),
 ( 1.000000000000000000, 1.000136411045837947, 1.000000000000000000),
 ( 1.000000000000000000, 1.000000000000000000, 1.000000000000000000) ) ) 
 REPRESENTATION_ITEM ( '' )  SURFACE ( )  );
#890 = CARTESIAN_POINT ( 'NONE',  ( -7.548070081073515958, 3.377059169056130017, 20.30948523870489453 ) ) ;
#891 = CARTESIAN_POINT ( 'NONE',  ( -10.80191321957139650, 5.000000000000000000, 22.60038548258285473 ) ) ;
#892 = ORIENTED_EDGE ( 'NONE', *, *, #3231, .T. ) ;
#893 = EDGE_CURVE ( 'NONE', #3115, #4096, #847, .T. ) ;
#894 = CARTESIAN_POINT ( 'NONE',  ( -4.345311275553440211, 8.000000000000000000, 17.93225259725469911 ) ) ;
#895 = DIRECTION ( 'NONE',  ( 0.8176693484968580172, 0.000000000000000000, -0.5756881417301591419 ) ) ;
#896 = CARTESIAN_POINT ( 'NONE',  ( -7.516537109456921328, 6.599333678984581120, 20.36913824982848453 ) ) ;
#897 = CARTESIAN_POINT ( 'NONE',  ( 7.014304361088264272, 6.007237952115606738, 19.99847519600039902 ) ) ;
#898 = ORIENTED_EDGE ( 'NONE', *, *, #2128, .F. ) ;
#899 = EDGE_CURVE ( 'NONE', #2595, #682, #423, .T. ) ;
#900 = CARTESIAN_POINT ( 'NONE',  ( -4.256784651997977065, 4.773340349034102204, 17.97883586613993145 ) ) ;
#901 = EDGE_CURVE ( 'NONE', #2974, #802, #610, .T. ) ;
#902 = CARTESIAN_POINT ( 'NONE',  ( -4.245677250462023267, 4.473839818330217710, 17.94080017258824356 ) ) ;
#903 = CARTESIAN_POINT ( 'NONE',  ( 5.546834667730402124, 0.000000000000000000, 15.15016958239733746 ) ) ;
#904 = CARTESIAN_POINT ( 'NONE',  ( 6.820210480062481651, 4.476504222655341536, 19.85522800452623571 ) ) ;
#905 = CARTESIAN_POINT ( 'NONE',  ( 5.614316590572729027, 6.526822733402039667, 17.18245390176738852 ) ) ;
#906 = FACE_OUTER_BOUND ( 'NONE', #1214, .T. ) ;
#907 = CARTESIAN_POINT ( 'NONE',  ( 4.267884875749346385, 5.904273181502143863, 17.74784773665342641 ) ) ;
#908 = VERTEX_POINT ( 'NONE', #1222 ) ;
#909 = CYLINDRICAL_SURFACE ( 'NONE', #3555, 0.1000000000000002554 ) ;
#910 = CARTESIAN_POINT ( 'NONE',  ( -7.772623078344016889, 3.230825440875526589, 20.46758398357851405 ) ) ;
#911 = ORIENTED_EDGE ( 'NONE', *, *, #2135, .T. ) ;
#912 = DIRECTION ( 'NONE',  ( 0.9989771878196902488, 0.000000000000000000, 0.04521701246061778090 ) ) ;
#913 = EDGE_LOOP ( 'NONE', ( #2992, #1567, #352, #3526 ) ) ;
#914 =( BOUNDED_CURVE ( )  B_SPLINE_CURVE ( 3, ( #591, #3444, #916, #192 ),
 .UNSPECIFIED., .F., .T. ) 
 B_SPLINE_CURVE_WITH_KNOTS ( ( 4, 4 ),
 ( 0.000000000000000000, 1.570796326794896780 ),
 .UNSPECIFIED. ) 
 CURVE ( )  GEOMETRIC_REPRESENTATION_ITEM ( )  RATIONAL_B_SPLINE_CURVE ( ( 1.000000000000000000, 0.8047378541243649375, 0.8047378541243649375, 1.000000000000000000 ) ) 
 REPRESENTATION_ITEM ( '' )  );
#915 = CARTESIAN_POINT ( 'NONE',  ( -12.62534895234468202, 2.738252096848969863, 23.88419333290080715 ) ) ;
#916 = CARTESIAN_POINT ( 'NONE',  ( 0.9504476345532882897, 3.500000000000000444, 3.934885802130592580 ) ) ;
#917 = CARTESIAN_POINT ( 'NONE',  ( 6.727458061324520955, 5.274938912189096385, 19.73172528035562223 ) ) ;
#918 = ORIENTED_EDGE ( 'NONE', *, *, #1066, .F. ) ;
#919 = CARTESIAN_POINT ( 'NONE',  ( -4.248292445816437279, 4.533886639688537556, 17.95648783351230904 ) ) ;
#920 = CARTESIAN_POINT ( 'NONE',  ( 4.344152921490768371, 5.847756107658369729, 17.71639927782120338 ) ) ;
#921 = CARTESIAN_POINT ( 'NONE',  ( 7.229907447460540482, 9.229093463414006493, 15.50777751999048704 ) ) ;
#922 = FACE_OUTER_BOUND ( 'NONE', #3960, .T. ) ;
#923 = CARTESIAN_POINT ( 'NONE',  ( 12.89900049010659799, 8.843640197012691218, 25.39681029079041963 ) ) ;
#924 = FACE_OUTER_BOUND ( 'NONE', #3089, .T. ) ;
#925 = VECTOR ( 'NONE', #2750, 1000.000000000000114 ) ;
#926 = CARTESIAN_POINT ( 'NONE',  ( -4.509840063757766693, 3.889897612606854960, 17.64674850316910693 ) ) ;
#927 = CARTESIAN_POINT ( 'NONE',  ( -4.345311275553440211, 2.000000000000000000, 17.93225259725469911 ) ) ;
#928 = ORIENTED_EDGE ( 'NONE', *, *, #3510, .F. ) ;
#929 = LINE ( 'NONE', #2943, #1410 ) ;
#930 = CARTESIAN_POINT ( 'NONE',  ( 2.520069298548995196, 6.499999999999999112, 0.07815507470839185011 ) ) ;
#931 = CARTESIAN_POINT ( 'NONE',  ( -4.232087717942113692, 4.532051673241566547, 17.91975880335037630 ) ) ;
#932 = ORIENTED_EDGE ( 'NONE', *, *, #4095, .F. ) ;
#933 = DIRECTION ( 'NONE',  ( 1.000000000000000000, -0.000000000000000000, 0.000000000000000000 ) ) ;
#934 = ORIENTED_EDGE ( 'NONE', *, *, #596, .F. ) ;
#935 = CARTESIAN_POINT ( 'NONE',  ( -13.45961461509851098, 2.403232878643618342, 24.47156627280974206 ) ) ;
#936 = DIRECTION ( 'NONE',  ( 0.000000000000000000, 0.000000000000000000, -1.000000000000000000 ) ) ;
#937 = CARTESIAN_POINT ( 'NONE',  ( 9.031742529444732881, 6.992698786646948328, 21.35407940908522662 ) ) ;
#938 = ORIENTED_EDGE ( 'NONE', *, *, #2039, .F. ) ;
#939 = LINE ( 'NONE', #3225, #2959 ) ;
#940 = ORIENTED_EDGE ( 'NONE', *, *, #1265, .F. ) ;
#941 = CARTESIAN_POINT ( 'NONE',  ( 3.311305838722849781, 4.955851978015888726, 0.1000000000000000056 ) ) ;
#942 = CIRCLE ( 'NONE', #1936, 2.000000000000000888 ) ;
#943 = CARTESIAN_POINT ( 'NONE',  ( 6.424275242122646112, 3.854284979274467560, 16.84196732722774570 ) ) ;
#944 = CIRCLE ( 'NONE', #3294, 0.09999999999999970024 ) ;
#945 = AXIS2_PLACEMENT_3D ( 'NONE', #248, #3146, #1217 ) ;
#946 = CARTESIAN_POINT ( 'NONE',  ( 3.305163679399029331, 4.750136580523698804, -1.761828530288944705E-16 ) ) ;
#947 = CARTESIAN_POINT ( 'NONE',  ( -7.654054039457265139E-15, 6.500000000000000888, 6.239888538629345227 ) ) ;
#948 = VERTEX_POINT ( 'NONE', #1199 ) ;
#949 = CIRCLE ( 'NONE', #2206, 0.1000000000000002554 ) ;
#950 = CIRCLE ( 'NONE', #4098, 3.000000000000002665 ) ;
#951 = CARTESIAN_POINT ( 'NONE',  ( 6.867763861665290293, 5.000000000000000000, 16.65553568577801258 ) ) ;
#952 = SHAPE_DEFINITION_REPRESENTATION ( #3489, #2637 ) ;
#953 = LINE ( 'NONE', #2235, #73 ) ;
#954 = VERTEX_POINT ( 'NONE', #3426 ) ;
#955 = DIRECTION ( 'NONE',  ( 0.9948489455978217766, 0.1013685130743384316, 0.000000000000000000 ) ) ;
#956 = EDGE_CURVE ( 'NONE', #510, #1667, #2096, .T. ) ;
#957 = CIRCLE ( 'NONE', #757, 0.1000000000000000056 ) ;
#958 = VECTOR ( 'NONE', #3320, 1000.000000000000000 ) ;
#959 = ORIENTED_EDGE ( 'NONE', *, *, #2327, .F. ) ;
#960 = CARTESIAN_POINT ( 'NONE',  ( -4.230571259225446745, 5.479914570317836464, 17.91601335031749898 ) ) ;
#961 = DIRECTION ( 'NONE',  ( 0.000000000000000000, -1.000000000000000000, 0.000000000000000000 ) ) ;
#962 = ORIENTED_EDGE ( 'NONE', *, *, #2784, .T. ) ;
#963 = CARTESIAN_POINT ( 'NONE',  ( -7.606934611423695536, 1.183570800204345685, 16.28215247064531823 ) ) ;
#964 = ORIENTED_EDGE ( 'NONE', *, *, #436, .T. ) ;
#965 = CARTESIAN_POINT ( 'NONE',  ( 4.186533871135496021, 4.602441297473991000, 17.88290008876876414 ) ) ;
#966 = CARTESIAN_POINT ( 'NONE',  ( 4.548158370579774790, 6.110551966237227184, 17.73862581235231417 ) ) ;
#967 = CARTESIAN_POINT ( 'NONE',  ( -4.483362303872969967, 3.815890783986972234, 17.76583185318154179 ) ) ;
#968 = CARTESIAN_POINT ( 'NONE',  ( -6.867763861665292069, 3.199527566926789302, 16.65553568577801258 ) ) ;
#969 = ORIENTED_EDGE ( 'NONE', *, *, #1372, .F. ) ;
#970 = B_SPLINE_CURVE_WITH_KNOTS ( 'NONE', 3,
 ( #2842, #3220, #1636, #3484, #42, #2597, #3264, #4127 ),
 .UNSPECIFIED., .F., .F.,
 ( 4, 2, 2, 4 ),
 ( 1.835531169794417727E-07, 9.090549949285771749E-05, 0.0001816274458687359896, 0.0003630713386204958678 ),
 .UNSPECIFIED. ) ;
#971 = EDGE_CURVE ( 'NONE', #651, #954, #1147, .T. ) ;
#972 = CARTESIAN_POINT ( 'NONE',  ( 2.887847058725676597, 10.00000000000000000, -0.4909339999833661206 ) ) ;
#973 = DIRECTION ( 'NONE',  ( -0.5756881417301591419, 0.000000000000000000, -0.8176693484968579062 ) ) ;
#974 = ADVANCED_FACE ( 'NONE', ( #3443 ), #190, .T. ) ;
#975 = ORIENTED_EDGE ( 'NONE', *, *, #2190, .T. ) ;
#976 = CARTESIAN_POINT ( 'NONE',  ( -4.245073550944850282, 4.397840081258831191, 17.90547943089530847 ) ) ;
#977 = ORIENTED_EDGE ( 'NONE', *, *, #3553, .F. ) ;
#978 = CARTESIAN_POINT ( 'NONE',  ( -12.65137628342773546, 2.869076719355684091, 23.90251813117401980 ) ) ;
#979 = CARTESIAN_POINT ( 'NONE',  ( -10.80191321957139650, 4.999999999999996447, 22.60038548258285473 ) ) ;
#980 = ORIENTED_EDGE ( 'NONE', *, *, #2214, .T. ) ;
#981 = CARTESIAN_POINT ( 'NONE',  ( -6.023954723947325007, 0.03198734236925763336, 15.41233731893396808 ) ) ;
#982 = VERTEX_POINT ( 'NONE', #2114 ) ;
#983 = CARTESIAN_POINT ( 'NONE',  ( -10.50000000000000178, 0.000000000000000000, 24.83379699913084693 ) ) ;
#984 = CARTESIAN_POINT ( 'NONE',  ( -4.306598075651546509, 4.095726818497371191, 17.84005016695400059 ) ) ;
#985 = CARTESIAN_POINT ( 'NONE',  ( 11.94623033640170462, 9.854743703034293034, 23.40605319624865999 ) ) ;
#986 = LINE ( 'NONE', #1315, #958 ) ;
#987 = CARTESIAN_POINT ( 'NONE',  ( -5.653253969790610789, 6.526692428494613729, 17.27462733960721408 ) ) ;
#988 = CARTESIAN_POINT ( 'NONE',  ( -4.245496171131672547, 5.535700382024728583, 17.93696320155323320 ) ) ;
#989 = ORIENTED_EDGE ( 'NONE', *, *, #3944, .T. ) ;
#990 = AXIS2_PLACEMENT_3D ( 'NONE', #615, #3508, #4145 ) ;
#991 = DIRECTION ( 'NONE',  ( 0.04521701246061460289, 0.000000000000000000, 0.9989771878196902488 ) ) ;
#992 = EDGE_CURVE ( 'NONE', #1036, #296, #3406, .T. ) ;
#993 = CARTESIAN_POINT ( 'NONE',  ( -5.546834667730394131, 0.000000000000000000, 15.15016958239733924 ) ) ;
#994 = DIRECTION ( 'NONE',  ( 0.000000000000000000, 0.000000000000000000, -1.000000000000000000 ) ) ;
#995 = ORIENTED_EDGE ( 'NONE', *, *, #2788, .T. ) ;
#996 = CARTESIAN_POINT ( 'NONE',  ( 6.998926095527206570, 5.000000000000169642, 16.70961756886518046 ) ) ;
#997 = CARTESIAN_POINT ( 'NONE',  ( 4.207632010804809752, 4.680085519632621427, 17.92569405927564574 ) ) ;
#998 = CARTESIAN_POINT ( 'NONE',  ( -2.520069298548612835, 6.499999999999999112, 0.07815507470840118986 ) ) ;
#999 =( BOUNDED_CURVE ( )  B_SPLINE_CURVE ( 3, ( #2084, #3702, #1129, #3681 ),
 .UNSPECIFIED., .F., .T. ) 
 B_SPLINE_CURVE_WITH_KNOTS ( ( 4, 4 ),
 ( 0.6006402011280332909, 3.141592653589793116 ),
 .UNSPECIFIED. ) 
 CURVE ( )  GEOMETRIC_REPRESENTATION_ITEM ( )  RATIONAL_B_SPLINE_CURVE ( ( 1.000000000000000000, 0.5305506635099773716, 0.5305506635099773716, 1.000000000000000000 ) ) 
 REPRESENTATION_ITEM ( '' )  );
#1000 = ORIENTED_EDGE ( 'NONE', *, *, #328, .T. ) ;
#1001 = EDGE_CURVE ( 'NONE', #289, #185, #2756, .T. ) ;
#1002 = CARTESIAN_POINT ( 'NONE',  ( 3.312230855824577436, 4.985283947154562689, 1.355252715606880543E-17 ) ) ;
#1003 = CARTESIAN_POINT ( 'NONE',  ( -4.245677250461691976, 5.526160181678650751, 17.94080017258437820 ) ) ;
#1004 = ORIENTED_EDGE ( 'NONE', *, *, #3532, .F. ) ;
#1005 = CARTESIAN_POINT ( 'NONE',  ( -4.240531855896416680, 4.625089069549718879, 17.93753905629710133 ) ) ;
#1006 = CARTESIAN_POINT ( 'NONE',  ( 4.232380036144827606, 5.487357985276838157, 17.91728314460349125 ) ) ;
#1007 = LINE ( 'NONE', #2607, #1277 ) ;
#1008 = CARTESIAN_POINT ( 'NONE',  ( -6.998926095527205682, 4.661206361728531533, 16.70961756886518046 ) ) ;
#1009 = CARTESIAN_POINT ( 'NONE',  ( 13.45961461509852164, 2.403232878643623227, 24.47156627280975272 ) ) ;
#1010 = ORIENTED_EDGE ( 'NONE', *, *, #1240, .T. ) ;
#1011 = AXIS2_PLACEMENT_3D ( 'NONE', #1557, #2848, #3765 ) ;
#1012 = DIRECTION ( 'NONE',  ( 0.000000000000000000, 0.000000000000000000, 1.000000000000000000 ) ) ;
#1013 = DIRECTION ( 'NONE',  ( 1.000000000000000000, -0.000000000000000000, -0.000000000000000000 ) ) ;
#1014 = CARTESIAN_POINT ( 'NONE',  ( -10.89276985236154971, 10.00000000000000000, 24.92597482416832477 ) ) ;
#1015 = CARTESIAN_POINT ( 'NONE',  ( 3.076765637910998663, 5.831181821197413129, -1.897353801849632760E-16 ) ) ;
#1016 = EDGE_LOOP ( 'NONE', ( #2591, #3587, #2173, #3244 ) ) ;
#1017 = CIRCLE ( 'NONE', #2077, 0.09999999999999939493 ) ;
#1018 =( BOUNDED_SURFACE ( )  B_SPLINE_SURFACE ( 3, 2, ( 
 ( #3042, #3682, #1440 ),
 ( #3376, #197, #468 ),
 ( #3703, #3668, #1709 ),
 ( #3632, #1729, #836 ) ),
 .UNSPECIFIED., .F., .F., .T. ) 
 B_SPLINE_SURFACE_WITH_KNOTS ( ( 4, 4 ),
 ( 3, 3 ),
 ( 0.000000000000000000, 0.0003322597424317823983 ),
 ( 0.000000000000000000, 1.000000000000000000 ),
 .UNSPECIFIED. ) 
 GEOMETRIC_REPRESENTATION_ITEM ( )  RATIONAL_B_SPLINE_SURFACE ( (
 ( 1.000000000000000000, 0.9105442730554709208, 1.000000000000000000),
 ( 1.000000000000000000, 0.9018382700713619693, 1.000000000000000000),
 ( 1.000000000000000000, 0.9018382700713584166, 1.000000000000000000),
 ( 1.000000000000000000, 0.9105442730554718089, 1.000000000000000000) ) ) 
 REPRESENTATION_ITEM ( '' )  SURFACE ( )  );
#1019 = DIRECTION ( 'NONE',  ( 1.000000000000000000, -0.000000000000000000, 0.000000000000000000 ) ) ;
#1020 = CARTESIAN_POINT ( 'NONE',  ( -10.59402317248000536, 5.523495777344669122, 22.64041662810598510 ) ) ;
#1021 = AXIS2_PLACEMENT_3D ( 'NONE', #1054, #1013, #2284 ) ;
#1022 = ORIENTED_EDGE ( 'NONE', *, *, #2552, .F. ) ;
#1023 = CARTESIAN_POINT ( 'NONE',  ( -6.491862429322037720, 0.1641586907800332007, 15.66944305663636428 ) ) ;
#1024 = CARTESIAN_POINT ( 'NONE',  ( 10.64444668661648485, 5.000000000000000000, 22.67763071618653115 ) ) ;
#1025 = VERTEX_POINT ( 'NONE', #551 ) ;
#1026 = CARTESIAN_POINT ( 'NONE',  ( -4.203518147393277005, 4.719292862273147371, 17.92878163688262561 ) ) ;
#1027 = ADVANCED_FACE ( 'NONE', ( #1819 ), #3737, .T. ) ;
#1028 = CARTESIAN_POINT ( 'NONE',  ( -4.259494740436742255, 5.099501703478610537, 17.98367205135820157 ) ) ;
#1029 = DIRECTION ( 'NONE',  ( 0.000000000000000000, 1.000000000000000000, 0.000000000000000000 ) ) ;
#1030 = CARTESIAN_POINT ( 'NONE',  ( -4.313813567931193305, 4.254167353744525037, 17.81572860043499418 ) ) ;
#1031 = ORIENTED_EDGE ( 'NONE', *, *, #4134, .T. ) ;
#1032 = CARTESIAN_POINT ( 'NONE',  ( -7.052828328905349053, 2.000000000000000000, 16.68698554138910239 ) ) ;
#1033 = CARTESIAN_POINT ( 'NONE',  ( -10.50000000000000533, 3.000000000000000000, 54.00000000000000000 ) ) ;
#1034 = EDGE_LOOP ( 'NONE', ( #33, #3749, #2987, #3457 ) ) ;
#1035 = CARTESIAN_POINT ( 'NONE',  ( -4.238914253315985370, 5.489437932062386061, 17.92428957867094041 ) ) ;
#1036 = VERTEX_POINT ( 'NONE', #1924 ) ;
#1037 = DIRECTION ( 'NONE',  ( 0.3812054721353843045, -7.132446932671319018E-16, 0.9244903396001704632 ) ) ;
#1038 = FACE_OUTER_BOUND ( 'NONE', #2091, .T. ) ;
#1039 = ORIENTED_EDGE ( 'NONE', *, *, #2103, .T. ) ;
#1040 = CARTESIAN_POINT ( 'NONE',  ( 4.250647009594495707, 5.567501407038415451, 17.88705876412763729 ) ) ;
#1041 = LINE ( 'NONE', #724, #1272 ) ;
#1042 = EDGE_LOOP ( 'NONE', ( #3184, #1661, #2304 ) ) ;
#1043 = CARTESIAN_POINT ( 'NONE',  ( -4.198227193280063219, 4.839463655979969303, 17.93726951551496995 ) ) ;
#1044 = ADVANCED_FACE ( 'NONE', ( #2176, #2239 ), #3802, .T. ) ;
#1045 = CARTESIAN_POINT ( 'NONE',  ( -4.279731316279342224, 4.270914094892499513, 17.75730155395116938 ) ) ;
#1046 =( BOUNDED_CURVE ( )  B_SPLINE_CURVE ( 3, ( #3049, #229, #859, #2126 ),
 .UNSPECIFIED., .F., .T. ) 
 B_SPLINE_CURVE_WITH_KNOTS ( ( 4, 4 ),
 ( 0.000000000000000000, 3.141592653589793116 ),
 .UNSPECIFIED. ) 
 CURVE ( )  GEOMETRIC_REPRESENTATION_ITEM ( )  RATIONAL_B_SPLINE_CURVE ( ( 1.000000000000000000, 0.3333333333333333703, 0.3333333333333333703, 1.000000000000000000 ) ) 
 REPRESENTATION_ITEM ( '' )  );
#1047 = EDGE_CURVE ( 'NONE', #719, #3306, #3191, .T. ) ;
#1048 = FACE_OUTER_BOUND ( 'NONE', #3758, .T. ) ;
#1049 = CARTESIAN_POINT ( 'NONE',  ( -6.424275242122644336, 3.854284979274235745, 16.84196732722833190 ) ) ;
#1050 = DIRECTION ( 'NONE',  ( -0.8454538723336985084, 0.5340484526294915213, 0.000000000000000000 ) ) ;
#1051 = EDGE_LOOP ( 'NONE', ( #2997, #1086, #928, #61 ) ) ;
#1052 = EDGE_CURVE ( 'NONE', #2474, #3471, #2344, .T. ) ;
#1053 = DIRECTION ( 'NONE',  ( 5.345783651393927078E-16, 1.000000000000000000, 0.000000000000000000 ) ) ;
#1054 = CARTESIAN_POINT ( 'NONE',  ( -10.50000000000000533, 7.000000000000000000, 54.00000000000000000 ) ) ;
#1055 = CARTESIAN_POINT ( 'NONE',  ( -10.80191321957139650, 5.000000000000000000, 22.60038548258285473 ) ) ;
#1056 = CARTESIAN_POINT ( 'NONE',  ( 10.80191321957146933, 5.000000000000000000, 22.60038548258290803 ) ) ;
#1057 = VERTEX_POINT ( 'NONE', #2906 ) ;
#1058 = CARTESIAN_POINT ( 'NONE',  ( -1.622515602108671295, 3.500000000000002665, 1.734723475976807094E-15 ) ) ;
#1059 = CARTESIAN_POINT ( 'NONE',  ( 4.212858300115165378, 5.448854354639822262, 17.90714328958431523 ) ) ;
#1060 = VERTEX_POINT ( 'NONE', #20 ) ;
#1061 = CARTESIAN_POINT ( 'NONE',  ( 3.136366177920115739, 0.000000000000000000, 19.64935822909810170 ) ) ;
#1062 = CARTESIAN_POINT ( 'NONE',  ( 4.256755542185583607, 5.228025414466910270, 17.97878391933169695 ) ) ;
#1063 = ORIENTED_EDGE ( 'NONE', *, *, #1500, .F. ) ;
#1064 = CARTESIAN_POINT ( 'NONE',  ( 3.219307775779725933, 5.027597215586617985, 0.06188429232257306595 ) ) ;
#1065 = B_SPLINE_CURVE_WITH_KNOTS ( 'NONE', 3,
 ( #3241, #2704, #2464, #3060 ),
 .UNSPECIFIED., .F., .F.,
 ( 4, 4 ),
 ( 4.138877059234498390E-05, 8.277754122020841742E-05 ),
 .UNSPECIFIED. ) ;
#1066 = EDGE_CURVE ( 'NONE', #1025, #1363, #3481, .T. ) ;
#1067 = CARTESIAN_POINT ( 'NONE',  ( 13.12135918841414473, 8.510856884737505013, 25.44899489983082219 ) ) ;
#1068 = CARTESIAN_POINT ( 'NONE',  ( 4.245056403379945387, 5.525318253749867736, 17.92856967235251986 ) ) ;
#1069 = DIRECTION ( 'NONE',  ( 0.1675954939338688554, 3.634147972437635779E-17, -0.9858558466698175149 ) ) ;
#1070 = CARTESIAN_POINT ( 'NONE',  ( -13.50000000000000711, 7.000000000000000000, 54.00000000000000000 ) ) ;
#1071 = ORIENTED_EDGE ( 'NONE', *, *, #901, .F. ) ;
#1072 = CARTESIAN_POINT ( 'NONE',  ( -12.65137628346032450, 3.000000000000000000, 23.90251813119696322 ) ) ;
#1073 = DIRECTION ( 'NONE',  ( 0.04521701246061460289, 0.000000000000000000, 0.9989771878196902488 ) ) ;
#1074 = B_SPLINE_CURVE_WITH_KNOTS ( 'NONE', 3,
 ( #819, #2429, #1458, #2679 ),
 .UNSPECIFIED., .F., .F.,
 ( 4, 4 ),
 ( 0.0001606171339196698386, 0.0003212352734395122538 ),
 .UNSPECIFIED. ) ;
#1075 = CARTESIAN_POINT ( 'NONE',  ( -7.651552176556191576, 0.8284271247461902909, 15.59736574444821500 ) ) ;
#1076 = CARTESIAN_POINT ( 'NONE',  ( -4.147389801306991863, 5.224050126698773333, 17.88697063837960144 ) ) ;
#1077 = EDGE_CURVE ( 'NONE', #1517, #1436, #678, .T. ) ;
#1078 = ORIENTED_EDGE ( 'NONE', *, *, #2891, .F. ) ;
#1079 = CIRCLE ( 'NONE', #3235, 0.08999999999999953870 ) ;
#1080 = AXIS2_PLACEMENT_3D ( 'NONE', #2621, #454, #1698 ) ;
#1081 = CARTESIAN_POINT ( 'NONE',  ( -4.258074709438689709, 5.166129871215820124, 17.98113798906561200 ) ) ;
#1082 = EDGE_CURVE ( 'NONE', #790, #2797, #4085, .T. ) ;
#1083 = FACE_OUTER_BOUND ( 'NONE', #1126, .T. ) ;
#1084 = CIRCLE ( 'NONE', #64, 3.000000000000002665 ) ;
#1085 = AXIS2_PLACEMENT_3D ( 'NONE', #2177, #3461, #3391 ) ;
#1086 = ORIENTED_EDGE ( 'NONE', *, *, #1119, .F. ) ;
#1087 = CARTESIAN_POINT ( 'NONE',  ( 4.216395105889242600, 4.600274025445860282, 17.91948620500555123 ) ) ;
#1088 = AXIS2_PLACEMENT_3D ( 'NONE', #1992, #3865, #1673 ) ;
#1089 = CARTESIAN_POINT ( 'NONE',  ( 4.245315091801701968, 4.454759417628435969, 17.93312623052256427 ) ) ;
#1090 = AXIS2_PLACEMENT_3D ( 'NONE', #778, #3629, #2367 ) ;
#1091 = DIRECTION ( 'NONE',  ( -0.9220243030070166546, 0.000000000000000000, -0.3871319990189716065 ) ) ;
#1092 = VERTEX_POINT ( 'NONE', #3346 ) ;
#1093 = DIRECTION ( 'NONE',  ( -0.8176693484968580172, 0.000000000000000000, 0.5756881417301591419 ) ) ;
#1094 = CIRCLE ( 'NONE', #263, 2.000000000000000444 ) ;
#1095 = CARTESIAN_POINT ( 'NONE',  ( 12.65137628346032095, 3.000000000000000000, 23.90251813119695967 ) ) ;
#1096 = CARTESIAN_POINT ( 'NONE',  ( 4.156817992781470572, 5.282425164234134662, 17.88351474830290400 ) ) ;
#1097 = CARTESIAN_POINT ( 'NONE',  ( -4.307432754329194147, 4.210386081281805026, 17.73183567804866811 ) ) ;
#1098 = CARTESIAN_POINT ( 'NONE',  ( -3.311305838722848449, 4.955851978015026305, -1.897353801849632760E-16 ) ) ;
#1099 = CARTESIAN_POINT ( 'NONE',  ( -4.213006784036401164, 5.449264275667819568, 17.90716184536112365 ) ) ;
#1100 = ORIENTED_EDGE ( 'NONE', *, *, #956, .F. ) ;
#1101 = LINE ( 'NONE', #2376, #4030 ) ;
#1102 = CARTESIAN_POINT ( 'NONE',  ( -4.999999999999999112, 8.000000000000000000, 6.783816352091635279E-17 ) ) ;
#1103 = LINE ( 'NONE', #2377, #1476 ) ;
#1104 = EDGE_CURVE ( 'NONE', #3908, #1795, #1620, .T. ) ;
#1105 = ORIENTED_EDGE ( 'NONE', *, *, #732, .T. ) ;
#1106 = DIRECTION ( 'NONE',  ( 0.5756881417301591419, -0.000000000000000000, 0.8176693484968580172 ) ) ;
#1107 = CARTESIAN_POINT ( 'NONE',  ( 1.817566441473934457E-15, 3.400000000000002132, 0.1000000000000000056 ) ) ;
#1108 = CARTESIAN_POINT ( 'NONE',  ( 4.248088950970196898, 5.471757198831210367, 17.95604511872312514 ) ) ;
#1109 = ORIENTED_EDGE ( 'NONE', *, *, #2661, .T. ) ;
#1110 = CARTESIAN_POINT ( 'NONE',  ( -4.195572533190270903, 5.000000000001701750, 17.94161668970276935 ) ) ;
#1111 = CARTESIAN_POINT ( 'NONE',  ( -4.223670101656642473, 4.555417228941365693, 17.91704871346896510 ) ) ;
#1112 = DIRECTION ( 'NONE',  ( -0.3871319990189718840, 0.000000000000000000, 0.9220243030070166546 ) ) ;
#1113 = CARTESIAN_POINT ( 'NONE',  ( -4.245315091801694862, 5.545240582371545379, 17.93312623052256782 ) ) ;
#1114 = DIRECTION ( 'NONE',  ( 0.000000000000000000, 0.000000000000000000, 1.000000000000000000 ) ) ;
#1115 = CARTESIAN_POINT ( 'NONE',  ( -13.49999999998944133, 7.297054156080624132, 24.49999999999296918 ) ) ;
#1116 = CARTESIAN_POINT ( 'NONE',  ( -4.219230058799770866, 5.484049386530647219, 17.89212474261592334 ) ) ;
#1117 = EDGE_LOOP ( 'NONE', ( #3900, #2574, #2513 ) ) ;
#1118 = CARTESIAN_POINT ( 'NONE',  ( 4.243294317273242910, 5.609219231454885879, 17.82228945616030202 ) ) ;
#1119 = EDGE_CURVE ( 'NONE', #1191, #1780, #2883, .T. ) ;
#1120 = FACE_OUTER_BOUND ( 'NONE', #1279, .T. ) ;
#1121 = CARTESIAN_POINT ( 'NONE',  ( 4.199018185784385793, 5.160462826222864230, 17.93743800589360760 ) ) ;
#1122 = VERTEX_POINT ( 'NONE', #3263 ) ;
#1123 = CARTESIAN_POINT ( 'NONE',  ( 4.243288700681464576, 4.481726753813409125, 17.91845550722242919 ) ) ;
#1124 = CARTESIAN_POINT ( 'NONE',  ( -12.65137628346032095, 7.000000000000000000, 23.90251813119695967 ) ) ;
#1125 = CARTESIAN_POINT ( 'NONE',  ( 4.382260436832309480, 4.151946178406763721, 17.80828167556079578 ) ) ;
#1126 = EDGE_LOOP ( 'NONE', ( #3282, #2013, #739 ) ) ;
#1127 = EDGE_CURVE ( 'NONE', #3531, #457, #2747, .T. ) ;
#1128 = ADVANCED_FACE ( 'NONE', ( #2644 ), #2074, .F. ) ;
#1129 = CARTESIAN_POINT ( 'NONE',  ( 6.867763861665292069, 3.199527566926790190, 16.65553568577801613 ) ) ;
#1130 = CARTESIAN_POINT ( 'NONE',  ( -5.283017532062483923, 8.000000000000000000, 1.664809012132262289 ) ) ;
#1131 = DIRECTION ( 'NONE',  ( 0.000000000000000000, 0.000000000000000000, -1.000000000000000000 ) ) ;
#1132 = DIRECTION ( 'NONE',  ( 0.000000000000000000, 0.07207456879672594074, 0.9973992463064957903 ) ) ;
#1133 = CARTESIAN_POINT ( 'NONE',  ( -12.52516267959833840, 7.503618961579134883, 23.81365620283687434 ) ) ;
#1134 = CARTESIAN_POINT ( 'NONE',  ( 7.784557992042365981, 2.000000000000000000, 16.37975289436682758 ) ) ;
#1135 = ORIENTED_EDGE ( 'NONE', *, *, #2141, .T. ) ;
#1136 = CARTESIAN_POINT ( 'NONE',  ( -4.345311275553440211, 10.00000000000000000, 17.93225259725469911 ) ) ;
#1137 = CARTESIAN_POINT ( 'NONE',  ( -7.135582300916998300, 3.709451881950383445, 20.01906916271827441 ) ) ;
#1138 = ORIENTED_EDGE ( 'NONE', *, *, #2654, .F. ) ;
#1139 = CARTESIAN_POINT ( 'NONE',  ( -4.250751276439994619, 5.638867513662090936, 17.80494839112932937 ) ) ;
#1140 = DIRECTION ( 'NONE',  ( -0.9858558466698172928, 0.000000000000000000, 0.1675954939338692440 ) ) ;
#1141 = CARTESIAN_POINT ( 'NONE',  ( -8.200024827450887344, 6.947945350527692909, 20.87357298776321457 ) ) ;
#1142 = AXIS2_PLACEMENT_3D ( 'NONE', #2680, #760, #1381 ) ;
#1143 = EDGE_LOOP ( 'NONE', ( #19, #2946, #629, #332, #522, #3174, #2156, #3673 ) ) ;
#1144 = AXIS2_PLACEMENT_3D ( 'NONE', #1289, #2976, #2953 ) ;
#1145 = VECTOR ( 'NONE', #4099, 1000.000000000000114 ) ;
#1146 = CARTESIAN_POINT ( 'NONE',  ( -2.573047085798735090, 3.400000000000001243, -1.761828530288944705E-16 ) ) ;
#1147 = CIRCLE ( 'NONE', #3487, 0.09999999999999939493 ) ;
#1148 = CIRCLE ( 'NONE', #483, 0.09000000000000014932 ) ;
#1149 = CARTESIAN_POINT ( 'NONE',  ( 6.779749639436440489, 10.00000000000000000, 15.41213102908554511 ) ) ;
#1150 = EDGE_CURVE ( 'NONE', #3306, #3916, #864, .T. ) ;
#1151 = CARTESIAN_POINT ( 'NONE',  ( 3.311305838722849781, 2.000000000000000000, 0.000000000000000000 ) ) ;
#1152 = CARTESIAN_POINT ( 'NONE',  ( -3.244390706645262412, 5.042150099580942069, -1.727947212398772938E-16 ) ) ;
#1153 = CARTESIAN_POINT ( 'NONE',  ( -12.45104311349586901, 7.614546732337497126, 23.76147159379677731 ) ) ;
#1154 = DIRECTION ( 'NONE',  ( 0.000000000000000000, 1.000000000000000000, 0.000000000000000000 ) ) ;
#1155 =( BOUNDED_SURFACE ( )  B_SPLINE_SURFACE ( 3, 2, ( 
 ( #1659, #748, #1638 ),
 ( #1956, #1331, #2648 ),
 ( #1353, #2625, #2314 ),
 ( #1087, #3598, #3314 ),
 ( #658, #349, #3287 ),
 ( #370, #2931, #2381 ),
 ( #2400, #1782, #1519 ),
 ( #1545, #1216, #151 ) ),
 .UNSPECIFIED., .F., .F., .F. ) 
 B_SPLINE_SURFACE_WITH_KNOTS ( ( 4, 2, 2, 4 ),
 ( 3, 3 ),
 ( -2.165524771763523149E-14, 9.319418215151220564E-05, 0.0001863883643246796692, 0.0003727767286710145962 ),
 ( 0.000000000000000000, 1.000000000000000000 ),
 .UNSPECIFIED. ) 
 GEOMETRIC_REPRESENTATION_ITEM ( )  RATIONAL_B_SPLINE_SURFACE ( (
 ( 1.000000000000000000, 0.9729126845366421472, 1.000000000000000000),
 ( 1.000000000000000000, 0.9763151770299816068, 1.000000000000000000),
 ( 1.000000000000000000, 0.9646180991358346279, 1.000000000000000000),
 ( 1.000000000000000000, 0.9482791989598318150, 1.000000000000000000),
 ( 1.000000000000000000, 0.9410997520947749218, 1.000000000000000000),
 ( 1.000000000000000000, 0.9230223875671978995, 1.000000000000000000),
 ( 1.000000000000000000, 0.9152993304439442923, 1.000000000000000000),
 ( 1.000000000000000000, 0.9105442730554550446, 1.000000000000000000) ) ) 
 REPRESENTATION_ITEM ( '' )  SURFACE ( )  );
#1156 = ORIENTED_EDGE ( 'NONE', *, *, #1984, .T. ) ;
#1157 = CARTESIAN_POINT ( 'NONE',  ( -4.196518708247388041, 4.892713423706941178, 17.94029647154362905 ) ) ;
#1158 = CARTESIAN_POINT ( 'NONE',  ( -10.59402317247998404, 4.476504222655329102, 22.64041662810640432 ) ) ;
#1159 = ORIENTED_EDGE ( 'NONE', *, *, #2788, .F. ) ;
#1160 = CARTESIAN_POINT ( 'NONE',  ( 4.195572562828113305, 5.000528132589696639, 17.94161664490704311 ) ) ;
#1161 = CARTESIAN_POINT ( 'NONE',  ( -7.738699171168398117, 6.834951418493463215, 20.44369952329057227 ) ) ;
#1162 = CARTESIAN_POINT ( 'NONE',  ( 7.157898379794906951, 6.229093445761545667, 20.10445195211274694 ) ) ;
#1163 = CARTESIAN_POINT ( 'NONE',  ( 4.267884875749657247, 4.095726818497367638, 17.74784773665330206 ) ) ;
#1164 = ADVANCED_FACE ( 'NONE', ( #410 ), #2693, .T. ) ;
#1165 = CARTESIAN_POINT ( 'NONE',  ( -8.824525535188270098, 5.000000000000000000, 18.65391760043789304 ) ) ;
#1166 = CARTESIAN_POINT ( 'NONE',  ( 4.201036956415166834, 4.782279084146567882, 17.93426167563831086 ) ) ;
#1167 =( BOUNDED_SURFACE ( )  B_SPLINE_SURFACE ( 3, 2, ( 
 ( #244, #542, #2549 ),
 ( #946, #4118, #1849 ),
 ( #3436, #4073, #3839 ),
 ( #2212, #1252, #287 ),
 ( #601, #1515, #1812 ),
 ( #622, #3496, #2509 ),
 ( #563, #1273, #1498 ),
 ( #264, #3189, #2491 ),
 ( #3123, #4093, #2808 ),
 ( #1561, #1212, #3142 ) ),
 .UNSPECIFIED., .F., .F., .T. ) 
 B_SPLINE_SURFACE_WITH_KNOTS ( ( 4, 2, 2, 2, 4 ),
 ( 3, 3 ),
 ( 3.169188669775361067, 3.554988747427692886, 3.940788825080025148, 4.326588902732357411, 4.712388980384689674 ),
 ( 0.000000000000000000, 1.000000000000000000 ),
 .UNSPECIFIED. ) 
 GEOMETRIC_REPRESENTATION_ITEM ( )  RATIONAL_B_SPLINE_SURFACE ( (
 ( 1.000000000000000000, 0.8309814467598702903, 1.000000000000000000),
 ( 1.000000000000000000, 0.8305823365113006451, 1.000000000000000000),
 ( 1.000000000000000000, 0.8273025145508912104, 1.000000000000000000),
 ( 1.000000000000000000, 0.8153133368899665445, 1.000000000000000000),
 ( 1.000000000000000000, 0.8065951638117184741, 1.000000000000000000),
 ( 1.000000000000000000, 0.7845101999198081932, 1.000000000000000000),
 ( 1.000000000000000000, 0.7711415504260437093, 1.000000000000000000),
 ( 1.000000000000000000, 0.7411069874331082108, 1.000000000000000000),
 ( 1.000000000000000000, 0.7244491532993660998, 1.000000000000000000),
 ( 1.000000000000000000, 0.7071067811865474617, 1.000000000000000000) ) ) 
 REPRESENTATION_ITEM ( '' )  SURFACE ( )  );
#1168 = CARTESIAN_POINT ( 'NONE',  ( -5.744004304908812308, 10.00000000000000000, 15.35137457605451772 ) ) ;
#1169 = EDGE_CURVE ( 'NONE', #236, #2577, #3936, .T. ) ;
#1170 = CARTESIAN_POINT ( 'NONE',  ( -4.178162661047385207, 5.368839416135181786, 17.88253235301974087 ) ) ;
#1171 = DIRECTION ( 'NONE',  ( 1.000000000000000000, 0.000000000000000000, 0.000000000000000000 ) ) ;
#1172 = DIRECTION ( 'NONE',  ( 1.000000000000000000, 0.000000000000000000, 0.000000000000000000 ) ) ;
#1173 = CARTESIAN_POINT ( 'NONE',  ( -4.245496171131875940, 4.464299617980695523, 17.93696320155559931 ) ) ;
#1174 = ORIENTED_EDGE ( 'NONE', *, *, #1730, .F. ) ;
#1175 = EDGE_CURVE ( 'NONE', #3662, #736, #1101, .T. ) ;
#1176 = DIRECTION ( 'NONE',  ( -0.3871319990189575067, 0.000000000000000000, -0.9220243030070225387 ) ) ;
#1177 = CARTESIAN_POINT ( 'NONE',  ( -6.727458061317023841, 5.000000000000000000, 19.73172528035034645 ) ) ;
#1178 = DIRECTION ( 'NONE',  ( 0.000000000000000000, 0.000000000000000000, -1.000000000000000000 ) ) ;
#1179 = EDGE_LOOP ( 'NONE', ( #2900, #1587, #1851, #842, #491 ) ) ;
#1180 = CARTESIAN_POINT ( 'NONE',  ( -4.212637556546168227, 5.370049747762942971, 17.92171155701340624 ) ) ;
#1181 = CARTESIAN_POINT ( 'NONE',  ( 13.50000000000000711, 7.000000000000000000, 54.00000000000000000 ) ) ;
#1182 = CARTESIAN_POINT ( 'NONE',  ( 7.772623078344124359, 6.769174559124527590, 20.46758398357823694 ) ) ;
#1183 = VERTEX_POINT ( 'NONE', #2335 ) ;
#1184 = CARTESIAN_POINT ( 'NONE',  ( -3.219723829295739748, 4.986203702530188409, 0.06187461148179539822 ) ) ;
#1185 = DIRECTION ( 'NONE',  ( 1.000000000000000000, 0.000000000000000000, 0.000000000000000000 ) ) ;
#1186 = CARTESIAN_POINT ( 'NONE',  ( 2.520069298548993864, 3.500000000000000888, 0.07815507470839187787 ) ) ;
#1187 = CARTESIAN_POINT ( 'NONE',  ( -2.392941610374681449, 6.317158107220288699, 0.08111324565699316869 ) ) ;
#1188 = CARTESIAN_POINT ( 'NONE',  ( -5.306959572670751690, 3.478945354658470990, 17.31165918648921220 ) ) ;
#1189 = CARTESIAN_POINT ( 'NONE',  ( 7.004661607693031478, 1.481434883878260500, 16.63783301986149255 ) ) ;
#1190 = EDGE_CURVE ( 'NONE', #1343, #4162, #3656, .T. ) ;
#1191 = VERTEX_POINT ( 'NONE', #1737 ) ;
#1192 = CARTESIAN_POINT ( 'NONE',  ( -3.311305838722848449, 4.955851978015027193, 0.000000000000000000 ) ) ;
#1193 = CARTESIAN_POINT ( 'NONE',  ( -6.780481645859010698, 4.450329433788100530, 19.76905705621911480 ) ) ;
#1194 = DIRECTION ( 'NONE',  ( 0.000000000000000000, 0.6379654906729956831, 0.7700649535658429246 ) ) ;
#1195 = EDGE_CURVE ( 'NONE', #2926, #276, #3152, .T. ) ;
#1196 = VERTEX_POINT ( 'NONE', #741 ) ;
#1197 = ADVANCED_FACE ( 'NONE', ( #2018 ), #147, .T. ) ;
#1198 =( BOUNDED_SURFACE ( )  B_SPLINE_SURFACE ( 3, 2, ( 
 ( #3104, #3793, #2871 ),
 ( #926, #2466, #967 ),
 ( #3417, #2149, #226 ),
 ( #1188, #3747, #2188 ),
 ( #1872, #2229, #2005 ),
 ( #1986, #1965, #644 ),
 ( #1049, #401, #3927 ),
 ( #666, #3238, #1914 ),
 ( #2323, #31, #1008 ),
 ( #3298, #3584, #1941 ),
 ( #358, #3210, #1296 ),
 ( #2569, #3540, #2634 ),
 ( #1625, #1646, #3274 ),
 ( #75, #987, #1316 ),
 ( #2610, #94, #2916 ),
 ( #2589, #2301, #3606 ),
 ( #1665, #330, #710 ),
 ( #3880, #2960, #3859 ) ),
 .UNSPECIFIED., .F., .F., .T. ) 
 B_SPLINE_SURFACE_WITH_KNOTS ( ( 4, 2, 2, 2, 2, 2, 2, 2, 4 ),
 ( 3, 3 ),
 ( 0.6006402011280288500, 1.235878314243469944, 1.871116427358910927, 2.506354540474351911, 3.141592653589793116, 3.776830766705233877, 4.412068879820674638, 5.047306992936116288, 5.682545106051557049 ),
 ( 0.000000000000000000, 1.000000000000000000 ),
 .UNSPECIFIED. ) 
 GEOMETRIC_REPRESENTATION_ITEM ( )  RATIONAL_B_SPLINE_SURFACE ( (
 ( 1.000000000000000000, 0.7089765781523515997, 1.000000000000000000),
 ( 1.000000000000000000, 0.7087068773693087076, 1.000000000000000000),
 ( 1.000000000000000000, 0.7083057265383042589, 1.000000000000000000),
 ( 1.000000000000000000, 0.7073989741084302230, 1.000000000000000000),
 ( 1.000000000000000000, 0.7068945713179123347, 1.000000000000000000),
 ( 1.000000000000000000, 0.7059756054756899379, 1.000000000000000000),
 ( 1.000000000000000000, 0.7055635210146119496, 1.000000000000000000),
 ( 1.000000000000000000, 0.7049917486293361124, 1.000000000000000000),
 ( 1.000000000000000000, 0.7048336387066562736, 1.000000000000000000),
 ( 1.000000000000000000, 0.7048336387066562736, 1.000000000000000000),
 ( 1.000000000000000000, 0.7049917486294490221, 1.000000000000000000),
 ( 1.000000000000000000, 0.7055635210144990399, 1.000000000000000000),
 ( 1.000000000000000000, 0.7059756054751820109, 1.000000000000000000),
 ( 1.000000000000000000, 0.7068945713184202617, 1.000000000000000000),
 ( 1.000000000000000000, 0.7073989741091415429, 1.000000000000000000),
 ( 1.000000000000000000, 0.7083057265375869438, 1.000000000000000000),
 ( 1.000000000000000000, 0.7087068773698483870, 1.000000000000000000),
 ( 1.000000000000000000, 0.7089765781523532651, 1.000000000000000000) ) ) 
 REPRESENTATION_ITEM ( '' )  SURFACE ( )  );
#1199 = CARTESIAN_POINT ( 'NONE',  ( -3.311305838722848449, 8.000000000000000000, 0.000000000000000000 ) ) ;
#1200 = CYLINDRICAL_SURFACE ( 'NONE', #2824, 0.09999999999999939493 ) ;
#1201 = CARTESIAN_POINT ( 'NONE',  ( -9.897696543085515941, 6.599333678984525164, 22.12650638280420878 ) ) ;
#1202 = CARTESIAN_POINT ( 'NONE',  ( 8.498013181092879620, 7.100000000000000533, 20.97830201532073957 ) ) ;
#1203 = ORIENTED_EDGE ( 'NONE', *, *, #1878, .T. ) ;
#1204 = DIRECTION ( 'NONE',  ( 0.8176693484968581283, 7.092151072120803718E-16, 0.5756881417301591419 ) ) ;
#1205 = DIRECTION ( 'NONE',  ( 0.1675954939338687999, 0.000000000000000000, -0.9858558466698174039 ) ) ;
#1206 = AXIS2_PLACEMENT_3D ( 'NONE', #191, #866, #1416 ) ;
#1207 = AXIS2_PLACEMENT_3D ( 'NONE', #1630, #3278, #1989 ) ;
#1208 = AXIS2_PLACEMENT_3D ( 'NONE', #1753, #3970, #1112 ) ;
#1209 = CARTESIAN_POINT ( 'NONE',  ( 10.80191321956405837, 4.725061087810881411, 22.60038548257768909 ) ) ;
#1210 = AXIS2_PLACEMENT_3D ( 'NONE', #3284, #2040, #3329 ) ;
#1211 = CARTESIAN_POINT ( 'NONE',  ( 5.306959572670320924, 6.521054645341489930, 17.31165918648927970 ) ) ;
#1212 = CARTESIAN_POINT ( 'NONE',  ( 1.581281480365390291, 3.500000000000000444, -1.761828530288944705E-16 ) ) ;
#1213 = CARTESIAN_POINT ( 'NONE',  ( 7.052828328905353494, 8.000000000000000000, 16.68698554138909884 ) ) ;
#1214 = EDGE_LOOP ( 'NONE', ( #498, #1927, #2095, #846 ) ) ;
#1215 = AXIS2_PLACEMENT_3D ( 'NONE', #4087, #1204, #1313 ) ;
#1216 = CARTESIAN_POINT ( 'NONE',  ( 4.238167138620153374, 4.837243418357457081, 17.94561269094355183 ) ) ;
#1217 = DIRECTION ( 'NONE',  ( -0.9858558466698175149, 0.000000000000000000, -0.1675954939338688277 ) ) ;
#1218 = CARTESIAN_POINT ( 'NONE',  ( -7.738699171168578417, 3.165048581506649583, 20.44369952329070017 ) ) ;
#1219 = ORIENTED_EDGE ( 'NONE', *, *, #327, .T. ) ;
#1220 = DIRECTION ( 'NONE',  ( -1.000000000000000000, -0.000000000000000000, -0.000000000000000000 ) ) ;
#1221 = VERTEX_POINT ( 'NONE', #1389 ) ;
#1222 = CARTESIAN_POINT ( 'NONE',  ( 3.311305838722849781, 5.044148021984111274, 0.000000000000000000 ) ) ;
#1223 = CARTESIAN_POINT ( 'NONE',  ( -6.772264771382022097, 5.266426741135925127, 19.76327188497909049 ) ) ;
#1224 = CARTESIAN_POINT ( 'NONE',  ( 10.54478737270500410, 6.057599849721481355, 22.41935350279123895 ) ) ;
#1225 = ORIENTED_EDGE ( 'NONE', *, *, #388, .F. ) ;
#1226 = EDGE_CURVE ( 'NONE', #1287, #774, #3891, .T. ) ;
#1227 = CARTESIAN_POINT ( 'NONE',  ( 5.941025342143236188, 9.947945342476945285, 15.55242792845880828 ) ) ;
#1228 = CARTESIAN_POINT ( 'NONE',  ( 4.233432341285172207, 5.500276663173689684, 17.91060760568116095 ) ) ;
#1229 = CARTESIAN_POINT ( 'NONE',  ( 12.15499524966784861, 7.873786394220859464, 23.55303618539649335 ) ) ;
#1230 = CARTESIAN_POINT ( 'NONE',  ( 7.772623078344317094, 3.230825440875409793, 20.46758398357799891 ) ) ;
#1231 = CARTESIAN_POINT ( 'NONE',  ( 6.424275242122390317, 6.145715020726014721, 16.84196732722844203 ) ) ;
#1232 = DIRECTION ( 'NONE',  ( -0.000000000000000000, -1.000000000000000000, -0.000000000000000000 ) ) ;
#1233 = LINE ( 'NONE', #4136, #3083 ) ;
#1234 = ORIENTED_EDGE ( 'NONE', *, *, #1190, .F. ) ;
#1235 = DIRECTION ( 'NONE',  ( -0.1675954939338693273, -0.000000000000000000, -0.9858558466698174039 ) ) ;
#1236 = CARTESIAN_POINT ( 'NONE',  ( -4.233621163708765955, 4.494280473146018196, 17.90666908110348032 ) ) ;
#1237 = ORIENTED_EDGE ( 'NONE', *, *, #1082, .T. ) ;
#1238 = CARTESIAN_POINT ( 'NONE',  ( 4.249926795780296196, 5.426853632574612618, 17.96303048567332894 ) ) ;
#1239 = ORIENTED_EDGE ( 'NONE', *, *, #2980, .F. ) ;
#1240 = EDGE_CURVE ( 'NONE', #908, #3158, #456, .T. ) ;
#1241 = CARTESIAN_POINT ( 'NONE',  ( -4.211856413937754340, 5.366121524250670127, 17.92198056880036816 ) ) ;
#1242 = CARTESIAN_POINT ( 'NONE',  ( 4.259494740436747584, 4.900498296521320185, 17.98367205135820157 ) ) ;
#1243 = CARTESIAN_POINT ( 'NONE',  ( 13.50000000000000355, 3.000000000000000000, 25.53785682819067659 ) ) ;
#1244 = EDGE_LOOP ( 'NONE', ( #494, #1522, #959, #3082 ) ) ;
#1245 = CARTESIAN_POINT ( 'NONE',  ( -4.233212186273698663, 4.449329083254457196, 17.86224619635551747 ) ) ;
#1246 = FACE_OUTER_BOUND ( 'NONE', #2859, .T. ) ;
#1247 = CARTESIAN_POINT ( 'NONE',  ( 5.546834667730397683, 9.999999999999998224, 15.15016958239733746 ) ) ;
#1248 = CARTESIAN_POINT ( 'NONE',  ( 4.170200176754390142, 4.720000406432213857, 17.91731823670093604 ) ) ;
#1249 = DIRECTION ( 'NONE',  ( -0.000000000000000000, 1.000000000000000000, -0.000000000000000000 ) ) ;
#1250 = EDGE_CURVE ( 'NONE', #2754, #1517, #3183, .T. ) ;
#1251 = CARTESIAN_POINT ( 'NONE',  ( 6.173718993075443251, 3.661097201406886104, 16.94729497426766684 ) ) ;
#1252 = CARTESIAN_POINT ( 'NONE',  ( 3.015997461088077980, 4.206441322953794248, -2.617179836312584092E-14 ) ) ;
#1253 = CYLINDRICAL_SURFACE ( 'NONE', #2009, 1.000000000000000888 ) ;
#1254 = EDGE_LOOP ( 'NONE', ( #2620, #3126, #3144, #1487 ) ) ;
#1255 = CARTESIAN_POINT ( 'NONE',  ( -7.651552176556194240, 8.000000000000000000, 15.59736574444821322 ) ) ;
#1256 = ORIENTED_EDGE ( 'NONE', *, *, #3949, .T. ) ;
#1257 = CARTESIAN_POINT ( 'NONE',  ( 4.258074709438695038, 5.166129871215891178, 17.98113798906560845 ) ) ;
#1258 = ORIENTED_EDGE ( 'NONE', *, *, #1456, .F. ) ;
#1259 = CARTESIAN_POINT ( 'NONE',  ( -13.30232546822269946, 1.826713108895586579, 24.36082530294740067 ) ) ;
#1260 = CARTESIAN_POINT ( 'NONE',  ( -10.39992929145417300, 6.007237952115694668, 22.49716943663215574 ) ) ;
#1261 = VERTEX_POINT ( 'NONE', #3107 ) ;
#1262 = CARTESIAN_POINT ( 'NONE',  ( 4.306598075651553614, 5.904273181502221135, 17.84005016695400059 ) ) ;
#1263 = ORIENTED_EDGE ( 'NONE', *, *, #4155, .T. ) ;
#1264 = DIRECTION ( 'NONE',  ( -0.9995545609307141532, 0.02984425778281702551, 0.000000000000000000 ) ) ;
#1265 = EDGE_CURVE ( 'NONE', #2354, #3115, #3290, .T. ) ;
#1266 = CARTESIAN_POINT ( 'NONE',  ( -4.258074709438689709, 4.833870128784178988, 17.98113798906561200 ) ) ;
#1267 = AXIS2_PLACEMENT_3D ( 'NONE', #3328, #83, #1678 ) ;
#1268 = ADVANCED_FACE ( 'NONE', ( #3752 ), #3065, .T. ) ;
#1269 = EDGE_CURVE ( 'NONE', #2058, #1436, #942, .T. ) ;
#1270 = CARTESIAN_POINT ( 'NONE',  ( 6.906129898291495373, 5.317482236237386140, 16.74858007475575050 ) ) ;
#1271 = AXIS2_PLACEMENT_3D ( 'NONE', #11, #3794, #2189 ) ;
#1272 = VECTOR ( 'NONE', #3600, 1000.000000000000000 ) ;
#1273 = CARTESIAN_POINT ( 'NONE',  ( 2.396044656054980848, 3.667244627744765673, -4.039032429084036600E-14 ) ) ;
#1274 = DIRECTION ( 'NONE',  ( -0.000000000000000000, -1.000000000000000000, -0.000000000000000000 ) ) ;
#1275 = VERTEX_POINT ( 'NONE', #523 ) ;
#1276 = VECTOR ( 'NONE', #3770, 1000.000000000000000 ) ;
#1277 = VECTOR ( 'NONE', #759, 1000.000000000000000 ) ;
#1278 = CARTESIAN_POINT ( 'NONE',  ( 10.50000000000000178, 0.000000000000000000, 24.83379699913084693 ) ) ;
#1279 = EDGE_LOOP ( 'NONE', ( #1881, #1333, #125, #131 ) ) ;
#1280 = DIRECTION ( 'NONE',  ( 1.000000000000000000, 0.000000000000000000, 0.000000000000000000 ) ) ;
#1281 = AXIS2_PLACEMENT_3D ( 'NONE', #394, #68, #788 ) ;
#1282 = VECTOR ( 'NONE', #2674, 1000.000000000000000 ) ;
#1283 = EDGE_LOOP ( 'NONE', ( #3056, #3498, #4003, #566, #150, #2838, #4147 ) ) ;
#1284 = CARTESIAN_POINT ( 'NONE',  ( -12.87239229965729237, 1.020572029848788809, 24.05812662977990968 ) ) ;
#1285 = DIRECTION ( 'NONE',  ( 1.000000000000000000, 0.000000000000000000, 0.000000000000000000 ) ) ;
#1286 =( BOUNDED_SURFACE ( )  B_SPLINE_SURFACE ( 3, 2, ( 
 ( #2246, #3534, #920 ),
 ( #3491, #3764, #1844 ),
 ( #1531, #2180, #3465 ),
 ( #1865, #3163, #2995 ),
 ( #3919, #2268, #108 ),
 ( #372, #1040, #395 ),
 ( #1640, #752, #2933 ),
 ( #2363, #772, #3316 ) ),
 .UNSPECIFIED., .F., .F., .F. ) 
 B_SPLINE_SURFACE_WITH_KNOTS ( ( 4, 2, 2, 4 ),
 ( 3, 3 ),
 ( 0.0009551075433401680663, 0.001177244182094490128, 0.001288312501471651321, 0.001399380820848812297 ),
 ( 0.000000000000000000, 1.000000000000000000 ),
 .UNSPECIFIED. ) 
 GEOMETRIC_REPRESENTATION_ITEM ( )  RATIONAL_B_SPLINE_SURFACE ( (
 ( 1.000000000000000000, 0.7089765781527173072, 1.000000000000000000),
 ( 1.000000000000000000, 0.7708117142132888677, 1.000000000000000000),
 ( 1.000000000000000000, 0.8235541093063327711, 1.000000000000000000),
 ( 1.000000000000000000, 0.8904302244353620166, 1.000000000000000000),
 ( 1.000000000000000000, 0.9104611830720042986, 1.000000000000000000),
 ( 1.000000000000000000, 0.9462855801378785570, 1.000000000000000000),
 ( 1.000000000000000000, 0.9622051000543576649, 1.000000000000000000),
 ( 1.000000000000000000, 0.9742080929207493911, 1.000000000000000000) ) ) 
 REPRESENTATION_ITEM ( '' )  SURFACE ( )  );
#1287 = VERTEX_POINT ( 'NONE', #3997 ) ;
#1288 = CARTESIAN_POINT ( 'NONE',  ( -4.244858296229931938, 4.462082800707701580, 17.90345662889449585 ) ) ;
#1289 = CARTESIAN_POINT ( 'NONE',  ( 0.000000000000000000, 10.00000000000000000, 0.000000000000000000 ) ) ;
#1290 = FACE_OUTER_BOUND ( 'NONE', #1412, .T. ) ;
#1291 = VERTEX_POINT ( 'NONE', #3729 ) ;
#1292 = CARTESIAN_POINT ( 'NONE',  ( 6.862751441324423496, 9.007237923834008342, 16.49301846051714904 ) ) ;
#1293 = CARTESIAN_POINT ( 'NONE',  ( -4.259536964655110225, 4.921999377955095234, 17.98366161390488571 ) ) ;
#1294 = ADVANCED_FACE ( 'NONE', ( #1815 ), #2794, .T. ) ;
#1295 = CARTESIAN_POINT ( 'NONE',  ( 5.345831857086317918, 3.478785738619712742, 17.40370521385148450 ) ) ;
#1296 = CARTESIAN_POINT ( 'NONE',  ( -6.896504047909413515, 5.676685404029652382, 16.75262169783290744 ) ) ;
#1297 = FACE_OUTER_BOUND ( 'NONE', #37, .T. ) ;
#1298 = ORIENTED_EDGE ( 'NONE', *, *, #3236, .F. ) ;
#1299 = EDGE_CURVE ( 'NONE', #319, #2793, #2007, .T. ) ;
#1300 = PRESENTATION_STYLE_ASSIGNMENT (( #1853 ) ) ;
#1301 = CARTESIAN_POINT ( 'NONE',  ( -4.217239918940405730, 4.613136968338771737, 17.92188121812490564 ) ) ;
#1302 = FACE_OUTER_BOUND ( 'NONE', #3096, .T. ) ;
#1303 = CARTESIAN_POINT ( 'NONE',  ( 1.786946498273827233, 6.504785679888405170, 2.790725789844297161E-13 ) ) ;
#1304 = EDGE_CURVE ( 'NONE', #12, #2290, #1046, .T. ) ;
#1305 = ORIENTED_EDGE ( 'NONE', *, *, #1104, .T. ) ;
#1306 =( BOUNDED_CURVE ( )  B_SPLINE_CURVE ( 3, ( #430, #361, #3951, #1072 ),
 .UNSPECIFIED., .F., .T. ) 
 B_SPLINE_CURVE_WITH_KNOTS ( ( 4, 4 ),
 ( 4.712388980384686121, 6.283185307179586232 ),
 .UNSPECIFIED. ) 
 CURVE ( )  GEOMETRIC_REPRESENTATION_ITEM ( )  RATIONAL_B_SPLINE_CURVE ( ( 1.000000000000000000, 0.8047378541243641603, 0.8047378541243641603, 1.000000000000000000 ) ) 
 REPRESENTATION_ITEM ( '' )  );
#1307 = CARTESIAN_POINT ( 'NONE',  ( -10.30570235269356161, 6.174267824594192433, 22.25102334447182528 ) ) ;
#1308 = ORIENTED_EDGE ( 'NONE', *, *, #3510, .T. ) ;
#1309 = CARTESIAN_POINT ( 'NONE',  ( -6.726311488824720186, 0.2687356718800846811, 15.79826803152904446 ) ) ;
#1310 = CARTESIAN_POINT ( 'NONE',  ( 7.177512018581830411, 3.748826800476287247, 20.04859019256896957 ) ) ;
#1311 =( BOUNDED_SURFACE ( )  B_SPLINE_SURFACE ( 3, 2, ( 
 ( #2872, #1896, #4158 ),
 ( #1626, #2590, #3143 ),
 ( #3881, #1009, #3585 ),
 ( #2302, #2961, #2659 ),
 ( #117, #711, #2611 ),
 ( #692, #1691, #730 ),
 ( #3255, #1987, #381 ),
 ( #2006, #2324, #3322 ),
 ( #3607, #428, #3299 ),
 ( #3947, #95, #1647 ) ),
 .UNSPECIFIED., .F., .F., .T. ) 
 B_SPLINE_SURFACE_WITH_KNOTS ( ( 4, 2, 2, 2, 4 ),
 ( 3, 3 ),
 ( 3.141592653589793116, 3.534291735288517255, 3.926990816987241395, 4.319689898685965090, 4.712388980384689674 ),
 ( 0.000000000000000000, 1.000000000000000000 ),
 .UNSPECIFIED. ) 
 GEOMETRIC_REPRESENTATION_ITEM ( )  RATIONAL_B_SPLINE_SURFACE ( (
 ( 1.000000000000000000, 0.8876058082646145486, 1.000000000000000000),
 ( 1.000000000000000000, 0.8876150019828629167, 1.000000000000000000),
 ( 1.000000000000000000, 0.8834139007926413711, 1.000000000000000000),
 ( 1.000000000000000000, 0.8669383444734082289, 1.000000000000000000),
 ( 1.000000000000000000, 0.8546529109296187032, 1.000000000000000000),
 ( 1.000000000000000000, 0.8228887361635776054, 1.000000000000000000),
 ( 1.000000000000000000, 0.8034054020675618357, 1.000000000000000000),
 ( 1.000000000000000000, 0.7588406182821002544, 1.000000000000000000),
 ( 1.000000000000000000, 0.7337663951565344123, 1.000000000000000000),
 ( 1.000000000000000000, 0.7071067811865473507, 1.000000000000000000) ) ) 
 REPRESENTATION_ITEM ( '' )  SURFACE ( )  );
#1312 = ORIENTED_EDGE ( 'NONE', *, *, #2478, .T. ) ;
#1313 = DIRECTION ( 'NONE',  ( 0.5756881417301591419, 0.000000000000000000, -0.8176693484968579062 ) ) ;
#1314 = FACE_OUTER_BOUND ( 'NONE', #246, .T. ) ;
#1315 = CARTESIAN_POINT ( 'NONE',  ( 3.311305838722849781, 10.00000000000000000, 0.000000000000000000 ) ) ;
#1316 = CARTESIAN_POINT ( 'NONE',  ( -5.661679075523118776, 6.628610915628796008, 17.27108987534125362 ) ) ;
#1317 = DIRECTION ( 'NONE',  ( -0.8454538723337049477, -0.5340484526294814183, 0.000000000000000000 ) ) ;
#1318 = ORIENTED_EDGE ( 'NONE', *, *, #3022, .F. ) ;
#1319 = CARTESIAN_POINT ( 'NONE',  ( 2.694108798096280566, 5.000000000000000000, -2.598802037448211255 ) ) ;
#1320 = AXIS2_PLACEMENT_3D ( 'NONE', #3753, #888, #584 ) ;
#1321 = CARTESIAN_POINT ( 'NONE',  ( -4.207274774281353658, 4.544777297379694936, 17.88836294178817710 ) ) ;
#1322 = B_SPLINE_CURVE_WITH_KNOTS ( 'NONE', 3,
 ( #3448, #1824, #2488, #1228 ),
 .UNSPECIFIED., .F., .F.,
 ( 4, 4 ),
 ( 0.000000000000000000, 1.000000000000000000 ),
 .UNSPECIFIED. ) ;
#1323 = CYLINDRICAL_SURFACE ( 'NONE', #3969, 2.000000000000001776 ) ;
#1324 = CARTESIAN_POINT ( 'NONE',  ( 2.572582215579949150, 6.209699671726475856, 0.07693313645230942521 ) ) ;
#1325 = ORIENTED_EDGE ( 'NONE', *, *, #3657, .T. ) ;
#1326 = CARTESIAN_POINT ( 'NONE',  ( -12.89900049010673833, 1.156359802987450225, 25.39681029079041963 ) ) ;
#1327 = CARTESIAN_POINT ( 'NONE',  ( 4.228207580057302906, 4.531076625748932329, 17.91594980976249829 ) ) ;
#1328 = CARTESIAN_POINT ( 'NONE',  ( 4.258074709438695038, 5.166129871215891178, 17.98113798906560845 ) ) ;
#1329 = ORIENTED_EDGE ( 'NONE', *, *, #787, .T. ) ;
#1330 = EDGE_CURVE ( 'NONE', #1221, #3690, #1806, .T. ) ;
#1331 = CARTESIAN_POINT ( 'NONE',  ( 4.243266702538276647, 4.506281565694347790, 17.93294027983362326 ) ) ;
#1332 = CARTESIAN_POINT ( 'NONE',  ( 9.754202630890645764, 3.289256027535377047, 21.86273454461334609 ) ) ;
#1333 = ORIENTED_EDGE ( 'NONE', *, *, #1250, .T. ) ;
#1334 = CARTESIAN_POINT ( 'NONE',  ( 5.546834667730402124, 0.000000000000000000, 15.15016958239733746 ) ) ;
#1335 = DIRECTION ( 'NONE',  ( 0.5756881417301594750, 0.000000000000000000, -0.8176693484968577952 ) ) ;
#1336 = CARTESIAN_POINT ( 'NONE',  ( 12.65137628342742993, 7.130923280644309692, 23.90251813117380308 ) ) ;
#1337 =( BOUNDED_CURVE ( )  B_SPLINE_CURVE ( 3, ( #1496, #2789, #1186, #3743 ),
 .UNSPECIFIED., .F., .T. ) 
 B_SPLINE_CURVE_WITH_KNOTS ( ( 4, 4 ),
 ( 3.169188669775361067, 4.712388980384689674 ),
 .UNSPECIFIED. ) 
 CURVE ( )  GEOMETRIC_REPRESENTATION_ITEM ( )  RATIONAL_B_SPLINE_CURVE ( ( 1.000000000000000000, 0.8111972176583966965, 0.8111972176583966965, 1.000000000000000000 ) ) 
 REPRESENTATION_ITEM ( '' )  );
#1338 = DIRECTION ( 'NONE',  ( 0.000000000000000000, -0.000000000000000000, 1.000000000000000000 ) ) ;
#1339 = DIRECTION ( 'NONE',  ( -0.000000000000000000, 1.000000000000000000, -0.000000000000000000 ) ) ;
#1340 = CARTESIAN_POINT ( 'NONE',  ( 13.50000000000000178, 1.242640687119284104, 25.53785682819067304 ) ) ;
#1341 = ORIENTED_EDGE ( 'NONE', *, *, #2557, .F. ) ;
#1342 = DIRECTION ( 'NONE',  ( 1.000000000000000000, 0.000000000000000000, -0.000000000000000000 ) ) ;
#1343 = VERTEX_POINT ( 'NONE', #3674 ) ;
#1344 = CARTESIAN_POINT ( 'NONE',  ( -4.234644659746199302, 5.498024811943801993, 17.91637954548334477 ) ) ;
#1345 = ORIENTED_EDGE ( 'NONE', *, *, #271, .F. ) ;
#1346 = CLOSED_SHELL ( 'NONE', ( #2113, #2157, #1807, #3680, #2999, #2767, #2841, #2768, #2593, #795, #2860, #1804, #744, #2676, #1728, #1784, #509, #2605, #414, #1569, #91, #1856, #1352, #813, #1044, #4046, #3732, #974, #2184, #458, #3604, #2208, #3972, #1579, #4148, #2975, #1383, #2111, #112, #2925, #2541, #2186, #1268, #2321, #3261, #2473, #792, #1908, #2299, #3170, #1543, #93, #4048, #13, #502, #1027, #377, #3101, #3727, #3524, #3285, #4051, #5, #1197, #556, #2810, #1597, #683, #3816, #560, #1708, #3473, #1825, #2971, #2633, #1961, #3615, #1294, #2404, #1164, #2360, #3588, #1469, #2273, #3400, #140, #3837, #3955, #2504, #165, #1495, #738, #3305, #3930, #2525, #1845, #3711, #219, #3665, #664, #1923, #3385, #1899, #2266, #439, #1128, #2065, #2948, #857, #867, #1885, #315, #3704 ) ) ;
#1347 = VECTOR ( 'NONE', #1384, 1000.000000000000000 ) ;
#1348 = DIRECTION ( 'NONE',  ( 0.000000000000000000, -1.000000000000000000, 0.000000000000000000 ) ) ;
#1349 = CIRCLE ( 'NONE', #1867, 2.000000000000000888 ) ;
#1350 = CIRCLE ( 'NONE', #2422, 2.099999999999997868 ) ;
#1351 = ORIENTED_EDGE ( 'NONE', *, *, #3202, .F. ) ;
#1352 = ADVANCED_FACE ( 'NONE', ( #3712 ), #803, .F. ) ;
#1353 = CARTESIAN_POINT ( 'NONE',  ( 4.225630162403419376, 4.543071793428819838, 17.91632131078186418 ) ) ;
#1354 = CYLINDRICAL_SURFACE ( 'NONE', #2547, 3.000000000000002665 ) ;
#1355 = CARTESIAN_POINT ( 'NONE',  ( 8.200024827450723919, 3.052054649472403014, 20.87357298776346326 ) ) ;
#1356 = ORIENTED_EDGE ( 'NONE', *, *, #1250, .F. ) ;
#1357 = CARTESIAN_POINT ( 'NONE',  ( -4.239001630050248437, 4.716408388980554811, 17.94147003556424025 ) ) ;
#1358 = DIRECTION ( 'NONE',  ( 0.1675954939338692995, 0.000000000000000000, 0.9858558466698172928 ) ) ;
#1359 = EDGE_CURVE ( 'NONE', #954, #3479, #1407, .T. ) ;
#1360 = CARTESIAN_POINT ( 'NONE',  ( 10.50000000000000178, 10.00000000000000000, 24.83379699913084693 ) ) ;
#1361 = CARTESIAN_POINT ( 'NONE',  ( -4.179561799935410882, 4.833870128784178988, 18.02513484169542934 ) ) ;
#1362 = CARTESIAN_POINT ( 'NONE',  ( -10.50000000000000178, 10.00000000000000000, 24.83379699913084693 ) ) ;
#1363 = VERTEX_POINT ( 'NONE', #1192 ) ;
#1364 = DIRECTION ( 'NONE',  ( -0.9995545609307141532, -0.02984425778281702551, 0.000000000000000000 ) ) ;
#1365 = CARTESIAN_POINT ( 'NONE',  ( -4.250765765565098775, 5.638904127087403850, 17.80493140896118121 ) ) ;
#1366 = CARTESIAN_POINT ( 'NONE',  ( 6.727458061317108218, 0.8000000000000005995, 19.73172528035040330 ) ) ;
#1367 = ORIENTED_EDGE ( 'NONE', *, *, #3052, .T. ) ;
#1368 = DIRECTION ( 'NONE',  ( -0.8176693484968577952, 0.000000000000000000, -0.5756881417301595860 ) ) ;
#1369 = DIRECTION ( 'NONE',  ( -0.000000000000000000, 1.000000000000000000, 0.000000000000000000 ) ) ;
#1370 = CARTESIAN_POINT ( 'NONE',  ( 4.201020620037299480, 5.217218024962567924, 17.93428815927500608 ) ) ;
#1371 = ORIENTED_EDGE ( 'NONE', *, *, #3404, .T. ) ;
#1372 = EDGE_CURVE ( 'NONE', #2460, #3048, #4074, .T. ) ;
#1373 = CARTESIAN_POINT ( 'NONE',  ( -10.50000000000000533, 7.000000000000000000, 54.00000000000000000 ) ) ;
#1374 = CARTESIAN_POINT ( 'NONE',  ( 4.246253731440521761, 4.412617686172664477, 17.91498335290328114 ) ) ;
#1375 = EDGE_LOOP ( 'NONE', ( #1031, #2666, #2130, #1109 ) ) ;
#1376 = CARTESIAN_POINT ( 'NONE',  ( -4.248088950970189792, 4.528242801168818055, 17.95604511872312159 ) ) ;
#1377 = CARTESIAN_POINT ( 'NONE',  ( -5.282234515307308698, 7.333098982534226096, 17.32205298877832789 ) ) ;
#1378 = EDGE_CURVE ( 'NONE', #1886, #155, #1852, .T. ) ;
#1379 = CARTESIAN_POINT ( 'NONE',  ( -4.233432341285168654, 4.499723336826324527, 17.91060760568116450 ) ) ;
#1380 = DIRECTION ( 'NONE',  ( -0.04035605027262750139, 0.9965867277635397370, 0.07201585417082476126 ) ) ;
#1381 = DIRECTION ( 'NONE',  ( 0.000000000000000000, 0.000000000000000000, 1.000000000000000000 ) ) ;
#1382 = ORIENTED_EDGE ( 'NONE', *, *, #3073, .F. ) ;
#1383 = ADVANCED_FACE ( 'NONE', ( #3085 ), #3863, .T. ) ;
#1384 = DIRECTION ( 'NONE',  ( 1.000000000000000000, -5.345783651393923134E-16, -0.000000000000000000 ) ) ;
#1385 = DIRECTION ( 'NONE',  ( 0.000000000000000000, 0.000000000000000000, -1.000000000000000000 ) ) ;
#1386 = CYLINDRICAL_SURFACE ( 'NONE', #1088, 2.000000000000000444 ) ;
#1387 = CARTESIAN_POINT ( 'NONE',  ( -4.162510760922984332, 5.222500913705943049, 17.92408953546576100 ) ) ;
#1388 = EDGE_LOOP ( 'NONE', ( #438, #2777, #2558, #2225, #2309, #206, #4143, #3800, #731, #1861, #3573, #783 ) ) ;
#1389 = CARTESIAN_POINT ( 'NONE',  ( 4.344152921490699981, 5.847756107658259594, 17.71639927782123891 ) ) ;
#1390 = CARTESIAN_POINT ( 'NONE',  ( 4.219126881157528430, 5.483901655547748000, 17.89201409888046612 ) ) ;
#1391 = ORIENTED_EDGE ( 'NONE', *, *, #2023, .F. ) ;
#1392 = CARTESIAN_POINT ( 'NONE',  ( -4.198227193280064107, 4.839463655979969303, 17.93726951551496995 ) ) ;
#1393 = CARTESIAN_POINT ( 'NONE',  ( -2.887847058725677041, 2.000000000000000000, -0.4909339999833647328 ) ) ;
#1394 = ORIENTED_EDGE ( 'NONE', *, *, #3408, .T. ) ;
#1395 = CYLINDRICAL_SURFACE ( 'NONE', #479, 3.000000000000000000 ) ;
#1396 = CARTESIAN_POINT ( 'NONE',  ( -5.546834667730394131, 10.00000000000000000, 15.15016958239733746 ) ) ;
#1397 = CARTESIAN_POINT ( 'NONE',  ( 4.245255349910704190, 5.531966278194980546, 17.92628816547899007 ) ) ;
#1398 = DIRECTION ( 'NONE',  ( -1.000000000000000000, -0.000000000000000000, -0.000000000000000000 ) ) ;
#1399 = CARTESIAN_POINT ( 'NONE',  ( -4.306598075651546509, 4.095726818497369415, 17.84005016695400059 ) ) ;
#1400 = CARTESIAN_POINT ( 'NONE',  ( 10.50000000000000533, 3.000000000000000000, 54.00000000000000000 ) ) ;
#1401 = DIRECTION ( 'NONE',  ( -0.000000000000000000, -1.000000000000000000, 0.000000000000000000 ) ) ;
#1402 = CARTESIAN_POINT ( 'NONE',  ( -13.50000000000000355, 7.392769841933116481, 25.53785682816774028 ) ) ;
#1403 = CARTESIAN_POINT ( 'NONE',  ( -4.156915035380645662, 5.283191467055117663, 17.88344830172414390 ) ) ;
#1404 = EDGE_CURVE ( 'NONE', #2008, #213, #2584, .T. ) ;
#1405 = ORIENTED_EDGE ( 'NONE', *, *, #3277, .T. ) ;
#1406 = CIRCLE ( 'NONE', #3221, 0.08000000000000029310 ) ;
#1407 = CIRCLE ( 'NONE', #740, 2.000000000000000444 ) ;
#1408 = CARTESIAN_POINT ( 'NONE',  ( 4.245496171131679652, 4.464299617975239443, 17.93696320155322965 ) ) ;
#1409 = CARTESIAN_POINT ( 'NONE',  ( 3.605747753964681079E-15, 6.500000000000002665, 3.663474547555337722E-15 ) ) ;
#1410 = VECTOR ( 'NONE', #2233, 1000.000000000000000 ) ;
#1411 = AXIS2_PLACEMENT_3D ( 'NONE', #215, #254, #2760 ) ;
#1412 = EDGE_LOOP ( 'NONE', ( #2015, #3148, #397, #3454 ) ) ;
#1413 = AXIS2_PLACEMENT_3D ( 'NONE', #176, #2067, #3321 ) ;
#1414 = LINE ( 'NONE', #3660, #2021 ) ;
#1415 = VECTOR ( 'NONE', #3034, 1000.000000000000000 ) ;
#1416 = DIRECTION ( 'NONE',  ( 0.9989771878196901378, 0.000000000000000000, -0.04521701246061473473 ) ) ;
#1417 = CARTESIAN_POINT ( 'NONE',  ( 4.242625881084585160, 5.463749524677214531, 17.93321708501381906 ) ) ;
#1418 = VERTEX_POINT ( 'NONE', #309 ) ;
#1419 = DIRECTION ( 'NONE',  ( -0.000000000000000000, -1.000000000000000000, 0.000000000000000000 ) ) ;
#1420 = VECTOR ( 'NONE', #3945, 1000.000000000000000 ) ;
#1421 = CARTESIAN_POINT ( 'NONE',  ( 4.233432341276065713, 4.499723336806306762, 17.91060760565419940 ) ) ;
#1422 = LINE ( 'NONE', #2102, #2545 ) ;
#1423 =( BOUNDED_SURFACE ( )  B_SPLINE_SURFACE ( 3, 2, ( 
 ( #1439, #4027, #2428 ),
 ( #2101, #3075, #3393 ),
 ( #196, #1511, #3493 ),
 ( #2802, #3466, #1846 ),
 ( #3117, #1911, #620 ),
 ( #3835, #3447, #1292 ),
 ( #921, #284, #3205 ),
 ( #576, #4113, #2866 ),
 ( #1595, #3138, #258 ),
 ( #1823, #2486, #1227 ),
 ( #3516, #2505, #4132 ),
 ( #1247, #4151, #304 ) ),
 .UNSPECIFIED., .F., .F., .T. ) 
 B_SPLINE_SURFACE_WITH_KNOTS ( ( 4, 2, 2, 2, 2, 4 ),
 ( 3, 3 ),
 ( 6.283185307179586232, 6.479534848028948524, 6.675884388878310816, 7.068583470577034511, 7.461282552275758206, 7.853981633974482790 ),
 ( 0.000000000000000000, 1.000000000000000000 ),
 .UNSPECIFIED. ) 
 GEOMETRIC_REPRESENTATION_ITEM ( )  RATIONAL_B_SPLINE_SURFACE ( (
 ( 1.000000000000000000, 0.7833036531844903561, 1.000000000000000000),
 ( 1.000000000000000000, 0.7832825190518997172, 1.000000000000000000),
 ( 1.000000000000000000, 0.7865308884258594979, 1.000000000000000000),
 ( 1.000000000000000000, 0.7987418757948248071, 1.000000000000000000),
 ( 1.000000000000000000, 0.8077077782804867878, 1.000000000000000000),
 ( 1.000000000000000000, 0.8404775370683841285, 1.000000000000000000),
 ( 1.000000000000000000, 0.8700522683402029944, 1.000000000000000000),
 ( 1.000000000000000000, 0.9263689590405943530, 1.000000000000000000),
 ( 1.000000000000000000, 0.9528790107461766468, 1.000000000000000000),
 ( 1.000000000000000000, 0.9897046789131093147, 1.000000000000000000),
 ( 1.000000000000000000, 1.000136411045844831, 1.000000000000000000),
 ( 1.000000000000000000, 1.000000000000000000, 1.000000000000000000) ) ) 
 REPRESENTATION_ITEM ( '' )  SURFACE ( )  );
#1424 = EDGE_CURVE ( 'NONE', #1879, #593, #3501, .T. ) ;
#1425 = CARTESIAN_POINT ( 'NONE',  ( -7.373159535547011423, 9.217593256317254458, 16.15369783600417009 ) ) ;
#1426 = CARTESIAN_POINT ( 'NONE',  ( -4.245315091801694862, 5.545240582371545379, 17.93312623052256782 ) ) ;
#1427 = CARTESIAN_POINT ( 'NONE',  ( -10.50000000000000533, 10.00000000000000000, 54.00000000000000000 ) ) ;
#1428 = CARTESIAN_POINT ( 'NONE',  ( -1.786946498273783268, 3.495214320111881268, -2.740462715759488722E-15 ) ) ;
#1429 = VERTEX_POINT ( 'NONE', #951 ) ;
#1430 = CARTESIAN_POINT ( 'NONE',  ( 4.279731316279227649, 5.729085905107193177, 17.75730155395132215 ) ) ;
#1431 = DIRECTION ( 'NONE',  ( 5.345783651393923134E-16, 1.000000000000000000, 5.510717347367227829E-16 ) ) ;
#1432 = EDGE_CURVE ( 'NONE', #802, #1879, #2215, .T. ) ;
#1433 = ORIENTED_EDGE ( 'NONE', *, *, #4069, .F. ) ;
#1434 = CARTESIAN_POINT ( 'NONE',  ( -4.279816210935813103, 5.729333198359851664, 17.75717566259262625 ) ) ;
#1435 = CARTESIAN_POINT ( 'NONE',  ( -4.238167138620148044, 4.837243418357515701, 17.94561269094356248 ) ) ;
#1436 = VERTEX_POINT ( 'NONE', #2836 ) ;
#1437 = CARTESIAN_POINT ( 'NONE',  ( -4.344152921490984198, 5.847756107658717006, 17.71639927782111101 ) ) ;
#1438 =( BOUNDED_SURFACE ( )  B_SPLINE_SURFACE ( 3, 2, ( 
 ( #3961, #1721, #3644 ),
 ( #152, #771, #440 ),
 ( #2315, #1701, #1685 ),
 ( #1392, #1435, #2401 ) ),
 .UNSPECIFIED., .F., .F., .T. ) 
 B_SPLINE_SURFACE_WITH_KNOTS ( ( 4, 4 ),
 ( 3, 3 ),
 ( -8.538092108323347418E-19, 0.0003322597424316418315 ),
 ( 0.000000000000000000, 1.000000000000000000 ),
 .UNSPECIFIED. ) 
 GEOMETRIC_REPRESENTATION_ITEM ( )  RATIONAL_B_SPLINE_SURFACE ( (
 ( 1.000000000000000000, 0.9105442730554751396, 1.000000000000000000),
 ( 1.000000000000000000, 0.9018382700713721833, 1.000000000000000000),
 ( 1.000000000000000000, 0.9018382700713692968, 1.000000000000000000),
 ( 1.000000000000000000, 0.9105442730554751396, 1.000000000000000000) ) ) 
 REPRESENTATION_ITEM ( '' )  SURFACE ( )  );
#1439 = CARTESIAN_POINT ( 'NONE',  ( 7.651552176556201346, 8.000000000000000000, 15.59736574444821322 ) ) ;
#1440 = CARTESIAN_POINT ( 'NONE',  ( 4.258074709438695038, 4.833870128784108822, 17.98113798906561200 ) ) ;
#1441 = CARTESIAN_POINT ( 'NONE',  ( 7.052828328905353494, 2.000000000000000000, 16.68698554138909884 ) ) ;
#1442 = CARTESIAN_POINT ( 'NONE',  ( 4.245219120418717296, 4.469165348959600159, 17.92214138000490209 ) ) ;
#1443 = CARTESIAN_POINT ( 'NONE',  ( -12.62534895234487387, 7.261747903151047012, 23.88419333290094215 ) ) ;
#1444 = CARTESIAN_POINT ( 'NONE',  ( -4.306598075651546509, 5.904273181502629697, 17.84005016695400059 ) ) ;
#1445 = ORIENTED_EDGE ( 'NONE', *, *, #3641, .F. ) ;
#1446 = CARTESIAN_POINT ( 'NONE',  ( 6.769786965926059885, 9.000000000000000000, 19.81801391644615151 ) ) ;
#1447 = CARTESIAN_POINT ( 'NONE',  ( -8.960712705163903280, 3.000000000000000000, 21.43498379316926261 ) ) ;
#1448 = EDGE_CURVE ( 'NONE', #2926, #289, #2192, .T. ) ;
#1449 = ORIENTED_EDGE ( 'NONE', *, *, #2576, .T. ) ;
#1450 = MANIFOLD_SOLID_BREP ( '\X2\6c145b545916\X0\', #1346 ) ;
#1451 = DIRECTION ( 'NONE',  ( 0.1675954939338687999, -0.000000000000000000, -0.9858558466698174039 ) ) ;
#1452 = EDGE_CURVE ( 'NONE', #549, #3349, #1466, .T. ) ;
#1453 = CARTESIAN_POINT ( 'NONE',  ( -7.013353652678921080, 10.00000000000000000, 16.70355984454827336 ) ) ;
#1454 = AXIS2_PLACEMENT_3D ( 'NONE', #2822, #895, #2881 ) ;
#1455 = ORIENTED_EDGE ( 'NONE', *, *, #3643, .F. ) ;
#1456 = EDGE_CURVE ( 'NONE', #954, #1418, #2256, .T. ) ;
#1457 = CARTESIAN_POINT ( 'NONE',  ( 4.230533583263021313, 4.477048779688138858, 17.88323316374393812 ) ) ;
#1458 = CARTESIAN_POINT ( 'NONE',  ( -4.196513074801525356, 5.107110994021084593, 17.94030645242879274 ) ) ;
#1459 = CARTESIAN_POINT ( 'NONE',  ( 7.013353652678960160, 10.00000000000000000, 16.70355984454825915 ) ) ;
#1460 = CARTESIAN_POINT ( 'NONE',  ( -4.233432341276059496, 5.500276663193679028, 17.91060760565419940 ) ) ;
#1461 = CARTESIAN_POINT ( 'NONE',  ( -3.311305838722848449, 2.000000000000000000, 2.000000000000000000 ) ) ;
#1462 = CARTESIAN_POINT ( 'NONE',  ( -1.581281480365413605, 3.400000000000000355, -1.761828530288944705E-16 ) ) ;
#1463 = CARTESIAN_POINT ( 'NONE',  ( 6.097740050429855785, 0.05205465752306092514, 15.26722223757012387 ) ) ;
#1464 = EDGE_LOOP ( 'NONE', ( #4080, #3620, #476, #1524 ) ) ;
#1465 = CARTESIAN_POINT ( 'NONE',  ( 3.532334077613636492, 8.000000000000000000, 15.99600156093995373 ) ) ;
#1466 =( BOUNDED_CURVE ( )  B_SPLINE_CURVE ( 3, ( #1583, #3844, #670, #647 ),
 .UNSPECIFIED., .F., .T. ) 
 B_SPLINE_CURVE_WITH_KNOTS ( ( 4, 4 ),
 ( 4.712388980384687898, 6.283185307179586232 ),
 .UNSPECIFIED. ) 
 CURVE ( )  GEOMETRIC_REPRESENTATION_ITEM ( )  RATIONAL_B_SPLINE_CURVE ( ( 1.000000000000000000, 0.8047378541243646044, 0.8047378541243646044, 1.000000000000000000 ) ) 
 REPRESENTATION_ITEM ( '' )  );
#1467 = CARTESIAN_POINT ( 'NONE',  ( -6.984583908183162215, 3.942400150278517312, 19.91275726014178105 ) ) ;
#1468 = ORIENTED_EDGE ( 'NONE', *, *, #532, .T. ) ;
#1469 = ADVANCED_FACE ( 'NONE', ( #583 ), #269, .T. ) ;
#1470 = FACE_OUTER_BOUND ( 'NONE', #2037, .T. ) ;
#1471 = FACE_OUTER_BOUND ( 'NONE', #655, .T. ) ;
#1472 = VECTOR ( 'NONE', #323, 1000.000000000000114 ) ;
#1473 = AXIS2_PLACEMENT_3D ( 'NONE', #3705, #2121, #3077 ) ;
#1474 = EDGE_CURVE ( 'NONE', #1627, #2974, #2874, .T. ) ;
#1475 = VECTOR ( 'NONE', #1339, 1000.000000000000000 ) ;
#1476 = VECTOR ( 'NONE', #3658, 1000.000000000000000 ) ;
#1477 = CARTESIAN_POINT ( 'NONE',  ( -4.198227193280064995, 4.839463655979969303, 17.93726951551496995 ) ) ;
#1478 = FACE_OUTER_BOUND ( 'NONE', #1283, .T. ) ;
#1479 = EDGE_CURVE ( 'NONE', #1667, #1818, #815, .T. ) ;
#1480 = DIRECTION ( 'NONE',  ( 0.000000000000000000, -1.000000000000000000, -0.000000000000000000 ) ) ;
#1481 = CARTESIAN_POINT ( 'NONE',  ( 4.344152921490988639, 4.152243892341282105, 17.71639927782111812 ) ) ;
#1482 = CARTESIAN_POINT ( 'NONE',  ( -1.581281480365413605, 3.500000000000000000, 0.09999999999999988065 ) ) ;
#1483 = LINE ( 'NONE', #521, #3224 ) ;
#1484 = ORIENTED_EDGE ( 'NONE', *, *, #657, .F. ) ;
#1485 = CARTESIAN_POINT ( 'NONE',  ( -6.772264771374748804, 5.000000000000000888, 19.76327188497432630 ) ) ;
#1486 = DIRECTION ( 'NONE',  ( 0.1675954939338692717, -3.634147972437645640E-17, 0.9858558466698174039 ) ) ;
#1487 = ORIENTED_EDGE ( 'NONE', *, *, #971, .F. ) ;
#1488 = UNCERTAINTY_MEASURE_WITH_UNIT (LENGTH_MEASURE( 1.000000000000000082E-05 ), #2234, 'distance_accuracy_value', 'NONE');
#1489 = DIRECTION ( 'NONE',  ( 0.3812054721353843045, -7.132446932671319018E-16, 0.9244903396001704632 ) ) ;
#1490 = FACE_OUTER_BOUND ( 'NONE', #2873, .T. ) ;
#1491 = CARTESIAN_POINT ( 'NONE',  ( 10.64444668661648485, 4.999999999999996447, 22.67763071618653115 ) ) ;
#1492 = ORIENTED_EDGE ( 'NONE', *, *, #1600, .F. ) ;
#1493 = CARTESIAN_POINT ( 'NONE',  ( 4.344152921490988639, 4.152243892341282105, 17.71639927782111812 ) ) ;
#1494 = CARTESIAN_POINT ( 'NONE',  ( 4.178649897965421189, 4.629383251201796945, 17.88254233012024841 ) ) ;
#1495 = ADVANCED_FACE ( 'NONE', ( #3774 ), #909, .T. ) ;
#1496 = CARTESIAN_POINT ( 'NONE',  ( 3.218892004352636782, 4.958611229389895847, 0.06189396702817450552 ) ) ;
#1497 = CARTESIAN_POINT ( 'NONE',  ( -2.874606943396929459, 5.940687807736676262, 0.06990523569818607452 ) ) ;
#1498 = CARTESIAN_POINT ( 'NONE',  ( 2.392941610374992756, 3.682841892779864956, 0.08111324565699348788 ) ) ;
#1499 = CARTESIAN_POINT ( 'NONE',  ( 7.052828328905357935, 2.000000000000000000, 16.68698554138909884 ) ) ;
#1500 = EDGE_CURVE ( 'NONE', #166, #319, #268, .T. ) ;
#1501 = ORIENTED_EDGE ( 'NONE', *, *, #1705, .T. ) ;
#1502 = APPLICATION_PROTOCOL_DEFINITION ( 'draft international standard', 'automotive_design', 1998, #237 ) ;
#1503 = CYLINDRICAL_SURFACE ( 'NONE', #3032, 3.000000000000000000 ) ;
#1504 = B_SPLINE_CURVE_WITH_KNOTS ( 'NONE', 3,
 ( #628, #3242, #3864, #3544 ),
 .UNSPECIFIED., .F., .F.,
 ( 4, 4 ),
 ( 0.000000000000000000, 8.277754122182257761E-05 ),
 .UNSPECIFIED. ) ;
#1505 = CARTESIAN_POINT ( 'NONE',  ( -10.80191321957139650, 9.199999999999997513, 22.60038548258285473 ) ) ;
#1506 = VERTEX_POINT ( 'NONE', #35 ) ;
#1507 = CARTESIAN_POINT ( 'NONE',  ( -4.254839006351353703, 5.289637668370697376, 17.97523267791273582 ) ) ;
#1508 = CARTESIAN_POINT ( 'NONE',  ( -7.772623078344045311, 6.769174559124660817, 20.46758398357817654 ) ) ;
#1509 = CARTESIAN_POINT ( 'NONE',  ( 8.515800394944049501, 7.006804408920606519, 20.99082527806455545 ) ) ;
#1510 = EDGE_LOOP ( 'NONE', ( #3511, #2852, #1308 ) ) ;
#1511 = CARTESIAN_POINT ( 'NONE',  ( 7.760966817828839126, 8.342773613708772018, 16.36679002545098882 ) ) ;
#1512 = CARTESIAN_POINT ( 'NONE',  ( 4.213609584898665439, 4.640362370910100509, 17.92364373177003145 ) ) ;
#1513 = CARTESIAN_POINT ( 'NONE',  ( 9.031742529444867884, 3.007301213353044567, 21.35407940908570268 ) ) ;
#1514 = CARTESIAN_POINT ( 'NONE',  ( -2.396044656054636679, 6.332755372255411075, 8.047230713485153520E-14 ) ) ;
#1515 = CARTESIAN_POINT ( 'NONE',  ( 2.889235643183493352, 4.042725449728014731, -7.925997213975083670E-14 ) ) ;
#1516 = CARTESIAN_POINT ( 'NONE',  ( 5.546834667730398571, 0.000000000000000000, 15.15016958239733214 ) ) ;
#1517 = VERTEX_POINT ( 'NONE', #3635 ) ;
#1518 = EDGE_CURVE ( 'NONE', #908, #213, #2011, .T. ) ;
#1519 = CARTESIAN_POINT ( 'NONE',  ( 4.256757813197390661, 4.772081140716793790, 17.97878797197941481 ) ) ;
#1520 = FILL_AREA_STYLE_COLOUR ( '', #2476 ) ;
#1521 = CARTESIAN_POINT ( 'NONE',  ( -7.026485385685838914, 3.974269031575491606, 19.94225840722946330 ) ) ;
#1522 = ORIENTED_EDGE ( 'NONE', *, *, #3811, .F. ) ;
#1523 = CARTESIAN_POINT ( 'NONE',  ( 4.345311275553447317, 2.000000000000000000, 17.93225259725469911 ) ) ;
#1524 = ORIENTED_EDGE ( 'NONE', *, *, #1775, .F. ) ;
#1525 = CARTESIAN_POINT ( 'NONE',  ( -4.239002148734351216, 5.283580622018307693, 17.94147017272514688 ) ) ;
#1526 = DIRECTION ( 'NONE',  ( -0.000000000000000000, -1.000000000000000000, -0.000000000000000000 ) ) ;
#1527 = CARTESIAN_POINT ( 'NONE',  ( -6.769786965925977285, 5.000000000000000000, 19.81801391644609112 ) ) ;
#1528 = CARTESIAN_POINT ( 'NONE',  ( 7.738699171168478053, 6.834951418493325548, 20.44369952329062912 ) ) ;
#1529 = CARTESIAN_POINT ( 'NONE',  ( -4.254916539540290366, 4.712843550974739948, 17.97537808121867542 ) ) ;
#1530 = AXIS2_PLACEMENT_3D ( 'NONE', #1165, #467, #2388 ) ;
#1531 = CARTESIAN_POINT ( 'NONE',  ( 4.272117796629935960, 5.777955406823743090, 17.86139166271226486 ) ) ;
#1532 = FACE_OUTER_BOUND ( 'NONE', #4137, .T. ) ;
#1533 = CARTESIAN_POINT ( 'NONE',  ( -4.859558752065312071, 10.00000000000000000, -0.8261249878511023326 ) ) ;
#1534 = CIRCLE ( 'NONE', #2608, 3.000000000000002665 ) ;
#1535 = CIRCLE ( 'NONE', #3233, 2.099999999999997868 ) ;
#1536 = CARTESIAN_POINT ( 'NONE',  ( 12.87239229965713605, 8.979427970151030891, 24.05812662977989191 ) ) ;
#1537 = VECTOR ( 'NONE', #3902, 1000.000000000000000 ) ;
#1538 = CARTESIAN_POINT ( 'NONE',  ( 6.772264771374832293, 4.999999999999998224, 19.76327188497437959 ) ) ;
#1539 = VECTOR ( 'NONE', #3304, 1000.000000000000000 ) ;
#1540 = CARTESIAN_POINT ( 'NONE',  ( 6.906129898291788471, 4.682517763763167196, 16.74858007475575050 ) ) ;
#1541 = DIRECTION ( 'NONE',  ( -0.8176693484968580172, 0.000000000000000000, 0.5756881417301591419 ) ) ;
#1542 = CARTESIAN_POINT ( 'NONE',  ( -4.306598075651546509, 4.095726818497371191, 17.84005016695400059 ) ) ;
#1543 = ADVANCED_FACE ( 'NONE', ( #384 ), #3569, .T. ) ;
#1544 = EDGE_LOOP ( 'NONE', ( #3371, #1492, #617, #1100 ) ) ;
#1545 = CARTESIAN_POINT ( 'NONE',  ( 4.198227193280064107, 4.839463655979934664, 17.93726951551496285 ) ) ;
#1546 = CARTESIAN_POINT ( 'NONE',  ( 4.859558752065311182, 8.000000000000000000, -0.8261249878511046640 ) ) ;
#1547 = CARTESIAN_POINT ( 'NONE',  ( -3.136366177920105525, 8.000000000000000000, 19.64935822909810526 ) ) ;
#1548 = ORIENTED_EDGE ( 'NONE', *, *, #2128, .T. ) ;
#1549 = DIRECTION ( 'NONE',  ( 0.000000000000000000, -0.6379654904562934714, -0.7700649537453714277 ) ) ;
#1550 = EDGE_LOOP ( 'NONE', ( #2536, #1736, #3389, #2213 ) ) ;
#1551 =( BOUNDED_CURVE ( )  B_SPLINE_CURVE ( 3, ( #2565, #3855, #3164, #983 ),
 .UNSPECIFIED., .F., .T. ) 
 B_SPLINE_CURVE_WITH_KNOTS ( ( 4, 4 ),
 ( 0.000000000000000000, 1.570796326794897668 ),
 .UNSPECIFIED. ) 
 CURVE ( )  GEOMETRIC_REPRESENTATION_ITEM ( )  RATIONAL_B_SPLINE_CURVE ( ( 1.000000000000000000, 0.8047378541243646044, 0.8047378541243646044, 1.000000000000000000 ) ) 
 REPRESENTATION_ITEM ( '' )  );
#1552 = CARTESIAN_POINT ( 'NONE',  ( -4.202789572522738659, 5.266947291593061742, 17.92995083777705645 ) ) ;
#1553 = EDGE_CURVE ( 'NONE', #1196, #3806, #79, .T. ) ;
#1554 = CARTESIAN_POINT ( 'NONE',  ( -10.01665717295927571, 6.679300362933883406, 22.04751824463692600 ) ) ;
#1555 = ORIENTED_EDGE ( 'NONE', *, *, #1689, .F. ) ;
#1556 = DIRECTION ( 'NONE',  ( 0.8176693484968576842, 0.000000000000000000, 0.5756881417301595860 ) ) ;
#1557 = CARTESIAN_POINT ( 'NONE',  ( 10.50000000000000533, 7.000000000000000000, 54.00000000000000000 ) ) ;
#1558 = CARTESIAN_POINT ( 'NONE',  ( 6.727458061317108218, 5.000000000000000000, 19.73172528035040330 ) ) ;
#1559 = CARTESIAN_POINT ( 'NONE',  ( -3.312230401223505538, 4.985269467216723704, -1.603917513642902410E-13 ) ) ;
#1560 = CARTESIAN_POINT ( 'NONE',  ( 6.867763861665368452, 4.682380964120845590, 16.65553568577804455 ) ) ;
#1561 = CARTESIAN_POINT ( 'NONE',  ( 1.581281480365390513, 3.400000000000000355, -1.761828530288944705E-16 ) ) ;
#1562 = CARTESIAN_POINT ( 'NONE',  ( -4.287742461380424253, 10.00000000000000000, 18.01401953210438833 ) ) ;
#1563 = ORIENTED_EDGE ( 'NONE', *, *, #3917, .F. ) ;
#1564 = CARTESIAN_POINT ( 'NONE',  ( 4.287742461380431358, 2.000000000000000000, 18.01401953210438833 ) ) ;
#1565 = VERTEX_POINT ( 'NONE', #3609 ) ;
#1566 = CARTESIAN_POINT ( 'NONE',  ( 4.247442923106556911, 5.486520268889248264, 17.95308701256415418 ) ) ;
#1567 = ORIENTED_EDGE ( 'NONE', *, *, #3113, .T. ) ;
#1568 = CARTESIAN_POINT ( 'NONE',  ( 6.998926095527393976, 3.079496071388591272, 16.70961756886509875 ) ) ;
#1569 = ADVANCED_FACE ( 'NONE', ( #3975 ), #404, .F. ) ;
#1570 = FACE_OUTER_BOUND ( 'NONE', #122, .T. ) ;
#1571 = CARTESIAN_POINT ( 'NONE',  ( -3.218892004352636782, 5.041388770610911507, 0.06189396702817491491 ) ) ;
#1572 =( BOUNDED_SURFACE ( )  B_SPLINE_SURFACE ( 3, 2, ( 
 ( #650, #1921, #3217 ),
 ( #3478, #1303, #339 ),
 ( #1880, #2904, #2923 ),
 ( #609, #38, #2286 ),
 ( #2858, #1610, #1324 ),
 ( #2575, #3866, #3888 ),
 ( #1015, #3572, #2688 ),
 ( #3008, #2642, #433 ),
 ( #1734, #490, #801 ),
 ( #144, #472, #3638 ) ),
 .UNSPECIFIED., .F., .F., .T. ) 
 B_SPLINE_SURFACE_WITH_KNOTS ( ( 4, 2, 2, 2, 4 ),
 ( 3, 3 ),
 ( 1.570796326794896558, 1.956596404447228821, 2.342396482099561084, 2.728196559751893346, 3.113996637404225165 ),
 ( 0.000000000000000000, 1.000000000000000000 ),
 .UNSPECIFIED. ) 
 GEOMETRIC_REPRESENTATION_ITEM ( )  RATIONAL_B_SPLINE_SURFACE ( (
 ( 1.000000000000000000, 0.7071067811865443531, 1.000000000000000000),
 ( 1.000000000000000000, 0.7244491532992397564, 1.000000000000000000),
 ( 1.000000000000000000, 0.7411069874332802954, 1.000000000000000000),
 ( 1.000000000000000000, 0.7711415504258736231, 1.000000000000000000),
 ( 1.000000000000000000, 0.7845101999196538722, 1.000000000000000000),
 ( 1.000000000000000000, 0.8065951638118736833, 1.000000000000000000),
 ( 1.000000000000000000, 0.8153133368899548872, 1.000000000000000000),
 ( 1.000000000000000000, 0.8273025145509028677, 1.000000000000000000),
 ( 1.000000000000000000, 0.8305823365112927625, 1.000000000000000000),
 ( 1.000000000000000000, 0.8309814467598702903, 1.000000000000000000) ) ) 
 REPRESENTATION_ITEM ( '' )  SURFACE ( )  );
#1573 = EDGE_CURVE ( 'NONE', #682, #2199, #3651, .T. ) ;
#1574 = EDGE_CURVE ( 'NONE', #1920, #3115, #3155, .T. ) ;
#1575 = CARTESIAN_POINT ( 'NONE',  ( -5.822391197798912010, -8.006485121649012309E-16, 15.20871797293248839 ) ) ;
#1576 = EDGE_LOOP ( 'NONE', ( #314, #256, #1484, #1258 ) ) ;
#1577 = CARTESIAN_POINT ( 'NONE',  ( -4.245255349910690867, 4.468033721805061198, 17.92628816547826887 ) ) ;
#1578 = CARTESIAN_POINT ( 'NONE',  ( 4.238914253315992475, 4.510562067937601505, 17.92428957867092976 ) ) ;
#1579 = ADVANCED_FACE ( 'NONE', ( #3257 ), #2662, .F. ) ;
#1580 = CARTESIAN_POINT ( 'NONE',  ( 6.810268950887342854, 4.365979105521459402, 16.78882938280015580 ) ) ;
#1581 = CARTESIAN_POINT ( 'NONE',  ( -5.546834667730394131, 10.00000000000000000, 15.15016958239733746 ) ) ;
#1582 = ORIENTED_EDGE ( 'NONE', *, *, #1649, .T. ) ;
#1583 = CARTESIAN_POINT ( 'NONE',  ( 11.65137628346032095, 8.000000000000000000, 23.19845830213713000 ) ) ;
#1584 = DIRECTION ( 'NONE',  ( 0.8176693484968581283, 0.000000000000000000, -0.5756881417301591419 ) ) ;
#1585 = ORIENTED_EDGE ( 'NONE', *, *, #3097, .T. ) ;
#1586 = CARTESIAN_POINT ( 'NONE',  ( 4.254916539540296583, 5.287156449025307126, 17.97537808121867542 ) ) ;
#1587 = ORIENTED_EDGE ( 'NONE', *, *, #862, .T. ) ;
#1588 =( BOUNDED_CURVE ( )  B_SPLINE_CURVE ( 3, ( #2724, #855, #451, #489 ),
 .UNSPECIFIED., .F., .T. ) 
 B_SPLINE_CURVE_WITH_KNOTS ( ( 4, 4 ),
 ( 3.141592653589793116, 6.283185307179586232 ),
 .UNSPECIFIED. ) 
 CURVE ( )  GEOMETRIC_REPRESENTATION_ITEM ( )  RATIONAL_B_SPLINE_CURVE ( ( 1.000000000000000000, 0.3333333333333333703, 0.3333333333333333703, 1.000000000000000000 ) ) 
 REPRESENTATION_ITEM ( '' )  );
#1589 = CARTESIAN_POINT ( 'NONE',  ( -10.50000000000000355, 0.000000000000000000, 24.83379699913085403 ) ) ;
#1590 = DIRECTION ( 'NONE',  ( 0.8176693484968580172, -0.000000000000000000, -0.5756881417301591419 ) ) ;
#1591 = VERTEX_POINT ( 'NONE', #1032 ) ;
#1592 = EDGE_CURVE ( 'NONE', #1036, #2008, #3005, .T. ) ;
#1593 = CARTESIAN_POINT ( 'NONE',  ( -5.941025342143239740, 0.05205465752306629584, 15.55242792845883848 ) ) ;
#1594 = ORIENTED_EDGE ( 'NONE', *, *, #411, .F. ) ;
#1595 = CARTESIAN_POINT ( 'NONE',  ( 6.606810325903700765, 9.747572787568191899, 15.37538605169279471 ) ) ;
#1596 = CARTESIAN_POINT ( 'NONE',  ( 1.581281480365390069, 3.400000000000001243, 0.000000000000000000 ) ) ;
#1597 = ADVANCED_FACE ( 'NONE', ( #3885 ), #1693, .T. ) ;
#1598 = AXIS2_PLACEMENT_3D ( 'NONE', #2455, #933, #994 ) ;
#1599 = AXIS2_PLACEMENT_3D ( 'NONE', #1973, #435, #1718 ) ;
#1600 = EDGE_CURVE ( 'NONE', #1818, #2361, #3909, .T. ) ;
#1601 = CARTESIAN_POINT ( 'NONE',  ( 4.743722409434736775, 6.399740948127805140, 17.65651398834631536 ) ) ;
#1602 = CIRCLE ( 'NONE', #3151, 2.000000000000000000 ) ;
#1603 = VECTOR ( 'NONE', #1590, 1000.000000000000000 ) ;
#1604 = CARTESIAN_POINT ( 'NONE',  ( -3.311305838722848449, 8.000000000000000000, 2.000000000000000000 ) ) ;
#1605 = LINE ( 'NONE', #2899, #2886 ) ;
#1606 = ORIENTED_EDGE ( 'NONE', *, *, #2346, .F. ) ;
#1607 = CIRCLE ( 'NONE', #2613, 1.500000000000000444 ) ;
#1608 = CARTESIAN_POINT ( 'NONE',  ( -6.429025329598770711, -6.488953147413177264E-16, 16.05041552830329721 ) ) ;
#1609 = CARTESIAN_POINT ( 'NONE',  ( -11.65137628346032095, 8.000000000000000000, 23.19845830213713711 ) ) ;
#1610 = CARTESIAN_POINT ( 'NONE',  ( 2.580744927690660884, 6.226960353930692804, 2.377563838034312947E-14 ) ) ;
#1611 = AXIS2_PLACEMENT_3D ( 'NONE', #1662, #28, #3229 ) ;
#1612 = EDGE_LOOP ( 'NONE', ( #2334, #3778, #2375, #575, #969 ) ) ;
#1613 = CARTESIAN_POINT ( 'NONE',  ( -12.26592301579788113, 2.200333169964445723, 23.63113596945599681 ) ) ;
#1614 = ORIENTED_EDGE ( 'NONE', *, *, #2039, .T. ) ;
#1615 = CARTESIAN_POINT ( 'NONE',  ( 3.311305838722916395, 5.044148021984109498, -1.520729072182480657E-13 ) ) ;
#1616 = CARTESIAN_POINT ( 'NONE',  ( 9.297925656147006279, 2.954657381945946071, 21.54148825577017234 ) ) ;
#1617 = EDGE_LOOP ( 'NONE', ( #995, #4141, #1078, #2528 ) ) ;
#1618 = CARTESIAN_POINT ( 'NONE',  ( -4.141304585334469657, 5.164328506879571457, 17.88947988393925215 ) ) ;
#1619 = CARTESIAN_POINT ( 'NONE',  ( -1.622515602108669519, 6.600000000000003197, 0.000000000000000000 ) ) ;
#1620 = B_SPLINE_CURVE_WITH_KNOTS ( 'NONE', 3,
 ( #3640, #3283, #3957, #123, #3914, #2038, #699, #1081 ),
 .UNSPECIFIED., .F., .F.,
 ( 4, 2, 2, 4 ),
 ( 0.000000000000000000, 9.088457653652054339E-05, 0.0001817691530730410868, 0.0003635383061460821736 ),
 .UNSPECIFIED. ) ;
#1621 = CARTESIAN_POINT ( 'NONE',  ( 12.21712167697451612, 9.663053798597161403, 23.59677690718628895 ) ) ;
#1622 =( BOUNDED_CURVE ( )  B_SPLINE_CURVE ( 3, ( #3358, #2368, #3139, #1558 ),
 .UNSPECIFIED., .F., .T. ) 
 B_SPLINE_CURVE_WITH_KNOTS ( ( 4, 4 ),
 ( 0.000000000000000000, 3.141592653589793116 ),
 .UNSPECIFIED. ) 
 CURVE ( )  GEOMETRIC_REPRESENTATION_ITEM ( )  RATIONAL_B_SPLINE_CURVE ( ( 1.000000000000000000, 0.3333333333333333703, 0.3333333333333333703, 1.000000000000000000 ) ) 
 REPRESENTATION_ITEM ( '' )  );
#1623 = EDGE_CURVE ( 'NONE', #3222, #3597, #2294, .T. ) ;
#1624 = SPHERICAL_SURFACE ( 'NONE', #3831, 2.000000000000000000 ) ;
#1625 = CARTESIAN_POINT ( 'NONE',  ( -6.173718993075130612, 6.338902798593304411, 16.94729497426825660 ) ) ;
#1626 = CARTESIAN_POINT ( 'NONE',  ( 13.50000000000000355, 2.607230158067018522, 25.53785682816773672 ) ) ;
#1627 = VERTEX_POINT ( 'NONE', #118 ) ;
#1628 = EDGE_CURVE ( 'NONE', #774, #1060, #950, .T. ) ;
#1629 = CARTESIAN_POINT ( 'NONE',  ( -4.246253731440515544, 5.587382313827289337, 17.91498335290328114 ) ) ;
#1630 = CARTESIAN_POINT ( 'NONE',  ( 4.345311275553447317, 10.00000000000000000, 17.93225259725469911 ) ) ;
#1631 = FACE_OUTER_BOUND ( 'NONE', #1510, .T. ) ;
#1632 = CARTESIAN_POINT ( 'NONE',  ( 6.826571159548974421, 5.000000000000000000, 18.56348357551673089 ) ) ;
#1633 = DIRECTION ( 'NONE',  ( 1.000000000000000000, 0.000000000000000000, -1.214306433183765213E-16 ) ) ;
#1634 = ORIENTED_EDGE ( 'NONE', *, *, #2165, .F. ) ;
#1635 = CARTESIAN_POINT ( 'NONE',  ( -12.34364019701255621, 0.6009995098932672253, 25.26647466644978124 ) ) ;
#1636 = CARTESIAN_POINT ( 'NONE',  ( -4.206387691428686182, 4.546978302517096893, 17.88803407611566598 ) ) ;
#1637 = ORIENTED_EDGE ( 'NONE', *, *, #631, .T. ) ;
#1638 = CARTESIAN_POINT ( 'NONE',  ( 4.245677250462376762, 4.473839818343106955, 17.94080017259228299 ) ) ;
#1639 = CARTESIAN_POINT ( 'NONE',  ( -7.229907447460531600, 0.7709065365859475438, 15.50777751999075349 ) ) ;
#1640 = CARTESIAN_POINT ( 'NONE',  ( 4.244476405942082309, 5.556489143895369409, 17.92598824991141271 ) ) ;
#1641 = CARTESIAN_POINT ( 'NONE',  ( 10.39992929145426892, 3.992762047884311549, 22.49716943663178981 ) ) ;
#1642 = ORIENTED_EDGE ( 'NONE', *, *, #4134, .F. ) ;
#1643 = CARTESIAN_POINT ( 'NONE',  ( -4.246585905286713647, 4.498131155238960233, 17.95139182374486353 ) ) ;
#1644 = CARTESIAN_POINT ( 'NONE',  ( 4.221280122124011491, 5.430469399004592468, 17.91774328493836421 ) ) ;
#1645 = CARTESIAN_POINT ( 'NONE',  ( 13.50000000000000355, 7.000000000000000000, 25.53785682819067659 ) ) ;
#1646 = CARTESIAN_POINT ( 'NONE',  ( -6.212615078465101526, 6.338547251169945440, 17.03976738692645299 ) ) ;
#1647 = CARTESIAN_POINT ( 'NONE',  ( 11.65137628346031917, 2.000000000000000000, 23.19845830213713356 ) ) ;
#1648 = ORIENTED_EDGE ( 'NONE', *, *, #3336, .F. ) ;
#1649 = EDGE_CURVE ( 'NONE', #4096, #276, #1306, .T. ) ;
#1650 = DIRECTION ( 'NONE',  ( -1.000000000000000000, 0.000000000000000000, 0.000000000000000000 ) ) ;
#1651 = AXIS2_PLACEMENT_3D ( 'NONE', #3827, #634, #3781 ) ;
#1652 = DIRECTION ( 'NONE',  ( -0.8176693484968576842, -0.000000000000000000, -0.5756881417301595860 ) ) ;
#1653 = CARTESIAN_POINT ( 'NONE',  ( -4.243294317277690020, 5.609219231473887568, 17.82228945614883031 ) ) ;
#1654 = CARTESIAN_POINT ( 'NONE',  ( -4.252830664492744717, 4.336483854956896700, 17.89007103151366707 ) ) ;
#1655 = ORIENTED_EDGE ( 'NONE', *, *, #653, .T. ) ;
#1656 = CARTESIAN_POINT ( 'NONE',  ( -11.50000000000000355, 3.000000000000000000, 25.53785682819068015 ) ) ;
#1657 = FACE_OUTER_BOUND ( 'NONE', #462, .T. ) ;
#1658 = ORIENTED_EDGE ( 'NONE', *, *, #2133, .F. ) ;
#1659 = CARTESIAN_POINT ( 'NONE',  ( 4.233432341272686195, 4.499723336803445939, 17.91060760564405641 ) ) ;
#1660 = DIRECTION ( 'NONE',  ( 0.000000000000000000, 1.000000000000000000, -0.000000000000000000 ) ) ;
#1661 = ORIENTED_EDGE ( 'NONE', *, *, #2019, .T. ) ;
#1662 = CARTESIAN_POINT ( 'NONE',  ( 2.694108798096280566, 5.000000000000000000, -2.598802037448211255 ) ) ;
#1663 = CARTESIAN_POINT ( 'NONE',  ( -4.258074709438689709, 5.166129871215820124, 17.98113798906561200 ) ) ;
#1664 = LINE ( 'NONE', #2958, #1420 ) ;
#1665 = CARTESIAN_POINT ( 'NONE',  ( -4.509840063757995843, 6.110102387393181012, 17.64674850316959720 ) ) ;
#1666 = CARTESIAN_POINT ( 'NONE',  ( -4.256196073741115526, 4.318541316403053720, 17.88585087146515562 ) ) ;
#1667 = VERTEX_POINT ( 'NONE', #2348 ) ;
#1668 = CIRCLE ( 'NONE', #3683, 0.09999999999999997780 ) ;
#1669 = CARTESIAN_POINT ( 'NONE',  ( 13.50000000000000355, 10.00000000000000000, 25.53785682819067659 ) ) ;
#1670 = AXIS2_PLACEMENT_3D ( 'NONE', #2578, #3507, #3460 ) ;
#1671 = CARTESIAN_POINT ( 'NONE',  ( -5.283017532062483923, 0.000000000000000000, 1.664809012132262289 ) ) ;
#1672 = EDGE_CURVE ( 'NONE', #1343, #1814, #1065, .T. ) ;
#1673 = DIRECTION ( 'NONE',  ( -0.9858558466698175149, 0.000000000000000000, -0.1675954939338687999 ) ) ;
#1674 = DIRECTION ( 'NONE',  ( -0.3812054721353828057, 0.000000000000000000, 0.9244903396001712403 ) ) ;
#1675 = ORIENTED_EDGE ( 'NONE', *, *, #1623, .F. ) ;
#1676 = CIRCLE ( 'NONE', #1281, 0.08999999999999890032 ) ;
#1677 = AXIS2_PLACEMENT_3D ( 'NONE', #1319, #2615, #2685 ) ;
#1678 = DIRECTION ( 'NONE',  ( 0.9244903396001715734, 0.000000000000000000, 0.3812054721353821396 ) ) ;
#1679 = CARTESIAN_POINT ( 'NONE',  ( 4.233432341276065713, 4.499723336806306762, 17.91060760565419940 ) ) ;
#1680 = CARTESIAN_POINT ( 'NONE',  ( 4.207274774281344776, 5.455222702620337927, 17.88836294178812025 ) ) ;
#1681 = VECTOR ( 'NONE', #1489, 1000.000000000000114 ) ;
#1682 = VECTOR ( 'NONE', #1348, 1000.000000000000000 ) ;
#1683 = VERTEX_POINT ( 'NONE', #734 ) ;
#1684 = EDGE_CURVE ( 'NONE', #1910, #2232, #876, .T. ) ;
#1685 = CARTESIAN_POINT ( 'NONE',  ( -4.260433469269053752, 4.944544674120336047, 17.98534722418202847 ) ) ;
#1686 = CARTESIAN_POINT ( 'NONE',  ( 7.651552176556201346, 8.000000000000000000, 15.59736574444821677 ) ) ;
#1687 = VERTEX_POINT ( 'NONE', #1151 ) ;
#1688 = CARTESIAN_POINT ( 'NONE',  ( 7.052828328905357935, 0.8284271247461902909, 16.68698554138909529 ) ) ;
#1689 = EDGE_CURVE ( 'NONE', #2978, #2797, #4024, .T. ) ;
#1690 = CARTESIAN_POINT ( 'NONE',  ( -4.240297100288922927, 5.516772082933903754, 17.91251509674846076 ) ) ;
#1691 = CARTESIAN_POINT ( 'NONE',  ( 12.87239229965700993, 1.020572029848820783, 24.05812662977989191 ) ) ;
#1692 = ORIENTED_EDGE ( 'NONE', *, *, #893, .F. ) ;
#1693 = SPHERICAL_SURFACE ( 'NONE', #69, 2.000000000000000000 ) ;
#1694 = DIRECTION ( 'NONE',  ( -0.3871319990189741045, 0.000000000000000000, -0.9220243030070157664 ) ) ;
#1695 = CARTESIAN_POINT ( 'NONE',  ( -4.230533583263014208, 5.522951220311846043, 17.88323316374394167 ) ) ;
#1696 = DIRECTION ( 'NONE',  ( -0.9220243030070157664, 0.000000000000000000, 0.3871319990189738824 ) ) ;
#1697 = ORIENTED_EDGE ( 'NONE', *, *, #195, .F. ) ;
#1698 = DIRECTION ( 'NONE',  ( 0.000000000000000000, -0.07207456879676428507, -0.9973992463064930147 ) ) ;
#1699 = DIRECTION ( 'NONE',  ( 0.000000000000000000, 0.000000000000000000, 1.000000000000000000 ) ) ;
#1700 = ORIENTED_EDGE ( 'NONE', *, *, #2399, .F. ) ;
#1701 = CARTESIAN_POINT ( 'NONE',  ( -4.237652744009535510, 4.946348141907670914, 17.94875322742225876 ) ) ;
#1702 = CARTESIAN_POINT ( 'NONE',  ( 4.200193703299833992, 5.220508115036404106, 17.93386944791023652 ) ) ;
#1703 = ORIENTED_EDGE ( 'NONE', *, *, #293, .F. ) ;
#1704 = LINE ( 'NONE', #3270, #1750 ) ;
#1705 = EDGE_CURVE ( 'NONE', #3639, #736, #1761, .T. ) ;
#1706 = CARTESIAN_POINT ( 'NONE',  ( -3.244390706645262412, 5.042150099580942069, 2.710505431213761085E-17 ) ) ;
#1707 = CARTESIAN_POINT ( 'NONE',  ( -9.107298248878237246E-15, 3.500000000000000444, 3.934885802130593468 ) ) ;
#1708 = ADVANCED_FACE ( 'NONE', ( #3686 ), #161, .T. ) ;
#1709 = CARTESIAN_POINT ( 'NONE',  ( 4.260433469269353068, 5.055455325879806061, 17.98534722418255427 ) ) ;
#1710 = CARTESIAN_POINT ( 'NONE',  ( -4.287014808054816051, 4.157731511089816756, 17.84827262866929232 ) ) ;
#1711 =( BOUNDED_CURVE ( )  B_SPLINE_CURVE ( 3, ( #46, #1979, #1998, #88 ),
 .UNSPECIFIED., .F., .F. ) 
 B_SPLINE_CURVE_WITH_KNOTS ( ( 4, 4 ),
 ( 4.712388980384691450, 6.283185307179586232 ),
 .UNSPECIFIED. ) 
 CURVE ( )  GEOMETRIC_REPRESENTATION_ITEM ( )  RATIONAL_B_SPLINE_CURVE ( ( 1.000000000000000000, 0.8047378541243654926, 0.8047378541243654926, 1.000000000000000000 ) ) 
 REPRESENTATION_ITEM ( '' )  );
#1712 = CARTESIAN_POINT ( 'NONE',  ( -7.606934611423599613, 8.816429199795559057, 16.28215247064531468 ) ) ;
#1713 = DIRECTION ( 'NONE',  ( -0.04521701246061764906, 0.000000000000000000, 0.9989771878196901378 ) ) ;
#1714 = DIRECTION ( 'NONE',  ( 0.02984425778340005220, 0.9995545609306968338, 0.000000000000000000 ) ) ;
#1715 = CARTESIAN_POINT ( 'NONE',  ( -3.189577542015023415, 4.564986740730978987, 3.675408984913535802E-15 ) ) ;
#1716 = CARTESIAN_POINT ( 'NONE',  ( -4.170200176754401689, 5.279999593567771043, 17.91731823670100709 ) ) ;
#1717 = ORIENTED_EDGE ( 'NONE', *, *, #1574, .T. ) ;
#1718 = DIRECTION ( 'NONE',  ( 0.9244903396001707963, 0.000000000000000000, -0.3812054721353839160 ) ) ;
#1719 = CARTESIAN_POINT ( 'NONE',  ( -3.192988488579902029, 4.099365644439830092, 0.06249672342944588566 ) ) ;
#1720 = ORIENTED_EDGE ( 'NONE', *, *, #1452, .F. ) ;
#1721 = CARTESIAN_POINT ( 'NONE',  ( -4.238167138620148044, 5.162756581642483411, 17.94561269094356248 ) ) ;
#1722 = CARTESIAN_POINT ( 'NONE',  ( 4.307432754332156222, 4.210386081277467163, 17.73183567804805705 ) ) ;
#1723 = EDGE_LOOP ( 'NONE', ( #3867, #1367 ) ) ;
#1724 = DIRECTION ( 'NONE',  ( -0.5756881417301591419, 0.000000000000000000, 0.8176693484968579062 ) ) ;
#1725 = EDGE_CURVE ( 'NONE', #1060, #982, #3825, .T. ) ;
#1726 =( BOUNDED_CURVE ( )  B_SPLINE_CURVE ( 3, ( #63, #391, #1719, #3011 ),
 .UNSPECIFIED., .F., .T. ) 
 B_SPLINE_CURVE_WITH_KNOTS ( ( 4, 4 ),
 ( 1.570796326794897668, 3.113996637403687817 ),
 .UNSPECIFIED. ) 
 CURVE ( )  GEOMETRIC_REPRESENTATION_ITEM ( )  RATIONAL_B_SPLINE_CURVE ( ( 1.000000000000000000, 0.8111972176585219296, 0.8111972176585219296, 1.000000000000000000 ) ) 
 REPRESENTATION_ITEM ( '' )  );
#1727 = CARTESIAN_POINT ( 'NONE',  ( -3.219723829298448248, 5.013796297469825802, 0.06187461147522443916 ) ) ;
#1728 = ADVANCED_FACE ( 'NONE', ( #2104 ), #2087, .T. ) ;
#1729 = CARTESIAN_POINT ( 'NONE',  ( 4.238167138620154262, 5.162756581642550913, 17.94561269094356248 ) ) ;
#1730 = EDGE_CURVE ( 'NONE', #1818, #1092, #481, .T. ) ;
#1731 = DIRECTION ( 'NONE',  ( -0.8176693484968579062, -8.865188840151003168E-16, -0.5756881417301594750 ) ) ;
#1732 = DIRECTION ( 'NONE',  ( 1.000000000000000000, 0.000000000000000000, 0.000000000000000000 ) ) ;
#1733 = CARTESIAN_POINT ( 'NONE',  ( -2.874606943396885050, 4.059312192263278440, 0.06990523569816975424 ) ) ;
#1734 = CARTESIAN_POINT ( 'NONE',  ( 3.305163679399021337, 5.249863419476310078, -1.761828530288944705E-16 ) ) ;
#1735 =( BOUNDED_SURFACE ( )  B_SPLINE_SURFACE ( 3, 2, ( 
 ( #1399, #2941, #2032 ),
 ( #1710, #3971, #1097 ),
 ( #3907, #1030, #3275 ),
 ( #1666, #2537, #1862 ),
 ( #3832, #321, #3512 ),
 ( #1842, #2885, #1245 ),
 ( #3807, #1288, #2562 ),
 ( #2200, #2244, #2801 ) ),
 .UNSPECIFIED., .F., .F., .F. ) 
 B_SPLINE_SURFACE_WITH_KNOTS ( ( 4, 2, 2, 4 ),
 ( 3, 3 ),
 ( 0.0009551075433333757565, 0.001177244182087744222, 0.001288312501464928400, 0.001399380820842112795 ),
 ( 0.000000000000000000, 1.000000000000000000 ),
 .UNSPECIFIED. ) 
 GEOMETRIC_REPRESENTATION_ITEM ( )  RATIONAL_B_SPLINE_SURFACE ( (
 ( 1.000000000000000000, 0.7089765781523407195, 1.000000000000000000),
 ( 1.000000000000000000, 0.7708117142130043176, 1.000000000000000000),
 ( 1.000000000000000000, 0.8235541093061551354, 1.000000000000000000),
 ( 1.000000000000000000, 0.8904302244352573226, 1.000000000000000000),
 ( 1.000000000000000000, 0.9104611830719958609, 1.000000000000000000),
 ( 1.000000000000000000, 0.9462855801377761944, 1.000000000000000000),
 ( 1.000000000000000000, 0.9622051000544117327, 1.000000000000000000),
 ( 1.000000000000000000, 0.9742080929207500573, 1.000000000000000000) ) ) 
 REPRESENTATION_ITEM ( '' )  SURFACE ( )  );
#1736 = ORIENTED_EDGE ( 'NONE', *, *, #2868, .T. ) ;
#1737 = CARTESIAN_POINT ( 'NONE',  ( -4.141304585334469657, 4.835671493120428543, 17.88947988393925215 ) ) ;
#1738 = CARTESIAN_POINT ( 'NONE',  ( 4.170221879911392371, 5.280049418697118746, 17.91731884207868930 ) ) ;
#1739 = CIRCLE ( 'NONE', #2137, 0.08000000000000029310 ) ;
#1740 = AXIS2_PLACEMENT_3D ( 'NONE', #679, #1926, #1954 ) ;
#1741 = ORIENTED_EDGE ( 'NONE', *, *, #1760, .T. ) ;
#1742 = CARTESIAN_POINT ( 'NONE',  ( -4.287014808056317072, 5.842268488914803548, 17.84827262866865993 ) ) ;
#1743 = VECTOR ( 'NONE', #1541, 1000.000000000000000 ) ;
#1744 = DIRECTION ( 'NONE',  ( 0.8176693484968580172, 0.000000000000000000, -0.5756881417301591419 ) ) ;
#1745 = CIRCLE ( 'NONE', #2017, 2.000000000000000444 ) ;
#1746 = CARTESIAN_POINT ( 'NONE',  ( 4.246722414689755531, 4.501780245925723456, 17.95298303321009215 ) ) ;
#1747 = CARTESIAN_POINT ( 'NONE',  ( 4.272117796632448616, 4.222044593165676929, 17.86139166271004086 ) ) ;
#1748 = ORIENTED_EDGE ( 'NONE', *, *, #3842, .F. ) ;
#1749 = CARTESIAN_POINT ( 'NONE',  ( 4.200100769938686973, 5.217673286929043641, 17.93403017172482805 ) ) ;
#1750 = VECTOR ( 'NONE', #3876, 1000.000000000000114 ) ;
#1751 = CARTESIAN_POINT ( 'NONE',  ( -4.245496171131672547, 5.535700382024728583, 17.93696320155323320 ) ) ;
#1752 = DIRECTION ( 'NONE',  ( 0.5756881417301585868, 0.000000000000000000, -0.8176693484968583503 ) ) ;
#1753 = CARTESIAN_POINT ( 'NONE',  ( -6.239089654640977756, 8.000000000000000000, 14.85951123853424072 ) ) ;
#1754 = CARTESIAN_POINT ( 'NONE',  ( 0.000000000000000000, 10.00000000000000000, 0.000000000000000000 ) ) ;
#1755 = CARTESIAN_POINT ( 'NONE',  ( -1.581281480365415160, 6.500000000000000000, -1.029992063861229212E-15 ) ) ;
#1756 = CARTESIAN_POINT ( 'NONE',  ( -2.000324405320307086, 3.527235493481405193, 4.131366967329395489E-14 ) ) ;
#1757 = DIRECTION ( 'NONE',  ( -0.04035605027263443334, -0.9965867277635371835, -0.07201585417085598628 ) ) ;
#1758 = EDGE_LOOP ( 'NONE', ( #2515, #3240, #812, #3411 ) ) ;
#1759 = DIRECTION ( 'NONE',  ( 0.000000000000000000, 0.000000000000000000, -1.000000000000000000 ) ) ;
#1760 = EDGE_CURVE ( 'NONE', #1183, #1517, #1017, .T. ) ;
#1761 =( BOUNDED_CURVE ( )  B_SPLINE_CURVE ( 3, ( #853, #822, #4071, #1771 ),
 .UNSPECIFIED., .F., .T. ) 
 B_SPLINE_CURVE_WITH_KNOTS ( ( 4, 4 ),
 ( 1.570796326794896558, 3.141592653589793116 ),
 .UNSPECIFIED. ) 
 CURVE ( )  GEOMETRIC_REPRESENTATION_ITEM ( )  RATIONAL_B_SPLINE_CURVE ( ( 1.000000000000000000, 0.8047378541243649375, 0.8047378541243649375, 1.000000000000000000 ) ) 
 REPRESENTATION_ITEM ( '' )  );
#1762 = CARTESIAN_POINT ( 'NONE',  ( -6.769786965925977285, 5.000000000000000000, 19.81801391644609112 ) ) ;
#1763 = ORIENTED_EDGE ( 'NONE', *, *, #1047, .T. ) ;
#1764 = CARTESIAN_POINT ( 'NONE',  ( -4.272117796632384668, 5.777955406834250240, 17.86139166271013323 ) ) ;
#1765 = CARTESIAN_POINT ( 'NONE',  ( -4.245677250462371433, 5.526160181656869064, 17.94080017259228654 ) ) ;
#1766 = CARTESIAN_POINT ( 'NONE',  ( 4.244476405943236053, 4.443510856078963123, 17.92598824990174222 ) ) ;
#1767 = ORIENTED_EDGE ( 'NONE', *, *, #2712, .T. ) ;
#1768 = FACE_OUTER_BOUND ( 'NONE', #3110, .T. ) ;
#1769 = CARTESIAN_POINT ( 'NONE',  ( 4.178132019865679503, 5.368714261024807755, 17.88253394505285598 ) ) ;
#1770 = CARTESIAN_POINT ( 'NONE',  ( -6.097740050429982794, 9.947945342476884889, 15.26722223757012564 ) ) ;
#1771 = CARTESIAN_POINT ( 'NONE',  ( -13.50000000000000355, 7.000000000000000000, 25.53785682819068015 ) ) ;
#1772 = DIRECTION ( 'NONE',  ( 0.000000000000000000, 1.000000000000000000, 0.000000000000000000 ) ) ;
#1773 = CARTESIAN_POINT ( 'NONE',  ( -2.996880389722709648, 4.220767042626990317, 0.06706001950727452643 ) ) ;
#1774 = CARTESIAN_POINT ( 'NONE',  ( 6.305281640074554161, 0.2524272124317841759, 15.92413924853665996 ) ) ;
#1775 = EDGE_CURVE ( 'NONE', #1897, #1506, #2069, .T. ) ;
#1776 = ORIENTED_EDGE ( 'NONE', *, *, #2333, .F. ) ;
#1777 = CARTESIAN_POINT ( 'NONE',  ( 1.581281480365392289, 6.600000000000001421, 0.000000000000000000 ) ) ;
#1778 = DIRECTION ( 'NONE',  ( 0.9989771878196902488, 0.000000000000000000, 0.04521701246061778090 ) ) ;
#1779 = CARTESIAN_POINT ( 'NONE',  ( -9.682792908611219218, 3.252427220482449588, 21.96790095993693015 ) ) ;
#1780 = VERTEX_POINT ( 'NONE', #539 ) ;
#1781 = PRODUCT_DEFINITION_CONTEXT ( 'detailed design', #3472, 'design' ) ;
#1782 = CARTESIAN_POINT ( 'NONE',  ( 4.238461095556810498, 4.776890551804065410, 17.94390580912490307 ) ) ;
#1783 = CARTESIAN_POINT ( 'NONE',  ( -4.225630162403366086, 5.456928206571144635, 17.91632131078182510 ) ) ;
#1784 = ADVANCED_FACE ( 'NONE', ( #518 ), #1811, .T. ) ;
#1785 = CARTESIAN_POINT ( 'NONE',  ( -8.498013181092801460, 7.100000000000000533, 20.97830201532068273 ) ) ;
#1786 = CARTESIAN_POINT ( 'NONE',  ( 8.453520947378709849, 7.000000000000000000, 21.06066083946382506 ) ) ;
#1787 = CARTESIAN_POINT ( 'NONE',  ( 4.186405583613019843, 5.397150128534890179, 17.88288478020094630 ) ) ;
#1788 = CARTESIAN_POINT ( 'NONE',  ( -4.141304585334469657, 5.164328506879571457, 17.88947988393925215 ) ) ;
#1789 = CARTESIAN_POINT ( 'NONE',  ( -1.581281480365413827, 3.500000000000000444, -1.761828530288944459E-16 ) ) ;
#1790 = CARTESIAN_POINT ( 'NONE',  ( 5.783060948166393267, 7.921375485205099870E-05, 15.27997110393364366 ) ) ;
#1791 = ORIENTED_EDGE ( 'NONE', *, *, #1378, .F. ) ;
#1792 = EDGE_CURVE ( 'NONE', #1814, #1122, #1337, .T. ) ;
#1793 = CARTESIAN_POINT ( 'NONE',  ( -6.825447212116149132, 4.465162382758438575, 19.80071550511189926 ) ) ;
#1794 = SPHERICAL_SURFACE ( 'NONE', #545, 3.000000000000000000 ) ;
#1795 = VERTEX_POINT ( 'NONE', #487 ) ;
#1796 = VECTOR ( 'NONE', #1019, 1000.000000000000000 ) ;
#1797 = EDGE_CURVE ( 'NONE', #2270, #786, #3627, .T. ) ;
#1798 = CARTESIAN_POINT ( 'NONE',  ( 6.665696329886383609, 10.00000000000000000, 15.76496123838208518 ) ) ;
#1799 = CARTESIAN_POINT ( 'NONE',  ( 4.232309557143028478, 5.486484398691584552, 17.91773594734400987 ) ) ;
#1800 = AXIS2_PLACEMENT_3D ( 'NONE', #364, #4142, #4123 ) ;
#1801 = VECTOR ( 'NONE', #3396, 1000.000000000000000 ) ;
#1802 = CARTESIAN_POINT ( 'NONE',  ( 10.61104384307176574, 5.487091478296997060, 22.46600202199211793 ) ) ;
#1803 = ORIENTED_EDGE ( 'NONE', *, *, #145, .T. ) ;
#1804 = ADVANCED_FACE ( 'NONE', ( #3024 ), #1890, .T. ) ;
#1805 = AXIS2_PLACEMENT_3D ( 'NONE', #3845, #2967, #1694 ) ;
#1806 = B_SPLINE_CURVE_WITH_KNOTS ( 'NONE', 3,
 ( #3127, #492, #1430, #3421, #1118, #2728, #2395, #4040 ),
 .UNSPECIFIED., .F., .F.,
 ( 4, 2, 2, 4 ),
 ( 0.000000000000000000, 0.0002104302963398371935, 0.0003156454445097546654, 0.0004208605926796722186 ),
 .UNSPECIFIED. ) ;
#1807 = ADVANCED_FACE ( 'NONE', ( #924 ), #2332, .T. ) ;
#1808 = CARTESIAN_POINT ( 'NONE',  ( 6.769786965926059885, 5.000000000000000000, 19.81801391644615151 ) ) ;
#1809 = CIRCLE ( 'NONE', #3973, 1.999999999999998224 ) ;
#1810 = CARTESIAN_POINT ( 'NONE',  ( 4.222831272654478774, 4.523387035232055986, 17.90748411989097733 ) ) ;
#1811 = PLANE ( 'NONE',  #3084 ) ;
#1812 = CARTESIAN_POINT ( 'NONE',  ( 2.874606943397266079, 4.059312192263712760, 0.06990523569815981775 ) ) ;
#1813 = CARTESIAN_POINT ( 'NONE',  ( 7.760966817828839126, 1.657226386291264397, 16.36679002545110251 ) ) ;
#1814 = VERTEX_POINT ( 'NONE', #4116 ) ;
#1815 = FACE_OUTER_BOUND ( 'NONE', #403, .T. ) ;
#1816 = CARTESIAN_POINT ( 'NONE',  ( 4.859558752065311182, 10.00000000000000000, -0.8261249878511046640 ) ) ;
#1817 = CARTESIAN_POINT ( 'NONE',  ( -6.727458061317024729, 5.000000000000000000, 19.73172528035034645 ) ) ;
#1818 = VERTEX_POINT ( 'NONE', #4002 ) ;
#1819 = FACE_OUTER_BOUND ( 'NONE', #2542, .T. ) ;
#1820 = FACE_OUTER_BOUND ( 'NONE', #544, .T. ) ;
#1821 = CARTESIAN_POINT ( 'NONE',  ( -7.512714107929336471, 6.679300362933816793, 20.28459251829640664 ) ) ;
#1822 = ORIENTED_EDGE ( 'NONE', *, *, #1456, .T. ) ;
#1823 = CARTESIAN_POINT ( 'NONE',  ( 6.097740050429818481, 9.947945342476954167, 15.26722223757013275 ) ) ;
#1824 = CARTESIAN_POINT ( 'NONE',  ( 4.245219120058888684, 5.530834646459773296, 17.92214138354939124 ) ) ;
#1825 = ADVANCED_FACE ( 'NONE', ( #154 ), #1999, .T. ) ;
#1826 = CARTESIAN_POINT ( 'NONE',  ( 7.738699171168582858, 3.165048581506579861, 20.44369952329070372 ) ) ;
#1827 = CARTESIAN_POINT ( 'NONE',  ( -3.218892004352636782, 5.041388770610911507, 0.06189396702817491491 ) ) ;
#1828 = CARTESIAN_POINT ( 'NONE',  ( 4.287742461380431358, 10.00000000000000000, 18.01401953210438833 ) ) ;
#1829 = CARTESIAN_POINT ( 'NONE',  ( 7.373159535546964349, 0.7824067436829471589, 16.15369783600416653 ) ) ;
#1830 = ORIENTED_EDGE ( 'NONE', *, *, #3313, .T. ) ;
#1831 = CARTESIAN_POINT ( 'NONE',  ( 10.64444668661648663, 5.000000000000000000, 22.67763071618653115 ) ) ;
#1832 =( LENGTH_UNIT ( ) NAMED_UNIT ( * ) SI_UNIT ( .MILLI., .METRE. ) );
#1833 = CARTESIAN_POINT ( 'NONE',  ( -8.498013181092490598, 2.900000000000000355, 20.97830201532046601 ) ) ;
#1834 = EDGE_LOOP ( 'NONE', ( #480, #1981, #527, #3286 ) ) ;
#1835 = CARTESIAN_POINT ( 'NONE',  ( 4.156006627878995552, 5.526160181678688943, 17.94849299037956669 ) ) ;
#1836 = ORIENTED_EDGE ( 'NONE', *, *, #2521, .F. ) ;
#1837 =( BOUNDED_CURVE ( )  B_SPLINE_CURVE ( 3, ( #2635, #402, #1340, #53 ),
 .UNSPECIFIED., .F., .T. ) 
 B_SPLINE_CURVE_WITH_KNOTS ( ( 4, 4 ),
 ( 1.570796326794896336, 3.141592653589793116 ),
 .UNSPECIFIED. ) 
 CURVE ( )  GEOMETRIC_REPRESENTATION_ITEM ( )  RATIONAL_B_SPLINE_CURVE ( ( 1.000000000000000000, 0.8047378541243649375, 0.8047378541243649375, 1.000000000000000000 ) ) 
 REPRESENTATION_ITEM ( '' )  );
#1838 = CARTESIAN_POINT ( 'NONE',  ( -4.248106812994219439, 5.471324991462442000, 17.95611417462369275 ) ) ;
#1839 = CARTESIAN_POINT ( 'NONE',  ( 1.871024277987873984E-15, 3.500000000000001776, 0.1000000000000000611 ) ) ;
#1840 = CARTESIAN_POINT ( 'NONE',  ( -6.984583908183554790, 6.057599849721476026, 19.91275726014206171 ) ) ;
#1841 = ORIENTED_EDGE ( 'NONE', *, *, #1304, .F. ) ;
#1842 = CARTESIAN_POINT ( 'NONE',  ( -4.246253731438900836, 4.412617686196499633, 17.91498335291178279 ) ) ;
#1843 = CIRCLE ( 'NONE', #1651, 2.000000000000000000 ) ;
#1844 = CARTESIAN_POINT ( 'NONE',  ( 4.307432754329207469, 5.789613918717924079, 17.73183567804912286 ) ) ;
#1845 = ADVANCED_FACE ( 'NONE', ( #3661 ), #2181, .T. ) ;
#1846 = CARTESIAN_POINT ( 'NONE',  ( 7.004661607693031478, 8.518565116121738612, 16.63783301986149255 ) ) ;
#1847 = CARTESIAN_POINT ( 'NONE',  ( 6.772264771383298410, 4.733573258864081090, 19.76327188497962695 ) ) ;
#1848 = CARTESIAN_POINT ( 'NONE',  ( 4.483362303873356325, 3.815890783987154755, 17.76583185318138547 ) ) ;
#1849 = CARTESIAN_POINT ( 'NONE',  ( 3.213077948057418087, 4.765753153885053273, 0.06202925599053283473 ) ) ;
#1850 = CARTESIAN_POINT ( 'NONE',  ( -4.344152921490984198, 4.152243892341282994, 17.71639927782111101 ) ) ;
#1851 = ORIENTED_EDGE ( 'NONE', *, *, #3861, .T. ) ;
#1852 =( BOUNDED_CURVE ( )  B_SPLINE_CURVE ( 3, ( #209, #4058, #3818, #2572 ),
 .UNSPECIFIED., .F., .T. ) 
 B_SPLINE_CURVE_WITH_KNOTS ( ( 4, 4 ),
 ( 1.570796326794896780, 3.113996637403686485 ),
 .UNSPECIFIED. ) 
 CURVE ( )  GEOMETRIC_REPRESENTATION_ITEM ( )  RATIONAL_B_SPLINE_CURVE ( ( 1.000000000000000000, 0.8111972176585220407, 0.8111972176585220407, 1.000000000000000000 ) ) 
 REPRESENTATION_ITEM ( '' )  );
#1853 = SURFACE_STYLE_USAGE ( .BOTH. , #2529 ) ;
#1854 = DIRECTION ( 'NONE',  ( -8.260587980841946668E-16, 0.000000000000000000, 1.000000000000000000 ) ) ;
#1855 = ORIENTED_EDGE ( 'NONE', *, *, #3560, .F. ) ;
#1856 = ADVANCED_FACE ( 'NONE', ( #441 ), #173, .F. ) ;
#1857 = ORIENTED_EDGE ( 'NONE', *, *, #3810, .F. ) ;
#1858 = CARTESIAN_POINT ( 'NONE',  ( 4.306598075651553614, 4.095726818497367638, 17.84005016695400059 ) ) ;
#1859 = CARTESIAN_POINT ( 'NONE',  ( -6.769786965925819189, 5.261846583037248948, 19.81801391644958699 ) ) ;
#1860 = CARTESIAN_POINT ( 'NONE',  ( 7.026485385685981910, 6.025730968424658052, 19.94225840722956633 ) ) ;
#1861 = ORIENTED_EDGE ( 'NONE', *, *, #3869, .T. ) ;
#1862 = CARTESIAN_POINT ( 'NONE',  ( -4.250751276435416059, 4.361132486354247106, 17.80494839113854866 ) ) ;
#1863 = AXIS2_PLACEMENT_3D ( 'NONE', #3521, #1873, #602 ) ;
#1864 = VECTOR ( 'NONE', #1953, 1000.000000000000114 ) ;
#1865 = CARTESIAN_POINT ( 'NONE',  ( 4.256196073741117303, 5.681458683596804171, 17.88585087146517694 ) ) ;
#1866 = PLANE ( 'NONE',  #3561 ) ;
#1867 = AXIS2_PLACEMENT_3D ( 'NONE', #642, #326, #4152 ) ;
#1868 =( GEOMETRIC_REPRESENTATION_CONTEXT ( 3 ) GLOBAL_UNCERTAINTY_ASSIGNED_CONTEXT ( ( #1488 ) ) GLOBAL_UNIT_ASSIGNED_CONTEXT ( ( #2234, #2902, #3193 ) ) REPRESENTATION_CONTEXT ( 'NONE', 'WORKASPACE' ) );
#1869 = AXIS2_PLACEMENT_3D ( 'NONE', #4044, #4106, #2080 ) ;
#1870 = AXIS2_PLACEMENT_3D ( 'NONE', #1461, #562, #1114 ) ;
#1871 = CARTESIAN_POINT ( 'NONE',  ( 6.998926095527082225, 5.338793638271638997, 16.70961756886523375 ) ) ;
#1872 = CARTESIAN_POINT ( 'NONE',  ( -5.614316590573251275, 3.473177266598046042, 17.18245390176717180 ) ) ;
#1873 = DIRECTION ( 'NONE',  ( 0.1012800780873848172, 0.9939810286199257661, 0.04176195070021861133 ) ) ;
#1874 = ORIENTED_EDGE ( 'NONE', *, *, #3563, .T. ) ;
#1875 = EDGE_CURVE ( 'NONE', #1780, #2978, #3226, .T. ) ;
#1876 = DIRECTION ( 'NONE',  ( -0.9858558466698172928, 0.000000000000000000, 0.1675954939338692995 ) ) ;
#1877 = CARTESIAN_POINT ( 'NONE',  ( -4.188760365025427923, 4.633528783343323632, 17.90975896334770923 ) ) ;
#1878 = EDGE_CURVE ( 'NONE', #736, #2926, #1041, .T. ) ;
#1879 = VERTEX_POINT ( 'NONE', #1686 ) ;
#1880 = CARTESIAN_POINT ( 'NONE',  ( 2.026331731174113138, 6.559823863017673062, -1.626303258728256651E-16 ) ) ;
#1881 = ORIENTED_EDGE ( 'NONE', *, *, #43, .F. ) ;
#1882 = DIRECTION ( 'NONE',  ( 0.000000000000000000, -0.6379654904563999418, 0.7700649537452832760 ) ) ;
#1883 = DIRECTION ( 'NONE',  ( -1.000000000000000000, 5.345783651393923134E-16, 0.000000000000000000 ) ) ;
#1884 = DIRECTION ( 'NONE',  ( 0.000000000000000000, -1.000000000000000000, 0.000000000000000000 ) ) ;
#1885 = ADVANCED_FACE ( 'NONE', ( #2977 ), #2057, .T. ) ;
#1886 = VERTEX_POINT ( 'NONE', #2500 ) ;
#1887 = FACE_OUTER_BOUND ( 'NONE', #1143, .T. ) ;
#1888 = CARTESIAN_POINT ( 'NONE',  ( -7.544056046598353049, 1.355568664821825919, 15.57452569273052490 ) ) ;
#1889 = CARTESIAN_POINT ( 'NONE',  ( -7.651552176556195128, 9.171572875253811929, 15.59736574444821855 ) ) ;
#1890 =( BOUNDED_SURFACE ( )  B_SPLINE_SURFACE ( 3, 2, ( 
 ( #1426, #3992, #1113 ),
 ( #2390, #3044, #4089 ),
 ( #3227, #2293, #1958 ),
 ( #2166, #1980, #1003 ) ),
 .UNSPECIFIED., .F., .F., .T. ) 
 B_SPLINE_SURFACE_WITH_KNOTS ( ( 4, 4 ),
 ( 3, 3 ),
 ( -3.644731913180661174E-06, 2.038031888575584237E-05 ),
 ( 0.000000000000000000, 1.000000000000000000 ),
 .UNSPECIFIED. ) 
 GEOMETRIC_REPRESENTATION_ITEM ( )  RATIONAL_B_SPLINE_SURFACE ( (
 ( 1.000000000000000000, 1.000000000000000000, 1.000000000000000000),
 ( 1.000000000000000000, 0.9991953068848300479, 1.000000000000000000),
 ( 1.000000000000000000, 0.9960884864873438271, 1.000000000000000000),
 ( 1.000000000000000000, 0.9729126845497076959, 1.000000000000000000) ) ) 
 REPRESENTATION_ITEM ( '' )  SURFACE ( )  );
#1891 = ORIENTED_EDGE ( 'NONE', *, *, #2914, .T. ) ;
#1892 = LINE ( 'NONE', #558, #3564 ) ;
#1893 = CARTESIAN_POINT ( 'NONE',  ( 4.213006784036402053, 4.550735724332187537, 17.90716184536110589 ) ) ;
#1894 = CARTESIAN_POINT ( 'NONE',  ( 4.753884478273258551, 3.687742861129851502, 17.54415827023035845 ) ) ;
#1895 = CARTESIAN_POINT ( 'NONE',  ( 3.136366177920114851, 10.00000000000000000, 19.64935822909810170 ) ) ;
#1896 = CARTESIAN_POINT ( 'NONE',  ( 13.50000000000000178, 3.000000000000000000, 24.50000000000001066 ) ) ;
#1897 = VERTEX_POINT ( 'NONE', #3736 ) ;
#1898 = FACE_OUTER_BOUND ( 'NONE', #1464, .T. ) ;
#1899 = ADVANCED_FACE ( 'NONE', ( #868 ), #342, .F. ) ;
#1900 = ORIENTED_EDGE ( 'NONE', *, *, #3582, .F. ) ;
#1901 = DIRECTION ( 'NONE',  ( -0.000000000000000000, 1.000000000000000000, -0.000000000000000000 ) ) ;
#1902 = ORIENTED_EDGE ( 'NONE', *, *, #3917, .T. ) ;
#1903 = CARTESIAN_POINT ( 'NONE',  ( 4.306598075651553614, 5.904273181502221135, 17.84005016695400059 ) ) ;
#1904 = CARTESIAN_POINT ( 'NONE',  ( 4.198227193280071212, 4.839463655979902690, 17.93726951551495929 ) ) ;
#1905 = EDGE_CURVE ( 'NONE', #4162, #2577, #914, .T. ) ;
#1906 = CARTESIAN_POINT ( 'NONE',  ( 4.287722548017727675, 5.844509361002049985, 17.84797546861999606 ) ) ;
#1907 = ORIENTED_EDGE ( 'NONE', *, *, #3236, .T. ) ;
#1908 = ADVANCED_FACE ( 'NONE', ( #1471 ), #832, .T. ) ;
#1909 = CARTESIAN_POINT ( 'NONE',  ( 3.245257714997756171, 4.985952640569836447, -3.095115790065515243E-05 ) ) ;
#1910 = VERTEX_POINT ( 'NONE', #1181 ) ;
#1911 = CARTESIAN_POINT ( 'NONE',  ( 7.606934611423602277, 8.816429199795615901, 16.28215247064519033 ) ) ;
#1912 = CARTESIAN_POINT ( 'NONE',  ( 4.141304585334477650, 4.835671493120359266, 17.88947988393924859 ) ) ;
#1913 = CARTESIAN_POINT ( 'NONE',  ( 5.345831857085742378, 6.521214261380179344, 17.40370521385160885 ) ) ;
#1914 = CARTESIAN_POINT ( 'NONE',  ( -6.896504047909414403, 4.323314595970349394, 16.75262169783290389 ) ) ;
#1915 = DIRECTION ( 'NONE',  ( 0.000000000000000000, 1.000000000000000000, -0.000000000000000000 ) ) ;
#1916 = ORIENTED_EDGE ( 'NONE', *, *, #223, .F. ) ;
#1917 = CARTESIAN_POINT ( 'NONE',  ( -4.244476405943225394, 5.556489143921010232, 17.92598824990168893 ) ) ;
#1918 = CARTESIAN_POINT ( 'NONE',  ( 7.651552176556201346, 10.00000000000000000, 15.59736574444821677 ) ) ;
#1919 = CARTESIAN_POINT ( 'NONE',  ( -4.222745643690524631, 4.523535461251888989, 17.90741415807158887 ) ) ;
#1920 = VERTEX_POINT ( 'NONE', #3409 ) ;
#1921 = CARTESIAN_POINT ( 'NONE',  ( 1.581281480365390291, 6.500000000000000000, -1.043544591017297821E-15 ) ) ;
#1922 = ORIENTED_EDGE ( 'NONE', *, *, #300, .T. ) ;
#1923 = ADVANCED_FACE ( 'NONE', ( #1490 ), #3027, .T. ) ;
#1924 = CARTESIAN_POINT ( 'NONE',  ( -1.581281480365414049, 6.500000000000002665, 0.09999999999999981126 ) ) ;
#1925 = CARTESIAN_POINT ( 'NONE',  ( 4.230571259225468950, 4.520085429682063172, 17.91601335031748476 ) ) ;
#1926 = DIRECTION ( 'NONE',  ( 0.8176693484968577952, 0.000000000000000000, -0.5756881417301596970 ) ) ;
#1927 = ORIENTED_EDGE ( 'NONE', *, *, #1792, .F. ) ;
#1928 = DIRECTION ( 'NONE',  ( 0.000000000000000000, 0.000000000000000000, 1.000000000000000000 ) ) ;
#1929 = CARTESIAN_POINT ( 'NONE',  ( 3.244390706645327693, 5.042150099580120504, -1.544039418890919002E-13 ) ) ;
#1930 = CARTESIAN_POINT ( 'NONE',  ( 7.026485385686199514, 3.974269031575413447, 19.94225840723003884 ) ) ;
#1931 = ORIENTED_EDGE ( 'NONE', *, *, #1378, .T. ) ;
#1932 = CYLINDRICAL_SURFACE ( 'NONE', #1611, 1.499999999999999778 ) ;
#1933 = DIRECTION ( 'NONE',  ( 0.9858558466698174039, 0.000000000000000000, -0.1675954939338692995 ) ) ;
#1934 = EDGE_CURVE ( 'NONE', #2551, #1920, #2289, .T. ) ;
#1935 = CIRCLE ( 'NONE', #348, 1.000000000000000888 ) ;
#1936 = AXIS2_PLACEMENT_3D ( 'NONE', #2153, #3439, #2453 ) ;
#1937 = EDGE_CURVE ( 'NONE', #272, #2270, #344, .T. ) ;
#1938 = CARTESIAN_POINT ( 'NONE',  ( 6.462962800404544517, 3.854736903289724737, 16.93465343957409530 ) ) ;
#1939 = AXIS2_PLACEMENT_3D ( 'NONE', #1459, #222, #2787 ) ;
#1940 = AXIS2_PLACEMENT_3D ( 'NONE', #701, #1285, #2198 ) ;
#1941 = CARTESIAN_POINT ( 'NONE',  ( -6.998926095527205682, 5.338793638271465802, 16.70961756886518046 ) ) ;
#1942 = DIRECTION ( 'NONE',  ( -0.000000000000000000, -1.000000000000000000, -0.000000000000000000 ) ) ;
#1943 = EDGE_LOOP ( 'NONE', ( #2839, #1237, #1555 ) ) ;
#1944 = VECTOR ( 'NONE', #874, 1000.000000000000000 ) ;
#1945 = AXIS2_PLACEMENT_3D ( 'NONE', #1547, #1584, #362 ) ;
#1946 = CARTESIAN_POINT ( 'NONE',  ( -4.233212186276372968, 5.550670916767837859, 17.86224619633881971 ) ) ;
#1947 = CARTESIAN_POINT ( 'NONE',  ( 2.887847058725676597, 2.000000000000000000, -0.4909339999833661206 ) ) ;
#1948 = LINE ( 'NONE', #586, #346 ) ;
#1949 = CARTESIAN_POINT ( 'NONE',  ( -11.78229956758078423, 7.999999999982083665, 23.29063612717494181 ) ) ;
#1950 = CARTESIAN_POINT ( 'NONE',  ( -9.580010577524657123, 5.000000000000000000, 46.19416427311757900 ) ) ;
#1951 = ORIENTED_EDGE ( 'NONE', *, *, #2764, .T. ) ;
#1952 = B_SPLINE_CURVE_WITH_KNOTS ( 'NONE', 3,
 ( #1379, #2444, #3017, #1111, #3412, #3990, #2066, #2119, #4047, #1477 ),
 .UNSPECIFIED., .F., .F.,
 ( 4, 2, 2, 2, 4 ),
 ( 0.000000000000000000, 4.257900180287554372E-05, 8.515800360575108744E-05, 0.0001703160072115021749, 0.0003406320144230035366 ),
 .UNSPECIFIED. ) ;
#1953 = DIRECTION ( 'NONE',  ( -0.04521701246061770457, 0.000000000000000000, 0.9989771878196900268 ) ) ;
#1954 = DIRECTION ( 'NONE',  ( -0.5756881417301591419, 0.000000000000000000, -0.8176693484968579062 ) ) ;
#1955 = ORIENTED_EDGE ( 'NONE', *, *, #3944, .F. ) ;
#1956 = CARTESIAN_POINT ( 'NONE',  ( 4.232302479733181855, 4.513603420098118768, 17.91778148175055208 ) ) ;
#1957 = CARTESIAN_POINT ( 'NONE',  ( -7.004661607693021708, 1.481434883878274267, 16.63783301986149610 ) ) ;
#1958 = CARTESIAN_POINT ( 'NONE',  ( -4.245446616665329742, 5.532327325191962686, 17.93811181096515028 ) ) ;
#1959 = ORIENTED_EDGE ( 'NONE', *, *, #2869, .F. ) ;
#1960 = CARTESIAN_POINT ( 'NONE',  ( -4.225703914767636071, 4.542664664299541855, 17.91630313158386301 ) ) ;
#1961 = ADVANCED_FACE ( 'NONE', ( #3550 ), #2882, .T. ) ;
#1962 = DIRECTION ( 'NONE',  ( 0.8176693484968577952, 0.000000000000000000, 0.5756881417301595860 ) ) ;
#1963 = EDGE_CURVE ( 'NONE', #2223, #1036, #2762, .T. ) ;
#1964 = CARTESIAN_POINT ( 'NONE',  ( 4.233432341266453847, 5.500276663177496417, 17.91060760564682752 ) ) ;
#1965 = CARTESIAN_POINT ( 'NONE',  ( -6.212615078464947871, 3.661452748830102077, 17.03976738692657378 ) ) ;
#1966 = ORIENTED_EDGE ( 'NONE', *, *, #2353, .T. ) ;
#1967 = CARTESIAN_POINT ( 'NONE',  ( -4.244412850573208829, 5.514046929774158556, 17.92520357773262063 ) ) ;
#1968 = DIRECTION ( 'NONE',  ( 0.1675954939338693273, 0.000000000000000000, 0.9858558466698174039 ) ) ;
#1969 = CARTESIAN_POINT ( 'NONE',  ( 0.000000000000000000, 2.000000000000000000, 2.000000000000000000 ) ) ;
#1970 = CARTESIAN_POINT ( 'NONE',  ( -4.233322722913137603, 5.551482624859140458, 17.86165481317160086 ) ) ;
#1971 = CARTESIAN_POINT ( 'NONE',  ( -10.64444668661641202, 5.000000000000000000, 22.67763071618647785 ) ) ;
#1972 = ORIENTED_EDGE ( 'NONE', *, *, #418, .F. ) ;
#1973 = CARTESIAN_POINT ( 'NONE',  ( 5.519693373391912239, 5.000000000000000000, 17.32111337297623876 ) ) ;
#1974 = CARTESIAN_POINT ( 'NONE',  ( 4.226176502585702544, 4.541987568935941688, 17.91644223145624437 ) ) ;
#1975 = CARTESIAN_POINT ( 'NONE',  ( 4.245073550944859164, 5.602159918741114630, 17.90547943089534755 ) ) ;
#1976 = B_SPLINE_CURVE_WITH_KNOTS ( 'NONE', 3,
 ( #3230, #355, #1045, #3252, #3603, #728, #3293, #422 ),
 .UNSPECIFIED., .F., .F.,
 ( 4, 2, 2, 4 ),
 ( 0.000000000000000000, 0.0002104302963401214171, 0.0003156454445101840637, 0.0004208605926802467373 ),
 .UNSPECIFIED. ) ;
#1977 = EDGE_LOOP ( 'NONE', ( #252, #2811, #3291, #2194 ) ) ;
#1978 = CARTESIAN_POINT ( 'NONE',  ( 4.196518708247392482, 5.107286576293128100, 17.94029647154362550 ) ) ;
#1979 = CARTESIAN_POINT ( 'NONE',  ( 0.9504476345532896220, 6.499999999999998224, 3.934885802130592136 ) ) ;
#1980 = CARTESIAN_POINT ( 'NONE',  ( -4.244271764963240656, 5.512487755572339942, 17.92441726023582760 ) ) ;
#1981 = ORIENTED_EDGE ( 'NONE', *, *, #1573, .F. ) ;
#1982 = CARTESIAN_POINT ( 'NONE',  ( -13.50000000000000355, 3.000000000000000000, 25.53785682819068015 ) ) ;
#1983 = CARTESIAN_POINT ( 'NONE',  ( 4.206531749840519474, 4.546626059621351246, 17.88808919316122470 ) ) ;
#1984 = EDGE_CURVE ( 'NONE', #2451, #719, #366, .T. ) ;
#1985 = CARTESIAN_POINT ( 'NONE',  ( -13.50000000000000000, 10.00000000000000000, -1.639313684798082704E-15 ) ) ;
#1986 = CARTESIAN_POINT ( 'NONE',  ( -6.173718993075188344, 3.661097201406708024, 16.94729497426829568 ) ) ;
#1987 = CARTESIAN_POINT ( 'NONE',  ( 12.67655256249262941, 0.7744612644863900774, 23.92024373790927427 ) ) ;
#1988 = ORIENTED_EDGE ( 'NONE', *, *, #2450, .T. ) ;
#1989 = DIRECTION ( 'NONE',  ( 0.000000000000000000, 0.000000000000000000, 1.000000000000000000 ) ) ;
#1990 =( GEOMETRIC_REPRESENTATION_CONTEXT ( 3 ) GLOBAL_UNCERTAINTY_ASSIGNED_CONTEXT ( ( #2755 ) ) GLOBAL_UNIT_ASSIGNED_CONTEXT ( ( #1832, #310, #290 ) ) REPRESENTATION_CONTEXT ( 'NONE', 'WORKASPACE' ) );
#1991 = CARTESIAN_POINT ( 'NONE',  ( 10.64444668661648663, 0.9999999999999992228, 22.67763071618653115 ) ) ;
#1992 = CARTESIAN_POINT ( 'NONE',  ( -2.887847058725677485, 8.000000000000000000, -0.4909339999833647328 ) ) ;
#1993 = CARTESIAN_POINT ( 'NONE',  ( 5.546834667730402124, 10.00000000000000000, 15.15016958239733746 ) ) ;
#1994 = EDGE_LOOP ( 'NONE', ( #3212, #2496, #898, #4120 ) ) ;
#1995 = LINE ( 'NONE', #2669, #1415 ) ;
#1996 = ORIENTED_EDGE ( 'NONE', *, *, #3722, .T. ) ;
#1997 = CARTESIAN_POINT ( 'NONE',  ( 1.581281480365392067, 6.600000000000001421, 0.1000000000000000056 ) ) ;
#1998 = CARTESIAN_POINT ( 'NONE',  ( 1.622515602108638655, 5.878679656440354506, 3.934885802130592136 ) ) ;
#1999 = CYLINDRICAL_SURFACE ( 'NONE', #4166, 2.000000000000000000 ) ;
#2000 = ORIENTED_EDGE ( 'NONE', *, *, #3145, .F. ) ;
#2001 = CARTESIAN_POINT ( 'NONE',  ( -4.212659709509336992, 4.629754698034133753, 17.92169645660332122 ) ) ;
#2002 = CARTESIAN_POINT ( 'NONE',  ( 4.218160774554708503, 4.518271439449770277, 17.89163023965164001 ) ) ;
#2003 = CARTESIAN_POINT ( 'NONE',  ( 13.30232546822233353, 8.173286891104334373, 24.36082530294716264 ) ) ;
#2004 = CARTESIAN_POINT ( 'NONE',  ( -6.665696329886375615, 2.000000000000000000, 15.76496123838208518 ) ) ;
#2005 = CARTESIAN_POINT ( 'NONE',  ( -5.661679075523101901, 3.371389084371240852, 17.27108987534126072 ) ) ;
#2006 = CARTESIAN_POINT ( 'NONE',  ( 11.28524369556774154, 0.07808198759494380803, 25.01808317982131413 ) ) ;
#2007 = CIRCLE ( 'NONE', #2682, 2.000000000000000444 ) ;
#2008 = VERTEX_POINT ( 'NONE', #2929 ) ;
#2009 = AXIS2_PLACEMENT_3D ( 'NONE', #3190, #1274, #3860 ) ;
#2010 = CARTESIAN_POINT ( 'NONE',  ( -3.136366177920106413, 2.000000000000000000, 19.64935822909810526 ) ) ;
#2011 = CIRCLE ( 'NONE', #3898, 0.09999999999999997780 ) ;
#2012 = CARTESIAN_POINT ( 'NONE',  ( 5.283017532062484811, 10.00000000000000000, 1.664809012132261401 ) ) ;
#2013 = ORIENTED_EDGE ( 'NONE', *, *, #1592, .T. ) ;
#2014 = CARTESIAN_POINT ( 'NONE',  ( 12.65137628346032095, 7.000000000000000000, 23.90251813119695967 ) ) ;
#2015 = ORIENTED_EDGE ( 'NONE', *, *, #1984, .F. ) ;
#2016 = AXIS2_PLACEMENT_3D ( 'NONE', #2389, #501, #3394 ) ;
#2017 = AXIS2_PLACEMENT_3D ( 'NONE', #2512, #4121, #973 ) ;
#2018 = FACE_OUTER_BOUND ( 'NONE', #3830, .T. ) ;
#2019 = EDGE_CURVE ( 'NONE', #1687, #3536, #134, .T. ) ;
#2020 = CARTESIAN_POINT ( 'NONE',  ( 4.141304585334477650, 5.164328506879640734, 17.88947988393924859 ) ) ;
#2021 = VECTOR ( 'NONE', #2044, 1000.000000000000000 ) ;
#2022 = VECTOR ( 'NONE', #132, 1000.000000000000000 ) ;
#2023 = EDGE_CURVE ( 'NONE', #3965, #457, #3709, .T. ) ;
#2024 = ORIENTED_EDGE ( 'NONE', *, *, #3201, .T. ) ;
#2025 = CARTESIAN_POINT ( 'NONE',  ( -10.50000000000000533, 0.000000000000000000, 54.00000000000000000 ) ) ;
#2026 = CARTESIAN_POINT ( 'NONE',  ( 4.251607102359046486, 5.381414904352642914, 17.96729113331197425 ) ) ;
#2027 = ORIENTED_EDGE ( 'NONE', *, *, #58, .T. ) ;
#2028 = CARTESIAN_POINT ( 'NONE',  ( 3.219515708210692662, 5.013797824101481559, 0.06187956703745652043 ) ) ;
#2029 = FACE_OUTER_BOUND ( 'NONE', #1244, .T. ) ;
#2030 = DIRECTION ( 'NONE',  ( -0.000000000000000000, -1.000000000000000000, -0.000000000000000000 ) ) ;
#2031 = CARTESIAN_POINT ( 'NONE',  ( 4.233432341285172207, 5.500276663173689684, 17.91060760568116095 ) ) ;
#2032 = CARTESIAN_POINT ( 'NONE',  ( -4.344152921490984198, 4.152243892341283882, 17.71639927782111101 ) ) ;
#2033 = CARTESIAN_POINT ( 'NONE',  ( -7.760966817828803599, 8.342773613708715175, 16.36679002545099593 ) ) ;
#2034 = DIRECTION ( 'NONE',  ( -0.1675954939338687999, 0.000000000000000000, 0.9858558466698174039 ) ) ;
#2035 = DIRECTION ( 'NONE',  ( -0.000000000000000000, 1.000000000000000000, 0.000000000000000000 ) ) ;
#2036 = FACE_OUTER_BOUND ( 'NONE', #374, .T. ) ;
#2037 = EDGE_LOOP ( 'NONE', ( #369, #2889, #473, #2773 ) ) ;
#2038 = CARTESIAN_POINT ( 'NONE',  ( -4.254916596148857977, 5.287154210717133651, 17.97537812073550612 ) ) ;
#2039 = EDGE_CURVE ( 'NONE', #2551, #4096, #3025, .T. ) ;
#2040 = DIRECTION ( 'NONE',  ( -0.3812054721353829723, 0.000000000000000000, 0.9244903396001712403 ) ) ;
#2041 = ORIENTED_EDGE ( 'NONE', *, *, #411, .T. ) ;
#2042 = EDGE_CURVE ( 'NONE', #2474, #1191, #970, .T. ) ;
#2043 = CARTESIAN_POINT ( 'NONE',  ( -4.307432754331943947, 5.789613918722571029, 17.73183567804747440 ) ) ;
#2044 = DIRECTION ( 'NONE',  ( -0.000000000000000000, -1.000000000000000000, -0.000000000000000000 ) ) ;
#2045 = CARTESIAN_POINT ( 'NONE',  ( 4.276340974865516564, 4.344543935151803815, 17.84639923798124173 ) ) ;
#2046 = ORIENTED_EDGE ( 'NONE', *, *, #3563, .F. ) ;
#2047 = CARTESIAN_POINT ( 'NONE',  ( 3.311305838722849781, 2.000000000000000000, 2.000000000000000000 ) ) ;
#2048 = EDGE_CURVE ( 'NONE', #1780, #3048, #2825, .T. ) ;
#2049 = CARTESIAN_POINT ( 'NONE',  ( -3.218892004352637226, 5.041388770610911507, 0.06189396702817508839 ) ) ;
#2050 = CARTESIAN_POINT ( 'NONE',  ( 3.311305838722849781, 8.000000000000000000, 2.000000000000000000 ) ) ;
#2051 = CARTESIAN_POINT ( 'NONE',  ( 4.306598075651553614, 10.00000000000000000, 17.84005016695400059 ) ) ;
#2052 = DIRECTION ( 'NONE',  ( 0.000000000000000000, 0.000000000000000000, 1.000000000000000000 ) ) ;
#2053 = CARTESIAN_POINT ( 'NONE',  ( 3.532334077613605849, 0.000000000000000000, 15.99600156093997150 ) ) ;
#2054 = CARTESIAN_POINT ( 'NONE',  ( -4.187156865611573409, 5.399573509706571350, 17.88296223781340899 ) ) ;
#2055 = EDGE_LOOP ( 'NONE', ( #3040, #170, #2905, #2984 ) ) ;
#2056 = DIRECTION ( 'NONE',  ( -0.3812054721353828057, 0.000000000000000000, 0.9244903396001712403 ) ) ;
#2057 =( BOUNDED_SURFACE ( )  B_SPLINE_SURFACE ( 3, 2, ( 
 ( #3332, #3941, #3987 ),
 ( #1702, #109, #1062 ),
 ( #2339, #2364, #2384 ),
 ( #3623, #753, #2026 ),
 ( #461, #3317, #3645 ),
 ( #128, #1417, #1108 ),
 ( #1799, #2734, #529 ),
 ( #3698, #2823, #2116 ) ),
 .UNSPECIFIED., .F., .F., .T. ) 
 B_SPLINE_SURFACE_WITH_KNOTS ( ( 4, 2, 2, 4 ),
 ( 3, 3 ),
 ( 0.000000000000000000, 0.0001862014021384744179, 0.0002793021032077116269, 0.0003724028042769488359 ),
 ( 0.000000000000000000, 1.000000000000000000 ),
 .UNSPECIFIED. ) 
 GEOMETRIC_REPRESENTATION_ITEM ( )  RATIONAL_B_SPLINE_SURFACE ( (
 ( 1.000000000000000000, 0.9105442730554708097, 1.000000000000000000),
 ( 1.000000000000000000, 0.9153144419082900329, 1.000000000000000000),
 ( 1.000000000000000000, 0.9230185349588773125, 1.000000000000000000),
 ( 1.000000000000000000, 0.9411427409576236247, 1.000000000000000000),
 ( 1.000000000000000000, 0.9483453007077272678, 1.000000000000000000),
 ( 1.000000000000000000, 0.9647437704565507977, 1.000000000000000000),
 ( 1.000000000000000000, 0.9763388939772723596, 1.000000000000000000),
 ( 1.000000000000000000, 0.9729126845893112385, 1.000000000000000000) ) ) 
 REPRESENTATION_ITEM ( '' )  SURFACE ( )  );
#2058 = VERTEX_POINT ( 'NONE', #2991 ) ;
#2059 = CARTESIAN_POINT ( 'NONE',  ( -4.382260436832305039, 5.848053821593233614, 17.80828167556079933 ) ) ;
#2060 = CARTESIAN_POINT ( 'NONE',  ( 4.244271764963249538, 4.487512244427604102, 17.92441726023583826 ) ) ;
#2061 = CARTESIAN_POINT ( 'NONE',  ( 4.287014808056039072, 4.157731511085166254, 17.84827262866878073 ) ) ;
#2062 = ORIENTED_EDGE ( 'NONE', *, *, #18, .T. ) ;
#2063 = DIRECTION ( 'NONE',  ( 0.05464909358990155397, 0.7689141852109143693, -0.6370121288886406719 ) ) ;
#2064 = DIRECTION ( 'NONE',  ( 1.000000000000000000, -0.000000000000000000, 0.000000000000000000 ) ) ;
#2065 = ADVANCED_FACE ( 'NONE', ( #743 ), #316, .F. ) ;
#2066 = CARTESIAN_POINT ( 'NONE',  ( -4.211469586600090409, 4.640284114732401655, 17.92251294254965543 ) ) ;
#2067 = DIRECTION ( 'NONE',  ( 0.3812054721353840270, 0.000000000000000000, 0.9244903396001707963 ) ) ;
#2068 = B_SPLINE_CURVE_WITH_KNOTS ( 'NONE', 3,
 ( #1663, #1028, #399, #2320, #1293, #3856, #1266 ),
 .UNSPECIFIED., .F., .F.,
 ( 4, 3, 4 ),
 ( 0.000000000000000000, 0.0002000743768247270301, 0.0003323067649926692404 ),
 .UNSPECIFIED. ) ;
#2069 = LINE ( 'NONE', #1441, #1801 ) ;
#2070 = CARTESIAN_POINT ( 'NONE',  ( -2.947592041731754708, 6.003400328252437745, -1.761828530288944705E-16 ) ) ;
#2071 = CARTESIAN_POINT ( 'NONE',  ( -11.28524369556804174, 9.921918012404931986, 25.01808317982156282 ) ) ;
#2072 = CARTESIAN_POINT ( 'NONE',  ( 3.311305838722849781, 4.955851978015888726, 0.000000000000000000 ) ) ;
#2073 = ORIENTED_EDGE ( 'NONE', *, *, #187, .F. ) ;
#2074 = TOROIDAL_SURFACE ( 'NONE', #1599, 1.419999999999999929, 0.08000000000000000167 ) ;
#2075 = CARTESIAN_POINT ( 'NONE',  ( 10.64444668661648663, 9.000000000000000000, 22.67763071618653115 ) ) ;
#2076 = VECTOR ( 'NONE', #1674, 1000.000000000000114 ) ;
#2077 = AXIS2_PLACEMENT_3D ( 'NONE', #3723, #2741, #2052 ) ;
#2078 = EDGE_LOOP ( 'NONE', ( #3679, #2598, #3353, #3996 ) ) ;
#2079 = CARTESIAN_POINT ( 'NONE',  ( -4.306598075651546509, 5.904273181502631473, 17.84005016695400059 ) ) ;
#2080 = DIRECTION ( 'NONE',  ( 0.000000000000000000, 0.000000000000000000, -1.000000000000000000 ) ) ;
#2081 = AXIS2_PLACEMENT_3D ( 'NONE', #2004, #1029, #3273 ) ;
#2082 = CARTESIAN_POINT ( 'NONE',  ( 4.233212186276370304, 4.449329083232112403, 17.86224619633875577 ) ) ;
#2083 = ORIENTED_EDGE ( 'NONE', *, *, #3701, .T. ) ;
#2084 = CARTESIAN_POINT ( 'NONE',  ( 4.344152921490988639, 4.152243892341282105, 17.71639927782111812 ) ) ;
#2085 = CYLINDRICAL_SURFACE ( 'NONE', #1208, 2.000000000000000000 ) ;
#2086 = EDGE_CURVE ( 'NONE', #2394, #786, #1535, .T. ) ;
#2087 = PLANE ( 'NONE',  #746 ) ;
#2088 = DIRECTION ( 'NONE',  ( 1.000000000000000000, 0.000000000000000000, 2.168404344971008868E-16 ) ) ;
#2089 = CARTESIAN_POINT ( 'NONE',  ( -3.015997461087776443, 4.206441322953399009, -4.098064497596363850E-15 ) ) ;
#2090 = CARTESIAN_POINT ( 'NONE',  ( 5.744004304908695957, -8.350528747809479262E-16, 15.35137457605474687 ) ) ;
#2091 = EDGE_LOOP ( 'NONE', ( #3985, #2345, #23, #863 ) ) ;
#2092 = CARTESIAN_POINT ( 'NONE',  ( -4.195572533190249587, 4.999823955803682551, 17.94161668970281553 ) ) ;
#2093 = DIRECTION ( 'NONE',  ( -0.000000000000000000, -1.000000000000000000, -0.000000000000000000 ) ) ;
#2094 = DIRECTION ( 'NONE',  ( -1.214306433183764966E-16, 0.000000000000000000, 1.000000000000000000 ) ) ;
#2095 = ORIENTED_EDGE ( 'NONE', *, *, #2845, .F. ) ;
#2096 = LINE ( 'NONE', #2421, #2420 ) ;
#2097 = CARTESIAN_POINT ( 'NONE',  ( 4.258074709438695038, 4.833870128784110598, 17.98113798906560845 ) ) ;
#2098 = CARTESIAN_POINT ( 'NONE',  ( -8.515800394943971341, 7.006804408920606519, 20.99082527806450216 ) ) ;
#2099 = ORIENTED_EDGE ( 'NONE', *, *, #2291, .F. ) ;
#2100 = DIRECTION ( 'NONE',  ( -0.8454538723337049477, -0.5340484526294814183, 0.000000000000000000 ) ) ;
#2101 = CARTESIAN_POINT ( 'NONE',  ( 7.651552176554128337, 8.130901163104777396, 15.59736574443601853 ) ) ;
#2102 = CARTESIAN_POINT ( 'NONE',  ( -10.49999999999999822, 0.000000000000000000, -1.275021754842953017E-15 ) ) ;
#2103 = EDGE_CURVE ( 'NONE', #3477, #2793, #1995, .T. ) ;
#2104 = FACE_OUTER_BOUND ( 'NONE', #2385, .T. ) ;
#2105 = CARTESIAN_POINT ( 'NONE',  ( -2.002558192977332840, 6.462334871579086482, 0.09019719031730095982 ) ) ;
#2106 = FACE_OUTER_BOUND ( 'NONE', #646, .T. ) ;
#2107 = CARTESIAN_POINT ( 'NONE',  ( -4.273649814472293862, 5.784328908520078194, 17.86016526892135658 ) ) ;
#2108 = ORIENTED_EDGE ( 'NONE', *, *, #1226, .T. ) ;
#2109 = CARTESIAN_POINT ( 'NONE',  ( -4.195578552104555214, 4.946108780645596781, 17.94160759248601522 ) ) ;
#2110 = CARTESIAN_POINT ( 'NONE',  ( -10.80191321956436923, 4.725061087810878746, 22.60038548257790936 ) ) ;
#2111 = ADVANCED_FACE ( 'NONE', ( #1083 ), #3983, .F. ) ;
#2112 = ORIENTED_EDGE ( 'NONE', *, *, #66, .T. ) ;
#2113 = ADVANCED_FACE ( 'NONE', ( #1038 ), #3424, .F. ) ;
#2114 = CARTESIAN_POINT ( 'NONE',  ( 13.50000000000000711, 3.000000000000000000, 54.00000000000000000 ) ) ;
#2115 = B_SPLINE_CURVE_WITH_KNOTS ( 'NONE', 3,
 ( #50, #3923, #2249, #708, #965, #1983, #2002, #2227 ),
 .UNSPECIFIED., .F., .F.,
 ( 4, 2, 2, 4 ),
 ( 0.000000000000000000, 0.0001786233001319986952, 0.0002679349501979964030, 0.0003572466002639941378 ),
 .UNSPECIFIED. ) ;
#2116 = CARTESIAN_POINT ( 'NONE',  ( 4.245677250473566922, 5.526160181359565549, 17.94080017272272087 ) ) ;
#2117 = CARTESIAN_POINT ( 'NONE',  ( 7.548070081073567472, 6.622940830943836232, 20.30948523870493361 ) ) ;
#2118 = ORIENTED_EDGE ( 'NONE', *, *, #2430, .T. ) ;
#2119 = CARTESIAN_POINT ( 'NONE',  ( -4.203191116989592580, 4.725398022409700971, 17.92930840131577597 ) ) ;
#2120 = CARTESIAN_POINT ( 'NONE',  ( -6.023954723947463563, 9.968012657630588080, 15.41233731893369452 ) ) ;
#2121 = DIRECTION ( 'NONE',  ( 1.000000000000000000, 0.000000000000000000, 0.000000000000000000 ) ) ;
#2122 = CARTESIAN_POINT ( 'NONE',  ( 6.669889247144091371, 5.000000000000000000, 19.81349221520008896 ) ) ;
#2123 = CARTESIAN_POINT ( 'NONE',  ( -2.947592041731753376, 3.996599671747467664, -1.761828530288944705E-16 ) ) ;
#2124 = CARTESIAN_POINT ( 'NONE',  ( 7.166836706259770651, 0.5737053555858343534, 16.04032765077480960 ) ) ;
#2125 = ORIENTED_EDGE ( 'NONE', *, *, #3560, .T. ) ;
#2126 = CARTESIAN_POINT ( 'NONE',  ( -6.727458061317024729, 5.000000000000000000, 19.73172528035034645 ) ) ;
#2127 = CARTESIAN_POINT ( 'NONE',  ( 7.651552176556201346, 2.000000000000000000, 15.59736574444821677 ) ) ;
#2128 = EDGE_CURVE ( 'NONE', #982, #682, #2711, .T. ) ;
#2129 = DIRECTION ( 'NONE',  ( 0.000000000000000000, 0.000000000000000000, 1.000000000000000000 ) ) ;
#2130 = ORIENTED_EDGE ( 'NONE', *, *, #1424, .F. ) ;
#2131 = AXIS2_PLACEMENT_3D ( 'NONE', #3175, #1901, #3505 ) ;
#2132 =( BOUNDED_CURVE ( )  B_SPLINE_CURVE ( 3, ( #765, #3613, #121, #3029 ),
 .UNSPECIFIED., .F., .F. ) 
 B_SPLINE_CURVE_WITH_KNOTS ( ( 4, 4 ),
 ( 3.141592653589793116, 4.712388980384691450 ),
 .UNSPECIFIED. ) 
 CURVE ( )  GEOMETRIC_REPRESENTATION_ITEM ( )  RATIONAL_B_SPLINE_CURVE ( ( 1.000000000000000000, 0.8047378541243646044, 0.8047378541243646044, 1.000000000000000000 ) ) 
 REPRESENTATION_ITEM ( '' )  );
#2133 = EDGE_CURVE ( 'NONE', #236, #1025, #1726, .T. ) ;
#2134 = CARTESIAN_POINT ( 'NONE',  ( 4.196507441373324099, 4.893064587700494350, 17.94031643328267123 ) ) ;
#2135 = EDGE_CURVE ( 'NONE', #3349, #2595, #2694, .T. ) ;
#2136 = CARTESIAN_POINT ( 'NONE',  ( -7.177512018581681197, 6.251173199523452517, 20.04859019256988617 ) ) ;
#2137 = AXIS2_PLACEMENT_3D ( 'NONE', #2427, #4086, #3666 ) ;
#2138 = AXIS2_PLACEMENT_3D ( 'NONE', #224, #1731, #469 ) ;
#2139 = FACE_OUTER_BOUND ( 'NONE', #1117, .T. ) ;
#2140 = ORIENTED_EDGE ( 'NONE', *, *, #2450, .F. ) ;
#2141 = EDGE_CURVE ( 'NONE', #2232, #3849, #1103, .T. ) ;
#2142 = AXIS2_PLACEMENT_3D ( 'NONE', #2258, #2351, #2968 ) ;
#2143 = FACE_OUTER_BOUND ( 'NONE', #2242, .T. ) ;
#2144 = CIRCLE ( 'NONE', #1215, 2.000000000000000444 ) ;
#2145 = B_SPLINE_CURVE_WITH_KNOTS ( 'NONE', 3,
 ( #3602, #1064, #2028, #49 ),
 .UNSPECIFIED., .F., .F.,
 ( 4, 4 ),
 ( 0.000000000000000000, 4.138877059234498390E-05 ),
 .UNSPECIFIED. ) ;
#2146 = CARTESIAN_POINT ( 'NONE',  ( -3.532334077613604073, 0.000000000000000000, 15.99600156093996439 ) ) ;
#2147 = CARTESIAN_POINT ( 'NONE',  ( 7.157898379794970012, 3.770906554238391273, 20.10445195211274338 ) ) ;
#2148 = CARTESIAN_POINT ( 'NONE',  ( -2.996880389722675453, 5.779232957373091395, 0.06706001950726289684 ) ) ;
#2149 = CARTESIAN_POINT ( 'NONE',  ( -4.792502022866154121, 3.687371184651255351, 17.63603280450115207 ) ) ;
#2150 = CYLINDRICAL_SURFACE ( 'NONE', #3750, 2.000000000000000000 ) ;
#2151 = ORIENTED_EDGE ( 'NONE', *, *, #3499, .T. ) ;
#2152 =( BOUNDED_CURVE ( )  B_SPLINE_CURVE ( 3, ( #1437, #1377, #3335, #756 ),
 .UNSPECIFIED., .F., .T. ) 
 B_SPLINE_CURVE_WITH_KNOTS ( ( 4, 4 ),
 ( 0.6006402011280322917, 3.141592653589793116 ),
 .UNSPECIFIED. ) 
 CURVE ( )  GEOMETRIC_REPRESENTATION_ITEM ( )  RATIONAL_B_SPLINE_CURVE ( ( 1.000000000000000000, 0.5305506635099770385, 0.5305506635099770385, 1.000000000000000000 ) ) 
 REPRESENTATION_ITEM ( '' )  );
#2153 = CARTESIAN_POINT ( 'NONE',  ( 7.129886077279083523, 5.000000000000000000, 56.09350212639324695 ) ) ;
#2154 = CARTESIAN_POINT ( 'NONE',  ( -10.54478737270485311, 3.942400150278489779, 22.41935350279113237 ) ) ;
#2155 = CARTESIAN_POINT ( 'NONE',  ( 11.50000000000000178, 7.000000000000000000, 25.53785682819067659 ) ) ;
#2156 = ORIENTED_EDGE ( 'NONE', *, *, #3383, .F. ) ;
#2157 = ADVANCED_FACE ( 'NONE', ( #1657 ), #2619, .T. ) ;
#2158 = FACE_OUTER_BOUND ( 'NONE', #3795, .T. ) ;
#2159 = CARTESIAN_POINT ( 'NONE',  ( -6.825447212115934192, 5.534837617241629815, 19.80071550511144096 ) ) ;
#2160 = CARTESIAN_POINT ( 'NONE',  ( 10.39992929145430978, 6.007237952115598745, 22.49716943663172231 ) ) ;
#2161 =( BOUNDED_CURVE ( )  B_SPLINE_CURVE ( 3, ( #1817, #2174, #1505, #891 ),
 .UNSPECIFIED., .F., .T. ) 
 B_SPLINE_CURVE_WITH_KNOTS ( ( 4, 4 ),
 ( 3.141592653589793116, 6.283185307179586232 ),
 .UNSPECIFIED. ) 
 CURVE ( )  GEOMETRIC_REPRESENTATION_ITEM ( )  RATIONAL_B_SPLINE_CURVE ( ( 1.000000000000000000, 0.3333333333333333703, 0.3333333333333333703, 1.000000000000000000 ) ) 
 REPRESENTATION_ITEM ( '' )  );
#2162 = EDGE_LOOP ( 'NONE', ( #2502, #1791, #1298, #2170 ) ) ;
#2163 = CARTESIAN_POINT ( 'NONE',  ( -4.245446616665225825, 4.467672674808425448, 17.93811181096516094 ) ) ;
#2164 = CARTESIAN_POINT ( 'NONE',  ( 5.519693373391914015, 5.000000000000000000, 17.32111337297624232 ) ) ;
#2165 = EDGE_CURVE ( 'NONE', #3806, #593, #3156, .T. ) ;
#2166 = CARTESIAN_POINT ( 'NONE',  ( -4.233432341280981781, 5.500276663204025418, 17.91060760565839871 ) ) ;
#2167 = CARTESIAN_POINT ( 'NONE',  ( 4.792502022865869904, 6.312628815348324984, 17.63603280450205446 ) ) ;
#2168 = CARTESIAN_POINT ( 'NONE',  ( -10.50000000000000533, 0.000000000000000000, 54.00000000000000000 ) ) ;
#2169 = CARTESIAN_POINT ( 'NONE',  ( -3.311305838722848449, 10.00000000000000000, 2.000000000000000000 ) ) ;
#2170 = ORIENTED_EDGE ( 'NONE', *, *, #1963, .F. ) ;
#2171 = CARTESIAN_POINT ( 'NONE',  ( -1.817566441473932485E-15, 6.600000000000002309, 0.1000000000000000056 ) ) ;
#2172 = CARTESIAN_POINT ( 'NONE',  ( -4.186964420590648217, 4.601027194722969504, 17.88293539571101221 ) ) ;
#2173 = ORIENTED_EDGE ( 'NONE', *, *, #1518, .T. ) ;
#2174 = CARTESIAN_POINT ( 'NONE',  ( -6.727458061317023841, 9.199999999999997513, 19.73172528035034645 ) ) ;
#2175 = ORIENTED_EDGE ( 'NONE', *, *, #971, .T. ) ;
#2176 = FACE_BOUND ( 'NONE', #2969, .T. ) ;
#2177 = CARTESIAN_POINT ( 'NONE',  ( -5.519693373391912239, 5.000000000000000000, 17.32111337297624232 ) ) ;
#2178 = CARTESIAN_POINT ( 'NONE',  ( 6.825447212116289464, 5.534837617241703533, 19.80071550511199874 ) ) ;
#2179 = ORIENTED_EDGE ( 'NONE', *, *, #862, .F. ) ;
#2180 = CARTESIAN_POINT ( 'NONE',  ( 4.313813567931031656, 5.745832646255278675, 17.81572860043494444 ) ) ;
#2181 =( BOUNDED_SURFACE ( )  B_SPLINE_SURFACE ( 3, 2, ( 
 ( #3055, #1125, #789 ),
 ( #1722, #3352, #2061 ),
 ( #2672, #478, #1747 ),
 ( #2715, #2045, #809 ),
 ( #3039, #2402, #3014 ),
 ( #2082, #2698, #1374 ),
 ( #3373, #3963, #1766 ),
 ( #420, #497, #2317 ) ),
 .UNSPECIFIED., .F., .F., .T. ) 
 B_SPLINE_SURFACE_WITH_KNOTS ( ( 4, 2, 2, 4 ),
 ( 3, 3 ),
 ( 0.0009551075433337120760, 0.001177244182070783613, 0.001288312501439319328, 0.001399380820807855043 ),
 ( 0.000000000000000000, 1.000000000000000000 ),
 .UNSPECIFIED. ) 
 GEOMETRIC_REPRESENTATION_ITEM ( )  RATIONAL_B_SPLINE_SURFACE ( (
 ( 1.000000000000000000, 0.7089765781523491572, 1.000000000000000000),
 ( 1.000000000000000000, 0.7708117142082517859, 1.000000000000000000),
 ( 1.000000000000000000, 0.8235541092978850841, 1.000000000000000000),
 ( 1.000000000000000000, 0.8904302244237738417, 1.000000000000000000),
 ( 1.000000000000000000, 0.9104611830598391409, 1.000000000000000000),
 ( 1.000000000000000000, 0.9462855801248305498, 1.000000000000000000),
 ( 1.000000000000000000, 0.9622051000415891009, 1.000000000000000000),
 ( 1.000000000000000000, 0.9742080929095777719, 1.000000000000000000) ) ) 
 REPRESENTATION_ITEM ( '' )  SURFACE ( )  );
#2182 = CARTESIAN_POINT ( 'NONE',  ( -4.243288698385888402, 4.481726758017050116, 17.91845550538670295 ) ) ;
#2183 = CARTESIAN_POINT ( 'NONE',  ( 4.233609481209440695, 4.494298059019159020, 17.90665726923115386 ) ) ;
#2184 = ADVANCED_FACE ( 'NONE', ( #3730 ), #828, .T. ) ;
#2185 = CARTESIAN_POINT ( 'NONE',  ( 8.498013181092568757, 2.899999999999999911, 20.97830201532051930 ) ) ;
#2186 = ADVANCED_FACE ( 'NONE', ( #230 ), #1503, .T. ) ;
#2187 = CARTESIAN_POINT ( 'NONE',  ( 5.282234515306778455, 7.333098982534560051, 17.32205298877856237 ) ) ;
#2188 = CARTESIAN_POINT ( 'NONE',  ( -5.333773573834445614, 3.377541711635702271, 17.40876814688361307 ) ) ;
#2189 = DIRECTION ( 'NONE',  ( 0.000000000000000000, 0.000000000000000000, 1.000000000000000000 ) ) ;
#2190 = EDGE_CURVE ( 'NONE', #2533, #3639, #1745, .T. ) ;
#2191 = ORIENTED_EDGE ( 'NONE', *, *, #4069, .T. ) ;
#2192 = LINE ( 'NONE', #3475, #130 ) ;
#2193 = CARTESIAN_POINT ( 'NONE',  ( -4.156936207580796072, 4.716772922764946863, 17.88345568628038862 ) ) ;
#2194 = ORIENTED_EDGE ( 'NONE', *, *, #1226, .F. ) ;
#2195 = FACE_OUTER_BOUND ( 'NONE', #1016, .T. ) ;
#2196 = ORIENTED_EDGE ( 'NONE', *, *, #1937, .T. ) ;
#2197 = CARTESIAN_POINT ( 'NONE',  ( -7.058575127615946521, 10.00000000000000000, 10.02553310993706503 ) ) ;
#2198 = DIRECTION ( 'NONE',  ( 0.000000000000000000, 0.000000000000000000, -1.000000000000000000 ) ) ;
#2199 = VERTEX_POINT ( 'NONE', #2856 ) ;
#2200 = CARTESIAN_POINT ( 'NONE',  ( -4.245637688638960405, 4.468450981727913884, 17.94032576711770588 ) ) ;
#2201 = AXIS2_PLACEMENT_3D ( 'NONE', #737, #2374, #3307 ) ;
#2202 = CARTESIAN_POINT ( 'NONE',  ( 3.218892004352636782, 4.958611229389895847, 0.06189396702817461654 ) ) ;
#2203 = AXIS2_PLACEMENT_3D ( 'NONE', #2596, #2950, #3309 ) ;
#2204 = EDGE_LOOP ( 'NONE', ( #1445, #3852 ) ) ;
#2205 = FACE_OUTER_BOUND ( 'NONE', #3429, .T. ) ;
#2206 = AXIS2_PLACEMENT_3D ( 'NONE', #2527, #2791, #3468 ) ;
#2207 = VECTOR ( 'NONE', #2034, 1000.000000000000114 ) ;
#2208 = ADVANCED_FACE ( 'NONE', ( #3147 ), #3215, .F. ) ;
#2209 = AXIS2_PLACEMENT_3D ( 'NONE', #1373, #1660, #3622 ) ;
#2210 = CIRCLE ( 'NONE', #424, 0.1000000000000002554 ) ;
#2211 = CARTESIAN_POINT ( 'NONE',  ( 6.462962800404314478, 6.145263096710830375, 16.93465343957483782 ) ) ;
#2212 = CARTESIAN_POINT ( 'NONE',  ( 3.076765637910953366, 4.168818178802585983, -1.761828530288944705E-16 ) ) ;
#2213 = ORIENTED_EDGE ( 'NONE', *, *, #1001, .F. ) ;
#2214 = EDGE_CURVE ( 'NONE', #3515, #3479, #1948, .T. ) ;
#2215 = LINE ( 'NONE', #1546, #3624 ) ;
#2216 = CARTESIAN_POINT ( 'NONE',  ( -4.213573256639570275, 4.640666537054828567, 17.92366406262962641 ) ) ;
#2217 = ORIENTED_EDGE ( 'NONE', *, *, #3811, .T. ) ;
#2218 = FACE_OUTER_BOUND ( 'NONE', #4101, .T. ) ;
#2219 = EDGE_CURVE ( 'NONE', #1025, #2223, #1504, .T. ) ;
#2220 = VERTEX_POINT ( 'NONE', #1278 ) ;
#2221 = CARTESIAN_POINT ( 'NONE',  ( -4.226176502585667905, 5.458012431063889558, 17.91644223145625503 ) ) ;
#2222 = CARTESIAN_POINT ( 'NONE',  ( -10.65269825542701021, 5.246397215912733003, 22.49532922043766092 ) ) ;
#2223 = VERTEX_POINT ( 'NONE', #2554 ) ;
#2224 = CARTESIAN_POINT ( 'NONE',  ( -5.546834667730390578, 0.000000000000000000, 15.15016958239733391 ) ) ;
#2225 = ORIENTED_EDGE ( 'NONE', *, *, #171, .T. ) ;
#2226 = CARTESIAN_POINT ( 'NONE',  ( -4.245056403379943610, 4.474681746249861369, 17.92856967235275434 ) ) ;
#2227 = CARTESIAN_POINT ( 'NONE',  ( 4.233432341276065713, 4.499723336806306762, 17.91060760565419940 ) ) ;
#2228 = CARTESIAN_POINT ( 'NONE',  ( 4.483362303872779897, 6.184109216012524612, 17.76583185318162705 ) ) ;
#2229 = CARTESIAN_POINT ( 'NONE',  ( -5.653253969790364764, 3.473307571505205527, 17.27462733960725672 ) ) ;
#2230 = CARTESIAN_POINT ( 'NONE',  ( -6.722053469410129069E-15, 6.500000000000000000, 3.934885802130595245 ) ) ;
#2231 = EDGE_CURVE ( 'NONE', #2577, #1122, #953, .T. ) ;
#2232 = VERTEX_POINT ( 'NONE', #3523 ) ;
#2233 = DIRECTION ( 'NONE',  ( -1.000000000000000000, 0.000000000000000000, -0.000000000000000000 ) ) ;
#2234 =( LENGTH_UNIT ( ) NAMED_UNIT ( * ) SI_UNIT ( .MILLI., .METRE. ) );
#2235 = CARTESIAN_POINT ( 'NONE',  ( -8.456776945386936163E-15, 3.499999999999999556, 3.934885802130593468 ) ) ;
#2236 = ORIENTED_EDGE ( 'NONE', *, *, #1600, .T. ) ;
#2237 = CARTESIAN_POINT ( 'NONE',  ( -4.306598075651546509, 4.095726818497371191, 17.84005016695400059 ) ) ;
#2238 = ORIENTED_EDGE ( 'NONE', *, *, #2712, .F. ) ;
#2239 = FACE_OUTER_BOUND ( 'NONE', #217, .T. ) ;
#2240 = EDGE_CURVE ( 'NONE', #3479, #3012, #681, .T. ) ;
#2241 = CARTESIAN_POINT ( 'NONE',  ( 4.259985917363501073, 4.967228499523896446, 17.98440484092706626 ) ) ;
#2242 = EDGE_LOOP ( 'NONE', ( #347, #2612, #3446 ) ) ;
#2243 = EDGE_CURVE ( 'NONE', #510, #1591, #2723, .T. ) ;
#2244 = CARTESIAN_POINT ( 'NONE',  ( -4.244412850572800266, 4.485953070247949981, 17.92520357775276807 ) ) ;
#2245 = CARTESIAN_POINT ( 'NONE',  ( -5.546834667730391466, 0.000000000000000000, 15.15016958239733391 ) ) ;
#2246 = CARTESIAN_POINT ( 'NONE',  ( 4.306598075651434598, 5.904273181502261103, 17.84005016695404677 ) ) ;
#2247 = EDGE_LOOP ( 'NONE', ( #434, #2238 ) ) ;
#2248 = CARTESIAN_POINT ( 'NONE',  ( -4.238461598673986863, 4.776787258304866057, 17.94390288777897879 ) ) ;
#2249 = CARTESIAN_POINT ( 'NONE',  ( 4.156750034576809583, 4.717852173414534889, 17.88351823965508203 ) ) ;
#2250 = VECTOR ( 'NONE', #2093, 1000.000000000000000 ) ;
#2251 = CARTESIAN_POINT ( 'NONE',  ( 6.867763861665292957, 6.800472433073713852, 16.65553568577801613 ) ) ;
#2252 = CARTESIAN_POINT ( 'NONE',  ( 11.65137628346032095, 2.000000000000000000, 23.19845830213713000 ) ) ;
#2253 = CARTESIAN_POINT ( 'NONE',  ( -6.626455204255614358E-15, 5.878679656440357171, 7.869771604261161180 ) ) ;
#2254 = ORIENTED_EDGE ( 'NONE', *, *, #465, .F. ) ;
#2255 = CARTESIAN_POINT ( 'NONE',  ( -4.266081415472980254, 5.625749759969049357, 17.85833446126676449 ) ) ;
#2256 = LINE ( 'NONE', #2854, #1145 ) ;
#2257 = DIRECTION ( 'NONE',  ( 0.9220243030070166546, 0.000000000000000000, 0.3871319990189716065 ) ) ;
#2258 = CARTESIAN_POINT ( 'NONE',  ( -7.582056201885276181, 5.000000000000000000, 46.10373024819634935 ) ) ;
#2259 = CARTESIAN_POINT ( 'NONE',  ( 4.248292445816441720, 5.466113360311516622, 17.95648783351229838 ) ) ;
#2260 = EDGE_LOOP ( 'NONE', ( #2989, #1203, #3492, #3419 ) ) ;
#2261 = CARTESIAN_POINT ( 'NONE',  ( -11.91312418198293877, 2.026027329198307303, 23.38274448282773932 ) ) ;
#2262 = EDGE_CURVE ( 'NONE', #651, #3012, #2692, .T. ) ;
#2263 = CARTESIAN_POINT ( 'NONE',  ( 4.258074709438695038, 4.833870128784110598, 17.98113798906560845 ) ) ;
#2264 = EDGE_LOOP ( 'NONE', ( #2125, #303, #1582, #3129, #2191, #3522 ) ) ;
#2265 = B_SPLINE_CURVE_WITH_KNOTS ( 'NONE', 3,
 ( #2031, #796, #517, #1787, #1769, #1096, #3076, #3058 ),
 .UNSPECIFIED., .F., .F.,
 ( 4, 2, 2, 4 ),
 ( 1.835531169815701547E-07, 9.090549949284760730E-05, 0.0001816274458687136279, 0.0003630713386204457234 ),
 .UNSPECIFIED. ) ;
#2266 = ADVANCED_FACE ( 'NONE', ( #1631 ), #3611, .F. ) ;
#2267 = CARTESIAN_POINT ( 'NONE',  ( 3.245257714994980613, 5.014047359430151118, -3.095115123214367238E-05 ) ) ;
#2268 = CARTESIAN_POINT ( 'NONE',  ( 4.266081415466982385, 5.625749759950576134, 17.85833446127455559 ) ) ;
#2269 = CARTESIAN_POINT ( 'NONE',  ( 7.548070081073498194, 3.377059169056165988, 20.30948523870550915 ) ) ;
#2270 = VERTEX_POINT ( 'NONE', #1564 ) ;
#2271 = LINE ( 'NONE', #111, #1282 ) ;
#2272 = CARTESIAN_POINT ( 'NONE',  ( 4.228922408790912080, 5.472727085683826154, 17.91577774098422537 ) ) ;
#2273 = ADVANCED_FACE ( 'NONE', ( #1898 ), #4161, .T. ) ;
#2274 = CIRCLE ( 'NONE', #3093, 0.09999999999999997780 ) ;
#2275 = PRESENTATION_LAYER_ASSIGNMENT (  '', '', ( #671 ) ) ;
#2276 =( BOUNDED_CURVE ( )  B_SPLINE_CURVE ( 3, ( #3558, #1688, #3901, #1334 ),
 .UNSPECIFIED., .F., .T. ) 
 B_SPLINE_CURVE_WITH_KNOTS ( ( 4, 4 ),
 ( 0.000000000000000000, 1.570796326794896558 ),
 .UNSPECIFIED. ) 
 CURVE ( )  GEOMETRIC_REPRESENTATION_ITEM ( )  RATIONAL_B_SPLINE_CURVE ( ( 1.000000000000000000, 0.8047378541243649375, 0.8047378541243649375, 1.000000000000000000 ) ) 
 REPRESENTATION_ITEM ( '' )  );
#2277 = CARTESIAN_POINT ( 'NONE',  ( 6.665696329886386273, 8.000000000000000000, 15.76496123838208518 ) ) ;
#2278 = VECTOR ( 'NONE', #1883, 1000.000000000000000 ) ;
#2279 = AXIS2_PLACEMENT_3D ( 'NONE', #3920, #2996, #3289 ) ;
#2280 = CARTESIAN_POINT ( 'NONE',  ( -1.581281480365414938, 3.500000000000002665, 0.1000000000000000749 ) ) ;
#2281 = ORIENTED_EDGE ( 'NONE', *, *, #1404, .T. ) ;
#2282 = AXIS2_PLACEMENT_3D ( 'NONE', #9, #4090, #2897 ) ;
#2283 = CARTESIAN_POINT ( 'NONE',  ( 3.311305838722849781, 5.044148021984111274, 0.1000000000000000056 ) ) ;
#2284 = DIRECTION ( 'NONE',  ( 0.000000000000000000, 0.000000000000000000, 1.000000000000000000 ) ) ;
#2285 = CARTESIAN_POINT ( 'NONE',  ( -4.233432341276059496, 5.500276663193679028, 17.91060760565419940 ) ) ;
#2286 = CARTESIAN_POINT ( 'NONE',  ( 2.392941610374983874, 6.317158107220135044, 0.08111324565700847589 ) ) ;
#2287 = AXIS2_PLACEMENT_3D ( 'NONE', #2785, #835, #2718 ) ;
#2288 = ORIENTED_EDGE ( 'NONE', *, *, #1760, .F. ) ;
#2289 = LINE ( 'NONE', #3575, #1603 ) ;
#2290 = VERTEX_POINT ( 'NONE', #763 ) ;
#2291 = EDGE_CURVE ( 'NONE', #1920, #3776, #1350, .T. ) ;
#2292 = CARTESIAN_POINT ( 'NONE',  ( -7.372574772901430151E-15, 5.000000000000000000, 7.869771604261161180 ) ) ;
#2293 = CARTESIAN_POINT ( 'NONE',  ( -4.245056403526262123, 5.525318256146435125, 17.92856967312767580 ) ) ;
#2294 =( BOUNDED_CURVE ( )  B_SPLINE_CURVE ( 3, ( #3303, #3932, #2306, #3589 ),
 .UNSPECIFIED., .F., .T. ) 
 B_SPLINE_CURVE_WITH_KNOTS ( ( 4, 4 ),
 ( 0.000000000000000000, 3.141592653589793116 ),
 .UNSPECIFIED. ) 
 CURVE ( )  GEOMETRIC_REPRESENTATION_ITEM ( )  RATIONAL_B_SPLINE_CURVE ( ( 1.000000000000000000, 0.3333333333333333703, 0.3333333333333333703, 1.000000000000000000 ) ) 
 REPRESENTATION_ITEM ( '' )  );
#2295 = ORIENTED_EDGE ( 'NONE', *, *, #1127, .F. ) ;
#2296 = CARTESIAN_POINT ( 'NONE',  ( -4.242625881084576278, 4.536250475322823661, 17.93321708501381906 ) ) ;
#2297 = CARTESIAN_POINT ( 'NONE',  ( 7.651552176556201346, 2.000000000000000000, 15.59736574444821677 ) ) ;
#2298 = CARTESIAN_POINT ( 'NONE',  ( 12.52516267959845031, 7.503618961579135771, 23.81365620283694895 ) ) ;
#2299 = ADVANCED_FACE ( 'NONE', ( #3342 ), #3590, .T. ) ;
#2300 = FACE_OUTER_BOUND ( 'NONE', #2260, .T. ) ;
#2301 = CARTESIAN_POINT ( 'NONE',  ( -4.792502022866119482, 6.312628815348565681, 17.63603280450135458 ) ) ;
#2302 = CARTESIAN_POINT ( 'NONE',  ( 13.12135918841422821, 1.489143115262688832, 25.44899489983058771 ) ) ;
#2303 =( BOUNDED_SURFACE ( )  B_SPLINE_SURFACE ( 3, 2, ( 
 ( #2419, #2059, #2079 ),
 ( #2043, #459, #1742 ),
 ( #1434, #495, #1764 ),
 ( #1139, #2812, #126 ),
 ( #2697, #2255, #3843 ),
 ( #1946, #3884, #1629 ),
 ( #3817, #2919, #1917 ),
 ( #333, #1967, #383 ) ),
 .UNSPECIFIED., .F., .F., .F. ) 
 B_SPLINE_SURFACE_WITH_KNOTS ( ( 4, 2, 2, 4 ),
 ( 3, 3 ),
 ( 0.0009551075433335645161, 0.001177244182070638764, 0.001288312501439175996, 0.001399380820807713012 ),
 ( 0.000000000000000000, 1.000000000000000000 ),
 .UNSPECIFIED. ) 
 GEOMETRIC_REPRESENTATION_ITEM ( )  RATIONAL_B_SPLINE_SURFACE ( (
 ( 1.000000000000000000, 0.7089765781523383881, 1.000000000000000000),
 ( 1.000000000000000000, 0.7708117142082289153, 1.000000000000000000),
 ( 1.000000000000000000, 0.8235541092979153932, 1.000000000000000000),
 ( 1.000000000000000000, 0.8904302244237487507, 1.000000000000000000),
 ( 1.000000000000000000, 0.9104611830597422184, 1.000000000000000000),
 ( 1.000000000000000000, 0.9462855801249299148, 1.000000000000000000),
 ( 1.000000000000000000, 0.9622051000415190458, 1.000000000000000000),
 ( 1.000000000000000000, 0.9742080929095784381, 1.000000000000000000) ) ) 
 REPRESENTATION_ITEM ( '' )  SURFACE ( )  );
#2304 = ORIENTED_EDGE ( 'NONE', *, *, #3001, .F. ) ;
#2305 = CARTESIAN_POINT ( 'NONE',  ( -7.166836706259612555, 9.426294644413991008, 16.04032765077480605 ) ) ;
#2306 = CARTESIAN_POINT ( 'NONE',  ( -6.769786965925979949, 9.000000000000000000, 19.81801391644609112 ) ) ;
#2307 = SPHERICAL_SURFACE ( 'NONE', #3692, 3.000000000000000000 ) ;
#2308 = CARTESIAN_POINT ( 'NONE',  ( -7.651552176556194240, 2.000000000000000000, 15.59736574444821500 ) ) ;
#2309 = ORIENTED_EDGE ( 'NONE', *, *, #354, .T. ) ;
#2310 = CARTESIAN_POINT ( 'NONE',  ( 13.50000000000001243, 3.000000000000000000, 57.00000000000000000 ) ) ;
#2311 = CARTESIAN_POINT ( 'NONE',  ( -12.65137628346032095, 7.585786437626908629, 23.90251813119695967 ) ) ;
#2312 = CARTESIAN_POINT ( 'NONE',  ( -10.65269825542653237, 4.999999999999999112, 22.49532922043384886 ) ) ;
#2313 = ORIENTED_EDGE ( 'NONE', *, *, #2380, .T. ) ;
#2314 = CARTESIAN_POINT ( 'NONE',  ( 4.248106812994238979, 4.528675008537522473, 17.95611417462373893 ) ) ;
#2315 = CARTESIAN_POINT ( 'NONE',  ( -4.194818521153699464, 4.945703894493648889, 17.94330868341496910 ) ) ;
#2316 = CARTESIAN_POINT ( 'NONE',  ( -1.307373288696050517, 5.000000000000000000, -3.170610245651284131 ) ) ;
#2317 = CARTESIAN_POINT ( 'NONE',  ( 4.245637688637883045, 4.468450981704622293, 17.94032576710432281 ) ) ;
#2318 = VERTEX_POINT ( 'NONE', #1427 ) ;
#2319 = FACE_OUTER_BOUND ( 'NONE', #2055, .T. ) ;
#2320 = CARTESIAN_POINT ( 'NONE',  ( -4.259715629220380606, 4.966082090331252807, 17.98395738744703110 ) ) ;
#2321 = ADVANCED_FACE ( 'NONE', ( #2329 ), #2307, .T. ) ;
#2322 = CARTESIAN_POINT ( 'NONE',  ( 4.245315091801701968, 5.545240582371563143, 17.93312623052256427 ) ) ;
#2323 = CARTESIAN_POINT ( 'NONE',  ( -6.867763861665292069, 4.682380964120590683, 16.65553568577801613 ) ) ;
#2324 = CARTESIAN_POINT ( 'NONE',  ( 12.21712167697466001, 0.3369462014029270813, 23.59677690718573118 ) ) ;
#2325 = VERTEX_POINT ( 'NONE', #2986 ) ;
#2326 = CARTESIAN_POINT ( 'NONE',  ( -6.726311488824795681, 9.731264328119911156, 15.79826803152879755 ) ) ;
#2327 = EDGE_CURVE ( 'NONE', #2223, #155, #1, .T. ) ;
#2328 = DIRECTION ( 'NONE',  ( -0.02984425778281850697, 0.9995545609307142643, 0.000000000000000000 ) ) ;
#2329 = FACE_OUTER_BOUND ( 'NONE', #826, .T. ) ;
#2330 = DIRECTION ( 'NONE',  ( 0.000000000000000000, -1.000000000000000000, 0.000000000000000000 ) ) ;
#2331 = CARTESIAN_POINT ( 'NONE',  ( -4.201036956415291179, 5.217720915853361063, 17.93426167563835705 ) ) ;
#2332 =( BOUNDED_SURFACE ( )  B_SPLINE_SURFACE ( 3, 2, ( 
 ( #705, #2601, #1024 ),
 ( #1209, #70, #3578 ),
 ( #3121, #2910, #373 ),
 ( #2489, #3790, #1641 ),
 ( #3434, #3899, #351 ),
 ( #26, #686, #2934 ),
 ( #47, #1332, #3874 ),
 ( #1616, #3268, #2507 ),
 ( #3535, #1513, #3249 ),
 ( #2185, #660, #396 ),
 ( #3768, #2954, #1355 ),
 ( #1826, #1230, #2627 ),
 ( #242, #2269, #579 ),
 ( #880, #1310, #2147 ),
 ( #561, #1930, #3450 ),
 ( #2583, #3556, #904 ),
 ( #2806, #1847, #3140 ),
 ( #261, #1538, #2831 ) ),
 .UNSPECIFIED., .F., .F., .T. ) 
 B_SPLINE_SURFACE_WITH_KNOTS ( ( 4, 2, 2, 2, 2, 2, 2, 2, 4 ),
 ( 3, 3 ),
 ( 0.000000000000000000, 0.3926990816987241395, 0.7853981633974482790, 1.178097245096172418, 1.570796326794896558, 1.963495408493620697, 2.356194490192344837, 2.748893571891068976, 3.141592653589793116 ),
 ( 0.000000000000000000, 1.000000000000000000 ),
 .UNSPECIFIED. ) 
 GEOMETRIC_REPRESENTATION_ITEM ( )  RATIONAL_B_SPLINE_SURFACE ( (
 ( 1.000000000000000000, 0.4805586562704140530, 1.000000000000000000),
 ( 1.000000000000000000, 0.4804796562616165390, 1.000000000000000000),
 ( 1.000000000000000000, 0.4879756766288300684, 1.000000000000000000),
 ( 1.000000000000000000, 0.5148560185723372040, 1.000000000000000000),
 ( 1.000000000000000000, 0.5341718294942296996, 1.000000000000000000),
 ( 1.000000000000000000, 0.5789201899355953529, 1.000000000000000000),
 ( 1.000000000000000000, 0.6042857565284913690, 1.000000000000000000),
 ( 1.000000000000000000, 0.6559267700364257436, 1.000000000000000000),
 ( 1.000000000000000000, 0.6822022589832598127, 1.000000000000000000),
 ( 1.000000000000000000, 0.7320113033898553168, 1.000000000000000000),
 ( 1.000000000000000000, 0.7555565962866438445, 1.000000000000000000),
 ( 1.000000000000000000, 0.7974612361572942509, 1.000000000000000000),
 ( 1.000000000000000000, 0.8158288154685839899, 1.000000000000000000),
 ( 1.000000000000000000, 0.8458047651627302876, 1.000000000000000000),
 ( 1.000000000000000000, 0.8574173933141244763, 1.000000000000000000),
 ( 1.000000000000000000, 0.8729954450281691702, 1.000000000000000000),
 ( 1.000000000000000000, 0.8769717297687836810, 1.000000000000000000),
 ( 1.000000000000000000, 0.8769625863647495523, 1.000000000000000000) ) ) 
 REPRESENTATION_ITEM ( '' )  SURFACE ( )  );
#2333 = EDGE_CURVE ( 'NONE', #1275, #1287, #735, .T. ) ;
#2334 = ORIENTED_EDGE ( 'NONE', *, *, #239, .T. ) ;
#2335 = CARTESIAN_POINT ( 'NONE',  ( 10.80191321957146933, 5.000000000000000000, 22.60038548258290803 ) ) ;
#2336 = DIRECTION ( 'NONE',  ( 0.000000000000000000, 1.000000000000000000, -0.000000000000000000 ) ) ;
#2337 = ORIENTED_EDGE ( 'NONE', *, *, #3336, .T. ) ;
#2338 = CARTESIAN_POINT ( 'NONE',  ( 5.283017532062484811, 8.000000000000000000, 1.664809012132261401 ) ) ;
#2339 = CARTESIAN_POINT ( 'NONE',  ( 4.203518147393348059, 5.280707137726862399, 17.92878163688265047 ) ) ;
#2340 = ORIENTED_EDGE ( 'NONE', *, *, #638, .F. ) ;
#2341 = FACE_OUTER_BOUND ( 'NONE', #1994, .T. ) ;
#2342 = DIRECTION ( 'NONE',  ( 1.214306433183764966E-16, -0.000000000000000000, -1.000000000000000000 ) ) ;
#2343 = FACE_OUTER_BOUND ( 'NONE', #2865, .T. ) ;
#2344 = CIRCLE ( 'NONE', #3819, 0.09000000000000082934 ) ;
#2345 = ORIENTED_EDGE ( 'NONE', *, *, #2048, .T. ) ;
#2346 = EDGE_CURVE ( 'NONE', #1517, #2754, #3586, .T. ) ;
#2347 = TOROIDAL_SURFACE ( 'NONE', #3480, 2.099999999999998312, 2.000000000000000000 ) ;
#2348 = CARTESIAN_POINT ( 'NONE',  ( -3.311305838722848449, 0.000000000000000000, 2.000000000000000000 ) ) ;
#2349 = AXIS2_PLACEMENT_3D ( 'NONE', #1947, #2494, #1876 ) ;
#2350 = CYLINDRICAL_SURFACE ( 'NONE', #540, 2.000000000000000000 ) ;
#2351 = DIRECTION ( 'NONE',  ( 0.04521701246061474166, 0.000000000000000000, 0.9989771878196902488 ) ) ;
#2352 = CARTESIAN_POINT ( 'NONE',  ( 3.532334077613606294, 0.000000000000000000, 15.99600156093997150 ) ) ;
#2353 = EDGE_CURVE ( 'NONE', #338, #1818, #99, .T. ) ;
#2354 = VERTEX_POINT ( 'NONE', #3976 ) ;
#2355 = CIRCLE ( 'NONE', #2691, 2.000000000000000000 ) ;
#2356 = AXIS2_PLACEMENT_3D ( 'NONE', #2705, #1714, #470 ) ;
#2357 = CARTESIAN_POINT ( 'NONE',  ( -4.232773887753943143, 5.493969360888808495, 17.91316911507942322 ) ) ;
#2358 = CARTESIAN_POINT ( 'NONE',  ( 4.186964420590682856, 5.398972805277057141, 17.88293539571107260 ) ) ;
#2359 = VECTOR ( 'NONE', #2472, 1000.000000000000114 ) ;
#2360 = ADVANCED_FACE ( 'NONE', ( #2640 ), #119, .T. ) ;
#2361 = VERTEX_POINT ( 'NONE', #780 ) ;
#2362 = DIRECTION ( 'NONE',  ( 2.168404344971008868E-15, 0.000000000000000000, -1.000000000000000000 ) ) ;
#2363 = CARTESIAN_POINT ( 'NONE',  ( 4.245637688638966623, 5.531549018272102991, 17.94032576711770588 ) ) ;
#2364 = CARTESIAN_POINT ( 'NONE',  ( 4.239001630050283076, 5.283591611019499368, 17.94147003556434328 ) ) ;
#2365 = ORIENTED_EDGE ( 'NONE', *, *, #2552, .T. ) ;
#2366 = DIRECTION ( 'NONE',  ( 0.000000000000000000, 1.000000000000000000, -0.000000000000000000 ) ) ;
#2367 = DIRECTION ( 'NONE',  ( -1.000000000000000000, 0.000000000000000000, -0.000000000000000000 ) ) ;
#2368 = CARTESIAN_POINT ( 'NONE',  ( 10.80191321957146933, 9.199999999999997513, 22.60038548258290803 ) ) ;
#2369 = CARTESIAN_POINT ( 'NONE',  ( -7.229907447460555581, 9.229093463414027809, 15.50777751999074106 ) ) ;
#2370 = CARTESIAN_POINT ( 'NONE',  ( 0.000000000000000000, 7.000000000000000000, 54.00000000000000000 ) ) ;
#2371 = CARTESIAN_POINT ( 'NONE',  ( 3.311305838722849337, 2.000000000000000000, 2.000000000000000000 ) ) ;
#2372 = EDGE_CURVE ( 'NONE', #2318, #1275, #2964, .T. ) ;
#2373 = CARTESIAN_POINT ( 'NONE',  ( -3.244390706645262412, 4.957849900419057931, -1.931235119739805020E-16 ) ) ;
#2374 = DIRECTION ( 'NONE',  ( -1.000000000000000000, -0.000000000000000000, -0.000000000000000000 ) ) ;
#2375 = ORIENTED_EDGE ( 'NONE', *, *, #2425, .F. ) ;
#2376 = CARTESIAN_POINT ( 'NONE',  ( -13.50000000000000355, 7.000000000000000000, 24.50000000000000711 ) ) ;
#2377 = CARTESIAN_POINT ( 'NONE',  ( 10.49999999999999822, 10.00000000000000000, -1.275021754842953017E-15 ) ) ;
#2378 = EDGE_CURVE ( 'NONE', #3536, #802, #3610, .T. ) ;
#2379 = ORIENTED_EDGE ( 'NONE', *, *, #821, .T. ) ;
#2380 = EDGE_CURVE ( 'NONE', #736, #4019, #3367, .T. ) ;
#2381 = CARTESIAN_POINT ( 'NONE',  ( 4.254839006351358144, 4.710362331629253774, 17.97523267791272872 ) ) ;
#2382 = CARTESIAN_POINT ( 'NONE',  ( 4.245336901951300312, 4.461210654527310915, 17.93562262323916556 ) ) ;
#2383 = LINE ( 'NONE', #1839, #2278 ) ;
#2384 = CARTESIAN_POINT ( 'NONE',  ( 4.254838901848891020, 5.289652501474940038, 17.97523438326455647 ) ) ;
#2385 = EDGE_LOOP ( 'NONE', ( #1548, #3392, #105, #632 ) ) ;
#2386 = DIRECTION ( 'NONE',  ( -0.8176693484968581283, -0.000000000000000000, -0.5756881417301591419 ) ) ;
#2387 = CARTESIAN_POINT ( 'NONE',  ( 13.42191800665357526, 7.785243709453046890, 25.51953202989441749 ) ) ;
#2388 = DIRECTION ( 'NONE',  ( 0.9989771878196902488, 0.000000000000000000, -0.04521701246061431145 ) ) ;
#2389 = CARTESIAN_POINT ( 'NONE',  ( 3.532334077613631607, 2.000000000000000000, 15.99600156093995729 ) ) ;
#2390 = CARTESIAN_POINT ( 'NONE',  ( -4.245255349895599828, 5.531966269570185446, 17.92628816375095724 ) ) ;
#2391 = CARTESIAN_POINT ( 'NONE',  ( -3.213077948057286637, 5.234246846115689245, 0.06202925599058472378 ) ) ;
#2392 = CARTESIAN_POINT ( 'NONE',  ( -12.65137628342773546, 7.130923280644306139, 23.90251813117401980 ) ) ;
#2393 = CARTESIAN_POINT ( 'NONE',  ( -4.222831272654515189, 5.476612964767943126, 17.90748411989073929 ) ) ;
#2394 = VERTEX_POINT ( 'NONE', #2053 ) ;
#2395 = CARTESIAN_POINT ( 'NONE',  ( 4.230533583261343544, 5.522951220287641405, 17.88323316376338923 ) ) ;
#2396 = CYLINDRICAL_SURFACE ( 'NONE', #3530, 2.000000000000000000 ) ;
#2397 = CARTESIAN_POINT ( 'NONE',  ( 4.234654033154312991, 5.498041764219255612, 17.91638663557243305 ) ) ;
#2398 = ORIENTED_EDGE ( 'NONE', *, *, #66, .F. ) ;
#2399 = EDGE_CURVE ( 'NONE', #3597, #555, #2663, .T. ) ;
#2400 = CARTESIAN_POINT ( 'NONE',  ( 4.200190307458257166, 4.779595445395934838, 17.93387531920662781 ) ) ;
#2401 = CARTESIAN_POINT ( 'NONE',  ( -4.258074709438689709, 4.833870128784178988, 17.98113798906561200 ) ) ;
#2402 = CARTESIAN_POINT ( 'NONE',  ( 4.266081415472953609, 4.374250240030974624, 17.85833446126683199 ) ) ;
#2403 = ORIENTED_EDGE ( 'NONE', *, *, #327, .F. ) ;
#2404 = ADVANCED_FACE ( 'NONE', ( #695 ), #2350, .T. ) ;
#2405 = CARTESIAN_POINT ( 'NONE',  ( -3.283940532627467768, 4.039323354069151328, -1.761828530288944705E-16 ) ) ;
#2406 = EDGE_CURVE ( 'NONE', #3849, #166, #385, .T. ) ;
#2407 = DIRECTION ( 'NONE',  ( -0.000000000000000000, -1.000000000000000000, -0.000000000000000000 ) ) ;
#2408 = DIRECTION ( 'NONE',  ( 0.000000000000000000, 0.000000000000000000, 1.000000000000000000 ) ) ;
#2409 = CARTESIAN_POINT ( 'NONE',  ( 4.240297100286592347, 4.483227917034654730, 17.91251509671336706 ) ) ;
#2410 = CARTESIAN_POINT ( 'NONE',  ( -13.42191800665357704, 7.785243709453043337, 25.51953202989465552 ) ) ;
#2411 = CARTESIAN_POINT ( 'NONE',  ( 7.671465709712884440, 1.334045016342126244, 16.31761099257133196 ) ) ;
#2412 = B_SPLINE_CURVE_WITH_KNOTS ( 'NONE', 3,
 ( #3435, #2409, #1442, #503 ),
 .UNSPECIFIED., .F., .F.,
 ( 4, 4 ),
 ( 0.000000000000000000, 1.000000000000000000 ),
 .UNSPECIFIED. ) ;
#2413 = VERTEX_POINT ( 'NONE', #2945 ) ;
#2414 = VECTOR ( 'NONE', #2064, 1000.000000000000000 ) ;
#2415 = CARTESIAN_POINT ( 'NONE',  ( -3.532334077613655587, 8.000000000000000000, 15.99600156093994308 ) ) ;
#2416 = CARTESIAN_POINT ( 'NONE',  ( 5.546834667730402124, 0.000000000000000000, 15.15016958239733746 ) ) ;
#2417 = CIRCLE ( 'NONE', #680, 0.09000000000000014932 ) ;
#2418 = ORIENTED_EDGE ( 'NONE', *, *, #3408, .F. ) ;
#2419 = CARTESIAN_POINT ( 'NONE',  ( -4.344152921490985086, 5.847756107658717006, 17.71639927782111101 ) ) ;
#2420 = VECTOR ( 'NONE', #1451, 1000.000000000000114 ) ;
#2421 = CARTESIAN_POINT ( 'NONE',  ( -2.887847058725677485, 0.000000000000000000, -0.4909339999833647328 ) ) ;
#2422 = AXIS2_PLACEMENT_3D ( 'NONE', #3026, #57, #142 ) ;
#2423 = CARTESIAN_POINT ( 'NONE',  ( -8.231445624741592582, 7.045342618053938466, 20.79062250716315319 ) ) ;
#2424 = ORIENTED_EDGE ( 'NONE', *, *, #631, .F. ) ;
#2425 = EDGE_CURVE ( 'NONE', #790, #1795, #1148, .T. ) ;
#2426 = CARTESIAN_POINT ( 'NONE',  ( 4.198227193280071212, 5.160536344020098198, 17.93726951551496285 ) ) ;
#2427 = CARTESIAN_POINT ( 'NONE',  ( 4.214818654030871414, 4.844435680153940993, 17.85916700335454976 ) ) ;
#2428 = CARTESIAN_POINT ( 'NONE',  ( 7.052828328905357935, 8.000000000000000000, 16.68698554138909884 ) ) ;
#2429 = CARTESIAN_POINT ( 'NONE',  ( -4.195572533190269127, 5.053539043796741126, 17.94161668970278711 ) ) ;
#2430 = EDGE_CURVE ( 'NONE', #1565, #3916, #2412, .T. ) ;
#2431 = CARTESIAN_POINT ( 'NONE',  ( 10.50000000000000533, 3.000000000000000000, 54.00000000000000000 ) ) ;
#2432 = CARTESIAN_POINT ( 'NONE',  ( -3.255584723223729160, 5.454327464254434155, -1.761828530288944705E-16 ) ) ;
#2433 = CARTESIAN_POINT ( 'NONE',  ( -12.87239229965726572, 8.979427970151162341, 24.05812662977989547 ) ) ;
#2434 = CARTESIAN_POINT ( 'NONE',  ( 7.043120558289706068, 1.738203828057229172, 16.67707908746896805 ) ) ;
#2435 = ORIENTED_EDGE ( 'NONE', *, *, #3378, .T. ) ;
#2436 = CARTESIAN_POINT ( 'NONE',  ( 10.50000000000000533, 3.000000000000000000, 54.00000000000000000 ) ) ;
#2437 = CARTESIAN_POINT ( 'NONE',  ( -9.214208825091743549, 3.052054649472403014, 21.62207164486916255 ) ) ;
#2438 = ORIENTED_EDGE ( 'NONE', *, *, #1623, .T. ) ;
#2439 = DIRECTION ( 'NONE',  ( 0.000000000000000000, 0.000000000000000000, -1.000000000000000000 ) ) ;
#2440 = CARTESIAN_POINT ( 'NONE',  ( 4.245496171131679652, 4.464299617975239443, 17.93696320155322965 ) ) ;
#2441 = CARTESIAN_POINT ( 'NONE',  ( -9.031358099795628647, 7.100000000000000533, 21.35380874761252556 ) ) ;
#2442 = CARTESIAN_POINT ( 'NONE',  ( 7.512714107929418184, 6.679300362933816793, 20.28459251829646348 ) ) ;
#2443 = EDGE_LOOP ( 'NONE', ( #3504, #4124, #3345 ) ) ;
#2444 = CARTESIAN_POINT ( 'NONE',  ( -4.232380036144821389, 4.512642014723176054, 17.91728314460349480 ) ) ;
#2445 = CARTESIAN_POINT ( 'NONE',  ( 4.204333353250625294, 4.725591907470366060, 17.92961849772515848 ) ) ;
#2446 = DIRECTION ( 'NONE',  ( 1.000000000000000000, 0.000000000000000000, 0.000000000000000000 ) ) ;
#2447 = CARTESIAN_POINT ( 'NONE',  ( -2.026331731174039419, 6.559823863017631318, -1.761828530288944705E-16 ) ) ;
#2448 = B_SPLINE_CURVE_WITH_KNOTS ( 'NONE', 3,
 ( #1444, #840, #2107, #3399, #667, #988 ),
 .UNSPECIFIED., .F., .F.,
 ( 4, 2, 4 ),
 ( 0.000000000000000000, 0.0001887783288255858068, 0.0003775566576511716135 ),
 .UNSPECIFIED. ) ;
#2449 = CARTESIAN_POINT ( 'NONE',  ( 6.429025329598780480, 10.00000000000000000, 16.05041552830329366 ) ) ;
#2450 = EDGE_CURVE ( 'NONE', #3625, #2413, #4053, .T. ) ;
#2451 = VERTEX_POINT ( 'NONE', #3061 ) ;
#2452 =( BOUNDED_CURVE ( )  B_SPLINE_CURVE ( 3, ( #3513, #2599, #2864, #2292 ),
 .UNSPECIFIED., .F., .T. ) 
 B_SPLINE_CURVE_WITH_KNOTS ( ( 4, 4 ),
 ( 4.712388980384689674, 6.283185307179586232 ),
 .UNSPECIFIED. ) 
 CURVE ( )  GEOMETRIC_REPRESENTATION_ITEM ( )  RATIONAL_B_SPLINE_CURVE ( ( 1.000000000000000000, 0.8047378541243649375, 0.8047378541243649375, 1.000000000000000000 ) ) 
 REPRESENTATION_ITEM ( '' )  );
#2453 = DIRECTION ( 'NONE',  ( 0.9989771878196902488, 0.000000000000000000, 0.04521701246061602536 ) ) ;
#2454 = CARTESIAN_POINT ( 'NONE',  ( 1.622515602108638211, 5.000000000000000000, 3.934885802130592136 ) ) ;
#2455 = CARTESIAN_POINT ( 'NONE',  ( -1.581281480365414938, 3.400000000000000355, 0.1000000000000000056 ) ) ;
#2456 = ORIENTED_EDGE ( 'NONE', *, *, #3548, .T. ) ;
#2457 = DIRECTION ( 'NONE',  ( 0.000000000000000000, 0.000000000000000000, 1.000000000000000000 ) ) ;
#2458 = CARTESIAN_POINT ( 'NONE',  ( -8.254257851558952197, 6.963130467108865851, 20.80668367967614429 ) ) ;
#2459 = CARTESIAN_POINT ( 'NONE',  ( 6.984583908183243040, 6.057599849721477803, 19.91275726014183789 ) ) ;
#2460 = VERTEX_POINT ( 'NONE', #181 ) ;
#2461 = CARTESIAN_POINT ( 'NONE',  ( -0.9504476345533070525, 3.500000000000000444, 3.934885802130594357 ) ) ;
#2462 = FACE_OUTER_BOUND ( 'NONE', #3988, .T. ) ;
#2463 = DIRECTION ( 'NONE',  ( 1.000000000000000000, -0.000000000000000000, 0.000000000000000000 ) ) ;
#2464 = CARTESIAN_POINT ( 'NONE',  ( 3.219307775780133163, 4.972402784425215216, 0.06188429232244251760 ) ) ;
#2465 = CARTESIAN_POINT ( 'NONE',  ( -1.803884783017571714, 6.599999999990152411, -1.626303258728256651E-16 ) ) ;
#2466 = CARTESIAN_POINT ( 'NONE',  ( -4.548158370579782783, 3.889448033762169743, 17.73862581235230707 ) ) ;
#2467 = CARTESIAN_POINT ( 'NONE',  ( 6.606810325903664349, 0.2524272124317927801, 15.37538605169280004 ) ) ;
#2468 = EDGE_CURVE ( 'NONE', #1667, #1092, #138, .T. ) ;
#2469 = ORIENTED_EDGE ( 'NONE', *, *, #1479, .T. ) ;
#2470 = CARTESIAN_POINT ( 'NONE',  ( -4.195572562828110641, 4.999471867410371750, 17.94161664490704311 ) ) ;
#2471 = DIRECTION ( 'NONE',  ( 0.9858558466698174039, 0.000000000000000000, -0.1675954939338693273 ) ) ;
#2472 = DIRECTION ( 'NONE',  ( -0.3812054721353828057, 0.000000000000000000, 0.9244903396001712403 ) ) ;
#2473 = ADVANCED_FACE ( 'NONE', ( #799 ), #2770, .T. ) ;
#2474 = VERTEX_POINT ( 'NONE', #3724 ) ;
#2475 = CIRCLE ( 'NONE', #3019, 0.1000000000000000056 ) ;
#2476 = COLOUR_RGB ( '',0.7921568627450980005, 0.8196078431372548767, 0.9333333333333333481 ) ;
#2477 = CARTESIAN_POINT ( 'NONE',  ( -4.243266702538300628, 5.493718434305648657, 17.93294027983371208 ) ) ;
#2478 = EDGE_CURVE ( 'NONE', #429, #2754, #2210, .T. ) ;
#2479 = CARTESIAN_POINT ( 'NONE',  ( -6.727458061324371741, 5.274938912189098161, 19.73172528035551920 ) ) ;
#2480 = AXIS2_PLACEMENT_3D ( 'NONE', #22, #961, #936 ) ;
#2481 = CARTESIAN_POINT ( 'NONE',  ( 9.287108334633984441, 6.927953857426519590, 21.53387221423478692 ) ) ;
#2482 = ORIENTED_EDGE ( 'NONE', *, *, #3528, .F. ) ;
#2483 = CIRCLE ( 'NONE', #2758, 2.000000000000000000 ) ;
#2484 = CARTESIAN_POINT ( 'NONE',  ( -4.258074709438689709, 4.833870128784178988, 17.98113798906561200 ) ) ;
#2485 =( BOUNDED_SURFACE ( )  B_SPLINE_SURFACE ( 3, 2, ( 
 ( #2790, #1152, #1827 ),
 ( #488, #3415, #2391 ),
 ( #2432, #541, #3122 ),
 ( #243, #3103, #2148 ),
 ( #2070, #3706, #1497 ),
 ( #3045, #4072, #2722 ),
 ( #3744, #1514, #1187 ),
 ( #2447, #3687, #2105 ),
 ( #2465, #3993, #823 ),
 ( #882, #1755, #3397 ) ),
 .UNSPECIFIED., .F., .F., .T. ) 
 B_SPLINE_SURFACE_WITH_KNOTS ( ( 4, 2, 2, 2, 4 ),
 ( 3, 3 ),
 ( 3.169188669775899747, 3.554988747428097007, 3.940788825080294711, 4.326588902732492414, 4.712388980384689674 ),
 ( 0.000000000000000000, 1.000000000000000000 ),
 .UNSPECIFIED. ) 
 GEOMETRIC_REPRESENTATION_ITEM ( )  RATIONAL_B_SPLINE_SURFACE ( (
 ( 1.000000000000000000, 0.8309814467598687360, 1.000000000000000000),
 ( 1.000000000000000000, 0.8305823365114001211, 1.000000000000000000),
 ( 1.000000000000000000, 0.8273025145507315603, 1.000000000000000000),
 ( 1.000000000000000000, 0.8153133368900888911, 1.000000000000000000),
 ( 1.000000000000000000, 0.8065951638118944444, 1.000000000000000000),
 ( 1.000000000000000000, 0.7845101999195869258, 1.000000000000000000),
 ( 1.000000000000000000, 0.7711415504264055309, 1.000000000000000000),
 ( 1.000000000000000000, 0.7411069874327224083, 1.000000000000000000),
 ( 1.000000000000000000, 0.7244491532996409910, 1.000000000000000000),
 ( 1.000000000000000000, 0.7071067811865444641, 1.000000000000000000) ) ) 
 REPRESENTATION_ITEM ( '' )  SURFACE ( )  );
#2486 = CARTESIAN_POINT ( 'NONE',  ( 6.023954723947192669, 9.968012657630723083, 15.41233731893396630 ) ) ;
#2487 = AXIS2_PLACEMENT_3D ( 'NONE', #273, #3755, #1178 ) ;
#2488 = CARTESIAN_POINT ( 'NONE',  ( 4.240297100450533208, 5.516772080762479824, 17.91251509917317009 ) ) ;
#2489 = CARTESIAN_POINT ( 'NONE',  ( 10.54478737270492772, 3.942400150278489779, 22.41935350279118566 ) ) ;
#2490 = CARTESIAN_POINT ( 'NONE',  ( 6.771760180845087795, 4.365607433722305863, 16.69589325756692233 ) ) ;
#2491 = CARTESIAN_POINT ( 'NONE',  ( 2.002558192977380358, 3.537665128420910854, 0.09019719031729127312 ) ) ;
#2492 = CARTESIAN_POINT ( 'NONE',  ( -3.532334077613655143, 10.00000000000000000, 15.99600156093994308 ) ) ;
#2493 = ORIENTED_EDGE ( 'NONE', *, *, #1797, .T. ) ;
#2494 = DIRECTION ( 'NONE',  ( -0.1675954939338692995, 0.000000000000000000, -0.9858558466698172928 ) ) ;
#2495 = CARTESIAN_POINT ( 'NONE',  ( 7.651552176556201346, 0.8284271247461899579, 15.59736574444820967 ) ) ;
#2496 = ORIENTED_EDGE ( 'NONE', *, *, #3618, .T. ) ;
#2497 = LINE ( 'NONE', #3777, #2695 ) ;
#2498 = ORIENTED_EDGE ( 'NONE', *, *, #2914, .F. ) ;
#2499 = CARTESIAN_POINT ( 'NONE',  ( -4.240528204680042101, 5.374713534885239952, 17.93754771764399436 ) ) ;
#2500 = CARTESIAN_POINT ( 'NONE',  ( -1.581281480365414049, 6.599999999999999645, 0.000000000000000000 ) ) ;
#2501 = CARTESIAN_POINT ( 'NONE',  ( 6.820210480062496750, 5.523495777344748170, 19.85522800452671532 ) ) ;
#2502 = ORIENTED_EDGE ( 'NONE', *, *, #2327, .T. ) ;
#2503 = CARTESIAN_POINT ( 'NONE',  ( -5.546834667730394131, 10.00000000000000000, 15.15016958239733746 ) ) ;
#2504 = ADVANCED_FACE ( 'NONE', ( #838 ), #2485, .T. ) ;
#2505 = CARTESIAN_POINT ( 'NONE',  ( 5.783060948166529158, 9.999920786245137805, 15.27997110393336833 ) ) ;
#2506 = DIRECTION ( 'NONE',  ( 0.000000000000000000, 1.000000000000000000, -0.000000000000000000 ) ) ;
#2507 = CARTESIAN_POINT ( 'NONE',  ( 9.214208825091795063, 3.052054649472392800, 21.62207164486921585 ) ) ;
#2508 = CARTESIAN_POINT ( 'NONE',  ( 4.753884478272842884, 6.312257138869852291, 17.54415827023065688 ) ) ;
#2509 = CARTESIAN_POINT ( 'NONE',  ( 2.572582215579921172, 3.790300328273501940, 0.07693313645231603104 ) ) ;
#2510 = CARTESIAN_POINT ( 'NONE',  ( -6.998926095527206570, 6.920503928611428712, 16.70961756886518046 ) ) ;
#2511 = ORIENTED_EDGE ( 'NONE', *, *, #3657, .F. ) ;
#2512 = CARTESIAN_POINT ( 'NONE',  ( -10.50000000000000178, 8.000000000000000000, 24.83379699913084693 ) ) ;
#2513 = ORIENTED_EDGE ( 'NONE', *, *, #34, .F. ) ;
#2514 = CARTESIAN_POINT ( 'NONE',  ( 4.214818654030872302, 5.155564319846059895, 17.85916700335454976 ) ) ;
#2515 = ORIENTED_EDGE ( 'NONE', *, *, #3125, .T. ) ;
#2516 = CARTESIAN_POINT ( 'NONE',  ( -4.217666258119623812, 5.412295418702231409, 17.91850548559242995 ) ) ;
#2517 = CYLINDRICAL_SURFACE ( 'NONE', #990, 2.000000000000000000 ) ;
#2518 = CARTESIAN_POINT ( 'NONE',  ( -10.65269825542653237, 4.999999999999997335, 22.49532922043384886 ) ) ;
#2519 = CARTESIAN_POINT ( 'NONE',  ( 8.231445624741672518, 7.045342618054076134, 20.79062250716321003 ) ) ;
#2520 = ORIENTED_EDGE ( 'NONE', *, *, #4079, .T. ) ;
#2521 = EDGE_CURVE ( 'NONE', #1196, #1687, #2483, .T. ) ;
#2522 = CARTESIAN_POINT ( 'NONE',  ( -7.166836706259668510, 0.5737053555860012199, 16.04032765077452893 ) ) ;
#2523 = CYLINDRICAL_SURFACE ( 'NONE', #4091, 1.500000000000000222 ) ;
#2524 = CARTESIAN_POINT ( 'NONE',  ( 4.217326352089870944, 4.612558269192224891, 17.92185131543725873 ) ) ;
#2525 = ADVANCED_FACE ( 'NONE', ( #519 ), #2924, .T. ) ;
#2526 = CARTESIAN_POINT ( 'NONE',  ( 5.306959572670862713, 3.478945354658445677, 17.31165918648917312 ) ) ;
#2527 = CARTESIAN_POINT ( 'NONE',  ( -6.669889247144008770, 5.000000000000000000, 19.81349221520002857 ) ) ;
#2528 = ORIENTED_EDGE ( 'NONE', *, *, #732, .F. ) ;
#2529 = SURFACE_SIDE_STYLE ('',( #2553 ) ) ;
#2530 = CARTESIAN_POINT ( 'NONE',  ( -4.234654033154308550, 4.501958235780757711, 17.91638663557244016 ) ) ;
#2531 = ORIENTED_EDGE ( 'NONE', *, *, #1705, .F. ) ;
#2532 = CARTESIAN_POINT ( 'NONE',  ( -4.214818654030864309, 5.155564319845995058, 17.85916700335455332 ) ) ;
#2533 = VERTEX_POINT ( 'NONE', #2849 ) ;
#2534 = DIRECTION ( 'NONE',  ( -0.8176693484968576842, 0.000000000000000000, -0.5756881417301595860 ) ) ;
#2535 = CARTESIAN_POINT ( 'NONE',  ( -10.39378897997131190, 6.290548118049625437, 22.31304160021484506 ) ) ;
#2536 = ORIENTED_EDGE ( 'NONE', *, *, #1448, .F. ) ;
#2537 = CARTESIAN_POINT ( 'NONE',  ( -4.276340974859518695, 4.344543935167739512, 17.84639923798711791 ) ) ;
#2538 = AXIS2_PLACEMENT_3D ( 'NONE', #907, #205, #3382 ) ;
#2539 = CARTESIAN_POINT ( 'NONE',  ( 3.219723829298420270, 4.986203702530445980, 0.06187461147521347571 ) ) ;
#2540 = AXIS2_PLACEMENT_3D ( 'NONE', #2431, #201, #2446 ) ;
#2541 = ADVANCED_FACE ( 'NONE', ( #2548 ), #329, .T. ) ;
#2542 = EDGE_LOOP ( 'NONE', ( #2815, #661, #938, #2800 ) ) ;
#2543 = CARTESIAN_POINT ( 'NONE',  ( -4.233432341266477827, 4.499723336822470721, 17.91060760564685594 ) ) ;
#2544 = CARTESIAN_POINT ( 'NONE',  ( 3.283940532627991793, 4.039323354069602523, -1.761828530288944459E-16 ) ) ;
#2545 = VECTOR ( 'NONE', #2342, 1000.000000000000000 ) ;
#2546 = AXIS2_PLACEMENT_3D ( 'NONE', #1409, #1431, #785 ) ;
#2547 = AXIS2_PLACEMENT_3D ( 'NONE', #2025, #419, #127 ) ;
#2548 = FACE_OUTER_BOUND ( 'NONE', #1977, .T. ) ;
#2549 = CARTESIAN_POINT ( 'NONE',  ( 3.218892004352636782, 4.958611229389896735, 0.06189396702817445695 ) ) ;
#2550 = DIRECTION ( 'NONE',  ( -0.000000000000000000, -1.000000000000000000, -0.000000000000000000 ) ) ;
#2551 = VERTEX_POINT ( 'NONE', #3858 ) ;
#2552 = EDGE_CURVE ( 'NONE', #1429, #1221, #3356, .T. ) ;
#2553 = SURFACE_STYLE_FILL_AREA ( #3214 ) ;
#2554 = CARTESIAN_POINT ( 'NONE',  ( -3.218892004352636782, 5.041388770610911507, 0.06189396702817491491 ) ) ;
#2555 = ORIENTED_EDGE ( 'NONE', *, *, #3052, .F. ) ;
#2556 = FACE_OUTER_BOUND ( 'NONE', #3308, .T. ) ;
#2557 = EDGE_CURVE ( 'NONE', #4084, #908, #986, .T. ) ;
#2558 = ORIENTED_EDGE ( 'NONE', *, *, #2689, .T. ) ;
#2559 = CARTESIAN_POINT ( 'NONE',  ( 6.998926095527019164, 6.920503928611746680, 16.70961756886525862 ) ) ;
#2560 = CARTESIAN_POINT ( 'NONE',  ( 4.306598075651553614, 5.904273181502221135, 17.84005016695400059 ) ) ;
#2561 = ORIENTED_EDGE ( 'NONE', *, *, #3499, .F. ) ;
#2562 = CARTESIAN_POINT ( 'NONE',  ( -4.230359650489950774, 4.478513709827543821, 17.88424832764135886 ) ) ;
#2563 = CARTESIAN_POINT ( 'NONE',  ( -7.043120558289693633, 1.738203828057214961, 16.67707908746897161 ) ) ;
#2564 = ORIENTED_EDGE ( 'NONE', *, *, #2399, .T. ) ;
#2565 = CARTESIAN_POINT ( 'NONE',  ( -13.50000000000000355, 3.000000000000000000, 25.53785682819068015 ) ) ;
#2566 = CARTESIAN_POINT ( 'NONE',  ( 10.50000000000000533, 0.000000000000000000, 57.00000000000000000 ) ) ;
#2567 = CARTESIAN_POINT ( 'NONE',  ( 11.65137628346032095, 8.000000000000000000, 23.19845830213713356 ) ) ;
#2568 = CARTESIAN_POINT ( 'NONE',  ( 6.525787856235934825, 3.777903977892675513, 16.90827497061888707 ) ) ;
#2569 = CARTESIAN_POINT ( 'NONE',  ( -6.424275242122643448, 6.145715020725765143, 16.84196732722833545 ) ) ;
#2570 = CARTESIAN_POINT ( 'NONE',  ( -7.372574772901430151E-15, 5.000000000000000000, 7.869771604261161180 ) ) ;
#2571 = ORIENTED_EDGE ( 'NONE', *, *, #1725, .T. ) ;
#2572 = CARTESIAN_POINT ( 'NONE',  ( -3.311305838722848449, 5.044148021984972807, 0.000000000000000000 ) ) ;
#2573 = CARTESIAN_POINT ( 'NONE',  ( -4.147334835241128559, 4.776489323397211884, 17.88699330407093768 ) ) ;
#2574 = ORIENTED_EDGE ( 'NONE', *, *, #2656, .F. ) ;
#2575 = CARTESIAN_POINT ( 'NONE',  ( 2.947592041732073120, 6.003400328252087803, -1.761828530288944705E-16 ) ) ;
#2576 = EDGE_CURVE ( 'NONE', #2199, #3849, #3772, .T. ) ;
#2577 = VERTEX_POINT ( 'NONE', #1707 ) ;
#2578 = CARTESIAN_POINT ( 'NONE',  ( -3.311305838722848449, 4.955851978015028081, 0.09999999999999982514 ) ) ;
#2579 = CARTESIAN_POINT ( 'NONE',  ( 4.199973119115032461, 4.786219576383416552, 17.93425087521268324 ) ) ;
#2580 = CARTESIAN_POINT ( 'NONE',  ( -1.581281480365414049, 6.500000000000002665, 0.09999999999999981126 ) ) ;
#2581 = EDGE_LOOP ( 'NONE', ( #3195, #3438, #2295, #2340 ) ) ;
#2582 = CARTESIAN_POINT ( 'NONE',  ( -6.840281933945821180, 0.4006663386678689376, 15.42499252221745998 ) ) ;
#2583 = CARTESIAN_POINT ( 'NONE',  ( 6.780481645858698947, 4.450329433788100530, 19.76905705621889808 ) ) ;
#2584 =( BOUNDED_CURVE ( )  B_SPLINE_CURVE ( 3, ( #335, #930, #3455, #3543 ),
 .UNSPECIFIED., .F., .T. ) 
 B_SPLINE_CURVE_WITH_KNOTS ( ( 4, 4 ),
 ( 1.570796326794898556, 3.113996637404225165 ),
 .UNSPECIFIED. ) 
 CURVE ( )  GEOMETRIC_REPRESENTATION_ITEM ( )  RATIONAL_B_SPLINE_CURVE ( ( 1.000000000000000000, 0.8111972176583972516, 0.8111972176583972516, 1.000000000000000000 ) ) 
 REPRESENTATION_ITEM ( '' )  );
#2585 = ORIENTED_EDGE ( 'NONE', *, *, #1474, .T. ) ;
#2586 = CARTESIAN_POINT ( 'NONE',  ( 10.49999999999999822, 3.000000000000000000, -1.275021754842953017E-15 ) ) ;
#2587 = CARTESIAN_POINT ( 'NONE',  ( 2.573047085799137879, 3.400000000000000355, -1.761828530288944459E-16 ) ) ;
#2588 = CARTESIAN_POINT ( 'NONE',  ( 11.91312418198296896, 7.973972670801713569, 23.38274448282775708 ) ) ;
#2589 = CARTESIAN_POINT ( 'NONE',  ( -4.753884478273196379, 6.312257138870100981, 17.54415827023044372 ) ) ;
#2590 = CARTESIAN_POINT ( 'NONE',  ( 13.49999999998808065, 2.702945843919403845, 24.49999999999205968 ) ) ;
#2591 = ORIENTED_EDGE ( 'NONE', *, *, #845, .T. ) ;
#2592 = CARTESIAN_POINT ( 'NONE',  ( -4.212858300115195576, 4.551145645360209713, 17.90714328958436852 ) ) ;
#2593 = ADVANCED_FACE ( 'NONE', ( #1048 ), #3621, .T. ) ;
#2594 = CARTESIAN_POINT ( 'NONE',  ( -4.273649814472288533, 4.215671091479938681, 17.86016526892135303 ) ) ;
#2595 = VERTEX_POINT ( 'NONE', #1095 ) ;
#2596 = CARTESIAN_POINT ( 'NONE',  ( -6.239089654640978644, 2.000000000000000000, 14.85951123853424072 ) ) ;
#2597 = CARTESIAN_POINT ( 'NONE',  ( -4.156817992781459914, 4.717574835765914187, 17.88351474830290755 ) ) ;
#2598 = ORIENTED_EDGE ( 'NONE', *, *, #3618, .F. ) ;
#2599 = CARTESIAN_POINT ( 'NONE',  ( -7.654054039457265139E-15, 3.500000000000000444, 6.239888538629345227 ) ) ;
#2600 = DIRECTION ( 'NONE',  ( 0.3812054721353839715, 0.000000000000000000, 0.9244903396001706852 ) ) ;
#2601 = CARTESIAN_POINT ( 'NONE',  ( 10.65269825542660165, 5.000000000000001776, 22.49532922043389860 ) ) ;
#2602 = ORIENTED_EDGE ( 'NONE', *, *, #3503, .F. ) ;
#2603 = FACE_OUTER_BOUND ( 'NONE', #1834, .T. ) ;
#2604 = CYLINDRICAL_SURFACE ( 'NONE', #3159, 2.000000000000000888 ) ;
#2605 = ADVANCED_FACE ( 'NONE', ( #2939 ), #3253, .T. ) ;
#2606 = AXIS2_PLACEMENT_3D ( 'NONE', #1163, #3700, #2100 ) ;
#2607 = CARTESIAN_POINT ( 'NONE',  ( -13.50000000000000711, 10.00000000000000000, 54.00000000000000000 ) ) ;
#2608 = AXIS2_PLACEMENT_3D ( 'NONE', #3043, #1249, #597 ) ;
#2609 = VECTOR ( 'NONE', #1235, 999.9999999999998863 ) ;
#2610 = CARTESIAN_POINT ( 'NONE',  ( -5.306959572670793435, 6.521054645341552991, 17.31165918648913404 ) ) ;
#2611 = CARTESIAN_POINT ( 'NONE',  ( 12.45104311349586723, 2.385453267662501542, 23.76147159379677376 ) ) ;
#2612 = ORIENTED_EDGE ( 'NONE', *, *, #2661, .F. ) ;
#2613 = AXIS2_PLACEMENT_3D ( 'NONE', #3911, #716, #3591 ) ;
#2614 = CIRCLE ( 'NONE', #4104, 2.000000000000000000 ) ;
#2615 = DIRECTION ( 'NONE',  ( -0.3812054721353828612, 0.000000000000000000, 0.9244903396001712403 ) ) ;
#2616 = CARTESIAN_POINT ( 'NONE',  ( -10.50000000000000533, 0.000000000000000000, 57.00000000000000000 ) ) ;
#2617 = DIRECTION ( 'NONE',  ( 0.3812054721353840270, 0.000000000000000000, 0.9244903396001707963 ) ) ;
#2618 = CARTESIAN_POINT ( 'NONE',  ( 3.312230401223470899, 5.014730532782988526, -1.605264171951964302E-13 ) ) ;
#2619 =( BOUNDED_SURFACE ( )  B_SPLINE_SURFACE ( 3, 2, ( 
 ( #3915, #2312, #3596 ),
 ( #721, #4042, #2110 ),
 ( #1158, #3403, #169 ),
 ( #2751, #844, #2154 ),
 ( #2795, #3108, #3440 ),
 ( #3695, #508, #3754 ),
 ( #1779, #2775, #3422 ),
 ( #2437, #3370, #3714 ),
 ( #1447, #568, #524 ),
 ( #4100, #4018, #1833 ),
 ( #4077, #2731, #547 ),
 ( #3128, #910, #1218 ),
 ( #249, #890, #4060 ),
 ( #493, #3387, #1137 ),
 ( #211, #1521, #1467 ),
 ( #3067, #1793, #1193 ),
 ( #2814, #188, #3087 ),
 ( #1762, #1485, #1177 ) ),
 .UNSPECIFIED., .F., .F., .T. ) 
 B_SPLINE_SURFACE_WITH_KNOTS ( ( 4, 2, 2, 2, 2, 2, 2, 2, 4 ),
 ( 3, 3 ),
 ( 0.000000000000000000, 0.3926990816987241395, 0.7853981633974482790, 1.178097245096172418, 1.570796326794896558, 1.963495408493620697, 2.356194490192344837, 2.748893571891068976, 3.141592653589793116 ),
 ( 0.000000000000000000, 1.000000000000000000 ),
 .UNSPECIFIED. ) 
 GEOMETRIC_REPRESENTATION_ITEM ( )  RATIONAL_B_SPLINE_SURFACE ( (
 ( 1.000000000000000000, 0.4805586562704321496, 1.000000000000000000),
 ( 1.000000000000000000, 0.4804796562639896962, 1.000000000000000000),
 ( 1.000000000000000000, 0.4879756766256771461, 1.000000000000000000),
 ( 1.000000000000000000, 0.5148560185754990082, 1.000000000000000000),
 ( 1.000000000000000000, 0.5341718294937480849, 1.000000000000000000),
 ( 1.000000000000000000, 0.5789201899360512105, 1.000000000000000000),
 ( 1.000000000000000000, 0.6042857565281901655, 1.000000000000000000),
 ( 1.000000000000000000, 0.6559267700367269471, 1.000000000000000000),
 ( 1.000000000000000000, 0.6822022589832598127, 1.000000000000000000),
 ( 1.000000000000000000, 0.7320113033898553168, 1.000000000000000000),
 ( 1.000000000000000000, 0.7555565962864854157, 1.000000000000000000),
 ( 1.000000000000000000, 0.7974612361574546782, 1.000000000000000000),
 ( 1.000000000000000000, 0.8158288154687226568, 1.000000000000000000),
 ( 1.000000000000000000, 0.8458047651626011687, 1.000000000000000000),
 ( 1.000000000000000000, 0.8574173933143918180, 1.000000000000000000),
 ( 1.000000000000000000, 0.8729954450279022726, 1.000000000000000000),
 ( 1.000000000000000000, 0.8769717297689805235, 1.000000000000000000),
 ( 1.000000000000000000, 0.8769625863647478869, 1.000000000000000000) ) ) 
 REPRESENTATION_ITEM ( '' )  SURFACE ( )  );
#2620 = ORIENTED_EDGE ( 'NONE', *, *, #2262, .T. ) ;
#2621 = CARTESIAN_POINT ( 'NONE',  ( 4.179561799935416211, 5.166129871215891178, 18.02513484169542579 ) ) ;
#2622 = CARTESIAN_POINT ( 'NONE',  ( 4.238919637118446992, 5.489454735572748767, 17.92429316989976940 ) ) ;
#2623 = ORIENTED_EDGE ( 'NONE', *, *, #2086, .F. ) ;
#2624 = EDGE_CURVE ( 'NONE', #4084, #802, #2614, .T. ) ;
#2625 = CARTESIAN_POINT ( 'NONE',  ( 4.242614328499291432, 4.536669580892638720, 17.93324158708808014 ) ) ;
#2626 = FACE_OUTER_BOUND ( 'NONE', #675, .T. ) ;
#2627 = CARTESIAN_POINT ( 'NONE',  ( 7.731440743931247361, 3.252427220482450476, 20.52774367269569566 ) ) ;
#2628 = ORIENTED_EDGE ( 'NONE', *, *, #4130, .F. ) ;
#2629 = CARTESIAN_POINT ( 'NONE',  ( -4.306598075651546509, 10.00000000000000000, 17.84005016695400059 ) ) ;
#2630 = CARTESIAN_POINT ( 'NONE',  ( 2.887847058725676597, 8.000000000000000000, -0.4909339999833661206 ) ) ;
#2631 = EDGE_CURVE ( 'NONE', #319, #1627, #709, .T. ) ;
#2632 = CARTESIAN_POINT ( 'NONE',  ( -4.258074709438689709, 4.833870128784178988, 17.98113798906561200 ) ) ;
#2633 = ADVANCED_FACE ( 'NONE', ( #426 ), #1624, .T. ) ;
#2634 = CARTESIAN_POINT ( 'NONE',  ( -6.525787856235488960, 6.222096022107486135, 16.90827497061907536 ) ) ;
#2635 = CARTESIAN_POINT ( 'NONE',  ( 10.50000000000000178, 0.000000000000000000, 24.83379699913084693 ) ) ;
#2636 = ORIENTED_EDGE ( 'NONE', *, *, #4020, .T. ) ;
#2637 = ADVANCED_BREP_SHAPE_REPRESENTATION ( '\X2\672854e8\X0\-\X2\5de57a0b5b9e8df5\X0\', ( #1450, #1320 ), #1990 ) ;
#2638 = CARTESIAN_POINT ( 'NONE',  ( -7.385908194361324952, 9.007237923834118476, 15.54092350513970899 ) ) ;
#2639 = DIRECTION ( 'NONE',  ( -0.5756881417301589199, 0.000000000000000000, -0.8176693484968582393 ) ) ;
#2640 = FACE_OUTER_BOUND ( 'NONE', #1042, .T. ) ;
#2641 = ORIENTED_EDGE ( 'NONE', *, *, #3383, .T. ) ;
#2642 = CARTESIAN_POINT ( 'NONE',  ( 3.189577542015159306, 5.435013259268321129, 2.647146872575240570E-14 ) ) ;
#2643 = EDGE_LOOP ( 'NONE', ( #3568, #3256, #1563 ) ) ;
#2644 = FACE_OUTER_BOUND ( 'NONE', #1179, .T. ) ;
#2645 = DIRECTION ( 'NONE',  ( 0.000000000000000000, 0.000000000000000000, 1.000000000000000000 ) ) ;
#2646 = CARTESIAN_POINT ( 'NONE',  ( 4.226527073460712103, 5.440809150696565233, 17.92027343432354414 ) ) ;
#2647 = ORIENTED_EDGE ( 'NONE', *, *, #1689, .T. ) ;
#2648 = CARTESIAN_POINT ( 'NONE',  ( 4.246591221787794801, 4.498273063205244782, 17.95145379521304463 ) ) ;
#2649 = CARTESIAN_POINT ( 'NONE',  ( -4.198227193280064995, 5.160536344020030697, 17.93726951551496995 ) ) ;
#2650 = CYLINDRICAL_SURFACE ( 'NONE', #4097, 0.09999999999999982514 ) ;
#2651 = DIRECTION ( 'NONE',  ( 0.3871319990189716620, 0.000000000000000000, -0.9220243030070167656 ) ) ;
#2652 = ORIENTED_EDGE ( 'NONE', *, *, #145, .F. ) ;
#2653 = CARTESIAN_POINT ( 'NONE',  ( -4.238167138620147156, 4.837243418357515701, 17.94561269094356248 ) ) ;
#2654 = EDGE_CURVE ( 'NONE', #289, #3662, #1007, .T. ) ;
#2655 = CARTESIAN_POINT ( 'NONE',  ( 13.50000000000000355, 6.999999999999994671, 25.53785682819067659 ) ) ;
#2656 = EDGE_CURVE ( 'NONE', #2361, #1591, #3904, .T. ) ;
#2657 = CARTESIAN_POINT ( 'NONE',  ( 4.245446616665231154, 5.532327325191581657, 17.93811181096513963 ) ) ;
#2658 = CARTESIAN_POINT ( 'NONE',  ( -0.9504476345533056092, 6.500000000000001776, 3.934885802130595245 ) ) ;
#2659 = CARTESIAN_POINT ( 'NONE',  ( 12.52516267959841834, 2.496381038420867338, 23.81365620283692763 ) ) ;
#2660 = ORIENTED_EDGE ( 'NONE', *, *, #43, .T. ) ;
#2661 = EDGE_CURVE ( 'NONE', #1879, #3477, #818, .T. ) ;
#2662 = PLANE ( 'NONE',  #199 ) ;
#2663 = LINE ( 'NONE', #3570, #275 ) ;
#2664 = CARTESIAN_POINT ( 'NONE',  ( -4.344152921490984198, 5.847756107658717006, 17.71639927782111101 ) ) ;
#2665 = CARTESIAN_POINT ( 'NONE',  ( -4.207451760572571864, 5.455643906300534418, 17.88843526979430720 ) ) ;
#2666 = ORIENTED_EDGE ( 'NONE', *, *, #4095, .T. ) ;
#2667 = CARTESIAN_POINT ( 'NONE',  ( -4.233187042291771895, 5.497265237813452110, 17.91216371589343481 ) ) ;
#2668 = CARTESIAN_POINT ( 'NONE',  ( 4.217666258119646017, 4.587704581297632700, 17.91850548559241929 ) ) ;
#2669 = CARTESIAN_POINT ( 'NONE',  ( 7.013353652678960160, 8.000000000000000000, 16.70355984454825915 ) ) ;
#2670 = ORIENTED_EDGE ( 'NONE', *, *, #2231, .F. ) ;
#2671 = CARTESIAN_POINT ( 'NONE',  ( 4.233432341281018196, 4.499723336795904416, 17.91060760565841647 ) ) ;
#2672 = CARTESIAN_POINT ( 'NONE',  ( 4.279816210935804222, 4.270666801640082610, 17.75717566259251967 ) ) ;
#2673 = ORIENTED_EDGE ( 'NONE', *, *, #635, .F. ) ;
#2674 = DIRECTION ( 'NONE',  ( 1.000000000000000000, -0.000000000000000000, -0.000000000000000000 ) ) ;
#2675 = CARTESIAN_POINT ( 'NONE',  ( 6.727458061317108218, 5.000000000000000000, 19.73172528035040330 ) ) ;
#2676 = ADVANCED_FACE ( 'NONE', ( #2300 ), #3583, .F. ) ;
#2677 = CARTESIAN_POINT ( 'NONE',  ( 13.50000000000000355, 7.392769841933129804, 25.53785682816773672 ) ) ;
#2678 = CARTESIAN_POINT ( 'NONE',  ( 4.245315091801701968, 5.545240582371562255, 17.93312623052256427 ) ) ;
#2679 = CARTESIAN_POINT ( 'NONE',  ( -4.198227193280064995, 5.160536344020030697, 17.93726951551496995 ) ) ;
#2680 = CARTESIAN_POINT ( 'NONE',  ( 4.345311275553447317, 8.000000000000000000, 17.93225259725469911 ) ) ;
#2681 = AXIS2_PLACEMENT_3D ( 'NONE', #2532, #3822, #955 ) ;
#2682 = AXIS2_PLACEMENT_3D ( 'NONE', #1465, #2749, #1176 ) ;
#2683 = CARTESIAN_POINT ( 'NONE',  ( -7.043120558289695410, 8.261796171942771494, 16.67707908746897516 ) ) ;
#2684 = VECTOR ( 'NONE', #884, 1000.000000000000000 ) ;
#2685 = DIRECTION ( 'NONE',  ( 0.9244903396001711293, 0.000000000000000000, 0.3812054721353828612 ) ) ;
#2686 = DIRECTION ( 'NONE',  ( 0.000000000000000000, 0.000000000000000000, -1.000000000000000000 ) ) ;
#2687 = CARTESIAN_POINT ( 'NONE',  ( -3.213077948057287969, 4.765753153884365823, 0.06202925599058464745 ) ) ;
#2688 = CARTESIAN_POINT ( 'NONE',  ( 2.996880389722982763, 5.779232957372593127, 0.06706001950725819227 ) ) ;
#2689 = EDGE_CURVE ( 'NONE', #2220, #1060, #1664, .T. ) ;
#2690 = VERTEX_POINT ( 'NONE', #74 ) ;
#2691 = AXIS2_PLACEMENT_3D ( 'NONE', #4028, #1069, #139 ) ;
#2692 = CIRCLE ( 'NONE', #1945, 2.000000000000000444 ) ;
#2693 = CYLINDRICAL_SURFACE ( 'NONE', #2820, 2.000000000000000444 ) ;
#2694 = LINE ( 'NONE', #768, #1682 ) ;
#2695 = VECTOR ( 'NONE', #2700, 1000.000000000000114 ) ;
#2696 = ORIENTED_EDGE ( 'NONE', *, *, #1672, .F. ) ;
#2697 = CARTESIAN_POINT ( 'NONE',  ( -4.243226582170380290, 5.608995711002182638, 17.82240456720660760 ) ) ;
#2698 = CARTESIAN_POINT ( 'NONE',  ( 4.250647009599400228, 4.432498592939146498, 17.88705876411524542 ) ) ;
#2699 = ORIENTED_EDGE ( 'NONE', *, *, #2190, .F. ) ;
#2700 = DIRECTION ( 'NONE',  ( 0.3812054721353826392, 3.056762971144853473E-16, -0.9244903396001712403 ) ) ;
#2701 = CARTESIAN_POINT ( 'NONE',  ( 4.214841449837114951, 5.388041396995543408, 17.92031157445947542 ) ) ;
#2702 = CARTESIAN_POINT ( 'NONE',  ( -9.107298248878237246E-15, 3.500000000000000444, 3.934885802130593468 ) ) ;
#2703 = CARTESIAN_POINT ( 'NONE',  ( 5.546834667730402124, 10.00000000000000000, 15.15016958239733746 ) ) ;
#2704 = CARTESIAN_POINT ( 'NONE',  ( 3.219515708211049265, 4.986202175922199054, 0.06187956703744833253 ) ) ;
#2705 = CARTESIAN_POINT ( 'NONE',  ( -3.311305838722848449, 5.044148021984972807, 0.1000000000000000194 ) ) ;
#2706 = CARTESIAN_POINT ( 'NONE',  ( -2.438745312610935301, 3.595031352298393212, -1.761828530288944705E-16 ) ) ;
#2707 = CARTESIAN_POINT ( 'NONE',  ( -4.213609584898651228, 5.359637629089853306, 17.92364373177001724 ) ) ;
#2708 = ORIENTED_EDGE ( 'NONE', *, *, #1574, .F. ) ;
#2709 =( BOUNDED_CURVE ( )  B_SPLINE_CURVE ( 3, ( #2917, #968, #2851, #1850 ),
 .UNSPECIFIED., .F., .T. ) 
 B_SPLINE_CURVE_WITH_KNOTS ( ( 4, 4 ),
 ( 3.141592653589793116, 5.682545106051554384 ),
 .UNSPECIFIED. ) 
 CURVE ( )  GEOMETRIC_REPRESENTATION_ITEM ( )  RATIONAL_B_SPLINE_CURVE ( ( 1.000000000000000000, 0.5305506635099769275, 0.5305506635099769275, 1.000000000000000000 ) ) 
 REPRESENTATION_ITEM ( '' )  );
#2710 = CARTESIAN_POINT ( 'NONE',  ( 6.769786965926059885, 5.000000000000000000, 19.81801391644615151 ) ) ;
#2711 = LINE ( 'NONE', #455, #611 ) ;
#2712 = EDGE_CURVE ( 'NONE', #2797, #3908, #656, .T. ) ;
#2713 = ORIENTED_EDGE ( 'NONE', *, *, #770, .T. ) ;
#2714 = CARTESIAN_POINT ( 'NONE',  ( 4.245315091801701968, 4.454759417628435969, 17.93312623052256427 ) ) ;
#2715 = CARTESIAN_POINT ( 'NONE',  ( 4.250751276440007942, 4.361132486337929492, 17.80494839112938621 ) ) ;
#2716 = ORIENTED_EDGE ( 'NONE', *, *, #718, .T. ) ;
#2717 = DIRECTION ( 'NONE',  ( 1.000000000000000000, -0.000000000000000000, 2.168404344971008868E-16 ) ) ;
#2718 = DIRECTION ( 'NONE',  ( 0.9244903396001711293, 0.000000000000000000, 0.3812054721353828612 ) ) ;
#2719 = CARTESIAN_POINT ( 'NONE',  ( 3.532334077613638268, 10.00000000000000000, 15.99600156093995729 ) ) ;
#2720 = LINE ( 'NONE', #3119, #3420 ) ;
#2721 = CARTESIAN_POINT ( 'NONE',  ( 13.50000000000000000, 10.00000000000000000, -1.639313684798082704E-15 ) ) ;
#2722 = CARTESIAN_POINT ( 'NONE',  ( -2.572582215579676479, 6.209699671726673031, 0.07693313645230438758 ) ) ;
#2723 =( BOUNDED_CURVE ( )  B_SPLINE_CURVE ( 3, ( #607, #1608, #270, #672 ),
 .UNSPECIFIED., .F., .T. ) 
 B_SPLINE_CURVE_WITH_KNOTS ( ( 4, 4 ),
 ( 4.712388980384689674, 6.283185307179586232 ),
 .UNSPECIFIED. ) 
 CURVE ( )  GEOMETRIC_REPRESENTATION_ITEM ( )  RATIONAL_B_SPLINE_CURVE ( ( 1.000000000000000000, 0.8047378541243649375, 0.8047378541243649375, 1.000000000000000000 ) ) 
 REPRESENTATION_ITEM ( '' )  );
#2724 = CARTESIAN_POINT ( 'NONE',  ( -6.769786965925978173, 5.000000000000000000, 19.81801391644609112 ) ) ;
#2725 = CARTESIAN_POINT ( 'NONE',  ( 7.052828328893403054, 1.869098836895232818, 16.68698554139411883 ) ) ;
#2726 = VERTEX_POINT ( 'NONE', #2632 ) ;
#2727 = B_SPLINE_CURVE_WITH_KNOTS ( 'NONE', 3,
 ( #3677, #1978, #3267, #1160, #572, #2134, #512 ),
 .UNSPECIFIED., .F., .F.,
 ( 4, 3, 4 ),
 ( 0.000000000000000000, 0.0001600892636061018769, 0.0003212352734396470202 ),
 .UNSPECIFIED. ) ;
#2728 = CARTESIAN_POINT ( 'NONE',  ( 4.233322722910395797, 5.551482624836467927, 17.86165481318855797 ) ) ;
#2729 = EDGE_CURVE ( 'NONE', #2474, #2460, #1952, .T. ) ;
#2730 = LINE ( 'NONE', #3347, #2250 ) ;
#2731 = CARTESIAN_POINT ( 'NONE',  ( -8.254257851558886472, 3.036869532890977386, 20.80668367967573928 ) ) ;
#2732 = ORIENTED_EDGE ( 'NONE', *, *, #1150, .T. ) ;
#2733 = DIRECTION ( 'NONE',  ( 0.000000000000000000, 0.000000000000000000, 1.000000000000000000 ) ) ;
#2734 = CARTESIAN_POINT ( 'NONE',  ( 4.243272820117460320, 5.493832329836759065, 17.93288842202619549 ) ) ;
#2735 = EDGE_LOOP ( 'NONE', ( #3442, #392, #1000, #146, #1585, #1951 ) ) ;
#2736 = EDGE_CURVE ( 'NONE', #3471, #2474, #409, .T. ) ;
#2737 = EDGE_CURVE ( 'NONE', #85, #2577, #3594, .T. ) ;
#2738 = CARTESIAN_POINT ( 'NONE',  ( 4.233322722913143821, 4.448517375140847996, 17.86165481317160086 ) ) ;
#2739 = CARTESIAN_POINT ( 'NONE',  ( 7.651552176556201346, 8.000000000000000000, 15.59736574444821677 ) ) ;
#2740 = DIRECTION ( 'NONE',  ( 0.04521701246061460289, 0.000000000000000000, 0.9989771878196902488 ) ) ;
#2741 = DIRECTION ( 'NONE',  ( -0.000000000000000000, 1.000000000000000000, -0.000000000000000000 ) ) ;
#2742 = DIRECTION ( 'NONE',  ( 0.000000000000000000, 0.000000000000000000, 1.000000000000000000 ) ) ;
#2743 = CARTESIAN_POINT ( 'NONE',  ( -3.238417611034383636, 4.761348851819918515, 8.527460876536765500E-15 ) ) ;
#2744 = CARTESIAN_POINT ( 'NONE',  ( 5.822391197798715723, -5.975179770825581432E-16, 15.20871797293365191 ) ) ;
#2745 = ORIENTED_EDGE ( 'NONE', *, *, #2380, .F. ) ;
#2746 = VECTOR ( 'NONE', #1942, 1000.000000000000000 ) ;
#2747 = CIRCLE ( 'NONE', #1080, 0.09000000000000039913 ) ;
#2748 =( BOUNDED_SURFACE ( )  B_SPLINE_SURFACE ( 3, 2, ( 
 ( #1462, #1789, #1482 ),
 ( #143, #1428, #3007 ),
 ( #2771, #1756, #3046 ),
 ( #2706, #3994, #3977 ),
 ( #4012, #4054, #182 ),
 ( #2123, #781, #1733 ),
 ( #824, #2089, #1773 ),
 ( #3062, #1715, #3343 ),
 ( #120, #2743, #2687 ),
 ( #1098, #2373, #3653 ) ),
 .UNSPECIFIED., .F., .F., .T. ) 
 B_SPLINE_SURFACE_WITH_KNOTS ( ( 4, 2, 2, 2, 4 ),
 ( 3, 3 ),
 ( 1.570796326794896558, 1.956596404447094262, 2.342396482099291966, 2.728196559751489225, 3.113996637403686929 ),
 ( 0.000000000000000000, 1.000000000000000000 ),
 .UNSPECIFIED. ) 
 GEOMETRIC_REPRESENTATION_ITEM ( )  RATIONAL_B_SPLINE_SURFACE ( (
 ( 1.000000000000000000, 0.7071067811865473507, 1.000000000000000000),
 ( 1.000000000000000000, 0.7244491532993547755, 1.000000000000000000),
 ( 1.000000000000000000, 0.7411069874330988849, 1.000000000000000000),
 ( 1.000000000000000000, 0.7711415504260239473, 1.000000000000000000),
 ( 1.000000000000000000, 0.7845101999195868148, 1.000000000000000000),
 ( 1.000000000000000000, 0.8065951638118943334, 1.000000000000000000),
 ( 1.000000000000000000, 0.8153133368900079558, 1.000000000000000000),
 ( 1.000000000000000000, 0.8273025145508127176, 1.000000000000000000),
 ( 1.000000000000000000, 0.8305823365113391699, 1.000000000000000000),
 ( 1.000000000000000000, 0.8309814467598687360, 1.000000000000000000) ) ) 
 REPRESENTATION_ITEM ( '' )  SURFACE ( )  );
#2749 = DIRECTION ( 'NONE',  ( 0.9220243030070226498, 0.000000000000000000, -0.3871319990189575622 ) ) ;
#2750 = DIRECTION ( 'NONE',  ( -0.1675954939338687999, 0.000000000000000000, 0.9858558466698174039 ) ) ;
#2751 = CARTESIAN_POINT ( 'NONE',  ( -10.39992929145419431, 3.992762047884311549, 22.49716943663173652 ) ) ;
#2752 = VECTOR ( 'NONE', #3243, 1000.000000000000114 ) ;
#2753 = VECTOR ( 'NONE', #1968, 999.9999999999998863 ) ;
#2754 = VERTEX_POINT ( 'NONE', #1808 ) ;
#2755 = UNCERTAINTY_MEASURE_WITH_UNIT (LENGTH_MEASURE( 1.000000000000000082E-05 ), #1832, 'distance_accuracy_value', 'NONE');
#2756 = CIRCLE ( 'NONE', #3301, 3.000000000000000000 ) ;
#2757 = CARTESIAN_POINT ( 'NONE',  ( -4.216395105889281680, 5.399725974554121954, 17.91948620500559031 ) ) ;
#2758 = AXIS2_PLACEMENT_3D ( 'NONE', #4011, #2088, #3380 ) ;
#2759 = CARTESIAN_POINT ( 'NONE',  ( 4.248256280007865371, 4.532269928004232895, 17.95670050643401794 ) ) ;
#2760 = DIRECTION ( 'NONE',  ( -1.000000000000000000, 0.000000000000000000, -1.214306433183765213E-16 ) ) ;
#2761 = CARTESIAN_POINT ( 'NONE',  ( 10.43412254651681437, 5.955415643598967357, 22.34143884418191206 ) ) ;
#2762 =( BOUNDED_CURVE ( )  B_SPLINE_CURVE ( 3, ( #1571, #3246, #998, #2580 ),
 .UNSPECIFIED., .F., .T. ) 
 B_SPLINE_CURVE_WITH_KNOTS ( ( 4, 4 ),
 ( 3.169188669775899303, 4.712388980384689674 ),
 .UNSPECIFIED. ) 
 CURVE ( )  GEOMETRIC_REPRESENTATION_ITEM ( )  RATIONAL_B_SPLINE_CURVE ( ( 1.000000000000000000, 0.8111972176585219296, 0.8111972176585219296, 1.000000000000000000 ) ) 
 REPRESENTATION_ITEM ( '' )  );
#2763 = EDGE_CURVE ( 'NONE', #1418, #189, #1935, .T. ) ;
#2764 = EDGE_CURVE ( 'NONE', #1363, #3699, #3037, .T. ) ;
#2765 = CARTESIAN_POINT ( 'NONE',  ( -4.245496171131875940, 4.464299617980695523, 17.93696320155559931 ) ) ;
#2766 = CYLINDRICAL_SURFACE ( 'NONE', #1413, 1.500000000000000222 ) ;
#2767 = ADVANCED_FACE ( 'NONE', ( #817 ), #3667, .F. ) ;
#2768 = ADVANCED_FACE ( 'NONE', ( #1768 ), #3720, .F. ) ;
#2769 = CARTESIAN_POINT ( 'NONE',  ( -4.147335047194523838, 5.223512551717488961, 17.88699327595418964 ) ) ;
#2770 = CYLINDRICAL_SURFACE ( 'NONE', #3562, 3.000000000000002665 ) ;
#2771 = CARTESIAN_POINT ( 'NONE',  ( -2.026331731173992345, 3.440176136982272759, -1.761828530288944705E-16 ) ) ;
#2772 = CARTESIAN_POINT ( 'NONE',  ( 6.472338150177027849, 0.4006663386678357974, 16.09461480723086879 ) ) ;
#2773 = ORIENTED_EDGE ( 'NONE', *, *, #1082, .F. ) ;
#2774 = DIRECTION ( 'NONE',  ( -0.000000000000000000, -1.000000000000000000, 0.000000000000000000 ) ) ;
#2775 = CARTESIAN_POINT ( 'NONE',  ( -9.754202630890977943, 3.289256027535361504, 21.86273454461337451 ) ) ;
#2776 = CARTESIAN_POINT ( 'NONE',  ( 10.50000000000000178, 2.000000000000000000, 24.83379699913084693 ) ) ;
#2777 = ORIENTED_EDGE ( 'NONE', *, *, #4153, .T. ) ;
#2778 = CARTESIAN_POINT ( 'NONE',  ( -10.50000000000000533, 3.000000000000000000, 54.00000000000000000 ) ) ;
#2779 = CARTESIAN_POINT ( 'NONE',  ( 4.251744682215603532, 4.622357169257172771, 17.96765097039793702 ) ) ;
#2780 = CARTESIAN_POINT ( 'NONE',  ( -6.727458061317023841, 5.000000000000000000, 19.73172528035034645 ) ) ;
#2781 = CARTESIAN_POINT ( 'NONE',  ( 9.297925656146901474, 7.045342618053941131, 21.54148825577009774 ) ) ;
#2782 = ORIENTED_EDGE ( 'NONE', *, *, #4056, .F. ) ;
#2783 = CARTESIAN_POINT ( 'NONE',  ( -3.312230855821713060, 4.985283947154290018, -1.521098437045301390E-13 ) ) ;
#2784 = EDGE_CURVE ( 'NONE', #1565, #1261, #4013, .T. ) ;
#2785 = CARTESIAN_POINT ( 'NONE',  ( 2.694108798096280566, 5.000000000000000000, -2.598802037448211255 ) ) ;
#2786 = DIRECTION ( 'NONE',  ( 0.9858558466698174039, -0.000000000000000000, 0.1675954939338687999 ) ) ;
#2787 = DIRECTION ( 'NONE',  ( 0.9220243030070157664, 0.000000000000000000, -0.3871319990189738824 ) ) ;
#2788 = EDGE_CURVE ( 'NONE', #2325, #166, #758, .T. ) ;
#2789 = CARTESIAN_POINT ( 'NONE',  ( 3.192988488580396744, 4.099365644440252865, 0.06249672342943397157 ) ) ;
#2790 = CARTESIAN_POINT ( 'NONE',  ( -3.311305838722848449, 5.044148021984972807, -1.761828530288944705E-16 ) ) ;
#2791 = DIRECTION ( 'NONE',  ( -1.188040111387056993E-16, -1.000000000000000000, 8.364513177393906867E-17 ) ) ;
#2792 = CARTESIAN_POINT ( 'NONE',  ( 7.784557991600415505, 1.827776871518044244, 16.37975289412382551 ) ) ;
#2793 = VERTEX_POINT ( 'NONE', #159 ) ;
#2794 = CYLINDRICAL_SURFACE ( 'NONE', #4092, 2.000000000000000000 ) ;
#2795 = CARTESIAN_POINT ( 'NONE',  ( -10.25633527274736956, 3.770906554238259378, 22.39119268051989309 ) ) ;
#2796 = LINE ( 'NONE', #3334, #2359 ) ;
#2797 = VERTEX_POINT ( 'NONE', #4067 ) ;
#2798 = CARTESIAN_POINT ( 'NONE',  ( -9.754202630890739911, 6.710743972464666030, 21.86273454461300858 ) ) ;
#2799 = CARTESIAN_POINT ( 'NONE',  ( 8.960712705163842884, 7.000000000000000000, 21.43498379316886115 ) ) ;
#2800 = ORIENTED_EDGE ( 'NONE', *, *, #2868, .F. ) ;
#2801 = CARTESIAN_POINT ( 'NONE',  ( -4.233162269217106477, 4.501672795369919378, 17.91244353843897130 ) ) ;
#2802 = CARTESIAN_POINT ( 'NONE',  ( 7.584236261428667802, 8.518565116121752823, 15.58306291342040240 ) ) ;
#2803 = CARTESIAN_POINT ( 'NONE',  ( 4.195964839717833073, 4.605086266702384634, 17.90767186105554742 ) ) ;
#2804 = EDGE_CURVE ( 'NONE', #1261, #1429, #999, .T. ) ;
#2805 = CARTESIAN_POINT ( 'NONE',  ( -5.783060948166422577, 9.999920786244993920, 15.27997110393339320 ) ) ;
#2806 = CARTESIAN_POINT ( 'NONE',  ( 6.727458061324520955, 4.725061087810908944, 19.73172528035562223 ) ) ;
#2807 = CARTESIAN_POINT ( 'NONE',  ( 4.509840063757879491, 3.889897612606817656, 17.64674850316930943 ) ) ;
#2808 = CARTESIAN_POINT ( 'NONE',  ( 1.791993837874524376, 3.500000000000000000, 0.09509687320324314297 ) ) ;
#2809 = CARTESIAN_POINT ( 'NONE',  ( 5.546834667730397683, 0.000000000000000000, 15.15016958239733391 ) ) ;
#2810 = ADVANCED_FACE ( 'NONE', ( #2143 ), #1423, .T. ) ;
#2811 = ORIENTED_EDGE ( 'NONE', *, *, #171, .F. ) ;
#2812 = CARTESIAN_POINT ( 'NONE',  ( -4.276340974865496136, 5.655456064848170428, 17.84639923798104633 ) ) ;
#2813 = DIRECTION ( 'NONE',  ( 0.000000000000000000, -5.510717347367227829E-16, 1.000000000000000000 ) ) ;
#2814 = CARTESIAN_POINT ( 'NONE',  ( -6.769786965925819189, 4.738153416962830988, 19.81801391644958699 ) ) ;
#2815 = ORIENTED_EDGE ( 'NONE', *, *, #1195, .T. ) ;
#2816 = CARTESIAN_POINT ( 'NONE',  ( 8.824525535188355363, 5.000000000000000000, 18.65391760043796410 ) ) ;
#2817 = EDGE_CURVE ( 'NONE', #3929, #1910, #3894, .T. ) ;
#2818 = ORIENTED_EDGE ( 'NONE', *, *, #2165, .T. ) ;
#2819 = CIRCLE ( 'NONE', #3359, 0.08999999999999999667 ) ;
#2820 = AXIS2_PLACEMENT_3D ( 'NONE', #767, #1368, #3981 ) ;
#2821 = CARTESIAN_POINT ( 'NONE',  ( -4.198227193280057890, 5.160536344019998722, 17.93726951551496995 ) ) ;
#2822 = CARTESIAN_POINT ( 'NONE',  ( 8.209951411076266581, 8.000000000000000000, 11.66087180693079262 ) ) ;
#2823 = CARTESIAN_POINT ( 'NONE',  ( 4.244271764948903680, 5.512487755327493133, 17.92441726033573701 ) ) ;
#2824 = AXIS2_PLACEMENT_3D ( 'NONE', #3134, #1526, #3483 ) ;
#2825 = CIRCLE ( 'NONE', #3361, 0.08000000000000020983 ) ;
#2826 = VECTOR ( 'NONE', #51, 1000.000000000000000 ) ;
#2827 = CARTESIAN_POINT ( 'NONE',  ( -4.252801732089087849, 4.652512774510785931, 17.97022606651965759 ) ) ;
#2828 = CARTESIAN_POINT ( 'NONE',  ( -4.245295953916054188, 4.464861309679356793, 17.93090681329553249 ) ) ;
#2829 = CARTESIAN_POINT ( 'NONE',  ( -4.345311275553440211, 8.000000000000000000, 17.93225259725469911 ) ) ;
#2830 = CARTESIAN_POINT ( 'NONE',  ( -3.311305838722848449, 4.955851978015027193, 0.000000000000000000 ) ) ;
#2831 = CARTESIAN_POINT ( 'NONE',  ( 6.769786965926060773, 5.000000000000000000, 19.81801391644615151 ) ) ;
#2832 = CARTESIAN_POINT ( 'NONE',  ( 6.810268950886817940, 5.634020894479095709, 16.78882938279971526 ) ) ;
#2833 = FACE_OUTER_BOUND ( 'NONE', #294, .T. ) ;
#2834 = DIRECTION ( 'NONE',  ( -0.5211084629975076821, 0.8249685319335051670, -0.2187987456816251064 ) ) ;
#2835 = EDGE_LOOP ( 'NONE', ( #48, #2438, #2564, #2112 ) ) ;
#2836 = CARTESIAN_POINT ( 'NONE',  ( 9.127840452918482228, 5.000000000000000000, 56.18393615131448371 ) ) ;
#2837 = CARTESIAN_POINT ( 'NONE',  ( -4.345311275553440211, 10.00000000000000000, 17.93225259725469911 ) ) ;
#2838 = ORIENTED_EDGE ( 'NONE', *, *, #271, .T. ) ;
#2839 = ORIENTED_EDGE ( 'NONE', *, *, #3223, .F. ) ;
#2840 = CARTESIAN_POINT ( 'NONE',  ( -4.207632010804800871, 5.319914480367312848, 17.92569405927565640 ) ) ;
#2841 = ADVANCED_FACE ( 'NONE', ( #2205 ), #2523, .F. ) ;
#2842 = CARTESIAN_POINT ( 'NONE',  ( -4.233432341285168654, 4.499723336826324527, 17.91060760568116450 ) ) ;
#2843 = CARTESIAN_POINT ( 'NONE',  ( 10.64444668661674953, 5.261846583037171676, 22.67763071618066917 ) ) ;
#2844 = ORIENTED_EDGE ( 'NONE', *, *, #3848, .F. ) ;
#2845 = EDGE_CURVE ( 'NONE', #687, #1814, #2274, .T. ) ;
#2846 = CARTESIAN_POINT ( 'NONE',  ( -6.862751441324393298, 0.9927620761658656479, 16.49301846051710640 ) ) ;
#2847 =( BOUNDED_SURFACE ( )  B_SPLINE_SURFACE ( 3, 2, ( 
 ( #1043, #2653, #755 ),
 ( #90, #2248, #2912 ),
 ( #1026, #1357, #688 ),
 ( #2001, #1005, #3537 ),
 ( #443, #3292, #3251 ),
 ( #1960, #2296, #1376 ),
 ( #2998, #375, #1643 ),
 ( #3580, #2936, #3943 ) ),
 .UNSPECIFIED., .F., .F., .T. ) 
 B_SPLINE_SURFACE_WITH_KNOTS ( ( 4, 2, 2, 4 ),
 ( 3, 3 ),
 ( 0.000000000000000000, 0.0001862014021385080553, 0.0002793021032077620965, 0.0003724028042770161106 ),
 ( 0.000000000000000000, 1.000000000000000000 ),
 .UNSPECIFIED. ) 
 GEOMETRIC_REPRESENTATION_ITEM ( )  RATIONAL_B_SPLINE_SURFACE ( (
 ( 1.000000000000000000, 0.9105442730554751396, 1.000000000000000000),
 ( 1.000000000000000000, 0.9153144419084021655, 1.000000000000000000),
 ( 1.000000000000000000, 0.9230185349587264332, 1.000000000000000000),
 ( 1.000000000000000000, 0.9411427409577036718, 1.000000000000000000),
 ( 1.000000000000000000, 0.9483453007077610186, 1.000000000000000000),
 ( 1.000000000000000000, 0.9647437704565288152, 1.000000000000000000),
 ( 1.000000000000000000, 0.9763388939773027797, 1.000000000000000000),
 ( 1.000000000000000000, 0.9729126845893095732, 1.000000000000000000) ) ) 
 REPRESENTATION_ITEM ( '' )  SURFACE ( )  );
#2848 = DIRECTION ( 'NONE',  ( 0.000000000000000000, 1.000000000000000000, 0.000000000000000000 ) ) ;
#2849 = CARTESIAN_POINT ( 'NONE',  ( -11.65137628346032095, 8.000000000000000000, 23.19845830213713000 ) ) ;
#2850 = CARTESIAN_POINT ( 'NONE',  ( -3.311305838722848449, 5.044148021984972807, 0.000000000000000000 ) ) ;
#2851 = CARTESIAN_POINT ( 'NONE',  ( -5.282234515307307809, 2.666901017465772128, 17.32205298877833499 ) ) ;
#2852 = ORIENTED_EDGE ( 'NONE', *, *, #2729, .T. ) ;
#2853 = CARTESIAN_POINT ( 'NONE',  ( -7.784557992042362429, 8.000000000000000000, 16.37975289436683113 ) ) ;
#2854 = CARTESIAN_POINT ( 'NONE',  ( -7.052828328905349053, 8.000000000000000000, 16.68698554138910239 ) ) ;
#2855 = PRODUCT_CONTEXT ( 'NONE', #237, 'mechanical' ) ;
#2856 = CARTESIAN_POINT ( 'NONE',  ( 13.50000000000000355, 7.000000000000000000, 25.53785682819067659 ) ) ;
#2857 = ORIENTED_EDGE ( 'NONE', *, *, #1432, .F. ) ;
#2858 = CARTESIAN_POINT ( 'NONE',  ( 2.628523418090161989, 6.290346316508215629, -1.761828530288944705E-16 ) ) ;
#2859 = EDGE_LOOP ( 'NONE', ( #3405, #2696, #3655, #3733, #603 ) ) ;
#2860 = ADVANCED_FACE ( 'NONE', ( #1532 ), #725, .T. ) ;
#2861 = CARTESIAN_POINT ( 'NONE',  ( -11.78229956758086594, 2.000000000017915447, 23.29063612717499865 ) ) ;
#2862 = CARTESIAN_POINT ( 'NONE',  ( 4.273649814472227249, 5.784328908519743351, 17.86016526892143119 ) ) ;
#2863 = ORIENTED_EDGE ( 'NONE', *, *, #550, .F. ) ;
#2864 = CARTESIAN_POINT ( 'NONE',  ( -6.626455204255614358E-15, 4.121320343559642829, 7.869771604261161180 ) ) ;
#2865 = EDGE_LOOP ( 'NONE', ( #340, #3676, #3384, #1325 ) ) ;
#2866 = CARTESIAN_POINT ( 'NONE',  ( 6.472338150177010974, 9.599333661332213552, 16.09461480723082616 ) ) ;
#2867 = CARTESIAN_POINT ( 'NONE',  ( -3.528217209919987888E-15, 3.400000000000002132, 0.000000000000000000 ) ) ;
#2868 = EDGE_CURVE ( 'NONE', #2926, #2551, #1551, .T. ) ;
#2869 = EDGE_CURVE ( 'NONE', #2533, #651, #1892, .T. ) ;
#2870 = CARTESIAN_POINT ( 'NONE',  ( 6.212615078465296925, 3.661452748830217985, 17.03976738692643877 ) ) ;
#2871 = CARTESIAN_POINT ( 'NONE',  ( -4.306598075651547397, 4.095726818497373856, 17.84005016695400059 ) ) ;
#2872 = CARTESIAN_POINT ( 'NONE',  ( 13.50000000000000355, 3.000000000000000000, 25.53785682819067659 ) ) ;
#2873 = EDGE_LOOP ( 'NONE', ( #1697, #1675, #65, #2555 ) ) ;
#2874 = LINE ( 'NONE', #972, #2609 ) ;
#2875 = CARTESIAN_POINT ( 'NONE',  ( -4.157526194698494493, 4.835671493120430320, 17.92882014069317975 ) ) ;
#2876 = ORIENTED_EDGE ( 'NONE', *, *, #3582, .T. ) ;
#2877 = DIRECTION ( 'NONE',  ( 0.9948489455978173357, -0.1013685130743813417, 0.000000000000000000 ) ) ;
#2878 = B_SPLINE_CURVE_WITH_KNOTS ( 'NONE', 3,
 ( #3877, #1006, #2272, #3559, #1644, #2701, #3664, #776, #1749, #2426 ),
 .UNSPECIFIED., .F., .F.,
 ( 4, 2, 2, 2, 4 ),
 ( 0.000000000000000000, 4.257900180286857094E-05, 8.515800360573714189E-05, 0.0001703160072114746632, 0.0003406320144229463991 ),
 .UNSPECIFIED. ) ;
#2879 = ORIENTED_EDGE ( 'NONE', *, *, #841, .F. ) ;
#2880 = CARTESIAN_POINT ( 'NONE',  ( -13.12135918841421045, 1.489143115262651973, 25.44899489983082930 ) ) ;
#2881 = DIRECTION ( 'NONE',  ( -0.5756881417301591419, 0.000000000000000000, -0.8176693484968579062 ) ) ;
#2882 = SPHERICAL_SURFACE ( 'NONE', #1940, 2.000000000000000000 ) ;
#2883 = CIRCLE ( 'NONE', #1267, 1.499999999999999112 ) ;
#2884 = ORIENTED_EDGE ( 'NONE', *, *, #1047, .F. ) ;
#2885 = CARTESIAN_POINT ( 'NONE',  ( -4.250647009594536563, 4.432498592961543693, 17.88705876412754492 ) ) ;
#2886 = VECTOR ( 'NONE', #2550, 1000.000000000000000 ) ;
#2887 = CARTESIAN_POINT ( 'NONE',  ( -7.373159535546858656, 0.7824067436829832412, 16.15369783600418074 ) ) ;
#2888 =( BOUNDED_SURFACE ( )  B_SPLINE_SURFACE ( 3, 2, ( 
 ( #1089, #2714, #3986 ),
 ( #4001, #3013, #2382 ),
 ( #1123, #2994, #107 ),
 ( #2671, #2060, #3940 ) ),
 .UNSPECIFIED., .F., .F., .F. ) 
 B_SPLINE_SURFACE_WITH_KNOTS ( ( 4, 4 ),
 ( 3, 3 ),
 ( -3.644731913180003876E-06, 2.038031888576205281E-05 ),
 ( 0.000000000000000000, 1.000000000000000000 ),
 .UNSPECIFIED. ) 
 GEOMETRIC_REPRESENTATION_ITEM ( )  RATIONAL_B_SPLINE_SURFACE ( (
 ( 1.000000000000000000, 1.000000000000000000, 1.000000000000000000),
 ( 1.000000000000000000, 0.9991953068848739017, 1.000000000000000000),
 ( 1.000000000000000000, 0.9960884864872159294, 1.000000000000000000),
 ( 1.000000000000000000, 0.9729126845497795273, 1.000000000000000000) ) ) 
 REPRESENTATION_ITEM ( '' )  SURFACE ( )  );
#2889 = ORIENTED_EDGE ( 'NONE', *, *, #1104, .F. ) ;
#2890 = CARTESIAN_POINT ( 'NONE',  ( -4.244271764962069149, 4.487512244446821619, 17.92441726022962811 ) ) ;
#2891 = EDGE_CURVE ( 'NONE', #549, #3849, #2144, .T. ) ;
#2892 = LINE ( 'NONE', #2867, #3903 ) ;
#2893 = CIRCLE ( 'NONE', #2016, 1.999999999999999112 ) ;
#2894 = VECTOR ( 'NONE', #3324, 1000.000000000000000 ) ;
#2895 = EDGE_CURVE ( 'NONE', #1591, #2354, #1704, .T. ) ;
#2896 = AXIS2_PLACEMENT_3D ( 'NONE', #1985, #400, #3295 ) ;
#2897 = DIRECTION ( 'NONE',  ( 0.000000000000000000, 0.000000000000000000, 1.000000000000000000 ) ) ;
#2898 = DIRECTION ( 'NONE',  ( -0.000000000000000000, -1.000000000000000000, -0.000000000000000000 ) ) ;
#2899 = CARTESIAN_POINT ( 'NONE',  ( -7.651552176556194240, 10.00000000000000000, 15.59736574444821500 ) ) ;
#2900 = ORIENTED_EDGE ( 'NONE', *, *, #3231, .F. ) ;
#2901 = EDGE_CURVE ( 'NONE', #1506, #3806, #2276, .T. ) ;
#2902 =( NAMED_UNIT ( * ) PLANE_ANGLE_UNIT ( ) SI_UNIT ( $, .RADIAN. ) );
#2903 = CARTESIAN_POINT ( 'NONE',  ( -6.779749639436433384, 2.184664232470858947E-16, 15.41213102908554511 ) ) ;
#2904 = CARTESIAN_POINT ( 'NONE',  ( 2.000324405320514476, 6.472764506518678296, 7.997874276256957509E-14 ) ) ;
#2905 = ORIENTED_EDGE ( 'NONE', *, *, #239, .F. ) ;
#2906 = CARTESIAN_POINT ( 'NONE',  ( -4.344152921490984198, 4.152243892341282994, 17.71639927782111101 ) ) ;
#2907 = CARTESIAN_POINT ( 'NONE',  ( 4.232257905492741834, 4.509323079268822809, 17.91383539852693119 ) ) ;
#2908 = EDGE_LOOP ( 'NONE', ( #1916, #1922, #2844 ) ) ;
#2909 = CARTESIAN_POINT ( 'NONE',  ( -7.651552176553985340, 1.869098836895237703, 15.59736574443522805 ) ) ;
#2910 = CARTESIAN_POINT ( 'NONE',  ( 10.61104384307250115, 4.512908521703729470, 22.46600202199261176 ) ) ;
#2911 = ORIENTED_EDGE ( 'NONE', *, *, #2346, .T. ) ;
#2912 = CARTESIAN_POINT ( 'NONE',  ( -4.256755542185459262, 4.771974585533180324, 17.97878391933148734 ) ) ;
#2913 = DIRECTION ( 'NONE',  ( -1.000000000000000000, 5.345783651393923134E-16, 0.000000000000000000 ) ) ;
#2914 = EDGE_CURVE ( 'NONE', #2318, #2232, #2271, .T. ) ;
#2915 = CARTESIAN_POINT ( 'NONE',  ( 3.311305838722849337, 8.000000000000000000, 2.000000000000000000 ) ) ;
#2916 = CARTESIAN_POINT ( 'NONE',  ( -5.333773573834529991, 6.622458288364303947, 17.40876814688357754 ) ) ;
#2917 = CARTESIAN_POINT ( 'NONE',  ( -6.867763861665288516, 5.000000000000000000, 16.65553568577801613 ) ) ;
#2918 = ORIENTED_EDGE ( 'NONE', *, *, #3643, .T. ) ;
#2919 = CARTESIAN_POINT ( 'NONE',  ( -4.244858296234108153, 5.537917199316798822, 17.90345662887986933 ) ) ;
#2920 = CARTESIAN_POINT ( 'NONE',  ( 1.622515602108648203, 6.500000000000001776, 0.09999999999999995004 ) ) ;
#2921 = CARTESIAN_POINT ( 'NONE',  ( -4.238919637118442552, 4.510545264427266332, 17.92429316989977650 ) ) ;
#2922 = CARTESIAN_POINT ( 'NONE',  ( -11.94623033640181653, 9.854743703035033775, 23.40605319624836511 ) ) ;
#2923 = CARTESIAN_POINT ( 'NONE',  ( 2.002558192977394125, 6.462334871579086482, 0.09019719031727617409 ) ) ;
#2924 =( BOUNDED_SURFACE ( )  B_SPLINE_SURFACE ( 3, 2, ( 
 ( #3078, #203, #1481 ),
 ( #1848, #3519, #2807 ),
 ( #3539, #286, #1894 ),
 ( #3141, #1295, #2526 ),
 ( #643, #3188, #665 ),
 ( #3812, #2870, #1251 ),
 ( #2568, #1938, #943 ),
 ( #262, #1580, #2490 ),
 ( #4117, #1540, #1560 ),
 ( #1871, #1270, #3792 ),
 ( #3769, #2832, #306 ),
 ( #3838, #2211, #1231 ),
 ( #4156, #3209, #3167 ),
 ( #598, #4135, #905 ),
 ( #621, #1913, #1211 ),
 ( #1601, #2167, #2508 ),
 ( #2228, #966, #3467 ),
 ( #357, #3237, #3495 ) ),
 .UNSPECIFIED., .F., .F., .T. ) 
 B_SPLINE_SURFACE_WITH_KNOTS ( ( 4, 2, 2, 2, 2, 2, 2, 2, 4 ),
 ( 3, 3 ),
 ( 0.6006402011280329578, 1.235878314243519238, 1.871116427359005296, 2.506354540474491799, 3.141592653589977857, 3.776830766705463915, 4.412068879820949974, 5.047306992936436032, 5.682545106051922978 ),
 ( 0.000000000000000000, 1.000000000000000000 ),
 .UNSPECIFIED. ) 
 GEOMETRIC_REPRESENTATION_ITEM ( )  RATIONAL_B_SPLINE_SURFACE ( (
 ( 1.000000000000000000, 0.7089765781523515997, 1.000000000000000000),
 ( 1.000000000000000000, 0.7087068773694832347, 1.000000000000000000),
 ( 1.000000000000000000, 0.7083057265380651168, 1.000000000000000000),
 ( 1.000000000000000000, 0.7073989741086800231, 1.000000000000000000),
 ( 1.000000000000000000, 0.7068945713184197066, 1.000000000000000000),
 ( 1.000000000000000000, 0.7059756054751816778, 1.000000000000000000),
 ( 1.000000000000000000, 0.7055635210146126157, 1.000000000000000000),
 ( 1.000000000000000000, 0.7049917486293367785, 1.000000000000000000),
 ( 1.000000000000000000, 0.7048336387066580500, 1.000000000000000000),
 ( 1.000000000000000000, 0.7048336387066580500, 1.000000000000000000),
 ( 1.000000000000000000, 0.7049917486296423119, 1.000000000000000000),
 ( 1.000000000000000000, 0.7055635210143164082, 1.000000000000000000),
 ( 1.000000000000000000, 0.7059756054750497833, 1.000000000000000000),
 ( 1.000000000000000000, 0.7068945713185513791, 1.000000000000000000),
 ( 1.000000000000000000, 0.7073989741086754712, 1.000000000000000000),
 ( 1.000000000000000000, 0.7083057265380612311, 1.000000000000000000),
 ( 1.000000000000000000, 0.7087068773694956692, 1.000000000000000000),
 ( 1.000000000000000000, 0.7089765781523550414, 1.000000000000000000) ) ) 
 REPRESENTATION_ITEM ( '' )  SURFACE ( )  );
#2925 = ADVANCED_FACE ( 'NONE', ( #2341 ), #1395, .T. ) ;
#2926 = VERTEX_POINT ( 'NONE', #1982 ) ;
#2927 = CARTESIAN_POINT ( 'NONE',  ( -12.15499524966788414, 2.126213605779118776, 23.55303618539651822 ) ) ;
#2928 = CARTESIAN_POINT ( 'NONE',  ( 4.211856413937767663, 4.633878475749229509, 17.92198056880035395 ) ) ;
#2929 = CARTESIAN_POINT ( 'NONE',  ( 1.581281480365392511, 6.500000000000000888, 0.09999999999999896472 ) ) ;
#2930 = ORIENTED_EDGE ( 'NONE', *, *, #1775, .T. ) ;
#2931 = CARTESIAN_POINT ( 'NONE',  ( 4.239002148734359210, 4.716419377981615035, 17.94147017272515043 ) ) ;
#2932 = CARTESIAN_POINT ( 'NONE',  ( -6.097740050429902858, 0.05205465752308354593, 15.26722223757012564 ) ) ;
#2933 = CARTESIAN_POINT ( 'NONE',  ( 4.230359650489951662, 5.521486290172477496, 17.88424832764134109 ) ) ;
#2934 = CARTESIAN_POINT ( 'NONE',  ( 9.897696543085544363, 3.400666321015419324, 22.12650638280413773 ) ) ;
#2935 = EDGE_LOOP ( 'NONE', ( #1907, #2673, #668, #102 ) ) ;
#2936 = CARTESIAN_POINT ( 'NONE',  ( -4.244271764948900127, 4.487512244672507755, 17.92441726033572991 ) ) ;
#2937 = CARTESIAN_POINT ( 'NONE',  ( 11.65137628346032095, 8.000000000000000000, 23.19845830213713000 ) ) ;
#2938 = PRODUCT_DEFINITION_FORMATION_WITH_SPECIFIED_SOURCE ( 'ä»', '', #3791, .NOT_KNOWN. ) ;
#2939 = FACE_OUTER_BOUND ( 'NONE', #2735, .T. ) ;
#2940 = CARTESIAN_POINT ( 'NONE',  ( -12.65137628346032805, 10.00000000000000000, 23.90251813119696322 ) ) ;
#2941 = CARTESIAN_POINT ( 'NONE',  ( -4.382260436832305039, 4.151946178406767274, 17.80828167556079578 ) ) ;
#2942 = EDGE_LOOP ( 'NONE', ( #747, #1776, #89, #1138 ) ) ;
#2943 = CARTESIAN_POINT ( 'NONE',  ( 0.000000000000000000, 7.000000000000000000, 57.00000000000000000 ) ) ;
#2944 = CARTESIAN_POINT ( 'NONE',  ( -4.859558752065312071, 2.000000000000000000, -0.8261249878511023326 ) ) ;
#2945 = CARTESIAN_POINT ( 'NONE',  ( 4.132957863991657099, 5.000000000000000000, 17.89292158117931919 ) ) ;
#2946 = ORIENTED_EDGE ( 'NONE', *, *, #3073, .T. ) ;
#2947 = CARTESIAN_POINT ( 'NONE',  ( -4.195964839717810868, 5.394913733297549641, 17.90767186105554032 ) ) ;
#2948 = ADVANCED_FACE ( 'NONE', ( #2319 ), #2847, .T. ) ;
#2949 = ORIENTED_EDGE ( 'NONE', *, *, #2804, .F. ) ;
#2950 = DIRECTION ( 'NONE',  ( 0.9220243030070167656, 0.000000000000000000, 0.3871319990189716620 ) ) ;
#2951 = EDGE_CURVE ( 'NONE', #213, #1343, #2145, .T. ) ;
#2952 = ORIENTED_EDGE ( 'NONE', *, *, #2372, .F. ) ;
#2953 = DIRECTION ( 'NONE',  ( -1.000000000000000000, 0.000000000000000000, -0.000000000000000000 ) ) ;
#2954 = CARTESIAN_POINT ( 'NONE',  ( 8.254257851558628900, 3.036869532891139034, 20.80668367967631838 ) ) ;
#2955 = ORIENTED_EDGE ( 'NONE', *, *, #635, .T. ) ;
#2956 = DIRECTION ( 'NONE',  ( -0.000000000000000000, -1.000000000000000000, -0.000000000000000000 ) ) ;
#2957 = DIRECTION ( 'NONE',  ( 1.000000000000000000, -5.345783651393923134E-16, -0.000000000000000000 ) ) ;
#2958 = CARTESIAN_POINT ( 'NONE',  ( 10.50000000000000533, 0.000000000000000000, 57.00000000000000000 ) ) ;
#2959 = VECTOR ( 'NONE', #1556, 1000.000000000000114 ) ;
#2960 = CARTESIAN_POINT ( 'NONE',  ( -4.382260436832302375, 5.848053821593230950, 17.80828167556079222 ) ) ;
#2961 = CARTESIAN_POINT ( 'NONE',  ( 13.30232546822269235, 1.826713108895584359, 24.36082530294740067 ) ) ;
#2962 = ORIENTED_EDGE ( 'NONE', *, *, #3842, .T. ) ;
#2963 = AXIS2_PLACEMENT_3D ( 'NONE', #865, #214, #1140 ) ;
#2964 = CIRCLE ( 'NONE', #1021, 3.000000000000002665 ) ;
#2965 = CARTESIAN_POINT ( 'NONE',  ( -7.004661607693021708, 8.518565116121738612, 16.63783301986149965 ) ) ;
#2966 = DIRECTION ( 'NONE',  ( 0.000000000000000000, 0.000000000000000000, -1.000000000000000000 ) ) ;
#2967 = DIRECTION ( 'NONE',  ( 0.9220243030070157664, 0.000000000000000000, -0.3871319990189738824 ) ) ;
#2968 = DIRECTION ( 'NONE',  ( 0.9989771878196902488, 0.000000000000000000, -0.04521701246061604618 ) ) ;
#2969 = EDGE_LOOP ( 'NONE', ( #722, #2435 ) ) ;
#2970 = CARTESIAN_POINT ( 'NONE',  ( 4.245073550944860052, 4.397840081258804545, 17.90547943089530136 ) ) ;
#2971 = ADVANCED_FACE ( 'NONE', ( #2603 ), #3626, .T. ) ;
#2972 = CARTESIAN_POINT ( 'NONE',  ( 6.665696329886382721, 2.000000000000000000, 15.76496123838208163 ) ) ;
#2973 = CARTESIAN_POINT ( 'NONE',  ( 4.147334835241132112, 5.223510676602804992, 17.88699330407092347 ) ) ;
#2974 = VERTEX_POINT ( 'NONE', #398 ) ;
#2975 = ADVANCED_FACE ( 'NONE', ( #662 ), #1932, .F. ) ;
#2976 = DIRECTION ( 'NONE',  ( 0.000000000000000000, 0.000000000000000000, -1.000000000000000000 ) ) ;
#2977 = FACE_OUTER_BOUND ( 'NONE', #2581, .T. ) ;
#2978 = VERTEX_POINT ( 'NONE', #1618 ) ;
#2979 = DIRECTION ( 'NONE',  ( -1.000000000000000000, 0.000000000000000000, 1.214306433183764720E-16 ) ) ;
#2980 = EDGE_CURVE ( 'NONE', #954, #3064, #727, .T. ) ;
#2981 = CARTESIAN_POINT ( 'NONE',  ( -4.245219120413577407, 5.530834650975039679, 17.92214138005546076 ) ) ;
#2982 = CARTESIAN_POINT ( 'NONE',  ( -6.722053469410129069E-15, 6.500000000000000000, 3.934885802130595245 ) ) ;
#2983 = DIRECTION ( 'NONE',  ( -0.04521701246061764906, 0.000000000000000000, 0.9989771878196901378 ) ) ;
#2984 = ORIENTED_EDGE ( 'NONE', *, *, #2729, .F. ) ;
#2985 = DIRECTION ( 'NONE',  ( 0.000000000000000000, 0.000000000000000000, 1.000000000000000000 ) ) ;
#2986 = CARTESIAN_POINT ( 'NONE',  ( 4.287742461380431358, 8.000000000000000000, 18.01401953210438833 ) ) ;
#2987 = ORIENTED_EDGE ( 'NONE', *, *, #3120, .F. ) ;
#2988 = CARTESIAN_POINT ( 'NONE',  ( 10.80191321957146933, 0.8000000000000005995, 22.60038548258290803 ) ) ;
#2989 = ORIENTED_EDGE ( 'NONE', *, *, #1175, .T. ) ;
#2990 = DIRECTION ( 'NONE',  ( -0.000000000000000000, -1.000000000000000000, 0.000000000000000000 ) ) ;
#2991 = CARTESIAN_POINT ( 'NONE',  ( 5.131931701639721233, 5.000000000000000000, 56.00306810147201730 ) ) ;
#2992 = ORIENTED_EDGE ( 'NONE', *, *, #1424, .T. ) ;
#2993 = EDGE_CURVE ( 'NONE', #2797, #3908, #2819, .T. ) ;
#2994 = CARTESIAN_POINT ( 'NONE',  ( 4.245056403526267452, 4.474681743853572868, 17.92856967312774685 ) ) ;
#2995 = CARTESIAN_POINT ( 'NONE',  ( 4.250751276435395631, 5.638867513645636542, 17.80494839113863748 ) ) ;
#2996 = DIRECTION ( 'NONE',  ( -0.3812054721353829723, 0.000000000000000000, 0.9244903396001712403 ) ) ;
#2997 = ORIENTED_EDGE ( 'NONE', *, *, #2048, .F. ) ;
#2998 = CARTESIAN_POINT ( 'NONE',  ( -4.232309557143126177, 4.513515601308332847, 17.91773594734416264 ) ) ;
#2999 = ADVANCED_FACE ( 'NONE', ( #3423 ), #3647, .F. ) ;
#3000 = CARTESIAN_POINT ( 'NONE',  ( 12.45104311349578019, 7.614546732337499790, 23.76147159379671336 ) ) ;
#3001 = EDGE_CURVE ( 'NONE', #1196, #3536, #1094, .T. ) ;
#3002 = CARTESIAN_POINT ( 'NONE',  ( 4.244271764962074478, 5.512487755553160618, 17.92441726022961390 ) ) ;
#3003 = CARTESIAN_POINT ( 'NONE',  ( 6.727458061317108218, 5.000000000000000000, 19.73172528035040330 ) ) ;
#3004 = CARTESIAN_POINT ( 'NONE',  ( -7.372574772901430151E-15, 5.000000000000000000, 7.869771604261161180 ) ) ;
#3005 = LINE ( 'NONE', #2920, #1347 ) ;
#3006 = DIRECTION ( 'NONE',  ( 0.000000000000000000, -1.000000000000000000, 0.000000000000000000 ) ) ;
#3007 = CARTESIAN_POINT ( 'NONE',  ( -1.791993837874475970, 3.500000000000000000, 0.09509687320323990944 ) ) ;
#3008 = CARTESIAN_POINT ( 'NONE',  ( 3.255584723223929444, 5.454327464253770685, -1.897353801849632760E-16 ) ) ;
#3009 = ORIENTED_EDGE ( 'NONE', *, *, #3178, .T. ) ;
#3010 = CARTESIAN_POINT ( 'NONE',  ( 4.306598075651553614, 4.095726818497367638, 17.84005016695400059 ) ) ;
#3011 = CARTESIAN_POINT ( 'NONE',  ( -3.218892004352636782, 4.958611229389089381, 0.06189396702817491491 ) ) ;
#3012 = VERTEX_POINT ( 'NONE', #212 ) ;
#3013 = CARTESIAN_POINT ( 'NONE',  ( 4.245295953950086520, 4.464861314289580108, 17.93090681478262027 ) ) ;
#3014 = CARTESIAN_POINT ( 'NONE',  ( 4.252014315666626132, 4.350404577539285889, 17.89475191563382950 ) ) ;
#3015 = ORIENTED_EDGE ( 'NONE', *, *, #2478, .F. ) ;
#3016 = CARTESIAN_POINT ( 'NONE',  ( -10.50000000000000533, 7.000000000000000000, 54.00000000000000000 ) ) ;
#3017 = CARTESIAN_POINT ( 'NONE',  ( -4.228922408790908527, 4.527272914316188945, 17.91577774098423248 ) ) ;
#3018 = LINE ( 'NONE', #3650, #3031 ) ;
#3019 = AXIS2_PLACEMENT_3D ( 'NONE', #295, #1280, #3260 ) ;
#3020 = MECHANICAL_DESIGN_GEOMETRIC_PRESENTATION_REPRESENTATION (  '', ( #671 ), #1868 ) ;
#3021 = CARTESIAN_POINT ( 'NONE',  ( -7.651552176553967577, 8.130901163104773843, 15.59736574443511792 ) ) ;
#3022 = EDGE_CURVE ( 'NONE', #3349, #2199, #1809, .T. ) ;
#3023 = AXIS2_PLACEMENT_3D ( 'NONE', #76, #2983, #3567 ) ;
#3024 = FACE_OUTER_BOUND ( 'NONE', #2247, .T. ) ;
#3025 = CIRCLE ( 'NONE', #1740, 2.000000000000000444 ) ;
#3026 = CARTESIAN_POINT ( 'NONE',  ( -4.345311275553440211, 0.000000000000000000, 17.93225259725469911 ) ) ;
#3027 =( BOUNDED_SURFACE ( )  B_SPLINE_SURFACE ( 3, 2, ( 
 ( #1527, #4108, #2780 ),
 ( #1859, #1223, #2479 ),
 ( #553, #2159, #3761 ),
 ( #4064, #573, #1840 ),
 ( #3782, #2136, #3154 ),
 ( #896, #279, #1821 ),
 ( #4022, #1508, #1161 ),
 ( #1141, #2458, #2423 ),
 ( #514, #2098, #1785 ),
 ( #3428, #3071, #2441 ),
 ( #3717, #848, #3112 ),
 ( #234, #2798, #4082 ),
 ( #1201, #3179, #1554 ),
 ( #3893, #1307, #2535 ),
 ( #1260, #3199, #3870 ),
 ( #1020, #4146, #299 ),
 ( #318, #2222, #3509 ),
 ( #636, #2518, #979 ) ),
 .UNSPECIFIED., .F., .F., .T. ) 
 B_SPLINE_SURFACE_WITH_KNOTS ( ( 4, 2, 2, 2, 2, 2, 2, 2, 4 ),
 ( 3, 3 ),
 ( 3.141592653589793116, 3.534291735288517255, 3.926990816987241395, 4.319689898685965090, 4.712388980384689674, 5.105088062083414258, 5.497787143782137953, 5.890486225480861648, 6.283185307179586232 ),
 ( 0.000000000000000000, 1.000000000000000000 ),
 .UNSPECIFIED. ) 
 GEOMETRIC_REPRESENTATION_ITEM ( )  RATIONAL_B_SPLINE_SURFACE ( (
 ( 1.000000000000000000, 0.8769625863647478869, 1.000000000000000000),
 ( 1.000000000000000000, 0.8769717297687814606, 1.000000000000000000),
 ( 1.000000000000000000, 0.8729954450281689482, 1.000000000000000000),
 ( 1.000000000000000000, 0.8574173933141242543, 1.000000000000000000),
 ( 1.000000000000000000, 0.8458047651624208685, 1.000000000000000000),
 ( 1.000000000000000000, 0.8158288154689107285, 1.000000000000000000),
 ( 1.000000000000000000, 0.7974612361576063346, 1.000000000000000000),
 ( 1.000000000000000000, 0.7555565962863280971, 1.000000000000000000),
 ( 1.000000000000000000, 0.7320113033898560939, 1.000000000000000000),
 ( 1.000000000000000000, 0.6822022589832328343, 1.000000000000000000),
 ( 1.000000000000000000, 0.6559267700360786879, 1.000000000000000000),
 ( 1.000000000000000000, 0.6042857565288379806, 1.000000000000000000),
 ( 1.000000000000000000, 0.5789201899327464096, 1.000000000000000000),
 ( 1.000000000000000000, 0.5341718294970855263, 1.000000000000000000),
 ( 1.000000000000000000, 0.5148560185758715990, 1.000000000000000000),
 ( 1.000000000000000000, 0.4879756766253045552, 1.000000000000000000),
 ( 1.000000000000000000, 0.4804796562642703606, 1.000000000000000000),
 ( 1.000000000000000000, 0.4805586562704321496, 1.000000000000000000) ) ) 
 REPRESENTATION_ITEM ( '' )  SURFACE ( )  );
#3028 = CARTESIAN_POINT ( 'NONE',  ( -12.26592301579787048, 7.799666830035596909, 23.63113596945598971 ) ) ;
#3029 = CARTESIAN_POINT ( 'NONE',  ( 11.65137628346032095, 2.000000000000000000, 23.19845830213713000 ) ) ;
#3030 = ORIENTED_EDGE ( 'NONE', *, *, #3984, .F. ) ;
#3031 = VECTOR ( 'NONE', #3339, 1000.000000000000000 ) ;
#3032 = AXIS2_PLACEMENT_3D ( 'NONE', #3051, #2094, #3820 ) ;
#3033 = DIRECTION ( 'NONE',  ( 0.000000000000000000, 0.000000000000000000, -1.000000000000000000 ) ) ;
#3034 = DIRECTION ( 'NONE',  ( -0.9220243030070157664, 0.000000000000000000, 0.3871319990189738824 ) ) ;
#3035 = CIRCLE ( 'NONE', #1598, 0.1000000000000000056 ) ;
#3036 = EDGE_LOOP ( 'NONE', ( #250, #4122, #3728, #1700 ) ) ;
#3037 =( BOUNDED_CURVE ( )  B_SPLINE_CURVE ( 3, ( #3099, #2405, #1146, #3041 ),
 .UNSPECIFIED., .F., .T. ) 
 B_SPLINE_CURVE_WITH_KNOTS ( ( 4, 4 ),
 ( 3.169188669775899747, 4.712388980384688786 ),
 .UNSPECIFIED. ) 
 CURVE ( )  GEOMETRIC_REPRESENTATION_ITEM ( )  RATIONAL_B_SPLINE_CURVE ( ( 1.000000000000000000, 0.8111972176585222627, 0.8111972176585222627, 1.000000000000000000 ) ) 
 REPRESENTATION_ITEM ( '' )  );
#3038 = DIRECTION ( 'NONE',  ( 1.000000000000000000, -1.175494350822284355E-30, 2.168404344971008868E-15 ) ) ;
#3039 = CARTESIAN_POINT ( 'NONE',  ( 4.243226582170395389, 4.391004288997841343, 17.82240456720667154 ) ) ;
#3040 = ORIENTED_EDGE ( 'NONE', *, *, #1052, .T. ) ;
#3041 = CARTESIAN_POINT ( 'NONE',  ( -1.581281480365414938, 3.400000000000003020, 0.000000000000000000 ) ) ;
#3042 = CARTESIAN_POINT ( 'NONE',  ( 4.198227193280070324, 4.839463655979901802, 17.93726951551496640 ) ) ;
#3043 = CARTESIAN_POINT ( 'NONE',  ( -10.50000000000000533, 3.000000000000000000, 54.00000000000000000 ) ) ;
#3044 = CARTESIAN_POINT ( 'NONE',  ( -4.245295953950800616, 5.535138685710475848, 17.93090681478253856 ) ) ;
#3045 = CARTESIAN_POINT ( 'NONE',  ( -2.628523418089861785, 6.290346316508467872, -1.761828530288944705E-16 ) ) ;
#3046 = CARTESIAN_POINT ( 'NONE',  ( -2.002558192977260454, 3.537665128420884209, 0.09019719031729067638 ) ) ;
#3047 = DIRECTION ( 'NONE',  ( 0.000000000000000000, 0.07207456879675470940, -0.9973992463064937919 ) ) ;
#3048 = VERTEX_POINT ( 'NONE', #1110 ) ;
#3049 = CARTESIAN_POINT ( 'NONE',  ( -10.80191321957139650, 5.000000000000000000, 22.60038548258285473 ) ) ;
#3050 = LINE ( 'NONE', #1102, #3132 ) ;
#3051 = CARTESIAN_POINT ( 'NONE',  ( -10.49999999999999822, 3.000000000000000000, -1.275021754842953214E-15 ) ) ;
#3052 = EDGE_CURVE ( 'NONE', #2290, #12, #2161, .T. ) ;
#3053 = ORIENTED_EDGE ( 'NONE', *, *, #1474, .F. ) ;
#3054 = CARTESIAN_POINT ( 'NONE',  ( -4.250483405793234581, 5.411562580902415931, 17.96428004693001412 ) ) ;
#3055 = CARTESIAN_POINT ( 'NONE',  ( 4.344152921490988639, 4.152243892341281217, 17.71639927782111457 ) ) ;
#3056 = ORIENTED_EDGE ( 'NONE', *, *, #1169, .F. ) ;
#3057 = DIRECTION ( 'NONE',  ( 0.000000000000000000, 0.000000000000000000, -1.000000000000000000 ) ) ;
#3058 = CARTESIAN_POINT ( 'NONE',  ( 4.141304585334477650, 5.164328506879640734, 17.88947988393924859 ) ) ;
#3059 = CARTESIAN_POINT ( 'NONE',  ( -5.546834667730393242, 10.00000000000000000, 15.15016958239733924 ) ) ;
#3060 = CARTESIAN_POINT ( 'NONE',  ( 3.218892004352636782, 4.958611229389895847, 0.06189396702817450552 ) ) ;
#3061 = CARTESIAN_POINT ( 'NONE',  ( 4.245496171131883045, 5.535700382019321353, 17.93696320155559931 ) ) ;
#3062 = CARTESIAN_POINT ( 'NONE',  ( -3.255584723223731825, 4.545672535745480580, -1.761828530288944705E-16 ) ) ;
#3063 = CARTESIAN_POINT ( 'NONE',  ( 6.023954723947194445, 0.03198734236931975727, 15.41233731893396630 ) ) ;
#3064 = VERTEX_POINT ( 'NONE', #3130 ) ;
#3065 = SPHERICAL_SURFACE ( 'NONE', #416, 3.000000000000000000 ) ;
#3066 = CARTESIAN_POINT ( 'NONE',  ( 9.348623716539691486, 0.000000000000000000, 24.02315920981423858 ) ) ;
#3067 = CARTESIAN_POINT ( 'NONE',  ( -6.820210480062415925, 4.476504222655246501, 19.85522800452665848 ) ) ;
#3068 = EDGE_LOOP ( 'NONE', ( #2418, #2217, #228, #1174, #389, #3218 ) ) ;
#3069 = EDGE_CURVE ( 'NONE', #1687, #1092, #4061, .T. ) ;
#3070 = CARTESIAN_POINT ( 'NONE',  ( -4.258074709438687933, 5.166129871215848546, 17.98113798906561200 ) ) ;
#3071 = CARTESIAN_POINT ( 'NONE',  ( -9.031742529444658274, 6.992698786646948328, 21.35407940908516977 ) ) ;
#3072 = CARTESIAN_POINT ( 'NONE',  ( 10.65269825543565396, 5.246397215913284562, 22.49532922044437555 ) ) ;
#3073 = EDGE_CURVE ( 'NONE', #85, #1683, #2796, .T. ) ;
#3074 = CARTESIAN_POINT ( 'NONE',  ( -3.311305838722915507, 4.955851978015028969, -1.521406698540284097E-13 ) ) ;
#3075 = CARTESIAN_POINT ( 'NONE',  ( 7.784557991600415505, 8.172223128481929777, 16.37975289412428381 ) ) ;
#3076 = CARTESIAN_POINT ( 'NONE',  ( 4.147335629297824511, 5.223518264584680715, 17.88699303592900591 ) ) ;
#3077 = DIRECTION ( 'NONE',  ( 0.000000000000000000, 0.000000000000000000, -1.000000000000000000 ) ) ;
#3078 = CARTESIAN_POINT ( 'NONE',  ( 4.306598075651553614, 4.095726818497367638, 17.84005016695400059 ) ) ;
#3079 = AXIS2_PLACEMENT_3D ( 'NONE', #4160, #4138, #2813 ) ;
#3080 = CARTESIAN_POINT ( 'NONE',  ( -13.30232546822244899, 8.173286891104455165, 24.36082530294716264 ) ) ;
#3081 = DIRECTION ( 'NONE',  ( 0.000000000000000000, 0.000000000000000000, 1.000000000000000000 ) ) ;
#3082 = ORIENTED_EDGE ( 'NONE', *, *, #2219, .F. ) ;
#3083 = VECTOR ( 'NONE', #3541, 1000.000000000000000 ) ;
#3084 = AXIS2_PLACEMENT_3D ( 'NONE', #1754, #3341, #3102 ) ;
#3085 = FACE_OUTER_BOUND ( 'NONE', #3942, .T. ) ;
#3086 = CARTESIAN_POINT ( 'NONE',  ( 10.50000000000000533, 3.000000000000000000, 54.00000000000000000 ) ) ;
#3087 = CARTESIAN_POINT ( 'NONE',  ( -6.727458061324371741, 4.725061087810911609, 19.73172528035551920 ) ) ;
#3088 = DIRECTION ( 'NONE',  ( 8.673617379884087537E-15, 0.000000000000000000, 1.000000000000000000 ) ) ;
#3089 = EDGE_LOOP ( 'NONE', ( #3784, #1312, #1606, #2288 ) ) ;
#3090 = EDGE_CURVE ( 'NONE', #296, #2008, #2497, .T. ) ;
#3091 = CIRCLE ( 'NONE', #2209, 3.000000000000002665 ) ;
#3092 = CARTESIAN_POINT ( 'NONE',  ( -1.622515602108669519, 6.500000000000002665, 3.469446951953613794E-15 ) ) ;
#3093 = AXIS2_PLACEMENT_3D ( 'NONE', #941, #3185, #1264 ) ;
#3094 = DIRECTION ( 'NONE',  ( -5.345783651393950744E-16, -1.000000000000000000, 0.000000000000000000 ) ) ;
#3095 = CARTESIAN_POINT ( 'NONE',  ( 6.769786965925795208, 5.261846583037171676, 19.81801391645201349 ) ) ;
#3096 = EDGE_LOOP ( 'NONE', ( #1902, #805, #453, #2628 ) ) ;
#3097 = EDGE_CURVE ( 'NONE', #1092, #1363, #791, .T. ) ;
#3098 = B_SPLINE_CURVE_WITH_KNOTS ( 'NONE', 3,
 ( #1904, #2579, #742, #997, #2928, #2668, #1974, #1327, #1925, #2907, #21, #3892, #1679 ),
 .UNSPECIFIED., .F., .F.,
 ( 4, 3, 3, 3, 4 ),
 ( 0.000000000000000000, 0.0001600744580668671377, 0.0002997800157065837450, 0.0003330912098198568418, 0.0003432903693994752569 ),
 .UNSPECIFIED. ) ;
#3099 = CARTESIAN_POINT ( 'NONE',  ( -3.311305838722848449, 4.955851978015027193, 0.000000000000000000 ) ) ;
#3100 = CARTESIAN_POINT ( 'NONE',  ( 4.232136638945852347, 4.531905111958852928, 17.91979445574185448 ) ) ;
#3101 = ADVANCED_FACE ( 'NONE', ( #588 ), #3441, .T. ) ;
#3102 = DIRECTION ( 'NONE',  ( 0.000000000000000000, 0.000000000000000000, 1.000000000000000000 ) ) ;
#3103 = CARTESIAN_POINT ( 'NONE',  ( -3.015997461087736475, 5.793558677046680039, 2.865661762967949474E-14 ) ) ;
#3104 = CARTESIAN_POINT ( 'NONE',  ( -4.344152921490983310, 4.152243892341288323, 17.71639927782111457 ) ) ;
#3105 = CARTESIAN_POINT ( 'NONE',  ( 7.584236261428667802, 1.481434883878246511, 15.58306291342040240 ) ) ;
#3106 = ORIENTED_EDGE ( 'NONE', *, *, #466, .F. ) ;
#3107 = CARTESIAN_POINT ( 'NONE',  ( 4.344152921490988639, 4.152243892341282105, 17.71639927782111812 ) ) ;
#3108 = CARTESIAN_POINT ( 'NONE',  ( -10.30570235269486368, 3.825732175407994262, 22.25102334447274899 ) ) ;
#3109 = DIRECTION ( 'NONE',  ( 0.000000000000000000, -1.000000000000000000, 0.000000000000000000 ) ) ;
#3110 = EDGE_LOOP ( 'NONE', ( #4015, #324, #1955, #531, #2281 ) ) ;
#3111 = CARTESIAN_POINT ( 'NONE',  ( -4.232302479733252909, 5.486396579901922088, 17.91778148175067287 ) ) ;
#3112 = CARTESIAN_POINT ( 'NONE',  ( -9.297925656146825091, 7.045342618054078798, 21.54148825577004445 ) ) ;
#3113 = EDGE_CURVE ( 'NONE', #593, #3536, #463, .T. ) ;
#3114 = CARTESIAN_POINT ( 'NONE',  ( 8.254257851559032133, 6.963130467109008848, 20.80668367967619758 ) ) ;
#3115 = VERTEX_POINT ( 'NONE', #3663 ) ;
#3116 = DIRECTION ( 'NONE',  ( -2.168404344971008868E-16, 0.000000000000000000, 1.000000000000000000 ) ) ;
#3117 = CARTESIAN_POINT ( 'NONE',  ( 7.544056046598369036, 8.644431335178202502, 15.57452569273064569 ) ) ;
#3118 = DIRECTION ( 'NONE',  ( 0.3812054721353839160, 0.000000000000000000, 0.9244903396001707963 ) ) ;
#3119 = CARTESIAN_POINT ( 'NONE',  ( -10.82247991082765104, 5.000000000000000000, 18.74435162535912269 ) ) ;
#3120 = EDGE_CURVE ( 'NONE', #4084, #2974, #886, .T. ) ;
#3121 = CARTESIAN_POINT ( 'NONE',  ( 10.74888963502989192, 4.450329433788133393, 22.56305370671443100 ) ) ;
#3122 = CARTESIAN_POINT ( 'NONE',  ( -3.166147379857124466, 5.425931997738515200, 0.06312129695227157444 ) ) ;
#3123 = CARTESIAN_POINT ( 'NONE',  ( 1.803884783017707161, 3.400000000010040324, -1.761828530288944705E-16 ) ) ;
#3124 = CARTESIAN_POINT ( 'NONE',  ( 6.862751441324479451, 0.9927620761658126902, 16.49301846051704246 ) ) ;
#3125 = EDGE_CURVE ( 'NONE', #272, #2220, #533, .T. ) ;
#3126 = ORIENTED_EDGE ( 'NONE', *, *, #2240, .F. ) ;
#3127 = CARTESIAN_POINT ( 'NONE',  ( 4.344152921490699981, 5.847756107658259594, 17.71639927782123891 ) ) ;
#3128 = CARTESIAN_POINT ( 'NONE',  ( -7.731440743930902748, 3.252427220482549952, 20.52774367269619660 ) ) ;
#3129 = ORIENTED_EDGE ( 'NONE', *, *, #293, .T. ) ;
#3130 = CARTESIAN_POINT ( 'NONE',  ( -4.306598075651546509, 5.904273181502629697, 17.84005016695400059 ) ) ;
#3131 = ORIENTED_EDGE ( 'NONE', *, *, #2736, .F. ) ;
#3132 = VECTOR ( 'NONE', #168, 1000.000000000000114 ) ;
#3133 = CARTESIAN_POINT ( 'NONE',  ( -12.65137628346032095, 3.000000000000000000, 23.90251813119696322 ) ) ;
#3134 = CARTESIAN_POINT ( 'NONE',  ( 4.345311275553447317, 10.00000000000000000, 17.93225259725469911 ) ) ;
#3135 = CARTESIAN_POINT ( 'NONE',  ( 10.39378897997138651, 6.290548118049625437, 22.31304160021490191 ) ) ;
#3136 = ORIENTED_EDGE ( 'NONE', *, *, #2631, .F. ) ;
#3137 = CARTESIAN_POINT ( 'NONE',  ( 2.694108798096280566, 5.000000000000000000, -2.598802037448211255 ) ) ;
#3138 = CARTESIAN_POINT ( 'NONE',  ( 6.491862429322189598, 9.835841309219983231, 15.66944305663636428 ) ) ;
#3139 = CARTESIAN_POINT ( 'NONE',  ( 6.727458061317109106, 9.199999999999997513, 19.73172528035040330 ) ) ;
#3140 = CARTESIAN_POINT ( 'NONE',  ( 6.769786965925795208, 4.738153416962758158, 19.81801391645201349 ) ) ;
#3141 = CARTESIAN_POINT ( 'NONE',  ( 5.333773573834535320, 3.377541711635594357, 17.40876814688358110 ) ) ;
#3142 = CARTESIAN_POINT ( 'NONE',  ( 1.581281480365390513, 3.500000000000000000, 0.09999999999999985290 ) ) ;
#3143 = CARTESIAN_POINT ( 'NONE',  ( 12.65137628342742993, 2.869076719355692973, 23.90251813117380308 ) ) ;
#3144 = ORIENTED_EDGE ( 'NONE', *, *, #1359, .F. ) ;
#3145 = EDGE_CURVE ( 'NONE', #3690, #2451, #1079, .T. ) ;
#3146 = DIRECTION ( 'NONE',  ( 0.1675954939338688554, 0.000000000000000000, -0.9858558466698175149 ) ) ;
#3147 = FACE_OUTER_BOUND ( 'NONE', #2835, .T. ) ;
#3148 = ORIENTED_EDGE ( 'NONE', *, *, #466, .T. ) ;
#3149 = DIRECTION ( 'NONE',  ( 0.5756881417301591419, 0.000000000000000000, 0.8176693484968579062 ) ) ;
#3150 = ORIENTED_EDGE ( 'NONE', *, *, #3861, .F. ) ;
#3151 = AXIS2_PLACEMENT_3D ( 'NONE', #4005, #2717, #3116 ) ;
#3152 = CIRCLE ( 'NONE', #336, 2.000000000000001776 ) ;
#3153 = CARTESIAN_POINT ( 'NONE',  ( 10.82247991082773630, 5.000000000000000000, 18.74435162535920085 ) ) ;
#3154 = CARTESIAN_POINT ( 'NONE',  ( -7.135582300916913034, 6.290548118049684945, 20.01906916271821757 ) ) ;
#3155 = CIRCLE ( 'NONE', #4032, 1.999999999999999778 ) ;
#3156 =( BOUNDED_CURVE ( )  B_SPLINE_CURVE ( 3, ( #2416, #860, #2495, #2127 ),
 .UNSPECIFIED., .F., .T. ) 
 B_SPLINE_CURVE_WITH_KNOTS ( ( 4, 4 ),
 ( 4.712388980384689674, 6.283185307179586232 ),
 .UNSPECIFIED. ) 
 CURVE ( )  GEOMETRIC_REPRESENTATION_ITEM ( )  RATIONAL_B_SPLINE_CURVE ( ( 1.000000000000000000, 0.8047378541243649375, 0.8047378541243649375, 1.000000000000000000 ) ) 
 REPRESENTATION_ITEM ( '' )  );
#3157 = CARTESIAN_POINT ( 'NONE',  ( 8.200024827451015241, 6.947945350527714226, 20.87357298776327497 ) ) ;
#3158 = VERTEX_POINT ( 'NONE', #861 ) ;
#3159 = AXIS2_PLACEMENT_3D ( 'NONE', #3581, #1962, #1335 ) ;
#3160 = AXIS2_PLACEMENT_3D ( 'NONE', #1816, #2471, #3775 ) ;
#3161 = CARTESIAN_POINT ( 'NONE',  ( -4.246386815336440357, 4.492808651616804205, 17.94907115023310240 ) ) ;
#3162 = CARTESIAN_POINT ( 'NONE',  ( 3.218892004352699843, 5.041388770610102377, 0.06189396702802252986 ) ) ;
#3163 = CARTESIAN_POINT ( 'NONE',  ( 4.276340974859499156, 5.655456064832113938, 17.84639923798722805 ) ) ;
#3164 = CARTESIAN_POINT ( 'NONE',  ( -12.25735931288071434, -1.843453548826058379E-15, 25.24622569827201346 ) ) ;
#3165 = CARTESIAN_POINT ( 'NONE',  ( 4.156915035380642109, 4.716808532944863686, 17.88344830172412259 ) ) ;
#3166 =( BOUNDED_SURFACE ( )  B_SPLINE_SURFACE ( 3, 2, ( 
 ( #3172, #2853, #1255 ),
 ( #3500, #626, #3021 ),
 ( #2683, #2033, #797 ),
 ( #2965, #448, #486 ),
 ( #78, #1712, #141 ),
 ( #713, #1425, #2638 ),
 ( #55, #2305, #2369 ),
 ( #3931, #2326, #733 ),
 ( #97, #3974, #3950 ),
 ( #820, #2120, #1770 ),
 ( #1168, #2805, #3395 ),
 ( #3059, #200, #537 ) ),
 .UNSPECIFIED., .F., .F., .F. ) 
 B_SPLINE_SURFACE_WITH_KNOTS ( ( 4, 2, 2, 2, 2, 4 ),
 ( 3, 3 ),
 ( 6.283185307179586232, 6.479534848028948524, 6.675884388878310816, 7.068583470577034511, 7.461282552275758206, 7.853981633974482790 ),
 ( 0.000000000000000000, 1.000000000000000000 ),
 .UNSPECIFIED. ) 
 GEOMETRIC_REPRESENTATION_ITEM ( )  RATIONAL_B_SPLINE_SURFACE ( (
 ( 1.000000000000000000, 0.7833036531844883577, 1.000000000000000000),
 ( 1.000000000000000000, 0.7832825190518907243, 1.000000000000000000),
 ( 1.000000000000000000, 0.7865308884258690458, 1.000000000000000000),
 ( 1.000000000000000000, 0.7987418757948121506, 1.000000000000000000),
 ( 1.000000000000000000, 0.8077077782804849004, 1.000000000000000000),
 ( 1.000000000000000000, 0.8404775370683821301, 1.000000000000000000),
 ( 1.000000000000000000, 0.8700522683402689417, 1.000000000000000000),
 ( 1.000000000000000000, 0.9263689590405268515, 1.000000000000000000),
 ( 1.000000000000000000, 0.9528790107461762027, 1.000000000000000000),
 ( 1.000000000000000000, 0.9897046789131088707, 1.000000000000000000),
 ( 1.000000000000000000, 1.000136411045844831, 1.000000000000000000),
 ( 1.000000000000000000, 1.000000000000000000, 1.000000000000000000) ) ) 
 REPRESENTATION_ITEM ( '' )  SURFACE ( )  );
#3167 = CARTESIAN_POINT ( 'NONE',  ( 6.173718993074988504, 6.338902798593450960, 16.94729497426838449 ) ) ;
#3168 = LINE ( 'NONE', #1828, #879 ) ;
#3169 = CARTESIAN_POINT ( 'NONE',  ( 4.198227193280071212, 5.160536344020098198, 17.93726951551496285 ) ) ;
#3170 = ADVANCED_FACE ( 'NONE', ( #3354 ), #1794, .T. ) ;
#3171 = VERTEX_POINT ( 'NONE', #3731 ) ;
#3172 = CARTESIAN_POINT ( 'NONE',  ( -7.052828328905348165, 8.000000000000000000, 16.68698554138910595 ) ) ;
#3173 = CARTESIAN_POINT ( 'NONE',  ( -4.141304585334468769, 4.835671493120429432, 17.88947988393925215 ) ) ;
#3174 = ORIENTED_EDGE ( 'NONE', *, *, #1119, .T. ) ;
#3175 = CARTESIAN_POINT ( 'NONE',  ( -10.74434440539838143, 5.000000000000000000, 22.68215241743254040 ) ) ;
#3176 = VERTEX_POINT ( 'NONE', #526 ) ;
#3177 = CARTESIAN_POINT ( 'NONE',  ( -4.228207580057273596, 5.468923374250933556, 17.91594980976250895 ) ) ;
#3178 = EDGE_CURVE ( 'NONE', #2270, #1897, #3416, .T. ) ;
#3179 = CARTESIAN_POINT ( 'NONE',  ( -9.961258718672906909, 6.552103098439320483, 22.00851441838132416 ) ) ;
#3180 = ORIENTED_EDGE ( 'NONE', *, *, #3388, .F. ) ;
#3181 = DIRECTION ( 'NONE',  ( 0.9244903396001711293, 0.000000000000000000, 0.3812054721353828612 ) ) ;
#3182 = CARTESIAN_POINT ( 'NONE',  ( -7.385908194361375578, 0.9927620761658172421, 15.54092350514017618 ) ) ;
#3183 =( BOUNDED_CURVE ( )  B_SPLINE_CURVE ( 3, ( #2710, #1446, #2075, #1831 ),
 .UNSPECIFIED., .F., .T. ) 
 B_SPLINE_CURVE_WITH_KNOTS ( ( 4, 4 ),
 ( 3.141592653589793116, 6.283185307179586232 ),
 .UNSPECIFIED. ) 
 CURVE ( )  GEOMETRIC_REPRESENTATION_ITEM ( )  RATIONAL_B_SPLINE_CURVE ( ( 1.000000000000000000, 0.3333333333333333703, 0.3333333333333333703, 1.000000000000000000 ) ) 
 REPRESENTATION_ITEM ( '' )  );
#3184 = ORIENTED_EDGE ( 'NONE', *, *, #2521, .T. ) ;
#3185 = DIRECTION ( 'NONE',  ( 0.02984425778281850697, 0.9995545609307142643, 0.000000000000000000 ) ) ;
#3186 = CARTESIAN_POINT ( 'NONE',  ( 4.226609909469415172, 4.558785493088798546, 17.92027388267628041 ) ) ;
#3187 = FACE_OUTER_BOUND ( 'NONE', #649, .T. ) ;
#3188 = CARTESIAN_POINT ( 'NONE',  ( 5.653253969790670297, 3.473307571505308111, 17.27462733960712882 ) ) ;
#3189 = CARTESIAN_POINT ( 'NONE',  ( 2.000324405320416776, 3.527235493481451822, 4.098671495566851826E-14 ) ) ;
#3190 = CARTESIAN_POINT ( 'NONE',  ( -6.665696329886376503, 10.00000000000000000, 15.76496123838208518 ) ) ;
#3191 =( BOUNDED_CURVE ( )  B_SPLINE_CURVE ( 3, ( #1903, #4144, #2559, #996, #1568, #3826, #1858 ),
 .UNSPECIFIED., .F., .T. ) 
 B_SPLINE_CURVE_WITH_KNOTS ( ( 4, 3, 4 ),
 ( 0.6006402011278206832, 3.141592653589687423, 5.682545106051553496 ),
 .UNSPECIFIED. ) 
 CURVE ( )  GEOMETRIC_REPRESENTATION_ITEM ( )  RATIONAL_B_SPLINE_CURVE ( ( 1.000000000000000000, 0.5305506635099432877, 0.5305506635099432877, 1.000000000000000000, 0.5305506635099435098, 0.5305506635099435098, 1.000000000000000000 ) ) 
 REPRESENTATION_ITEM ( '' )  );
#3192 = ORIENTED_EDGE ( 'NONE', *, *, #1077, .F. ) ;
#3193 =( NAMED_UNIT ( * ) SI_UNIT ( $, .STERADIAN. ) SOLID_ANGLE_UNIT ( ) );
#3194 = CARTESIAN_POINT ( 'NONE',  ( -4.170221879911386154, 4.719950581302971848, 17.91731884207862890 ) ) ;
#3195 = ORIENTED_EDGE ( 'NONE', *, *, #3145, .T. ) ;
#3196 = CARTESIAN_POINT ( 'NONE',  ( 4.252801732089094067, 5.347487225489248708, 17.97022606651965759 ) ) ;
#3197 = EDGE_LOOP ( 'NONE', ( #2876, #3948, #3247, #59 ) ) ;
#3198 = CARTESIAN_POINT ( 'NONE',  ( -13.49999999998944133, 2.702945843919408730, 24.49999999999296563 ) ) ;
#3199 = CARTESIAN_POINT ( 'NONE',  ( -10.43412254651762261, 5.955415643598449549, 22.34143884418326564 ) ) ;
#3200 = ORIENTED_EDGE ( 'NONE', *, *, #2231, .T. ) ;
#3201 = EDGE_CURVE ( 'NONE', #3699, #236, #3035, .T. ) ;
#3202 = EDGE_CURVE ( 'NONE', #3222, #12, #3964, .T. ) ;
#3203 = PLANE ( 'NONE',  #1144 ) ;
#3204 = ORIENTED_EDGE ( 'NONE', *, *, #1299, .T. ) ;
#3205 = CARTESIAN_POINT ( 'NONE',  ( 6.751127845765333646, 9.229093463413967413, 16.37911032964141711 ) ) ;
#3206 = CARTESIAN_POINT ( 'NONE',  ( 0.000000000000000000, 0.000000000000000000, 0.000000000000000000 ) ) ;
#3207 = EDGE_CURVE ( 'NONE', #457, #2451, #761, .T. ) ;
#3208 = CARTESIAN_POINT ( 'NONE',  ( 10.50000000000000355, 10.00000000000000000, 24.83379699913085048 ) ) ;
#3209 = CARTESIAN_POINT ( 'NONE',  ( 6.212615078464519769, 6.338547251169895702, 17.03976738692715998 ) ) ;
#3210 = CARTESIAN_POINT ( 'NONE',  ( -6.810268950887183870, 5.634020894478622310, 16.78882938279963000 ) ) ;
#3211 = CARTESIAN_POINT ( 'NONE',  ( -6.998926095527206570, 3.079496071388571288, 16.70961756886518046 ) ) ;
#3212 = ORIENTED_EDGE ( 'NONE', *, *, #2689, .F. ) ;
#3213 = B_SPLINE_CURVE_WITH_KNOTS ( 'NONE', 3,
 ( #2484, #900, #1529, #2827, #4111, #3785, #919, #3464, #3161, #282 ),
 .UNSPECIFIED., .F., .F.,
 ( 4, 3, 3, 4 ),
 ( 0.000000000000000000, 0.0001817618339828885909, 0.0003012808563684506689, 0.0003635826518014659801 ),
 .UNSPECIFIED. ) ;
#3214 = FILL_AREA_STYLE ('',( #1520 ) ) ;
#3215 = CYLINDRICAL_SURFACE ( 'NONE', #3302, 2.000000000000000000 ) ;
#3216 = ORIENTED_EDGE ( 'NONE', *, *, #18, .F. ) ;
#3217 = CARTESIAN_POINT ( 'NONE',  ( 1.581281480365390291, 6.500000000000000000, 0.09999999999999985290 ) ) ;
#3218 = ORIENTED_EDGE ( 'NONE', *, *, #223, .T. ) ;
#3219 = DIRECTION ( 'NONE',  ( 0.5756881417301595860, 0.000000000000000000, -0.8176693484968576842 ) ) ;
#3220 = CARTESIAN_POINT ( 'NONE',  ( -4.218005597826717690, 4.518512506059455092, 17.89147951454138763 ) ) ;
#3221 = AXIS2_PLACEMENT_3D ( 'NONE', #2514, #4163, #2877 ) ;
#3222 = VERTEX_POINT ( 'NONE', #1971 ) ;
#3223 = EDGE_CURVE ( 'NONE', #790, #2978, #334, .T. ) ;
#3224 = VECTOR ( 'NONE', #3748, 1000.000000000000000 ) ;
#3225 = CARTESIAN_POINT ( 'NONE',  ( -7.058575127615946521, 8.000000000000000000, 10.02553310993706503 ) ) ;
#3226 = CIRCLE ( 'NONE', #2279, 1.499999999999999112 ) ;
#3227 = CARTESIAN_POINT ( 'NONE',  ( -4.243288700681485004, 5.518273246186669034, 17.91845550722239366 ) ) ;
#3228 = ORIENTED_EDGE ( 'NONE', *, *, #3869, .F. ) ;
#3229 = DIRECTION ( 'NONE',  ( 0.9244903396001711293, 0.000000000000000000, 0.3812054721353828612 ) ) ;
#3230 = CARTESIAN_POINT ( 'NONE',  ( -4.344152921490984198, 4.152243892341282994, 17.71639927782111101 ) ) ;
#3231 = EDGE_CURVE ( 'NONE', #3531, #698, #1406, .T. ) ;
#3232 = VECTOR ( 'NONE', #52, 1000.000000000000000 ) ;
#3233 = AXIS2_PLACEMENT_3D ( 'NONE', #3959, #2336, #1699 ) ;
#3234 = CARTESIAN_POINT ( 'NONE',  ( 11.78229956758083397, 7.999999999982083665, 23.29063612717497023 ) ) ;
#3235 = AXIS2_PLACEMENT_3D ( 'NONE', #1835, #251, #1549 ) ;
#3236 = EDGE_CURVE ( 'NONE', #1036, #1886, #2475, .T. ) ;
#3237 = CARTESIAN_POINT ( 'NONE',  ( 4.382260436832019934, 5.848053821592780643, 17.80828167556092367 ) ) ;
#3238 = CARTESIAN_POINT ( 'NONE',  ( -6.810268950887065742, 4.365979105521273773, 16.78882938279961934 ) ) ;
#3239 = CARTESIAN_POINT ( 'NONE',  ( -5.307395512274980298, 2.511361085296822004, 17.41984355093583048 ) ) ;
#3240 = ORIENTED_EDGE ( 'NONE', *, *, #4153, .F. ) ;
#3241 = CARTESIAN_POINT ( 'NONE',  ( 3.219515708210870741, 5.000000000017759128, 0.06187956703745310649 ) ) ;
#3242 = CARTESIAN_POINT ( 'NONE',  ( -3.219723452756785509, 4.986191206433353784, 0.06187461981475709388 ) ) ;
#3243 = DIRECTION ( 'NONE',  ( -0.04521701246061770457, 0.000000000000000000, 0.9989771878196900268 ) ) ;
#3244 = ORIENTED_EDGE ( 'NONE', *, *, #1404, .F. ) ;
#3245 = CARTESIAN_POINT ( 'NONE',  ( -4.198227193280064995, 5.160536344020030697, 17.93726951551496995 ) ) ;
#3246 = CARTESIAN_POINT ( 'NONE',  ( -3.192988488579902029, 5.900634355560169020, 0.06249672342944588566 ) ) ;
#3247 = ORIENTED_EDGE ( 'NONE', *, *, #787, .F. ) ;
#3248 = CARTESIAN_POINT ( 'NONE',  ( -7.784557991600667748, 1.827776871518038693, 16.37975289412382907 ) ) ;
#3249 = CARTESIAN_POINT ( 'NONE',  ( 8.960712705163981440, 2.999999999999999556, 21.43498379316931945 ) ) ;
#3250 = ORIENTED_EDGE ( 'NONE', *, *, #328, .F. ) ;
#3251 = CARTESIAN_POINT ( 'NONE',  ( -4.250473378784314527, 4.588168507556468434, 17.96425318805557581 ) ) ;
#3252 = CARTESIAN_POINT ( 'NONE',  ( -4.250765765560426956, 4.361095872929255712, 17.80493140897056392 ) ) ;
#3253 = PLANE ( 'NONE',  #1090 ) ;
#3254 = CARTESIAN_POINT ( 'NONE',  ( -13.50000000000000711, 3.000000000000000000, 54.00000000000000000 ) ) ;
#3255 = CARTESIAN_POINT ( 'NONE',  ( 12.01085689862281392, 0.3786408173373391750, 25.18837488239037725 ) ) ;
#3256 = ORIENTED_EDGE ( 'NONE', *, *, #657, .T. ) ;
#3257 = FACE_OUTER_BOUND ( 'NONE', #2204, .T. ) ;
#3258 = DIRECTION ( 'NONE',  ( 0.000000000000000000, 0.000000000000000000, 1.000000000000000000 ) ) ;
#3259 = DIRECTION ( 'NONE',  ( 0.9244903396001706852, 0.000000000000000000, -0.3812054721353838604 ) ) ;
#3260 = DIRECTION ( 'NONE',  ( 0.000000000000000000, 0.000000000000000000, -1.000000000000000000 ) ) ;
#3261 = ADVANCED_FACE ( 'NONE', ( #2556 ), #630, .T. ) ;
#3262 = ORIENTED_EDGE ( 'NONE', *, *, #3979, .F. ) ;
#3263 = CARTESIAN_POINT ( 'NONE',  ( 1.581281480365390069, 3.500000000000000888, 0.09999999999999982514 ) ) ;
#3264 = CARTESIAN_POINT ( 'NONE',  ( -4.147335629297815629, 4.776481735415377905, 17.88699303592901657 ) ) ;
#3265 = ORIENTED_EDGE ( 'NONE', *, *, #2468, .T. ) ;
#3266 = CARTESIAN_POINT ( 'NONE',  ( -1.581281480365414938, 3.400000000000003020, 0.000000000000000000 ) ) ;
#3267 = CARTESIAN_POINT ( 'NONE',  ( 4.195578552104558767, 5.053891219354471609, 17.94160759248601522 ) ) ;
#3268 = CARTESIAN_POINT ( 'NONE',  ( 9.287108334633902729, 3.072046142573737093, 21.53387221423364295 ) ) ;
#3269 = VERTEX_POINT ( 'NONE', #1950 ) ;
#3270 = CARTESIAN_POINT ( 'NONE',  ( -7.013353652678921080, 2.000000000000000000, 16.70355984454827336 ) ) ;
#3271 = DIRECTION ( 'NONE',  ( 0.000000000000000000, 0.000000000000000000, 1.000000000000000000 ) ) ;
#3272 = CARTESIAN_POINT ( 'NONE',  ( 13.45961461509887158, 7.596767121356471364, 24.47156627280998720 ) ) ;
#3273 = DIRECTION ( 'NONE',  ( 0.000000000000000000, 0.000000000000000000, 1.000000000000000000 ) ) ;
#3274 = CARTESIAN_POINT ( 'NONE',  ( -6.258480562894123800, 6.428162985166135712, 17.02050976365663360 ) ) ;
#3275 = CARTESIAN_POINT ( 'NONE',  ( -4.279816210931386422, 4.270666801649740663, 17.75717566259651292 ) ) ;
#3276 = ORIENTED_EDGE ( 'NONE', *, *, #3113, .F. ) ;
#3277 = EDGE_CURVE ( 'NONE', #3471, #587, #3614, .T. ) ;
#3278 = DIRECTION ( 'NONE',  ( -0.000000000000000000, -1.000000000000000000, 0.000000000000000000 ) ) ;
#3279 = CARTESIAN_POINT ( 'NONE',  ( 6.769786965926060773, 0.9999999999999992228, 19.81801391644615151 ) ) ;
#3280 = CYLINDRICAL_SURFACE ( 'NONE', #345, 1.500000000000000222 ) ;
#3281 = CARTESIAN_POINT ( 'NONE',  ( -4.204333353250627070, 5.274408092529606407, 17.92961849772521177 ) ) ;
#3282 = ORIENTED_EDGE ( 'NONE', *, *, #992, .F. ) ;
#3283 = CARTESIAN_POINT ( 'NONE',  ( -4.246722414689751091, 5.498219754074241905, 17.95298303321008859 ) ) ;
#3284 = CARTESIAN_POINT ( 'NONE',  ( -5.519693373391912239, 5.000000000000000000, 17.32111337297624232 ) ) ;
#3285 = ADVANCED_FACE ( 'NONE', ( #2218 ), #198, .T. ) ;
#3286 = ORIENTED_EDGE ( 'NONE', *, *, #2135, .F. ) ;
#3287 = CARTESIAN_POINT ( 'NONE',  ( 4.251614373468905583, 4.618785636473331735, 17.96730998230759013 ) ) ;
#3288 = CARTESIAN_POINT ( 'NONE',  ( 10.50000000000000533, 3.000000000000000000, 57.00000000000000000 ) ) ;
#3289 = DIRECTION ( 'NONE',  ( 0.9244903396001715734, 0.000000000000000000, 0.3812054721353821396 ) ) ;
#3290 = CIRCLE ( 'NONE', #600, 0.09999999999999939493 ) ;
#3291 = ORIENTED_EDGE ( 'NONE', *, *, #1628, .F. ) ;
#3292 = CARTESIAN_POINT ( 'NONE',  ( -4.241149866161645576, 4.595016553446201968, 17.93624996688133777 ) ) ;
#3293 = CARTESIAN_POINT ( 'NONE',  ( -4.230533583261335551, 4.477048779712353266, 17.88323316376336436 ) ) ;
#3294 = AXIS2_PLACEMENT_3D ( 'NONE', #3928, #447, #1050 ) ;
#3295 = DIRECTION ( 'NONE',  ( 1.214306433183764966E-16, 0.000000000000000000, -1.000000000000000000 ) ) ;
#3296 = CIRCLE ( 'NONE', #2142, 2.000000000000000000 ) ;
#3297 = AXIS2_PLACEMENT_3D ( 'NONE', #180, #2408, #798 ) ;
#3298 = CARTESIAN_POINT ( 'NONE',  ( -6.867763861665292069, 5.317619035879406653, 16.65553568577801613 ) ) ;
#3299 = CARTESIAN_POINT ( 'NONE',  ( 11.78229956758091923, 2.000000000017915447, 23.29063612717503418 ) ) ;
#3300 = ORIENTED_EDGE ( 'NONE', *, *, #770, .F. ) ;
#3301 = AXIS2_PLACEMENT_3D ( 'NONE', #2778, #2457, #3735 ) ;
#3302 = AXIS2_PLACEMENT_3D ( 'NONE', #4140, #991, #3886 ) ;
#3303 = CARTESIAN_POINT ( 'NONE',  ( -10.64444668661641202, 5.000000000000000000, 22.67763071618647785 ) ) ;
#3304 = DIRECTION ( 'NONE',  ( -0.000000000000000000, 1.000000000000000000, -0.000000000000000000 ) ) ;
#3305 = ADVANCED_FACE ( 'NONE', ( #2195 ), #1572, .T. ) ;
#3306 = VERTEX_POINT ( 'NONE', #81 ) ;
#3307 = DIRECTION ( 'NONE',  ( 0.000000000000000000, 0.000000000000000000, -1.000000000000000000 ) ) ;
#3308 = EDGE_LOOP ( 'NONE', ( #3030, #1449, #71, #712 ) ) ;
#3309 = DIRECTION ( 'NONE',  ( 0.3871319990189715510, 0.000000000000000000, -0.9220243030070167656 ) ) ;
#3310 = CARTESIAN_POINT ( 'NONE',  ( 4.157526194698505151, 5.164328506879641623, 17.92882014069317265 ) ) ;
#3311 = EDGE_CURVE ( 'NONE', #3806, #2394, #3654, .T. ) ;
#3312 = EDGE_LOOP ( 'NONE', ( #1594, #833, #892 ) ) ;
#3313 = EDGE_CURVE ( 'NONE', #2595, #272, #2132, .T. ) ;
#3314 = CARTESIAN_POINT ( 'NONE',  ( 4.250483405793224811, 4.588437419097566305, 17.96428004692996083 ) ) ;
#3315 = FACE_OUTER_BOUND ( 'NONE', #1612, .T. ) ;
#3316 = CARTESIAN_POINT ( 'NONE',  ( 4.233162269217113582, 5.498327204630096610, 17.91244353843897130 ) ) ;
#3317 = CARTESIAN_POINT ( 'NONE',  ( 4.241149866161652682, 5.404983446553794479, 17.93624996688133066 ) ) ;
#3318 = ORIENTED_EDGE ( 'NONE', *, *, #3532, .T. ) ;
#3319 = DIRECTION ( 'NONE',  ( 0.000000000000000000, -1.000000000000000000, 0.000000000000000000 ) ) ;
#3320 = DIRECTION ( 'NONE',  ( 0.000000000000000000, -1.000000000000000000, 0.000000000000000000 ) ) ;
#3321 = DIRECTION ( 'NONE',  ( 0.9244903396001706852, 0.000000000000000000, -0.3812054721353838604 ) ) ;
#3322 = CARTESIAN_POINT ( 'NONE',  ( 11.91312418198284462, 2.026027329198354821, 23.38274448282767182 ) ) ;
#3323 = DIRECTION ( 'NONE',  ( -1.000000000000000000, 0.000000000000000000, 0.000000000000000000 ) ) ;
#3324 = DIRECTION ( 'NONE',  ( 0.000000000000000000, -1.000000000000000000, 0.000000000000000000 ) ) ;
#3325 = CARTESIAN_POINT ( 'NONE',  ( -2.694108798096306767, 5.000000000000000000, -2.598802037448208146 ) ) ;
#3326 = CARTESIAN_POINT ( 'NONE',  ( 3.312230401223363874, 4.985269467217007922, 0.000000000000000000 ) ) ;
#3327 = ORIENTED_EDGE ( 'NONE', *, *, #3178, .F. ) ;
#3328 = CARTESIAN_POINT ( 'NONE',  ( -5.519693373391912239, 5.000000000000000000, 17.32111337297624232 ) ) ;
#3329 = DIRECTION ( 'NONE',  ( 0.9244903396001711293, 0.000000000000000000, 0.3812054721353829168 ) ) ;
#3330 = ORIENTED_EDGE ( 'NONE', *, *, #2468, .F. ) ;
#3331 =( BOUNDED_CURVE ( )  B_SPLINE_CURVE ( 3, ( #452, #1366, #2988, #1056 ),
 .UNSPECIFIED., .F., .T. ) 
 B_SPLINE_CURVE_WITH_KNOTS ( ( 4, 4 ),
 ( 3.141592653589793116, 6.283185307179586232 ),
 .UNSPECIFIED. ) 
 CURVE ( )  GEOMETRIC_REPRESENTATION_ITEM ( )  RATIONAL_B_SPLINE_CURVE ( ( 1.000000000000000000, 0.3333333333333333703, 0.3333333333333333703, 1.000000000000000000 ) ) 
 REPRESENTATION_ITEM ( '' )  );
#3332 = CARTESIAN_POINT ( 'NONE',  ( 4.198227193280068548, 5.160536344020097310, 17.93726951551495929 ) ) ;
#3333 = ORIENTED_EDGE ( 'NONE', *, *, #247, .F. ) ;
#3334 = CARTESIAN_POINT ( 'NONE',  ( 1.307373288696024316, 5.000000000000000000, -3.170610245651285464 ) ) ;
#3335 = CARTESIAN_POINT ( 'NONE',  ( -6.867763861665292069, 6.800472433073211143, 16.65553568577801613 ) ) ;
#3336 = EDGE_CURVE ( 'NONE', #3929, #2232, #4029, .T. ) ;
#3337 = CARTESIAN_POINT ( 'NONE',  ( -3.311305838722848893, 5.044148021984972807, 2.710505431213761085E-17 ) ) ;
#3338 = CARTESIAN_POINT ( 'NONE',  ( 4.245295953916741638, 5.535138690320832389, 17.93090681329637093 ) ) ;
#3339 = DIRECTION ( 'NONE',  ( 0.000000000000000000, -1.000000000000000000, 0.000000000000000000 ) ) ;
#3340 = VECTOR ( 'NONE', #4041, 1000.000000000000114 ) ;
#3341 = DIRECTION ( 'NONE',  ( 0.000000000000000000, 1.000000000000000000, -0.000000000000000000 ) ) ;
#3342 = FACE_OUTER_BOUND ( 'NONE', #769, .T. ) ;
#3343 = CARTESIAN_POINT ( 'NONE',  ( -3.166147379857095157, 4.574068002261414634, 0.06312129695225983383 ) ) ;
#3344 = CARTESIAN_POINT ( 'NONE',  ( -4.188831516309961422, 5.366778394119982032, 17.90973443613172478 ) ) ;
#3345 = ORIENTED_EDGE ( 'NONE', *, *, #2624, .F. ) ;
#3346 = CARTESIAN_POINT ( 'NONE',  ( -3.311305838722848449, 2.000000000000000000, 0.000000000000000000 ) ) ;
#3347 = CARTESIAN_POINT ( 'NONE',  ( 7.052828328905353494, 10.00000000000000000, 16.68698554138909884 ) ) ;
#3348 = CARTESIAN_POINT ( 'NONE',  ( 4.178564437670364562, 5.370297644171701634, 17.88254178068610756 ) ) ;
#3349 = VERTEX_POINT ( 'NONE', #2014 ) ;
#3350 = FACE_OUTER_BOUND ( 'NONE', #2264, .T. ) ;
#3351 = CARTESIAN_POINT ( 'NONE',  ( 4.254916596148862418, 4.712845789282808617, 17.97537812073549190 ) ) ;
#3352 = CARTESIAN_POINT ( 'NONE',  ( 4.347876405552755230, 4.196629391875106307, 17.80524600418539549 ) ) ;
#3353 = ORIENTED_EDGE ( 'NONE', *, *, #3125, .F. ) ;
#3354 = FACE_OUTER_BOUND ( 'NONE', #3542, .T. ) ;
#3355 = EDGE_CURVE ( 'NONE', #687, #908, #806, .T. ) ;
#3356 =( BOUNDED_CURVE ( )  B_SPLINE_CURVE ( 3, ( #3451, #2251, #2187, #580 ),
 .UNSPECIFIED., .F., .T. ) 
 B_SPLINE_CURVE_WITH_KNOTS ( ( 4, 4 ),
 ( 3.141592653589793116, 5.682545106051922978 ),
 .UNSPECIFIED. ) 
 CURVE ( )  GEOMETRIC_REPRESENTATION_ITEM ( )  RATIONAL_B_SPLINE_CURVE ( ( 1.000000000000000000, 0.5305506635098595769, 0.5305506635098595769, 1.000000000000000000 ) ) 
 REPRESENTATION_ITEM ( '' )  );
#3357 = CARTESIAN_POINT ( 'NONE',  ( 3.136366177920116627, 8.000000000000000000, 19.64935822909810170 ) ) ;
#3358 = CARTESIAN_POINT ( 'NONE',  ( 10.80191321957146933, 5.000000000000000000, 22.60038548258290803 ) ) ;
#3359 = AXIS2_PLACEMENT_3D ( 'NONE', #3922, #2063, #1194 ) ;
#3360 = VECTOR ( 'NONE', #1696, 1000.000000000000000 ) ;
#3361 = AXIS2_PLACEMENT_3D ( 'NONE', #616, #1884, #3675 ) ;
#3362 = DIRECTION ( 'NONE',  ( 0.3812054721353839715, 0.000000000000000000, 0.9244903396001706852 ) ) ;
#3363 = CARTESIAN_POINT ( 'NONE',  ( 0.000000000000000000, 0.000000000000000000, 57.00000000000000000 ) ) ;
#3364 = CARTESIAN_POINT ( 'NONE',  ( 3.311305838722849781, 5.044148021984111274, 0.000000000000000000 ) ) ;
#3365 = ORIENTED_EDGE ( 'NONE', *, *, #2784, .F. ) ;
#3366 = AXIS2_PLACEMENT_3D ( 'NONE', #2829, #2506, #3788 ) ;
#3367 = CIRCLE ( 'NONE', #881, 2.000000000000001776 ) ;
#3368 = DIRECTION ( 'NONE',  ( -0.000000000000000000, -1.000000000000000000, -0.000000000000000000 ) ) ;
#3369 = LINE ( 'NONE', #3982, #925 ) ;
#3370 = CARTESIAN_POINT ( 'NONE',  ( -9.287108334633668250, 3.072046142573852112, 21.53387221423365716 ) ) ;
#3371 = ORIENTED_EDGE ( 'NONE', *, *, #34, .T. ) ;
#3372 = CARTESIAN_POINT ( 'NONE',  ( -4.244271764961513149, 5.512487755557740066, 17.92441726023094262 ) ) ;
#3373 = CARTESIAN_POINT ( 'NONE',  ( 4.230359650491609003, 4.478513709803225495, 17.88424832762185801 ) ) ;
#3374 = ORIENTED_EDGE ( 'NONE', *, *, #2901, .T. ) ;
#3375 = CARTESIAN_POINT ( 'NONE',  ( -4.233432341285168654, 4.499723336826324527, 17.91060760568116450 ) ) ;
#3376 = CARTESIAN_POINT ( 'NONE',  ( 4.194818521153610646, 4.945703894493621355, 17.94330868341495133 ) ) ;
#3377 = B_SPLINE_CURVE_WITH_KNOTS ( 'NONE', 3,
 ( #2285, #1695, #1970, #1653, #1365, #3953, #3887, #2664 ),
 .UNSPECIFIED., .F., .F.,
 ( 4, 2, 2, 4 ),
 ( 3.203762973340455381E-05, 0.0001390087290382203175, 0.0002459798283430361015, 0.0004599220269526698920 ),
 .UNSPECIFIED. ) ;
#3378 = EDGE_CURVE ( 'NONE', #429, #1183, #3331, .T. ) ;
#3379 = DIRECTION ( 'NONE',  ( -1.214306433183764966E-16, 0.000000000000000000, -1.000000000000000000 ) ) ;
#3380 = DIRECTION ( 'NONE',  ( 2.168404344971008868E-16, 0.000000000000000000, -1.000000000000000000 ) ) ;
#3381 = CARTESIAN_POINT ( 'NONE',  ( -13.18265123102030678, 8.454867660262335605, 24.27656747995998998 ) ) ;
#3382 = DIRECTION ( 'NONE',  ( -0.8454538723340609963, 0.5340484526289178691, 0.000000000000000000 ) ) ;
#3383 = EDGE_CURVE ( 'NONE', #3625, #1780, #3954, .T. ) ;
#3384 = ORIENTED_EDGE ( 'NONE', *, *, #624, .F. ) ;
#3385 = ADVANCED_FACE ( 'NONE', ( #3912 ), #565, .F. ) ;
#3386 = CARTESIAN_POINT ( 'NONE',  ( -4.195572543069557625, 4.999647911604751194, 17.94161667477087008 ) ) ;
#3387 = CARTESIAN_POINT ( 'NONE',  ( -7.177512018581589714, 3.748826800476379617, 20.04859019256939590 ) ) ;
#3388 = EDGE_CURVE ( 'NONE', #1627, #3477, #3890, .T. ) ;
#3389 = ORIENTED_EDGE ( 'NONE', *, *, #354, .F. ) ;
#3390 = CARTESIAN_POINT ( 'NONE',  ( -4.238167138620145380, 5.162756581642474529, 17.94561269094356248 ) ) ;
#3391 = DIRECTION ( 'NONE',  ( 0.9244903396001711293, 0.000000000000000000, 0.3812054721353829168 ) ) ;
#3392 = ORIENTED_EDGE ( 'NONE', *, *, #1573, .T. ) ;
#3393 = CARTESIAN_POINT ( 'NONE',  ( 7.052828328893240517, 8.130901163104773843, 16.68698554139418633 ) ) ;
#3394 = DIRECTION ( 'NONE',  ( -0.3871319990189605598, 0.000000000000000000, -0.9220243030070214285 ) ) ;
#3395 = CARTESIAN_POINT ( 'NONE',  ( -5.822391197798856055, 10.00000000000000000, 15.20871797293252392 ) ) ;
#3396 = DIRECTION ( 'NONE',  ( 0.9220243030070157664, -0.000000000000000000, -0.3871319990189738824 ) ) ;
#3397 = CARTESIAN_POINT ( 'NONE',  ( -1.581281480365415382, 6.500000000000000000, 0.09999999999999982514 ) ) ;
#3398 = FACE_OUTER_BOUND ( 'NONE', #4075, .T. ) ;
#3399 = CARTESIAN_POINT ( 'NONE',  ( -4.252830664492745605, 5.663516145043108629, 17.89007103151366351 ) ) ;
#3400 = ADVANCED_FACE ( 'NONE', ( #717 ), #889, .T. ) ;
#3401 = ORIENTED_EDGE ( 'NONE', *, *, #1684, .T. ) ;
#3402 = CARTESIAN_POINT ( 'NONE',  ( -4.195572533190270903, 5.000000000001701750, 17.94161668970276935 ) ) ;
#3403 = CARTESIAN_POINT ( 'NONE',  ( -10.61104384307225779, 4.512908521706164855, 22.46600202199196161 ) ) ;
#3404 = EDGE_CURVE ( 'NONE', #719, #1221, #745, .T. ) ;
#3405 = ORIENTED_EDGE ( 'NONE', *, *, #2845, .T. ) ;
#3406 = LINE ( 'NONE', #3092, #1681 ) ;
#3407 = CARTESIAN_POINT ( 'NONE',  ( 4.250627366371632299, 4.592242846073277818, 17.96469222989199821 ) ) ;
#3408 = EDGE_CURVE ( 'NONE', #155, #948, #1483, .T. ) ;
#3409 = CARTESIAN_POINT ( 'NONE',  ( -3.136366177920109077, 0.000000000000000000, 19.64935822909810170 ) ) ;
#3410 = CARTESIAN_POINT ( 'NONE',  ( 10.30570235269405899, 6.174267824594332765, 22.25102334447234043 ) ) ;
#3411 = ORIENTED_EDGE ( 'NONE', *, *, #1937, .F. ) ;
#3412 = CARTESIAN_POINT ( 'NONE',  ( -4.221280122124004386, 4.569530600995432401, 17.91774328493836421 ) ) ;
#3413 = CARTESIAN_POINT ( 'NONE',  ( 4.207451760572558541, 4.544356093699467358, 17.88843526979426812 ) ) ;
#3414 = CARTESIAN_POINT ( 'NONE',  ( -3.311305838722848449, 2.000000000000000000, 2.000000000000000000 ) ) ;
#3415 = CARTESIAN_POINT ( 'NONE',  ( -3.238417611034560384, 5.238651148180140993, 8.736754053817284788E-16 ) ) ;
#3416 = CIRCLE ( 'NONE', #129, 0.09999999999999939493 ) ;
#3417 = CARTESIAN_POINT ( 'NONE',  ( -4.753884478273238123, 3.687742861129875038, 17.54415827023036201 ) ) ;
#3418 = CARTESIAN_POINT ( 'NONE',  ( 5.546834667730397683, 0.000000000000000000, 15.15016958239733569 ) ) ;
#3419 = ORIENTED_EDGE ( 'NONE', *, *, #2654, .T. ) ;
#3420 = VECTOR ( 'NONE', #2740, 1000.000000000000000 ) ;
#3421 = CARTESIAN_POINT ( 'NONE',  ( 4.250765765560382548, 5.638904127070563987, 17.80493140897067406 ) ) ;
#3422 = CARTESIAN_POINT ( 'NONE',  ( -9.790672109719917415, 3.165048581506579417, 21.88841123964255075 ) ) ;
#3423 = FACE_OUTER_BOUND ( 'NONE', #82, .T. ) ;
#3424 = TOROIDAL_SURFACE ( 'NONE', #1210, 1.419999999999999707, 0.08000000000000000167 ) ;
#3425 = ORIENTED_EDGE ( 'NONE', *, *, #2372, .T. ) ;
#3426 = CARTESIAN_POINT ( 'NONE',  ( -4.306598075651546509, 8.000000000000000000, 17.84005016695400059 ) ) ;
#3427 = LINE ( 'NONE', #808, #599 ) ;
#3428 = CARTESIAN_POINT ( 'NONE',  ( -8.960712705163764724, 7.000000000000000000, 21.43498379316880786 ) ) ;
#3429 = EDGE_LOOP ( 'NONE', ( #2716, #1988, #2027, #3642, #962, #4062, #3872, #4105 ) ) ;
#3430 = EDGE_CURVE ( 'NONE', #1910, #982, #4055, .T. ) ;
#3431 = CARTESIAN_POINT ( 'NONE',  ( -3.244390706645326361, 4.957849900419057931, -1.541735489274387053E-13 ) ) ;
#3432 = CARTESIAN_POINT ( 'NONE',  ( -4.245336901951337616, 4.461210654528776409, 17.93562262324430989 ) ) ;
#3433 = FACE_OUTER_BOUND ( 'NONE', #1254, .T. ) ;
#3434 = CARTESIAN_POINT ( 'NONE',  ( 10.39378897997158546, 3.709451881950381669, 22.31304160021504046 ) ) ;
#3435 = CARTESIAN_POINT ( 'NONE',  ( 4.233432341276065713, 4.499723336806306762, 17.91060760565419940 ) ) ;
#3436 = CARTESIAN_POINT ( 'NONE',  ( 3.255584723223973853, 4.545672535746228426, -1.761828530288944705E-16 ) ) ;
#3437 = CARTESIAN_POINT ( 'NONE',  ( 7.637984978158736560, 1.738203828057243161, 15.59448307775891074 ) ) ;
#3438 = ORIENTED_EDGE ( 'NONE', *, *, #3207, .F. ) ;
#3439 = DIRECTION ( 'NONE',  ( -0.04521701246061764906, 0.000000000000000000, 0.9989771878196901378 ) ) ;
#3440 = CARTESIAN_POINT ( 'NONE',  ( -10.39378897997133677, 3.709451881950315943, 22.31304160021486283 ) ) ;
#3441 = CYLINDRICAL_SURFACE ( 'NONE', #4107, 2.000000000000000444 ) ;
#3442 = ORIENTED_EDGE ( 'NONE', *, *, #550, .T. ) ;
#3443 = FACE_OUTER_BOUND ( 'NONE', #1375, .T. ) ;
#3444 = CARTESIAN_POINT ( 'NONE',  ( 1.622515602108638655, 4.121320343559642829, 3.934885802130592580 ) ) ;
#3445 =( BOUNDED_CURVE ( )  B_SPLINE_CURVE ( 3, ( #993, #2903, #1075, #2308 ),
 .UNSPECIFIED., .F., .T. ) 
 B_SPLINE_CURVE_WITH_KNOTS ( ( 4, 4 ),
 ( 4.712388980384689674, 6.283185307179586232 ),
 .UNSPECIFIED. ) 
 CURVE ( )  GEOMETRIC_REPRESENTATION_ITEM ( )  RATIONAL_B_SPLINE_CURVE ( ( 1.000000000000000000, 0.8047378541243649375, 0.8047378541243649375, 1.000000000000000000 ) ) 
 REPRESENTATION_ITEM ( '' )  );
#3446 = ORIENTED_EDGE ( 'NONE', *, *, #298, .F. ) ;
#3447 = CARTESIAN_POINT ( 'NONE',  ( 7.373159535547016752, 9.217593256317135442, 16.15369783600439391 ) ) ;
#3448 = CARTESIAN_POINT ( 'NONE',  ( 4.245496171131883045, 5.535700382019321353, 17.93696320155559931 ) ) ;
#3449 =( BOUNDED_CURVE ( )  B_SPLINE_CURVE ( 3, ( #2570, #2253, #947, #2230 ),
 .UNSPECIFIED., .F., .T. ) 
 B_SPLINE_CURVE_WITH_KNOTS ( ( 4, 4 ),
 ( 0.000000000000000000, 1.570796326794896780 ),
 .UNSPECIFIED. ) 
 CURVE ( )  GEOMETRIC_REPRESENTATION_ITEM ( )  RATIONAL_B_SPLINE_CURVE ( ( 1.000000000000000000, 0.8047378541243649375, 0.8047378541243649375, 1.000000000000000000 ) ) 
 REPRESENTATION_ITEM ( '' )  );
#3450 = CARTESIAN_POINT ( 'NONE',  ( 7.014304361088284701, 3.992762047884294230, 19.99847519600088219 ) ) ;
#3451 = CARTESIAN_POINT ( 'NONE',  ( 6.867763861665290293, 5.000000000000000000, 16.65553568577801258 ) ) ;
#3452 = CARTESIAN_POINT ( 'NONE',  ( -9.348623716539689710, 10.00000000000000000, 24.02315920981423858 ) ) ;
#3453 = CARTESIAN_POINT ( 'NONE',  ( 7.606934611423636028, 1.183570800204348572, 16.28215247064530757 ) ) ;
#3454 = ORIENTED_EDGE ( 'NONE', *, *, #3404, .F. ) ;
#3455 = CARTESIAN_POINT ( 'NONE',  ( 3.192988488580396300, 5.900634355559746247, 0.06249672342943399933 ) ) ;
#3456 = CARTESIAN_POINT ( 'NONE',  ( -4.195802112653186811, 4.605672294453871274, 17.90770098888915030 ) ) ;
#3457 = ORIENTED_EDGE ( 'NONE', *, *, #445, .F. ) ;
#3458 = CARTESIAN_POINT ( 'NONE',  ( -3.311305838722848449, 10.00000000000000000, 0.000000000000000000 ) ) ;
#3459 = ORIENTED_EDGE ( 'NONE', *, *, #2576, .F. ) ;
#3460 = DIRECTION ( 'NONE',  ( -0.9995545609306966117, -0.02984425778340682456, 0.000000000000000000 ) ) ;
#3461 = DIRECTION ( 'NONE',  ( -0.3812054721353829723, 0.000000000000000000, 0.9244903396001712403 ) ) ;
#3462 = CARTESIAN_POINT ( 'NONE',  ( 7.516537109457068766, 6.599333678984646845, 20.36913824982854138 ) ) ;
#3463 = EDGE_LOOP ( 'NONE', ( #2469, #3773, #3330 ) ) ;
#3464 = CARTESIAN_POINT ( 'NONE',  ( -4.247442923106551582, 4.513479731110789928, 17.95308701256416484 ) ) ;
#3465 = CARTESIAN_POINT ( 'NONE',  ( 4.279816210931278953, 5.729333198349994660, 17.75717566259661240 ) ) ;
#3466 = CARTESIAN_POINT ( 'NONE',  ( 7.671465709712884440, 8.665954983657837118, 16.31761099257144920 ) ) ;
#3467 = CARTESIAN_POINT ( 'NONE',  ( 4.509840063757439843, 6.110102387392794654, 17.64674850316930943 ) ) ;
#3468 = DIRECTION ( 'NONE',  ( 1.000000000000000000, 0.000000000000000000, 0.000000000000000000 ) ) ;
#3469 = FACE_OUTER_BOUND ( 'NONE', #3197, .T. ) ;
#3470 =( BOUNDED_SURFACE ( )  B_SPLINE_SURFACE ( 3, 2, ( 
 ( #595, #4049, #534 ),
 ( #241, #4133, #1166 ),
 ( #3165, #1248, #2445 ),
 ( #1494, #852, #1512 ),
 ( #3721, #2803, #2524 ),
 ( #3413, #1893, #3186 ),
 ( #3766, #1810, #3100 ),
 ( #2183, #305, #1578 ) ),
 .UNSPECIFIED., .F., .F., .T. ) 
 B_SPLINE_SURFACE_WITH_KNOTS ( ( 4, 2, 2, 4 ),
 ( 3, 3 ),
 ( 0.0006978984745993219380, 0.0008705867187105622174, 0.0009569308407661823029, 0.001043274962821802388 ),
 ( 0.000000000000000000, 0.6164290033330193097 ),
 .UNSPECIFIED. ) 
 GEOMETRIC_REPRESENTATION_ITEM ( )  RATIONAL_B_SPLINE_SURFACE ( (
 ( 1.000000000000000000, 0.8194521250438484561, 0.8614941433139270410),
 ( 1.000000000000000000, 0.8363353719784110130, 0.8744459910212569742),
 ( 1.000000000000000000, 0.8611396352026814416, 0.8934743829543039251),
 ( 1.000000000000000000, 0.9044004209879443756, 0.9266615483948041909),
 ( 1.000000000000000000, 0.9198597976383593444, 0.9385210854141039505),
 ( 1.000000000000000000, 0.9512080349855376316, 0.9625696347001244657),
 ( 1.000000000000000000, 0.9674969952264756978, 0.9750655801286953750),
 ( 1.000000000000000000, 0.9808602435168435330, 0.9853170890595848164) ) ) 
 REPRESENTATION_ITEM ( '' )  SURFACE ( )  );
#3471 = VERTEX_POINT ( 'NONE', #1173 ) ;
#3472 = APPLICATION_CONTEXT ( 'automotive_design' ) ;
#3473 = ADVANCED_FACE ( 'NONE', ( #227 ), #2150, .T. ) ;
#3474 = FACE_OUTER_BOUND ( 'NONE', #2643, .T. ) ;
#3475 = CARTESIAN_POINT ( 'NONE',  ( -13.50000000000000000, 3.000000000000000000, -1.639313684798082704E-15 ) ) ;
#3476 = CARTESIAN_POINT ( 'NONE',  ( -4.162466276140460053, 4.778006380358490901, 17.92412832083661911 ) ) ;
#3477 = VERTEX_POINT ( 'NONE', #1213 ) ;
#3478 = CARTESIAN_POINT ( 'NONE',  ( 1.803884783017675630, 6.599999999990152411, -1.761828530288944705E-16 ) ) ;
#3479 = VERTEX_POINT ( 'NONE', #2492 ) ;
#3480 = AXIS2_PLACEMENT_3D ( 'NONE', #927, #1915, #265 ) ;
#3481 = CIRCLE ( 'NONE', #1670, 0.1000000000000000056 ) ;
#3482 = DIRECTION ( 'NONE',  ( -0.05464909338698048513, 0.7689141853986355413, 0.6370121286794577786 ) ) ;
#3483 = DIRECTION ( 'NONE',  ( 0.000000000000000000, 0.000000000000000000, -1.000000000000000000 ) ) ;
#3484 = CARTESIAN_POINT ( 'NONE',  ( -4.186405583613008297, 4.602849871465140019, 17.88288478020094985 ) ) ;
#3485 = VECTOR ( 'NONE', #1398, 1000.000000000000000 ) ;
#3486 = ORIENTED_EDGE ( 'NONE', *, *, #1265, .T. ) ;
#3487 = AXIS2_PLACEMENT_3D ( 'NONE', #894, #3697, #2733 ) ;
#3488 = AXIS2_PLACEMENT_3D ( 'NONE', #2371, #1732, #3933 ) ;
#3489 = PRODUCT_DEFINITION_SHAPE ( 'NONE', 'NONE',  #4033 ) ;
#3490 = FACE_OUTER_BOUND ( 'NONE', #619, .T. ) ;
#3491 = CARTESIAN_POINT ( 'NONE',  ( 4.287014808054491866, 5.842268488909972746, 17.84827262866945929 ) ) ;
#3492 = ORIENTED_EDGE ( 'NONE', *, *, #1448, .T. ) ;
#3493 = CARTESIAN_POINT ( 'NONE',  ( 7.043120558289706068, 8.261796171942771494, 16.67707908746896805 ) ) ;
#3494 = CARTESIAN_POINT ( 'NONE',  ( -3.312230401223398513, 5.014730532783280736, 0.000000000000000000 ) ) ;
#3495 = CARTESIAN_POINT ( 'NONE',  ( 4.344152921490700869, 5.847756107658261371, 17.71639927782123891 ) ) ;
#3496 = CARTESIAN_POINT ( 'NONE',  ( 2.580744927690645341, 3.773039646069334729, 8.070100252623185166E-14 ) ) ;
#3497 = FACE_OUTER_BOUND ( 'NONE', #2078, .T. ) ;
#3498 = ORIENTED_EDGE ( 'NONE', *, *, #2133, .T. ) ;
#3499 = EDGE_CURVE ( 'NONE', #2690, #3965, #676, .T. ) ;
#3500 = CARTESIAN_POINT ( 'NONE',  ( -7.052828328893392396, 8.130901163104770291, 16.68698554139412593 ) ) ;
#3501 = LINE ( 'NONE', #1918, #3746 ) ;
#3502 = CARTESIAN_POINT ( 'NONE',  ( -4.201020620037336784, 4.782781975037489808, 17.93428815927494213 ) ) ;
#3503 = EDGE_CURVE ( 'NONE', #3064, #3908, #2448, .T. ) ;
#3504 = ORIENTED_EDGE ( 'NONE', *, *, #3120, .T. ) ;
#3505 = DIRECTION ( 'NONE',  ( 0.000000000000000000, 0.000000000000000000, 1.000000000000000000 ) ) ;
#3506 = ORIENTED_EDGE ( 'NONE', *, *, #3925, .F. ) ;
#3507 = DIRECTION ( 'NONE',  ( -0.02984425778340361532, 0.9995545609306966117, -8.669753811830860394E-15 ) ) ;
#3508 = DIRECTION ( 'NONE',  ( -0.9220243030070157664, 0.000000000000000000, 0.3871319990189738824 ) ) ;
#3509 = CARTESIAN_POINT ( 'NONE',  ( -10.80191321956436923, 5.274938912189190532, 22.60038548257790936 ) ) ;
#3510 = EDGE_CURVE ( 'NONE', #2460, #1191, #415, .T. ) ;
#3511 = ORIENTED_EDGE ( 'NONE', *, *, #2042, .F. ) ;
#3512 = CARTESIAN_POINT ( 'NONE',  ( -4.243226582166034433, 4.391004289016405160, 17.82240456721783062 ) ) ;
#3513 = CARTESIAN_POINT ( 'NONE',  ( -9.107298248878237246E-15, 3.500000000000000444, 3.934885802130593468 ) ) ;
#3514 = CARTESIAN_POINT ( 'NONE',  ( -7.651552176556194240, 8.000000000000000000, 15.59736574444821500 ) ) ;
#3515 = VERTEX_POINT ( 'NONE', #1581 ) ;
#3516 = CARTESIAN_POINT ( 'NONE',  ( 5.822391197798731710, 9.999999999999998224, 15.20871797293370342 ) ) ;
#3517 = CARTESIAN_POINT ( 'NONE',  ( 3.311305838722849781, 4.955851978015888726, 0.000000000000000000 ) ) ;
#3518 = CARTESIAN_POINT ( 'NONE',  ( 11.65137628346032450, 9.999999999999998224, 23.19845830213713711 ) ) ;
#3519 = CARTESIAN_POINT ( 'NONE',  ( 4.548158370580509313, 3.889448033762542334, 17.73862581235225733 ) ) ;
#3520 = CARTESIAN_POINT ( 'NONE',  ( -1.622515602108656418, 5.000000000000000000, 3.934885802130594357 ) ) ;
#3521 = CARTESIAN_POINT ( 'NONE',  ( -4.214818654030865197, 4.844435680154005830, 17.85916700335455687 ) ) ;
#3522 = ORIENTED_EDGE ( 'NONE', *, *, #2869, .T. ) ;
#3523 = CARTESIAN_POINT ( 'NONE',  ( 10.50000000000000533, 10.00000000000000000, 54.00000000000000000 ) ) ;
#3524 = ADVANCED_FACE ( 'NONE', ( #645 ), #2347, .T. ) ;
#3525 = ORIENTED_EDGE ( 'NONE', *, *, #1001, .T. ) ;
#3526 = ORIENTED_EDGE ( 'NONE', *, *, #1432, .T. ) ;
#3527 = CARTESIAN_POINT ( 'NONE',  ( -13.50000000000000178, 3.000000000000000000, 24.50000000000001421 ) ) ;
#3528 = EDGE_CURVE ( 'NONE', #587, #3064, #3742, .T. ) ;
#3529 = CARTESIAN_POINT ( 'NONE',  ( 4.259715629220387711, 5.033917909668677915, 17.98395738744703110 ) ) ;
#3530 = AXIS2_PLACEMENT_3D ( 'NONE', #4017, #3694, #1778 ) ;
#3531 = VERTEX_POINT ( 'NONE', #3169 ) ;
#3532 = EDGE_CURVE ( 'NONE', #3176, #3064, #1668, .T. ) ;
#3533 = CARTESIAN_POINT ( 'NONE',  ( 3.311305838722849781, 4.955851978015888726, 0.000000000000000000 ) ) ;
#3534 = CARTESIAN_POINT ( 'NONE',  ( 4.382260436832085659, 5.848053821592945845, 17.80828167556077446 ) ) ;
#3535 = CARTESIAN_POINT ( 'NONE',  ( 9.031358099796010563, 2.899999999999999911, 21.35380874761279202 ) ) ;
#3536 = VERTEX_POINT ( 'NONE', #288 ) ;
#3537 = CARTESIAN_POINT ( 'NONE',  ( -4.251607102359038493, 4.618585095647401495, 17.96729113331197425 ) ) ;
#3538 = FACE_OUTER_BOUND ( 'NONE', #1617, .T. ) ;
#3539 = CARTESIAN_POINT ( 'NONE',  ( 4.743722409435208398, 3.600259051871922633, 17.65651398834611996 ) ) ;
#3540 = CARTESIAN_POINT ( 'NONE',  ( -6.462962800404413066, 6.145263096710614548, 16.93465343957473479 ) ) ;
#3541 = DIRECTION ( 'NONE',  ( -1.214306433183764966E-16, 0.000000000000000000, 1.000000000000000000 ) ) ;
#3542 = EDGE_LOOP ( 'NONE', ( #408, #2379, #2952 ) ) ;
#3543 = CARTESIAN_POINT ( 'NONE',  ( 3.218892004352636782, 5.041388770610104153, 0.06189396702817450552 ) ) ;
#3544 = CARTESIAN_POINT ( 'NONE',  ( -3.218892004352636782, 5.041388770610911507, 0.06189396702817491491 ) ) ;
#3545 = EDGE_LOOP ( 'NONE', ( #3015, #1972, #1741, #1356 ) ) ;
#3546 = CARTESIAN_POINT ( 'NONE',  ( 4.256784651997983282, 5.226659650965957304, 17.97883586613993145 ) ) ;
#3547 = ORIENTED_EDGE ( 'NONE', *, *, #3528, .T. ) ;
#3548 = EDGE_CURVE ( 'NONE', #3625, #296, #3449, .T. ) ;
#3549 = CARTESIAN_POINT ( 'NONE',  ( -12.45104311349585657, 2.385453267662458909, 23.76147159379677021 ) ) ;
#3550 = FACE_OUTER_BOUND ( 'NONE', #3463, .T. ) ;
#3551 = VECTOR ( 'NONE', #4078, 999.9999999999998863 ) ;
#3552 = ORIENTED_EDGE ( 'NONE', *, *, #187, .T. ) ;
#3553 = EDGE_CURVE ( 'NONE', #1683, #1057, #2709, .T. ) ;
#3554 = CARTESIAN_POINT ( 'NONE',  ( -7.052828328893350651, 1.869098836895244142, 16.68698554139414370 ) ) ;
#3555 = AXIS2_PLACEMENT_3D ( 'NONE', #2171, #3796, #1053 ) ;
#3556 = CARTESIAN_POINT ( 'NONE',  ( 6.825447212116019458, 4.465162382758364856, 19.80071550511149781 ) ) ;
#3557 = ORIENTED_EDGE ( 'NONE', *, *, #298, .T. ) ;
#3558 = CARTESIAN_POINT ( 'NONE',  ( 7.052828328905353494, 2.000000000000000000, 16.68698554138909884 ) ) ;
#3559 = CARTESIAN_POINT ( 'NONE',  ( 4.223670101656647802, 5.444582771058655624, 17.91704871346895800 ) ) ;
#3560 = EDGE_CURVE ( 'NONE', #651, #3115, #623, .T. ) ;
#3561 = AXIS2_PLACEMENT_3D ( 'NONE', #3206, #8, #3271 ) ;
#3562 = AXIS2_PLACEMENT_3D ( 'NONE', #3670, #1772, #2742 ) ;
#3563 = EDGE_CURVE ( 'NONE', #3639, #2318, #1233, .T. ) ;
#3564 = VECTOR ( 'NONE', #240, 1000.000000000000000 ) ;
#3565 = DIRECTION ( 'NONE',  ( 0.000000000000000000, 0.000000000000000000, -1.000000000000000000 ) ) ;
#3566 = DIRECTION ( 'NONE',  ( 0.000000000000000000, -0.07207456879672594074, 0.9973992463064957903 ) ) ;
#3567 = DIRECTION ( 'NONE',  ( 0.9989771878196902488, 0.000000000000000000, 0.04521701246061602536 ) ) ;
#3568 = ORIENTED_EDGE ( 'NONE', *, *, #2763, .F. ) ;
#3569 = CYLINDRICAL_SURFACE ( 'NONE', #605, 3.000000000000002665 ) ;
#3570 = CARTESIAN_POINT ( 'NONE',  ( -6.826571159548890044, 5.000000000000000000, 18.56348357551666339 ) ) ;
#3571 = ORIENTED_EDGE ( 'NONE', *, *, #3979, .T. ) ;
#3572 = CARTESIAN_POINT ( 'NONE',  ( 3.015997461088122833, 5.793558677046208416, -2.723616624433478916E-14 ) ) ;
#3573 = ORIENTED_EDGE ( 'NONE', *, *, #1553, .T. ) ;
#3574 = CARTESIAN_POINT ( 'NONE',  ( -4.233432341276059496, 5.500276663193679028, 17.91060760565419940 ) ) ;
#3575 = CARTESIAN_POINT ( 'NONE',  ( 8.209951411076266581, 0.000000000000000000, 11.66087180693079439 ) ) ;
#3576 = ORIENTED_EDGE ( 'NONE', *, *, #1500, .T. ) ;
#3577 = CARTESIAN_POINT ( 'NONE',  ( -5.744004304908656877, -7.918610107577128591E-16, 15.35137457605478950 ) ) ;
#3578 = CARTESIAN_POINT ( 'NONE',  ( 10.64444668661674953, 4.738153416962762599, 22.67763071618066917 ) ) ;
#3579 = ORIENTED_EDGE ( 'NONE', *, *, #1934, .F. ) ;
#3580 = CARTESIAN_POINT ( 'NONE',  ( -4.233432341257970855, 4.499723336976634513, 17.91060760573355992 ) ) ;
#3581 = CARTESIAN_POINT ( 'NONE',  ( -8.209951411076264804, 8.000000000000000000, 11.66087180693078018 ) ) ;
#3582 = EDGE_CURVE ( 'NONE', #189, #2361, #1605, .T. ) ;
#3583 = PLANE ( 'NONE',  #2896 ) ;
#3584 = CARTESIAN_POINT ( 'NONE',  ( -6.906129898291641034, 5.317482236236938498, 16.74858007475576116 ) ) ;
#3585 = CARTESIAN_POINT ( 'NONE',  ( 12.62534895234479748, 2.738252096848955652, 23.88419333290088176 ) ) ;
#3586 =( BOUNDED_CURVE ( )  B_SPLINE_CURVE ( 3, ( #3952, #1991, #3279, #405 ),
 .UNSPECIFIED., .F., .T. ) 
 B_SPLINE_CURVE_WITH_KNOTS ( ( 4, 4 ),
 ( 0.000000000000000000, 3.141592653589793116 ),
 .UNSPECIFIED. ) 
 CURVE ( )  GEOMETRIC_REPRESENTATION_ITEM ( )  RATIONAL_B_SPLINE_CURVE ( ( 1.000000000000000000, 0.3333333333333333703, 0.3333333333333333703, 1.000000000000000000 ) ) 
 REPRESENTATION_ITEM ( '' )  );
#3587 = ORIENTED_EDGE ( 'NONE', *, *, #1240, .F. ) ;
#3588 = ADVANCED_FACE ( 'NONE', ( #1297 ), #875, .T. ) ;
#3589 = CARTESIAN_POINT ( 'NONE',  ( -6.769786965925978173, 5.000000000000000000, 19.81801391644609112 ) ) ;
#3590 = SPHERICAL_SURFACE ( 'NONE', #4039, 3.000000000000000000 ) ;
#3591 = DIRECTION ( 'NONE',  ( 0.9244903396001706852, 0.000000000000000000, -0.3812054721353840825 ) ) ;
#3592 = CARTESIAN_POINT ( 'NONE',  ( -4.217326352089864727, 5.387441730807708495, 17.92185131543726584 ) ) ;
#3593 = ORIENTED_EDGE ( 'NONE', *, *, #1150, .F. ) ;
#3594 =( BOUNDED_CURVE ( )  B_SPLINE_CURVE ( 3, ( #851, #482, #2461, #2702 ),
 .UNSPECIFIED., .F., .T. ) 
 B_SPLINE_CURVE_WITH_KNOTS ( ( 4, 4 ),
 ( 3.141592653589793116, 4.712388980384689674 ),
 .UNSPECIFIED. ) 
 CURVE ( )  GEOMETRIC_REPRESENTATION_ITEM ( )  RATIONAL_B_SPLINE_CURVE ( ( 1.000000000000000000, 0.8047378541243649375, 0.8047378541243649375, 1.000000000000000000 ) ) 
 REPRESENTATION_ITEM ( '' )  );
#3595 = CARTESIAN_POINT ( 'NONE',  ( 3.311305838722849781, 5.044148021984111274, 0.000000000000000000 ) ) ;
#3596 = CARTESIAN_POINT ( 'NONE',  ( -10.80191321957139650, 5.000000000000000000, 22.60038548258285473 ) ) ;
#3597 = VERTEX_POINT ( 'NONE', #32 ) ;
#3598 = CARTESIAN_POINT ( 'NONE',  ( 4.241144257647911253, 4.595281894671424006, 17.93626070351550794 ) ) ;
#3599 = PLANE ( 'NONE',  #207 ) ;
#3600 = DIRECTION ( 'NONE',  ( 0.000000000000000000, -1.000000000000000000, 0.000000000000000000 ) ) ;
#3601 = ORIENTED_EDGE ( 'NONE', *, *, #3722, .F. ) ;
#3602 = CARTESIAN_POINT ( 'NONE',  ( 3.218892004352636782, 5.041388770610104153, 0.06189396702817450552 ) ) ;
#3603 = CARTESIAN_POINT ( 'NONE',  ( -4.243294317273271332, 4.390780768544973789, 17.82228945616021321 ) ) ;
#3604 = ADVANCED_FACE ( 'NONE', ( #3469 ), #1253, .T. ) ;
#3605 = CARTESIAN_POINT ( 'NONE',  ( 6.239089654641014171, 10.00000000000000000, 14.85951123853422651 ) ) ;
#3606 = CARTESIAN_POINT ( 'NONE',  ( -4.743722409435074283, 6.399740948128127549, 17.65651398834616970 ) ) ;
#3607 = CARTESIAN_POINT ( 'NONE',  ( 10.89276985236182504, -5.030833775691377078E-16, 24.92597482416838517 ) ) ;
#3608 = ORIENTED_EDGE ( 'NONE', *, *, #3734, .F. ) ;
#3609 = CARTESIAN_POINT ( 'NONE',  ( 4.233432341276065713, 4.499723336806306762, 17.91060760565419940 ) ) ;
#3610 = LINE ( 'NONE', #2012, #1539 ) ;
#3611 =( BOUNDED_SURFACE ( )  B_SPLINE_SURFACE ( 3, 2, ( 
 ( #1236, #2530, #2921 ),
 ( #3797, #1919, #931 ),
 ( #1321, #2592, #15 ),
 ( #2172, #3456, #1301 ),
 ( #648, #1877, #2216 ),
 ( #2193, #3194, #311 ),
 ( #2573, #3476, #3502 ),
 ( #3173, #2875, #292 ) ),
 .UNSPECIFIED., .F., .F., .T. ) 
 B_SPLINE_SURFACE_WITH_KNOTS ( ( 4, 2, 2, 4 ),
 ( 3, 3 ),
 ( 3.386486433410710770E-05, 0.0001202882896494134469, 0.0002067117149647197726, 0.0003795585655953324510 ),
 ( 0.000000000000000000, 0.6164294045407655576 ),
 .UNSPECIFIED. ) 
 GEOMETRIC_REPRESENTATION_ITEM ( )  RATIONAL_B_SPLINE_SURFACE ( (
 ( 1.000000000000000000, 0.9808707668470036944, 0.9853251772976532319),
 ( 1.000000000000000000, 0.9674044440584278481, 0.9749946063963326193),
 ( 1.000000000000000000, 0.9509637248906290807, 0.9623822535143914392),
 ( 1.000000000000000000, 0.9195328481736377846, 0.9382703333181072747),
 ( 1.000000000000000000, 0.9042373219821344676, 0.9265365051398326557),
 ( 1.000000000000000000, 0.8611674862325454649, 0.8934958600502300730),
 ( 1.000000000000000000, 0.8361278639869922369, 0.8742869344206278814),
 ( 1.000000000000000000, 0.8194520075328053377, 0.8614941980407775368) ) ) 
 REPRESENTATION_ITEM ( '' )  SURFACE ( )  );
#3612 = FACE_OUTER_BOUND ( 'NONE', #16, .T. ) ;
#3613 = CARTESIAN_POINT ( 'NONE',  ( 12.65137628346032095, 2.414213562373094479, 23.90251813119696678 ) ) ;
#3614 = B_SPLINE_CURVE_WITH_KNOTS ( 'NONE', 3,
 ( #17, #976, #1654, #2594, #387, #2237 ),
 .UNSPECIFIED., .F., .F.,
 ( 4, 2, 4 ),
 ( 0.000000000000000000, 0.0001893336202933817883, 0.0003786672405867635765 ),
 .UNSPECIFIED. ) ;
#3615 = ADVANCED_FACE ( 'NONE', ( #3497 ), #1311, .T. ) ;
#3616 = ORIENTED_EDGE ( 'NONE', *, *, #2631, .T. ) ;
#3617 = DIRECTION ( 'NONE',  ( 1.214306433183764966E-16, -0.000000000000000000, -1.000000000000000000 ) ) ;
#3618 = EDGE_CURVE ( 'NONE', #2220, #682, #1837, .T. ) ;
#3619 = CARTESIAN_POINT ( 'NONE',  ( 4.232087717942159877, 5.467948326758463651, 17.91975880335036564 ) ) ;
#3620 = ORIENTED_EDGE ( 'NONE', *, *, #3311, .F. ) ;
#3621 =( BOUNDED_SURFACE ( )  B_SPLINE_SURFACE ( 3, 2, ( 
 ( #1964, #3002, #30 ),
 ( #446, #1068, #2657 ),
 ( #1397, #3338, #3648 ),
 ( #2678, #3968, #2322 ) ),
 .UNSPECIFIED., .F., .F., .T. ) 
 B_SPLINE_SURFACE_WITH_KNOTS ( ( 4, 4 ),
 ( 3, 3 ),
 ( 0.000000000000000000, 2.402505080640797449E-05 ),
 ( 0.000000000000000000, 1.000000000000000000 ),
 .UNSPECIFIED. ) 
 GEOMETRIC_REPRESENTATION_ITEM ( )  RATIONAL_B_SPLINE_SURFACE ( (
 ( 1.000000000000000000, 0.9729126845146396363, 1.000000000000000000),
 ( 1.000000000000000000, 0.9960884855295056850, 1.000000000000000000),
 ( 1.000000000000000000, 0.9991953083130346025, 1.000000000000000000),
 ( 1.000000000000000000, 1.000000000000000000, 1.000000000000000000) ) ) 
 REPRESENTATION_ITEM ( '' )  SURFACE ( )  );
#3622 = DIRECTION ( 'NONE',  ( 0.000000000000000000, 0.000000000000000000, 1.000000000000000000 ) ) ;
#3623 = CARTESIAN_POINT ( 'NONE',  ( 4.212659709509313011, 5.370245301965915097, 17.92169645660329280 ) ) ;
#3624 = VECTOR ( 'NONE', #627, 999.9999999999998863 ) ;
#3625 = VERTEX_POINT ( 'NONE', #3004 ) ;
#3626 = CYLINDRICAL_SURFACE ( 'NONE', #3634, 1.999999999999998224 ) ;
#3627 = CIRCLE ( 'NONE', #2138, 2.000000000000000444 ) ;
#3628 = CARTESIAN_POINT ( 'NONE',  ( 13.50000000000000178, 6.999999999999995559, 24.50000000000001066 ) ) ;
#3629 = DIRECTION ( 'NONE',  ( 0.000000000000000000, 0.000000000000000000, -1.000000000000000000 ) ) ;
#3630 = AXIS2_PLACEMENT_3D ( 'NONE', #3363, #800, #1172 ) ;
#3631 = VECTOR ( 'NONE', #1652, 1000.000000000000114 ) ;
#3632 = CARTESIAN_POINT ( 'NONE',  ( 4.198227193280070324, 5.160536344020097310, 17.93726951551496285 ) ) ;
#3633 = CIRCLE ( 'NONE', #72, 3.000000000000000000 ) ;
#3634 = AXIS2_PLACEMENT_3D ( 'NONE', #707, #3319, #353 ) ;
#3635 = CARTESIAN_POINT ( 'NONE',  ( 10.64444668661648663, 5.000000000000000000, 22.67763071618653115 ) ) ;
#3636 = DIRECTION ( 'NONE',  ( -1.000000000000000000, 0.000000000000000000, 0.000000000000000000 ) ) ;
#3637 = CARTESIAN_POINT ( 'NONE',  ( -11.50000000000000355, 10.00000000000000000, 25.53785682819068015 ) ) ;
#3638 = CARTESIAN_POINT ( 'NONE',  ( 3.218892004352636782, 5.041388770610103265, 0.06189396702817445695 ) ) ;
#3639 = VERTEX_POINT ( 'NONE', #1362 ) ;
#3640 = CARTESIAN_POINT ( 'NONE',  ( -4.245496171131672547, 5.535700382024728583, 17.93696320155323320 ) ) ;
#3641 = EDGE_CURVE ( 'NONE', #1436, #2058, #4165, .T. ) ;
#3642 = ORIENTED_EDGE ( 'NONE', *, *, #596, .T. ) ;
#3643 = EDGE_CURVE ( 'NONE', #2793, #2325, #535, .T. ) ;
#3644 = CARTESIAN_POINT ( 'NONE',  ( -4.258074709438689709, 5.166129871215821012, 17.98113798906561200 ) ) ;
#3645 = CARTESIAN_POINT ( 'NONE',  ( 4.250473378784320744, 5.411831492443544001, 17.96425318805557225 ) ) ;
#3646 = ORIENTED_EDGE ( 'NONE', *, *, #1127, .T. ) ;
#3647 = CYLINDRICAL_SURFACE ( 'NONE', #208, 2.000000000000000000 ) ;
#3648 = CARTESIAN_POINT ( 'NONE',  ( 4.245336901951345610, 5.538789345471242243, 17.93562262324435608 ) ) ;
#3649 = B_SPLINE_CURVE_WITH_KNOTS ( 'NONE', 3,
 ( #2440, #1746, #2759, #3407, #2779, #3351, #153, #4045 ),
 .UNSPECIFIED., .F., .F.,
 ( 4, 2, 2, 4 ),
 ( 0.000000000000000000, 9.088457653651203240E-05, 0.0001817691530730240648, 0.0003635383061460455275 ),
 .UNSPECIFIED. ) ;
#3650 = CARTESIAN_POINT ( 'NONE',  ( 3.311305838722849781, 10.00000000000000000, 0.000000000000000000 ) ) ;
#3651 = LINE ( 'NONE', #1669, #677 ) ;
#3652 = CARTESIAN_POINT ( 'NONE',  ( -11.50000000000000355, 7.000000000000000000, 25.53785682819068015 ) ) ;
#3653 = CARTESIAN_POINT ( 'NONE',  ( -3.218892004352636782, 4.958611229389087605, 0.06189396702817491491 ) ) ;
#3654 = LINE ( 'NONE', #2352, #3360 ) ;
#3655 = ORIENTED_EDGE ( 'NONE', *, *, #2951, .F. ) ;
#3656 = LINE ( 'NONE', #474, #194 ) ;
#3657 = EDGE_CURVE ( 'NONE', #1057, #587, #944, .T. ) ;
#3658 = DIRECTION ( 'NONE',  ( -1.214306433183764966E-16, -0.000000000000000000, -1.000000000000000000 ) ) ;
#3659 = EDGE_LOOP ( 'NONE', ( #1234, #110, #829, #2670, #77 ) ) ;
#3660 = CARTESIAN_POINT ( 'NONE',  ( -7.052828328905349053, 10.00000000000000000, 16.68698554138910239 ) ) ;
#3661 = FACE_OUTER_BOUND ( 'NONE', #174, .T. ) ;
#3662 = VERTEX_POINT ( 'NONE', #1070 ) ;
#3663 = CARTESIAN_POINT ( 'NONE',  ( -4.287742461380424253, 2.000000000000000000, 18.01401953210438833 ) ) ;
#3664 = CARTESIAN_POINT ( 'NONE',  ( 4.211469586600096626, 5.359715885267636537, 17.92251294254964833 ) ) ;
#3665 = ADVANCED_FACE ( 'NONE', ( #2343 ), #1735, .T. ) ;
#3666 = DIRECTION ( 'NONE',  ( -0.9948489455978173357, -0.1013685130743813417, 0.000000000000000000 ) ) ;
#3667 = CYLINDRICAL_SURFACE ( 'NONE', #1530, 2.000000000000000000 ) ;
#3668 = CARTESIAN_POINT ( 'NONE',  ( 4.237652744009539951, 5.053651858092300664, 17.94875322742205981 ) ) ;
#3669 = CARTESIAN_POINT ( 'NONE',  ( -4.218160774554703174, 5.481728560550210183, 17.89163023965164001 ) ) ;
#3670 = CARTESIAN_POINT ( 'NONE',  ( 10.50000000000000533, 0.000000000000000000, 54.00000000000000000 ) ) ;
#3671 = CARTESIAN_POINT ( 'NONE',  ( -13.45961461509874901, 7.596767121356355901, 24.47156627280997654 ) ) ;
#3672 = CARTESIAN_POINT ( 'NONE',  ( -4.232136638945900309, 5.468094888041130197, 17.91979445574171592 ) ) ;
#3673 = ORIENTED_EDGE ( 'NONE', *, *, #718, .F. ) ;
#3674 = CARTESIAN_POINT ( 'NONE',  ( 3.219515708210870741, 5.000000000017759128, 0.06187956703745310649 ) ) ;
#3675 = DIRECTION ( 'NONE',  ( 0.000000000000000000, 0.000000000000000000, -1.000000000000000000 ) ) ;
#3676 = ORIENTED_EDGE ( 'NONE', *, *, #2736, .T. ) ;
#3677 = CARTESIAN_POINT ( 'NONE',  ( 4.198227193280071212, 5.160536344020098198, 17.93726951551496285 ) ) ;
#3678 = DIRECTION ( 'NONE',  ( 0.9858558466698175149, 0.000000000000000000, 0.1675954939338688277 ) ) ;
#3679 = ORIENTED_EDGE ( 'NONE', *, *, #899, .T. ) ;
#3680 = ADVANCED_FACE ( 'NONE', ( #1887 ), #557, .F. ) ;
#3681 = CARTESIAN_POINT ( 'NONE',  ( 6.867763861665290293, 5.000000000000000000, 16.65553568577801258 ) ) ;
#3682 = CARTESIAN_POINT ( 'NONE',  ( 4.238167138620152485, 4.837243418357448199, 17.94561269094355893 ) ) ;
#3683 = AXIS2_PLACEMENT_3D ( 'NONE', #3840, #2834, #1317 ) ;
#3684 = EDGE_CURVE ( 'NONE', #2726, #3471, #3213, .T. ) ;
#3685 = AXIS2_PLACEMENT_3D ( 'NONE', #2630, #1358, #1933 ) ;
#3686 = FACE_OUTER_BOUND ( 'NONE', #1034, .T. ) ;
#3687 = CARTESIAN_POINT ( 'NONE',  ( -2.000324405320203169, 6.472764506518583261, -8.265506052896805871E-14 ) ) ;
#3688 = CARTESIAN_POINT ( 'NONE',  ( -12.34364019701249937, 9.399000490106789840, 25.26647466644977413 ) ) ;
#3689 = CARTESIAN_POINT ( 'NONE',  ( 6.751127845765314106, 0.7709065365859811836, 16.37911032964136737 ) ) ;
#3690 = VERTEX_POINT ( 'NONE', #106 ) ;
#3691 = VECTOR ( 'NONE', #4081, 1000.000000000000000 ) ;
#3692 = AXIS2_PLACEMENT_3D ( 'NONE', #1033, #715, #450 ) ;
#3693 = DIRECTION ( 'NONE',  ( -0.9220243030070276458, 0.000000000000000000, -0.3871319990189453497 ) ) ;
#3694 = DIRECTION ( 'NONE',  ( -0.04521701246061771151, 0.000000000000000000, 0.9989771878196901378 ) ) ;
#3695 = CARTESIAN_POINT ( 'NONE',  ( -9.897696543085599430, 3.400666321015550331, 22.12650638280407733 ) ) ;
#3696 = ORIENTED_EDGE ( 'NONE', *, *, #195, .T. ) ;
#3697 = DIRECTION ( 'NONE',  ( 0.000000000000000000, 1.000000000000000000, -0.000000000000000000 ) ) ;
#3698 = CARTESIAN_POINT ( 'NONE',  ( 4.233432341257976184, 5.500276663023369927, 17.91060760573356347 ) ) ;
#3699 = VERTEX_POINT ( 'NONE', #3266 ) ;
#3700 = DIRECTION ( 'NONE',  ( -0.5211084629975031302, 0.8249685319335027245, 0.2187987456816461451 ) ) ;
#3701 = EDGE_CURVE ( 'NONE', #185, #1287, #1084, .T. ) ;
#3702 = CARTESIAN_POINT ( 'NONE',  ( 5.282234515307312250, 2.666901017465773016, 17.32205298877833499 ) ) ;
#3703 = CARTESIAN_POINT ( 'NONE',  ( 4.194818521153726110, 5.054296105506378645, 17.94330868341497265 ) ) ;
#3704 = ADVANCED_FACE ( 'NONE', ( #393 ), #1155, .T. ) ;
#3705 = CARTESIAN_POINT ( 'NONE',  ( 0.000000000000000000, 8.000000000000000000, 2.000000000000000000 ) ) ;
#3706 = CARTESIAN_POINT ( 'NONE',  ( -2.889235643183059032, 5.957274550272253499, 1.040982839455223000E-15 ) ) ;
#3707 = CARTESIAN_POINT ( 'NONE',  ( -13.50000000000000178, 6.999999999999999112, 24.50000000000001421 ) ) ;
#3708 = CARTESIAN_POINT ( 'NONE',  ( 6.491862429322191375, 0.1641586907799721107, 15.66944305663636605 ) ) ;
#3709 = B_SPLINE_CURVE_WITH_KNOTS ( 'NONE', 3,
 ( #2263, #1242, #2241, #3529, #3804, #654, #1328 ),
 .UNSPECIFIED., .F., .F.,
 ( 4, 3, 4 ),
 ( 0.000000000000000000, 0.0002000743768247271385, 0.0003323067649928089398 ),
 .UNSPECIFIED. ) ;
#3710 = ORIENTED_EDGE ( 'NONE', *, *, #3207, .T. ) ;
#3711 = ADVANCED_FACE ( 'NONE', ( #4000 ), #2303, .T. ) ;
#3712 = FACE_OUTER_BOUND ( 'NONE', #4037, .T. ) ;
#3713 = LINE ( 'NONE', #3066, #3340 ) ;
#3714 = CARTESIAN_POINT ( 'NONE',  ( -9.297925656146929896, 2.954657381946015349, 21.54148825577011905 ) ) ;
#3715 = ORIENTED_EDGE ( 'NONE', *, *, #1269, .T. ) ;
#3716 = CARTESIAN_POINT ( 'NONE',  ( -4.241144257647904148, 5.404718105328560895, 17.93626070351562163 ) ) ;
#3717 = CARTESIAN_POINT ( 'NONE',  ( -9.214208825091448674, 6.947945350527716002, 21.62207164486934730 ) ) ;
#3718 = CARTESIAN_POINT ( 'NONE',  ( 9.031358099795706806, 7.100000000000000533, 21.35380874761258241 ) ) ;
#3719 = ORIENTED_EDGE ( 'NONE', *, *, #2980, .T. ) ;
#3720 = CYLINDRICAL_SURFACE ( 'NONE', #2287, 1.499999999999999778 ) ;
#3721 = CARTESIAN_POINT ( 'NONE',  ( 4.187156865611608048, 4.600426490293370030, 17.88296223781344096 ) ) ;
#3722 = EDGE_CURVE ( 'NONE', #3929, #1275, #929, .T. ) ;
#3723 = CARTESIAN_POINT ( 'NONE',  ( 10.74434440539845426, 5.000000000000000000, 22.68215241743259369 ) ) ;
#3724 = CARTESIAN_POINT ( 'NONE',  ( -4.233432341285168654, 4.499723336826324527, 17.91060760568116450 ) ) ;
#3725 = CARTESIAN_POINT ( 'NONE',  ( -13.12135918841414650, 8.510856884737501460, 25.44899489983059127 ) ) ;
#3726 = CARTESIAN_POINT ( 'NONE',  ( 7.651552176554052842, 1.869098836895222382, 15.59736574443557799 ) ) ;
#3727 = ADVANCED_FACE ( 'NONE', ( #3474 ), #3166, .T. ) ;
#3728 = ORIENTED_EDGE ( 'NONE', *, *, #4056, .T. ) ;
#3729 = CARTESIAN_POINT ( 'NONE',  ( 1.581281480365390069, 3.400000000000001243, 0.000000000000000000 ) ) ;
#3730 = FACE_OUTER_BOUND ( 'NONE', #913, .T. ) ;
#3731 = CARTESIAN_POINT ( 'NONE',  ( -3.311305838722848893, 10.00000000000000000, 2.000000000000000000 ) ) ;
#3732 = ADVANCED_FACE ( 'NONE', ( #179 ), #4009, .T. ) ;
#3733 = ORIENTED_EDGE ( 'NONE', *, *, #1518, .F. ) ;
#3734 = EDGE_CURVE ( 'NONE', #1291, #1122, #267, .T. ) ;
#3735 = DIRECTION ( 'NONE',  ( 1.000000000000000000, 0.000000000000000000, 0.000000000000000000 ) ) ;
#3736 = CARTESIAN_POINT ( 'NONE',  ( 4.306598075651553614, 2.000000000000000000, 17.84005016695400059 ) ) ;
#3737 =( BOUNDED_SURFACE ( )  B_SPLINE_SURFACE ( 3, 2, ( 
 ( #3133, #3527, #3850 ),
 ( #978, #3198, #4125 ),
 ( #915, #935, #614 ),
 ( #367, #1259, #2880 ),
 ( #3549, #4167, #1326 ),
 ( #1613, #1284, #1635 ),
 ( #2927, #40, #652 ),
 ( #2261, #3780, #633 ),
 ( #2861, #317, #3868 ),
 ( #297, #590, #1589 ) ),
 .UNSPECIFIED., .F., .F., .T. ) 
 B_SPLINE_SURFACE_WITH_KNOTS ( ( 4, 2, 2, 2, 4 ),
 ( 3, 3 ),
 ( 0.000000000000000000, 0.3926990816987241395, 0.7853981633974482790, 1.178097245096172418, 1.570796326794896558 ),
 ( 0.000000000000000000, 1.000000000000000000 ),
 .UNSPECIFIED. ) 
 GEOMETRIC_REPRESENTATION_ITEM ( )  RATIONAL_B_SPLINE_SURFACE ( (
 ( 1.000000000000000000, 0.8876058082646145486, 1.000000000000000000),
 ( 1.000000000000000000, 0.8876150019828640270, 1.000000000000000000),
 ( 1.000000000000000000, 0.8834139007926404830, 1.000000000000000000),
 ( 1.000000000000000000, 0.8669383444734093391, 1.000000000000000000),
 ( 1.000000000000000000, 0.8546529109296335802, 1.000000000000000000),
 ( 1.000000000000000000, 0.8228887361635638387, 1.000000000000000000),
 ( 1.000000000000000000, 0.8034054020675849284, 1.000000000000000000),
 ( 1.000000000000000000, 0.7588406182820768286, 1.000000000000000000),
 ( 1.000000000000000000, 0.7337663951565512876, 1.000000000000000000),
 ( 1.000000000000000000, 0.7071067811865476838, 1.000000000000000000) ) ) 
 REPRESENTATION_ITEM ( '' )  SURFACE ( )  );
#3738 = CARTESIAN_POINT ( 'NONE',  ( 9.754202630891995796, 6.710743972463674822, 21.86273454461310806 ) ) ;
#3739 = EDGE_LOOP ( 'NONE', ( #1263, #693, #365, #608 ) ) ;
#3740 = CARTESIAN_POINT ( 'NONE',  ( 4.250765765565104992, 4.361095872912588156, 17.80493140896118121 ) ) ;
#3741 = CARTESIAN_POINT ( 'NONE',  ( 4.306598075651553614, 10.00000000000000000, 17.84005016695400059 ) ) ;
#3742 =( BOUNDED_CURVE ( )  B_SPLINE_CURVE ( 3, ( #1542, #3239, #3211, #3814, #2510, #4119, #331 ),
 .UNSPECIFIED., .F., .T. ) 
 B_SPLINE_CURVE_WITH_KNOTS ( ( 4, 3, 4 ),
 ( 0.6006402011280295161, 3.141592653589793116, 5.682545106051556161 ),
 .UNSPECIFIED. ) 
 CURVE ( )  GEOMETRIC_REPRESENTATION_ITEM ( )  RATIONAL_B_SPLINE_CURVE ( ( 1.000000000000000000, 0.5305506635099762613, 0.5305506635099762613, 1.000000000000000000, 0.5305506635099763724, 0.5305506635099763724, 1.000000000000000000 ) ) 
 REPRESENTATION_ITEM ( '' )  );
#3743 = CARTESIAN_POINT ( 'NONE',  ( 1.581281480365390069, 3.500000000000000888, 0.09999999999999982514 ) ) ;
#3744 = CARTESIAN_POINT ( 'NONE',  ( -2.438745312610886895, 6.404968647701702267, -1.761828530288944705E-16 ) ) ;
#3745 = VECTOR ( 'NONE', #2956, 1000.000000000000000 ) ;
#3746 = VECTOR ( 'NONE', #14, 1000.000000000000000 ) ;
#3747 = CARTESIAN_POINT ( 'NONE',  ( -5.345831857086476013, 3.478785738619857515, 17.40370521385207070 ) ) ;
#3748 = DIRECTION ( 'NONE',  ( -0.000000000000000000, 1.000000000000000000, -0.000000000000000000 ) ) ;
#3749 = ORIENTED_EDGE ( 'NONE', *, *, #320, .F. ) ;
#3750 = AXIS2_PLACEMENT_3D ( 'NONE', #2169, #1154, #3081 ) ;
#3751 = VECTOR ( 'NONE', #3851, 1000.000000000000114 ) ;
#3752 = FACE_OUTER_BOUND ( 'NONE', #44, .T. ) ;
#3753 = CARTESIAN_POINT ( 'NONE',  ( 0.000000000000000000, 0.000000000000000000, 0.000000000000000000 ) ) ;
#3754 = CARTESIAN_POINT ( 'NONE',  ( -10.01665717295926150, 3.320699637066184096, 22.04751824463691534 ) ) ;
#3755 = DIRECTION ( 'NONE',  ( 1.000000000000000000, -0.000000000000000000, 0.000000000000000000 ) ) ;
#3756 = CIRCLE ( 'NONE', #749, 1.500000000000000444 ) ;
#3757 = VECTOR ( 'NONE', #3362, 1000.000000000000114 ) ;
#3758 = EDGE_LOOP ( 'NONE', ( #3106, #2000 ) ) ;
#3759 = CARTESIAN_POINT ( 'NONE',  ( -4.238461095556856684, 5.223109448195880411, 17.94390580912427779 ) ) ;
#3760 = VECTOR ( 'NONE', #1220, 1000.000000000000000 ) ;
#3761 = CARTESIAN_POINT ( 'NONE',  ( -6.780481645858612794, 5.549670566211895029, 19.76905705621883769 ) ) ;
#3762 = CARTESIAN_POINT ( 'NONE',  ( 10.01665717295935032, 6.679300362933883406, 22.04751824463698284 ) ) ;
#3763 = ORIENTED_EDGE ( 'NONE', *, *, #3684, .T. ) ;
#3764 = CARTESIAN_POINT ( 'NONE',  ( 4.347876405550215928, 5.803370608121454666, 17.80524600418553050 ) ) ;
#3765 = DIRECTION ( 'NONE',  ( 0.000000000000000000, 0.000000000000000000, 1.000000000000000000 ) ) ;
#3766 = CARTESIAN_POINT ( 'NONE',  ( 4.219230058799806393, 4.515950613469348340, 17.89212474261599795 ) ) ;
#3767 = PRODUCT_RELATED_PRODUCT_CATEGORY ( 'part', '', ( #3791 ) ) ;
#3768 = CARTESIAN_POINT ( 'NONE',  ( 8.231445624741569489, 2.954657381946015793, 20.79062250716313898 ) ) ;
#3769 = CARTESIAN_POINT ( 'NONE',  ( 6.896504047909103541, 5.676685404029925941, 16.75262169783303534 ) ) ;
#3770 = DIRECTION ( 'NONE',  ( -1.000000000000000000, 0.000000000000000000, -0.000000000000000000 ) ) ;
#3771 = CARTESIAN_POINT ( 'NONE',  ( 7.544056046598369925, 1.355568664821799496, 15.57452569273064213 ) ) ;
#3772 =( BOUNDED_CURVE ( )  B_SPLINE_CURVE ( 3, ( #1645, #690, #115, #1360 ),
 .UNSPECIFIED., .F., .T. ) 
 B_SPLINE_CURVE_WITH_KNOTS ( ( 4, 4 ),
 ( 0.000000000000000000, 1.570796326794896780 ),
 .UNSPECIFIED. ) 
 CURVE ( )  GEOMETRIC_REPRESENTATION_ITEM ( )  RATIONAL_B_SPLINE_CURVE ( ( 1.000000000000000000, 0.8047378541243649375, 0.8047378541243649375, 1.000000000000000000 ) ) 
 REPRESENTATION_ITEM ( '' )  );
#3773 = ORIENTED_EDGE ( 'NONE', *, *, #1730, .T. ) ;
#3774 = FACE_OUTER_BOUND ( 'NONE', #2935, .T. ) ;
#3775 = DIRECTION ( 'NONE',  ( -0.1675954939338693273, 0.000000000000000000, -0.9858558466698174039 ) ) ;
#3776 = VERTEX_POINT ( 'NONE', #2146 ) ;
#3777 = CARTESIAN_POINT ( 'NONE',  ( -6.722053469410129069E-15, 6.500000000000000000, 3.934885802130595245 ) ) ;
#3778 = ORIENTED_EDGE ( 'NONE', *, *, #511, .F. ) ;
#3779 = EDGE_CURVE ( 'NONE', #3222, #3269, #2720, .T. ) ;
#3780 = CARTESIAN_POINT ( 'NONE',  ( -12.21712167697458717, 0.3369462014027356234, 23.59677690718651633 ) ) ;
#3781 = DIRECTION ( 'NONE',  ( 0.9989771878196902488, 0.000000000000000000, -0.04521701246061604618 ) ) ;
#3782 = CARTESIAN_POINT ( 'NONE',  ( -7.157898379794890964, 6.229093445761610504, 20.10445195211268299 ) ) ;
#3783 = CARTESIAN_POINT ( 'NONE',  ( 10.74888963502981198, 5.549670566211902134, 22.56305370671437061 ) ) ;
#3784 = ORIENTED_EDGE ( 'NONE', *, *, #3378, .F. ) ;
#3785 = CARTESIAN_POINT ( 'NONE',  ( -4.249926795780291755, 4.573146367425435344, 17.96303048567333249 ) ) ;
#3786 = CARTESIAN_POINT ( 'NONE',  ( 10.50000000000000533, 7.000000000000000000, 57.00000000000000000 ) ) ;
#3787 = DIRECTION ( 'NONE',  ( 0.3812054721353840270, 0.000000000000000000, 0.9244903396001707963 ) ) ;
#3788 = DIRECTION ( 'NONE',  ( 0.000000000000000000, 0.000000000000000000, 1.000000000000000000 ) ) ;
#3789 = CARTESIAN_POINT ( 'NONE',  ( 12.26592301579795041, 7.799666830035599574, 23.63113596945603945 ) ) ;
#3790 = CARTESIAN_POINT ( 'NONE',  ( 10.43412254651622284, 4.044584356400660496, 22.34143884418151416 ) ) ;
#3791 = PRODUCT ( '\X2\672854e8\X0\-\X2\5de57a0b5b9e8df5\X0\', '\X2\672854e8\X0\-\X2\5de57a0b5b9e8df5\X0\', '', ( #2855 ) ) ;
#3792 = CARTESIAN_POINT ( 'NONE',  ( 6.867763861665217462, 5.317619035879707745, 16.65553568577798771 ) ) ;
#3793 = CARTESIAN_POINT ( 'NONE',  ( -4.382260436832302375, 4.151946178406770827, 17.80828167556079578 ) ) ;
#3794 = DIRECTION ( 'NONE',  ( 0.000000000000000000, 1.000000000000000000, -0.000000000000000000 ) ) ;
#3795 = EDGE_LOOP ( 'NONE', ( #3204, #3999, #3180, #3136 ) ) ;
#3796 = DIRECTION ( 'NONE',  ( 1.000000000000000000, -5.345783651393923134E-16, 0.000000000000000000 ) ) ;
#3797 = CARTESIAN_POINT ( 'NONE',  ( -4.219126881157521325, 4.516098344452341706, 17.89201409888053718 ) ) ;
#3798 = ORIENTED_EDGE ( 'NONE', *, *, #2891, .T. ) ;
#3799 = CARTESIAN_POINT ( 'NONE',  ( 4.246386815336447462, 5.507191348383217999, 17.94907115023309174 ) ) ;
#3800 = ORIENTED_EDGE ( 'NONE', *, *, #3925, .T. ) ;
#3801 = CIRCLE ( 'NONE', #3871, 3.000000000000002665 ) ;
#3802 = PLANE ( 'NONE',  #3895 ) ;
#3803 = CYLINDRICAL_SURFACE ( 'NONE', #1454, 2.000000000000000444 ) ;
#3804 = CARTESIAN_POINT ( 'NONE',  ( 4.259536964655118219, 5.078000622044882562, 17.98366161390488571 ) ) ;
#3805 = CARTESIAN_POINT ( 'NONE',  ( 10.25633527274764667, 6.229093445761543002, 22.39119268051980072 ) ) ;
#3806 = VERTEX_POINT ( 'NONE', #903 ) ;
#3807 = CARTESIAN_POINT ( 'NONE',  ( -4.244476405942074315, 4.443510856104639473, 17.92598824991139850 ) ) ;
#3808 = CARTESIAN_POINT ( 'NONE',  ( -5.783060948166536264, 7.921375459854538106E-05, 15.27997110393314983 ) ) ;
#3809 = DIRECTION ( 'NONE',  ( 0.9244903396001706852, 0.000000000000000000, -0.3812054721353838604 ) ) ;
#3810 = EDGE_CURVE ( 'NONE', #289, #1287, #1534, .T. ) ;
#3811 = EDGE_CURVE ( 'NONE', #155, #1363, #184, .T. ) ;
#3812 = CARTESIAN_POINT ( 'NONE',  ( 6.258480562894633614, 3.571837014833881607, 17.02050976365642398 ) ) ;
#3813 = CARTESIAN_POINT ( 'NONE',  ( -7.651552176556194240, 8.000000000000000000, 15.59736574444821500 ) ) ;
#3814 = CARTESIAN_POINT ( 'NONE',  ( -6.998926095527206570, 5.000000000000000000, 16.70961756886518046 ) ) ;
#3815 = ORIENTED_EDGE ( 'NONE', *, *, #4155, .F. ) ;
#3816 = ADVANCED_FACE ( 'NONE', ( #3187 ), #158, .T. ) ;
#3817 = CARTESIAN_POINT ( 'NONE',  ( -4.230359650491580581, 5.521486290196764735, 17.88424832762180117 ) ) ;
#3818 = CARTESIAN_POINT ( 'NONE',  ( -3.283940532627468212, 5.960676645930850448, -1.761828530288944705E-16 ) ) ;
#3819 = AXIS2_PLACEMENT_3D ( 'NONE', #343, #3482, #1882 ) ;
#3820 = DIRECTION ( 'NONE',  ( 1.000000000000000000, 0.000000000000000000, 1.214306433183764720E-16 ) ) ;
#3821 = EDGE_LOOP ( 'NONE', ( #2337, #2498, #3425, #3601 ) ) ;
#3822 = DIRECTION ( 'NONE',  ( -0.1012800780873893552, 0.9939810286199253220, -0.04176195070022048483 ) ) ;
#3823 = ORIENTED_EDGE ( 'NONE', *, *, #2240, .T. ) ;
#3824 = VECTOR ( 'NONE', #2600, 1000.000000000000114 ) ;
#3825 = CIRCLE ( 'NONE', #2540, 2.999999999999999112 ) ;
#3826 = CARTESIAN_POINT ( 'NONE',  ( 5.307395512275067340, 2.511361085296696771, 17.41984355093579495 ) ) ;
#3827 = CARTESIAN_POINT ( 'NONE',  ( -7.582056201885276181, 5.000000000000000000, 46.10373024819634935 ) ) ;
#3828 = CARTESIAN_POINT ( 'NONE',  ( 4.252830664492737611, 5.663516145042957639, 17.89007103151371325 ) ) ;
#3829 = VECTOR ( 'NONE', #2407, 1000.000000000000000 ) ;
#3830 = EDGE_LOOP ( 'NONE', ( #1637, #4164, #3846, #3506 ) ) ;
#3831 = AXIS2_PLACEMENT_3D ( 'NONE', #2915, #1338, #3879 ) ;
#3832 = CARTESIAN_POINT ( 'NONE',  ( -4.252014315664194299, 4.350404577559086050, 17.89475191563951384 ) ) ;
#3833 = CARTESIAN_POINT ( 'NONE',  ( -6.472338150176916827, 0.4006663386679552019, 16.09461480723104643 ) ) ;
#3834 = ORIENTED_EDGE ( 'NONE', *, *, #1553, .F. ) ;
#3835 = CARTESIAN_POINT ( 'NONE',  ( 7.385908194361364920, 9.007237923834134463, 15.54092350513994525 ) ) ;
#3836 = CYLINDRICAL_SURFACE ( 'NONE', #3685, 1.999999999999999778 ) ;
#3837 = ADVANCED_FACE ( 'NONE', ( #2029 ), #4026, .T. ) ;
#3838 = CARTESIAN_POINT ( 'NONE',  ( 6.525787856235401918, 6.222096022107798774, 16.90827497061911444 ) ) ;
#3839 = CARTESIAN_POINT ( 'NONE',  ( 3.166147379857317201, 4.574068002262122512, 0.06312129695225317250 ) ) ;
#3840 = CARTESIAN_POINT ( 'NONE',  ( -4.267884875749651918, 5.904273181502631473, 17.74784773665329496 ) ) ;
#3841 = ORIENTED_EDGE ( 'NONE', *, *, #1299, .F. ) ;
#3842 = EDGE_CURVE ( 'NONE', #3306, #1261, #814, .T. ) ;
#3843 = CARTESIAN_POINT ( 'NONE',  ( -4.252014315666619027, 5.649595422460734540, 17.89475191563382950 ) ) ;
#3844 = CARTESIAN_POINT ( 'NONE',  ( 12.23716272108722514, 8.000000000000001776, 23.61088700127830009 ) ) ;
#3845 = CARTESIAN_POINT ( 'NONE',  ( 6.239089654641014171, 2.000000000000000000, 14.85951123853422651 ) ) ;
#3846 = ORIENTED_EDGE ( 'NONE', *, *, #2243, .F. ) ;
#3847 = CARTESIAN_POINT ( 'NONE',  ( 10.49999999999999822, 7.000000000000000000, -1.275021754842953214E-15 ) ) ;
#3848 = EDGE_CURVE ( 'NONE', #948, #3171, #1602, .T. ) ;
#3849 = VERTEX_POINT ( 'NONE', #238 ) ;
#3850 = CARTESIAN_POINT ( 'NONE',  ( -13.50000000000000355, 3.000000000000000000, 25.53785682819068015 ) ) ;
#3851 = DIRECTION ( 'NONE',  ( -0.8176693484968576842, -0.000000000000000000, -0.5756881417301595860 ) ) ;
#3852 = ORIENTED_EDGE ( 'NONE', *, *, #1269, .F. ) ;
#3853 = CARTESIAN_POINT ( 'NONE',  ( -7.584236261428663362, 1.481434883878267161, 15.58306291342039884 ) ) ;
#3854 = ORIENTED_EDGE ( 'NONE', *, *, #445, .T. ) ;
#3855 = CARTESIAN_POINT ( 'NONE',  ( -13.50000000000000178, 1.242640687119283216, 25.53785682819068370 ) ) ;
#3856 = CARTESIAN_POINT ( 'NONE',  ( -4.259013371482879506, 4.877912358999342501, 17.98281304270523862 ) ) ;
#3857 = CARTESIAN_POINT ( 'NONE',  ( 10.89276985236188899, 10.00000000000000000, 24.92597482416839938 ) ) ;
#3858 = CARTESIAN_POINT ( 'NONE',  ( -10.50000000000000178, 0.000000000000000000, 24.83379699913084693 ) ) ;
#3859 = CARTESIAN_POINT ( 'NONE',  ( -4.306598075651548285, 5.904273181502628809, 17.84005016695400059 ) ) ;
#3860 = DIRECTION ( 'NONE',  ( 0.000000000000000000, 0.000000000000000000, -1.000000000000000000 ) ) ;
#3861 = EDGE_CURVE ( 'NONE', #2690, #625, #1739, .T. ) ;
#3862 = ORIENTED_EDGE ( 'NONE', *, *, #3355, .T. ) ;
#3863 = PLANE ( 'NONE',  #3079 ) ;
#3864 = CARTESIAN_POINT ( 'NONE',  ( -3.219723452756836135, 5.013808793566645328, 0.06187461981463474037 ) ) ;
#3865 = DIRECTION ( 'NONE',  ( 0.1675954939338688277, 0.000000000000000000, -0.9858558466698175149 ) ) ;
#3866 = CARTESIAN_POINT ( 'NONE',  ( 2.889235643183418745, 5.957274550272009250, -2.348555868006109649E-14 ) ) ;
#3867 = ORIENTED_EDGE ( 'NONE', *, *, #1304, .T. ) ;
#3868 = CARTESIAN_POINT ( 'NONE',  ( -10.89276985236185347, 1.782637059826323198E-16, 24.92597482416839227 ) ) ;
#3869 = EDGE_CURVE ( 'NONE', #1667, #1196, #4025, .T. ) ;
#3870 = CARTESIAN_POINT ( 'NONE',  ( -10.54478737270516220, 6.057599849721603036, 22.41935350279134909 ) ) ;
#3871 = AXIS2_PLACEMENT_3D ( 'NONE', #3086, #210, #4059 ) ;
#3872 = ORIENTED_EDGE ( 'NONE', *, *, #3949, .F. ) ;
#3873 = CARTESIAN_POINT ( 'NONE',  ( 3.311305838722849781, 4.955851978015888726, 1.355252715606880543E-17 ) ) ;
#3874 = CARTESIAN_POINT ( 'NONE',  ( 9.682792908611320470, 3.252427220482458914, 21.96790095993698699 ) ) ;
#3875 = ORIENTED_EDGE ( 'NONE', *, *, #2764, .F. ) ;
#3876 = DIRECTION ( 'NONE',  ( 0.9220243030070166546, 0.000000000000000000, 0.3871319990189716065 ) ) ;
#3877 = CARTESIAN_POINT ( 'NONE',  ( 4.233432341285172207, 5.500276663173689684, 17.91060760568116095 ) ) ;
#3878 = CARTESIAN_POINT ( 'NONE',  ( 12.67655256249275553, 9.225538735513531208, 23.92024373790874492 ) ) ;
#3879 = DIRECTION ( 'NONE',  ( -1.000000000000000000, 0.000000000000000000, 0.000000000000000000 ) ) ;
#3880 = CARTESIAN_POINT ( 'NONE',  ( -4.344152921490984198, 5.847756107658714342, 17.71639927782111457 ) ) ;
#3881 = CARTESIAN_POINT ( 'NONE',  ( 13.42191800665350243, 2.214756290546780804, 25.51953202989465552 ) ) ;
#3882 =( BOUNDED_SURFACE ( )  B_SPLINE_SURFACE ( 3, 2, ( 
 ( #1609, #673, #363 ),
 ( #1949, #2922, #1014 ),
 ( #406, #386, #2071 ),
 ( #471, #163, #520 ),
 ( #3028, #2433, #3688 ),
 ( #1153, #3381, #504 ),
 ( #1133, #3080, #3725 ),
 ( #1443, #3671, #2410 ),
 ( #2392, #1115, #1402 ),
 ( #204, #3707, #839 ) ),
 .UNSPECIFIED., .F., .F., .T. ) 
 B_SPLINE_SURFACE_WITH_KNOTS ( ( 4, 2, 2, 2, 4 ),
 ( 3, 3 ),
 ( 1.570796326794896558, 1.963495408493620697, 2.356194490192344837, 2.748893571891068976, 3.141592653589793116 ),
 ( 0.000000000000000000, 1.000000000000000000 ),
 .UNSPECIFIED. ) 
 GEOMETRIC_REPRESENTATION_ITEM ( )  RATIONAL_B_SPLINE_SURFACE ( (
 ( 1.000000000000000000, 0.7071067811865476838, 1.000000000000000000),
 ( 1.000000000000000000, 0.7337663951565448484, 1.000000000000000000),
 ( 1.000000000000000000, 0.7588406182820854884, 1.000000000000000000),
 ( 1.000000000000000000, 0.8034054020675762686, 1.000000000000000000),
 ( 1.000000000000000000, 0.8228887361635619513, 1.000000000000000000),
 ( 1.000000000000000000, 0.8546529109296356896, 1.000000000000000000),
 ( 1.000000000000000000, 0.8669383444733932409, 1.000000000000000000),
 ( 1.000000000000000000, 0.8834139007926563592, 1.000000000000000000),
 ( 1.000000000000000000, 0.8876150019828517035, 1.000000000000000000),
 ( 1.000000000000000000, 0.8876058082646145486, 1.000000000000000000) ) ) 
 REPRESENTATION_ITEM ( '' )  SURFACE ( )  );
#3883 = ORIENTED_EDGE ( 'NONE', *, *, #2378, .F. ) ;
#3884 = CARTESIAN_POINT ( 'NONE',  ( -4.250647009599362036, 5.567501407060809981, 17.88705876411530582 ) ) ;
#3885 = FACE_OUTER_BOUND ( 'NONE', #2908, .T. ) ;
#3886 = DIRECTION ( 'NONE',  ( 0.9989771878196902488, 0.000000000000000000, -0.04521701246061431145 ) ) ;
#3887 = CARTESIAN_POINT ( 'NONE',  ( -4.307119784858981504, 5.789118451837270918, 17.73196709206958488 ) ) ;
#3888 = CARTESIAN_POINT ( 'NONE',  ( 2.874606943397239878, 5.940687807736308557, 0.06990523569816642357 ) ) ;
#3889 = ORIENTED_EDGE ( 'NONE', *, *, #1628, .T. ) ;
#3890 =( BOUNDED_CURVE ( )  B_SPLINE_CURVE ( 3, ( #1993, #2449, #183, #543 ),
 .UNSPECIFIED., .F., .T. ) 
 B_SPLINE_CURVE_WITH_KNOTS ( ( 4, 4 ),
 ( 4.712388980384689674, 6.283185307179586232 ),
 .UNSPECIFIED. ) 
 CURVE ( )  GEOMETRIC_REPRESENTATION_ITEM ( )  RATIONAL_B_SPLINE_CURVE ( ( 1.000000000000000000, 0.8047378541243649375, 0.8047378541243649375, 1.000000000000000000 ) ) 
 REPRESENTATION_ITEM ( '' )  );
#3891 = LINE ( 'NONE', #2310, #1796 ) ;
#3892 = CARTESIAN_POINT ( 'NONE',  ( 4.233187042291779889, 4.502734762186519468, 17.91216371589342771 ) ) ;
#3893 = CARTESIAN_POINT ( 'NONE',  ( -10.25633527274744239, 6.229093445761673564, 22.39119268051975453 ) ) ;
#3894 = CIRCLE ( 'NONE', #1011, 3.000000000000002665 ) ;
#3895 = AXIS2_PLACEMENT_3D ( 'NONE', #2197, #3219, #2534 ) ;
#3896 = EDGE_LOOP ( 'NONE', ( #1614, #1692, #2708, #3579 ) ) ;
#3897 = AXIS2_PLACEMENT_3D ( 'NONE', #164, #1757, #3047 ) ;
#3898 = AXIS2_PLACEMENT_3D ( 'NONE', #2283, #2328, #1364 ) ;
#3899 = CARTESIAN_POINT ( 'NONE',  ( 10.30570235269478374, 3.825732175407883684, 22.25102334447268504 ) ) ;
#3900 = ORIENTED_EDGE ( 'NONE', *, *, #2243, .T. ) ;
#3901 = CARTESIAN_POINT ( 'NONE',  ( 6.429025329598780480, 5.054190175765737579E-16, 16.05041552830329366 ) ) ;
#3902 = DIRECTION ( 'NONE',  ( 0.000000000000000000, 1.000000000000000000, 0.000000000000000000 ) ) ;
#3903 = VECTOR ( 'NONE', #2957, 1000.000000000000000 ) ;
#3904 = CIRCLE ( 'NONE', #2081, 1.000000000000000888 ) ;
#3905 = DIRECTION ( 'NONE',  ( 0.000000000000000000, -1.000000000000000000, 0.000000000000000000 ) ) ;
#3906 = CARTESIAN_POINT ( 'NONE',  ( -6.722053469410129069E-15, 6.500000000000000000, 3.934885802130595245 ) ) ;
#3907 = CARTESIAN_POINT ( 'NONE',  ( -4.272117796630008790, 4.222044593176009997, 17.86139166271215828 ) ) ;
#3908 = VERTEX_POINT ( 'NONE', #1751 ) ;
#3909 = LINE ( 'NONE', #2944, #2207 ) ;
#3910 = CARTESIAN_POINT ( 'NONE',  ( -8.209951411076266581, 10.00000000000000000, 11.66087180693078018 ) ) ;
#3911 = CARTESIAN_POINT ( 'NONE',  ( 5.519693373391914015, 5.000000000000000000, 17.32111337297624232 ) ) ;
#3912 = FACE_OUTER_BOUND ( 'NONE', #1943, .T. ) ;
#3913 = EDGE_LOOP ( 'NONE', ( #932, #3374, #2818 ) ) ;
#3914 = CARTESIAN_POINT ( 'NONE',  ( -4.251744682215599092, 5.377642830742777491, 17.96765097039794412 ) ) ;
#3915 = CARTESIAN_POINT ( 'NONE',  ( -10.64444668661641202, 5.000000000000000000, 22.67763071618647785 ) ) ;
#3916 = VERTEX_POINT ( 'NONE', #157 ) ;
#3917 = EDGE_CURVE ( 'NONE', #189, #3515, #585, .T. ) ;
#3918 = DIRECTION ( 'NONE',  ( 0.000000000000000000, -0.000000000000000000, 1.000000000000000000 ) ) ;
#3919 = CARTESIAN_POINT ( 'NONE',  ( 4.252014315664188970, 5.649595422440796710, 17.89475191563954226 ) ) ;
#3920 = CARTESIAN_POINT ( 'NONE',  ( -5.519693373391912239, 5.000000000000000000, 17.32111337297624232 ) ) ;
#3921 = ORIENTED_EDGE ( 'NONE', *, *, #511, .T. ) ;
#3922 = CARTESIAN_POINT ( 'NONE',  ( -4.156006627882216975, 5.526160181677997052, 17.94849299038662593 ) ) ;
#3923 = CARTESIAN_POINT ( 'NONE',  ( 4.147335047194535385, 4.776487448282451531, 17.88699327595418964 ) ) ;
#3924 = CARTESIAN_POINT ( 'NONE',  ( 13.18265123102043468, 8.454867660262459950, 24.27656747995999353 ) ) ;
#3925 = EDGE_CURVE ( 'NONE', #3776, #510, #4, .T. ) ;
#3926 = CARTESIAN_POINT ( 'NONE',  ( -4.233432341276059496, 5.500276663193679028, 17.91060760565419940 ) ) ;
#3927 = CARTESIAN_POINT ( 'NONE',  ( -6.525787856235489848, 3.777903977892514753, 16.90827497061907181 ) ) ;
#3928 = CARTESIAN_POINT ( 'NONE',  ( -4.267884875749651918, 4.095726818497368527, 17.74784773665329496 ) ) ;
#3929 = VERTEX_POINT ( 'NONE', #3786 ) ;
#3930 = ADVANCED_FACE ( 'NONE', ( #1290 ), #1286, .T. ) ;
#3931 = CARTESIAN_POINT ( 'NONE',  ( -6.472338150177026073, 9.599333661332147827, 16.09461480723089011 ) ) ;
#3932 = CARTESIAN_POINT ( 'NONE',  ( -10.64444668661641202, 9.000000000000000000, 22.67763071618647785 ) ) ;
#3933 = DIRECTION ( 'NONE',  ( 0.000000000000000000, 0.000000000000000000, -1.000000000000000000 ) ) ;
#3934 = CARTESIAN_POINT ( 'NONE',  ( -4.199018134409428171, 5.160462831009239970, 17.93743799522303561 ) ) ;
#3935 = EDGE_LOOP ( 'NONE', ( #1371, #1022, #2949, #1748, #2884 ) ) ;
#3936 = LINE ( 'NONE', #1058, #811 ) ;
#3937 = CARTESIAN_POINT ( 'NONE',  ( -11.65137628346032095, 2.000000000000000000, 23.19845830213713000 ) ) ;
#3938 = CARTESIAN_POINT ( 'NONE',  ( 4.213573256639582709, 5.359333462945195414, 17.92366406262959799 ) ) ;
#3939 = EDGE_LOOP ( 'NONE', ( #2151, #3262, #3300, #850 ) ) ;
#3940 = CARTESIAN_POINT ( 'NONE',  ( 4.245677250461698193, 4.473839818321315498, 17.94080017258436754 ) ) ;
#3941 = CARTESIAN_POINT ( 'NONE',  ( 4.238167138620153374, 5.162756581642550024, 17.94561269094355893 ) ) ;
#3942 = EDGE_LOOP ( 'NONE', ( #3200, #2636, #4066 ) ) ;
#3943 = CARTESIAN_POINT ( 'NONE',  ( -4.245677250473559816, 4.473839818640431787, 17.94080017272271377 ) ) ;
#3944 = EDGE_CURVE ( 'NONE', #296, #4162, #1711, .T. ) ;
#3945 = DIRECTION ( 'NONE',  ( 1.214306433183764966E-16, 0.000000000000000000, 1.000000000000000000 ) ) ;
#3946 = CARTESIAN_POINT ( 'NONE',  ( -1.622515602108656863, 5.878679656440358059, 3.934885802130595245 ) ) ;
#3947 = CARTESIAN_POINT ( 'NONE',  ( 10.49999999999999822, 0.000000000000000000, 24.83379699913085048 ) ) ;
#3948 = ORIENTED_EDGE ( 'NONE', *, *, #2656, .T. ) ;
#3949 = EDGE_CURVE ( 'NONE', #4162, #1429, #3962, .T. ) ;
#3950 = CARTESIAN_POINT ( 'NONE',  ( -6.606810325903525793, 9.747572787568261177, 15.37538605169279826 ) ) ;
#3951 = CARTESIAN_POINT ( 'NONE',  ( -12.65137628346032095, 2.414213562373093591, 23.90251813119695967 ) ) ;
#3952 = CARTESIAN_POINT ( 'NONE',  ( 10.64444668661648663, 5.000000000000000000, 22.67763071618653115 ) ) ;
#3953 = CARTESIAN_POINT ( 'NONE',  ( -4.279731316283867493, 5.729085905117373478, 17.75730155394712639 ) ) ;
#3954 = LINE ( 'NONE', #101, #2076 ) ;
#3955 = ADVANCED_FACE ( 'NONE', ( #704 ), #2650, .T. ) ;
#3956 = ORIENTED_EDGE ( 'NONE', *, *, #2430, .F. ) ;
#3957 = CARTESIAN_POINT ( 'NONE',  ( -4.248256280007860930, 5.467730071995730690, 17.95670050643402504 ) ) ;
#3958 = CARTESIAN_POINT ( 'NONE',  ( -12.23716272108722336, 8.000000000000001776, 23.61088700127830009 ) ) ;
#3959 = CARTESIAN_POINT ( 'NONE',  ( 4.345311275553447317, 0.000000000000000000, 17.93225259725469911 ) ) ;
#3960 = EDGE_LOOP ( 'NONE', ( #1966, #2236, #1900, #266 ) ) ;
#3961 = CARTESIAN_POINT ( 'NONE',  ( -4.198227193280064107, 5.160536344020030697, 17.93726951551496995 ) ) ;
#3962 = LINE ( 'NONE', #2316, #3824 ) ;
#3963 = CARTESIAN_POINT ( 'NONE',  ( 4.244858296234161443, 4.462082800683154105, 17.90345662887998657 ) ) ;
#3964 = CIRCLE ( 'NONE', #2131, 0.09999999999999939493 ) ;
#3965 = VERTEX_POINT ( 'NONE', #2097 ) ;
#3966 = DIRECTION ( 'NONE',  ( -1.214306433183764966E-16, 0.000000000000000000, -1.000000000000000000 ) ) ;
#3967 = AXIS2_PLACEMENT_3D ( 'NONE', #3414, #1480, #1131 ) ;
#3968 = CARTESIAN_POINT ( 'NONE',  ( 4.245315091801701968, 5.545240582371562255, 17.93312623052256427 ) ) ;
#3969 = AXIS2_PLACEMENT_3D ( 'NONE', #3637, #2330, #432 ) ;
#3970 = DIRECTION ( 'NONE',  ( -0.9220243030070167656, 0.000000000000000000, -0.3871319990189716620 ) ) ;
#3971 = CARTESIAN_POINT ( 'NONE',  ( -4.347876405550688439, 4.196629391878439641, 17.80524600418457126 ) ) ;
#3972 = ADVANCED_FACE ( 'NONE', ( #1820 ), #513, .F. ) ;
#3973 = AXIS2_PLACEMENT_3D ( 'NONE', #2155, #3109, #231 ) ;
#3974 = CARTESIAN_POINT ( 'NONE',  ( -6.491862429321894723, 9.835841309220128892, 15.66944305663665560 ) ) ;
#3975 = FACE_OUTER_BOUND ( 'NONE', #3659, .T. ) ;
#3976 = CARTESIAN_POINT ( 'NONE',  ( -4.306598075651546509, 2.000000000000000000, 17.84005016695400059 ) ) ;
#3977 = CARTESIAN_POINT ( 'NONE',  ( -2.392941610374755168, 3.682841892779740611, 0.08111324565700346600 ) ) ;
#3978 = CARTESIAN_POINT ( 'NONE',  ( -4.178649897965404314, 5.370616748798147988, 17.88254233012025196 ) ) ;
#3979 = EDGE_CURVE ( 'NONE', #3916, #3965, #3649, .T. ) ;
#3980 = ORIENTED_EDGE ( 'NONE', *, *, #3069, .F. ) ;
#3981 = DIRECTION ( 'NONE',  ( -0.5756881417301591419, 0.000000000000000000, 0.8176693484968579062 ) ) ;
#3982 = CARTESIAN_POINT ( 'NONE',  ( -5.679840483216558766, 10.00000000000000000, 15.93255673231595537 ) ) ;
#3983 = PLANE ( 'NONE',  #2546 ) ;
#3984 = EDGE_CURVE ( 'NONE', #2199, #1910, #3427, .T. ) ;
#3985 = ORIENTED_EDGE ( 'NONE', *, *, #1875, .F. ) ;
#3986 = CARTESIAN_POINT ( 'NONE',  ( 4.245315091801701968, 4.454759417628435081, 17.93312623052256427 ) ) ;
#3987 = CARTESIAN_POINT ( 'NONE',  ( 4.258074709438694150, 5.166129871215891178, 17.98113798906560490 ) ) ;
#3988 = EDGE_LOOP ( 'NONE', ( #3150, #2520, #934 ) ) ;
#3989 = CARTESIAN_POINT ( 'NONE',  ( 8.209951411076266581, 2.000000000000000000, 11.66087180693079262 ) ) ;
#3990 = CARTESIAN_POINT ( 'NONE',  ( -4.214841449837106957, 4.611958603004486790, 17.92031157445948608 ) ) ;
#3991 = FACE_OUTER_BOUND ( 'NONE', #1576, .T. ) ;
#3992 = CARTESIAN_POINT ( 'NONE',  ( -4.245315091801694862, 5.545240582371545379, 17.93312623052256782 ) ) ;
#3993 = CARTESIAN_POINT ( 'NONE',  ( -1.786946498273692230, 6.504785679888399841, 2.746750237912029164E-13 ) ) ;
#3994 = CARTESIAN_POINT ( 'NONE',  ( -2.396044656054732158, 3.667244627744669305, -4.006336957318656193E-14 ) ) ;
#3995 = CARTESIAN_POINT ( 'NONE',  ( -4.226609909469404514, 5.441214506911212112, 17.92027388267629462 ) ) ;
#3996 = ORIENTED_EDGE ( 'NONE', *, *, #3313, .F. ) ;
#3997 = CARTESIAN_POINT ( 'NONE',  ( -10.50000000000000533, 3.000000000000000000, 57.00000000000000000 ) ) ;
#3998 = DIRECTION ( 'NONE',  ( -1.214306433183764966E-16, -0.000000000000000000, -1.000000000000000000 ) ) ;
#3999 = ORIENTED_EDGE ( 'NONE', *, *, #2103, .F. ) ;
#4000 = FACE_OUTER_BOUND ( 'NONE', #27, .T. ) ;
#4001 = CARTESIAN_POINT ( 'NONE',  ( 4.245255349895606933, 4.468033730429874950, 17.92628816375101053 ) ) ;
#4002 = CARTESIAN_POINT ( 'NONE',  ( -5.283017532062483923, 2.000000000000000000, 1.664809012132262289 ) ) ;
#4003 = ORIENTED_EDGE ( 'NONE', *, *, #2219, .T. ) ;
#4004 = CARTESIAN_POINT ( 'NONE',  ( 6.772264771374832293, 4.999999999999998224, 19.76327188497437959 ) ) ;
#4005 = CARTESIAN_POINT ( 'NONE',  ( -3.311305838722848893, 8.000000000000000000, 2.000000000000000000 ) ) ;
#4006 = DIRECTION ( 'NONE',  ( 0.8176693484968587944, 8.865188840151012043E-16, 0.5756881417301583648 ) ) ;
#4007 = CARTESIAN_POINT ( 'NONE',  ( 0.000000000000000000, 10.00000000000000000, 2.000000000000000000 ) ) ;
#4008 = CIRCLE ( 'NONE', #177, 0.9999999999999974465 ) ;
#4009 = PLANE ( 'NONE',  #1939 ) ;
#4010 = DIRECTION ( 'NONE',  ( 1.000000000000000000, 0.000000000000000000, -1.214306433183764966E-16 ) ) ;
#4011 = CARTESIAN_POINT ( 'NONE',  ( 3.311305838722849337, 2.000000000000000000, 2.000000000000000000 ) ) ;
#4012 = CARTESIAN_POINT ( 'NONE',  ( -2.628523418089860453, 3.709653683491624943, -1.761828530288944705E-16 ) ) ;
#4013 = B_SPLINE_CURVE_WITH_KNOTS ( 'NONE', 3,
 ( #1421, #1457, #2738, #220, #3740, #794, #873, #1493 ),
 .UNSPECIFIED., .F., .F.,
 ( 4, 2, 2, 4 ),
 ( 3.203762973340208047E-05, 0.0001390087290382117252, 0.0002459798283430214105, 0.0004599220269526447386 ),
 .UNSPECIFIED. ) ;
#4014 = CARTESIAN_POINT ( 'NONE',  ( 7.651552176556201346, 2.000000000000000000, 15.59736574444821322 ) ) ;
#4015 = ORIENTED_EDGE ( 'NONE', *, *, #2951, .T. ) ;
#4016 = CARTESIAN_POINT ( 'NONE',  ( 2.573047085799138767, 6.599999999999998757, -1.761828530288944459E-16 ) ) ;
#4017 = CARTESIAN_POINT ( 'NONE',  ( 8.824525535188355363, 5.000000000000000000, 18.65391760043796410 ) ) ;
#4018 = CARTESIAN_POINT ( 'NONE',  ( -8.515800394943827456, 2.993195591079394813, 20.99082527806404386 ) ) ;
#4019 = VERTEX_POINT ( 'NONE', #1124 ) ;
#4020 = EDGE_CURVE ( 'NONE', #1122, #236, #2383, .T. ) ;
#4021 = DIRECTION ( 'NONE',  ( -0.000000000000000000, -1.000000000000000000, -0.000000000000000000 ) ) ;
#4022 = CARTESIAN_POINT ( 'NONE',  ( -7.731440743930922288, 6.747572779517451380, 20.52774367269582712 ) ) ;
#4023 = EDGE_LOOP ( 'NONE', ( #1135, #96, #3576, #3616, #2585, #754, #506, #980, #3823, #3552, #1874, #1891 ) ) ;
#4024 = B_SPLINE_CURVE_WITH_KNOTS ( 'NONE', 3,
 ( #1788, #2769, #4031, #1170, #4052, #837, #3669, #1460 ),
 .UNSPECIFIED., .F., .F.,
 ( 4, 2, 2, 4 ),
 ( 0.000000000000000000, 0.0001786233001320225748, 0.0002679349501980335911, 0.0003572466002640446617 ),
 .UNSPECIFIED. ) ;
#4025 = LINE ( 'NONE', #793, #2414 ) ;
#4026 =( BOUNDED_SURFACE ( )  B_SPLINE_SURFACE ( 3, 2, ( 
 ( #2049, #1706, #3337 ),
 ( #1727, #135, #218 ),
 ( #1184, #816, #2783 ),
 ( #499, #3431, #3074 ) ),
 .UNSPECIFIED., .F., .F., .F. ) 
 B_SPLINE_SURFACE_WITH_KNOTS ( ( 4, 4 ),
 ( 3, 3 ),
 ( 0.000000000000000000, 8.829604396994473331E-05 ),
 ( 0.000000000000000000, 1.000000000000000000 ),
 .UNSPECIFIED. ) 
 GEOMETRIC_REPRESENTATION_ITEM ( )  RATIONAL_B_SPLINE_SURFACE ( (
 ( 1.000000000000000000, 0.8309814467598687360, 1.000000000000000000),
 ( 1.000000000000000000, 0.8309110569497158982, 1.000000000000000000),
 ( 1.000000000000000000, 0.8309110569497341059, 1.000000000000000000),
 ( 1.000000000000000000, 0.8309814467598598542, 1.000000000000000000) ) ) 
 REPRESENTATION_ITEM ( '' )  SURFACE ( )  );
#4027 = CARTESIAN_POINT ( 'NONE',  ( 7.784557992042365981, 8.000000000000000000, 16.37975289436682758 ) ) ;
#4028 = CARTESIAN_POINT ( 'NONE',  ( -3.311305838722848449, 8.000000000000000000, 2.000000000000000000 ) ) ;
#4029 = CIRCLE ( 'NONE', #2201, 3.000000000000002665 ) ;
#4030 = VECTOR ( 'NONE', #3617, 1000.000000000000000 ) ;
#4031 = CARTESIAN_POINT ( 'NONE',  ( -4.156750034576794484, 5.282147826585415373, 17.88351823965507492 ) ) ;
#4032 = AXIS2_PLACEMENT_3D ( 'NONE', #2010, #694, #2639 ) ;
#4033 = PRODUCT_DEFINITION ( 'æœ', '', #2938, #1781 ) ;
#4034 = DIRECTION ( 'NONE',  ( 1.188040111387054281E-16, -1.000000000000000000, 8.364513177393897006E-17 ) ) ;
#4035 = PLANE ( 'NONE',  #3630 ) ;
#4036 = CARTESIAN_POINT ( 'NONE',  ( 6.840281933945921544, 0.4006663386679151784, 15.42499252221772821 ) ) ;
#4037 = EDGE_LOOP ( 'NONE', ( #637, #1305, #3921, #3763, #1405, #706, #3486, #1855, #2175, #3719 ) ) ;
#4038 = AXIS2_PLACEMENT_3D ( 'NONE', #1798, #4021, #2439 ) ;
#4039 = AXIS2_PLACEMENT_3D ( 'NONE', #431, #2035, #2686 ) ;
#4040 = CARTESIAN_POINT ( 'NONE',  ( 4.233432341285172207, 5.500276663173689684, 17.91060760568116095 ) ) ;
#4041 = DIRECTION ( 'NONE',  ( 0.8176693484968576842, 0.000000000000000000, 0.5756881417301595860 ) ) ;
#4042 = CARTESIAN_POINT ( 'NONE',  ( -10.65269825542701376, 4.753602784087000543, 22.49532922043765737 ) ) ;
#4043 = ORIENTED_EDGE ( 'NONE', *, *, #4020, .F. ) ;
#4044 = CARTESIAN_POINT ( 'NONE',  ( 11.50000000000000355, 3.000000000000000000, 25.53785682819067659 ) ) ;
#4045 = CARTESIAN_POINT ( 'NONE',  ( 4.258074709438695038, 4.833870128784110598, 17.98113798906560845 ) ) ;
#4046 = ADVANCED_FACE ( 'NONE', ( #1570 ), #1200, .F. ) ;
#4047 = CARTESIAN_POINT ( 'NONE',  ( -4.200100769938678980, 4.782326713071014090, 17.93403017172483160 ) ) ;
#4048 = ADVANCED_FACE ( 'NONE', ( #278 ), #3803, .T. ) ;
#4049 = CARTESIAN_POINT ( 'NONE',  ( 4.157526181814338528, 4.835671493120361042, 17.92882010944680360 ) ) ;
#4050 =( BOUNDED_SURFACE ( )  B_SPLINE_SURFACE ( 3, 2, ( 
 ( #574, #350, #4149 ),
 ( #2909, #3248, #3554 ),
 ( #301, #685, #2563 ),
 ( #3853, #25, #1957 ),
 ( #1888, #963, #371 ),
 ( #3182, #2887, #2846 ),
 ( #1639, #2522, #618 ),
 ( #2582, #1309, #3833 ),
 ( #703, #1023, #322 ),
 ( #2932, #981, #1593 ),
 ( #1575, #3808, #3577 ),
 ( #45, #2224, #2245 ) ),
 .UNSPECIFIED., .F., .F., .T. ) 
 B_SPLINE_SURFACE_WITH_KNOTS ( ( 4, 2, 2, 2, 2, 4 ),
 ( 3, 3 ),
 ( 6.283185307179586232, 6.479534848028948524, 6.675884388878310816, 7.068583470577034511, 7.461282552275758206, 7.853981633974482790 ),
 ( 0.000000000000000000, 1.000000000000000000 ),
 .UNSPECIFIED. ) 
 GEOMETRIC_REPRESENTATION_ITEM ( )  RATIONAL_B_SPLINE_SURFACE ( (
 ( 1.000000000000000000, 0.7833036531844886907, 1.000000000000000000),
 ( 1.000000000000000000, 0.7832825190518815095, 1.000000000000000000),
 ( 1.000000000000000000, 0.7865308884258800370, 1.000000000000000000),
 ( 1.000000000000000000, 0.7987418757948011594, 1.000000000000000000),
 ( 1.000000000000000000, 0.8077077782804319428, 1.000000000000000000),
 ( 1.000000000000000000, 0.8404775370684887115, 1.000000000000000000),
 ( 1.000000000000000000, 0.8700522683403104640, 1.000000000000000000),
 ( 1.000000000000000000, 0.9263689590404851071, 1.000000000000000000),
 ( 1.000000000000000000, 0.9528790107461763137, 1.000000000000000000),
 ( 1.000000000000000000, 0.9897046789131089817, 1.000000000000000000),
 ( 1.000000000000000000, 1.000136411045844831, 1.000000000000000000),
 ( 1.000000000000000000, 1.000000000000000000, 1.000000000000000000) ) ) 
 REPRESENTATION_ITEM ( '' )  SURFACE ( )  );
#4051 = ADVANCED_FACE ( 'NONE', ( #2158 ), #2517, .T. ) ;
#4052 = CARTESIAN_POINT ( 'NONE',  ( -4.186533871135488027, 5.397558702525976138, 17.88290008876877479 ) ) ;
#4053 = LINE ( 'NONE', #854, #3757 ) ;
#4054 = CARTESIAN_POINT ( 'NONE',  ( -2.580744927690455714, 3.773039646069157094, 3.136711416634064707E-16 ) ) ;
#4055 = LINE ( 'NONE', #505, #2684 ) ;
#4056 = EDGE_CURVE ( 'NONE', #3269, #555, #1843, .T. ) ;
#4057 = ORIENTED_EDGE ( 'NONE', *, *, #465, .T. ) ;
#4058 = CARTESIAN_POINT ( 'NONE',  ( -2.573047085798734201, 6.599999999999999645, -1.761828530288944705E-16 ) ) ;
#4059 = DIRECTION ( 'NONE',  ( 0.000000000000000000, 0.000000000000000000, -1.000000000000000000 ) ) ;
#4060 = CARTESIAN_POINT ( 'NONE',  ( -7.512714107929246765, 3.320699637066120147, 20.28459251829634269 ) ) ;
#4061 = LINE ( 'NONE', #775, #3760 ) ;
#4062 = ORIENTED_EDGE ( 'NONE', *, *, #2804, .T. ) ;
#4063 = CARTESIAN_POINT ( 'NONE',  ( -4.203521034049508387, 5.280692411803759256, 17.92878355249739286 ) ) ;
#4064 = CARTESIAN_POINT ( 'NONE',  ( -7.014304361088199435, 6.007237952115699997, 19.99847519600082535 ) ) ;
#4065 = CARTESIAN_POINT ( 'NONE',  ( 9.790672109720095051, 6.834951418493465880, 21.88841123964267865 ) ) ;
#4066 = ORIENTED_EDGE ( 'NONE', *, *, #1169, .T. ) ;
#4067 = CARTESIAN_POINT ( 'NONE',  ( -4.233432341276059496, 5.500276663193679028, 17.91060760565419940 ) ) ;
#4068 = LINE ( 'NONE', #3741, #1944 ) ;
#4069 = EDGE_CURVE ( 'NONE', #4019, #2533, #291, .T. ) ;
#4070 = CARTESIAN_POINT ( 'NONE',  ( 1.581281480365390069, 3.400000000000001243, 0.1000000000000000056 ) ) ;
#4071 = CARTESIAN_POINT ( 'NONE',  ( -13.50000000000000178, 8.757359312880716118, 25.53785682819068015 ) ) ;
#4072 = CARTESIAN_POINT ( 'NONE',  ( -2.580744927690409085, 6.226960353931029424, -1.867398518107108342E-15 ) ) ;
#4073 = CARTESIAN_POINT ( 'NONE',  ( 3.189577542015205047, 4.564986740731680648, 2.541579838445789048E-14 ) ) ;
#4074 = B_SPLINE_CURVE_WITH_KNOTS ( 'NONE', 3,
 ( #843, #1157, #2109, #2470, #3386, #2092, #3402 ),
 .UNSPECIFIED., .F., .F.,
 ( 4, 3, 4 ),
 ( 0.000000000000000000, 0.0001600892636061026087, 0.0001606171339196698386 ),
 .UNSPECIFIED. ) ;
#4075 = EDGE_LOOP ( 'NONE', ( #312, #3875, #918, #1658 ) ) ;
#4076 = CARTESIAN_POINT ( 'NONE',  ( -4.345311275553440211, 2.000000000000000000, 17.93225259725469911 ) ) ;
#4077 = CARTESIAN_POINT ( 'NONE',  ( -8.200024827450910436, 3.052054649472304870, 20.87357298776285575 ) ) ;
#4078 = DIRECTION ( 'NONE',  ( -0.1675954939338693273, -0.000000000000000000, -0.9858558466698174039 ) ) ;
#4079 = EDGE_CURVE ( 'NONE', #2690, #1565, #3098, .T. ) ;
#4080 = ORIENTED_EDGE ( 'NONE', *, *, #388, .T. ) ;
#4081 = DIRECTION ( 'NONE',  ( -0.8176693484968580172, 0.000000000000000000, 0.5756881417301591419 ) ) ;
#4082 = CARTESIAN_POINT ( 'NONE',  ( -9.790672109720018668, 6.834951418493328212, 21.88841123964262536 ) ) ;
#4083 = CARTESIAN_POINT ( 'NONE',  ( 6.772264771383297521, 5.266426741135987299, 19.76327188497963050 ) ) ;
#4084 = VERTEX_POINT ( 'NONE', #700 ) ;
#4085 = B_SPLINE_CURVE_WITH_KNOTS ( 'NONE', 3,
 ( #3245, #277, #1552, #2840, #1241, #2516, #2221, #3177, #960, #103, #2357, #2667, #3574 ),
 .UNSPECIFIED., .F., .F.,
 ( 4, 3, 3, 3, 4 ),
 ( 0.000000000000000000, 0.0001600744580668673816, 0.0002997800157064781979, 0.0003330912098198561913, 0.0003432903693995293043 ),
 .UNSPECIFIED. ) ;
#4086 = DIRECTION ( 'NONE',  ( 0.1012800780874319045, -0.9939810286199204370, -0.04176195070023606265 ) ) ;
#4087 = CARTESIAN_POINT ( 'NONE',  ( 10.50000000000000178, 8.000000000000000000, 24.83379699913084693 ) ) ;
#4088 = PLANE ( 'NONE',  #4103 ) ;
#4089 = CARTESIAN_POINT ( 'NONE',  ( -4.245336901951293207, 5.538789345472663328, 17.93562262323912293 ) ) ;
#4090 = DIRECTION ( 'NONE',  ( -1.000000000000000000, 0.000000000000000000, 0.000000000000000000 ) ) ;
#4091 = AXIS2_PLACEMENT_3D ( 'NONE', #325, #3787, #3809 ) ;
#4092 = AXIS2_PLACEMENT_3D ( 'NONE', #827, #887, #567 ) ;
#4093 = CARTESIAN_POINT ( 'NONE',  ( 1.786946498273835893, 3.495214320112020712, -2.737587156620535360E-15 ) ) ;
#4094 = CARTESIAN_POINT ( 'NONE',  ( 5.941025342143251287, 0.05205465752306993876, 15.55242792845884381 ) ) ;
#4095 = EDGE_CURVE ( 'NONE', #1506, #593, #4008, .T. ) ;
#4096 = VERTEX_POINT ( 'NONE', #3937 ) ;
#4097 = AXIS2_PLACEMENT_3D ( 'NONE', #1107, #831, #3094 ) ;
#4098 = AXIS2_PLACEMENT_3D ( 'NONE', #1400, #1342, #2966 ) ;
#4099 = DIRECTION ( 'NONE',  ( -0.9220243030070166546, -0.000000000000000000, -0.3871319990189716065 ) ) ;
#4100 = CARTESIAN_POINT ( 'NONE',  ( -8.453520947378486028, 3.000000000000000000, 21.06066083946330636 ) ) ;
#4101 = EDGE_LOOP ( 'NONE', ( #1159, #1455, #3841, #1063 ) ) ;
#4102 = DIRECTION ( 'NONE',  ( -0.9858558466698172928, 0.000000000000000000, 0.1675954939338692440 ) ) ;
#4103 = AXIS2_PLACEMENT_3D ( 'NONE', #1533, #2786, #1205 ) ;
#4104 = AXIS2_PLACEMENT_3D ( 'NONE', #2050, #2030, #379 ) ;
#4105 = ORIENTED_EDGE ( 'NONE', *, *, #1905, .T. ) ;
#4106 = DIRECTION ( 'NONE',  ( 0.000000000000000000, -1.000000000000000000, 0.000000000000000000 ) ) ;
#4107 = AXIS2_PLACEMENT_3D ( 'NONE', #3989, #1093, #3149 ) ;
#4108 = CARTESIAN_POINT ( 'NONE',  ( -6.772264771374748804, 5.000000000000000888, 19.76327188497432630 ) ) ;
#4109 = CARTESIAN_POINT ( 'NONE',  ( 9.682792908611538962, 6.747572779517454933, 21.96790095993679159 ) ) ;
#4110 = ORIENTED_EDGE ( 'NONE', *, *, #2333, .T. ) ;
#4111 = CARTESIAN_POINT ( 'NONE',  ( -4.251411296159373521, 4.612846714503597845, 17.96683873858875913 ) ) ;
#4112 = CARTESIAN_POINT ( 'NONE',  ( -6.779749639436431607, 10.00000000000000533, 15.41213102908554866 ) ) ;
#4113 = CARTESIAN_POINT ( 'NONE',  ( 6.726311488824756601, 9.731264328119902274, 15.79826803152880466 ) ) ;
#4114 = LINE ( 'NONE', #221, #604 ) ;
#4115 = CARTESIAN_POINT ( 'NONE',  ( 12.01085689862296313, 9.621359182662599707, 25.18837488239009659 ) ) ;
#4116 = CARTESIAN_POINT ( 'NONE',  ( 3.218892004352636782, 4.958611229389895847, 0.06189396702817450552 ) ) ;
#4117 = CARTESIAN_POINT ( 'NONE',  ( 6.998926095527331803, 4.661206361728950753, 16.70961756886512717 ) ) ;
#4118 = CARTESIAN_POINT ( 'NONE',  ( 3.238417611034433818, 4.761348851820618400, 1.445821298643538740E-13 ) ) ;
#4119 = CARTESIAN_POINT ( 'NONE',  ( -5.307395512274981186, 7.488638914703178884, 17.41984355093582337 ) ) ;
#4120 = ORIENTED_EDGE ( 'NONE', *, *, #1725, .F. ) ;
#4121 = DIRECTION ( 'NONE',  ( 0.8176693484968581283, 0.000000000000000000, -0.5756881417301591419 ) ) ;
#4122 = ORIENTED_EDGE ( 'NONE', *, *, #3779, .T. ) ;
#4123 = DIRECTION ( 'NONE',  ( 0.000000000000000000, 0.000000000000000000, 1.000000000000000000 ) ) ;
#4124 = ORIENTED_EDGE ( 'NONE', *, *, #901, .T. ) ;
#4125 = CARTESIAN_POINT ( 'NONE',  ( -13.50000000000000355, 2.607230158066993653, 25.53785682816774028 ) ) ;
#4126 = EDGE_CURVE ( 'NONE', #3171, #3515, #3369, .T. ) ;
#4127 = CARTESIAN_POINT ( 'NONE',  ( -4.141304585334469657, 4.835671493120428543, 17.88947988393925215 ) ) ;
#4128 = CARTESIAN_POINT ( 'NONE',  ( 10.80191321957146933, 4.999999999999996447, 22.60038548258290803 ) ) ;
#4129 = EDGE_LOOP ( 'NONE', ( #2024, #4043, #3608, #2863 ) ) ;
#4130 = EDGE_CURVE ( 'NONE', #189, #338, #3050, .T. ) ;
#4131 = CARTESIAN_POINT ( 'NONE',  ( -13.50000000000000355, 7.000000000000000000, 25.53785682819068015 ) ) ;
#4132 = CARTESIAN_POINT ( 'NONE',  ( 5.744004304908930436, 9.999999999999998224, 15.35137457605455502 ) ) ;
#4133 = CARTESIAN_POINT ( 'NONE',  ( 4.162510760922786268, 4.777499086293973463, 17.92408953546562600 ) ) ;
#4134 = EDGE_CURVE ( 'NONE', #3477, #1506, #2730, .T. ) ;
#4135 = CARTESIAN_POINT ( 'NONE',  ( 5.653253969790577038, 6.526692428494872189, 17.27462733960676289 ) ) ;
#4136 = CARTESIAN_POINT ( 'NONE',  ( -10.50000000000000533, 10.00000000000000000, 57.00000000000000000 ) ) ;
#4137 = EDGE_LOOP ( 'NONE', ( #3131, #281 ) ) ;
#4138 = DIRECTION ( 'NONE',  ( 5.345783651393923134E-16, 1.000000000000000000, 5.510717347367227829E-16 ) ) ;
#4139 = APPLICATION_PROTOCOL_DEFINITION ( 'draft international standard', 'automotive_design', 1998, #3472 ) ;
#4140 = CARTESIAN_POINT ( 'NONE',  ( -8.824525535188270098, 5.000000000000000000, 18.65391760043789304 ) ) ;
#4141 = ORIENTED_EDGE ( 'NONE', *, *, #2406, .F. ) ;
#4142 = DIRECTION ( 'NONE',  ( 0.000000000000000000, 1.000000000000000000, -0.000000000000000000 ) ) ;
#4143 = ORIENTED_EDGE ( 'NONE', *, *, #2291, .T. ) ;
#4144 = CARTESIAN_POINT ( 'NONE',  ( 5.307395512274580618, 7.488638914703253491, 17.41984355093599746 ) ) ;
#4145 = DIRECTION ( 'NONE',  ( 0.3871319990189741045, 0.000000000000000000, 0.9220243030070157664 ) ) ;
#4146 = CARTESIAN_POINT ( 'NONE',  ( -10.61104384307214943, 5.487091478293829816, 22.46600202199156016 ) ) ;
#4147 = ORIENTED_EDGE ( 'NONE', *, *, #2737, .T. ) ;
#4148 = ADVANCED_FACE ( 'NONE', ( #1120 ), #2396, .F. ) ;
#4149 = CARTESIAN_POINT ( 'NONE',  ( -7.052828328905347277, 2.000000000000000000, 16.68698554138910595 ) ) ;
#4150 = ORIENTED_EDGE ( 'NONE', *, *, #653, .F. ) ;
#4151 = CARTESIAN_POINT ( 'NONE',  ( 5.546834667730398571, 9.999999999999998224, 15.15016958239733746 ) ) ;
#4152 = DIRECTION ( 'NONE',  ( -0.3871319990189708848, 0.000000000000000000, 0.9220243030070170986 ) ) ;
#4153 = EDGE_CURVE ( 'NONE', #786, #2220, #3713, .T. ) ;
#4154 = CARTESIAN_POINT ( 'NONE',  ( -3.311305838722848449, 5.044148021984972807, 0.000000000000000000 ) ) ;
#4155 = EDGE_CURVE ( 'NONE', #774, #982, #3801, .T. ) ;
#4156 = CARTESIAN_POINT ( 'NONE',  ( 6.258480562893886656, 6.428162985166258281, 17.02050976365673307 ) ) ;
#4157 = CARTESIAN_POINT ( 'NONE',  ( -13.50000000000000711, 0.000000000000000000, 54.00000000000000000 ) ) ;
#4158 = CARTESIAN_POINT ( 'NONE',  ( 12.65137628346032095, 3.000000000000000000, 23.90251813119695967 ) ) ;
#4159 = ORIENTED_EDGE ( 'NONE', *, *, #1878, .F. ) ;
#4160 = CARTESIAN_POINT ( 'NONE',  ( 1.871024277987873984E-15, 3.500000000000001776, 1.928751071578530628E-15 ) ) ;
#4161 = CYLINDRICAL_SURFACE ( 'NONE', #1805, 2.000000000000000000 ) ;
#4162 = VERTEX_POINT ( 'NONE', #2454 ) ;
#4163 = DIRECTION ( 'NONE',  ( -0.1012800780874336948, -0.9939810286199201039, 0.04176195070023876882 ) ) ;
#4164 = ORIENTED_EDGE ( 'NONE', *, *, #2895, .F. ) ;
#4165 = CIRCLE ( 'NONE', #3023, 2.000000000000000888 ) ;
#4166 = AXIS2_PLACEMENT_3D ( 'NONE', #1393, #773, #3678 ) ;
#4167 = CARTESIAN_POINT ( 'NONE',  ( -13.18265123102029257, 1.545132339737708138, 24.27656747995997932 ) ) ;
#4168 = CARTESIAN_POINT ( 'NONE',  ( 4.287742461380432246, 2.000000000000000000, 18.01401953210438833 ) ) ;
ENDSEC;
END-ISO-10303-21;
