ISO-10303-21;
HEADER;
FILE_DESCRIPTION (( 'STEP AP214' ),
    '1' );
FILE_NAME ('°²×¿»úÆ÷ÈË.STEP',
    '2026-08-19T06:50:43',
    ( '' ),
    ( '' ),
    'SwSTEP 2.0',
    'SolidWorks 2025',
    '' );
FILE_SCHEMA (( 'AUTOMOTIVE_DESIGN' ));
ENDSEC;

DATA;
#1 = CARTESIAN_POINT ( 'NONE',  ( -43.74995664842534637, 122.9905486802060324, 1.420297096204495386E-06 ) ) ;
#2 = CARTESIAN_POINT ( 'NONE',  ( 4.087667525121591261, 73.74054868020596132, 1.420297095505689181E-06 ) ) ;
#3 = VERTEX_POINT ( 'NONE', #1687 ) ;
#4 = CARTESIAN_POINT ( 'NONE',  ( -24.50005104545644485, 122.9776144201840253, 4.974473707541815060 ) ) ;
#5 = VECTOR ( 'NONE', #39, 1000.000000000000000 ) ;
#6 = CARTESIAN_POINT ( 'NONE',  ( 24.08458845490286038, 124.7100526302959764, 4.033101131689572405 ) ) ;
#7 = CARTESIAN_POINT ( 'NONE',  ( 4.000043351574656292, 74.74054868020596132, 1.420297095500323651E-06 ) ) ;
#8 = VECTOR ( 'NONE', #2094, 1000.000000000000000 ) ;
#9 = CARTESIAN_POINT ( 'NONE',  ( 24.60762523574512528, 120.7344712790635128, 4.412710517544115696 ) ) ;
#10 = CIRCLE ( 'NONE', #978, 4.500000000000000000 ) ;
#11 = EDGE_CURVE ( 'NONE', #450, #601, #2471, .T. ) ;
#12 = DIRECTION ( 'NONE',  ( 0.000000000000000000, 0.000000000000000000, -1.000000000000000000 ) ) ;
#13 = ORIENTED_EDGE ( 'NONE', *, *, #1917, .T. ) ;
#14 = DIRECTION ( 'NONE',  ( 0.000000000000000000, 0.000000000000000000, 1.000000000000000000 ) ) ;
#15 = CARTESIAN_POINT ( 'NONE',  ( 24.35427565975358632, 126.6525859188553369, 2.398039299073825958 ) ) ;
#16 = ADVANCED_FACE ( 'NONE', ( #713 ), #242, .F. ) ;
#17 = CARTESIAN_POINT ( 'NONE',  ( 24.31513559730768392, 126.4410760406549912, -2.704717856349486915 ) ) ;
#18 = DIRECTION ( 'NONE',  ( 1.000000000000000000, 0.000000000000000000, 0.000000000000000000 ) ) ;
#19 = EDGE_CURVE ( 'NONE', #764, #2161, #115, .T. ) ;
#20 = CARTESIAN_POINT ( 'NONE',  ( 24.04090791153072004, 121.8992157839620916, 4.236700313253244587 ) ) ;
#21 = DIRECTION ( 'NONE',  ( -0.000000000000000000, 1.000000000000000000, -0.000000000000000000 ) ) ;
#22 = CARTESIAN_POINT ( 'NONE',  ( -24.45059981271777971, 127.1386312305024262, 1.420057869915935633 ) ) ;
#23 = ORIENTED_EDGE ( 'NONE', *, *, #545, .T. ) ;
#24 = DIRECTION ( 'NONE',  ( 0.000000000000000000, 0.000000000000000000, 1.000000000000000000 ) ) ;
#25 = CARTESIAN_POINT ( 'NONE',  ( 24.26129888716279837, 126.1226018217644338, 3.068151724528312307 ) ) ;
#26 = ORIENTED_EDGE ( 'NONE', *, *, #2342, .F. ) ;
#27 = CARTESIAN_POINT ( 'NONE',  ( 24.92540696131635158, 127.4847268850870563, -1.954555337178879970 ) ) ;
#28 = DIRECTION ( 'NONE',  ( 0.000000000000000000, 0.000000000000000000, 1.000000000000000000 ) ) ;
#29 = CARTESIAN_POINT ( 'NONE',  ( -23.07422532589376729, 122.9905486802060324, 5.625001420297099486 ) ) ;
#30 = CARTESIAN_POINT ( 'NONE',  ( -24.99311682044669425, 127.8321456934496325, 0.6662604951355937111 ) ) ;
#31 = VERTEX_POINT ( 'NONE', #2392 ) ;
#32 = CIRCLE ( 'NONE', #1254, 3.897114317029972685 ) ;
#33 = EDGE_LOOP ( 'NONE', ( #462, #699, #476, #2379 ) ) ;
#34 = FACE_OUTER_BOUND ( 'NONE', #896, .T. ) ;
#35 = CARTESIAN_POINT ( 'NONE',  ( 24.12853300613645402, 125.1484131357217251, -3.816560877368014193 ) ) ;
#36 = DIRECTION ( 'NONE',  ( 0.000000000000000000, -0.000000000000000000, -1.000000000000000000 ) ) ;
#37 = DIRECTION ( 'NONE',  ( 0.000000000000000000, 0.000000000000000000, -1.000000000000000000 ) ) ;
#38 = CARTESIAN_POINT ( 'NONE',  ( -24.78515786345885985, 126.6708027855141552, -3.278334268043288091 ) ) ;
#39 = DIRECTION ( 'NONE',  ( -0.000000000000000000, 1.000000000000000000, -0.000000000000000000 ) ) ;
#40 = ORIENTED_EDGE ( 'NONE', *, *, #2019, .T. ) ;
#41 = CARTESIAN_POINT ( 'NONE',  ( -24.78538330003144807, 126.6724066928563701, 3.276804070564174776 ) ) ;
#42 = ORIENTED_EDGE ( 'NONE', *, *, #448, .T. ) ;
#43 = VERTEX_POINT ( 'NONE', #823 ) ;
#44 = DIRECTION ( 'NONE',  ( 0.000000000000000000, 0.000000000000000000, -1.000000000000000000 ) ) ;
#45 = CARTESIAN_POINT ( 'NONE',  ( -14.24995664842535348, 96.85241171019551132, 1.420297096204495386E-06 ) ) ;
#46 = DIRECTION ( 'NONE',  ( -1.000000000000000000, 0.000000000000000000, -1.224646651184670831E-16 ) ) ;
#47 = PRODUCT_DEFINITION_CONTEXT ( 'detailed design', #1301, 'design' ) ;
#48 = CARTESIAN_POINT ( 'NONE',  ( -24.53218557514147591, 124.2606877480502732, 4.813945087896944308 ) ) ;
#49 = CARTESIAN_POINT ( 'NONE',  ( -24.96794737502535000, 127.7057755007402449, 1.304376985667361932 ) ) ;
#50 = CARTESIAN_POINT ( 'NONE',  ( -24.50005104545643775, 122.9776144202023147, 4.974473707541865686 ) ) ;
#51 = DIRECTION ( 'NONE',  ( -0.000000000000000000, 1.000000000000000000, -0.000000000000000000 ) ) ;
#52 = EDGE_CURVE ( 'NONE', #2422, #1398, #286, .T. ) ;
#53 = ORIENTED_EDGE ( 'NONE', *, *, #2065, .F. ) ;
#54 = VERTEX_POINT ( 'NONE', #2388 ) ;
#55 = ORIENTED_EDGE ( 'NONE', *, *, #1185, .F. ) ;
#56 = CARTESIAN_POINT ( 'NONE',  ( 24.04089840147577561, 124.0817128371565872, -4.236740934695289340 ) ) ;
#57 = CARTESIAN_POINT ( 'NONE',  ( 4.335157465272661373E-05, 131.9905486802060182, 1.420297096204495386E-06 ) ) ;
#58 = CARTESIAN_POINT ( 'NONE',  ( -24.04157200199813360, 124.1302509255773145, 4.233656097170975130 ) ) ;
#59 = DIRECTION ( 'NONE',  ( 0.000000000000000000, 0.000000000000000000, -1.000000000000000000 ) ) ;
#60 = CARTESIAN_POINT ( 'NONE',  ( -24.85635818225941307, 126.4410008842384627, -2.706200806259102531 ) ) ;
#61 = CARTESIAN_POINT ( 'NONE',  ( -24.64499312512902307, 121.8705806301886554, 4.238487040772505487 ) ) ;
#62 = DIRECTION ( 'NONE',  ( -0.000000000000000000, 1.000000000000000000, -0.000000000000000000 ) ) ;
#63 = AXIS2_PLACEMENT_3D ( 'NONE', #729, #2305, #1517 ) ;
#64 = ORIENTED_EDGE ( 'NONE', *, *, #1149, .T. ) ;
#65 = COLOUR_RGB ( '',0.7921568627450980005, 0.8196078431372548767, 0.9333333333333333481 ) ;
#66 = ORIENTED_EDGE ( 'NONE', *, *, #413, .T. ) ;
#67 = CARTESIAN_POINT ( 'NONE',  ( 23.45897300816254827, 127.2290464682819504, 3.716245843591539533 ) ) ;
#68 = DIRECTION ( 'NONE',  ( -1.000000000000000000, 0.000000000000000000, -1.224646870966959135E-16 ) ) ;
#69 = CARTESIAN_POINT ( 'NONE',  ( 24.05545047342093667, 121.6412033529517487, 4.170238791980248827 ) ) ;
#70 = CARTESIAN_POINT ( 'NONE',  ( 24.53663195956051979, 124.3358977588640499, 4.792554195232231251 ) ) ;
#71 = CARTESIAN_POINT ( 'NONE',  ( 4.335157465757927904E-05, 73.74054868020596132, -39.24999857970290407 ) ) ;
#72 = AXIS2_PLACEMENT_3D ( 'NONE', #1854, #51, #808 ) ;
#73 = CARTESIAN_POINT ( 'NONE',  ( -24.05900638919653289, 124.3923606808953366, 4.154208110552052524 ) ) ;
#74 = CARTESIAN_POINT ( 'NONE',  ( -24.50022656276375344, 122.6583148776553571, 4.973609255927867956 ) ) ;
#75 = CARTESIAN_POINT ( 'NONE',  ( 24.02315718401530376, 123.7237219845412426, -4.317094335701006536 ) ) ;
#76 = ADVANCED_FACE ( 'NONE', ( #2246 ), #1399, .T. ) ;
#77 = CARTESIAN_POINT ( 'NONE',  ( -24.04223051241524800, 121.8397754771888373, 4.230653255433546533 ) ) ;
#78 = ORIENTED_EDGE ( 'NONE', *, *, #1822, .T. ) ;
#79 = EDGE_LOOP ( 'NONE', ( #603, #1951, #230, #1533, #2318 ) ) ;
#80 = CARTESIAN_POINT ( 'NONE',  ( 23.11799286106819906, 124.4564395431236221, -5.443202534951749882 ) ) ;
#81 = DIRECTION ( 'NONE',  ( -1.000000000000000000, 0.000000000000000000, 0.000000000000000000 ) ) ;
#82 = CARTESIAN_POINT ( 'NONE',  ( 24.43883495086669200, 118.8997973035372695, -1.573596593360212070 ) ) ;
#83 = EDGE_CURVE ( 'NONE', #2463, #1066, #751, .T. ) ;
#84 = CARTESIAN_POINT ( 'NONE',  ( -24.01689206578499025, 123.5761865431785083, -4.345009101266506413 ) ) ;
#85 = DIRECTION ( 'NONE',  ( 0.000000000000000000, 0.000000000000000000, -1.000000000000000000 ) ) ;
#86 = EDGE_CURVE ( 'NONE', #31, #1401, #406, .T. ) ;
#87 = CARTESIAN_POINT ( 'NONE',  ( 24.48507121262423425, 127.2976370715227858, 0.8125248752500613403 ) ) ;
#88 = CARTESIAN_POINT ( 'NONE',  ( -25.00011341030489120, 118.6146420149868419, 0.2788167314964105636 ) ) ;
#89 = CARTESIAN_POINT ( 'NONE',  ( 9.750043351574657180, 74.74054868020596132, 1.420297096204495386E-06 ) ) ;
#90 = DIRECTION ( 'NONE',  ( 0.000000000000000000, 0.000000000000000000, 1.000000000000000000 ) ) ;
#91 = EDGE_LOOP ( 'NONE', ( #825, #40, #2434, #371 ) ) ;
#92 = AXIS2_PLACEMENT_3D ( 'NONE', #2160, #12, #2515 ) ;
#93 = CARTESIAN_POINT ( 'NONE',  ( -23.09197315681319296, 122.0676507973820861, -5.551813231179282049 ) ) ;
#94 = AXIS2_PLACEMENT_3D ( 'NONE', #1162, #2339, #782 ) ;
#95 = TOROIDAL_SURFACE ( 'NONE', #2326, 39.25000000000000000, 0.7500000000000000000 ) ;
#96 = CIRCLE ( 'NONE', #219, 4.375000000000002665 ) ;
#97 = CARTESIAN_POINT ( 'NONE',  ( 24.65131364159434568, 125.6738713080826670, -4.165849751905624565 ) ) ;
#98 = CARTESIAN_POINT ( 'NONE',  ( 5.250043351574656292, 74.74054868020596132, 1.420297096204495386E-06 ) ) ;
#99 = CARTESIAN_POINT ( 'NONE',  ( -24.19109184243590249, 125.6520948805281108, 3.483944315622636623 ) ) ;
#100 = VERTEX_POINT ( 'NONE', #1227 ) ;
#101 = CARTESIAN_POINT ( 'NONE',  ( -24.62177018998213285, 122.9792705433626878, 4.374986895955465194 ) ) ;
#102 = CARTESIAN_POINT ( 'NONE',  ( -23.24500722455636037, 125.8077512123798556, 4.872172862503726165 ) ) ;
#103 = CARTESIAN_POINT ( 'NONE',  ( 24.73724619752697507, 120.5593481899485795, -3.648717565409156371 ) ) ;
#104 = DIRECTION ( 'NONE',  ( -1.000000000000000000, 0.000000000000000000, 0.000000000000000000 ) ) ;
#105 = TOROIDAL_SURFACE ( 'NONE', #1595, 18.75000000000001066, 6.250000000000000000 ) ;
#106 = CARTESIAN_POINT ( 'NONE',  ( -23.07422532589377440, 123.3601380820978193, -5.624998579702885415 ) ) ;
#107 = ORIENTED_EDGE ( 'NONE', *, *, #2172, .F. ) ;
#108 = ADVANCED_FACE ( 'NONE', ( #1462 ), #1630, .F. ) ;
#109 = DIRECTION ( 'NONE',  ( 1.224646799147353207E-16, 1.118469038842134209E-32, -1.000000000000000000 ) ) ;
#110 = CARTESIAN_POINT ( 'NONE',  ( 9.750043351574658956, 74.74054868020596132, 1.420297096204495386E-06 ) ) ;
#111 = CARTESIAN_POINT ( 'NONE',  ( -24.40669347494810992, 126.9248213114976522, -1.934714663861599293 ) ) ;
#112 = CARTESIAN_POINT ( 'NONE',  ( 4.335157465272661373E-05, 72.49054868020596132, 1.420297096204495386E-06 ) ) ;
#113 = VERTEX_POINT ( 'NONE', #2054 ) ;
#114 = CARTESIAN_POINT ( 'NONE',  ( 24.28981090664640519, 126.2939926748183836, -2.880409477164497911 ) ) ;
#115 = LINE ( 'NONE', #1026, #2519 ) ;
#116 = CARTESIAN_POINT ( 'NONE',  ( -24.50005092420294162, 123.0032604432283279, -4.974471464141021038 ) ) ;
#117 = CARTESIAN_POINT ( 'NONE',  ( -23.70774081841752690, 128.4349988029317728, 1.460621433935886948 ) ) ;
#118 = CARTESIAN_POINT ( 'NONE',  ( -24.04126876090886356, 121.8562855727333272, -4.235032814716566563 ) ) ;
#119 = ADVANCED_FACE ( 'NONE', ( #276, #250 ), #1645, .T. ) ;
#120 = DIRECTION ( 'NONE',  ( -0.000000000000000000, 1.000000000000000000, 0.000000000000000000 ) ) ;
#121 = ORIENTED_EDGE ( 'NONE', *, *, #1801, .T. ) ;
#122 = CARTESIAN_POINT ( 'NONE',  ( 24.53153780050941535, 121.7744920243913640, 4.817239228614583091 ) ) ;
#123 = CARTESIAN_POINT ( 'NONE',  ( 23.74129547034403132, 117.4021605365021372, 0.7389956119625027409 ) ) ;
#124 = DIRECTION ( 'NONE',  ( 0.000000000000000000, 0.000000000000000000, 1.000000000000000000 ) ) ;
#125 = ORIENTED_EDGE ( 'NONE', *, *, #1801, .F. ) ;
#126 = CARTESIAN_POINT ( 'NONE',  ( 24.11995890240884677, 125.0675901822573763, -3.859538374394692717 ) ) ;
#127 = EDGE_LOOP ( 'NONE', ( #42, #216 ) ) ;
#128 = CARTESIAN_POINT ( 'NONE',  ( -24.45019681683434243, 118.8443964598290563, -1.425237167603736088 ) ) ;
#129 = CARTESIAN_POINT ( 'NONE',  ( -23.26494867092568697, 125.9672739111425415, 4.776352412809160342 ) ) ;
#130 = CARTESIAN_POINT ( 'NONE',  ( 24.63547630993330273, 122.1140539949987698, -4.295413748043353408 ) ) ;
#131 = CARTESIAN_POINT ( 'NONE',  ( -24.01698805774322310, 122.4012857028863834, 4.344591511259229044 ) ) ;
#132 = EDGE_LOOP ( 'NONE', ( #2320, #1790, #1002, #1133, #179 ) ) ;
#133 = CARTESIAN_POINT ( 'NONE',  ( 4.335157465272661373E-05, 73.74054868020596132, 1.420297096204495386E-06 ) ) ;
#134 = DIRECTION ( 'NONE',  ( -0.000000000000000000, 1.000000000000000000, -0.000000000000000000 ) ) ;
#135 = CARTESIAN_POINT ( 'NONE',  ( 4.335157465502282518E-05, 93.74054868020594711, 18.75000142029710659 ) ) ;
#136 = CARTESIAN_POINT ( 'NONE',  ( 23.75001825700091374, 117.3656546350769929, 0.3728828996170389654 ) ) ;
#137 = CARTESIAN_POINT ( 'NONE',  ( 24.49801592199347056, 122.9243796776459732, -4.984941203118700592 ) ) ;
#138 = VERTEX_POINT ( 'NONE', #1811 ) ;
#139 = DIRECTION ( 'NONE',  ( 1.000000000000000000, -0.000000000000000000, -0.000000000000000000 ) ) ;
#140 = EDGE_LOOP ( 'NONE', ( #1549, #2349, #1870, #436 ) ) ;
#141 = CARTESIAN_POINT ( 'NONE',  ( -24.99452379761983423, 118.6466806968474543, -0.5981165934318154465 ) ) ;
#142 = CARTESIAN_POINT ( 'NONE',  ( -23.74993144633171127, 128.6154422713620704, -0.3728775850601906416 ) ) ;
#143 = CARTESIAN_POINT ( 'NONE',  ( 24.90617545461652327, 119.1946010248141476, -2.195118844516851464 ) ) ;
#144 = DIRECTION ( 'NONE',  ( 0.000000000000000000, 0.000000000000000000, 1.000000000000000000 ) ) ;
#145 = EDGE_LOOP ( 'NONE', ( #1961, #802 ) ) ;
#146 = CARTESIAN_POINT ( 'NONE',  ( -23.24367298569008256, 125.8085541876442477, -4.882210580072154471 ) ) ;
#147 = CARTESIAN_POINT ( 'NONE',  ( 24.46027830472119291, 118.7981440652455234, 1.278257355756449387 ) ) ;
#148 = AXIS2_PLACEMENT_3D ( 'NONE', #2399, #2383, #1821 ) ;
#149 = DIRECTION ( 'NONE',  ( -0.000000000000000000, 1.000000000000000000, -0.000000000000000000 ) ) ;
#150 = CARTESIAN_POINT ( 'NONE',  ( 23.07431202904308520, 122.6209659946257489, 5.625001420297079058 ) ) ;
#151 = ORIENTED_EDGE ( 'NONE', *, *, #460, .T. ) ;
#152 = DIRECTION ( 'NONE',  ( -1.000000000000000000, 0.000000000000000000, 0.000000000000000000 ) ) ;
#153 = ORIENTED_EDGE ( 'NONE', *, *, #448, .F. ) ;
#154 = CARTESIAN_POINT ( 'NONE',  ( -24.62616406905484112, 122.4441016529627575, -4.349718915978966649 ) ) ;
#155 = CARTESIAN_POINT ( 'NONE',  ( 24.80188153864527578, 119.9643223604031874, 3.173186657562018009 ) ) ;
#156 = CIRCLE ( 'NONE', #363, 5.000000000000000888 ) ;
#157 = FACE_OUTER_BOUND ( 'NONE', #1721, .T. ) ;
#158 = DIRECTION ( 'NONE',  ( -0.000000000000000000, 1.000000000000000000, -0.000000000000000000 ) ) ;
#159 = EDGE_CURVE ( 'NONE', #1084, #2479, #2061, .T. ) ;
#160 = VERTEX_POINT ( 'NONE', #2224 ) ;
#161 = CARTESIAN_POINT ( 'NONE',  ( -24.99975868254776756, 118.1165236917468633, -0.3372586701378543772 ) ) ;
#162 = CARTESIAN_POINT ( 'NONE',  ( 24.19652014754594660, 120.2934520375956566, -3.454659750366538606 ) ) ;
#163 = DIRECTION ( 'NONE',  ( 1.000000000000000000, 0.000000000000000000, -1.224646799147353207E-16 ) ) ;
#164 = EDGE_CURVE ( 'NONE', #43, #1429, #1531, .T. ) ;
#165 = EDGE_CURVE ( 'NONE', #1905, #2078, #1262, .T. ) ;
#166 = CYLINDRICAL_SURFACE ( 'NONE', #718, 5.625000000000003553 ) ;
#167 = ORIENTED_EDGE ( 'NONE', *, *, #1642, .F. ) ;
#168 = CARTESIAN_POINT ( 'NONE',  ( -24.13153814245536921, 120.8073428534583087, -3.802056046844505488 ) ) ;
#169 = CARTESIAN_POINT ( 'NONE',  ( 24.78911061799367843, 119.2904476710205302, -3.242960819273124518 ) ) ;
#170 = EDGE_CURVE ( 'NONE', #1222, #1206, #174, .T. ) ;
#171 = CARTESIAN_POINT ( 'NONE',  ( 9.750043351574655404, 98.51027630036401206, 1.420297096204495386E-06 ) ) ;
#172 = FACE_OUTER_BOUND ( 'NONE', #1144, .T. ) ;
#173 = EDGE_LOOP ( 'NONE', ( #1737, #121 ) ) ;
#174 = CIRCLE ( 'NONE', #1652, 4.500000000000000888 ) ;
#175 = CARTESIAN_POINT ( 'NONE',  ( 24.51946061534865606, 123.9956583639206258, 4.878565731856420840 ) ) ;
#176 = CARTESIAN_POINT ( 'NONE',  ( -43.74995664842534637, 122.9905486802060324, 1.420297096204495386E-06 ) ) ;
#177 = CIRCLE ( 'NONE', #704, 40.00000000000000000 ) ;
#178 = DIRECTION ( 'NONE',  ( 1.000000000000000000, 0.000000000000000000, 0.000000000000000000 ) ) ;
#179 = ORIENTED_EDGE ( 'NONE', *, *, #1980, .F. ) ;
#180 = CYLINDRICAL_SURFACE ( 'NONE', #1563, 6.250000000000000000 ) ;
#181 = CARTESIAN_POINT ( 'NONE',  ( 24.98114311236982132, 118.2093021541620033, 1.023748533312476283 ) ) ;
#182 = AXIS2_PLACEMENT_3D ( 'NONE', #1376, #385, #583 ) ;
#183 = PLANE ( 'NONE',  #928 ) ;
#184 = CARTESIAN_POINT ( 'NONE',  ( -24.10665169364451899, 124.9432989617725411, -3.925495571022029395 ) ) ;
#185 = EDGE_LOOP ( 'NONE', ( #2188, #1704 ) ) ;
#186 = CARTESIAN_POINT ( 'NONE',  ( 9.750043351574658956, 72.49054868020596132, 1.420297096204495386E-06 ) ) ;
#187 = CARTESIAN_POINT ( 'NONE',  ( 24.33945514442875790, 126.5725913698159673, 2.515912663420142081 ) ) ;
#188 = CIRCLE ( 'NONE', #1584, 4.500000000000000888 ) ;
#189 = DIRECTION ( 'NONE',  ( 0.04892522883213349522, -0.9672286190730181588, -0.2491487917486768233 ) ) ;
#190 = CARTESIAN_POINT ( 'NONE',  ( -9.749956648425348149, 74.74054868020596132, 1.420297096204495386E-06 ) ) ;
#191 = DIRECTION ( 'NONE',  ( 0.000000000000000000, 0.000000000000000000, 1.000000000000000000 ) ) ;
#192 = DIRECTION ( 'NONE',  ( -9.132992791234630738E-17, 1.000000000000000000, -0.000000000000000000 ) ) ;
#193 = VERTEX_POINT ( 'NONE', #98 ) ;
#194 = DIRECTION ( 'NONE',  ( 1.000000000000000000, 0.000000000000000000, 1.224646799147353207E-16 ) ) ;
#195 = ADVANCED_FACE ( 'NONE', ( #1410 ), #1547, .T. ) ;
#196 = CIRCLE ( 'NONE', #996, 4.500000000000000888 ) ;
#197 = EDGE_CURVE ( 'NONE', #684, #601, #96, .T. ) ;
#198 = CARTESIAN_POINT ( 'NONE',  ( 24.63548376332495948, 123.8673670027024514, 4.295372959944120161 ) ) ;
#199 = APPLICATION_CONTEXT ( 'automotive_design' ) ;
#200 = FACE_BOUND ( 'NONE', #145, .T. ) ;
#201 = SPHERICAL_SURFACE ( 'NONE', #1260, 5.750000000000000000 ) ;
#202 = AXIS2_PLACEMENT_3D ( 'NONE', #2300, #1898, #2425 ) ;
#203 = DIRECTION ( 'NONE',  ( 0.000000000000000000, 0.000000000000000000, -1.000000000000000000 ) ) ;
#204 = VECTOR ( 'NONE', #669, 1000.000000000000000 ) ;
#205 = CARTESIAN_POINT ( 'NONE',  ( -24.99506313069720065, 127.3375361224882880, -0.5749413974105739289 ) ) ;
#206 = VERTEX_POINT ( 'NONE', #71 ) ;
#207 = CARTESIAN_POINT ( 'NONE',  ( -24.52553566438857757, 121.8838213906697234, -4.847372260699323476 ) ) ;
#208 = CARTESIAN_POINT ( 'NONE',  ( 24.91615381308901078, 126.8507776255138282, 2.064580474001477928 ) ) ;
#209 = AXIS2_PLACEMENT_3D ( 'NONE', #1475, #2406, #511 ) ;
#210 = ORIENTED_EDGE ( 'NONE', *, *, #19, .T. ) ;
#211 = CARTESIAN_POINT ( 'NONE',  ( 24.34589627843060455, 126.6095708490668272, -2.475111994340214228 ) ) ;
#212 = DIRECTION ( 'NONE',  ( 0.000000000000000000, -1.000000000000000000, 0.000000000000000000 ) ) ;
#213 = FACE_OUTER_BOUND ( 'NONE', #2229, .T. ) ;
#214 = CARTESIAN_POINT ( 'NONE',  ( -23.58367092098328044, 118.1110455950122144, 2.822291097271112825 ) ) ;
#215 = CARTESIAN_POINT ( 'NONE',  ( -24.99387268390971784, 127.8358757475155301, -0.6383832912543798699 ) ) ;
#216 = ORIENTED_EDGE ( 'NONE', *, *, #2478, .T. ) ;
#217 = CIRCLE ( 'NONE', #1081, 6.250000000000000000 ) ;
#218 = TOROIDAL_SURFACE ( 'NONE', #1335, 39.25000000000000000, 0.7500000000000000000 ) ;
#219 = AXIS2_PLACEMENT_3D ( 'NONE', #1603, #2002, #1021 ) ;
#220 = ORIENTED_EDGE ( 'NONE', *, *, #1256, .F. ) ;
#221 = CARTESIAN_POINT ( 'NONE',  ( 24.45662631835258338, 127.1655793339804319, -1.315325327506225772 ) ) ;
#222 = CARTESIAN_POINT ( 'NONE',  ( 4.335157465349201981E-05, 131.9905486802060182, -6.249998579702904067 ) ) ;
#223 = FACE_OUTER_BOUND ( 'NONE', #1161, .T. ) ;
#224 = CYLINDRICAL_SURFACE ( 'NONE', #2503, 25.00000000000000711 ) ;
#225 = CARTESIAN_POINT ( 'NONE',  ( -24.95179454891386683, 127.0779842093762255, -1.567012466748058941 ) ) ;
#226 = CARTESIAN_POINT ( 'NONE',  ( 24.53153780050941535, 121.7744920243913640, 4.817239228614583091 ) ) ;
#227 = ORIENTED_EDGE ( 'NONE', *, *, #235, .F. ) ;
#228 = CARTESIAN_POINT ( 'NONE',  ( -24.99326152070781859, 127.8328485502482295, 0.6595006929254394468 ) ) ;
#229 = ORIENTED_EDGE ( 'NONE', *, *, #11, .F. ) ;
#230 = ORIENTED_EDGE ( 'NONE', *, *, #911, .T. ) ;
#231 = CARTESIAN_POINT ( 'NONE',  ( 23.62133687192483933, 128.0464798812451193, -2.492593671029480262 ) ) ;
#232 = CARTESIAN_POINT ( 'NONE',  ( 24.96475958212566226, 127.1568173819361647, -1.343392091324729032 ) ) ;
#233 = FACE_BOUND ( 'NONE', #1573, .T. ) ;
#234 = DIRECTION ( 'NONE',  ( 0.000000000000000000, -1.000000000000000000, 0.000000000000000000 ) ) ;
#235 = EDGE_CURVE ( 'NONE', #160, #616, #560, .T. ) ;
#236 = CARTESIAN_POINT ( 'NONE',  ( -24.49399436312453915, 127.3389191244510812, -0.5614497489373798667 ) ) ;
#237 = AXIS2_PLACEMENT_3D ( 'NONE', #1311, #919, #372 ) ;
#238 = CARTESIAN_POINT ( 'NONE',  ( -24.46986267455509889, 118.7530193522735686, 1.125115479537327268 ) ) ;
#239 = CARTESIAN_POINT ( 'NONE',  ( 15.50004335157465718, 98.51027630036401206, 1.420297096908667333E-06 ) ) ;
#240 = ADVANCED_FACE ( 'NONE', ( #2027, #1047, #844 ), #521, .F. ) ;
#241 = CARTESIAN_POINT ( 'NONE',  ( 24.50509561959793103, 122.4088926690234302, 4.950024877693717684 ) ) ;
#242 = PLANE ( 'NONE',  #209 ) ;
#243 = ORIENTED_EDGE ( 'NONE', *, *, #159, .F. ) ;
#244 = ORIENTED_EDGE ( 'NONE', *, *, #612, .T. ) ;
#245 = CARTESIAN_POINT ( 'NONE',  ( 9.750043351574658956, 74.74054868020596132, 1.420297096204495386E-06 ) ) ;
#246 = CARTESIAN_POINT ( 'NONE',  ( 24.25185560036503674, 126.0615288727015297, -3.129012176344954543 ) ) ;
#247 = DIRECTION ( 'NONE',  ( 0.000000000000000000, 0.000000000000000000, 1.000000000000000000 ) ) ;
#248 = UNCERTAINTY_MEASURE_WITH_UNIT (LENGTH_MEASURE( 1.000000000000000082E-05 ), #1735, 'distance_accuracy_value', 'NONE');
#249 = CARTESIAN_POINT ( 'NONE',  ( 24.96570785219050492, 127.6946415002492046, -1.344659096372564422 ) ) ;
#250 = FACE_BOUND ( 'NONE', #509, .T. ) ;
#251 = CARTESIAN_POINT ( 'NONE',  ( -24.40713444941529886, 126.9270180697571959, -1.930276733361616426 ) ) ;
#252 = EDGE_CURVE ( 'NONE', #1027, #1257, #2328, .T. ) ;
#253 = CARTESIAN_POINT ( 'NONE',  ( -24.71986200266128719, 119.7592937553983745, 3.739165521966555605 ) ) ;
#254 = DIRECTION ( 'NONE',  ( 0.000000000000000000, 0.000000000000000000, 1.000000000000000000 ) ) ;
#255 = ORIENTED_EDGE ( 'NONE', *, *, #1642, .T. ) ;
#256 = VERTEX_POINT ( 'NONE', #300 ) ;
#257 = CARTESIAN_POINT ( 'NONE',  ( 23.07431202904307455, 123.3583498827770768, -5.624998579702906731 ) ) ;
#258 = CARTESIAN_POINT ( 'NONE',  ( -23.45888570685352903, 118.7520544854584585, -3.716246447682792553 ) ) ;
#259 = CARTESIAN_POINT ( 'NONE',  ( 4.335157465272661373E-05, 93.74054868020594711, 1.420297096204495386E-06 ) ) ;
#260 = EDGE_CURVE ( 'NONE', #1155, #2479, #156, .T. ) ;
#261 = CARTESIAN_POINT ( 'NONE',  ( -24.37861082168424076, 126.7837003247221617, 2.198504536752662553 ) ) ;
#262 = CARTESIAN_POINT ( 'NONE',  ( 9.750043351574658956, 74.74054868020596132, 1.420297096204495386E-06 ) ) ;
#263 = CARTESIAN_POINT ( 'NONE',  ( -24.13203572548022890, 125.1781084469441794, 3.799510407164582659 ) ) ;
#264 = CARTESIAN_POINT ( 'NONE',  ( -24.32164698867178743, 119.5043618374706256, 2.658584989099822771 ) ) ;
#265 = CARTESIAN_POINT ( 'NONE',  ( 4.335157465272661373E-05, 127.4905486802060182, 1.420297096204495386E-06 ) ) ;
#266 = AXIS2_PLACEMENT_3D ( 'NONE', #785, #1422, #46 ) ;
#267 = EDGE_CURVE ( 'NONE', #1429, #1016, #503, .T. ) ;
#268 = EDGE_CURVE ( 'NONE', #256, #1891, #1039, .T. ) ;
#269 = ORIENTED_EDGE ( 'NONE', *, *, #519, .F. ) ;
#270 = CIRCLE ( 'NONE', #1838, 5.662375826453065919 ) ;
#271 = ORIENTED_EDGE ( 'NONE', *, *, #1370, .F. ) ;
#272 = DIRECTION ( 'NONE',  ( 0.000000000000000000, -1.000000000000000000, 0.000000000000000000 ) ) ;
#273 = CARTESIAN_POINT ( 'NONE',  ( -23.37044966115349709, 119.2786971580614477, -4.230445336243073839 ) ) ;
#274 = CARTESIAN_POINT ( 'NONE',  ( 24.11951058761523825, 120.9178680119610902, 3.861771147303010743 ) ) ;
#275 = DIRECTION ( 'NONE',  ( -4.577208079500490890E-17, 1.000000000000000000, -0.000000000000000000 ) ) ;
#276 = FACE_OUTER_BOUND ( 'NONE', #1877, .T. ) ;
#277 = CARTESIAN_POINT ( 'NONE',  ( 24.05530580649395844, 124.3373667582467590, -4.170897800536154776 ) ) ;
#278 = CARTESIAN_POINT ( 'NONE',  ( -24.45216629710436962, 118.8350759630406230, 1.398208476453566496 ) ) ;
#279 = DIRECTION ( 'NONE',  ( 1.000000000000000000, 0.000000000000000000, 0.000000000000000000 ) ) ;
#280 = CARTESIAN_POINT ( 'NONE',  ( 24.53522892490530793, 121.6706004664463734, -4.799656442115184163 ) ) ;
#281 = CARTESIAN_POINT ( 'NONE',  ( -24.32124248169481717, 119.5066344216569831, 2.661523867799823417 ) ) ;
#282 = VERTEX_POINT ( 'NONE', #2051 ) ;
#283 = CARTESIAN_POINT ( 'NONE',  ( -23.11778368476716494, 121.5271252295004984, -5.443716290036519467 ) ) ;
#284 = CARTESIAN_POINT ( 'NONE',  ( -24.22542389242157412, 125.8899471821209630, -3.288593992512739650 ) ) ;
#285 = DIRECTION ( 'NONE',  ( 0.000000000000000000, 0.000000000000000000, -1.000000000000000000 ) ) ;
#286 = B_SPLINE_CURVE_WITH_KNOTS ( 'NONE', 3,
 ( #903, #1996, #2072, #1464, #435, #2275, #1295, #419, #627, #1105, #484, #2248, #2086, #1220, #1699, #2485, #1278, #1502, #228, #1012, #1803, #302, #1816, #1091, #41, #810, #1449, #818, #1249, #1851, #48, #443, #1238, #1616 ),
 .UNSPECIFIED., .F., .F.,
 ( 4, 2, 2, 2, 2, 2, 2, 2, 2, 2, 2, 2, 2, 2, 2, 2, 4 ),
 ( 1.271177473539611362E-05, 0.0009917691496092585594, 0.001970826524483120738, 0.002949883899356983349, 0.003928941274230845528, 0.004907998649104707706, 0.005887056023978570751, 0.006866113398852432062, 0.007845170773726293373, 0.008824228148600152949, 0.009803285523474015994, 0.01078234289834787731, 0.01176140027322174035, 0.01274045764809560513, 0.01371951502296946644, 0.01469857239784332775, 0.01567762977271719080 ),
 .UNSPECIFIED. ) ;
#287 = CARTESIAN_POINT ( 'NONE',  ( -24.65710228275646188, 124.3555371481966034, 4.166374076142636440 ) ) ;
#288 = ORIENTED_EDGE ( 'NONE', *, *, #1025, .T. ) ;
#289 = CARTESIAN_POINT ( 'NONE',  ( -25.00015286069050546, 118.1145823055533981, 0.3099861448360694549 ) ) ;
#290 = CARTESIAN_POINT ( 'NONE',  ( -23.74996916775038258, 128.6156015395804388, 0.1840279003488262677 ) ) ;
#291 = CARTESIAN_POINT ( 'NONE',  ( -24.01004915751581947, 122.9789410109719370, 4.374986021643136880 ) ) ;
#292 = EDGE_CURVE ( 'NONE', #851, #54, #32, .T. ) ;
#293 = AXIS2_PLACEMENT_3D ( 'NONE', #176, #955, #1781 ) ;
#294 = ORIENTED_EDGE ( 'NONE', *, *, #2281, .T. ) ;
#295 = CIRCLE ( 'NONE', #1199, 23.75000000000000711 ) ;
#296 = CARTESIAN_POINT ( 'NONE',  ( 4.335157465502282518E-05, 93.74054868020594711, 18.75000142029710659 ) ) ;
#297 = VECTOR ( 'NONE', #2477, 1000.000000000000000 ) ;
#298 = AXIS2_PLACEMENT_3D ( 'NONE', #1749, #717, #1666 ) ;
#299 = CARTESIAN_POINT ( 'NONE',  ( 24.79372220455050169, 126.7232797408649958, 3.215836234267640314 ) ) ;
#300 = CARTESIAN_POINT ( 'NONE',  ( 23.07431202904297152, 122.9905486802056771, 5.625001420297576438 ) ) ;
#301 = CARTESIAN_POINT ( 'NONE',  ( 24.23105222132054593, 125.9259461360934580, -3.254679968061192863 ) ) ;
#302 = CARTESIAN_POINT ( 'NONE',  ( -24.90483014297220166, 127.3746749237601676, 2.199448747349137978 ) ) ;
#303 = CARTESIAN_POINT ( 'NONE',  ( -24.31852998955747935, 119.5217884547006406, -2.681566138453183701 ) ) ;
#304 = CARTESIAN_POINT ( 'NONE',  ( -23.07422532589377440, 123.3585897929054056, 5.625001420297098598 ) ) ;
#305 = CARTESIAN_POINT ( 'NONE',  ( 24.24539046973901435, 119.9649575274669644, -3.163326564958778953 ) ) ;
#306 = CARTESIAN_POINT ( 'NONE',  ( -24.45181122123171846, 118.8367532998583016, 1.403142040558422732 ) ) ;
#307 = AXIS2_PLACEMENT_3D ( 'NONE', #1965, #1589, #247 ) ;
#308 = PLANE ( 'NONE',  #1201 ) ;
#309 = VERTEX_POINT ( 'NONE', #1833 ) ;
#310 = CARTESIAN_POINT ( 'NONE',  ( 20.00004335157465363, 122.9905486802060324, 1.420297096204495386E-06 ) ) ;
#311 = CARTESIAN_POINT ( 'NONE',  ( 23.74785907965185672, 117.3747503999914414, -0.3708928604315019917 ) ) ;
#312 = CARTESIAN_POINT ( 'NONE',  ( 24.98101879095957045, 118.2099268627549264, 1.025832376227528320 ) ) ;
#313 = ORIENTED_EDGE ( 'NONE', *, *, #197, .F. ) ;
#314 = CARTESIAN_POINT ( 'NONE',  ( -24.62164671142675587, 123.2574656736406666, 4.375703434096947397 ) ) ;
#315 = DIRECTION ( 'NONE',  ( 1.000000000000000000, -0.000000000000000000, -0.000000000000000000 ) ) ;
#316 = CARTESIAN_POINT ( 'NONE',  ( -24.37789524273091857, 119.2010121055159431, -2.205109602594073070 ) ) ;
#317 = DIRECTION ( 'NONE',  ( -9.132992791234630738E-17, 1.000000000000000000, -0.000000000000000000 ) ) ;
#318 = CARTESIAN_POINT ( 'NONE',  ( 24.02906188183724723, 122.0888611549407301, -4.290679719327695985 ) ) ;
#319 = VECTOR ( 'NONE', #1466, 1000.000000000000000 ) ;
#320 = CARTESIAN_POINT ( 'NONE',  ( 43.75004335157464652, 122.9905486802060324, 1.420297096204495386E-06 ) ) ;
#321 = EDGE_LOOP ( 'NONE', ( #1920, #1607, #654, #811 ) ) ;
#322 = CARTESIAN_POINT ( 'NONE',  ( -24.53353711263801173, 121.6957183458329865, 4.807075785797847445 ) ) ;
#323 = CARTESIAN_POINT ( 'NONE',  ( 18.75004335157465363, 122.9905486802060324, 1.420297096204495386E-06 ) ) ;
#324 = CIRCLE ( 'NONE', #2215, 25.00000000000000711 ) ;
#325 = AXIS2_PLACEMENT_3D ( 'NONE', #340, #109, #536 ) ;
#326 = CARTESIAN_POINT ( 'NONE',  ( 24.62150354051207302, 123.0320777893410877, 4.377040618599558286 ) ) ;
#327 = CARTESIAN_POINT ( 'NONE',  ( 23.75005581783812403, 117.3654960448693885, -0.1840366296526372014 ) ) ;
#328 = CARTESIAN_POINT ( 'NONE',  ( -9.749956648425348149, 73.74054868020594711, 1.420297096204495386E-06 ) ) ;
#329 = ORIENTED_EDGE ( 'NONE', *, *, #876, .T. ) ;
#330 = DIRECTION ( 'NONE',  ( -0.000000000000000000, 1.000000000000000000, -0.000000000000000000 ) ) ;
#331 = ORIENTED_EDGE ( 'NONE', *, *, #2449, .F. ) ;
#332 = CARTESIAN_POINT ( 'NONE',  ( -24.75533752553903710, 120.3778835058652845, -3.520899287161744162 ) ) ;
#333 = CARTESIAN_POINT ( 'NONE',  ( -23.50287976415876656, 127.4632712317709320, 3.430636048882318434 ) ) ;
#334 = CARTESIAN_POINT ( 'NONE',  ( 24.98494843621012151, 118.7035273857940183, 0.9208410144035950040 ) ) ;
#335 = CYLINDRICAL_SURFACE ( 'NONE', #2299, 4.375000000000002665 ) ;
#336 = FACE_OUTER_BOUND ( 'NONE', #2454, .T. ) ;
#337 = ORIENTED_EDGE ( 'NONE', *, *, #1822, .F. ) ;
#338 = CARTESIAN_POINT ( 'NONE',  ( -24.90469937397122280, 118.6071530889355614, -2.200624577975323959 ) ) ;
#339 = CARTESIAN_POINT ( 'NONE',  ( 4.335157465272661373E-05, 127.4905486802060182, 1.420297096204495386E-06 ) ) ;
#340 = CARTESIAN_POINT ( 'NONE',  ( -9.749956648425348149, 74.74054868020594711, 1.420297096204495386E-06 ) ) ;
#341 = CARTESIAN_POINT ( 'NONE',  ( 23.24375929740342173, 120.1725455386985857, 4.882215543528718449 ) ) ;
#342 = CARTESIAN_POINT ( 'NONE',  ( 24.56962322300361379, 121.1583963431742461, 4.621307632353453876 ) ) ;
#343 = EDGE_LOOP ( 'NONE', ( #422, #407, #2118, #881, #271 ) ) ;
#344 = CARTESIAN_POINT ( 'NONE',  ( 43.75004335157464652, 122.9905486802060324, 1.420297096204495386E-06 ) ) ;
#345 = ADVANCED_FACE ( 'NONE', ( #34 ), #2039, .F. ) ;
#346 = EDGE_LOOP ( 'NONE', ( #2138, #288 ) ) ;
#347 = CARTESIAN_POINT ( 'NONE',  ( -24.78008480388166390, 120.1507173035561635, -3.340936465491314067 ) ) ;
#348 = CARTESIAN_POINT ( 'NONE',  ( 24.81093952561337446, 119.1482588484323628, 3.078765795840198383 ) ) ;
#349 = DIRECTION ( 'NONE',  ( 0.000000000000000000, -0.000000000000000000, 1.000000000000000000 ) ) ;
#350 = CARTESIAN_POINT ( 'NONE',  ( -24.62635306701188043, 125.4457853078809535, -4.309798281645270457 ) ) ;
#351 = ORIENTED_EDGE ( 'NONE', *, *, #1442, .T. ) ;
#352 = LINE ( 'NONE', #1525, #297 ) ;
#353 = CARTESIAN_POINT ( 'NONE',  ( 24.14558625880173182, 120.6884686697074471, 3.729740743099667633 ) ) ;
#354 = ADVANCED_FACE ( 'NONE', ( #618 ), #1806, .F. ) ;
#355 = FACE_OUTER_BOUND ( 'NONE', #547, .T. ) ;
#356 = ADVANCED_FACE ( 'NONE', ( #813 ), #1593, .T. ) ;
#357 = DIRECTION ( 'NONE',  ( 0.0005294322828379091628, -0.9999964602100372968, -0.002607540767333794800 ) ) ;
#358 = CARTESIAN_POINT ( 'NONE',  ( 23.62065787257695959, 117.9377759212495960, 2.499048151200450985 ) ) ;
#359 = CARTESIAN_POINT ( 'NONE',  ( 9.750043351574655404, 98.51027630036401206, 1.420297096204495386E-06 ) ) ;
#360 = ORIENTED_EDGE ( 'NONE', *, *, #1255, .F. ) ;
#361 = CARTESIAN_POINT ( 'NONE',  ( -24.81482740393297348, 119.1253587138455998, -3.049011256297228467 ) ) ;
#362 = CARTESIAN_POINT ( 'NONE',  ( 24.17278462607252010, 120.4756370299224102, 3.582783512018582694 ) ) ;
#363 = AXIS2_PLACEMENT_3D ( 'NONE', #1888, #1901, #124 ) ;
#364 =( NAMED_UNIT ( * ) SI_UNIT ( $, .STERADIAN. ) SOLID_ANGLE_UNIT ( ) );
#365 = DIRECTION ( 'NONE',  ( 0.000000000000000000, 0.000000000000000000, 1.000000000000000000 ) ) ;
#366 = ORIENTED_EDGE ( 'NONE', *, *, #164, .F. ) ;
#367 = CARTESIAN_POINT ( 'NONE',  ( -9.749956648425349925, 88.74054868020594711, 1.420297096204495386E-06 ) ) ;
#368 = FACE_BOUND ( 'NONE', #1612, .T. ) ;
#369 = ADVANCED_FACE ( 'NONE', ( #1129 ), #1791, .F. ) ;
#370 = CYLINDRICAL_SURFACE ( 'NONE', #2200, 5.750000000000000888 ) ;
#371 = ORIENTED_EDGE ( 'NONE', *, *, #1798, .F. ) ;
#372 = DIRECTION ( 'NONE',  ( 0.000000000000000000, 0.000000000000000000, 1.000000000000000000 ) ) ;
#373 = CARTESIAN_POINT ( 'NONE',  ( 25.00042270478621020, 118.6133503400730262, 0.04807000093488522641 ) ) ;
#374 = DIRECTION ( 'NONE',  ( -0.000000000000000000, 1.000000000000000000, -0.000000000000000000 ) ) ;
#375 = VERTEX_POINT ( 'NONE', #1529 ) ;
#376 = CARTESIAN_POINT ( 'NONE',  ( -24.59812119309752987, 120.8197902427709209, -4.466179342232418747 ) ) ;
#377 = EDGE_CURVE ( 'NONE', #728, #2422, #1950, .T. ) ;
#378 = CARTESIAN_POINT ( 'NONE',  ( 24.53488411278651427, 124.3045779258325894, 4.801422382804799049 ) ) ;
#379 = AXIS2_PLACEMENT_3D ( 'NONE', #553, #2481, #695 ) ;
#380 = CARTESIAN_POINT ( 'NONE',  ( -9.749956648425348149, 74.74054868020594711, 1.420297096204495386E-06 ) ) ;
#381 = CARTESIAN_POINT ( 'NONE',  ( 4.335157465349201981E-05, 127.4905486802060182, -6.249998579702904067 ) ) ;
#382 = CARTESIAN_POINT ( 'NONE',  ( 24.96315392794489796, 118.8336661612718359, -1.395515546873831170 ) ) ;
#383 = ADVANCED_FACE ( 'NONE', ( #1141 ), #1931, .T. ) ;
#384 = DIRECTION ( 'NONE',  ( -0.000000000000000000, 1.000000000000000000, -0.000000000000000000 ) ) ;
#385 = DIRECTION ( 'NONE',  ( 1.224646799147353207E-16, 5.605463223591679673E-33, -1.000000000000000000 ) ) ;
#386 = EDGE_LOOP ( 'NONE', ( #2333, #2062, #1998, #1693 ) ) ;
#387 = CARTESIAN_POINT ( 'NONE',  ( -24.55199356093272556, 121.4186148542362105, -4.711672096204408966 ) ) ;
#388 = CARTESIAN_POINT ( 'NONE',  ( 24.76031926232305480, 125.6486526635447660, 3.487423241614964198 ) ) ;
#389 = AXIS2_PLACEMENT_3D ( 'NONE', #968, #1763, #1713 ) ;
#390 = CARTESIAN_POINT ( 'NONE',  ( -5.249956648425348149, 88.74054868020594711, 1.420297096755586456E-06 ) ) ;
#391 = DIRECTION ( 'NONE',  ( 0.000000000000000000, 0.000000000000000000, 1.000000000000000000 ) ) ;
#392 = CARTESIAN_POINT ( 'NONE',  ( -23.62124982038773879, 117.9346190648997350, 2.492600337867278526 ) ) ;
#393 = CARTESIAN_POINT ( 'NONE',  ( -24.81542427781139892, 126.8593365793229992, 3.043941540468587892 ) ) ;
#394 = AXIS2_PLACEMENT_3D ( 'NONE', #1580, #806, #203 ) ;
#395 = EDGE_LOOP ( 'NONE', ( #1653, #1117 ) ) ;
#396 = CARTESIAN_POINT ( 'NONE',  ( 24.53152809637171927, 124.2064173122366384, -4.817285805495997053 ) ) ;
#397 = AXIS2_PLACEMENT_3D ( 'NONE', #561, #1910, #736 ) ;
#398 = CARTESIAN_POINT ( 'NONE',  ( 24.29369877480557705, 126.3162305259130989, 2.856804198750229062 ) ) ;
#399 = CARTESIAN_POINT ( 'NONE',  ( 24.65038953653368381, 125.6656928135201099, -4.171267507595273649 ) ) ;
#400 = CARTESIAN_POINT ( 'NONE',  ( -9.749956648425349925, 96.85241171019551132, 1.420297096204495386E-06 ) ) ;
#401 = DIRECTION ( 'NONE',  ( -9.132992791234630738E-17, 1.000000000000000000, -0.000000000000000000 ) ) ;
#402 = CARTESIAN_POINT ( 'NONE',  ( 24.64409065946907518, 121.9278280149639926, 4.244070548834348422 ) ) ;
#403 = CARTESIAN_POINT ( 'NONE',  ( -23.50276958687155471, 118.5183917634199275, 3.431427055628939460 ) ) ;
#404 = CARTESIAN_POINT ( 'NONE',  ( -24.88982768692441638, 126.6752638943347051, 2.363543431976754761 ) ) ;
#405 = VERTEX_POINT ( 'NONE', #1390 ) ;
#406 = CIRCLE ( 'NONE', #2181, 18.75000000000001066 ) ;
#407 = ORIENTED_EDGE ( 'NONE', *, *, #1539, .F. ) ;
#408 = CARTESIAN_POINT ( 'NONE',  ( 24.65536926527793682, 124.3226799560361968, -4.176664949960631645 ) ) ;
#409 = DIRECTION ( 'NONE',  ( -0.000000000000000000, 1.000000000000000000, -0.000000000000000000 ) ) ;
#410 = DIRECTION ( 'NONE',  ( -0.000000000000000000, 1.000000000000000000, -0.000000000000000000 ) ) ;
#411 = ADVANCED_BREP_SHAPE_REPRESENTATION ( '\X2\5b895353673a56684eba\X0\', ( #983, #2254 ), #1015 ) ;
#412 = CARTESIAN_POINT ( 'NONE',  ( -24.01004915751581947, 122.9776144202023147, 4.874984261796970308 ) ) ;
#413 = EDGE_CURVE ( 'NONE', #1016, #1429, #501, .T. ) ;
#414 = CARTESIAN_POINT ( 'NONE',  ( -24.78284997943390167, 126.6560545802246622, 3.295817493895619066 ) ) ;
#415 = AXIS2_PLACEMENT_3D ( 'NONE', #737, #1736, #365 ) ;
#416 = ORIENTED_EDGE ( 'NONE', *, *, #86, .F. ) ;
#417 = CIRCLE ( 'NONE', #1544, 3.897114317029972685 ) ;
#418 = CIRCLE ( 'NONE', #1411, 7.500000000000000888 ) ;
#419 = CARTESIAN_POINT ( 'NONE',  ( -24.68942697488010651, 125.9931580011549102, -3.932499156117394978 ) ) ;
#420 = EDGE_CURVE ( 'NONE', #1896, #309, #1490, .T. ) ;
#421 = EDGE_LOOP ( 'NONE', ( #1318, #1359 ) ) ;
#422 = ORIENTED_EDGE ( 'NONE', *, *, #816, .F. ) ;
#423 = DIRECTION ( 'NONE',  ( 0.000000000000000000, 0.000000000000000000, -1.000000000000000000 ) ) ;
#424 = CARTESIAN_POINT ( 'NONE',  ( 24.90012783959542375, 127.3498091875147367, -2.250775414013448827 ) ) ;
#425 = DIRECTION ( 'NONE',  ( 0.000000000000000000, -1.000000000000000000, 0.000000000000000000 ) ) ;
#426 = PRODUCT_DEFINITION_SHAPE ( 'NONE', 'NONE',  #1001 ) ;
#427 = EDGE_CURVE ( 'NONE', #682, #728, #2474, .T. ) ;
#428 = CIRCLE ( 'NONE', #1380, 18.75000000000001066 ) ;
#429 = APPLICATION_PROTOCOL_DEFINITION ( 'draft international standard', 'automotive_design', 1998, #199 ) ;
#430 = DIRECTION ( 'NONE',  ( 0.000000000000000000, 0.000000000000000000, 1.000000000000000000 ) ) ;
#431 = DIRECTION ( 'NONE',  ( 0.000000000000000000, 0.000000000000000000, 1.000000000000000000 ) ) ;
#432 = CARTESIAN_POINT ( 'NONE',  ( -24.32108211757411809, 126.4736441473870201, -2.662976418070753137 ) ) ;
#433 = CARTESIAN_POINT ( 'NONE',  ( -24.87711387751740588, 118.7612864147879606, 2.479507218475871522 ) ) ;
#434 = CARTESIAN_POINT ( 'NONE',  ( -24.01004567366639009, 122.9886140716086231, 4.375001420297101262 ) ) ;
#435 = CARTESIAN_POINT ( 'NONE',  ( -24.55262440006263702, 124.5918141898758762, -4.709921283351260257 ) ) ;
#436 = ORIENTED_EDGE ( 'NONE', *, *, #1990, .F. ) ;
#437 = EDGE_CURVE ( 'NONE', #113, #584, #177, .T. ) ;
#438 = ORIENTED_EDGE ( 'NONE', *, *, #1442, .F. ) ;
#439 = CARTESIAN_POINT ( 'NONE',  ( 23.08336224598810205, 123.7313979764041108, -5.588240489350752682 ) ) ;
#440 = LINE ( 'NONE', #45, #1771 ) ;
#441 = FACE_BOUND ( 'NONE', #2468, .T. ) ;
#442 = CARTESIAN_POINT ( 'NONE',  ( 24.66348774233320285, 125.7810083331642943, 4.091890131961076982 ) ) ;
#443 = CARTESIAN_POINT ( 'NONE',  ( -24.50656510388851572, 123.6282072831616716, 4.942718462395837342 ) ) ;
#444 = CARTESIAN_POINT ( 'NONE',  ( -24.90324016806939511, 126.7687909120152199, -2.225129920679773665 ) ) ;
#445 = CIRCLE ( 'NONE', #774, 3.897114317029974018 ) ;
#446 = CARTESIAN_POINT ( 'NONE',  ( -24.40604292347121174, 119.0604224926695736, 1.927510273770534299 ) ) ;
#447 = DIRECTION ( 'NONE',  ( 0.000000000000000000, 0.000000000000000000, 1.000000000000000000 ) ) ;
#448 = EDGE_CURVE ( 'NONE', #3, #282, #817, .T. ) ;
#449 = EDGE_LOOP ( 'NONE', ( #107, #2259 ) ) ;
#450 = VERTEX_POINT ( 'NONE', #2286 ) ;
#451 = CARTESIAN_POINT ( 'NONE',  ( 23.37053535026239004, 126.7023937021696298, 4.230453700971667175 ) ) ;
#452 = CARTESIAN_POINT ( 'NONE',  ( 4.000043351574653627, 87.49054868020596132, 1.420297096204495386E-06 ) ) ;
#453 = CARTESIAN_POINT ( 'NONE',  ( 24.28941211790578691, 119.6894945145089224, 2.883070554926104645 ) ) ;
#454 = CARTESIAN_POINT ( 'NONE',  ( -24.22384742979935623, 125.8794969956472727, 3.298034327098610330 ) ) ;
#455 = DIRECTION ( 'NONE',  ( 0.000000000000000000, 0.000000000000000000, 1.000000000000000000 ) ) ;
#456 = CARTESIAN_POINT ( 'NONE',  ( 24.09199376519141467, 124.7883174788813250, 3.997288500018651547 ) ) ;
#457 = CARTESIAN_POINT ( 'NONE',  ( -24.01699007878420034, 122.4011625945185671, 4.344583070808512026 ) ) ;
#458 = CARTESIAN_POINT ( 'NONE',  ( 4.335157465563515547E-05, 93.74054868020594711, -23.74999857970291117 ) ) ;
#459 = CARTESIAN_POINT ( 'NONE',  ( 24.50094013619631639, 122.6189722099882431, -4.970739379631272215 ) ) ;
#460 = EDGE_CURVE ( 'NONE', #1891, #256, #1030, .T. ) ;
#461 = ADVANCED_FACE ( 'NONE', ( #1528 ), #882, .T. ) ;
#462 = ORIENTED_EDGE ( 'NONE', *, *, #2019, .F. ) ;
#463 = ORIENTED_EDGE ( 'NONE', *, *, #1351, .F. ) ;
#464 = CARTESIAN_POINT ( 'NONE',  ( 23.09205995266413325, 123.9134490968542792, 5.551815688550465921 ) ) ;
#465 = CARTESIAN_POINT ( 'NONE',  ( -23.24447128852141020, 120.1663167580141049, -4.878324304538937284 ) ) ;
#466 = CARTESIAN_POINT ( 'NONE',  ( 24.20151600103105238, 120.2560689780788294, 3.425369801865892683 ) ) ;
#467 = CARTESIAN_POINT ( 'NONE',  ( -24.50000198109310645, 127.3657531392317566, -0.2829369755331311298 ) ) ;
#468 = DIRECTION ( 'NONE',  ( 0.000000000000000000, 0.000000000000000000, -1.000000000000000000 ) ) ;
#469 = CARTESIAN_POINT ( 'NONE',  ( 4.335157465272661373E-05, 131.2405486802060182, 1.420297096204495386E-06 ) ) ;
#470 = CARTESIAN_POINT ( 'NONE',  ( -24.49391190354779013, 118.6425563065667745, 0.5634717124710169056 ) ) ;
#471 = DIRECTION ( 'NONE',  ( -9.132992791234630738E-17, 1.000000000000000000, -0.000000000000000000 ) ) ;
#472 = CARTESIAN_POINT ( 'NONE',  ( 24.10988010612718924, 121.0089704785703333, -3.911150688231042949 ) ) ;
#473 = CIRCLE ( 'NONE', #266, 5.750000000000000000 ) ;
#474 = CARTESIAN_POINT ( 'NONE',  ( -24.49350745686482256, 118.6443742990589385, -0.5781891485925506613 ) ) ;
#475 = EDGE_CURVE ( 'NONE', #1401, #31, #2523, .T. ) ;
#476 = ORIENTED_EDGE ( 'NONE', *, *, #1798, .T. ) ;
#477 = CARTESIAN_POINT ( 'NONE',  ( 23.24493832306760410, 125.8178593055878594, -4.876508654037987611 ) ) ;
#478 = DIRECTION ( 'NONE',  ( -0.000000000000000000, 1.000000000000000000, -0.000000000000000000 ) ) ;
#479 = LINE ( 'NONE', #1044, #8 ) ;
#480 = CARTESIAN_POINT ( 'NONE',  ( 24.98566870129821282, 127.7948471377310682, 0.9035044553169123693 ) ) ;
#481 = CARTESIAN_POINT ( 'NONE',  ( 4.335157465272661373E-05, 89.00356083914458338, 1.420297096204495386E-06 ) ) ;
#482 = CARTESIAN_POINT ( 'NONE',  ( 24.28511122925301535, 126.2648786098147582, 2.913366518481320444 ) ) ;
#483 = EDGE_CURVE ( 'NONE', #1119, #1832, #1747, .T. ) ;
#484 = CARTESIAN_POINT ( 'NONE',  ( -24.81974207989140524, 126.8857953906235849, -3.008865947523255535 ) ) ;
#485 = CARTESIAN_POINT ( 'NONE',  ( -24.71277701429012197, 120.8288990471528308, 3.814644460406189097 ) ) ;
#486 = CARTESIAN_POINT ( 'NONE',  ( 9.750043351574655404, 88.74054868020594711, 1.420297096204495386E-06 ) ) ;
#487 = CARTESIAN_POINT ( 'NONE',  ( -24.28776616011515799, 119.6977331751505176, -2.894623879941578881 ) ) ;
#488 = B_SPLINE_CURVE_WITH_KNOTS ( 'NONE', 3,
 ( #932, #1143, #1944, #957, #1225 ),
 .UNSPECIFIED., .F., .F.,
 ( 4, 1, 4 ),
 ( 0.000000000000000000, 0.0005502458132895558058, 0.001100491626579111612 ),
 .UNSPECIFIED. ) ;
#489 = EDGE_LOOP ( 'NONE', ( #1183, #1456, #1125, #2450 ) ) ;
#490 = CARTESIAN_POINT ( 'NONE',  ( -19.99995664842534637, 122.9905486802060324, 4.375001420297099486 ) ) ;
#491 = CARTESIAN_POINT ( 'NONE',  ( 24.81235411422023063, 126.8415170827127127, -3.067320390564437282 ) ) ;
#492 = CARTESIAN_POINT ( 'NONE',  ( 24.53779772449131613, 121.6495087294296269, -4.785422436240973632 ) ) ;
#493 = ORIENTED_EDGE ( 'NONE', *, *, #1917, .F. ) ;
#494 = CARTESIAN_POINT ( 'NONE',  ( -24.01629085109336970, 123.5567606044885167, 4.347675509174035113 ) ) ;
#495 = ORIENTED_EDGE ( 'NONE', *, *, #2366, .F. ) ;
#496 = CARTESIAN_POINT ( 'NONE',  ( -24.90133689490548718, 119.2250198516339594, -2.246507732371143096 ) ) ;
#497 = CARTESIAN_POINT ( 'NONE',  ( 14.25004335157465540, 88.74054868020594711, 1.420297096755586456E-06 ) ) ;
#498 = CARTESIAN_POINT ( 'NONE',  ( 24.76080488983618366, 120.3280322961745838, -3.483790330351623332 ) ) ;
#499 = FACE_OUTER_BOUND ( 'NONE', #2130, .T. ) ;
#500 = CARTESIAN_POINT ( 'NONE',  ( -23.08310832181871319, 123.7258578241913796, -5.588923691960430595 ) ) ;
#501 = B_SPLINE_CURVE_WITH_KNOTS ( 'NONE', 3,
 ( #2174, #2199, #241, #1506, #1909, #659, #70, #868, #1237, #442, #2066, #1086, #299, #1226, #1261, #855, #1034, #480, #2440, #2040, #2426, #1629, #249, #2414, #1859, #1423, #491, #1644, #1873, #97, #2257, #1823, #671, #843 ),
 .UNSPECIFIED., .F., .F.,
 ( 4, 2, 2, 2, 2, 2, 2, 2, 2, 2, 2, 2, 2, 2, 2, 2, 4 ),
 ( 0.03005451862159639817, 0.03103203715279605202, 0.03200955568399570239, 0.03298707421519535971, 0.03396459274639501008, 0.03494211127759466740, 0.03591962980879431777, 0.03689714833999397509, 0.03787466687119362546, 0.03885218540239328278, 0.03982970393359293315, 0.04080722246479258353, 0.04178474099599224084, 0.04276225952719189122, 0.04373977805839154853, 0.04471729658959119891, 0.04569481512079084928 ),
 .UNSPECIFIED. ) ;
#502 = ORIENTED_EDGE ( 'NONE', *, *, #1098, .F. ) ;
#503 = B_SPLINE_CURVE_WITH_KNOTS ( 'NONE', 3,
 ( #1684, #869, #1087, #137, #2271, #1102, #696, #492, #2482, #899, #538, #711, #1515, #2496, #1486, #1471, #1275, #1499, #726, #2258, #1307, #1696, #1323, #312, #508, #915, #1710, #2287, #2083, #1874, #2467, #2098, #681, #2115, #1116, #342, #1671, #2453 ),
 .UNSPECIFIED., .F., .F.,
 ( 4, 2, 2, 2, 2, 2, 2, 2, 2, 2, 2, 2, 2, 2, 2, 2, 2, 2, 4 ),
 ( 0.01440418553820159257, 0.01538233135591377324, 0.01636047717362595216, 0.01684955008248204336, 0.01733862299133813456, 0.01831676880905031349, 0.01929491462676249242, 0.02027306044447467481, 0.02125120626218685374, 0.02222935207989903267, 0.02320749789761121507, 0.02418564371532339746, 0.02516378953303557292, 0.02614193535074775185, 0.02712008116845993078, 0.02809822698617210970, 0.02858729989502818356, 0.02907637280388425394, 0.03005451862159640164 ),
 .UNSPECIFIED. ) ;
#504 = CIRCLE ( 'NONE', #1953, 4.500000000000000888 ) ;
#505 = DIRECTION ( 'NONE',  ( -0.000000000000000000, 1.000000000000000000, 0.000000000000000000 ) ) ;
#506 = EDGE_CURVE ( 'NONE', #1089, #100, #2063, .T. ) ;
#507 = CARTESIAN_POINT ( 'NONE',  ( 4.335157465272661373E-05, 72.49054868020596132, 1.420297096204495386E-06 ) ) ;
#508 = CARTESIAN_POINT ( 'NONE',  ( 24.96590099467204737, 118.2854480459488684, 1.341783059551355350 ) ) ;
#509 = EDGE_LOOP ( 'NONE', ( #794, #1623 ) ) ;
#510 = CARTESIAN_POINT ( 'NONE',  ( -24.01004915751582658, 122.9789410109555092, 4.374986021643092471 ) ) ;
#511 = DIRECTION ( 'NONE',  ( 0.000000000000000000, 0.000000000000000000, -1.000000000000000000 ) ) ;
#512 = CARTESIAN_POINT ( 'NONE',  ( -24.06000453503434855, 121.5930334715887824, -4.148279179630247171 ) ) ;
#513 = DIRECTION ( 'NONE',  ( -1.000000000000000000, -0.000000000000000000, -0.000000000000000000 ) ) ;
#514 = CARTESIAN_POINT ( 'NONE',  ( 24.04089840147577917, 124.0817128371566014, -4.236740934695285787 ) ) ;
#515 = CARTESIAN_POINT ( 'NONE',  ( -24.01004567366639009, 122.9905486802060324, -4.374998579702906731 ) ) ;
#516 = AXIS2_PLACEMENT_3D ( 'NONE', #2167, #1786, #28 ) ;
#517 = CARTESIAN_POINT ( 'NONE',  ( -23.32613952558704540, 126.4229841845551618, -4.471635367835988362 ) ) ;
#518 = CARTESIAN_POINT ( 'NONE',  ( 24.00986727216442418, 122.8901406256011200, 4.376180507765433880 ) ) ;
#519 = EDGE_CURVE ( 'NONE', #1896, #616, #2315, .T. ) ;
#520 = DIRECTION ( 'NONE',  ( -0.000000000000000000, 1.000000000000000000, -0.000000000000000000 ) ) ;
#521 = PLANE ( 'NONE',  #1987 ) ;
#522 = ORIENTED_EDGE ( 'NONE', *, *, #2520, .F. ) ;
#523 = CARTESIAN_POINT ( 'NONE',  ( 4.335157465272661373E-05, 73.74054868020596132, 39.25000142029709593 ) ) ;
#524 = ORIENTED_EDGE ( 'NONE', *, *, #437, .F. ) ;
#525 = DIRECTION ( 'NONE',  ( -1.000000000000000000, 0.000000000000000000, 0.000000000000000000 ) ) ;
#526 = CARTESIAN_POINT ( 'NONE',  ( -23.14324773011819047, 124.8081815731668627, 5.335855389973975349 ) ) ;
#527 = CARTESIAN_POINT ( 'NONE',  ( 24.93216650506108678, 118.4596517424916300, -1.864269152047340228 ) ) ;
#528 = AXIS2_PLACEMENT_3D ( 'NONE', #1937, #1718, #1758 ) ;
#529 = CARTESIAN_POINT ( 'NONE',  ( -15.49995664842534993, 74.74054868020596132, 1.420297095500323651E-06 ) ) ;
#530 = DIRECTION ( 'NONE',  ( 0.000000000000000000, -1.000000000000000000, 0.000000000000000000 ) ) ;
#531 = VERTEX_POINT ( 'NONE', #551 ) ;
#532 = CARTESIAN_POINT ( 'NONE',  ( -24.55258742765253643, 121.3897994693895299, 4.710117906080367511 ) ) ;
#533 = CARTESIAN_POINT ( 'NONE',  ( 24.28464380855473692, 119.7189287242150186, -2.916645340185842539 ) ) ;
#534 = AXIS2_PLACEMENT_3D ( 'NONE', #57, #658, #1447 ) ;
#535 = CIRCLE ( 'NONE', #1973, 6.250000000000000000 ) ;
#536 = DIRECTION ( 'NONE',  ( -1.000000000000000000, 0.000000000000000000, -1.224646870966958888E-16 ) ) ;
#537 = CARTESIAN_POINT ( 'NONE',  ( 23.43626254971847800, 118.8855873925113400, 3.850102118504282522 ) ) ;
#538 = CARTESIAN_POINT ( 'NONE',  ( 24.60459720370047521, 120.7539712064129134, -4.432343248899367261 ) ) ;
#539 = ORIENTED_EDGE ( 'NONE', *, *, #735, .F. ) ;
#540 = PLANE ( 'NONE',  #63 ) ;
#541 = ORIENTED_EDGE ( 'NONE', *, *, #727, .T. ) ;
#542 = CARTESIAN_POINT ( 'NONE',  ( -24.96787033015341351, 118.2757085132681709, -1.306349733864243579 ) ) ;
#543 = CARTESIAN_POINT ( 'NONE',  ( 24.34608933806372733, 119.3705339242973906, 2.473343587348113548 ) ) ;
#544 = CARTESIAN_POINT ( 'NONE',  ( -24.01004791727280008, 123.0000557796093972, -4.374988662946512896 ) ) ;
#545 = EDGE_CURVE ( 'NONE', #531, #1084, #2278, .T. ) ;
#546 = AXIS2_PLACEMENT_3D ( 'NONE', #2211, #2015, #672 ) ;
#547 = EDGE_LOOP ( 'NONE', ( #2306, #1857 ) ) ;
#548 = CARTESIAN_POINT ( 'NONE',  ( 5.250043351574654515, 98.51027630036401206, 1.420297096204495386E-06 ) ) ;
#549 = EDGE_CURVE ( 'NONE', #574, #1209, #709, .T. ) ;
#550 = CARTESIAN_POINT ( 'NONE',  ( 24.49963022365984955, 118.6172910794074085, -0.2908095198438592210 ) ) ;
#551 = CARTESIAN_POINT ( 'NONE',  ( 4.335157465272661373E-05, 93.74054868020594711, 23.75000142029710304 ) ) ;
#552 = CARTESIAN_POINT ( 'NONE',  ( -24.01004903868739149, 123.0032604432283279, -4.874982006452258432 ) ) ;
#553 = CARTESIAN_POINT ( 'NONE',  ( -9.749956648425348149, 72.49054868020596132, 1.420297096204495386E-06 ) ) ;
#554 = AXIS2_PLACEMENT_3D ( 'NONE', #133, #925, #880 ) ;
#555 = AXIS2_PLACEMENT_3D ( 'NONE', #1253, #1467, #1065 ) ;
#556 = DIRECTION ( 'NONE',  ( 0.000000000000000000, 0.000000000000000000, 1.000000000000000000 ) ) ;
#557 = ORIENTED_EDGE ( 'NONE', *, *, #1481, .F. ) ;
#558 = CARTESIAN_POINT ( 'NONE',  ( -24.49987646653960738, 122.6803326606337947, -4.975330696726701696 ) ) ;
#559 = CARTESIAN_POINT ( 'NONE',  ( 24.77707433008004045, 120.1767364879431597, 3.362483057194260105 ) ) ;
#560 = CIRCLE ( 'NONE', #865, 5.750000000000000888 ) ;
#561 = CARTESIAN_POINT ( 'NONE',  ( 9.750043351574658956, 74.74054868020596132, 1.420297096204495386E-06 ) ) ;
#562 = CARTESIAN_POINT ( 'NONE',  ( -18.74995664842534637, 122.9905486802060324, 5.625001420297099486 ) ) ;
#563 = EDGE_LOOP ( 'NONE', ( #697, #1995 ) ) ;
#564 = CARTESIAN_POINT ( 'NONE',  ( -24.96848438886210886, 118.2726021173404547, -1.293834175570968803 ) ) ;
#565 = CIRCLE ( 'NONE', #2331, 6.250000000000000000 ) ;
#566 = DIRECTION ( 'NONE',  ( 0.000000000000000000, 0.000000000000000000, -1.000000000000000000 ) ) ;
#567 = FACE_OUTER_BOUND ( 'NONE', #2109, .T. ) ;
#568 = VERTEX_POINT ( 'NONE', #708 ) ;
#569 = CARTESIAN_POINT ( 'NONE',  ( 4.335157465762520178E-05, 72.99054868020596132, -39.99999857970290407 ) ) ;
#570 = CARTESIAN_POINT ( 'NONE',  ( 24.46656925847751651, 118.7680703687877894, 1.180798101429798574 ) ) ;
#571 = CARTESIAN_POINT ( 'NONE',  ( 4.335157465272661373E-05, 131.2405486802060182, 1.420297096204495386E-06 ) ) ;
#572 = EDGE_CURVE ( 'NONE', #1066, #2463, #2216, .T. ) ;
#573 = LINE ( 'NONE', #962, #1080 ) ;
#574 = VERTEX_POINT ( 'NONE', #1694 ) ;
#575 = CARTESIAN_POINT ( 'NONE',  ( -24.68676660912903031, 120.0089716592912055, -3.949084398056400769 ) ) ;
#576 = AXIS2_PLACEMENT_3D ( 'NONE', #2179, #2147, #2334 ) ;
#577 = CARTESIAN_POINT ( 'NONE',  ( 24.88022293057596457, 127.2369961306344663, 2.448711962958361799 ) ) ;
#578 = EDGE_CURVE ( 'NONE', #282, #1875, #1188, .T. ) ;
#579 = DIRECTION ( 'NONE',  ( -4.577208079500490890E-17, 1.000000000000000000, -0.000000000000000000 ) ) ;
#580 = CYLINDRICAL_SURFACE ( 'NONE', #2377, 40.00000000000000000 ) ;
#581 = CARTESIAN_POINT ( 'NONE',  ( 24.26140635334889950, 119.8635619351667572, -3.063180759058401481 ) ) ;
#582 = DIRECTION ( 'NONE',  ( -1.000000000000000000, 0.000000000000000000, 0.000000000000000000 ) ) ;
#583 = DIRECTION ( 'NONE',  ( -1.000000000000000000, 0.000000000000000000, -1.224646651184670831E-16 ) ) ;
#584 = VERTEX_POINT ( 'NONE', #927 ) ;
#585 = CARTESIAN_POINT ( 'NONE',  ( 4.335157465272661373E-05, 72.99054868020596132, 1.420297096204495386E-06 ) ) ;
#586 = CARTESIAN_POINT ( 'NONE',  ( 24.39620805637054346, 126.8706628255206965, 2.026318021781230883 ) ) ;
#587 = DIRECTION ( 'NONE',  ( 0.000000000000000000, 0.000000000000000000, 1.000000000000000000 ) ) ;
#588 = CARTESIAN_POINT ( 'NONE',  ( 4.335157465081841791E-05, 87.49054868020596132, 1.420297096204495386E-06 ) ) ;
#589 = CARTESIAN_POINT ( 'NONE',  ( -23.74785965604948856, 117.3743819286101910, 0.3652290154194911542 ) ) ;
#590 = CARTESIAN_POINT ( 'NONE',  ( -24.50022537523813426, 123.3261741268123615, -4.973612264200043320 ) ) ;
#591 = ORIENTED_EDGE ( 'NONE', *, *, #2520, .T. ) ;
#592 = DIRECTION ( 'NONE',  ( 1.224668469571841423E-16, 0.000000000000000000, -1.000000000000000000 ) ) ;
#593 = CARTESIAN_POINT ( 'NONE',  ( 24.88276306918335123, 126.6257756073657532, 2.439110428989937240 ) ) ;
#594 = CIRCLE ( 'NONE', #2159, 6.250000000000000000 ) ;
#595 = CARTESIAN_POINT ( 'NONE',  ( 24.49935524998084801, 127.3626233252033160, -0.3291599427794143495 ) ) ;
#596 = DIRECTION ( 'NONE',  ( 0.000000000000000000, -1.000000000000000000, 0.000000000000000000 ) ) ;
#597 = CARTESIAN_POINT ( 'NONE',  ( 24.62141423102585236, 120.5947284957386216, 4.335376170238959048 ) ) ;
#598 = CARTESIAN_POINT ( 'NONE',  ( 4.335157465272661373E-05, 131.2405486802060182, 1.420297096204495386E-06 ) ) ;
#599 = CARTESIAN_POINT ( 'NONE',  ( -24.87482006150171188, 127.2068452338714337, 2.502383298885058505 ) ) ;
#600 = AXIS2_PLACEMENT_3D ( 'NONE', #1, #2106, #1169 ) ;
#601 = VERTEX_POINT ( 'NONE', #2127 ) ;
#602 = CARTESIAN_POINT ( 'NONE',  ( 24.94609603059157976, 127.0436656065739811, 1.672847416648788554 ) ) ;
#603 = ORIENTED_EDGE ( 'NONE', *, *, #1114, .F. ) ;
#604 = ADVANCED_FACE ( 'NONE', ( #368, #355 ), #1140, .T. ) ;
#605 = AXIS2_PLACEMENT_3D ( 'NONE', #995, #1192, #1364 ) ;
#606 = CARTESIAN_POINT ( 'NONE',  ( 24.64408374982495431, 124.0531043085102425, -4.244109001579319695 ) ) ;
#607 = FACE_OUTER_BOUND ( 'NONE', #2338, .T. ) ;
#608 = DIRECTION ( 'NONE',  ( 0.000000000000000000, -1.000000000000000000, 0.000000000000000000 ) ) ;
#609 = CARTESIAN_POINT ( 'NONE',  ( -23.75208825125287504, 117.3565692752357705, -0.002267683011029911298 ) ) ;
#610 = CARTESIAN_POINT ( 'NONE',  ( -24.94959253068921612, 127.6126978084015917, 1.614642864803806477 ) ) ;
#611 = ORIENTED_EDGE ( 'NONE', *, *, #2108, .F. ) ;
#612 = EDGE_CURVE ( 'NONE', #1468, #950, #1152, .T. ) ;
#613 = ADVANCED_FACE ( 'NONE', ( #912 ), #2044, .T. ) ;
#614 = EDGE_CURVE ( 'NONE', #1875, #628, #440, .T. ) ;
#615 = AXIS2_PLACEMENT_3D ( 'NONE', #481, #2401, #2041 ) ;
#616 = VERTEX_POINT ( 'NONE', #452 ) ;
#617 = ORIENTED_EDGE ( 'NONE', *, *, #1291, .T. ) ;
#618 = FACE_OUTER_BOUND ( 'NONE', #2218, .T. ) ;
#619 = CARTESIAN_POINT ( 'NONE',  ( 24.48605564428347847, 127.3020636127278920, -0.7564070095434136665 ) ) ;
#620 = DIRECTION ( 'NONE',  ( -1.000000000000000000, 0.000000000000000000, 0.000000000000000000 ) ) ;
#621 = AXIS2_PLACEMENT_3D ( 'NONE', #2464, #1680, #693 ) ;
#622 = FACE_OUTER_BOUND ( 'NONE', #1933, .T. ) ;
#623 = DIRECTION ( 'NONE',  ( -0.000000000000000000, 1.000000000000000000, -0.000000000000000000 ) ) ;
#624 = CARTESIAN_POINT ( 'NONE',  ( -24.44060331115223761, 127.0898140594278516, -1.535229295932539761 ) ) ;
#625 = CYLINDRICAL_SURFACE ( 'NONE', #973, 7.500000000000000888 ) ;
#626 = AXIS2_PLACEMENT_3D ( 'NONE', #976, #1760, #14 ) ;
#627 = CARTESIAN_POINT ( 'NONE',  ( -24.72261983305882538, 126.2417359343697143, -3.720761982680069302 ) ) ;
#628 = VERTEX_POINT ( 'NONE', #1976 ) ;
#629 = ORIENTED_EDGE ( 'NONE', *, *, #1753, .T. ) ;
#630 = CARTESIAN_POINT ( 'NONE',  ( 24.70852030177135106, 125.1025365326177052, -3.842030521455469749 ) ) ;
#631 = DIRECTION ( 'NONE',  ( 0.000000000000000000, 1.000000000000000000, 0.000000000000000000 ) ) ;
#632 = CIRCLE ( 'NONE', #1871, 4.500000000000002665 ) ;
#633 = CARTESIAN_POINT ( 'NONE',  ( -24.10653243784298994, 124.9420885699423991, -3.926080855006767845 ) ) ;
#634 = CARTESIAN_POINT ( 'NONE',  ( -5.249956648425348149, 96.85241171019551132, 1.420297096755586456E-06 ) ) ;
#635 = CARTESIAN_POINT ( 'NONE',  ( -24.31911492583646250, 126.4625378203522104, 2.677107731118756107 ) ) ;
#636 = CARTESIAN_POINT ( 'NONE',  ( -24.22546389634582553, 120.0907045176143555, 3.288548309119721402 ) ) ;
#637 = CARTESIAN_POINT ( 'NONE',  ( 24.01013237681568668, 123.1732309300343644, -4.374998579702926271 ) ) ;
#638 = EDGE_CURVE ( 'NONE', #1310, #375, #795, .T. ) ;
#639 = B_SPLINE_CURVE_WITH_KNOTS ( 'NONE', 3,
 ( #1010, #1414, #2197, #434, #2263 ),
 .UNSPECIFIED., .F., .F.,
 ( 4, 1, 4 ),
 ( 0.01370513366122629376, 0.01371089893147917592, 0.01371666420173205808 ),
 .UNSPECIFIED. ) ;
#640 = VERTEX_POINT ( 'NONE', #979 ) ;
#641 = VERTEX_POINT ( 'NONE', #2372 ) ;
#642 = CARTESIAN_POINT ( 'NONE',  ( 23.62105580595697418, 128.0451659554133244, 2.495169324842741787 ) ) ;
#643 = CARTESIAN_POINT ( 'NONE',  ( 24.97963361250328873, 127.7641573663286465, -1.022400358517121077 ) ) ;
#644 = FACE_OUTER_BOUND ( 'NONE', #1011, .T. ) ;
#645 = EDGE_CURVE ( 'NONE', #1730, #405, #1435, .T. ) ;
#646 = CARTESIAN_POINT ( 'NONE',  ( -24.01663525687800771, 123.5682392289380545, 4.346152218535237921 ) ) ;
#647 = DIRECTION ( 'NONE',  ( 0.000000000000000000, -1.000000000000000000, 0.000000000000000000 ) ) ;
#648 = EDGE_CURVE ( 'NONE', #987, #2171, #741, .T. ) ;
#649 = CARTESIAN_POINT ( 'NONE',  ( -24.92233374798353651, 126.8916977632251673, 1.986047696613052471 ) ) ;
#650 = PRODUCT_DEFINITION_FORMATION_WITH_SPECIFIED_SOURCE ( 'ä»', '', #1600, .NOT_KNOWN. ) ;
#651 = CARTESIAN_POINT ( 'NONE',  ( -24.04225030658135509, 121.8394133808818793, 4.230563226796604681 ) ) ;
#652 = CARTESIAN_POINT ( 'NONE',  ( 4.335157465532899033E-05, 88.74054868020594711, 18.75000142029710659 ) ) ;
#653 = VECTOR ( 'NONE', #2521, 1000.000000000000000 ) ;
#654 = ORIENTED_EDGE ( 'NONE', *, *, #878, .T. ) ;
#655 = ORIENTED_EDGE ( 'NONE', *, *, #1158, .F. ) ;
#656 = CARTESIAN_POINT ( 'NONE',  ( 23.07431202904307455, 122.9905486802060324, -5.624998579702907620 ) ) ;
#657 = DIRECTION ( 'NONE',  ( 0.000000000000000000, 0.000000000000000000, 1.000000000000000000 ) ) ;
#658 = DIRECTION ( 'NONE',  ( -0.000000000000000000, 1.000000000000000000, -0.000000000000000000 ) ) ;
#659 = CARTESIAN_POINT ( 'NONE',  ( 24.52069825851747353, 124.0249950801417924, 4.872363544040455352 ) ) ;
#660 = DIRECTION ( 'NONE',  ( 1.000000000000000000, 0.000000000000000000, 0.000000000000000000 ) ) ;
#661 = CARTESIAN_POINT ( 'NONE',  ( 24.07464245473086351, 124.5890240970550025, -4.081055448919833850 ) ) ;
#662 = CARTESIAN_POINT ( 'NONE',  ( -24.10661728277865734, 121.0381471319110034, 3.925667335914893918 ) ) ;
#663 = LINE ( 'NONE', #2390, #837 ) ;
#664 = CARTESIAN_POINT ( 'NONE',  ( 24.08489853964519511, 121.2677043725819885, -4.031605889478579563 ) ) ;
#665 = DIRECTION ( 'NONE',  ( 0.000000000000000000, 0.000000000000000000, 1.000000000000000000 ) ) ;
#666 = CIRCLE ( 'NONE', #1783, 6.750000000000000888 ) ;
#667 = ORIENTED_EDGE ( 'NONE', *, *, #1579, .F. ) ;
#668 = CARTESIAN_POINT ( 'NONE',  ( 23.20694930312469850, 125.4915870032244953, 5.052063857563924287 ) ) ;
#669 = DIRECTION ( 'NONE',  ( -0.000000000000000000, 1.000000000000000000, -0.000000000000000000 ) ) ;
#670 = CARTESIAN_POINT ( 'NONE',  ( 24.04090791153072004, 121.8992157839620916, 4.236700313253244587 ) ) ;
#671 = CARTESIAN_POINT ( 'NONE',  ( 24.54764051526367652, 124.5186296603003058, -4.735235153391704976 ) ) ;
#672 = DIRECTION ( 'NONE',  ( 0.000000000000000000, 0.000000000000000000, 1.000000000000000000 ) ) ;
#673 = CARTESIAN_POINT ( 'NONE',  ( 24.14578710091467784, 125.2941381924437252, -3.728629221720069165 ) ) ;
#674 = ORIENTED_EDGE ( 'NONE', *, *, #1351, .T. ) ;
#675 = CARTESIAN_POINT ( 'NONE',  ( -24.62189375740423003, 122.7008751903157986, 4.374269842115597662 ) ) ;
#676 = CARTESIAN_POINT ( 'NONE',  ( -15.41233247487841140, 73.74054868020594711, 1.420297095505689181E-06 ) ) ;
#677 = CARTESIAN_POINT ( 'NONE',  ( -24.40686851786661649, 119.0553864464060609, 1.933215804606214006 ) ) ;
#678 = VERTEX_POINT ( 'NONE', #1872 ) ;
#679 = CARTESIAN_POINT ( 'NONE',  ( -23.70738919593594574, 117.5476184812894189, -1.467180546481159586 ) ) ;
#680 = CARTESIAN_POINT ( 'NONE',  ( -24.45104082887700869, 127.1407109772219854, 1.413910466203639693 ) ) ;
#681 = CARTESIAN_POINT ( 'NONE',  ( 24.65162391475575632, 120.3129269614128845, 4.160178499107331618 ) ) ;
#682 = VERTEX_POINT ( 'NONE', #853 ) ;
#683 = CARTESIAN_POINT ( 'NONE',  ( -24.22282591012407593, 125.8726347225239408, 3.304060546099114593 ) ) ;
#684 = VERTEX_POINT ( 'NONE', #490 ) ;
#685 = CARTESIAN_POINT ( 'NONE',  ( -24.53275696496463354, 121.7400416487087824, -4.810820402831213372 ) ) ;
#686 = CARTESIAN_POINT ( 'NONE',  ( -23.43617623704490072, 127.0955121896950857, -3.850096898049929717 ) ) ;
#687 = TOROIDAL_SURFACE ( 'NONE', #534, 6.750000000000000888, 0.5000000000000000000 ) ;
#688 = CARTESIAN_POINT ( 'NONE',  ( -24.28960357654031910, 119.6867328280344509, 2.882392676146901422 ) ) ;
#689 = ADVANCED_FACE ( 'NONE', ( #1043 ), #1446, .T. ) ;
#690 = DIRECTION ( 'NONE',  ( -4.577208079500490890E-17, 1.000000000000000000, -0.000000000000000000 ) ) ;
#691 = EDGE_CURVE ( 'NONE', #54, #193, #10, .T. ) ;
#692 = ORIENTED_EDGE ( 'NONE', *, *, #612, .F. ) ;
#693 = DIRECTION ( 'NONE',  ( 0.000000000000000000, 0.000000000000000000, 1.000000000000000000 ) ) ;
#694 = DIRECTION ( 'NONE',  ( 0.000000000000000000, 0.000000000000000000, -1.000000000000000000 ) ) ;
#695 = DIRECTION ( 'NONE',  ( 0.000000000000000000, 0.000000000000000000, 1.000000000000000000 ) ) ;
#696 = CARTESIAN_POINT ( 'NONE',  ( 24.52201639970154545, 121.9635043453532433, -4.865644372324169353 ) ) ;
#697 = ORIENTED_EDGE ( 'NONE', *, *, #506, .T. ) ;
#698 = CARTESIAN_POINT ( 'NONE',  ( 24.50177778075722301, 127.3733874294223938, 0.02232755810020819326 ) ) ;
#699 = ORIENTED_EDGE ( 'NONE', *, *, #252, .T. ) ;
#700 = CARTESIAN_POINT ( 'NONE',  ( -24.04210095882783804, 121.8682987802487361, -4.231054695626665918 ) ) ;
#701 = CARTESIAN_POINT ( 'NONE',  ( -23.52264428742372715, 127.5627539332726315, -3.281699821034873121 ) ) ;
#702 = CARTESIAN_POINT ( 'NONE',  ( 24.74019347248747280, 119.6191756814860412, -3.596785501711434296 ) ) ;
#703 = CARTESIAN_POINT ( 'NONE',  ( -24.37860260396727341, 119.1973726008976371, -2.198805677812784687 ) ) ;
#704 = AXIS2_PLACEMENT_3D ( 'NONE', #507, #520, #1695 ) ;
#705 = EDGE_LOOP ( 'NONE', ( #1516, #227 ) ) ;
#706 = CARTESIAN_POINT ( 'NONE',  ( -24.50728558312599148, 122.3270973179392200, 4.939167628862719539 ) ) ;
#707 = EDGE_CURVE ( 'NONE', #584, #2505, #841, .T. ) ;
#708 = CARTESIAN_POINT ( 'NONE',  ( 20.00004335157465363, 122.9905486802060324, -4.374998579702906731 ) ) ;
#709 = CIRCLE ( 'NONE', #2153, 5.750000000000002665 ) ;
#710 = CARTESIAN_POINT ( 'NONE',  ( 23.20790219059287196, 120.4987692757930517, -5.046355540206353574 ) ) ;
#711 = CARTESIAN_POINT ( 'NONE',  ( 24.66341153573577571, 120.2003530977123802, -4.092432982503143357 ) ) ;
#712 = CARTESIAN_POINT ( 'NONE',  ( 24.16810926728226150, 125.4764221758231031, 3.609660757049672597 ) ) ;
#713 = FACE_OUTER_BOUND ( 'NONE', #1697, .T. ) ;
#714 = CARTESIAN_POINT ( 'NONE',  ( -24.99979225492548096, 118.6164994843897773, -0.3066133973881736141 ) ) ;
#715 = CARTESIAN_POINT ( 'NONE',  ( -23.74120897722088586, 128.5789377249051313, -0.7389879383475558283 ) ) ;
#716 = CARTESIAN_POINT ( 'NONE',  ( 25.00051870575865109, 118.1132032621938066, 0.05338584697610771618 ) ) ;
#717 = DIRECTION ( 'NONE',  ( 1.000000000000000000, 0.000000000000000000, 0.000000000000000000 ) ) ;
#718 = AXIS2_PLACEMENT_3D ( 'NONE', #344, #1132, #1309 ) ;
#719 = EDGE_CURVE ( 'NONE', #1155, #531, #2420, .T. ) ;
#720 = ORIENTED_EDGE ( 'NONE', *, *, #1064, .F. ) ;
#721 = FACE_BOUND ( 'NONE', #421, .T. ) ;
#722 = CARTESIAN_POINT ( 'NONE',  ( 24.34200611854483398, 119.3919377607080179, -2.502062709964870901 ) ) ;
#723 = CARTESIAN_POINT ( 'NONE',  ( 24.01524346929534559, 122.4623145436349319, 4.352379440306386016 ) ) ;
#724 = STYLED_ITEM ( 'NONE', ( #1560 ), #983 ) ;
#725 = CARTESIAN_POINT ( 'NONE',  ( 23.45854407781112627, 118.7544257163753088, -3.718927251779715615 ) ) ;
#726 = CARTESIAN_POINT ( 'NONE',  ( 24.95529307340331826, 118.3403483159995062, -1.527509692992187640 ) ) ;
#727 = EDGE_CURVE ( 'NONE', #2327, #138, #1469, .T. ) ;
#728 = VERTEX_POINT ( 'NONE', #1259 ) ;
#729 = CARTESIAN_POINT ( 'NONE',  ( -18.74995664842534637, 122.9905486802060324, 1.420297096204495386E-06 ) ) ;
#730 = ORIENTED_EDGE ( 'NONE', *, *, #1186, .F. ) ;
#731 = CARTESIAN_POINT ( 'NONE',  ( -24.85434936183976973, 119.5547955621943714, -2.724778961901921370 ) ) ;
#732 = CARTESIAN_POINT ( 'NONE',  ( -23.62057159453235045, 128.0433233796487684, -2.499040723903990457 ) ) ;
#733 = CARTESIAN_POINT ( 'NONE',  ( 24.84294741889328861, 118.9568179524682421, 2.812256362205133087 ) ) ;
#734 = AXIS2_PLACEMENT_3D ( 'NONE', #2418, #447, #279 ) ;
#735 = EDGE_CURVE ( 'NONE', #2327, #1401, #535, .T. ) ;
#736 = DIRECTION ( 'NONE',  ( 1.000000000000000000, 0.000000000000000000, 0.000000000000000000 ) ) ;
#737 = CARTESIAN_POINT ( 'NONE',  ( 4.335157465272661373E-05, 89.00356083914458338, 1.420297096204495386E-06 ) ) ;
#738 = ORIENTED_EDGE ( 'NONE', *, *, #545, .F. ) ;
#739 = CARTESIAN_POINT ( 'NONE',  ( 4.335157465272661373E-05, 73.74054868020596132, 1.420297096204495386E-06 ) ) ;
#740 = CARTESIAN_POINT ( 'NONE',  ( 24.50179348739045793, 118.6076387654841113, -0.02223102113208329580 ) ) ;
#741 = CIRCLE ( 'NONE', #2100, 5.750000000000001776 ) ;
#742 = CARTESIAN_POINT ( 'NONE',  ( 4.335157465272661373E-05, 132.4905486802060182, 1.420297096204495386E-06 ) ) ;
#743 = DIRECTION ( 'NONE',  ( 0.000000000000000000, 0.000000000000000000, -1.000000000000000000 ) ) ;
#744 = CARTESIAN_POINT ( 'NONE',  ( 23.58375140413466298, 118.1110878275668767, -2.822296413926883574 ) ) ;
#745 = CYLINDRICAL_SURFACE ( 'NONE', #1173, 5.625000000000003553 ) ;
#746 = ORIENTED_EDGE ( 'NONE', *, *, #1175, .F. ) ;
#747 = CARTESIAN_POINT ( 'NONE',  ( -24.28684810189676568, 119.7031485533356516, -2.900815268214824272 ) ) ;
#748 = CARTESIAN_POINT ( 'NONE',  ( 25.00032790820178974, 118.1141396106791461, -0.1119316162380695340 ) ) ;
#749 = DIRECTION ( 'NONE',  ( -4.577208079500490890E-17, 1.000000000000000000, -0.000000000000000000 ) ) ;
#750 = DIRECTION ( 'NONE',  ( -1.000000000000000000, 0.000000000000000000, 0.000000000000000000 ) ) ;
#751 = CIRCLE ( 'NONE', #2314, 23.75000000000000711 ) ;
#752 = ORIENTED_EDGE ( 'NONE', *, *, #2342, .T. ) ;
#753 = CARTESIAN_POINT ( 'NONE',  ( 4.335157465272661373E-05, 93.74054868020594711, 1.420297096204495386E-06 ) ) ;
#754 = CARTESIAN_POINT ( 'NONE',  ( 24.09171336482141257, 121.1960004058454246, -3.998630658113481839 ) ) ;
#755 = DIRECTION ( 'NONE',  ( 0.000000000000000000, 0.000000000000000000, -1.000000000000000000 ) ) ;
#756 = VECTOR ( 'NONE', #2247, 1000.000000000000000 ) ;
#757 = CIRCLE ( 'NONE', #626, 1.250000000000001110 ) ;
#758 = TOROIDAL_SURFACE ( 'NONE', #1082, 18.75000000000001066, 6.250000000000000000 ) ;
#759 = DIRECTION ( 'NONE',  ( 0.000000000000000000, 0.2494475191414660120, -0.9683883183899772984 ) ) ;
#760 = ORIENTED_EDGE ( 'NONE', *, *, #1389, .F. ) ;
#761 = CARTESIAN_POINT ( 'NONE',  ( 24.96588611431953808, 118.2855014198798926, 1.342598229440513435 ) ) ;
#762 = FILL_AREA_STYLE_COLOUR ( '', #65 ) ;
#763 = CARTESIAN_POINT ( 'NONE',  ( -24.75734609031598765, 125.6225538646998245, -3.506508291987483705 ) ) ;
#764 = VERTEX_POINT ( 'NONE', #2242 ) ;
#765 = DIRECTION ( 'NONE',  ( 0.000000000000000000, 0.000000000000000000, -1.000000000000000000 ) ) ;
#766 = CARTESIAN_POINT ( 'NONE',  ( 24.38261933865226894, 126.8014630590939760, 2.153610948992465524 ) ) ;
#767 = DIRECTION ( 'NONE',  ( 0.000000000000000000, -1.000000000000000000, 0.000000000000000000 ) ) ;
#768 = DIRECTION ( 'NONE',  ( 1.000000000000000000, 0.000000000000000000, 0.000000000000000000 ) ) ;
#769 = CARTESIAN_POINT ( 'NONE',  ( 24.75653621015091232, 119.5061920211482516, -3.482917092902468870 ) ) ;
#770 = FACE_OUTER_BOUND ( 'NONE', #958, .T. ) ;
#771 = FACE_BOUND ( 'NONE', #395, .T. ) ;
#772 = ORIENTED_EDGE ( 'NONE', *, *, #578, .F. ) ;
#773 = CARTESIAN_POINT ( 'NONE',  ( 4.335157465272661373E-05, 132.4905486802060182, 1.420297096204495386E-06 ) ) ;
#774 = AXIS2_PLACEMENT_3D ( 'NONE', #1395, #1775, #1373 ) ;
#775 = CARTESIAN_POINT ( 'NONE',  ( 24.57610978398487944, 124.9065673672716770, 4.585741616491250561 ) ) ;
#776 = AXIS2_PLACEMENT_3D ( 'NONE', #1128, #505, #1099 ) ;
#777 = CARTESIAN_POINT ( 'NONE',  ( 20.00004335157465363, 122.9905486802060324, 1.420297096204495386E-06 ) ) ;
#778 = SPHERICAL_SURFACE ( 'NONE', #605, 5.750000000000000000 ) ;
#779 = CARTESIAN_POINT ( 'NONE',  ( 24.07787011982933478, 121.3507920981006549, 4.066069782119609677 ) ) ;
#780 = CYLINDRICAL_SURFACE ( 'NONE', #415, 23.75000000000000711 ) ;
#781 = ORIENTED_EDGE ( 'NONE', *, *, #1114, .T. ) ;
#782 = DIRECTION ( 'NONE',  ( -1.000000000000000000, 0.000000000000000000, 0.000000000000000000 ) ) ;
#783 = CARTESIAN_POINT ( 'NONE',  ( 24.04418729799609267, 124.1698056953527072, 4.222789599762919899 ) ) ;
#784 = CARTESIAN_POINT ( 'NONE',  ( 24.94070822640481566, 127.0090779849173401, -1.754595213130485165 ) ) ;
#785 = CARTESIAN_POINT ( 'NONE',  ( -9.749956648425348149, 74.74054868020594711, 1.420297096204495386E-06 ) ) ;
#786 = DIRECTION ( 'NONE',  ( 0.000000000000000000, 0.000000000000000000, -1.000000000000000000 ) ) ;
#787 = CARTESIAN_POINT ( 'NONE',  ( -23.11790602250622584, 121.5246588141307740, 5.443205958262550936 ) ) ;
#788 = CARTESIAN_POINT ( 'NONE',  ( -24.95992878896558409, 127.1278523124575628, -1.430297798529718056 ) ) ;
#789 = ORIENTED_EDGE ( 'NONE', *, *, #824, .F. ) ;
#790 = DIRECTION ( 'NONE',  ( 0.000000000000000000, 0.000000000000000000, 1.000000000000000000 ) ) ;
#791 = EDGE_CURVE ( 'NONE', #764, #2021, #1400, .T. ) ;
#792 = CARTESIAN_POINT ( 'NONE',  ( 24.87102776370756629, 126.5434759191556680, 2.557403302683008750 ) ) ;
#793 = AXIS2_PLACEMENT_3D ( 'NONE', #1808, #796, #2373 ) ;
#794 = ORIENTED_EDGE ( 'NONE', *, *, #52, .T. ) ;
#795 = LINE ( 'NONE', #1588, #1523 ) ;
#796 = DIRECTION ( 'NONE',  ( -9.132992791234630738E-17, 1.000000000000000000, -0.000000000000000000 ) ) ;
#797 = EDGE_CURVE ( 'NONE', #616, #160, #848, .T. ) ;
#798 = CARTESIAN_POINT ( 'NONE',  ( -23.73292157782024603, 117.4378024494289718, 0.9176012098055836841 ) ) ;
#799 = CARTESIAN_POINT ( 'NONE',  ( -24.41653885854031003, 126.9726552461492588, 1.817715187235180441 ) ) ;
#800 = ADVANCED_FACE ( 'NONE', ( #2182, #622 ), #224, .T. ) ;
#801 = EDGE_LOOP ( 'NONE', ( #991, #667 ) ) ;
#802 = ORIENTED_EDGE ( 'NONE', *, *, #1175, .T. ) ;
#803 = AXIS2_PLACEMENT_3D ( 'NONE', #323, #1127, #1526 ) ;
#804 = CARTESIAN_POINT ( 'NONE',  ( 18.75004335157465363, 122.9905486802060324, 1.420297096204495386E-06 ) ) ;
#805 = DIRECTION ( 'NONE',  ( 0.000000000000000000, 0.000000000000000000, 1.000000000000000000 ) ) ;
#806 = DIRECTION ( 'NONE',  ( -0.000000000000000000, 1.000000000000000000, -0.000000000000000000 ) ) ;
#807 = CARTESIAN_POINT ( 'NONE',  ( -24.40396059325022549, 126.9102570253797211, 1.948598020951732179 ) ) ;
#808 = DIRECTION ( 'NONE',  ( 0.000000000000000000, 0.000000000000000000, 1.000000000000000000 ) ) ;
#809 = EDGE_CURVE ( 'NONE', #138, #2371, #1963, .T. ) ;
#810 = CARTESIAN_POINT ( 'NONE',  ( -24.71966996862193255, 126.2203714932387015, 3.740400233022683540 ) ) ;
#811 = ORIENTED_EDGE ( 'NONE', *, *, #1247, .F. ) ;
#812 = ORIENTED_EDGE ( 'NONE', *, *, #2433, .F. ) ;
#813 = FACE_OUTER_BOUND ( 'NONE', #1679, .T. ) ;
#814 = CARTESIAN_POINT ( 'NONE',  ( 24.53152809637171572, 124.2064173122366526, -4.817285805495994389 ) ) ;
#815 = CARTESIAN_POINT ( 'NONE',  ( 4.335157465272661373E-05, 131.2405486802060182, 1.420297096204495386E-06 ) ) ;
#816 = EDGE_CURVE ( 'NONE', #1755, #1398, #1384, .T. ) ;
#817 = CIRCLE ( 'NONE', #379, 3.897114317029974018 ) ;
#818 = CARTESIAN_POINT ( 'NONE',  ( -24.62646400968380789, 125.4468420402054818, 4.309167826343127672 ) ) ;
#819 = CARTESIAN_POINT ( 'NONE',  ( -24.90200149042080824, 127.3582236930508884, 2.215606884439514701 ) ) ;
#820 = CARTESIAN_POINT ( 'NONE',  ( -24.01022116449647470, 122.6923901176242850, 4.374225747426927491 ) ) ;
#821 = DIRECTION ( 'NONE',  ( 1.000000000000000000, 0.000000000000000000, 0.000000000000000000 ) ) ;
#822 = TOROIDAL_SURFACE ( 'NONE', #1284, 18.75000000000001066, 5.000000000000000000 ) ;
#823 = CARTESIAN_POINT ( 'NONE',  ( 24.04089840147577561, 124.0817128371565872, -4.236740934695290228 ) ) ;
#824 = EDGE_CURVE ( 'NONE', #584, #113, #2408, .T. ) ;
#825 = ORIENTED_EDGE ( 'NONE', *, *, #2172, .T. ) ;
#826 = ORIENTED_EDGE ( 'NONE', *, *, #1291, .F. ) ;
#827 = CARTESIAN_POINT ( 'NONE',  ( 24.95574025666939733, 127.6427256943334925, -1.495559604887908289 ) ) ;
#828 = DIRECTION ( 'NONE',  ( 0.000000000000000000, 0.000000000000000000, 1.000000000000000000 ) ) ;
#829 = AXIS2_PLACEMENT_3D ( 'NONE', #1754, #943, #1741 ) ;
#830 = UNCERTAINTY_MEASURE_WITH_UNIT (LENGTH_MEASURE( 1.000000000000000082E-05 ), #1385, 'distance_accuracy_value', 'NONE');
#831 = CARTESIAN_POINT ( 'NONE',  ( -24.13366476199481170, 125.1925265257389555, -3.791220970450507544 ) ) ;
#832 = CARTESIAN_POINT ( 'NONE',  ( 9.750043351574655404, 87.49054868020596132, 1.420297096204495386E-06 ) ) ;
#833 = CARTESIAN_POINT ( 'NONE',  ( -25.00006275502640207, 127.3661623682982054, -0.2833546393093073212 ) ) ;
#834 = CARTESIAN_POINT ( 'NONE',  ( 24.01550992499578641, 122.4651219055668179, -4.351434216991582282 ) ) ;
#835 = CARTESIAN_POINT ( 'NONE',  ( 4.335157465272661373E-05, 72.99054868020596132, 40.00000142029709593 ) ) ;
#836 = VECTOR ( 'NONE', #384, 1000.000000000000000 ) ;
#837 = VECTOR ( 'NONE', #62, 1000.000000000000000 ) ;
#838 = ORIENTED_EDGE ( 'NONE', *, *, #159, .T. ) ;
#839 = ORIENTED_EDGE ( 'NONE', *, *, #1068, .T. ) ;
#840 = DIRECTION ( 'NONE',  ( 0.000000000000000000, 0.000000000000000000, 1.000000000000000000 ) ) ;
#841 = LINE ( 'NONE', #1272, #204 ) ;
#842 = CARTESIAN_POINT ( 'NONE',  ( 24.39866903039633783, 119.0970670415099164, 2.012574446442886966 ) ) ;
#843 = CARTESIAN_POINT ( 'NONE',  ( 24.53152809637171927, 124.2064173122366384, -4.817285805495997053 ) ) ;
#844 = FACE_OUTER_BOUND ( 'NONE', #1221, .T. ) ;
#845 = CARTESIAN_POINT ( 'NONE',  ( 18.75004335157465363, 122.9905486802060324, -5.624998579702907620 ) ) ;
#846 = CARTESIAN_POINT ( 'NONE',  ( -24.99499638199068841, 118.6439541846383179, 0.5769969261558245410 ) ) ;
#847 = LINE ( 'NONE', #239, #2093 ) ;
#848 = CIRCLE ( 'NONE', #2304, 5.750000000000000888 ) ;
#849 = CARTESIAN_POINT ( 'NONE',  ( -24.49374638079817856, 118.6433033721228867, 0.5691280102628543114 ) ) ;
#850 = ORIENTED_EDGE ( 'NONE', *, *, #506, .F. ) ;
#851 = VERTEX_POINT ( 'NONE', #1386 ) ;
#852 = CARTESIAN_POINT ( 'NONE',  ( 23.14333588997886082, 124.8088703371788881, -5.335897222386227767 ) ) ;
#853 = CARTESIAN_POINT ( 'NONE',  ( -24.01004567366639009, 122.9905486802060466, 4.375001420297099486 ) ) ;
#854 = CARTESIAN_POINT ( 'NONE',  ( 24.41736537328824497, 119.0033272734168861, -1.819710361275303612 ) ) ;
#855 = CARTESIAN_POINT ( 'NONE',  ( 24.93464222657440033, 127.5344400733905701, 1.830913193621841906 ) ) ;
#856 = CARTESIAN_POINT ( 'NONE',  ( 24.04089840147577561, 124.2064173122366384, -4.720940060980136188 ) ) ;
#857 = CARTESIAN_POINT ( 'NONE',  ( 24.34188713394710391, 126.5884355886330042, 2.502828317511402112 ) ) ;
#858 = CARTESIAN_POINT ( 'NONE',  ( -24.53290936109369369, 121.7078550608239595, 4.810261201007446807 ) ) ;
#859 = DIRECTION ( 'NONE',  ( -0.000000000000000000, 1.000000000000000000, -0.000000000000000000 ) ) ;
#860 = CARTESIAN_POINT ( 'NONE',  ( 24.49802761823397645, 122.9369600322161062, -4.984885401080023648 ) ) ;
#861 = CARTESIAN_POINT ( 'NONE',  ( -24.10550982826005750, 121.0491630387092385, -3.931115237361396009 ) ) ;
#862 = CIRCLE ( 'NONE', #954, 5.750000000000000000 ) ;
#863 = CIRCLE ( 'NONE', #2325, 25.00000000000000711 ) ;
#864 = AXIS2_PLACEMENT_3D ( 'NONE', #894, #104, #90 ) ;
#865 = AXIS2_PLACEMENT_3D ( 'NONE', #832, #647, #1437 ) ;
#866 = ORIENTED_EDGE ( 'NONE', *, *, #2111, .T. ) ;
#867 = CARTESIAN_POINT ( 'NONE',  ( -23.39275757262634059, 119.1411852332274037, -4.105690070409271364 ) ) ;
#868 = CARTESIAN_POINT ( 'NONE',  ( 24.57891048194366235, 124.9410005493902389, 4.570781791934578564 ) ) ;
#869 = CARTESIAN_POINT ( 'NONE',  ( 24.51540533792840293, 123.8940046133982804, -4.899389110584110973 ) ) ;
#870 = AXIS2_PLACEMENT_3D ( 'NONE', #1372, #596, #805 ) ;
#871 = CARTESIAN_POINT ( 'NONE',  ( 43.75004335157464652, 122.9905486802060324, 5.625001420297099486 ) ) ;
#872 = CARTESIAN_POINT ( 'NONE',  ( -43.74995664842534637, 122.9905486802060324, -4.374998579702906731 ) ) ;
#873 = CARTESIAN_POINT ( 'NONE',  ( 24.01013237681569379, 122.9905486802055918, -4.374998579702906731 ) ) ;
#874 = CARTESIAN_POINT ( 'NONE',  ( -23.45845840851760755, 127.2266776015528507, 3.718923870219610350 ) ) ;
#875 = CARTESIAN_POINT ( 'NONE',  ( 24.64408374982496142, 124.0531043085102709, -4.244109001579309925 ) ) ;
#876 = EDGE_CURVE ( 'NONE', #1636, #678, #270, .T. ) ;
#877 = CARTESIAN_POINT ( 'NONE',  ( -24.01655606043149405, 122.4160598800989703, -4.346494914368670415 ) ) ;
#878 = EDGE_CURVE ( 'NONE', #1209, #574, #1724, .T. ) ;
#879 = B_SPLINE_CURVE_WITH_KNOTS ( 'NONE', 3,
 ( #2005, #637, #1633, #75, #2018, #1427 ),
 .UNSPECIFIED., .F., .F.,
 ( 4, 2, 4 ),
 ( 0.01380245298221397313, 0.01435336232239428807, 0.01490427166257460301 ),
 .UNSPECIFIED. ) ;
#880 = DIRECTION ( 'NONE',  ( 0.000000000000000000, 0.000000000000000000, 1.000000000000000000 ) ) ;
#881 = ORIENTED_EDGE ( 'NONE', *, *, #377, .T. ) ;
#882 = PLANE ( 'NONE',  #1817 ) ;
#883 = CARTESIAN_POINT ( 'NONE',  ( -23.50237584515000222, 118.5204455061406463, -3.434136998522986595 ) ) ;
#885 = CARTESIAN_POINT ( 'NONE',  ( -24.37981999665123212, 126.7900034658263593, -2.187993193824251836 ) ) ;
#884 = B_SPLINE_CURVE_WITH_KNOTS ( 'NONE', 3,
 ( #895, #1692, #706, #322, #532, #1495, #2283, #2092, #2517, #1509, #940, #1705, #2125, #1113, #1139, #1869, #1928, #1126, #1319, #161, #2110, #564, #1347, #338, #2135, #1083, #1952, #988, #575, #1770, #376, #1379, #387, #1172, #207, #2162, #2368, #1780 ),
 .UNSPECIFIED., .F., .F.,
 ( 4, 2, 2, 2, 2, 2, 2, 2, 2, 2, 2, 2, 2, 2, 2, 2, 2, 2, 4 ),
 ( 0.01567762977271719080, 0.01665666707076936953, 0.01763570436882154480, 0.01812522301784763590, 0.01861474166687372353, 0.01959377896492593349, 0.02057281626297814345, 0.02155185356103035341, 0.02253089085908256683, 0.02350992815713477679, 0.02448896545518698675, 0.02546800275323919671, 0.02644704005129140667, 0.02742607734934361663, 0.02840511464739582659, 0.02938415194544803655, 0.02987367059447416234, 0.03036318924350028814, 0.03134222654155249810 ),
 .UNSPECIFIED. ) ;
#886 = DIRECTION ( 'NONE',  ( -0.000000000000000000, 1.000000000000000000, 0.000000000000000000 ) ) ;
#887 = ORIENTED_EDGE ( 'NONE', *, *, #2532, .F. ) ;
#888 = CARTESIAN_POINT ( 'NONE',  ( -24.01004915751581947, 122.9789410109719370, 4.374986021643136880 ) ) ;
#889 = ORIENTED_EDGE ( 'NONE', *, *, #1374, .T. ) ;
#890 = LINE ( 'NONE', #1342, #1732 ) ;
#891 = CARTESIAN_POINT ( 'NONE',  ( -23.73918224209814198, 128.5699097785242770, 0.7385702340244163500 ) ) ;
#892 = CARTESIAN_POINT ( 'NONE',  ( 24.65998389613027797, 120.2296362846372659, -4.112916255467395921 ) ) ;
#893 = AXIS2_PLACEMENT_3D ( 'NONE', #959, #1756, #1991 ) ;
#894 = CARTESIAN_POINT ( 'NONE',  ( 43.75004335157464652, 122.9905486802060324, 1.420297096204495386E-06 ) ) ;
#895 = CARTESIAN_POINT ( 'NONE',  ( -24.50005104545644485, 122.9776144201840253, 4.974473707541815060 ) ) ;
#896 = EDGE_LOOP ( 'NONE', ( #738, #1902, #1378, #2356 ) ) ;
#897 = CARTESIAN_POINT ( 'NONE',  ( 24.51541779946612820, 122.0868031285518498, 4.899329366541211428 ) ) ;
#898 = CARTESIAN_POINT ( 'NONE',  ( 23.45818153585477006, 118.7626035016576793, 3.714681926887492658 ) ) ;
#899 = CARTESIAN_POINT ( 'NONE',  ( 24.57864969711456737, 121.0434155147334110, -4.572167220799641996 ) ) ;
#900 = EDGE_LOOP ( 'NONE', ( #1326, #2102, #839, #2034 ) ) ;
#901 = CARTESIAN_POINT ( 'NONE',  ( 24.36899317020136380, 126.7318913814337265, 2.283303132154955950 ) ) ;
#902 = ADVANCED_FACE ( 'NONE', ( #1329 ), #2309, .F. ) ;
#903 = CARTESIAN_POINT ( 'NONE',  ( -24.50005092420294517, 123.0032604432283279, -4.974471464141021038 ) ) ;
#904 = CARTESIAN_POINT ( 'NONE',  ( -24.46851205659821105, 118.7592818629363336, -1.148917671857988765 ) ) ;
#905 = CARTESIAN_POINT ( 'NONE',  ( 4.335157465272661373E-05, 131.9905486802060182, 6.750001420297096821 ) ) ;
#906 = CARTESIAN_POINT ( 'NONE',  ( 24.80539467513012397, 119.1874037261330841, -3.116362860645638388 ) ) ;
#907 = CARTESIAN_POINT ( 'NONE',  ( -24.05976932916456335, 121.5782404500400418, -4.150666218545520536 ) ) ;
#908 = ORIENTED_EDGE ( 'NONE', *, *, #1073, .F. ) ;
#909 = FACE_BOUND ( 'NONE', #449, .T. ) ;
#910 = DIRECTION ( 'NONE',  ( 0.000000000000000000, -1.000000000000000000, 0.000000000000000000 ) ) ;
#911 = EDGE_CURVE ( 'NONE', #728, #450, #1537, .T. ) ;
#912 = FACE_OUTER_BOUND ( 'NONE', #132, .T. ) ;
#913 = ADVANCED_FACE ( 'NONE', ( #770 ), #2141, .F. ) ;
#914 = CARTESIAN_POINT ( 'NONE',  ( 23.50136229564678558, 118.5292410836562453, 3.430905998949813629 ) ) ;
#915 = CARTESIAN_POINT ( 'NONE',  ( 24.92537831198642095, 118.4965184933373195, 1.955021352195481121 ) ) ;
#916 = ORIENTED_EDGE ( 'NONE', *, *, #691, .F. ) ;
#917 = CARTESIAN_POINT ( 'NONE',  ( 24.01013237681569379, 123.2572512594504701, 4.375001420297099486 ) ) ;
#918 = ORIENTED_EDGE ( 'NONE', *, *, #1256, .T. ) ;
#919 = DIRECTION ( 'NONE',  ( 0.000000000000000000, 1.000000000000000000, 0.000000000000000000 ) ) ;
#920 = CARTESIAN_POINT ( 'NONE',  ( -23.70772210131320179, 128.4349194192829202, -1.461170931818388974 ) ) ;
#921 = CARTESIAN_POINT ( 'NONE',  ( 24.92497647130930005, 118.4986359407914875, 1.960506463080253337 ) ) ;
#922 = CARTESIAN_POINT ( 'NONE',  ( 4.335157465272661373E-05, 127.4905486802060182, 7.500001420297096821 ) ) ;
#923 = CARTESIAN_POINT ( 'NONE',  ( 4.335157465272661373E-05, 131.2405486802060182, 1.420297096204495386E-06 ) ) ;
#924 = EDGE_LOOP ( 'NONE', ( #331, #438, #918, #812 ) ) ;
#925 = DIRECTION ( 'NONE',  ( -0.000000000000000000, 1.000000000000000000, -0.000000000000000000 ) ) ;
#926 = CARTESIAN_POINT ( 'NONE',  ( 24.31891552440633575, 119.5206284455653218, 2.677641278716263784 ) ) ;
#927 = CARTESIAN_POINT ( 'NONE',  ( 4.335157465762520178E-05, 72.49054868020596132, -39.99999857970290407 ) ) ;
#928 = AXIS2_PLACEMENT_3D ( 'NONE', #2529, #2121, #349 ) ;
#929 = EDGE_CURVE ( 'NONE', #2499, #1089, #1958, .T. ) ;
#930 = CARTESIAN_POINT ( 'NONE',  ( 23.07431202904307455, 122.9905486802060324, -5.624998579702907620 ) ) ;
#931 = ORIENTED_EDGE ( 'NONE', *, *, #1271, .F. ) ;
#932 = CARTESIAN_POINT ( 'NONE',  ( 24.01013237681569734, 122.9905486802060324, 4.375001420297099486 ) ) ;
#933 = ORIENTED_EDGE ( 'NONE', *, *, #719, .F. ) ;
#934 = CARTESIAN_POINT ( 'NONE',  ( -24.99975090062505956, 118.1165620187003640, -0.3408629645936229746 ) ) ;
#935 = CARTESIAN_POINT ( 'NONE',  ( 24.74622476959756767, 119.5724911743671584, 3.561723512956771032 ) ) ;
#936 = FACE_OUTER_BOUND ( 'NONE', #2084, .T. ) ;
#937 = FACE_OUTER_BOUND ( 'NONE', #900, .T. ) ;
#938 = AXIS2_PLACEMENT_3D ( 'NONE', #1946, #768, #1967 ) ;
#939 = EDGE_LOOP ( 'NONE', ( #1138, #1231, #850, #1353 ) ) ;
#940 = CARTESIAN_POINT ( 'NONE',  ( -24.72235636093768463, 119.7410959254962535, 3.722710166270730259 ) ) ;
#941 = CARTESIAN_POINT ( 'NONE',  ( 24.03673362011372561, 121.9429576668293436, -4.256008268327462929 ) ) ;
#942 = CARTESIAN_POINT ( 'NONE',  ( 24.04090791153072004, 121.8992157839620916, 4.236700313253244587 ) ) ;
#943 = DIRECTION ( 'NONE',  ( -4.577208079500490890E-17, 1.000000000000000000, -0.000000000000000000 ) ) ;
#944 = ORIENTED_EDGE ( 'NONE', *, *, #235, .T. ) ;
#945 = CARTESIAN_POINT ( 'NONE',  ( -24.71068152660043182, 120.8534217947490959, -3.828472362972136001 ) ) ;
#946 = CARTESIAN_POINT ( 'NONE',  ( 24.98795839599845436, 118.6853768764462700, -0.8312511365208211656 ) ) ;
#947 = DIRECTION ( 'NONE',  ( 1.000000000000000000, -0.000000000000000000, -0.000000000000000000 ) ) ;
#948 = CARTESIAN_POINT ( 'NONE',  ( -24.62177010461107685, 123.0016328088371864, -4.374984550763953095 ) ) ;
#949 = AXIS2_PLACEMENT_3D ( 'NONE', #856, #1035, #1659 ) ;
#950 = VERTEX_POINT ( 'NONE', #1366 ) ;
#951 = DIRECTION ( 'NONE',  ( 0.000000000000000000, -1.000000000000000000, 0.000000000000000000 ) ) ;
#952 = AXIS2_PLACEMENT_3D ( 'NONE', #2330, #2285, #1483 ) ;
#953 = CARTESIAN_POINT ( 'NONE',  ( 24.16630090628438765, 125.4642039239750346, 3.619789568219859532 ) ) ;
#954 = AXIS2_PLACEMENT_3D ( 'NONE', #380, #556, #178 ) ;
#955 = DIRECTION ( 'NONE',  ( 1.000000000000000000, -0.000000000000000000, -0.000000000000000000 ) ) ;
#956 = CIRCLE ( 'NONE', #2531, 0.4999999999999995559 ) ;
#957 = CARTESIAN_POINT ( 'NONE',  ( 24.03082822878497993, 122.0780483355218848, 4.282765858945177584 ) ) ;
#958 = EDGE_LOOP ( 'NONE', ( #493, #2070, #1728, #1000 ) ) ;
#959 = CARTESIAN_POINT ( 'NONE',  ( 4.335157465272661373E-05, 131.9905486802060182, 1.420297096204495386E-06 ) ) ;
#960 = CARTESIAN_POINT ( 'NONE',  ( 24.97273586698383951, 118.7752614756296481, 1.207520464658015324 ) ) ;
#961 = FACE_OUTER_BOUND ( 'NONE', #1419, .T. ) ;
#962 = CARTESIAN_POINT ( 'NONE',  ( 4.335157465349201981E-05, 127.4905486802060182, -6.249998579702904067 ) ) ;
#963 = ADVANCED_FACE ( 'NONE', ( #157 ), #183, .F. ) ;
#964 = ORIENTED_EDGE ( 'NONE', *, *, #267, .T. ) ;
#965 = DIRECTION ( 'NONE',  ( -0.000000000000000000, 1.000000000000000000, -0.000000000000000000 ) ) ;
#966 = CIRCLE ( 'NONE', #2493, 7.500000000000000888 ) ;
#967 = CARTESIAN_POINT ( 'NONE',  ( 24.99596673771960553, 127.3419389304523150, 0.5404272728718174656 ) ) ;
#968 = CARTESIAN_POINT ( 'NONE',  ( 20.00004335157465363, 122.9905486802060324, 1.420297096204495386E-06 ) ) ;
#969 = CARTESIAN_POINT ( 'NONE',  ( 4.335157465364510238E-05, 126.2405486802060040, -7.499998579702904067 ) ) ;
#970 = CARTESIAN_POINT ( 'NONE',  ( 24.70898755712726214, 120.8846962107588325, 3.837814969140787458 ) ) ;
#971 = SURFACE_STYLE_USAGE ( .BOTH. , #1948 ) ;
#972 = CARTESIAN_POINT ( 'NONE',  ( -9.749956648425349925, 96.85241171019551132, 1.420297096204495386E-06 ) ) ;
#973 = AXIS2_PLACEMENT_3D ( 'NONE', #265, #859, #2250 ) ;
#974 = ADVANCED_FACE ( 'NONE', ( #2336 ), #1177, .T. ) ;
#975 = ORIENTED_EDGE ( 'NONE', *, *, #1158, .T. ) ;
#976 = CARTESIAN_POINT ( 'NONE',  ( 4.335157465272661373E-05, 131.2405486802060182, 23.75000142029710304 ) ) ;
#977 = CARTESIAN_POINT ( 'NONE',  ( 24.50556139568859848, 123.5201981995277691, 4.947742173800230070 ) ) ;
#978 = AXIS2_PLACEMENT_3D ( 'NONE', #110, #2036, #68 ) ;
#979 = CARTESIAN_POINT ( 'NONE',  ( 4.335157465563515547E-05, 131.2405486802060182, -23.74999857970291117 ) ) ;
#980 = CARTESIAN_POINT ( 'NONE',  ( 4.335157465272661373E-05, 88.74054868020594711, 1.420297096204495386E-06 ) ) ;
#981 = FACE_BOUND ( 'NONE', #185, .T. ) ;
#982 = CARTESIAN_POINT ( 'NONE',  ( 24.65552313477551394, 121.6547844604551614, 4.175747595209081453 ) ) ;
#983 = MANIFOLD_SOLID_BREP ( '\X2\7f29653e6bd44f8b\X0\1', #1606 ) ;
#984 = CARTESIAN_POINT ( 'NONE',  ( -23.08327514257727486, 122.2497096023010954, 5.588244990707995186 ) ) ;
#985 = ADVANCED_FACE ( 'NONE', ( #961 ), #1571, .T. ) ;
#986 = CARTESIAN_POINT ( 'NONE',  ( -24.94965931581805307, 127.6116771546070794, -1.592726059456920140 ) ) ;
#987 = VERTEX_POINT ( 'NONE', #529 ) ;
#988 = CARTESIAN_POINT ( 'NONE',  ( -24.71994553276940110, 119.7588543373881578, -3.738427403798220805 ) ) ;
#989 = CARTESIAN_POINT ( 'NONE',  ( 24.64634971416166564, 124.1374815684800268, 4.231504921634275718 ) ) ;
#990 = ADVANCED_FACE ( 'NONE', ( #936 ), #1123, .T. ) ;
#991 = ORIENTED_EDGE ( 'NONE', *, *, #1734, .F. ) ;
#992 = CARTESIAN_POINT ( 'NONE',  ( 24.84275041905245374, 127.0231733835708638, -2.814267477290718578 ) ) ;
#993 = CARTESIAN_POINT ( 'NONE',  ( 4.335157465272661373E-05, 93.74054868020594711, 1.420297096204495386E-06 ) ) ;
#994 = ADVANCED_FACE ( 'NONE', ( #1344 ), #335, .F. ) ;
#995 = CARTESIAN_POINT ( 'NONE',  ( -9.749956648425348149, 74.74054868020594711, 1.420297096204495386E-06 ) ) ;
#996 = AXIS2_PLACEMENT_3D ( 'NONE', #486, #1662, #1605 ) ;
#997 = CARTESIAN_POINT ( 'NONE',  ( -23.07422532589377084, 122.6227496753293735, 5.625001420297101262 ) ) ;
#998 = AXIS2_PLACEMENT_3D ( 'NONE', #1962, #194, #592 ) ;
#999 = CARTESIAN_POINT ( 'NONE',  ( -24.50008679950488144, 127.3661356872331822, -0.2770620778609570456 ) ) ;
#1000 = ORIENTED_EDGE ( 'NONE', *, *, #1349, .F. ) ;
#1001 = PRODUCT_DEFINITION ( 'æœ', '', #650, #47 ) ;
#1002 = ORIENTED_EDGE ( 'NONE', *, *, #413, .F. ) ;
#1003 = DIRECTION ( 'NONE',  ( -0.000000000000000000, 1.000000000000000000, -0.000000000000000000 ) ) ;
#1004 = CARTESIAN_POINT ( 'NONE',  ( 24.81136197029528034, 126.8354220249159567, -3.075335366833506168 ) ) ;
#1005 = CARTESIAN_POINT ( 'NONE',  ( 4.335157465578822448E-05, 93.74054868020594711, -24.99999857970291472 ) ) ;
#1006 = DIRECTION ( 'NONE',  ( 0.000000000000000000, -0.000000000000000000, -1.000000000000000000 ) ) ;
#1007 = CARTESIAN_POINT ( 'NONE',  ( 24.66610587627824813, 120.1882185558436760, 4.073718667072658839 ) ) ;
#1008 = CARTESIAN_POINT ( 'NONE',  ( -23.24485183919331632, 120.1632363086068125, 4.876510438762104549 ) ) ;
#1009 = CARTESIAN_POINT ( 'NONE',  ( -24.47585163391397600, 127.2555868689894396, -0.9852935772411350879 ) ) ;
#1010 = CARTESIAN_POINT ( 'NONE',  ( -24.01004915751581947, 122.9789410109719370, 4.374986021643136880 ) ) ;
#1011 = EDGE_LOOP ( 'NONE', ( #557, #313 ) ) ;
#1012 = CARTESIAN_POINT ( 'NONE',  ( -24.96854626801484045, 127.7088053592751180, 1.292193409896315037 ) ) ;
#1013 = EDGE_CURVE ( 'NONE', #309, #1896, #1513, .T. ) ;
#1014 = ORIENTED_EDGE ( 'NONE', *, *, #549, .T. ) ;
#1015 =( GEOMETRIC_REPRESENTATION_CONTEXT ( 3 ) GLOBAL_UNCERTAINTY_ASSIGNED_CONTEXT ( ( #830 ) ) GLOBAL_UNIT_ASSIGNED_CONTEXT ( ( #1385, #1354, #1460 ) ) REPRESENTATION_CONTEXT ( 'NONE', 'WORKASPACE' ) );
#1016 = VERTEX_POINT ( 'NONE', #226 ) ;
#1017 = CARTESIAN_POINT ( 'NONE',  ( 23.70747592360684664, 128.4334789672824400, 1.467180569963880021 ) ) ;
#1018 = CARTESIAN_POINT ( 'NONE',  ( 24.92072743754766861, 126.8829745578587875, -2.018791469397029470 ) ) ;
#1019 = FACE_OUTER_BOUND ( 'NONE', #1667, .T. ) ;
#1020 = CARTESIAN_POINT ( 'NONE',  ( -23.73936161511267429, 117.4104250351077212, 0.7327635122368656440 ) ) ;
#1021 = DIRECTION ( 'NONE',  ( 0.000000000000000000, 0.000000000000000000, -1.000000000000000000 ) ) ;
#1022 = CARTESIAN_POINT ( 'NONE',  ( -24.49982228298733489, 127.3649426655987469, 0.2953031281084256832 ) ) ;
#1023 = CARTESIAN_POINT ( 'NONE',  ( -24.86278911703361416, 118.8427307336943954, 2.618766364188148899 ) ) ;
#1024 = DIRECTION ( 'NONE',  ( 0.000000000000000000, 0.000000000000000000, 1.000000000000000000 ) ) ;
#1025 = EDGE_CURVE ( 'NONE', #1712, #2161, #1428, .T. ) ;
#1026 = CARTESIAN_POINT ( 'NONE',  ( -43.74995664842534637, 122.9905486802060324, -5.624998579702907620 ) ) ;
#1027 = VERTEX_POINT ( 'NONE', #676 ) ;
#1028 = EDGE_LOOP ( 'NONE', ( #772, #153, #1624, #2134 ) ) ;
#1029 = CARTESIAN_POINT ( 'NONE',  ( 23.68280013519360239, 128.3262674978339248, 1.818001247004984222 ) ) ;
#1030 = B_SPLINE_CURVE_WITH_KNOTS ( 'NONE', 3,
 ( #930, #1530, #1289, #1514, #1306, #1115, #710, #2082, #2495, #1900, #1338, #725, #2270, #744, #1485, #2302, #1498, #1683, #2097, #311, #327, #136, #123, #2128, #1709, #358, #2510, #1322, #914, #898, #537, #1101, #2114, #341, #1130, #1918, #1142, #2466, #150, #1726 ),
 .UNSPECIFIED., .F., .F.,
 ( 4, 2, 2, 2, 2, 2, 2, 2, 2, 2, 2, 2, 2, 2, 2, 2, 2, 2, 2, 4 ),
 ( 0.0007228247403453474766, 0.001826214536079610656, 0.002929604331813873835, 0.003481299229680985801, 0.004032994127548098634, 0.005136383923282323433, 0.006239773719016546497, 0.007343163514750771295, 0.008446553310484994359, 0.008998248208352108493, 0.009549943106219219158, 0.01065333290195344569, 0.01175672269768766875, 0.01286011249342189529, 0.01341180739128901983, 0.01396350228915614437, 0.01506689208489039346, 0.01617028188062464081, 0.01727367167635889336, 0.01837706147209314245 ),
 .UNSPECIFIED. ) ;
#1031 = CARTESIAN_POINT ( 'NONE',  ( 24.07806944983201092, 124.6328416453742420, -4.065143176995329455 ) ) ;
#1032 = DIRECTION ( 'NONE',  ( 0.000000000000000000, 0.000000000000000000, -1.000000000000000000 ) ) ;
#1033 = AXIS2_PLACEMENT_3D ( 'NONE', #1337, #743, #2316 ) ;
#1034 = CARTESIAN_POINT ( 'NONE',  ( 24.95525135836309616, 127.6405348399178337, 1.528198131771461910 ) ) ;
#1035 = DIRECTION ( 'NONE',  ( 0.04891820215732370358, 0.9672388746487369238, 0.2491103547946982022 ) ) ;
#1036 = CARTESIAN_POINT ( 'NONE',  ( -24.97418106637333679, 127.2140836021085306, -1.150786345833726632 ) ) ;
#1037 = CARTESIAN_POINT ( 'NONE',  ( -24.28998210758120280, 119.6844815779478921, 2.879855083709241814 ) ) ;
#1038 = DIRECTION ( 'NONE',  ( -1.000000000000000000, 0.000000000000000000, 0.000000000000000000 ) ) ;
#1039 = B_SPLINE_CURVE_WITH_KNOTS ( 'NONE', 3,
 ( #1223, #1655, #2205, #1055, #464, #1258, #1597, #668, #2241, #1457, #2190, #451, #1211, #67, #1639, #1042, #642, #1029, #1017, #2435, #2410, #1244, #2423, #1846, #1625, #2381, #2397, #1793, #231, #2035, #2011, #1432, #1420, #1403, #1233, #2219, #477, #2023, #852, #80, #439, #257, #656 ),
 .UNSPECIFIED., .F., .F.,
 ( 4, 2, 2, 2, 2, 2, 2, 2, 2, 2, 2, 1, 2, 2, 2, 2, 2, 2, 2, 2, 2, 4 ),
 ( 0.01837706147209314245, 0.01892839318052743844, 0.01947972488896173443, 0.02058238830583032988, 0.02168505172269892187, 0.02223638343113321786, 0.02278771513956751732, 0.02389037855643610930, 0.02499304197330470476, 0.02609570539017329674, 0.02664703709860759273, 0.02719836880704189219, 0.02774970051547618471, 0.02830103222391048418, 0.02940369564077909351, 0.03050635905764770284, 0.03160902247451631564, 0.03216035418295062204, 0.03271168589138492844, 0.03381434930825346491, 0.03491701272512208465, 0.03601967614199069745 ),
 .UNSPECIFIED. ) ;
#1040 = ORIENTED_EDGE ( 'NONE', *, *, #809, .F. ) ;
#1041 = ORIENTED_EDGE ( 'NONE', *, *, #791, .T. ) ;
#1042 = CARTESIAN_POINT ( 'NONE',  ( 23.58347870828840342, 127.8687180340780429, 2.824640958376429811 ) ) ;
#1043 = FACE_OUTER_BOUND ( 'NONE', #33, .T. ) ;
#1044 = CARTESIAN_POINT ( 'NONE',  ( 4.335157465272661373E-05, 89.00356083914458338, 40.00000142029709593 ) ) ;
#1045 = AXIS2_PLACEMENT_3D ( 'NONE', #2013, #425, #36 ) ;
#1046 = CARTESIAN_POINT ( 'NONE',  ( -24.49343325678908556, 127.3363819498777616, 0.5798858096047713184 ) ) ;
#1047 = FACE_BOUND ( 'NONE', #2421, .T. ) ;
#1048 = DIRECTION ( 'NONE',  ( 0.000000000000000000, 0.000000000000000000, 1.000000000000000000 ) ) ;
#1049 = CARTESIAN_POINT ( 'NONE',  ( -24.93401686663094097, 119.0146101109914270, 1.831787631057406163 ) ) ;
#1050 = DIRECTION ( 'NONE',  ( -4.577208079500490890E-17, 1.000000000000000000, -0.000000000000000000 ) ) ;
#1051 = MECHANICAL_DESIGN_GEOMETRIC_PRESENTATION_REPRESENTATION (  '', ( #724 ), #1843 ) ;
#1052 = AXIS2_PLACEMENT_3D ( 'NONE', #89, #1050, #1038 ) ;
#1053 = EDGE_LOOP ( 'NONE', ( #1418, #2489, #1324, #1232 ) ) ;
#1054 = ORIENTED_EDGE ( 'NONE', *, *, #1149, .F. ) ;
#1055 = CARTESIAN_POINT ( 'NONE',  ( 23.08545537811749071, 123.7311048442032870, 5.579123883347724799 ) ) ;
#1056 = CARTESIAN_POINT ( 'NONE',  ( -23.20686439355576525, 120.4894923830775468, -5.052052917338425431 ) ) ;
#1057 = CARTESIAN_POINT ( 'NONE',  ( 24.47264293791343448, 118.7401324396557243, -1.069773937602596758 ) ) ;
#1058 = CARTESIAN_POINT ( 'NONE',  ( -24.06056486328989408, 124.4136678796232616, -4.146968765023450132 ) ) ;
#1059 = DIRECTION ( 'NONE',  ( 0.000000000000000000, -1.000000000000000000, 0.000000000000000000 ) ) ;
#1060 = CARTESIAN_POINT ( 'NONE',  ( 24.31880427562365909, 126.4598209838591032, -2.678376320167061397 ) ) ;
#1061 = CARTESIAN_POINT ( 'NONE',  ( -24.99378854176866582, 118.1456428930053022, 0.6406819273331976206 ) ) ;
#1062 = DIRECTION ( 'NONE',  ( 1.000000000000000000, 0.000000000000000000, 0.000000000000000000 ) ) ;
#1063 = CARTESIAN_POINT ( 'NONE',  ( 24.60191759025897440, 120.7825043978592134, -4.447081152873224141 ) ) ;
#1064 = EDGE_CURVE ( 'NONE', #2171, #1209, #2404, .T. ) ;
#1065 = DIRECTION ( 'NONE',  ( -1.000000000000000000, 0.000000000000000000, 0.000000000000000000 ) ) ;
#1066 = VERTEX_POINT ( 'NONE', #1840 ) ;
#1067 = CARTESIAN_POINT ( 'NONE',  ( -23.32694317700847719, 119.5632759205368245, -4.464113599860635162 ) ) ;
#1068 = EDGE_CURVE ( 'NONE', #531, #2202, #1827, .T. ) ;
#1069 = AXIS2_PLACEMENT_3D ( 'NONE', #262, #468, #660 ) ;
#1070 = EDGE_CURVE ( 'NONE', #851, #1402, #1182, .T. ) ;
#1071 = CARTESIAN_POINT ( 'NONE',  ( -24.19305098764619899, 125.6663917202443201, -3.473028621813448513 ) ) ;
#1072 = CARTESIAN_POINT ( 'NONE',  ( 4.335157465272661373E-05, 88.74054868020594711, 1.420297096204495386E-06 ) ) ;
#1073 = EDGE_CURVE ( 'NONE', #1844, #43, #879, .T. ) ;
#1074 = LINE ( 'NONE', #871, #756 ) ;
#1075 = ORIENTED_EDGE ( 'NONE', *, *, #1983, .F. ) ;
#1076 = CARTESIAN_POINT ( 'NONE',  ( -24.49975501567119096, 118.6164580869361487, -0.2997844361569198535 ) ) ;
#1077 = CARTESIAN_POINT ( 'NONE',  ( -23.45809500722533514, 127.2184947718288441, -3.714677882066194314 ) ) ;
#1078 = CARTESIAN_POINT ( 'NONE',  ( 24.01092220069722671, 122.6570826172730477, -4.371701385249382454 ) ) ;
#1079 = DIRECTION ( 'NONE',  ( -9.132992791234630738E-17, 1.000000000000000000, -0.000000000000000000 ) ) ;
#1080 = VECTOR ( 'NONE', #1345, 1000.000000000000000 ) ;
#1081 = AXIS2_PLACEMENT_3D ( 'NONE', #2104, #513, #1675 ) ;
#1082 = AXIS2_PLACEMENT_3D ( 'NONE', #2296, #530, #2107 ) ;
#1083 = CARTESIAN_POINT ( 'NONE',  ( -24.81719717377622558, 119.1108560896655888, -3.029655466824849430 ) ) ;
#1084 = VERTEX_POINT ( 'NONE', #652 ) ;
#1085 = CARTESIAN_POINT ( 'NONE',  ( -23.30571407704699993, 119.7104375013090163, -4.573282559629808119 ) ) ;
#1086 = CARTESIAN_POINT ( 'NONE',  ( 24.76088060251409217, 126.5106640432344420, 3.456971219342934720 ) ) ;
#1087 = CARTESIAN_POINT ( 'NONE',  ( 24.50504701325925794, 123.5695813018389657, -4.950262063656475142 ) ) ;
#1088 = AXIS2_PLACEMENT_3D ( 'NONE', #1989, #1774, #18 ) ;
#1089 = VERTEX_POINT ( 'NONE', #2030 ) ;
#1090 = CARTESIAN_POINT ( 'NONE',  ( -24.10447155841032441, 124.9215313438589590, 3.936219918209456825 ) ) ;
#1091 = CARTESIAN_POINT ( 'NONE',  ( -24.81776493536948180, 126.8736467678314170, 3.024780542074617440 ) ) ;
#1092 = CARTESIAN_POINT ( 'NONE',  ( -24.62401939678292351, 120.5578336158424264, -4.323037682594722320 ) ) ;
#1093 = CARTESIAN_POINT ( 'NONE',  ( -23.07422532589376729, 122.9905486802060324, 5.625001420297099486 ) ) ;
#1094 = CARTESIAN_POINT ( 'NONE',  ( 24.69456075481883062, 121.0537999246219982, -3.933759110653981761 ) ) ;
#1095 = CARTESIAN_POINT ( 'NONE',  ( -9.749956648425349925, 96.85241171019551132, 1.420297096204495386E-06 ) ) ;
#1096 = PLANE ( 'NONE',  #1408 ) ;
#1097 = EDGE_LOOP ( 'NONE', ( #1971, #1242, #781, #1443, #229 ) ) ;
#1098 = EDGE_CURVE ( 'NONE', #375, #2009, #2507, .T. ) ;
#1099 = DIRECTION ( 'NONE',  ( 0.000000000000000000, 0.000000000000000000, 1.000000000000000000 ) ) ;
#1100 = AXIS2_PLACEMENT_3D ( 'NONE', #2227, #254, #1062 ) ;
#1101 = CARTESIAN_POINT ( 'NONE',  ( 23.37044678345376880, 119.2731935654913968, 4.237373977712221240 ) ) ;
#1102 = CARTESIAN_POINT ( 'NONE',  ( 24.51554866079371919, 122.1238625279806200, -4.898017928729935910 ) ) ;
#1103 = ORIENTED_EDGE ( 'NONE', *, *, #519, .T. ) ;
#1104 = CARTESIAN_POINT ( 'NONE',  ( -24.75565972351306954, 125.6062741394693063, 3.518583628066052960 ) ) ;
#1105 = CARTESIAN_POINT ( 'NONE',  ( -24.78759938296188992, 126.6864892266728333, -3.259894729389783752 ) ) ;
#1106 = LINE ( 'NONE', #1892, #1935 ) ;
#1107 = CARTESIAN_POINT ( 'NONE',  ( -23.08303633271931332, 123.7252874474345816, 5.589235871449200310 ) ) ;
#1108 = CIRCLE ( 'NONE', #938, 5.625000000000003553 ) ;
#1109 = DIRECTION ( 'NONE',  ( -1.000000000000000000, 0.000000000000000000, 0.000000000000000000 ) ) ;
#1110 = EDGE_CURVE ( 'NONE', #1986, #2371, #663, .T. ) ;
#1111 = AXIS2_PLACEMENT_3D ( 'NONE', #742, #149, #2301 ) ;
#1112 = ORIENTED_EDGE ( 'NONE', *, *, #1110, .F. ) ;
#1113 = CARTESIAN_POINT ( 'NONE',  ( -24.87955091138794828, 118.7447310640061602, 2.465590886506526136 ) ) ;
#1114 = EDGE_CURVE ( 'NONE', #682, #684, #2444, .T. ) ;
#1115 = CARTESIAN_POINT ( 'NONE',  ( 23.19061089720176128, 120.6648265598836360, -5.124963631707526446 ) ) ;
#1116 = CARTESIAN_POINT ( 'NONE',  ( 24.60831839508782082, 120.7271737378419232, 4.408853983474642746 ) ) ;
#1117 = ORIENTED_EDGE ( 'NONE', *, *, #460, .F. ) ;
#1118 = CYLINDRICAL_SURFACE ( 'NONE', #2323, 5.625000000000003553 ) ;
#1119 = VERTEX_POINT ( 'NONE', #835 ) ;
#1120 = CARTESIAN_POINT ( 'NONE',  ( -24.56162026862784842, 121.2808910236043545, -4.661401029444450117 ) ) ;
#1121 = CARTESIAN_POINT ( 'NONE',  ( -23.20781574798331803, 125.4823307343459220, 5.046357220694736689 ) ) ;
#1122 = CARTESIAN_POINT ( 'NONE',  ( 24.99594885443442394, 118.6392620335855952, -0.5422077513095814316 ) ) ;
#1123 = SPHERICAL_SURFACE ( 'NONE', #397, 5.750000000000000000 ) ;
#1124 = CARTESIAN_POINT ( 'NONE',  ( -24.53260543922162285, 124.2673966642372818, -4.811800519252050989 ) ) ;
#1125 = ORIENTED_EDGE ( 'NONE', *, *, #638, .T. ) ;
#1126 = CARTESIAN_POINT ( 'NONE',  ( -24.99391084433510457, 118.1450504989579429, 0.6345169067930245266 ) ) ;
#1127 = DIRECTION ( 'NONE',  ( 1.000000000000000000, 0.000000000000000000, 0.000000000000000000 ) ) ;
#1128 = CARTESIAN_POINT ( 'NONE',  ( 4.335157455488820969E-05, 132.4905486802060182, 1.420297096204495386E-06 ) ) ;
#1129 = FACE_OUTER_BOUND ( 'NONE', #1596, .T. ) ;
#1130 = CARTESIAN_POINT ( 'NONE',  ( 23.20635950359176647, 120.4955703666662146, 5.054715952337389240 ) ) ;
#1131 = EDGE_LOOP ( 'NONE', ( #522, #617, #1300, #760 ) ) ;
#1132 = DIRECTION ( 'NONE',  ( -1.000000000000000000, 0.000000000000000000, 0.000000000000000000 ) ) ;
#1133 = ORIENTED_EDGE ( 'NONE', *, *, #1828, .F. ) ;
#1134 = CARTESIAN_POINT ( 'NONE',  ( -24.97435491660099061, 118.7657720705652906, -1.174548153307171772 ) ) ;
#1135 = CARTESIAN_POINT ( 'NONE',  ( 24.89978600231564343, 118.6332187611610607, 2.254214427790616426 ) ) ;
#1136 = CARTESIAN_POINT ( 'NONE',  ( -24.01004903868739149, 123.0019566726619473, -4.374983706272838724 ) ) ;
#1137 = CARTESIAN_POINT ( 'NONE',  ( 4.335157465563515547E-05, 89.00356083914458338, -23.74999857970291117 ) ) ;
#1138 = ORIENTED_EDGE ( 'NONE', *, *, #1455, .T. ) ;
#1139 = CARTESIAN_POINT ( 'NONE',  ( -24.90692627211045362, 118.5950460247610749, 2.175614888964366944 ) ) ;
#1140 = PLANE ( 'NONE',  #776 ) ;
#1141 = FACE_OUTER_BOUND ( 'NONE', #2116, .T. ) ;
#1142 = CARTESIAN_POINT ( 'NONE',  ( 23.11757182093212748, 121.5314682632174907, 5.444985603603309521 ) ) ;
#1143 = CARTESIAN_POINT ( 'NONE',  ( 24.01013237681569734, 122.8055941436726357, 4.375001420297099486 ) ) ;
#1144 = EDGE_LOOP ( 'NONE', ( #1487, #23, #838, #2290 ) ) ;
#1145 = CARTESIAN_POINT ( 'NONE',  ( -24.82948526914967502, 119.7407235995046051, -2.943233154014252673 ) ) ;
#1146 = CARTESIAN_POINT ( 'NONE',  ( 24.84727612203547764, 119.6107982378380967, -2.782389908869070005 ) ) ;
#1147 = CARTESIAN_POINT ( 'NONE',  ( -43.74995664842534637, 122.9905486802060324, 1.420297096204495386E-06 ) ) ;
#1148 = CARTESIAN_POINT ( 'NONE',  ( -24.01022000070384266, 123.2917509929078648, -4.374228053093800916 ) ) ;
#1149 = EDGE_CURVE ( 'NONE', #678, #309, #2168, .T. ) ;
#1150 = ORIENTED_EDGE ( 'NONE', *, *, #1073, .T. ) ;
#1151 = DIRECTION ( 'NONE',  ( -0.000000000000000000, 1.000000000000000000, -0.000000000000000000 ) ) ;
#1152 = LINE ( 'NONE', #2480, #653 ) ;
#1153 = ADVANCED_FACE ( 'NONE', ( #2214 ), #625, .T. ) ;
#1154 = CARTESIAN_POINT ( 'NONE',  ( -14.24995664842535170, 74.74054868020596132, 1.420297096204495386E-06 ) ) ;
#1155 = VERTEX_POINT ( 'NONE', #458 ) ;
#1156 = PLANE ( 'NONE',  #1886 ) ;
#1157 = CARTESIAN_POINT ( 'NONE',  ( 24.99816507275137312, 118.6264205827753102, 0.3415314540654272313 ) ) ;
#1158 = EDGE_CURVE ( 'NONE', #309, #160, #847, .T. ) ;
#1159 = SURFACE_STYLE_FILL_AREA ( #1314 ) ;
#1160 = CARTESIAN_POINT ( 'NONE',  ( -24.55165867978438854, 124.5772539296074939, -4.714899734702393985 ) ) ;
#1161 = EDGE_LOOP ( 'NONE', ( #2099, #2204 ) ) ;
#1162 = CARTESIAN_POINT ( 'NONE',  ( -9.749956648425348149, 74.74054868020596132, 1.420297096204495386E-06 ) ) ;
#1163 = AXIS2_PLACEMENT_3D ( 'NONE', #552, #357, #2522 ) ;
#1164 = CARTESIAN_POINT ( 'NONE',  ( 24.73688551957790338, 125.4177091389023673, 3.651154890116370400 ) ) ;
#1165 = CARTESIAN_POINT ( 'NONE',  ( 24.01575604426693999, 123.5239342022020566, 4.350342693939319716 ) ) ;
#1166 = ADVANCED_FACE ( 'NONE', ( #1649 ), #2430, .F. ) ;
#1167 = DIRECTION ( 'NONE',  ( 0.000000000000000000, -1.000000000000000000, 0.000000000000000000 ) ) ;
#1168 = CARTESIAN_POINT ( 'NONE',  ( 24.85236500009605010, 118.9002224299601522, -2.725953668224559312 ) ) ;
#1169 = DIRECTION ( 'NONE',  ( 0.000000000000000000, 0.000000000000000000, -1.000000000000000000 ) ) ;
#1170 = FACE_OUTER_BOUND ( 'NONE', #386, .T. ) ;
#1171 = VERTEX_POINT ( 'NONE', #1219 ) ;
#1172 = CARTESIAN_POINT ( 'NONE',  ( -24.53340254743452675, 121.7277882060441385, -4.807536015814608099 ) ) ;
#1173 = AXIS2_PLACEMENT_3D ( 'NONE', #2289, #2332, #2117 ) ;
#1174 = CARTESIAN_POINT ( 'NONE',  ( 24.02907226988569533, 123.8925701911317532, 4.290636185879113107 ) ) ;
#1175 = EDGE_CURVE ( 'NONE', #1206, #1222, #196, .T. ) ;
#1176 = CYLINDRICAL_SURFACE ( 'NONE', #516, 23.75000000000000711 ) ;
#1177 = TOROIDAL_SURFACE ( 'NONE', #1304, 23.75000000000000711, 1.250000000000000222 ) ;
#1178 = CARTESIAN_POINT ( 'NONE',  ( 4.335157465578822448E-05, 131.2405486802060182, -24.99999857970291472 ) ) ;
#1179 = CARTESIAN_POINT ( 'NONE',  ( 24.05670542075788987, 121.6189382441683478, 4.164503514050973187 ) ) ;
#1180 = DIRECTION ( 'NONE',  ( 0.0005386989907462294124, 0.9999963352098648617, 0.002653181154252269060 ) ) ;
#1181 = CARTESIAN_POINT ( 'NONE',  ( -24.28719211205713435, 126.2801052577759151, 2.898629403513662162 ) ) ;
#1182 = CIRCLE ( 'NONE', #734, 4.500000000000000888 ) ;
#1183 = ORIENTED_EDGE ( 'NONE', *, *, #1720, .F. ) ;
#1184 = CARTESIAN_POINT ( 'NONE',  ( 4.335157465272661373E-05, 126.2405486802060040, 1.420297096204495386E-06 ) ) ;
#1185 = EDGE_CURVE ( 'NONE', #1119, #2505, #1984, .T. ) ;
#1186 = EDGE_CURVE ( 'NONE', #1755, #682, #639, .T. ) ;
#1187 = CARTESIAN_POINT ( 'NONE',  ( 24.78948766034812579, 126.6963084512200624, 3.248261139225636196 ) ) ;
#1188 = CIRCLE ( 'NONE', #325, 4.500000000000000888 ) ;
#1189 = ORIENTED_EDGE ( 'NONE', *, *, #1247, .T. ) ;
#1190 = CARTESIAN_POINT ( 'NONE',  ( 24.73010692152551471, 125.3447877085551738, -3.699055545563756819 ) ) ;
#1191 = CYLINDRICAL_SURFACE ( 'NONE', #1829, 5.750000000000003553 ) ;
#1192 = DIRECTION ( 'NONE',  ( 0.000000000000000000, 0.000000000000000000, -1.000000000000000000 ) ) ;
#1193 = DIRECTION ( 'NONE',  ( -1.000000000000000000, 0.000000000000000000, 0.000000000000000000 ) ) ;
#1194 = CARTESIAN_POINT ( 'NONE',  ( -24.78213775679168762, 125.8485140055350797, -3.325421155835725173 ) ) ;
#1195 = ORIENTED_EDGE ( 'NONE', *, *, #1474, .T. ) ;
#1196 = EDGE_LOOP ( 'NONE', ( #2395, #167, #2380, #746 ) ) ;
#1197 = CARTESIAN_POINT ( 'NONE',  ( 24.97181848448369479, 127.1993201561732860, -1.203793752910433446 ) ) ;
#1198 = CARTESIAN_POINT ( 'NONE',  ( 4.335157465272661373E-05, 127.4905486802060182, 1.420297096204495386E-06 ) ) ;
#1199 = AXIS2_PLACEMENT_3D ( 'NONE', #923, #158, #144 ) ;
#1200 = DIRECTION ( 'NONE',  ( 0.000000000000000000, 0.000000000000000000, 1.000000000000000000 ) ) ;
#1201 = AXIS2_PLACEMENT_3D ( 'NONE', #1332, #120, #1738 ) ;
#1202 = DIRECTION ( 'NONE',  ( 0.000000000000000000, -0.002653181539219450023, 0.9999964803076659692 ) ) ;
#1203 = AXIS2_PLACEMENT_3D ( 'NONE', #1095, #1079, #1868 ) ;
#1204 = CARTESIAN_POINT ( 'NONE',  ( -24.22573515911011910, 125.8920494163572386, -3.286772721823119525 ) ) ;
#1205 = AXIS2_PLACEMENT_3D ( 'NONE', #1424, #623, #431 ) ;
#1206 = VERTEX_POINT ( 'NONE', #497 ) ;
#1207 = EDGE_CURVE ( 'NONE', #2407, #100, #1689, .T. ) ;
#1208 = EDGE_LOOP ( 'NONE', ( #730, #1654, #2151, #1346, #2267 ) ) ;
#1209 = VERTEX_POINT ( 'NONE', #2058 ) ;
#1210 = ORIENTED_EDGE ( 'NONE', *, *, #1753, .F. ) ;
#1211 = CARTESIAN_POINT ( 'NONE',  ( 23.39284368094281774, 126.8399085901630059, 4.105696375102462881 ) ) ;
#1212 = CARTESIAN_POINT ( 'NONE',  ( 24.99934120711236574, 127.8622889997239014, -0.3742636865251744438 ) ) ;
#1213 = DIRECTION ( 'NONE',  ( 0.000000000000000000, 0.000000000000000000, -1.000000000000000000 ) ) ;
#1214 = CARTESIAN_POINT ( 'NONE',  ( 24.65062404499858317, 120.3218063551885280, 4.166084674736003635 ) ) ;
#1215 = CARTESIAN_POINT ( 'NONE',  ( -23.70765141612689320, 117.5464801967474813, 1.462931239486074064 ) ) ;
#1216 = DIRECTION ( 'NONE',  ( -0.000000000000000000, 1.000000000000000000, -0.000000000000000000 ) ) ;
#1217 = CARTESIAN_POINT ( 'NONE',  ( -24.93939201879591394, 127.5583015312803354, -1.745596187072301353 ) ) ;
#1218 = CARTESIAN_POINT ( 'NONE',  ( -24.78569691365505534, 119.3066453384667653, 3.274470599594285769 ) ) ;
#1219 = CARTESIAN_POINT ( 'NONE',  ( 24.04090791153072004, 121.8992157839620916, 4.236700313253244587 ) ) ;
#1220 = CARTESIAN_POINT ( 'NONE',  ( -24.95165714068243190, 127.6232827324398613, -1.581719890884451862 ) ) ;
#1221 = EDGE_LOOP ( 'NONE', ( #524, #789 ) ) ;
#1222 = VERTEX_POINT ( 'NONE', #1297 ) ;
#1223 = CARTESIAN_POINT ( 'NONE',  ( 23.07431202904297152, 122.9905486802056771, 5.625001420297576438 ) ) ;
#1224 = CARTESIAN_POINT ( 'NONE',  ( 25.00210904960287195, 127.8757430434641122, -0.04973328567556668800 ) ) ;
#1225 = CARTESIAN_POINT ( 'NONE',  ( 24.04090791153072004, 121.8992157839620916, 4.236700313253244587 ) ) ;
#1226 = CARTESIAN_POINT ( 'NONE',  ( 24.85545062873028144, 127.0986719171569348, 2.697562115066691746 ) ) ;
#1227 = CARTESIAN_POINT ( 'NONE',  ( 4.335157465364510238E-05, 131.2405486802060182, -7.499998579702904067 ) ) ;
#1228 = CARTESIAN_POINT ( 'NONE',  ( -24.87784001217266905, 127.2268875803468404, -2.483144614299532371 ) ) ;
#1229 = CARTESIAN_POINT ( 'NONE',  ( -24.96103702922168210, 118.8451765418114974, 1.428960515413718158 ) ) ;
#1230 = CARTESIAN_POINT ( 'NONE',  ( -18.74995664842534637, 122.9905486802060324, 1.420297096204495386E-06 ) ) ;
#1231 = ORIENTED_EDGE ( 'NONE', *, *, #1207, .T. ) ;
#1232 = ORIENTED_EDGE ( 'NONE', *, *, #1185, .T. ) ;
#1233 = CARTESIAN_POINT ( 'NONE',  ( 23.32733016334597309, 126.4198465639770887, -4.462536601621213350 ) ) ;
#1234 = CARTESIAN_POINT ( 'NONE',  ( 24.50206773567288820, 127.3746974672847756, -0.04373961600669196842 ) ) ;
#1235 = CARTESIAN_POINT ( 'NONE',  ( 24.48686829450412006, 118.6749404313963367, 0.7653249694480122045 ) ) ;
#1236 = APPLICATION_PROTOCOL_DEFINITION ( 'draft international standard', 'automotive_design', 1998, #1301 ) ;
#1237 = CARTESIAN_POINT ( 'NONE',  ( 24.60541166024322024, 125.2352389734464850, 4.427742699939672733 ) ) ;
#1238 = CARTESIAN_POINT ( 'NONE',  ( -24.49987313894241581, 123.3012603663407276, 4.975349926391960054 ) ) ;
#1239 = CARTESIAN_POINT ( 'NONE',  ( -24.77989612844866940, 125.8288373060926517, 3.342479288773360757 ) ) ;
#1240 = CARTESIAN_POINT ( 'NONE',  ( -24.19363267700438058, 120.3105470500418619, 3.469761836442845748 ) ) ;
#1241 = DIRECTION ( 'NONE',  ( -4.577208079500490890E-17, 1.000000000000000000, -0.000000000000000000 ) ) ;
#1242 = ORIENTED_EDGE ( 'NONE', *, *, #1186, .T. ) ;
#1243 = EDGE_LOOP ( 'NONE', ( #826, #1040, #1472, #1818 ) ) ;
#1244 = CARTESIAN_POINT ( 'NONE',  ( 23.74787676156122984, 128.6064215530478236, 0.3696914277737200494 ) ) ;
#1245 = DIRECTION ( 'NONE',  ( 0.000000000000000000, 0.000000000000000000, -1.000000000000000000 ) ) ;
#1246 = CARTESIAN_POINT ( 'NONE',  ( 24.23084931548899590, 120.0565313429180918, 3.255855917109004238 ) ) ;
#1247 = EDGE_CURVE ( 'NONE', #987, #574, #1865, .T. ) ;
#1248 = CARTESIAN_POINT ( 'NONE',  ( -24.46948710683789230, 127.2263395970330606, -1.132073956861659125 ) ) ;
#1249 = CARTESIAN_POINT ( 'NONE',  ( -24.59801425108708628, 125.1600925537527900, 4.466764598876949321 ) ) ;
#1250 = CARTESIAN_POINT ( 'NONE',  ( 24.04089840147577561, 124.0817128371565872, -4.236740934695290228 ) ) ;
#1251 = CARTESIAN_POINT ( 'NONE',  ( -24.91685136363190622, 118.5425029843715947, 2.042364262347730275 ) ) ;
#1252 = CARTESIAN_POINT ( 'NONE',  ( 9.750043351574655404, 98.51027630036401206, 1.420297096204495386E-06 ) ) ;
#1253 = CARTESIAN_POINT ( 'NONE',  ( -9.749956648425348149, 74.74054868020596132, 1.420297096204495386E-06 ) ) ;
#1254 = AXIS2_PLACEMENT_3D ( 'NONE', #1445, #1003, #840 ) ;
#1255 = EDGE_CURVE ( 'NONE', #1986, #31, #217, .T. ) ;
#1256 = EDGE_CURVE ( 'NONE', #641, #375, #956, .T. ) ;
#1257 = VERTEX_POINT ( 'NONE', #1477 ) ;
#1258 = CARTESIAN_POINT ( 'NONE',  ( 23.11787072330603010, 124.4539779697182382, 5.443717715946845281 ) ) ;
#1259 = CARTESIAN_POINT ( 'NONE',  ( -24.01004903868739149, 123.0019566726619473, -4.374983706272838724 ) ) ;
#1260 = AXIS2_PLACEMENT_3D ( 'NONE', #1787, #786, #1578 ) ;
#1261 = CARTESIAN_POINT ( 'NONE',  ( 24.88468174532535926, 127.2633135987568380, 2.416865295467980346 ) ) ;
#1262 = LINE ( 'NONE', #634, #2386 ) ;
#1263 = CARTESIAN_POINT ( 'NONE',  ( -24.59640043462501069, 125.1422150766236570, 4.475585134663275788 ) ) ;
#1264 = EDGE_LOOP ( 'NONE', ( #66, #964 ) ) ;
#1265 = CARTESIAN_POINT ( 'NONE',  ( -24.85680790284873254, 119.5368970586427935, 2.701763623005651649 ) ) ;
#1266 = PRODUCT_RELATED_PRODUCT_CATEGORY ( 'part', '', ( #1600 ) ) ;
#1267 = DIRECTION ( 'NONE',  ( 0.000000000000000000, -1.000000000000000000, 0.000000000000000000 ) ) ;
#1268 = CARTESIAN_POINT ( 'NONE',  ( 24.51561675261425322, 123.8981012230614169, -4.898312505453918497 ) ) ;
#1269 = CYLINDRICAL_SURFACE ( 'NONE', #864, 4.375000000000002665 ) ;
#1270 = ORIENTED_EDGE ( 'NONE', *, *, #1474, .F. ) ;
#1271 = EDGE_CURVE ( 'NONE', #2021, #764, #2280, .T. ) ;
#1272 = CARTESIAN_POINT ( 'NONE',  ( 4.335157465762520178E-05, 89.00356083914458338, -39.99999857970290407 ) ) ;
#1273 = AXIS2_PLACEMENT_3D ( 'NONE', #1072, #1059, #85 ) ;
#1274 = CARTESIAN_POINT ( 'NONE',  ( -24.46894088662644151, 127.2238023088497414, 1.141095819688893398 ) ) ;
#1275 = CARTESIAN_POINT ( 'NONE',  ( 24.88430767098098428, 118.7198812525322182, -2.420571638176394202 ) ) ;
#1276 = VERTEX_POINT ( 'NONE', #2506 ) ;
#1277 = CARTESIAN_POINT ( 'NONE',  ( -24.69060343788979139, 124.8773968781847401, 3.957371048078758502 ) ) ;
#1278 = CARTESIAN_POINT ( 'NONE',  ( -25.00008573549130020, 127.8661844518431963, -0.3120533943716723435 ) ) ;
#1279 = AXIS2_PLACEMENT_3D ( 'NONE', #1461, #275, #1448 ) ;
#1280 = CARTESIAN_POINT ( 'NONE',  ( -24.65796442741748606, 121.6282036801126907, -4.160004001037727051 ) ) ;
#1281 = DIRECTION ( 'NONE',  ( -1.000000000000000000, 0.000000000000000000, 0.000000000000000000 ) ) ;
#1282 = CARTESIAN_POINT ( 'NONE',  ( 24.69168892424652384, 119.9731891407799651, -3.920490332543258294 ) ) ;
#1283 = CARTESIAN_POINT ( 'NONE',  ( -24.46886499297990980, 118.7576439475712959, -1.142825604991769772 ) ) ;
#1284 = AXIS2_PLACEMENT_3D ( 'NONE', #1536, #1949, #2324 ) ;
#1285 = EDGE_CURVE ( 'NONE', #1832, #206, #1664, .T. ) ;
#1286 = DIRECTION ( 'NONE',  ( 1.000000000000000000, 0.000000000000000000, 1.224646799147353207E-16 ) ) ;
#1287 = ORIENTED_EDGE ( 'NONE', *, *, #2008, .F. ) ;
#1288 = DIRECTION ( 'NONE',  ( -4.577208079500490890E-17, 1.000000000000000000, -0.000000000000000000 ) ) ;
#1289 = CARTESIAN_POINT ( 'NONE',  ( 23.08312314900372542, 122.2558115803172001, -5.589232523122683816 ) ) ;
#1290 = DIRECTION ( 'NONE',  ( -9.132992791234630738E-17, 1.000000000000000000, -0.000000000000000000 ) ) ;
#1291 = EDGE_CURVE ( 'NONE', #2371, #1066, #1334, .T. ) ;
#1292 = CIRCLE ( 'NONE', #2032, 4.375000000000002665 ) ;
#1293 = ORIENTED_EDGE ( 'NONE', *, *, #2362, .T. ) ;
#1294 = CARTESIAN_POINT ( 'NONE',  ( 24.41791842769716681, 126.9805411436988010, 1.814132632936904077 ) ) ;
#1295 = CARTESIAN_POINT ( 'NONE',  ( -24.62826491354634584, 125.4641562206919616, -4.298944704343635514 ) ) ;
#1296 = CARTESIAN_POINT ( 'NONE',  ( -24.62164727318556956, 122.7200510626199872, -4.375697333575925718 ) ) ;
#1297 = CARTESIAN_POINT ( 'NONE',  ( 5.250043351574654515, 88.74054868020594711, 1.420297096204495386E-06 ) ) ;
#1298 = CARTESIAN_POINT ( 'NONE',  ( 24.67617427568785260, 121.3093589286140457, -4.048887477833366333 ) ) ;
#1299 = CARTESIAN_POINT ( 'NONE',  ( -24.06057005832025197, 121.5673739209074427, 4.146946325597415495 ) ) ;
#1300 = ORIENTED_EDGE ( 'NONE', *, *, #83, .F. ) ;
#1301 = APPLICATION_CONTEXT ( 'automotive_design' ) ;
#1302 = DIRECTION ( 'NONE',  ( 1.224650823052107123E-16, 0.000000000000000000, -1.000000000000000000 ) ) ;
#1303 = CARTESIAN_POINT ( 'NONE',  ( 24.36903623749805803, 119.2490272187816061, -2.282607321570629733 ) ) ;
#1304 = AXIS2_PLACEMENT_3D ( 'NONE', #571, #374, #191 ) ;
#1305 = CARTESIAN_POINT ( 'NONE',  ( 24.62166292627005859, 122.8930736463503308, 4.376118517475787506 ) ) ;
#1306 = CARTESIAN_POINT ( 'NONE',  ( 23.14333460955992550, 121.1729138371772052, -5.335851767180054495 ) ) ;
#1307 = CARTESIAN_POINT ( 'NONE',  ( 24.99530508133261719, 118.1389116802319421, -0.5847371712725670800 ) ) ;
#1308 = ORIENTED_EDGE ( 'NONE', *, *, #1579, .T. ) ;
#1309 = DIRECTION ( 'NONE',  ( 0.000000000000000000, 0.000000000000000000, 1.000000000000000000 ) ) ;
#1310 = VERTEX_POINT ( 'NONE', #1541 ) ;
#1311 = CARTESIAN_POINT ( 'NONE',  ( 4.335157465272661373E-05, 126.2405486802060040, 1.420297096204495386E-06 ) ) ;
#1312 = CARTESIAN_POINT ( 'NONE',  ( -23.37033802305654362, 126.7078338462550278, 4.237567162687485123 ) ) ;
#1313 = CARTESIAN_POINT ( 'NONE',  ( 24.50050919857357457, 118.6134438175577088, 0.04695233915913760159 ) ) ;
#1314 = FILL_AREA_STYLE ('',( #762 ) ) ;
#1315 = CIRCLE ( 'NONE', #803, 5.625000000000003553 ) ;
#1316 = CARTESIAN_POINT ( 'NONE',  ( -24.37972883731024254, 119.1916419346257214, 2.188532397429175269 ) ) ;
#1317 = AXIS2_PLACEMENT_3D ( 'NONE', #1858, #2064, #657 ) ;
#1318 = ORIENTED_EDGE ( 'NONE', *, *, #1813, .F. ) ;
#1319 = CARTESIAN_POINT ( 'NONE',  ( -25.00014560407863939, 118.1146180452719818, 0.3072444764324156474 ) ) ;
#1320 = CARTESIAN_POINT ( 'NONE',  ( 24.25469740868838997, 119.9011264021250156, -3.108773915967650847 ) ) ;
#1321 = CARTESIAN_POINT ( 'NONE',  ( 24.50246999134457937, 123.3588077323875893, 4.962978303514428369 ) ) ;
#1322 = CARTESIAN_POINT ( 'NONE',  ( 23.52273197602570676, 118.4183384083852246, 3.281695442934859486 ) ) ;
#1323 = CARTESIAN_POINT ( 'NONE',  ( 24.99904584986131084, 118.1202655586376267, 0.3890221703288730404 ) ) ;
#1324 = ORIENTED_EDGE ( 'NONE', *, *, #2226, .T. ) ;
#1325 = FACE_OUTER_BOUND ( 'NONE', #1945, .T. ) ;
#1326 = ORIENTED_EDGE ( 'NONE', *, *, #1621, .F. ) ;
#1327 = CARTESIAN_POINT ( 'NONE',  ( -24.22306485042102508, 120.1069713675512389, -3.302530780369403729 ) ) ;
#1328 = CARTESIAN_POINT ( 'NONE',  ( 24.40179114878401379, 119.0801243941301522, 1.982552860027448460 ) ) ;
#1329 = FACE_OUTER_BOUND ( 'NONE', #1097, .T. ) ;
#1330 = CARTESIAN_POINT ( 'NONE',  ( -24.59862506237966784, 125.1664704228189464, -4.463391661023597301 ) ) ;
#1331 = ORIENTED_EDGE ( 'NONE', *, *, #2478, .F. ) ;
#1332 = CARTESIAN_POINT ( 'NONE',  ( 4.335157455488820969E-05, 131.2405486802060182, 1.420297096204495386E-06 ) ) ;
#1333 = DIRECTION ( 'NONE',  ( 0.000000000000000000, 1.000000000000000000, 0.000000000000000000 ) ) ;
#1334 = CIRCLE ( 'NONE', #2394, 1.250000000000001110 ) ;
#1335 = AXIS2_PLACEMENT_3D ( 'NONE', #585, #1574, #1565 ) ;
#1336 = DIRECTION ( 'NONE',  ( 0.000000000000000000, 0.000000000000000000, -1.000000000000000000 ) ) ;
#1337 = CARTESIAN_POINT ( 'NONE',  ( -9.749956648425348149, 74.74054868020594711, 1.420297096204495386E-06 ) ) ;
#1338 = CARTESIAN_POINT ( 'NONE',  ( 23.37042506453370905, 119.2732616518388369, -4.237562193552451006 ) ) ;
#1339 = DIRECTION ( 'NONE',  ( 0.000000000000000000, 0.000000000000000000, 1.000000000000000000 ) ) ;
#1340 = ADVANCED_FACE ( 'NONE', ( #1678, #909, #721 ), #1096, .T. ) ;
#1341 = ORIENTED_EDGE ( 'NONE', *, *, #2294, .T. ) ;
#1342 = CARTESIAN_POINT ( 'NONE',  ( 43.75004335157464652, 122.9905486802060324, -4.374998579702906731 ) ) ;
#1343 = CARTESIAN_POINT ( 'NONE',  ( 24.88148521760863119, 118.7356237406110182, -2.449512893744606234 ) ) ;
#1344 = FACE_OUTER_BOUND ( 'NONE', #79, .T. ) ;
#1345 = DIRECTION ( 'NONE',  ( -0.000000000000000000, 1.000000000000000000, -0.000000000000000000 ) ) ;
#1346 = ORIENTED_EDGE ( 'NONE', *, *, #377, .F. ) ;
#1347 = CARTESIAN_POINT ( 'NONE',  ( -24.95011328972407227, 118.3657671173889270, -1.605815687769818645 ) ) ;
#1348 = EDGE_CURVE ( 'NONE', #1402, #1206, #352, .T. ) ;
#1349 = EDGE_CURVE ( 'NONE', #193, #1222, #2266, .T. ) ;
#1350 = CARTESIAN_POINT ( 'NONE',  ( 4.000043351574653627, 98.51027630036401206, 1.420297096204495386E-06 ) ) ;
#1351 = EDGE_CURVE ( 'NONE', #2327, #1986, #863, .T. ) ;
#1352 = CARTESIAN_POINT ( 'NONE',  ( 24.01013237681569734, 122.9905486802060324, 4.375001420297099486 ) ) ;
#1353 = ORIENTED_EDGE ( 'NONE', *, *, #929, .F. ) ;
#1354 =( NAMED_UNIT ( * ) PLANE_ANGLE_UNIT ( ) SI_UNIT ( $, .RADIAN. ) );
#1355 = CARTESIAN_POINT ( 'NONE',  ( 24.30928764892319904, 119.5774698750032030, -2.740801011631885942 ) ) ;
#1356 = CARTESIAN_POINT ( 'NONE',  ( -24.01004567366639719, 122.9924505482031094, -4.374998579702908508 ) ) ;
#1357 = CARTESIAN_POINT ( 'NONE',  ( -24.50704185414503300, 123.6435059286425400, -4.940349712729997123 ) ) ;
#1358 = AXIS2_PLACEMENT_3D ( 'NONE', #1641, #1627, #1848 ) ;
#1359 = ORIENTED_EDGE ( 'NONE', *, *, #876, .F. ) ;
#1360 = FACE_OUTER_BOUND ( 'NONE', #2240, .T. ) ;
#1361 = ADVANCED_FACE ( 'NONE', ( #2077, #1722 ), #308, .F. ) ;
#1362 = CARTESIAN_POINT ( 'NONE',  ( 24.98779964856442959, 127.2947928865396960, 0.8360487508451994731 ) ) ;
#1363 = FACE_OUTER_BOUND ( 'NONE', #346, .T. ) ;
#1364 = DIRECTION ( 'NONE',  ( 1.000000000000000000, 0.000000000000000000, 0.000000000000000000 ) ) ;
#1365 = CARTESIAN_POINT ( 'NONE',  ( 24.43352404139329437, 118.9243591202394867, -1.639600647358866015 ) ) ;
#1366 = CARTESIAN_POINT ( 'NONE',  ( 20.00004335157465363, 122.9905486802060324, 4.375001420297099486 ) ) ;
#1367 = CARTESIAN_POINT ( 'NONE',  ( -24.62664948286357003, 123.5590896424088072, -4.346902565523547146 ) ) ;
#1368 = EDGE_LOOP ( 'NONE', ( #463, #2056, #416, #360 ) ) ;
#1369 = DIRECTION ( 'NONE',  ( 0.000000000000000000, 0.000000000000000000, 1.000000000000000000 ) ) ;
#1370 = EDGE_CURVE ( 'NONE', #1398, #2422, #884, .T. ) ;
#1371 = CARTESIAN_POINT ( 'NONE',  ( 24.60212068229903082, 125.2003754968982463, 4.445881880748525639 ) ) ;
#1372 = CARTESIAN_POINT ( 'NONE',  ( 4.335157465272661373E-05, 132.4905486802060182, 1.420297096204495386E-06 ) ) ;
#1373 = DIRECTION ( 'NONE',  ( 0.000000000000000000, 0.000000000000000000, 1.000000000000000000 ) ) ;
#1374 = EDGE_CURVE ( 'NONE', #54, #851, #417, .T. ) ;
#1375 = CARTESIAN_POINT ( 'NONE',  ( -23.73275883965102651, 117.4384971326495446, -0.9218013686741445278 ) ) ;
#1376 = CARTESIAN_POINT ( 'NONE',  ( 9.750043351574658956, 74.74054868020596132, 1.420297096204495386E-06 ) ) ;
#1377 = EDGE_CURVE ( 'NONE', #2171, #987, #1867, .T. ) ;
#1378 = ORIENTED_EDGE ( 'NONE', *, *, #260, .T. ) ;
#1379 = CARTESIAN_POINT ( 'NONE',  ( -24.56276011069633469, 121.2651716283189103, -4.655404412327785124 ) ) ;
#1380 = AXIS2_PLACEMENT_3D ( 'NONE', #980, #212, #1032 ) ;
#1381 = CARTESIAN_POINT ( 'NONE',  ( 24.62567286054917304, 123.4523587455748981, 4.352829652878194899 ) ) ;
#1382 = CARTESIAN_POINT ( 'NONE',  ( 24.87597723346809531, 126.5806705617969499, -2.517994369407428490 ) ) ;
#1383 = DIRECTION ( 'NONE',  ( 1.000000000000000000, 0.000000000000000000, 0.000000000000000000 ) ) ;
#1384 = CIRCLE ( 'NONE', #1511, 0.5000000000000002220 ) ;
#1385 =( LENGTH_UNIT ( ) NAMED_UNIT ( * ) SI_UNIT ( .MILLI., .METRE. ) );
#1386 = CARTESIAN_POINT ( 'NONE',  ( 13.64715766860462942, 72.49054868020596132, 1.420297096204495386E-06 ) ) ;
#1387 = CARTESIAN_POINT ( 'NONE',  ( -24.91483645449869755, 127.4277531390386997, 2.066789668252273504 ) ) ;
#1388 = ORIENTED_EDGE ( 'NONE', *, *, #1608, .F. ) ;
#1389 = EDGE_CURVE ( 'NONE', #138, #2463, #757, .T. ) ;
#1390 = CARTESIAN_POINT ( 'NONE',  ( 18.75004335157465363, 122.9905486802060324, 5.625001420297099486 ) ) ;
#1391 = CARTESIAN_POINT ( 'NONE',  ( 24.93231112414445505, 127.5222324690328293, 1.862595926626605669 ) ) ;
#1392 = ORIENTED_EDGE ( 'NONE', *, *, #1070, .F. ) ;
#1393 = CARTESIAN_POINT ( 'NONE',  ( 25.00169113993728587, 127.3750996988923703, -0.04448924676199966094 ) ) ;
#1394 = CYLINDRICAL_SURFACE ( 'NONE', #1668, 40.00000000000000000 ) ;
#1395 = CARTESIAN_POINT ( 'NONE',  ( -9.749956648425348149, 72.49054868020596132, 1.420297096204495386E-06 ) ) ;
#1396 = CARTESIAN_POINT ( 'NONE',  ( -23.32724338683069121, 119.5612513999083006, 4.462539763614379318 ) ) ;
#1397 = CARTESIAN_POINT ( 'NONE',  ( -24.93243069039816007, 126.9563984988133143, 1.853550827388997568 ) ) ;
#1398 = VERTEX_POINT ( 'NONE', #4 ) ;
#1399 = TOROIDAL_SURFACE ( 'NONE', #546, 6.750000000000000888, 0.5000000000000000000 ) ;
#1400 = B_SPLINE_CURVE_WITH_KNOTS ( 'NONE', 3,
 ( #1640, #1484, #2052, #1681, #93, #283, #2269, #1056, #465, #1085, #1067, #273, #867, #258, #883, #1847, #1458, #1669, #679, #1375, #1777, #1591, #609, #589, #1020, #798, #1215, #2001, #392, #214, #403, #1602, #2363, #1979, #1396, #2193, #1008, #2375, #2158, #787, #984, #997, #29 ),
 .UNSPECIFIED., .F., .F.,
 ( 4, 2, 2, 2, 2, 2, 2, 2, 2, 2, 2, 1, 2, 2, 2, 2, 2, 2, 2, 2, 2, 4 ),
 ( 0.01837800389249314922, 0.01892933580727070367, 0.01948066772204825811, 0.02058333155160332884, 0.02168599538115839609, 0.02223732729593591584, 0.02278865921071343212, 0.02389132304026849243, 0.02499398686982354928, 0.02609665069937860959, 0.02664798261415614322, 0.02719931452893366991, 0.02775064644371120007, 0.02830197835848873023, 0.02940464218804379748, 0.03050730601759886473, 0.03160996984715393199, 0.03216130176193146561, 0.03271263367670899924, 0.03381529750626406650, 0.03491796133581914069, 0.03602062516537420794 ),
 .UNSPECIFIED. ) ;
#1401 = VERTEX_POINT ( 'NONE', #2357 ) ;
#1402 = VERTEX_POINT ( 'NONE', #2152 ) ;
#1403 = CARTESIAN_POINT ( 'NONE',  ( 23.37071910809446962, 126.7035339068639246, -4.229427652204701182 ) ) ;
#1404 = CARTESIAN_POINT ( 'NONE',  ( 24.48004180705756383, 127.2745564758069605, -0.8991878365340570944 ) ) ;
#1405 = DIRECTION ( 'NONE',  ( 0.000000000000000000, 0.000000000000000000, -1.000000000000000000 ) ) ;
#1406 = CIRCLE ( 'NONE', #1861, 39.25000000000000000 ) ;
#1407 = CARTESIAN_POINT ( 'NONE',  ( 24.15761243081363929, 120.5955235165467059, 3.664018231503255230 ) ) ;
#1408 = AXIS2_PLACEMENT_3D ( 'NONE', #739, #2461, #1913 ) ;
#1409 = DIRECTION ( 'NONE',  ( 0.000000000000000000, 0.000000000000000000, 1.000000000000000000 ) ) ;
#1410 = FACE_OUTER_BOUND ( 'NONE', #1131, .T. ) ;
#1411 = AXIS2_PLACEMENT_3D ( 'NONE', #1184, #1972, #790 ) ;
#1412 = CARTESIAN_POINT ( 'NONE',  ( -24.46827489516201481, 127.2205358835865070, -1.126228141360391843 ) ) ;
#1413 = CARTESIAN_POINT ( 'NONE',  ( -24.81800801539007040, 119.1059404838483431, 3.022880696820684943 ) ) ;
#1414 = CARTESIAN_POINT ( 'NONE',  ( -24.01004799623099473, 122.9808756254525690, 4.374991154544628280 ) ) ;
#1415 = ORIENTED_EDGE ( 'NONE', *, *, #2201, .T. ) ;
#1416 = VECTOR ( 'NONE', #139, 1000.000000000000000 ) ;
#1417 = ADVANCED_FACE ( 'NONE', ( #1360 ), #95, .T. ) ;
#1418 = ORIENTED_EDGE ( 'NONE', *, *, #707, .F. ) ;
#1419 = EDGE_LOOP ( 'NONE', ( #1415, #2367 ) ) ;
#1420 = CARTESIAN_POINT ( 'NONE',  ( 23.39303345136620038, 126.8410715995426443, -4.104625164193465459 ) ) ;
#1421 = CARTESIAN_POINT ( 'NONE',  ( 24.99946357072608905, 127.3623948282063196, -0.3372628399435523283 ) ) ;
#1422 = DIRECTION ( 'NONE',  ( 1.224646799147353207E-16, 1.118469038842134209E-32, -1.000000000000000000 ) ) ;
#1423 = CARTESIAN_POINT ( 'NONE',  ( 24.84358442563005198, 127.0280548728995029, -2.806766707787356374 ) ) ;
#1424 = CARTESIAN_POINT ( 'NONE',  ( 4.335157465272661373E-05, 131.2405486802060182, 1.420297096204495386E-06 ) ) ;
#1425 = CARTESIAN_POINT ( 'NONE',  ( -24.85481376668237630, 126.4296362975848069, 2.720284937171842721 ) ) ;
#1426 = CARTESIAN_POINT ( 'NONE',  ( -24.78192221547238461, 120.1343065215384769, 3.327220796535458103 ) ) ;
#1427 = CARTESIAN_POINT ( 'NONE',  ( 24.04089840147577561, 124.0817128371565872, -4.236740934695290228 ) ) ;
#1428 = CIRCLE ( 'NONE', #1764, 5.625000000000003553 ) ;
#1429 = VERTEX_POINT ( 'NONE', #396 ) ;
#1430 = ADVANCED_FACE ( 'NONE', ( #2535 ), #218, .T. ) ;
#1431 = ORIENTED_EDGE ( 'NONE', *, *, #2068, .F. ) ;
#1432 = CARTESIAN_POINT ( 'NONE',  ( 23.45934180417883397, 127.2311232476347982, -3.713971780986152993 ) ) ;
#1433 = CARTESIAN_POINT ( 'NONE',  ( 24.80231185378962167, 126.0203295995322321, -3.169738630042074234 ) ) ;
#1434 = DIRECTION ( 'NONE',  ( 0.000000000000000000, 0.000000000000000000, 1.000000000000000000 ) ) ;
#1435 = CIRCLE ( 'NONE', #1849, 5.625000000000003553 ) ;
#1436 = CARTESIAN_POINT ( 'NONE',  ( -24.01004567366639009, 122.9905486802060466, 4.375001420297099486 ) ) ;
#1437 = DIRECTION ( 'NONE',  ( 0.000000000000000000, 0.000000000000000000, -1.000000000000000000 ) ) ;
#1438 = CARTESIAN_POINT ( 'NONE',  ( -24.37732279357085829, 126.7744045613877262, 2.200814200556617362 ) ) ;
#1439 = CARTESIAN_POINT ( 'NONE',  ( -24.97545229375025144, 118.7592330551981519, 1.150259012141343629 ) ) ;
#1440 = DIRECTION ( 'NONE',  ( 0.000000000000000000, 0.000000000000000000, -1.000000000000000000 ) ) ;
#1441 = CARTESIAN_POINT ( 'NONE',  ( 24.63270979613227496, 123.7814161482122444, -4.312081574311273258 ) ) ;
#1442 = EDGE_CURVE ( 'NONE', #641, #1276, #666, .T. ) ;
#1443 = ORIENTED_EDGE ( 'NONE', *, *, #197, .T. ) ;
#1444 = ORIENTED_EDGE ( 'NONE', *, *, #809, .T. ) ;
#1445 = CARTESIAN_POINT ( 'NONE',  ( 9.750043351574658956, 72.49054868020596132, 1.420297096204495386E-06 ) ) ;
#1446 = SPHERICAL_SURFACE ( 'NONE', #2173, 5.750000000000000000 ) ;
#1447 = DIRECTION ( 'NONE',  ( 0.000000000000000000, 0.000000000000000000, 1.000000000000000000 ) ) ;
#1448 = DIRECTION ( 'NONE',  ( -1.000000000000000000, 0.000000000000000000, 0.000000000000000000 ) ) ;
#1449 = CARTESIAN_POINT ( 'NONE',  ( -24.68715833602434628, 125.9751615782864747, 3.946626911133808147 ) ) ;
#1450 = CARTESIAN_POINT ( 'NONE',  ( -24.62621223298470596, 123.5398535418731853, 4.349446658703353563 ) ) ;
#1451 = CARTESIAN_POINT ( 'NONE',  ( -24.68738116798952120, 120.0042611493095706, 3.945210057050285712 ) ) ;
#1452 = DIRECTION ( 'NONE',  ( -4.577208079500490890E-17, 1.000000000000000000, -0.000000000000000000 ) ) ;
#1453 = EDGE_CURVE ( 'NONE', #2505, #206, #2123, .T. ) ;
#1454 = FACE_OUTER_BOUND ( 'NONE', #2176, .T. ) ;
#1455 = EDGE_CURVE ( 'NONE', #2499, #2407, #418, .T. ) ;
#1456 = ORIENTED_EDGE ( 'NONE', *, *, #2201, .F. ) ;
#1457 = CARTESIAN_POINT ( 'NONE',  ( 23.30580103653533541, 126.2706616401634818, 4.573284083101698982 ) ) ;
#1458 = CARTESIAN_POINT ( 'NONE',  ( -23.62096919794125682, 117.9359309926499435, -2.495165133380167877 ) ) ;
#1459 = DIRECTION ( 'NONE',  ( 0.000000000000000000, 0.000000000000000000, -1.000000000000000000 ) ) ;
#1460 =( NAMED_UNIT ( * ) SI_UNIT ( $, .STERADIAN. ) SOLID_ANGLE_UNIT ( ) );
#1461 = CARTESIAN_POINT ( 'NONE',  ( 9.750043351574657180, 74.74054868020596132, 1.420297096204495386E-06 ) ) ;
#1462 = FACE_OUTER_BOUND ( 'NONE', #2184, .T. ) ;
#1463 = CARTESIAN_POINT ( 'NONE',  ( -24.49987566999625699, 123.2966559135271609, 4.975337460535382839 ) ) ;
#1464 = CARTESIAN_POINT ( 'NONE',  ( -24.53322120161704234, 124.2793751498318358, -4.808677019942390274 ) ) ;
#1465 = CARTESIAN_POINT ( 'NONE',  ( -24.50713361791501654, 122.3338041848608668, 4.939904753972342633 ) ) ;
#1466 = DIRECTION ( 'NONE',  ( 1.000000000000000000, -0.000000000000000000, -0.000000000000000000 ) ) ;
#1467 = DIRECTION ( 'NONE',  ( -9.132992791234630738E-17, 1.000000000000000000, -0.000000000000000000 ) ) ;
#1468 = VERTEX_POINT ( 'NONE', #1583 ) ;
#1469 = LINE ( 'NONE', #2424, #1643 ) ;
#1470 = CARTESIAN_POINT ( 'NONE',  ( -24.28814036717113822, 126.2857003333926258, 2.892235678813861011 ) ) ;
#1471 = CARTESIAN_POINT ( 'NONE',  ( 24.85554166293170297, 118.8818420869007042, -2.696873172319586232 ) ) ;
#1472 = ORIENTED_EDGE ( 'NONE', *, *, #1389, .T. ) ;
#1473 = CARTESIAN_POINT ( 'NONE',  ( -24.50642012027733330, 123.6214705385498718, 4.943420937469542586 ) ) ;
#1474 = EDGE_CURVE ( 'NONE', #2078, #628, #1545, .T. ) ;
#1475 = CARTESIAN_POINT ( 'NONE',  ( 18.75004335157465363, 122.9905486802060324, 1.420297096204495386E-06 ) ) ;
#1476 = CARTESIAN_POINT ( 'NONE',  ( -24.50635062071282988, 122.3629167210651048, -4.943754632137873806 ) ) ;
#1477 = CARTESIAN_POINT ( 'NONE',  ( -4.087580821972286671, 73.74054868020594711, 1.420297096204495386E-06 ) ) ;
#1478 = CARTESIAN_POINT ( 'NONE',  ( 24.64659573037605966, 121.8384066146189895, -4.230026954092691582 ) ) ;
#1479 = CARTESIAN_POINT ( 'NONE',  ( -24.22518446816253146, 120.0925973002678546, 3.290177150615186896 ) ) ;
#1480 = DIRECTION ( 'NONE',  ( -0.000000000000000000, 1.000000000000000000, -0.000000000000000000 ) ) ;
#1481 = EDGE_CURVE ( 'NONE', #601, #684, #1751, .T. ) ;
#1482 = ORIENTED_EDGE ( 'NONE', *, *, #707, .T. ) ;
#1483 = DIRECTION ( 'NONE',  ( 0.000000000000000000, 0.000000000000000000, 1.000000000000000000 ) ) ;
#1484 = CARTESIAN_POINT ( 'NONE',  ( -23.07422532589376729, 122.8058755424261506, -5.624998579702920054 ) ) ;
#1485 = CARTESIAN_POINT ( 'NONE',  ( 23.62063393489971830, 117.9378630157181647, -2.499630913411307276 ) ) ;
#1486 = CARTESIAN_POINT ( 'NONE',  ( 24.79342241383886503, 119.2596705975079487, -3.218271959801771498 ) ) ;
#1487 = ORIENTED_EDGE ( 'NONE', *, *, #719, .T. ) ;
#1488 = CARTESIAN_POINT ( 'NONE',  ( 24.47251339890984312, 127.2403530885397913, 1.071705305823722254 ) ) ;
#1489 = ORIENTED_EDGE ( 'NONE', *, *, #1830, .T. ) ;
#1490 = CIRCLE ( 'NONE', #1279, 5.750000000000000888 ) ;
#1491 = CARTESIAN_POINT ( 'NONE',  ( -24.64490932096990505, 121.8980017945835073, -4.238832938342339318 ) ) ;
#1492 = CARTESIAN_POINT ( 'NONE',  ( -23.37036055537801715, 126.7079067483877708, -4.237368506157912940 ) ) ;
#1493 = CYLINDRICAL_SURFACE ( 'NONE', #1203, 5.750000000000003553 ) ;
#1494 = EDGE_LOOP ( 'NONE', ( #2033, #1293, #1831, #1210 ) ) ;
#1495 = CARTESIAN_POINT ( 'NONE',  ( -24.58830431134911976, 120.9453997308323920, 4.518560712800316459 ) ) ;
#1496 = AXIS2_PLACEMENT_3D ( 'NONE', #135, #163, #1885 ) ;
#1497 = DIRECTION ( 'NONE',  ( 0.000000000000000000, -1.000000000000000000, 0.000000000000000000 ) ) ;
#1498 = CARTESIAN_POINT ( 'NONE',  ( 23.70782768567280030, 117.5460978452940424, -1.460615909321770767 ) ) ;
#1499 = CARTESIAN_POINT ( 'NONE',  ( 24.93418678718687786, 118.4490625291014538, -1.836918768987833017 ) ) ;
#1500 = ORIENTED_EDGE ( 'NONE', *, *, #1813, .T. ) ;
#1501 = CARTESIAN_POINT ( 'NONE',  ( -5.249956648425346373, 74.74054868020596132, 1.420297096755586456E-06 ) ) ;
#1502 = CARTESIAN_POINT ( 'NONE',  ( -24.99982341949427322, 127.8648925093315825, 0.3324078073033270853 ) ) ;
#1503 = CARTESIAN_POINT ( 'NONE',  ( -24.03453196913789469, 122.0071494100267273, -4.265431834654962451 ) ) ;
#1504 = DIRECTION ( 'NONE',  ( 0.000000000000000000, 0.000000000000000000, 1.000000000000000000 ) ) ;
#1505 = CARTESIAN_POINT ( 'NONE',  ( 24.42647780950172987, 118.9593449405749368, 1.724240470474176945 ) ) ;
#1506 = CARTESIAN_POINT ( 'NONE',  ( 24.49799904681472285, 123.0564375098856971, 4.985027562794682510 ) ) ;
#1507 = FACE_OUTER_BOUND ( 'NONE', #1508, .T. ) ;
#1508 = EDGE_LOOP ( 'NONE', ( #1075, #1845, #1540, #2483 ) ) ;
#1509 = CARTESIAN_POINT ( 'NONE',  ( -24.68973402319483768, 119.9856340762185738, 3.930545527724186083 ) ) ;
#1510 = FACE_OUTER_BOUND ( 'NONE', #1368, .T. ) ;
#1511 = AXIS2_PLACEMENT_3D ( 'NONE', #412, #1180, #1202 ) ;
#1512 = CARTESIAN_POINT ( 'NONE',  ( 24.00964482755170692, 123.0333575909809269, 4.377160323808666043 ) ) ;
#1513 = CIRCLE ( 'NONE', #1052, 5.750000000000000888 ) ;
#1514 = CARTESIAN_POINT ( 'NONE',  ( 23.11791394071978800, 121.5252138215691957, -5.443542318141362912 ) ) ;
#1515 = CARTESIAN_POINT ( 'NONE',  ( 24.69527299434961876, 119.9452526654702353, -3.897961665984404522 ) ) ;
#1516 = ORIENTED_EDGE ( 'NONE', *, *, #797, .F. ) ;
#1517 = DIRECTION ( 'NONE',  ( 0.000000000000000000, 0.000000000000000000, -1.000000000000000000 ) ) ;
#1518 = ORIENTED_EDGE ( 'NONE', *, *, #483, .T. ) ;
#1519 = CARTESIAN_POINT ( 'NONE',  ( -24.00987807016295861, 122.7121496770584343, -4.375739392503502856 ) ) ;
#1520 = CARTESIAN_POINT ( 'NONE',  ( -23.19052423252700379, 125.3162712417315277, 5.124966302775213478 ) ) ;
#1521 = CARTESIAN_POINT ( 'NONE',  ( 24.31472160142682881, 119.5423398564565503, 2.707735217489812829 ) ) ;
#1522 = CARTESIAN_POINT ( 'NONE',  ( -24.01690015029465286, 123.5765359544149078, -4.344974063268087328 ) ) ;
#1523 = VECTOR ( 'NONE', #2024, 1000.000000000000000 ) ;
#1524 = ORIENTED_EDGE ( 'NONE', *, *, #1455, .F. ) ;
#1525 = CARTESIAN_POINT ( 'NONE',  ( 14.25004335157465540, 98.51027630036401206, 1.420297096755586456E-06 ) ) ;
#1526 = DIRECTION ( 'NONE',  ( 0.000000000000000000, 0.000000000000000000, -1.000000000000000000 ) ) ;
#1527 = EDGE_CURVE ( 'NONE', #1875, #1905, #1665, .T. ) ;
#1528 = FACE_OUTER_BOUND ( 'NONE', #1673, .T. ) ;
#1529 = CARTESIAN_POINT ( 'NONE',  ( 4.335157465272661373E-05, 131.9905486802060182, 6.250001420297096821 ) ) ;
#1530 = CARTESIAN_POINT ( 'NONE',  ( 23.07431202904307810, 122.6225051888130508, -5.624998579702906731 ) ) ;
#1531 = CIRCLE ( 'NONE', #949, 0.5000000000000000000 ) ;
#1532 = CARTESIAN_POINT ( 'NONE',  ( 9.750043351574657180, 74.74054868020596132, 1.420297096204495386E-06 ) ) ;
#1533 = ORIENTED_EDGE ( 'NONE', *, *, #11, .T. ) ;
#1534 = CARTESIAN_POINT ( 'NONE',  ( -24.69067088715954128, 121.1027237496205231, -3.956942769561746065 ) ) ;
#1535 = CARTESIAN_POINT ( 'NONE',  ( 24.38385638088601581, 119.1720262989974515, -2.154315014689109464 ) ) ;
#1536 = CARTESIAN_POINT ( 'NONE',  ( 4.335157465272661373E-05, 93.74054868020594711, 1.420297096204495386E-06 ) ) ;
#1537 = B_SPLINE_CURVE_WITH_KNOTS ( 'NONE', 3,
 ( #1136, #544, #1552, #1356, #2149 ),
 .UNSPECIFIED., .F., .F.,
 ( 4, 1, 4 ),
 ( 0.02742223754203050937, 0.02742785939774042281, 0.02743348125345033625 ),
 .UNSPECIFIED. ) ;
#1538 = ADVANCED_FACE ( 'NONE', ( #1454 ), #1269, .F. ) ;
#1539 = EDGE_CURVE ( 'NONE', #450, #1755, #2198, .T. ) ;
#1540 = ORIENTED_EDGE ( 'NONE', *, *, #2433, .T. ) ;
#1541 = CARTESIAN_POINT ( 'NONE',  ( 4.335157465272661373E-05, 127.4905486802060182, 6.250001420297096821 ) ) ;
#1542 = ADVANCED_FACE ( 'NONE', ( #336 ), #1493, .T. ) ;
#1543 = AXIS2_PLACEMENT_3D ( 'NONE', #972, #192, #750 ) ;
#1544 = AXIS2_PLACEMENT_3D ( 'NONE', #186, #965, #1555 ) ;
#1545 = CIRCLE ( 'NONE', #2439, 4.500000000000002665 ) ;
#1546 = CARTESIAN_POINT ( 'NONE',  ( 24.62552587258326398, 122.4774397648136954, 4.353670612307191767 ) ) ;
#1547 = TOROIDAL_SURFACE ( 'NONE', #1205, 23.75000000000000711, 1.250000000000000222 ) ;
#1548 = LINE ( 'NONE', #1955, #1416 ) ;
#1549 = ORIENTED_EDGE ( 'NONE', *, *, #1207, .F. ) ;
#1550 = CARTESIAN_POINT ( 'NONE',  ( 4.335157465272661373E-05, 88.74054868020594711, -18.74999857970291472 ) ) ;
#1551 = CARTESIAN_POINT ( 'NONE',  ( 24.87613375428562179, 119.3993847840637983, 2.516181883794731622 ) ) ;
#1552 = CARTESIAN_POINT ( 'NONE',  ( -24.01004623476238820, 122.9962534579854321, -4.374996099657899151 ) ) ;
#1553 = DIRECTION ( 'NONE',  ( -4.577208079500490890E-17, 1.000000000000000000, -0.000000000000000000 ) ) ;
#1554 = ORIENTED_EDGE ( 'NONE', *, *, #2449, .T. ) ;
#1555 = DIRECTION ( 'NONE',  ( 0.000000000000000000, 0.000000000000000000, 1.000000000000000000 ) ) ;
#1556 = CARTESIAN_POINT ( 'NONE',  ( 24.48507560103666236, 127.2981036122897081, 0.8168725375221148610 ) ) ;
#1557 = DIRECTION ( 'NONE',  ( 0.000000000000000000, 0.000000000000000000, 1.000000000000000000 ) ) ;
#1558 = CARTESIAN_POINT ( 'NONE',  ( 4.335157465272661373E-05, 89.00356083914458338, 1.420297096204495386E-06 ) ) ;
#1559 = CARTESIAN_POINT ( 'NONE',  ( 24.99492013395500223, 118.1408129109981360, -0.6026280692000814954 ) ) ;
#1560 = PRESENTATION_STYLE_ASSIGNMENT (( #971 ) ) ;
#1561 = ADVANCED_FACE ( 'NONE', ( #499 ), #2090, .F. ) ;
#1562 = FACE_OUTER_BOUND ( 'NONE', #1028, .T. ) ;
#1563 = AXIS2_PLACEMENT_3D ( 'NONE', #2139, #410, #1200 ) ;
#1564 = ORIENTED_EDGE ( 'NONE', *, *, #1271, .T. ) ;
#1565 = DIRECTION ( 'NONE',  ( 0.000000000000000000, 0.000000000000000000, 1.000000000000000000 ) ) ;
#1566 = CARTESIAN_POINT ( 'NONE',  ( 24.69104770016801709, 126.0030759360893882, 3.924656300507489703 ) ) ;
#1567 = ADVANCED_FACE ( 'NONE', ( #1703 ), #758, .T. ) ;
#1568 = CARTESIAN_POINT ( 'NONE',  ( -3.999956648425348149, 74.74054868020596132, 1.420297096204495386E-06 ) ) ;
#1569 = ADVANCED_FACE ( 'NONE', ( #1507 ), #2432, .F. ) ;
#1570 = CARTESIAN_POINT ( 'NONE',  ( -24.50005092420294517, 123.0032604432283279, -4.974471464141021038 ) ) ;
#1571 = PLANE ( 'NONE',  #528 ) ;
#1572 = DIRECTION ( 'NONE',  ( -0.000000000000000000, 1.000000000000000000, -0.000000000000000000 ) ) ;
#1573 = EDGE_LOOP ( 'NONE', ( #1041, #1564 ) ) ;
#1574 = DIRECTION ( 'NONE',  ( -0.000000000000000000, 1.000000000000000000, -0.000000000000000000 ) ) ;
#1575 = CARTESIAN_POINT ( 'NONE',  ( 24.69471441781871590, 124.9289369250944617, 3.932709373142756704 ) ) ;
#1576 = CARTESIAN_POINT ( 'NONE',  ( 24.15738261350999139, 125.3913190559377568, -3.668576123652950383 ) ) ;
#1577 = FACE_OUTER_BOUND ( 'NONE', #1594, .T. ) ;
#1578 = DIRECTION ( 'NONE',  ( 1.000000000000000000, 0.000000000000000000, 0.000000000000000000 ) ) ;
#1579 = EDGE_CURVE ( 'NONE', #640, #2202, #295, .T. ) ;
#1580 = CARTESIAN_POINT ( 'NONE',  ( 4.335157465272661373E-05, 72.49054868020596132, 1.420297096204495386E-06 ) ) ;
#1581 = CARTESIAN_POINT ( 'NONE',  ( -24.38028234415064333, 126.7923912836878770, -2.183893682377340273 ) ) ;
#1582 = EDGE_LOOP ( 'NONE', ( #2217, #55, #1518, #125 ) ) ;
#1583 = CARTESIAN_POINT ( 'NONE',  ( 24.01013237681569734, 122.9905486802060324, 4.375001420297099486 ) ) ;
#1584 = AXIS2_PLACEMENT_3D ( 'NONE', #1532, #579, #2137 ) ;
#1585 = CARTESIAN_POINT ( 'NONE',  ( 24.89408896852444641, 127.3141044417522068, 2.303976564641360358 ) ) ;
#1586 = ORIENTED_EDGE ( 'NONE', *, *, #1621, .T. ) ;
#1587 = AXIS2_PLACEMENT_3D ( 'NONE', #328, #1290, #2303 ) ;
#1588 = CARTESIAN_POINT ( 'NONE',  ( 4.335157465272661373E-05, 127.4905486802060182, 6.250001420297096821 ) ) ;
#1589 = DIRECTION ( 'NONE',  ( -0.000000000000000000, 1.000000000000000000, -0.000000000000000000 ) ) ;
#1590 = CARTESIAN_POINT ( 'NONE',  ( 24.56925433905394485, 121.1633913458102256, 4.623227837535537788 ) ) ;
#1591 = CARTESIAN_POINT ( 'NONE',  ( -23.74779001310723103, 117.3746760001477440, -0.3696898547237413846 ) ) ;
#1592 = CARTESIAN_POINT ( 'NONE',  ( -24.90106143759276947, 126.7513230294892281, 2.240655426836716924 ) ) ;
#1593 =( BOUNDED_SURFACE ( )  B_SPLINE_SURFACE ( 3, 2, ( 
 ( #514, #875, #1650 ),
 ( #1866, #1441, #1268 ),
 ( #2228, #1894, #1663 ),
 ( #2431, #2059, #860 ),
 ( #1078, #2031, #459 ),
 ( #318, #130, #1841 ),
 ( #1676, #1478, #280 ),
 ( #664, #1298, #2238 ),
 ( #472, #1094, #1063 ),
 ( #2445, #103, #892 ),
 ( #2264, #498, #1282 ),
 ( #305, #1690, #702 ),
 ( #581, #1757, #769 ),
 ( #1947, #2346, #169 ),
 ( #1355, #1146, #906 ),
 ( #1936, #1702, #1168 ),
 ( #1535, #143, #1343 ),
 ( #1365, #2514, #527 ),
 ( #2148, #382, #1957 ),
 ( #2335, #946, #2105 ),
 ( #2140, #1122, #1559 ),
 ( #2322, #2488, #748 ),
 ( #1313, #373, #716 ),
 ( #2540, #1157, #1744 ),
 ( #2527, #2120, #2502 ),
 ( #1908, #334, #181 ),
 ( #570, #960, #761 ),
 ( #1505, #2293, #921 ),
 ( #1328, #1717, #1135 ),
 ( #543, #1551, #733 ),
 ( #1521, #2308, #348 ),
 ( #1924, #155, #935 ),
 ( #1733, #559, #2132 ),
 ( #362, #1601, #1007 ),
 ( #1407, #2209, #1214 ),
 ( #2180, #970, #597 ),
 ( #1809, #1766, #9 ),
 ( #779, #2157, #1590 ),
 ( #1179, #982, #1776 ),
 ( #20, #402, #1943 ) ),
 .UNSPECIFIED., .F., .F., .F. ) 
 B_SPLINE_SURFACE_WITH_KNOTS ( ( 4, 2, 2, 2, 2, 2, 2, 2, 2, 2, 2, 2, 2, 2, 2, 2, 2, 2, 2, 4 ),
 ( 3, 3 ),
 ( 0.01527326798616790611, 0.01622784723530340534, 0.01718242648443890283, 0.01813700573357440032, 0.01909158498270989782, 0.02004616423184539531, 0.02052345385641314579, 0.02100074348098089280, 0.02195532273011639030, 0.02290990197925188779, 0.02386448122838738528, 0.02434177085295513576, 0.02481906047752288277, 0.02577363972665838027, 0.02672821897579387776, 0.02768279822492937525, 0.02863737747406487275, 0.02911466709863261976, 0.02959195672320037024, 0.03054653597233586773 ),
 ( 0.000000000000000000, 1.000000000000000000 ),
 .UNSPECIFIED. ) 
 GEOMETRIC_REPRESENTATION_ITEM ( )  RATIONAL_B_SPLINE_SURFACE ( (
 ( 1.000000000000000000, 0.6377295268123549521, 1.000000000000000000),
 ( 1.000000000000000000, 0.6352549668634660529, 1.000000000000000000),
 ( 1.000000000000000000, 0.6336537870175323883, 1.000000000000000000),
 ( 1.000000000000000000, 0.6325310087767591627, 1.000000000000000000),
 ( 1.000000000000000000, 0.6329855482633065522, 1.000000000000000000),
 ( 1.000000000000000000, 0.6358606421934155373, 1.000000000000000000),
 ( 1.000000000000000000, 0.6383082078010055005, 1.000000000000000000),
 ( 1.000000000000000000, 0.6446486805702965617, 1.000000000000000000),
 ( 1.000000000000000000, 0.6485520651227019151, 1.000000000000000000),
 ( 1.000000000000000000, 0.6573585499886185346, 1.000000000000000000),
 ( 1.000000000000000000, 0.6621285050506384717, 1.000000000000000000),
 ( 1.000000000000000000, 0.6693577071628110664, 1.000000000000000000),
 ( 1.000000000000000000, 0.6717826606077949014, 1.000000000000000000),
 ( 1.000000000000000000, 0.6765949438697248519, 1.000000000000000000),
 ( 1.000000000000000000, 0.6789898590736546113, 1.000000000000000000),
 ( 1.000000000000000000, 0.6858699903189220404, 1.000000000000000000),
 ( 1.000000000000000000, 0.6900971560905758695, 1.000000000000000000),
 ( 1.000000000000000000, 0.6974125995765184660, 1.000000000000000000),
 ( 1.000000000000000000, 0.7005052792399900641, 1.000000000000000000),
 ( 1.000000000000000000, 0.7049642029203427862, 1.000000000000000000),
 ( 1.000000000000000000, 0.7063783815825915857, 1.000000000000000000),
 ( 1.000000000000000000, 0.7071472662043973845, 1.000000000000000000),
 ( 1.000000000000000000, 0.7071743714225149358, 1.000000000000000000),
 ( 1.000000000000000000, 0.7067725875786634582, 1.000000000000000000),
 ( 1.000000000000000000, 0.7063462062219979520, 1.000000000000000000),
 ( 1.000000000000000000, 0.7044170139700938194, 1.000000000000000000),
 ( 1.000000000000000000, 0.7022429308213522514, 1.000000000000000000),
 ( 1.000000000000000000, 0.6963757691349361512, 1.000000000000000000),
 ( 1.000000000000000000, 0.6927480765742323188, 1.000000000000000000),
 ( 1.000000000000000000, 0.6844944817579473595, 1.000000000000000000),
 ( 1.000000000000000000, 0.6798144237220540287, 1.000000000000000000),
 ( 1.000000000000000000, 0.6702638048585549679, 1.000000000000000000),
 ( 1.000000000000000000, 0.6653718614550506727, 1.000000000000000000),
 ( 1.000000000000000000, 0.6582727029008776931, 1.000000000000000000),
 ( 1.000000000000000000, 0.6559364900201354320, 1.000000000000000000),
 ( 1.000000000000000000, 0.6515107507666766384, 1.000000000000000000),
 ( 1.000000000000000000, 0.6494121814845694729, 1.000000000000000000),
 ( 1.000000000000000000, 0.6435519547857718736, 1.000000000000000000),
 ( 1.000000000000000000, 0.6402249244004344364, 1.000000000000000000),
 ( 1.000000000000000000, 0.6377310276208741913, 1.000000000000000000) ) ) 
 REPRESENTATION_ITEM ( '' )  SURFACE ( )  );
#1594 = EDGE_LOOP ( 'NONE', ( #53, #243 ) ) ;
#1595 = AXIS2_PLACEMENT_3D ( 'NONE', #259, #2233, #1459 ) ;
#1596 = EDGE_LOOP ( 'NONE', ( #1331, #1620, #2143, #1287 ) ) ;
#1597 = CARTESIAN_POINT ( 'NONE',  ( 23.14307977688539353, 124.8057191494396534, 5.337012168915816979 ) ) ;
#1598 = CARTESIAN_POINT ( 'NONE',  ( 24.77698654412606061, 125.8035280024990783, -3.363119452753561056 ) ) ;
#1599 = CARTESIAN_POINT ( 'NONE',  ( -23.07422532589376729, 122.9905486802060324, 5.625001420297099486 ) ) ;
#1600 = PRODUCT ( '\X2\5b895353673a56684eba\X0\', '\X2\5b895353673a56684eba\X0\', '', ( #2222 ) ) ;
#1601 = CARTESIAN_POINT ( 'NONE',  ( 24.74195358496029229, 120.5203709956125664, 3.614171154583818435 ) ) ;
#1602 = CARTESIAN_POINT ( 'NONE',  ( -23.45925530777945411, 118.7499726048544773, 3.713973714028127038 ) ) ;
#1603 = CARTESIAN_POINT ( 'NONE',  ( -19.99995664842534637, 122.9905486802060324, 1.420297096204495386E-06 ) ) ;
#1604 = CARTESIAN_POINT ( 'NONE',  ( -24.83152064335238407, 126.2560925502597797, -2.925763527748350246 ) ) ;
#1605 = DIRECTION ( 'NONE',  ( 0.000000000000000000, 0.000000000000000000, -1.000000000000000000 ) ) ;
#1606 = CLOSED_SHELL ( 'NONE', ( #369, #354, #1634, #913, #1707, #2165, #1880, #1796, #2081, #613, #1727, #76, #1417, #195, #2208, #1569, #1561, #902, #1985, #2460, #2244, #990, #800, #2175, #2534, #119, #2470, #604, #2536, #1941, #1340, #689, #1542, #994, #2253, #1538, #461, #2446, #985, #1567, #974, #1430, #2288, #2340, #356, #963, #1153, #16, #1915, #1361, #1904, #383, #1609, #345, #2020, #1166, #2095, #108, #1646, #240 ) ) ;
#1607 = ORIENTED_EDGE ( 'NONE', *, *, #1064, .T. ) ;
#1608 = EDGE_CURVE ( 'NONE', #1636, #1896, #2185, .T. ) ;
#1609 = ADVANCED_FACE ( 'NONE', ( #937, #771 ), #780, .F. ) ;
#1610 = AXIS2_PLACEMENT_3D ( 'NONE', #1899, #1497, #755 ) ;
#1611 = ORIENTED_EDGE ( 'NONE', *, *, #475, .F. ) ;
#1612 = EDGE_LOOP ( 'NONE', ( #351, #1922 ) ) ;
#1613 = DIRECTION ( 'NONE',  ( 1.000000000000000000, 0.000000000000000000, 0.000000000000000000 ) ) ;
#1614 = CARTESIAN_POINT ( 'NONE',  ( 24.40212614910730693, 126.9027055465650733, -1.979527949786459518 ) ) ;
#1615 = CYLINDRICAL_SURFACE ( 'NONE', #148, 4.500000000000002665 ) ;
#1616 = CARTESIAN_POINT ( 'NONE',  ( -24.50005104545644485, 122.9776144201840253, 4.974473707541815060 ) ) ;
#1617 = CARTESIAN_POINT ( 'NONE',  ( -24.36320918201637653, 126.7006954179928329, 2.322862077175525286 ) ) ;
#1618 = CARTESIAN_POINT ( 'NONE',  ( -24.59858994929431475, 120.8150155266445012, 4.463586571644061252 ) ) ;
#1619 = CARTESIAN_POINT ( 'NONE',  ( -43.74995664842534637, 122.9905486802060324, 4.375001420297099486 ) ) ;
#1620 = ORIENTED_EDGE ( 'NONE', *, *, #578, .T. ) ;
#1621 = EDGE_CURVE ( 'NONE', #1155, #640, #1938, .T. ) ;
#1622 = CIRCLE ( 'NONE', #2364, 25.00000000000000711 ) ;
#1623 = ORIENTED_EDGE ( 'NONE', *, *, #1370, .T. ) ;
#1624 = ORIENTED_EDGE ( 'NONE', *, *, #2008, .T. ) ;
#1625 = CARTESIAN_POINT ( 'NONE',  ( 23.73944846200599557, 128.5706729356134872, -0.7327551754003693851 ) ) ;
#1626 = CARTESIAN_POINT ( 'NONE',  ( 24.85166426844978105, 126.4072273887242659, -2.747812487640115986 ) ) ;
#1627 = DIRECTION ( 'NONE',  ( -4.577208079500490890E-17, 1.000000000000000000, -0.000000000000000000 ) ) ;
#1628 = SHAPE_DEFINITION_REPRESENTATION ( #426, #411 ) ;
#1629 = CARTESIAN_POINT ( 'NONE',  ( 24.98098319694172176, 127.7709942458286321, -1.027367582396293333 ) ) ;
#1630 = SPHERICAL_SURFACE ( 'NONE', #1069, 4.500000000000000000 ) ;
#1631 = CARTESIAN_POINT ( 'NONE',  ( -24.99981954092405445, 127.8648734063397541, 0.3357672105189790646 ) ) ;
#1632 = CARTESIAN_POINT ( 'NONE',  ( -24.62671344471589308, 122.4187126212491279, 4.346537471934017738 ) ) ;
#1633 = CARTESIAN_POINT ( 'NONE',  ( 24.01272631628468801, 123.3566057482571949, -4.363582093694184039 ) ) ;
#1634 = ADVANCED_FACE ( 'NONE', ( #1170 ), #2348, .F. ) ;
#1635 = AXIS2_PLACEMENT_3D ( 'NONE', #1252, #1452, #2237 ) ;
#1636 = VERTEX_POINT ( 'NONE', #2 ) ;
#1637 = AXIS2_PLACEMENT_3D ( 'NONE', #1657, #910, #1723 ) ;
#1638 = ORIENTED_EDGE ( 'NONE', *, *, #791, .F. ) ;
#1639 = CARTESIAN_POINT ( 'NONE',  ( 23.50246313479224014, 127.4606547960983391, 3.434135383583881040 ) ) ;
#1640 = CARTESIAN_POINT ( 'NONE',  ( -23.07422532589367137, 122.9905486802064019, -5.624998579703373025 ) ) ;
#1641 = CARTESIAN_POINT ( 'NONE',  ( 9.750043351574655404, 98.51027630036401206, 1.420297096204495386E-06 ) ) ;
#1642 = EDGE_CURVE ( 'NONE', #193, #1402, #504, .T. ) ;
#1643 = VECTOR ( 'NONE', #478, 1000.000000000000000 ) ;
#1644 = CARTESIAN_POINT ( 'NONE',  ( 24.74793822868101856, 126.4204050472939116, -3.549777111552006481 ) ) ;
#1645 = CYLINDRICAL_SURFACE ( 'NONE', #615, 25.00000000000000711 ) ;
#1646 = ADVANCED_FACE ( 'NONE', ( #1562 ), #2337, .F. ) ;
#1647 = CARTESIAN_POINT ( 'NONE',  ( 24.46006187698935008, 127.1819409176955560, -1.281713693684411570 ) ) ;
#1648 = CARTESIAN_POINT ( 'NONE',  ( 24.01013237681570089, 122.7272995042016106, -4.374998579702878310 ) ) ;
#1649 = FACE_OUTER_BOUND ( 'NONE', #1196, .T. ) ;
#1650 = CARTESIAN_POINT ( 'NONE',  ( 24.53152809637171927, 124.2064173122366668, -4.817285805495989948 ) ) ;
#1651 = DIRECTION ( 'NONE',  ( -0.000000000000000000, 1.000000000000000000, -0.000000000000000000 ) ) ;
#1652 = AXIS2_PLACEMENT_3D ( 'NONE', #1860, #1824, #59 ) ;
#1653 = ORIENTED_EDGE ( 'NONE', *, *, #268, .F. ) ;
#1654 = ORIENTED_EDGE ( 'NONE', *, *, #816, .T. ) ;
#1655 = CARTESIAN_POINT ( 'NONE',  ( 23.07431202904307455, 123.1752183719468547, 5.625001420297108368 ) ) ;
#1656 = DIRECTION ( 'NONE',  ( 1.000000000000000000, 0.000000000000000000, -1.224646799147353207E-16 ) ) ;
#1657 = CARTESIAN_POINT ( 'NONE',  ( 4.335157465272661373E-05, 72.99054868020596132, 1.420297096204495386E-06 ) ) ;
#1658 = CARTESIAN_POINT ( 'NONE',  ( -24.40581105092806879, 126.9204472686287204, 1.943936338544562048 ) ) ;
#1659 = DIRECTION ( 'NONE',  ( 0.000000000000000000, -0.2494089501601237657, 0.9683982525696879229 ) ) ;
#1660 = CARTESIAN_POINT ( 'NONE',  ( 24.43896585018111622, 127.0819183134244383, 1.571650634251872569 ) ) ;
#1661 = CARTESIAN_POINT ( 'NONE',  ( -24.62687597301398768, 120.5304070844481714, 4.306792009226729334 ) ) ;
#1662 = DIRECTION ( 'NONE',  ( 0.000000000000000000, -1.000000000000000000, 0.000000000000000000 ) ) ;
#1663 = CARTESIAN_POINT ( 'NONE',  ( 24.50524343238523528, 123.5757555887079207, -4.949291332295769230 ) ) ;
#1664 = CIRCLE ( 'NONE', #554, 39.25000000000000000 ) ;
#1665 = CIRCLE ( 'NONE', #555, 4.500000000000002665 ) ;
#1666 = DIRECTION ( 'NONE',  ( 0.000000000000000000, 0.000000000000000000, -1.000000000000000000 ) ) ;
#1667 = EDGE_LOOP ( 'NONE', ( #933, #1586, #1308, #2396 ) ) ;
#1668 = AXIS2_PLACEMENT_3D ( 'NONE', #2221, #2112, #828 ) ;
#1669 = CARTESIAN_POINT ( 'NONE',  ( -23.68271298267043790, 117.6548318876660346, -1.818003642333804626 ) ) ;
#1670 = CARTESIAN_POINT ( 'NONE',  ( -24.10542921918235848, 124.9310757328876491, 3.931510484600667876 ) ) ;
#1671 = CARTESIAN_POINT ( 'NONE',  ( 24.54780705402231789, 121.4592892910658293, 4.734389031443275719 ) ) ;
#1672 = CARTESIAN_POINT ( 'NONE',  ( -24.62452713461748743, 125.4281152772345962, 4.320142833540324467 ) ) ;
#1673 = EDGE_LOOP ( 'NONE', ( #2497, #1926 ) ) ;
#1674 = CARTESIAN_POINT ( 'NONE',  ( -24.06060689349565607, 121.5668329580629035, 4.146778268567406833 ) ) ;
#1675 = DIRECTION ( 'NONE',  ( 0.000000000000000000, 0.000000000000000000, 1.000000000000000000 ) ) ;
#1676 = CARTESIAN_POINT ( 'NONE',  ( 24.04452521385272235, 121.8059797703281788, -4.221236135953444268 ) ) ;
#1677 = CARTESIAN_POINT ( 'NONE',  ( -24.45063065345559394, 118.8423489883383155, -1.419218906110503386 ) ) ;
#1678 = FACE_OUTER_BOUND ( 'NONE', #173, .T. ) ;
#1679 = EDGE_LOOP ( 'NONE', ( #366, #908, #1714, #1748, #1759 ) ) ;
#1680 = DIRECTION ( 'NONE',  ( -1.000000000000000000, 0.000000000000000000, 0.000000000000000000 ) ) ;
#1681 = CARTESIAN_POINT ( 'NONE',  ( -23.08536871648590250, 122.2499923402830433, -5.579120869949586670 ) ) ;
#1682 = CIRCLE ( 'NONE', #576, 0.4999999999999995559 ) ;
#1683 = CARTESIAN_POINT ( 'NONE',  ( 23.73288318964147692, 117.4383390079451033, -0.9204867515940904354 ) ) ;
#1684 = CARTESIAN_POINT ( 'NONE',  ( 24.53152809637171927, 124.2064173122366384, -4.817285805495997053 ) ) ;
#1685 = ORIENTED_EDGE ( 'NONE', *, *, #437, .T. ) ;
#1686 = CARTESIAN_POINT ( 'NONE',  ( 24.37329761779248471, 126.7552356214726785, -2.244255666527988247 ) ) ;
#1687 = CARTESIAN_POINT ( 'NONE',  ( -5.852842331395375020, 72.49054868020596132, 1.420297096204495386E-06 ) ) ;
#1688 = CARTESIAN_POINT ( 'NONE',  ( -24.95944392872410944, 118.8548829017289563, -1.456441642963116623 ) ) ;
#1689 = LINE ( 'NONE', #2292, #2438 ) ;
#1690 = CARTESIAN_POINT ( 'NONE',  ( 24.79751403910896457, 120.0055274541291652, -3.202098198507139060 ) ) ;
#1691 = CARTESIAN_POINT ( 'NONE',  ( -24.40567057790063643, 119.0613695099461751, -1.945068775478882905 ) ) ;
#1692 = CARTESIAN_POINT ( 'NONE',  ( -24.50022894832227749, 122.6539751108007437, 4.973597506659654499 ) ) ;
#1693 = ORIENTED_EDGE ( 'NONE', *, *, #614, .F. ) ;
#1694 = CARTESIAN_POINT ( 'NONE',  ( -15.49995664842535348, 87.49054868020596132, 1.420297096204495386E-06 ) ) ;
#1695 = DIRECTION ( 'NONE',  ( 0.000000000000000000, 0.000000000000000000, -1.000000000000000000 ) ) ;
#1696 = CARTESIAN_POINT ( 'NONE',  ( 25.00206347456079214, 118.1055817428060095, 0.06338855913310892376 ) ) ;
#1697 = EDGE_LOOP ( 'NONE', ( #2525, #1884 ) ) ;
#1698 = CARTESIAN_POINT ( 'NONE',  ( 24.25523815102584990, 126.0835002450142213, 3.105478026083170917 ) ) ;
#1699 = CARTESIAN_POINT ( 'NONE',  ( -24.96975836687043326, 127.7149458071359049, -1.269050629985466028 ) ) ;
#1700 = CARTESIAN_POINT ( 'NONE',  ( -24.71741399677520334, 119.7774196749488596, -3.755064346857835744 ) ) ;
#1701 = CARTESIAN_POINT ( 'NONE',  ( -23.32653999362823427, 126.4255556284749957, 4.469513684739823134 ) ) ;
#1702 = CARTESIAN_POINT ( 'NONE',  ( 24.88339725966964977, 119.3475263539218787, -2.440025823146637407 ) ) ;
#1703 = FACE_OUTER_BOUND ( 'NONE', #2256, .T. ) ;
#1704 = ORIENTED_EDGE ( 'NONE', *, *, #878, .F. ) ;
#1705 = CARTESIAN_POINT ( 'NONE',  ( -24.78818042997359683, 119.2907003221919382, 3.255699457349068737 ) ) ;
#1706 = CARTESIAN_POINT ( 'NONE',  ( 24.07453712659665257, 121.3935638210371764, 4.081534212829939889 ) ) ;
#1707 = ADVANCED_FACE ( 'NONE', ( #172 ), #822, .F. ) ;
#1708 = CARTESIAN_POINT ( 'NONE',  ( 24.64409065946907518, 121.9278280149639926, 4.244070548834348422 ) ) ;
#1709 = CARTESIAN_POINT ( 'NONE',  ( 23.68264236065886053, 117.6555155941844930, 1.820212695931625158 ) ) ;
#1710 = CARTESIAN_POINT ( 'NONE',  ( 24.90041578450159321, 118.6298106126197780, 2.247115589021990711 ) ) ;
#1711 = CIRCLE ( 'NONE', #870, 6.750000000000000888 ) ;
#1712 = VERTEX_POINT ( 'NONE', #562 ) ;
#1713 = DIRECTION ( 'NONE',  ( 0.000000000000000000, 0.000000000000000000, -1.000000000000000000 ) ) ;
#1714 = ORIENTED_EDGE ( 'NONE', *, *, #2294, .F. ) ;
#1715 = CARTESIAN_POINT ( 'NONE',  ( -24.92313505282900721, 119.0831599963341034, -1.989875036823680166 ) ) ;
#1716 = CARTESIAN_POINT ( 'NONE',  ( -23.68255531182219542, 128.3255801873859525, -1.820213572284887560 ) ) ;
#1717 = CARTESIAN_POINT ( 'NONE',  ( 24.92046301660236551, 119.0998939432674746, 2.021812296996156277 ) ) ;
#1718 = DIRECTION ( 'NONE',  ( 0.000000000000000000, 1.000000000000000000, 0.000000000000000000 ) ) ;
#1719 = CARTESIAN_POINT ( 'NONE',  ( -24.06062463961326969, 124.4145149299344837, -4.146693698788453730 ) ) ;
#1720 = EDGE_CURVE ( 'NONE', #2516, #2009, #573, .T. ) ;
#1721 = EDGE_LOOP ( 'NONE', ( #1524, #495 ) ) ;
#1722 = FACE_OUTER_BOUND ( 'NONE', #801, .T. ) ;
#1723 = DIRECTION ( 'NONE',  ( 0.000000000000000000, 0.000000000000000000, 1.000000000000000000 ) ) ;
#1724 = CIRCLE ( 'NONE', #2089, 5.750000000000002665 ) ;
#1725 = CARTESIAN_POINT ( 'NONE',  ( 24.49963669437867964, 123.0382500379461987, 4.976945946599248494 ) ) ;
#1726 = CARTESIAN_POINT ( 'NONE',  ( 23.07431202904297152, 122.9905486802056771, 5.625001420297576438 ) ) ;
#1727 = ADVANCED_FACE ( 'NONE', ( #2133 ), #2145, .T. ) ;
#1728 = ORIENTED_EDGE ( 'NONE', *, *, #170, .F. ) ;
#1729 = CARTESIAN_POINT ( 'NONE',  ( 24.03696521789793294, 124.0418906408254713, 4.254957283061219897 ) ) ;
#1730 = VERTEX_POINT ( 'NONE', #845 ) ;
#1731 = CARTESIAN_POINT ( 'NONE',  ( -24.94918131054550159, 118.3705504918524980, -1.620532251085692543 ) ) ;
#1732 = VECTOR ( 'NONE', #2087, 1000.000000000000000 ) ;
#1733 = CARTESIAN_POINT ( 'NONE',  ( 24.21910143682484673, 120.1324677881154486, 3.324746691176767577 ) ) ;
#1734 = EDGE_CURVE ( 'NONE', #2202, #640, #2069, .T. ) ;
#1735 =( LENGTH_UNIT ( ) NAMED_UNIT ( * ) SI_UNIT ( .MILLI., .METRE. ) );
#1736 = DIRECTION ( 'NONE',  ( -0.000000000000000000, 1.000000000000000000, -0.000000000000000000 ) ) ;
#1737 = ORIENTED_EDGE ( 'NONE', *, *, #1285, .T. ) ;
#1738 = DIRECTION ( 'NONE',  ( 0.000000000000000000, 0.000000000000000000, 1.000000000000000000 ) ) ;
#1739 = CARTESIAN_POINT ( 'NONE',  ( 24.16806134179716281, 120.5047711290990691, -3.609979015862460727 ) ) ;
#1740 = CARTESIAN_POINT ( 'NONE',  ( 24.62349905434300368, 123.3116463612067975, 4.365451213495296301 ) ) ;
#1741 = DIRECTION ( 'NONE',  ( -1.000000000000000000, 0.000000000000000000, 0.000000000000000000 ) ) ;
#1742 = ORIENTED_EDGE ( 'NONE', *, *, #292, .T. ) ;
#1743 = CARTESIAN_POINT ( 'NONE',  ( -24.10456336123592536, 121.0585714654300205, -3.935771531920416955 ) ) ;
#1744 = CARTESIAN_POINT ( 'NONE',  ( 24.99769258670103511, 118.1271349422154202, 0.3796730544214271252 ) ) ;
#1745 = DIRECTION ( 'NONE',  ( 0.000000000000000000, 0.000000000000000000, -1.000000000000000000 ) ) ;
#1746 = CARTESIAN_POINT ( 'NONE',  ( -24.04195246314168344, 124.1364378966733426, -4.231916695865028721 ) ) ;
#1747 = CIRCLE ( 'NONE', #621, 0.7500000000000006661 ) ;
#1748 = ORIENTED_EDGE ( 'NONE', *, *, #1828, .T. ) ;
#1749 = CARTESIAN_POINT ( 'NONE',  ( -19.99995664842534637, 122.9905486802060324, 1.420297096204495386E-06 ) ) ;
#1750 = VECTOR ( 'NONE', #690, 1000.000000000000000 ) ;
#1751 = CIRCLE ( 'NONE', #298, 4.375000000000002665 ) ;
#1752 = CARTESIAN_POINT ( 'NONE',  ( 24.65948983654600823, 125.7469073805923330, 4.115795524768318003 ) ) ;
#1753 = EDGE_CURVE ( 'NONE', #256, #405, #1074, .T. ) ;
#1754 = CARTESIAN_POINT ( 'NONE',  ( 9.750043351574657180, 73.74054868020596132, 1.420297096204495386E-06 ) ) ;
#1755 = VERTEX_POINT ( 'NONE', #888 ) ;
#1756 = DIRECTION ( 'NONE',  ( -0.000000000000000000, 1.000000000000000000, -0.000000000000000000 ) ) ;
#1757 = CARTESIAN_POINT ( 'NONE',  ( 24.80991283146001791, 119.9025578797533598, -3.103036521285043037 ) ) ;
#1758 = DIRECTION ( 'NONE',  ( 0.000000000000000000, -0.000000000000000000, 1.000000000000000000 ) ) ;
#1759 = ORIENTED_EDGE ( 'NONE', *, *, #267, .F. ) ;
#1760 = DIRECTION ( 'NONE',  ( -1.000000000000000000, 0.000000000000000000, 0.000000000000000000 ) ) ;
#1761 = EDGE_CURVE ( 'NONE', #43, #1468, #2448, .T. ) ;
#1762 = CARTESIAN_POINT ( 'NONE',  ( 24.85130080854940715, 127.0711044607476765, 2.726633410913144484 ) ) ;
#1763 = DIRECTION ( 'NONE',  ( 1.000000000000000000, 0.000000000000000000, 0.000000000000000000 ) ) ;
#1764 = AXIS2_PLACEMENT_3D ( 'NONE', #1230, #821, #1440 ) ;
#1765 = FACE_OUTER_BOUND ( 'NONE', #91, .T. ) ;
#1766 = CARTESIAN_POINT ( 'NONE',  ( 24.69891432675801468, 121.0092847474438145, 3.903476509757281221 ) ) ;
#1767 = DIRECTION ( 'NONE',  ( -1.000000000000000000, 0.000000000000000000, 0.000000000000000000 ) ) ;
#1768 = AXIS2_PLACEMENT_3D ( 'NONE', #2437, #134, #1434 ) ;
#1769 = ORIENTED_EDGE ( 'NONE', *, *, #727, .F. ) ;
#1770 = CARTESIAN_POINT ( 'NONE',  ( -24.62595652777003963, 120.5390522584303739, -4.312074040445025069 ) ) ;
#1771 = VECTOR ( 'NONE', #2359, 1000.000000000000000 ) ;
#1772 = CARTESIAN_POINT ( 'NONE',  ( 24.19722761393858690, 125.6940987810513661, 3.451685070795671884 ) ) ;
#1773 = CARTESIAN_POINT ( 'NONE',  ( 24.98577018085877555, 127.7948081760413857, -0.8600548118244748519 ) ) ;
#1774 = DIRECTION ( 'NONE',  ( 0.000000000000000000, 0.000000000000000000, 1.000000000000000000 ) ) ;
#1775 = DIRECTION ( 'NONE',  ( -0.000000000000000000, 1.000000000000000000, -0.000000000000000000 ) ) ;
#1776 = CARTESIAN_POINT ( 'NONE',  ( 24.54765776341916705, 121.4621816780165915, 4.735149284880672660 ) ) ;
#1777 = CARTESIAN_POINT ( 'NONE',  ( -23.73922750050800090, 117.4109952007179771, -0.7370742657650275476 ) ) ;
#1778 = CARTESIAN_POINT ( 'NONE',  ( -24.95976799108439792, 127.1282141965192523, 1.451198182721676666 ) ) ;
#1779 = ORIENTED_EDGE ( 'NONE', *, *, #292, .F. ) ;
#1780 = CARTESIAN_POINT ( 'NONE',  ( -24.50005092420294517, 123.0032604432283279, -4.974471464141021038 ) ) ;
#1781 = DIRECTION ( 'NONE',  ( 0.000000000000000000, 0.000000000000000000, -1.000000000000000000 ) ) ;
#1782 = CARTESIAN_POINT ( 'NONE',  ( 24.75642655191198216, 126.4805507515725509, 3.488568820974800921 ) ) ;
#1783 = AXIS2_PLACEMENT_3D ( 'NONE', #773, #2350, #1369 ) ;
#1784 = ORIENTED_EDGE ( 'NONE', *, *, #1374, .F. ) ;
#1785 = CARTESIAN_POINT ( 'NONE',  ( 24.54744051696801677, 124.5147542674667136, -4.736253621859345841 ) ) ;
#1786 = DIRECTION ( 'NONE',  ( -0.000000000000000000, 1.000000000000000000, -0.000000000000000000 ) ) ;
#1787 = CARTESIAN_POINT ( 'NONE',  ( 9.750043351574658956, 74.74054868020596132, 1.420297096204495386E-06 ) ) ;
#1788 = DIRECTION ( 'NONE',  ( 0.000000000000000000, -1.000000000000000000, 0.000000000000000000 ) ) ;
#1789 = CARTESIAN_POINT ( 'NONE',  ( -25.00008945556084328, 127.8662027741972764, -0.3150270469954055685 ) ) ;
#1790 = ORIENTED_EDGE ( 'NONE', *, *, #164, .T. ) ;
#1791 = SPHERICAL_SURFACE ( 'NONE', #1033, 4.500000000000000000 ) ;
#1792 = EDGE_LOOP ( 'NONE', ( #931, #78, #887, #2010 ) ) ;
#1793 = CARTESIAN_POINT ( 'NONE',  ( 23.68310747493895008, 128.3276320603387433, -1.814113127480389442 ) ) ;
#1794 = CARTESIAN_POINT ( 'NONE',  ( 24.46533234079011265, 127.2063373484666755, -1.178298209226493309 ) ) ;
#1795 = PLANE ( 'NONE',  #1045 ) ;
#1796 = ADVANCED_FACE ( 'NONE', ( #2146 ), #1118, .T. ) ;
#1797 = DIRECTION ( 'NONE',  ( 0.000000000000000000, -1.000000000000000000, 0.000000000000000000 ) ) ;
#1798 = EDGE_CURVE ( 'NONE', #1257, #2171, #862, .T. ) ;
#1799 = CARTESIAN_POINT ( 'NONE',  ( -24.72013880155169119, 126.2236495002803451, -3.737147020880815962 ) ) ;
#1800 = CARTESIAN_POINT ( 'NONE',  ( -3.999956648425348149, 96.85241171019551132, 1.420297096908667333E-06 ) ) ;
#1801 = EDGE_CURVE ( 'NONE', #206, #1832, #1406, .T. ) ;
#1802 = ORIENTED_EDGE ( 'NONE', *, *, #1255, .T. ) ;
#1803 = CARTESIAN_POINT ( 'NONE',  ( -24.95050003779790160, 127.6173499138700578, 1.600212937221306531 ) ) ;
#1804 = EDGE_LOOP ( 'NONE', ( #1805, #2533, #2189, #1270 ) ) ;
#1805 = ORIENTED_EDGE ( 'NONE', *, *, #165, .F. ) ;
#1806 = SPHERICAL_SURFACE ( 'NONE', #1927, 4.500000000000000000 ) ;
#1807 = CARTESIAN_POINT ( 'NONE',  ( 24.05649269556021963, 124.3584276407765827, -4.165473614167303218 ) ) ;
#1808 = CARTESIAN_POINT ( 'NONE',  ( -9.749956648425348149, 73.74054868020594711, 1.420297096204495386E-06 ) ) ;
#1809 = CARTESIAN_POINT ( 'NONE',  ( 24.11547359779922672, 120.9658638330044909, 3.880922498134866228 ) ) ;
#1810 = DIRECTION ( 'NONE',  ( -4.577208079500490890E-17, 1.000000000000000000, -0.000000000000000000 ) ) ;
#1811 = CARTESIAN_POINT ( 'NONE',  ( 4.335157465272661373E-05, 131.2405486802060182, 25.00000142029710304 ) ) ;
#1812 = CARTESIAN_POINT ( 'NONE',  ( -24.96762832902445695, 127.7039629921639659, -1.280551142417839738 ) ) ;
#1813 = EDGE_CURVE ( 'NONE', #678, #1636, #2079, .T. ) ;
#1814 = CARTESIAN_POINT ( 'NONE',  ( -24.92400206944832064, 119.0786129666308710, 1.964720445625711243 ) ) ;
#1815 = CARTESIAN_POINT ( 'NONE',  ( 4.335157465272661373E-05, 89.00356083914458338, 23.75000142029710304 ) ) ;
#1816 = CARTESIAN_POINT ( 'NONE',  ( -24.87730258005287354, 127.2237528316817503, 2.488084276873534506 ) ) ;
#1817 = AXIS2_PLACEMENT_3D ( 'NONE', #310, #2080, #1336 ) ;
#1818 = ORIENTED_EDGE ( 'NONE', *, *, #572, .F. ) ;
#1819 = ORIENTED_EDGE ( 'NONE', *, *, #420, .F. ) ;
#1820 = CARTESIAN_POINT ( 'NONE',  ( 24.67107550142858230, 124.5920007376908529, -4.081443361158402006 ) ) ;
#1821 = DIRECTION ( 'NONE',  ( -1.000000000000000000, 0.000000000000000000, 0.000000000000000000 ) ) ;
#1822 = EDGE_CURVE ( 'NONE', #2021, #1712, #1548, .T. ) ;
#1823 = CARTESIAN_POINT ( 'NONE',  ( 24.56981130253121393, 124.8252980970210331, -4.620332273299501580 ) ) ;
#1824 = DIRECTION ( 'NONE',  ( 0.000000000000000000, -1.000000000000000000, 0.000000000000000000 ) ) ;
#1825 = CARTESIAN_POINT ( 'NONE',  ( -24.92479665300409764, 126.9086303993686187, -1.968700691463818764 ) ) ;
#1826 = CARTESIAN_POINT ( 'NONE',  ( -24.83192641283037716, 119.7217110214594840, 2.922430594911529234 ) ) ;
#1827 = LINE ( 'NONE', #1815, #5 ) ;
#1828 = EDGE_CURVE ( 'NONE', #1171, #1016, #2284, .T. ) ;
#1829 = AXIS2_PLACEMENT_3D ( 'NONE', #400, #2178, #620 ) ;
#1830 = EDGE_CURVE ( 'NONE', #628, #2078, #632, .T. ) ;
#1831 = ORIENTED_EDGE ( 'NONE', *, *, #645, .T. ) ;
#1832 = VERTEX_POINT ( 'NONE', #523 ) ;
#1833 = CARTESIAN_POINT ( 'NONE',  ( 15.50004335157465718, 74.74054868020596132, 1.420297096204495386E-06 ) ) ;
#1834 = DIRECTION ( 'NONE',  ( -9.132992791234630738E-17, 1.000000000000000000, -0.000000000000000000 ) ) ;
#1835 = DIRECTION ( 'NONE',  ( 0.000000000000000000, 0.000000000000000000, 1.000000000000000000 ) ) ;
#1836 = CARTESIAN_POINT ( 'NONE',  ( -24.45138779451330180, 127.1423217765088651, -1.408688616740414234 ) ) ;
#1837 = CARTESIAN_POINT ( 'NONE',  ( 24.44211078693046701, 127.0976140382827850, -1.530231767668564391 ) ) ;
#1838 = AXIS2_PLACEMENT_3D ( 'NONE', #2169, #1810, #1193 ) ;
#1839 = CARTESIAN_POINT ( 'NONE',  ( -24.96924851146181723, 118.2687302856554084, 1.279285627696910899 ) ) ;
#1840 = CARTESIAN_POINT ( 'NONE',  ( 4.335157465571168659E-05, 132.4905486802060182, -23.74999857970291117 ) ) ;
#1841 = CARTESIAN_POINT ( 'NONE',  ( 24.51945001530519974, 121.9858111521457431, -4.878615618307466484 ) ) ;
#1842 = CARTESIAN_POINT ( 'NONE',  ( 4.335157465272661373E-05, 127.4905486802060182, 1.420297096204495386E-06 ) ) ;
#1843 =( GEOMETRIC_REPRESENTATION_CONTEXT ( 3 ) GLOBAL_UNCERTAINTY_ASSIGNED_CONTEXT ( ( #248 ) ) GLOBAL_UNIT_ASSIGNED_CONTEXT ( ( #1735, #2347, #364 ) ) REPRESENTATION_CONTEXT ( 'NONE', 'WORKASPACE' ) );
#1844 = VERTEX_POINT ( 'NONE', #2524 ) ;
#1845 = ORIENTED_EDGE ( 'NONE', *, *, #1720, .T. ) ;
#1846 = CARTESIAN_POINT ( 'NONE',  ( 23.74794631495303321, 128.6067152434989111, -0.3652273678283189939 ) ) ;
#1847 = CARTESIAN_POINT ( 'NONE',  ( -23.58339270763202222, 118.1123758002327122, -2.824632789560559409 ) ) ;
#1848 = DIRECTION ( 'NONE',  ( -1.000000000000000000, 0.000000000000000000, 0.000000000000000000 ) ) ;
#1849 = AXIS2_PLACEMENT_3D ( 'NONE', #804, #2382, #694 ) ;
#1850 = CARTESIAN_POINT ( 'NONE',  ( -24.04191379517504146, 124.1357421073911667, -4.232092642147323502 ) ) ;
#1851 = CARTESIAN_POINT ( 'NONE',  ( -24.55094621437328684, 124.5669940770606274, 4.718615883261573885 ) ) ;
#1852 = CARTESIAN_POINT ( 'NONE',  ( 24.49974097207550017, 127.3643067667764797, 0.2853870815070778111 ) ) ;
#1853 = CARTESIAN_POINT ( 'NONE',  ( -24.50014893635507462, 118.6146814205133353, 0.2726290113648331959 ) ) ;
#1854 = CARTESIAN_POINT ( 'NONE',  ( 4.335157465272661373E-05, 131.9905486802060182, 1.420297096204495386E-06 ) ) ;
#1855 = CARTESIAN_POINT ( 'NONE',  ( -24.31938198529058326, 119.5170068240761339, -2.675338632303533082 ) ) ;
#1856 = VECTOR ( 'NONE', #315, 1000.000000000000000 ) ;
#1857 = ORIENTED_EDGE ( 'NONE', *, *, #572, .T. ) ;
#1858 = CARTESIAN_POINT ( 'NONE',  ( 4.335157465272661373E-05, 93.74054868020594711, 1.420297096204495386E-06 ) ) ;
#1859 = CARTESIAN_POINT ( 'NONE',  ( 24.90056187700680823, 127.3521433564180683, -2.245807473557984490 ) ) ;
#1860 = CARTESIAN_POINT ( 'NONE',  ( 9.750043351574655404, 88.74054868020594711, 1.420297096204495386E-06 ) ) ;
#1861 = AXIS2_PLACEMENT_3D ( 'NONE', #1903, #330, #1339 ) ;
#1862 = CARTESIAN_POINT ( 'NONE',  ( -24.71717017999895205, 126.2020159852051933, 3.756803342375678589 ) ) ;
#1863 = DIRECTION ( 'NONE',  ( 1.000000000000000000, -0.000000000000000000, -0.000000000000000000 ) ) ;
#1864 = FACE_OUTER_BOUND ( 'NONE', #343, .T. ) ;
#1865 = LINE ( 'NONE', #2088, #2186 ) ;
#1866 = CARTESIAN_POINT ( 'NONE',  ( 24.02530540229792066, 123.8050210111062768, -4.308002337398134429 ) ) ;
#1867 = CIRCLE ( 'NONE', #94, 5.750000000000001776 ) ;
#1868 = DIRECTION ( 'NONE',  ( -1.000000000000000000, 0.000000000000000000, 0.000000000000000000 ) ) ;
#1869 = CARTESIAN_POINT ( 'NONE',  ( -24.95205153169315793, 118.3557616673429180, 1.575879187327216435 ) ) ;
#1870 = ORIENTED_EDGE ( 'NONE', *, *, #929, .T. ) ;
#1871 = AXIS2_PLACEMENT_3D ( 'NONE', #2498, #767, #2129 ) ;
#1872 = CARTESIAN_POINT ( 'NONE',  ( 15.41241917802772043, 73.74054868020596132, 1.420297096204495386E-06 ) ) ;
#1873 = CARTESIAN_POINT ( 'NONE',  ( 24.71438607743236204, 126.1828097676211655, -3.773684646321930458 ) ) ;
#1874 = CARTESIAN_POINT ( 'NONE',  ( 24.74752139242309923, 119.5635368305769219, 3.552722595976431474 ) ) ;
#1875 = VERTEX_POINT ( 'NONE', #1154 ) ;
#1876 = DIRECTION ( 'NONE',  ( -0.000000000000000000, 1.000000000000000000, -0.000000000000000000 ) ) ;
#1877 = EDGE_LOOP ( 'NONE', ( #1112, #866, #541, #1444 ) ) ;
#1878 = CARTESIAN_POINT ( 'NONE',  ( -24.01622274152420644, 122.4272892297203867, -4.347968646251079150 ) ) ;
#1879 = CARTESIAN_POINT ( 'NONE',  ( -23.68295187793636103, 128.3273639135321105, 1.815546708277268051 ) ) ;
#1880 = ADVANCED_FACE ( 'NONE', ( #1932 ), #745, .T. ) ;
#1881 = CARTESIAN_POINT ( 'NONE',  ( -24.01022169456767585, 122.6915070651549087, 4.374223404520172664 ) ) ;
#1882 = EDGE_CURVE ( 'NONE', #950, #568, #1959, .T. ) ;
#1883 = CARTESIAN_POINT ( 'NONE',  ( -23.14325456713562446, 124.8082526750198866, -5.335821871032720765 ) ) ;
#1884 = ORIENTED_EDGE ( 'NONE', *, *, #645, .F. ) ;
#1885 = DIRECTION ( 'NONE',  ( -1.224650823052107862E-16, 0.000000000000000000, -1.000000000000000000 ) ) ;
#1886 = AXIS2_PLACEMENT_3D ( 'NONE', #588, #608, #1006 ) ;
#1887 = CARTESIAN_POINT ( 'NONE',  ( -24.01021990786661675, 123.2915944551854466, -4.374228461273736990 ) ) ;
#1888 = CARTESIAN_POINT ( 'NONE',  ( 4.335157465272661373E-05, 93.74054868020594711, -18.74999857970291472 ) ) ;
#1889 = ORIENTED_EDGE ( 'NONE', *, *, #1377, .T. ) ;
#1890 = CARTESIAN_POINT ( 'NONE',  ( -24.68478847964691170, 125.9562715893302851, 3.961335908089669289 ) ) ;
#1891 = VERTEX_POINT ( 'NONE', #2343 ) ;
#1892 = CARTESIAN_POINT ( 'NONE',  ( 43.75004335157464652, 122.9905486802060324, -5.624998579702907620 ) ) ;
#1893 = CARTESIAN_POINT ( 'NONE',  ( -23.11782851289597929, 124.4559062770698574, 5.443539784204109111 ) ) ;
#1894 = CARTESIAN_POINT ( 'NONE',  ( 24.62545109384117481, 123.5006934291290435, -4.354103069053585351 ) ) ;
#1895 = DIRECTION ( 'NONE',  ( 0.000000000000000000, 0.000000000000000000, 1.000000000000000000 ) ) ;
#1896 = VERTEX_POINT ( 'NONE', #7 ) ;
#1897 = CARTESIAN_POINT ( 'NONE',  ( -23.20627338851189236, 125.4855328284129286, -5.054710451734407251 ) ) ;
#1898 = DIRECTION ( 'NONE',  ( 1.000000000000000000, 0.000000000000000000, 0.000000000000000000 ) ) ;
#1899 = CARTESIAN_POINT ( 'NONE',  ( 4.335157465272661373E-05, 87.49054868020596132, 1.420297096204495386E-06 ) ) ;
#1900 = CARTESIAN_POINT ( 'NONE',  ( 23.32662694286190330, 119.5555395645472743, -4.469509725144753531 ) ) ;
#1901 = DIRECTION ( 'NONE',  ( -1.000000000000000000, -0.000000000000000000, -0.000000000000000000 ) ) ;
#1902 = ORIENTED_EDGE ( 'NONE', *, *, #2255, .T. ) ;
#1903 = CARTESIAN_POINT ( 'NONE',  ( 4.335157465272661373E-05, 73.74054868020596132, 1.420297096204495386E-06 ) ) ;
#1904 = ADVANCED_FACE ( 'NONE', ( #567 ), #166, .T. ) ;
#1905 = VERTEX_POINT ( 'NONE', #1501 ) ;
#1906 = CARTESIAN_POINT ( 'NONE',  ( -24.63942797369099225, 122.0336293274587547, -4.271406576768352892 ) ) ;
#1907 = DIRECTION ( 'NONE',  ( -0.000000000000000000, 1.000000000000000000, -0.000000000000000000 ) ) ;
#1908 = CARTESIAN_POINT ( 'NONE',  ( 24.48152111734610514, 118.6996864133052156, 0.9003738812270831726 ) ) ;
#1909 = CARTESIAN_POINT ( 'NONE',  ( 24.50129408992510349, 123.3861731405538364, 4.969019631850462915 ) ) ;
#1910 = DIRECTION ( 'NONE',  ( 0.000000000000000000, 0.000000000000000000, -1.000000000000000000 ) ) ;
#1911 = CARTESIAN_POINT ( 'NONE',  ( -24.62189292075180447, 123.2831779166657213, -4.374271856659234459 ) ) ;
#1912 = ORIENTED_EDGE ( 'NONE', *, *, #1013, .T. ) ;
#1913 = DIRECTION ( 'NONE',  ( 0.000000000000000000, 0.000000000000000000, 1.000000000000000000 ) ) ;
#1914 = CARTESIAN_POINT ( 'NONE',  ( 24.44196044941257639, 118.8842000104443599, 1.532173100879833827 ) ) ;
#1915 = ADVANCED_FACE ( 'NONE', ( #1363 ), #540, .T. ) ;
#1916 = CARTESIAN_POINT ( 'NONE',  ( 24.50534959422431669, 122.4019449280143306, 4.948769431617979997 ) ) ;
#1917 = EDGE_CURVE ( 'NONE', #1402, #193, #188, .T. ) ;
#1918 = CARTESIAN_POINT ( 'NONE',  ( 23.14334127804720254, 121.1728450874461487, 5.335824640224940296 ) ) ;
#1919 = CIRCLE ( 'NONE', #793, 5.662375826453063254 ) ;
#1920 = ORIENTED_EDGE ( 'NONE', *, *, #648, .T. ) ;
#1921 = DIRECTION ( 'NONE',  ( -4.577208079500490890E-17, 1.000000000000000000, -0.000000000000000000 ) ) ;
#1922 = ORIENTED_EDGE ( 'NONE', *, *, #2068, .T. ) ;
#1923 = CARTESIAN_POINT ( 'NONE',  ( -24.66555747995212400, 121.4938133331521612, -4.113624290289313201 ) ) ;
#1924 = CARTESIAN_POINT ( 'NONE',  ( 24.25130114194287856, 119.9230611753288684, 3.132490337446822259 ) ) ;
#1925 = CARTESIAN_POINT ( 'NONE',  ( -24.19330975337832257, 125.6682954493746394, -3.471591296834507734 ) ) ;
#1926 = ORIENTED_EDGE ( 'NONE', *, *, #2108, .T. ) ;
#1927 = AXIS2_PLACEMENT_3D ( 'NONE', #245, #44, #1613 ) ;
#1928 = CARTESIAN_POINT ( 'NONE',  ( -24.96980747559826241, 118.2659061825409168, 1.267639349112147373 ) ) ;
#1929 = CARTESIAN_POINT ( 'NONE',  ( 24.05250029323156014, 121.6867379897456374, -4.184438768180444690 ) ) ;
#1930 = CARTESIAN_POINT ( 'NONE',  ( 24.02511025236997710, 122.1794959987016824, 4.308897801495841229 ) ) ;
#1931 = CYLINDRICAL_SURFACE ( 'NONE', #293, 5.625000000000003553 ) ;
#1932 = FACE_OUTER_BOUND ( 'NONE', #1792, .T. ) ;
#1933 = EDGE_LOOP ( 'NONE', ( #674, #2282, #591, #1769 ) ) ;
#1934 = CARTESIAN_POINT ( 'NONE',  ( -24.68435769578613304, 120.0282060378645639, -3.964021568187788169 ) ) ;
#1935 = VECTOR ( 'NONE', #525, 1000.000000000000000 ) ;
#1936 = CARTESIAN_POINT ( 'NONE',  ( 24.35531856659725136, 119.3197430715421774, -2.397441131459411068 ) ) ;
#1937 = CARTESIAN_POINT ( 'NONE',  ( 4.335157465272661373E-05, 127.4905486802060182, 1.420297096204495386E-06 ) ) ;
#1938 = LINE ( 'NONE', #1137, #2393 ) ;
#1939 = ORIENTED_EDGE ( 'NONE', *, *, #2252, .T. ) ;
#1940 = CARTESIAN_POINT ( 'NONE',  ( 4.335157465272661373E-05, 72.99054868020596132, 1.420297096204495386E-06 ) ) ;
#1941 = ADVANCED_FACE ( 'NONE', ( #1325 ), #370, .T. ) ;
#1942 = CARTESIAN_POINT ( 'NONE',  ( 24.45436355278961571, 127.1552220347939084, 1.370331221717433712 ) ) ;
#1943 = CARTESIAN_POINT ( 'NONE',  ( 24.53153780050941535, 121.7744920243913640, 4.817239228614583091 ) ) ;
#1944 = CARTESIAN_POINT ( 'NONE',  ( 24.01543844806064598, 122.4387951984285223, 4.351640163878345291 ) ) ;
#1945 = EDGE_LOOP ( 'NONE', ( #655, #1912, #1103, #2512 ) ) ;
#1946 = CARTESIAN_POINT ( 'NONE',  ( -18.74995664842534637, 122.9905486802060324, 1.420297096204495386E-06 ) ) ;
#1947 = CARTESIAN_POINT ( 'NONE',  ( 24.29332927229579298, 119.6699452101551771, -2.852142293168013598 ) ) ;
#1948 = SURFACE_SIDE_STYLE ('',( #1159 ) ) ;
#1949 = DIRECTION ( 'NONE',  ( 0.000000000000000000, -1.000000000000000000, 0.000000000000000000 ) ) ;
#1950 = CIRCLE ( 'NONE', #1163, 0.5000000000000001110 ) ;
#1951 = ORIENTED_EDGE ( 'NONE', *, *, #427, .T. ) ;
#1952 = CARTESIAN_POINT ( 'NONE',  ( -24.78499761995441375, 119.3113197140829556, -3.279548023535855172 ) ) ;
#1953 = AXIS2_PLACEMENT_3D ( 'NONE', #1960, #1553, #1767 ) ;
#1954 = CARTESIAN_POINT ( 'NONE',  ( 24.49504450865287453, 127.3429746245843006, 0.5282648623446739578 ) ) ;
#1955 = CARTESIAN_POINT ( 'NONE',  ( -43.74995664842534637, 122.9905486802060324, 5.625001420297099486 ) ) ;
#1956 = DIRECTION ( 'NONE',  ( 0.000000000000000000, 0.000000000000000000, 1.000000000000000000 ) ) ;
#1957 = CARTESIAN_POINT ( 'NONE',  ( 24.95375592742878013, 118.3482422029717327, -1.552905708241814953 ) ) ;
#1958 = LINE ( 'NONE', #922, #836 ) ;
#1959 = CIRCLE ( 'NONE', #389, 4.375000000000002665 ) ;
#1960 = CARTESIAN_POINT ( 'NONE',  ( 9.750043351574657180, 74.74054868020596132, 1.420297096204495386E-06 ) ) ;
#1961 = ORIENTED_EDGE ( 'NONE', *, *, #170, .T. ) ;
#1962 = CARTESIAN_POINT ( 'NONE',  ( 4.335157465753335630E-05, 72.99054868020596132, -39.24999857970290407 ) ) ;
#1963 = CIRCLE ( 'NONE', #2295, 25.00000000000000711 ) ;
#1964 = CARTESIAN_POINT ( 'NONE',  ( 24.80961814850577341, 126.0820520275522512, 3.109312897708850443 ) ) ;
#1965 = CARTESIAN_POINT ( 'NONE',  ( 4.335157465272661373E-05, 127.4905486802060182, 1.420297096204495386E-06 ) ) ;
#1966 = VECTOR ( 'NONE', #471, 1000.000000000000000 ) ;
#1967 = DIRECTION ( 'NONE',  ( 0.000000000000000000, 0.000000000000000000, -1.000000000000000000 ) ) ;
#1968 = CARTESIAN_POINT ( 'NONE',  ( 4.335157465272661373E-05, 89.00356083914458338, 1.420297096204495386E-06 ) ) ;
#1969 = CARTESIAN_POINT ( 'NONE',  ( -24.28945383853723428, 126.2933408258082864, -2.883252787389805061 ) ) ;
#1970 = CIRCLE ( 'NONE', #2049, 4.500000000000002665 ) ;
#1971 = ORIENTED_EDGE ( 'NONE', *, *, #1539, .T. ) ;
#1972 = DIRECTION ( 'NONE',  ( 0.000000000000000000, 1.000000000000000000, 0.000000000000000000 ) ) ;
#1973 = AXIS2_PLACEMENT_3D ( 'NONE', #296, #1656, #2232 ) ;
#1974 = CARTESIAN_POINT ( 'NONE',  ( 24.83617783440175941, 126.9819676771582806, 2.860658518897982283 ) ) ;
#1975 = ORIENTED_EDGE ( 'NONE', *, *, #1070, .T. ) ;
#1976 = CARTESIAN_POINT ( 'NONE',  ( -14.24995664842535348, 88.74054868020594711, 1.420297096204495386E-06 ) ) ;
#1977 = FACE_OUTER_BOUND ( 'NONE', #939, .T. ) ;
#1978 = CARTESIAN_POINT ( 'NONE',  ( 4.335157465272661373E-05, 131.2405486802060182, 1.420297096204495386E-06 ) ) ;
#1979 = CARTESIAN_POINT ( 'NONE',  ( -23.37063150212850005, 119.2775692325941748, 4.229435415980941748 ) ) ;
#1980 = EDGE_CURVE ( 'NONE', #1468, #1171, #488, .T. ) ;
#1981 = CARTESIAN_POINT ( 'NONE',  ( -24.45066526272065843, 127.1377152594554474, -1.400781978473237599 ) ) ;
#1982 = EDGE_LOOP ( 'NONE', ( #1431, #1554, #502, #220 ) ) ;
#1983 = EDGE_CURVE ( 'NONE', #2516, #1310, #594, .T. ) ;
#1984 = CIRCLE ( 'NONE', #2075, 40.00000000000000000 ) ;
#1985 = ADVANCED_FACE ( 'NONE', ( #2352 ), #1191, .T. ) ;
#1986 = VERTEX_POINT ( 'NONE', #1005 ) ;
#1987 = AXIS2_PLACEMENT_3D ( 'NONE', #112, #886, #2067 ) ;
#1988 = CARTESIAN_POINT ( 'NONE',  ( 24.21898533184321067, 125.8477944044202275, -3.325401782988984145 ) ) ;
#1989 = CARTESIAN_POINT ( 'NONE',  ( -9.749956648425348149, 74.74054868020594711, 1.420297096204495386E-06 ) ) ;
#1990 = EDGE_CURVE ( 'NONE', #100, #1089, #966, .T. ) ;
#1991 = DIRECTION ( 'NONE',  ( 0.000000000000000000, 0.000000000000000000, 1.000000000000000000 ) ) ;
#1992 = DIRECTION ( 'NONE',  ( 0.000000000000000000, 0.000000000000000000, -1.000000000000000000 ) ) ;
#1993 = CARTESIAN_POINT ( 'NONE',  ( -24.90524011834109075, 127.3769002858229982, -2.194775489121584489 ) ) ;
#1994 = AXIS2_PLACEMENT_3D ( 'NONE', #2538, #189, #759 ) ;
#1995 = ORIENTED_EDGE ( 'NONE', *, *, #1990, .T. ) ;
#1996 = CARTESIAN_POINT ( 'NONE',  ( -24.50022723202028274, 123.3296119993799351, -4.973603119243643178 ) ) ;
#1997 = ORIENTED_EDGE ( 'NONE', *, *, #1025, .F. ) ;
#1998 = ORIENTED_EDGE ( 'NONE', *, *, #1830, .F. ) ;
#1999 = CARTESIAN_POINT ( 'NONE',  ( 24.98864881778444413, 127.2991985533743957, -0.7733656005721641913 ) ) ;
#2000 = CARTESIAN_POINT ( 'NONE',  ( -18.74995664842534637, 122.9905486802060324, -5.624998579702907620 ) ) ;
#2001 = CARTESIAN_POINT ( 'NONE',  ( -23.68302111971398105, 117.6534637164502044, 1.814112146921794011 ) ) ;
#2002 = DIRECTION ( 'NONE',  ( 1.000000000000000000, 0.000000000000000000, 0.000000000000000000 ) ) ;
#2003 = CARTESIAN_POINT ( 'NONE',  ( -24.46858756084693098, 127.2221624930288186, 1.147183007193324000 ) ) ;
#2004 = CARTESIAN_POINT ( 'NONE',  ( -24.90412631718251646, 118.6112652144806106, 2.191629562552298793 ) ) ;
#2005 = CARTESIAN_POINT ( 'NONE',  ( 24.01013237681569379, 122.9905486802055918, -4.374998579702906731 ) ) ;
#2006 = ORIENTED_EDGE ( 'NONE', *, *, #691, .T. ) ;
#2007 = CIRCLE ( 'NONE', #893, 6.250000000000000000 ) ;
#2008 = EDGE_CURVE ( 'NONE', #3, #1905, #2405, .T. ) ;
#2009 = VERTEX_POINT ( 'NONE', #222 ) ;
#2010 = ORIENTED_EDGE ( 'NONE', *, *, #19, .F. ) ;
#2011 = CARTESIAN_POINT ( 'NONE',  ( 23.50285589562445310, 127.4627036242180793, -3.431427230823715036 ) ) ;
#2012 = CARTESIAN_POINT ( 'NONE',  ( 24.96462395258313194, 127.6881417681005928, -1.339756176044223368 ) ) ;
#2013 = CARTESIAN_POINT ( 'NONE',  ( 4.335157465081841791E-05, 88.74054868020594711, 1.420297096204495386E-06 ) ) ;
#2014 = CARTESIAN_POINT ( 'NONE',  ( -24.28905758427991302, 126.2909856225878968, -2.885910472228587320 ) ) ;
#2015 = DIRECTION ( 'NONE',  ( -0.000000000000000000, 1.000000000000000000, -0.000000000000000000 ) ) ;
#2016 = CARTESIAN_POINT ( 'NONE',  ( -24.99445847826579836, 127.3340311446024913, 0.6000060452524766941 ) ) ;
#2017 = CARTESIAN_POINT ( 'NONE',  ( 4.335157465272661373E-05, 93.74054868020594711, 25.00000142029710304 ) ) ;
#2018 = CARTESIAN_POINT ( 'NONE',  ( 24.03089501780145198, 123.9042065994071322, -4.282457296002732505 ) ) ;
#2019 = EDGE_CURVE ( 'NONE', #1027, #987, #473, .T. ) ;
#2020 = ADVANCED_FACE ( 'NONE', ( #1577, #441, #200 ), #1795, .F. ) ;
#2021 = VERTEX_POINT ( 'NONE', #1599 ) ;
#2022 = ORIENTED_EDGE ( 'NONE', *, *, #1761, .T. ) ;
#2023 = CARTESIAN_POINT ( 'NONE',  ( 23.20717005978213621, 125.4935537103364140, -5.051045381341979557 ) ) ;
#2024 = DIRECTION ( 'NONE',  ( -0.000000000000000000, 1.000000000000000000, -0.000000000000000000 ) ) ;
#2025 = CARTESIAN_POINT ( 'NONE',  ( 24.48501149015195466, 118.6837345758469979, -0.8132053900177638184 ) ) ;
#2026 = CARTESIAN_POINT ( 'NONE',  ( -24.31997300452264810, 126.4673485612706543, 2.670821133117343926 ) ) ;
#2027 = FACE_BOUND ( 'NONE', #127, .T. ) ;
#2028 = CARTESIAN_POINT ( 'NONE',  ( -24.00987728957080591, 123.2652602766166012, 4.375745681307911639 ) ) ;
#2029 = CARTESIAN_POINT ( 'NONE',  ( -24.75759383701091210, 120.3562571902828324, 3.504707212582446552 ) ) ;
#2030 = CARTESIAN_POINT ( 'NONE',  ( 4.335157465272661373E-05, 131.2405486802060182, 7.500001420297096821 ) ) ;
#2031 = CARTESIAN_POINT ( 'NONE',  ( 24.62239607038246092, 122.6673408092933357, -4.372017068474490564 ) ) ;
#2032 = AXIS2_PLACEMENT_3D ( 'NONE', #777, #1383, #1405 ) ;
#2033 = ORIENTED_EDGE ( 'NONE', *, *, #268, .T. ) ;
#2034 = ORIENTED_EDGE ( 'NONE', *, *, #1734, .T. ) ;
#2035 = CARTESIAN_POINT ( 'NONE',  ( 23.58375814242281265, 127.8700543619915635, -2.822284308045621248 ) ) ;
#2036 = DIRECTION ( 'NONE',  ( 1.224646799147353207E-16, 5.605463223591679673E-33, -1.000000000000000000 ) ) ;
#2037 = CARTESIAN_POINT ( 'NONE',  ( 24.49533736394107564, 118.6367998188582789, 0.5052384481690334050 ) ) ;
#2038 = CARTESIAN_POINT ( 'NONE',  ( 0.000000000000000000, 0.000000000000000000, 0.000000000000000000 ) ) ;
#2039 = TOROIDAL_SURFACE ( 'NONE', #2369, 18.75000000000001066, 5.000000000000000000 ) ;
#2040 = CARTESIAN_POINT ( 'NONE',  ( 25.00203019053690667, 127.8753508275414532, -0.06504791119095677809 ) ) ;
#2041 = DIRECTION ( 'NONE',  ( 0.000000000000000000, 0.000000000000000000, 1.000000000000000000 ) ) ;
#2042 = CARTESIAN_POINT ( 'NONE',  ( -24.04093418823981665, 124.1194484761747674, 4.236562664626431385 ) ) ;
#2043 = AXIS2_PLACEMENT_3D ( 'NONE', #171, #749, #582 ) ;
#2044 =( BOUNDED_SURFACE ( )  B_SPLINE_SURFACE ( 3, 2, ( 
 ( #942, #1708, #122 ),
 ( #1930, #2494, #897 ),
 ( #723, #1546, #1916 ),
 ( #518, #1305, #2096 ),
 ( #1512, #326, #1725 ),
 ( #2113, #1740, #1321 ),
 ( #2509, #1381, #977 ),
 ( #1174, #198, #175 ),
 ( #783, #989, #378 ),
 ( #6, #2164, #775 ),
 ( #2358, #1575, #1371 ),
 ( #953, #1164, #1752 ),
 ( #1772, #388, #1566 ),
 ( #25, #1964, #1782 ),
 ( #398, #2537, #1187 ),
 ( #187, #792, #1974 ),
 ( #15, #593, #1762 ),
 ( #766, #2341, #577 ),
 ( #586, #208, #1585 ),
 ( #2370, #602, #1391 ),
 ( #1942, #2154, #2351 ),
 ( #1556, #1362, #2144 ),
 ( #1954, #967, #2206 ),
 ( #1234, #1393, #1224 ),
 ( #595, #1421, #1212 ),
 ( #619, #1999, #1773 ),
 ( #1404, #2411, #643 ),
 ( #1794, #1197, #2012 ),
 ( #221, #232, #827 ),
 ( #2191, #784, #27 ),
 ( #1614, #1018, #424 ),
 ( #211, #1382, #992 ),
 ( #17, #1626, #1004 ),
 ( #246, #1433, #2166 ),
 ( #1988, #1598, #2177 ),
 ( #1576, #1190, #399 ),
 ( #35, #630, #2398 ),
 ( #1031, #1820, #2220 ),
 ( #1807, #408, #1785 ),
 ( #56, #606, #814 ) ),
 .UNSPECIFIED., .F., .F., .T. ) 
 B_SPLINE_SURFACE_WITH_KNOTS ( ( 4, 2, 2, 2, 2, 2, 2, 2, 2, 2, 2, 2, 2, 2, 2, 2, 2, 2, 2, 4 ),
 ( 3, 3 ),
 ( 0.000000000000000000, 0.0009545792491354951077, 0.001431868873703242770, 0.001909158498270990215, 0.002863737747406485540, 0.003818316996541980431, 0.004772896245677475321, 0.005727475494812971080, 0.006204765119380718091, 0.006682054743948465970, 0.007636633993083960861, 0.008591213242219456619, 0.009545792491354950643, 0.01002308211592269765, 0.01050037174049044640, 0.01145495098962594216, 0.01240953023876143618, 0.01336410948789693194, 0.01431868873703242770, 0.01527326798616792172 ),
 ( 0.000000000000000000, 1.000000000000000000 ),
 .UNSPECIFIED. ) 
 GEOMETRIC_REPRESENTATION_ITEM ( )  RATIONAL_B_SPLINE_SURFACE ( (
 ( 1.000000000000000000, 0.6377310276208741913, 1.000000000000000000),
 ( 1.000000000000000000, 0.6352369527815213690, 1.000000000000000000),
 ( 1.000000000000000000, 0.6336702990888092302, 1.000000000000000000),
 ( 1.000000000000000000, 0.6328167024198623203, 1.000000000000000000),
 ( 1.000000000000000000, 0.6327813487639109002, 1.000000000000000000),
 ( 1.000000000000000000, 0.6332222614308442576, 1.000000000000000000),
 ( 1.000000000000000000, 0.6337033570279114736, 1.000000000000000000),
 ( 1.000000000000000000, 0.6358622888513614235, 1.000000000000000000),
 ( 1.000000000000000000, 0.6382549288105542340, 1.000000000000000000),
 ( 1.000000000000000000, 0.6446001902517667359, 1.000000000000000000),
 ( 1.000000000000000000, 0.6485827449445633608, 1.000000000000000000),
 ( 1.000000000000000000, 0.6572837406664007176, 1.000000000000000000),
 ( 1.000000000000000000, 0.6620326778004822499, 1.000000000000000000),
 ( 1.000000000000000000, 0.6717773693464877960, 1.000000000000000000),
 ( 1.000000000000000000, 0.6766594767088910389, 1.000000000000000000),
 ( 1.000000000000000000, 0.6834990941619687455, 1.000000000000000000),
 ( 1.000000000000000000, 0.6857050849313303109, 1.000000000000000000),
 ( 1.000000000000000000, 0.6899089233479905880, 1.000000000000000000),
 ( 1.000000000000000000, 0.6919164091367687730, 1.000000000000000000),
 ( 1.000000000000000000, 0.6974334718681673984, 1.000000000000000000),
 ( 1.000000000000000000, 0.7004588097294668358, 1.000000000000000000),
 ( 1.000000000000000000, 0.7049359219464492732, 1.000000000000000000),
 ( 1.000000000000000000, 0.7063815603998661041, 1.000000000000000000),
 ( 1.000000000000000000, 0.7074005112923714700, 1.000000000000000000),
 ( 1.000000000000000000, 0.7070079087134445439, 1.000000000000000000),
 ( 1.000000000000000000, 0.7050757961304863208, 1.000000000000000000),
 ( 1.000000000000000000, 0.7042014738558201037, 1.000000000000000000),
 ( 1.000000000000000000, 0.7020582301010477311, 1.000000000000000000),
 ( 1.000000000000000000, 0.7007877887581974719, 1.000000000000000000),
 ( 1.000000000000000000, 0.6964376031584200710, 1.000000000000000000),
 ( 1.000000000000000000, 0.6927976635680008766, 1.000000000000000000),
 ( 1.000000000000000000, 0.6844659266424502064, 1.000000000000000000),
 ( 1.000000000000000000, 0.6798763453872016527, 1.000000000000000000),
 ( 1.000000000000000000, 0.6703477183181263399, 1.000000000000000000),
 ( 1.000000000000000000, 0.6653541012043489022, 1.000000000000000000),
 ( 1.000000000000000000, 0.6559119405970064154, 1.000000000000000000),
 ( 1.000000000000000000, 0.6514471089891015199, 1.000000000000000000),
 ( 1.000000000000000000, 0.6435833004969725435, 1.000000000000000000),
 ( 1.000000000000000000, 0.6401798936602762780, 1.000000000000000000),
 ( 1.000000000000000000, 0.6377295268123581717, 1.000000000000000000) ) ) 
 REPRESENTATION_ITEM ( '' )  SURFACE ( )  );
#2045 = CARTESIAN_POINT ( 'NONE',  ( -24.95119098414429715, 118.3601647946721442, 1.589799531111589781 ) ) ;
#2046 = CARTESIAN_POINT ( 'NONE',  ( 4.335157465272661373E-05, 72.99054868020596132, 1.420297096204495386E-06 ) ) ;
#2047 = CARTESIAN_POINT ( 'NONE',  ( -24.22408200517393340, 120.1001464724758421, -3.296521696058102968 ) ) ;
#2048 = B_SPLINE_CURVE_WITH_KNOTS ( 'NONE', 3,
 ( #670, #69, #1706, #274, #353, #466, #1246, #453, #926, #2243, #842, #1914, #147, #1235, #2037, #740, #550, #2025, #1057, #82, #854, #1303, #722, #533, #1320, #162, #1739, #2518, #754, #1929, #941, #834, #1648, #873 ),
 .UNSPECIFIED., .F., .F.,
 ( 4, 2, 2, 2, 2, 2, 2, 2, 2, 2, 2, 2, 2, 2, 2, 2, 4 ),
 ( 0.001100491626579111612, 0.001894364211306291419, 0.002688236796033471009, 0.003482109380760651032, 0.004275981965487830189, 0.005069854550215010212, 0.005863727134942189369, 0.006657599719669368525, 0.007451472304396546814, 0.008245344889123725970, 0.009039217473850905127, 0.009833090058578082548, 0.01062696264330525997, 0.01142083522803243913, 0.01221470781275961828, 0.01300858039748679570, 0.01380245298221397313 ),
 .UNSPECIFIED. ) ;
#2049 = AXIS2_PLACEMENT_3D ( 'NONE', #190, #401, #2361 ) ;
#2050 = ORIENTED_EDGE ( 'NONE', *, *, #2111, .F. ) ;
#2051 = CARTESIAN_POINT ( 'NONE',  ( -13.64707096545532217, 72.49054868020596132, 1.420297095690320341E-06 ) ) ;
#2052 = CARTESIAN_POINT ( 'NONE',  ( -23.07647650333017353, 122.6191433029415947, -5.615787684349426101 ) ) ;
#2053 = CARTESIAN_POINT ( 'NONE',  ( -24.49382776729933298, 127.3381677005264692, -0.5672094794494376702 ) ) ;
#2054 = CARTESIAN_POINT ( 'NONE',  ( 4.335157465272661373E-05, 72.49054868020596132, 40.00000142029709593 ) ) ;
#2055 = CARTESIAN_POINT ( 'NONE',  ( -24.71105474508981459, 125.1320200770009876, 3.826003776721853544 ) ) ;
#2056 = ORIENTED_EDGE ( 'NONE', *, *, #735, .T. ) ;
#2057 = CARTESIAN_POINT ( 'NONE',  ( -24.90285267657835533, 119.2177641345571999, 2.220377344777861861 ) ) ;
#2058 = CARTESIAN_POINT ( 'NONE',  ( -3.999956648425348149, 87.49054868020596132, 1.420297096908667333E-06 ) ) ;
#2059 = CARTESIAN_POINT ( 'NONE',  ( 24.62036784764315200, 122.9435089820134976, -4.383640722364793518 ) ) ;
#2060 = CARTESIAN_POINT ( 'NONE',  ( -24.10652259152921317, 121.0391178196376814, 3.926131326390663201 ) ) ;
#2061 = CIRCLE ( 'NONE', #1273, 18.75000000000001066 ) ;
#2062 = ORIENTED_EDGE ( 'NONE', *, *, #165, .T. ) ;
#2063 = CIRCLE ( 'NONE', #952, 7.500000000000000888 ) ;
#2064 = DIRECTION ( 'NONE',  ( -0.000000000000000000, 1.000000000000000000, -0.000000000000000000 ) ) ;
#2065 = EDGE_CURVE ( 'NONE', #2479, #1084, #428, .T. ) ;
#2066 = CARTESIAN_POINT ( 'NONE',  ( 24.69529240801587378, 126.0361896116571643, 3.897997777320033830 ) ) ;
#2067 = DIRECTION ( 'NONE',  ( 0.000000000000000000, 0.000000000000000000, 1.000000000000000000 ) ) ;
#2068 = EDGE_CURVE ( 'NONE', #1276, #641, #1711, .T. ) ;
#2069 = CIRCLE ( 'NONE', #2528, 23.75000000000000711 ) ;
#2070 = ORIENTED_EDGE ( 'NONE', *, *, #1348, .T. ) ;
#2071 = CARTESIAN_POINT ( 'NONE',  ( -24.55000740381360202, 124.5525677669125741, 4.723443430086173400 ) ) ;
#2072 = CARTESIAN_POINT ( 'NONE',  ( -24.50718610333639802, 123.6499877154416112, -4.939650634540019958 ) ) ;
#2073 = CARTESIAN_POINT ( 'NONE',  ( -24.62177010461107685, 123.0016328088371864, -4.374984550763953095 ) ) ;
#2074 = CARTESIAN_POINT ( 'NONE',  ( -23.62054725085326012, 128.0432345205413753, 2.499634858672232340 ) ) ;
#2075 = AXIS2_PLACEMENT_3D ( 'NONE', #2046, #1267, #1024 ) ;
#2076 = CARTESIAN_POINT ( 'NONE',  ( -24.01004567366638653, 122.7007716424883483, -4.374998579702905843 ) ) ;
#2077 = FACE_BOUND ( 'NONE', #563, .T. ) ;
#2078 = VERTEX_POINT ( 'NONE', #390 ) ;
#2079 = CIRCLE ( 'NONE', #829, 5.662375826453065919 ) ;
#2080 = DIRECTION ( 'NONE',  ( 1.000000000000000000, 0.000000000000000000, 0.000000000000000000 ) ) ;
#2081 = ADVANCED_FACE ( 'NONE', ( #1977 ), #2155, .T. ) ;
#2082 = CARTESIAN_POINT ( 'NONE',  ( 23.24509279009859597, 120.1733557319179653, -4.872175409949769609 ) ) ;
#2083 = CARTESIAN_POINT ( 'NONE',  ( 24.81213002690000025, 119.1409269095204166, 3.069179152286394707 ) ) ;
#2084 = EDGE_LOOP ( 'NONE', ( #1500, #2297, #2456, #1054 ) ) ;
#2085 = CARTESIAN_POINT ( 'NONE',  ( 24.20118203260659229, 125.7224895610008986, -3.427200080829252204 ) ) ;
#2086 = CARTESIAN_POINT ( 'NONE',  ( -24.90674918816644734, 127.3850734619652911, -2.177355955937990917 ) ) ;
#2087 = DIRECTION ( 'NONE',  ( -1.000000000000000000, 0.000000000000000000, 0.000000000000000000 ) ) ;
#2088 = CARTESIAN_POINT ( 'NONE',  ( -15.49995664842535348, 96.85241171019551132, 1.420297096204495386E-06 ) ) ;
#2089 = AXIS2_PLACEMENT_3D ( 'NONE', #2354, #1788, #1992 ) ;
#2090 = CYLINDRICAL_SURFACE ( 'NONE', #2187, 4.375000000000002665 ) ;
#2091 = ORIENTED_EDGE ( 'NONE', *, *, #1980, .T. ) ;
#2092 = CARTESIAN_POINT ( 'NONE',  ( -24.62934080398643388, 120.5166228716944374, 4.289499273518363687 ) ) ;
#2093 = VECTOR ( 'NONE', #1241, 1000.000000000000000 ) ;
#2094 = DIRECTION ( 'NONE',  ( -0.000000000000000000, 1.000000000000000000, -0.000000000000000000 ) ) ;
#2095 = ADVANCED_FACE ( 'NONE', ( #2360 ), #1615, .F. ) ;
#2096 = CARTESIAN_POINT ( 'NONE',  ( 24.49986367866830506, 122.8786654193667829, 4.975831869489317327 ) ) ;
#2097 = CARTESIAN_POINT ( 'NONE',  ( 23.73926894684396061, 117.4111875758823658, -0.7385664906620992287 ) ) ;
#2098 = CARTESIAN_POINT ( 'NONE',  ( 24.66719094934142120, 120.1790574705608918, 4.067156546123502636 ) ) ;
#2099 = ORIENTED_EDGE ( 'NONE', *, *, #86, .T. ) ;
#2100 = AXIS2_PLACEMENT_3D ( 'NONE', #2451, #1834, #81 ) ;
#2101 = CARTESIAN_POINT ( 'NONE',  ( 43.75004335157464652, 122.9905486802060324, 1.420297096204495386E-06 ) ) ;
#2102 = ORIENTED_EDGE ( 'NONE', *, *, #2255, .F. ) ;
#2103 = CARTESIAN_POINT ( 'NONE',  ( -24.90312732599740642, 118.6156887379825378, -2.218563617006270583 ) ) ;
#2104 = CARTESIAN_POINT ( 'NONE',  ( 4.335157465272661373E-05, 93.74054868020594711, -18.74999857970291472 ) ) ;
#2105 = CARTESIAN_POINT ( 'NONE',  ( 24.98496876983413628, 118.1897143057573487, -0.9234668857203168768 ) ) ;
#2106 = DIRECTION ( 'NONE',  ( 1.000000000000000000, -0.000000000000000000, -0.000000000000000000 ) ) ;
#2107 = DIRECTION ( 'NONE',  ( 0.000000000000000000, 0.000000000000000000, -1.000000000000000000 ) ) ;
#2108 = EDGE_CURVE ( 'NONE', #568, #950, #1292, .T. ) ;
#2109 = EDGE_LOOP ( 'NONE', ( #2203, #151, #629, #1939 ) ) ;
#2110 = CARTESIAN_POINT ( 'NONE',  ( -24.99333764883677489, 118.1478671801408495, -0.6574894483607599538 ) ) ;
#2111 = EDGE_CURVE ( 'NONE', #1986, #2327, #1622, .T. ) ;
#2112 = DIRECTION ( 'NONE',  ( -0.000000000000000000, 1.000000000000000000, -0.000000000000000000 ) ) ;
#2113 = CARTESIAN_POINT ( 'NONE',  ( 24.01242145852007326, 123.3210375732070503, 4.364875961568048801 ) ) ;
#2114 = CARTESIAN_POINT ( 'NONE',  ( 23.32622815104184966, 119.5580994039507061, 4.471628463842027834 ) ) ;
#2115 = CARTESIAN_POINT ( 'NONE',  ( 24.62221489853792988, 120.5868120973002959, 4.330840357729240253 ) ) ;
#2116 = EDGE_LOOP ( 'NONE', ( #337, #1638, #210, #1997 ) ) ;
#2117 = DIRECTION ( 'NONE',  ( 0.000000000000000000, 0.000000000000000000, -1.000000000000000000 ) ) ;
#2118 = ORIENTED_EDGE ( 'NONE', *, *, #911, .F. ) ;
#2119 = CARTESIAN_POINT ( 'NONE',  ( -24.99319925151237243, 118.1485379705206498, -0.6641455057951496377 ) ) ;
#2120 = CARTESIAN_POINT ( 'NONE',  ( 24.99576612917782015, 118.6403060272602090, 0.4872173056902112664 ) ) ;
#2121 = DIRECTION ( 'NONE',  ( 0.000000000000000000, 1.000000000000000000, 0.000000000000000000 ) ) ;
#2122 = CARTESIAN_POINT ( 'NONE',  ( -24.64477742706964847, 124.1053964579931801, -4.239769106245386610 ) ) ;
#2123 = CIRCLE ( 'NONE', #998, 0.7500000000000006661 ) ;
#2124 = ORIENTED_EDGE ( 'NONE', *, *, #483, .F. ) ;
#2125 = CARTESIAN_POINT ( 'NONE',  ( -24.82030077701989157, 119.0919783740361595, 3.003975362205858701 ) ) ;
#2126 = FACE_OUTER_BOUND ( 'NONE', #924, .T. ) ;
#2127 = CARTESIAN_POINT ( 'NONE',  ( -19.99995664842534637, 122.9905486802060324, -4.374998579702906731 ) ) ;
#2128 = CARTESIAN_POINT ( 'NONE',  ( 23.70780892890536151, 117.5461774082053523, 1.461170785093350855 ) ) ;
#2129 = DIRECTION ( 'NONE',  ( 0.000000000000000000, 0.000000000000000000, -1.000000000000000000 ) ) ;
#2130 = EDGE_LOOP ( 'NONE', ( #2091, #1341, #752, #2409, #692 ) ) ;
#2131 = CARTESIAN_POINT ( 'NONE',  ( -24.40506391291471999, 119.0643923218600264, -1.951198086877331317 ) ) ;
#2132 = CARTESIAN_POINT ( 'NONE',  ( 24.71336792894902601, 119.8058299713977277, 3.780324032244021026 ) ) ;
#2133 = FACE_OUTER_BOUND ( 'NONE', #1208, .T. ) ;
#2134 = ORIENTED_EDGE ( 'NONE', *, *, #2385, .T. ) ;
#2135 = CARTESIAN_POINT ( 'NONE',  ( -24.87733651660854761, 118.7570787348683581, -2.488013660227253787 ) ) ;
#2136 = CARTESIAN_POINT ( 'NONE',  ( -9.749956648425349925, 87.49054868020596132, 1.420297096204495386E-06 ) ) ;
#2137 = DIRECTION ( 'NONE',  ( -1.000000000000000000, 0.000000000000000000, 0.000000000000000000 ) ) ;
#2138 = ORIENTED_EDGE ( 'NONE', *, *, #2532, .T. ) ;
#2139 = CARTESIAN_POINT ( 'NONE',  ( 4.335157465272661373E-05, 127.4905486802060182, 1.420297096204495386E-06 ) ) ;
#2140 = CARTESIAN_POINT ( 'NONE',  ( 24.49502259856694053, 118.6382217086921713, -0.5300034896519058014 ) ) ;
#2141 = CYLINDRICAL_SURFACE ( 'NONE', #2043, 4.500000000000000888 ) ;
#2142 = CARTESIAN_POINT ( 'NONE',  ( -24.65828215772107157, 124.3772764148293817, -4.159226273357430337 ) ) ;
#2143 = ORIENTED_EDGE ( 'NONE', *, *, #1527, .T. ) ;
#2144 = CARTESIAN_POINT ( 'NONE',  ( 24.98477013715151784, 127.7903956040449032, 0.9288053144113469495 ) ) ;
#2145 =( BOUNDED_SURFACE ( )  B_SPLINE_SURFACE ( 3, 2, ( 
 ( #2310, #948, #2355 ),
 ( #1148, #1911, #590 ),
 ( #1522, #1367, #1357 ),
 ( #1746, #2122, #1124 ),
 ( #1719, #2142, #1160 ),
 ( #184, #2150, #1330 ),
 ( #2530, #2504, #350 ),
 ( #1925, #763, #2376 ),
 ( #1204, #1194, #1799 ),
 ( #1969, #1604, #38 ),
 ( #432, #60, #2389 ),
 ( #1581, #444, #1228 ),
 ( #251, #1825, #1993 ),
 ( #624, #225, #1217 ),
 ( #1981, #788, #986 ),
 ( #1412, #1036, #1812 ),
 ( #1009, #2195, #2365 ),
 ( #236, #205, #215 ),
 ( #999, #833, #1789 ),
 ( #1022, #2212, #1631 ),
 ( #2416, #2016, #30 ),
 ( #2003, #2170, #49 ),
 ( #22, #1778, #610 ),
 ( #799, #1397, #1387 ),
 ( #807, #649, #819 ),
 ( #1438, #1592, #599 ),
 ( #1617, #404, #2402 ),
 ( #635, #1425, #393 ),
 ( #1181, #2183, #414 ),
 ( #683, #1239, #1862 ),
 ( #99, #1104, #1890 ),
 ( #263, #2055, #1672 ),
 ( #1090, #1277, #1263 ),
 ( #73, #287, #2071 ),
 ( #2042, #2455, #2428 ),
 ( #494, #1450, #1473 ),
 ( #2028, #314, #1463 ),
 ( #510, #2260, #2235 ) ),
 .UNSPECIFIED., .F., .F., .T. ) 
 B_SPLINE_SURFACE_WITH_KNOTS ( ( 4, 2, 2, 2, 2, 2, 2, 2, 2, 2, 2, 2, 2, 2, 2, 2, 2, 2, 4 ),
 ( 3, 3 ),
 ( 0.000000000000000000, 0.0009549941074119537056, 0.001909988214823907411, 0.002864982322235861117, 0.003819976429647814822, 0.004774970537059768094, 0.005729964644471722233, 0.006207461698177698869, 0.006684958751883676373, 0.007639952859295629645, 0.008594946966707582917, 0.009549941074119536188, 0.01002743812782551369, 0.01050493518153149120, 0.01145992928894344447, 0.01241492339635539774, 0.01336991750376735275, 0.01432491161117930602, 0.01527990571859125929 ),
 ( 0.000000000000000000, 1.000000000000000000 ),
 .UNSPECIFIED. ) 
 GEOMETRIC_REPRESENTATION_ITEM ( )  RATIONAL_B_SPLINE_SURFACE ( (
 ( 1.000000000000000000, 0.6328592896842808457, 1.000000000000000000),
 ( 1.000000000000000000, 0.6328859174278333999, 1.000000000000000000),
 ( 1.000000000000000000, 0.6339492098855403768, 1.000000000000000000),
 ( 1.000000000000000000, 0.6379120956317101410, 1.000000000000000000),
 ( 1.000000000000000000, 0.6408583037225080714, 1.000000000000000000),
 ( 1.000000000000000000, 0.6480589307762404383, 1.000000000000000000),
 ( 1.000000000000000000, 0.6522841083276420537, 1.000000000000000000),
 ( 1.000000000000000000, 0.6614446272448062381, 1.000000000000000000),
 ( 1.000000000000000000, 0.6663956933594268328, 1.000000000000000000),
 ( 1.000000000000000000, 0.6760358132234123296, 1.000000000000000000),
 ( 1.000000000000000000, 0.6807770994962417666, 1.000000000000000000),
 ( 1.000000000000000000, 0.6895847346642666187, 1.000000000000000000),
 ( 1.000000000000000000, 0.6935447046954382744, 1.000000000000000000),
 ( 1.000000000000000000, 0.6984567731079182051, 1.000000000000000000),
 ( 1.000000000000000000, 0.6999288865538758619, 1.000000000000000000),
 ( 1.000000000000000000, 0.7025003268876620632, 1.000000000000000000),
 ( 1.000000000000000000, 0.7036038907182685653, 1.000000000000000000),
 ( 1.000000000000000000, 0.7062433006653819900, 1.000000000000000000),
 ( 1.000000000000000000, 0.7071256592876671299, 1.000000000000000000),
 ( 1.000000000000000000, 0.7070872918029698084, 1.000000000000000000),
 ( 1.000000000000000000, 0.7061358160570808673, 1.000000000000000000),
 ( 1.000000000000000000, 0.7025468085798171058, 1.000000000000000000),
 ( 1.000000000000000000, 0.6999247623455598921, 1.000000000000000000),
 ( 1.000000000000000000, 0.6949244760069589466, 1.000000000000000000),
 ( 1.000000000000000000, 0.6930730183324519400, 1.000000000000000000),
 ( 1.000000000000000000, 0.6891374499265446874, 1.000000000000000000),
 ( 1.000000000000000000, 0.6870454146857526423, 1.000000000000000000),
 ( 1.000000000000000000, 0.6804826917123832919, 1.000000000000000000),
 ( 1.000000000000000000, 0.6756958597335893657, 1.000000000000000000),
 ( 1.000000000000000000, 0.6659531337893696001, 1.000000000000000000),
 ( 1.000000000000000000, 0.6611047736592278179, 1.000000000000000000),
 ( 1.000000000000000000, 0.6520067220072655045, 1.000000000000000000),
 ( 1.000000000000000000, 0.6477191663790334841, 1.000000000000000000),
 ( 1.000000000000000000, 0.6406037222961203925, 1.000000000000000000),
 ( 1.000000000000000000, 0.6377513381859502006, 1.000000000000000000),
 ( 1.000000000000000000, 0.6338524887510647021, 1.000000000000000000),
 ( 1.000000000000000000, 0.6328172872032327145, 1.000000000000000000),
 ( 1.000000000000000000, 0.6328593085570803911, 1.000000000000000000) ) ) 
 REPRESENTATION_ITEM ( '' )  SURFACE ( )  );
#2146 = FACE_OUTER_BOUND ( 'NONE', #1494, .T. ) ;
#2147 = DIRECTION ( 'NONE',  ( 1.000000000000000000, 0.000000000000000000, 1.224646799147353207E-16 ) ) ;
#2148 = CARTESIAN_POINT ( 'NONE',  ( 24.45468167614948030, 118.8243762003077677, -1.365760490282352357 ) ) ;
#2149 = CARTESIAN_POINT ( 'NONE',  ( -24.01004567366639009, 122.9905486802060324, -4.374998579702906731 ) ) ;
#2150 = CARTESIAN_POINT ( 'NONE',  ( -24.69221864798863919, 124.8989471948744665, -3.947059578423528947 ) ) ;
#2151 = ORIENTED_EDGE ( 'NONE', *, *, #52, .F. ) ;
#2152 = CARTESIAN_POINT ( 'NONE',  ( 14.25004335157465718, 74.74054868020596132, 1.420297096755586456E-06 ) ) ;
#2153 = AXIS2_PLACEMENT_3D ( 'NONE', #2136, #2268, #566 ) ;
#2154 = CARTESIAN_POINT ( 'NONE',  ( 24.96289622961130661, 127.1458686461139536, 1.400169466946052932 ) ) ;
#2155 = CYLINDRICAL_SURFACE ( 'NONE', #307, 7.500000000000000888 ) ;
#2156 = CARTESIAN_POINT ( 'NONE',  ( 4.335157465272661373E-05, 126.2405486802060040, 7.500001420297096821 ) ) ;
#2157 = CARTESIAN_POINT ( 'NONE',  ( 24.67093123569479474, 121.3915738207259523, 4.082317227878125898 ) ) ;
#2158 = CARTESIAN_POINT ( 'NONE',  ( -23.14324905848214087, 121.1722300836491542, 5.335900507263554360 ) ) ;
#2159 = AXIS2_PLACEMENT_3D ( 'NONE', #1198, #631, #2207 ) ;
#2160 = CARTESIAN_POINT ( 'NONE',  ( -9.749956648425348149, 74.74054868020594711, 1.420297096204495386E-06 ) ) ;
#2161 = VERTEX_POINT ( 'NONE', #2000 ) ;
#2162 = CARTESIAN_POINT ( 'NONE',  ( -24.50649371075889960, 122.3561889956816060, -4.943061587430014114 ) ) ;
#2163 = PRESENTATION_LAYER_ASSIGNMENT (  '', '', ( #724 ) ) ;
#2164 = CARTESIAN_POINT ( 'NONE',  ( 24.67594538098204637, 124.6684325705028584, 4.050322747371829735 ) ) ;
#2165 = ADVANCED_FACE ( 'NONE', ( #233, #1019 ), #1176, .F. ) ;
#2166 = CARTESIAN_POINT ( 'NONE',  ( 24.74679054359220487, 126.4124980373485272, -3.557769141209523145 ) ) ;
#2167 = CARTESIAN_POINT ( 'NONE',  ( 4.335157465272661373E-05, 89.00356083914458338, 1.420297096204495386E-06 ) ) ;
#2168 = CIRCLE ( 'NONE', #1100, 5.750000000000000000 ) ;
#2169 = CARTESIAN_POINT ( 'NONE',  ( 9.750043351574657180, 73.74054868020596132, 1.420297096204495386E-06 ) ) ;
#2170 = CARTESIAN_POINT ( 'NONE',  ( -24.97441659617296494, 127.2156893160354798, 1.172768303296248371 ) ) ;
#2171 = VERTEX_POINT ( 'NONE', #1568 ) ;
#2172 = EDGE_CURVE ( 'NONE', #1257, #1027, #1919, .T. ) ;
#2173 = AXIS2_PLACEMENT_3D ( 'NONE', #2465, #1245, #2436 ) ;
#2174 = CARTESIAN_POINT ( 'NONE',  ( 24.53153780050941535, 121.7744920243913640, 4.817239228614583091 ) ) ;
#2175 = ADVANCED_FACE ( 'NONE', ( #607 ), #1394, .T. ) ;
#2176 = EDGE_LOOP ( 'NONE', ( #26, #1150, #2022, #244, #611 ) ) ;
#2177 = CARTESIAN_POINT ( 'NONE',  ( 24.71324945457877931, 126.1743367725459990, -3.781069276947819358 ) ) ;
#2178 = DIRECTION ( 'NONE',  ( -9.132992791234630738E-17, 1.000000000000000000, -0.000000000000000000 ) ) ;
#2179 = CARTESIAN_POINT ( 'NONE',  ( 4.335157465355325013E-05, 131.9905486802060182, -6.749998579702904955 ) ) ;
#2180 = CARTESIAN_POINT ( 'NONE',  ( 24.12898681375329701, 120.8404536430455778, 3.812907930892487141 ) ) ;
#2181 = AXIS2_PLACEMENT_3D ( 'NONE', #2427, #2441, #285 ) ;
#2182 = FACE_BOUND ( 'NONE', #1264, .T. ) ;
#2183 = CARTESIAN_POINT ( 'NONE',  ( -24.82974879298932436, 126.2425380041328111, 2.941093706865810287 ) ) ;
#2184 = EDGE_LOOP ( 'NONE', ( #916, #1779, #1975, #13 ) ) ;
#2185 = CIRCLE ( 'NONE', #182, 5.750000000000000000 ) ;
#2186 = VECTOR ( 'NONE', #317, 1000.000000000000000 ) ;
#2187 = AXIS2_PLACEMENT_3D ( 'NONE', #320, #1109, #1895 ) ;
#2188 = ORIENTED_EDGE ( 'NONE', *, *, #549, .F. ) ;
#2189 = ORIENTED_EDGE ( 'NONE', *, *, #614, .T. ) ;
#2190 = CARTESIAN_POINT ( 'NONE',  ( 23.32702985174205779, 126.4178211212793030, 4.464116515229135551 ) ) ;
#2191 = CARTESIAN_POINT ( 'NONE',  ( 24.42689968955136237, 127.0237855305997527, -1.719006189458243128 ) ) ;
#2192 = DIRECTION ( 'NONE',  ( -0.000000000000000000, 1.000000000000000000, -0.000000000000000000 ) ) ;
#2193 = CARTESIAN_POINT ( 'NONE',  ( -23.30605030503144093, 119.7080601448570576, 4.571570803861654042 ) ) ;
#2194 = CARTESIAN_POINT ( 'NONE',  ( 4.335157465272661373E-05, 132.4905486802060182, 1.420297096204495386E-06 ) ) ;
#2195 = CARTESIAN_POINT ( 'NONE',  ( -24.98033748161871515, 127.2506794852842802, -1.007012642176757788 ) ) ;
#2196 = CARTESIAN_POINT ( 'NONE',  ( -24.37957073327172353, 119.1950569038957610, 2.180694981102772267 ) ) ;
#2197 = CARTESIAN_POINT ( 'NONE',  ( -24.01004625430624628, 122.9847448514721435, 4.374998853868222071 ) ) ;
#2198 = B_SPLINE_CURVE_WITH_KNOTS ( 'NONE', 3,
 ( #515, #2076, #877, #118, #907, #861, #2239, #2251, #2047, #487, #1855, #703, #1691, #1677, #1283, #474, #2459, #2475, #849, #2447, #306, #677, #1316, #281, #688, #1479, #2265, #2279, #2060, #1299, #77, #131, #1881, #291 ),
 .UNSPECIFIED., .F., .F.,
 ( 4, 2, 2, 2, 2, 2, 2, 2, 2, 2, 2, 2, 2, 2, 2, 2, 4 ),
 ( 0.000000000000000000, 0.0008565708538266437935, 0.001713141707653287587, 0.002569712561479930296, 0.003426283415306573439, 0.004282854269133215715, 0.005139425122959859725, 0.005995995976786502001, 0.006852566830613145143, 0.007709137684439787419, 0.008565708538266429695, 0.009422279392093075440, 0.01027885024591971945, 0.01113542109974636173, 0.01199199195357300574, 0.01284856280739964975, 0.01370513366122629376 ),
 .UNSPECIFIED. ) ;
#2199 = CARTESIAN_POINT ( 'NONE',  ( 24.51527898049539189, 122.0894926176885491, 4.900036293818953226 ) ) ;
#2200 = AXIS2_PLACEMENT_3D ( 'NONE', #359, #1921, #152 ) ;
#2201 = EDGE_CURVE ( 'NONE', #1310, #2516, #565, .T. ) ;
#2202 = VERTEX_POINT ( 'NONE', #2508 ) ;
#2203 = ORIENTED_EDGE ( 'NONE', *, *, #2362, .F. ) ;
#2204 = ORIENTED_EDGE ( 'NONE', *, *, #475, .T. ) ;
#2205 = CARTESIAN_POINT ( 'NONE',  ( 23.07656302327992037, 123.3619449044537788, 5.615791278755567717 ) ) ;
#2206 = CARTESIAN_POINT ( 'NONE',  ( 24.99494249148159852, 127.8403947320000356, 0.6006508150163417659 ) ) ;
#2207 = DIRECTION ( 'NONE',  ( 0.000000000000000000, 0.000000000000000000, 1.000000000000000000 ) ) ;
#2208 = ADVANCED_FACE ( 'NONE', ( #1510 ), #105, .T. ) ;
#2209 = CARTESIAN_POINT ( 'NONE',  ( 24.73049138178977557, 120.6404071714031119, 3.693276404696784088 ) ) ;
#2210 = CARTESIAN_POINT ( 'NONE',  ( -24.01004567366640075, 123.2779909731726065, 4.375001420297098598 ) ) ;
#2211 = CARTESIAN_POINT ( 'NONE',  ( 4.335157465272661373E-05, 131.9905486802060182, 1.420297096204495386E-06 ) ) ;
#2212 = CARTESIAN_POINT ( 'NONE',  ( -24.99984710009221445, 127.3649150862124344, 0.3020263159106822415 ) ) ;
#2213 = CARTESIAN_POINT ( 'NONE',  ( -24.89167346736380182, 119.2932062220536977, 2.343734827945656018 ) ) ;
#2214 = FACE_OUTER_BOUND ( 'NONE', #140, .T. ) ;
#2215 = AXIS2_PLACEMENT_3D ( 'NONE', #1978, #1167, #391 ) ;
#2216 = CIRCLE ( 'NONE', #1111, 23.75000000000000711 ) ;
#2217 = ORIENTED_EDGE ( 'NONE', *, *, #1453, .F. ) ;
#2218 = EDGE_LOOP ( 'NONE', ( #1784, #2006, #255, #1392 ) ) ;
#2219 = CARTESIAN_POINT ( 'NONE',  ( 23.30613687346455976, 126.2730362712325984, -4.571568652897540552 ) ) ;
#2220 = CARTESIAN_POINT ( 'NONE',  ( 24.56945773704645575, 124.8205322696400970, -4.622174651648367494 ) ) ;
#2221 = CARTESIAN_POINT ( 'NONE',  ( 4.335157465272661373E-05, 89.00356083914458338, 1.420297096204495386E-06 ) ) ;
#2222 = PRODUCT_CONTEXT ( 'NONE', #199, 'mechanical' ) ;
#2223 = CARTESIAN_POINT ( 'NONE',  ( -24.13304439848566929, 125.1869793786753746, 3.794360544247584510 ) ) ;
#2224 = CARTESIAN_POINT ( 'NONE',  ( 15.50004335157465718, 87.49054868020596132, 1.420297096908667333E-06 ) ) ;
#2225 = CARTESIAN_POINT ( 'NONE',  ( 24.11595733003259312, 125.0280738928880027, 3.880426470636515912 ) ) ;
#2226 = EDGE_CURVE ( 'NONE', #113, #1119, #479, .T. ) ;
#2227 = CARTESIAN_POINT ( 'NONE',  ( 9.750043351574658956, 74.74054868020596132, 1.420297096204495386E-06 ) ) ;
#2228 = CARTESIAN_POINT ( 'NONE',  ( 24.01513943069435086, 123.5157343673572541, -4.352838103725779284 ) ) ;
#2229 = EDGE_LOOP ( 'NONE', ( #1388, #329, #64, #1819 ) ) ;
#2230 = EDGE_LOOP ( 'NONE', ( #2273, #975, #944, #269 ) ) ;
#2231 = CARTESIAN_POINT ( 'NONE',  ( 4.335157465272661373E-05, 93.74054868020594711, 1.420297096204495386E-06 ) ) ;
#2232 = DIRECTION ( 'NONE',  ( -1.224650823052108109E-16, 0.000000000000000000, -1.000000000000000000 ) ) ;
#2233 = DIRECTION ( 'NONE',  ( 0.000000000000000000, -1.000000000000000000, 0.000000000000000000 ) ) ;
#2234 = CARTESIAN_POINT ( 'NONE',  ( -24.19212930859784549, 125.6596189636292848, 3.478152192881807547 ) ) ;
#2235 = CARTESIAN_POINT ( 'NONE',  ( -24.50005104545644485, 122.9776144201840253, 4.974473707541815060 ) ) ;
#2236 = CARTESIAN_POINT ( 'NONE',  ( -24.01004915751581947, 122.9789410109719228, 4.374986021643136880 ) ) ;
#2237 = DIRECTION ( 'NONE',  ( -1.000000000000000000, 0.000000000000000000, 0.000000000000000000 ) ) ;
#2238 = CARTESIAN_POINT ( 'NONE',  ( 24.57642619696706987, 121.0708078801778527, -4.584041876912269053 ) ) ;
#2239 = CARTESIAN_POINT ( 'NONE',  ( -24.13253641613446376, 120.7985407466894401, -3.796964660037881689 ) ) ;
#2240 = EDGE_LOOP ( 'NONE', ( #2261, #2378, #2476, #2124 ) ) ;
#2241 = CARTESIAN_POINT ( 'NONE',  ( 23.24455855263632031, 125.8147850322657035, 4.878324431708208841 ) ) ;
#2242 = CARTESIAN_POINT ( 'NONE',  ( -23.07422532589367137, 122.9905486802064019, -5.624998579703373025 ) ) ;
#2243 = CARTESIAN_POINT ( 'NONE',  ( 24.37360316327651333, 119.2242505236515910, 2.241674867099469726 ) ) ;
#2244 = ADVANCED_FACE ( 'NONE', ( #2313 ), #2412, .T. ) ;
#2245 = CARTESIAN_POINT ( 'NONE',  ( -24.49991081480205679, 127.3653419617750160, 0.2892278673112586018 ) ) ;
#2246 = FACE_OUTER_BOUND ( 'NONE', #1982, .T. ) ;
#2247 = DIRECTION ( 'NONE',  ( -1.000000000000000000, 0.000000000000000000, 0.000000000000000000 ) ) ;
#2248 = CARTESIAN_POINT ( 'NONE',  ( -24.87971052585172771, 127.2373506615185619, -2.464319723514317495 ) ) ;
#2249 = CARTESIAN_POINT ( 'NONE',  ( -24.65826928850820110, 121.6040659825141432, 4.159306467755315317 ) ) ;
#2250 = DIRECTION ( 'NONE',  ( 0.000000000000000000, 0.000000000000000000, 1.000000000000000000 ) ) ;
#2251 = CARTESIAN_POINT ( 'NONE',  ( -24.19171167389253441, 120.3244655179208422, -3.480494344330876011 ) ) ;
#2252 = EDGE_CURVE ( 'NONE', #405, #1730, #1315, .T. ) ;
#2253 = ADVANCED_FACE ( 'NONE', ( #644 ), #2491, .F. ) ;
#2254 = AXIS2_PLACEMENT_3D ( 'NONE', #2038, #2413, #2384 ) ;
#2255 = EDGE_CURVE ( 'NONE', #531, #1155, #2462, .T. ) ;
#2256 = EDGE_LOOP ( 'NONE', ( #539, #2050, #1802, #1611 ) ) ;
#2257 = CARTESIAN_POINT ( 'NONE',  ( 24.62169925223859934, 125.4025335145545768, -4.335323401828268253 ) ) ;
#2258 = CARTESIAN_POINT ( 'NONE',  ( 24.98569175637515016, 118.1861358429720354, -0.9028566370644117711 ) ) ;
#2259 = ORIENTED_EDGE ( 'NONE', *, *, #252, .F. ) ;
#2260 = CARTESIAN_POINT ( 'NONE',  ( -24.62177018998213285, 122.9792705433467432, 4.374986895955427890 ) ) ;
#2261 = ORIENTED_EDGE ( 'NONE', *, *, #2281, .F. ) ;
#2262 = CARTESIAN_POINT ( 'NONE',  ( -24.19066967419932013, 120.3320360522184416, -3.486305977541324985 ) ) ;
#2263 = CARTESIAN_POINT ( 'NONE',  ( -24.01004567366639009, 122.9905486802060466, 4.375001420297099486 ) ) ;
#2264 = CARTESIAN_POINT ( 'NONE',  ( 24.19785601345348880, 120.2826619141376767, -3.448020813606777590 ) ) ;
#2265 = CARTESIAN_POINT ( 'NONE',  ( -24.19340642375832928, 120.3122125409546470, 3.471018537897852863 ) ) ;
#2266 = LINE ( 'NONE', #548, #1750 ) ;
#2267 = ORIENTED_EDGE ( 'NONE', *, *, #427, .F. ) ;
#2268 = DIRECTION ( 'NONE',  ( 0.000000000000000000, -1.000000000000000000, 0.000000000000000000 ) ) ;
#2269 = CARTESIAN_POINT ( 'NONE',  ( -23.14299280099811185, 121.1753798534291775, -5.337010642845119612 ) ) ;
#2270 = CARTESIAN_POINT ( 'NONE',  ( 23.50296621514957351, 118.5178273793414974, -3.430635174024197820 ) ) ;
#2271 = CARTESIAN_POINT ( 'NONE',  ( 24.50115242811726546, 122.6032758436144974, -4.969709885052982834 ) ) ;
#2272 = AXIS2_PLACEMENT_3D ( 'NONE', #1842, #1651, #665 ) ;
#2273 = ORIENTED_EDGE ( 'NONE', *, *, #420, .T. ) ;
#2274 = CARTESIAN_POINT ( 'NONE',  ( 24.49538391453983266, 127.3445080221830779, -0.5028027229556889521 ) ) ;
#2275 = CARTESIAN_POINT ( 'NONE',  ( -24.60023132325891382, 125.1840405952514601, -4.454586273235750404 ) ) ;
#2276 = CARTESIAN_POINT ( 'NONE',  ( -24.59649411093563032, 120.8377740691338005, -4.475075698264030066 ) ) ;
#2277 = CARTESIAN_POINT ( 'NONE',  ( -23.58373264401305747, 127.8704076604624476, -2.821983162745097751 ) ) ;
#2278 = CIRCLE ( 'NONE', #1496, 5.000000000000000888 ) ;
#2279 = CARTESIAN_POINT ( 'NONE',  ( -24.13420377697965336, 120.7839319176217145, 3.788442625935569019 ) ) ;
#2280 = B_SPLINE_CURVE_WITH_KNOTS ( 'NONE', 3,
 ( #1093, #304, #1107, #1893, #526, #1520, #1121, #102, #129, #1701, #1312, #874, #333, #2487, #2074, #1879, #117, #2501, #891, #2473, #290, #142, #715, #920, #1716, #732, #2277, #701, #2458, #1077, #686, #1492, #517, #146, #1897, #1883, #2490, #500, #106, #2298 ),
 .UNSPECIFIED., .F., .F.,
 ( 4, 2, 2, 2, 2, 2, 2, 2, 2, 2, 2, 2, 2, 2, 2, 2, 2, 2, 2, 4 ),
 ( 0.0007237691661594970521, 0.001827158836555397604, 0.002930548506951298048, 0.003482243342149247620, 0.004033938177347196757, 0.005137327847743028246, 0.006240717518138859735, 0.007344107188534691223, 0.008447496858930524447, 0.008999191694128447563, 0.009550886529326370680, 0.01065427619972221865, 0.01175766587011806488, 0.01286105554051391285, 0.01341275037571183597, 0.01396444521090975908, 0.01506783488130560705, 0.01617122455170145676, 0.01727461422209730299, 0.01837800389249314922 ),
 .UNSPECIFIED. ) ;
#2281 = EDGE_CURVE ( 'NONE', #2505, #1119, #2345, .T. ) ;
#2282 = ORIENTED_EDGE ( 'NONE', *, *, #1110, .T. ) ;
#2283 = CARTESIAN_POINT ( 'NONE',  ( -24.60148252661972990, 120.7989439033780599, 4.446492191627354984 ) ) ;
#2284 = CIRCLE ( 'NONE', #1994, 0.4999999999999995559 ) ;
#2285 = DIRECTION ( 'NONE',  ( -0.000000000000000000, 1.000000000000000000, -0.000000000000000000 ) ) ;
#2286 = CARTESIAN_POINT ( 'NONE',  ( -24.01004567366639009, 122.9905486802060324, -4.374998579702906731 ) ) ;
#2287 = CARTESIAN_POINT ( 'NONE',  ( 24.84397306043495135, 118.9508064050553600, 2.803075805139609411 ) ) ;
#2288 = ADVANCED_FACE ( 'NONE', ( #2126 ), #687, .T. ) ;
#2289 = CARTESIAN_POINT ( 'NONE',  ( -43.74995664842534637, 122.9905486802060324, 1.420297096204495386E-06 ) ) ;
#2290 = ORIENTED_EDGE ( 'NONE', *, *, #260, .F. ) ;
#2291 = CARTESIAN_POINT ( 'NONE',  ( -24.52503350642648172, 121.8947609220204242, -4.849908111526809229 ) ) ;
#2292 = CARTESIAN_POINT ( 'NONE',  ( 4.335157465364510238E-05, 127.4905486802060182, -7.499998579702904067 ) ) ;
#2293 = CARTESIAN_POINT ( 'NONE',  ( 24.94036664851380536, 118.9741408553900754, 1.759933829364730196 ) ) ;
#2294 = EDGE_CURVE ( 'NONE', #1171, #1844, #2048, .T. ) ;
#2295 = AXIS2_PLACEMENT_3D ( 'NONE', #598, #234, #430 ) ;
#2296 = CARTESIAN_POINT ( 'NONE',  ( 4.335157465272661373E-05, 93.74054868020594711, 1.420297096204495386E-06 ) ) ;
#2297 = ORIENTED_EDGE ( 'NONE', *, *, #1608, .T. ) ;
#2298 = CARTESIAN_POINT ( 'NONE',  ( -23.07422532589367137, 122.9905486802064019, -5.624998579703373025 ) ) ;
#2299 = AXIS2_PLACEMENT_3D ( 'NONE', #1147, #947, #1745 ) ;
#2300 = CARTESIAN_POINT ( 'NONE',  ( -19.99995664842534637, 122.9905486802060324, 1.420297096204495386E-06 ) ) ;
#2301 = DIRECTION ( 'NONE',  ( 0.000000000000000000, 0.000000000000000000, 1.000000000000000000 ) ) ;
#2302 = CARTESIAN_POINT ( 'NONE',  ( 23.68303710033145038, 117.6537400999110332, -1.815561413958815651 ) ) ;
#2303 = DIRECTION ( 'NONE',  ( -1.000000000000000000, 0.000000000000000000, 0.000000000000000000 ) ) ;
#2304 = AXIS2_PLACEMENT_3D ( 'NONE', #2387, #1797, #37 ) ;
#2305 = DIRECTION ( 'NONE',  ( 1.000000000000000000, 0.000000000000000000, 0.000000000000000000 ) ) ;
#2306 = ORIENTED_EDGE ( 'NONE', *, *, #83, .T. ) ;
#2307 = CARTESIAN_POINT ( 'NONE',  ( -24.01004903868739149, 123.0019566726619473, -4.374983706272837836 ) ) ;
#2308 = CARTESIAN_POINT ( 'NONE',  ( 24.85133778607273314, 119.5762535297286320, 2.750833415589580166 ) ) ;
#2309 = CYLINDRICAL_SURFACE ( 'NONE', #600, 4.375000000000002665 ) ;
#2310 = CARTESIAN_POINT ( 'NONE',  ( -24.01004903868739149, 123.0019566726619473, -4.374983706272837836 ) ) ;
#2311 = ORIENTED_EDGE ( 'NONE', *, *, #2226, .F. ) ;
#2312 = CARTESIAN_POINT ( 'NONE',  ( 4.335157465563515547E-05, 131.2405486802060182, -23.74999857970291117 ) ) ;
#2313 = FACE_OUTER_BOUND ( 'NONE', #2230, .T. ) ;
#2314 = AXIS2_PLACEMENT_3D ( 'NONE', #2194, #1216, #455 ) ;
#2315 = LINE ( 'NONE', #1350, #2391 ) ;
#2316 = DIRECTION ( 'NONE',  ( 1.000000000000000000, 0.000000000000000000, 0.000000000000000000 ) ) ;
#2317 = CARTESIAN_POINT ( 'NONE',  ( -24.01004903868739149, 123.0019566726619473, -4.374983706272838724 ) ) ;
#2318 = ORIENTED_EDGE ( 'NONE', *, *, #1481, .T. ) ;
#2319 = CARTESIAN_POINT ( 'NONE',  ( 24.05251002112636982, 124.2947675839308488, 4.184411737458400005 ) ) ;
#2320 = ORIENTED_EDGE ( 'NONE', *, *, #1761, .F. ) ;
#2321 = CARTESIAN_POINT ( 'NONE',  ( -24.07038699644854418, 121.4562405267011513, -4.099642273067440001 ) ) ;
#2322 = CARTESIAN_POINT ( 'NONE',  ( 24.50032221693947676, 118.6142841302045241, -0.09844225031898698464 ) ) ;
#2323 = AXIS2_PLACEMENT_3D ( 'NONE', #2101, #2511, #1557 ) ;
#2324 = DIRECTION ( 'NONE',  ( 0.000000000000000000, 0.000000000000000000, -1.000000000000000000 ) ) ;
#2325 = AXIS2_PLACEMENT_3D ( 'NONE', #753, #1480, #2329 ) ;
#2326 = AXIS2_PLACEMENT_3D ( 'NONE', #1940, #1151, #24 ) ;
#2327 = VERTEX_POINT ( 'NONE', #2017 ) ;
#2328 = CIRCLE ( 'NONE', #1587, 5.662375826453063254 ) ;
#2329 = DIRECTION ( 'NONE',  ( 0.000000000000000000, 0.000000000000000000, -1.000000000000000000 ) ) ;
#2330 = CARTESIAN_POINT ( 'NONE',  ( 4.335157465272661373E-05, 131.2405486802060182, 1.420297096204495386E-06 ) ) ;
#2331 = AXIS2_PLACEMENT_3D ( 'NONE', #339, #1333, #1835 ) ;
#2332 = DIRECTION ( 'NONE',  ( 1.000000000000000000, -0.000000000000000000, -0.000000000000000000 ) ) ;
#2333 = ORIENTED_EDGE ( 'NONE', *, *, #2385, .F. ) ;
#2334 = DIRECTION ( 'NONE',  ( 1.224624353272507398E-16, 0.000000000000000000, -1.000000000000000000 ) ) ;
#2335 = CARTESIAN_POINT ( 'NONE',  ( 24.48527026123116812, 118.6821075752605879, -0.8121771154127358505 ) ) ;
#2336 = FACE_OUTER_BOUND ( 'NONE', #1243, .T. ) ;
#2337 = SPHERICAL_SURFACE ( 'NONE', #92, 4.500000000000000000 ) ;
#2338 = EDGE_LOOP ( 'NONE', ( #1685, #1482, #294, #2311 ) ) ;
#2339 = DIRECTION ( 'NONE',  ( -9.132992791234630738E-17, 1.000000000000000000, -0.000000000000000000 ) ) ;
#2340 = ADVANCED_FACE ( 'NONE', ( #1864 ), #2492, .T. ) ;
#2341 = CARTESIAN_POINT ( 'NONE',  ( 24.90529325756938661, 126.7792028986878279, 2.193086380091050280 ) ) ;
#2342 = EDGE_CURVE ( 'NONE', #1844, #568, #890, .T. ) ;
#2343 = CARTESIAN_POINT ( 'NONE',  ( 23.07431202904307455, 122.9905486802060324, -5.624998579702907620 ) ) ;
#2344 = DIRECTION ( 'NONE',  ( -0.000000000000000000, 1.000000000000000000, -0.000000000000000000 ) ) ;
#2345 = CIRCLE ( 'NONE', #1637, 40.00000000000000000 ) ;
#2346 = CARTESIAN_POINT ( 'NONE',  ( 24.83477215918043868, 119.7053663710834286, -2.893380887665743639 ) ) ;
#2347 =( NAMED_UNIT ( * ) PLANE_ANGLE_UNIT ( ) SI_UNIT ( $, .RADIAN. ) );
#2348 = CYLINDRICAL_SURFACE ( 'NONE', #1543, 4.500000000000002665 ) ;
#2349 = ORIENTED_EDGE ( 'NONE', *, *, #2366, .T. ) ;
#2350 = DIRECTION ( 'NONE',  ( 0.000000000000000000, -1.000000000000000000, 0.000000000000000000 ) ) ;
#2351 = CARTESIAN_POINT ( 'NONE',  ( 24.95343131158653449, 127.6311847043726004, 1.558102360794182628 ) ) ;
#2352 = FACE_OUTER_BOUND ( 'NONE', #321, .T. ) ;
#2353 = CARTESIAN_POINT ( 'NONE',  ( 4.335157465272661373E-05, 132.4905486802060182, 23.75000142029710304 ) ) ;
#2354 = CARTESIAN_POINT ( 'NONE',  ( -9.749956648425349925, 87.49054868020596132, 1.420297096204495386E-06 ) ) ;
#2355 = CARTESIAN_POINT ( 'NONE',  ( -24.50005092420294162, 123.0032604432283279, -4.974471464141021038 ) ) ;
#2356 = ORIENTED_EDGE ( 'NONE', *, *, #2065, .T. ) ;
#2357 = CARTESIAN_POINT ( 'NONE',  ( 4.335157465540552822E-05, 87.49054868020596132, 18.75000142029710659 ) ) ;
#2358 = CARTESIAN_POINT ( 'NONE',  ( 24.11007913624673904, 124.9737265927895180, 3.910096287165281126 ) ) ;
#2359 = DIRECTION ( 'NONE',  ( -9.132992791234630738E-17, 1.000000000000000000, -0.000000000000000000 ) ) ;
#2360 = FACE_OUTER_BOUND ( 'NONE', #1804, .T. ) ;
#2361 = DIRECTION ( 'NONE',  ( -1.000000000000000000, 0.000000000000000000, 0.000000000000000000 ) ) ;
#2362 = EDGE_CURVE ( 'NONE', #1891, #1730, #1106, .T. ) ;
#2363 = CARTESIAN_POINT ( 'NONE',  ( -23.39294547218174714, 119.1400334128802996, 4.104635367246876498 ) ) ;
#2364 = AXIS2_PLACEMENT_3D ( 'NONE', #993, #409, #1213 ) ;
#2365 = CARTESIAN_POINT ( 'NONE',  ( -24.97535969480380302, 127.7430198044178837, -1.120304845036882435 ) ) ;
#2366 = EDGE_CURVE ( 'NONE', #2407, #2499, #2419, .T. ) ;
#2367 = ORIENTED_EDGE ( 'NONE', *, *, #1983, .T. ) ;
#2368 = CARTESIAN_POINT ( 'NONE',  ( -24.49987462000102667, 122.6769155793321460, -4.975339791231879971 ) ) ;
#2369 = AXIS2_PLACEMENT_3D ( 'NONE', #2231, #272, #423 ) ;
#2370 = CARTESIAN_POINT ( 'NONE',  ( 24.43366576832286796, 127.0574443874527901, 1.638129408844691826 ) ) ;
#2371 = VERTEX_POINT ( 'NONE', #1178 ) ;
#2372 = CARTESIAN_POINT ( 'NONE',  ( 4.335157465272661373E-05, 132.4905486802060182, 6.750001420297096821 ) ) ;
#2373 = DIRECTION ( 'NONE',  ( -1.000000000000000000, 0.000000000000000000, 0.000000000000000000 ) ) ;
#2374 = FACE_OUTER_BOUND ( 'NONE', #489, .T. ) ;
#2375 = CARTESIAN_POINT ( 'NONE',  ( -23.20708148605925913, 120.4875620300785215, 5.051056697578995447 ) ) ;
#2376 = CARTESIAN_POINT ( 'NONE',  ( -24.68705165413982172, 125.9743236512505860, -3.947290590064143512 ) ) ;
#2377 = AXIS2_PLACEMENT_3D ( 'NONE', #1558, #2344, #1956 ) ;
#2378 = ORIENTED_EDGE ( 'NONE', *, *, #1453, .T. ) ;
#2379 = ORIENTED_EDGE ( 'NONE', *, *, #648, .F. ) ;
#2380 = ORIENTED_EDGE ( 'NONE', *, *, #1349, .T. ) ;
#2381 = CARTESIAN_POINT ( 'NONE',  ( 23.73300873820364387, 128.5432968692094562, -0.9175874084174526768 ) ) ;
#2382 = DIRECTION ( 'NONE',  ( 1.000000000000000000, 0.000000000000000000, 0.000000000000000000 ) ) ;
#2383 = DIRECTION ( 'NONE',  ( -9.132992791234630738E-17, 1.000000000000000000, -0.000000000000000000 ) ) ;
#2384 = DIRECTION ( 'NONE',  ( 1.000000000000000000, 0.000000000000000000, 0.000000000000000000 ) ) ;
#2385 = EDGE_CURVE ( 'NONE', #1905, #1875, #1970, .T. ) ;
#2386 = VECTOR ( 'NONE', #2415, 1000.000000000000000 ) ;
#2387 = CARTESIAN_POINT ( 'NONE',  ( 9.750043351574655404, 87.49054868020596132, 1.420297096204495386E-06 ) ) ;
#2388 = CARTESIAN_POINT ( 'NONE',  ( 5.852929034544685827, 72.49054868020596132, 1.420297095690320341E-06 ) ) ;
#2389 = CARTESIAN_POINT ( 'NONE',  ( -24.81743161618217286, 126.8717122016609409, -3.027874256495461047 ) ) ;
#2390 = CARTESIAN_POINT ( 'NONE',  ( 4.335157465578822448E-05, 89.00356083914458338, -24.99999857970291472 ) ) ;
#2391 = VECTOR ( 'NONE', #1288, 1000.000000000000000 ) ;
#2392 = CARTESIAN_POINT ( 'NONE',  ( 4.335157465272661373E-05, 87.49054868020596132, -18.74999857970291472 ) ) ;
#2393 = VECTOR ( 'NONE', #1572, 1000.000000000000000 ) ;
#2394 = AXIS2_PLACEMENT_3D ( 'NONE', #2312, #1286, #1302 ) ;
#2395 = ORIENTED_EDGE ( 'NONE', *, *, #1348, .F. ) ;
#2396 = ORIENTED_EDGE ( 'NONE', *, *, #1068, .F. ) ;
#2397 = CARTESIAN_POINT ( 'NONE',  ( 23.70773812233442257, 128.4346171931579192, -1.462930520202522233 ) ) ;
#2398 = CARTESIAN_POINT ( 'NONE',  ( 24.62095116285709651, 125.3950262166768965, -4.339530055959883725 ) ) ;
#2399 = CARTESIAN_POINT ( 'NONE',  ( -9.749956648425349925, 96.85241171019551132, 1.420297096204495386E-06 ) ) ;
#2400 = CARTESIAN_POINT ( 'NONE',  ( -24.32065122885959596, 126.4712210392317218, -2.666100045984970190 ) ) ;
#2401 = DIRECTION ( 'NONE',  ( -0.000000000000000000, 1.000000000000000000, -0.000000000000000000 ) ) ;
#2402 = CARTESIAN_POINT ( 'NONE',  ( -24.86041841770843774, 127.1247121879771385, 2.641154936866775493 ) ) ;
#2403 = CARTESIAN_POINT ( 'NONE',  ( -24.69219319908265931, 121.0824947309278770, 3.947224587357165415 ) ) ;
#2404 = LINE ( 'NONE', #1800, #1966 ) ;
#2405 = CIRCLE ( 'NONE', #1088, 4.500000000000000000 ) ;
#2406 = DIRECTION ( 'NONE',  ( 1.000000000000000000, 0.000000000000000000, 0.000000000000000000 ) ) ;
#2407 = VERTEX_POINT ( 'NONE', #969 ) ;
#2408 = CIRCLE ( 'NONE', #394, 40.00000000000000000 ) ;
#2409 = ORIENTED_EDGE ( 'NONE', *, *, #1882, .F. ) ;
#2410 = CARTESIAN_POINT ( 'NONE',  ( 23.73931406343469774, 128.5701015643018081, 0.7370824464581673396 ) ) ;
#2411 = CARTESIAN_POINT ( 'NONE',  ( 24.98375229290543231, 127.2704455808707280, -0.9192117430656868704 ) ) ;
#2412 = CYLINDRICAL_SURFACE ( 'NONE', #1358, 5.750000000000000888 ) ;
#2413 = DIRECTION ( 'NONE',  ( 0.000000000000000000, 0.000000000000000000, 1.000000000000000000 ) ) ;
#2414 = CARTESIAN_POINT ( 'NONE',  ( 24.92560287725218515, 127.4857503517017392, -1.951664072124021709 ) ) ;
#2415 = DIRECTION ( 'NONE',  ( -9.132992791234630738E-17, 1.000000000000000000, -0.000000000000000000 ) ) ;
#2416 = CARTESIAN_POINT ( 'NONE',  ( -24.49325361665268019, 127.3355716412864496, 0.5859677349178070704 ) ) ;
#2417 = CARTESIAN_POINT ( 'NONE',  ( -24.41851346949054857, 118.9987127990182643, 1.796233355880535898 ) ) ;
#2418 = CARTESIAN_POINT ( 'NONE',  ( 9.750043351574658956, 74.74054868020596132, 1.420297096204495386E-06 ) ) ;
#2419 = CIRCLE ( 'NONE', #237, 7.500000000000000888 ) ;
#2420 = CIRCLE ( 'NONE', #1317, 23.75000000000000711 ) ;
#2421 = EDGE_LOOP ( 'NONE', ( #1742, #889 ) ) ;
#2422 = VERTEX_POINT ( 'NONE', #1570 ) ;
#2423 = CARTESIAN_POINT ( 'NONE',  ( 23.75217495422063507, 128.6245280829128319, 0.002265991971136022479 ) ) ;
#2424 = CARTESIAN_POINT ( 'NONE',  ( 4.335157465272661373E-05, 89.00356083914458338, 25.00000142029710304 ) ) ;
#2425 = DIRECTION ( 'NONE',  ( 0.000000000000000000, 0.000000000000000000, -1.000000000000000000 ) ) ;
#2426 = CARTESIAN_POINT ( 'NONE',  ( 24.99911650336973068, 127.8611824277128761, -0.3862422550455608117 ) ) ;
#2427 = CARTESIAN_POINT ( 'NONE',  ( 4.335157465272661373E-05, 87.49054868020596132, 1.420297096204495386E-06 ) ) ;
#2428 = CARTESIAN_POINT ( 'NONE',  ( -24.53156638318814942, 124.2484655958564019, 4.817082719306711169 ) ) ;
#2429 = CARTESIAN_POINT ( 'NONE',  ( -24.55164057145803369, 121.4041225895650626, 4.714995504857890651 ) ) ;
#2430 = CYLINDRICAL_SURFACE ( 'NONE', #1635, 4.500000000000000888 ) ;
#2431 = CARTESIAN_POINT ( 'NONE',  ( 24.00806793297546449, 122.9424563037706690, -4.384142629710041206 ) ) ;
#2432 = CYLINDRICAL_SURFACE ( 'NONE', #2272, 6.250000000000000000 ) ;
#2433 = EDGE_CURVE ( 'NONE', #2009, #375, #2007, .T. ) ;
#2434 = ORIENTED_EDGE ( 'NONE', *, *, #1377, .F. ) ;
#2435 = CARTESIAN_POINT ( 'NONE',  ( 23.73284504658067462, 128.5425981020511585, 0.9218160216065185431 ) ) ;
#2436 = DIRECTION ( 'NONE',  ( 1.000000000000000000, 0.000000000000000000, 0.000000000000000000 ) ) ;
#2437 = CARTESIAN_POINT ( 'NONE',  ( 4.335157465272661373E-05, 93.74054868020594711, 1.420297096204495386E-06 ) ) ;
#2438 = VECTOR ( 'NONE', #1907, 1000.000000000000000 ) ;
#2439 = AXIS2_PLACEMENT_3D ( 'NONE', #367, #951, #765 ) ;
#2440 = CARTESIAN_POINT ( 'NONE',  ( 24.99541925114099783, 127.8427493616680408, 0.5785867213085176264 ) ) ;
#2441 = DIRECTION ( 'NONE',  ( 0.000000000000000000, -1.000000000000000000, 0.000000000000000000 ) ) ;
#2442 = CARTESIAN_POINT ( 'NONE',  ( 24.48679162000600584, 127.3058111249100790, -0.7675092019241084307 ) ) ;
#2443 = CARTESIAN_POINT ( 'NONE',  ( -24.36553246735094547, 119.2681479589028015, 2.303171614558365832 ) ) ;
#2444 = LINE ( 'NONE', #1619, #319 ) ;
#2445 = CARTESIAN_POINT ( 'NONE',  ( 24.16678508459726160, 120.5128067862764709, -3.617256946519996852 ) ) ;
#2446 = ADVANCED_FACE ( 'NONE', ( #2374 ), #180, .F. ) ;
#2447 = CARTESIAN_POINT ( 'NONE',  ( -24.46956146067388005, 118.7544163613181638, 1.130324303782417994 ) ) ;
#2448 = B_SPLINE_CURVE_WITH_KNOTS ( 'NONE', 3,
 ( #1250, #277, #661, #126, #673, #2085, #301, #114, #1060, #1686, #2469, #1837, #1647, #2442, #2274, #698, #1852, #87, #1488, #1660, #1294, #901, #857, #482, #1698, #2484, #712, #2225, #456, #2319, #1729, #1165, #917, #1352 ),
 .UNSPECIFIED., .F., .F.,
 ( 4, 2, 2, 2, 2, 2, 2, 2, 2, 2, 2, 2, 2, 2, 2, 2, 4 ),
 ( 0.01490427166257460301, 0.01569772058452781338, 0.01649116950648098212, 0.01728461842843415433, 0.01807806735038732654, 0.01887151627234049528, 0.01966496519429366749, 0.02045841411624683970, 0.02125186303820000844, 0.02204531196015318412, 0.02283876088210635286, 0.02363220980405952507, 0.02442565872601269727, 0.02521910764796586948, 0.02601255656991904169, 0.02680600549187221390, 0.02759945441382538611 ),
 .UNSPECIFIED. ) ;
#2449 = EDGE_CURVE ( 'NONE', #1276, #2009, #1682, .T. ) ;
#2450 = ORIENTED_EDGE ( 'NONE', *, *, #1098, .T. ) ;
#2451 = CARTESIAN_POINT ( 'NONE',  ( -9.749956648425348149, 74.74054868020596132, 1.420297096204495386E-06 ) ) ;
#2452 = CARTESIAN_POINT ( 'NONE',  ( -24.05976836984024558, 124.4027718707791053, 4.150668164917505898 ) ) ;
#2453 = CARTESIAN_POINT ( 'NONE',  ( 24.53153780050941535, 121.7744920243913640, 4.817239228614583091 ) ) ;
#2454 = EDGE_LOOP ( 'NONE', ( #720, #1889, #1189, #1014 ) ) ;
#2455 = CARTESIAN_POINT ( 'NONE',  ( -24.64403896875874267, 124.0887830832791678, 4.244175969870853216 ) ) ;
#2456 = ORIENTED_EDGE ( 'NONE', *, *, #1013, .F. ) ;
#2457 = CARTESIAN_POINT ( 'NONE',  ( -24.13433758711607169, 120.7827292992701587, 3.787768528277521085 ) ) ;
#2458 = CARTESIAN_POINT ( 'NONE',  ( -23.50127498869843023, 127.4518530437213570, -3.430907183725113274 ) ) ;
#2459 = CARTESIAN_POINT ( 'NONE',  ( -24.49984213249016918, 118.6160651696889801, -0.2939394444214041280 ) ) ;
#2460 = ADVANCED_FACE ( 'NONE', ( #1765 ), #778, .T. ) ;
#2461 = DIRECTION ( 'NONE',  ( -0.000000000000000000, 1.000000000000000000, 0.000000000000000000 ) ) ;
#2462 = CIRCLE ( 'NONE', #1768, 23.75000000000000711 ) ;
#2463 = VERTEX_POINT ( 'NONE', #2353 ) ;
#2464 = CARTESIAN_POINT ( 'NONE',  ( 4.335157465272661373E-05, 72.99054868020596132, 39.25000142029709593 ) ) ;
#2465 = CARTESIAN_POINT ( 'NONE',  ( -9.749956648425348149, 74.74054868020594711, 1.420297096204495386E-06 ) ) ;
#2466 = CARTESIAN_POINT ( 'NONE',  ( 23.08319471351480345, 122.2552460690817924, 5.588927836861206977 ) ) ;
#2467 = CARTESIAN_POINT ( 'NONE',  ( 24.71462921992004880, 119.7964320836840528, 3.772126957224898547 ) ) ;
#2468 = EDGE_LOOP ( 'NONE', ( #1489, #1195 ) ) ;
#2469 = CARTESIAN_POINT ( 'NONE',  ( 24.39887409598887302, 126.8850609888511656, -2.010564008351622078 ) ) ;
#2470 = ADVANCED_FACE ( 'NONE', ( #223, #981, #2539 ), #1156, .T. ) ;
#2471 = LINE ( 'NONE', #872, #1856 ) ;
#2472 = CARTESIAN_POINT ( 'NONE',  ( -24.49333439937127821, 118.6451544543523084, -0.5841072863349467958 ) ) ;
#2473 = CARTESIAN_POINT ( 'NONE',  ( -23.74777249568801096, 128.6063474652087564, 0.3708897652203971274 ) ) ;
#2474 = B_SPLINE_CURVE_WITH_KNOTS ( 'NONE', 3,
 ( #1436, #2210, #646, #58, #2452, #1670, #2223, #2234, #454, #1470, #2026, #261, #1658, #680, #1274, #1046, #2245, #467, #2053, #1248, #1836, #111, #885, #2400, #2014, #284, #1071, #831, #633, #1058, #1850, #84, #1887, #2317 ),
 .UNSPECIFIED., .F., .F.,
 ( 4, 2, 2, 2, 2, 2, 2, 2, 2, 2, 2, 2, 2, 2, 2, 2, 4 ),
 ( 0.01371666420173205808, 0.01457326253550071150, 0.01542986086926936493, 0.01628645920303802008, 0.01714305753680667177, 0.01799965587057532346, 0.01885625420434397861, 0.01971285253811263030, 0.02056945087188128546, 0.02142604920564993715, 0.02228264753941858883, 0.02313924587318724399, 0.02399584420695589568, 0.02485244254072455083, 0.02570904087449320252, 0.02656563920826185768, 0.02742223754203050937 ),
 .UNSPECIFIED. ) ;
#2475 = CARTESIAN_POINT ( 'NONE',  ( -24.50006808845951056, 118.6150460636337129, 0.2783610224418750501 ) ) ;
#2476 = ORIENTED_EDGE ( 'NONE', *, *, #1285, .F. ) ;
#2477 = DIRECTION ( 'NONE',  ( -4.577208079500490890E-17, 1.000000000000000000, -0.000000000000000000 ) ) ;
#2478 = EDGE_CURVE ( 'NONE', #282, #3, #445, .T. ) ;
#2479 = VERTEX_POINT ( 'NONE', #1550 ) ;
#2480 = CARTESIAN_POINT ( 'NONE',  ( 43.75004335157464652, 122.9905486802060324, 4.375001420297099486 ) ) ;
#2481 = DIRECTION ( 'NONE',  ( -0.000000000000000000, 1.000000000000000000, -0.000000000000000000 ) ) ;
#2482 = CARTESIAN_POINT ( 'NONE',  ( 24.54709314489167227, 121.4956852237485947, -4.737666828675821229 ) ) ;
#2483 = ORIENTED_EDGE ( 'NONE', *, *, #638, .F. ) ;
#2484 = CARTESIAN_POINT ( 'NONE',  ( 24.19649482847106725, 125.6875908324957294, 3.454896203080926043 ) ) ;
#2485 = CARTESIAN_POINT ( 'NONE',  ( -24.99398817204980361, 127.8364337228140641, -0.6323585727897572673 ) ) ;
#2486 = CARTESIAN_POINT ( 'NONE',  ( -24.55102592067329681, 121.4333174478630752, -4.716702468475267196 ) ) ;
#2487 = CARTESIAN_POINT ( 'NONE',  ( -23.58366426935517879, 127.8700073785356892, 2.822302571737274501 ) ) ;
#2488 = CARTESIAN_POINT ( 'NONE',  ( 25.00026996496764298, 118.6142303519641104, -0.1007448162617791687 ) ) ;
#2489 = ORIENTED_EDGE ( 'NONE', *, *, #824, .T. ) ;
#2490 = CARTESIAN_POINT ( 'NONE',  ( -23.11748479925894273, 124.4496224154674024, -5.444984096921634098 ) ) ;
#2491 = PLANE ( 'NONE',  #202 ) ;
#2492 =( BOUNDED_SURFACE ( )  B_SPLINE_SURFACE ( 3, 2, ( 
 ( #2236, #101, #50 ),
 ( #820, #675, #74 ),
 ( #457, #1632, #1465 ),
 ( #651, #61, #858 ),
 ( #1674, #2249, #2429 ),
 ( #662, #2403, #1618 ),
 ( #2457, #485, #1661 ),
 ( #1240, #2029, #1451 ),
 ( #636, #1426, #253 ),
 ( #1037, #1826, #1218 ),
 ( #264, #1265, #1413 ),
 ( #2443, #2213, #1023 ),
 ( #2196, #2057, #433 ),
 ( #446, #1814, #2004 ),
 ( #2417, #1049, #1251 ),
 ( #278, #1229, #2045 ),
 ( #238, #1439, #1839 ),
 ( #470, #846, #1061 ),
 ( #1853, #88, #289 ),
 ( #1076, #714, #934 ),
 ( #2472, #141, #2119 ),
 ( #904, #1134, #542 ),
 ( #128, #1688, #1731 ),
 ( #2131, #1715, #2103 ),
 ( #316, #496, #2513 ),
 ( #303, #731, #361 ),
 ( #747, #1145, #2500 ),
 ( #1327, #347, #1700 ),
 ( #2262, #332, #1934 ),
 ( #168, #945, #1092 ),
 ( #1743, #1534, #2276 ),
 ( #2321, #1923, #1120 ),
 ( #512, #1280, #2486 ),
 ( #700, #1491, #685 ),
 ( #1503, #1906, #2291 ),
 ( #1878, #154, #1476 ),
 ( #1519, #1296, #558 ),
 ( #2307, #2073, #116 ) ),
 .UNSPECIFIED., .F., .F., .F. ) 
 B_SPLINE_SURFACE_WITH_KNOTS ( ( 4, 2, 2, 2, 2, 2, 2, 2, 2, 2, 2, 2, 2, 2, 2, 2, 2, 2, 4 ),
 ( 3, 3 ),
 ( 0.01527990571857307071, 0.01623489982598388948, 0.01718989393339470650, 0.01814488804080552353, 0.01909988214821634056, 0.02005487625562715759, 0.02053237330933256610, 0.02100987036303797462, 0.02196486447044879164, 0.02291985857785961214, 0.02387485268527043264, 0.02482984679268124967, 0.02578484090009206670, 0.02673983500750288372, 0.02769482911491370075, 0.02864982322232451778, 0.02912732027602992629, 0.02960481732973533481, 0.03055981143714615531 ),
 ( 0.000000000000000000, 1.000000000000000000 ),
 .UNSPECIFIED. ) 
 GEOMETRIC_REPRESENTATION_ITEM ( )  RATIONAL_B_SPLINE_SURFACE ( (
 ( 1.000000000000000000, 0.6328593085570757282, 1.000000000000000000),
 ( 1.000000000000000000, 0.6328724571195335491, 1.000000000000000000),
 ( 1.000000000000000000, 0.6339635147846126584, 1.000000000000000000),
 ( 1.000000000000000000, 0.6379591289815921273, 1.000000000000000000),
 ( 1.000000000000000000, 0.6408555085636680193, 1.000000000000000000),
 ( 1.000000000000000000, 0.6480535662998285762, 1.000000000000000000),
 ( 1.000000000000000000, 0.6523633898520322383, 1.000000000000000000),
 ( 1.000000000000000000, 0.6614939861702437973, 1.000000000000000000),
 ( 1.000000000000000000, 0.6663547687755355664, 1.000000000000000000),
 ( 1.000000000000000000, 0.6761156203147111743, 1.000000000000000000),
 ( 1.000000000000000000, 0.6808613086351181787, 1.000000000000000000),
 ( 1.000000000000000000, 0.6873902058743341925, 1.000000000000000000),
 ( 1.000000000000000000, 0.6894702402068543234, 1.000000000000000000),
 ( 1.000000000000000000, 0.6933798787551171960, 1.000000000000000000),
 ( 1.000000000000000000, 0.6952148286324968396, 1.000000000000000000),
 ( 1.000000000000000000, 0.7001536588131462846, 1.000000000000000000),
 ( 1.000000000000000000, 0.7027326115723927513, 1.000000000000000000),
 ( 1.000000000000000000, 0.7062313078730951821, 1.000000000000000000),
 ( 1.000000000000000000, 0.7071346720984603706, 1.000000000000000000),
 ( 1.000000000000000000, 0.7070775348302720253, 1.000000000000000000),
 ( 1.000000000000000000, 0.7061475694680198201, 1.000000000000000000),
 ( 1.000000000000000000, 0.7025358232066963859, 1.000000000000000000),
 ( 1.000000000000000000, 0.6998657475412028983, 1.000000000000000000),
 ( 1.000000000000000000, 0.6932397590680490218, 1.000000000000000000),
 ( 1.000000000000000000, 0.6892314305913296302, 1.000000000000000000),
 ( 1.000000000000000000, 0.6803953997280125510, 1.000000000000000000),
 ( 1.000000000000000000, 0.6756438357083985879, 1.000000000000000000),
 ( 1.000000000000000000, 0.6659892539424473457, 1.000000000000000000),
 ( 1.000000000000000000, 0.6610401371004042126, 1.000000000000000000),
 ( 1.000000000000000000, 0.6519296574720638837, 1.000000000000000000),
 ( 1.000000000000000000, 0.6477335049554246993, 1.000000000000000000),
 ( 1.000000000000000000, 0.6423848380433102578, 1.000000000000000000),
 ( 1.000000000000000000, 0.6407537388565401892, 1.000000000000000000),
 ( 1.000000000000000000, 0.6379342565799527298, 1.000000000000000000),
 ( 1.000000000000000000, 0.6367384722610107683, 1.000000000000000000),
 ( 1.000000000000000000, 0.6338416390217213037, 1.000000000000000000),
 ( 1.000000000000000000, 0.6328316044564508136, 1.000000000000000000),
 ( 1.000000000000000000, 0.6328592896842808457, 1.000000000000000000) ) ) 
 REPRESENTATION_ITEM ( '' )  SURFACE ( )  );
#2493 = AXIS2_PLACEMENT_3D ( 'NONE', #815, #2192, #587 ) ;
#2494 = CARTESIAN_POINT ( 'NONE',  ( 24.63256741356693880, 122.2030394732248766, 4.312935966984917435 ) ) ;
#2495 = CARTESIAN_POINT ( 'NONE',  ( 23.26503454371279034, 120.0138297959138498, -4.776353655476715865 ) ) ;
#2496 = CARTESIAN_POINT ( 'NONE',  ( 24.76009976671094037, 119.4758800277607236, -3.462380657214347845 ) ) ;
#2497 = ORIENTED_EDGE ( 'NONE', *, *, #1882, .T. ) ;
#2498 = CARTESIAN_POINT ( 'NONE',  ( -9.749956648425349925, 88.74054868020594711, 1.420297096204495386E-06 ) ) ;
#2499 = VERTEX_POINT ( 'NONE', #2156 ) ;
#2500 = CARTESIAN_POINT ( 'NONE',  ( -24.78249894851129653, 119.3274456814208548, -3.298303269631306822 ) ) ;
#2501 = CARTESIAN_POINT ( 'NONE',  ( -23.73279638739264996, 128.5427579294585314, 0.9204921553335463358 ) ) ;
#2502 = CARTESIAN_POINT ( 'NONE',  ( 24.99469336975857203, 118.1419167803177004, 0.5415928909193079566 ) ) ;
#2503 = AXIS2_PLACEMENT_3D ( 'NONE', #1968, #21, #1409 ) ;
#2504 = CARTESIAN_POINT ( 'NONE',  ( -24.71239142082294293, 125.1477960983547888, -3.817215083607626180 ) ) ;
#2505 = VERTEX_POINT ( 'NONE', #569 ) ;
#2506 = CARTESIAN_POINT ( 'NONE',  ( 4.335157465355325013E-05, 132.4905486802060182, -6.749998579702904955 ) ) ;
#2507 = CIRCLE ( 'NONE', #72, 6.250000000000000000 ) ;
#2508 = CARTESIAN_POINT ( 'NONE',  ( 4.335157465272661373E-05, 131.2405486802060182, 23.75000142029710304 ) ) ;
#2509 = CARTESIAN_POINT ( 'NONE',  ( 24.01545103490006383, 123.4658751719551191, 4.351475980798394261 ) ) ;
#2510 = CARTESIAN_POINT ( 'NONE',  ( 23.58381895395246630, 118.1106917918564818, 2.821988567870409081 ) ) ;
#2511 = DIRECTION ( 'NONE',  ( -1.000000000000000000, 0.000000000000000000, 0.000000000000000000 ) ) ;
#2512 = ORIENTED_EDGE ( 'NONE', *, *, #797, .T. ) ;
#2513 = CARTESIAN_POINT ( 'NONE',  ( -24.87540419438476036, 118.7679222120629277, -2.507267672321883190 ) ) ;
#2514 = CARTESIAN_POINT ( 'NONE',  ( 24.94598358613851730, 118.9381554958619773, -1.674320954608026879 ) ) ;
#2515 = DIRECTION ( 'NONE',  ( 1.000000000000000000, 0.000000000000000000, 0.000000000000000000 ) ) ;
#2516 = VERTEX_POINT ( 'NONE', #381 ) ;
#2517 = CARTESIAN_POINT ( 'NONE',  ( -24.64403852817423513, 120.3803407029589891, 4.204498923359787810 ) ) ;
#2518 = CARTESIAN_POINT ( 'NONE',  ( 24.11526077340639418, 120.9593322932718706, -3.883966753168293984 ) ) ;
#2519 = VECTOR ( 'NONE', #1863, 1000.000000000000000 ) ;
#2520 = EDGE_CURVE ( 'NONE', #2371, #138, #324, .T. ) ;
#2521 = DIRECTION ( 'NONE',  ( -1.000000000000000000, 0.000000000000000000, 0.000000000000000000 ) ) ;
#2522 = DIRECTION ( 'NONE',  ( 0.000000000000000000, 0.002607541132765289326, -0.9999966003588418584 ) ) ;
#2523 = CIRCLE ( 'NONE', #1610, 18.75000000000001066 ) ;
#2524 = CARTESIAN_POINT ( 'NONE',  ( 24.01013237681569379, 122.9905486802055918, -4.374998579702906731 ) ) ;
#2525 = ORIENTED_EDGE ( 'NONE', *, *, #2252, .F. ) ;
#2526 = FACE_OUTER_BOUND ( 'NONE', #1053, .T. ) ;
#2527 = CARTESIAN_POINT ( 'NONE',  ( 24.49480036929880100, 118.6392123597625385, 0.4763241752309652077 ) ) ;
#2528 = AXIS2_PLACEMENT_3D ( 'NONE', #469, #1876, #1048 ) ;
#2529 = CARTESIAN_POINT ( 'NONE',  ( 4.335157465272661373E-05, 126.2405486802060040, 1.420297096204495386E-06 ) ) ;
#2530 = CARTESIAN_POINT ( 'NONE',  ( -24.13382513928735662, 125.1939661662984662, -3.790412163392164135 ) ) ;
#2531 = AXIS2_PLACEMENT_3D ( 'NONE', #905, #1281, #1504 ) ;
#2532 = EDGE_CURVE ( 'NONE', #2161, #1712, #1108, .T. ) ;
#2533 = ORIENTED_EDGE ( 'NONE', *, *, #1527, .F. ) ;
#2534 = ADVANCED_FACE ( 'NONE', ( #2526 ), #580, .T. ) ;
#2535 = FACE_OUTER_BOUND ( 'NONE', #1582, .T. ) ;
#2536 = ADVANCED_FACE ( 'NONE', ( #213 ), #201, .T. ) ;
#2537 = CARTESIAN_POINT ( 'NONE',  ( 24.83488370783114974, 126.2798501236882913, 2.899574619298820544 ) ) ;
#2538 = CARTESIAN_POINT ( 'NONE',  ( 24.04090791153072004, 121.7744920243913640, 4.720894472448232904 ) ) ;
#2539 = FACE_BOUND ( 'NONE', #705, .T. ) ;
#2540 = CARTESIAN_POINT ( 'NONE',  ( 24.49773960209990520, 118.6259466079800262, 0.3339177549108150456 ) ) ;
ENDSEC;
END-ISO-10303-21;
