ISO-10303-21;
HEADER;
FILE_DESCRIPTION (( 'STEP AP214' ),
    '1' );
FILE_NAME ('°²×¿Í·.STEP',
    '2026-08-19T06:58:43',
    ( '' ),
    ( '' ),
    'SwSTEP 2.0',
    'SolidWorks 2025',
    '' );
FILE_SCHEMA (( 'AUTOMOTIVE_DESIGN' ));
ENDSEC;

DATA;
#1 = CARTESIAN_POINT ( 'NONE',  ( 9.684301737033825574, 32.95185136951599958, 18.47585235965727435 ) ) ;
#2 = CARTESIAN_POINT ( 'NONE',  ( -12.24822440417878333, 36.10888760182261592, 17.14193644393277438 ) ) ;
#3 = CARTESIAN_POINT ( 'NONE',  ( 13.86731462684579874, 33.39582251669245494, 18.08457824309655138 ) ) ;
#4 = CARTESIAN_POINT ( 'NONE',  ( -14.87561787853427298, 34.10046047396762958, 12.11859562262000267 ) ) ;
#5 = ORIENTED_EDGE ( 'NONE', *, *, #1900, .T. ) ;
#6 = CARTESIAN_POINT ( 'NONE',  ( -13.55419264034172322, 34.64871544280797622, 14.88884125447144058 ) ) ;
#7 = CARTESIAN_POINT ( 'NONE',  ( 14.06673490452955022, 40.62957519316281463, 0.6448741140208795741 ) ) ;
#8 = CARTESIAN_POINT ( 'NONE',  ( -9.824340181252296134, 37.03127738847296513, 11.98285234212153405 ) ) ;
#9 = CARTESIAN_POINT ( 'NONE',  ( -10.22972613416023258, 32.39547681968976889, 21.01770789589297905 ) ) ;
#10 = CARTESIAN_POINT ( 'NONE',  ( -0.0006178785341007960157, 16.60046047395869451, 6.832374114020877798 ) ) ;
#11 = DIRECTION ( 'NONE',  ( 0.000000000000000000, -1.000000000000000000, 0.000000000000000000 ) ) ;
#12 = CARTESIAN_POINT ( 'NONE',  ( -18.41786004275268951, 36.80880624462980677, 0.6448741140208738010 ) ) ;
#13 = DIRECTION ( 'NONE',  ( 1.060575238724906175E-16, -6.123233995736778362E-17, -1.000000000000000000 ) ) ;
#14 = CARTESIAN_POINT ( 'NONE',  ( 11.30289390293620500, 31.98417673468392763, 18.16427410500815753 ) ) ;
#15 = CARTESIAN_POINT ( 'NONE',  ( -16.71413825648046014, 30.67943723669375800, 12.74861882840362526 ) ) ;
#16 = CARTESIAN_POINT ( 'NONE',  ( 11.07852237390276073, 30.74247720358143710, 17.34862558068314087 ) ) ;
#17 = CARTESIAN_POINT ( 'NONE',  ( -10.94611179083348418, 36.16894313339227551, 15.47171105993053253 ) ) ;
#18 = CARTESIAN_POINT ( 'NONE',  ( -0.0006178785341007960157, 15.85046047395869628, 0.6448741140208762435 ) ) ;
#19 = CARTESIAN_POINT ( 'NONE',  ( 3.006254934138405943, 44.71776433906408244, 0.6448741140208769096 ) ) ;
#20 = CARTESIAN_POINT ( 'NONE',  ( -8.136660799346023154, 34.61556729447397629, 19.15874619088259578 ) ) ;
#21 = CARTESIAN_POINT ( 'NONE',  ( -10.68097285017210396, 32.13292676989004093, 20.92686320691327495 ) ) ;
#22 = CARTESIAN_POINT ( 'NONE',  ( 9.917496594763555606, 32.67979070866430646, 20.88714993492087402 ) ) ;
#23 = CIRCLE ( 'NONE', #1989, 6.187500000000000888 ) ;
#24 = CARTESIAN_POINT ( 'NONE',  ( 13.61733902420180087, 34.41756145104879749, 17.33538770148459207 ) ) ;
#25 = CARTESIAN_POINT ( 'NONE',  ( -14.87561787853410422, 34.10046047395868385, 17.76291807676096468 ) ) ;
#26 = CARTESIAN_POINT ( 'NONE',  ( -0.0006178785340942436399, 44.85046047395872648, 0.6448741140208762435 ) ) ;
#27 = CARTESIAN_POINT ( 'NONE',  ( 8.533910559899355874, 35.72559574325554621, 15.40977351815499397 ) ) ;
#28 = APPLICATION_CONTEXT ( 'automotive_design' ) ;
#29 = CARTESIAN_POINT ( 'NONE',  ( 13.57483704313002448, 33.63967608144243115, 15.64128406009042394 ) ) ;
#30 = CARTESIAN_POINT ( 'NONE',  ( -9.585311109729479639, 35.05266083305510705, 19.34003510362925127 ) ) ;
#31 = CARTESIAN_POINT ( 'NONE',  ( 12.44111141691206690, 31.95388866769508596, 19.99770133176329168 ) ) ;
#32 = CARTESIAN_POINT ( 'NONE',  ( -11.47202414538624993, 36.24178714499680609, 15.06174107466181766 ) ) ;
#33 = CARTESIAN_POINT ( 'NONE',  ( 13.59081263412377005, 34.50414612236317424, 16.84906141620356834 ) ) ;
#34 = CARTESIAN_POINT ( 'NONE',  ( -12.13914994631889854, 37.41509139758075975, 10.82347724514530540 ) ) ;
#35 = CARTESIAN_POINT ( 'NONE',  ( 14.57677847252417003, 32.70195302751321975, 16.08850959185639340 ) ) ;
#36 = CARTESIAN_POINT ( 'NONE',  ( 14.33932267127776683, 35.94052598054830128, 16.07669086962330240 ) ) ;
#37 = CARTESIAN_POINT ( 'NONE',  ( -11.90514917204546563, 36.61818888676403816, 16.89784417495606661 ) ) ;
#38 = CARTESIAN_POINT ( 'NONE',  ( 11.19024624269900059, 30.73165777773436602, 14.95451139973703825 ) ) ;
#39 = CARTESIAN_POINT ( 'NONE',  ( 9.374382121465897555, 34.10046047395869095, 20.30114587877146448 ) ) ;
#40 = CARTESIAN_POINT ( 'NONE',  ( 8.290233866827962927, 35.17011099995775680, 15.99118154739472963 ) ) ;
#41 = CARTESIAN_POINT ( 'NONE',  ( 13.62458462712257479, 34.11775022447079664, 15.24966192234316686 ) ) ;
#42 = CARTESIAN_POINT ( 'NONE',  ( -11.59211948264813152, 36.63581843879894251, 17.10550477760935451 ) ) ;
#43 = EDGE_CURVE ( 'NONE', #809, #747, #225, .T. ) ;
#44 = CARTESIAN_POINT ( 'NONE',  ( 12.22348641541011105, 36.55723157758182396, 16.71922282957110184 ) ) ;
#45 = AXIS2_PLACEMENT_3D ( 'NONE', #2202, #1760, #241 ) ;
#46 = ORIENTED_EDGE ( 'NONE', *, *, #2283, .F. ) ;
#47 = FACE_OUTER_BOUND ( 'NONE', #2278, .T. ) ;
#48 = AXIS2_PLACEMENT_3D ( 'NONE', #1616, #2488, #1830 ) ;
#49 = CARTESIAN_POINT ( 'NONE',  ( -12.08191454599426784, 37.42561908648156077, 16.29209394303879677 ) ) ;
#50 = CARTESIAN_POINT ( 'NONE',  ( -13.82490645334616097, 33.25678592078027407, 18.21849997668022425 ) ) ;
#51 = CARTESIAN_POINT ( 'NONE',  ( 10.09691821567176540, 32.50155033099843394, 21.02556014188128231 ) ) ;
#52 = CARTESIAN_POINT ( 'NONE',  ( -13.05328390437386687, 36.15940409250369925, 16.45214241425112789 ) ) ;
#53 = CARTESIAN_POINT ( 'NONE',  ( 8.957007170008395747, 31.86667058026395338, 20.40690015091050213 ) ) ;
#54 = CARTESIAN_POINT ( 'NONE',  ( 13.00041422403283597, 32.57659720608059928, 16.76519350545606102 ) ) ;
#55 = CARTESIAN_POINT ( 'NONE',  ( 11.99360202030089084, 37.44745564665507231, 11.25668074643666827 ) ) ;
#56 = CARTESIAN_POINT ( 'NONE',  ( 12.85514832712708255, 32.46272582213009628, 16.93072322836221133 ) ) ;
#57 = CARTESIAN_POINT ( 'NONE',  ( -14.49964198241463365, 30.67943723669375800, 15.28303923408447318 ) ) ;
#58 = DIRECTION ( 'NONE',  ( 0.000000000000000000, -0.000000000000000000, -1.000000000000000000 ) ) ;
#59 = ORIENTED_EDGE ( 'NONE', *, *, #2226, .F. ) ;
#60 = CARTESIAN_POINT ( 'NONE',  ( -0.0006178785341023268008, 46.10046047395872648, 0.6448741140208762435 ) ) ;
#61 =( BOUNDED_SURFACE ( )  B_SPLINE_SURFACE ( 3, 3, ( 
 ( #875, #2592, #431, #2644 ),
 ( #1297, #1309, #2164, #419 ),
 ( #2176, #1324, #2605, #661 ),
 ( #2800, #1510, #2192, #1525 ) ),
 .UNSPECIFIED., .F., .F., .T. ) 
 B_SPLINE_SURFACE_WITH_KNOTS ( ( 4, 4 ),
 ( 4, 4 ),
 ( 0.000000000000000000, 1.000000000000000000 ),
 ( 0.000000000000000000, 1.000000000000000000 ),
 .UNSPECIFIED. ) 
 GEOMETRIC_REPRESENTATION_ITEM ( )  RATIONAL_B_SPLINE_SURFACE ( (
 ( 1.000000000000000000, 0.9950119821392467978, 0.9950119821392467978, 1.000000000000000000),
 ( 0.9962511208845985511, 0.9912818024998307775, 0.9912818024998307775, 0.9962511208845985511),
 ( 0.9962511208845985511, 0.9912818024998307775, 0.9912818024998307775, 0.9962511208845985511),
 ( 1.000000000000000000, 0.9950119821392467978, 0.9950119821392467978, 1.000000000000000000) ) ) 
 REPRESENTATION_ITEM ( '' )  SURFACE ( )  );
#62 = CARTESIAN_POINT ( 'NONE',  ( -14.38437088849962464, 35.85706974683075998, 16.07678948728132085 ) ) ;
#63 = CARTESIAN_POINT ( 'NONE',  ( 15.95081650307103516, 50.47915527649975331, 0.6448741140208762435 ) ) ;
#64 = LINE ( 'NONE', #732, #1620 ) ;
#65 = FACE_OUTER_BOUND ( 'NONE', #1211, .T. ) ;
#66 = CARTESIAN_POINT ( 'NONE',  ( 8.152459862075749797, 33.65111772538806179, 14.87585295495891557 ) ) ;
#67 = CARTESIAN_POINT ( 'NONE',  ( -11.91083204351392233, 43.28073219826193707, 1.394797260597456567 ) ) ;
#68 = CARTESIAN_POINT ( 'NONE',  ( 11.85121343372004254, 36.19649944499633420, 14.83608997375948313 ) ) ;
#69 = CARTESIAN_POINT ( 'NONE',  ( 11.49315571160442140, 31.93388852783299470, 16.81790061147864890 ) ) ;
#70 = FACE_OUTER_BOUND ( 'NONE', #780, .T. ) ;
#71 = ADVANCED_FACE ( 'NONE', ( #47 ), #1848, .F. ) ;
#72 = DIRECTION ( 'NONE',  ( 0.000000000000000000, -1.000000000000000000, 0.000000000000000000 ) ) ;
#73 = ORIENTED_EDGE ( 'NONE', *, *, #339, .F. ) ;
#74 = CARTESIAN_POINT ( 'NONE',  ( -9.209867201602051523, 34.46931510000132448, 20.24744294981284654 ) ) ;
#75 = CARTESIAN_POINT ( 'NONE',  ( -14.58639037673475336, 35.46874951002028808, 10.73295460686821912 ) ) ;
#76 = CARTESIAN_POINT ( 'NONE',  ( 11.73243294415405735, 43.36919892686400146, -0.1052022885313255995 ) ) ;
#77 = AXIS2_PLACEMENT_3D ( 'NONE', #2121, #1438, #1849 ) ;
#78 = CARTESIAN_POINT ( 'NONE',  ( 8.129507503223747378, 34.31762228983115648, 13.83074399314408431 ) ) ;
#79 = CARTESIAN_POINT ( 'NONE',  ( -13.46334806807549533, 35.76816787566208689, 16.48349038065494554 ) ) ;
#80 = CARTESIAN_POINT ( 'NONE',  ( 11.19024624269900059, 30.73165777773436602, 20.05673880549688448 ) ) ;
#81 = LINE ( 'NONE', #968, #1995 ) ;
#82 = CARTESIAN_POINT ( 'NONE',  ( 13.60518912648388756, 34.38866621492150699, 15.05518127306018350 ) ) ;
#83 = ADVANCED_FACE ( 'NONE', ( #1806 ), #1978, .T. ) ;
#84 = EDGE_CURVE ( 'NONE', #1639, #1832, #1524, .T. ) ;
#85 = CARTESIAN_POINT ( 'NONE',  ( 16.31912658533412142, 31.93388852783298759, 12.41547614118443654 ) ) ;
#86 = CARTESIAN_POINT ( 'NONE',  ( 23.71100289061315536, 24.10046047395869451, -46.77836742427361827 ) ) ;
#87 = CARTESIAN_POINT ( 'NONE',  ( 9.803275840366381999, 35.41473945190823969, 19.26074567406464411 ) ) ;
#88 = ORIENTED_EDGE ( 'NONE', *, *, #642, .T. ) ;
#89 = CARTESIAN_POINT ( 'NONE',  ( 13.06995327770830251, 35.53357534783630456, 16.31663302327990195 ) ) ;
#90 = CARTESIAN_POINT ( 'NONE',  ( -13.08912631183542885, 35.52057397534315442, 16.31429909761201102 ) ) ;
#91 = CARTESIAN_POINT ( 'NONE',  ( -13.54504341340640039, 33.46701424388680834, 17.79177280745138034 ) ) ;
#92 = CARTESIAN_POINT ( 'NONE',  ( 11.06813047984837617, 37.44935324878809269, 11.26086173303297500 ) ) ;
#93 = ORIENTED_EDGE ( 'NONE', *, *, #628, .F. ) ;
#94 = CARTESIAN_POINT ( 'NONE',  ( 12.90851121850850269, 31.00806856580838655, 19.31454168971848162 ) ) ;
#95 = CARTESIAN_POINT ( 'NONE',  ( 13.58680453166961222, 33.63260629013106495, 15.64019348725394920 ) ) ;
#96 = CARTESIAN_POINT ( 'NONE',  ( 13.86938736138725403, 34.25483434343728817, 17.06360166521362487 ) ) ;
#97 = CARTESIAN_POINT ( 'NONE',  ( 12.23733458325532730, 32.08953420409184787, 19.80112353236200207 ) ) ;
#98 = CARTESIAN_POINT ( 'NONE',  ( 7.286668741373825142, 36.52940387875905515, 15.31946161959115749 ) ) ;
#99 = CARTESIAN_POINT ( 'NONE',  ( 23.62622739834998598, 25.47990177096501441, -46.60881643974727950 ) ) ;
#100 = CARTESIAN_POINT ( 'NONE',  ( 10.16545989682095730, 35.77274380057036751, 18.77503363206245623 ) ) ;
#101 = ORIENTED_EDGE ( 'NONE', *, *, #501, .F. ) ;
#102 = CARTESIAN_POINT ( 'NONE',  ( 12.60729963637993301, 35.91487611693627002, 16.33407747137005117 ) ) ;
#103 = CARTESIAN_POINT ( 'NONE',  ( -11.14931965316794127, 43.66057838605775743, 0.6448741140208159583 ) ) ;
#104 = CARTESIAN_POINT ( 'NONE',  ( 9.374592532273050338, 34.06350141561136979, 20.23582972224270549 ) ) ;
#105 = CARTESIAN_POINT ( 'NONE',  ( -0.0006178785341007960157, 15.85046047395869628, 0.6448741140208762435 ) ) ;
#106 = EDGE_LOOP ( 'NONE', ( #1624, #1375 ) ) ;
#107 = CARTESIAN_POINT ( 'NONE',  ( 14.88352739528377278, 33.76282778599601642, 17.31281616787257605 ) ) ;
#108 = DIRECTION ( 'NONE',  ( 0.000000000000000000, -1.000000000000000000, 0.000000000000000000 ) ) ;
#109 = CARTESIAN_POINT ( 'NONE',  ( 13.63018460165138634, 33.88604204668733644, 15.42246386775224209 ) ) ;
#110 = DIRECTION ( 'NONE',  ( -0.8660254037844394848, 0.4999999999999985012, 0.000000000000000000 ) ) ;
#111 = CARTESIAN_POINT ( 'NONE',  ( 13.55150062031736446, 33.53616757287711891, 17.72552074129599831 ) ) ;
#112 = CARTESIAN_POINT ( 'NONE',  ( -8.223940394423728151, 33.25702087624132730, 17.38762737208108433 ) ) ;
#113 = CARTESIAN_POINT ( 'NONE',  ( 13.61990772766176860, 34.23871254588868851, 17.06360166521362487 ) ) ;
#114 = DIRECTION ( 'NONE',  ( -0.8660254037844383745, -0.5000000000000005551, 0.000000000000000000 ) ) ;
#115 = ORIENTED_EDGE ( 'NONE', *, *, #582, .F. ) ;
#116 = CARTESIAN_POINT ( 'NONE',  ( -13.92239137931546722, 33.51316484259763939, 17.96217658333520362 ) ) ;
#117 = CARTESIAN_POINT ( 'NONE',  ( -11.28452389439990178, 43.59321784473024053, 0.1833546234147339915 ) ) ;
#118 = CARTESIAN_POINT ( 'NONE',  ( -14.26008929459990249, 46.10046047395872648, 29.16381694615262177 ) ) ;
#119 = CARTESIAN_POINT ( 'NONE',  ( 8.711937587876333211, 36.04010285007093017, 12.87570662850639280 ) ) ;
#120 = EDGE_CURVE ( 'NONE', #1325, #348, #494, .T. ) ;
#121 = ORIENTED_EDGE ( 'NONE', *, *, #2198, .F. ) ;
#122 = CARTESIAN_POINT ( 'NONE',  ( 9.374382121465894002, 34.10046047395869095, 17.91296529932004944 ) ) ;
#123 = CARTESIAN_POINT ( 'NONE',  ( -0.0006178785341007960157, 16.60046047395869451, 0.6448741140208762435 ) ) ;
#124 = CARTESIAN_POINT ( 'NONE',  ( -0.0006178785341007960157, 16.60046047395869451, 0.6448741140208762435 ) ) ;
#125 = CARTESIAN_POINT ( 'NONE',  ( 11.43075760519190354, 36.22887466639200227, 15.09807400472284122 ) ) ;
#126 = CARTESIAN_POINT ( 'NONE',  ( -14.55852743107719682, 32.62489883329786267, 16.17137553314895371 ) ) ;
#127 = EDGE_CURVE ( 'NONE', #1680, #1206, #1893, .T. ) ;
#128 = CARTESIAN_POINT ( 'NONE',  ( -14.87561787853410777, 33.90308777437734733, 12.30380857113558868 ) ) ;
#129 = DIRECTION ( 'NONE',  ( -0.5000000000000009992, 0.8660254037844380415, -0.000000000000000000 ) ) ;
#130 = CARTESIAN_POINT ( 'NONE',  ( 13.12436595810072326, 35.48319673642104277, 17.03742763981181696 ) ) ;
#131 = ORIENTED_EDGE ( 'NONE', *, *, #2649, .T. ) ;
#132 = CARTESIAN_POINT ( 'NONE',  ( 10.30287570145899956, 35.86189617214116510, 18.16607971031796254 ) ) ;
#133 = CARTESIAN_POINT ( 'NONE',  ( -10.47247634105266378, 35.97360526344095888, 17.94736961999583613 ) ) ;
#134 = EDGE_CURVE ( 'NONE', #1349, #271, #1522, .T. ) ;
#135 = CARTESIAN_POINT ( 'NONE',  ( -24.51014545278608026, 36.88130926755182770, 49.66392926252508033 ) ) ;
#136 = CYLINDRICAL_SURFACE ( 'NONE', #2043, 4.937500000000000888 ) ;
#137 = ORIENTED_EDGE ( 'NONE', *, *, #2198, .T. ) ;
#138 = DIRECTION ( 'NONE',  ( 0.000000000000000000, 0.000000000000000000, -1.000000000000000000 ) ) ;
#139 = CARTESIAN_POINT ( 'NONE',  ( 9.827700578708668644, 32.62479014312905434, 21.08877681779495461 ) ) ;
#140 = CARTESIAN_POINT ( 'NONE',  ( 20.91948357001903602, 33.35561037482337099, 0.6448741140208761324 ) ) ;
#141 = CARTESIAN_POINT ( 'NONE',  ( 13.69274064076409658, 33.02338075900750169, 18.47396609551146796 ) ) ;
#142 = CARTESIAN_POINT ( 'NONE',  ( 9.375670807314882893, 34.02614092347483421, 20.26283037893207606 ) ) ;
#143 = CARTESIAN_POINT ( 'NONE',  ( -12.84210247068064881, 30.97794875945998072, 19.35208632919283289 ) ) ;
#144 = CARTESIAN_POINT ( 'NONE',  ( -15.95205226013923472, 50.47915527649975331, 0.6448741140208762435 ) ) ;
#145 = CARTESIAN_POINT ( 'NONE',  ( 13.42207609242337085, 35.05921332575680793, 17.16357093717681082 ) ) ;
#146 = ORIENTED_EDGE ( 'NONE', *, *, #1059, .F. ) ;
#147 = CARTESIAN_POINT ( 'NONE',  ( -10.28200396307329889, 32.35311985841624960, 20.88639318035462722 ) ) ;
#148 = CARTESIAN_POINT ( 'NONE',  ( -12.72312491987246652, 35.84522431950355070, 16.30643002901728877 ) ) ;
#149 = CARTESIAN_POINT ( 'NONE',  ( 9.008377689960795465, 31.81974997438529584, 17.87152413256465877 ) ) ;
#150 = CARTESIAN_POINT ( 'NONE',  ( -11.14931965316794127, 43.66057838605775743, 0.6448741140208159583 ) ) ;
#151 = EDGE_LOOP ( 'NONE', ( #818, #1592 ) ) ;
#152 = DIRECTION ( 'NONE',  ( -0.000000000000000000, 1.000000000000000000, -0.000000000000000000 ) ) ;
#153 = CARTESIAN_POINT ( 'NONE',  ( 17.42785236073821054, 37.85887784384377142, 0.6448741140208763545 ) ) ;
#154 = CARTESIAN_POINT ( 'NONE',  ( 13.62014486111523937, 32.90616766154276007, 18.60594565031546210 ) ) ;
#155 = CARTESIAN_POINT ( 'NONE',  ( 11.84646942631343869, 31.99980547624534211, 20.12574353404469463 ) ) ;
#156 = VECTOR ( 'NONE', #490, 1000.000000000000000 ) ;
#157 = CARTESIAN_POINT ( 'NONE',  ( -9.700071594220155191, 31.23550424808622594, 20.39521144566734989 ) ) ;
#158 = ORIENTED_EDGE ( 'NONE', *, *, #2160, .F. ) ;
#159 = CARTESIAN_POINT ( 'NONE',  ( -11.54810048301259151, 31.97202701069096875, 20.34231822745523743 ) ) ;
#160 = CARTESIAN_POINT ( 'NONE',  ( -12.19650937831731063, 36.11386178443671469, 16.48083936141031103 ) ) ;
#161 = ADVANCED_FACE ( 'NONE', ( #2377 ), #415, .T. ) ;
#162 = CARTESIAN_POINT ( 'NONE',  ( 9.375236800360921663, 34.03862898514509538, 20.25385770121274120 ) ) ;
#163 = DIRECTION ( 'NONE',  ( 0.000000000000000000, 0.000000000000000000, 1.000000000000000000 ) ) ;
#164 = VERTEX_POINT ( 'NONE', #388 ) ;
#165 = CARTESIAN_POINT ( 'NONE',  ( 10.19748073196191562, 42.76717261312904839, 0.6448741140208786859 ) ) ;
#166 = DIRECTION ( 'NONE',  ( 0.000000000000000000, 0.000000000000000000, -1.000000000000000000 ) ) ;
#167 = CARTESIAN_POINT ( 'NONE',  ( -9.427633901706267139, 34.56756938804134194, 19.82177132160285637 ) ) ;
#168 = FACE_OUTER_BOUND ( 'NONE', #2563, .T. ) ;
#169 = DIRECTION ( 'NONE',  ( 0.000000000000000000, 0.000000000000000000, -1.000000000000000000 ) ) ;
#170 = EDGE_CURVE ( 'NONE', #2305, #2341, #2797, .T. ) ;
#171 = CARTESIAN_POINT ( 'NONE',  ( -8.901603346718648169, 31.93349209663345789, 15.33595122905819252 ) ) ;
#172 = CARTESIAN_POINT ( 'NONE',  ( 13.61990772766177038, 34.23871254588868851, 17.06360166521363197 ) ) ;
#173 = VERTEX_POINT ( 'NONE', #1020 ) ;
#174 = CARTESIAN_POINT ( 'NONE',  ( -11.93755847146210414, 32.01719684813468092, 20.05352601976694160 ) ) ;
#175 = CARTESIAN_POINT ( 'NONE',  ( -13.39933841617490806, 35.05738687637104789, 16.49570338411317039 ) ) ;
#176 = CARTESIAN_POINT ( 'NONE',  ( -0.0006178785341007960157, 24.10046047395869451, 0.6448741140208762435 ) ) ;
#177 = CARTESIAN_POINT ( 'NONE',  ( -13.91791216489248484, 36.45940381666979846, 10.57518911002163442 ) ) ;
#178 = ORIENTED_EDGE ( 'NONE', *, *, #792, .F. ) ;
#179 = CARTESIAN_POINT ( 'NONE',  ( -14.06797066159775689, 40.62957519316281463, 28.77957968014817425 ) ) ;
#180 = CARTESIAN_POINT ( 'NONE',  ( -9.274957195480366678, 36.64471328426883190, 12.38235570098327898 ) ) ;
#181 = CARTESIAN_POINT ( 'NONE',  ( -10.64859170059107818, 32.14787275571652714, 20.79771075081823639 ) ) ;
#182 = CARTESIAN_POINT ( 'NONE',  ( 11.48425723215212457, 31.96883191884416320, 20.57034641041103384 ) ) ;
#183 = CARTESIAN_POINT ( 'NONE',  ( -13.81914662377622172, 36.55703090306651148, 13.06033068538777009 ) ) ;
#184 = PRODUCT_DEFINITION_FORMATION_WITH_SPECIFIED_SOURCE ( 'ä»', '', #2324, .NOT_KNOWN. ) ;
#185 = CARTESIAN_POINT ( 'NONE',  ( -8.516203104786274736, 32.52403755409622477, 15.23758351813265399 ) ) ;
#186 = CARTESIAN_POINT ( 'NONE',  ( 10.25024271635695605, 36.21174719323499858, 18.35209863792539053 ) ) ;
#187 = CARTESIAN_POINT ( 'NONE',  ( -13.17131371285092989, 35.42780089744576344, 17.04908910349702111 ) ) ;
#188 = CARTESIAN_POINT ( 'NONE',  ( 14.87339692555050519, 34.18200249881611796, 12.04264231354807002 ) ) ;
#189 = CARTESIAN_POINT ( 'NONE',  ( 15.95081650307103516, 50.47915527649975331, 0.6448741140208762435 ) ) ;
#190 = VERTEX_POINT ( 'NONE', #1916 ) ;
#191 = EDGE_LOOP ( 'NONE', ( #594, #1236, #2801, #1268, #2705 ) ) ;
#192 = CARTESIAN_POINT ( 'NONE',  ( -20.92071932708724091, 33.35561037482337809, 42.48507701112713875 ) ) ;
#193 = CARTESIAN_POINT ( 'NONE',  ( 11.64502617358111536, 43.41284535933681354, 1.394805973963488821 ) ) ;
#194 = CARTESIAN_POINT ( 'NONE',  ( -12.82092144651688415, 32.40947571254404380, 19.49091809503380546 ) ) ;
#195 = CARTESIAN_POINT ( 'NONE',  ( 10.33039631669055325, 32.19241732962108671, 21.07533249176621126 ) ) ;
#196 = TOROIDAL_SURFACE ( 'NONE', #1494, 24.23652158959298575, 0.7500000000000000000 ) ;
#197 = CARTESIAN_POINT ( 'NONE',  ( -8.126525899579036150, 34.17874404535884025, 19.31142060879936651 ) ) ;
#198 = CARTESIAN_POINT ( 'NONE',  ( -14.06797066159775333, 40.62957519316281463, 0.6448741140208744671 ) ) ;
#199 = VECTOR ( 'NONE', #1249, 1000.000000000000000 ) ;
#200 = CARTESIAN_POINT ( 'NONE',  ( -10.93223205772184592, 30.77316794098021546, 20.13683426833182466 ) ) ;
#201 =( LENGTH_UNIT ( ) NAMED_UNIT ( * ) SI_UNIT ( .MILLI., .METRE. ) );
#202 = CARTESIAN_POINT ( 'NONE',  ( 9.205114786170312868, 34.46635135282642892, 20.25126962222582705 ) ) ;
#203 = CARTESIAN_POINT ( 'NONE',  ( -12.82138939461460758, 35.76677035691677276, 17.02427746034947731 ) ) ;
#204 = CARTESIAN_POINT ( 'NONE',  ( -12.09786129585090819, 32.04248460169367263, 17.66605939641938150 ) ) ;
#205 = CARTESIAN_POINT ( 'NONE',  ( -12.64212447846368725, 35.92375947013184856, 14.50652664236456957 ) ) ;
#206 = CARTESIAN_POINT ( 'NONE',  ( -10.28953218391953151, 35.85068914600719125, 16.13825459640296955 ) ) ;
#207 = CARTESIAN_POINT ( 'NONE',  ( 17.42785236073821054, 37.85887784384377142, 0.6448741140208803513 ) ) ;
#208 = CARTESIAN_POINT ( 'NONE',  ( -9.416932246544625684, 33.57901071213355237, 20.61778030139065621 ) ) ;
#209 = CARTESIAN_POINT ( 'NONE',  ( -10.09642956660913171, 32.36845226532332020, 21.09826563536998023 ) ) ;
#210 = CARTESIAN_POINT ( 'NONE',  ( 14.77031774945000109, 34.94069938626370941, 10.91113268115445933 ) ) ;
#211 = CARTESIAN_POINT ( 'NONE',  ( -8.121428962898171733, 33.95906151344852475, 19.46903491429989330 ) ) ;
#212 = CARTESIAN_POINT ( 'NONE',  ( 7.407175880011008573, 43.79890889688616085, 0.6448741140208763545 ) ) ;
#213 = CARTESIAN_POINT ( 'NONE',  ( 14.02920279078680466, 36.33787682641464301, 13.10303194619899436 ) ) ;
#214 = COLOUR_RGB ( '',0.7921568627450980005, 0.8196078431372548767, 0.9333333333333333481 ) ;
#215 = CARTESIAN_POINT ( 'NONE',  ( 13.41331915862153146, 33.17474719689806761, 16.08457496149540589 ) ) ;
#216 = CARTESIAN_POINT ( 'NONE',  ( -12.56942461790256260, 36.43838762926627339, 16.56939415733614851 ) ) ;
#217 = CARTESIAN_POINT ( 'NONE',  ( 14.00684429043726986, 34.38571286578598318, 17.22631738370438015 ) ) ;
#218 = CARTESIAN_POINT ( 'NONE',  ( -9.382566761685296797, 34.42461169963698353, 17.69518246756987523 ) ) ;
#219 = ORIENTED_EDGE ( 'NONE', *, *, #1430, .F. ) ;
#220 = ORIENTED_EDGE ( 'NONE', *, *, #465, .F. ) ;
#221 = CARTESIAN_POINT ( 'NONE',  ( 17.42785236073820343, 37.85887784384377142, 35.50181459256550198 ) ) ;
#222 = CARTESIAN_POINT ( 'NONE',  ( 11.28328813733168090, 43.59321784473025474, 1.106393604626975780 ) ) ;
#223 = CARTESIAN_POINT ( 'NONE',  ( -9.857039935149746412, 32.74478402968156843, 20.88058950085280685 ) ) ;
#224 = CARTESIAN_POINT ( 'NONE',  ( 9.243643942144194270, 33.82217228913221163, 20.65491432245157100 ) ) ;
#225 = B_SPLINE_CURVE_WITH_KNOTS ( 'NONE', 3,
 ( #2149, #863, #835, #2607, #1037, #1273, #404, #206, #1951, #1714, #2581, #2368, #851, #1527, #1726, #2594, #635, #2815, #2395, #2410, #2463, #936, #1123, #1136, #485, #248, #1964, #2423, #1338, #2633, #1553, #2222, #2436, #892, #1108, #662, #500, #1780, #1376, #260, #1539, #2247, #272, #285, #1567, #6, #692, #1593, #1765, #920, #1364, #679, #2645, #2008, #877 ),
 .UNSPECIFIED., .F., .F.,
 ( 4, 2, 2, 2, 2, 2, 2, 2, 1, 2, 2, 2, 2, 2, 2, 2, 2, 2, 2, 2, 2, 2, 2, 2, 2, 2, 2, 4 ),
 ( 0.5000000000000000000, 0.5625000000000000000, 0.6250000000000001110, 0.6562500000000000000, 0.6875000000000000000, 0.7031249999999998890, 0.7109374999999998890, 0.7187500000000000000, 0.7343750000000001110, 0.7421875000000002220, 0.7500000000000002220, 0.7578125000000003331, 0.7656250000000004441, 0.7734375000000004441, 0.7812500000000005551, 0.8125000000000008882, 0.8437500000000013323, 0.8750000000000015543, 0.9062500000000019984, 0.9218750000000015543, 0.9375000000000012212, 0.9453125000000011102, 0.9531250000000008882, 0.9609375000000006661, 0.9687500000000006661, 0.9765625000000004441, 0.9843750000000002220, 1.000000000000000000 ),
 .UNSPECIFIED. ) ;
#226 = CARTESIAN_POINT ( 'NONE',  ( -8.778871624014911390, 36.10543481611849614, 17.44633990655475131 ) ) ;
#227 = FACE_OUTER_BOUND ( 'NONE', #850, .T. ) ;
#228 = CARTESIAN_POINT ( 'NONE',  ( 11.13803058108594080, 37.46206398419185746, 11.97289080278933149 ) ) ;
#229 = CARTESIAN_POINT ( 'NONE',  ( 12.70596002851143069, 32.35004863832845956, 17.09775502036702477 ) ) ;
#230 = CARTESIAN_POINT ( 'NONE',  ( -11.64910153754086508, 36.24597629281830535, 17.44178136506506149 ) ) ;
#231 = CARTESIAN_POINT ( 'NONE',  ( 11.31834426791143855, 30.72211249108186237, 17.21807348449516084 ) ) ;
#232 = CARTESIAN_POINT ( 'NONE',  ( -10.28390852560912805, 35.85945969105664233, 18.44141734294566959 ) ) ;
#233 = CARTESIAN_POINT ( 'NONE',  ( 14.25885353753154483, 46.10046047395874069, 0.6448741140208762435 ) ) ;
#234 = CARTESIAN_POINT ( 'NONE',  ( -1.504072830974677366, 44.85046047395872648, 3.651784018902027640 ) ) ;
#235 = CARTESIAN_POINT ( 'NONE',  ( 12.40754091526902236, 43.03176768437089805, 1.023032737578356999 ) ) ;
#236 = CARTESIAN_POINT ( 'NONE',  ( -13.27671152334093208, 32.92734491019957233, 18.43158075979465238 ) ) ;
#237 = CARTESIAN_POINT ( 'NONE',  ( 9.648408555142811593, 32.84155208920148539, 21.05372049489766795 ) ) ;
#238 = CARTESIAN_POINT ( 'NONE',  ( -14.02570294203966661, 34.07587884223292463, 17.46036940848773256 ) ) ;
#239 = CARTESIAN_POINT ( 'NONE',  ( -1.504072830974676256, 44.85046047395872648, -2.362035790860274709 ) ) ;
#240 = CARTESIAN_POINT ( 'NONE',  ( 11.76949710032697283, 37.47152763987406843, 11.42733790482395939 ) ) ;
#241 = DIRECTION ( 'NONE',  ( 1.000000000000000000, 0.000000000000000000, 0.000000000000000000 ) ) ;
#242 = EDGE_CURVE ( 'NONE', #247, #1779, #2674, .T. ) ;
#243 = CARTESIAN_POINT ( 'NONE',  ( 13.38618315939144665, 33.12053658585162452, 16.14073366395774656 ) ) ;
#244 = CARTESIAN_POINT ( 'NONE',  ( -10.17069144278966064, 35.78819441512851540, 18.76240474330374397 ) ) ;
#245 = CARTESIAN_POINT ( 'NONE',  ( 10.99946744772250007, 31.90185779194430893, 20.87626139586921425 ) ) ;
#246 = CARTESIAN_POINT ( 'NONE',  ( -14.87561787853411310, 34.30283045300102174, 11.92869326740628466 ) ) ;
#247 = VERTEX_POINT ( 'NONE', #2131 ) ;
#248 = CARTESIAN_POINT ( 'NONE',  ( -11.47917861702109121, 36.22577451315099495, 15.06825406872439999 ) ) ;
#249 = CARTESIAN_POINT ( 'NONE',  ( -10.82993262783009669, 37.41478481864405126, 11.38371691444219813 ) ) ;
#250 = CARTESIAN_POINT ( 'NONE',  ( 13.01575756323106958, 31.07803012758696681, 18.41565446475476975 ) ) ;
#251 = CARTESIAN_POINT ( 'NONE',  ( 14.62064439928420434, 35.38578612983446448, 10.75596043881933994 ) ) ;
#252 = CARTESIAN_POINT ( 'NONE',  ( -10.25619217173813702, 36.21346696879709270, 18.34789205808160162 ) ) ;
#253 = CARTESIAN_POINT ( 'NONE',  ( 8.957007170008395747, 31.86667058026395338, 15.30467274515065412 ) ) ;
#254 = CARTESIAN_POINT ( 'NONE',  ( -0.0006178785341073482831, 44.85046047395872648, 0.6448741140208762435 ) ) ;
#255 = CARTESIAN_POINT ( 'NONE',  ( 12.45481196810726132, 37.34597176004424313, 13.45440055560301573 ) ) ;
#256 = EDGE_CURVE ( 'NONE', #529, #524, #871, .T. ) ;
#257 = AXIS2_PLACEMENT_3D ( 'NONE', #124, #1659, #1244 ) ;
#258 = CARTESIAN_POINT ( 'NONE',  ( 13.62168026169420365, 33.98776511287390889, 15.35010658086219593 ) ) ;
#259 = ORIENTED_EDGE ( 'NONE', *, *, #2485, .F. ) ;
#260 = CARTESIAN_POINT ( 'NONE',  ( -13.42918523074743931, 34.99589442503406644, 14.70167691065210214 ) ) ;
#261 = CARTESIAN_POINT ( 'NONE',  ( -13.91881133498340972, 36.47032196325217512, 10.52153070637566401 ) ) ;
#262 = CARTESIAN_POINT ( 'NONE',  ( -13.45834017371611679, 33.23937848902485115, 18.04545092186518573 ) ) ;
#263 = CARTESIAN_POINT ( 'NONE',  ( 14.86833169068387583, 34.39158985522604439, 16.61158186613332077 ) ) ;
#264 = CARTESIAN_POINT ( 'NONE',  ( -9.752320000763536001, 35.76824242638472384, 19.00574690730277183 ) ) ;
#265 = CARTESIAN_POINT ( 'NONE',  ( 8.129803065495867287, 33.87746309827140578, 14.79138369150282273 ) ) ;
#266 = CARTESIAN_POINT ( 'NONE',  ( 12.38437445793388392, 32.15204338796360162, 17.42418938959767871 ) ) ;
#267 = CARTESIAN_POINT ( 'NONE',  ( 14.68315189427599421, 35.24609301892608215, 13.66136914989959017 ) ) ;
#268 = CARTESIAN_POINT ( 'NONE',  ( 12.65415223993521288, 32.31550849841806183, 17.15231677768682417 ) ) ;
#269 = CYLINDRICAL_SURFACE ( 'NONE', #2517, 6.187500000000000888 ) ;
#270 = CARTESIAN_POINT ( 'NONE',  ( 9.844476151842618705, 35.85729927297852271, 18.87965779566243185 ) ) ;
#271 = VERTEX_POINT ( 'NONE', #1789 ) ;
#272 = CARTESIAN_POINT ( 'NONE',  ( -13.51162515990120028, 34.78835139636623808, 14.80861833913319181 ) ) ;
#273 = CARTESIAN_POINT ( 'NONE',  ( -14.87561787853410422, 34.10046047395868385, 11.27741642687172430 ) ) ;
#274 = CARTESIAN_POINT ( 'NONE',  ( -13.63934785994828580, 33.97888682519715786, 17.84862017991714112 ) ) ;
#275 = CARTESIAN_POINT ( 'NONE',  ( 12.75525452237947555, 37.23466944592892247, 10.64268433372540379 ) ) ;
#276 = FACE_OUTER_BOUND ( 'NONE', #576, .T. ) ;
#277 = CARTESIAN_POINT ( 'NONE',  ( 24.69020386722149851, 31.83869457071470421, 0.6448741140208763545 ) ) ;
#278 = DIRECTION ( 'NONE',  ( 0.000000000000000000, -1.000000000000000000, 0.000000000000000000 ) ) ;
#279 = CARTESIAN_POINT ( 'NONE',  ( 9.741429580575141856, 35.31841045014025582, 16.86589370281332378 ) ) ;
#280 = CARTESIAN_POINT ( 'NONE',  ( 13.31309757591492549, 37.53273962056128710, 9.786890640320406121 ) ) ;
#281 = CARTESIAN_POINT ( 'NONE',  ( -9.339173647404619416, 35.04448380491877657, 19.77666149168865672 ) ) ;
#282 = CARTESIAN_POINT ( 'NONE',  ( 11.50201862547071663, 36.24998527536936876, 17.53759802322282013 ) ) ;
#283 = ADVANCED_FACE ( 'NONE', ( #2655 ), #2601, .T. ) ;
#284 = VERTEX_POINT ( 'NONE', #2029 ) ;
#285 = CARTESIAN_POINT ( 'NONE',  ( -13.52383179888192011, 34.75160876701784218, 14.82908887005629595 ) ) ;
#286 = AXIS2_PLACEMENT_3D ( 'NONE', #1009, #1473, #563 ) ;
#287 = CARTESIAN_POINT ( 'NONE',  ( -12.83972294893762367, 37.20784553119515436, 16.07193394775784157 ) ) ;
#288 = CARTESIAN_POINT ( 'NONE',  ( 11.99682245729281860, 43.23715336342283422, -0.08548587221446790618 ) ) ;
#289 = CARTESIAN_POINT ( 'NONE',  ( 8.711937587876333211, 36.04010285007093017, 18.35086803209449613 ) ) ;
#290 = CARTESIAN_POINT ( 'NONE',  ( 9.374382121465897555, 34.10046047395869095, 20.22228275040808043 ) ) ;
#291 = CARTESIAN_POINT ( 'NONE',  ( 10.12092437943549683, 31.01756085590753997, 20.32726172378533747 ) ) ;
#292 = CARTESIAN_POINT ( 'NONE',  ( 12.81681443750046867, 32.41407004784959156, 16.98839124592035432 ) ) ;
#293 = CARTESIAN_POINT ( 'NONE',  ( -0.0006178785341007960157, 22.85046047395869451, 0.6448741140208762435 ) ) ;
#294 = CARTESIAN_POINT ( 'NONE',  ( -11.71175772319799613, 30.72391037828577254, 16.97894063659455099 ) ) ;
#295 = CARTESIAN_POINT ( 'NONE',  ( -0.0006178785341001912478, 15.85046047395869628, -4.292625885979124867 ) ) ;
#296 = CARTESIAN_POINT ( 'NONE',  ( 10.37395725577240135, 35.92298192983512450, 18.53129730602035963 ) ) ;
#297 = EDGE_LOOP ( 'NONE', ( #2051, #2336, #1526 ) ) ;
#298 = CARTESIAN_POINT ( 'NONE',  ( -12.95079213948978669, 32.21560190565566018, 19.51374374656518995 ) ) ;
#299 = CARTESIAN_POINT ( 'NONE',  ( -9.400674267937491280, 34.43315886114005764, 19.94215619634921310 ) ) ;
#300 = CARTESIAN_POINT ( 'NONE',  ( 9.518700356853168287, 31.36446446515476438, 20.36702516688157161 ) ) ;
#301 = CARTESIAN_POINT ( 'NONE',  ( 10.18271304367750574, 37.23392551894432501, 11.73810517045786206 ) ) ;
#302 = ORIENTED_EDGE ( 'NONE', *, *, #2154, .F. ) ;
#303 = CARTESIAN_POINT ( 'NONE',  ( 8.169366493205368229, 33.53869617606696352, 20.01833570980055299 ) ) ;
#304 = CARTESIAN_POINT ( 'NONE',  ( 10.40311268617321439, 32.24925877845109312, 18.51020913601712437 ) ) ;
#305 = CARTESIAN_POINT ( 'NONE',  ( 11.70863612955550259, 36.21554091801336739, 14.91889852451973475 ) ) ;
#306 = AXIS2_PLACEMENT_3D ( 'NONE', #105, #980, #2509 ) ;
#307 = CARTESIAN_POINT ( 'NONE',  ( -14.87561787853410245, 33.90308777437761734, 14.80380857113523874 ) ) ;
#308 = CARTESIAN_POINT ( 'NONE',  ( -8.501953669381244083, 32.54690729416228123, 17.69505109969060896 ) ) ;
#309 = CARTESIAN_POINT ( 'NONE',  ( -8.225406281484586302, 33.14185339039622136, 17.51113960237063338 ) ) ;
#310 = CARTESIAN_POINT ( 'NONE',  ( 10.19716363974145423, 35.78500549786774343, 18.30874611976769728 ) ) ;
#311 = VERTEX_POINT ( 'NONE', #1372 ) ;
#312 = CARTESIAN_POINT ( 'NONE',  ( 10.20946478016149506, 35.79424314911874916, 18.29194177396396270 ) ) ;
#313 = CARTESIAN_POINT ( 'NONE',  ( -13.62561787853440798, 34.10046047395901070, 17.18228107209296240 ) ) ;
#314 = CARTESIAN_POINT ( 'NONE',  ( 8.919283144152428733, 31.92146245264127558, 17.85779033090066292 ) ) ;
#315 = DIRECTION ( 'NONE',  ( 0.000000000000000000, 0.000000000000000000, -1.000000000000000000 ) ) ;
#316 = ORIENTED_EDGE ( 'NONE', *, *, #1264, .T. ) ;
#317 = CARTESIAN_POINT ( 'NONE',  ( -12.17758791992395651, 34.90360145129693592, 15.89217858244671078 ) ) ;
#318 = CARTESIAN_POINT ( 'NONE',  ( -12.09608648792307761, 32.04220936251492446, 20.05593867989430024 ) ) ;
#319 = CARTESIAN_POINT ( 'NONE',  ( 12.14187769658689575, 32.05637463927346431, 20.01854915408654989 ) ) ;
#320 = DIRECTION ( 'NONE',  ( 0.5000000000000009992, 0.8660254037844380415, -0.000000000000000000 ) ) ;
#321 = CARTESIAN_POINT ( 'NONE',  ( 9.380527647165923355, 33.88639082263345159, 20.36324088692014556 ) ) ;
#322 = EDGE_CURVE ( 'NONE', #1008, #1498, #770, .T. ) ;
#323 = CARTESIAN_POINT ( 'NONE',  ( -11.00008799889659805, 30.75345625346976064, 17.38910396973416184 ) ) ;
#324 = FACE_OUTER_BOUND ( 'NONE', #602, .T. ) ;
#325 = CIRCLE ( 'NONE', #1927, 0.7500000000000028866 ) ;
#326 = EDGE_LOOP ( 'NONE', ( #1031, #717 ) ) ;
#327 = CARTESIAN_POINT ( 'NONE',  ( 12.01579785644014819, 36.16684785139744207, 16.57683467980114500 ) ) ;
#328 = AXIS2_PLACEMENT_3D ( 'NONE', #1792, #727, #2446 ) ;
#329 = CARTESIAN_POINT ( 'NONE',  ( -11.99712961505741582, 43.23761737450796261, -0.08577270893781670236 ) ) ;
#330 = CARTESIAN_POINT ( 'NONE',  ( 24.50890969571761246, 36.88130926755182770, 0.6448741140205555000 ) ) ;
#331 = CARTESIAN_POINT ( 'NONE',  ( 9.374382121465897555, 34.10046047395869095, 20.41296529932004233 ) ) ;
#332 = ADVANCED_FACE ( 'NONE', ( #772 ), #438, .F. ) ;
#333 = VERTEX_POINT ( 'NONE', #1141 ) ;
#334 = CARTESIAN_POINT ( 'NONE',  ( 12.90851121850850269, 31.00806856580838655, 14.21231428395863539 ) ) ;
#335 = PRESENTATION_STYLE_ASSIGNMENT (( #2557 ) ) ;
#336 = CARTESIAN_POINT ( 'NONE',  ( -0.0006178785340993363543, 44.85046047395872648, 0.6448741140208762435 ) ) ;
#337 = CARTESIAN_POINT ( 'NONE',  ( 8.441816309470475233, 35.54698887650349803, 18.10813455775556591 ) ) ;
#338 = CARTESIAN_POINT ( 'NONE',  ( -9.787512347957759928, 31.18183273916011800, 20.32837667195098774 ) ) ;
#339 = EDGE_CURVE ( 'NONE', #2480, #1325, #2117, .T. ) ;
#340 = CARTESIAN_POINT ( 'NONE',  ( 6.907495360659360983, 37.53273962056128710, 14.42583045801818820 ) ) ;
#341 = CARTESIAN_POINT ( 'NONE',  ( -9.389073582441474386, 37.52010788264549035, 13.38570600068990757 ) ) ;
#342 = CARTESIAN_POINT ( 'NONE',  ( 13.97307462448825355, 34.69015228902583914, 17.00644872335012536 ) ) ;
#343 = ORIENTED_EDGE ( 'NONE', *, *, #550, .T. ) ;
#344 = CARTESIAN_POINT ( 'NONE',  ( -9.324503629045896247, 33.49476790561637785, 20.82174698474133834 ) ) ;
#345 = DIRECTION ( 'NONE',  ( 0.000000000000000000, 0.000000000000000000, 1.000000000000000000 ) ) ;
#346 = FACE_OUTER_BOUND ( 'NONE', #2165, .T. ) ;
#347 = CARTESIAN_POINT ( 'NONE',  ( -12.08257226573318022, 37.43366119826401928, 11.19390762728877320 ) ) ;
#348 = VERTEX_POINT ( 'NONE', #927 ) ;
#349 = CARTESIAN_POINT ( 'NONE',  ( 14.35543290994786148, 32.29148887524119971, 13.09783278498191628 ) ) ;
#350 = CARTESIAN_POINT ( 'NONE',  ( -10.35156741910549982, 32.28243873292831267, 20.90795641889256018 ) ) ;
#351 = AXIS2_PLACEMENT_3D ( 'NONE', #1470, #374, #560 ) ;
#352 = CARTESIAN_POINT ( 'NONE',  ( 13.62242605163269360, 34.19513530703839876, 17.10027296113142725 ) ) ;
#353 = CARTESIAN_POINT ( 'NONE',  ( 13.06084548740048135, 32.63928865571927673, 18.81546383108685916 ) ) ;
#354 = CARTESIAN_POINT ( 'NONE',  ( -13.13392405068289648, 31.14051480636553748, 18.29531471075868510 ) ) ;
#355 = CARTESIAN_POINT ( 'NONE',  ( -10.87295522755215416, 30.78380840299109167, 15.08617593113584299 ) ) ;
#356 = CARTESIAN_POINT ( 'NONE',  ( -14.05668364639580048, 36.51833660963283279, 10.42661916357273100 ) ) ;
#357 = CARTESIAN_POINT ( 'NONE',  ( 14.00684429043736401, 34.38571286578470421, 17.22631738370532162 ) ) ;
#358 = ORIENTED_EDGE ( 'NONE', *, *, #2375, .T. ) ;
#359 = CARTESIAN_POINT ( 'NONE',  ( -10.98740188109817595, 32.03262688738586661, 20.66192614521737525 ) ) ;
#360 = CARTESIAN_POINT ( 'NONE',  ( 16.32581650307103871, 51.12867432933808232, 0.6448741140208762435 ) ) ;
#361 = CARTESIAN_POINT ( 'NONE',  ( 9.374382121465897555, 34.10046047378270373, 20.20850948431797534 ) ) ;
#362 = CARTESIAN_POINT ( 'NONE',  ( -11.42438055339810354, 37.48171411888962012, 11.71361718317757372 ) ) ;
#363 = ORIENTED_EDGE ( 'NONE', *, *, #2407, .T. ) ;
#364 = CARTESIAN_POINT ( 'NONE',  ( -13.53876021418527209, 34.90360145129693592, 14.78473261066961264 ) ) ;
#365 = CARTESIAN_POINT ( 'NONE',  ( -11.25523167619574849, 31.96702697147960137, 20.59223655255745200 ) ) ;
#366 = CARTESIAN_POINT ( 'NONE',  ( -3.007490691206607281, 44.71776433906408244, 0.6448741140208759104 ) ) ;
#367 = CARTESIAN_POINT ( 'NONE',  ( 13.45041290180771298, 33.24935209655821211, 18.04048412816954894 ) ) ;
#368 = CARTESIAN_POINT ( 'NONE',  ( 13.43866870237464006, 33.20013640026498791, 18.09146601602748561 ) ) ;
#369 = CARTESIAN_POINT ( 'NONE',  ( -11.22653679354123391, 30.73471993759770626, 20.04586325947642678 ) ) ;
#370 = DIRECTION ( 'NONE',  ( 0.000000000000000000, 0.000000000000000000, 1.000000000000000000 ) ) ;
#371 = VERTEX_POINT ( 'NONE', #1184 ) ;
#372 = CARTESIAN_POINT ( 'NONE',  ( 9.216337786817065947, 34.14571101134875164, 20.45740150781720601 ) ) ;
#373 = CYLINDRICAL_SURFACE ( 'NONE', #1650, 0.7499999999999998890 ) ;
#374 = DIRECTION ( 'NONE',  ( 0.000000000000000000, -0.000000000000000000, -1.000000000000000000 ) ) ;
#375 = FACE_OUTER_BOUND ( 'NONE', #2344, .T. ) ;
#376 = ORIENTED_EDGE ( 'NONE', *, *, #2582, .T. ) ;
#377 = EDGE_CURVE ( 'NONE', #1651, #1656, #517, .T. ) ;
#378 = DIRECTION ( 'NONE',  ( 0.000000000000000000, -0.6657784582742308777, -0.7461494786555761261 ) ) ;
#379 = CARTESIAN_POINT ( 'NONE',  ( -13.62561787853410245, 33.83397840882651764, 15.46540662735153582 ) ) ;
#380 = CARTESIAN_POINT ( 'NONE',  ( -23.71223864768135314, 24.10046047395869451, 0.6448741140208732459 ) ) ;
#381 = CARTESIAN_POINT ( 'NONE',  ( 13.34116874459004265, 33.03307994949450688, 18.29828279427300330 ) ) ;
#382 = CARTESIAN_POINT ( 'NONE',  ( -12.08257226573283738, 37.43366119826407612, 13.69390762728901656 ) ) ;
#383 = VECTOR ( 'NONE', #1046, 1000.000000000000000 ) ;
#384 = CARTESIAN_POINT ( 'NONE',  ( -13.53291418568439752, 31.37659703426657387, 13.85748118453309097 ) ) ;
#385 = CARTESIAN_POINT ( 'NONE',  ( 13.32265435413255261, 35.91552628537613145, 16.46071594804993055 ) ) ;
#386 = AXIS2_PLACEMENT_3D ( 'NONE', #63, #13, #1131 ) ;
#387 = ORIENTED_EDGE ( 'NONE', *, *, #170, .F. ) ;
#388 = CARTESIAN_POINT ( 'NONE',  ( 24.98541946442390227, 23.62740737466491936, 0.6448741140208762435 ) ) ;
#389 = CARTESIAN_POINT ( 'NONE',  ( -13.32417504402955188, 35.22406998196187544, 17.10263452080460667 ) ) ;
#390 = CARTESIAN_POINT ( 'NONE',  ( 14.76414105601721793, 33.22497065247794978, 13.00009118954244514 ) ) ;
#391 = CARTESIAN_POINT ( 'NONE',  ( -8.898272626967370869, 36.25789961411823015, 14.74126813646413758 ) ) ;
#392 = B_SPLINE_CURVE_WITH_KNOTS ( 'NONE', 3,
 ( #361, #821, #104, #162, #1654 ),
 .UNSPECIFIED., .F., .F.,
 ( 4, 1, 4 ),
 ( 0.01651727887799820174, 0.01656301390952015506, 0.01660874894104210492 ),
 .UNSPECIFIED. ) ;
#393 = EDGE_LOOP ( 'NONE', ( #1935, #1511 ) ) ;
#394 = CARTESIAN_POINT ( 'NONE',  ( 23.40072800370172956, 26.85206346153490742, 0.6448741140208819056 ) ) ;
#395 = CARTESIAN_POINT ( 'NONE',  ( -8.230716395009217479, 35.02608691558874199, 18.94943467629237688 ) ) ;
#396 = CARTESIAN_POINT ( 'NONE',  ( 13.61990772766176860, 34.23871254588868851, 17.06360166521362487 ) ) ;
#397 = CIRCLE ( 'NONE', #1629, 4.937500000000000888 ) ;
#398 = CARTESIAN_POINT ( 'NONE',  ( 11.00686336824924716, 32.02653174445758566, 20.80762355828372279 ) ) ;
#399 = CARTESIAN_POINT ( 'NONE',  ( -13.26385379726071179, 36.98061730001068526, 13.11238648400091300 ) ) ;
#400 = CARTESIAN_POINT ( 'NONE',  ( -8.609092758827351588, 32.35669339835330049, 15.27129243971007355 ) ) ;
#401 = CARTESIAN_POINT ( 'NONE',  ( 18.71647923187790141, 55.26942363939281222, 0.6448741140208762435 ) ) ;
#402 = CARTESIAN_POINT ( 'NONE',  ( -11.97849496790789914, 36.17138144639655195, 16.60336112196768710 ) ) ;
#403 = CARTESIAN_POINT ( 'NONE',  ( -9.369868477293326947, 33.87724489945954076, 18.06355826290106137 ) ) ;
#404 = CARTESIAN_POINT ( 'NONE',  ( -10.09891079368576072, 35.70209356820052449, 16.36819710735626998 ) ) ;
#405 = CARTESIAN_POINT ( 'NONE',  ( 20.16245202703311534, 34.55714373453399446, 40.97101392515528318 ) ) ;
#406 = CARTESIAN_POINT ( 'NONE',  ( 12.49253069231881064, 42.98922854518211523, 0.7428646367674032192 ) ) ;
#407 = CARTESIAN_POINT ( 'NONE',  ( -12.68364877515606892, 32.31829063837822247, 19.32742617751632253 ) ) ;
#408 = CARTESIAN_POINT ( 'NONE',  ( 12.23225068551578509, 32.08682063283863783, 19.80663149326090533 ) ) ;
#409 = B_SPLINE_CURVE_WITH_KNOTS ( 'NONE', 3,
 ( #2675, #1594, #2464, #299, #1179, #1469 ),
 .UNSPECIFIED., .F., .F.,
 ( 4, 2, 4 ),
 ( 0.007986188505897025627, 0.008260531806898075910, 0.008534875107899126193 ),
 .UNSPECIFIED. ) ;
#410 = CARTESIAN_POINT ( 'NONE',  ( -8.567075367043669232, 35.78037551093551372, 17.84613142836350619 ) ) ;
#411 = CARTESIAN_POINT ( 'NONE',  ( -0.0006178785341073482831, 44.85046047395872648, 0.6448741140208893441 ) ) ;
#412 =( GEOMETRIC_REPRESENTATION_CONTEXT ( 3 ) GLOBAL_UNCERTAINTY_ASSIGNED_CONTEXT ( ( #2508 ) ) GLOBAL_UNIT_ASSIGNED_CONTEXT ( ( #201, #1734, #1945 ) ) REPRESENTATION_CONTEXT ( 'NONE', 'WORKASPACE' ) );
#413 = CARTESIAN_POINT ( 'NONE',  ( -10.39018582155896908, 30.90332312060126796, 20.27814148490010737 ) ) ;
#414 = B_SPLINE_SURFACE_WITH_KNOTS ( 'NONE', 3, 1, ( 
 ( #578, #2735 ),
 ( #782, #379 ),
 ( #1641, #547 ),
 ( #798, #811 ),
 ( #1259, #2280 ),
 ( #1687, #2312 ),
 ( #1658, #1460 ),
 ( #1410, #2779 ),
 ( #318, #596 ),
 ( #2070, #2330 ),
 ( #365, #1243 ),
 ( #2529, #564 ),
 ( #350, #1228 ),
 ( #2098, #1501 ),
 ( #1328, #2195 ),
 ( #208, #1754 ),
 ( #865, #2397 ),
 ( #609, #2137 ) ),
 .UNSPECIFIED., .F., .F., .F.,
 ( 4, 2, 2, 2, 2, 2, 2, 2, 4 ),
 ( 2, 2 ),
 ( -6.863687396219120274E-11, 0.06250000000000000000, 0.1250000000000000000, 0.1875000000000000000, 0.2500000000000000000, 0.3125000000000000000, 0.3750000000000000000, 0.4375000000000000000, 0.5000000000000000000 ),
 ( 0.000000000000000000, 1.000000000000000000 ),
 .UNSPECIFIED. ) ;
#415 = CYLINDRICAL_SURFACE ( 'NONE', #1614, 0.7499999999999998890 ) ;
#416 = CARTESIAN_POINT ( 'NONE',  ( -13.05042008455455615, 35.56408803007877140, 17.02604329928653115 ) ) ;
#417 = CARTESIAN_POINT ( 'NONE',  ( -13.40512048344026219, 33.12633023890042949, 16.12681433912320372 ) ) ;
#418 = EDGE_CURVE ( 'NONE', #619, #1008, #2455, .T. ) ;
#419 = CARTESIAN_POINT ( 'NONE',  ( 14.08177906183990125, 33.46408985010112502, 15.45324216301887432 ) ) ;
#420 = ORIENTED_EDGE ( 'NONE', *, *, #1777, .T. ) ;
#421 = CARTESIAN_POINT ( 'NONE',  ( -20.16368778410130957, 34.55714373453399446, 0.6448741140208823497 ) ) ;
#422 = CARTESIAN_POINT ( 'NONE',  ( -9.579058826645457714, 36.87663493947965776, 12.15317346510280672 ) ) ;
#423 = CARTESIAN_POINT ( 'NONE',  ( -10.43029632957171771, 32.26395312433519535, 20.85488005196375028 ) ) ;
#424 = CARTESIAN_POINT ( 'NONE',  ( 14.77031774945000109, 34.94069938626370941, 16.38629408474256266 ) ) ;
#425 = CARTESIAN_POINT ( 'NONE',  ( -9.582575440844976811, 36.90314055138482274, 16.21350484523135194 ) ) ;
#426 = CARTESIAN_POINT ( 'NONE',  ( -3.007490691206606837, 44.71776433906408244, 0.6448741140208759104 ) ) ;
#427 = EDGE_CURVE ( 'NONE', #164, #1651, #1925, .T. ) ;
#428 = CARTESIAN_POINT ( 'NONE',  ( 12.40333623234108984, 32.17525649548298361, 17.39637437020244803 ) ) ;
#429 = CARTESIAN_POINT ( 'NONE',  ( -13.33689118031656839, 35.91050747700286649, 16.45544071086333560 ) ) ;
#430 = CARTESIAN_POINT ( 'NONE',  ( -13.62561787853410600, 34.10046047395869095, 15.26291807676097001 ) ) ;
#431 = CARTESIAN_POINT ( 'NONE',  ( 13.05934366949192516, 31.94781454621936945, 17.17879811447165750 ) ) ;
#432 = ORIENTED_EDGE ( 'NONE', *, *, #746, .T. ) ;
#433 = VERTEX_POINT ( 'NONE', #1573 ) ;
#434 = CARTESIAN_POINT ( 'NONE',  ( -23.71223864768135314, 24.10046047395869451, 0.6448741140208732459 ) ) ;
#435 = FACE_OUTER_BOUND ( 'NONE', #2124, .T. ) ;
#436 = CARTESIAN_POINT ( 'NONE',  ( -13.26802975819639130, 32.48376188774563644, 19.13044461090148118 ) ) ;
#437 = CARTESIAN_POINT ( 'NONE',  ( 14.84369771511537728, 34.60919943726986503, 11.04150358237612117 ) ) ;
#438 = B_SPLINE_SURFACE_WITH_KNOTS ( 'NONE', 3, 1, ( 
 ( #1646, #2518 ),
 ( #1265, #2102 ),
 ( #1448, #1914 ),
 ( #2783, #1693 ),
 ( #1248, #2561 ),
 ( #2317, #1233 ),
 ( #2158, #600 ),
 ( #786, #1663 ),
 ( #2547, #1677 ),
 ( #2533, #1030 ),
 ( #2334, #384 ),
 ( #143, #1042 ),
 ( #2588, #2769 ),
 ( #2141, #1720 ),
 ( #1901, #568 ),
 ( #369, #829 ),
 ( #585, #2755 ),
 ( #200, #1478 ),
 ( #1708, #355 ),
 ( #1016, #2346 ),
 ( #1885, #1986 ),
 ( #413, #1465 ),
 ( #802, #2115 ),
 ( #157, #629 ),
 ( #816, #1114 ),
 ( #1293, #2575 ),
 ( #2128, #171 ),
 ( #613, #1492 ),
 ( #2362, #400 ),
 ( #1280, #185 ),
 ( #1057, #1928 ),
 ( #2796, #844 ),
 ( #1506, #2376 ),
 ( #1785, #2026 ),
 ( #710, #478 ),
 ( #2692, #697 ) ),
 .UNSPECIFIED., .F., .F., .F.,
 ( 4, 2, 2, 2, 2, 2, 2, 2, 2, 2, 2, 2, 2, 2, 2, 2, 2, 4 ),
 ( 2, 2 ),
 ( 0.000000000000000000, 0.06249999999999993061, 0.1249999999999998612, 0.1874999999999997780, 0.2499999999999997224, 0.3749999999999991118, 0.4999999999999984457, 0.5624999999999983347, 0.5937499999999982236, 0.6093749999999981126, 0.6249999999999980016, 0.6874999999999968914, 0.7499999999999958922, 0.8124999999999947820, 0.8437499999999951150, 0.8593749999999951150, 0.8749999999999952260, 1.000000000000000000 ),
 ( 0.000000000000000000, 1.000000000000000000 ),
 .UNSPECIFIED. ) ;
#439 = CARTESIAN_POINT ( 'NONE',  ( -0.0006178785341007960157, 16.60046047395869451, 0.6448741140208762435 ) ) ;
#440 = CARTESIAN_POINT ( 'NONE',  ( 9.374382121465897555, 34.10046047395869095, 17.91296529932005654 ) ) ;
#441 = CARTESIAN_POINT ( 'NONE',  ( 8.740668431213126865, 36.05488617112727212, 15.01187332748942538 ) ) ;
#442 = CARTESIAN_POINT ( 'NONE',  ( 10.27269603519198427, 32.35725475604775170, 18.51622881056412240 ) ) ;
#443 = CARTESIAN_POINT ( 'NONE',  ( -13.59082253390670125, 33.71549750676453527, 17.54341595530173237 ) ) ;
#444 = CARTESIAN_POINT ( 'NONE',  ( 13.62037597335980621, 32.90651859092909604, 18.60554316732538993 ) ) ;
#445 = AXIS2_PLACEMENT_3D ( 'NONE', #808, #2526, #163 ) ;
#446 = ORIENTED_EDGE ( 'NONE', *, *, #170, .T. ) ;
#447 = CARTESIAN_POINT ( 'NONE',  ( -24.98665522149210361, 23.62740737466491936, 0.6448741140211837752 ) ) ;
#448 = CARTESIAN_POINT ( 'NONE',  ( -1.504072830974676922, 44.85046047395872648, 0.6448741140208760214 ) ) ;
#449 = CARTESIAN_POINT ( 'NONE',  ( -24.98665522149210716, 23.62740737466491936, 0.6448741140208731348 ) ) ;
#450 = CARTESIAN_POINT ( 'NONE',  ( -13.32990151842778737, 32.99195410151977370, 18.77058785973738608 ) ) ;
#451 = CARTESIAN_POINT ( 'NONE',  ( 10.10354704072005383, 32.36167742115039658, 21.09778159464719138 ) ) ;
#452 = CARTESIAN_POINT ( 'NONE',  ( -9.376189595488520823, 34.14975013003430604, 17.88016359789405030 ) ) ;
#453 = CARTESIAN_POINT ( 'NONE',  ( -18.41786004275268596, 36.80880624462980677, -36.18961021441629811 ) ) ;
#454 = CARTESIAN_POINT ( 'NONE',  ( 14.35909462838999140, 35.91137026758015338, 13.25842228684729029 ) ) ;
#455 = ADVANCED_FACE ( 'NONE', ( #685 ), #1077, .F. ) ;
#456 = CARTESIAN_POINT ( 'NONE',  ( 12.19468813408222374, 32.09189027235559877, 17.57505289058096665 ) ) ;
#457 = CARTESIAN_POINT ( 'NONE',  ( -10.37196576390855896, 36.28820371228882635, 18.21451241641486618 ) ) ;
#458 = CARTESIAN_POINT ( 'NONE',  ( 10.32987248070677744, 32.19274750156277776, 21.07542277864424207 ) ) ;
#459 = CARTESIAN_POINT ( 'NONE',  ( -13.33989026398861810, 35.20731208081546981, 16.90116208173720125 ) ) ;
#460 = CARTESIAN_POINT ( 'NONE',  ( -0.0006178785340992651223, 46.10046047395872648, 0.6448741140208762435 ) ) ;
#461 =( BOUNDED_SURFACE ( )  B_SPLINE_SURFACE ( 3, 3, ( 
 ( #2291, #1699, #1906, #2566 ),
 ( #1406, #135, #2276, #330 ),
 ( #807, #118, #1224, #1669 ),
 ( #541, #1022, #2308, #1239 ) ),
 .UNSPECIFIED., .F., .F., .F. ) 
 B_SPLINE_SURFACE_WITH_KNOTS ( ( 4, 4 ),
 ( 4, 4 ),
 ( 0.000000000000000000, 1.000000000000000000 ),
 ( 0.000000000000000000, 1.000000000000000000 ),
 .UNSPECIFIED. ) 
 GEOMETRIC_REPRESENTATION_ITEM ( )  RATIONAL_B_SPLINE_SURFACE ( (
 ( 1.000000000000000000, 0.3333333333333271531, 0.3333333333333271531, 1.000000000000000000),
 ( 0.8125496080982681502, 0.2708498693660843504, 0.2708498693660843504, 0.8125496080982681502),
 ( 0.8125496080982681502, 0.2708498693660843504, 0.2708498693660843504, 0.8125496080982681502),
 ( 1.000000000000000000, 0.3333333333333271531, 0.3333333333333271531, 1.000000000000000000) ) ) 
 REPRESENTATION_ITEM ( '' )  SURFACE ( )  );
#462 = CARTESIAN_POINT ( 'NONE',  ( -14.85616358809869553, 34.52814121237360467, 16.52842666171523689 ) ) ;
#463 = CARTESIAN_POINT ( 'NONE',  ( -10.82480737937272508, 31.95545665848843697, 20.94321599175543369 ) ) ;
#464 = CARTESIAN_POINT ( 'NONE',  ( 10.09604429689748173, 32.50254991650095349, 20.89860430854641393 ) ) ;
#465 = EDGE_CURVE ( 'NONE', #1680, #348, #1158, .T. ) ;
#466 = CARTESIAN_POINT ( 'NONE',  ( -11.14631853642789849, 36.58921961057067307, 17.45475130846567779 ) ) ;
#467 = CARTESIAN_POINT ( 'NONE',  ( 12.49253069231869340, 42.98922854518217918, 0.6448741140207098210 ) ) ;
#468 = CARTESIAN_POINT ( 'NONE',  ( -15.25412268738399746, 39.76928941199871304, 0.6448741140208742451 ) ) ;
#469 = CARTESIAN_POINT ( 'NONE',  ( 13.51876322209072612, 36.80820883490917339, 13.06351618920592550 ) ) ;
#470 = CARTESIAN_POINT ( 'NONE',  ( 13.46296790711822489, 33.28563261795079598, 15.97285612833658064 ) ) ;
#471 = CARTESIAN_POINT ( 'NONE',  ( -11.86937613870861874, 36.19363264281214754, 16.67019481416100746 ) ) ;
#472 = CARTESIAN_POINT ( 'NONE',  ( -0.0006178785341007960157, 23.62740737466491936, 25.63091145697887896 ) ) ;
#473 = ORIENTED_EDGE ( 'NONE', *, *, #886, .F. ) ;
#474 = CARTESIAN_POINT ( 'NONE',  ( -11.79763770370733056, 37.46441964165405381, 10.94634864362411442 ) ) ;
#475 = CARTESIAN_POINT ( 'NONE',  ( 11.40776301441352381, 43.53116989751136856, 0.04478071968869476449 ) ) ;
#476 = CARTESIAN_POINT ( 'NONE',  ( 13.43259463896742645, 36.88012833456882333, 15.99883687901221663 ) ) ;
#477 = CARTESIAN_POINT ( 'NONE',  ( 13.61733902420180087, 34.41756145104879749, 15.02607025039656996 ) ) ;
#478 = CARTESIAN_POINT ( 'NONE',  ( -8.116390999812038487, 33.74192079624408791, 14.89077622833680259 ) ) ;
#479 = CARTESIAN_POINT ( 'NONE',  ( 13.42456707814683270, 33.16778542952193476, 18.47206492089699026 ) ) ;
#480 = CARTESIAN_POINT ( 'NONE',  ( 9.535779497530418425, 36.85318621333800593, 16.28608673999265477 ) ) ;
#481 = CARTESIAN_POINT ( 'NONE',  ( 11.48563404928157183, 31.97514089272039683, 18.06477560131959947 ) ) ;
#482 = CARTESIAN_POINT ( 'NONE',  ( -12.15170482376336913, 36.14359810630341485, 17.18019276252415040 ) ) ;
#483 = CARTESIAN_POINT ( 'NONE',  ( 9.580626681836722724, 35.05209096684269809, 19.34201963148992220 ) ) ;
#484 = ORIENTED_EDGE ( 'NONE', *, *, #885, .F. ) ;
#485 = CARTESIAN_POINT ( 'NONE',  ( -11.44458414058704498, 36.22512192359481276, 15.09226430285434795 ) ) ;
#486 = CARTESIAN_POINT ( 'NONE',  ( -14.85616358809869553, 34.52814121237360467, 11.07936128923205388 ) ) ;
#487 = CARTESIAN_POINT ( 'NONE',  ( 11.78656413179627371, 30.72953255608813095, 19.42869542850633024 ) ) ;
#488 = CARTESIAN_POINT ( 'NONE',  ( -0.0006178785341007960157, 22.85046047395869451, 0.6448741140208762435 ) ) ;
#489 = CARTESIAN_POINT ( 'NONE',  ( -9.452327819682382781, 35.30527803079852589, 19.52512807133107486 ) ) ;
#490 = DIRECTION ( 'NONE',  ( 0.000000000000000000, 0.000000000000000000, -1.000000000000000000 ) ) ;
#491 = CARTESIAN_POINT ( 'NONE',  ( 9.493631505098868217, 33.38135925950194860, 20.69904706667282923 ) ) ;
#492 = B_SPLINE_CURVE_WITH_KNOTS ( 'NONE', 3,
 ( #142, #321, #1676, #1662, #1446, #2114, #2055, #1857, #1899, #1464, #2073, #970, #2753, #785, #1628, #2516, #2333, #1202, #155, #97, #2532, #1841, #2724, #2768, #368, #111, #2709, #801, #2315, #2501 ),
 .UNSPECIFIED., .F., .F.,
 ( 4, 2, 2, 2, 2, 2, 2, 2, 2, 2, 2, 2, 2, 2, 4 ),
 ( 0.01660874894104210492, 0.01712055577191345934, 0.01763236260278481030, 0.01814416943365616125, 0.01840007284909183846, 0.01865597626452751567, 0.01916778309539886316, 0.01967958992627021411, 0.02019139675714156507, 0.02070320358801291255, 0.02172681724975561099, 0.02275043091149830943, 0.02377404457324100440, 0.02428585140411234147, 0.02479765823498367855 ),
 .UNSPECIFIED. ) ;
#493 = CARTESIAN_POINT ( 'NONE',  ( 8.230268304686875425, 34.97164455660815463, 16.17640521157521150 ) ) ;
#494 = B_SPLINE_CURVE_WITH_KNOTS ( 'NONE', 3,
 ( #2537, #74, #741, #572, #344, #961, #729, #557, #1418, #512, #977, #1606, #1207, #1453, #2078, #1846, #2033, #2491, #950, #1389, #298, #1178, #1193, #2047, #1833, #525, #116, #1436 ),
 .UNSPECIFIED., .F., .F.,
 ( 4, 2, 2, 2, 2, 2, 2, 2, 2, 2, 2, 2, 2, 4 ),
 ( 0.008875346568921763102, 0.01000892483837702296, 0.01057571397310466503, 0.01114250310783230537, 0.01170929224255994744, 0.01199268680992376587, 0.01227608137728758431, 0.01284287051201521944, 0.01340965964674285457, 0.01454323791619812137, 0.01567681618565338816, 0.01624360532038101462, 0.01681039445510864455, 0.01794397272456392176 ),
 .UNSPECIFIED. ) ;
#495 = CARTESIAN_POINT ( 'NONE',  ( 14.04386244961338193, 36.52940387875905515, 10.42589909483815980 ) ) ;
#496 = CARTESIAN_POINT ( 'NONE',  ( -10.61436791284504366, 36.03566676716541650, 17.78658875526187089 ) ) ;
#497 = EDGE_CURVE ( 'NONE', #1206, #809, #2295, .T. ) ;
#498 = CARTESIAN_POINT ( 'NONE',  ( 10.06668491176607994, 35.68747545982390790, 18.89966633969097387 ) ) ;
#499 = ORIENTED_EDGE ( 'NONE', *, *, #1049, .F. ) ;
#500 = CARTESIAN_POINT ( 'NONE',  ( -13.27362834814187131, 35.27316208986493962, 14.58888287841013742 ) ) ;
#501 = EDGE_CURVE ( 'NONE', #1579, #691, #2348, .T. ) ;
#502 = CARTESIAN_POINT ( 'NONE',  ( -11.91083924840712882, 37.45259188081787727, 10.90353702879217757 ) ) ;
#503 = CARTESIAN_POINT ( 'NONE',  ( 8.124382121465899331, 34.10046047395996993, 19.36691707947191432 ) ) ;
#504 = CARTESIAN_POINT ( 'NONE',  ( 9.504206804232252281, 36.85186067154946699, 12.19001960911790583 ) ) ;
#505 = CARTESIAN_POINT ( 'NONE',  ( 12.59100107613676300, 35.95379068571881476, 16.82648960115844972 ) ) ;
#506 = CARTESIAN_POINT ( 'NONE',  ( 9.554249592241340849, 31.32924674655299668, 15.30431197444740832 ) ) ;
#507 = CARTESIAN_POINT ( 'NONE',  ( 13.30695372365521401, 32.95680775784100547, 18.69712076677597068 ) ) ;
#508 = DIRECTION ( 'NONE',  ( 0.000000000000000000, 0.5998710712012432777, 0.8000966803679872008 ) ) ;
#509 = CARTESIAN_POINT ( 'NONE',  ( 11.54790893696810095, 37.53273962056129420, 11.80554601752885802 ) ) ;
#510 = CARTESIAN_POINT ( 'NONE',  ( 9.374224101297739864, 34.42481552944548895, 20.20005319109988307 ) ) ;
#511 = ORIENTED_EDGE ( 'NONE', *, *, #1936, .T. ) ;
#512 = CARTESIAN_POINT ( 'NONE',  ( -10.09541533064517260, 32.36928041620208774, 21.09832056093330266 ) ) ;
#513 = CARTESIAN_POINT ( 'NONE',  ( -14.09381882186778867, 36.27427983739569584, 15.99292395773523090 ) ) ;
#514 = CARTESIAN_POINT ( 'NONE',  ( 8.146154075799328709, 33.64820972750158745, 19.66767766066534406 ) ) ;
#515 = CARTESIAN_POINT ( 'NONE',  ( 12.52232186995923691, 37.31697199952607491, 16.17829537803395823 ) ) ;
#516 = ORIENTED_EDGE ( 'NONE', *, *, #120, .F. ) ;
#517 = LINE ( 'NONE', #2228, #1984 ) ;
#518 = CARTESIAN_POINT ( 'NONE',  ( -12.49376644938696934, 42.98922854518212233, 0.8408107865813432280 ) ) ;
#519 = CARTESIAN_POINT ( 'NONE',  ( 11.95903692635926596, 36.17547720296855829, 14.77849884652538570 ) ) ;
#520 = AXIS2_PLACEMENT_3D ( 'NONE', #2282, #320, #110 ) ;
#521 = CARTESIAN_POINT ( 'NONE',  ( -13.90106110881746915, 31.72042120203060023, 14.85419108926072518 ) ) ;
#522 = CARTESIAN_POINT ( 'NONE',  ( -7.297179047330824453, 36.51833660963283279, 15.32551558757048404 ) ) ;
#523 = CARTESIAN_POINT ( 'NONE',  ( 11.75280552637405052, 36.21546381877560350, 16.74237214833134146 ) ) ;
#524 = VERTEX_POINT ( 'NONE', #1198 ) ;
#525 = CARTESIAN_POINT ( 'NONE',  ( -13.82495266911886311, 33.25689545591132656, 18.21838819211076199 ) ) ;
#526 = CARTESIAN_POINT ( 'NONE',  ( -10.78329897795284786, 36.10430577715629852, 17.59852499615743682 ) ) ;
#527 = CARTESIAN_POINT ( 'NONE',  ( 9.980703943160355252, 31.08400441450175222, 20.27720799576652766 ) ) ;
#528 = CARTESIAN_POINT ( 'NONE',  ( 8.502459433984418169, 35.70698014810589882, 13.10246121369005046 ) ) ;
#529 = VERTEX_POINT ( 'NONE', #122 ) ;
#530 = CARTESIAN_POINT ( 'NONE',  ( -0.0006178785340978279039, 23.60046047395869451, -23.59164747557210973 ) ) ;
#531 = FACE_OUTER_BOUND ( 'NONE', #789, .T. ) ;
#532 = CARTESIAN_POINT ( 'NONE',  ( 13.62376181292659361, 34.15180174886806697, 15.22426705907440514 ) ) ;
#533 = CARTESIAN_POINT ( 'NONE',  ( 10.35139382762721283, 35.89440400924164720, 16.06531328481941756 ) ) ;
#534 = CARTESIAN_POINT ( 'NONE',  ( -14.79346942449962121, 33.33447007982422150, 15.38213887006342340 ) ) ;
#535 = CARTESIAN_POINT ( 'NONE',  ( -14.74473237292786543, 33.15096152200489144, 13.08042960838113977 ) ) ;
#536 = CARTESIAN_POINT ( 'NONE',  ( -12.19429292516710639, 36.51833660963283990, 12.55806598627005499 ) ) ;
#537 = CARTESIAN_POINT ( 'NONE',  ( 11.89865376469200342, 36.61925812751973552, 16.90065242626893394 ) ) ;
#538 = VERTEX_POINT ( 'NONE', #995 ) ;
#539 = CARTESIAN_POINT ( 'NONE',  ( 9.602163978418769119, 35.09195119036187549, 19.29555572782625106 ) ) ;
#540 = CARTESIAN_POINT ( 'NONE',  ( -11.23448196203055183, 43.61815212885775850, 0.2665753629440411610 ) ) ;
#541 = CARTESIAN_POINT ( 'NONE',  ( -0.0006178785341023269092, 46.10046047395872648, 0.6448741140208762435 ) ) ;
#542 = CARTESIAN_POINT ( 'NONE',  ( 15.30129745023270615, 50.85415527649975331, 0.6448741140208762435 ) ) ;
#543 = AXIS2_PLACEMENT_3D ( 'NONE', #601, #1479, #1915 ) ;
#544 = VECTOR ( 'NONE', #1776, 1000.000000000000000 ) ;
#545 = ORIENTED_EDGE ( 'NONE', *, *, #1059, .T. ) ;
#546 = CARTESIAN_POINT ( 'NONE',  ( 14.87339692555050519, 34.18200249881612507, 12.01239195343486976 ) ) ;
#547 = CARTESIAN_POINT ( 'NONE',  ( -13.57753044288566180, 33.58770095673752110, 15.68026573904083421 ) ) ;
#548 = CARTESIAN_POINT ( 'NONE',  ( -9.195010836313670666, 34.14874398323183158, 20.46987110288197442 ) ) ;
#549 = DIRECTION ( 'NONE',  ( 0.000000000000000000, 0.000000000000000000, 1.000000000000000000 ) ) ;
#550 = EDGE_CURVE ( 'NONE', #562, #538, #795, .T. ) ;
#551 = CARTESIAN_POINT ( 'NONE',  ( -0.0006178785341073482831, 44.85046047395872648, 0.6448741140208631428 ) ) ;
#552 = CARTESIAN_POINT ( 'NONE',  ( 12.18178591658415044, 36.52940387875904804, 12.55535468005868438 ) ) ;
#553 = CYLINDRICAL_SURFACE ( 'NONE', #1290, 0.7499999999999998890 ) ;
#554 = AXIS2_PLACEMENT_3D ( 'NONE', #1728, #1981, #1528 ) ;
#555 = CARTESIAN_POINT ( 'NONE',  ( 13.56854231598504157, 35.63070759461805181, 16.52155695017175319 ) ) ;
#556 = ORIENTED_EDGE ( 'NONE', *, *, #2142, .F. ) ;
#557 = CARTESIAN_POINT ( 'NONE',  ( -9.758721226894447653, 32.69896868537118451, 21.08199340888429418 ) ) ;
#558 = CIRCLE ( 'NONE', #1429, 0.7500000000000006661 ) ;
#559 = CARTESIAN_POINT ( 'NONE',  ( -13.61097723776504864, 33.84077828625648010, 17.42002745688226995 ) ) ;
#560 = DIRECTION ( 'NONE',  ( 0.8660254037844393737, -0.4999999999999985012, 0.000000000000000000 ) ) ;
#561 = DIRECTION ( 'NONE',  ( 0.000000000000000000, -0.000000000000000000, -1.000000000000000000 ) ) ;
#562 = VERTEX_POINT ( 'NONE', #2342 ) ;
#563 = DIRECTION ( 'NONE',  ( 0.000000000000000000, 0.000000000000000000, -1.000000000000000000 ) ) ;
#564 = CARTESIAN_POINT ( 'NONE',  ( -10.65588697179278732, 32.12607890166972879, 18.44513500658121785 ) ) ;
#565 = CARTESIAN_POINT ( 'NONE',  ( 1.502837073906475140, 44.85046047395872648, 0.6448741140208762435 ) ) ;
#566 = CARTESIAN_POINT ( 'NONE',  ( 12.97588832009330773, 35.63761176745610726, 14.50296449679984079 ) ) ;
#567 = CARTESIAN_POINT ( 'NONE',  ( -0.0006178785341073482831, 44.85046047395872648, 0.6448741140208762435 ) ) ;
#568 = CARTESIAN_POINT ( 'NONE',  ( -11.57357468353337460, 30.71843304867311630, 14.85854269120293125 ) ) ;
#569 = CARTESIAN_POINT ( 'NONE',  ( -13.59082253390670125, 33.71549750676453527, 17.54341595530173237 ) ) ;
#570 = LINE ( 'NONE', #1450, #199 ) ;
#571 = EDGE_LOOP ( 'NONE', ( #1403, #131 ) ) ;
#572 = CARTESIAN_POINT ( 'NONE',  ( -9.278668206625424020, 33.66124146463117484, 20.74035519547575035 ) ) ;
#573 = CARTESIAN_POINT ( 'NONE',  ( -11.88624675876809000, 36.19463732703329839, 16.65593527784876926 ) ) ;
#574 = DIRECTION ( 'NONE',  ( -0.8660254037844393737, -0.4999999999999985012, 0.000000000000000000 ) ) ;
#575 = CARTESIAN_POINT ( 'NONE',  ( -8.567075367043711864, 35.78037551093557767, 15.34613142836341382 ) ) ;
#576 = EDGE_LOOP ( 'NONE', ( #2109, #2294, #376 ) ) ;
#577 = CARTESIAN_POINT ( 'NONE',  ( 12.51524198670442267, 30.85315780223924520, 14.41849346899616258 ) ) ;
#578 = CARTESIAN_POINT ( 'NONE',  ( -13.62561787853410422, 34.10046047395869095, 17.65158476410397626 ) ) ;
#579 = CIRCLE ( 'NONE', #2177, 4.937500000000000888 ) ;
#580 = CARTESIAN_POINT ( 'NONE',  ( -7.408411637079210799, 43.79890889688616085, 0.6448741140208754663 ) ) ;
#581 = CARTESIAN_POINT ( 'NONE',  ( 9.374382121465892226, 34.23957483205556684, 17.82142889561350785 ) ) ;
#582 = EDGE_CURVE ( 'NONE', #1656, #2341, #655, .T. ) ;
#583 = CARTESIAN_POINT ( 'NONE',  ( -8.953452751967391876, 31.88303877455851065, 20.36343169218498517 ) ) ;
#584 = TOROIDAL_SURFACE ( 'NONE', #1320, 5.437500000000001776, 0.7500000000000000000 ) ;
#585 = CARTESIAN_POINT ( 'NONE',  ( -11.10937298211223201, 30.74616503233166398, 20.08370003190306718 ) ) ;
#586 = CARTESIAN_POINT ( 'NONE',  ( 13.99702936565068789, 34.53672417775408832, 17.11314449470010146 ) ) ;
#587 = EDGE_CURVE ( 'NONE', #1177, #1452, #2548, .T. ) ;
#588 = ORIENTED_EDGE ( 'NONE', *, *, #1773, .F. ) ;
#589 = CARTESIAN_POINT ( 'NONE',  ( 11.28336637267933007, 36.61214428732485260, 17.34041061970573594 ) ) ;
#590 = CARTESIAN_POINT ( 'NONE',  ( -11.24170716937446457, 36.21327409400510078, 17.14864612794987053 ) ) ;
#591 = ADVANCED_FACE ( 'NONE', ( #1442 ), #1531, .F. ) ;
#592 = LINE ( 'NONE', #1034, #2809 ) ;
#593 = FACE_BOUND ( 'NONE', #2349, .T. ) ;
#594 = ORIENTED_EDGE ( 'NONE', *, *, #497, .F. ) ;
#595 = CARTESIAN_POINT ( 'NONE',  ( 14.24719535695156480, 32.13146573105714765, 13.21112841121812487 ) ) ;
#596 = CARTESIAN_POINT ( 'NONE',  ( -12.09608648792307761, 32.04220936251492446, 17.66727199183892694 ) ) ;
#597 = CARTESIAN_POINT ( 'NONE',  ( -20.92071932708723736, 33.35561037482337099, 0.6448741140208734679 ) ) ;
#598 = CARTESIAN_POINT ( 'NONE',  ( 13.02519206551332864, 32.58519934435483378, 19.24520583049596922 ) ) ;
#599 = CARTESIAN_POINT ( 'NONE',  ( -9.141028348234577550, 31.68369694140352166, 20.38263084499399369 ) ) ;
#600 = CARTESIAN_POINT ( 'NONE',  ( -14.51048783940276365, 32.56115936461447546, 12.95406501852756165 ) ) ;
#601 = CARTESIAN_POINT ( 'NONE',  ( -0.0006178785341001300987, 16.60046047395869451, 6.082374114020877798 ) ) ;
#602 = EDGE_LOOP ( 'NONE', ( #1257, #101, #511 ) ) ;
#603 = CARTESIAN_POINT ( 'NONE',  ( -9.916785154855768170, 32.67527467150808462, 20.89158890734108809 ) ) ;
#604 = CARTESIAN_POINT ( 'NONE',  ( -13.79535342679015741, 35.23211025151651654, 16.69053443612534338 ) ) ;
#605 = CARTESIAN_POINT ( 'NONE',  ( -13.56824323377497876, 33.59308099684638904, 15.68106880404159043 ) ) ;
#606 = CARTESIAN_POINT ( 'NONE',  ( -9.582575440845111814, 36.90314055138492222, 13.71350484523116364 ) ) ;
#607 = ORIENTED_EDGE ( 'NONE', *, *, #1391, .T. ) ;
#608 = CARTESIAN_POINT ( 'NONE',  ( 23.40072800370171890, 26.85206346153490387, 47.44756587849254004 ) ) ;
#609 = CARTESIAN_POINT ( 'NONE',  ( -9.376189595488519046, 34.14975013003430604, 20.26883028523705832 ) ) ;
#610 = CARTESIAN_POINT ( 'NONE',  ( -23.40196376076993090, 26.85206346153490742, 0.6448741140208733569 ) ) ;
#611 = CARTESIAN_POINT ( 'NONE',  ( 11.32534916949098935, 31.97519366531346208, 20.65773048890909180 ) ) ;
#612 = CARTESIAN_POINT ( 'NONE',  ( -10.25987059943944146, 37.24539784452837665, 15.38783159265396883 ) ) ;
#613 = CARTESIAN_POINT ( 'NONE',  ( -8.677431326055467409, 32.24832775499532289, 20.35805399918968916 ) ) ;
#614 = CARTESIAN_POINT ( 'NONE',  ( 13.51626056450905544, 34.78540218834740472, 16.65222326956569532 ) ) ;
#615 = CARTESIAN_POINT ( 'NONE',  ( -9.639523445531308354, 33.06418725329903907, 20.79272935504668141 ) ) ;
#616 = CARTESIAN_POINT ( 'NONE',  ( -13.64061555412536642, 34.22618745532555096, 17.06139413174552288 ) ) ;
#617 = CARTESIAN_POINT ( 'NONE',  ( 14.87339692555050519, 34.18200249881611796, 12.04264231354807002 ) ) ;
#618 = CARTESIAN_POINT ( 'NONE',  ( -14.53496181824600342, 35.59699480011274630, 10.93206462115487554 ) ) ;
#619 = VERTEX_POINT ( 'NONE', #1937 ) ;
#620 = CARTESIAN_POINT ( 'NONE',  ( -17.42908811780641898, 37.85887784384377142, 35.50181459256548777 ) ) ;
#621 = CARTESIAN_POINT ( 'NONE',  ( -9.739871549779545390, 36.98134420701293124, 17.48847482434987910 ) ) ;
#622 = CARTESIAN_POINT ( 'NONE',  ( -12.46279191789126273, 32.18792756530297083, 19.57656385744714100 ) ) ;
#623 = CIRCLE ( 'NONE', #2220, 24.98603734295800294 ) ;
#624 = CARTESIAN_POINT ( 'NONE',  ( 10.49106363916949824, 32.10006929282636179, 21.04200165555650415 ) ) ;
#625 = CARTESIAN_POINT ( 'NONE',  ( -14.18728130806526089, 36.14600071187627606, 13.16564767088141075 ) ) ;
#626 = CARTESIAN_POINT ( 'NONE',  ( 3.006254934138405499, 44.71776433906408244, 0.6448741140208762435 ) ) ;
#627 = ADVANCED_FACE ( 'NONE', ( #1068, #2609, #648 ), #2017, .T. ) ;
#628 = EDGE_CURVE ( 'NONE', #311, #2462, #492, .T. ) ;
#629 = CARTESIAN_POINT ( 'NONE',  ( -9.700071594220155191, 31.23550424808622594, 15.32744518336362560 ) ) ;
#630 = CARTESIAN_POINT ( 'NONE',  ( 12.72191068816896653, 36.36457108717906550, 16.51985477753008169 ) ) ;
#631 = CARTESIAN_POINT ( 'NONE',  ( -13.93991919030451676, 34.83962717985913571, 16.90965761424357439 ) ) ;
#632 = CARTESIAN_POINT ( 'NONE',  ( 14.01208895054118919, 34.08540828615965523, 17.45982787598835628 ) ) ;
#633 = CARTESIAN_POINT ( 'NONE',  ( -9.442045641688835644, 34.68387607354350877, 17.48587095297954264 ) ) ;
#634 = ORIENTED_EDGE ( 'NONE', *, *, #2323, .T. ) ;
#635 = CARTESIAN_POINT ( 'NONE',  ( -10.98737548882503923, 36.16455610103657392, 15.44656993051810545 ) ) ;
#636 = CARTESIAN_POINT ( 'NONE',  ( -22.17732787687773310, 30.84410575147589029, 44.99829411070812313 ) ) ;
#637 = CARTESIAN_POINT ( 'NONE',  ( -9.501089251188234996, 36.82098905290796154, 17.65944574107692233 ) ) ;
#638 = CARTESIAN_POINT ( 'NONE',  ( -10.15888198213840887, 32.45024735569842989, 21.02339601551838300 ) ) ;
#639 = CARTESIAN_POINT ( 'NONE',  ( 14.66418556706008047, 35.27465910667527993, 16.26750182506961195 ) ) ;
#640 = CARTESIAN_POINT ( 'NONE',  ( -8.251460325463183310, 35.03800211853176449, 18.61507465617509993 ) ) ;
#641 = CARTESIAN_POINT ( 'NONE',  ( -7.408411637079210799, 43.79890889688616085, 0.6448741140208752443 ) ) ;
#642 = EDGE_CURVE ( 'NONE', #619, #2713, #1007, .T. ) ;
#643 = CARTESIAN_POINT ( 'NONE',  ( 13.11371280238204484, 36.10471388952110061, 16.45333522906441104 ) ) ;
#644 = CARTESIAN_POINT ( 'NONE',  ( -12.49376644938690184, 42.98922854518217918, 0.6448741140210355605 ) ) ;
#645 = CARTESIAN_POINT ( 'NONE',  ( -13.04687858825790059, 32.63776673197246225, 16.69399211059278443 ) ) ;
#646 = FACE_OUTER_BOUND ( 'NONE', #191, .T. ) ;
#647 = ORIENTED_EDGE ( 'NONE', *, *, #465, .T. ) ;
#648 = FACE_OUTER_BOUND ( 'NONE', #2435, .T. ) ;
#649 = FACE_BOUND ( 'NONE', #1480, .T. ) ;
#650 = CARTESIAN_POINT ( 'NONE',  ( -12.95076424568441453, 32.21559022812053996, 19.51376814612853039 ) ) ;
#651 = CARTESIAN_POINT ( 'NONE',  ( 9.386233975886741021, 33.81483975219045846, 20.59358571680334649 ) ) ;
#652 = DIRECTION ( 'NONE',  ( -0.000000000000000000, 1.000000000000000000, -0.000000000000000000 ) ) ;
#653 = CARTESIAN_POINT ( 'NONE',  ( -10.19871648903011696, 42.76717261312904839, 0.6448741140208749112 ) ) ;
#654 = CARTESIAN_POINT ( 'NONE',  ( 14.84531223725942262, 34.59557230720371024, 11.67058004672384008 ) ) ;
#655 = CIRCLE ( 'NONE', #2754, 0.7500000000000028866 ) ;
#656 = B_SPLINE_CURVE_WITH_KNOTS ( 'NONE', 3,
 ( #430, #889, #2146, #1537, #1737, #605, #2163, #417, #1712, #645, #833, #2788, #2406, #1932, #204, #1076, #2392, #1090, #1918, #2591, #2175, #2579, #403, #1948 ),
 .UNSPECIFIED., .F., .F.,
 ( 4, 2, 2, 2, 2, 2, 2, 2, 2, 2, 2, 4 ),
 ( 0.000000000000000000, 0.01562500000000030878, 0.03125000000000061756, 0.06250000000000044409, 0.1250000000000005551, 0.1562500000000006939, 0.1875000000000008049, 0.2500000000000006661, 0.3125000000000004996, 0.3750000000000003331, 0.4375000000000002220, 0.5000000000000000000 ),
 .UNSPECIFIED. ) ;
#657 = APPLICATION_PROTOCOL_DEFINITION ( 'draft international standard', 'automotive_design', 1998, #28 ) ;
#658 = CARTESIAN_POINT ( 'NONE',  ( 12.22664807269629250, 32.10324769157703884, 17.54869783692252838 ) ) ;
#659 = CARTESIAN_POINT ( 'NONE',  ( -12.34682557502849853, 36.05549193069022351, 16.41423393978359613 ) ) ;
#660 = DIRECTION ( 'NONE',  ( 0.000000000000000000, 0.000000000000000000, 1.000000000000000000 ) ) ;
#661 = CARTESIAN_POINT ( 'NONE',  ( 13.53776784829524793, 34.90356472528326748, 14.78460980258471835 ) ) ;
#662 = CARTESIAN_POINT ( 'NONE',  ( -13.13278251128042307, 35.46952605137741443, 14.52967582105391031 ) ) ;
#663 = CARTESIAN_POINT ( 'NONE',  ( -15.25412268738400101, 39.76928941199870593, 31.15188373172066250 ) ) ;
#664 = CARTESIAN_POINT ( 'NONE',  ( 11.14808389609974171, 43.66057838605775032, 0.7440761264386333007 ) ) ;
#665 = CARTESIAN_POINT ( 'NONE',  ( -13.20660229020793075, 32.82766083574407645, 18.56214265410370601 ) ) ;
#666 = CARTESIAN_POINT ( 'NONE',  ( 9.504837428291931900, 33.34605489425575797, 20.82746224202331931 ) ) ;
#667 = CARTESIAN_POINT ( 'NONE',  ( -10.81551200373660748, 37.41136595210515736, 14.78856850803166978 ) ) ;
#668 = CARTESIAN_POINT ( 'NONE',  ( 18.41662428568448462, 36.80880624462980677, 0.6448741140208763545 ) ) ;
#669 = ADVANCED_FACE ( 'NONE', ( #2807 ), #584, .T. ) ;
#670 = CARTESIAN_POINT ( 'NONE',  ( 9.242818202679929485, 36.61774103543166348, 14.20007877451454625 ) ) ;
#671 = B_SPLINE_CURVE_WITH_KNOTS ( 'NONE', 3,
 ( #2281, #783, #352, #1871, #396 ),
 .UNSPECIFIED., .F., .F.,
 ( 4, 1, 4 ),
 ( 0.008168639801503842571, 0.008225591522949160517, 0.008282543244394480197 ),
 .UNSPECIFIED. ) ;
#672 = APPLICATION_PROTOCOL_DEFINITION ( 'draft international standard', 'automotive_design', 1998, #2767 ) ;
#673 = CARTESIAN_POINT ( 'NONE',  ( 13.52620172107011243, 33.45897464520023590, 15.80593194495687470 ) ) ;
#674 = CARTESIAN_POINT ( 'NONE',  ( -12.05351183512761359, 36.17424420517647121, 17.22284992283283245 ) ) ;
#675 = CARTESIAN_POINT ( 'NONE',  ( 11.98892471039049568, 31.85259736961753418, 20.33219018835846015 ) ) ;
#676 = EDGE_CURVE ( 'NONE', #2536, #164, #974, .T. ) ;
#677 = CARTESIAN_POINT ( 'NONE',  ( -12.33901455849531104, 36.07627850827133642, 14.59570851459008445 ) ) ;
#678 = AXIS2_PLACEMENT_3D ( 'NONE', #189, #2554, #1684 ) ;
#679 = CARTESIAN_POINT ( 'NONE',  ( -13.61293182254807554, 34.33604231058080813, 15.09132162096492458 ) ) ;
#680 = CARTESIAN_POINT ( 'NONE',  ( 1.502837073906475363, 44.85046047395872648, 0.6448741140208766875 ) ) ;
#681 = CARTESIAN_POINT ( 'NONE',  ( -13.29083208837747421, 36.97175031387336475, 15.99247011926008355 ) ) ;
#682 = CARTESIAN_POINT ( 'NONE',  ( -10.65300663292105732, 32.02313421800306514, 20.99882041338963745 ) ) ;
#683 = CARTESIAN_POINT ( 'NONE',  ( 14.84369771511537728, 34.60919943726986503, 16.51666498596422272 ) ) ;
#684 = CARTESIAN_POINT ( 'NONE',  ( -13.93933437950926901, 34.84181730109489195, 16.90828930765053784 ) ) ;
#685 = FACE_OUTER_BOUND ( 'NONE', #2135, .T. ) ;
#686 = CARTESIAN_POINT ( 'NONE',  ( -17.42908811780641187, 37.85887784384377142, 0.6448741140208739120 ) ) ;
#687 = CARTESIAN_POINT ( 'NONE',  ( 12.69131004339948809, 37.26814145631405495, 10.82407167896875677 ) ) ;
#688 = CARTESIAN_POINT ( 'NONE',  ( 11.26627098609872668, 31.98790385279733783, 18.18294260518318595 ) ) ;
#689 = CARTESIAN_POINT ( 'NONE',  ( -11.77448083919688848, 30.67943723669375800, 17.25807778663960335 ) ) ;
#690 = CARTESIAN_POINT ( 'NONE',  ( -13.62561787853410422, 34.10046047395869095, 17.56790485778745747 ) ) ;
#691 = VERTEX_POINT ( 'NONE', #1757 ) ;
#692 = CARTESIAN_POINT ( 'NONE',  ( -13.57154052448417048, 34.57917455240293236, 14.93122365721157330 ) ) ;
#693 = CARTESIAN_POINT ( 'NONE',  ( -12.60728624555972921, 37.29839627689335657, 16.12918659373000807 ) ) ;
#694 = CARTESIAN_POINT ( 'NONE',  ( -13.61983405556979321, 32.90381001300861641, 18.60865130288050295 ) ) ;
#695 = CARTESIAN_POINT ( 'NONE',  ( 14.02980368332451278, 36.34727829840755220, 10.53132297856706678 ) ) ;
#696 = CARTESIAN_POINT ( 'NONE',  ( 12.59100107613676300, 35.95379068571881476, 14.51717215007042583 ) ) ;
#697 = CARTESIAN_POINT ( 'NONE',  ( -8.126525899579032597, 34.17874404535887578, 14.70579509872560564 ) ) ;
#698 = CARTESIAN_POINT ( 'NONE',  ( 9.447223330393331509, 33.52950542690841473, 20.63065134771995091 ) ) ;
#699 = AXIS2_PLACEMENT_3D ( 'NONE', #2623, #2570, #2804 ) ;
#700 = CARTESIAN_POINT ( 'NONE',  ( 11.13803058108593724, 37.46206398419186456, 14.47289080278927642 ) ) ;
#701 = CARTESIAN_POINT ( 'NONE',  ( 11.07983928176118127, 32.01693113132133561, 18.27137887070059463 ) ) ;
#702 = CARTESIAN_POINT ( 'NONE',  ( -9.659055772215717539, 35.20082378863727968, 19.50056866741535799 ) ) ;
#703 = CARTESIAN_POINT ( 'NONE',  ( 11.73894385543187191, 36.63236000118328661, 17.00362100867086212 ) ) ;
#704 = VERTEX_POINT ( 'NONE', #1084 ) ;
#705 = CARTESIAN_POINT ( 'NONE',  ( 14.25885353753154305, 46.10046047395874069, -27.87406871811077380 ) ) ;
#706 = CARTESIAN_POINT ( 'NONE',  ( -13.51016701351773541, 36.82545870246023867, 15.97025893673447960 ) ) ;
#707 = CARTESIAN_POINT ( 'NONE',  ( 14.30467090229442029, 32.21442641151536179, 16.68499030668778360 ) ) ;
#708 = CARTESIAN_POINT ( 'NONE',  ( 12.05673401296789926, 37.43747433617153320, 10.84446145011949980 ) ) ;
#709 = DIRECTION ( 'NONE',  ( 0.000000000000000000, 0.000000000000000000, -1.000000000000000000 ) ) ;
#710 = CARTESIAN_POINT ( 'NONE',  ( -8.116390999812038487, 33.74192079624408791, 19.95854249064052865 ) ) ;
#711 = CARTESIAN_POINT ( 'NONE',  ( -12.49376644938690184, 42.98922854518217918, 0.6448741140210355605 ) ) ;
#712 = CARTESIAN_POINT ( 'NONE',  ( 13.40303236294479028, 36.89029271768040275, 10.58111034969166298 ) ) ;
#713 = CARTESIAN_POINT ( 'NONE',  ( 13.29782615902345277, 32.96165266117879611, 16.31008155625529454 ) ) ;
#714 = CIRCLE ( 'NONE', #2316, 24.98603734295800294 ) ;
#715 = CARTESIAN_POINT ( 'NONE',  ( -9.976567227840469343, 35.61779250878682035, 19.00888977994952356 ) ) ;
#716 = CARTESIAN_POINT ( 'NONE',  ( 9.438298148316404124, 34.70017483293891303, 19.97689437281279723 ) ) ;
#717 = ORIENTED_EDGE ( 'NONE', *, *, #2226, .T. ) ;
#718 = DIRECTION ( 'NONE',  ( 0.000000000000000000, 0.000000000000000000, 1.000000000000000000 ) ) ;
#719 = CARTESIAN_POINT ( 'NONE',  ( -10.07483481518165647, 37.16536609656542112, 11.81477577220658581 ) ) ;
#720 = CARTESIAN_POINT ( 'NONE',  ( 12.23389478752917725, 43.11864016036201264, 0.04549196116542662816 ) ) ;
#721 = CARTESIAN_POINT ( 'NONE',  ( 8.149625446261534734, 34.53068624964607380, 13.73365143177767500 ) ) ;
#722 = CARTESIAN_POINT ( 'NONE',  ( 24.98541946442390227, 23.62740737466491936, 0.6448741140208762435 ) ) ;
#723 = DIRECTION ( 'NONE',  ( 0.000000000000000000, 0.000000000000000000, 1.000000000000000000 ) ) ;
#724 = CARTESIAN_POINT ( 'NONE',  ( 13.62131882879786993, 34.21970984713981068, 15.17408818981449592 ) ) ;
#725 = CARTESIAN_POINT ( 'NONE',  ( -14.03148499428869300, 31.85984860284932196, 14.65712744394095601 ) ) ;
#726 = CARTESIAN_POINT ( 'NONE',  ( -11.08713994566379490, 36.18897961084923764, 17.29027441668651832 ) ) ;
#727 = DIRECTION ( 'NONE',  ( -1.060575238724906175E-16, -6.123233995736778362E-17, 1.000000000000000000 ) ) ;
#728 = ORIENTED_EDGE ( 'NONE', *, *, #2649, .F. ) ;
#729 = CARTESIAN_POINT ( 'NONE',  ( -9.543644066440807094, 33.00619423811937025, 21.00958054691172450 ) ) ;
#730 = CARTESIAN_POINT ( 'NONE',  ( -10.63279105355743681, 37.36846380824920999, 16.93815736379328030 ) ) ;
#731 = CARTESIAN_POINT ( 'NONE',  ( 11.07852237390275896, 30.74247720358143354, 19.84862558068315153 ) ) ;
#732 = CARTESIAN_POINT ( 'NONE',  ( -8.126525899579361223, 34.17874404537289479, 20.38016359789404675 ) ) ;
#733 = ORIENTED_EDGE ( 'NONE', *, *, #127, .T. ) ;
#734 = CARTESIAN_POINT ( 'NONE',  ( 9.139365559283001872, 31.67280977720850998, 20.41849526834548456 ) ) ;
#735 = CARTESIAN_POINT ( 'NONE',  ( -12.23513054459735727, 43.11864016036202685, 1.244256266876333950 ) ) ;
#736 = CARTESIAN_POINT ( 'NONE',  ( 9.106892477474563208, 36.48844810715787901, 16.90504702606407506 ) ) ;
#737 = CARTESIAN_POINT ( 'NONE',  ( 14.49243634014129434, 30.67835067791718728, 15.28860696618962578 ) ) ;
#738 = CARTESIAN_POINT ( 'NONE',  ( 23.71100289061315181, 24.10046047395869451, 0.6448741140208762435 ) ) ;
#739 = CARTESIAN_POINT ( 'NONE',  ( 10.85837388475335530, 36.52757931168907390, 17.70186044613296161 ) ) ;
#740 = ORIENTED_EDGE ( 'NONE', *, *, #418, .T. ) ;
#741 = CARTESIAN_POINT ( 'NONE',  ( -9.195029486562550147, 34.14898279636634726, 20.46970074816141505 ) ) ;
#742 = VECTOR ( 'NONE', #138, 1000.000000000000000 ) ;
#743 = CARTESIAN_POINT ( 'NONE',  ( -9.950080603564407156, 35.56994172147881983, 18.66732363527892247 ) ) ;
#744 = CARTESIAN_POINT ( 'NONE',  ( 9.008377689960804346, 31.81974997438528874, 20.37152413256466232 ) ) ;
#745 = CARTESIAN_POINT ( 'NONE',  ( 9.504206804232252281, 36.85186067154946699, 17.66518101270600738 ) ) ;
#746 = EDGE_CURVE ( 'NONE', #1299, #1666, #1253, .T. ) ;
#747 = VERTEX_POINT ( 'NONE', #1518 ) ;
#748 = CARTESIAN_POINT ( 'NONE',  ( 14.24719535695156480, 32.13146573105714765, 18.31335581697797110 ) ) ;
#749 = CARTESIAN_POINT ( 'NONE',  ( 9.885002128836042345, 32.67830308758980351, 18.53412091229369096 ) ) ;
#750 = EDGE_CURVE ( 'NONE', #2713, #619, #1790, .T. ) ;
#751 = CARTESIAN_POINT ( 'NONE',  ( 11.63822648021077022, 36.22134253365791778, 14.96249837058295462 ) ) ;
#752 = CIRCLE ( 'NONE', #520, 0.7500000000000028866 ) ;
#753 = CARTESIAN_POINT ( 'NONE',  ( -8.865391666869179232, 31.98898676934698670, 20.34631051729125417 ) ) ;
#754 = CARTESIAN_POINT ( 'NONE',  ( 11.15332161250105258, 33.14625789659677224, 16.26579898118887613 ) ) ;
#755 = LINE ( 'NONE', #295, #2147 ) ;
#756 = CIRCLE ( 'NONE', #1129, 5.437500000000001776 ) ;
#757 = CARTESIAN_POINT ( 'NONE',  ( 11.10875473340785469, 36.22140802573342455, 17.82489301042357965 ) ) ;
#758 = EDGE_LOOP ( 'NONE', ( #2310, #1881, #1701, #1685 ) ) ;
#759 = CARTESIAN_POINT ( 'NONE',  ( -13.12489263958872066, 32.71228272012682226, 18.71314012451628273 ) ) ;
#760 = DIRECTION ( 'NONE',  ( 0.000000000000000000, 0.000000000000000000, 1.000000000000000000 ) ) ;
#761 = ADVANCED_FACE ( 'NONE', ( #2373 ), #1317, .T. ) ;
#762 = DIRECTION ( 'NONE',  ( -0.5000000000000009992, 0.8660254037844380415, -0.000000000000000000 ) ) ;
#763 = CARTESIAN_POINT ( 'NONE',  ( 12.40474871032637338, 37.35225072395544288, 10.73633023791936658 ) ) ;
#764 = VERTEX_POINT ( 'NONE', #1304 ) ;
#765 = CARTESIAN_POINT ( 'NONE',  ( 14.87339692555050519, 34.18200249881612507, 17.11461935919471600 ) ) ;
#766 = CARTESIAN_POINT ( 'NONE',  ( -0.0006178785340977820421, 22.85046047395869451, -23.59164747557210973 ) ) ;
#767 = DIRECTION ( 'NONE',  ( 0.000000000000000000, 0.000000000000000000, 1.000000000000000000 ) ) ;
#768 = CARTESIAN_POINT ( 'NONE',  ( 13.09078130948186214, 35.51712886102419731, 14.51984020015841637 ) ) ;
#769 = CARTESIAN_POINT ( 'NONE',  ( -13.61822715052985799, 31.46562344948510770, 17.73807573750395150 ) ) ;
#770 = B_SPLINE_CURVE_WITH_KNOTS ( 'NONE', 3,
 ( #1159, #128, #1400, #2088, #535, #1816, #2683, #725, #521, #1217, #2472, #2739, #2268, #1385, #2285, #2255, #294, #2459, #323, #1172, #957, #1203, #1829, #1431, #1874, #2696, #1615, #2487, #2075, #308, #1189, #2057, #112, #2302, #986, #1859 ),
 .UNSPECIFIED., .F., .F.,
 ( 4, 2, 2, 2, 2, 2, 2, 2, 2, 2, 2, 2, 2, 2, 2, 2, 2, 4 ),
 ( 0.01403597256882242565, 0.01484702542057321495, 0.01565807827232400598, 0.01728018397582559845, 0.01809123682757639642, 0.01890228967932719439, 0.01971334253107799583, 0.02052439538282879727, 0.02133544823457959871, 0.02214650108633040015, 0.02295755393808120159, 0.02376860678983200303, 0.02417413321570740029, 0.02457965964158279754, 0.02498518606745819132, 0.02539071249333358510, 0.02620176534508438654, 0.02701281819683519145 ),
 .UNSPECIFIED. ) ;
#771 =( BOUNDED_SURFACE ( )  B_SPLINE_SURFACE ( 3, 2, ( 
 ( #443, #2798, #1931 ),
 ( #1508, #2351, #1482 ),
 ( #616, #1061, #846 ),
 ( #2603, #1711, #631 ),
 ( #1736, #2774, #1282 ),
 ( #2590, #389, #604 ),
 ( #175, #1270, #2787 ),
 ( #1295, #2405, #1748 ),
 ( #832, #187, #2132 ),
 ( #2378, #416, #1089 ),
 ( #2578, #873, #429 ),
 ( #1905, #1495, #2162 ),
 ( #2391, #203, #2174 ),
 ( #1075, #2812, #1947 ),
 ( #860, #1047, #1307 ),
 ( #659, #1723, #216 ),
 ( #160, #1961, #1917 ),
 ( #2120, #820, #2364 ),
 ( #402, #2, #2618 ),
 ( #2565, #1698, #2145 ),
 ( #471, #482, #2670 ),
 ( #1791, #674, #2630 ),
 ( #2684, #2656, #2244 ),
 ( #1762, #1361, #42 ),
 ( #1118, #230, #2030 ),
 ( #726, #2460, #1817 ),
 ( #1603, #917, #1550 ),
 ( #1347, #1104, #1335 ),
 ( #496, #2204, #2420 ),
 ( #1133, #947, #457 ),
 ( #933, #1160, #2218 ),
 ( #1146, #244, #1373 ),
 ( #1992, #715, #2005 ),
 ( #30, #702, #1804 ),
 ( #2473, #903, #281 ),
 ( #1322, #1577, #2445 ) ),
 .UNSPECIFIED., .F., .F., .F. ) 
 B_SPLINE_SURFACE_WITH_KNOTS ( ( 4, 2, 2, 2, 2, 2, 2, 2, 2, 2, 2, 2, 2, 2, 2, 2, 2, 4 ),
 ( 3, 3 ),
 ( 0.000000000000000000, 0.001117348218935116343, 0.001676022328402674514, 0.001955359383136453383, 0.002234696437870232685, 0.002793370547337790857, 0.003072707602071569725, 0.003352044656805349028, 0.003910718766272906766, 0.004050387293639796417, 0.004190055821006686068, 0.004469392875740465371, 0.005028066985208023976, 0.005586741094675581713, 0.006145415204143139451, 0.006704089313610698056, 0.007821437532545813531, 0.008938785751480930741 ),
 ( 0.000000000000000000, 1.000000000000000000 ),
 .UNSPECIFIED. ) 
 GEOMETRIC_REPRESENTATION_ITEM ( )  RATIONAL_B_SPLINE_SURFACE ( (
 ( 1.000000000000000000, 0.5242827155354006230, 1.000000000000000000),
 ( 1.000000000000000000, 0.4906426971202757503, 1.000000000000000000),
 ( 1.000000000000000000, 0.4578254422250593869, 1.000000000000000000),
 ( 1.000000000000000000, 0.4081216877347978444, 1.000000000000000000),
 ( 1.000000000000000000, 0.3922090725733178851, 1.000000000000000000),
 ( 1.000000000000000000, 0.3711054659557623259, 1.000000000000000000),
 ( 1.000000000000000000, 0.3636710640793406890, 1.000000000000000000),
 ( 1.000000000000000000, 0.3515069931547362136, 1.000000000000000000),
 ( 1.000000000000000000, 0.3462145356572267629, 1.000000000000000000),
 ( 1.000000000000000000, 0.3327328587340194765, 1.000000000000000000),
 ( 1.000000000000000000, 0.3269163792060043039, 1.000000000000000000),
 ( 1.000000000000000000, 0.3261632777258277049, 1.000000000000000000),
 ( 1.000000000000000000, 0.3272626151407458384, 1.000000000000000000),
 ( 1.000000000000000000, 0.3317477773807571140, 1.000000000000000000),
 ( 1.000000000000000000, 0.3350558141409563095, 1.000000000000000000),
 ( 1.000000000000000000, 0.3475704074205676619, 1.000000000000000000),
 ( 1.000000000000000000, 0.3593343040704034541, 1.000000000000000000),
 ( 1.000000000000000000, 0.3782660882741490371, 1.000000000000000000),
 ( 1.000000000000000000, 0.3816175780501235848, 1.000000000000000000),
 ( 1.000000000000000000, 0.3890924912470115626, 1.000000000000000000),
 ( 1.000000000000000000, 0.3929517506313607300, 1.000000000000000000),
 ( 1.000000000000000000, 0.4047989521116540645, 1.000000000000000000),
 ( 1.000000000000000000, 0.4129487032788208833, 1.000000000000000000),
 ( 1.000000000000000000, 0.4377364480123797641, 1.000000000000000000),
 ( 1.000000000000000000, 0.4546724565953944031, 1.000000000000000000),
 ( 1.000000000000000000, 0.4882821754748717935, 1.000000000000000000),
 ( 1.000000000000000000, 0.5052299140676829170, 1.000000000000000000),
 ( 1.000000000000000000, 0.5392584269504986372, 1.000000000000000000),
 ( 1.000000000000000000, 0.5559830068141634607, 1.000000000000000000),
 ( 1.000000000000000000, 0.5871584104789689951, 1.000000000000000000),
 ( 1.000000000000000000, 0.6038112656769846209, 1.000000000000000000),
 ( 1.000000000000000000, 0.6504316712011388724, 1.000000000000000000),
 ( 1.000000000000000000, 0.6800022465564394825, 1.000000000000000000),
 ( 1.000000000000000000, 0.7360093198089678879, 1.000000000000000000),
 ( 1.000000000000000000, 0.7624019804837708358, 1.000000000000000000),
 ( 1.000000000000000000, 0.7861398476678526093, 1.000000000000000000) ) ) 
 REPRESENTATION_ITEM ( '' )  SURFACE ( )  );
#772 = FACE_OUTER_BOUND ( 'NONE', #2272, .T. ) ;
#773 = CARTESIAN_POINT ( 'NONE',  ( 12.49253069231869340, 42.98922854518217918, 0.6448741140207098210 ) ) ;
#774 = CARTESIAN_POINT ( 'NONE',  ( 13.11295844286408752, 36.10531714996513841, 16.45337619955337871 ) ) ;
#775 = ORIENTED_EDGE ( 'NONE', *, *, #2608, .F. ) ;
#776 = CARTESIAN_POINT ( 'NONE',  ( 12.88467708142199264, 35.71415756378957695, 16.29722725194281452 ) ) ;
#777 = CARTESIAN_POINT ( 'NONE',  ( -11.61811750644724661, 36.22672240663808196, 16.84023004769604626 ) ) ;
#778 = CARTESIAN_POINT ( 'NONE',  ( 9.980703943160365910, 31.08400441450174512, 17.77720799576652766 ) ) ;
#779 = CARTESIAN_POINT ( 'NONE',  ( -8.778871624014970010, 36.10543481611857430, 14.94633990655462519 ) ) ;
#780 = EDGE_LOOP ( 'NONE', ( #989, #259 ) ) ;
#781 = DIRECTION ( 'NONE',  ( -0.8660254037844394848, 0.4999999999999985012, 0.000000000000000000 ) ) ;
#782 = CARTESIAN_POINT ( 'NONE',  ( -13.62561787853410245, 33.83397840882651764, 17.85407331540691089 ) ) ;
#783 = CARTESIAN_POINT ( 'NONE',  ( 13.62341319586925259, 34.16622669250273248, 17.12503673621641909 ) ) ;
#784 = CARTESIAN_POINT ( 'NONE',  ( 11.60181621615561021, 36.22339531202807450, 14.98575248515334835 ) ) ;
#785 = CARTESIAN_POINT ( 'NONE',  ( 10.82787998198752355, 32.07782533174038520, 20.73157062872628131 ) ) ;
#786 = CARTESIAN_POINT ( 'NONE',  ( -14.31556545072954023, 32.22834434632377310, 18.24775255673310426 ) ) ;
#787 = CARTESIAN_POINT ( 'NONE',  ( 22.17609211980952821, 30.84410575147589029, 0.6448741140208762435 ) ) ;
#788 = CARTESIAN_POINT ( 'NONE',  ( 13.61126287363785714, 34.37248888249107637, 16.95161544314871804 ) ) ;
#789 = EDGE_LOOP ( 'NONE', ( #1107, #733, #1221, #146, #1183 ) ) ;
#790 = CARTESIAN_POINT ( 'NONE',  ( 10.03380555637733273, 35.64387122879640657, 18.54486744705989310 ) ) ;
#791 = CARTESIAN_POINT ( 'NONE',  ( -9.806832613573721602, 35.40335978328046451, 18.90526494665379786 ) ) ;
#792 = EDGE_CURVE ( 'NONE', #538, #562, #579, .T. ) ;
#793 = LINE ( 'NONE', #1195, #1588 ) ;
#794 = CARTESIAN_POINT ( 'NONE',  ( -10.25987059943960844, 37.24539784452845481, 12.88783159265374501 ) ) ;
#795 = CIRCLE ( 'NONE', #286, 4.937500000000000888 ) ;
#796 = VERTEX_POINT ( 'NONE', #1140 ) ;
#797 = CARTESIAN_POINT ( 'NONE',  ( -14.08264548850995013, 33.46447458291105193, 15.45322713368411627 ) ) ;
#798 = CARTESIAN_POINT ( 'NONE',  ( -13.40481281720510864, 33.12550931723238534, 18.51627625518559128 ) ) ;
#799 = CARTESIAN_POINT ( 'NONE',  ( -23.62746315541818731, 25.47990177096501796, 0.6448741140208732459 ) ) ;
#800 = CARTESIAN_POINT ( 'NONE',  ( 13.60333502528575700, 33.71405008894801369, 17.53650345623103846 ) ) ;
#801 = CARTESIAN_POINT ( 'NONE',  ( 13.61806629526582491, 33.89518234658371654, 17.36711405777825590 ) ) ;
#802 = CARTESIAN_POINT ( 'NONE',  ( -10.15401640079070944, 30.99618634184824373, 20.32687580872448052 ) ) ;
#803 = CARTESIAN_POINT ( 'NONE',  ( 12.88922675354562131, 35.70843712632697020, 17.02308577786366328 ) ) ;
#804 = EDGE_LOOP ( 'NONE', ( #1197, #1868, #137, #1045 ) ) ;
#805 = CARTESIAN_POINT ( 'NONE',  ( -11.13207714783010616, 32.00294766537071212, 20.58982546260993018 ) ) ;
#806 = DIRECTION ( 'NONE',  ( 0.5000000000000009992, 0.8660254037844380415, -0.000000000000000000 ) ) ;
#807 = CARTESIAN_POINT ( 'NONE',  ( -14.26008929459974617, 46.10046047395874069, 0.6448741140207985278 ) ) ;
#808 = CARTESIAN_POINT ( 'NONE',  ( -0.0006178785341007960157, 15.85046047395869628, 0.6448741140208762435 ) ) ;
#809 = VERTEX_POINT ( 'NONE', #452 ) ;
#810 = CARTESIAN_POINT ( 'NONE',  ( -10.18265757722228670, 36.24978260850923562, 15.93623151653044090 ) ) ;
#811 = CARTESIAN_POINT ( 'NONE',  ( -13.40481281720510864, 33.12550931723238534, 16.12760956713021443 ) ) ;
#812 = CARTESIAN_POINT ( 'NONE',  ( -20.16368778410130957, 34.55714373453399446, 0.6448741140208823497 ) ) ;
#813 = CARTESIAN_POINT ( 'NONE',  ( 13.58183964339167638, 33.59542827625467964, 18.17179977845720273 ) ) ;
#814 = CARTESIAN_POINT ( 'NONE',  ( -9.240148439874838360, 31.59050850726850967, 20.38481763903012478 ) ) ;
#815 = CIRCLE ( 'NONE', #306, 5.437500000000001776 ) ;
#816 = CARTESIAN_POINT ( 'NONE',  ( -9.482108336246952263, 31.38221947596946038, 20.41481275878583901 ) ) ;
#817 = CARTESIAN_POINT ( 'NONE',  ( 13.66987209024028971, 35.47620822386494410, 16.57747567584868875 ) ) ;
#818 = ORIENTED_EDGE ( 'NONE', *, *, #843, .T. ) ;
#819 = CARTESIAN_POINT ( 'NONE',  ( -9.570131936699533881, 33.19984954860150594, 20.73990427574667805 ) ) ;
#820 = CARTESIAN_POINT ( 'NONE',  ( -12.28050019362626877, 36.09651543595033729, 17.12966560439265606 ) ) ;
#821 = CARTESIAN_POINT ( 'NONE',  ( 9.374382121466830142, 34.08817316734973701, 20.21764198446191330 ) ) ;
#822 = CARTESIAN_POINT ( 'NONE',  ( -8.473846478064034571, 35.60702331451048508, 15.54207925882325725 ) ) ;
#823 = ORIENTED_EDGE ( 'NONE', *, *, #1044, .T. ) ;
#824 = CARTESIAN_POINT ( 'NONE',  ( 7.407175880011008573, 43.79890889688616085, 0.6448741140208777978 ) ) ;
#825 = FILL_AREA_STYLE_COLOUR ( '', #214 ) ;
#826 = CARTESIAN_POINT ( 'NONE',  ( 22.17609211980952821, 30.84410575147589029, 0.6448741140208762435 ) ) ;
#827 = CARTESIAN_POINT ( 'NONE',  ( 11.93209928315540935, 32.01276015825369825, 20.28199760162808829 ) ) ;
#828 = CARTESIAN_POINT ( 'NONE',  ( -8.126525899579036150, 34.17874404535884025, 19.31142060879936651 ) ) ;
#829 = CARTESIAN_POINT ( 'NONE',  ( -11.22653679354123391, 30.73471993759770626, 14.97809699717270249 ) ) ;
#830 = CARTESIAN_POINT ( 'NONE',  ( 13.18511808072023506, 36.04511784911321115, 16.45158786451191801 ) ) ;
#831 = CARTESIAN_POINT ( 'NONE',  ( 9.447520170356002112, 35.30508791803611501, 19.52717749405111647 ) ) ;
#832 = CARTESIAN_POINT ( 'NONE',  ( -13.28052529167628748, 35.26266432156504038, 16.40070274337583811 ) ) ;
#833 = CARTESIAN_POINT ( 'NONE',  ( -12.96104194749272409, 32.55194990313427894, 16.80594468823410992 ) ) ;
#834 = CARTESIAN_POINT ( 'NONE',  ( -14.18728130806556287, 36.14600071187587105, 10.66564767088157240 ) ) ;
#835 = CARTESIAN_POINT ( 'NONE',  ( -9.442374462528679402, 34.68466563920210888, 17.48513110588278252 ) ) ;
#836 = ADVANCED_FACE ( 'NONE', ( #65 ), #848, .T. ) ;
#837 = CARTESIAN_POINT ( 'NONE',  ( -5.959696255970276191, 44.19198071623969781, 0.6448741140208756883 ) ) ;
#838 = CARTESIAN_POINT ( 'NONE',  ( 11.14808389609974171, 43.66057838605775743, 0.6448741140208762435 ) ) ;
#839 = CARTESIAN_POINT ( 'NONE',  ( -11.69261923013493920, 31.96413813049366581, 20.25409671535177480 ) ) ;
#840 = CARTESIAN_POINT ( 'NONE',  ( 10.50440582316930005, 32.21617896292738692, 20.84050566332804877 ) ) ;
#841 = CARTESIAN_POINT ( 'NONE',  ( -14.53496181824575828, 35.59699480011322947, 13.43206462115459665 ) ) ;
#842 = DIRECTION ( 'NONE',  ( -0.8660254037844394848, -0.4999999999999985012, 0.000000000000000000 ) ) ;
#843 = EDGE_CURVE ( 'NONE', #348, #1325, #1144, .T. ) ;
#844 = CARTESIAN_POINT ( 'NONE',  ( -8.431421480941965640, 32.69540597519208802, 15.19960215402125669 ) ) ;
#845 = CARTESIAN_POINT ( 'NONE',  ( 11.89909469759493810, 36.61921173718435085, 16.90037622475516343 ) ) ;
#846 = CARTESIAN_POINT ( 'NONE',  ( -14.03010727266157254, 34.37132146607021355, 17.22409539826800184 ) ) ;
#847 = DIRECTION ( 'NONE',  ( -0.000000000000000000, 1.000000000000000000, -0.000000000000000000 ) ) ;
#848 = B_SPLINE_SURFACE_WITH_KNOTS ( 'NONE', 3, 1, ( 
 ( #2199, #1154 ),
 ( #24, #477 ),
 ( #2665, #2468 ),
 ( #2440, #2251 ),
 ( #1354, #1584 ),
 ( #505, #696 ),
 ( #2691, #897 ),
 ( #941, #1331 ),
 ( #1770, #1985 ),
 ( #1380, #2037 ),
 ( #2012, #1784 ),
 ( #1799, #2001 ),
 ( #1572, #2454 ),
 ( #290, #2416 ) ),
 .UNSPECIFIED., .F., .F., .F.,
 ( 4, 2, 2, 2, 2, 2, 4 ),
 ( 2, 2 ),
 ( 0.5000000000000002220, 0.5625000000000002220, 0.6250000000000001110, 0.6875000000000001110, 0.7500000000000001110, 0.8750000000000000000, 1.000000000013109069 ),
 ( 0.000000000000000000, 1.000000000000000000 ),
 .UNSPECIFIED. ) ;
#849 = CARTESIAN_POINT ( 'NONE',  ( -10.71160491580248042, 36.08840374273869855, 17.99321315650626829 ) ) ;
#850 = EDGE_LOOP ( 'NONE', ( #2007, #1122, #1417, #2733, #1634 ) ) ;
#851 = CARTESIAN_POINT ( 'NONE',  ( -10.71913292362503434, 36.07709096747360178, 15.69037628276767649 ) ) ;
#852 = ADVANCED_FACE ( 'NONE', ( #276 ), #1598, .T. ) ;
#853 = CARTESIAN_POINT ( 'NONE',  ( 22.67566018902705594, 29.53418792722290220, 0.6448741140208817946 ) ) ;
#854 = CARTESIAN_POINT ( 'NONE',  ( -9.134550434520489759, 36.51476199482187468, 17.94654412428184287 ) ) ;
#855 = CARTESIAN_POINT ( 'NONE',  ( -11.97032377763501110, 32.01167317767998099, 20.03692280146821147 ) ) ;
#856 = CARTESIAN_POINT ( 'NONE',  ( 13.98835669161484496, 33.79286545702204592, 17.70421964233619860 ) ) ;
#857 = CARTESIAN_POINT ( 'NONE',  ( -14.85790868382080099, 34.51079052329259866, 14.24343276639428879 ) ) ;
#858 = CARTESIAN_POINT ( 'NONE',  ( 14.06673490452955200, 40.62957519316281463, -27.48983145210642220 ) ) ;
#859 = CARTESIAN_POINT ( 'NONE',  ( -10.55572262092214686, 32.19174747881410070, 20.82594217402376557 ) ) ;
#860 = CARTESIAN_POINT ( 'NONE',  ( -12.56358090621745127, 35.94124316467199520, 16.34577482084754152 ) ) ;
#861 = DIRECTION ( 'NONE',  ( 0.000000000000000000, 0.000000000000000000, 1.000000000000000000 ) ) ;
#862 = CARTESIAN_POINT ( 'NONE',  ( -14.77695828668079514, 34.94052822952108528, 11.38962429732881354 ) ) ;
#863 = CARTESIAN_POINT ( 'NONE',  ( -9.382510713683725356, 34.42225536060909263, 17.69676893288704633 ) ) ;
#864 = CARTESIAN_POINT ( 'NONE',  ( -23.40196376076993445, 26.85206346153490387, 47.44756587849252583 ) ) ;
#865 = CARTESIAN_POINT ( 'NONE',  ( -9.369812429291743072, 33.87488856043163565, 20.45381141484885390 ) ) ;
#866 = CARTESIAN_POINT ( 'NONE',  ( -12.70132436578948365, 32.06815184186110201, 19.76546452601230186 ) ) ;
#867 = CARTESIAN_POINT ( 'NONE',  ( 9.909570713857677404, 32.68840847483429712, 21.01421834859060667 ) ) ;
#868 = CARTESIAN_POINT ( 'NONE',  ( -8.223940394423733480, 33.25702087624123493, 19.88762737208111275 ) ) ;
#869 = CARTESIAN_POINT ( 'NONE',  ( -0.0006178785341007960157, 23.60046047395869451, 0.6448741140208762435 ) ) ;
#870 = CARTESIAN_POINT ( 'NONE',  ( 14.75275209308574276, 35.02583767830512329, 13.82396043285130993 ) ) ;
#871 = B_SPLINE_CURVE_WITH_KNOTS ( 'NONE', 3,
 ( #1904, #2203, #1775, #2419, #902, #1, #2390, #442, #1803, #1306, #2629, #2642, #1103, #1991, #701, #2173, #872, #688, #14, #1360, #1549, #481, #932, #1747, #1117, #2431, #1536, #1321, #2617, #2404, #2231, #456, #658, #1563, #428, #1576, #887, #2189, #268, #229, #2669, #56, #1973, #1761, #1088, #713, #243, #215, #470, #1960, #673, #1334, #29, #2018, #1346, #2217, #258, #1132, #2004, #41, #916 ),
 .UNSPECIFIED., .F., .F.,
 ( 4, 2, 2, 2, 2, 2, 2, 2, 2, 2, 2, 2, 2, 2, 2, 2, 2, 1, 2, 2, 2, 2, 2, 2, 2, 2, 2, 2, 2, 2, 4 ),
 ( 0.000000000000000000, 0.03124999999999959754, 0.06249999999999919509, 0.1249999999999981681, 0.1562499999999979461, 0.1718749999999979461, 0.1874999999999979738, 0.1953124999999979738, 0.2031249999999980016, 0.2109374999999980016, 0.2187499999999980016, 0.2265624999999980294, 0.2343749999999980294, 0.2499999999999986122, 0.2656249999999991673, 0.2734374999999993339, 0.2812499999999994449, 0.2968749999999996114, 0.3046874999999998890, 0.3125000000000001665, 0.3281250000000001665, 0.3437500000000001110, 0.3750000000000000555, 0.4062500000000000000, 0.4218749999999999445, 0.4374999999999998890, 0.4531249999999998890, 0.4687499999999998335, 0.4843749999999998335, 0.4921874999999998890, 0.5000000000000000000 ),
 .UNSPECIFIED. ) ;
#872 = CARTESIAN_POINT ( 'NONE',  ( 11.19318565671937904, 31.99727166236884912, 18.21892944809395232 ) ) ;
#873 = CARTESIAN_POINT ( 'NONE',  ( -12.97207801502129776, 35.63706261440744782, 17.02318969022216777 ) ) ;
#874 = CARTESIAN_POINT ( 'NONE',  ( 13.81626318799562370, 33.26845833209531378, 18.21313364143587776 ) ) ;
#875 = CARTESIAN_POINT ( 'NONE',  ( 9.760993824597758106, 31.94781454621937300, 18.97805519590014711 ) ) ;
#876 = ORIENTED_EDGE ( 'NONE', *, *, #550, .F. ) ;
#877 = CARTESIAN_POINT ( 'NONE',  ( -13.62561787853410600, 34.10046047395869095, 15.26291807676097001 ) ) ;
#878 = CARTESIAN_POINT ( 'NONE',  ( 15.25288693031579079, 39.76928941199870593, 31.15188373172066960 ) ) ;
#879 = CARTESIAN_POINT ( 'NONE',  ( -10.07483481518165647, 37.16536609656542112, 17.26384114468977060 ) ) ;
#880 = CARTESIAN_POINT ( 'NONE',  ( -13.05044446103712197, 32.64155797002018033, 18.82027816138946719 ) ) ;
#881 = CARTESIAN_POINT ( 'NONE',  ( 14.86833169068387583, 34.39158985522604439, 11.13642046254521922 ) ) ;
#882 = CARTESIAN_POINT ( 'NONE',  ( -0.0006178785341007960157, 23.62740737466491936, 0.6448741140208762435 ) ) ;
#883 = CARTESIAN_POINT ( 'NONE',  ( 11.53900371154756321, 42.12853899657236667, 0.6448741140208763545 ) ) ;
#884 = CARTESIAN_POINT ( 'NONE',  ( 14.35909462838997364, 35.91137026758016759, 10.75842228684727075 ) ) ;
#885 = EDGE_CURVE ( 'NONE', #538, #190, #1005, .T. ) ;
#886 = EDGE_CURVE ( 'NONE', #2462, #524, #592, .T. ) ;
#887 = CARTESIAN_POINT ( 'NONE',  ( 12.54502620787668299, 32.25022548524624710, 17.26166328852488974 ) ) ;
#888 = CARTESIAN_POINT ( 'NONE',  ( -16.32625829011632135, 31.93213562383335358, 12.40970159968622610 ) ) ;
#889 = CARTESIAN_POINT ( 'NONE',  ( -13.62561787853410955, 34.03461493808343619, 15.31295133945927667 ) ) ;
#890 = AXIS2_PLACEMENT_3D ( 'NONE', #293, #2531, #549 ) ;
#891 = CARTESIAN_POINT ( 'NONE',  ( -11.75554461127513051, 36.23160529743246627, 17.18035271965095845 ) ) ;
#892 = CARTESIAN_POINT ( 'NONE',  ( -12.76945145214969557, 35.81310332793939466, 14.50669786230209723 ) ) ;
#893 = CARTESIAN_POINT ( 'NONE',  ( 5.958460498902073965, 44.19198071623969781, 0.6448741140208774647 ) ) ;
#894 = CARTESIAN_POINT ( 'NONE',  ( -12.08191454599426784, 37.42561908648156077, 10.84302857055561375 ) ) ;
#895 = CARTESIAN_POINT ( 'NONE',  ( -9.431035194973329538, 33.59695395801416140, 20.54297409172386679 ) ) ;
#896 = FACE_OUTER_BOUND ( 'NONE', #919, .T. ) ;
#897 = CARTESIAN_POINT ( 'NONE',  ( 12.28520794709216268, 36.09728239739018818, 14.61548348554300070 ) ) ;
#898 = CARTESIAN_POINT ( 'NONE',  ( 10.23778488538871123, 30.96794523184090409, 15.20274193894219295 ) ) ;
#899 = CARTESIAN_POINT ( 'NONE',  ( 20.91948357001903602, 33.35561037482337809, -41.19532878308539381 ) ) ;
#900 = CARTESIAN_POINT ( 'NONE',  ( 13.73501071919039163, 36.63268694299443951, 13.05469103458115754 ) ) ;
#901 = B_SPLINE_CURVE_WITH_KNOTS ( 'NONE', 3,
 ( #1840, #1170, #724, #2471, #1214, #82, #2072, #1383, #1427, #2254, #2040, #956, #944, #984, #1827, #2708, #1856, #768, #566, #2694, #2299, #2086, #1613, #1186, #1813, #519, #2028, #68, #2266, #1627, #305, #751, #784, #125, #2500, #1201, #2515, #533, #997, #1872, #2242, #279, #1157, #2751, #2359, #2332, #581, #2113 ),
 .UNSPECIFIED., .F., .F.,
 ( 4, 2, 2, 2, 2, 2, 2, 2, 2, 2, 2, 2, 2, 2, 2, 2, 2, 2, 2, 2, 2, 2, 2, 4 ),
 ( 0.5000000000000000000, 0.5078124999999995559, 0.5156249999999991118, 0.5234374999999986677, 0.5312499999999982236, 0.5390624999999977796, 0.5468749999999973355, 0.5624999999999965583, 0.5937499999999962252, 0.6249999999999958922, 0.6562499999999955591, 0.6718749999999950040, 0.6874999999999944489, 0.6953124999999946709, 0.7031249999999947820, 0.7109374999999948930, 0.7187499999999950040, 0.7499999999999955591, 0.8124999999999967804, 0.8437499999999973355, 0.8749999999999980016, 0.9374999999999993339, 0.9687499999999995559, 1.000000000000000000 ),
 .UNSPECIFIED. ) ;
#902 = CARTESIAN_POINT ( 'NONE',  ( 9.493593797851296756, 33.38144634586642923, 18.31083258460056840 ) ) ;
#903 = CARTESIAN_POINT ( 'NONE',  ( -9.532322233526945965, 34.96174735102596287, 19.74315241024645573 ) ) ;
#904 = CARTESIAN_POINT ( 'NONE',  ( 11.83233811052760842, 31.83252042142918015, 20.43722802159672014 ) ) ;
#905 = CARTESIAN_POINT ( 'NONE',  ( -10.09145066745960939, 35.70901313543314615, 16.36903803746944064 ) ) ;
#906 = ORIENTED_EDGE ( 'NONE', *, *, #2449, .T. ) ;
#907 = CARTESIAN_POINT ( 'NONE',  ( 13.51811137368722981, 34.77973818650242777, 16.65593488692460511 ) ) ;
#908 = CARTESIAN_POINT ( 'NONE',  ( -12.25386272679402211, 37.39087227058477225, 16.23478541536844588 ) ) ;
#909 = CARTESIAN_POINT ( 'NONE',  ( 11.31834426791142967, 30.72211249108185527, 19.71807348449516084 ) ) ;
#910 = CARTESIAN_POINT ( 'NONE',  ( 9.371701881342003659, 33.96794809295339235, 20.50226214391538804 ) ) ;
#911 = CARTESIAN_POINT ( 'NONE',  ( -10.37121865216893291, 36.28775287110487113, 18.21535197295744268 ) ) ;
#912 = CARTESIAN_POINT ( 'NONE',  ( 11.65150816517866161, 30.72095428129630079, 19.89370280055638318 ) ) ;
#913 = CARTESIAN_POINT ( 'NONE',  ( 15.25288693031579612, 39.76928941199870593, -29.86213550367890690 ) ) ;
#914 = CARTESIAN_POINT ( 'NONE',  ( 11.76949710032702967, 37.47152763987407553, 13.92733790482391676 ) ) ;
#915 = CIRCLE ( 'NONE', #2016, 0.7499999999999997780 ) ;
#916 = CARTESIAN_POINT ( 'NONE',  ( 13.62376181292658828, 34.15180174886805986, 15.22426705907440514 ) ) ;
#917 = CARTESIAN_POINT ( 'NONE',  ( -11.23706343904671456, 36.23193242102992428, 17.73106322849186967 ) ) ;
#918 = DIRECTION ( 'NONE',  ( 0.000000000000000000, 0.000000000000000000, 1.000000000000000000 ) ) ;
#919 = EDGE_LOOP ( 'NONE', ( #556, #607, #1162, #1751 ) ) ;
#920 = CARTESIAN_POINT ( 'NONE',  ( -13.59869529392463505, 34.44078559835276820, 15.02015027569905925 ) ) ;
#921 = CARTESIAN_POINT ( 'NONE',  ( -14.87561787853410777, 34.30889017451372780, 11.17617215122016638 ) ) ;
#922 = B_SPLINE_CURVE_WITH_KNOTS ( 'NONE', 3,
 ( #1252, #2552, #1878, #791, #743, #2507, #133, #526, #2322, #2730, #590, #1405, #777, #573, #2744, #2338, #1636, #148, #2093, #90, #1653, #1621, #2274, #2702, #2492, #313 ),
 .UNSPECIFIED., .F., .F.,
 ( 4, 2, 2, 2, 2, 2, 2, 2, 2, 2, 2, 2, 4 ),
 ( 0.008534875107899126193, 0.009517264270626938499, 0.01049965343335474907, 0.01148204259608255964, 0.01197323717744646666, 0.01246443175881037195, 0.01295562634017427897, 0.01344682092153818426, 0.01393801550290208954, 0.01442921008426599483, 0.01492040466562990012, 0.01541159924699380540, 0.01639398840972163679 ),
 .UNSPECIFIED. ) ;
#923 = CARTESIAN_POINT ( 'NONE',  ( -13.59082253390670125, 33.71549750676453527, 17.54341595530173237 ) ) ;
#924 = CARTESIAN_POINT ( 'NONE',  ( 14.73979972673500782, 35.05200506630980328, 16.34483785417400270 ) ) ;
#925 = EDGE_CURVE ( 'NONE', #333, #796, #793, .T. ) ;
#926 = CARTESIAN_POINT ( 'NONE',  ( -10.61212838135970316, 36.41549251637973583, 17.95610873470413082 ) ) ;
#927 = CARTESIAN_POINT ( 'NONE',  ( -13.97406211285860955, 33.79460328345997766, 17.71120036985171353 ) ) ;
#928 = CARTESIAN_POINT ( 'NONE',  ( 13.62376181292659361, 34.15180174886806697, 17.61244763852581130 ) ) ;
#929 = VECTOR ( 'NONE', #1223, 1000.000000000000000 ) ;
#930 = CARTESIAN_POINT ( 'NONE',  ( 14.02920279078678512, 36.33787682641470695, 10.60303194619898903 ) ) ;
#931 = CIRCLE ( 'NONE', #328, 0.7500000000000058842 ) ;
#932 = CARTESIAN_POINT ( 'NONE',  ( 11.52138990239454941, 31.97521576134893095, 18.04407673770856491 ) ) ;
#933 = CARTESIAN_POINT ( 'NONE',  ( -10.29837159356980081, 35.85669546211220649, 18.17443595070235673 ) ) ;
#934 = DIRECTION ( 'NONE',  ( -1.000000000000000000, 0.000000000000000000, 0.000000000000000000 ) ) ;
#935 = ORIENTED_EDGE ( 'NONE', *, *, #2402, .F. ) ;
#936 = CARTESIAN_POINT ( 'NONE',  ( -11.27594751363343661, 36.21383186587414116, 15.21514980349236801 ) ) ;
#937 = CARTESIAN_POINT ( 'NONE',  ( -0.0006178785341000381584, 16.60046047395869451, -5.542625885979124867 ) ) ;
#938 = CARTESIAN_POINT ( 'NONE',  ( 10.34166325656634555, 30.91955943175941002, 20.17114566872794512 ) ) ;
#939 = CARTESIAN_POINT ( 'NONE',  ( 11.06813047984837617, 37.44935324878809269, 16.73602313662107832 ) ) ;
#940 = ADVANCED_FACE ( 'NONE', ( #1254 ), #2325, .T. ) ;
#941 = CARTESIAN_POINT ( 'NONE',  ( 11.70435567977359881, 36.23653300608687999, 17.21510247898574164 ) ) ;
#942 = CARTESIAN_POINT ( 'NONE',  ( 8.129803065495867287, 33.87746309827140578, 19.89361109726266719 ) ) ;
#943 = CARTESIAN_POINT ( 'NONE',  ( 11.60095460161759995, 31.96018701131736606, 18.00853782456394470 ) ) ;
#944 = CARTESIAN_POINT ( 'NONE',  ( 13.52848975350621608, 34.73332766293071927, 14.83937827710489543 ) ) ;
#945 = CARTESIAN_POINT ( 'NONE',  ( 8.467239435738640907, 31.93388852783298759, 18.10181611646102695 ) ) ;
#946 = AXIS2_PLACEMENT_3D ( 'NONE', #882, #1262, #2782 ) ;
#947 = CARTESIAN_POINT ( 'NONE',  ( -10.60798666533597157, 36.04719645346689560, 18.28810423909235539 ) ) ;
#948 = DIRECTION ( 'NONE',  ( 0.000000000000000000, 0.000000000000000000, 1.000000000000000000 ) ) ;
#949 = ORIENTED_EDGE ( 'NONE', *, *, #242, .F. ) ;
#950 = CARTESIAN_POINT ( 'NONE',  ( -12.14550362748987844, 31.86896818441817203, 20.23074978560816461 ) ) ;
#951 = CARTESIAN_POINT ( 'NONE',  ( -11.24520341375059829, 37.47230388943118129, 11.17873192180741171 ) ) ;
#952 = CARTESIAN_POINT ( 'NONE',  ( 13.95022404711317776, 31.77200554717112624, 17.28005934822530776 ) ) ;
#953 = CARTESIAN_POINT ( 'NONE',  ( 8.223556432995867027, 34.94494130323847259, 19.00704205245025236 ) ) ;
#954 = CARTESIAN_POINT ( 'NONE',  ( -12.56846696598192814, 36.43880053436463129, 16.56974211242100381 ) ) ;
#955 = CARTESIAN_POINT ( 'NONE',  ( 10.40311268617321439, 32.24925877845109312, 20.89838971546853230 ) ) ;
#956 = CARTESIAN_POINT ( 'NONE',  ( 13.53848123878521648, 34.70034608414323429, 14.85836962957067797 ) ) ;
#957 = CARTESIAN_POINT ( 'NONE',  ( -10.26337042989955606, 30.95009645391274589, 17.69833904705319583 ) ) ;
#958 = DIRECTION ( 'NONE',  ( -0.000000000000000000, 1.000000000000000000, -0.000000000000000000 ) ) ;
#959 = CARTESIAN_POINT ( 'NONE',  ( 10.29291773810743926, 35.85528356130488703, 18.17905987203247875 ) ) ;
#960 = ORIENTED_EDGE ( 'NONE', *, *, #2327, .F. ) ;
#961 = CARTESIAN_POINT ( 'NONE',  ( -9.457424351971816634, 33.16554866525935807, 20.95713469162618026 ) ) ;
#962 = CARTESIAN_POINT ( 'NONE',  ( -13.62561787853412199, 34.03435696035629121, 17.24023166586846401 ) ) ;
#963 = CARTESIAN_POINT ( 'NONE',  ( -13.92240327230146413, 33.51322967458325053, 17.96211877667629153 ) ) ;
#964 = CARTESIAN_POINT ( 'NONE',  ( 8.124382121465897555, 34.21116122886389377, 19.35329892727064305 ) ) ;
#965 = EDGE_CURVE ( 'NONE', #1299, #2536, #1950, .T. ) ;
#966 = ORIENTED_EDGE ( 'NONE', *, *, #1773, .T. ) ;
#967 = CARTESIAN_POINT ( 'NONE',  ( 11.65150816517866161, 30.72095428129630079, 14.79147539479653695 ) ) ;
#968 = CARTESIAN_POINT ( 'NONE',  ( 8.124382121465897555, 34.10046047395869095, 20.41296529932004233 ) ) ;
#969 = CARTESIAN_POINT ( 'NONE',  ( 8.124382121465901108, 34.32933392163577935, 19.20661523402059601 ) ) ;
#970 = CARTESIAN_POINT ( 'NONE',  ( 10.37619219892651756, 32.28878444148009663, 20.87095482898411447 ) ) ;
#971 = EDGE_CURVE ( 'NONE', #1832, #311, #392, .T. ) ;
#972 = CARTESIAN_POINT ( 'NONE',  ( 10.35209882447311358, 35.44404008853444310, 14.96411557548396409 ) ) ;
#973 = CARTESIAN_POINT ( 'NONE',  ( -23.62746315541818731, 25.47990177096501796, 0.6448741140208732459 ) ) ;
#974 = CIRCLE ( 'NONE', #946, 24.98603734295800294 ) ;
#975 = CARTESIAN_POINT ( 'NONE',  ( 9.205117272126425831, 34.46628097119573653, 20.25131485841311729 ) ) ;
#976 = ORIENTED_EDGE ( 'NONE', *, *, #885, .T. ) ;
#977 = CARTESIAN_POINT ( 'NONE',  ( -10.17132120046424859, 32.31002125072269848, 21.09249967015993477 ) ) ;
#978 = DIRECTION ( 'NONE',  ( -0.8660254037844383745, 0.5000000000000005551, 0.000000000000000000 ) ) ;
#979 = CARTESIAN_POINT ( 'NONE',  ( 9.860635727073075785, 31.14733400772141536, 17.80679143451153834 ) ) ;
#980 = DIRECTION ( 'NONE',  ( 0.000000000000000000, -1.000000000000000000, 0.000000000000000000 ) ) ;
#981 = ORIENTED_EDGE ( 'NONE', *, *, #1264, .F. ) ;
#982 = CARTESIAN_POINT ( 'NONE',  ( 13.88601741770925102, 31.68348540965574500, 13.55331839981684539 ) ) ;
#983 = CARTESIAN_POINT ( 'NONE',  ( 3.006254934138405499, 44.71776433906408244, 0.6448741140208762435 ) ) ;
#984 = CARTESIAN_POINT ( 'NONE',  ( 13.49281533344489858, 34.84066114186936147, 14.77959405391767511 ) ) ;
#985 = CARTESIAN_POINT ( 'NONE',  ( -11.23991217761151518, 30.72741216742723580, 19.76258393908081601 ) ) ;
#986 = CARTESIAN_POINT ( 'NONE',  ( -8.121428962898166404, 33.95906151344858159, 16.96903491429988975 ) ) ;
#987 = CARTESIAN_POINT ( 'NONE',  ( 22.67566018902704528, 29.53418792722290576, -44.70768202110140521 ) ) ;
#988 = CARTESIAN_POINT ( 'NONE',  ( 12.48166748357406419, 35.99020871535745414, 16.36537046951879049 ) ) ;
#989 = ORIENTED_EDGE ( 'NONE', *, *, #322, .F. ) ;
#990 = CARTESIAN_POINT ( 'NONE',  ( -12.80142857482821128, 32.40545986493805231, 19.17924748723855899 ) ) ;
#991 = CARTESIAN_POINT ( 'NONE',  ( -12.49376644938700665, 42.98922854518212233, 0.5468835912743391647 ) ) ;
#992 = CARTESIAN_POINT ( 'NONE',  ( 8.124382121465899331, 33.87725126623740124, 17.02325171891161659 ) ) ;
#993 = CARTESIAN_POINT ( 'NONE',  ( 11.17432401822908616, 37.46150333647168651, 16.68565229767717639 ) ) ;
#994 = ORIENTED_EDGE ( 'NONE', *, *, #750, .F. ) ;
#995 = CARTESIAN_POINT ( 'NONE',  ( -0.0006178785341007960157, 15.85046047395869628, 5.582374114020876910 ) ) ;
#996 = CARTESIAN_POINT ( 'NONE',  ( 18.41662428568448462, 36.80880624462980677, 0.6448741140208763545 ) ) ;
#997 = CARTESIAN_POINT ( 'NONE',  ( 10.25079258638182012, 35.82541083825379502, 16.18069246352215274 ) ) ;
#998 = CARTESIAN_POINT ( 'NONE',  ( -14.85880128019668867, 33.71063694182041104, 14.99378371438319668 ) ) ;
#999 = CARTESIAN_POINT ( 'NONE',  ( 15.83660397307088274, 33.14625789659677224, 11.99354011247017482 ) ) ;
#1000 = CARTESIAN_POINT ( 'NONE',  ( 23.71100289061315181, 24.10046047395869451, 0.6448741140208762435 ) ) ;
#1001 = CARTESIAN_POINT ( 'NONE',  ( 13.35368167549421514, 35.17990717759591490, 17.11598542776431131 ) ) ;
#1002 = VERTEX_POINT ( 'NONE', #1637 ) ;
#1003 = CARTESIAN_POINT ( 'NONE',  ( 10.82599076350941480, 36.13196578194592945, 17.54060747478246185 ) ) ;
#1004 = CARTESIAN_POINT ( 'NONE',  ( -13.62561787853440798, 34.10046047395901070, 17.18228107209296240 ) ) ;
#1005 = LINE ( 'NONE', #2553, #1220 ) ;
#1006 = CARTESIAN_POINT ( 'NONE',  ( -8.251460325463197520, 35.03800211853182844, 16.11507465617505375 ) ) ;
#1007 = B_SPLINE_CURVE_WITH_KNOTS ( 'NONE', 3,
 ( #1476, #307, #998, #534, #1413, #126, #2545, #1014, #2560, #769, #1247, #354, #1188, #1873, #2738, #2284, #1232, #985, #1644, #1029, #1428, #338, #1692, #814, #599, #583, #753, #2301, #1216, #2087, #2101, #1884, #868, #2171, #211, #197 ),
 .UNSPECIFIED., .F., .F.,
 ( 4, 2, 2, 2, 2, 2, 2, 2, 2, 2, 2, 2, 2, 2, 2, 2, 2, 4 ),
 ( 0.01403597256882166064, 0.01484702542057253147, 0.01565807827232339883, 0.01728018397582514049, 0.01809123682757601131, 0.01890228967932687867, 0.01971334253107774603, 0.02052439538282861686, 0.02133544823457948422, 0.02214650108633035158, 0.02295755393808122241, 0.02376860678983208977, 0.02417413321570751478, 0.02457965964158294325, 0.02498518606745837173, 0.02539071249333379673, 0.02620176534508465022, 0.02701281819683550717 ),
 .UNSPECIFIED. ) ;
#1008 = VERTEX_POINT ( 'NONE', #2716 ) ;
#1009 = CARTESIAN_POINT ( 'NONE',  ( -0.0006178785341007960157, 15.85046047395869628, 0.6448741140208762435 ) ) ;
#1010 = SURFACE_SIDE_STYLE ('',( #1199 ) ) ;
#1011 = CARTESIAN_POINT ( 'NONE',  ( -0.0006178785341007960157, 16.60046047395869451, 0.6448741140208762435 ) ) ;
#1012 = CARTESIAN_POINT ( 'NONE',  ( 12.44087798102985865, 31.95382116364600833, 19.99788492914834848 ) ) ;
#1013 = ADVANCED_FACE ( 'NONE', ( #346, #1456, #1866 ), #461, .F. ) ;
#1014 = CARTESIAN_POINT ( 'NONE',  ( -14.03148499428893636, 31.85984860284959197, 17.15712744394058475 ) ) ;
#1015 = EDGE_CURVE ( 'NONE', #1852, #1092, #2061, .T. ) ;
#1016 = CARTESIAN_POINT ( 'NONE',  ( -10.75411350097743224, 30.80850055757309036, 20.18685124827356603 ) ) ;
#1017 = CARTESIAN_POINT ( 'NONE',  ( -22.17732787687772955, 30.84410575147589029, 0.6448741140208734679 ) ) ;
#1018 = CARTESIAN_POINT ( 'NONE',  ( 13.88947970897562811, 35.00383223660193721, 16.81053666234762645 ) ) ;
#1019 = ORIENTED_EDGE ( 'NONE', *, *, #1100, .F. ) ;
#1020 = CARTESIAN_POINT ( 'NONE',  ( -0.0006178785341007960157, 22.85046047395869451, 24.88139570361386177 ) ) ;
#1021 = CARTESIAN_POINT ( 'NONE',  ( -12.15979939499981910, 43.15631139205913769, -0.01074730868224343591 ) ) ;
#1022 = CARTESIAN_POINT ( 'NONE',  ( -0.0006178785341023268008, 46.10046047395871938, 0.6448741140208793521 ) ) ;
#1023 = CARTESIAN_POINT ( 'NONE',  ( 7.669315143127170664, 45.27248996488849286, 0.6448741140208762435 ) ) ;
#1024 = VECTOR ( 'NONE', #2602, 1000.000000000000000 ) ;
#1025 = ORIENTED_EDGE ( 'NONE', *, *, #1661, .F. ) ;
#1026 = CARTESIAN_POINT ( 'NONE',  ( -13.06023769251272171, 31.94857974754285479, 17.17859500622660462 ) ) ;
#1027 = CARTESIAN_POINT ( 'NONE',  ( 11.53900371154756321, 42.12853899657236667, 0.6448741140208763545 ) ) ;
#1028 = CARTESIAN_POINT ( 'NONE',  ( 11.78618528413048239, 31.98736513922175817, 20.38348847385731943 ) ) ;
#1029 = CARTESIAN_POINT ( 'NONE',  ( -10.51206948786185791, 30.86377667980810457, 20.10743541923206479 ) ) ;
#1030 = CARTESIAN_POINT ( 'NONE',  ( -13.83229921880749735, 31.63012161255247179, 13.63236430727669379 ) ) ;
#1031 = ORIENTED_EDGE ( 'NONE', *, *, #256, .T. ) ;
#1032 = CARTESIAN_POINT ( 'NONE',  ( 10.14204316738428169, 36.13218873622393801, 18.48314751153556301 ) ) ;
#1033 = FACE_OUTER_BOUND ( 'NONE', #2719, .T. ) ;
#1034 = CARTESIAN_POINT ( 'NONE',  ( 13.62376181292659361, 34.15180174886805275, 17.72426705907439271 ) ) ;
#1035 = CARTESIAN_POINT ( 'NONE',  ( 13.62376181292659538, 34.15180174886811670, 17.13748415316440088 ) ) ;
#1036 = B_SPLINE_CURVE_WITH_KNOTS ( 'NONE', 3,
 ( #1461, #2358, #2331, #1426, #826, #140, #2722, #996, #153, #1229, #2736, #1027, #1855, #2099, #1260, #983, #565, #1444 ),
 .UNSPECIFIED., .F., .F.,
 ( 4, 2, 2, 2, 2, 2, 2, 2, 4 ),
 ( 0.05709233692289740481, 0.2463053356568975505, 0.4355183343908976545, 0.6247313331248973700, 0.8139443318588971410, 1.003157330592897134, 1.192370329326897016, 1.381583328060896676, 1.570796326794896558 ),
 .UNSPECIFIED. ) ;
#1037 = CARTESIAN_POINT ( 'NONE',  ( -9.768018339377766424, 35.35403860052068126, 16.82514380545350008 ) ) ;
#1038 = CARTESIAN_POINT ( 'NONE',  ( -7.408411637079210799, 43.79890889688616085, 0.6448741140208754663 ) ) ;
#1039 = CARTESIAN_POINT ( 'NONE',  ( 9.324660384068526042, 33.49261694568239989, 20.82240752641552461 ) ) ;
#1040 = CARTESIAN_POINT ( 'NONE',  ( -15.25412268738399924, 39.76928941199871304, 0.6448741140208744671 ) ) ;
#1041 = CARTESIAN_POINT ( 'NONE',  ( 12.88565515775886006, 32.47007147358018386, 19.07067631957909626 ) ) ;
#1042 = CARTESIAN_POINT ( 'NONE',  ( -12.84210247068064881, 30.97794875945998072, 14.28432006688910860 ) ) ;
#1043 = CARTESIAN_POINT ( 'NONE',  ( -18.71771498894610275, 55.26942363939281222, 0.6448741140208762435 ) ) ;
#1044 = EDGE_CURVE ( 'NONE', #164, #1452, #714, .T. ) ;
#1045 = ORIENTED_EDGE ( 'NONE', *, *, #2810, .F. ) ;
#1046 = DIRECTION ( 'NONE',  ( -0.000000000000000000, 1.000000000000000000, -0.000000000000000000 ) ) ;
#1047 = CARTESIAN_POINT ( 'NONE',  ( -12.69026883437506115, 35.86729438400114844, 17.03378868838915849 ) ) ;
#1048 = CARTESIAN_POINT ( 'NONE',  ( 13.19184614937745259, 31.17398104362806421, 15.73275856419912522 ) ) ;
#1049 = EDGE_CURVE ( 'NONE', #190, #764, #2409, .T. ) ;
#1050 = CYLINDRICAL_SURFACE ( 'NONE', #445, 4.937500000000000888 ) ;
#1051 = EDGE_LOOP ( 'NONE', ( #728, #1250, #2659, #2178, #775 ) ) ;
#1052 = CARTESIAN_POINT ( 'NONE',  ( 23.62622739834997532, 25.47990177096501441, 47.89856466778903865 ) ) ;
#1053 = CARTESIAN_POINT ( 'NONE',  ( -9.134550434520489759, 36.51476199482187468, 12.49747875179866163 ) ) ;
#1054 = CARTESIAN_POINT ( 'NONE',  ( -11.32332871327742652, 31.97641749640875375, 20.65889189046937702 ) ) ;
#1055 = CARTESIAN_POINT ( 'NONE',  ( 10.80470580548490034, 32.08582357590223921, 20.74075025637401382 ) ) ;
#1056 = CARTESIAN_POINT ( 'NONE',  ( -13.91791216489214555, 36.45940381667013952, 13.07518911002155271 ) ) ;
#1057 = CARTESIAN_POINT ( 'NONE',  ( -8.486847422437016064, 32.58062316339589870, 20.29324414394163867 ) ) ;
#1058 = B_SPLINE_CURVE_WITH_KNOTS ( 'NONE', 3,
 ( #1004, #962, #2523, #559, #1194, #2307 ),
 .UNSPECIFIED., .F., .F.,
 ( 4, 2, 4 ),
 ( 0.01639398840972163679, 0.01665924045660141170, 0.01692449250348118661 ),
 .UNSPECIFIED. ) ;
#1059 = EDGE_CURVE ( 'NONE', #747, #809, #656, .T. ) ;
#1060 = DIRECTION ( 'NONE',  ( -0.8660254037844383745, 0.5000000000000005551, 0.000000000000000000 ) ) ;
#1061 = CARTESIAN_POINT ( 'NONE',  ( -13.61641243177394855, 34.54462991870740041, 17.43258107533487333 ) ) ;
#1062 = CIRCLE ( 'NONE', #2654, 24.23652158959298575 ) ;
#1063 = CARTESIAN_POINT ( 'NONE',  ( 11.78656413179627727, 30.72953255608813095, 16.92869542850632314 ) ) ;
#1064 = DIRECTION ( 'NONE',  ( 0.000000000000000000, 0.000000000000000000, 1.000000000000000000 ) ) ;
#1065 = CIRCLE ( 'NONE', #2300, 0.7500000000000075495 ) ;
#1066 = ORIENTED_EDGE ( 'NONE', *, *, #1952, .F. ) ;
#1067 =( BOUNDED_SURFACE ( )  B_SPLINE_SURFACE ( 3, 3, ( 
 ( #1000, #86, #1415, #1386 ),
 ( #2058, #99, #1432, #973 ),
 ( #1843, #1647, #2303, #1631 ),
 ( #1204, #987, #1218, #2089 ),
 ( #787, #2534, #2318, #1017 ),
 ( #1344, #899, #1520, #1115 ),
 ( #2627, #2429, #2200, #1099 ),
 ( #668, #1758, #453, #12 ),
 ( #1073, #1305, #1772, #686 ),
 ( #1560, #913, #1943, #468 ),
 ( #2374, #858, #2808, #198 ),
 ( #883, #2172, #2186, #2640 ),
 ( #1545, #2214, #2417, #653 ),
 ( #212, #2614, #1971, #641 ),
 ( #1732, #1130, #2401, #1332 ),
 ( #626, #1987, #2388, #426 ),
 ( #1505, #2820, #239, #1086 ),
 ( #254, #411, #2600, #26 ) ),
 .UNSPECIFIED., .F., .F., .F. ) 
 B_SPLINE_SURFACE_WITH_KNOTS ( ( 4, 2, 2, 2, 2, 2, 2, 2, 4 ),
 ( 4, 4 ),
 ( 0.000000000000000000, 0.1250000000000001665, 0.2500000000000003331, 0.3750000000000002220, 0.5000000000000001110, 0.6250000000000001110, 0.7500000000000001110, 0.8750000000000000000, 1.000000000000000000 ),
 ( 0.000000000000000000, 1.000000000000000000 ),
 .UNSPECIFIED. ) 
 GEOMETRIC_REPRESENTATION_ITEM ( )  RATIONAL_B_SPLINE_SURFACE ( (
 ( 1.000000000000000000, 0.3333333333333334259, 0.3333333333333334259, 1.000000000000000000),
 ( 1.000000000000000000, 0.3333333333333334259, 0.3333333333333334259, 1.000000000000000000),
 ( 1.000000000000000000, 0.3333333333333334259, 0.3333333333333334259, 1.000000000000000000),
 ( 1.000000000000000000, 0.3333333333333334259, 0.3333333333333334259, 1.000000000000000000),
 ( 1.000000000000000000, 0.3333333333333334259, 0.3333333333333334259, 1.000000000000000000),
 ( 1.000000000000000000, 0.3333333333333334259, 0.3333333333333334259, 1.000000000000000000),
 ( 1.000000000000000000, 0.3333333333333334259, 0.3333333333333334259, 1.000000000000000000),
 ( 1.000000000000000000, 0.3333333333333334259, 0.3333333333333334259, 1.000000000000000000),
 ( 1.000000000000000000, 0.3333333333333334259, 0.3333333333333334259, 1.000000000000000000),
 ( 1.000000000000000000, 0.3333333333333334259, 0.3333333333333334259, 1.000000000000000000),
 ( 1.000000000000000000, 0.3333333333333334259, 0.3333333333333334259, 1.000000000000000000),
 ( 1.000000000000000000, 0.3333333333333334259, 0.3333333333333334259, 1.000000000000000000),
 ( 1.000000000000000000, 0.3333333333333334259, 0.3333333333333334259, 1.000000000000000000),
 ( 1.000000000000000000, 0.3333333333333334259, 0.3333333333333334259, 1.000000000000000000),
 ( 1.000000000000000000, 0.3333333333333334259, 0.3333333333333334259, 1.000000000000000000),
 ( 1.000000000000000000, 0.3333333333333334259, 0.3333333333333334259, 1.000000000000000000),
 ( 1.000000000000000000, 0.3333333333333334259, 0.3333333333333334259, 1.000000000000000000),
 ( 1.000000000000000000, 0.3333333333333334259, 0.3333333333333334259, 1.000000000000000000) ) ) 
 REPRESENTATION_ITEM ( '' )  SURFACE ( )  );
#1068 = FACE_BOUND ( 'NONE', #393, .T. ) ;
#1069 = CARTESIAN_POINT ( 'NONE',  ( -8.230716395009217479, 35.02608691558874199, 13.50036930380919387 ) ) ;
#1070 = CARTESIAN_POINT ( 'NONE',  ( -10.22177698840494742, 32.40162305308619750, 20.89051532678148604 ) ) ;
#1071 = CARTESIAN_POINT ( 'NONE',  ( 10.95518887080869241, 32.04064776540274551, 20.67613505153546072 ) ) ;
#1072 = CARTESIAN_POINT ( 'NONE',  ( -11.21424547093267599, 37.46928445922165452, 14.40317745636195390 ) ) ;
#1073 = CARTESIAN_POINT ( 'NONE',  ( 17.42785236073821054, 37.85887784384377142, 0.6448741140208763545 ) ) ;
#1074 = CARTESIAN_POINT ( 'NONE',  ( 11.73929199212816066, 36.63234772488772251, 17.00338438906161187 ) ) ;
#1075 = CARTESIAN_POINT ( 'NONE',  ( -12.63462364292077922, 35.89869192274604615, 16.32805277022935542 ) ) ;
#1076 = CARTESIAN_POINT ( 'NONE',  ( -11.55171853142411820, 31.95818040561394113, 18.03898815614713058 ) ) ;
#1077 = B_SPLINE_SURFACE_WITH_KNOTS ( 'NONE', 3, 1, ( 
 ( #1559, #2013 ),
 ( #1369, #2213 ),
 ( #942, #265 ),
 ( #1155, #66 ),
 ( #303, #1397 ),
 ( #2240, #2680 ),
 ( #1381, #1811 ),
 ( #2252, #2666 ),
 ( #2651, #1599 ),
 ( #53, #253 ),
 ( #734, #2469 ),
 ( #1825, #506 ),
 ( #1611, #1800 ),
 ( #291, #2428 ),
 ( #1128, #898 ),
 ( #1168, #2639 ),
 ( #2038, #2441 ),
 ( #1343, #2002 ),
 ( #80, #38 ),
 ( #912, #967 ),
 ( #2311, #2512 ),
 ( #1227, #577 ),
 ( #94, #334 ),
 ( #2720, #1640 ),
 ( #2528, #982 ),
 ( #748, #595 ),
 ( #2556, #349 ),
 ( #1838, #2497 ),
 ( #1686, #1625 ),
 ( #2734, #1853 ),
 ( #107, #2706 ),
 ( #765, #546 ) ),
 .UNSPECIFIED., .F., .F., .F.,
 ( 4, 2, 2, 2, 2, 2, 2, 2, 2, 2, 2, 2, 2, 2, 2, 4 ),
 ( 2, 2 ),
 ( 0.000000000000000000, 0.03124999999999894529, 0.06249999999999789058, 0.1249999999999977518, 0.1874999999999976130, 0.2499999999999974465, 0.3124999999999973355, 0.3437499999999972800, 0.3749999999999972244, 0.4374999999999972800, 0.4999999999999973355, 0.6249999999999977796, 0.7499999999999982236, 0.8124999999999986677, 0.8749999999999991118, 1.000000000000000000 ),
 ( 0.000000000000000000, 1.000000000000000000 ),
 .UNSPECIFIED. ) ;
#1078 = CARTESIAN_POINT ( 'NONE',  ( -9.633591301428879206, 35.14559452111809890, 19.35858239040676665 ) ) ;
#1079 = ORIENTED_EDGE ( 'NONE', *, *, #2810, .T. ) ;
#1080 = CARTESIAN_POINT ( 'NONE',  ( -15.25412268738399924, 39.76928941199871304, 0.6448741140208744671 ) ) ;
#1081 = LINE ( 'NONE', #1541, #1795 ) ;
#1082 = CARTESIAN_POINT ( 'NONE',  ( -12.59571418525009712, 32.25196095002132068, 19.73298409083112759 ) ) ;
#1083 = CARTESIAN_POINT ( 'NONE',  ( 13.85082520833297970, 36.53655970476985004, 10.51417851051059138 ) ) ;
#1084 = CARTESIAN_POINT ( 'NONE',  ( -16.32705226013924005, 51.12867432933808232, 0.6448741140208762435 ) ) ;
#1085 = AXIS2_PLACEMENT_3D ( 'NONE', #176, #1724, #861 ) ;
#1086 = CARTESIAN_POINT ( 'NONE',  ( -1.504072830974676700, 44.85046047395872648, 0.6448741140208760214 ) ) ;
#1087 = CARTESIAN_POINT ( 'NONE',  ( 10.18295856659310594, 37.23220869218995688, 15.46310991775140486 ) ) ;
#1088 = CARTESIAN_POINT ( 'NONE',  ( 13.23058806428202416, 32.86208834778341981, 16.42260324576671238 ) ) ;
#1089 = CARTESIAN_POINT ( 'NONE',  ( -13.46436046641221473, 35.76695691684030010, 16.48377374684869068 ) ) ;
#1090 = CARTESIAN_POINT ( 'NONE',  ( -10.65564406349059468, 32.12614166751050959, 18.44523380495610709 ) ) ;
#1091 = CARTESIAN_POINT ( 'NONE',  ( -9.442045641688835644, 34.68387607354350877, 19.79085773471841136 ) ) ;
#1092 = VERTEX_POINT ( 'NONE', #617 ) ;
#1093 = ORIENTED_EDGE ( 'NONE', *, *, #1733, .T. ) ;
#1094 = CARTESIAN_POINT ( 'NONE',  ( -23.40196376076993090, 26.85206346153490742, 0.6448741140208733569 ) ) ;
#1095 = CARTESIAN_POINT ( 'NONE',  ( -8.126525899579036150, 34.17874404535881183, 13.89466194801076959 ) ) ;
#1096 = CARTESIAN_POINT ( 'NONE',  ( -9.883922323343531602, 32.55683256184248364, 21.10039864242083496 ) ) ;
#1097 = CARTESIAN_POINT ( 'NONE',  ( 9.375670807314881117, 34.02614092347482710, 20.26283037893207961 ) ) ;
#1098 = CARTESIAN_POINT ( 'NONE',  ( -14.87561787853428186, 34.10046047396805591, 14.61859562261938095 ) ) ;
#1099 = CARTESIAN_POINT ( 'NONE',  ( -20.16368778410130957, 34.55714373453399446, 0.6448741140208736899 ) ) ;
#1100 = EDGE_CURVE ( 'NONE', #1779, #247, #2467, .T. ) ;
#1101 = CARTESIAN_POINT ( 'NONE',  ( 13.83699513047546681, 36.53851612571838814, 10.56289330626567136 ) ) ;
#1102 = MANIFOLD_SOLID_BREP ( '\X2\7f29653e6bd44f8b\X0\1', #1384 ) ;
#1103 = CARTESIAN_POINT ( 'NONE',  ( 10.93144028059614214, 32.05134530453910457, 18.33440312105715009 ) ) ;
#1104 = CARTESIAN_POINT ( 'NONE',  ( -10.97627512961147822, 36.18133620529835781, 17.94389178848175348 ) ) ;
#1105 = CARTESIAN_POINT ( 'NONE',  ( 12.63529183451270121, 30.91529966282622155, 16.27360770685287150 ) ) ;
#1106 = CARTESIAN_POINT ( 'NONE',  ( -9.382566761685296797, 34.42461169963698353, 20.00016924930874040 ) ) ;
#1107 = ORIENTED_EDGE ( 'NONE', *, *, #1430, .T. ) ;
#1108 = CARTESIAN_POINT ( 'NONE',  ( -13.01962223287026177, 35.59569225709737594, 14.50702970810333881 ) ) ;
#1109 = CARTESIAN_POINT ( 'NONE',  ( 1.502837073906474474, 44.85046047395872648, 3.651784018902027640 ) ) ;
#1110 = CARTESIAN_POINT ( 'NONE',  ( 12.35817015632397009, 43.05647462894256705, 1.105615326754671557 ) ) ;
#1111 = CARTESIAN_POINT ( 'NONE',  ( -9.961711542118095508, 32.62468733425488665, 21.02544970020153414 ) ) ;
#1112 = CARTESIAN_POINT ( 'NONE',  ( 9.471415354081116789, 33.44848679283442294, 20.62381574822181918 ) ) ;
#1113 = CARTESIAN_POINT ( 'NONE',  ( -13.33589042273206005, 35.91153018890764770, 16.45530665873071996 ) ) ;
#1114 = CARTESIAN_POINT ( 'NONE',  ( -9.482108336246952263, 31.38221947596946038, 15.34704649648211472 ) ) ;
#1115 = CARTESIAN_POINT ( 'NONE',  ( -20.92071932708723736, 33.35561037482337099, 0.6448741140208736899 ) ) ;
#1116 = CARTESIAN_POINT ( 'NONE',  ( 8.147289365499574387, 34.55240531602939313, 16.53335842058521621 ) ) ;
#1117 = CARTESIAN_POINT ( 'NONE',  ( 11.62962402878993373, 31.97913727159945552, 17.97892559988936156 ) ) ;
#1118 = CARTESIAN_POINT ( 'NONE',  ( -11.34772405815975738, 36.22403432336509610, 17.05623212741277328 ) ) ;
#1119 = CARTESIAN_POINT ( 'NONE',  ( 10.10307151136839821, 32.36206271833864889, 21.09780933542216275 ) ) ;
#1120 = CIRCLE ( 'NONE', #1263, 0.2499999999999991118 ) ;
#1121 = CARTESIAN_POINT ( 'NONE',  ( -13.62561787853410600, 34.36694253909087138, 17.36541630648452283 ) ) ;
#1122 = ORIENTED_EDGE ( 'NONE', *, *, #628, .T. ) ;
#1123 = CARTESIAN_POINT ( 'NONE',  ( -11.34289998046350867, 36.21991613955177058, 15.16521344618104550 ) ) ;
#1124 = CARTESIAN_POINT ( 'NONE',  ( -11.24520341375059829, 37.47230388943118129, 16.62779729429059472 ) ) ;
#1125 = CARTESIAN_POINT ( 'NONE',  ( 14.40519694005824292, 32.37331622099380013, 16.48471652943691979 ) ) ;
#1126 = CARTESIAN_POINT ( 'NONE',  ( 14.46870435496723672, 35.72411501935154376, 16.12975288903497528 ) ) ;
#1127 = CARTESIAN_POINT ( 'NONE',  ( -9.935266637492002673, 35.96563337687393158, 18.74387652797458159 ) ) ;
#1128 = CARTESIAN_POINT ( 'NONE',  ( 10.23778488538871123, 30.96794523184090409, 20.30496934470204096 ) ) ;
#1129 = AXIS2_PLACEMENT_3D ( 'NONE', #2681, #1801, #2667 ) ;
#1130 = CARTESIAN_POINT ( 'NONE',  ( 5.958460498902073965, 44.19198071623970492, -11.27328264085146969 ) ) ;
#1131 = DIRECTION ( 'NONE',  ( -1.000000000000000000, 0.000000000000000000, -1.445602896647327823E-16 ) ) ;
#1132 = CARTESIAN_POINT ( 'NONE',  ( 13.62315805780238520, 34.02058672361092562, 15.32431461181658250 ) ) ;
#1133 = CARTESIAN_POINT ( 'NONE',  ( -10.39988160826673003, 35.92216852304556340, 18.04322816122899198 ) ) ;
#1134 = CARTESIAN_POINT ( 'NONE',  ( 12.30955693605021928, 36.08858908684961619, 17.11534239748077368 ) ) ;
#1135 = ORIENTED_EDGE ( 'NONE', *, *, #418, .F. ) ;
#1136 = CARTESIAN_POINT ( 'NONE',  ( -11.37531521722116423, 36.22211720412474989, 15.14156723182636810 ) ) ;
#1137 = CARTESIAN_POINT ( 'NONE',  ( -14.70281994601212361, 35.19308834691668153, 16.26936351938661218 ) ) ;
#1138 = CARTESIAN_POINT ( 'NONE',  ( 8.320551377292588313, 32.93775202940857838, 20.04305614007337510 ) ) ;
#1139 = CARTESIAN_POINT ( 'NONE',  ( 13.43259463896742645, 36.88012833456882333, 10.52367547542411330 ) ) ;
#1140 = CARTESIAN_POINT ( 'NONE',  ( -15.30253320730090749, 50.85415527649975331, 0.6448741140208763545 ) ) ;
#1141 = CARTESIAN_POINT ( 'NONE',  ( -11.14931965316794127, 43.66057838605775743, 0.6448741140208159583 ) ) ;
#1142 = CARTESIAN_POINT ( 'NONE',  ( 10.70473661276973409, 32.10551049638645082, 18.42965062880782767 ) ) ;
#1143 = CARTESIAN_POINT ( 'NONE',  ( 14.87339692555050519, 34.18200249881611796, 12.04264231354807002 ) ) ;
#1144 = B_SPLINE_CURVE_WITH_KNOTS ( 'NONE', 3,
 ( #1810, #238, #2638, #684, #1558, #1544, #1167, #79, #1113, #52, #2650, #954, #2427, #1824, #37, #2227, #2679, #466, #1342, #2212, #926, #911, #252, #1127, #264, #489, #1368, #2239 ),
 .UNSPECIFIED., .F., .F.,
 ( 4, 2, 2, 2, 2, 2, 2, 2, 2, 2, 2, 2, 2, 4 ),
 ( 0.01794397272456392176, 0.01907689493724007077, 0.01964335604357813833, 0.02020981714991620243, 0.02077627825625426999, 0.02134273936259233409, 0.02190920046893040166, 0.02247566157526846575, 0.02304212268160653332, 0.02360858378794460088, 0.02417504489428266845, 0.02474150600062073255, 0.02587442821329685727, 0.02700735042597297852 ),
 .UNSPECIFIED. ) ;
#1145 = CARTESIAN_POINT ( 'NONE',  ( 8.668856706742371188, 30.67835067791718018, 18.57698522179416045 ) ) ;
#1146 = CARTESIAN_POINT ( 'NONE',  ( -10.01370076282524302, 35.63729357133149733, 18.56648330443620054 ) ) ;
#1147 = ADVANCED_FACE ( 'NONE', ( #2498 ), #2452, .T. ) ;
#1148 = CARTESIAN_POINT ( 'NONE',  ( 9.216337786817065947, 34.14571101134875164, 20.45740150781720601 ) ) ;
#1149 = ORIENTED_EDGE ( 'NONE', *, *, #1865, .T. ) ;
#1150 = CARTESIAN_POINT ( 'NONE',  ( -0.0006178785341023269092, 46.10046047395873359, 0.6448741140208731348 ) ) ;
#1151 = CARTESIAN_POINT ( 'NONE',  ( -9.274647584153267843, 34.75746509791573402, 20.01158923696014114 ) ) ;
#1152 = CARTESIAN_POINT ( 'NONE',  ( 8.672312044048638313, 32.23879087244237951, 20.29625337980629141 ) ) ;
#1153 = CARTESIAN_POINT ( 'NONE',  ( 12.40474871032637338, 37.35225072395544288, 16.21149164150747168 ) ) ;
#1154 = CARTESIAN_POINT ( 'NONE',  ( 13.62376181292659361, 34.15180174886805986, 15.22426705907440869 ) ) ;
#1155 = CARTESIAN_POINT ( 'NONE',  ( 8.152459862075749797, 33.65111772538806179, 19.97808036071876359 ) ) ;
#1156 = DIRECTION ( 'NONE',  ( -0.000000000000000000, 1.000000000000000000, -0.000000000000000000 ) ) ;
#1157 = CARTESIAN_POINT ( 'NONE',  ( 9.611659878549088987, 35.11148102228320766, 17.08978423260528956 ) ) ;
#1158 = CIRCLE ( 'NONE', #1256, 0.2499999999999996114 ) ;
#1159 = CARTESIAN_POINT ( 'NONE',  ( -14.87561787853427298, 34.10046047396762958, 12.11859562262000267 ) ) ;
#1160 = CARTESIAN_POINT ( 'NONE',  ( -10.49094301840928978, 35.98900750959133177, 18.40770639366477113 ) ) ;
#1161 = CARTESIAN_POINT ( 'NONE',  ( 11.33814183984558355, 36.22379307875312549, 17.06284104623974329 ) ) ;
#1162 = ORIENTED_EDGE ( 'NONE', *, *, #2074, .T. ) ;
#1163 = CARTESIAN_POINT ( 'NONE',  ( 9.951223379324755314, 35.56066574439562800, 18.67242468254699617 ) ) ;
#1164 = CARTESIAN_POINT ( 'NONE',  ( -14.09381882186778867, 36.27427983739569584, 10.54385858525204789 ) ) ;
#1165 = CARTESIAN_POINT ( 'NONE',  ( 9.860635727073074008, 31.14733400772142247, 20.30679143451152768 ) ) ;
#1166 = CARTESIAN_POINT ( 'NONE',  ( 8.223556432995867027, 34.94494130323847259, 13.53188064886214725 ) ) ;
#1167 = CARTESIAN_POINT ( 'NONE',  ( -13.67492082047230362, 35.47009378803892332, 16.57978385629170504 ) ) ;
#1168 = CARTESIAN_POINT ( 'NONE',  ( 10.47441976537309571, 30.88253631437565261, 20.25394417056250518 ) ) ;
#1169 = CARTESIAN_POINT ( 'NONE',  ( 13.63018460165138634, 33.88604204668733644, 17.81064444720365003 ) ) ;
#1170 = CARTESIAN_POINT ( 'NONE',  ( 13.62293899873059111, 34.18585327326531598, 15.19887219580562565 ) ) ;
#1171 = B_SPLINE_CURVE_WITH_KNOTS ( 'NONE', 3,
 ( #838, #664, #1488, #2168, #222, #1514, #193, #2370, #2817, #1741, #2610, #1110, #235, #2151, #406, #2596 ),
 .UNSPECIFIED., .F., .F.,
 ( 4, 2, 2, 2, 2, 2, 2, 4 ),
 ( 0.000000000000000000, 0.0002933787028638511684, 0.0005867574057277021200, 0.001173514811455397518, 0.001466893514319244892, 0.001760272217183092482, 0.002053650920046939856, 0.002347029622910787663 ),
 .UNSPECIFIED. ) ;
#1172 = CARTESIAN_POINT ( 'NONE',  ( -10.51206948786161455, 30.86377667980818984, 17.60743541923214295 ) ) ;
#1173 =( GEOMETRIC_REPRESENTATION_CONTEXT ( 3 ) GLOBAL_UNCERTAINTY_ASSIGNED_CONTEXT ( ( #2275 ) ) GLOBAL_UNIT_ASSIGNED_CONTEXT ( ( #1854, #1896, #2111 ) ) REPRESENTATION_CONTEXT ( 'NONE', 'WORKASPACE' ) );
#1174 = SPHERICAL_SURFACE ( 'NONE', #48, 0.7500000000000061062 ) ;
#1175 = EDGE_CURVE ( 'NONE', #796, #2166, #325, .T. ) ;
#1176 = CARTESIAN_POINT ( 'NONE',  ( 9.372523150964209293, 34.11671119260284257, 20.40385824000463089 ) ) ;
#1177 = VERTEX_POINT ( 'NONE', #766 ) ;
#1178 = CARTESIAN_POINT ( 'NONE',  ( -13.26810608640157874, 32.48383235740242725, 19.13034773736124450 ) ) ;
#1179 = CARTESIAN_POINT ( 'NONE',  ( -9.412727482682683444, 34.50142597978849324, 19.88228413377485637 ) ) ;
#1180 = CARTESIAN_POINT ( 'NONE',  ( 9.201203792057439657, 31.62514699584202660, 20.38453617906716175 ) ) ;
#1181 = AXIS2_PLACEMENT_3D ( 'NONE', #2789, #2366, #561 ) ;
#1182 = CARTESIAN_POINT ( 'NONE',  ( 8.164617224020433994, 34.63570166188753063, 13.68395240094918996 ) ) ;
#1183 = ORIENTED_EDGE ( 'NONE', *, *, #1512, .F. ) ;
#1184 = CARTESIAN_POINT ( 'NONE',  ( -0.0006178785341007960157, 15.85046047395869628, -4.792625885979124867 ) ) ;
#1185 = CARTESIAN_POINT ( 'NONE',  ( 13.30695372365521401, 32.95680775784100547, 16.30894018732456274 ) ) ;
#1186 = CARTESIAN_POINT ( 'NONE',  ( 12.14126653579031334, 36.12738044113292801, 14.69087511140130253 ) ) ;
#1187 = ADVANCED_FACE ( 'NONE', ( #531 ), #414, .T. ) ;
#1188 = CARTESIAN_POINT ( 'NONE',  ( -12.95588837173622210, 31.04835582090543866, 18.47617233286814198 ) ) ;
#1189 = CARTESIAN_POINT ( 'NONE',  ( -8.443488643609816435, 32.66499812036169459, 17.65165139246054338 ) ) ;
#1190 = CARTESIAN_POINT ( 'NONE',  ( -12.49376644938690184, 42.98922854518217918, 0.6448741140210355605 ) ) ;
#1191 = CARTESIAN_POINT ( 'NONE',  ( 10.59853098582671826, 36.04154617269218619, 17.79288225647103516 ) ) ;
#1192 = ORIENTED_EDGE ( 'NONE', *, *, #746, .F. ) ;
#1193 = CARTESIAN_POINT ( 'NONE',  ( -13.36485747658350931, 32.58118359485114013, 19.00126870136012158 ) ) ;
#1194 = CARTESIAN_POINT ( 'NONE',  ( -13.60225031381927252, 33.77752604748553011, 17.48141897256623878 ) ) ;
#1195 = CARTESIAN_POINT ( 'NONE',  ( -18.06819593610777375, 55.64442363939281222, 0.6448741140208763545 ) ) ;
#1196 = CARTESIAN_POINT ( 'NONE',  ( 12.34355824293608350, 37.36871253414499705, 10.75374221813364706 ) ) ;
#1197 = ORIENTED_EDGE ( 'NONE', *, *, #1952, .T. ) ;
#1198 = CARTESIAN_POINT ( 'NONE',  ( 13.62376181292658828, 34.15180174886805986, 15.22426705907440514 ) ) ;
#1199 = SURFACE_STYLE_FILL_AREA ( #2084 ) ;
#1200 = CARTESIAN_POINT ( 'NONE',  ( 12.81681443750046867, 32.41407004784959156, 19.37657182537176226 ) ) ;
#1201 = CARTESIAN_POINT ( 'NONE',  ( 10.90746637249472784, 36.15786913842672590, 15.50501801605765095 ) ) ;
#1202 = CARTESIAN_POINT ( 'NONE',  ( 11.71029747009576205, 31.98122828221855585, 20.22860966109449166 ) ) ;
#1203 = CARTESIAN_POINT ( 'NONE',  ( -9.787512347957591174, 31.18183273916022458, 17.82837667195103037 ) ) ;
#1204 = CARTESIAN_POINT ( 'NONE',  ( 22.67566018902704528, 29.53418792722290220, 0.6448741140208764655 ) ) ;
#1205 = CARTESIAN_POINT ( 'NONE',  ( 12.85289992967961048, 35.73951166499180232, 17.02345841402108917 ) ) ;
#1206 = VERTEX_POINT ( 'NONE', #1938 ) ;
#1207 = CARTESIAN_POINT ( 'NONE',  ( -10.40635002202424531, 32.15449775252905340, 21.05671297374019346 ) ) ;
#1208 = CARTESIAN_POINT ( 'NONE',  ( -12.23386417980359298, 43.11927357591019216, 0.04420834674940891246 ) ) ;
#1209 = CARTESIAN_POINT ( 'NONE',  ( 8.244331397507590253, 33.17679528765491881, 17.42867858298360417 ) ) ;
#1210 = CARTESIAN_POINT ( 'NONE',  ( 13.21103549982625047, 37.01907282641335684, 10.55062755052063217 ) ) ;
#1211 = EDGE_LOOP ( 'NONE', ( #473, #2021, #1903, #358, #59 ) ) ;
#1212 = CARTESIAN_POINT ( 'NONE',  ( -9.376189595488519046, 34.14975013003430604, 20.38016359789404675 ) ) ;
#1213 = CARTESIAN_POINT ( 'NONE',  ( -1.504072830974676922, 44.85046047395872648, 0.6448741140208760214 ) ) ;
#1214 = CARTESIAN_POINT ( 'NONE',  ( 13.61350721689236032, 34.31888978039474836, 15.10329819524101502 ) ) ;
#1215 = EDGE_CURVE ( 'NONE', #2305, #1651, #1171, .T. ) ;
#1216 = CARTESIAN_POINT ( 'NONE',  ( -8.633087318668799526, 32.31731070404459416, 20.26861514837863254 ) ) ;
#1217 = CARTESIAN_POINT ( 'NONE',  ( -13.61822715052960575, 31.46562344948491230, 15.23807573750431210 ) ) ;
#1218 = CARTESIAN_POINT ( 'NONE',  ( -22.67689594609523951, 29.53418792722290576, -44.70768202110141232 ) ) ;
#1219 = CARTESIAN_POINT ( 'NONE',  ( 13.07223928960849335, 35.53095976982409354, 16.31723388932976349 ) ) ;
#1220 = VECTOR ( 'NONE', #2775, 1000.000000000000000 ) ;
#1221 = ORIENTED_EDGE ( 'NONE', *, *, #497, .T. ) ;
#1222 = CARTESIAN_POINT ( 'NONE',  ( -13.26134143115701036, 32.89013247581211630, 18.47385991886514844 ) ) ;
#1223 = DIRECTION ( 'NONE',  ( 0.000000000000000000, 0.000000000000000000, -1.000000000000000000 ) ) ;
#1224 = CARTESIAN_POINT ( 'NONE',  ( 14.25885353753191964, 46.10046047395872648, 29.16381694615250808 ) ) ;
#1225 = DIRECTION ( 'NONE',  ( 0.000000000000000000, 0.000000000000000000, 1.000000000000000000 ) ) ;
#1226 = VERTEX_POINT ( 'NONE', #2413 ) ;
#1227 = CARTESIAN_POINT ( 'NONE',  ( 12.51524198670442267, 30.85315780223924520, 19.52072087475600881 ) ) ;
#1228 = CARTESIAN_POINT ( 'NONE',  ( -10.35156741910549982, 32.28243873292831267, 18.51928973083718688 ) ) ;
#1229 = CARTESIAN_POINT ( 'NONE',  ( 15.25288693031579434, 39.76928941199871304, 0.6448741140208763545 ) ) ;
#1230 = CARTESIAN_POINT ( 'NONE',  ( 13.81611861460246082, 33.26812185297449531, 18.21347838672483732 ) ) ;
#1231 = B_SPLINE_SURFACE_WITH_KNOTS ( 'NONE', 3, 1, ( 
 ( #1570, #1769 ),
 ( #263, #881 ),
 ( #683, #437 ),
 ( #424, #210 ),
 ( #924, #1303 ),
 ( #1756, #2625 ),
 ( #639, #2386 ),
 ( #1341, #251 ),
 ( #1783, #2170 ),
 ( #1126, #2000 ),
 ( #36, #2648 ),
 ( #1516, #695 ),
 ( #2439, #1083 ),
 ( #476, #1139 ),
 ( #2011, #1210 ),
 ( #2262, #1836 ),
 ( #1583, #275 ),
 ( #2292, #1367 ),
 ( #515, #1596 ),
 ( #1153, #763 ),
 ( #1609, #1196 ),
 ( #2050, #708 ),
 ( #2066, #2081 ),
 ( #2466, #2704 ),
 ( #1379, #2717 ),
 ( #993, #1393 ),
 ( #939, #92 ),
 ( #2025, #1638 ),
 ( #2479, #301 ),
 ( #745, #504 ),
 ( #2250, #1623 ),
 ( #289, #119 ),
 ( #2495, #528 ),
 ( #1809, #2678 ),
 ( #953, #1166 ),
 ( #2663, #1182 ),
 ( #2277, #721 ),
 ( #2036, #78 ),
 ( #964, #2453 ),
 ( #1823, #1850 ) ),
 .UNSPECIFIED., .F., .F., .F.,
 ( 4, 2, 2, 2, 2, 2, 2, 2, 2, 2, 2, 2, 2, 2, 2, 2, 2, 2, 2, 4 ),
 ( 2, 2 ),
 ( 0.000000000000000000, 0.06250000000000209555, 0.09375000000000292821, 0.1093750000000034972, 0.1250000000000040523, 0.1875000000000037192, 0.2500000000000033862, 0.3125000000000030531, 0.3437500000000025535, 0.3593750000000022760, 0.3750000000000019984, 0.4375000000000013323, 0.4687500000000011657, 0.5000000000000009992, 0.6250000000000003331, 0.7499999999999995559, 0.8749999999999988898, 0.9374999999999987788, 0.9687499999999994449, 1.000000000000000000 ),
 ( 0.000000000000000000, 1.000000000000000000 ),
 .UNSPECIFIED. ) ;
#1232 = CARTESIAN_POINT ( 'NONE',  ( -11.71175772319825370, 30.72391037828577609, 19.47894063659436981 ) ) ;
#1233 = CARTESIAN_POINT ( 'NONE',  ( -14.59395821379421498, 32.73673457118454877, 12.84140511164047815 ) ) ;
#1234 = CARTESIAN_POINT ( 'NONE',  ( -14.71002384640640592, 35.43497812394738133, 10.99748713613872653 ) ) ;
#1235 = CARTESIAN_POINT ( 'NONE',  ( 13.57305763761971917, 34.67061502420927610, 17.36339384444206857 ) ) ;
#1236 = ORIENTED_EDGE ( 'NONE', *, *, #1359, .T. ) ;
#1237 = CARTESIAN_POINT ( 'NONE',  ( 13.32330775233542930, 35.91485855688973317, 16.46080319550674886 ) ) ;
#1238 = CARTESIAN_POINT ( 'NONE',  ( -11.16685838502907302, 43.65184284173898988, 0.4483229676212431292 ) ) ;
#1239 = CARTESIAN_POINT ( 'NONE',  ( -0.0006178785340992650138, 46.10046047395872648, 0.6448741140208762435 ) ) ;
#1240 = FACE_OUTER_BOUND ( 'NONE', #106, .T. ) ;
#1241 = ORIENTED_EDGE ( 'NONE', *, *, #1215, .T. ) ;
#1242 = CARTESIAN_POINT ( 'NONE',  ( -10.69138957930293898, 34.90360145129693592, 16.82515290546169595 ) ) ;
#1243 = CARTESIAN_POINT ( 'NONE',  ( -11.25523167619574849, 31.96702697147960137, 18.20356986450207515 ) ) ;
#1244 = DIRECTION ( 'NONE',  ( 0.000000000000000000, 0.000000000000000000, -1.000000000000000000 ) ) ;
#1245 = ADVANCED_BREP_SHAPE_REPRESENTATION ( '\X2\5b8953535934\X0\', ( #1102, #45 ), #412 ) ;
#1246 = CARTESIAN_POINT ( 'NONE',  ( 13.27697767350610647, 32.92960412608073284, 18.42890295924865995 ) ) ;
#1247 = CARTESIAN_POINT ( 'NONE',  ( -13.46509142744671728, 31.34915551141953571, 17.92626869185195915 ) ) ;
#1248 = CARTESIAN_POINT ( 'NONE',  ( -14.73021298925746692, 33.10135177695116226, 17.68549945989965977 ) ) ;
#1249 = DIRECTION ( 'NONE',  ( -0.000000000000000000, 1.000000000000000000, -0.000000000000000000 ) ) ;
#1250 = ORIENTED_EDGE ( 'NONE', *, *, #587, .T. ) ;
#1251 = CARTESIAN_POINT ( 'NONE',  ( 13.97309795572265223, 34.68999759623833512, 17.00655684328018680 ) ) ;
#1252 = CARTESIAN_POINT ( 'NONE',  ( -9.427633901703108776, 34.56756938802732293, 19.82177132161566746 ) ) ;
#1253 =( BOUNDED_CURVE ( )  B_SPLINE_CURVE ( 3, ( #2626, #1913, #2586, #2599 ),
 .UNSPECIFIED., .F., .T. ) 
 B_SPLINE_CURVE_WITH_KNOTS ( ( 4, 4 ),
 ( 0.03342329360297418422, 1.047513976255330714 ),
 .UNSPECIFIED. ) 
 CURVE ( )  GEOMETRIC_REPRESENTATION_ITEM ( )  RATIONAL_B_SPLINE_CURVE ( ( 1.000000000000000000, 0.9161220621023231647, 0.9161220621023231647, 1.000000000000000000 ) ) 
 REPRESENTATION_ITEM ( '' )  );
#1254 = FACE_OUTER_BOUND ( 'NONE', #2511, .T. ) ;
#1255 = CARTESIAN_POINT ( 'NONE',  ( -3.887254842738310234, 46.10046047395871938, 0.6448741140208757994 ) ) ;
#1256 = AXIS2_PLACEMENT_3D ( 'NONE', #1424, #2097, #378 ) ;
#1257 = ORIENTED_EDGE ( 'NONE', *, *, #1865, .F. ) ;
#1258 = CARTESIAN_POINT ( 'NONE',  ( -18.41786004275267530, 36.80880624462980677, 37.47935844245805015 ) ) ;
#1259 = CARTESIAN_POINT ( 'NONE',  ( -13.28147284256750460, 32.91600135737171939, 18.74324396868950160 ) ) ;
#1260 = CARTESIAN_POINT ( 'NONE',  ( 5.958460498902073965, 44.19198071623969781, 0.6448741140208763545 ) ) ;
#1261 = CARTESIAN_POINT ( 'NONE',  ( 11.40615550060436867, 31.97259773106600633, 20.43340151979854724 ) ) ;
#1262 = DIRECTION ( 'NONE',  ( -0.000000000000000000, 1.000000000000000000, -0.000000000000000000 ) ) ;
#1263 = AXIS2_PLACEMENT_3D ( 'NONE', #96, #2054, #508 ) ;
#1264 = EDGE_CURVE ( 'NONE', #311, #247, #2157, .T. ) ;
#1265 = CARTESIAN_POINT ( 'NONE',  ( -14.87561787853410067, 33.89203077340400938, 17.25756011554168978 ) ) ;
#1266 = ADVANCED_FACE ( 'NONE', ( #1301, #649 ), #1287, .F. ) ;
#1267 = CARTESIAN_POINT ( 'NONE',  ( -8.126525899579036150, 34.17874404535884025, 19.31142060879936651 ) ) ;
#1268 = ORIENTED_EDGE ( 'NONE', *, *, #1512, .T. ) ;
#1269 = CARTESIAN_POINT ( 'NONE',  ( 14.00684429043726986, 34.38571286578598318, 17.22631738370438015 ) ) ;
#1270 = CARTESIAN_POINT ( 'NONE',  ( -13.28697175029462052, 35.27711395882929679, 17.08703097170882046 ) ) ;
#1271 = CARTESIAN_POINT ( 'NONE',  ( 14.87822242301935205, 33.98233490501467458, 12.22723331745068087 ) ) ;
#1272 = CARTESIAN_POINT ( 'NONE',  ( 3.886019085670110229, 46.10046047395871938, 0.6448741140208762435 ) ) ;
#1273 = CARTESIAN_POINT ( 'NONE',  ( -10.01077077349379252, 35.62046626702185392, 16.48281224504406239 ) ) ;
#1274 = CARTESIAN_POINT ( 'NONE',  ( 22.17609211980952821, 30.84410575147589029, 0.6448741140208815725 ) ) ;
#1275 = CARTESIAN_POINT ( 'NONE',  ( -8.748521517750397436, 36.09108815235921242, 12.83930584229677940 ) ) ;
#1276 = CARTESIAN_POINT ( 'NONE',  ( -18.41786004275268951, 36.80880624462980677, 0.6448741140208825717 ) ) ;
#1277 = CARTESIAN_POINT ( 'NONE',  ( 13.54642335658081898, 33.46936694837366133, 18.28750700787944083 ) ) ;
#1278 = CARTESIAN_POINT ( 'NONE',  ( -12.78627500912925896, 37.23164016405466015, 13.27816510643808989 ) ) ;
#1279 = EDGE_CURVE ( 'NONE', #1666, #2166, #1081, .T. ) ;
#1280 = CARTESIAN_POINT ( 'NONE',  ( -8.516203104786274736, 32.52403755409622477, 20.30534978043638006 ) ) ;
#1281 = DIRECTION ( 'NONE',  ( 0.5000000000000009992, 0.8660254037844380415, -0.000000000000000000 ) ) ;
#1282 = CARTESIAN_POINT ( 'NONE',  ( -13.89374333126126793, 34.99613741331330630, 16.81461996582040541 ) ) ;
#1283 = CARTESIAN_POINT ( 'NONE',  ( 14.01665519792499559, 34.23476344344479116, 17.33944388617993226 ) ) ;
#1284 = CARTESIAN_POINT ( 'NONE',  ( -0.0006178785341007960157, 46.10046047395872648, 0.6448741140208762435 ) ) ;
#1285 = ORIENTED_EDGE ( 'NONE', *, *, #84, .F. ) ;
#1286 = CARTESIAN_POINT ( 'NONE',  ( -18.41786004275268951, 36.80880624462980677, 0.6448741140208825717 ) ) ;
#1287 = PLANE ( 'NONE',  #554 ) ;
#1288 = CARTESIAN_POINT ( 'NONE',  ( -10.44990634943081531, 32.25239584458156372, 20.98288411234709727 ) ) ;
#1289 = CARTESIAN_POINT ( 'NONE',  ( 10.37761353503116979, 32.28730897139247702, 21.00116221302533148 ) ) ;
#1290 = AXIS2_PLACEMENT_3D ( 'NONE', #2103, #129, #2726 ) ;
#1291 = CARTESIAN_POINT ( 'NONE',  ( -8.131751885601511631, 34.40398871937140513, 19.14981566664275192 ) ) ;
#1292 = CARTESIAN_POINT ( 'NONE',  ( 9.374382121465897555, 33.96039965852026654, 20.39330504566718361 ) ) ;
#1293 = CARTESIAN_POINT ( 'NONE',  ( -9.076428123274672188, 31.73687867381939753, 20.41906328700278905 ) ) ;
#1294 = CARTESIAN_POINT ( 'NONE',  ( -10.70073253282396486, 32.12662032991915595, 20.77956184208176893 ) ) ;
#1295 = CARTESIAN_POINT ( 'NONE',  ( -13.32298890460018370, 35.19501282567218681, 16.42940670461559804 ) ) ;
#1296 = CARTESIAN_POINT ( 'NONE',  ( 14.30467090229441673, 32.21442641151535469, 14.18499030668778360 ) ) ;
#1297 = CARTESIAN_POINT ( 'NONE',  ( 9.466864528316671468, 33.46408985010112502, 18.35032597686722866 ) ) ;
#1298 = ORIENTED_EDGE ( 'NONE', *, *, #1733, .F. ) ;
#1299 = VERTEX_POINT ( 'NONE', #449 ) ;
#1300 = CARTESIAN_POINT ( 'NONE',  ( 18.41662428568449528, 36.80880624462980677, 37.47935844245804304 ) ) ;
#1301 = FACE_OUTER_BOUND ( 'NONE', #571, .T. ) ;
#1302 = CARTESIAN_POINT ( 'NONE',  ( -10.84325554963739613, 32.07248323913438526, 20.87255166475588197 ) ) ;
#1303 = CARTESIAN_POINT ( 'NONE',  ( 14.73979972673500782, 35.05200506630980328, 10.86967645058589937 ) ) ;
#1304 = CARTESIAN_POINT ( 'NONE',  ( -0.0006178785341001912478, 24.10046047395869451, -4.292625885979124867 ) ) ;
#1305 = CARTESIAN_POINT ( 'NONE',  ( 17.42785236073821409, 37.85887784384377142, -34.21206636452373573 ) ) ;
#1306 = CARTESIAN_POINT ( 'NONE',  ( 10.63149015478402504, 32.15952035806137133, 18.43700070039635719 ) ) ;
#1307 = CARTESIAN_POINT ( 'NONE',  ( -12.81326713092590275, 36.30976856697852639, 16.50033573217852023 ) ) ;
#1308 = CARTESIAN_POINT ( 'NONE',  ( 14.86515873776155239, 33.78556523856210703, 12.41938888304373023 ) ) ;
#1309 = CARTESIAN_POINT ( 'NONE',  ( 11.11981465750986509, 33.46408985010111081, 17.57581836507190687 ) ) ;
#1310 = ORIENTED_EDGE ( 'NONE', *, *, #1900, .F. ) ;
#1311 = CARTESIAN_POINT ( 'NONE',  ( 23.62622739834998598, 25.47990177096501796, 0.6448741140208820166 ) ) ;
#1312 = CARTESIAN_POINT ( 'NONE',  ( -8.535744775187044553, 35.76135405948793533, 13.06809395949786889 ) ) ;
#1313 = CARTESIAN_POINT ( 'NONE',  ( -9.457808450787005938, 33.16475033218343071, 20.95742565717684869 ) ) ;
#1314 = CARTESIAN_POINT ( 'NONE',  ( 9.648995964642455903, 33.04224317306194791, 20.93870567262919025 ) ) ;
#1315 = ADVANCED_FACE ( 'NONE', ( #435 ), #1944, .F. ) ;
#1316 = CARTESIAN_POINT ( 'NONE',  ( -8.316235422474406391, 35.23663328502617986, 18.42584850220719161 ) ) ;
#1317 = TOROIDAL_SURFACE ( 'NONE', #2041, 24.23652158959298575, 0.7500000000000000000 ) ;
#1318 = CARTESIAN_POINT ( 'NONE',  ( 9.388053294244388169, 33.81826204577021855, 18.08982095681716729 ) ) ;
#1319 = CARTESIAN_POINT ( 'NONE',  ( 13.83699513047549701, 36.53851612571834551, 13.06289330626566603 ) ) ;
#1320 = AXIS2_PLACEMENT_3D ( 'NONE', #439, #11, #169 ) ;
#1321 = CARTESIAN_POINT ( 'NONE',  ( 11.93834659246070196, 32.02018216923661953, 17.77266106784922073 ) ) ;
#1322 = CARTESIAN_POINT ( 'NONE',  ( -9.427633901703115882, 34.56756938802733004, 19.82177132161567101 ) ) ;
#1323 = CARTESIAN_POINT ( 'NONE',  ( 13.37690285058885031, 32.57878769608618086, 18.99610881315753375 ) ) ;
#1324 = CARTESIAN_POINT ( 'NONE',  ( 10.69022585777006285, 34.90356472528326748, 16.82518964702839881 ) ) ;
#1325 = VERTEX_POINT ( 'NONE', #1151 ) ;
#1326 = CARTESIAN_POINT ( 'NONE',  ( 24.50890969571761957, 36.88130926755183481, -48.37418103448316486 ) ) ;
#1327 = CARTESIAN_POINT ( 'NONE',  ( -3.007490691206607281, 44.71776433906408244, 0.6448741140208759104 ) ) ;
#1328 = CARTESIAN_POINT ( 'NONE',  ( -9.655876608496159363, 33.00019445444992527, 20.85082376454198538 ) ) ;
#1329 = CARTESIAN_POINT ( 'NONE',  ( -9.589482422292471497, 33.15817929056321844, 20.75735175565862889 ) ) ;
#1330 = CARTESIAN_POINT ( 'NONE',  ( 9.969153039424371698, 32.62375099182293070, 21.02112682886852113 ) ) ;
#1331 = CARTESIAN_POINT ( 'NONE',  ( 11.70435567977359881, 36.23653300608687999, 14.90578502789771953 ) ) ;
#1332 = CARTESIAN_POINT ( 'NONE',  ( -5.959696255970276191, 44.19198071623969781, 0.6448741140208753553 ) ) ;
#1333 = CARTESIAN_POINT ( 'NONE',  ( 14.11865943625313591, 36.23189383638285932, 13.13513242673821502 ) ) ;
#1334 = CARTESIAN_POINT ( 'NONE',  ( 13.54369622358176173, 33.51695536038362633, 15.75206710683349165 ) ) ;
#1335 = CARTESIAN_POINT ( 'NONE',  ( -10.73927815305247435, 36.47013403839687840, 17.82760680699124478 ) ) ;
#1336 = CARTESIAN_POINT ( 'NONE',  ( 12.70620029999217060, 32.07282488167531653, 19.75893980029112384 ) ) ;
#1337 = CARTESIAN_POINT ( 'NONE',  ( -13.33989026398861810, 35.20731208081546981, 14.59617529999833430 ) ) ;
#1338 = CARTESIAN_POINT ( 'NONE',  ( -11.75994095615436486, 36.21460729382266663, 14.88550385845088897 ) ) ;
#1339 = CARTESIAN_POINT ( 'NONE',  ( -14.47617910652355633, 35.69360096966887852, 10.66972248258527323 ) ) ;
#1340 = CARTESIAN_POINT ( 'NONE',  ( -11.16116781494475063, 31.99567941081214073, 20.73962888160381013 ) ) ;
#1341 = CARTESIAN_POINT ( 'NONE',  ( 14.62064439928420434, 35.38578612983446448, 16.23112184240744327 ) ) ;
#1342 = CARTESIAN_POINT ( 'NONE',  ( -11.00498287810103015, 36.55659746198575277, 17.57819445600436481 ) ) ;
#1343 = CARTESIAN_POINT ( 'NONE',  ( 10.95318048154365265, 30.76096691520967141, 20.13041982208367742 ) ) ;
#1344 = CARTESIAN_POINT ( 'NONE',  ( 20.91948357001903602, 33.35561037482337099, 0.6448741140208761324 ) ) ;
#1345 = CARTESIAN_POINT ( 'NONE',  ( 13.16945670726850182, 37.03551749466381438, 13.13846133926410253 ) ) ;
#1346 = CARTESIAN_POINT ( 'NONE',  ( 13.60778828813600150, 33.82715599770065040, 15.48011554999852279 ) ) ;
#1347 = CARTESIAN_POINT ( 'NONE',  ( -10.72607453138826550, 36.08355694610845887, 17.66020751172984049 ) ) ;
#1348 = CARTESIAN_POINT ( 'NONE',  ( -0.0006178785341007960157, 24.10046047395869451, 0.6448741140208762435 ) ) ;
#1349 = VERTEX_POINT ( 'NONE', #937 ) ;
#1350 = CARTESIAN_POINT ( 'NONE',  ( -24.51014545278581380, 36.88130926755182770, 0.6448741140211778911 ) ) ;
#1351 = CARTESIAN_POINT ( 'NONE',  ( -10.25409215996325329, 37.24355209817016998, 11.70462142019231067 ) ) ;
#1352 = CARTESIAN_POINT ( 'NONE',  ( -13.56094911493214461, 33.46801199296501750, 18.28136902393378094 ) ) ;
#1353 = CARTESIAN_POINT ( 'NONE',  ( 9.380615498015403730, 33.88386301330667294, 20.36505712239570798 ) ) ;
#1354 = CARTESIAN_POINT ( 'NONE',  ( 13.10550928806515358, 35.53113176420373520, 16.80749567133160127 ) ) ;
#1355 = DIRECTION ( 'NONE',  ( 0.000000000000000000, 0.6335120935957458954, 0.7737327880269355695 ) ) ;
#1356 = CARTESIAN_POINT ( 'NONE',  ( -0.0006178785341007960157, 23.62740737466491936, 0.6448741140208762435 ) ) ;
#1357 = CARTESIAN_POINT ( 'NONE',  ( 13.51876322209068526, 36.80820883490920181, 10.56351618920593616 ) ) ;
#1358 =( BOUNDED_SURFACE ( )  B_SPLINE_SURFACE ( 3, 2, ( 
 ( #1940, #1898, #2127 ),
 ( #2372, #2806, #2100 ),
 ( #800, #2766, #856 ),
 ( #2153, #813, #1475 ),
 ( #367, #1277, #1230 ),
 ( #381, #1730, #141 ),
 ( #1246, #1690, #154 ),
 ( #353, #2559, #1705 ),
 ( #1041, #598, #2598 ),
 ( #1445, #2343, #1912 ),
 ( #408, #2314, #1012 ),
 ( #1883, #827, #1675 ),
 ( #2544, #1028, #1462 ),
 ( #1261, #182, #2781 ),
 ( #2572, #611, #1490 ),
 ( #1071, #398, #2139 ),
 ( #1055, #1924, #2794 ),
 ( #840, #1718, #624 ),
 ( #1503, #1289, #195 ),
 ( #2211, #1956, #451 ),
 ( #464, #51, #2184 ),
 ( #1798, #1330, #2197 ),
 ( #22, #867, #2819 ),
 ( #1968, #2415, #237 ),
 ( #2637, #1314, #1983 ),
 ( #1557, #666, #2426 ),
 ( #1112, #1743, #2612 ),
 ( #1530, #651, #224 ),
 ( #1353, #910, #2225 ),
 ( #1097, #1543, #2399 ) ),
 .UNSPECIFIED., .F., .F., .F. ) 
 B_SPLINE_SURFACE_WITH_KNOTS ( ( 4, 2, 2, 2, 2, 2, 2, 2, 2, 2, 2, 2, 2, 2, 4 ),
 ( 3, 3 ),
 ( 0.008926757826823962169, 0.01004260255517734277, 0.01060052491935403393, 0.01115844728353072510, 0.01227429201188410569, 0.01339013674023748629, 0.01394805910441417746, 0.01450598146859086862, 0.01506390383276755979, 0.01562182619694424922, 0.01590078737903259307, 0.01617974856112093865, 0.01673767092529762981, 0.01729559328947432098, 0.01785351565365101215 ),
 ( 0.000000000000000000, 1.000000000000000000 ),
 .UNSPECIFIED. ) 
 GEOMETRIC_REPRESENTATION_ITEM ( )  RATIONAL_B_SPLINE_SURFACE ( (
 ( 1.000000000000000000, 0.4569227387363359871, 1.000000000000000000),
 ( 1.000000000000000000, 0.4901586445727021957, 1.000000000000000000),
 ( 1.000000000000000000, 0.5241703465644647064, 1.000000000000000000),
 ( 1.000000000000000000, 0.5721097715364277247, 1.000000000000000000),
 ( 1.000000000000000000, 0.5875231151372025673, 1.000000000000000000),
 ( 1.000000000000000000, 0.6188839733731302806, 1.000000000000000000),
 ( 1.000000000000000000, 0.6344653254199194015, 1.000000000000000000),
 ( 1.000000000000000000, 0.6782005561713234654, 1.000000000000000000),
 ( 1.000000000000000000, 0.7066244410579349822, 1.000000000000000000),
 ( 1.000000000000000000, 0.7590664936655522332, 1.000000000000000000),
 ( 1.000000000000000000, 0.7837192457376754851, 1.000000000000000000),
 ( 1.000000000000000000, 0.8167031077366890823, 1.000000000000000000),
 ( 1.000000000000000000, 0.8269840076423357056, 1.000000000000000000),
 ( 1.000000000000000000, 0.8459821514239594942, 1.000000000000000000),
 ( 1.000000000000000000, 0.8547920082032472999, 1.000000000000000000),
 ( 1.000000000000000000, 0.8697863350703244345, 1.000000000000000000),
 ( 1.000000000000000000, 0.8761965607173010095, 1.000000000000000000),
 ( 1.000000000000000000, 0.8858495016666947386, 1.000000000000000000),
 ( 1.000000000000000000, 0.8890781171677825112, 1.000000000000000000),
 ( 1.000000000000000000, 0.8913919013724479479, 1.000000000000000000),
 ( 1.000000000000000000, 0.8917157998492549753, 1.000000000000000000),
 ( 1.000000000000000000, 0.8913937606152685378, 1.000000000000000000),
 ( 1.000000000000000000, 0.8907773052586370754, 1.000000000000000000),
 ( 1.000000000000000000, 0.8876665157440490894, 1.000000000000000000),
 ( 1.000000000000000000, 0.8838997117092455280, 1.000000000000000000),
 ( 1.000000000000000000, 0.8729078377577139669, 1.000000000000000000),
 ( 1.000000000000000000, 0.8659693036122445564, 1.000000000000000000),
 ( 1.000000000000000000, 0.8498766810298007401, 1.000000000000000000),
 ( 1.000000000000000000, 0.8407152851694038587, 1.000000000000000000),
 ( 1.000000000000000000, 0.8305613968135853176, 1.000000000000000000) ) ) 
 REPRESENTATION_ITEM ( '' )  SURFACE ( )  );
#1359 = EDGE_CURVE ( 'NONE', #1206, #2480, #409, .T. ) ;
#1360 = CARTESIAN_POINT ( 'NONE',  ( 11.37628269288982175, 31.97863735678873454, 18.12558603659020662 ) ) ;
#1361 = CARTESIAN_POINT ( 'NONE',  ( -11.78701144244010024, 36.23178741983364404, 17.35900961079234150 ) ) ;
#1362 = CARTESIAN_POINT ( 'NONE',  ( 10.25055573242364559, 36.21196095681825255, 18.35173029108057463 ) ) ;
#1363 = ORIENTED_EDGE ( 'NONE', *, *, #2449, .F. ) ;
#1364 = CARTESIAN_POINT ( 'NONE',  ( -13.60864854460113627, 34.37209078055069256, 15.06645285227400599 ) ) ;
#1365 = CARTESIAN_POINT ( 'NONE',  ( -13.29083208837747421, 36.97175031387336475, 10.54340474677690054 ) ) ;
#1366 = CARTESIAN_POINT ( 'NONE',  ( 13.19184614937744371, 31.17398104362806066, 18.23275856419912699 ) ) ;
#1367 = CARTESIAN_POINT ( 'NONE',  ( 12.58079097817194203, 37.29765435603327006, 10.68734969118662725 ) ) ;
#1368 = CARTESIAN_POINT ( 'NONE',  ( -9.339390475152052673, 35.04544832943683019, 19.77587202410164835 ) ) ;
#1369 = CARTESIAN_POINT ( 'NONE',  ( 8.124382121465897555, 33.98975971905343130, 19.84939718288888244 ) ) ;
#1370 = CARTESIAN_POINT ( 'NONE',  ( 11.30638715628019497, 31.96175997110199773, 20.56505373246568169 ) ) ;
#1371 = CARTESIAN_POINT ( 'NONE',  ( 14.84531223725942439, 34.59557230720368892, 14.17058004672386673 ) ) ;
#1372 = CARTESIAN_POINT ( 'NONE',  ( 9.375670807314882893, 34.02614092347483421, 20.26283037893207606 ) ) ;
#1373 = CARTESIAN_POINT ( 'NONE',  ( -9.935812289281400922, 35.96617161279142749, 18.74312774296051387 ) ) ;
#1374 = CARTESIAN_POINT ( 'NONE',  ( 10.83004491315891293, 36.13405418462464525, 17.53572220689339645 ) ) ;
#1375 = ORIENTED_EDGE ( 'NONE', *, *, #2327, .T. ) ;
#1376 = CARTESIAN_POINT ( 'NONE',  ( -13.39415657525539949, 35.06754324438886528, 14.66907661611460334 ) ) ;
#1377 = CARTESIAN_POINT ( 'NONE',  ( -11.79763770370733056, 37.46441964165405381, 16.39541401610729565 ) ) ;
#1378 = CARTESIAN_POINT ( 'NONE',  ( 11.90959628644574231, 43.28073219826191576, -0.1050490325556974747 ) ) ;
#1379 = CARTESIAN_POINT ( 'NONE',  ( 11.38803179979292324, 37.47540532200600438, 16.58776738496838021 ) ) ;
#1380 = CARTESIAN_POINT ( 'NONE',  ( 10.64727751254676846, 36.11632489607612229, 18.02103590208828621 ) ) ;
#1381 = CARTESIAN_POINT ( 'NONE',  ( 8.312040206615218807, 32.96227355052685226, 20.20121878734208920 ) ) ;
#1382 = CARTESIAN_POINT ( 'NONE',  ( 9.493631505098868217, 33.38135925950194860, 18.31086648722142129 ) ) ;
#1383 = CARTESIAN_POINT ( 'NONE',  ( 13.58850110207603379, 34.49205491335477802, 14.98652941903588065 ) ) ;
#1384 = CLOSED_SHELL ( 'NONE', ( #627, #71, #1486, #2695, #669, #1695, #1315, #2267, #2411, #1187, #1721, #1521, #1941, #1571, #940, #1440, #1013, #1266, #161, #1645, #2821, #852, #83, #2458, #836, #2493, #2524, #591, #1691, #2785, #2444, #455, #283, #332, #1562, #761, #1147, #2233, #1979 ) ) ;
#1385 = CARTESIAN_POINT ( 'NONE',  ( -12.57131551224986943, 30.89321134464194074, 16.33027738853712307 ) ) ;
#1386 = CARTESIAN_POINT ( 'NONE',  ( -23.71223864768135314, 24.10046047395869451, 0.6448741140208732459 ) ) ;
#1387 = CARTESIAN_POINT ( 'NONE',  ( 9.586635402741482181, 35.54310628714832632, 19.27187456178765501 ) ) ;
#1388 = EDGE_LOOP ( 'NONE', ( #1285, #2367, #949, #981, #2235 ) ) ;
#1389 = CARTESIAN_POINT ( 'NONE',  ( -12.70127656039059438, 32.06811072291874609, 19.76552221573347623 ) ) ;
#1390 = CARTESIAN_POINT ( 'NONE',  ( -14.76981914142821317, 34.96944681121212994, 10.90142428707576627 ) ) ;
#1391 = EDGE_CURVE ( 'NONE', #284, #1092, #1864, .T. ) ;
#1392 = CARTESIAN_POINT ( 'NONE',  ( 11.14808389609974348, 43.66057838605776453, 0.4465150107157486170 ) ) ;
#1393 = CARTESIAN_POINT ( 'NONE',  ( 11.17432401822908616, 37.46150333647168651, 11.21049089408907307 ) ) ;
#1394 = EDGE_CURVE ( 'NONE', #2480, #2068, #922, .T. ) ;
#1395 = ORIENTED_EDGE ( 'NONE', *, *, #1434, .F. ) ;
#1396 = ORIENTED_EDGE ( 'NONE', *, *, #1049, .T. ) ;
#1397 = CARTESIAN_POINT ( 'NONE',  ( 8.169366493205368229, 33.53869617606696352, 14.91610830404070676 ) ) ;
#1398 = CARTESIAN_POINT ( 'NONE',  ( -11.14931965316792528, 43.66057838605776453, 0.8432332173259501351 ) ) ;
#1399 = CARTESIAN_POINT ( 'NONE',  ( 8.290233866827970033, 35.17011099995776391, 18.49118154739471009 ) ) ;
#1400 = CARTESIAN_POINT ( 'NONE',  ( -14.85880128019662827, 33.71063694181991366, 12.49378371438369228 ) ) ;
#1401 = CARTESIAN_POINT ( 'NONE',  ( -12.76106731463010568, 35.43497812394737423, 13.22800576999938826 ) ) ;
#1402 = CARTESIAN_POINT ( 'NONE',  ( 11.61147362917892245, 36.22703998716567497, 16.84434614359708249 ) ) ;
#1403 = ORIENTED_EDGE ( 'NONE', *, *, #1434, .T. ) ;
#1404 = CARTESIAN_POINT ( 'NONE',  ( -13.59082253390670125, 33.71549750676453527, 17.54341595530173237 ) ) ;
#1405 = CARTESIAN_POINT ( 'NONE',  ( -11.48988404822574694, 36.22921055186888140, 16.93961178347058194 ) ) ;
#1406 = CARTESIAN_POINT ( 'NONE',  ( -24.51014545278581380, 36.88130926755182770, 0.6448741140207427947 ) ) ;
#1407 = DIRECTION ( 'NONE',  ( 0.000000000000000000, 0.000000000000000000, 1.000000000000000000 ) ) ;
#1408 = ORIENTED_EDGE ( 'NONE', *, *, #1391, .F. ) ;
#1409 = DIRECTION ( 'NONE',  ( 1.000000000000000000, 0.000000000000000000, 1.224646799147353207E-16 ) ) ;
#1410 = CARTESIAN_POINT ( 'NONE',  ( -12.34636761457734444, 32.13507587377438313, 19.84735525341207563 ) ) ;
#1411 = CARTESIAN_POINT ( 'NONE',  ( -11.64649911215810008, 43.41270488422095042, 1.375598836577516693 ) ) ;
#1412 = CARTESIAN_POINT ( 'NONE',  ( 8.147289365499576164, 34.55240531602937892, 19.03335842058521621 ) ) ;
#1413 = CARTESIAN_POINT ( 'NONE',  ( -14.74473237292799155, 33.15096152200531066, 15.58042960838066548 ) ) ;
#1414 = CARTESIAN_POINT ( 'NONE',  ( 12.75003323157162072, 35.44404008853444310, 13.22753046958647438 ) ) ;
#1415 = CARTESIAN_POINT ( 'NONE',  ( -23.71223864768134959, 24.10046047395869451, -46.77836742427361827 ) ) ;
#1416 = CARTESIAN_POINT ( 'NONE',  ( 12.04071923725743432, 36.16053435877290667, 16.56267255606729449 ) ) ;
#1417 = ORIENTED_EDGE ( 'NONE', *, *, #886, .T. ) ;
#1418 = CARTESIAN_POINT ( 'NONE',  ( -9.883058690155088755, 32.55774146973286065, 21.10031690011888372 ) ) ;
#1419 = CARTESIAN_POINT ( 'NONE',  ( -11.47077667162721326, 43.50037503470731082, -0.02409953912623879341 ) ) ;
#1420 = PRODUCT_DEFINITION_CONTEXT ( 'detailed design', #2767, 'design' ) ;
#1421 = CARTESIAN_POINT ( 'NONE',  ( 9.201203792057432551, 31.62514699584204791, 17.88453617906716531 ) ) ;
#1422 = LINE ( 'NONE', #331, #1910 ) ;
#1423 = ORIENTED_EDGE ( 'NONE', *, *, #2823, .F. ) ;
#1424 = CARTESIAN_POINT ( 'NONE',  ( -13.83668479304427734, 33.67020126484793963, 17.54341595530173237 ) ) ;
#1425 = CARTESIAN_POINT ( 'NONE',  ( 9.545496562553694275, 33.00079806949129591, 21.01123966208114169 ) ) ;
#1426 = CARTESIAN_POINT ( 'NONE',  ( 22.67566018902704528, 29.53418792722290220, 0.6448741140208764655 ) ) ;
#1427 = CARTESIAN_POINT ( 'NONE',  ( 13.58217792341733166, 34.52458764563061777, 14.96558322170988120 ) ) ;
#1428 = CARTESIAN_POINT ( 'NONE',  ( -10.26337042989975323, 30.95009645391266062, 20.19833904705309990 ) ) ;
#1429 = AXIS2_PLACEMENT_3D ( 'NONE', #1591, #2031, #948 ) ;
#1430 = EDGE_CURVE ( 'NONE', #2068, #1680, #1058, .T. ) ;
#1431 = CARTESIAN_POINT ( 'NONE',  ( -9.240148439874699804, 31.59050850726861270, 17.88481763903011768 ) ) ;
#1432 = CARTESIAN_POINT ( 'NONE',  ( -23.62746315541818021, 25.47990177096501441, -46.60881643974727950 ) ) ;
#1433 = CARTESIAN_POINT ( 'NONE',  ( 13.32216305886671925, 35.20296941615277575, 16.42169704953257181 ) ) ;
#1434 = EDGE_CURVE ( 'NONE', #173, #1177, #1062, .T. ) ;
#1435 = ORIENTED_EDGE ( 'NONE', *, *, #2402, .T. ) ;
#1436 = CARTESIAN_POINT ( 'NONE',  ( -13.97406211285860955, 33.79460328345997766, 17.71120036985171353 ) ) ;
#1437 = CARTESIAN_POINT ( 'NONE',  ( -0.0006178785341007960157, 22.85046047395869451, 0.6448741140208762435 ) ) ;
#1438 = DIRECTION ( 'NONE',  ( -0.000000000000000000, 1.000000000000000000, -0.000000000000000000 ) ) ;
#1439 = CARTESIAN_POINT ( 'NONE',  ( -10.08433907144361008, 37.16978738948393612, 13.09338170772322663 ) ) ;
#1440 = ADVANCED_FACE ( 'NONE', ( #2064 ), #373, .T. ) ;
#1441 = EDGE_LOOP ( 'NONE', ( #1499, #2521, #499, #484 ) ) ;
#1442 = FACE_OUTER_BOUND ( 'NONE', #2777, .T. ) ;
#1443 = CARTESIAN_POINT ( 'NONE',  ( 9.384667339768091310, 33.32419300489096514, 20.89634363263445493 ) ) ;
#1444 = CARTESIAN_POINT ( 'NONE',  ( -0.0006178785340993363543, 44.85046047395872648, 0.6448741140208762435 ) ) ;
#1445 = CARTESIAN_POINT ( 'NONE',  ( 12.46651093606987182, 32.19182488634985617, 19.57036913433160308 ) ) ;
#1446 = CARTESIAN_POINT ( 'NONE',  ( 9.522800271400992500, 33.30335949040773613, 20.69513857062289119 ) ) ;
#1447 = EDGE_CURVE ( 'NONE', #1349, #371, #915, .T. ) ;
#1448 = CARTESIAN_POINT ( 'NONE',  ( -14.85658815267387567, 33.68675842202593174, 17.36189703128501094 ) ) ;
#1449 = CARTESIAN_POINT ( 'NONE',  ( -11.50123825080815898, 31.93213562383335358, 16.81450703493676713 ) ) ;
#1450 = CARTESIAN_POINT ( 'NONE',  ( -0.0006178785341007960157, 15.85046047395869628, 6.832374114020877798 ) ) ;
#1451 = MECHANICAL_DESIGN_GEOMETRIC_PRESENTATION_REPRESENTATION (  '', ( #2677 ), #1173 ) ;
#1452 = VERTEX_POINT ( 'NONE', #1668 ) ;
#1453 = CARTESIAN_POINT ( 'NONE',  ( -10.65191245651623397, 32.02361196129973564, 20.99914446083432296 ) ) ;
#1454 = DIRECTION ( 'NONE',  ( 0.000000000000000000, -1.000000000000000000, 0.000000000000000000 ) ) ;
#1455 =( BOUNDED_CURVE ( )  B_SPLINE_CURVE ( 3, ( #150, #1655, #1255, #2309 ),
 .UNSPECIFIED., .F., .T. ) 
 B_SPLINE_CURVE_WITH_KNOTS ( ( 4, 4 ),
 ( 1.108563117555017685, 1.570796326794896558 ),
 .UNSPECIFIED. ) 
 CURVE ( )  GEOMETRIC_REPRESENTATION_ITEM ( )  RATIONAL_B_SPLINE_CURVE ( ( 1.000000000000000000, 0.9822741515438814242, 0.9822741515438814242, 1.000000000000000000 ) ) 
 REPRESENTATION_ITEM ( '' )  );
#1456 = FACE_BOUND ( 'NONE', #2496, .T. ) ;
#1457 = CARTESIAN_POINT ( 'NONE',  ( -10.81551200373685262, 37.41136595210521421, 12.28856850803142642 ) ) ;
#1458 = ORIENTED_EDGE ( 'NONE', *, *, #582, .T. ) ;
#1459 = CARTESIAN_POINT ( 'NONE',  ( -14.52007479517055799, 31.94857974754285834, 15.99087562227711423 ) ) ;
#1460 = CARTESIAN_POINT ( 'NONE',  ( -12.77910056055531562, 32.38479405112740750, 17.03184968300069357 ) ) ;
#1461 = CARTESIAN_POINT ( 'NONE',  ( 23.71100289061315181, 24.10046047395869451, 0.6448741140208762435 ) ) ;
#1462 = CARTESIAN_POINT ( 'NONE',  ( 11.83235591929938479, 31.83252713694646729, 20.43721303725051186 ) ) ;
#1463 = B_SPLINE_SURFACE_WITH_KNOTS ( 'NONE', 3, 1, ( 
 ( #1738, #1750 ),
 ( #1106, #218 ),
 ( #1091, #633 ),
 ( #1078, #2814 ),
 ( #1963, #2620 ),
 ( #1538, #905 ),
 ( #232, #2381 ),
 ( #849, #1725 ),
 ( #1976, #17 ),
 ( #2434, #32 ),
 ( #891, #1764 ),
 ( #2632, #677 ),
 ( #1552, #205 ),
 ( #2422, #1949 ),
 ( #459, #1337 ),
 ( #2206, #1778 ),
 ( #1121, #1994 ),
 ( #690, #1565 ) ),
 .UNSPECIFIED., .F., .F., .F.,
 ( 4, 2, 2, 2, 2, 2, 2, 2, 4 ),
 ( 2, 2 ),
 ( 0.4999999999197226597, 0.5625000000000000000, 0.6250000000000000000, 0.6875000000000000000, 0.7500000000000000000, 0.8125000000000000000, 0.8750000000000000000, 0.9375000000000000000, 1.000000000000000000 ),
 ( 0.000000000000000000, 1.000000000000000000 ),
 .UNSPECIFIED. ) ;
#1464 = CARTESIAN_POINT ( 'NONE',  ( 10.10327645299128463, 32.49611522077091053, 20.89853965998411667 ) ) ;
#1465 = CARTESIAN_POINT ( 'NONE',  ( -10.39018582155896908, 30.90332312060126796, 15.21037522259638131 ) ) ;
#1466 = CARTESIAN_POINT ( 'NONE',  ( -0.0006178785341007960157, 46.10046047395872648, 0.6448741140208762435 ) ) ;
#1467 = VERTEX_POINT ( 'NONE', #360 ) ;
#1468 = CARTESIAN_POINT ( 'NONE',  ( 13.82998093824401131, 35.16316358594467317, 16.72190380059191028 ) ) ;
#1469 = CARTESIAN_POINT ( 'NONE',  ( -9.427633901703108776, 34.56756938802732293, 19.82177132161566746 ) ) ;
#1470 = CARTESIAN_POINT ( 'NONE',  ( 15.95081650307103516, 50.47915527649975331, 0.6448741140208762435 ) ) ;
#1471 = CARTESIAN_POINT ( 'NONE',  ( -12.54978307630597101, 37.31722776789760587, 10.90071108861428684 ) ) ;
#1472 = ORIENTED_EDGE ( 'NONE', *, *, #2074, .F. ) ;
#1473 = DIRECTION ( 'NONE',  ( 0.000000000000000000, -1.000000000000000000, 0.000000000000000000 ) ) ;
#1474 = CARTESIAN_POINT ( 'NONE',  ( -15.95205226013923827, 50.47915527649975331, 0.6448741140208762435 ) ) ;
#1475 = CARTESIAN_POINT ( 'NONE',  ( 13.86719911140725436, 33.39550376017741229, 18.08489349934035673 ) ) ;
#1476 = CARTESIAN_POINT ( 'NONE',  ( -14.87561787853428186, 34.10046047396805591, 14.61859562261938095 ) ) ;
#1477 = EDGE_CURVE ( 'NONE', #333, #1666, #1707, .T. ) ;
#1478 = CARTESIAN_POINT ( 'NONE',  ( -10.93223205772184592, 30.77316794098021546, 15.06906800602810037 ) ) ;
#1479 = DIRECTION ( 'NONE',  ( 1.000000000000000000, 0.000000000000000000, -1.224646799147353207E-16 ) ) ;
#1480 = EDGE_LOOP ( 'NONE', ( #46, #121 ) ) ;
#1481 = CARTESIAN_POINT ( 'NONE',  ( 10.85823673890041263, 36.52755281628609652, 17.70197653173456231 ) ) ;
#1482 = CARTESIAN_POINT ( 'NONE',  ( -14.02553763474913495, 34.07497843660846115, 17.46117235404218704 ) ) ;
#1483 = CARTESIAN_POINT ( 'NONE',  ( 14.80801911512304159, 33.40727153012134920, 12.80550162154439953 ) ) ;
#1484 = CARTESIAN_POINT ( 'NONE',  ( -13.26385379726111324, 36.98061730001044367, 10.61238648400079931 ) ) ;
#1485 = ORIENTED_EDGE ( 'NONE', *, *, #377, .F. ) ;
#1486 = ADVANCED_FACE ( 'NONE', ( #1033 ), #771, .T. ) ;
#1487 = CARTESIAN_POINT ( 'NONE',  ( 22.17609211980951756, 30.84410575147589029, 44.99829411070813023 ) ) ;
#1488 = CARTESIAN_POINT ( 'NONE',  ( 11.16562262796085747, 43.65184284173901830, 0.8414252604204609520 ) ) ;
#1489 = DIRECTION ( 'NONE',  ( 0.000000000000000000, 0.000000000000000000, -1.000000000000000000 ) ) ;
#1490 = CARTESIAN_POINT ( 'NONE',  ( 11.33952349848783570, 31.83754744228272671, 20.72106246413310870 ) ) ;
#1491 = CARTESIAN_POINT ( 'NONE',  ( -10.62513742284576956, 37.36599923211085894, 14.98583304214457890 ) ) ;
#1492 = CARTESIAN_POINT ( 'NONE',  ( -8.677431326055467409, 32.24832775499532289, 15.29028773688596488 ) ) ;
#1493 = CARTESIAN_POINT ( 'NONE',  ( 13.18584211294447606, 36.04448719460590667, 16.45159247257161894 ) ) ;
#1494 = AXIS2_PLACEMENT_3D ( 'NONE', #869, #2587, #1745 ) ;
#1495 = CARTESIAN_POINT ( 'NONE',  ( -12.85966442102138352, 35.73469098048558124, 17.02349629301112088 ) ) ;
#1496 = CARTESIAN_POINT ( 'NONE',  ( 14.64846927387355535, 32.87235197263682807, 13.39161610200247310 ) ) ;
#1497 = CARTESIAN_POINT ( 'NONE',  ( -14.71477998803002940, 35.15711176430347962, 11.22530251484399244 ) ) ;
#1498 = VERTEX_POINT ( 'NONE', #2232 ) ;
#1499 = ORIENTED_EDGE ( 'NONE', *, *, #792, .T. ) ;
#1500 = CARTESIAN_POINT ( 'NONE',  ( 11.53900371154755788, 42.12853899657236667, 23.72411729418420379 ) ) ;
#1501 = CARTESIAN_POINT ( 'NONE',  ( -9.852413224677448511, 32.71881600877328822, 18.52779078726829454 ) ) ;
#1502 = CARTESIAN_POINT ( 'NONE',  ( -9.471664647625097189, 33.44956902417039402, 20.62349616193645119 ) ) ;
#1503 = CARTESIAN_POINT ( 'NONE',  ( 10.36184883306884608, 32.29805303493075996, 20.87355593404309317 ) ) ;
#1504 = CARTESIAN_POINT ( 'NONE',  ( -14.77695828668065658, 34.94052822952161108, 13.88962429732843340 ) ) ;
#1505 = CARTESIAN_POINT ( 'NONE',  ( 1.502837073906475140, 44.85046047395872648, 0.6448741140208762435 ) ) ;
#1506 = CARTESIAN_POINT ( 'NONE',  ( -8.404722341159372334, 32.75512566854977337, 20.25359832520307890 ) ) ;
#1507 = CARTESIAN_POINT ( 'NONE',  ( 12.88710866590477444, 36.27158769459390442, 16.47778024377919337 ) ) ;
#1508 = CARTESIAN_POINT ( 'NONE',  ( -13.63641418247783221, 33.96296319577565015, 17.29607616230838474 ) ) ;
#1509 = CARTESIAN_POINT ( 'NONE',  ( 13.97760611142434151, 33.79823085506888702, 17.70574527698524392 ) ) ;
#1510 = CARTESIAN_POINT ( 'NONE',  ( 10.18136171300344905, 36.25004991987565006, 15.93604160388615831 ) ) ;
#1511 = ORIENTED_EDGE ( 'NONE', *, *, #2142, .T. ) ;
#1512 = EDGE_CURVE ( 'NONE', #2068, #747, #1564, .T. ) ;
#1513 = CARTESIAN_POINT ( 'NONE',  ( 20.91948357001903602, 33.35561037482337099, 0.6448741140208815725 ) ) ;
#1514 = CARTESIAN_POINT ( 'NONE',  ( 11.46954091455898528, 43.50037503470732503, 1.313847767167965586 ) ) ;
#1515 = CARTESIAN_POINT ( 'NONE',  ( -11.10054299798399136, 32.00770041953999367, 20.60625993809802736 ) ) ;
#1516 = CARTESIAN_POINT ( 'NONE',  ( 14.02980368332451278, 36.34727829840755220, 16.00648438215516833 ) ) ;
#1517 = B_SPLINE_SURFACE_WITH_KNOTS ( 'NONE', 3, 1, ( 
 ( #39, #440 ),
 ( #1292, #2156 ),
 ( #1534, #1318 ),
 ( #698, #2027 ),
 ( #491, #1382 ),
 ( #1574, #2229 ),
 ( #2241, #749 ),
 ( #955, #304 ),
 ( #2253, #1142 ),
 ( #1370, #2039 ),
 ( #1626, #943 ),
 ( #319, #2442 ),
 ( #2014, #266 ),
 ( #1200, #292 ),
 ( #1812, #54 ),
 ( #507, #1185 ),
 ( #479, #2499 ),
 ( #2071, #95 ),
 ( #1169, #109 ),
 ( #928, #532 ) ),
 .UNSPECIFIED., .F., .F., .F.,
 ( 4, 2, 2, 2, 2, 2, 2, 2, 2, 4 ),
 ( 2, 2 ),
 ( -1.101205793219151019E-10, 0.03124999999999998612, 0.06249999999999997224, 0.1250000000000000000, 0.1875000000000000278, 0.2500000000000000555, 0.3125000000000000555, 0.3750000000000001110, 0.4375000000000001110, 0.5000000000000002220 ),
 ( 0.000000000000000000, 1.000000000000000000 ),
 .UNSPECIFIED. ) ;
#1518 = CARTESIAN_POINT ( 'NONE',  ( -13.62561787853410600, 34.10046047395869095, 15.26291807676097001 ) ) ;
#1519 = B_SPLINE_CURVE_WITH_KNOTS ( 'NONE', 3,
 ( #503, #1835, #514, #2703, #1138, #2662, #1152, #2224, #744, #1180, #1622, #300, #2494, #1165, #527, #938, #2010, #731, #909, #487, #1999, #2210, #2676, #250, #1366, #2647, #2035, #952, #1608, #707, #1125, #35, #1582, #1782, #2451, #2237, #2689, #2024 ),
 .UNSPECIFIED., .F., .F.,
 ( 4, 2, 2, 2, 2, 2, 2, 2, 2, 2, 2, 2, 2, 2, 2, 2, 2, 2, 4 ),
 ( 0.01613780009298404483, 0.01694697334864524868, 0.01775614660430645253, 0.01856531985996765638, 0.01896990648779825830, 0.01937449311562886023, 0.01977907974345946562, 0.02018366637129007102, 0.02099283962695128181, 0.02180201288261248913, 0.02261118613827369991, 0.02342035939393490723, 0.02422953264959611802, 0.02503870590525732881, 0.02584787916091853960, 0.02665705241657974692, 0.02746622567224095424, 0.02827539892790216502, 0.02908457218356337581 ),
 .UNSPECIFIED. ) ;
#1520 = CARTESIAN_POINT ( 'NONE',  ( -20.92071932708723025, 33.35561037482337809, -41.19532878308539381 ) ) ;
#1521 = ADVANCED_FACE ( 'NONE', ( #2643 ), #269, .T. ) ;
#1522 = LINE ( 'NONE', #2773, #383 ) ;
#1523 = CARTESIAN_POINT ( 'NONE',  ( 14.57677847252416825, 32.70195302751321975, 13.58850959185639340 ) ) ;
#1524 = B_SPLINE_CURVE_WITH_KNOTS ( 'NONE', 3,
 ( #2208, #1997, #33, #907, #2701, #2743, #2306, #89, #1820, #776, #1635, #2476, #102, #2687, #2289, #2092, #327, #2063, #1877, #1619, #2321, #1003, #2506, #132, #312, #790, #1163, #1667, #539, #1652, #2522, #2259 ),
 .UNSPECIFIED., .F., .F.,
 ( 4, 2, 2, 2, 2, 2, 2, 2, 2, 2, 2, 2, 2, 2, 2, 4 ),
 ( 0.008282543244394480197, 0.008797214221494719516, 0.009311885198594957100, 0.009826556175695194684, 0.01008389166424531434, 0.01034122715279543227, 0.01059856264134555019, 0.01085589812989566985, 0.01137056910699589703, 0.01188524008409612594, 0.01239991106119635485, 0.01342925301539682481, 0.01394392399249705719, 0.01445859496959728784, 0.01548793692379774392, 0.01651727887799820174 ),
 .UNSPECIFIED. ) ;
#1525 = CARTESIAN_POINT ( 'NONE',  ( 12.89336603639624279, 36.25004991987565006, 13.99258953934302241 ) ) ;
#1526 = ORIENTED_EDGE ( 'NONE', *, *, #2582, .F. ) ;
#1527 = CARTESIAN_POINT ( 'NONE',  ( -10.77674564425272408, 36.09897120132224302, 15.63591506572126200 ) ) ;
#1528 = DIRECTION ( 'NONE',  ( 0.000000000000000000, 0.000000000000000000, 1.000000000000000000 ) ) ;
#1529 = CARTESIAN_POINT ( 'NONE',  ( -12.96485196865207179, 32.55560968205734440, 18.94801880388364523 ) ) ;
#1530 = CARTESIAN_POINT ( 'NONE',  ( 9.399765251044302161, 33.73995924459481444, 20.45820566556192333 ) ) ;
#1531 =( BOUNDED_SURFACE ( )  B_SPLINE_SURFACE ( 3, 3, ( 
 ( #1459, #1026, #2279, #2748 ),
 ( #797, #1672, #2542, #2329 ),
 ( #364, #317, #1242, #2110 ),
 ( #1895, #2764, #810, #1702 ) ),
 .UNSPECIFIED., .F., .F., .F. ) 
 B_SPLINE_SURFACE_WITH_KNOTS ( ( 4, 4 ),
 ( 4, 4 ),
 ( 0.000000000000000000, 1.000000000000000000 ),
 ( 0.000000000000000000, 1.000000000000000000 ),
 .UNSPECIFIED. ) 
 GEOMETRIC_REPRESENTATION_ITEM ( )  RATIONAL_B_SPLINE_SURFACE ( (
 ( 1.000000000000000000, 0.9950126146866584698, 0.9950126146866584698, 1.000000000000000000),
 ( 0.9962528797734507835, 0.9912841827924944171, 0.9912841827924944171, 0.9962528797734507835),
 ( 0.9962528797734507835, 0.9912841827924944171, 0.9912841827924944171, 0.9962528797734507835),
 ( 1.000000000000000000, 0.9950126146866584698, 0.9950126146866584698, 1.000000000000000000) ) ) 
 REPRESENTATION_ITEM ( '' )  SURFACE ( )  );
#1532 = AXIS2_PLACEMENT_3D ( 'NONE', #2083, #152, #2052 ) ;
#1533 = DIRECTION ( 'NONE',  ( 0.000000000000000000, 0.000000000000000000, 1.000000000000000000 ) ) ;
#1534 = CARTESIAN_POINT ( 'NONE',  ( 9.388053294244388169, 33.81826204577021855, 20.47800153626857522 ) ) ;
#1535 = CARTESIAN_POINT ( 'NONE',  ( 12.45481196810723645, 37.34597176004425734, 10.95440055560306725 ) ) ;
#1536 = CARTESIAN_POINT ( 'NONE',  ( 11.80448570574378309, 31.99637948135420373, 17.86624533134983395 ) ) ;
#1537 = CARTESIAN_POINT ( 'NONE',  ( -13.61095684181023557, 33.84090842920274156, 15.46850827660791516 ) ) ;
#1538 = CARTESIAN_POINT ( 'NONE',  ( -10.09145066745960939, 35.70901313543314615, 18.67402481920830581 ) ) ;
#1539 = CARTESIAN_POINT ( 'NONE',  ( -13.47266714715111924, 34.89294714610567638, 14.75304899182547480 ) ) ;
#1540 = CARTESIAN_POINT ( 'NONE',  ( 23.71100289061314470, 24.10046047395869451, 48.06811565231537031 ) ) ;
#1541 = CARTESIAN_POINT ( 'NONE',  ( -19.36723404178443175, 54.89442363939281222, 0.6448741140208762435 ) ) ;
#1542 = CARTESIAN_POINT ( 'NONE',  ( -9.544145737606159585, 33.00533144942354369, 21.00984393508382553 ) ) ;
#1543 = CARTESIAN_POINT ( 'NONE',  ( 9.372523150964209293, 34.11671119260284257, 20.40385824000463089 ) ) ;
#1544 = CARTESIAN_POINT ( 'NONE',  ( -13.76167246731015581, 35.31251550396875416, 16.64835745325864380 ) ) ;
#1545 = CARTESIAN_POINT ( 'NONE',  ( 10.19748073196191562, 42.76717261312904839, 0.6448741140208762435 ) ) ;
#1546 = CARTESIAN_POINT ( 'NONE',  ( 8.124382121465899331, 34.10046047395996283, 16.86691707947191787 ) ) ;
#1547 = CIRCLE ( 'NONE', #678, 0.7500000000000075495 ) ;
#1548 = SHAPE_DEFINITION_REPRESENTATION ( #2752, #1245 ) ;
#1549 = CARTESIAN_POINT ( 'NONE',  ( 11.41411884427611767, 31.97680026321928537, 18.10496500351008464 ) ) ;
#1550 = CARTESIAN_POINT ( 'NONE',  ( -11.00588728251037196, 36.55683389663639105, 17.57738537429725056 ) ) ;
#1551 = CARTESIAN_POINT ( 'NONE',  ( 11.33926513442116146, 31.83757169901540252, 20.72119658594745317 ) ) ;
#1552 = CARTESIAN_POINT ( 'NONE',  ( -12.64212447846368725, 35.92375947013184856, 16.81151342410343830 ) ) ;
#1553 = CARTESIAN_POINT ( 'NONE',  ( -12.19368532800844029, 36.11496768196920470, 14.66536417372755885 ) ) ;
#1554 = CARTESIAN_POINT ( 'NONE',  ( 3.006254934138404611, 44.71776433906408244, 6.658619739365888357 ) ) ;
#1555 = CARTESIAN_POINT ( 'NONE',  ( -14.31669590132726810, 35.96353320572573153, 16.05255562391202062 ) ) ;
#1556 = CARTESIAN_POINT ( 'NONE',  ( -9.452819121429730131, 33.50611848880570420, 20.75541649489497331 ) ) ;
#1557 = CARTESIAN_POINT ( 'NONE',  ( 9.524629483679268205, 33.29915546061535991, 20.69699015002125009 ) ) ;
#1558 = CARTESIAN_POINT ( 'NONE',  ( -13.89304538935451738, 34.99818011975873588, 16.81344320908312895 ) ) ;
#1559 = CARTESIAN_POINT ( 'NONE',  ( 8.124382121465897555, 34.10046047395869095, 19.80331759944101222 ) ) ;
#1560 = CARTESIAN_POINT ( 'NONE',  ( 15.25288693031579434, 39.76928941199871304, 0.6448741140208763545 ) ) ;
#1561 = CARTESIAN_POINT ( 'NONE',  ( 8.124382121465901108, 34.32933392163577935, 16.70661523402059956 ) ) ;
#1562 = ADVANCED_FACE ( 'NONE', ( #70 ), #1632, .T. ) ;
#1563 = CARTESIAN_POINT ( 'NONE',  ( 12.31571553484472759, 32.13720378362357621, 17.47359479930657855 ) ) ;
#1564 = LINE ( 'NONE', #1974, #544 ) ;
#1565 = CARTESIAN_POINT ( 'NONE',  ( -13.62561787853410422, 34.10046047395869095, 15.26291807604859052 ) ) ;
#1566 = ORIENTED_EDGE ( 'NONE', *, *, #965, .F. ) ;
#1567 = CARTESIAN_POINT ( 'NONE',  ( -13.54464592740628248, 34.68320162524765493, 14.86841484797670354 ) ) ;
#1568 = CARTESIAN_POINT ( 'NONE',  ( -10.63279105355743681, 37.36846380824920999, 11.48909199131009728 ) ) ;
#1569 = CARTESIAN_POINT ( 'NONE',  ( -13.39481695320421473, 33.10596635622368922, 18.64825257847814655 ) ) ;
#1570 = CARTESIAN_POINT ( 'NONE',  ( 14.87339692555050519, 34.18200249881609665, 16.71068027047219928 ) ) ;
#1571 = ADVANCED_FACE ( 'NONE', ( #2044 ), #553, .T. ) ;
#1572 = CARTESIAN_POINT ( 'NONE',  ( 9.374382121465901108, 34.66070373571239571, 19.85364608282521459 ) ) ;
#1573 = CARTESIAN_POINT ( 'NONE',  ( 8.124382121465899331, 34.10046047395996993, 19.36691707947191432 ) ) ;
#1574 = CARTESIAN_POINT ( 'NONE',  ( 9.684226322538680876, 32.95202554224495373, 20.86396513386703333 ) ) ;
#1575 = CARTESIAN_POINT ( 'NONE',  ( 9.692168348834261593, 36.95857738069909004, 16.07813221821519534 ) ) ;
#1576 = CARTESIAN_POINT ( 'NONE',  ( 12.48866461947510409, 32.21942484762701042, 17.31597279483205298 ) ) ;
#1577 = CARTESIAN_POINT ( 'NONE',  ( -9.454601516983148102, 34.68723125881273717, 19.97534174562501263 ) ) ;
#1578 = CARTESIAN_POINT ( 'NONE',  ( 9.375670807314881117, 34.02614092347482710, 20.26283037893207961 ) ) ;
#1579 = VERTEX_POINT ( 'NONE', #738 ) ;
#1580 = CARTESIAN_POINT ( 'NONE',  ( -14.26008929460009433, 46.10046047395874069, -27.87406871811059617 ) ) ;
#1581 = CARTESIAN_POINT ( 'NONE',  ( -11.46250841195498893, 37.48282481028195434, 11.08089188946113524 ) ) ;
#1582 = CARTESIAN_POINT ( 'NONE',  ( 14.64846927387356956, 32.87235197263684938, 15.89161610200247310 ) ) ;
#1583 = CARTESIAN_POINT ( 'NONE',  ( 12.75525452237947555, 37.23466944592892247, 16.11784573731350889 ) ) ;
#1584 = CARTESIAN_POINT ( 'NONE',  ( 13.10550928806515358, 35.53113176420373520, 14.49817822024357739 ) ) ;
#1585 = DIRECTION ( 'NONE',  ( 0.5000000000000009992, 0.8660254037844380415, -0.000000000000000000 ) ) ;
#1586 = CARTESIAN_POINT ( 'NONE',  ( -12.16053305795574957, 43.15594456613924734, 1.300014262511242968 ) ) ;
#1587 = CARTESIAN_POINT ( 'NONE',  ( 13.05103881927960430, 37.09940426835640181, 10.67793177962462181 ) ) ;
#1588 = VECTOR ( 'NONE', #762, 1000.000000000000000 ) ;
#1589 = CARTESIAN_POINT ( 'NONE',  ( 16.70769505314915193, 30.67835067791718018, 12.75525511117810851 ) ) ;
#1590 = CARTESIAN_POINT ( 'NONE',  ( -0.0006178785341007960157, 15.85046047395869628, 0.6448741140208762435 ) ) ;
#1591 = CARTESIAN_POINT ( 'NONE',  ( -0.0006178785341007960157, 23.60046047395869451, 24.88139570361386177 ) ) ;
#1592 = ORIENTED_EDGE ( 'NONE', *, *, #120, .T. ) ;
#1593 = CARTESIAN_POINT ( 'NONE',  ( -13.57962742906200226, 34.54265957721857205, 14.95411849428318263 ) ) ;
#1594 = CARTESIAN_POINT ( 'NONE',  ( -9.377876266300894770, 34.22244715134330306, 20.11603940985013139 ) ) ;
#1595 = CARTESIAN_POINT ( 'NONE',  ( 11.48225888984685028, 43.49402430854343748, -0.01072228723727820625 ) ) ;
#1596 = CARTESIAN_POINT ( 'NONE',  ( 12.52232186995923691, 37.31697199952607491, 10.70313397444585313 ) ) ;
#1597 = EDGE_CURVE ( 'NONE', #562, #764, #755, .T. ) ;
#1598 = SPHERICAL_SURFACE ( 'NONE', #2546, 0.7500000000000061062 ) ;
#1599 = CARTESIAN_POINT ( 'NONE',  ( 8.646618580608846472, 32.27971923119926601, 15.25100719371374325 ) ) ;
#1600 = CARTESIAN_POINT ( 'NONE',  ( -11.73366870122223027, 43.36919892686402278, 1.394950516573076671 ) ) ;
#1601 = CARTESIAN_POINT ( 'NONE',  ( 9.242818202679945472, 36.61774103543168479, 16.70007877451452316 ) ) ;
#1602 = CARTESIAN_POINT ( 'NONE',  ( 14.69896618538531463, 35.44404008853443599, 10.99874658766546887 ) ) ;
#1603 = CARTESIAN_POINT ( 'NONE',  ( -10.96176427642179796, 36.16011886566622735, 17.41247738140383206 ) ) ;
#1604 = CARTESIAN_POINT ( 'NONE',  ( 10.59612045807267222, 36.42282658743901891, 17.96161611554496673 ) ) ;
#1605 = ORIENTED_EDGE ( 'NONE', *, *, #2067, .F. ) ;
#1606 = CARTESIAN_POINT ( 'NONE',  ( -10.32653652683731593, 32.20290464150955501, 21.07166633682914636 ) ) ;
#1607 = CARTESIAN_POINT ( 'NONE',  ( -12.30923505672427254, 37.37774112470825116, 16.21657953851872236 ) ) ;
#1608 = CARTESIAN_POINT ( 'NONE',  ( 14.07744066285519757, 31.91430269492507321, 17.08207738214354876 ) ) ;
#1609 = CARTESIAN_POINT ( 'NONE',  ( 12.34355824293608350, 37.36871253414499705, 16.22890362172174861 ) ) ;
#1610 = ORIENTED_EDGE ( 'NONE', *, *, #2573, .T. ) ;
#1611 = CARTESIAN_POINT ( 'NONE',  ( 9.776302796670305995, 31.18759904908912617, 20.38341078137038309 ) ) ;
#1612 = CARTESIAN_POINT ( 'NONE',  ( -11.40899877148170383, 43.53116989751137567, 1.244967508353030272 ) ) ;
#1613 = CARTESIAN_POINT ( 'NONE',  ( 12.28773119405446224, 36.07452229989514336, 14.63158342480806695 ) ) ;
#1614 = AXIS2_PLACEMENT_3D ( 'NONE', #401, #1281, #1060 ) ;
#1615 = CARTESIAN_POINT ( 'NONE',  ( -8.865391666869092191, 31.98898676934711816, 17.84631051729122220 ) ) ;
#1616 = CARTESIAN_POINT ( 'NONE',  ( 15.95081650307103516, 50.47915527649975331, 0.6448741140208762435 ) ) ;
#1617 = CARTESIAN_POINT ( 'NONE',  ( 11.63980990531726434, 36.24589370921059839, 17.44722680499343070 ) ) ;
#1618 = EDGE_LOOP ( 'NONE', ( #2032, #5, #1079, #2568 ) ) ;
#1619 = CARTESIAN_POINT ( 'NONE',  ( 11.32143163186375823, 36.22228620178173486, 17.07728464422562453 ) ) ;
#1620 = VECTOR ( 'NONE', #315, 1000.000000000000000 ) ;
#1621 = CARTESIAN_POINT ( 'NONE',  ( -13.36213822965951437, 35.13565519554369843, 16.45311687117140309 ) ) ;
#1622 = CARTESIAN_POINT ( 'NONE',  ( 9.304789575311932737, 31.53275739227504815, 20.38358213920034601 ) ) ;
#1623 = CARTESIAN_POINT ( 'NONE',  ( 9.207279645924645095, 36.60611923298123571, 12.42141756911838080 ) ) ;
#1624 = ORIENTED_EDGE ( 'NONE', *, *, #1814, .T. ) ;
#1625 = CARTESIAN_POINT ( 'NONE',  ( 14.62156574471046611, 32.80405554647828126, 12.76108652225825857 ) ) ;
#1626 = CARTESIAN_POINT ( 'NONE',  ( 11.60095460161759995, 31.96018701131736606, 20.39671840401534908 ) ) ;
#1627 = CARTESIAN_POINT ( 'NONE',  ( 11.74377469738771218, 36.21175559033208202, 14.89780477500305622 ) ) ;
#1628 = CARTESIAN_POINT ( 'NONE',  ( 10.97901663385028392, 32.03453095668447759, 20.66518018077374919 ) ) ;
#1629 = AXIS2_PLACEMENT_3D ( 'NONE', #1839, #278, #723 ) ;
#1630 = CARTESIAN_POINT ( 'NONE',  ( 13.73683819539748363, 33.14625789659677224, 14.39481518554545936 ) ) ;
#1631 = CARTESIAN_POINT ( 'NONE',  ( -23.40196376076992735, 26.85206346153490742, 0.6448741140208734679 ) ) ;
#1632 =( BOUNDED_SURFACE ( )  B_SPLINE_SURFACE ( 3, 3, ( 
 ( #15, #57, #689, #2433 ),
 ( #888, #1860, #1449, #2503 ),
 ( #2519, #2076, #2740, #309 ),
 ( #1234, #1401, #2756, #1664 ),
 ( #356, #536, #2256, #522 ),
 ( #2711, #2697, #341, #2286 ) ),
 .UNSPECIFIED., .F., .F., .F. ) 
 B_SPLINE_SURFACE_WITH_KNOTS ( ( 4, 2, 4 ),
 ( 4, 4 ),
 ( 0.000000000000000000, 0.5000000000000000000, 1.000000000000000000 ),
 ( 0.000000000000000000, 1.000000000000000000 ),
 .UNSPECIFIED. ) 
 GEOMETRIC_REPRESENTATION_ITEM ( )  RATIONAL_B_SPLINE_SURFACE ( (
 ( 1.000000000000000000, 0.9831178465082027751, 0.9831178465082027751, 1.000000000000000000),
 ( 1.000000000000000000, 0.9831178465082027751, 0.9831178465082027751, 1.000000000000000000),
 ( 1.000000000000000000, 0.9831178465082027751, 0.9831178465082027751, 1.000000000000000000),
 ( 1.000000000000000000, 0.9831178465082027751, 0.9831178465082027751, 1.000000000000000000),
 ( 1.000000000000000000, 0.9831178465082027751, 0.9831178465082027751, 1.000000000000000000),
 ( 1.000000000000000000, 0.9831178465082027751, 0.9831178465082027751, 1.000000000000000000) ) ) 
 REPRESENTATION_ITEM ( '' )  SURFACE ( )  );
#1633 = CARTESIAN_POINT ( 'NONE',  ( 9.652198575438333705, 35.20114828832037546, 19.50385062470180131 ) ) ;
#1634 = ORIENTED_EDGE ( 'NONE', *, *, #2375, .F. ) ;
#1635 = CARTESIAN_POINT ( 'NONE',  ( 12.81875331744466884, 35.76848848913628132, 16.29970973526175371 ) ) ;
#1636 = CARTESIAN_POINT ( 'NONE',  ( -12.44856804872881817, 36.00775074721727975, 16.37664691561846908 ) ) ;
#1637 = CARTESIAN_POINT ( 'NONE',  ( -0.0006178785341007960157, 22.85046047395869451, 6.832374114020877798 ) ) ;
#1638 = CARTESIAN_POINT ( 'NONE',  ( 10.56374050040899348, 37.36881977002526156, 11.51758869179827727 ) ) ;
#1639 = VERTEX_POINT ( 'NONE', #113 ) ;
#1640 = CARTESIAN_POINT ( 'NONE',  ( 13.58822159016329856, 31.41992280406157079, 13.77651614028119553 ) ) ;
#1641 = CARTESIAN_POINT ( 'NONE',  ( -13.57753044288566180, 33.58770095673752110, 18.06893242709620750 ) ) ;
#1642 = CARTESIAN_POINT ( 'NONE',  ( -9.274647584153274948, 34.75746509791572691, 20.01158923696014824 ) ) ;
#1643 = CARTESIAN_POINT ( 'NONE',  ( 8.124382121465899331, 34.10046047395996993, 19.36691707947191432 ) ) ;
#1644 = CARTESIAN_POINT ( 'NONE',  ( -11.00008799889686451, 30.75345625346972156, 19.88910396973403394 ) ) ;
#1645 = ADVANCED_FACE ( 'NONE', ( #1886 ), #1174, .T. ) ;
#1646 = CARTESIAN_POINT ( 'NONE',  ( -14.87561787853410422, 34.10046047395868385, 17.15631583989030418 ) ) ;
#1647 = CARTESIAN_POINT ( 'NONE',  ( 23.40072800370172601, 26.85206346153490387, -46.15781765045077378 ) ) ;
#1648 = AXIS2_PLACEMENT_3D ( 'NONE', #1043, #2562, #114 ) ;
#1649 = CARTESIAN_POINT ( 'NONE',  ( 13.01394205577469343, 35.59289207851723091, 16.30631943144680562 ) ) ;
#1650 = AXIS2_PLACEMENT_3D ( 'NONE', #1834, #806, #978 ) ;
#1651 = VERTEX_POINT ( 'NONE', #773 ) ;
#1652 = CARTESIAN_POINT ( 'NONE',  ( 9.425106606100918327, 34.63067778143782505, 19.77627720316794324 ) ) ;
#1653 = CARTESIAN_POINT ( 'NONE',  ( -13.19295450309234674, 35.39326790876440043, 16.34966978292299444 ) ) ;
#1654 = CARTESIAN_POINT ( 'NONE',  ( 9.375670807314882893, 34.02614092347483421, 20.26283037893207606 ) ) ;
#1655 = CARTESIAN_POINT ( 'NONE',  ( -7.670550900195371113, 45.27248996488849286, 0.6448741140208751332 ) ) ;
#1656 = VERTEX_POINT ( 'NONE', #1875 ) ;
#1657 = DIRECTION ( 'NONE',  ( 1.223962608782463004E-16, 0.000000000000000000, -1.000000000000000000 ) ) ;
#1658 = CARTESIAN_POINT ( 'NONE',  ( -12.77910056055531562, 32.38479405112740750, 19.42051637105606687 ) ) ;
#1659 = DIRECTION ( 'NONE',  ( -0.000000000000000000, 1.000000000000000000, -0.000000000000000000 ) ) ;
#1660 = CARTESIAN_POINT ( 'NONE',  ( 8.533910559899364756, 35.72559574325556042, 17.90977351815498508 ) ) ;
#1661 = EDGE_CURVE ( 'NONE', #2166, #796, #1788, .T. ) ;
#1662 = CARTESIAN_POINT ( 'NONE',  ( 9.470036914912835613, 33.45292709775959850, 20.62150010531905053 ) ) ;
#1663 = CARTESIAN_POINT ( 'NONE',  ( -14.31556545072954023, 32.22834434632377310, 13.17998629442937819 ) ) ;
#1664 = CARTESIAN_POINT ( 'NONE',  ( -7.636330614500566938, 35.43497812394738133, 16.12408923698412266 ) ) ;
#1665 = PLANE ( 'NONE',  #1929 ) ;
#1666 = VERTEX_POINT ( 'NONE', #1190 ) ;
#1667 = CARTESIAN_POINT ( 'NONE',  ( 9.725368016627868428, 35.29355078182731376, 19.04936022038460308 ) ) ;
#1668 = CARTESIAN_POINT ( 'NONE',  ( -0.0006178785340977360719, 23.62740737466491936, -24.34116322893712692 ) ) ;
#1669 = CARTESIAN_POINT ( 'NONE',  ( 14.25885353753154483, 46.10046047395874069, 0.6448741140206897260 ) ) ;
#1670 = CARTESIAN_POINT ( 'NONE',  ( -10.62513742284595786, 37.36599923211090868, 12.48583304214433554 ) ) ;
#1671 = ORIENTED_EDGE ( 'NONE', *, *, #1015, .F. ) ;
#1672 = CARTESIAN_POINT ( 'NONE',  ( -12.66678906194209553, 33.46447458291104482, 16.60516396256896599 ) ) ;
#1673 = CARTESIAN_POINT ( 'NONE',  ( 9.216337786817065947, 34.14571101134875164, 20.45740150781720601 ) ) ;
#1674 = CARTESIAN_POINT ( 'NONE',  ( -22.17732787687772955, 30.84410575147589029, 0.6448741140208735789 ) ) ;
#1675 = CARTESIAN_POINT ( 'NONE',  ( 11.98887127533583730, 31.85259301111018715, 20.33222425114302112 ) ) ;
#1676 = CARTESIAN_POINT ( 'NONE',  ( 9.399239061690895625, 33.74329866300917047, 20.45609536383554783 ) ) ;
#1677 = CARTESIAN_POINT ( 'NONE',  ( -14.20513827008077001, 32.07231694047877824, 13.29324766344408282 ) ) ;
#1678 = CARTESIAN_POINT ( 'NONE',  ( 13.00605808022322840, 35.60247362308143693, 17.02581342285050781 ) ) ;
#1679 = PRESENTATION_LAYER_ASSIGNMENT (  '', '', ( #2677 ) ) ;
#1680 = VERTEX_POINT ( 'NONE', #569 ) ;
#1681 = CARTESIAN_POINT ( 'NONE',  ( 13.67021791949037812, 35.47562494716594728, 16.57771199523395111 ) ) ;
#1682 = CARTESIAN_POINT ( 'NONE',  ( -12.35940591339217676, 43.05647462894257416, 0.1841329012870798199 ) ) ;
#1683 = CARTESIAN_POINT ( 'NONE',  ( 9.518700356853170064, 31.36446446515475017, 17.86702516688156095 ) ) ;
#1684 = DIRECTION ( 'NONE',  ( 1.000000000000000000, 0.000000000000000000, 0.000000000000000000 ) ) ;
#1685 = ORIENTED_EDGE ( 'NONE', *, *, #1175, .F. ) ;
#1686 = CARTESIAN_POINT ( 'NONE',  ( 14.62156574471046611, 32.80405554647828126, 17.86331392801810480 ) ) ;
#1687 = CARTESIAN_POINT ( 'NONE',  ( -12.96895491689371660, 32.54534821319752780, 19.19539949379978694 ) ) ;
#1688 = AXIS2_PLACEMENT_3D ( 'NONE', #1348, #2219, #1064 ) ;
#1689 = FACE_OUTER_BOUND ( 'NONE', #2355, .T. ) ;
#1690 = CARTESIAN_POINT ( 'NONE',  ( 13.39526947337709117, 33.10796732075301207, 18.64577132006920124 ) ) ;
#1691 = ADVANCED_FACE ( 'NONE', ( #324 ), #1067, .T. ) ;
#1692 = CARTESIAN_POINT ( 'NONE',  ( -9.553703690948029958, 31.33061968796178220, 20.36919144205687360 ) ) ;
#1693 = CARTESIAN_POINT ( 'NONE',  ( -14.78354112355873085, 33.29052328869401123, 12.50810044116258979 ) ) ;
#1694 = CYLINDRICAL_SURFACE ( 'NONE', #1648, 0.7499999999999998890 ) ;
#1695 = ADVANCED_FACE ( 'NONE', ( #1958 ), #196, .T. ) ;
#1696 = ORIENTED_EDGE ( 'NONE', *, *, #676, .T. ) ;
#1697 = CARTESIAN_POINT ( 'NONE',  ( -11.81027486444962626, 31.99401720874742239, 20.15454080746775389 ) ) ;
#1698 = CARTESIAN_POINT ( 'NONE',  ( -12.18426178044897412, 36.13248147309995062, 17.16681396095105683 ) ) ;
#1699 = CARTESIAN_POINT ( 'NONE',  ( -24.98665522149237361, 23.62740737466491581, 50.61694879993768126 ) ) ;
#1700 = CARTESIAN_POINT ( 'NONE',  ( -8.159126868179408021, 34.62057759373002597, 16.47788873290552303 ) ) ;
#1701 = ORIENTED_EDGE ( 'NONE', *, *, #1279, .T. ) ;
#1702 = CARTESIAN_POINT ( 'NONE',  ( -8.669283627856618324, 36.24978260850923562, 16.64534497735501972 ) ) ;
#1703 = CARTESIAN_POINT ( 'NONE',  ( -9.274957195480366678, 36.64471328426883190, 17.83142107346646199 ) ) ;
#1704 = CARTESIAN_POINT ( 'NONE',  ( -9.209782426375905828, 34.46893806298978546, 20.24775156406919407 ) ) ;
#1705 = CARTESIAN_POINT ( 'NONE',  ( 13.37660625359686506, 32.57846831756459949, 18.99652095653152628 ) ) ;
#1706 = CARTESIAN_POINT ( 'NONE',  ( -8.159126868179413350, 34.62057759372999044, 18.97788873290554790 ) ) ;
#1707 = B_SPLINE_CURVE_WITH_KNOTS ( 'NONE', 3,
 ( #103, #2715, #1238, #540, #117, #1419, #2107, #2290, #329, #1021, #1208, #1682, #1890, #2079, #991, #644 ),
 .UNSPECIFIED., .F., .F.,
 ( 4, 2, 2, 2, 2, 2, 2, 4 ),
 ( 0.000000000000000000, 0.0002933787028638429827, 0.0005867574057276859654, 0.001173514811455361956, 0.001466893514319202391, 0.001760272217183042609, 0.002053650920046883044, 0.002347029622910723479 ),
 .UNSPECIFIED. ) ;
#1708 = CARTESIAN_POINT ( 'NONE',  ( -10.87295522755215416, 30.78380840299109167, 20.15394219343956905 ) ) ;
#1709 = CARTESIAN_POINT ( 'NONE',  ( 13.46337306044630111, 34.92699546966906610, 16.56431655275587289 ) ) ;
#1710 = CARTESIAN_POINT ( 'NONE',  ( 9.844149820042897403, 35.85694389626607403, 18.88012712855899267 ) ) ;
#1711 = CARTESIAN_POINT ( 'NONE',  ( -13.48482336383771418, 34.92813367480646747, 17.22388452191440322 ) ) ;
#1712 = CARTESIAN_POINT ( 'NONE',  ( -13.28188446267608214, 32.91649089190897826, 16.35398091051931857 ) ) ;
#1713 = CARTESIAN_POINT ( 'NONE',  ( -14.41458953010735300, 35.82202974540151530, 10.80391186652514612 ) ) ;
#1714 = CARTESIAN_POINT ( 'NONE',  ( -10.55186221190956708, 36.00289445832264335, 15.85562839152593995 ) ) ;
#1715 = CARTESIAN_POINT ( 'NONE',  ( 15.25288693031579612, 39.76928941199871304, 0.6448741140208797962 ) ) ;
#1716 = DIRECTION ( 'NONE',  ( -0.5000000000000009992, 0.8660254037844380415, -0.000000000000000000 ) ) ;
#1717 = CARTESIAN_POINT ( 'NONE',  ( -11.79131661235151007, 31.97012306324405273, 20.39288238542773968 ) ) ;
#1718 = CARTESIAN_POINT ( 'NONE',  ( 10.52896081485345015, 32.20260515827068559, 20.96861732989206928 ) ) ;
#1719 = CARTESIAN_POINT ( 'NONE',  ( -14.71477998802985709, 35.15711176430395568, 13.72530251484362118 ) ) ;
#1720 = CARTESIAN_POINT ( 'NONE',  ( -11.79886913345573873, 30.73152754046013513, 14.77078116896992555 ) ) ;
#1721 = ADVANCED_FACE ( 'NONE', ( #227 ), #1517, .T. ) ;
#1722 = CARTESIAN_POINT ( 'NONE',  ( -12.17674960100866777, 32.08219602318586539, 19.84665992563644110 ) ) ;
#1723 = CARTESIAN_POINT ( 'NONE',  ( -12.54472451889022544, 35.96501216306322135, 17.05498350574959687 ) ) ;
#1724 = DIRECTION ( 'NONE',  ( 0.000000000000000000, -1.000000000000000000, 0.000000000000000000 ) ) ;
#1725 = CARTESIAN_POINT ( 'NONE',  ( -10.71160491580248042, 36.08840374273869855, 15.68822637476740134 ) ) ;
#1726 = CARTESIAN_POINT ( 'NONE',  ( -10.80478738563563290, 36.10894003962567922, 15.60986536666390734 ) ) ;
#1727 = CARTESIAN_POINT ( 'NONE',  ( 20.91948357001902536, 33.35561037482337809, 42.48507701112714585 ) ) ;
#1728 = CARTESIAN_POINT ( 'NONE',  ( -0.0006178785341007960157, 22.85046047395869451, 0.6448741140208762435 ) ) ;
#1729 = CARTESIAN_POINT ( 'NONE',  ( -9.278786472069247893, 33.66072592228411509, 20.74062232315809950 ) ) ;
#1730 = CARTESIAN_POINT ( 'NONE',  ( 13.45297220513410963, 33.22599437868731087, 18.52424991979453495 ) ) ;
#1731 = CARTESIAN_POINT ( 'NONE',  ( -11.42438055339779446, 37.48171411888957749, 14.21361718317785616 ) ) ;
#1732 = CARTESIAN_POINT ( 'NONE',  ( 5.958460498902073965, 44.19198071623969781, 0.6448741140208763545 ) ) ;
#1733 = EDGE_CURVE ( 'NONE', #764, #190, #397, .T. ) ;
#1734 =( NAMED_UNIT ( * ) PLANE_ANGLE_UNIT ( ) SI_UNIT ( $, .RADIAN. ) );
#1735 = CARTESIAN_POINT ( 'NONE',  ( -9.813678135730679486, 32.80038440973488179, 20.86889990397280314 ) ) ;
#1736 = CARTESIAN_POINT ( 'NONE',  ( -13.52023352239455178, 34.77847338844372160, 16.65626241471298741 ) ) ;
#1737 = CARTESIAN_POINT ( 'NONE',  ( -13.60202518301066732, 33.77633345993291414, 15.52266332733239729 ) ) ;
#1738 = CARTESIAN_POINT ( 'NONE',  ( -9.376189595488519046, 34.14975013003430604, 20.18515037892053954 ) ) ;
#1739 = EDGE_LOOP ( 'NONE', ( #1671, #1472 ) ) ;
#1740 = CARTESIAN_POINT ( 'NONE',  ( 20.16245202703310824, 34.55714373453399446, 0.6448741140208725797 ) ) ;
#1741 = CARTESIAN_POINT ( 'NONE',  ( 12.15856363793160533, 43.15631139205913769, 1.300495536723994539 ) ) ;
#1742 = CARTESIAN_POINT ( 'NONE',  ( -9.665666068212949824, 33.01765887562623902, 20.80916182584206453 ) ) ;
#1743 = CARTESIAN_POINT ( 'NONE',  ( 9.452687961804434380, 33.50520307581251700, 20.75542589585524667 ) ) ;
#1744 = CARTESIAN_POINT ( 'NONE',  ( -12.54978307630560863, 37.31722776789771956, 13.40071108861450000 ) ) ;
#1745 = DIRECTION ( 'NONE',  ( 0.000000000000000000, 0.000000000000000000, 1.000000000000000000 ) ) ;
#1746 = CARTESIAN_POINT ( 'NONE',  ( 9.106892477474550773, 36.48844810715785769, 14.40504702606409815 ) ) ;
#1747 = CARTESIAN_POINT ( 'NONE',  ( 11.59288060184164060, 31.97717458203678476, 18.00146963092577934 ) ) ;
#1748 = CARTESIAN_POINT ( 'NONE',  ( -13.67080358250211347, 35.46696105740532090, 16.58526647618549887 ) ) ;
#1749 = CARTESIAN_POINT ( 'NONE',  ( 13.69294455926744725, 33.02373571276152830, 18.47357495897201218 ) ) ;
#1750 = CARTESIAN_POINT ( 'NONE',  ( -9.376189595488519046, 34.14975013003430604, 17.88016359718167436 ) ) ;
#1751 = ORIENTED_EDGE ( 'NONE', *, *, #1777, .F. ) ;
#1752 = CARTESIAN_POINT ( 'NONE',  ( 24.98541946442389872, 23.62740737466491936, 0.6448741140208762435 ) ) ;
#1753 = CARTESIAN_POINT ( 'NONE',  ( -11.54023946861576455, 42.12853899657236667, 0.6448741140208749112 ) ) ;
#1754 = CARTESIAN_POINT ( 'NONE',  ( -9.416932246544625684, 33.57901071213355237, 18.22911361333528291 ) ) ;
#1755 = CARTESIAN_POINT ( 'NONE',  ( -13.17996983173447312, 32.77930382832501266, 19.01428695432909777 ) ) ;
#1756 = CARTESIAN_POINT ( 'NONE',  ( 14.68430230574393214, 35.21899321090200630, 16.28637112967631850 ) ) ;
#1757 = CARTESIAN_POINT ( 'NONE',  ( -23.71223864768135314, 24.10046047395869451, 0.6448741140208732459 ) ) ;
#1758 = CARTESIAN_POINT ( 'NONE',  ( 18.41662428568448462, 36.80880624462980677, -36.18961021441628390 ) ) ;
#1759 = CARTESIAN_POINT ( 'NONE',  ( 9.692168348834242053, 36.95857738069909004, 13.57813221821521488 ) ) ;
#1760 = DIRECTION ( 'NONE',  ( 0.000000000000000000, 0.000000000000000000, 1.000000000000000000 ) ) ;
#1761 = CARTESIAN_POINT ( 'NONE',  ( 13.07677988340600628, 32.67131661613818494, 16.65153044701391494 ) ) ;
#1762 = CARTESIAN_POINT ( 'NONE',  ( -11.48166027849989490, 36.23010189513820478, 16.94523998421338007 ) ) ;
#1763 = CARTESIAN_POINT ( 'NONE',  ( 14.07744066285519580, 31.91430269492504834, 14.58207738214354698 ) ) ;
#1764 = CARTESIAN_POINT ( 'NONE',  ( -11.75554461127513051, 36.23160529743246627, 14.87536593791209327 ) ) ;
#1765 = CARTESIAN_POINT ( 'NONE',  ( -13.59288630871068015, 34.47489888885880305, 14.99768339126813466 ) ) ;
#1766 = CARTESIAN_POINT ( 'NONE',  ( -0.0006178785340942436399, 44.85046047395872648, 0.6448741140208762435 ) ) ;
#1767 = CARTESIAN_POINT ( 'NONE',  ( -14.76981914142821317, 34.96944681121212994, 16.35048965955894928 ) ) ;
#1768 = CARTESIAN_POINT ( 'NONE',  ( -10.15474407168062321, 32.45385624393765767, 20.89635730570044458 ) ) ;
#1769 = CARTESIAN_POINT ( 'NONE',  ( 14.87339692555050519, 34.18200249881609665, 11.23551886688409596 ) ) ;
#1770 = CARTESIAN_POINT ( 'NONE',  ( 11.42286754605929389, 36.24015955980590320, 17.40489120105139520 ) ) ;
#1771 = CARTESIAN_POINT ( 'NONE',  ( 20.14463463618242045, 38.88354225767234595, 0.6448741140208763545 ) ) ;
#1772 = CARTESIAN_POINT ( 'NONE',  ( -17.42908811780640832, 37.85887784384377142, -34.21206636452374283 ) ) ;
#1773 = EDGE_CURVE ( 'NONE', #1452, #1299, #623, .T. ) ;
#1774 = CARTESIAN_POINT ( 'NONE',  ( 14.68315189427598177, 35.24609301892609636, 11.16136914989956352 ) ) ;
#1775 = CARTESIAN_POINT ( 'NONE',  ( 9.387919052518103769, 33.81892476227967137, 18.08946988216692020 ) ) ;
#1776 = DIRECTION ( 'NONE',  ( 0.000000000000000000, 0.000000000000000000, -1.000000000000000000 ) ) ;
#1777 = EDGE_CURVE ( 'NONE', #433, #1852, #81, .T. ) ;
#1778 = CARTESIAN_POINT ( 'NONE',  ( -13.57645608604450516, 34.64721373068145738, 14.87567462811227870 ) ) ;
#1779 = VERTEX_POINT ( 'NONE', #2652 ) ;
#1780 = CARTESIAN_POINT ( 'NONE',  ( -13.31727661026323695, 35.20446878269510904, 14.61341401550797237 ) ) ;
#1781 = CARTESIAN_POINT ( 'NONE',  ( -12.25386272679402211, 37.39087227058477225, 10.78572004288526287 ) ) ;
#1782 = CARTESIAN_POINT ( 'NONE',  ( 14.76414105601722326, 33.22497065247799242, 15.50009118954244869 ) ) ;
#1783 = CARTESIAN_POINT ( 'NONE',  ( 14.59797085947549711, 35.43959426423185732, 16.21361116435198468 ) ) ;
#1784 = CARTESIAN_POINT ( 'NONE',  ( 10.21593586076822113, 35.86061668098162158, 16.18302123161422656 ) ) ;
#1785 = CARTESIAN_POINT ( 'NONE',  ( -8.191084024859357271, 33.27264083286279828, 20.12251137718163108 ) ) ;
#1786 = DIRECTION ( 'NONE',  ( 0.000000000000000000, 0.000000000000000000, -1.000000000000000000 ) ) ;
#1787 = CARTESIAN_POINT ( 'NONE',  ( 8.855829409929194540, 36.20701139314515871, 14.81094467857801433 ) ) ;
#1788 = CIRCLE ( 'NONE', #2380, 0.7500000000000028866 ) ;
#1789 = CARTESIAN_POINT ( 'NONE',  ( -0.0006178785341000381584, 22.85046047395869451, -5.542625885979124867 ) ) ;
#1790 = B_SPLINE_CURVE_WITH_KNOTS ( 'NONE', 3,
 ( #828, #1291, #1706, #640, #1316, #2387, #410, #226, #2795, #2155, #425, #2574, #612, #1491, #667, #1072, #1731, #2345, #382, #1744, #1278, #2360, #399, #2140, #2185, #183, #1056, #1942, #625, #1926, #841, #1719, #1504, #857, #2613, #1098 ),
 .UNSPECIFIED., .F., .F.,
 ( 4, 2, 2, 2, 2, 2, 2, 2, 2, 2, 2, 2, 2, 2, 2, 2, 2, 4 ),
 ( 0.0007305661818144893382, 0.001562154081002426831, 0.002393741980190364216, 0.003225329879378301817, 0.004056917778566239419, 0.005720093576942134571, 0.006551681476130088652, 0.007383269375318043601, 0.008214857274506002019, 0.009046445173693958702, 0.009878033072881918855, 0.01029382702247589806, 0.01070962097206987727, 0.01112541492166385475, 0.01154120887125783569, 0.01237279677044577676, 0.01320438466963371783, 0.01403597256882166064 ),
 .UNSPECIFIED. ) ;
#1791 = CARTESIAN_POINT ( 'NONE',  ( -11.76086808516276427, 36.21089998940873045, 16.74099825020831034 ) ) ;
#1792 = CARTESIAN_POINT ( 'NONE',  ( -15.95205226013923827, 50.47915527649975331, 0.6448741140208762435 ) ) ;
#1793 = ORIENTED_EDGE ( 'NONE', *, *, #501, .T. ) ;
#1794 = CARTESIAN_POINT ( 'NONE',  ( 24.50890969571761246, 36.88130926755182770, 0.6448741140208762435 ) ) ;
#1795 = VECTOR ( 'NONE', #1716, 1000.000000000000000 ) ;
#1796 = CARTESIAN_POINT ( 'NONE',  ( -14.38437088849962464, 35.85706974683075998, 10.62772411479813783 ) ) ;
#1797 = CARTESIAN_POINT ( 'NONE',  ( 11.22131325042257366, 43.62411098338782267, 0.2522443884570289563 ) ) ;
#1798 = CARTESIAN_POINT ( 'NONE',  ( 9.974398386055902677, 32.61858166712571006, 20.89415284810864293 ) ) ;
#1799 = CARTESIAN_POINT ( 'NONE',  ( 9.584595080117841448, 35.13919757424237389, 19.40091680147851605 ) ) ;
#1800 = CARTESIAN_POINT ( 'NONE',  ( 9.776302796670305995, 31.18759904908912617, 15.28118337561053686 ) ) ;
#1801 = DIRECTION ( 'NONE',  ( 0.000000000000000000, -1.000000000000000000, 0.000000000000000000 ) ) ;
#1802 = CARTESIAN_POINT ( 'NONE',  ( 11.34294790827231481, 37.47866281528581567, 14.28451259207892932 ) ) ;
#1803 = CARTESIAN_POINT ( 'NONE',  ( 10.41445655431000183, 32.26660492938621871, 18.49287432761643757 ) ) ;
#1804 = CARTESIAN_POINT ( 'NONE',  ( -9.452509259947758480, 35.30567485502977121, 19.52473833185180396 ) ) ;
#1805 = VERTEX_POINT ( 'NONE', #2707 ) ;
#1806 = FACE_OUTER_BOUND ( 'NONE', #1618, .T. ) ;
#1807 = CARTESIAN_POINT ( 'NONE',  ( -13.91881133498340972, 36.47032196325217512, 15.97059607885884702 ) ) ;
#1808 = CARTESIAN_POINT ( 'NONE',  ( 11.14808389609974171, 43.66057838605775743, 0.6448741140208762435 ) ) ;
#1809 = CARTESIAN_POINT ( 'NONE',  ( 8.281505777290499637, 35.14327969953600928, 18.90169467159016037 ) ) ;
#1810 = CARTESIAN_POINT ( 'NONE',  ( -13.97406211285860955, 33.79460328345997766, 17.71120036985171353 ) ) ;
#1811 = CARTESIAN_POINT ( 'NONE',  ( 8.312040206615218807, 32.96227355052685226, 15.09899138158224474 ) ) ;
#1812 = CARTESIAN_POINT ( 'NONE',  ( 13.00041422403283597, 32.57659720608059928, 19.15337408490746895 ) ) ;
#1813 = CARTESIAN_POINT ( 'NONE',  ( 12.06627158758012008, 36.14976869927851055, 14.72490507711027519 ) ) ;
#1814 = EDGE_CURVE ( 'NONE', #371, #1226, #756, .T. ) ;
#1815 = EDGE_CURVE ( 'NONE', #1666, #333, #1828, .T. ) ;
#1816 = CARTESIAN_POINT ( 'NONE',  ( -14.55852743107701386, 32.62489883329749318, 13.67137553314939602 ) ) ;
#1817 = CARTESIAN_POINT ( 'NONE',  ( -11.14724922944242635, 36.58940317515602914, 17.45396038952503659 ) ) ;
#1818 = CARTESIAN_POINT ( 'NONE',  ( 9.932746085024216853, 35.54108879422960854, 18.70161032139224488 ) ) ;
#1819 = ORIENTED_EDGE ( 'NONE', *, *, #127, .F. ) ;
#1820 = CARTESIAN_POINT ( 'NONE',  ( 13.01006678471375366, 35.59696563523839075, 16.30563420230999583 ) ) ;
#1821 = CARTESIAN_POINT ( 'NONE',  ( -14.50516119171143892, 35.63847705485842710, 10.68466320063651054 ) ) ;
#1822 = CARTESIAN_POINT ( 'NONE',  ( 12.41973144719791655, 43.02568011323200636, 0.2530040613753298251 ) ) ;
#1823 = CARTESIAN_POINT ( 'NONE',  ( 8.124382121465897555, 34.10046047395869095, 19.39937851071848840 ) ) ;
#1824 = CARTESIAN_POINT ( 'NONE',  ( -12.06967433291425351, 36.59301187375933040, 16.80086965182466230 ) ) ;
#1825 = CARTESIAN_POINT ( 'NONE',  ( 9.554249592241340849, 31.32924674655299668, 20.40653938020725633 ) ) ;
#1826 = DIRECTION ( 'NONE',  ( 0.000000000000000000, 0.000000000000000000, 1.000000000000000000 ) ) ;
#1827 = CARTESIAN_POINT ( 'NONE',  ( 13.46608234015863736, 34.90898028101864270, 14.74411602551972678 ) ) ;
#1828 = B_SPLINE_CURVE_WITH_KNOTS ( 'NONE', 3,
 ( #711, #518, #2693, #735, #1586, #2456, #67, #1600, #1411, #2470, #1612, #2482, #1398, #2265 ),
 .UNSPECIFIED., .F., .F.,
 ( 4, 2, 2, 2, 2, 2, 4 ),
 ( 0.002347029622910723479, 0.002933654178306137599, 0.003226966456003839672, 0.003520278733701542179, 0.003813591011399244252, 0.004106903289096946325, 0.004693527844492344399 ),
 .UNSPECIFIED. ) ;
#1829 = CARTESIAN_POINT ( 'NONE',  ( -9.553703690947868310, 31.33061968796188523, 17.86919144205689847 ) ) ;
#1830 = DIRECTION ( 'NONE',  ( 0.8660254037844393737, -0.4999999999999985012, 0.000000000000000000 ) ) ;
#1831 = CARTESIAN_POINT ( 'NONE',  ( 9.703550966569386205, 35.26220258430183208, 19.08979548737614351 ) ) ;
#1832 = VERTEX_POINT ( 'NONE', #2053 ) ;
#1833 = CARTESIAN_POINT ( 'NONE',  ( -13.61991027457498227, 32.90392622034628545, 18.60851821656046212 ) ) ;
#1834 = CARTESIAN_POINT ( 'NONE',  ( 18.71647923187790141, 55.26942363939281222, 0.6448741140208762435 ) ) ;
#1835 = CARTESIAN_POINT ( 'NONE',  ( 8.124382121465897555, 33.87725126623740834, 19.52325171891161304 ) ) ;
#1836 = CARTESIAN_POINT ( 'NONE',  ( 12.87032791956840860, 37.18598944679703777, 10.61649075183990476 ) ) ;
#1837 = ORIENTED_EDGE ( 'NONE', *, *, #1815, .F. ) ;
#1838 = CARTESIAN_POINT ( 'NONE',  ( 14.54293282635615903, 32.62865482742797951, 17.97503924626182226 ) ) ;
#1839 = CARTESIAN_POINT ( 'NONE',  ( -0.0006178785341007960157, 24.10046047395869451, 0.6448741140208762435 ) ) ;
#1840 = CARTESIAN_POINT ( 'NONE',  ( 13.62376181292658828, 34.15180174886805986, 15.22426705907440514 ) ) ;
#1841 = CARTESIAN_POINT ( 'NONE',  ( 12.87227365559066250, 32.46002300307791444, 19.08767119837171578 ) ) ;
#1842 = CARTESIAN_POINT ( 'NONE',  ( 9.890718192338399106, 36.52940387875904804, 14.21454688929920529 ) ) ;
#1843 = CARTESIAN_POINT ( 'NONE',  ( 23.40072800370172601, 26.85206346153490742, 0.6448741140208761324 ) ) ;
#1844 = CARTESIAN_POINT ( 'NONE',  ( 9.409968710146658921, 34.57122980319235239, 19.83216876965951769 ) ) ;
#1845 = ORIENTED_EDGE ( 'NONE', *, *, #2407, .F. ) ;
#1846 = CARTESIAN_POINT ( 'NONE',  ( -11.16420884107642664, 31.86432659793305433, 20.80595347563044939 ) ) ;
#1847 = CARTESIAN_POINT ( 'NONE',  ( -0.0006178785341007960157, 16.60046047395869451, -4.792625885979124867 ) ) ;
#1848 =( BOUNDED_SURFACE ( )  B_SPLINE_SURFACE ( 3, 3, ( 
 ( #1752, #2621, #2660, #447 ),
 ( #1794, #1326, #2193, #1350 ),
 ( #233, #705, #1580, #2448 ),
 ( #460, #2022, #1150, #60 ) ),
 .UNSPECIFIED., .F., .F., .T. ) 
 B_SPLINE_SURFACE_WITH_KNOTS ( ( 4, 4 ),
 ( 4, 4 ),
 ( 0.000000000000000000, 1.000000000000000000 ),
 ( 0.000000000000000000, 1.000000000000000000 ),
 .UNSPECIFIED. ) 
 GEOMETRIC_REPRESENTATION_ITEM ( )  RATIONAL_B_SPLINE_SURFACE ( (
 ( 1.000000000000000000, 0.3333333333333292070, 0.3333333333333292070, 1.000000000000000000),
 ( 0.8125496080982681502, 0.2708498693660860157, 0.2708498693660860157, 0.8125496080982681502),
 ( 0.8125496080982681502, 0.2708498693660860157, 0.2708498693660860157, 0.8125496080982681502),
 ( 1.000000000000000000, 0.3333333333333292070, 0.3333333333333292070, 1.000000000000000000) ) ) 
 REPRESENTATION_ITEM ( '' )  SURFACE ( )  );
#1849 = DIRECTION ( 'NONE',  ( 0.000000000000000000, 0.000000000000000000, 1.000000000000000000 ) ) ;
#1850 = CARTESIAN_POINT ( 'NONE',  ( 8.124382121465897555, 34.10046047395869095, 13.92421710713038330 ) ) ;
#1851 = EDGE_CURVE ( 'NONE', #2462, #1639, #671, .T. ) ;
#1852 = VERTEX_POINT ( 'NONE', #2765 ) ;
#1853 = CARTESIAN_POINT ( 'NONE',  ( 14.81446183726171384, 33.35671540276289448, 12.42831838161446001 ) ) ;
#1854 =( LENGTH_UNIT ( ) NAMED_UNIT ( * ) SI_UNIT ( .MILLI., .METRE. ) );
#1855 = CARTESIAN_POINT ( 'NONE',  ( 10.19748073196191562, 42.76717261312904839, 0.6448741140208762435 ) ) ;
#1856 = CARTESIAN_POINT ( 'NONE',  ( 13.28888345882862154, 35.25680116979621914, 14.59054734383152407 ) ) ;
#1857 = CARTESIAN_POINT ( 'NONE',  ( 9.920484778927823655, 32.67638277663084523, 20.88765581415518824 ) ) ;
#1858 = AXIS2_PLACEMENT_3D ( 'NONE', #1474, #767, #2313 ) ;
#1859 = CARTESIAN_POINT ( 'NONE',  ( -8.126525899579037926, 34.17874404535885446, 16.81142060879937361 ) ) ;
#1860 = CARTESIAN_POINT ( 'NONE',  ( -14.16315506316889916, 31.93213562383335358, 14.88530430092910350 ) ) ;
#1861 = CARTESIAN_POINT ( 'NONE',  ( 12.82885843464544173, 35.76033603482201784, 16.29915736416717209 ) ) ;
#1862 = ORIENTED_EDGE ( 'NONE', *, *, #1814, .F. ) ;
#1863 = CARTESIAN_POINT ( 'NONE',  ( -12.61093662594367082, 32.27324517623553390, 19.41118233695695849 ) ) ;
#1864 = LINE ( 'NONE', #2538, #929 ) ;
#1865 = EDGE_CURVE ( 'NONE', #691, #1805, #1969, .T. ) ;
#1866 = FACE_BOUND ( 'NONE', #151, .T. ) ;
#1867 = PLANE ( 'NONE',  #1181 ) ;
#1868 = ORIENTED_EDGE ( 'NONE', *, *, #134, .T. ) ;
#1869 = DIRECTION ( 'NONE',  ( 0.5000000000000009992, 0.8660254037844380415, -0.000000000000000000 ) ) ;
#1870 = DIRECTION ( 'NONE',  ( -0.8660254037844394848, -0.4999999999999985012, 0.000000000000000000 ) ) ;
#1871 = CARTESIAN_POINT ( 'NONE',  ( 13.62084776877783554, 34.22416571185139134, 17.07577904243718692 ) ) ;
#1872 = CARTESIAN_POINT ( 'NONE',  ( 10.06574463320391999, 35.67405062666558280, 16.40864511869976283 ) ) ;
#1873 = CARTESIAN_POINT ( 'NONE',  ( -12.57131551225015187, 30.89321134464202601, 18.83027738853687794 ) ) ;
#1874 = CARTESIAN_POINT ( 'NONE',  ( -9.141028348234465639, 31.68369694140360338, 17.88263084499397593 ) ) ;
#1875 = CARTESIAN_POINT ( 'NONE',  ( 16.60033555590936061, 50.10415527649975331, 0.6448741140208763545 ) ) ;
#1876 = ORIENTED_EDGE ( 'NONE', *, *, #2160, .T. ) ;
#1877 = CARTESIAN_POINT ( 'NONE',  ( 11.58965004888367645, 36.22791374653347418, 16.86085116776171233 ) ) ;
#1878 = CARTESIAN_POINT ( 'NONE',  ( -9.570420945261423284, 35.01750615645309495, 19.37764691350909274 ) ) ;
#1879 = DIRECTION ( 'NONE',  ( 0.000000000000000000, 0.000000000000000000, -1.000000000000000000 ) ) ;
#1880 = FACE_OUTER_BOUND ( 'NONE', #1441, .T. ) ;
#1881 = ORIENTED_EDGE ( 'NONE', *, *, #1477, .T. ) ;
#1882 = DIRECTION ( 'NONE',  ( -0.000000000000000000, 1.000000000000000000, -0.000000000000000000 ) ) ;
#1883 = CARTESIAN_POINT ( 'NONE',  ( 11.83134749563582488, 31.99715957087079232, 20.13761621493600629 ) ) ;
#1884 = CARTESIAN_POINT ( 'NONE',  ( -8.293518615967578000, 33.01822104660184465, 20.00617595016616335 ) ) ;
#1885 = CARTESIAN_POINT ( 'NONE',  ( -10.69612435069417700, 30.82213426013394297, 20.20265237799985769 ) ) ;
#1886 = FACE_OUTER_BOUND ( 'NONE', #2221, .T. ) ;
#1887 = CARTESIAN_POINT ( 'NONE',  ( 12.62869327029676114, 35.90751872887511098, 16.32358584362061649 ) ) ;
#1888 = ORIENTED_EDGE ( 'NONE', *, *, #1477, .F. ) ;
#1889 = CARTESIAN_POINT ( 'NONE',  ( 9.254748220884344789, 34.76055145309777572, 20.02235562554153248 ) ) ;
#1890 = CARTESIAN_POINT ( 'NONE',  ( -12.40877667233721660, 43.03176768437090516, 0.2667154904634007062 ) ) ;
#1891 = CARTESIAN_POINT ( 'NONE',  ( 8.124382121465899331, 34.10046047395996283, 16.86691707947191787 ) ) ;
#1892 = CARTESIAN_POINT ( 'NONE',  ( -11.21424547093295132, 37.46928445922164741, 11.90317745636169811 ) ) ;
#1893 = B_SPLINE_CURVE_WITH_KNOTS ( 'NONE', 3,
 ( #1404, #2273, #2714, #1222, #759, #990, #1863, #2729, #1722, #174, #1697, #159, #2551, #805, #359, #1294, #859, #147, #2786, #603, #1735, #615, #819, #2161, #2350, #2363 ),
 .UNSPECIFIED., .F., .F.,
 ( 4, 2, 2, 2, 2, 2, 2, 2, 2, 2, 2, 2, 4 ),
 ( 0.0001761285676912494286, 0.001152386059966962421, 0.002128643552242675142, 0.003104901044518388296, 0.003593029790656249427, 0.004081158536794111426, 0.004569287282931972990, 0.005057416029069834555, 0.005545544775207696120, 0.006033673521345558552, 0.006521802267483420117, 0.007009931013621280814, 0.007986188505897025627 ),
 .UNSPECIFIED. ) ;
#1894 = ORIENTED_EDGE ( 'NONE', *, *, #427, .F. ) ;
#1895 = CARTESIAN_POINT ( 'NONE',  ( -12.89453298273356019, 36.24978260850923562, 13.99290684127917217 ) ) ;
#1896 =( NAMED_UNIT ( * ) PLANE_ANGLE_UNIT ( ) SI_UNIT ( $, .RADIAN. ) );
#1897 = FACE_OUTER_BOUND ( 'NONE', #297, .T. ) ;
#1898 = CARTESIAN_POINT ( 'NONE',  ( 13.60110599108249829, 34.52966337448089007, 17.45328691744400729 ) ) ;
#1899 = CARTESIAN_POINT ( 'NONE',  ( 9.978545870038841414, 32.61420243096682725, 20.89460514268539271 ) ) ;
#1900 = EDGE_CURVE ( 'NONE', #1349, #2263, #2718, .T. ) ;
#1901 = CARTESIAN_POINT ( 'NONE',  ( -11.57357468353337460, 30.71843304867311630, 19.92630895350665554 ) ) ;
#1902 = CARTESIAN_POINT ( 'NONE',  ( 12.64129204343860380, 35.90422742379952581, 17.03682525101795164 ) ) ;
#1903 = ORIENTED_EDGE ( 'NONE', *, *, #84, .T. ) ;
#1904 = CARTESIAN_POINT ( 'NONE',  ( 9.374382121465894002, 34.10046047395869095, 17.91296529932004944 ) ) ;
#1905 = CARTESIAN_POINT ( 'NONE',  ( -12.83967634302270966, 35.75257564386847520, 16.29866494833080282 ) ) ;
#1906 = CARTESIAN_POINT ( 'NONE',  ( 24.98541946442455242, 23.62740737466491581, 50.61694879993748941 ) ) ;
#1907 = ORIENTED_EDGE ( 'NONE', *, *, #1359, .F. ) ;
#1908 = CARTESIAN_POINT ( 'NONE',  ( -7.408411637079212575, 43.79890889688616085, 15.46046163111109095 ) ) ;
#1909 = CARTESIAN_POINT ( 'NONE',  ( 9.891843466036442933, 32.55568284853946892, 21.09590351734433611 ) ) ;
#1910 = VECTOR ( 'NONE', #2540, 1000.000000000000000 ) ;
#1911 = CARTESIAN_POINT ( 'NONE',  ( -9.370070299330361507, 34.31214567787252889, 20.05545155775532251 ) ) ;
#1912 = CARTESIAN_POINT ( 'NONE',  ( 12.70591365201991252, 32.07268667945510998, 19.75920565805273910 ) ) ;
#1913 = CARTESIAN_POINT ( 'NONE',  ( -24.69143962428971051, 31.83869457071470421, 0.6448741140208731348 ) ) ;
#1914 = CARTESIAN_POINT ( 'NONE',  ( -14.85658815267387567, 33.68675842202593174, 12.29413076898128487 ) ) ;
#1915 = DIRECTION ( 'NONE',  ( -1.223962608782464236E-16, 0.000000000000000000, -1.000000000000000000 ) ) ;
#1916 = CARTESIAN_POINT ( 'NONE',  ( -0.0006178785341007960157, 24.10046047395869451, 5.582374114020876910 ) ) ;
#1917 = CARTESIAN_POINT ( 'NONE',  ( -12.40050825790145517, 36.50414912905213782, 16.63661617369528045 ) ) ;
#1918 = CARTESIAN_POINT ( 'NONE',  ( -10.35019431526268896, 32.28364178297982079, 18.51931167310200266 ) ) ;
#1919 = CARTESIAN_POINT ( 'NONE',  ( -14.10231682843323320, 36.25365219442429776, 10.62780245584087169 ) ) ;
#1920 = ORIENTED_EDGE ( 'NONE', *, *, #587, .F. ) ;
#1921 = CARTESIAN_POINT ( 'NONE',  ( 11.53900371154756321, 42.12853899657236667, 0.6448741140208789080 ) ) ;
#1922 = CARTESIAN_POINT ( 'NONE',  ( -9.501089251188234996, 36.82098905290796154, 12.21038036859373932 ) ) ;
#1923 = CARTESIAN_POINT ( 'NONE',  ( -11.33715442649133820, 31.83866521386234538, 20.72250720959667802 ) ) ;
#1924 = CARTESIAN_POINT ( 'NONE',  ( 10.84675370678782258, 32.07051824994840672, 20.87110531350942466 ) ) ;
#1925 =( BOUNDED_CURVE ( )  B_SPLINE_CURVE ( 3, ( #722, #277, #1771, #467 ),
 .UNSPECIFIED., .F., .T. ) 
 B_SPLINE_CURVE_WITH_KNOTS ( ( 4, 4 ),
 ( 0.03342329360297418422, 1.047513976255330936 ),
 .UNSPECIFIED. ) 
 CURVE ( )  GEOMETRIC_REPRESENTATION_ITEM ( )  RATIONAL_B_SPLINE_CURVE ( ( 1.000000000000000000, 0.9161220621023231647, 0.9161220621023231647, 1.000000000000000000 ) ) 
 REPRESENTATION_ITEM ( '' )  );
#1926 = CARTESIAN_POINT ( 'NONE',  ( -14.41458953010709365, 35.82202974540195584, 13.30391186652491697 ) ) ;
#1927 = AXIS2_PLACEMENT_3D ( 'NONE', #2721, #2749, #1870 ) ;
#1928 = CARTESIAN_POINT ( 'NONE',  ( -8.486847422437016064, 32.58062316339589870, 15.22547788163791260 ) ) ;
#1929 = AXIS2_PLACEMENT_3D ( 'NONE', #2535, #2576, #370 ) ;
#1930 = CARTESIAN_POINT ( 'NONE',  ( 11.43049009568974128, 36.62870879378804290, 17.22414031067215845 ) ) ;
#1931 = CARTESIAN_POINT ( 'NONE',  ( -13.97406211285860955, 33.79460328345997766, 17.71120036985171353 ) ) ;
#1932 = CARTESIAN_POINT ( 'NONE',  ( -12.34398533896262329, 32.13369997229031583, 17.46103905238456733 ) ) ;
#1933 = CARTESIAN_POINT ( 'NONE',  ( -15.95205226013923827, 50.47915527649975331, 0.6448741140208762435 ) ) ;
#1934 = ORIENTED_EDGE ( 'NONE', *, *, #1990, .T. ) ;
#1935 = ORIENTED_EDGE ( 'NONE', *, *, #2060, .T. ) ;
#1936 = EDGE_CURVE ( 'NONE', #1579, #1805, #1036, .T. ) ;
#1937 = CARTESIAN_POINT ( 'NONE',  ( -14.87561787853428186, 34.10046047396805591, 14.61859562261938095 ) ) ;
#1938 = CARTESIAN_POINT ( 'NONE',  ( -9.376189595488506612, 34.14975013003368787, 20.17140294355892394 ) ) ;
#1939 = CARTESIAN_POINT ( 'NONE',  ( -9.414544015962006185, 33.66317476521445684, 20.67628567184652866 ) ) ;
#1940 = CARTESIAN_POINT ( 'NONE',  ( 13.61990772766169400, 34.23871254588979696, 17.06360166521269761 ) ) ;
#1941 = ADVANCED_FACE ( 'NONE', ( #1897 ), #2558, .T. ) ;
#1942 = CARTESIAN_POINT ( 'NONE',  ( -14.10231682843290812, 36.25365219442469567, 13.12780245584073846 ) ) ;
#1943 = CARTESIAN_POINT ( 'NONE',  ( -15.25412268738399391, 39.76928941199870593, -29.86213550367891045 ) ) ;
#1944 = B_SPLINE_SURFACE_WITH_KNOTS ( 'NONE', 3, 1, ( 
 ( #2384, #1095 ),
 ( #20, #2357 ),
 ( #395, #1069 ),
 ( #1954, #1312 ),
 ( #2584, #1275 ),
 ( #854, #1053 ),
 ( #1703, #180 ),
 ( #637, #1922 ),
 ( #2792, #422 ),
 ( #621, #2181 ),
 ( #1966, #8 ),
 ( #879, #719 ),
 ( #2209, #1351 ),
 ( #730, #1568 ),
 ( #2424, #249 ),
 ( #1124, #951 ),
 ( #2661, #1581 ),
 ( #1377, #474 ),
 ( #2646, #502 ),
 ( #49, #894 ),
 ( #1998, #34 ),
 ( #908, #1781 ),
 ( #1607, #2248 ),
 ( #693, #2450 ),
 ( #287, #2437 ),
 ( #681, #1365 ),
 ( #706, #2223 ),
 ( #1807, #261 ),
 ( #513, #1164 ),
 ( #1555, #2023 ),
 ( #62, #1796 ),
 ( #2635, #1339 ),
 ( #2034, #1821 ),
 ( #2688, #2048 ),
 ( #2477, #75 ),
 ( #1137, #2009 ),
 ( #1767, #1390 ),
 ( #462, #486 ),
 ( #2260, #921 ),
 ( #2236, #273 ) ),
 .UNSPECIFIED., .F., .F., .F.,
 ( 4, 2, 2, 2, 2, 2, 2, 2, 2, 2, 2, 2, 2, 2, 2, 2, 2, 2, 2, 4 ),
 ( 2, 2 ),
 ( 0.000000000000000000, 0.1249999999999992784, 0.2499999999999985567, 0.3124999999999982236, 0.3437499999999982792, 0.3749999999999983902, 0.4374999999999990008, 0.4999999999999996669, 0.5625000000000003331, 0.5937500000000007772, 0.6093750000000007772, 0.6250000000000007772, 0.6875000000000011102, 0.7500000000000014433, 0.8125000000000017764, 0.8437500000000018874, 0.8593750000000013323, 0.8750000000000007772, 0.9375000000000003331, 1.000000000000000000 ),
 ( 0.000000000000000000, 1.000000000000000000 ),
 .UNSPECIFIED. ) ;
#1945 =( NAMED_UNIT ( * ) SI_UNIT ( $, .STERADIAN. ) SOLID_ANGLE_UNIT ( ) );
#1946 = CARTESIAN_POINT ( 'NONE',  ( 12.39276544014249026, 36.50640799577287510, 16.63943927797881983 ) ) ;
#1947 = CARTESIAN_POINT ( 'NONE',  ( -12.89321856091000029, 36.26185793028409421, 16.48246679462526387 ) ) ;
#1948 = CARTESIAN_POINT ( 'NONE',  ( -9.376189595488520823, 34.14975013003430604, 17.88016359789405030 ) ) ;
#1949 = CARTESIAN_POINT ( 'NONE',  ( -13.14694920655624344, 35.48503611490491494, 14.50720092661613947 ) ) ;
#1950 = CIRCLE ( 'NONE', #77, 24.98603734295800294 ) ;
#1951 = CARTESIAN_POINT ( 'NONE',  ( -10.38954573829827943, 35.91600623404774950, 16.02572862304655743 ) ) ;
#1952 = EDGE_CURVE ( 'NONE', #2263, #1349, #2361, .T. ) ;
#1953 = CARTESIAN_POINT ( 'NONE',  ( -23.62746315541818731, 25.47990177096501796, 0.6448741140208732459 ) ) ;
#1954 = CARTESIAN_POINT ( 'NONE',  ( -8.535744775187044553, 35.76135405948793533, 18.51715933198105191 ) ) ;
#1955 = CARTESIAN_POINT ( 'NONE',  ( -9.759492780597382122, 32.69801361145458429, 21.08215813367093716 ) ) ;
#1956 = CARTESIAN_POINT ( 'NONE',  ( 10.16565710542073653, 32.44378075601548517, 21.02292074274419065 ) ) ;
#1957 = CARTESIAN_POINT ( 'NONE',  ( -0.0006178785341007960157, 23.60046047395869451, 0.6448741140208762435 ) ) ;
#1958 = FACE_OUTER_BOUND ( 'NONE', #1051, .T. ) ;
#1959 = CARTESIAN_POINT ( 'NONE',  ( 14.11865943625312347, 36.23189383638288774, 10.63513242673819015 ) ) ;
#1960 = CARTESIAN_POINT ( 'NONE',  ( 13.48516988874632183, 33.34141707445278513, 15.91814588374266748 ) ) ;
#1961 = CARTESIAN_POINT ( 'NONE',  ( -12.43439059480002307, 36.02800540421194597, 17.07977043262337347 ) ) ;
#1962 = CARTESIAN_POINT ( 'NONE',  ( 13.94803335883126572, 33.66067686269200010, 17.83086667352007737 ) ) ;
#1963 = CARTESIAN_POINT ( 'NONE',  ( -9.768255923450631428, 35.35430095427642527, 19.12979427320576420 ) ) ;
#1964 = CARTESIAN_POINT ( 'NONE',  ( -11.54831445008790780, 36.22538052097765160, 15.02151582012208486 ) ) ;
#1965 = CARTESIAN_POINT ( 'NONE',  ( 14.06673490452954312, 40.62957519316281463, 28.77957968014817780 ) ) ;
#1966 = CARTESIAN_POINT ( 'NONE',  ( -9.824340181252296134, 37.03127738847296513, 17.43191771460471884 ) ) ;
#1967 = CARTESIAN_POINT ( 'NONE',  ( -10.32761884360786375, 32.20221966314943529, 21.07148171259141733 ) ) ;
#1968 = CARTESIAN_POINT ( 'NONE',  ( 9.758129326753220312, 32.87226200041448720, 20.85251285308227409 ) ) ;
#1969 = B_SPLINE_CURVE_WITH_KNOTS ( 'NONE', 3,
 ( #380, #799, #610, #2297, #1674, #597, #812, #1276, #2530, #1040, #2112, #2138, #2543, #580, #2085, #366, #1213, #336 ),
 .UNSPECIFIED., .F., .F.,
 ( 4, 2, 2, 2, 2, 2, 2, 2, 4 ),
 ( 0.05709233692289740481, 0.2463053356568975505, 0.4355183343908976545, 0.6247313331248973700, 0.8139443318588971410, 1.003157330592897134, 1.192370329326897016, 1.381583328060896676, 1.570796326794896558 ),
 .UNSPECIFIED. ) ;
#1970 = DIRECTION ( 'NONE',  ( 0.000000000000000000, -1.000000000000000000, 0.000000000000000000 ) ) ;
#1971 = CARTESIAN_POINT ( 'NONE',  ( -7.408411637079208134, 43.79890889688616085, -14.17071340306934424 ) ) ;
#1972 = CARTESIAN_POINT ( 'NONE',  ( -13.62561787853440798, 34.10046047395901070, 17.18228107209296240 ) ) ;
#1973 = CARTESIAN_POINT ( 'NONE',  ( 12.99191008733177632, 32.58268284290993932, 16.76505189971920018 ) ) ;
#1974 = CARTESIAN_POINT ( 'NONE',  ( -13.62561787853410422, 34.10046047395869095, 17.76291807676096468 ) ) ;
#1975 = CARTESIAN_POINT ( 'NONE',  ( 13.67111842441644676, 31.50957500104477305, 15.16888720053176520 ) ) ;
#1976 = CARTESIAN_POINT ( 'NONE',  ( -10.94611179083348418, 36.16894313339227551, 17.77669784166939948 ) ) ;
#1977 = ORIENTED_EDGE ( 'NONE', *, *, #2823, .T. ) ;
#1978 = CYLINDRICAL_SURFACE ( 'NONE', #2393, 6.187500000000000888 ) ;
#1979 = ADVANCED_FACE ( 'NONE', ( #1689 ), #2216, .T. ) ;
#1980 = CARTESIAN_POINT ( 'NONE',  ( 5.958460498902071301, 44.19198071623970492, 12.56303086889322529 ) ) ;
#1981 = DIRECTION ( 'NONE',  ( -0.000000000000000000, 1.000000000000000000, 0.000000000000000000 ) ) ;
#1982 = CARTESIAN_POINT ( 'NONE',  ( -9.324697770010093478, 33.49413471268682940, 20.82204455622909478 ) ) ;
#1983 = CARTESIAN_POINT ( 'NONE',  ( 9.545631672483031238, 33.00055468985751617, 21.01131777568662784 ) ) ;
#1984 = VECTOR ( 'NONE', #1585, 1000.000000000000000 ) ;
#1985 = CARTESIAN_POINT ( 'NONE',  ( 11.42286754605929389, 36.24015955980590320, 15.09557374996337309 ) ) ;
#1986 = CARTESIAN_POINT ( 'NONE',  ( -10.69612435069417700, 30.82213426013394297, 15.13488611569613340 ) ) ;
#1987 = CARTESIAN_POINT ( 'NONE',  ( 3.006254934138405499, 44.71776433906408244, -5.368871511324134538 ) ) ;
#1988 = CARTESIAN_POINT ( 'NONE',  ( 14.86844897446138170, 34.38673693181272029, 14.35336705960850523 ) ) ;
#1989 = AXIS2_PLACEMENT_3D ( 'NONE', #488, #2690, #1407 ) ;
#1990 = EDGE_CURVE ( 'NONE', #1651, #2305, #2298, .T. ) ;
#1991 = CARTESIAN_POINT ( 'NONE',  ( 11.04262268648937884, 32.02478019834678946, 18.28769127583798593 ) ) ;
#1992 = CARTESIAN_POINT ( 'NONE',  ( -9.851569917122178666, 35.46272363087922486, 18.82576296365865076 ) ) ;
#1993 = CARTESIAN_POINT ( 'NONE',  ( 10.02927697610870261, 32.42439794672977627, 21.10050968391429649 ) ) ;
#1994 = CARTESIAN_POINT ( 'NONE',  ( -13.62561787853410600, 34.36694253909087138, 15.06042952474565766 ) ) ;
#1995 = VECTOR ( 'NONE', #1786, 1000.000000000000000 ) ;
#1996 = ORIENTED_EDGE ( 'NONE', *, *, #1597, .F. ) ;
#1997 = CARTESIAN_POINT ( 'NONE',  ( 13.61141260464456870, 34.37017184330222364, 16.95355507706646847 ) ) ;
#1998 = CARTESIAN_POINT ( 'NONE',  ( -12.13914994631889854, 37.41509139758075975, 16.27254261762848841 ) ) ;
#1999 = CARTESIAN_POINT ( 'NONE',  ( 12.00852125155817873, 30.75711611281661817, 19.27390928334515152 ) ) ;
#2000 = CARTESIAN_POINT ( 'NONE',  ( 14.46870435496723672, 35.72411501935154376, 10.65459148544687196 ) ) ;
#2001 = CARTESIAN_POINT ( 'NONE',  ( 9.584595080117841448, 35.13919757424237389, 17.09159935039049216 ) ) ;
#2002 = CARTESIAN_POINT ( 'NONE',  ( 10.95318048154365265, 30.76096691520967141, 15.02819241632383296 ) ) ;
#2003 = CARTESIAN_POINT ( 'NONE',  ( 11.99360202030092459, 37.44745564665508653, 13.75668074643663275 ) ) ;
#2004 = CARTESIAN_POINT ( 'NONE',  ( 13.62459500649181976, 34.08620972629861257, 15.27362210968094658 ) ) ;
#2005 = CARTESIAN_POINT ( 'NONE',  ( -9.752742480161447958, 35.76877736885300152, 19.00509122348249136 ) ) ;
#2006 = CARTESIAN_POINT ( 'NONE',  ( 11.91604762258069350, 36.21065939479213824, 17.28700651565044311 ) ) ;
#2007 = ORIENTED_EDGE ( 'NONE', *, *, #971, .T. ) ;
#2008 = CARTESIAN_POINT ( 'NONE',  ( -13.62561787853409712, 34.16858387027800603, 15.21115396339110504 ) ) ;
#2009 = CARTESIAN_POINT ( 'NONE',  ( -14.70281994601212361, 35.19308834691668153, 10.82029814690342917 ) ) ;
#2010 = CARTESIAN_POINT ( 'NONE',  ( 10.58934665653224272, 30.84093047808512722, 20.07581102713264087 ) ) ;
#2011 = CARTESIAN_POINT ( 'NONE',  ( 13.21103549982625047, 37.01907282641335684, 16.02578895410873727 ) ) ;
#2012 = CARTESIAN_POINT ( 'NONE',  ( 10.21593586076822113, 35.86061668098162158, 18.49233868270225045 ) ) ;
#2013 = CARTESIAN_POINT ( 'NONE',  ( 8.124382121465897555, 34.10046047395869095, 14.70109019368116421 ) ) ;
#2014 = CARTESIAN_POINT ( 'NONE',  ( 12.38437445793388392, 32.15204338796360162, 19.81236996904908665 ) ) ;
#2015 = CARTESIAN_POINT ( 'NONE',  ( 13.05103881927964871, 37.09940426835638760, 13.17793177962460227 ) ) ;
#2016 = AXIS2_PLACEMENT_3D ( 'NONE', #1847, #2760, #760 ) ;
#2017 =( BOUNDED_SURFACE ( )  B_SPLINE_SURFACE ( 3, 3, ( 
 ( #434, #2569, #1540, #2396 ),
 ( #1953, #2803, #1052, #1311 ),
 ( #1094, #864, #608, #394 ),
 ( #2180, #2383, #2412, #853 ),
 ( #2356, #636, #1487, #1274 ),
 ( #2583, #192, #1727, #1513 ),
 ( #421, #2595, #405, #1740 ),
 ( #1286, #1258, #1300, #2136 ),
 ( #2167, #620, #221, #207 ),
 ( #1080, #663, #878, #1715 ),
 ( #2816, #179, #1965, #7 ),
 ( #1753, #2622, #1500, #1921 ),
 ( #2125, #2369, #2791, #165 ),
 ( #1038, #1908, #2778, #824 ),
 ( #837, #2150, #1980, #893 ),
 ( #1327, #2194, #1554, #19 ),
 ( #448, #234, #1109, #680 ),
 ( #1766, #2634, #551, #567 ) ),
 .UNSPECIFIED., .F., .F., .F. ) 
 B_SPLINE_SURFACE_WITH_KNOTS ( ( 4, 2, 2, 2, 2, 2, 2, 2, 4 ),
 ( 4, 4 ),
 ( 0.000000000000000000, 0.1250000000000001665, 0.2500000000000003331, 0.3750000000000002220, 0.5000000000000001110, 0.6250000000000001110, 0.7500000000000001110, 0.8750000000000000000, 1.000000000000000000 ),
 ( 0.000000000000000000, 1.000000000000000000 ),
 .UNSPECIFIED. ) 
 GEOMETRIC_REPRESENTATION_ITEM ( )  RATIONAL_B_SPLINE_SURFACE ( (
 ( 1.000000000000000000, 0.3333333333333334259, 0.3333333333333334259, 1.000000000000000000),
 ( 1.000000000000000000, 0.3333333333333334259, 0.3333333333333334259, 1.000000000000000000),
 ( 1.000000000000000000, 0.3333333333333334259, 0.3333333333333334259, 1.000000000000000000),
 ( 1.000000000000000000, 0.3333333333333334259, 0.3333333333333334259, 1.000000000000000000),
 ( 1.000000000000000000, 0.3333333333333334259, 0.3333333333333334259, 1.000000000000000000),
 ( 1.000000000000000000, 0.3333333333333334259, 0.3333333333333334259, 1.000000000000000000),
 ( 1.000000000000000000, 0.3333333333333334259, 0.3333333333333334259, 1.000000000000000000),
 ( 1.000000000000000000, 0.3333333333333334259, 0.3333333333333334259, 1.000000000000000000),
 ( 1.000000000000000000, 0.3333333333333334259, 0.3333333333333334259, 1.000000000000000000),
 ( 1.000000000000000000, 0.3333333333333334259, 0.3333333333333334259, 1.000000000000000000),
 ( 1.000000000000000000, 0.3333333333333334259, 0.3333333333333334259, 1.000000000000000000),
 ( 1.000000000000000000, 0.3333333333333334259, 0.3333333333333334259, 1.000000000000000000),
 ( 1.000000000000000000, 0.3333333333333334259, 0.3333333333333334259, 1.000000000000000000),
 ( 1.000000000000000000, 0.3333333333333334259, 0.3333333333333334259, 1.000000000000000000),
 ( 1.000000000000000000, 0.3333333333333334259, 0.3333333333333334259, 1.000000000000000000),
 ( 1.000000000000000000, 0.3333333333333334259, 0.3333333333333334259, 1.000000000000000000),
 ( 1.000000000000000000, 0.3333333333333334259, 0.3333333333333334259, 1.000000000000000000),
 ( 1.000000000000000000, 0.3333333333333334259, 0.3333333333333334259, 1.000000000000000000) ) ) 
 REPRESENTATION_ITEM ( '' )  SURFACE ( )  );
#2018 = CARTESIAN_POINT ( 'NONE',  ( 13.58733681860639742, 33.69984946978662776, 15.58848126503610665 ) ) ;
#2019 = DIRECTION ( 'NONE',  ( -0.000000000000000000, 1.000000000000000000, -0.000000000000000000 ) ) ;
#2020 = FACE_OUTER_BOUND ( 'NONE', #1388, .T. ) ;
#2021 = ORIENTED_EDGE ( 'NONE', *, *, #1851, .T. ) ;
#2022 = CARTESIAN_POINT ( 'NONE',  ( -0.0006178785340992652307, 46.10046047395873359, 0.6448741140208731348 ) ) ;
#2023 = CARTESIAN_POINT ( 'NONE',  ( -14.31669590132726810, 35.96353320572573153, 10.60349025142883939 ) ) ;
#2024 = CARTESIAN_POINT ( 'NONE',  ( 14.87339692555050519, 34.18200249881610375, 14.54264231354808601 ) ) ;
#2025 = CARTESIAN_POINT ( 'NONE',  ( 10.56374050040899348, 37.36881977002526156, 16.99275009538638059 ) ) ;
#2026 = CARTESIAN_POINT ( 'NONE',  ( -8.191084024859357271, 33.27264083286279828, 15.05474511487790679 ) ) ;
#2027 = CARTESIAN_POINT ( 'NONE',  ( 9.447223330393331509, 33.52950542690841473, 18.24247076826854297 ) ) ;
#2028 = CARTESIAN_POINT ( 'NONE',  ( 11.92317907757789364, 36.18310851187047916, 14.79716269302376119 ) ) ;
#2029 = CARTESIAN_POINT ( 'NONE',  ( 14.87339692555050519, 34.18200249881610375, 14.54264231354808601 ) ) ;
#2030 = CARTESIAN_POINT ( 'NONE',  ( -11.44088718345351907, 36.62894404923964231, 17.21759230638525651 ) ) ;
#2031 = DIRECTION ( 'NONE',  ( -1.000000000000000000, 0.000000000000000000, 0.000000000000000000 ) ) ;
#2032 = ORIENTED_EDGE ( 'NONE', *, *, #134, .F. ) ;
#2033 = CARTESIAN_POINT ( 'NONE',  ( -11.33636792727144105, 31.83874981162693274, 20.72290842603182881 ) ) ;
#2034 = CARTESIAN_POINT ( 'NONE',  ( -14.50516119171143892, 35.63847705485842710, 16.13372857311969355 ) ) ;
#2035 = CARTESIAN_POINT ( 'NONE',  ( 13.67111842441644676, 31.50957500104474462, 17.66888720053176698 ) ) ;
#2036 = CARTESIAN_POINT ( 'NONE',  ( 8.129507503223747378, 34.31762228983115648, 19.30590539673218586 ) ) ;
#2037 = CARTESIAN_POINT ( 'NONE',  ( 10.64727751254676846, 36.11632489607612229, 15.71171845100026410 ) ) ;
#2038 = CARTESIAN_POINT ( 'NONE',  ( 10.59602884753788210, 30.84630006341059882, 20.22521137550627301 ) ) ;
#2039 = CARTESIAN_POINT ( 'NONE',  ( 11.30638715628019497, 31.96175997110199773, 18.17687315301427375 ) ) ;
#2040 = CARTESIAN_POINT ( 'NONE',  ( 13.55773318384657422, 34.63066195388712032, 14.89966764518121245 ) ) ;
#2041 = AXIS2_PLACEMENT_3D ( 'NONE', #1957, #652, #1533 ) ;
#2042 = CARTESIAN_POINT ( 'NONE',  ( 7.626583681392985703, 35.44404008853443599, 16.12056897083232698 ) ) ;
#2043 = AXIS2_PLACEMENT_3D ( 'NONE', #2122, #2095, #1225 ) ;
#2044 = FACE_OUTER_BOUND ( 'NONE', #2105, .T. ) ;
#2045 = CARTESIAN_POINT ( 'NONE',  ( 9.447728111899895254, 35.30552436550549089, 19.52674286956514393 ) ) ;
#2046 = ORIENTED_EDGE ( 'NONE', *, *, #1394, .F. ) ;
#2047 = CARTESIAN_POINT ( 'NONE',  ( -13.54073700456063811, 32.79116628182928395, 18.74043752892499271 ) ) ;
#2048 = CARTESIAN_POINT ( 'NONE',  ( -14.55987209106363167, 35.52698544009490433, 10.71627926277798970 ) ) ;
#2049 = CARTESIAN_POINT ( 'NONE',  ( 12.49253069231876978, 42.98922854518212944, 0.4489374414604031527 ) ) ;
#2050 = CARTESIAN_POINT ( 'NONE',  ( 12.05673401296789926, 37.43747433617153320, 16.31962285370760313 ) ) ;
#2051 = ORIENTED_EDGE ( 'NONE', *, *, #1661, .T. ) ;
#2052 = DIRECTION ( 'NONE',  ( 0.000000000000000000, 0.000000000000000000, 1.000000000000000000 ) ) ;
#2053 = CARTESIAN_POINT ( 'NONE',  ( 9.374382121465897555, 34.10046047378270373, 20.20850948431797534 ) ) ;
#2054 = DIRECTION ( 'NONE',  ( -0.05163463563812138030, 0.7990293853844221417, -0.5990708686747431289 ) ) ;
#2055 = CARTESIAN_POINT ( 'NONE',  ( 9.758304690682347626, 32.87165951546145237, 20.85283009581786473 ) ) ;
#2056 = B_SPLINE_CURVE_WITH_KNOTS ( 'NONE', 3,
 ( #2615, #1988, #1371, #870, #267, #2418, #454, #1333, #213, #1319, #900, #469, #2430, #1345, #2015, #2187, #255, #2003, #914, #1802, #700, #2668, #1087, #1575, #480, #1601, #736, #2737, #2723, #1660, #337, #1399, #2682, #1412, #969, #1643 ),
 .UNSPECIFIED., .F., .F.,
 ( 4, 2, 2, 2, 2, 2, 2, 2, 2, 2, 2, 2, 2, 2, 2, 2, 2, 4 ),
 ( 0.002862485893840390275, 0.003692193031286879201, 0.004521900168733368128, 0.005351607306179857054, 0.005766460874903094579, 0.006181314443626332103, 0.006596168012349568760, 0.007011021581072806284, 0.007840728718519283935, 0.008670435855965760719, 0.009500142993412237502, 0.01115955726830519280, 0.01198926440575166785, 0.01281897154319814290, 0.01364867868064461968, 0.01447838581809109473, 0.01530809295553757152, 0.01613780009298404483 ),
 .UNSPECIFIED. ) ;
#2057 = CARTESIAN_POINT ( 'NONE',  ( -8.293518615967554908, 33.01822104660195123, 17.50617595016611716 ) ) ;
#2058 = CARTESIAN_POINT ( 'NONE',  ( 23.62622739834998598, 25.47990177096501796, 0.6448741140208762435 ) ) ;
#2059 = CARTESIAN_POINT ( 'NONE',  ( 12.05186001771212645, 36.17751996167847750, 17.22051703594522820 ) ) ;
#2060 = EDGE_CURVE ( 'NONE', #433, #284, #1519, .T. ) ;
#2061 = B_SPLINE_CURVE_WITH_KNOTS ( 'NONE', 3,
 ( #1891, #992, #2745, #1209, #2761, #2065, #2094, #314, #149, #1421, #2080, #1683, #2731, #979, #778, #2525, #2604, #16, #231, #1063, #2813, #2619, #1105, #2352, #1048, #2379, #1975, #2133, #1763, #1296, #2365, #1523, #1496, #390, #1483, #1308, #1271, #188 ),
 .UNSPECIFIED., .F., .F.,
 ( 4, 2, 2, 2, 2, 2, 2, 2, 2, 2, 2, 2, 2, 2, 2, 2, 2, 2, 4 ),
 ( 0.01613780009298411422, 0.01694697334864531460, 0.01775614660430651845, 0.01856531985996771883, 0.01896990648779832075, 0.01937449311562892268, 0.01977907974345952807, 0.02018366637129013347, 0.02099283962695135120, 0.02180201288261257239, 0.02261118613827379359, 0.02342035939393501479, 0.02422953264959623598, 0.02503870590525745371, 0.02584787916091867491, 0.02665705241657989610, 0.02746622567224111383, 0.02827539892790233503, 0.02908457218356355622 ),
 .UNSPECIFIED. ) ;
#2062 = EDGE_LOOP ( 'NONE', ( #1793, #1610 ) ) ;
#2063 = CARTESIAN_POINT ( 'NONE',  ( 11.72950828936617818, 36.21806275174211009, 16.75856183469237237 ) ) ;
#2064 = FACE_OUTER_BOUND ( 'NONE', #2475, .T. ) ;
#2065 = CARTESIAN_POINT ( 'NONE',  ( 8.532985252152554878, 32.47057487196725134, 17.72651672631675623 ) ) ;
#2066 = CARTESIAN_POINT ( 'NONE',  ( 11.82881472768630182, 37.46676061178879280, 16.40335772701834927 ) ) ;
#2067 = EDGE_CURVE ( 'NONE', #2341, #1467, #2486, .T. ) ;
#2068 = VERTEX_POINT ( 'NONE', #1972 ) ;
#2069 = CARTESIAN_POINT ( 'NONE',  ( 15.95081650307103160, 50.47915527649975331, 0.6448741140208762435 ) ) ;
#2070 = CARTESIAN_POINT ( 'NONE',  ( -11.55349333935193457, 31.95845564479268930, 20.42644224735822789 ) ) ;
#2071 = CARTESIAN_POINT ( 'NONE',  ( 13.58680453166961222, 33.63260629013106495, 18.02837406670535714 ) ) ;
#2072 = CARTESIAN_POINT ( 'NONE',  ( 13.60018279889891346, 34.42329870322802776, 15.03182726631636612 ) ) ;
#2073 = CARTESIAN_POINT ( 'NONE',  ( 10.17030622172480747, 32.44018774435771491, 20.89530267841692179 ) ) ;
#2074 = EDGE_CURVE ( 'NONE', #1092, #1852, #2700, .T. ) ;
#2075 = CARTESIAN_POINT ( 'NONE',  ( -8.633087318668723142, 32.31731070404471495, 17.76861514837861122 ) ) ;
#2076 = CARTESIAN_POINT ( 'NONE',  ( -13.74550328315173786, 33.14185339039622136, 14.39163071867010402 ) ) ;
#2077 = ORIENTED_EDGE ( 'NONE', *, *, #2608, .T. ) ;
#2078 = CARTESIAN_POINT ( 'NONE',  ( -10.82377354242126266, 31.95581511530002672, 20.94358213136883151 ) ) ;
#2079 = CARTESIAN_POINT ( 'NONE',  ( -12.47633294625758715, 42.99795629262560226, 0.4486361711140850472 ) ) ;
#2080 = CARTESIAN_POINT ( 'NONE',  ( 9.304789575311934513, 31.53275739227504104, 17.88358213920033890 ) ) ;
#2081 = CARTESIAN_POINT ( 'NONE',  ( 11.82881472768630182, 37.46676061178879280, 10.92819632343024594 ) ) ;
#2082 = ORIENTED_EDGE ( 'NONE', *, *, #427, .T. ) ;
#2083 = CARTESIAN_POINT ( 'NONE',  ( -0.0006178785341007960157, 24.10046047395869451, 0.6448741140208762435 ) ) ;
#2084 = FILL_AREA_STYLE ('',( #825 ) ) ;
#2085 = CARTESIAN_POINT ( 'NONE',  ( -5.959696255970276191, 44.19198071623969781, 0.6448741140208756883 ) ) ;
#2086 = CARTESIAN_POINT ( 'NONE',  ( 12.36194138562212785, 36.04314818383059560, 14.60514616945299338 ) ) ;
#2087 = CARTESIAN_POINT ( 'NONE',  ( -8.501953669381300926, 32.54690729416218176, 20.19505109969064449 ) ) ;
#2088 = CARTESIAN_POINT ( 'NONE',  ( -14.79346942449951818, 33.33447007982375965, 12.88213887006390834 ) ) ;
#2089 = CARTESIAN_POINT ( 'NONE',  ( -22.67689594609524661, 29.53418792722290220, 0.6448741140208731348 ) ) ;
#2090 = CARTESIAN_POINT ( 'NONE',  ( 13.23210245452856171, 35.34031683982758665, 16.36640901530198633 ) ) ;
#2091 = EDGE_LOOP ( 'NONE', ( #1066, #1977, #1862, #2790 ) ) ;
#2092 = CARTESIAN_POINT ( 'NONE',  ( 12.16550060704733305, 36.12417420527197010, 16.49545130630944456 ) ) ;
#2093 = CARTESIAN_POINT ( 'NONE',  ( -12.85593233900875632, 35.74539229991113132, 16.29217433223501743 ) ) ;
#2094 = CARTESIAN_POINT ( 'NONE',  ( 8.672312044048634760, 32.23879087244237240, 17.79625337980627364 ) ) ;
#2095 = DIRECTION ( 'NONE',  ( -0.000000000000000000, 1.000000000000000000, -0.000000000000000000 ) ) ;
#2096 = ORIENTED_EDGE ( 'NONE', *, *, #242, .T. ) ;
#2097 = DIRECTION ( 'NONE',  ( 0.1361855430917884857, -0.7391978643190071363, 0.6595756326904547162 ) ) ;
#2098 = CARTESIAN_POINT ( 'NONE',  ( -9.852413224677448511, 32.71881600877328822, 20.91645747532366784 ) ) ;
#2099 = CARTESIAN_POINT ( 'NONE',  ( 7.407175880011008573, 43.79890889688616085, 0.6448741140208763545 ) ) ;
#2100 = CARTESIAN_POINT ( 'NONE',  ( 14.02662741449156059, 34.08133197846431983, 17.45443052254561067 ) ) ;
#2101 = CARTESIAN_POINT ( 'NONE',  ( -8.443488643609875055, 32.66499812036155959, 20.15165139246058246 ) ) ;
#2102 = CARTESIAN_POINT ( 'NONE',  ( -14.87561787853410067, 33.89203077340400938, 12.18979385323796372 ) ) ;
#2103 = CARTESIAN_POINT ( 'NONE',  ( -18.71771498894610275, 55.26942363939281222, 0.6448741140208762435 ) ) ;
#2104 = CARTESIAN_POINT ( 'NONE',  ( 13.20460597725927165, 35.39126455514450953, 17.05378882145436137 ) ) ;
#2105 = EDGE_LOOP ( 'NONE', ( #2179, #2555, #1025, #2447 ) ) ;
#2106 = CARTESIAN_POINT ( 'NONE',  ( 13.38900508033544590, 35.84496027043903865, 16.47190166967504865 ) ) ;
#2107 = CARTESIAN_POINT ( 'NONE',  ( -11.64626193064934512, 43.41284535933680644, -0.1050577459217514054 ) ) ;
#2108 = CARTESIAN_POINT ( 'NONE',  ( -11.85781920606807383, 37.46371820854260903, 11.35976250194854309 ) ) ;
#2109 = ORIENTED_EDGE ( 'NONE', *, *, #2664, .F. ) ;
#2110 = CARTESIAN_POINT ( 'NONE',  ( -9.102401923652399418, 34.90360145129693592, 17.56969627240558651 ) ) ;
#2111 =( NAMED_UNIT ( * ) SI_UNIT ( $, .STERADIAN. ) SOLID_ANGLE_UNIT ( ) );
#2112 = CARTESIAN_POINT ( 'NONE',  ( -14.06797066159775333, 40.62957519316281463, 0.6448741140208745781 ) ) ;
#2113 = CARTESIAN_POINT ( 'NONE',  ( 9.374382121465894002, 34.10046047395869095, 17.91296529932004944 ) ) ;
#2114 = CARTESIAN_POINT ( 'NONE',  ( 9.665973805648354400, 33.01465995512472773, 20.81031901612656654 ) ) ;
#2115 = CARTESIAN_POINT ( 'NONE',  ( -10.15401640079070944, 30.99618634184824373, 15.25910954642075623 ) ) ;
#2116 = CARTESIAN_POINT ( 'NONE',  ( 12.72110936446735607, 36.36498119460704004, 16.52009251448371074 ) ) ;
#2117 = CIRCLE ( 'NONE', #2484, 0.2499999999999996669 ) ;
#2118 = EDGE_LOOP ( 'NONE', ( #1396, #1093 ) ) ;
#2119 = CARTESIAN_POINT ( 'NONE',  ( 13.99703378718844249, 34.53665606855726367, 17.11319554238076535 ) ) ;
#2120 = CARTESIAN_POINT ( 'NONE',  ( -12.01531034579676849, 36.16253442428731546, 16.58219930076348447 ) ) ;
#2121 = CARTESIAN_POINT ( 'NONE',  ( -0.0006178785341007960157, 23.62740737466491936, 0.6448741140208762435 ) ) ;
#2122 = CARTESIAN_POINT ( 'NONE',  ( -0.0006178785341007960157, 15.85046047395869628, 0.6448741140208762435 ) ) ;
#2123 = CIRCLE ( 'NONE', #890, 6.187500000000000888 ) ;
#2124 = EDGE_LOOP ( 'NONE', ( #994, #634, #2328, #1135 ) ) ;
#2125 = CARTESIAN_POINT ( 'NONE',  ( -10.19871648903011696, 42.76717261312904839, 0.6448741140208750222 ) ) ;
#2126 = CARTESIAN_POINT ( 'NONE',  ( 9.648186234904523317, 32.84187783475103828, 21.05364048394549670 ) ) ;
#2127 = CARTESIAN_POINT ( 'NONE',  ( 14.00684429043727341, 34.38571286578597608, 17.22631738370437660 ) ) ;
#2128 = CARTESIAN_POINT ( 'NONE',  ( -8.901603346718648169, 31.93349209663345789, 20.40371749136191681 ) ) ;
#2129 = FACE_OUTER_BOUND ( 'NONE', #758, .T. ) ;
#2130 = ORIENTED_EDGE ( 'NONE', *, *, #2060, .F. ) ;
#2131 = CARTESIAN_POINT ( 'NONE',  ( 9.216337786817065947, 34.14571101134875164, 20.45740150781720601 ) ) ;
#2132 = CARTESIAN_POINT ( 'NONE',  ( -13.62298745503634834, 35.54315088677267198, 16.55623727223747466 ) ) ;
#2133 = CARTESIAN_POINT ( 'NONE',  ( 13.95022404711317598, 31.77200554717111203, 14.78005934822530243 ) ) ;
#2134 = CARTESIAN_POINT ( 'NONE',  ( -13.81914662377659830, 36.55703090306616332, 10.56033068538780917 ) ) ;
#2135 = EDGE_LOOP ( 'NONE', ( #1408, #2130, #420, #2593 ) ) ;
#2136 = CARTESIAN_POINT ( 'NONE',  ( 18.41662428568448462, 36.80880624462980677, 0.6448741140208721356 ) ) ;
#2137 = CARTESIAN_POINT ( 'NONE',  ( -9.376189595488519046, 34.14975013003430604, 17.88016359718168502 ) ) ;
#2138 = CARTESIAN_POINT ( 'NONE',  ( -11.54023946861576455, 42.12853899657236667, 0.6448741140208749112 ) ) ;
#2139 = CARTESIAN_POINT ( 'NONE',  ( 10.99986906648441476, 31.90175723477786107, 20.87609430665489185 ) ) ;
#2140 = CARTESIAN_POINT ( 'NONE',  ( -13.49369167167510675, 36.82722036355348649, 13.06720168850564434 ) ) ;
#2141 = CARTESIAN_POINT ( 'NONE',  ( -11.79886913345573873, 30.73152754046013513, 19.83854743127364983 ) ) ;
#2142 = EDGE_CURVE ( 'NONE', #284, #433, #2056, .T. ) ;
#2143 = CARTESIAN_POINT ( 'NONE',  ( 18.06696017903957241, 55.64442363939281222, 0.6448741140208762435 ) ) ;
#2144 = CIRCLE ( 'NONE', #543, 0.7499999999999997780 ) ;
#2145 = CARTESIAN_POINT ( 'NONE',  ( -12.07108391412861259, 36.58696890312634764, 16.80470837386017280 ) ) ;
#2146 = CARTESIAN_POINT ( 'NONE',  ( -13.62253561080681408, 33.96769297461148085, 15.36556657959873817 ) ) ;
#2147 = VECTOR ( 'NONE', #958, 1000.000000000000000 ) ;
#2148 = CARTESIAN_POINT ( 'NONE',  ( -9.427633901703108776, 34.56756938802732293, 19.82177132161566746 ) ) ;
#2149 = CARTESIAN_POINT ( 'NONE',  ( -9.376189595488520823, 34.14975013003430604, 17.88016359789405030 ) ) ;
#2150 = CARTESIAN_POINT ( 'NONE',  ( -5.959696255970276191, 44.19198071623970492, 12.56303086889322351 ) ) ;
#2151 = CARTESIAN_POINT ( 'NONE',  ( 12.47509718918939825, 42.99795629262560936, 0.8411120569276692160 ) ) ;
#2152 = CARTESIAN_POINT ( 'NONE',  ( -12.14580270812099805, 31.86905137539579869, 20.23051709221201477 ) ) ;
#2153 = CARTESIAN_POINT ( 'NONE',  ( 13.49582141264443180, 33.36233097481191834, 17.91322958251540243 ) ) ;
#2154 = EDGE_CURVE ( 'NONE', #1639, #1779, #1120, .T. ) ;
#2155 = CARTESIAN_POINT ( 'NONE',  ( -9.286013375816402515, 36.67540414725009867, 16.62557754909245489 ) ) ;
#2156 = CARTESIAN_POINT ( 'NONE',  ( 9.374382121465897555, 33.96039965852026654, 18.00512446621577567 ) ) ;
#2157 = CIRCLE ( 'NONE', #699, 0.2499999999999972800 ) ;
#2158 = CARTESIAN_POINT ( 'NONE',  ( -14.51048783940276365, 32.56115936461447546, 18.02183128083128594 ) ) ;
#2159 = AXIS2_PLACEMENT_3D ( 'NONE', #2271, #72, #918 ) ;
#2160 = EDGE_CURVE ( 'NONE', #2341, #1656, #752, .T. ) ;
#2161 = CARTESIAN_POINT ( 'NONE',  ( -9.409917790077734878, 33.61735167619107756, 20.54229559165762709 ) ) ;
#2162 = CARTESIAN_POINT ( 'NONE',  ( -13.12493194280643571, 36.09663337671966588, 16.45288385654093233 ) ) ;
#2163 = CARTESIAN_POINT ( 'NONE',  ( -13.53419720334795606, 33.47174258602723995, 15.79249931113523786 ) ) ;
#2164 = CARTESIAN_POINT ( 'NONE',  ( 12.66583105944347309, 33.46408985010111081, 16.60528271128018218 ) ) ;
#2165 = EDGE_LOOP ( 'NONE', ( #1192, #2686, #1696, #2082, #2527, #906, #935, #1837 ) ) ;
#2166 = VERTEX_POINT ( 'NONE', #2483 ) ;
#2167 = CARTESIAN_POINT ( 'NONE',  ( -17.42908811780641187, 37.85887784384377142, 0.6448741140208742451 ) ) ;
#2168 = CARTESIAN_POINT ( 'NONE',  ( 11.23324620496232917, 43.61815212885777271, 1.023172865097672801 ) ) ;
#2169 = CARTESIAN_POINT ( 'NONE',  ( -11.16510021667844477, 31.86416813090628253, 20.80554101064458195 ) ) ;
#2170 = CARTESIAN_POINT ( 'NONE',  ( 14.59797085947549711, 35.43959426423185732, 10.73844976076388313 ) ) ;
#2171 = CARTESIAN_POINT ( 'NONE',  ( -8.137513380604435298, 33.72990754924163070, 19.61760947792496523 ) ) ;
#2172 = CARTESIAN_POINT ( 'NONE',  ( 11.53900371154756144, 42.12853899657236667, -22.43436906614244819 ) ) ;
#2173 = CARTESIAN_POINT ( 'NONE',  ( 11.15456728687922805, 32.00324780642759492, 18.23727048784884275 ) ) ;
#2174 = CARTESIAN_POINT ( 'NONE',  ( -13.05012794860744130, 36.15457868576311995, 16.45855434980170884 ) ) ;
#2175 = CARTESIAN_POINT ( 'NONE',  ( -9.655061690507116268, 33.00217328074072753, 18.46135942954974141 ) ) ;
#2176 = CARTESIAN_POINT ( 'NONE',  ( 9.101130156876156008, 34.90356472528326748, 17.56977757770860293 ) ) ;
#2177 = AXIS2_PLACEMENT_3D ( 'NONE', #2400, #1970, #709 ) ;
#2178 = ORIENTED_EDGE ( 'NONE', *, *, #676, .F. ) ;
#2179 = ORIENTED_EDGE ( 'NONE', *, *, #1815, .T. ) ;
#2180 = CARTESIAN_POINT ( 'NONE',  ( -22.67689594609525727, 29.53418792722290220, 0.6448741140208734679 ) ) ;
#2181 = CARTESIAN_POINT ( 'NONE',  ( -9.739871549779545390, 36.98134420701293124, 12.03940945186669786 ) ) ;
#2182 = CARTESIAN_POINT ( 'NONE',  ( -9.967683084187729747, 32.61951008865999313, 20.89857182697359761 ) ) ;
#2183 = AXIS2_PLACEMENT_3D ( 'NONE', #530, #1409, #1657 ) ;
#2184 = CARTESIAN_POINT ( 'NONE',  ( 10.02972578873063014, 32.42400089357094117, 21.10050460009851392 ) ) ;
#2185 = CARTESIAN_POINT ( 'NONE',  ( -13.60732455373563177, 36.74092752402946616, 13.05607794963607304 ) ) ;
#2186 = CARTESIAN_POINT ( 'NONE',  ( -11.54023946861576100, 42.12853899657236667, -22.43436906614244819 ) ) ;
#2187 = CARTESIAN_POINT ( 'NONE',  ( 12.69131004339953961, 37.26814145631401232, 13.32407167896873368 ) ) ;
#2188 = PRODUCT_RELATED_PRODUCT_CATEGORY ( 'part', '', ( #2324 ) ) ;
#2189 = CARTESIAN_POINT ( 'NONE',  ( 12.57381555160812958, 32.26683082765087107, 17.23327708779510559 ) ) ;
#2190 = DIRECTION ( 'NONE',  ( 0.000000000000000000, 0.000000000000000000, 1.000000000000000000 ) ) ;
#2191 = CARTESIAN_POINT ( 'NONE',  ( 13.17874826841669211, 32.38709886939686555, 19.25397637299053244 ) ) ;
#2192 = CARTESIAN_POINT ( 'NONE',  ( 11.59690984043898965, 36.25004991987565006, 15.04740942274238691 ) ) ;
#2193 = CARTESIAN_POINT ( 'NONE',  ( -24.51014545278642487, 36.88130926755183481, -48.37418103448287354 ) ) ;
#2194 = CARTESIAN_POINT ( 'NONE',  ( -3.007490691206607725, 44.71776433906408244, 6.658619739365887469 ) ) ;
#2195 = CARTESIAN_POINT ( 'NONE',  ( -9.655876608496159363, 33.00019445444992527, 18.46215707648661208 ) ) ;
#2196 = CARTESIAN_POINT ( 'NONE',  ( -13.54065373824686525, 32.79105556589095016, 18.74057000624148372 ) ) ;
#2197 = CARTESIAN_POINT ( 'NONE',  ( 9.892220955456153320, 32.55529075721081256, 21.09593617458603276 ) ) ;
#2198 = EDGE_CURVE ( 'NONE', #271, #1002, #2123, .T. ) ;
#2199 = CARTESIAN_POINT ( 'NONE',  ( 13.62376181292659361, 34.15180174886805986, 17.53358451016243080 ) ) ;
#2200 = CARTESIAN_POINT ( 'NONE',  ( -20.16368778410130957, 34.55714373453399446, -39.68126569711354534 ) ) ;
#2201 = CARTESIAN_POINT ( 'NONE',  ( 14.86844897446137992, 34.38673693181276292, 11.85336705960849102 ) ) ;
#2202 = CARTESIAN_POINT ( 'NONE',  ( 0.000000000000000000, 0.000000000000000000, 0.000000000000000000 ) ) ;
#2203 = CARTESIAN_POINT ( 'NONE',  ( 9.374382121465892226, 33.95911184662114835, 18.00597183863304096 ) ) ;
#2204 = CARTESIAN_POINT ( 'NONE',  ( -10.84993455174076971, 36.14457769899199491, 18.05568098510763519 ) ) ;
#2205 = CARTESIAN_POINT ( 'NONE',  ( 11.50882652613065993, 31.82484532704162561, 20.63107322848905056 ) ) ;
#2206 = CARTESIAN_POINT ( 'NONE',  ( -13.57645608604450516, 34.64721373068145738, 17.18066140985114743 ) ) ;
#2207 = ORIENTED_EDGE ( 'NONE', *, *, #642, .F. ) ;
#2208 = CARTESIAN_POINT ( 'NONE',  ( 13.61990772766176860, 34.23871254588868851, 17.06360166521362487 ) ) ;
#2209 = CARTESIAN_POINT ( 'NONE',  ( -10.25409215996325329, 37.24355209817016998, 17.15368679267549368 ) ) ;
#2210 = CARTESIAN_POINT ( 'NONE',  ( 12.43229921516474157, 30.84956461833778718, 18.94702836109965460 ) ) ;
#2211 = CARTESIAN_POINT ( 'NONE',  ( 10.16116098608234353, 32.44763357933717174, 20.89587438804785080 ) ) ;
#2212 = CARTESIAN_POINT ( 'NONE',  ( -10.73842926805618170, 36.46979993215119720, 17.82844350723094706 ) ) ;
#2213 = CARTESIAN_POINT ( 'NONE',  ( 8.124382121465897555, 33.98975971905343130, 14.74716977712903621 ) ) ;
#2214 = CARTESIAN_POINT ( 'NONE',  ( 10.19748073196191562, 42.76717261312904839, -19.75132310697115301 ) ) ;
#2215 = CARTESIAN_POINT ( 'NONE',  ( 14.75275209308573388, 35.02583767830515882, 11.32396043285128329 ) ) ;
#2216 =( BOUNDED_SURFACE ( )  B_SPLINE_SURFACE ( 3, 2, ( 
 ( #167, #2750, #1642 ),
 ( #1911, #2780, #1704 ),
 ( #2571, #2514, #548 ),
 ( #895, #1939, #1729 ),
 ( #1502, #1556, #1982 ),
 ( #1329, #2425, #1313 ),
 ( #1742, #2805, #1542 ),
 ( #223, #2818, #1955 ),
 ( #2182, #1111, #1096 ),
 ( #1768, #638, #209 ),
 ( #1070, #9, #2793 ),
 ( #2385, #2636, #1967 ),
 ( #423, #1288, #2371 ),
 ( #181, #21, #682 ),
 ( #2611, #1302, #463 ),
 ( #1515, #1340, #2169 ),
 ( #2414, #1054, #1923 ),
 ( #839, #1717, #2585 ),
 ( #855, #2597, #2152 ),
 ( #622, #1082, #866 ),
 ( #407, #194, #650 ),
 ( #1529, #2398, #436 ),
 ( #880, #1755, #2624 ),
 ( #665, #450, #2196 ),
 ( #236, #1569, #694 ),
 ( #262, #1352, #50 ),
 ( #91, #2478, #963 ),
 ( #923, #274, #2438 ) ),
 .UNSPECIFIED., .F., .F., .F. ) 
 B_SPLINE_SURFACE_WITH_KNOTS ( ( 4, 2, 2, 2, 2, 2, 2, 2, 2, 2, 2, 2, 2, 4 ),
 ( 3, 3 ),
 ( 0.008938785751460480086, 0.01005613397039432574, 0.01061480807986124771, 0.01117348218932816967, 0.01173215629879509163, 0.01201149335352855174, 0.01229083040826201359, 0.01284950451772893555, 0.01340817862719585751, 0.01452552684612970144, 0.01564287506506354536, 0.01620154917453046906, 0.01676022328399739275, 0.01787757150293123667 ),
 ( 0.000000000000000000, 1.000000000000000000 ),
 .UNSPECIFIED. ) 
 GEOMETRIC_REPRESENTATION_ITEM ( )  RATIONAL_B_SPLINE_SURFACE ( (
 ( 1.000000000000000000, 0.7861398476665348856, 1.000000000000000000),
 ( 1.000000000000000000, 0.8100817655176133503, 1.000000000000000000),
 ( 1.000000000000000000, 0.8319906619539125803, 1.000000000000000000),
 ( 1.000000000000000000, 0.8580614012076340780, 1.000000000000000000),
 ( 1.000000000000000000, 0.8658485087228200427, 1.000000000000000000),
 ( 1.000000000000000000, 0.8786795963128446463, 1.000000000000000000),
 ( 1.000000000000000000, 0.8837433777876524399, 1.000000000000000000),
 ( 1.000000000000000000, 0.8901914826196553054, 1.000000000000000000),
 ( 1.000000000000000000, 0.8918272369397545196, 1.000000000000000000),
 ( 1.000000000000000000, 0.8914436448940245006, 1.000000000000000000),
 ( 1.000000000000000000, 0.8908044485735904239, 1.000000000000000000),
 ( 1.000000000000000000, 0.8887230284713243389, 1.000000000000000000),
 ( 1.000000000000000000, 0.8872846916465575440, 1.000000000000000000),
 ( 1.000000000000000000, 0.8818277145195897448, 1.000000000000000000),
 ( 1.000000000000000000, 0.8767181193164076403, 1.000000000000000000),
 ( 1.000000000000000000, 0.8625224431483541343, 1.000000000000000000),
 ( 1.000000000000000000, 0.8548595110983633338, 1.000000000000000000),
 ( 1.000000000000000000, 0.8283979976506947729, 1.000000000000000000),
 ( 1.000000000000000000, 0.8066078277310742006, 1.000000000000000000),
 ( 1.000000000000000000, 0.7598400305323160797, 1.000000000000000000),
 ( 1.000000000000000000, 0.7336854968470256644, 1.000000000000000000),
 ( 1.000000000000000000, 0.6926490975404696604, 1.000000000000000000),
 ( 1.000000000000000000, 0.6783352315605125638, 1.000000000000000000),
 ( 1.000000000000000000, 0.6496951115103227758, 1.000000000000000000),
 ( 1.000000000000000000, 0.6345608365165721354, 1.000000000000000000),
 ( 1.000000000000000000, 0.5885962530793173997, 1.000000000000000000),
 ( 1.000000000000000000, 0.5580089759891528889, 1.000000000000000000),
 ( 1.000000000000000000, 0.5242827155354006230, 1.000000000000000000) ) ) 
 REPRESENTATION_ITEM ( '' )  SURFACE ( )  );
#2217 = CARTESIAN_POINT ( 'NONE',  ( 13.61494467942225661, 33.88927189564750364, 15.42881698798944967 ) ) ;
#2218 = CARTESIAN_POINT ( 'NONE',  ( -10.25689762765326840, 36.21395305798326092, 18.34705953841237758 ) ) ;
#2219 = DIRECTION ( 'NONE',  ( -0.000000000000000000, 1.000000000000000000, -0.000000000000000000 ) ) ;
#2220 = AXIS2_PLACEMENT_3D ( 'NONE', #1356, #1156, #1826 ) ;
#2221 = EDGE_LOOP ( 'NONE', ( #1605, #1876, #363 ) ) ;
#2222 = CARTESIAN_POINT ( 'NONE',  ( -12.34092911443667973, 36.05808582291662390, 14.60866065597513952 ) ) ;
#2223 = CARTESIAN_POINT ( 'NONE',  ( -13.51016701351773541, 36.82545870246023867, 10.52119356425129659 ) ) ;
#2224 = CARTESIAN_POINT ( 'NONE',  ( 8.919283144152430509, 31.92146245264127558, 20.35779033090065937 ) ) ;
#2225 = CARTESIAN_POINT ( 'NONE',  ( 9.221965973641022885, 33.98491398063710989, 20.56077401438545138 ) ) ;
#2226 = EDGE_CURVE ( 'NONE', #524, #529, #901, .T. ) ;
#2227 = CARTESIAN_POINT ( 'NONE',  ( -11.59117776146960388, 36.63580857555518833, 17.10617762151198917 ) ) ;
#2228 = CARTESIAN_POINT ( 'NONE',  ( 19.36599828471622686, 54.89442363939281222, 0.6448741140208763545 ) ) ;
#2229 = CARTESIAN_POINT ( 'NONE',  ( 9.684226322538680876, 32.95202554224495373, 18.47578455441562539 ) ) ;
#2230 = CARTESIAN_POINT ( 'NONE',  ( 10.18295856659308818, 37.23220869218993556, 12.96310991775144217 ) ) ;
#2231 = CARTESIAN_POINT ( 'NONE',  ( 12.13225127253150859, 32.07139250712820200, 17.62533541200988907 ) ) ;
#2232 = CARTESIAN_POINT ( 'NONE',  ( -8.126525899579037926, 34.17874404535885446, 16.81142060879937361 ) ) ;
#2233 = ADVANCED_FACE ( 'NONE', ( #168 ), #1358, .T. ) ;
#2234 = CARTESIAN_POINT ( 'NONE',  ( 12.42659364441869840, 36.03018973360642008, 17.08250479007786993 ) ) ;
#2235 = ORIENTED_EDGE ( 'NONE', *, *, #971, .F. ) ;
#2236 = CARTESIAN_POINT ( 'NONE',  ( -14.87561787853410422, 34.10046047395868385, 16.72648179935490731 ) ) ;
#2237 = CARTESIAN_POINT ( 'NONE',  ( 14.86515873776154528, 33.78556523856207860, 14.91938888304375155 ) ) ;
#2238 = CARTESIAN_POINT ( 'NONE',  ( 11.14808389609974171, 43.66057838605775743, 0.6448741140208762435 ) ) ;
#2239 = CARTESIAN_POINT ( 'NONE',  ( -9.274647584153267843, 34.75746509791573402, 20.01158923696014114 ) ) ;
#2240 = CARTESIAN_POINT ( 'NONE',  ( 8.240516404991543808, 33.19147637873559376, 20.13282306838915758 ) ) ;
#2241 = CARTESIAN_POINT ( 'NONE',  ( 9.885002128836042345, 32.67830308758980351, 20.92230149174509535 ) ) ;
#2242 = CARTESIAN_POINT ( 'NONE',  ( 9.979683415376975120, 35.59065546634788291, 16.52301858509685673 ) ) ;
#2243 = CARTESIAN_POINT ( 'NONE',  ( 11.76681918735435950, 30.67835067791718728, 17.26250005429779577 ) ) ;
#2244 = CARTESIAN_POINT ( 'NONE',  ( -11.82760752278244176, 36.62250878799816434, 16.94932057623926269 ) ) ;
#2245 = CARTESIAN_POINT ( 'NONE',  ( 11.20780543184597988, 36.20914384920200746, 17.17791006796322861 ) ) ;
#2246 = EDGE_LOOP ( 'NONE', ( #1423, #1310, #2606, #960 ) ) ;
#2247 = CARTESIAN_POINT ( 'NONE',  ( -13.48626131086245472, 34.85830254574509723, 14.77101118870030838 ) ) ;
#2248 = CARTESIAN_POINT ( 'NONE',  ( -12.30923505672427254, 37.37774112470825116, 10.76751416603553757 ) ) ;
#2249 = CARTESIAN_POINT ( 'NONE',  ( 12.49253069231869340, 42.98922854518217918, 0.6448741140207098210 ) ) ;
#2250 = CARTESIAN_POINT ( 'NONE',  ( 9.207279645924645095, 36.60611923298123571, 17.89657897270648590 ) ) ;
#2251 = CARTESIAN_POINT ( 'NONE',  ( 13.30656138510775754, 35.26009316552956818, 14.57625305738313770 ) ) ;
#2252 = CARTESIAN_POINT ( 'NONE',  ( 8.517322473380239956, 32.49985489790488913, 20.31116416547166992 ) ) ;
#2253 = CARTESIAN_POINT ( 'NONE',  ( 10.70473661276973409, 32.10551049638645082, 20.81783120825923561 ) ) ;
#2254 = CARTESIAN_POINT ( 'NONE',  ( 13.56647793308133743, 34.59551101774442117, 14.92111006789757610 ) ) ;
#2255 = CARTESIAN_POINT ( 'NONE',  ( -11.93637072098636764, 30.74656109698763018, 16.82622061113789158 ) ) ;
#2256 = CARTESIAN_POINT ( 'NONE',  ( -9.902433197779352270, 36.51833660963283990, 14.21907283348152262 ) ) ;
#2257 = CARTESIAN_POINT ( 'NONE',  ( 10.14236912949887781, 36.13244076502203939, 18.48274477673220417 ) ) ;
#2258 = EDGE_LOOP ( 'NONE', ( #1920, #1395, #2077, #1566, #588 ) ) ;
#2259 = CARTESIAN_POINT ( 'NONE',  ( 9.374382121465897555, 34.10046047378270373, 20.20850948431797534 ) ) ;
#2260 = CARTESIAN_POINT ( 'NONE',  ( -14.87561787853410777, 34.30889017451372780, 16.62523752370334762 ) ) ;
#2261 = CARTESIAN_POINT ( 'NONE',  ( 12.15929730088755178, 43.15594456613924734, -0.01026603446948302564 ) ) ;
#2262 = CARTESIAN_POINT ( 'NONE',  ( 12.87032791956840860, 37.18598944679703777, 16.09165215542800809 ) ) ;
#2263 = VERTEX_POINT ( 'NONE', #10 ) ;
#2264 = CARTESIAN_POINT ( 'NONE',  ( -9.183750548981096884, 34.62253219604392740, 19.82177132160608224 ) ) ;
#2265 = CARTESIAN_POINT ( 'NONE',  ( -11.14931965316794127, 43.66057838605775743, 0.6448741140208159583 ) ) ;
#2266 = CARTESIAN_POINT ( 'NONE',  ( 11.81394437322805580, 36.20241367242779518, 14.85702823643406134 ) ) ;
#2267 = ADVANCED_FACE ( 'NONE', ( #896 ), #1231, .F. ) ;
#2268 = CARTESIAN_POINT ( 'NONE',  ( -12.95588837173593966, 31.04835582090530366, 15.97617233286842442 ) ) ;
#2269 = DIRECTION ( 'NONE',  ( -0.5000000000000009992, 0.8660254037844380415, -0.000000000000000000 ) ) ;
#2270 = PRODUCT_DEFINITION ( 'æœ', '', #184, #1420 ) ;
#2271 = CARTESIAN_POINT ( 'NONE',  ( -0.0006178785341007960157, 22.85046047395869451, 0.6448741140208762435 ) ) ;
#2272 = EDGE_LOOP ( 'NONE', ( #2699, #2207, #740, #2541 ) ) ;
#2273 = CARTESIAN_POINT ( 'NONE',  ( -13.54876270480844624, 33.48720208614050620, 17.77159522707733785 ) ) ;
#2274 = CARTESIAN_POINT ( 'NONE',  ( -13.43044483338763406, 35.00112902616369581, 16.52337720270219990 ) ) ;
#2275 = UNCERTAINTY_MEASURE_WITH_UNIT (LENGTH_MEASURE( 1.000000000000000082E-05 ), #1854, 'distance_accuracy_value', 'NONE');
#2276 = CARTESIAN_POINT ( 'NONE',  ( 24.50890969571825551, 36.88130926755182770, 49.66392926252490270 ) ) ;
#2277 = CARTESIAN_POINT ( 'NONE',  ( 8.149625446261534734, 34.53068624964607380, 19.20881283536578010 ) ) ;
#2278 = EDGE_LOOP ( 'NONE', ( #966, #432, #1888, #1435, #1363, #2320, #1894, #823 ) ) ;
#2279 = CARTESIAN_POINT ( 'NONE',  ( -11.46631200897206959, 31.94857974754285479, 18.17919613387700650 ) ) ;
#2280 = CARTESIAN_POINT ( 'NONE',  ( -13.28147284256750460, 32.91600135737171939, 16.35457728063412475 ) ) ;
#2281 = CARTESIAN_POINT ( 'NONE',  ( 13.62376181292659538, 34.15180174886811670, 17.13748415316440088 ) ) ;
#2282 = CARTESIAN_POINT ( 'NONE',  ( 15.95081650307103160, 50.47915527649975331, 0.6448741140208762435 ) ) ;
#2283 = EDGE_CURVE ( 'NONE', #1002, #271, #23, .T. ) ;
#2284 = CARTESIAN_POINT ( 'NONE',  ( -11.93637072098661989, 30.74656109698769413, 19.32622061113768552 ) ) ;
#2285 = CARTESIAN_POINT ( 'NONE',  ( -12.36519655217714053, 30.83081649470022612, 16.50278214679644506 ) ) ;
#2286 = CARTESIAN_POINT ( 'NONE',  ( -6.918888833452315978, 37.52010788264549035, 14.43478523018065474 ) ) ;
#2287 = FACE_OUTER_BOUND ( 'NONE', #2062, .T. ) ;
#2288 = ORIENTED_EDGE ( 'NONE', *, *, #843, .F. ) ;
#2289 = CARTESIAN_POINT ( 'NONE',  ( 12.38729526615793830, 36.03161889444732680, 16.40288118115272553 ) ) ;
#2290 = CARTESIAN_POINT ( 'NONE',  ( -11.90911158542189341, 43.28159143220347715, -0.1051598877708054269 ) ) ;
#2291 = CARTESIAN_POINT ( 'NONE',  ( -24.98665522149210361, 23.62740737466491936, 0.6448741140207400191 ) ) ;
#2292 = CARTESIAN_POINT ( 'NONE',  ( 12.58079097817194203, 37.29765435603327006, 16.16251109477473236 ) ) ;
#2293 = AXIS2_PLACEMENT_3D ( 'NONE', #123, #108, #166 ) ;
#2294 = ORIENTED_EDGE ( 'NONE', *, *, #1175, .T. ) ;
#2295 = LINE ( 'NONE', #1212, #742 ) ;
#2296 = CARTESIAN_POINT ( 'NONE',  ( 9.221949518360650799, 33.98538423466481362, 20.56047169741451341 ) ) ;
#2297 = CARTESIAN_POINT ( 'NONE',  ( -22.67689594609525727, 29.53418792722290220, 0.6448741140208734679 ) ) ;
#2298 = B_SPLINE_CURVE_WITH_KNOTS ( 'NONE', 3,
 ( #2249, #2049, #1822, #720, #2261, #288, #1378, #76, #2465, #1595, #475, #1797, #1392, #1808 ),
 .UNSPECIFIED., .F., .F.,
 ( 4, 2, 2, 2, 2, 2, 4 ),
 ( 0.002347029622910787663, 0.002933654178306179666, 0.003226966456003870463, 0.003520278733701561261, 0.003813591011399252492, 0.004106903289096943722, 0.004693527844492332256 ),
 .UNSPECIFIED. ) ;
#2299 = CARTESIAN_POINT ( 'NONE',  ( 12.57806251864919567, 35.93726138521318347, 14.53965550420234010 ) ) ;
#2300 = AXIS2_PLACEMENT_3D ( 'NONE', #1933, #58, #934 ) ;
#2301 = CARTESIAN_POINT ( 'NONE',  ( -8.705658650247746877, 32.20566439683352655, 20.29893511310806886 ) ) ;
#2302 = CARTESIAN_POINT ( 'NONE',  ( -8.137513380604442403, 33.72990754924168044, 17.11760947792494747 ) ) ;
#2303 = CARTESIAN_POINT ( 'NONE',  ( -23.40196376076992024, 26.85206346153490387, -46.15781765045077378 ) ) ;
#2304 = CARTESIAN_POINT ( 'NONE',  ( 13.53107705538565497, 34.80355855963649248, 17.28847450687123555 ) ) ;
#2305 = VERTEX_POINT ( 'NONE', #2238 ) ;
#2306 = CARTESIAN_POINT ( 'NONE',  ( 13.23319718770048503, 35.33922898810848778, 16.36654434283984472 ) ) ;
#2307 = CARTESIAN_POINT ( 'NONE',  ( -13.59082253390670125, 33.71549750676453527, 17.54341595530173237 ) ) ;
#2308 = CARTESIAN_POINT ( 'NONE',  ( -0.0006178785340992651223, 46.10046047395871938, 0.6448741140208793521 ) ) ;
#2309 = CARTESIAN_POINT ( 'NONE',  ( -0.0006178785341007960157, 46.10046047395872648, 0.6448741140208762435 ) ) ;
#2310 = ORIENTED_EDGE ( 'NONE', *, *, #925, .F. ) ;
#2311 = CARTESIAN_POINT ( 'NONE',  ( 11.87776854880401700, 30.73980147035594612, 19.80434781220268903 ) ) ;
#2312 = CARTESIAN_POINT ( 'NONE',  ( -12.96895491689371660, 32.54534821319752780, 16.80673280574441364 ) ) ;
#2313 = DIRECTION ( 'NONE',  ( -0.8660254037844393737, -0.4999999999999985012, 0.000000000000000000 ) ) ;
#2314 = CARTESIAN_POINT ( 'NONE',  ( 12.35722862169481573, 32.12921979671671835, 19.95606188600737241 ) ) ;
#2315 = CARTESIAN_POINT ( 'NONE',  ( 13.62689472246424671, 34.02216941292147112, 17.24934509185076692 ) ) ;
#2316 = AXIS2_PLACEMENT_3D ( 'NONE', #2799, #847, #660 ) ;
#2317 = CARTESIAN_POINT ( 'NONE',  ( -14.59395821379421498, 32.73673457118454877, 17.90917137394420422 ) ) ;
#2318 = CARTESIAN_POINT ( 'NONE',  ( -22.17732787687772245, 30.84410575147589029, -43.70854588266637819 ) ) ;
#2319 = CARTESIAN_POINT ( 'NONE',  ( 13.38840142765679708, 35.84562963480469477, 16.47177713864374127 ) ) ;
#2320 = ORIENTED_EDGE ( 'NONE', *, *, #1990, .F. ) ;
#2321 = CARTESIAN_POINT ( 'NONE',  ( 11.19398182918636131, 36.20699679205781507, 17.19051412031307891 ) ) ;
#2322 = CARTESIAN_POINT ( 'NONE',  ( -10.89174732685410341, 36.14018569420627358, 17.48378070829835451 ) ) ;
#2323 = EDGE_CURVE ( 'NONE', #2713, #1498, #64, .T. ) ;
#2324 = PRODUCT ( '\X2\5b8953535934\X0\', '\X2\5b8953535934\X0\', '', ( #2389 ) ) ;
#2325 = SPHERICAL_SURFACE ( 'NONE', #351, 0.7500000000000061062 ) ;
#2326 = CARTESIAN_POINT ( 'NONE',  ( -8.126525899579037926, 34.17874404535885446, 16.81142060879937361 ) ) ;
#2327 = EDGE_CURVE ( 'NONE', #1226, #371, #815, .T. ) ;
#2328 = ORIENTED_EDGE ( 'NONE', *, *, #2485, .T. ) ;
#2329 = CARTESIAN_POINT ( 'NONE',  ( -9.468059647547578450, 33.46447458291105193, 18.35007473692355617 ) ) ;
#2330 = CARTESIAN_POINT ( 'NONE',  ( -11.55349333935193457, 31.95845564479268930, 18.03777555930285459 ) ) ;
#2331 = CARTESIAN_POINT ( 'NONE',  ( 23.40072800370172601, 26.85206346153490742, 0.6448741140208761324 ) ) ;
#2332 = CARTESIAN_POINT ( 'NONE',  ( 9.387347751190196377, 34.37454220036949692, 17.72414462799744328 ) ) ;
#2333 = CARTESIAN_POINT ( 'NONE',  ( 11.42809430176522412, 31.97189128128176350, 20.41964489155239093 ) ) ;
#2334 = CARTESIAN_POINT ( 'NONE',  ( -13.53291418568439752, 31.37659703426657387, 18.92524744683681703 ) ) ;
#2335 = FACE_BOUND ( 'NONE', #2118, .T. ) ;
#2336 = ORIENTED_EDGE ( 'NONE', *, *, #2664, .T. ) ;
#2337 = CARTESIAN_POINT ( 'NONE',  ( 13.88958698745961229, 35.00349672706246196, 16.81073472134220737 ) ) ;
#2338 = CARTESIAN_POINT ( 'NONE',  ( -12.30549522717413247, 36.07200739093039488, 16.43206048439299849 ) ) ;
#2339 = DIRECTION ( 'NONE',  ( 0.000000000000000000, 0.000000000000000000, 1.000000000000000000 ) ) ;
#2340 = CARTESIAN_POINT ( 'NONE',  ( -12.78627500912961601, 37.23164016405450383, 10.77816510643792114 ) ) ;
#2341 = VERTEX_POINT ( 'NONE', #542 ) ;
#2342 = CARTESIAN_POINT ( 'NONE',  ( -0.0006178785341001912478, 15.85046047395869628, -4.292625885979124867 ) ) ;
#2343 = CARTESIAN_POINT ( 'NONE',  ( 12.59928281057090516, 32.25902197071789601, 19.72548019464537461 ) ) ;
#2344 = EDGE_LOOP ( 'NONE', ( #1996, #343, #976, #1298 ) ) ;
#2345 = CARTESIAN_POINT ( 'NONE',  ( -11.85781920606771678, 37.46371820854263035, 13.85976250194879533 ) ) ;
#2346 = CARTESIAN_POINT ( 'NONE',  ( -10.75411350097743224, 30.80850055757309036, 15.11908498596984174 ) ) ;
#2347 = CARTESIAN_POINT ( 'NONE',  ( 13.82981071308818422, 35.16358929834440517, 16.72167460676056905 ) ) ;
#2348 = CIRCLE ( 'NONE', #1532, 23.71162076914725247 ) ;
#2349 = EDGE_LOOP ( 'NONE', ( #178, #876 ) ) ;
#2350 = CARTESIAN_POINT ( 'NONE',  ( -9.370187535253798217, 33.89105596305140722, 20.36841546176091455 ) ) ;
#2351 = CARTESIAN_POINT ( 'NONE',  ( -13.65692984044654601, 34.26480900255353390, 17.62172171570494328 ) ) ;
#2352 = CARTESIAN_POINT ( 'NONE',  ( 13.01575756323105004, 31.07803012758696326, 15.91565446475476442 ) ) ;
#2353 = CARTESIAN_POINT ( 'NONE',  ( -13.49369167167551353, 36.82722036355320938, 10.56720168850557862 ) ) ;
#2354 = AXIS2_PLACEMENT_3D ( 'NONE', #1011, #1882, #1489 ) ;
#2355 = EDGE_LOOP ( 'NONE', ( #73, #1907, #1819, #647, #516 ) ) ;
#2356 = CARTESIAN_POINT ( 'NONE',  ( -22.17732787687772955, 30.84410575147589029, 0.6448741140208735789 ) ) ;
#2357 = CARTESIAN_POINT ( 'NONE',  ( -8.136660799346023154, 34.61556729447397629, 13.70968081839941277 ) ) ;
#2358 = CARTESIAN_POINT ( 'NONE',  ( 23.62622739834998598, 25.47990177096501796, 0.6448741140208762435 ) ) ;
#2359 = CARTESIAN_POINT ( 'NONE',  ( 9.437007383173778408, 34.63501110852763532, 17.51994707256474371 ) ) ;
#2360 = CARTESIAN_POINT ( 'NONE',  ( -13.14629072717941760, 37.04901518230470714, 13.14629048073997808 ) ) ;
#2361 = CIRCLE ( 'NONE', #2354, 6.187500000000000888 ) ;
#2362 = CARTESIAN_POINT ( 'NONE',  ( -8.609092758827351588, 32.35669339835330049, 20.33905870201379784 ) ) ;
#2363 = CARTESIAN_POINT ( 'NONE',  ( -9.376189595488506612, 34.14975013003368787, 20.17140294355892394 ) ) ;
#2364 = CARTESIAN_POINT ( 'NONE',  ( -12.19433089183724839, 36.55957731550212486, 16.73894011193963038 ) ) ;
#2365 = CARTESIAN_POINT ( 'NONE',  ( 14.40519694005823403, 32.37331622099380724, 13.98471652943692689 ) ) ;
#2366 = DIRECTION ( 'NONE',  ( 0.000000000000000000, -1.000000000000000000, 0.000000000000000000 ) ) ;
#2367 = ORIENTED_EDGE ( 'NONE', *, *, #2154, .T. ) ;
#2368 = CARTESIAN_POINT ( 'NONE',  ( -10.69053301336589890, 36.06549987517941247, 15.71790265506584383 ) ) ;
#2369 = CARTESIAN_POINT ( 'NONE',  ( -10.19871648903011696, 42.76717261312904839, 21.04107133501290505 ) ) ;
#2370 = CARTESIAN_POINT ( 'NONE',  ( 11.90787582835366543, 43.28159143220349847, 1.394908115812554028 ) ) ;
#2371 = CARTESIAN_POINT ( 'NONE',  ( -10.40744099647506715, 32.15386405594195196, 21.05649064089505274 ) ) ;
#2372 = CARTESIAN_POINT ( 'NONE',  ( 13.63733674657444794, 33.96900408184254871, 17.28937875489348031 ) ) ;
#2373 = FACE_OUTER_BOUND ( 'NONE', #2258, .T. ) ;
#2374 = CARTESIAN_POINT ( 'NONE',  ( 14.06673490452955022, 40.62957519316281463, 0.6448741140208762435 ) ) ;
#2375 = EDGE_CURVE ( 'NONE', #1832, #529, #1422, .T. ) ;
#2376 = CARTESIAN_POINT ( 'NONE',  ( -8.404722341159372334, 32.75512566854977337, 15.18583206289935283 ) ) ;
#2377 = FACE_OUTER_BOUND ( 'NONE', #2763, .T. ) ;
#2378 = CARTESIAN_POINT ( 'NONE',  ( -13.13964327884771954, 35.46136194827725774, 16.32906979466157082 ) ) ;
#2379 = CARTESIAN_POINT ( 'NONE',  ( 13.51961612250792122, 31.38962780138707132, 15.35938046764170473 ) ) ;
#2380 = AXIS2_PLACEMENT_3D ( 'NONE', #144, #2269, #842 ) ;
#2381 = CARTESIAN_POINT ( 'NONE',  ( -10.28390852560912805, 35.85945969105664233, 16.13643056120680441 ) ) ;
#2382 = ORIENTED_EDGE ( 'NONE', *, *, #2067, .T. ) ;
#2383 = CARTESIAN_POINT ( 'NONE',  ( -22.67689594609526438, 29.53418792722290576, 45.99743024914317147 ) ) ;
#2384 = CARTESIAN_POINT ( 'NONE',  ( -8.126525899579036150, 34.17874404535881183, 19.34372732049395083 ) ) ;
#2385 = CARTESIAN_POINT ( 'NONE',  ( -10.35936078637697122, 32.30688609637866904, 20.86974868457908627 ) ) ;
#2386 = CARTESIAN_POINT ( 'NONE',  ( 14.66418556706008047, 35.27465910667527993, 10.79234042148151040 ) ) ;
#2387 = CARTESIAN_POINT ( 'NONE',  ( -8.473846478064004373, 35.60702331451040692, 18.04207925882334607 ) ) ;
#2388 = CARTESIAN_POINT ( 'NONE',  ( -3.007490691206606837, 44.71776433906408244, -5.368871511324133650 ) ) ;
#2389 = PRODUCT_CONTEXT ( 'NONE', #28, 'mechanical' ) ;
#2390 = CARTESIAN_POINT ( 'NONE',  ( 9.886780152129905019, 32.67683328696584510, 18.53403745133790892 ) ) ;
#2391 = CARTESIAN_POINT ( 'NONE',  ( -12.77366957809663894, 35.80368866988841603, 16.30431274160615374 ) ) ;
#2392 = CARTESIAN_POINT ( 'NONE',  ( -11.25547458449796423, 31.96696420563882057, 18.20347106755190225 ) ) ;
#2393 = AXIS2_PLACEMENT_3D ( 'NONE', #18, #2673, #718 ) ;
#2394 = CARTESIAN_POINT ( 'NONE',  ( -14.85790868382087382, 34.51079052329207286, 11.74343276639474531 ) ) ;
#2395 = CARTESIAN_POINT ( 'NONE',  ( -11.14495192645335031, 36.19576272007174822, 15.31721011117161879 ) ) ;
#2396 = CARTESIAN_POINT ( 'NONE',  ( 23.71100289061315181, 24.10046047395869451, 0.6448741140208820166 ) ) ;
#2397 = CARTESIAN_POINT ( 'NONE',  ( -9.369812429291743072, 33.87488856043163565, 18.06514472679348060 ) ) ;
#2398 = CARTESIAN_POINT ( 'NONE',  ( -13.09632226003494893, 32.67962607811061559, 19.13559660225718062 ) ) ;
#2399 = CARTESIAN_POINT ( 'NONE',  ( 9.216337786817065947, 34.14571101134875164, 20.45740150781720601 ) ) ;
#2400 = CARTESIAN_POINT ( 'NONE',  ( -0.0006178785341007960157, 15.85046047395869628, 0.6448741140208762435 ) ) ;
#2401 = CARTESIAN_POINT ( 'NONE',  ( -5.959696255970273526, 44.19198071623970492, -11.27328264085147147 ) ) ;
#2402 = EDGE_CURVE ( 'NONE', #333, #2728, #1455, .T. ) ;
#2403 = CARTESIAN_POINT ( 'NONE',  ( 10.54165927393127333, 37.36184182536523224, 12.55954706812692478 ) ) ;
#2404 = CARTESIAN_POINT ( 'NONE',  ( 12.10077254740959951, 32.06187023392305235, 17.65010761466990985 ) ) ;
#2405 = CARTESIAN_POINT ( 'NONE',  ( -13.21050781397618046, 35.37999692832309506, 17.05939498127792220 ) ) ;
#2406 = CARTESIAN_POINT ( 'NONE',  ( -12.67210846186819850, 32.32305245753119038, 17.13738416114428986 ) ) ;
#2407 = EDGE_CURVE ( 'NONE', #1656, #1467, #1547, .T. ) ;
#2408 = FACE_OUTER_BOUND ( 'NONE', #326, .T. ) ;
#2409 = CIRCLE ( 'NONE', #1085, 4.937500000000000888 ) ;
#2410 = CARTESIAN_POINT ( 'NONE',  ( -11.17563619428438848, 36.20073436358435970, 15.29278762307876249 ) ) ;
#2411 = ADVANCED_FACE ( 'NONE', ( #1880 ), #136, .F. ) ;
#2412 = CARTESIAN_POINT ( 'NONE',  ( 22.67566018902704528, 29.53418792722290576, 45.99743024914318568 ) ) ;
#2413 = CARTESIAN_POINT ( 'NONE',  ( -0.0006178785341000841286, 15.85046047395869628, 6.082374114020877798 ) ) ;
#2414 = CARTESIAN_POINT ( 'NONE',  ( -11.25399727781421966, 31.98484906616940648, 20.52403414731712417 ) ) ;
#2415 = CARTESIAN_POINT ( 'NONE',  ( 9.743338428874162460, 32.89204095998286448, 20.98013629676692915 ) ) ;
#2416 = CARTESIAN_POINT ( 'NONE',  ( 9.374382121465897555, 34.10046047395869095, 17.91296529932005654 ) ) ;
#2417 = CARTESIAN_POINT ( 'NONE',  ( -10.19871648903011518, 42.76717261312904839, -19.75132310697115301 ) ) ;
#2418 = CARTESIAN_POINT ( 'NONE',  ( 14.48814163322345827, 35.68657492207116633, 13.37924431110796775 ) ) ;
#2419 = CARTESIAN_POINT ( 'NONE',  ( 9.447357572119621238, 33.52884271039895481, 18.24282184291877229 ) ) ;
#2420 = CARTESIAN_POINT ( 'NONE',  ( -10.61294498069608672, 36.41587045915043319, 17.95526581162997459 ) ) ;
#2421 = CARTESIAN_POINT ( 'NONE',  ( 10.82914918477624333, 31.95309513373702259, 20.94149914408235347 ) ) ;
#2422 = CARTESIAN_POINT ( 'NONE',  ( -13.14694920655624344, 35.48503611490491494, 16.81218770835500465 ) ) ;
#2423 = CARTESIAN_POINT ( 'NONE',  ( -11.58174373327187467, 36.22439502146396961, 14.99949921417222320 ) ) ;
#2424 = CARTESIAN_POINT ( 'NONE',  ( -10.82993262783009669, 37.41478481864405126, 16.83278228692537937 ) ) ;
#2425 = CARTESIAN_POINT ( 'NONE',  ( -9.570057719523157758, 33.19642582458023128, 20.88642822267590304 ) ) ;
#2426 = CARTESIAN_POINT ( 'NONE',  ( 9.384678673811501781, 33.32414194114456052, 20.89637012152709872 ) ) ;
#2427 = CARTESIAN_POINT ( 'NONE',  ( -12.39955676294883702, 36.50448226594477319, 16.63702512616679030 ) ) ;
#2428 = CARTESIAN_POINT ( 'NONE',  ( 10.12092437943549683, 31.01756085590753997, 15.22503431802548945 ) ) ;
#2429 = CARTESIAN_POINT ( 'NONE',  ( 20.16245202703310824, 34.55714373453399446, -39.68126569711354534 ) ) ;
#2430 = CARTESIAN_POINT ( 'NONE',  ( 13.40303236294482936, 36.89029271768037432, 13.08111034969167008 ) ) ;
#2431 = CARTESIAN_POINT ( 'NONE',  ( 11.73374329989011677, 31.98726562199397705, 17.91329105900603480 ) ) ;
#2432 = B_SPLINE_CURVE_WITH_KNOTS ( 'NONE', 3,
 ( #2326, #2776, #1700, #1006, #2746, #822, #575, #779, #391, #2567, #606, #1439, #794, #1670, #1457, #1892, #362, #2108, #347, #1471, #2340, #2762, #1484, #2353, #2580, #2134, #177, #1919, #834, #1713, #618, #1497, #862, #2394, #246, #4 ),
 .UNSPECIFIED., .F., .F.,
 ( 4, 2, 2, 2, 2, 2, 2, 2, 2, 2, 2, 2, 2, 2, 2, 2, 2, 4 ),
 ( 0.0007305661818144948676, 0.001562154081002496003, 0.002393741980190496922, 0.003225329879378497841, 0.004056917778566498760, 0.005720093576942491057, 0.006551681476130485036, 0.007383269375318478149, 0.008214857274506472129, 0.009046445173694465242, 0.009878033072882458354, 0.01029382702247645665, 0.01070962097207045320, 0.01112541492166445149, 0.01154120887125844805, 0.01237279677044644116, 0.01320438466963443254, 0.01403597256882242565 ),
 .UNSPECIFIED. ) ;
#2433 = CARTESIAN_POINT ( 'NONE',  ( -8.676674592956279852, 30.67943723669375800, 18.57370577407965939 ) ) ;
#2434 = CARTESIAN_POINT ( 'NONE',  ( -11.47202414538624993, 36.24178714499680609, 17.36672785640068639 ) ) ;
#2435 = EDGE_LOOP ( 'NONE', ( #2672, #1149, #2758 ) ) ;
#2436 = CARTESIAN_POINT ( 'NONE',  ( -12.63041658130747535, 35.90657295894307310, 14.52866504780334722 ) ) ;
#2437 = CARTESIAN_POINT ( 'NONE',  ( -12.83972294893762367, 37.20784553119515436, 10.62286857527465855 ) ) ;
#2438 = CARTESIAN_POINT ( 'NONE',  ( -13.97406211285860955, 33.79460328345997766, 17.71120036985171353 ) ) ;
#2439 = CARTESIAN_POINT ( 'NONE',  ( 13.85082520833297970, 36.53655970476985004, 15.98933991409869471 ) ) ;
#2440 = CARTESIAN_POINT ( 'NONE',  ( 13.30656138510775754, 35.26009316552956818, 16.88557050847116159 ) ) ;
#2441 = CARTESIAN_POINT ( 'NONE',  ( 10.59602884753788210, 30.84630006341059882, 15.12298396974642500 ) ) ;
#2442 = CARTESIAN_POINT ( 'NONE',  ( 12.14187769658689575, 32.05637463927346431, 17.63036857463514195 ) ) ;
#2443 = CARTESIAN_POINT ( 'NONE',  ( 14.48814163322344761, 35.68657492207117343, 10.87924431110794821 ) ) ;
#2444 = ADVANCED_FACE ( 'NONE', ( #375 ), #1050, .F. ) ;
#2445 = CARTESIAN_POINT ( 'NONE',  ( -9.274647584149729340, 34.75746509789990313, 20.01158923697309078 ) ) ;
#2446 = DIRECTION ( 'NONE',  ( 1.000000000000000000, 0.000000000000000000, 1.445602896647327823E-16 ) ) ;
#2447 = ORIENTED_EDGE ( 'NONE', *, *, #1279, .F. ) ;
#2448 = CARTESIAN_POINT ( 'NONE',  ( -14.26008929459974617, 46.10046047395874069, 0.6448741140210516587 ) ) ;
#2449 = EDGE_CURVE ( 'NONE', #2305, #2728, #2616, .T. ) ;
#2450 = CARTESIAN_POINT ( 'NONE',  ( -12.60728624555972921, 37.29839627689335657, 10.68012122124682683 ) ) ;
#2451 = CARTESIAN_POINT ( 'NONE',  ( 14.80801911512303803, 33.40727153012134920, 15.30550162154441907 ) ) ;
#2452 = TOROIDAL_SURFACE ( 'NONE', #2293, 5.437500000000001776, 0.7500000000000000000 ) ;
#2453 = CARTESIAN_POINT ( 'NONE',  ( 8.124382121465897555, 34.21116122886389377, 13.87813752368253972 ) ) ;
#2454 = CARTESIAN_POINT ( 'NONE',  ( 9.374382121465901108, 34.66070373571239571, 17.54432863173719070 ) ) ;
#2455 = LINE ( 'NONE', #25, #156 ) ;
#2456 = CARTESIAN_POINT ( 'NONE',  ( -11.99805821436101816, 43.23715336342285553, 1.375234100256227165 ) ) ;
#2457 = CARTESIAN_POINT ( 'NONE',  ( 13.73501071919036320, 36.63268694299447503, 10.55469103458116464 ) ) ;
#2458 = ADVANCED_FACE ( 'NONE', ( #1240, #593 ), #1867, .T. ) ;
#2459 = CARTESIAN_POINT ( 'NONE',  ( -11.23991217761126116, 30.72741216742725712, 17.26258393908095812 ) ) ;
#2460 = CARTESIAN_POINT ( 'NONE',  ( -11.37356199224961628, 36.24483023446556729, 17.62917396672204262 ) ) ;
#2461 = CARTESIAN_POINT ( 'NONE',  ( 9.254814142959283174, 34.76088839322627422, 20.02208691092814163 ) ) ;
#2462 = VERTEX_POINT ( 'NONE', #1035 ) ;
#2463 = CARTESIAN_POINT ( 'NONE',  ( -11.24249974193535095, 36.20999591480474322, 15.24066451293833957 ) ) ;
#2464 = CARTESIAN_POINT ( 'NONE',  ( -9.383254993265561339, 34.29361848280117187, 20.05906682729915147 ) ) ;
#2465 = CARTESIAN_POINT ( 'NONE',  ( 11.64526335508991828, 43.41270488422093621, -0.08585060853577494711 ) ) ;
#2466 = CARTESIAN_POINT ( 'NONE',  ( 11.49699078297351384, 37.47738445504427318, 16.54025331120348952 ) ) ;
#2467 = B_SPLINE_CURVE_WITH_KNOTS ( 'NONE', 3,
 ( #217, #1283, #632, #1509, #1962, #3, #874, #1749, #444, #1323, #2191, #1336, #31, #675, #904, #2205, #1551, #245, #2421, #2631, #458, #1119, #1993, #1909, #139, #2126, #1425, #1443, #1039, #2513, #2296, #1673 ),
 .UNSPECIFIED., .F., .F.,
 ( 4, 2, 2, 2, 2, 2, 2, 2, 2, 2, 2, 2, 2, 2, 2, 4 ),
 ( 0.009174624581244598606, 0.009746666518489620346, 0.01031870845573464382, 0.01089075039297966556, 0.01146279233022468730, 0.01260687620471473772, 0.01375096007920478813, 0.01432300201644981161, 0.01489504395369484029, 0.01546708589093986549, 0.01603912782818489244, 0.01632514879680740938, 0.01661116976542992285, 0.01718321170267497061, 0.01775525363992001837, 0.01832729557716506266 ),
 .UNSPECIFIED. ) ;
#2468 = CARTESIAN_POINT ( 'NONE',  ( 13.56157340825692259, 34.69880148624201865, 14.84459953839784063 ) ) ;
#2469 = CARTESIAN_POINT ( 'NONE',  ( 9.139365559283001872, 31.67280977720850998, 15.31626786258563655 ) ) ;
#2470 = CARTESIAN_POINT ( 'NONE',  ( -11.48349464691503385, 43.49402430854345170, 1.300470515279009698 ) ) ;
#2471 = CARTESIAN_POINT ( 'NONE',  ( 13.61650678040352602, 34.28703471791475721, 15.12574495735172420 ) ) ;
#2472 = CARTESIAN_POINT ( 'NONE',  ( -13.46509142744643661, 31.34915551141931900, 15.42626869185226823 ) ) ;
#2473 = CARTESIAN_POINT ( 'NONE',  ( -9.484898080618942018, 34.82166448345575560, 19.58930659912303085 ) ) ;
#2474 = CARTESIAN_POINT ( 'NONE',  ( 10.48488243266770681, 35.98781847981786086, 18.41142194419676059 ) ) ;
#2475 = EDGE_LOOP ( 'NONE', ( #1241, #2505, #158, #387 ) ) ;
#2476 = CARTESIAN_POINT ( 'NONE',  ( 12.68043686879348186, 35.86860468248275424, 16.31808818812381645 ) ) ;
#2477 = CARTESIAN_POINT ( 'NONE',  ( -14.58639037673475336, 35.46874951002028808, 16.18201997935140213 ) ) ;
#2478 = CARTESIAN_POINT ( 'NONE',  ( -13.62376475597913661, 33.72547095021361940, 18.04972271260751526 ) ) ;
#2479 = CARTESIAN_POINT ( 'NONE',  ( 10.18271304367750574, 37.23392551894432501, 17.21326657404596361 ) ) ;
#2480 = VERTEX_POINT ( 'NONE', #2148 ) ;
#2481 = DIRECTION ( 'NONE',  ( -0.1717804052732626319, 0.7622314559643971199, -0.6240951048538589951 ) ) ;
#2482 = CARTESIAN_POINT ( 'NONE',  ( -11.22254900749075368, 43.62411098338783688, 1.037503839584678289 ) ) ;
#2483 = CARTESIAN_POINT ( 'NONE',  ( -16.60157131297756194, 50.10415527649975331, 0.6448741140208762435 ) ) ;
#2484 = AXIS2_PLACEMENT_3D ( 'NONE', #2264, #2481, #1355 ) ;
#2485 = EDGE_CURVE ( 'NONE', #1498, #1008, #2432, .T. ) ;
#2486 = CIRCLE ( 'NONE', #386, 0.7500000000000058842 ) ;
#2487 = CARTESIAN_POINT ( 'NONE',  ( -8.705658650247674046, 32.20566439683365445, 17.79893511310803689 ) ) ;
#2488 = DIRECTION ( 'NONE',  ( 0.000000000000000000, -0.000000000000000000, -1.000000000000000000 ) ) ;
#2489 = CARTESIAN_POINT ( 'NONE',  ( 11.43033084263747767, 36.62869051143825061, 17.22426643339880314 ) ) ;
#2490 = ORIENTED_EDGE ( 'NONE', *, *, #339, .T. ) ;
#2491 = CARTESIAN_POINT ( 'NONE',  ( -11.83153433895000006, 31.81519695905758027, 20.45022014394458054 ) ) ;
#2492 = CARTESIAN_POINT ( 'NONE',  ( -13.62561787853412199, 34.34528186608419986, 16.96765488552496137 ) ) ;
#2493 = ADVANCED_FACE ( 'NONE', ( #2408 ), #61, .F. ) ;
#2494 = CARTESIAN_POINT ( 'NONE',  ( 9.629936519345479340, 31.28748949785269673, 20.35156909393837665 ) ) ;
#2495 = CARTESIAN_POINT ( 'NONE',  ( 8.502459433984418169, 35.70698014810589882, 18.57762261727815556 ) ) ;
#2496 = EDGE_LOOP ( 'NONE', ( #2096, #2550 ) ) ;
#2497 = CARTESIAN_POINT ( 'NONE',  ( 14.54293282635615903, 32.62865482742797951, 12.87281184050197425 ) ) ;
#2498 = FACE_OUTER_BOUND ( 'NONE', #2246, .T. ) ;
#2499 = CARTESIAN_POINT ( 'NONE',  ( 13.42456707814683270, 33.16778542952193476, 16.08388434144558232 ) ) ;
#2500 = CARTESIAN_POINT ( 'NONE',  ( 11.29277311608530532, 36.21938743863060495, 15.19892396743464857 ) ) ;
#2501 = CARTESIAN_POINT ( 'NONE',  ( 13.62376181292659538, 34.15180174886811670, 17.13748415316440088 ) ) ;
#2502 = CARTESIAN_POINT ( 'NONE',  ( 14.15538592130265449, 31.93388852783299470, 14.88991237420807678 ) ) ;
#2503 = CARTESIAN_POINT ( 'NONE',  ( -8.475324517660121515, 31.93213562383335358, 18.09960251169228229 ) ) ;
#2504 = CARTESIAN_POINT ( 'NONE',  ( 11.28328800324192649, 36.61212909031884521, 17.34047699429105904 ) ) ;
#2505 = ORIENTED_EDGE ( 'NONE', *, *, #377, .T. ) ;
#2506 = CARTESIAN_POINT ( 'NONE',  ( 10.60082497961460923, 36.04179406300548294, 17.79082395345464462 ) ) ;
#2507 = CARTESIAN_POINT ( 'NONE',  ( -10.28246210882427469, 35.85526809449153518, 18.18852397410037014 ) ) ;
#2508 = UNCERTAINTY_MEASURE_WITH_UNIT (LENGTH_MEASURE( 1.000000000000000082E-05 ), #201, 'distance_accuracy_value', 'NONE');
#2509 = DIRECTION ( 'NONE',  ( 0.000000000000000000, 0.000000000000000000, -1.000000000000000000 ) ) ;
#2510 =( BOUNDED_SURFACE ( )  B_SPLINE_SURFACE ( 3, 2, ( 
 ( #1578, #1176, #1148 ),
 ( #2671, #510, #975 ),
 ( #1844, #716, #2461 ),
 ( #483, #1633, #2045 ),
 ( #1831, #87, #1387 ),
 ( #1818, #498, #270 ),
 ( #2712, #100, #2698 ),
 ( #310, #296, #2257 ),
 ( #959, #2474, #1362 ),
 ( #1191, #2685, #1604 ),
 ( #1374, #757, #739 ),
 ( #2245, #282, #2504 ),
 ( #1161, #1617, #2489 ),
 ( #1402, #2006, #703 ),
 ( #523, #2059, #537 ),
 ( #1416, #1134, #44 ),
 ( #2658, #2234, #2727 ),
 ( #988, #1902, #2116 ),
 ( #1887, #2770, #2757 ),
 ( #1861, #1205, #774 ),
 ( #2784, #803, #830 ),
 ( #1649, #2520, #385 ),
 ( #1219, #1678, #2319 ),
 ( #2090, #130, #555 ),
 ( #1433, #2104, #817 ),
 ( #1709, #1001, #2347 ),
 ( #614, #145, #1018 ),
 ( #2549, #2304, #342 ),
 ( #788, #1235, #586 ),
 ( #172, #2741, #357 ) ),
 .UNSPECIFIED., .F., .F., .F. ) 
 B_SPLINE_SURFACE_WITH_KNOTS ( ( 4, 2, 2, 2, 2, 2, 2, 2, 2, 2, 2, 2, 2, 2, 4 ),
 ( 3, 3 ),
 ( 0.000000000000000000, 0.001115844728353189777, 0.002231689456706379554, 0.002789611820882974443, 0.003347534185059569331, 0.004463378913412759108, 0.005021301277589353997, 0.005579223641765948885, 0.006137146005942543774, 0.006695068370119138662, 0.006974029552207435673, 0.007252990734295733551, 0.007810913098472328439, 0.008368835462648924195, 0.008926757826825518216 ),
 ( 0.000000000000000000, 1.000000000000000000 ),
 .UNSPECIFIED. ) 
 GEOMETRIC_REPRESENTATION_ITEM ( )  RATIONAL_B_SPLINE_SURFACE ( (
 ( 1.000000000000000000, 0.8305613968135853176, 1.000000000000000000),
 ( 1.000000000000000000, 0.8111131008658517549, 1.000000000000000000),
 ( 1.000000000000000000, 0.7879232792945630726, 1.000000000000000000),
 ( 1.000000000000000000, 0.7356760336864264227, 1.000000000000000000),
 ( 1.000000000000000000, 0.7082307452112629464, 1.000000000000000000),
 ( 1.000000000000000000, 0.6657329966719125469, 1.000000000000000000),
 ( 1.000000000000000000, 0.6511188002221022231, 1.000000000000000000),
 ( 1.000000000000000000, 0.6206620573088452719, 1.000000000000000000),
 ( 1.000000000000000000, 0.6049243052668555887, 1.000000000000000000),
 ( 1.000000000000000000, 0.5564000062839541405, 1.000000000000000000),
 ( 1.000000000000000000, 0.5216757103908605808, 1.000000000000000000),
 ( 1.000000000000000000, 0.4724531072102716722, 1.000000000000000000),
 ( 1.000000000000000000, 0.4555641847214407791, 1.000000000000000000),
 ( 1.000000000000000000, 0.4218156882451717937, 1.000000000000000000),
 ( 1.000000000000000000, 0.4051529713970861701, 1.000000000000000000),
 ( 1.000000000000000000, 0.3748648393040006077, 1.000000000000000000),
 ( 1.000000000000000000, 0.3600902717423015154, 1.000000000000000000),
 ( 1.000000000000000000, 0.3388231868951954717, 1.000000000000000000),
 ( 1.000000000000000000, 0.3309713640043883687, 1.000000000000000000),
 ( 1.000000000000000000, 0.3262704888251542479, 1.000000000000000000),
 ( 1.000000000000000000, 0.3259737062644703642, 1.000000000000000000),
 ( 1.000000000000000000, 0.3279381486012819535, 1.000000000000000000),
 ( 1.000000000000000000, 0.3301790792705165956, 1.000000000000000000),
 ( 1.000000000000000000, 0.3397983731369871863, 1.000000000000000000),
 ( 1.000000000000000000, 0.3500851447226660529, 1.000000000000000000),
 ( 1.000000000000000000, 0.3765801593108806244, 1.000000000000000000),
 ( 1.000000000000000000, 0.3916750501376903282, 1.000000000000000000),
 ( 1.000000000000000000, 0.4237367440266805452, 1.000000000000000000),
 ( 1.000000000000000000, 0.4404206551230115396, 1.000000000000000000),
 ( 1.000000000000000000, 0.4569227387364744319, 1.000000000000000000) ) ) 
 REPRESENTATION_ITEM ( '' )  SURFACE ( )  );
#2511 = EDGE_LOOP ( 'NONE', ( #1458, #2382, #1845 ) ) ;
#2512 = CARTESIAN_POINT ( 'NONE',  ( 11.87776854880401700, 30.73980147035594612, 14.70212040644284457 ) ) ;
#2513 = CARTESIAN_POINT ( 'NONE',  ( 9.243668280756205391, 33.82203970312141905, 20.65498685471033724 ) ) ;
#2514 = CARTESIAN_POINT ( 'NONE',  ( -9.350771924011088032, 34.12638875548638850, 20.41205009801322490 ) ) ;
#2515 = CARTESIAN_POINT ( 'NONE',  ( 10.66769753182754066, 36.07250557050622319, 15.72805042006753595 ) ) ;
#2516 = CARTESIAN_POINT ( 'NONE',  ( 11.27965911692642464, 31.98127925957090767, 20.50920035570193889 ) ) ;
#2517 = AXIS2_PLACEMENT_3D ( 'NONE', #1590, #2019, #2190 ) ;
#2518 = CARTESIAN_POINT ( 'NONE',  ( -14.87561787853410422, 34.10046047395868385, 12.08854957758657989 ) ) ;
#2519 = CARTESIAN_POINT ( 'NONE',  ( -15.84481681611159232, 33.14185339039622136, 11.98903328910348698 ) ) ;
#2520 = CARTESIAN_POINT ( 'NONE',  ( 12.96641071883978746, 35.63954260256247863, 17.02413398914201537 ) ) ;
#2521 = ORIENTED_EDGE ( 'NONE', *, *, #1597, .T. ) ;
#2522 = CARTESIAN_POINT ( 'NONE',  ( 9.374382121443177951, 34.37700647351774563, 20.00296757841831052 ) ) ;
#2523 = CARTESIAN_POINT ( 'NONE',  ( -13.62265898838119682, 33.96922780969406830, 17.29940449531596158 ) ) ;
#2524 = ADVANCED_FACE ( 'NONE', ( #646 ), #1463, .T. ) ;
#2525 = CARTESIAN_POINT ( 'NONE',  ( 10.34166325656636154, 30.91955943175941712, 17.67114566872794867 ) ) ;
#2526 = DIRECTION ( 'NONE',  ( -0.000000000000000000, 1.000000000000000000, -0.000000000000000000 ) ) ;
#2527 = ORIENTED_EDGE ( 'NONE', *, *, #1215, .F. ) ;
#2528 = CARTESIAN_POINT ( 'NONE',  ( 13.88601741770925102, 31.68348540965574500, 18.65554580557668984 ) ) ;
#2529 = CARTESIAN_POINT ( 'NONE',  ( -10.65588697179278732, 32.12607890166972879, 20.83380169463659115 ) ) ;
#2530 = CARTESIAN_POINT ( 'NONE',  ( -17.42908811780641187, 37.85887784384377142, 0.6448741140208742451 ) ) ;
#2531 = DIRECTION ( 'NONE',  ( 0.000000000000000000, -1.000000000000000000, 0.000000000000000000 ) ) ;
#2532 = CARTESIAN_POINT ( 'NONE',  ( 12.46534010226840117, 32.19225536617387462, 19.57068517975764621 ) ) ;
#2533 = CARTESIAN_POINT ( 'NONE',  ( -13.83229921880749735, 31.63012161255247179, 18.70013056958041986 ) ) ;
#2534 = CARTESIAN_POINT ( 'NONE',  ( 22.17609211980952821, 30.84410575147589029, -43.70854588266637109 ) ) ;
#2535 = CARTESIAN_POINT ( 'NONE',  ( -0.0006178785341007960157, 24.10046047395869451, 0.6448741140208762435 ) ) ;
#2536 = VERTEX_POINT ( 'NONE', #472 ) ;
#2537 = CARTESIAN_POINT ( 'NONE',  ( -9.274647584153267843, 34.75746509791573402, 20.01158923696014114 ) ) ;
#2538 = CARTESIAN_POINT ( 'NONE',  ( 14.87339692555053716, 34.18200249881473951, 17.72426705907439271 ) ) ;
#2539 = CARTESIAN_POINT ( 'NONE',  ( -15.95205226013923827, 50.47915527649975331, 0.6448741140208762435 ) ) ;
#2540 = DIRECTION ( 'NONE',  ( 0.000000000000000000, 0.000000000000000000, -1.000000000000000000 ) ) ;
#2541 = ORIENTED_EDGE ( 'NONE', *, *, #322, .T. ) ;
#2542 = CARTESIAN_POINT ( 'NONE',  ( -11.12088375620364999, 33.46447458291104482, 17.57561986784465446 ) ) ;
#2543 = CARTESIAN_POINT ( 'NONE',  ( -10.19871648903011696, 42.76717261312904839, 0.6448741140208750222 ) ) ;
#2544 = CARTESIAN_POINT ( 'NONE',  ( 11.69257861539832177, 31.97939520364631605, 20.24155716937620042 ) ) ;
#2545 = CARTESIAN_POINT ( 'NONE',  ( -14.38087023316598412, 32.30144513650427029, 16.56526598697147179 ) ) ;
#2546 = AXIS2_PLACEMENT_3D ( 'NONE', #2539, #2339, #574 ) ;
#2547 = CARTESIAN_POINT ( 'NONE',  ( -14.20513827008077001, 32.07231694047877824, 18.36101392574780888 ) ) ;
#2548 = CIRCLE ( 'NONE', #2183, 0.7500000000000006661 ) ;
#2549 = CARTESIAN_POINT ( 'NONE',  ( 13.59011691534647248, 34.50808933712085036, 16.84604935458239439 ) ) ;
#2550 = ORIENTED_EDGE ( 'NONE', *, *, #1100, .T. ) ;
#2551 = CARTESIAN_POINT ( 'NONE',  ( -11.41274438469508112, 31.97271938947776704, 20.42979810722928846 ) ) ;
#2552 = CARTESIAN_POINT ( 'NONE',  ( -9.481011930061422177, 34.80442068784991960, 19.60508248447461810 ) ) ;
#2553 = CARTESIAN_POINT ( 'NONE',  ( -0.0006178785341007960157, 15.85046047395869628, 5.582374114020876910 ) ) ;
#2554 = DIRECTION ( 'NONE',  ( 0.000000000000000000, 0.000000000000000000, 1.000000000000000000 ) ) ;
#2555 = ORIENTED_EDGE ( 'NONE', *, *, #925, .T. ) ;
#2556 = CARTESIAN_POINT ( 'NONE',  ( 14.35543290994786148, 32.29148887524119971, 18.20006019074176251 ) ) ;
#2557 = SURFACE_STYLE_USAGE ( .BOTH. , #1010 ) ;
#2558 = SPHERICAL_SURFACE ( 'NONE', #1858, 0.7500000000000061062 ) ;
#2559 = CARTESIAN_POINT ( 'NONE',  ( 13.19612324895430788, 32.78456913194597888, 19.00094404695269290 ) ) ;
#2560 = CARTESIAN_POINT ( 'NONE',  ( -13.90106110881770896, 31.72042120203082050, 17.35419108926034681 ) ) ;
#2561 = CARTESIAN_POINT ( 'NONE',  ( -14.73021298925746692, 33.10135177695116226, 12.61773319759593548 ) ) ;
#2562 = DIRECTION ( 'NONE',  ( -0.5000000000000009992, 0.8660254037844380415, -0.000000000000000000 ) ) ;
#2563 = EDGE_LOOP ( 'NONE', ( #302, #2742, #93, #316, #1019 ) ) ;
#2564 = CARTESIAN_POINT ( 'NONE',  ( 9.939120569769938740, 35.95501264289360677, 18.74693036592424633 ) ) ;
#2565 = CARTESIAN_POINT ( 'NONE',  ( -11.90570811114658234, 36.18688756399362205, 16.64734325622356081 ) ) ;
#2566 = CARTESIAN_POINT ( 'NONE',  ( 24.98541946442390227, 23.62740737466491936, 0.6448741140205493938 ) ) ;
#2567 = CARTESIAN_POINT ( 'NONE',  ( -9.286013375816471793, 36.67540414725017683, 14.12557754909228080 ) ) ;
#2568 = ORIENTED_EDGE ( 'NONE', *, *, #2283, .T. ) ;
#2569 = CARTESIAN_POINT ( 'NONE',  ( -23.71223864768136025, 24.10046047395869451, 48.06811565231535610 ) ) ;
#2570 = DIRECTION ( 'NONE',  ( 0.02921984161323717966, -0.8407680585026666709, 0.5406063934673300819 ) ) ;
#2571 = CARTESIAN_POINT ( 'NONE',  ( -9.356908900968056386, 34.02896697519502567, 20.27517856133907515 ) ) ;
#2572 = CARTESIAN_POINT ( 'NONE',  ( 11.25614362517664802, 31.98382452468570492, 20.52260305040153909 ) ) ;
#2573 = EDGE_CURVE ( 'NONE', #691, #1579, #2771, .T. ) ;
#2574 = CARTESIAN_POINT ( 'NONE',  ( -10.08433907144344488, 37.16978738948387218, 15.59338170772345933 ) ) ;
#2575 = CARTESIAN_POINT ( 'NONE',  ( -9.076428123274672188, 31.73687867381939753, 15.35129702469906121 ) ) ;
#2576 = DIRECTION ( 'NONE',  ( -0.000000000000000000, 1.000000000000000000, 0.000000000000000000 ) ) ;
#2577 = CARTESIAN_POINT ( 'NONE',  ( 12.22410821981034168, 36.55707491522560559, 16.71890555574611525 ) ) ;
#2578 = CARTESIAN_POINT ( 'NONE',  ( -13.02642354710392070, 35.58868413674400699, 16.30109269870007793 ) ) ;
#2579 = CARTESIAN_POINT ( 'NONE',  ( -9.417747164533667004, 33.57703188584275011, 18.22991126169686993 ) ) ;
#2580 = CARTESIAN_POINT ( 'NONE',  ( -13.60732455373603322, 36.74092752402915352, 10.55607794963603929 ) ) ;
#2581 = CARTESIAN_POINT ( 'NONE',  ( -10.60532975467676664, 36.02876643483629238, 15.80137224071341251 ) ) ;
#2582 = EDGE_CURVE ( 'NONE', #2166, #704, #1065, .T. ) ;
#2583 = CARTESIAN_POINT ( 'NONE',  ( -20.92071932708723736, 33.35561037482337099, 0.6448741140208734679 ) ) ;
#2584 = CARTESIAN_POINT ( 'NONE',  ( -8.748521517750397436, 36.09108815235921242, 18.28837121477996064 ) ) ;
#2585 = CARTESIAN_POINT ( 'NONE',  ( -11.83202391816633359, 31.81526834264311532, 20.44988651479970443 ) ) ;
#2586 = CARTESIAN_POINT ( 'NONE',  ( -20.14587039325062179, 38.88354225767234595, 0.6448741140208736899 ) ) ;
#2587 = DIRECTION ( 'NONE',  ( -0.000000000000000000, 1.000000000000000000, -0.000000000000000000 ) ) ;
#2588 = CARTESIAN_POINT ( 'NONE',  ( -12.44869977127803828, 30.83183424715568677, 19.56066975567529198 ) ) ;
#2589 = CARTESIAN_POINT ( 'NONE',  ( 9.586360210640414437, 35.54268616927797098, 19.27234745839670893 ) ) ;
#2590 = CARTESIAN_POINT ( 'NONE',  ( -13.43296662491921545, 34.98778022831859147, 16.53351802475943444 ) ) ;
#2591 = CARTESIAN_POINT ( 'NONE',  ( -9.853786328520250493, 32.71761295872178010, 18.52776884642821287 ) ) ;
#2592 = CARTESIAN_POINT ( 'NONE',  ( 11.46529668278419578, 31.94781454621936945, 18.17948570904321315 ) ) ;
#2593 = ORIENTED_EDGE ( 'NONE', *, *, #1015, .T. ) ;
#2594 = CARTESIAN_POINT ( 'NONE',  ( -10.89538077495190826, 36.13882190891526136, 15.52728799118152914 ) ) ;
#2595 = CARTESIAN_POINT ( 'NONE',  ( -20.16368778410129892, 34.55714373453399446, 40.97101392515529739 ) ) ;
#2596 = CARTESIAN_POINT ( 'NONE',  ( 12.49253069231869340, 42.98922854518217918, 0.6448741140207098210 ) ) ;
#2597 = CARTESIAN_POINT ( 'NONE',  ( -12.08396042439436258, 32.03683764170931880, 20.17895028539830449 ) ) ;
#2598 = CARTESIAN_POINT ( 'NONE',  ( 13.17841507138647827, 32.38682490462722541, 19.25437282681415851 ) ) ;
#2599 = CARTESIAN_POINT ( 'NONE',  ( -12.49376644938690184, 42.98922854518217918, 0.6448741140210355605 ) ) ;
#2600 = CARTESIAN_POINT ( 'NONE',  ( -0.0006178785340942436399, 44.85046047395872648, 0.6448741140208893441 ) ) ;
#2601 =( BOUNDED_SURFACE ( )  B_SPLINE_SURFACE ( 3, 3, ( 
 ( #1145, #2243, #737, #1589 ),
 ( #945, #69, #2502, #85 ),
 ( #2710, #754, #1630, #999 ),
 ( #2042, #972, #1414, #1602 ),
 ( #98, #1842, #552, #495 ),
 ( #340, #2725, #509, #280 ) ),
 .UNSPECIFIED., .F., .F., .F. ) 
 B_SPLINE_SURFACE_WITH_KNOTS ( ( 4, 2, 4 ),
 ( 4, 4 ),
 ( 0.000000000000000000, 0.5000000000000001110, 1.000000000000000000 ),
 ( 0.000000000000000000, 1.000000000000000000 ),
 .UNSPECIFIED. ) 
 GEOMETRIC_REPRESENTATION_ITEM ( )  RATIONAL_B_SPLINE_SURFACE ( (
 ( 1.000000000000000000, 0.9831214847601407181, 0.9831214847601407181, 1.000000000000000000),
 ( 1.000000000000000000, 0.9831214847601407181, 0.9831214847601407181, 1.000000000000000000),
 ( 1.000000000000000000, 0.9831214847601407181, 0.9831214847601407181, 1.000000000000000000),
 ( 1.000000000000000000, 0.9831214847601407181, 0.9831214847601407181, 1.000000000000000000),
 ( 1.000000000000000000, 0.9831214847601407181, 0.9831214847601407181, 1.000000000000000000),
 ( 1.000000000000000000, 0.9831214847601407181, 0.9831214847601407181, 1.000000000000000000) ) ) 
 REPRESENTATION_ITEM ( '' )  SURFACE ( )  );
#2602 = DIRECTION ( 'NONE',  ( 0.5000000000000009992, 0.8660254037844380415, -0.000000000000000000 ) ) ;
#2603 = CARTESIAN_POINT ( 'NONE',  ( -13.56098912320640082, 34.64017303753082189, 16.75028596520087021 ) ) ;
#2604 = CARTESIAN_POINT ( 'NONE',  ( 10.58934665653224627, 30.84093047808513077, 17.57581102713263732 ) ) ;
#2605 = CARTESIAN_POINT ( 'NONE',  ( 12.17651874370444531, 34.90356472528326748, 15.89214635203347648 ) ) ;
#2606 = ORIENTED_EDGE ( 'NONE', *, *, #1447, .T. ) ;
#2607 = CARTESIAN_POINT ( 'NONE',  ( -9.633262480589039001, 35.14480495545949168, 17.05433545718939925 ) ) ;
#2608 = EDGE_CURVE ( 'NONE', #173, #2536, #558, .T. ) ;
#2609 = FACE_BOUND ( 'NONE', #2747, .T. ) ;
#2610 = CARTESIAN_POINT ( 'NONE',  ( 12.23262842273538098, 43.11927357591017795, 1.245539881292346607 ) ) ;
#2611 = CARTESIAN_POINT ( 'NONE',  ( -10.80144437849505579, 32.08784037466647732, 20.74262088378052837 ) ) ;
#2612 = CARTESIAN_POINT ( 'NONE',  ( 9.324630558600841113, 33.49270468608914797, 20.82236807997770356 ) ) ;
#2613 = CARTESIAN_POINT ( 'NONE',  ( -14.87561787853410245, 34.30283045300127753, 14.42869326740591340 ) ) ;
#2614 = CARTESIAN_POINT ( 'NONE',  ( 7.407175880011008573, 43.79890889688616085, -14.17071340306934069 ) ) ;
#2615 = CARTESIAN_POINT ( 'NONE',  ( 14.87339692555050519, 34.18200249881610375, 14.54264231354808601 ) ) ;
#2616 =( BOUNDED_CURVE ( )  B_SPLINE_CURVE ( 3, ( #2732, #1023, #1272, #1284 ),
 .UNSPECIFIED., .F., .F. ) 
 B_SPLINE_CURVE_WITH_KNOTS ( ( 4, 4 ),
 ( 1.108563117555017463, 1.570796326794896558 ),
 .UNSPECIFIED. ) 
 CURVE ( )  GEOMETRIC_REPRESENTATION_ITEM ( )  RATIONAL_B_SPLINE_CURVE ( ( 1.000000000000000000, 0.9822741515438814242, 0.9822741515438814242, 1.000000000000000000 ) ) 
 REPRESENTATION_ITEM ( '' )  );
#2617 = CARTESIAN_POINT ( 'NONE',  ( 12.00557530912026216, 32.03548706473258534, 17.72331519770922625 ) ) ;
#2618 = CARTESIAN_POINT ( 'NONE',  ( -12.15319135155505315, 36.56946223678007613, 16.76030416546968382 ) ) ;
#2619 = CARTESIAN_POINT ( 'NONE',  ( 12.43229921516474867, 30.84956461833779429, 16.44702836109964750 ) ) ;
#2620 = CARTESIAN_POINT ( 'NONE',  ( -9.768255923450631428, 35.35430095427642527, 16.82480749146689902 ) ) ;
#2621 = CARTESIAN_POINT ( 'NONE',  ( 24.98541946442390582, 23.62740737466491936, -49.32720057189575869 ) ) ;
#2622 = CARTESIAN_POINT ( 'NONE',  ( -11.54023946861576633, 42.12853899657236667, 23.72411729418420379 ) ) ;
#2623 = CARTESIAN_POINT ( 'NONE',  ( 9.125821648565421995, 34.01745772866024708, 20.26283037893207961 ) ) ;
#2624 = CARTESIAN_POINT ( 'NONE',  ( -13.36477481785465038, 32.58109622343997103, 19.00138228412223640 ) ) ;
#2625 = CARTESIAN_POINT ( 'NONE',  ( 14.68430230574393214, 35.21899321090200630, 10.81120972608821518 ) ) ;
#2626 = CARTESIAN_POINT ( 'NONE',  ( -24.98665522149210716, 23.62740737466491936, 0.6448741140208731348 ) ) ;
#2627 = CARTESIAN_POINT ( 'NONE',  ( 20.16245202703310824, 34.55714373453399446, 0.6448741140208762435 ) ) ;
#2628 = CARTESIAN_POINT ( 'NONE',  ( 9.535779497530398885, 36.85318621333797040, 13.78608673999269030 ) ) ;
#2629 = CARTESIAN_POINT ( 'NONE',  ( 10.70610708326010574, 32.12784238851894258, 18.41452800533848944 ) ) ;
#2630 = CARTESIAN_POINT ( 'NONE',  ( -11.90755623113431305, 36.61410342450859901, 16.89926803035777070 ) ) ;
#2631 = CARTESIAN_POINT ( 'NONE',  ( 10.49053422420410620, 32.10034497891884087, 21.04212981830886520 ) ) ;
#2632 = CARTESIAN_POINT ( 'NONE',  ( -12.33901455849531104, 36.07627850827133642, 16.90069529632895140 ) ) ;
#2633 = CARTESIAN_POINT ( 'NONE',  ( -11.90087384176200835, 36.19291612373461930, 14.80571028019937252 ) ) ;
#2634 = CARTESIAN_POINT ( 'NONE',  ( -0.0006178785340942436399, 44.85046047395872648, 0.6448741140208631428 ) ) ;
#2635 = CARTESIAN_POINT ( 'NONE',  ( -14.47617910652355633, 35.69360096966887852, 16.11878785506845446 ) ) ;
#2636 = CARTESIAN_POINT ( 'NONE',  ( -10.37494728128250543, 32.29682781833277971, 20.99744324185533983 ) ) ;
#2637 = CARTESIAN_POINT ( 'NONE',  ( 9.666827406097274533, 33.01346411351695309, 20.81061845997713533 ) ) ;
#2638 = CARTESIAN_POINT ( 'NONE',  ( -14.02992193601029314, 34.37395800568486948, 17.22212296643000684 ) ) ;
#2639 = CARTESIAN_POINT ( 'NONE',  ( 10.47441976537309571, 30.88253631437565261, 15.15171676480265717 ) ) ;
#2640 = CARTESIAN_POINT ( 'NONE',  ( -11.54023946861576455, 42.12853899657236667, 0.6448741140208746891 ) ) ;
#2641 = CARTESIAN_POINT ( 'NONE',  ( 13.16945670726846451, 37.03551749466385701, 10.63846133926410076 ) ) ;
#2642 = CARTESIAN_POINT ( 'NONE',  ( 10.85483598352394274, 32.07416046790476116, 18.36368367509129840 ) ) ;
#2643 = FACE_OUTER_BOUND ( 'NONE', #804, .T. ) ;
#2644 = CARTESIAN_POINT ( 'NONE',  ( 14.51928138019920667, 31.94781454621937300, 15.99096675496973852 ) ) ;
#2645 = CARTESIAN_POINT ( 'NONE',  ( -13.62241288327420996, 34.23599272322175580, 15.16178023342570036 ) ) ;
#2646 = CARTESIAN_POINT ( 'NONE',  ( -11.91083924840712882, 37.45259188081787727, 16.35260240127536235 ) ) ;
#2647 = CARTESIAN_POINT ( 'NONE',  ( 13.51961612250791411, 31.38962780138706421, 17.85938046764170295 ) ) ;
#2648 = CARTESIAN_POINT ( 'NONE',  ( 14.33932267127776683, 35.94052598054830128, 10.60152946603519908 ) ) ;
#2649 = EDGE_CURVE ( 'NONE', #1177, #173, #2657, .T. ) ;
#2650 = CARTESIAN_POINT ( 'NONE',  ( -12.89356911425658581, 36.26750353791627646, 16.47751719411880345 ) ) ;
#2651 = CARTESIAN_POINT ( 'NONE',  ( 8.646618580608846472, 32.27971923119926601, 20.35323459947359126 ) ) ;
#2652 = CARTESIAN_POINT ( 'NONE',  ( 14.00684429043726986, 34.38571286578598318, 17.22631738370438015 ) ) ;
#2653 = CARTESIAN_POINT ( 'NONE',  ( 8.441816309470455693, 35.54698887650348382, 15.60813455775558012 ) ) ;
#2654 = AXIS2_PLACEMENT_3D ( 'NONE', #1437, #1454, #345 ) ;
#2655 = FACE_OUTER_BOUND ( 'NONE', #1739, .T. ) ;
#2656 = CARTESIAN_POINT ( 'NONE',  ( -11.98646712374836731, 36.19156472454285023, 17.25486216561133901 ) ) ;
#2657 = CIRCLE ( 'NONE', #2159, 24.23652158959298575 ) ;
#2658 = CARTESIAN_POINT ( 'NONE',  ( 12.18920310140842922, 36.11602741428753660, 16.48394440248334547 ) ) ;
#2659 = ORIENTED_EDGE ( 'NONE', *, *, #1044, .F. ) ;
#2660 = CARTESIAN_POINT ( 'NONE',  ( -24.98665522149271823, 23.62740737466491936, -49.32720057189543894 ) ) ;
#2661 = CARTESIAN_POINT ( 'NONE',  ( -11.46250841195498893, 37.48282481028195434, 16.52995726194431825 ) ) ;
#2662 = CARTESIAN_POINT ( 'NONE',  ( 8.532985252152545996, 32.47057487196726555, 20.22651672631676334 ) ) ;
#2663 = CARTESIAN_POINT ( 'NONE',  ( 8.164617224020433994, 34.63570166188753063, 19.15911380453729151 ) ) ;
#2664 = EDGE_CURVE ( 'NONE', #796, #704, #931, .T. ) ;
#2665 = CARTESIAN_POINT ( 'NONE',  ( 13.56157340825692259, 34.69880148624201865, 17.15391698948586452 ) ) ;
#2666 = CARTESIAN_POINT ( 'NONE',  ( 8.517322473380239956, 32.49985489790488913, 15.20893675971182368 ) ) ;
#2667 = DIRECTION ( 'NONE',  ( 0.000000000000000000, 0.000000000000000000, -1.000000000000000000 ) ) ;
#2668 = CARTESIAN_POINT ( 'NONE',  ( 10.54165927393128577, 37.36184182536522513, 15.05954706812689814 ) ) ;
#2669 = CARTESIAN_POINT ( 'NONE',  ( 12.80602459881248656, 32.42327709023357585, 16.98748334741480548 ) ) ;
#2670 = CARTESIAN_POINT ( 'NONE',  ( -12.03007499688452242, 36.59458938934972139, 16.82778008155133520 ) ) ;
#2671 = CARTESIAN_POINT ( 'NONE',  ( 9.365781882484009557, 34.31068360651818239, 20.05838632274971900 ) ) ;
#2672 = ORIENTED_EDGE ( 'NONE', *, *, #2573, .F. ) ;
#2673 = DIRECTION ( 'NONE',  ( -0.000000000000000000, 1.000000000000000000, -0.000000000000000000 ) ) ;
#2674 = B_SPLINE_CURVE_WITH_KNOTS ( 'NONE', 3,
 ( #372, #202, #1889, #831, #2589, #1710, #2564, #1032, #186, #2811, #1481, #589, #1930, #1074, #845, #2577, #1946, #630, #1507, #643, #1493, #1237, #2106, #2759, #1681, #1468, #2337, #1251, #2119, #1269 ),
 .UNSPECIFIED., .F., .F.,
 ( 4, 2, 2, 2, 2, 2, 2, 2, 2, 2, 2, 2, 2, 2, 4 ),
 ( 2.233070288011338700E-05, 0.001166367437675652199, 0.002310404172471191252, 0.002882422539868970211, 0.003454440907266749603, 0.004598477642062299281, 0.005170496009460077806, 0.005742514376857856331, 0.006314532744255635724, 0.006886551111653414249, 0.007172560295352306547, 0.007458569479051197111, 0.008030587846448996453, 0.008602606213846798397, 0.009174624581244598606 ),
 .UNSPECIFIED. ) ;
#2675 = CARTESIAN_POINT ( 'NONE',  ( -9.376189595488506612, 34.14975013003368787, 20.17140294355892394 ) ) ;
#2676 = CARTESIAN_POINT ( 'NONE',  ( 12.63529183451271187, 30.91529966282622155, 18.77360770685287150 ) ) ;
#2677 = STYLED_ITEM ( 'NONE', ( #335 ), #1102 ) ;
#2678 = CARTESIAN_POINT ( 'NONE',  ( 8.281505777290499637, 35.14327969953600928, 13.42653326800205527 ) ) ;
#2679 = CARTESIAN_POINT ( 'NONE',  ( -11.43994935507626387, 36.62887563192595053, 17.21830574535405489 ) ) ;
#2680 = CARTESIAN_POINT ( 'NONE',  ( 8.240516404991543808, 33.19147637873559376, 15.03059566262930957 ) ) ;
#2681 = CARTESIAN_POINT ( 'NONE',  ( -0.0006178785341007960157, 15.85046047395869628, 0.6448741140208762435 ) ) ;
#2682 = CARTESIAN_POINT ( 'NONE',  ( 8.230268304686875425, 34.97164455660815463, 18.67640521157521860 ) ) ;
#2683 = CARTESIAN_POINT ( 'NONE',  ( -14.38087023316578339, 32.30144513650395766, 14.06526598697189279 ) ) ;
#2684 = CARTESIAN_POINT ( 'NONE',  ( -11.69011043619476453, 36.21833125680496579, 16.79056848218066378 ) ) ;
#2685 = CARTESIAN_POINT ( 'NONE',  ( 10.84440685691184747, 36.15761463556302857, 18.04983090590081218 ) ) ;
#2686 = ORIENTED_EDGE ( 'NONE', *, *, #965, .T. ) ;
#2687 = CARTESIAN_POINT ( 'NONE',  ( 12.46088929499628151, 35.99619313118879660, 16.37652151699425929 ) ) ;
#2688 = CARTESIAN_POINT ( 'NONE',  ( -14.55987209106363167, 35.52698544009490433, 16.16534463526117094 ) ) ;
#2689 = CARTESIAN_POINT ( 'NONE',  ( 14.87822242301935738, 33.98233490501465326, 14.72723331745069508 ) ) ;
#2690 = DIRECTION ( 'NONE',  ( 0.000000000000000000, -1.000000000000000000, 0.000000000000000000 ) ) ;
#2691 = CARTESIAN_POINT ( 'NONE',  ( 12.28520794709216268, 36.09728239739018818, 16.92480093663102281 ) ) ;
#2692 = CARTESIAN_POINT ( 'NONE',  ( -8.126525899579032597, 34.17874404535887578, 19.77356136102932993 ) ) ;
#2693 = CARTESIAN_POINT ( 'NONE',  ( -12.42096720426610901, 43.02568011323203478, 1.036744166666429878 ) ) ;
#2694 = CARTESIAN_POINT ( 'NONE',  ( 12.72062204410860708, 35.84731068246644270, 14.51238587351413223 ) ) ;
#2695 = ADVANCED_FACE ( 'NONE', ( #2020 ), #2510, .T. ) ;
#2696 = CARTESIAN_POINT ( 'NONE',  ( -8.953452751967308387, 31.88303877455860658, 17.86343169218496385 ) ) ;
#2697 = CARTESIAN_POINT ( 'NONE',  ( -11.56211184223697863, 37.52010788264549035, 11.81081405349083902 ) ) ;
#2698 = CARTESIAN_POINT ( 'NONE',  ( 9.939454573207761712, 35.95533673845712741, 18.74647526740607262 ) ) ;
#2699 = ORIENTED_EDGE ( 'NONE', *, *, #2323, .F. ) ;
#2700 = B_SPLINE_CURVE_WITH_KNOTS ( 'NONE', 3,
 ( #1143, #2201, #654, #2215, #1774, #2443, #884, #1959, #930, #1101, #2457, #1357, #712, #2641, #1587, #687, #1535, #55, #240, #2822, #228, #2403, #2230, #1759, #2628, #670, #1746, #1787, #441, #27, #2653, #40, #493, #1116, #1561, #1546 ),
 .UNSPECIFIED., .F., .F.,
 ( 4, 2, 2, 2, 2, 2, 2, 2, 2, 2, 2, 2, 2, 2, 2, 2, 2, 4 ),
 ( 0.002862485893840414561, 0.003692193031286908258, 0.004521900168733401955, 0.005351607306179895218, 0.005766460874903133610, 0.006181314443626373736, 0.006596168012349612128, 0.007011021581072850520, 0.007840728718519329038, 0.008670435855965809291, 0.009500142993412289544, 0.01115955726830525005, 0.01198926440575172683, 0.01281897154319820362, 0.01364867868064468213, 0.01447838581809115892, 0.01530809295553763744, 0.01613780009298411422 ),
 .UNSPECIFIED. ) ;
#2701 = CARTESIAN_POINT ( 'NONE',  ( 13.46592267653190156, 34.92118061213474789, 16.56766223556726203 ) ) ;
#2702 = CARTESIAN_POINT ( 'NONE',  ( -13.58431295050625032, 34.60518314015227759, 16.76409603358973399 ) ) ;
#2703 = CARTESIAN_POINT ( 'NONE',  ( 8.244331397507599135, 33.17679528765487618, 19.92867858298359351 ) ) ;
#2704 = CARTESIAN_POINT ( 'NONE',  ( 11.49699078297351384, 37.47738445504427318, 11.06509190761538441 ) ) ;
#2705 = ORIENTED_EDGE ( 'NONE', *, *, #43, .F. ) ;
#2706 = CARTESIAN_POINT ( 'NONE',  ( 14.88352739528377278, 33.76282778599601642, 12.21058876211272803 ) ) ;
#2707 = CARTESIAN_POINT ( 'NONE',  ( -0.0006178785340993363543, 44.85046047395872648, 0.6448741140208762435 ) ) ;
#2708 = CARTESIAN_POINT ( 'NONE',  ( 13.37003750972974458, 35.12038141562013038, 14.64304684263199441 ) ) ;
#2709 = CARTESIAN_POINT ( 'NONE',  ( 13.58030743094496984, 33.65248466764621327, 17.60491164760466987 ) ) ;
#2710 = CARTESIAN_POINT ( 'NONE',  ( 8.216871996432136172, 33.14625789659677224, 17.51175321387554362 ) ) ;
#2711 = CARTESIAN_POINT ( 'NONE',  ( -13.32794691650257946, 37.52010788264549035, 9.789872091340281912 ) ) ;
#2712 = CARTESIAN_POINT ( 'NONE',  ( 10.01723619983909330, 35.62816984610910254, 18.56979051026199556 ) ) ;
#2713 = VERTEX_POINT ( 'NONE', #1267 ) ;
#2714 = CARTESIAN_POINT ( 'NONE',  ( -13.47220715354224829, 33.27742421289052999, 18.00333017907417243 ) ) ;
#2715 = CARTESIAN_POINT ( 'NONE',  ( -11.14931965316794837, 43.66057838605777164, 0.5456721016030613436 ) ) ;
#2716 = CARTESIAN_POINT ( 'NONE',  ( -14.87561787853427298, 34.10046047396762958, 12.11859562262000267 ) ) ;
#2717 = CARTESIAN_POINT ( 'NONE',  ( 11.38803179979292324, 37.47540532200600438, 11.11260598138027689 ) ) ;
#2718 = CIRCLE ( 'NONE', #257, 6.187500000000000888 ) ;
#2719 = EDGE_LOOP ( 'NONE', ( #2046, #2490, #2288, #220, #219 ) ) ;
#2720 = CARTESIAN_POINT ( 'NONE',  ( 13.58822159016329856, 31.41992280406157079, 18.87874354604104354 ) ) ;
#2721 = CARTESIAN_POINT ( 'NONE',  ( -15.95205226013923472, 50.47915527649975331, 0.6448741140208762435 ) ) ;
#2722 = CARTESIAN_POINT ( 'NONE',  ( 20.16245202703310824, 34.55714373453399446, 0.6448741140208762435 ) ) ;
#2723 = CARTESIAN_POINT ( 'NONE',  ( 8.740668431213132195, 36.05488617112727923, 17.51187332748941117 ) ) ;
#2724 = CARTESIAN_POINT ( 'NONE',  ( 13.04355597416817503, 32.62233496499484176, 18.84062937649171943 ) ) ;
#2725 = CARTESIAN_POINT ( 'NONE',  ( 9.376050452012433922, 37.53273962056129420, 13.37840684555073345 ) ) ;
#2726 = DIRECTION ( 'NONE',  ( -0.8660254037844383745, -0.5000000000000005551, 0.000000000000000000 ) ) ;
#2727 = CARTESIAN_POINT ( 'NONE',  ( 12.39205685621368502, 36.50664824720850277, 16.63975036376011829 ) ) ;
#2728 = VERTEX_POINT ( 'NONE', #1466 ) ;
#2729 = CARTESIAN_POINT ( 'NONE',  ( -12.28973476006579801, 32.12399623766014400, 19.74004200242869445 ) ) ;
#2730 = CARTESIAN_POINT ( 'NONE',  ( -11.12082273409830080, 36.19462286735702605, 17.25890009039769879 ) ) ;
#2731 = CARTESIAN_POINT ( 'NONE',  ( 9.629936519345479340, 31.28748949785268607, 17.85156909393837665 ) ) ;
#2732 = CARTESIAN_POINT ( 'NONE',  ( 11.14808389609974171, 43.66057838605775743, 0.6448741140208762435 ) ) ;
#2733 = ORIENTED_EDGE ( 'NONE', *, *, #256, .F. ) ;
#2734 = CARTESIAN_POINT ( 'NONE',  ( 14.81446183726171384, 33.35671540276289448, 17.53054578737430447 ) ) ;
#2735 = CARTESIAN_POINT ( 'NONE',  ( -13.62561787853410422, 34.10046047395869095, 15.26291807604860118 ) ) ;
#2736 = CARTESIAN_POINT ( 'NONE',  ( 14.06673490452955022, 40.62957519316281463, 0.6448741140208762435 ) ) ;
#2737 = CARTESIAN_POINT ( 'NONE',  ( 8.855829409929196316, 36.20701139314514450, 17.31094467857798946 ) ) ;
#2738 = CARTESIAN_POINT ( 'NONE',  ( -12.36519655217740699, 30.83081649470027585, 19.00278214679621058 ) ) ;
#2739 = CARTESIAN_POINT ( 'NONE',  ( -13.13392405068261048, 31.14051480636538827, 15.79531471075897642 ) ) ;
#2740 = CARTESIAN_POINT ( 'NONE',  ( -11.16208612663982258, 33.14185339039622136, 16.26394146041903355 ) ) ;
#2741 = CARTESIAN_POINT ( 'NONE',  ( 13.60110599108273988, 34.52966337447974610, 17.45328691744473559 ) ) ;
#2742 = ORIENTED_EDGE ( 'NONE', *, *, #1851, .F. ) ;
#2743 = CARTESIAN_POINT ( 'NONE',  ( 13.32410783470611371, 35.19997476220499522, 16.42291459930975250 ) ) ;
#2744 = CARTESIAN_POINT ( 'NONE',  ( -12.02514279102435069, 36.16521048785917714, 16.57157237246071446 ) ) ;
#2745 = CARTESIAN_POINT ( 'NONE',  ( 8.146154075799335814, 33.64820972750160877, 17.16767766066534406 ) ) ;
#2746 = CARTESIAN_POINT ( 'NONE',  ( -8.316235422474424155, 35.23663328502624381, 15.92584850220713300 ) ) ;
#2747 = EDGE_LOOP ( 'NONE', ( #88, #2802 ) ) ;
#2748 = CARTESIAN_POINT ( 'NONE',  ( -9.762146309182544002, 31.94857974754285834, 18.97770785512264169 ) ) ;
#2749 = DIRECTION ( 'NONE',  ( -0.5000000000000009992, 0.8660254037844380415, -0.000000000000000000 ) ) ;
#2750 = CARTESIAN_POINT ( 'NONE',  ( -9.454601516987299448, 34.68723125882741698, 19.97534174561261011 ) ) ;
#2751 = CARTESIAN_POINT ( 'NONE',  ( 9.472654944022707468, 34.75686605409919849, 17.41612244050687153 ) ) ;
#2752 = PRODUCT_DEFINITION_SHAPE ( 'NONE', 'NONE',  #2270 ) ;
#2753 = CARTESIAN_POINT ( 'NONE',  ( 10.52359169260024530, 32.20605821401755975, 20.83542073172251463 ) ) ;
#2754 = AXIS2_PLACEMENT_3D ( 'NONE', #2069, #1869, #781 ) ;
#2755 = CARTESIAN_POINT ( 'NONE',  ( -11.10937298211223201, 30.74616503233166398, 15.01593376959934112 ) ) ;
#2756 = CARTESIAN_POINT ( 'NONE',  ( -10.36267962149311295, 35.43497812394737423, 14.96621790094375726 ) ) ;
#2757 = CARTESIAN_POINT ( 'NONE',  ( 12.88628791106213889, 36.27209588423850306, 16.47795022200362069 ) ) ;
#2758 = ORIENTED_EDGE ( 'NONE', *, *, #1936, .F. ) ;
#2759 = CARTESIAN_POINT ( 'NONE',  ( 13.56899058699958616, 35.63007038781279334, 16.52176597313975748 ) ) ;
#2760 = DIRECTION ( 'NONE',  ( -1.000000000000000000, -0.000000000000000000, -0.000000000000000000 ) ) ;
#2761 = CARTESIAN_POINT ( 'NONE',  ( 8.320551377292590089, 32.93775202940857127, 17.54305614007338221 ) ) ;
#2762 = CARTESIAN_POINT ( 'NONE',  ( -13.14629072717977820, 37.04901518230451529, 10.64629048073983597 ) ) ;
#2763 = EDGE_LOOP ( 'NONE', ( #1485, #1934, #446, #115 ) ) ;
#2764 = CARTESIAN_POINT ( 'NONE',  ( -11.59813355294062021, 36.24978260850923562, 15.04765379167713135 ) ) ;
#2765 = CARTESIAN_POINT ( 'NONE',  ( 8.124382121465899331, 34.10046047395996283, 16.86691707947191787 ) ) ;
#2766 = CARTESIAN_POINT ( 'NONE',  ( 13.65702964691823240, 33.99514540580631206, 17.82565271621978553 ) ) ;
#2767 = APPLICATION_CONTEXT ( 'automotive_design' ) ;
#2768 = CARTESIAN_POINT ( 'NONE',  ( 13.32718521459346306, 32.99159180413208503, 18.34411203307302785 ) ) ;
#2769 = CARTESIAN_POINT ( 'NONE',  ( -12.44869977127803828, 30.83183424715568677, 14.49290349337156769 ) ) ;
#2770 = CARTESIAN_POINT ( 'NONE',  ( 12.73388863169049046, 35.83637155908378702, 17.02796117018766608 ) ) ;
#2771 = CIRCLE ( 'NONE', #1688, 23.71162076914725247 ) ;
#2772 = ORIENTED_EDGE ( 'NONE', *, *, #43, .T. ) ;
#2773 = CARTESIAN_POINT ( 'NONE',  ( -0.0006178785341000381584, 15.85046047395869628, -5.542625885979124867 ) ) ;
#2774 = CARTESIAN_POINT ( 'NONE',  ( -13.42551440973715238, 35.05228884631756614, 17.16744962803008789 ) ) ;
#2775 = DIRECTION ( 'NONE',  ( -0.000000000000000000, 1.000000000000000000, -0.000000000000000000 ) ) ;
#2776 = CARTESIAN_POINT ( 'NONE',  ( -8.131751885601513408, 34.40398871937141934, 16.64981566664274126 ) ) ;
#2777 = EDGE_LOOP ( 'NONE', ( #545, #2772 ) ) ;
#2778 = CARTESIAN_POINT ( 'NONE',  ( 7.407175880011005908, 43.79890889688616085, 15.46046163111109273 ) ) ;
#2779 = CARTESIAN_POINT ( 'NONE',  ( -12.34636761457734444, 32.13507587377438313, 17.45868856535670233 ) ) ;
#2780 = CARTESIAN_POINT ( 'NONE',  ( -9.381075848343018109, 34.42753242786950096, 20.19499844580485970 ) ) ;
#2781 = CARTESIAN_POINT ( 'NONE',  ( 11.50899486128600380, 31.82484303128718750, 20.63097667459915741 ) ) ;
#2782 = DIRECTION ( 'NONE',  ( 0.000000000000000000, 0.000000000000000000, 1.000000000000000000 ) ) ;
#2783 = CARTESIAN_POINT ( 'NONE',  ( -14.78354112355873085, 33.29052328869401123, 17.57586670346631408 ) ) ;
#2784 = CARTESIAN_POINT ( 'NONE',  ( 12.89232024293853840, 35.70742496324039905, 16.29735271028010146 ) ) ;
#2785 = ADVANCED_FACE ( 'NONE', ( #2335, #2287 ), #1665, .T. ) ;
#2786 = CARTESIAN_POINT ( 'NONE',  ( -10.14924067974219213, 32.45234027775394026, 20.90095544052176280 ) ) ;
#2787 = CARTESIAN_POINT ( 'NONE',  ( -13.75698977071022711, 35.31157259999483244, 16.65230292943181922 ) ) ;
#2788 = CARTESIAN_POINT ( 'NONE',  ( -12.77200686209009106, 32.39332670741214315, 17.02950270984615955 ) ) ;
#2789 = CARTESIAN_POINT ( 'NONE',  ( -0.0006178785341007960157, 15.85046047395869628, 0.6448741140208762435 ) ) ;
#2790 = ORIENTED_EDGE ( 'NONE', *, *, #1447, .F. ) ;
#2791 = CARTESIAN_POINT ( 'NONE',  ( 10.19748073196191029, 42.76717261312904839, 21.04107133501290861 ) ) ;
#2792 = CARTESIAN_POINT ( 'NONE',  ( -9.579058826645457714, 36.87663493947965776, 17.60223883758598973 ) ) ;
#2793 = CARTESIAN_POINT ( 'NONE',  ( -10.17237041309430445, 32.30923607107926898, 21.09239765919014076 ) ) ;
#2794 = CARTESIAN_POINT ( 'NONE',  ( 10.82962625028688386, 31.95293327785633153, 20.94132811090618063 ) ) ;
#2795 = CARTESIAN_POINT ( 'NONE',  ( -8.898272626967314025, 36.25789961411816620, 17.24126813646426726 ) ) ;
#2796 = CARTESIAN_POINT ( 'NONE',  ( -8.431421480941965640, 32.69540597519208802, 20.26736841632498098 ) ) ;
#2797 = LINE ( 'NONE', #2143, #1024 ) ;
#2798 = CARTESIAN_POINT ( 'NONE',  ( -13.63934785994828580, 33.97888682519715786, 17.84862017991714112 ) ) ;
#2799 = CARTESIAN_POINT ( 'NONE',  ( -0.0006178785341007960157, 23.62740737466491936, 0.6448741140208762435 ) ) ;
#2800 = CARTESIAN_POINT ( 'NONE',  ( 8.667903992116835710, 36.25004991987565006, 16.64518854320078489 ) ) ;
#2801 = ORIENTED_EDGE ( 'NONE', *, *, #1394, .T. ) ;
#2802 = ORIENTED_EDGE ( 'NONE', *, *, #750, .T. ) ;
#2803 = CARTESIAN_POINT ( 'NONE',  ( -23.62746315541819087, 25.47990177096501441, 47.89856466778903155 ) ) ;
#2804 = DIRECTION ( 'NONE',  ( 0.000000000000000000, -0.5408373259933100252, -0.8411272120270548713 ) ) ;
#2805 = CARTESIAN_POINT ( 'NONE',  ( -9.647899866543262704, 33.04625103977507905, 20.93750814073798949 ) ) ;
#2806 = CARTESIAN_POINT ( 'NONE',  ( 13.65199666637688658, 34.27392199390877181, 17.61638808464737238 ) ) ;
#2807 = FACE_OUTER_BOUND ( 'NONE', #2091, .T. ) ;
#2808 = CARTESIAN_POINT ( 'NONE',  ( -14.06797066159775156, 40.62957519316281463, -27.48983145210642220 ) ) ;
#2809 = VECTOR ( 'NONE', #1879, 1000.000000000000000 ) ;
#2810 = EDGE_CURVE ( 'NONE', #2263, #1002, #570, .T. ) ;
#2811 = CARTESIAN_POINT ( 'NONE',  ( 10.59587947811623820, 36.42272497319398639, 17.96185826353606885 ) ) ;
#2812 = CARTESIAN_POINT ( 'NONE',  ( -12.73559183438408304, 35.83396070800627342, 17.02946376546105967 ) ) ;
#2813 = CARTESIAN_POINT ( 'NONE',  ( 12.00852125155818584, 30.75711611281662528, 16.77390928334516218 ) ) ;
#2814 = CARTESIAN_POINT ( 'NONE',  ( -9.633591301428879206, 35.14559452111809890, 17.05359560866789792 ) ) ;
#2815 = CARTESIAN_POINT ( 'NONE',  ( -11.08161333185101860, 36.18410337071426142, 15.36859299980083016 ) ) ;
#2816 = CARTESIAN_POINT ( 'NONE',  ( -14.06797066159775333, 40.62957519316281463, 0.6448741140208745781 ) ) ;
#2817 = CARTESIAN_POINT ( 'NONE',  ( 11.99589385798919672, 43.23761737450799103, 1.375520936979567121 ) ) ;
#2818 = CARTESIAN_POINT ( 'NONE',  ( -9.845840408155396517, 32.75751693089113559, 21.00764162134236912 ) ) ;
#2819 = CARTESIAN_POINT ( 'NONE',  ( 9.828039893266533156, 32.62440836152640600, 21.08882491497027800 ) ) ;
#2820 = CARTESIAN_POINT ( 'NONE',  ( 1.502837073906475140, 44.85046047395872648, -2.362035790860274709 ) ) ;
#2821 = ADVANCED_FACE ( 'NONE', ( #2129 ), #1694, .T. ) ;
#2822 = CARTESIAN_POINT ( 'NONE',  ( 11.34294790827225974, 37.47866281528580146, 11.78451259207896840 ) ) ;
#2823 = EDGE_CURVE ( 'NONE', #2263, #1226, #2144, .T. ) ;
ENDSEC;
END-ISO-10303-21;
