ISO-10303-21;
HEADER;
FILE_DESCRIPTION (( 'STEP AP214' ),
    '1' );
FILE_NAME ('¼ªÁÖËÄÆ½Ô¿³×¿Û.STEP',
    '2026-08-19T07:07:43',
    ( '' ),
    ( '' ),
    'SwSTEP 2.0',
    'SolidWorks 2025',
    '' );
FILE_SCHEMA (( 'AUTOMOTIVE_DESIGN' ));
ENDSEC;

DATA;
#1 = AXIS2_PLACEMENT_3D ( 'NONE', #12812, #7023, #81 ) ;
#2 = DIRECTION ( 'NONE',  ( 7.968885967768451279E-15, -1.000000000000000000, 2.168404344971006896E-16 ) ) ;
#3 = EDGE_CURVE ( 'NONE', #2055, #10813, #2494, .T. ) ;
#4 = ORIENTED_EDGE ( 'NONE', *, *, #4627, .T. ) ;
#5 = CARTESIAN_POINT ( 'NONE',  ( -25.72709368505944028, -6.589373790384756902, -3.501323406549682549 ) ) ;
#6 = VECTOR ( 'NONE', #6243, 1000.000000000000114 ) ;
#7 = CARTESIAN_POINT ( 'NONE',  ( -1.719580610744103844, -7.879850657207537523, 1.912499999999999645 ) ) ;
#8 = CARTESIAN_POINT ( 'NONE',  ( 23.66111738797380681, 14.01433280440147477, -1.499999999999996891 ) ) ;
#9 = VECTOR ( 'NONE', #7294, 1000.000000000000114 ) ;
#10 = DIRECTION ( 'NONE',  ( -0.01587101662671873067, 0.9998740474835990932, 0.000000000000000000 ) ) ;
#11 = DIRECTION ( 'NONE',  ( 0.8462328400897547453, 0.5328132696861327400, -0.000000000000000000 ) ) ;
#12 = EDGE_CURVE ( 'NONE', #6079, #1289, #5472, .T. ) ;
#13 = ORIENTED_EDGE ( 'NONE', *, *, #3740, .T. ) ;
#14 = EDGE_LOOP ( 'NONE', ( #8598, #6825, #9110, #1612 ) ) ;
#15 = DIRECTION ( 'NONE',  ( 0.000000000000000000, 1.000000000000000000, -0.000000000000000000 ) ) ;
#16 = DIRECTION ( 'NONE',  ( 0.000000000000000000, -1.000000000000000000, 0.000000000000000000 ) ) ;
#17 = VERTEX_POINT ( 'NONE', #8457 ) ;
#18 = CARTESIAN_POINT ( 'NONE',  ( 12.44611278031711876, 6.218731314913454433, 0.5766211646058294615 ) ) ;
#19 = ORIENTED_EDGE ( 'NONE', *, *, #2975, .T. ) ;
#20 = DIRECTION ( 'NONE',  ( 0.8823529411764700070, 0.4705882352941187508, 0.000000000000000000 ) ) ;
#21 = EDGE_CURVE ( 'NONE', #1477, #11734, #3193, .T. ) ;
#22 = ORIENTED_EDGE ( 'NONE', *, *, #9323, .T. ) ;
#23 = CARTESIAN_POINT ( 'NONE',  ( -24.28421530421658758, -10.48790597677185232, 3.944330564366027136 ) ) ;
#24 = LINE ( 'NONE', #8054, #9595 ) ;
#25 = FACE_OUTER_BOUND ( 'NONE', #2602, .T. ) ;
#26 = CARTESIAN_POINT ( 'NONE',  ( 26.18429256285623552, -4.024171843835279816, -3.268970047168272330 ) ) ;
#27 = CARTESIAN_POINT ( 'NONE',  ( 15.38045670213010041, 13.50472070242359557, 202.5000000000000000 ) ) ;
#28 = EDGE_CURVE ( 'NONE', #11445, #6324, #6577, .T. ) ;
#29 = EDGE_CURVE ( 'NONE', #1403, #348, #1662, .T. ) ;
#30 = EDGE_CURVE ( 'NONE', #7485, #10723, #5535, .T. ) ;
#31 = CARTESIAN_POINT ( 'NONE',  ( 4.437945083414524206, 7.254566538103156326, 0.5766211646058294615 ) ) ;
#32 = CARTESIAN_POINT ( 'NONE',  ( 27.48784799979503646, -0.9453880960079505957, 2.017091174165943634 ) ) ;
#33 = ORIENTED_EDGE ( 'NONE', *, *, #2073, .T. ) ;
#34 = PLANE ( 'NONE',  #4902 ) ;
#35 = DIRECTION ( 'NONE',  ( -0.9999591765455476677, -0.009035775691678103044, 0.000000000000000000 ) ) ;
#36 = ORIENTED_EDGE ( 'NONE', *, *, #2263, .F. ) ;
#37 = ORIENTED_EDGE ( 'NONE', *, *, #11840, .F. ) ;
#38 = CARTESIAN_POINT ( 'NONE',  ( 15.56485510005821205, -27.12839668739083976, -4.947822844112198304 ) ) ;
#39 = DIRECTION ( 'NONE',  ( 1.000000000000000000, 0.000000000000000000, 0.000000000000000000 ) ) ;
#40 = LINE ( 'NONE', #11798, #7121 ) ;
#41 = EDGE_CURVE ( 'NONE', #5540, #3470, #8538, .T. ) ;
#42 = LINE ( 'NONE', #7042, #8052 ) ;
#43 = FACE_OUTER_BOUND ( 'NONE', #10205, .T. ) ;
#44 = CARTESIAN_POINT ( 'NONE',  ( 20.85557084786153581, -3.914443179296865694, 1.275000000000000133 ) ) ;
#45 = CARTESIAN_POINT ( 'NONE',  ( -21.91087571363854636, 9.799920833554187638, 1.439121164605829506 ) ) ;
#46 = ORIENTED_EDGE ( 'NONE', *, *, #8331, .T. ) ;
#47 = EDGE_CURVE ( 'NONE', #7368, #4423, #1841, .T. ) ;
#48 = VERTEX_POINT ( 'NONE', #12502 ) ;
#49 = LINE ( 'NONE', #9000, #4737 ) ;
#50 = DIRECTION ( 'NONE',  ( -0.7408333365801926806, 0.6716888918327136304, 0.000000000000000000 ) ) ;
#51 = DIRECTION ( 'NONE',  ( -1.000000000000000000, -6.938893903907222067E-15, 0.000000000000000000 ) ) ;
#52 = FACE_OUTER_BOUND ( 'NONE', #4012, .T. ) ;
#53 = LINE ( 'NONE', #3210, #4957 ) ;
#54 = PLANE ( 'NONE',  #608 ) ;
#55 = VERTEX_POINT ( 'NONE', #7742 ) ;
#56 = ORIENTED_EDGE ( 'NONE', *, *, #174, .T. ) ;
#57 = EDGE_LOOP ( 'NONE', ( #6816, #3739, #6919, #4415 ) ) ;
#58 = AXIS2_PLACEMENT_3D ( 'NONE', #10509, #3830, #6767 ) ;
#59 = CARTESIAN_POINT ( 'NONE',  ( 2.927409999341250124, -10.94380396979420844, 1.912499999999999645 ) ) ;
#60 = ORIENTED_EDGE ( 'NONE', *, *, #10746, .F. ) ;
#61 = CARTESIAN_POINT ( 'NONE',  ( -25.20060078739439291, -11.00816605772173240, -2.951552217187817018 ) ) ;
#62 = VECTOR ( 'NONE', #1235, 1000.000000000000000 ) ;
#63 = LINE ( 'NONE', #4003, #4406 ) ;
#64 = CARTESIAN_POINT ( 'NONE',  ( 19.89704661793386364, -5.511983562509625401, 1.275000000000000133 ) ) ;
#65 = CYLINDRICAL_SURFACE ( 'NONE', #2016, 1.000000000000000888 ) ;
#66 = CARTESIAN_POINT ( 'NONE',  ( 3.747344086032916799, 4.827585529593822145, 2.014121164605829239 ) ) ;
#67 = EDGE_LOOP ( 'NONE', ( #8750, #4474, #10249, #1678 ) ) ;
#68 = ORIENTED_EDGE ( 'NONE', *, *, #7483, .T. ) ;
#69 = DIRECTION ( 'NONE',  ( -6.938893903907222067E-15, -1.000000000000000000, 0.000000000000000000 ) ) ;
#70 = CARTESIAN_POINT ( 'NONE',  ( 9.511444474816499906, 9.289807388987380676, 1.151621164605829417 ) ) ;
#71 = ORIENTED_EDGE ( 'NONE', *, *, #9126, .F. ) ;
#72 = DIRECTION ( 'NONE',  ( -0.000000000000000000, -0.000000000000000000, 1.000000000000000000 ) ) ;
#73 = AXIS2_PLACEMENT_3D ( 'NONE', #6381, #10368, #1465 ) ;
#74 = ORIENTED_EDGE ( 'NONE', *, *, #6993, .T. ) ;
#75 = PLANE ( 'NONE',  #12655 ) ;
#76 = EDGE_LOOP ( 'NONE', ( #3506, #12596, #12316, #5512 ) ) ;
#77 = LINE ( 'NONE', #5009, #9815 ) ;
#78 = CARTESIAN_POINT ( 'NONE',  ( 7.702410331654453657, 6.114001408762802292, 0.5766211646058294615 ) ) ;
#79 = PLANE ( 'NONE',  #6187 ) ;
#80 = CARTESIAN_POINT ( 'NONE',  ( 26.26091691419224716, -3.505185090379144164, -3.223975110692069546 ) ) ;
#81 = DIRECTION ( 'NONE',  ( 0.1257542647526099233, -0.9920614219374375153, 0.000000000000000000 ) ) ;
#82 = EDGE_CURVE ( 'NONE', #8721, #10692, #9772, .T. ) ;
#83 = CARTESIAN_POINT ( 'NONE',  ( 22.80071311932000100, 13.50472070242359557, 1.500000000000007327 ) ) ;
#84 = DIRECTION ( 'NONE',  ( 1.000000000000000000, 0.000000000000000000, 0.000000000000000000 ) ) ;
#85 = ORIENTED_EDGE ( 'NONE', *, *, #4567, .F. ) ;
#86 = FACE_OUTER_BOUND ( 'NONE', #7327, .T. ) ;
#87 = CARTESIAN_POINT ( 'NONE',  ( -7.089249254718881232, -8.536373850486274506, 1.912499999999999645 ) ) ;
#88 = EDGE_CURVE ( 'NONE', #12027, #9861, #12436, .T. ) ;
#89 = EDGE_CURVE ( 'NONE', #9199, #10807, #2561, .T. ) ;
#90 = EDGE_CURVE ( 'NONE', #1930, #2148, #6712, .T. ) ;
#91 = ORIENTED_EDGE ( 'NONE', *, *, #11086, .T. ) ;
#92 = VERTEX_POINT ( 'NONE', #747 ) ;
#93 = DIRECTION ( 'NONE',  ( -0.000000000000000000, -0.000000000000000000, -1.000000000000000000 ) ) ;
#94 = DIRECTION ( 'NONE',  ( 1.000000000000000000, 0.000000000000000000, 0.000000000000000000 ) ) ;
#95 = PLANE ( 'NONE',  #2574 ) ;
#96 = LINE ( 'NONE', #4035, #2052 ) ;
#97 = DIRECTION ( 'NONE',  ( 1.000000000000000000, 0.000000000000000000, 0.000000000000000000 ) ) ;
#98 = DIRECTION ( 'NONE',  ( 1.000000000000000000, -9.499231602880571395E-15, 0.000000000000000000 ) ) ;
#99 = LINE ( 'NONE', #166, #4029 ) ;
#100 = AXIS2_PLACEMENT_3D ( 'NONE', #5924, #2104, #3001 ) ;
#101 = EDGE_CURVE ( 'NONE', #11785, #4471, #10557, .T. ) ;
#102 = ORIENTED_EDGE ( 'NONE', *, *, #9397, .F. ) ;
#103 = VECTOR ( 'NONE', #8378, 1000.000000000000000 ) ;
#104 = ORIENTED_EDGE ( 'NONE', *, *, #3191, .F. ) ;
#105 = EDGE_CURVE ( 'NONE', #8476, #10667, #10848, .T. ) ;
#106 = ORIENTED_EDGE ( 'NONE', *, *, #3970, .T. ) ;
#107 = ORIENTED_EDGE ( 'NONE', *, *, #10083, .T. ) ;
#108 = PLANE ( 'NONE',  #8869 ) ;
#109 = VECTOR ( 'NONE', #7639, 1000.000000000000114 ) ;
#110 = LINE ( 'NONE', #6921, #7192 ) ;
#111 = DIRECTION ( 'NONE',  ( 1.000000000000000000, 0.000000000000000000, 0.000000000000000000 ) ) ;
#112 = DIRECTION ( 'NONE',  ( -0.1520571842539429896, -0.9883716976506168317, 0.000000000000000000 ) ) ;
#113 = ADVANCED_FACE ( 'NONE', ( #4693 ), #684, .T. ) ;
#114 = DIRECTION ( 'NONE',  ( 0.000000000000000000, -1.000000000000000000, 7.228014483236698281E-17 ) ) ;
#115 = DIRECTION ( 'NONE',  ( 0.3144992908474473214, 0.9492577079257522588, -0.000000000000000000 ) ) ;
#116 = VERTEX_POINT ( 'NONE', #9701 ) ;
#117 = ORIENTED_EDGE ( 'NONE', *, *, #6044, .T. ) ;
#118 = VERTEX_POINT ( 'NONE', #7612 ) ;
#119 = B_SPLINE_CURVE_WITH_KNOTS ( 'NONE', 3,
 ( #11737, #11920, #10886, #2046 ),
 .UNSPECIFIED., .F., .F.,
 ( 4, 4 ),
 ( 0.01297728801530380512, 0.01421565123859535457 ),
 .UNSPECIFIED. ) ;
#120 = PLANE ( 'NONE',  #6204 ) ;
#121 = EDGE_CURVE ( 'NONE', #10537, #9805, #8728, .T. ) ;
#122 = ORIENTED_EDGE ( 'NONE', *, *, #2712, .T. ) ;
#123 = CARTESIAN_POINT ( 'NONE',  ( -27.37774240338711706, 2.804198683544568027, -2.783555771280150193 ) ) ;
#124 = FACE_OUTER_BOUND ( 'NONE', #9251, .T. ) ;
#125 = CARTESIAN_POINT ( 'NONE',  ( -4.366782885510156476, -1.601994910909393166, 1.275000000000000133 ) ) ;
#126 = DIRECTION ( 'NONE',  ( -0.5948805061344771827, -0.8038141473134124970, 0.000000000000000000 ) ) ;
#127 = DIRECTION ( 'NONE',  ( -0.8823529411764704511, 0.4705882352941180291, 0.000000000000000000 ) ) ;
#128 = ORIENTED_EDGE ( 'NONE', *, *, #1255, .F. ) ;
#129 = DIRECTION ( 'NONE',  ( 0.9578262852211513190, 0.2873478855663453846, 0.000000000000000000 ) ) ;
#130 = ORIENTED_EDGE ( 'NONE', *, *, #1928, .T. ) ;
#131 = VECTOR ( 'NONE', #7343, 999.9999999999998863 ) ;
#132 = EDGE_CURVE ( 'NONE', #7747, #4093, #5730, .T. ) ;
#133 = CARTESIAN_POINT ( 'NONE',  ( 8.165761974711518434, 42.29764607199436455, 1.275000000000000133 ) ) ;
#134 = ORIENTED_EDGE ( 'NONE', *, *, #10092, .F. ) ;
#135 = PLANE ( 'NONE',  #138 ) ;
#136 = ORIENTED_EDGE ( 'NONE', *, *, #3274, .T. ) ;
#137 = B_SPLINE_CURVE_WITH_KNOTS ( 'NONE', 3,
 ( #6887, #5915, #3955, #3054, #7919, #5061, #9031, #4076, #8372, #1249 ),
 .UNSPECIFIED., .F., .F.,
 ( 4, 2, 2, 2, 4 ),
 ( 0.01464910391540355517, 0.01747142230710227798, 0.01888258150295164112, 0.02029374069880100426, 0.02593837748219847070 ),
 .UNSPECIFIED. ) ;
#138 = AXIS2_PLACEMENT_3D ( 'NONE', #4073, #10864, #1173 ) ;
#139 = CARTESIAN_POINT ( 'NONE',  ( 20.33015756627155568, -4.972369921957758621, 1.275000000000000133 ) ) ;
#140 = EDGE_LOOP ( 'NONE', ( #10639, #11501, #2698, #1550 ) ) ;
#141 = LINE ( 'NONE', #5918, #6886 ) ;
#142 = LINE ( 'NONE', #10871, #2123 ) ;
#143 = DIRECTION ( 'NONE',  ( -0.000000000000000000, -0.000000000000000000, -1.000000000000000000 ) ) ;
#144 = CARTESIAN_POINT ( 'NONE',  ( 15.51012958534852260, -8.654038297904891763, 1.912499999999999645 ) ) ;
#145 = VERTEX_POINT ( 'NONE', #9644 ) ;
#146 = DIRECTION ( 'NONE',  ( 0.5328132696861385131, 0.8462328400897510816, -0.000000000000000000 ) ) ;
#147 = DIRECTION ( 'NONE',  ( -0.000000000000000000, -0.000000000000000000, -1.000000000000000000 ) ) ;
#148 = AXIS2_PLACEMENT_3D ( 'NONE', #11666, #485, #6453 ) ;
#149 = ORIENTED_EDGE ( 'NONE', *, *, #3870, .T. ) ;
#150 = LINE ( 'NONE', #7990, #7792 ) ;
#151 = DIRECTION ( 'NONE',  ( -0.000000000000000000, -0.000000000000000000, -1.000000000000000000 ) ) ;
#152 = VECTOR ( 'NONE', #2777, 1000.000000000000000 ) ;
#153 = ORIENTED_EDGE ( 'NONE', *, *, #5909, .T. ) ;
#154 = ADVANCED_FACE ( 'NONE', ( #3775 ), #8661, .T. ) ;
#155 = VERTEX_POINT ( 'NONE', #11662 ) ;
#156 = EDGE_LOOP ( 'NONE', ( #8093, #4878, #6961, #5967, #3474 ) ) ;
#157 = DIRECTION ( 'NONE',  ( 0.9983076332362363914, -0.05815384271279178813, 0.000000000000000000 ) ) ;
#158 = CARTESIAN_POINT ( 'NONE',  ( 10.00314624412034981, 30.12831799411278411, 2.550000000000000266 ) ) ;
#159 = CARTESIAN_POINT ( 'NONE',  ( 12.64269975298302384, 19.21359266134064470, 2.500000000000006217 ) ) ;
#160 = VECTOR ( 'NONE', #9270, 1000.000000000000000 ) ;
#161 = LINE ( 'NONE', #8001, #12844 ) ;
#162 = CARTESIAN_POINT ( 'NONE',  ( -11.45686122483816938, -3.588839557908458211, -1.275000000000000133 ) ) ;
#163 = CARTESIAN_POINT ( 'NONE',  ( 8.691830596236838957, 30.12831799411278411, 2.550000000000000266 ) ) ;
#164 = ADVANCED_FACE ( 'NONE', ( #10682 ), #808, .T. ) ;
#165 = EDGE_CURVE ( 'NONE', #10541, #5062, #10742, .T. ) ;
#166 = CARTESIAN_POINT ( 'NONE',  ( -10.53815904897484224, 35.36936461364880557, 2.550000000000000266 ) ) ;
#167 = VECTOR ( 'NONE', #10593, 1000.000000000000000 ) ;
#168 = ORIENTED_EDGE ( 'NONE', *, *, #681, .F. ) ;
#169 = VECTOR ( 'NONE', #6153, 1000.000000000000000 ) ;
#170 = EDGE_LOOP ( 'NONE', ( #7016, #4990, #2620, #7154 ) ) ;
#171 = EDGE_LOOP ( 'NONE', ( #2007, #9156, #2669, #7964 ) ) ;
#172 = CARTESIAN_POINT ( 'NONE',  ( -7.686194367827409835, 30.12831799411278411, 1.275000000000000133 ) ) ;
#173 = VECTOR ( 'NONE', #2798, 1000.000000000000000 ) ;
#174 = EDGE_CURVE ( 'NONE', #12357, #10472, #11001, .T. ) ;
#175 = LINE ( 'NONE', #6137, #3675 ) ;
#176 = PLANE ( 'NONE',  #10231 ) ;
#177 = LINE ( 'NONE', #8148, #7469 ) ;
#178 = DIRECTION ( 'NONE',  ( 0.000000000000000000, -0.9927783471781702618, 0.1199631333959753909 ) ) ;
#179 = CARTESIAN_POINT ( 'NONE',  ( 36.76623602454992579, 42.04239423177097734, 1.912499999999999645 ) ) ;
#180 = EDGE_CURVE ( 'NONE', #10834, #10438, #7983, .T. ) ;
#181 = ORIENTED_EDGE ( 'NONE', *, *, #5827, .F. ) ;
#182 = ADVANCED_FACE ( 'NONE', ( #3895 ), #992, .T. ) ;
#183 = ORIENTED_EDGE ( 'NONE', *, *, #2810, .F. ) ;
#184 = CIRCLE ( 'NONE', #2453, 200.0000000000000000 ) ;
#185 = VECTOR ( 'NONE', #9774, 1000.000000000000000 ) ;
#186 = VECTOR ( 'NONE', #10704, 1000.000000000000000 ) ;
#187 = CARTESIAN_POINT ( 'NONE',  ( 6.070177707534485378, 6.104566538103151530, 0.5766211646058294615 ) ) ;
#188 = VECTOR ( 'NONE', #5910, 1000.000000000000114 ) ;
#189 = VECTOR ( 'NONE', #6500, 1000.000000000000000 ) ;
#190 = VECTOR ( 'NONE', #6518, 1000.000000000000000 ) ;
#191 = ADVANCED_FACE ( 'NONE', ( #2158 ), #3058, .T. ) ;
#192 = ORIENTED_EDGE ( 'NONE', *, *, #1189, .T. ) ;
#193 = CARTESIAN_POINT ( 'NONE',  ( -26.26091691419224716, -3.505185090379144164, -3.223975110692069546 ) ) ;
#194 = VECTOR ( 'NONE', #8982, 1000.000000000000114 ) ;
#195 = LINE ( 'NONE', #6874, #1933 ) ;
#196 = CARTESIAN_POINT ( 'NONE',  ( -5.459641893321363071, 30.12831799411278411, 1.912499999999999645 ) ) ;
#197 = LINE ( 'NONE', #5247, #3463 ) ;
#198 = CARTESIAN_POINT ( 'NONE',  ( 8.691830596236838957, -12.10421909368450066, 2.550000000000000266 ) ) ;
#199 = EDGE_LOOP ( 'NONE', ( #6844, #12461, #8066, #9142, #11024, #10920, #3019, #12581 ) ) ;
#200 = CARTESIAN_POINT ( 'NONE',  ( 10.27357430557349360, -7.951944851215532850, 1.275000000000000133 ) ) ;
#201 = VECTOR ( 'NONE', #12113, 1000.000000000000000 ) ;
#202 = VERTEX_POINT ( 'NONE', #6890 ) ;
#203 = EDGE_CURVE ( 'NONE', #10167, #4753, #1905, .T. ) ;
#204 = CARTESIAN_POINT ( 'NONE',  ( -24.00799858982792756, -11.12023902057944191, -4.020739012939222867 ) ) ;
#205 = ORIENTED_EDGE ( 'NONE', *, *, #7711, .F. ) ;
#206 = CARTESIAN_POINT ( 'NONE',  ( 50.16957179191506100, -10.94380396979420844, -2.550000000000000266 ) ) ;
#207 = EDGE_CURVE ( 'NONE', #5302, #6686, #6103, .T. ) ;
#208 = AXIS2_PLACEMENT_3D ( 'NONE', #9968, #5802, #1066 ) ;
#209 = CARTESIAN_POINT ( 'NONE',  ( 1.627768273417554035, -18.41348552438472197, 1.275000000000000133 ) ) ;
#210 = CARTESIAN_POINT ( 'NONE',  ( 18.09454005623523187, 1.369501866246042310, -2.010878835394170228 ) ) ;
#211 = AXIS2_PLACEMENT_3D ( 'NONE', #12251, #10101, #233 ) ;
#212 = ORIENTED_EDGE ( 'NONE', *, *, #8678, .T. ) ;
#213 = CARTESIAN_POINT ( 'NONE',  ( -13.99869447270801182, 10.07573478642061993, 1.275000000000000133 ) ) ;
#214 = LINE ( 'NONE', #11378, #9101 ) ;
#215 = DIRECTION ( 'NONE',  ( 1.000000000000000000, -0.000000000000000000, -0.000000000000000000 ) ) ;
#216 = DIRECTION ( 'NONE',  ( 0.000000000000000000, 6.197530749804934925E-17, 1.000000000000000000 ) ) ;
#217 = ADVANCED_FACE ( 'NONE', ( #4947 ), #6042, .T. ) ;
#218 = ORIENTED_EDGE ( 'NONE', *, *, #4858, .F. ) ;
#219 = FACE_OUTER_BOUND ( 'NONE', #11385, .T. ) ;
#220 = LINE ( 'NONE', #8125, #9096 ) ;
#221 = VERTEX_POINT ( 'NONE', #5064 ) ;
#222 = CARTESIAN_POINT ( 'NONE',  ( -0.9115297514212998831, 24.98337674359240879, 9.000000000000000000 ) ) ;
#223 = VECTOR ( 'NONE', #1813, 1000.000000000000000 ) ;
#224 = CARTESIAN_POINT ( 'NONE',  ( -27.50000000000000000, -10.48790597677185232, 3.944330564366027136 ) ) ;
#225 = VECTOR ( 'NONE', #12605, 1000.000000000000000 ) ;
#226 = ORIENTED_EDGE ( 'NONE', *, *, #9056, .F. ) ;
#227 = ORIENTED_EDGE ( 'NONE', *, *, #11789, .F. ) ;
#228 = LINE ( 'NONE', #9179, #11597 ) ;
#229 = CARTESIAN_POINT ( 'NONE',  ( -27.50000000000000000, 2.169135762431729073E-16, -2.499999999999996003 ) ) ;
#230 = PLANE ( 'NONE',  #11271 ) ;
#231 = CARTESIAN_POINT ( 'NONE',  ( 0.000000000000000000, 0.000000000000000000, 9.000000000000000000 ) ) ;
#232 = CARTESIAN_POINT ( 'NONE',  ( -4.148326245437850446, -10.94380396979420844, -1.912499999999999645 ) ) ;
#233 = DIRECTION ( 'NONE',  ( -0.9852117548196764885, 0.1713411747512361971, 0.000000000000000000 ) ) ;
#234 = EDGE_CURVE ( 'NONE', #10540, #6555, #142, .T. ) ;
#235 = DIRECTION ( 'NONE',  ( 0.6831571287757378652, 0.7302714135188983491, 0.000000000000000000 ) ) ;
#236 = ORIENTED_EDGE ( 'NONE', *, *, #11459, .F. ) ;
#237 = ORIENTED_EDGE ( 'NONE', *, *, #6595, .F. ) ;
#238 = EDGE_CURVE ( 'NONE', #9487, #5090, #24, .T. ) ;
#239 = ORIENTED_EDGE ( 'NONE', *, *, #10951, .T. ) ;
#240 = FACE_OUTER_BOUND ( 'NONE', #4334, .T. ) ;
#241 = CARTESIAN_POINT ( 'NONE',  ( 14.99082259660042205, -4.972369921957752403, -1.275000000000000133 ) ) ;
#242 = CARTESIAN_POINT ( 'NONE',  ( 13.48873465881141520, -2.486225080024611955, -1.275000000000000133 ) ) ;
#243 = PLANE ( 'NONE',  #8151 ) ;
#244 = CARTESIAN_POINT ( 'NONE',  ( 6.465278121730796634, 30.12831799411278411, -1.912499999999999645 ) ) ;
#245 = CARTESIAN_POINT ( 'NONE',  ( 0.000000000000000000, 0.000000000000000000, 2.500000000000011102 ) ) ;
#246 = CARTESIAN_POINT ( 'NONE',  ( 14.50921273516821763, -8.647182703040638074, -1.912499999999999645 ) ) ;
#247 = ORIENTED_EDGE ( 'NONE', *, *, #1370, .T. ) ;
#248 = ORIENTED_EDGE ( 'NONE', *, *, #12547, .F. ) ;
#249 = ADVANCED_FACE ( 'NONE', ( #3831 ), #12036, .T. ) ;
#250 = CARTESIAN_POINT ( 'NONE',  ( 50.16957179191506100, -12.10421909368450066, -2.550000000000000266 ) ) ;
#251 = EDGE_CURVE ( 'NONE', #1703, #3159, #4886, .T. ) ;
#252 = ADVANCED_FACE ( 'NONE', ( #11056 ), #10229, .T. ) ;
#253 = ORIENTED_EDGE ( 'NONE', *, *, #8232, .T. ) ;
#254 = EDGE_CURVE ( 'NONE', #7575, #12363, #8972, .T. ) ;
#255 = EDGE_CURVE ( 'NONE', #12719, #5929, #929, .T. ) ;
#256 = CARTESIAN_POINT ( 'NONE',  ( 83.42711248289536741, 40.04903204861892618, -2.010878835394170228 ) ) ;
#257 = EDGE_CURVE ( 'NONE', #6100, #2364, #2344, .T. ) ;
#258 = DIRECTION ( 'NONE',  ( -0.000000000000000000, 0.000000000000000000, 1.000000000000000000 ) ) ;
#259 = CARTESIAN_POINT ( 'NONE',  ( -23.38235294117647101, -12.35062510189815121, -4.169413659219858737 ) ) ;
#260 = CARTESIAN_POINT ( 'NONE',  ( 19.41423441322956478, -4.333353768672652429, -1.275000000000000133 ) ) ;
#261 = DIRECTION ( 'NONE',  ( -0.000000000000000000, -0.000000000000000000, -1.000000000000000000 ) ) ;
#262 = VERTEX_POINT ( 'NONE', #4346 ) ;
#263 = CARTESIAN_POINT ( 'NONE',  ( 10.66144447481649848, 8.139807388987382097, 0.5766211646058294615 ) ) ;
#264 = VECTOR ( 'NONE', #12487, 1000.000000000000000 ) ;
#265 = VERTEX_POINT ( 'NONE', #1254 ) ;
#266 = CARTESIAN_POINT ( 'NONE',  ( 27.49999999999999645, -1.122578528742497794E-16, 1.954188478668229978 ) ) ;
#267 = ORIENTED_EDGE ( 'NONE', *, *, #8027, .F. ) ;
#268 = FACE_OUTER_BOUND ( 'NONE', #10488, .T. ) ;
#269 = AXIS2_PLACEMENT_3D ( 'NONE', #2905, #3859, #11875 ) ;
#270 = EDGE_CURVE ( 'NONE', #4890, #4828, #3180, .T. ) ;
#271 = CARTESIAN_POINT ( 'NONE',  ( -13.51126586478674696, 15.14459148665090460, -1.912499999999999645 ) ) ;
#272 = CARTESIAN_POINT ( 'NONE',  ( -29.04673649573542704, 1.369501866246042310, 2.876621164605829506 ) ) ;
#273 = EDGE_LOOP ( 'NONE', ( #7467, #12182, #11366, #10895 ) ) ;
#274 = DIRECTION ( 'NONE',  ( 0.000000000000000000, -1.000000000000000000, 0.000000000000000000 ) ) ;
#275 = DIRECTION ( 'NONE',  ( -0.000000000000000000, -0.000000000000000000, -1.000000000000000000 ) ) ;
#276 = LINE ( 'NONE', #11652, #4224 ) ;
#277 = LINE ( 'NONE', #6303, #11828 ) ;
#278 = EDGE_LOOP ( 'NONE', ( #2660, #10409, #11543, #6007 ) ) ;
#279 = EDGE_CURVE ( 'NONE', #3314, #11943, #6300, .T. ) ;
#280 = DIRECTION ( 'NONE',  ( 1.000000000000000000, 0.000000000000000000, 0.000000000000000000 ) ) ;
#281 = CARTESIAN_POINT ( 'NONE',  ( -6.273778340962095967, -8.792072357342210154, 1.912499999999999645 ) ) ;
#282 = VECTOR ( 'NONE', #5040, 1000.000000000000000 ) ;
#283 = EDGE_LOOP ( 'NONE', ( #3578, #4228, #7808, #9930 ) ) ;
#284 = CARTESIAN_POINT ( 'NONE',  ( -7.686194367827409835, 30.12831799411278411, 2.550000000000000266 ) ) ;
#285 = FACE_OUTER_BOUND ( 'NONE', #8834, .T. ) ;
#286 = ORIENTED_EDGE ( 'NONE', *, *, #482, .F. ) ;
#287 = VECTOR ( 'NONE', #8555, 1000.000000000000114 ) ;
#288 = ORIENTED_EDGE ( 'NONE', *, *, #8678, .F. ) ;
#289 = DIRECTION ( 'NONE',  ( -0.000000000000000000, -0.000000000000000000, -1.000000000000000000 ) ) ;
#290 = CARTESIAN_POINT ( 'NONE',  ( 53.70136931442648631, 26.36106730343394844, 1.275000000000000133 ) ) ;
#291 = LINE ( 'NONE', #2232, #10248 ) ;
#292 = ORIENTED_EDGE ( 'NONE', *, *, #6101, .F. ) ;
#293 = PLANE ( 'NONE',  #6197 ) ;
#294 = CARTESIAN_POINT ( 'NONE',  ( 12.44611278031711876, 7.368731314913466335, 1.151621164605829417 ) ) ;
#295 = DIRECTION ( 'NONE',  ( -1.000000000000000000, 0.000000000000000000, 0.000000000000000000 ) ) ;
#296 = CARTESIAN_POINT ( 'NONE',  ( 10.41399010399786285, -8.174958178124823505, 1.912499999999999645 ) ) ;
#297 = EDGE_CURVE ( 'NONE', #7158, #10603, #10345, .T. ) ;
#298 = VERTEX_POINT ( 'NONE', #8176 ) ;
#299 = ORIENTED_EDGE ( 'NONE', *, *, #8651, .F. ) ;
#300 = CARTESIAN_POINT ( 'NONE',  ( 50.16957179191506100, -10.94380396979420844, -1.275000000000000133 ) ) ;
#301 = LINE ( 'NONE', #5290, #10960 ) ;
#302 = CARTESIAN_POINT ( 'NONE',  ( 50.16957179191506100, -12.10421909368450066, 2.550000000000000266 ) ) ;
#303 = DIRECTION ( 'NONE',  ( 0.000000000000000000, 0.000000000000000000, 1.000000000000000000 ) ) ;
#304 = FACE_OUTER_BOUND ( 'NONE', #5344, .T. ) ;
#305 = CARTESIAN_POINT ( 'NONE',  ( -7.089249254718881232, -8.536373850486274506, 1.912499999999999645 ) ) ;
#306 = LINE ( 'NONE', #9071, #10357 ) ;
#307 = ORIENTED_EDGE ( 'NONE', *, *, #5016, .T. ) ;
#308 = EDGE_LOOP ( 'NONE', ( #9872, #12411, #8902, #3529 ) ) ;
#309 = ORIENTED_EDGE ( 'NONE', *, *, #3228, .T. ) ;
#310 = VECTOR ( 'NONE', #11003, 999.9999999999998863 ) ;
#311 = CARTESIAN_POINT ( 'NONE',  ( -22.94587571363852874, 9.515804525069352593, 1.439121164605829506 ) ) ;
#312 = VECTOR ( 'NONE', #10517, 1000.000000000000000 ) ;
#313 = VERTEX_POINT ( 'NONE', #12097 ) ;
#314 = EDGE_CURVE ( 'NONE', #5032, #3999, #7201, .T. ) ;
#315 = LINE ( 'NONE', #9266, #8675 ) ;
#316 = CARTESIAN_POINT ( 'NONE',  ( 24.96246110940082730, 1.369501866246042310, 9.000000000000000000 ) ) ;
#317 = DIRECTION ( 'NONE',  ( -0.000000000000000000, -0.000000000000000000, -1.000000000000000000 ) ) ;
#318 = CARTESIAN_POINT ( 'NONE',  ( 8.691830596236838957, -12.10421909368450066, 1.912499999999999645 ) ) ;
#319 = LINE ( 'NONE', #2269, #5770 ) ;
#320 = DIRECTION ( 'NONE',  ( 1.000000000000000000, 0.000000000000000000, 0.000000000000000000 ) ) ;
#321 = VERTEX_POINT ( 'NONE', #3366 ) ;
#322 = CARTESIAN_POINT ( 'NONE',  ( 43.27977019758047561, -12.93294197047929295, 1.912499999999999645 ) ) ;
#323 = VERTEX_POINT ( 'NONE', #10418 ) ;
#324 = DIRECTION ( 'NONE',  ( -0.000000000000000000, -0.000000000000000000, -1.000000000000000000 ) ) ;
#325 = VERTEX_POINT ( 'NONE', #12155 ) ;
#326 = ADVANCED_FACE ( 'NONE', ( #6363 ), #11116, .T. ) ;
#327 = DIRECTION ( 'NONE',  ( 0.9435999821328792114, -0.3310877130290858505, 0.000000000000000000 ) ) ;
#328 = EDGE_CURVE ( 'NONE', #2771, #7238, #12354, .T. ) ;
#329 = CARTESIAN_POINT ( 'NONE',  ( -25.20060078739456699, -11.00816605772133272, 2.951552217187851657 ) ) ;
#330 = CARTESIAN_POINT ( 'NONE',  ( 48.80962591760678038, -9.310112360832079048, 1.912499999999999645 ) ) ;
#331 = VERTEX_POINT ( 'NONE', #10280 ) ;
#332 = CARTESIAN_POINT ( 'NONE',  ( -1.719580610744103844, -7.879850657207537523, -1.912499999999999645 ) ) ;
#333 = DIRECTION ( 'NONE',  ( -0.000000000000000000, -0.000000000000000000, 1.000000000000000000 ) ) ;
#334 = CARTESIAN_POINT ( 'NONE',  ( 50.16957179191506100, -10.94380396979420844, -2.550000000000000266 ) ) ;
#335 = ADVANCED_FACE ( 'NONE', ( #6240 ), #5262, .T. ) ;
#336 = CARTESIAN_POINT ( 'NONE',  ( 5.926536009056959209, 21.18669797144782407, -1.499999999999998224 ) ) ;
#337 = ORIENTED_EDGE ( 'NONE', *, *, #1325, .F. ) ;
#338 = DIRECTION ( 'NONE',  ( -0.000000000000000000, -0.000000000000000000, -1.000000000000000000 ) ) ;
#339 = DIRECTION ( 'NONE',  ( 0.000000000000000000, -1.000000000000000000, 0.000000000000000000 ) ) ;
#340 = B_SPLINE_CURVE_WITH_KNOTS ( 'NONE', 3,
 ( #6111, #10159, #32, #7153, #11853, #5072, #3965, #7928, #10086, #9040 ),
 .UNSPECIFIED., .F., .F.,
 ( 4, 2, 2, 2, 4 ),
 ( 0.01470151341500621628, 0.01612193264240033980, 0.01754235186979445985, 0.02038319032458270341, 0.02606486723415919748 ),
 .UNSPECIFIED. ) ;
#341 = ORIENTED_EDGE ( 'NONE', *, *, #7797, .F. ) ;
#342 = DIRECTION ( 'NONE',  ( 0.9486832980505108814, -0.3162277660168469895, 0.000000000000000000 ) ) ;
#343 = ADVANCED_FACE ( 'NONE', ( #7275 ), #2405, .T. ) ;
#344 = CARTESIAN_POINT ( 'NONE',  ( 57.50565396225613313, 18.98834136507636572, 1.912499999999999645 ) ) ;
#345 = AXIS2_PLACEMENT_3D ( 'NONE', #3312, #10223, #414 ) ;
#346 = EDGE_CURVE ( 'NONE', #8911, #6334, #214, .T. ) ;
#347 = ORIENTED_EDGE ( 'NONE', *, *, #2294, .T. ) ;
#348 = VERTEX_POINT ( 'NONE', #1377 ) ;
#349 = CARTESIAN_POINT ( 'NONE',  ( 25.87924175853695274, 5.765090682410075829, 2.649162461613334241 ) ) ;
#350 = DIRECTION ( 'NONE',  ( -0.000000000000000000, -0.000000000000000000, -1.000000000000000000 ) ) ;
#351 = CARTESIAN_POINT ( 'NONE',  ( -7.823397229952084864, -8.669060361656391933, 1.912499999999999645 ) ) ;
#352 = EDGE_LOOP ( 'NONE', ( #6376, #3213, #7852, #10679 ) ) ;
#353 = CARTESIAN_POINT ( 'NONE',  ( 49.00538528815310713, 31.63700866735529615, 1.275000000000000133 ) ) ;
#354 = FACE_OUTER_BOUND ( 'NONE', #8949, .T. ) ;
#355 = DIRECTION ( 'NONE',  ( 0.4508164918325312520, -0.8926166538283997198, 0.000000000000000000 ) ) ;
#356 = CARTESIAN_POINT ( 'NONE',  ( 15.00967116025836390, -8.996818041117325748, 1.275000000000000133 ) ) ;
#357 = VECTOR ( 'NONE', #10, 999.9999999999998863 ) ;
#358 = EDGE_CURVE ( 'NONE', #6108, #5117, #1315, .T. ) ;
#359 = ORIENTED_EDGE ( 'NONE', *, *, #5033, .F. ) ;
#360 = VECTOR ( 'NONE', #4132, 1000.000000000000114 ) ;
#361 = ORIENTED_EDGE ( 'NONE', *, *, #2161, .T. ) ;
#362 = VECTOR ( 'NONE', #959, 1000.000000000000114 ) ;
#363 = DIRECTION ( 'NONE',  ( -1.000000000000000000, 8.524225085263861320E-16, 0.000000000000000000 ) ) ;
#364 = DIRECTION ( 'NONE',  ( 1.000000000000000000, 0.000000000000000000, 0.000000000000000000 ) ) ;
#365 = EDGE_CURVE ( 'NONE', #6346, #6775, #4148, .T. ) ;
#366 = DIRECTION ( 'NONE',  ( 0.000000000000000000, 1.000000000000000000, -0.000000000000000000 ) ) ;
#367 = CARTESIAN_POINT ( 'NONE',  ( -3.468005536002307210, -8.854269291442316003, -1.912499999999999645 ) ) ;
#368 = DIRECTION ( 'NONE',  ( -1.000000000000000000, 0.000000000000000000, -0.000000000000000000 ) ) ;
#369 = VECTOR ( 'NONE', #5397, 1000.000000000000000 ) ;
#370 = DIRECTION ( 'NONE',  ( -0.000000000000000000, -0.000000000000000000, -1.000000000000000000 ) ) ;
#371 = CARTESIAN_POINT ( 'NONE',  ( 16.49999999999998579, -27.50000000000000355, -4.871890048187180966 ) ) ;
#372 = ORIENTED_EDGE ( 'NONE', *, *, #2156, .T. ) ;
#373 = VERTEX_POINT ( 'NONE', #8239 ) ;
#374 = CARTESIAN_POINT ( 'NONE',  ( -24.55587571363852817, 1.369501866246042310, 2.014121164605829239 ) ) ;
#375 = DIRECTION ( 'NONE',  ( 0.4063124687155821868, -0.9137341942634351621, 0.000000000000000000 ) ) ;
#376 = CIRCLE ( 'NONE', #6789, 1.000000000000000000 ) ;
#377 = VECTOR ( 'NONE', #11557, 1000.000000000000000 ) ;
#378 = ORIENTED_EDGE ( 'NONE', *, *, #6574, .F. ) ;
#379 = DIRECTION ( 'NONE',  ( 0.000000000000000000, 1.000000000000000000, -0.000000000000000000 ) ) ;
#380 = DIRECTION ( 'NONE',  ( -0.000000000000000000, -0.000000000000000000, -1.000000000000000000 ) ) ;
#381 = DIRECTION ( 'NONE',  ( -0.000000000000000000, -2.479012299922036093E-16, -1.000000000000000000 ) ) ;
#382 = DIRECTION ( 'NONE',  ( -0.000000000000000000, -0.000000000000000000, -1.000000000000000000 ) ) ;
#383 = VECTOR ( 'NONE', #12111, 1000.000000000000000 ) ;
#384 = DIRECTION ( 'NONE',  ( 0.8944271909999158554, -0.4472135954999579277, 0.000000000000000000 ) ) ;
#385 = CARTESIAN_POINT ( 'NONE',  ( 0.9265360090569569884, 21.18669797144782407, 2.500000000000000000 ) ) ;
#386 = ORIENTED_EDGE ( 'NONE', *, *, #5868, .T. ) ;
#387 = CARTESIAN_POINT ( 'NONE',  ( 50.16957179191506100, -12.10421909368450066, 2.550000000000000266 ) ) ;
#388 = ORIENTED_EDGE ( 'NONE', *, *, #5140, .T. ) ;
#389 = AXIS2_PLACEMENT_3D ( 'NONE', #11727, #2759, #10691 ) ;
#390 = VERTEX_POINT ( 'NONE', #12227 ) ;
#391 = VECTOR ( 'NONE', #5203, 1000.000000000000000 ) ;
#392 = DIRECTION ( 'NONE',  ( 0.000000000000000000, -0.000000000000000000, 1.000000000000000000 ) ) ;
#393 = ORIENTED_EDGE ( 'NONE', *, *, #8556, .T. ) ;
#394 = CARTESIAN_POINT ( 'NONE',  ( 31.82301518632153758, -22.15936833182790977, 1.912499999999999645 ) ) ;
#395 = ADVANCED_FACE ( 'NONE', ( #11310 ), #5326, .T. ) ;
#396 = ORIENTED_EDGE ( 'NONE', *, *, #1916, .F. ) ;
#397 = AXIS2_PLACEMENT_3D ( 'NONE', #3841, #11856, #12762 ) ;
#398 = AXIS2_PLACEMENT_3D ( 'NONE', #2212, #3230, #12289 ) ;
#399 = DIRECTION ( 'NONE',  ( -0.000000000000000000, -0.000000000000000000, -1.000000000000000000 ) ) ;
#400 = DIRECTION ( 'NONE',  ( 0.3162277660168223981, -0.9486832980505189861, 0.000000000000000000 ) ) ;
#401 = VECTOR ( 'NONE', #12085, 1000.000000000000000 ) ;
#402 = VERTEX_POINT ( 'NONE', #4412 ) ;
#403 = EDGE_CURVE ( 'NONE', #6489, #10472, #8119, .T. ) ;
#404 = VECTOR ( 'NONE', #11435, 1000.000000000000000 ) ;
#405 = CARTESIAN_POINT ( 'NONE',  ( 20.85557084786153581, -3.914443179296865694, -1.275000000000000133 ) ) ;
#406 = CARTESIAN_POINT ( 'NONE',  ( 13.17313133886182008, -10.67657956440148759, -1.275000000000000133 ) ) ;
#407 = LINE ( 'NONE', #3235, #8616 ) ;
#408 = CARTESIAN_POINT ( 'NONE',  ( 24.26470588235293846, -12.94117647058824438, 3.176635312041681924 ) ) ;
#409 = ORIENTED_EDGE ( 'NONE', *, *, #6871, .F. ) ;
#410 = DIRECTION ( 'NONE',  ( -0.000000000000000000, -0.000000000000000000, -1.000000000000000000 ) ) ;
#411 = CARTESIAN_POINT ( 'NONE',  ( -27.50000000000000000, 1.369501866246042310, 2.868498318030765493 ) ) ;
#412 = ORIENTED_EDGE ( 'NONE', *, *, #2891, .F. ) ;
#413 = AXIS2_PLACEMENT_3D ( 'NONE', #394, #4338, #11367 ) ;
#414 = DIRECTION ( 'NONE',  ( 0.000000000000000000, 0.000000000000000000, 1.000000000000000000 ) ) ;
#415 = LINE ( 'NONE', #541, #7027 ) ;
#416 = VECTOR ( 'NONE', #12701, 1000.000000000000114 ) ;
#417 = EDGE_CURVE ( 'NONE', #5882, #9454, #6436, .T. ) ;
#418 = ORIENTED_EDGE ( 'NONE', *, *, #10676, .F. ) ;
#419 = EDGE_CURVE ( 'NONE', #1832, #5882, #8647, .T. ) ;
#420 = EDGE_CURVE ( 'NONE', #7158, #12407, #8587, .T. ) ;
#421 = ORIENTED_EDGE ( 'NONE', *, *, #8540, .F. ) ;
#422 = FACE_OUTER_BOUND ( 'NONE', #6517, .T. ) ;
#423 = ADVANCED_FACE ( 'NONE', ( #10618 ), #532, .T. ) ;
#424 = LINE ( 'NONE', #10230, #8274 ) ;
#425 = CARTESIAN_POINT ( 'NONE',  ( 7.702410331654453657, 6.114001408762802292, 0.5766211646058294615 ) ) ;
#426 = VECTOR ( 'NONE', #3876, 1000.000000000000000 ) ;
#427 = ORIENTED_EDGE ( 'NONE', *, *, #5364, .F. ) ;
#428 = ORIENTED_EDGE ( 'NONE', *, *, #12547, .T. ) ;
#429 = LINE ( 'NONE', #3321, #4962 ) ;
#430 = CARTESIAN_POINT ( 'NONE',  ( 27.51353734490229286, 0.6443903512675862588, 2.911006798192481870 ) ) ;
#431 = AXIS2_PLACEMENT_3D ( 'NONE', #5151, #8197, #1398 ) ;
#432 = CARTESIAN_POINT ( 'NONE',  ( 22.21145696807893088, 11.67755596608702717, -2.500000000000002220 ) ) ;
#433 = CARTESIAN_POINT ( 'NONE',  ( 7.702410331654453657, 6.114001408762802292, 0.5766211646058294615 ) ) ;
#434 = AXIS2_PLACEMENT_3D ( 'NONE', #1758, #8017, #2000 ) ;
#435 = ORIENTED_EDGE ( 'NONE', *, *, #6356, .T. ) ;
#436 = ORIENTED_EDGE ( 'NONE', *, *, #7871, .T. ) ;
#437 = PLANE ( 'NONE',  #9095 ) ;
#438 = FACE_OUTER_BOUND ( 'NONE', #6091, .T. ) ;
#439 = ADVANCED_FACE ( 'NONE', ( #9630 ), #731, .T. ) ;
#440 = CARTESIAN_POINT ( 'NONE',  ( -6.254696157596316475, 30.12831799411278411, -1.275000000000000133 ) ) ;
#441 = DIRECTION ( 'NONE',  ( 0.000000000000000000, 1.000000000000000000, 0.000000000000000000 ) ) ;
#442 = CARTESIAN_POINT ( 'NONE',  ( 23.87752434638854382, 11.69572999077953135, -2.499999999999996891 ) ) ;
#443 = DIRECTION ( 'NONE',  ( -0.000000000000000000, -0.000000000000000000, 1.000000000000000000 ) ) ;
#444 = CARTESIAN_POINT ( 'NONE',  ( 8.691830596236838957, -10.94380396979420844, -1.912499999999999645 ) ) ;
#445 = EDGE_LOOP ( 'NONE', ( #11634, #2915, #7110, #4606 ) ) ;
#446 = CARTESIAN_POINT ( 'NONE',  ( 15.38045670213009863, 74.51861236923376453, 2.014121164605829239 ) ) ;
#447 = ADVANCED_FACE ( 'NONE', ( #10482 ), #11651, .T. ) ;
#448 = DIRECTION ( 'NONE',  ( 1.000000000000000000, 0.000000000000000000, 0.000000000000000000 ) ) ;
#449 = ORIENTED_EDGE ( 'NONE', *, *, #7426, .F. ) ;
#450 = ORIENTED_EDGE ( 'NONE', *, *, #9150, .F. ) ;
#451 = CARTESIAN_POINT ( 'NONE',  ( 20.62126492499032793, -4.454056819848727145, -1.275000000000000133 ) ) ;
#452 = LINE ( 'NONE', #1421, #12429 ) ;
#453 = DIRECTION ( 'NONE',  ( 0.9863939238321445258, 0.1643989873053521844, 0.000000000000000000 ) ) ;
#454 = LINE ( 'NONE', #4392, #2023 ) ;
#455 = CARTESIAN_POINT ( 'NONE',  ( -24.55587571363852817, 4.691371647646103149, 2.014121164605829239 ) ) ;
#456 = DIRECTION ( 'NONE',  ( 0.000000000000000000, -0.000000000000000000, -1.000000000000000000 ) ) ;
#457 = ORIENTED_EDGE ( 'NONE', *, *, #12528, .T. ) ;
#458 = CARTESIAN_POINT ( 'NONE',  ( -13.99869447270801182, 10.07573478642061993, -1.275000000000000133 ) ) ;
#459 = ORIENTED_EDGE ( 'NONE', *, *, #11270, .T. ) ;
#460 = ORIENTED_EDGE ( 'NONE', *, *, #10026, .F. ) ;
#461 = FACE_OUTER_BOUND ( 'NONE', #9032, .T. ) ;
#462 = ORIENTED_EDGE ( 'NONE', *, *, #5164, .T. ) ;
#463 = CARTESIAN_POINT ( 'NONE',  ( 10.13806131947392686, -7.679219674304288645, 1.912499999999999645 ) ) ;
#464 = ORIENTED_EDGE ( 'NONE', *, *, #10092, .T. ) ;
#465 = LINE ( 'NONE', #12413, #10374 ) ;
#466 = CARTESIAN_POINT ( 'NONE',  ( 50.16957179191506100, -10.94380396979420844, 2.550000000000000266 ) ) ;
#467 = EDGE_LOOP ( 'NONE', ( #11776, #3626, #9107, #8474 ) ) ;
#468 = CARTESIAN_POINT ( 'NONE',  ( 7.194788650422020204, 11.01861372742245315, 1.275000000000000133 ) ) ;
#469 = DIRECTION ( 'NONE',  ( -0.09053574604257078051, -0.9958932064676991880, 0.000000000000000000 ) ) ;
#470 = DIRECTION ( 'NONE',  ( 0.000000000000000000, -0.000000000000000000, 1.000000000000000000 ) ) ;
#471 = CARTESIAN_POINT ( 'NONE',  ( -20.30087571363854693, 74.51861236923376453, 2.014121164605829239 ) ) ;
#472 = ORIENTED_EDGE ( 'NONE', *, *, #47, .F. ) ;
#473 = DIRECTION ( 'NONE',  ( 1.000000000000000000, 0.000000000000000000, -0.000000000000000000 ) ) ;
#474 = CARTESIAN_POINT ( 'NONE',  ( 2.193242736808487248, 10.06634609701068150, 1.151621164605829417 ) ) ;
#475 = ORIENTED_EDGE ( 'NONE', *, *, #11212, .T. ) ;
#476 = CARTESIAN_POINT ( 'NONE',  ( 20.61675061128899955, 30.12831799411278411, -2.550000000000000266 ) ) ;
#478 = CARTESIAN_POINT ( 'NONE',  ( 50.16957179191506100, -12.10421909368450066, -2.550000000000000266 ) ) ;
#477 = VECTOR ( 'NONE', #792, 1000.000000000000000 ) ;
#479 = ORIENTED_EDGE ( 'NONE', *, *, #5878, .T. ) ;
#480 = ORIENTED_EDGE ( 'NONE', *, *, #5394, .T. ) ;
#481 = FACE_OUTER_BOUND ( 'NONE', #12373, .T. ) ;
#482 = EDGE_CURVE ( 'NONE', #145, #8530, #8481, .T. ) ;
#483 = FACE_OUTER_BOUND ( 'NONE', #10039, .T. ) ;
#484 = VECTOR ( 'NONE', #9549, 1000.000000000000000 ) ;
#485 = DIRECTION ( 'NONE',  ( 0.003952538295216394097, 0.9999921886900041690, -0.000000000000000000 ) ) ;
#486 = ORIENTED_EDGE ( 'NONE', *, *, #1834, .T. ) ;
#487 = ORIENTED_EDGE ( 'NONE', *, *, #4233, .T. ) ;
#488 = CARTESIAN_POINT ( 'NONE',  ( 13.76880848982935568, -8.770583410597110330, 1.912499999999999645 ) ) ;
#489 = CARTESIAN_POINT ( 'NONE',  ( 27.16814661162203848, -4.293360257140084180, 2.275062818737412229 ) ) ;
#490 = CARTESIAN_POINT ( 'NONE',  ( -6.254696157596316475, -10.94380396979420844, 1.912499999999999645 ) ) ;
#491 = CARTESIAN_POINT ( 'NONE',  ( 47.99721294224209345, -11.14650014968474423, 1.912499999999999645 ) ) ;
#492 = EDGE_CURVE ( 'NONE', #7218, #11093, #10671, .T. ) ;
#493 = ADVANCED_FACE ( 'NONE', ( #6565 ), #9495, .T. ) ;
#494 = VECTOR ( 'NONE', #8933, 1000.000000000000000 ) ;
#495 = ORIENTED_EDGE ( 'NONE', *, *, #6710, .T. ) ;
#496 = VERTEX_POINT ( 'NONE', #9569 ) ;
#497 = LINE ( 'NONE', #2638, #8879 ) ;
#498 = DIRECTION ( 'NONE',  ( -1.000000000000000000, -6.938893903907222067E-15, -0.000000000000000000 ) ) ;
#499 = PLANE ( 'NONE',  #3867 ) ;
#500 = PLANE ( 'NONE',  #12530 ) ;
#501 = DIRECTION ( 'NONE',  ( 1.000000000000000000, -0.000000000000000000, -0.000000000000000000 ) ) ;
#502 = CARTESIAN_POINT ( 'NONE',  ( 54.49918532657755321, 22.59855532513451593, 1.275000000000000133 ) ) ;
#503 = EDGE_CURVE ( 'NONE', #5706, #5527, #12418, .T. ) ;
#504 = ORIENTED_EDGE ( 'NONE', *, *, #12255, .F. ) ;
#505 = ORIENTED_EDGE ( 'NONE', *, *, #1834, .F. ) ;
#506 = CARTESIAN_POINT ( 'NONE',  ( 24.26470588235293846, -12.94117647058824438, 3.176635312041681924 ) ) ;
#507 = CARTESIAN_POINT ( 'NONE',  ( 5.926536009056959209, 21.18669797144782407, 1.500000000000005551 ) ) ;
#508 = EDGE_CURVE ( 'NONE', #1703, #9226, #2741, .T. ) ;
#509 = EDGE_LOOP ( 'NONE', ( #7761, #11347, #698, #5708 ) ) ;
#510 = DIRECTION ( 'NONE',  ( -0.000000000000000000, -0.000000000000000000, -1.000000000000000000 ) ) ;
#511 = EDGE_CURVE ( 'NONE', #3184, #373, #7671, .T. ) ;
#512 = CARTESIAN_POINT ( 'NONE',  ( 6.465278121730796634, 30.12831799411278411, 2.550000000000000266 ) ) ;
#513 = DIRECTION ( 'NONE',  ( 0.000000000000000000, -0.000000000000000000, -1.000000000000000000 ) ) ;
#514 = CARTESIAN_POINT ( 'NONE',  ( -24.28421530421642061, -10.48790597677222891, -3.944330564366045344 ) ) ;
#515 = DIRECTION ( 'NONE',  ( 0.000000000000000000, 0.000000000000000000, 1.000000000000000000 ) ) ;
#516 = DIRECTION ( 'NONE',  ( 0.6782801027330607191, 0.7348034446274925857, 0.000000000000000000 ) ) ;
#517 = ORIENTED_EDGE ( 'NONE', *, *, #1596, .T. ) ;
#518 = CARTESIAN_POINT ( 'NONE',  ( -7.897809398020091187, -8.204656868619112586, 1.912499999999999645 ) ) ;
#519 = ORIENTED_EDGE ( 'NONE', *, *, #824, .T. ) ;
#520 = ORIENTED_EDGE ( 'NONE', *, *, #9165, .F. ) ;
#521 = CARTESIAN_POINT ( 'NONE',  ( -4.853596481675247709, -2.640139567791554231, 1.275000000000000133 ) ) ;
#522 = ORIENTED_EDGE ( 'NONE', *, *, #2275, .F. ) ;
#523 = CARTESIAN_POINT ( 'NONE',  ( -10.83123732615211665, -5.988693731774436202, 1.275000000000000133 ) ) ;
#525 = EDGE_CURVE ( 'NONE', #5302, #11081, #1715, .T. ) ;
#524 = VECTOR ( 'NONE', #4278, 1000.000000000000000 ) ;
#526 = VECTOR ( 'NONE', #4812, 1000.000000000000000 ) ;
#527 = ORIENTED_EDGE ( 'NONE', *, *, #4992, .F. ) ;
#528 = CARTESIAN_POINT ( 'NONE',  ( -15.90000000000000391, -26.50000000000000355, -4.871890048187181854 ) ) ;
#529 = ORIENTED_EDGE ( 'NONE', *, *, #4349, .T. ) ;
#530 = VERTEX_POINT ( 'NONE', #1769 ) ;
#531 = CARTESIAN_POINT ( 'NONE',  ( -5.359739972387021822, 29.24690034706065234, 1.275000000000000133 ) ) ;
#532 = PLANE ( 'NONE',  #5784 ) ;
#533 = EDGE_CURVE ( 'NONE', #10456, #9563, #2793, .T. ) ;
#534 = DIRECTION ( 'NONE',  ( -0.000000000000000000, -0.000000000000000000, -1.000000000000000000 ) ) ;
#535 = LINE ( 'NONE', #5661, #11201 ) ;
#536 = VERTEX_POINT ( 'NONE', #6752 ) ;
#537 = CARTESIAN_POINT ( 'NONE',  ( 15.89999999999999325, -26.50000000000000355, 4.871890048187183631 ) ) ;
#538 = CARTESIAN_POINT ( 'NONE',  ( 50.16957179191506100, -8.770583410597110330, 1.912499999999999645 ) ) ;
#539 = ORIENTED_EDGE ( 'NONE', *, *, #2162, .F. ) ;
#540 = DIRECTION ( 'NONE',  ( -0.7532062384561940549, -0.6577844345609517029, 0.000000000000000000 ) ) ;
#541 = CARTESIAN_POINT ( 'NONE',  ( 47.29902301326381320, -7.762925884080893901, -1.275000000000000133 ) ) ;
#542 = VERTEX_POINT ( 'NONE', #11447 ) ;
#543 = CARTESIAN_POINT ( 'NONE',  ( 50.16957179191506100, -10.94380396979420844, -2.550000000000000266 ) ) ;
#544 = PLANE ( 'NONE',  #8248 ) ;
#545 = DIRECTION ( 'NONE',  ( -0.6766252893427964210, -0.7363275207553884316, 0.000000000000000000 ) ) ;
#546 = ORIENTED_EDGE ( 'NONE', *, *, #6223, .F. ) ;
#547 = ORIENTED_EDGE ( 'NONE', *, *, #10335, .T. ) ;
#548 = DIRECTION ( 'NONE',  ( -0.000000000000000000, 0.000000000000000000, -1.000000000000000000 ) ) ;
#549 = CARTESIAN_POINT ( 'NONE',  ( 25.49248615629324277, 7.287784999944956432, 2.596022439704733120 ) ) ;
#550 = DIRECTION ( 'NONE',  ( 0.9863939238321445258, 0.1643989873053521844, 0.000000000000000000 ) ) ;
#551 = ORIENTED_EDGE ( 'NONE', *, *, #11280, .T. ) ;
#552 = AXIS2_PLACEMENT_3D ( 'NONE', #3458, #7562, #2363 ) ;
#553 = CARTESIAN_POINT ( 'NONE',  ( 24.90176471253378310, -2.260240599495163316, -3.121787828999984526 ) ) ;
#554 = EDGE_CURVE ( 'NONE', #11596, #2105, #9687, .T. ) ;
#555 = PRODUCT_DEFINITION_FORMATION_WITH_SPECIFIED_SOURCE ( 'ä»', '', #1858, .NOT_KNOWN. ) ;
#556 = VERTEX_POINT ( 'NONE', #12690 ) ;
#557 = ORIENTED_EDGE ( 'NONE', *, *, #11906, .T. ) ;
#558 = AXIS2_PLACEMENT_3D ( 'NONE', #3173, #7138, #11109 ) ;
#559 = DIRECTION ( 'NONE',  ( 0.3078202854146708245, -0.9514445185544087025, 0.000000000000000000 ) ) ;
#560 = LINE ( 'NONE', #6727, #10331 ) ;
#561 = EDGE_CURVE ( 'NONE', #9218, #2831, #9430, .T. ) ;
#562 = LINE ( 'NONE', #3604, #3175 ) ;
#563 = CARTESIAN_POINT ( 'NONE',  ( -27.50000000000000000, 1.369501866246042310, -2.868498318030737515 ) ) ;
#564 = CARTESIAN_POINT ( 'NONE',  ( -1.921773770931815672, -10.94380396979420844, -2.550000000000000266 ) ) ;
#565 = ORIENTED_EDGE ( 'NONE', *, *, #10430, .F. ) ;
#566 = ORIENTED_EDGE ( 'NONE', *, *, #12835, .T. ) ;
#567 = DIRECTION ( 'NONE',  ( -0.6786661380088697682, 0.7344469164753335555, 0.000000000000000000 ) ) ;
#568 = CARTESIAN_POINT ( 'NONE',  ( 57.53364161958099743, 13.43642638473705198, 1.912499999999999645 ) ) ;
#569 = ORIENTED_EDGE ( 'NONE', *, *, #10921, .F. ) ;
#570 = VECTOR ( 'NONE', #3207, 1000.000000000000000 ) ;
#571 = EDGE_CURVE ( 'NONE', #10692, #1638, #7729, .T. ) ;
#572 = VERTEX_POINT ( 'NONE', #5522 ) ;
#573 = CARTESIAN_POINT ( 'NONE',  ( -14.76193061260650552, 30.12831799411278411, -2.550000000000000266 ) ) ;
#574 = ADVANCED_FACE ( 'NONE', ( #8827 ), #11950, .T. ) ;
#575 = LINE ( 'NONE', #4525, #10544 ) ;
#576 = ADVANCED_FACE ( 'NONE', ( #6937 ), #7969, .T. ) ;
#577 = PLANE ( 'NONE',  #6069 ) ;
#578 = DIRECTION ( 'NONE',  ( 0.000000000000000000, -0.000000000000000000, 1.000000000000000000 ) ) ;
#579 = ADVANCED_FACE ( 'NONE', ( #5052 ), #7851, .T. ) ;
#580 = DIRECTION ( 'NONE',  ( 0.9149178015729286795, 0.4036402065763011748, 0.000000000000000000 ) ) ;
#581 = CARTESIAN_POINT ( 'NONE',  ( 73.96491932761539090, 74.51861236923376453, 2.014121164605829239 ) ) ;
#582 = ORIENTED_EDGE ( 'NONE', *, *, #11640, .F. ) ;
#583 = CARTESIAN_POINT ( 'NONE',  ( 47.82806681816967398, -8.339263717419632016, -1.275000000000000133 ) ) ;
#584 = EDGE_LOOP ( 'NONE', ( #12002, #2213, #2682, #1157 ) ) ;
#585 = ORIENTED_EDGE ( 'NONE', *, *, #9165, .T. ) ;
#586 = AXIS2_PLACEMENT_3D ( 'NONE', #9020, #2327, #8222 ) ;
#587 = CARTESIAN_POINT ( 'NONE',  ( 14.03200173286611019, 74.51861236923382137, 1.151621164605829417 ) ) ;
#588 = ORIENTED_EDGE ( 'NONE', *, *, #561, .T. ) ;
#589 = FACE_OUTER_BOUND ( 'NONE', #4540, .T. ) ;
#590 = AXIS2_PLACEMENT_3D ( 'NONE', #9991, #1935, #4851 ) ;
#591 = VERTEX_POINT ( 'NONE', #4811 ) ;
#592 = DIRECTION ( 'NONE',  ( -0.000000000000000000, -0.000000000000000000, -1.000000000000000000 ) ) ;
#593 = ORIENTED_EDGE ( 'NONE', *, *, #4205, .T. ) ;
#594 = AXIS2_PLACEMENT_3D ( 'NONE', #8855, #10943, #1076 ) ;
#595 = VERTEX_POINT ( 'NONE', #12792 ) ;
#596 = LINE ( 'NONE', #4554, #4831 ) ;
#597 = VECTOR ( 'NONE', #9652, 1000.000000000000000 ) ;
#598 = DIRECTION ( 'NONE',  ( 0.000000000000000000, 1.000000000000000000, -0.000000000000000000 ) ) ;
#599 = VECTOR ( 'NONE', #5528, 1000.000000000000000 ) ;
#600 = ADVANCED_FACE ( 'NONE', ( #4868 ), #9817, .T. ) ;
#601 = CARTESIAN_POINT ( 'NONE',  ( 40.62796951583546701, 38.93595086433998631, -1.912499999999999645 ) ) ;
#602 = CARTESIAN_POINT ( 'NONE',  ( -26.37909557951379824, -2.502077714573584188, 3.140897394898616746 ) ) ;
#603 = ORIENTED_EDGE ( 'NONE', *, *, #6914, .T. ) ;
#604 = CARTESIAN_POINT ( 'NONE',  ( 13.76880848982935568, -8.770583410597110330, 1.275000000000000133 ) ) ;
#605 = CARTESIAN_POINT ( 'NONE',  ( -24.77739727498184763, 3.498219570342463669, 2.747676575175144631 ) ) ;
#606 = VERTEX_POINT ( 'NONE', #3873 ) ;
#607 = DIRECTION ( 'NONE',  ( 0.000000000000000000, -1.000000000000000000, 2.168404344971009608E-16 ) ) ;
#608 = AXIS2_PLACEMENT_3D ( 'NONE', #6017, #3805, #7957 ) ;
#609 = AXIS2_PLACEMENT_3D ( 'NONE', #2127, #1150, #2904 ) ;
#610 = EDGE_CURVE ( 'NONE', #11752, #8627, #9019, .T. ) ;
#611 = CARTESIAN_POINT ( 'NONE',  ( 22.80071311932000100, 13.50472070242359557, 2.500000000000007550 ) ) ;
#612 = VECTOR ( 'NONE', #2648, 1000.000000000000114 ) ;
#613 = CIRCLE ( 'NONE', #9312, 1.000000000000001776 ) ;
#614 = AXIS2_PLACEMENT_3D ( 'NONE', #5257, #12220, #11245 ) ;
#615 = AXIS2_PLACEMENT_3D ( 'NONE', #11183, #9289, #7144 ) ;
#616 = VECTOR ( 'NONE', #12115, 999.9999999999998863 ) ;
#617 = ORIENTED_EDGE ( 'NONE', *, *, #4580, .F. ) ;
#618 = DIRECTION ( 'NONE',  ( 0.8462328400897509706, -0.5328132696861385131, 0.000000000000000000 ) ) ;
#619 = EDGE_CURVE ( 'NONE', #5846, #6298, #5780, .T. ) ;
#620 = LINE ( 'NONE', #5612, #9931 ) ;
#621 = DIRECTION ( 'NONE',  ( 1.000000000000000000, 0.000000000000000000, -0.000000000000000000 ) ) ;
#622 = DIRECTION ( 'NONE',  ( 0.000000000000000000, -1.000000000000000000, 0.000000000000000000 ) ) ;
#623 = AXIS2_PLACEMENT_3D ( 'NONE', #10410, #8304, #6292 ) ;
#624 = ORIENTED_EDGE ( 'NONE', *, *, #1540, .F. ) ;
#625 = VERTEX_POINT ( 'NONE', #3040 ) ;
#626 = PLANE ( 'NONE',  #8270 ) ;
#627 = CARTESIAN_POINT ( 'NONE',  ( 27.37452363718969650, -2.679610881306183412, 2.144107046814585971 ) ) ;
#628 = DIRECTION ( 'NONE',  ( 0.5328132696861385131, 0.8462328400897510816, -0.000000000000000000 ) ) ;
#629 = EDGE_LOOP ( 'NONE', ( #12287, #11838, #10708, #3301 ) ) ;
#630 = VECTOR ( 'NONE', #7160, 1000.000000000000000 ) ;
#631 = PLANE ( 'NONE',  #552 ) ;
#632 = ORIENTED_EDGE ( 'NONE', *, *, #3811, .F. ) ;
#633 = EDGE_LOOP ( 'NONE', ( #9421, #11987, #9145, #4756 ) ) ;
#634 = DIRECTION ( 'NONE',  ( 0.000000000000000000, -0.000000000000000000, 1.000000000000000000 ) ) ;
#635 = CARTESIAN_POINT ( 'NONE',  ( -7.953095561664616397, -8.266853802719200672, -1.275000000000000133 ) ) ;
#636 = VECTOR ( 'NONE', #9099, 999.9999999999998863 ) ;
#637 = DIRECTION ( 'NONE',  ( 0.6786661380088697682, -0.7344469164753335555, 0.000000000000000000 ) ) ;
#638 = DIRECTION ( 'NONE',  ( 0.6618496974130331223, -0.7496365639656837887, 0.000000000000000000 ) ) ;
#639 = ADVANCED_FACE ( 'NONE', ( #11830 ), #1952, .T. ) ;
#640 = CARTESIAN_POINT ( 'NONE',  ( -7.686194367827409835, -10.94380396979420844, 2.550000000000000266 ) ) ;
#641 = DIRECTION ( 'NONE',  ( 0.000000000000000000, -1.000000000000000000, 0.000000000000000000 ) ) ;
#642 = ORIENTED_EDGE ( 'NONE', *, *, #11644, .F. ) ;
#643 = VERTEX_POINT ( 'NONE', #976 ) ;
#644 = CARTESIAN_POINT ( 'NONE',  ( 11.64942479529083919, 2.209541179223062368, -2.010878835394170228 ) ) ;
#645 = CARTESIAN_POINT ( 'NONE',  ( 13.64993377744630187, -10.19732215022125921, 1.912499999999999645 ) ) ;
#646 = ORIENTED_EDGE ( 'NONE', *, *, #12830, .T. ) ;
#647 = ORIENTED_EDGE ( 'NONE', *, *, #686, .F. ) ;
#648 = DIRECTION ( 'NONE',  ( -0.7071067811865474617, 0.7071067811865474617, 0.000000000000000000 ) ) ;
#649 = DIRECTION ( 'NONE',  ( 0.3978651461590838601, -0.9108184472327006675, 0.1100594459936222319 ) ) ;
#650 = LINE ( 'NONE', #8632, #7929 ) ;
#651 = LINE ( 'NONE', #3553, #4281 ) ;
#652 = EDGE_CURVE ( 'NONE', #496, #11992, #11811, .T. ) ;
#653 = PLANE ( 'NONE',  #2445 ) ;
#654 = DIRECTION ( 'NONE',  ( 0.5108265911944580573, 0.8596837754248070063, -0.000000000000000000 ) ) ;
#655 = VERTEX_POINT ( 'NONE', #64 ) ;
#656 = CARTESIAN_POINT ( 'NONE',  ( 2.927409999341250124, -12.10421909368450066, -1.912499999999999645 ) ) ;
#657 = ORIENTED_EDGE ( 'NONE', *, *, #9862, .F. ) ;
#658 = ORIENTED_EDGE ( 'NONE', *, *, #6448, .T. ) ;
#659 = ORIENTED_EDGE ( 'NONE', *, *, #1706, .T. ) ;
#660 = EDGE_CURVE ( 'NONE', #9828, #9593, #3279, .T. ) ;
#661 = EDGE_CURVE ( 'NONE', #4722, #4609, #8771, .T. ) ;
#662 = EDGE_CURVE ( 'NONE', #9620, #5478, #6997, .T. ) ;
#663 = EDGE_CURVE ( 'NONE', #10339, #9368, #1261, .T. ) ;
#664 = ORIENTED_EDGE ( 'NONE', *, *, #2163, .F. ) ;
#665 = EDGE_CURVE ( 'NONE', #1524, #2001, #10004, .T. ) ;
#666 = ORIENTED_EDGE ( 'NONE', *, *, #7269, .T. ) ;
#667 = DIRECTION ( 'NONE',  ( -0.7496365639656836777, -0.6618496974130331223, 0.000000000000000000 ) ) ;
#668 = VERTEX_POINT ( 'NONE', #8031 ) ;
#669 = ORIENTED_EDGE ( 'NONE', *, *, #10428, .F. ) ;
#670 = FACE_OUTER_BOUND ( 'NONE', #8806, .T. ) ;
#671 = DIRECTION ( 'NONE',  ( -0.000000000000000000, -0.000000000000000000, -1.000000000000000000 ) ) ;
#672 = LINE ( 'NONE', #4749, #526 ) ;
#673 = DIRECTION ( 'NONE',  ( -0.000000000000000000, -0.000000000000000000, -1.000000000000000000 ) ) ;
#674 = ORIENTED_EDGE ( 'NONE', *, *, #6066, .F. ) ;
#675 = CARTESIAN_POINT ( 'NONE',  ( -24.26470588235293846, -12.94117647058824438, -3.176635312041688142 ) ) ;
#676 = PLANE ( 'NONE',  #4019 ) ;
#677 = EDGE_CURVE ( 'NONE', #2288, #6975, #12017, .T. ) ;
#678 = ORIENTED_EDGE ( 'NONE', *, *, #11223, .F. ) ;
#679 = CARTESIAN_POINT ( 'NONE',  ( 11.29611278031712018, 7.368731314913460118, 0.5766211646058294615 ) ) ;
#680 = VECTOR ( 'NONE', #2994, 1000.000000000000000 ) ;
#681 = EDGE_CURVE ( 'NONE', #7771, #12838, #12140, .T. ) ;
#682 = EDGE_CURVE ( 'NONE', #9989, #853, #11213, .T. ) ;
#683 = VERTEX_POINT ( 'NONE', #5307 ) ;
#684 = PLANE ( 'NONE',  #1505 ) ;
#685 = DIRECTION ( 'NONE',  ( 0.000000000000000000, 2.479012299922036093E-16, 1.000000000000000000 ) ) ;
#686 = EDGE_CURVE ( 'NONE', #4136, #12027, #2200, .T. ) ;
#687 = CARTESIAN_POINT ( 'NONE',  ( 24.77856602957652044, 12.12768690744592526, -1.499999999854523036 ) ) ;
#688 = CARTESIAN_POINT ( 'NONE',  ( 56.74328029394445139, 20.98228877389777836, -1.275000000000000133 ) ) ;
#689 = CARTESIAN_POINT ( 'NONE',  ( -16.50000000000000711, -27.50000000000000355, 4.871890048187181854 ) ) ;
#690 = ORIENTED_EDGE ( 'NONE', *, *, #3582, .F. ) ;
#691 = EDGE_LOOP ( 'NONE', ( #6845, #7352, #4976, #10032 ) ) ;
#692 = FACE_OUTER_BOUND ( 'NONE', #7959, .T. ) ;
#693 = CARTESIAN_POINT ( 'NONE',  ( 0.1909652267713530527, -24.99927063500382118, 9.000000000000000000 ) ) ;
#694 = PLANE ( 'NONE',  #11831 ) ;
#695 = VECTOR ( 'NONE', #991, 1000.000000000000000 ) ;
#696 = VERTEX_POINT ( 'NONE', #318 ) ;
#697 = DIRECTION ( 'NONE',  ( 0.000000000000000000, 2.479012299922036093E-16, 1.000000000000000000 ) ) ;
#698 = ORIENTED_EDGE ( 'NONE', *, *, #10435, .T. ) ;
#699 = AXIS2_PLACEMENT_3D ( 'NONE', #8359, #381, #12335 ) ;
#700 = ORIENTED_EDGE ( 'NONE', *, *, #652, .F. ) ;
#701 = FACE_OUTER_BOUND ( 'NONE', #8380, .T. ) ;
#702 = CARTESIAN_POINT ( 'NONE',  ( -4.148326245437850446, -12.10421909368450066, 2.550000000000000266 ) ) ;
#703 = DIRECTION ( 'NONE',  ( 6.938893903907222067E-15, 1.000000000000000000, 0.000000000000000000 ) ) ;
#704 = EDGE_CURVE ( 'NONE', #6857, #11402, #11613, .T. ) ;
#705 = DIRECTION ( 'NONE',  ( -0.000000000000000000, 0.000000000000000000, 1.000000000000000000 ) ) ;
#706 = CARTESIAN_POINT ( 'NONE',  ( 2.927409999341250124, 30.12831799411278411, 2.550000000000000266 ) ) ;
#707 = EDGE_LOOP ( 'NONE', ( #6183, #2095, #5958, #4670 ) ) ;
#708 = CARTESIAN_POINT ( 'NONE',  ( 0.1213940857737781098, -16.11873229131008500, 1.275000000000000133 ) ) ;
#709 = VECTOR ( 'NONE', #12523, 1000.000000000000000 ) ;
#710 = FACE_OUTER_BOUND ( 'NONE', #7297, .T. ) ;
#711 = ORIENTED_EDGE ( 'NONE', *, *, #12515, .F. ) ;
#712 = ORIENTED_EDGE ( 'NONE', *, *, #9221, .F. ) ;
#713 = LINE ( 'NONE', #12599, #5557 ) ;
#714 = CARTESIAN_POINT ( 'NONE',  ( 26.26276084468409167, 3.740049006144637200, -2.735851365403640045 ) ) ;
#715 = CARTESIAN_POINT ( 'NONE',  ( -19.73771211221854571, 14.36860075111488122, 2.876621164605829506 ) ) ;
#716 = CARTESIAN_POINT ( 'NONE',  ( 16.74702004040473113, -9.090042685002742928, 1.275000000000000133 ) ) ;
#717 = LINE ( 'NONE', #12399, #11587 ) ;
#718 = DIRECTION ( 'NONE',  ( -0.000000000000000000, -0.000000000000000000, -1.000000000000000000 ) ) ;
#719 = ORIENTED_EDGE ( 'NONE', *, *, #11370, .F. ) ;
#720 = VERTEX_POINT ( 'NONE', #12275 ) ;
#721 = ORIENTED_EDGE ( 'NONE', *, *, #7797, .T. ) ;
#722 = ORIENTED_EDGE ( 'NONE', *, *, #12159, .F. ) ;
#723 = CARTESIAN_POINT ( 'NONE',  ( 1.616094351457737499, -10.94380396979420844, 1.912499999999999645 ) ) ;
#724 = EDGE_CURVE ( 'NONE', #2843, #1289, #8221, .T. ) ;
#725 = ORIENTED_EDGE ( 'NONE', *, *, #4647, .F. ) ;
#726 = VERTEX_POINT ( 'NONE', #6088 ) ;
#727 = LINE ( 'NONE', #9626, #4319 ) ;
#728 = VERTEX_POINT ( 'NONE', #3218 ) ;
#729 = EDGE_LOOP ( 'NONE', ( #10649, #1290, #4312, #11626 ) ) ;
#730 = DIRECTION ( 'NONE',  ( 0.9682773237093529328, 0.2498780190217879393, 0.000000000000000000 ) ) ;
#731 = PLANE ( 'NONE',  #2882 ) ;
#732 = LINE ( 'NONE', #6566, #742 ) ;
#733 = CARTESIAN_POINT ( 'NONE',  ( -24.02691753890887938, -7.136755430296394032, 3.560226106162821313 ) ) ;
#734 = EDGE_CURVE ( 'NONE', #5951, #2111, #1359, .T. ) ;
#735 = ADVANCED_FACE ( 'NONE', ( #10067 ), #3348, .T. ) ;
#736 = ORIENTED_EDGE ( 'NONE', *, *, #314, .T. ) ;
#737 = VECTOR ( 'NONE', #5911, 1000.000000000000000 ) ;
#738 = DIRECTION ( 'NONE',  ( -0.000000000000000000, -0.000000000000000000, -1.000000000000000000 ) ) ;
#739 = LINE ( 'NONE', #8654, #6737 ) ;
#740 = VERTEX_POINT ( 'NONE', #12204 ) ;
#741 = FACE_OUTER_BOUND ( 'NONE', #11837, .T. ) ;
#742 = VECTOR ( 'NONE', #3638, 1000.000000000000000 ) ;
#743 = VERTEX_POINT ( 'NONE', #10324 ) ;
#744 = VECTOR ( 'NONE', #8006, 1000.000000000000000 ) ;
#745 = EDGE_CURVE ( 'NONE', #11596, #11410, #9269, .T. ) ;
#746 = ORIENTED_EDGE ( 'NONE', *, *, #1445, .T. ) ;
#747 = CARTESIAN_POINT ( 'NONE',  ( 16.36825741590386585, -5.000770639881534585, -1.275000000000000133 ) ) ;
#748 = CARTESIAN_POINT ( 'NONE',  ( 19.30543496340549225, -12.10421909368450066, 2.550000000000000266 ) ) ;
#749 = CARTESIAN_POINT ( 'NONE',  ( 26.51417022851110161, 0.6396166539873622270, -2.911522587644931104 ) ) ;
#750 = CARTESIAN_POINT ( 'NONE',  ( 13.48873465881141520, -2.486225080024611955, 1.275000000000000133 ) ) ;
#751 = LINE ( 'NONE', #4698, #11759 ) ;
#752 = EDGE_CURVE ( 'NONE', #4372, #8657, #7186, .T. ) ;
#753 = EDGE_LOOP ( 'NONE', ( #5907, #6067, #7699, #4589 ) ) ;
#754 = ORIENTED_EDGE ( 'NONE', *, *, #919, .F. ) ;
#755 = EDGE_CURVE ( 'NONE', #12519, #4806, #11161, .T. ) ;
#756 = LINE ( 'NONE', #12509, #6402 ) ;
#757 = DIRECTION ( 'NONE',  ( 0.000000000000000000, 1.000000000000000000, -0.000000000000000000 ) ) ;
#758 = VERTEX_POINT ( 'NONE', #6226 ) ;
#759 = FACE_OUTER_BOUND ( 'NONE', #12679, .T. ) ;
#760 = EDGE_CURVE ( 'NONE', #11503, #2070, #11292, .T. ) ;
#761 = VERTEX_POINT ( 'NONE', #2388 ) ;
#762 = ORIENTED_EDGE ( 'NONE', *, *, #7269, .F. ) ;
#763 = DIRECTION ( 'NONE',  ( -1.000000000000000000, -6.938893903907222067E-15, 0.000000000000000000 ) ) ;
#764 = CARTESIAN_POINT ( 'NONE',  ( 14.03200173286611019, 74.51861236923382137, -1.148378835394170627 ) ) ;
#765 = DIRECTION ( 'NONE',  ( 0.000000000000000000, 1.000000000000000000, 0.000000000000000000 ) ) ;
#766 = VECTOR ( 'NONE', #3375, 1000.000000000000000 ) ;
#767 = EDGE_CURVE ( 'NONE', #6585, #9048, #11101, .T. ) ;
#768 = CARTESIAN_POINT ( 'NONE',  ( -12.40996013299270651, -3.852774640166615416, 1.275000000000000133 ) ) ;
#769 = CARTESIAN_POINT ( 'NONE',  ( -2.566159102104386580, -2.933400770300640392, -1.275000000000000133 ) ) ;
#770 = ORIENTED_EDGE ( 'NONE', *, *, #11945, .T. ) ;
#771 = DIRECTION ( 'NONE',  ( 1.000000000000000000, 0.000000000000000000, 0.000000000000000000 ) ) ;
#772 = VERTEX_POINT ( 'NONE', #6343 ) ;
#773 = EDGE_CURVE ( 'NONE', #3089, #8721, #3164, .T. ) ;
#774 = CIRCLE ( 'NONE', #6776, 1.000000000000000888 ) ;
#775 = EDGE_CURVE ( 'NONE', #6539, #8184, #10128, .T. ) ;
#776 = ORIENTED_EDGE ( 'NONE', *, *, #9783, .F. ) ;
#777 = CARTESIAN_POINT ( 'NONE',  ( 50.16957179191506100, -10.94380396979420844, 2.550000000000000266 ) ) ;
#778 = CARTESIAN_POINT ( 'NONE',  ( 15.38045670213009863, 74.51861236923376453, 2.014121164605829239 ) ) ;
#779 = CARTESIAN_POINT ( 'NONE',  ( 55.49369733586557629, -1.816435269591295087, 1.912499999999999645 ) ) ;
#780 = EDGE_CURVE ( 'NONE', #7097, #3445, #5383, .T. ) ;
#781 = DIRECTION ( 'NONE',  ( -0.6577844345609517029, 0.7532062384561940549, 0.000000000000000000 ) ) ;
#782 = DIRECTION ( 'NONE',  ( -0.5723152031165854581, -0.8200337238684891616, 0.000000000000000000 ) ) ;
#783 = ORIENTED_EDGE ( 'NONE', *, *, #10665, .F. ) ;
#784 = ORIENTED_EDGE ( 'NONE', *, *, #3520, .T. ) ;
#785 = ORIENTED_EDGE ( 'NONE', *, *, #1570, .F. ) ;
#786 = ORIENTED_EDGE ( 'NONE', *, *, #11986, .T. ) ;
#787 = CARTESIAN_POINT ( 'NONE',  ( 16.74702004040473113, -9.090042685002742928, -1.275000000000000133 ) ) ;
#788 = VECTOR ( 'NONE', #2202, 1000.000000000000000 ) ;
#789 = ORIENTED_EDGE ( 'NONE', *, *, #8012, .F. ) ;
#790 = PLANE ( 'NONE',  #8708 ) ;
#791 = ORIENTED_EDGE ( 'NONE', *, *, #11325, .T. ) ;
#792 = DIRECTION ( 'NONE',  ( 0.000000000000000000, 1.000000000000000000, -0.000000000000000000 ) ) ;
#793 = CARTESIAN_POINT ( 'NONE',  ( 26.72916168311616758, -20.93828974291378842, -1.275000000000000133 ) ) ;
#794 = AXIS2_PLACEMENT_3D ( 'NONE', #8278, #12261, #3332 ) ;
#795 = CARTESIAN_POINT ( 'NONE',  ( 10.69221011028679413, 7.320610632720734756, 1.151621164605829417 ) ) ;
#796 = DIRECTION ( 'NONE',  ( -1.000000000000000000, 0.000000000000000000, 0.000000000000000000 ) ) ;
#797 = EDGE_CURVE ( 'NONE', #3086, #7972, #454, .T. ) ;
#798 = ORIENTED_EDGE ( 'NONE', *, *, #6202, .T. ) ;
#799 = CIRCLE ( 'NONE', #3157, 25.00000000000000000 ) ;
#800 = CARTESIAN_POINT ( 'NONE',  ( -11.45686122483816938, -3.588839557908458211, 1.275000000000000133 ) ) ;
#801 = CARTESIAN_POINT ( 'NONE',  ( 6.465278121730796634, -12.10421909368450066, 2.550000000000000266 ) ) ;
#802 = ORIENTED_EDGE ( 'NONE', *, *, #7697, .T. ) ;
#803 = LINE ( 'NONE', #12562, #10726 ) ;
#804 = VECTOR ( 'NONE', #4394, 1000.000000000000000 ) ;
#805 = EDGE_CURVE ( 'NONE', #6410, #6568, #9612, .T. ) ;
#806 = VECTOR ( 'NONE', #10029, 1000.000000000000000 ) ;
#807 = ORIENTED_EDGE ( 'NONE', *, *, #1559, .F. ) ;
#808 = CYLINDRICAL_SURFACE ( 'NONE', #9172, 27.49999999999999645 ) ;
#809 = LINE ( 'NONE', #4765, #185 ) ;
#810 = DIRECTION ( 'NONE',  ( -6.938893903907222067E-15, -1.000000000000000000, 0.000000000000000000 ) ) ;
#811 = CARTESIAN_POINT ( 'NONE',  ( -7.064785948593764964, -4.997959635964555503, 1.275000000000000133 ) ) ;
#812 = ORIENTED_EDGE ( 'NONE', *, *, #132, .F. ) ;
#813 = ORIENTED_EDGE ( 'NONE', *, *, #610, .F. ) ;
#814 = VECTOR ( 'NONE', #9335, 1000.000000000000000 ) ;
#815 = VECTOR ( 'NONE', #10683, 1000.000000000000114 ) ;
#816 = CARTESIAN_POINT ( 'NONE',  ( 15.29075054969256087, -8.811716979782609371, -1.912499999999999645 ) ) ;
#817 = CARTESIAN_POINT ( 'NONE',  ( 6.465278121730796634, 30.12831799411278411, 1.912499999999999645 ) ) ;
#818 = ORIENTED_EDGE ( 'NONE', *, *, #2521, .T. ) ;
#819 = AXIS2_PLACEMENT_3D ( 'NONE', #11911, #5204, #5018 ) ;
#820 = DIRECTION ( 'NONE',  ( -0.000000000000000000, -0.000000000000000000, -1.000000000000000000 ) ) ;
#821 = VECTOR ( 'NONE', #2017, 1000.000000000000000 ) ;
#822 = VECTOR ( 'NONE', #8718, 1000.000000000000000 ) ;
#823 = VECTOR ( 'NONE', #6487, 1000.000000000000000 ) ;
#824 = EDGE_CURVE ( 'NONE', #9563, #348, #1558, .T. ) ;
#825 = EDGE_CURVE ( 'NONE', #6346, #3315, #651, .T. ) ;
#826 = EDGE_CURVE ( 'NONE', #1761, #8951, #9477, .T. ) ;
#827 = ORIENTED_EDGE ( 'NONE', *, *, #11628, .T. ) ;
#828 = VECTOR ( 'NONE', #6510, 1000.000000000000114 ) ;
#829 = ORIENTED_EDGE ( 'NONE', *, *, #5728, .F. ) ;
#830 = LINE ( 'NONE', #3601, #10760 ) ;
#831 = AXIS2_PLACEMENT_3D ( 'NONE', #11646, #4550, #10668 ) ;
#832 = CARTESIAN_POINT ( 'NONE',  ( 8.852410331654466447, 6.114001408762802292, 0.5766211646058294615 ) ) ;
#833 = LINE ( 'NONE', #8684, #5467 ) ;
#834 = AXIS2_PLACEMENT_3D ( 'NONE', #9037, #8976, #10934 ) ;
#835 = LINE ( 'NONE', #2893, #7213 ) ;
#836 = LINE ( 'NONE', #6853, #2282 ) ;
#837 = ORIENTED_EDGE ( 'NONE', *, *, #10363, .T. ) ;
#838 = LINE ( 'NONE', #5755, #9664 ) ;
#839 = ORIENTED_EDGE ( 'NONE', *, *, #4452, .F. ) ;
#840 = VECTOR ( 'NONE', #7783, 1000.000000000000114 ) ;
#841 = VECTOR ( 'NONE', #12312, 1000.000000000000000 ) ;
#842 = VERTEX_POINT ( 'NONE', #5444 ) ;
#843 = FACE_OUTER_BOUND ( 'NONE', #5591, .T. ) ;
#844 = CARTESIAN_POINT ( 'NONE',  ( 1.616094351457737499, -10.94380396979420844, 2.550000000000000266 ) ) ;
#845 = DIRECTION ( 'NONE',  ( 1.000000000000000000, 0.000000000000000000, 0.000000000000000000 ) ) ;
#846 = DIRECTION ( 'NONE',  ( 1.000000000000000000, 0.000000000000000000, 0.000000000000000000 ) ) ;
#847 = ADVANCED_FACE ( 'NONE', ( #8569 ), #4599, .T. ) ;
#848 = CARTESIAN_POINT ( 'NONE',  ( -0.6104581230483032694, -12.10421909368450066, -1.912499999999999645 ) ) ;
#849 = LINE ( 'NONE', #6985, #4095 ) ;
#850 = ORIENTED_EDGE ( 'NONE', *, *, #5743, .F. ) ;
#851 = VECTOR ( 'NONE', #1241, 1000.000000000000000 ) ;
#852 = VERTEX_POINT ( 'NONE', #3681 ) ;
#853 = VERTEX_POINT ( 'NONE', #514 ) ;
#854 = VECTOR ( 'NONE', #12674, 1000.000000000000000 ) ;
#855 = PLANE ( 'NONE',  #6635 ) ;
#856 = VECTOR ( 'NONE', #8571, 1000.000000000000000 ) ;
#857 = ORIENTED_EDGE ( 'NONE', *, *, #8005, .F. ) ;
#858 = DIRECTION ( 'NONE',  ( 0.000000000000000000, -1.000000000000000000, 0.000000000000000000 ) ) ;
#859 = ORIENTED_EDGE ( 'NONE', *, *, #11322, .F. ) ;
#860 = PLANE ( 'NONE',  #5864 ) ;
#861 = DIRECTION ( 'NONE',  ( 1.000000000000000000, 0.000000000000000000, 0.000000000000000000 ) ) ;
#862 = CARTESIAN_POINT ( 'NONE',  ( 23.38235294117646745, -12.35062510189814766, 4.169413659219852519 ) ) ;
#863 = CARTESIAN_POINT ( 'NONE',  ( 13.76880848982935568, -8.770583410597110330, 1.912499999999999645 ) ) ;
#864 = EDGE_LOOP ( 'NONE', ( #8768, #2155, #2856, #4558 ) ) ;
#865 = CARTESIAN_POINT ( 'NONE',  ( 25.93246400360170867, -21.34430266973238233, 1.275000000000000133 ) ) ;
#866 = FACE_OUTER_BOUND ( 'NONE', #3843, .T. ) ;
#867 = VERTEX_POINT ( 'NONE', #5639 ) ;
#868 = CARTESIAN_POINT ( 'NONE',  ( 73.96491932761539090, 74.51861236923376453, -2.010878835394170228 ) ) ;
#869 = EDGE_LOOP ( 'NONE', ( #1177, #1221, #9377, #12004 ) ) ;
#870 = ORIENTED_EDGE ( 'NONE', *, *, #6847, .T. ) ;
#871 = CARTESIAN_POINT ( 'NONE',  ( 54.35884704300794823, 13.89487639612912595, 1.275000000000000133 ) ) ;
#872 = DIRECTION ( 'NONE',  ( 1.000000000000000000, 0.000000000000000000, 0.000000000000000000 ) ) ;
#873 = LINE ( 'NONE', #11848, #9496 ) ;
#874 = LINE ( 'NONE', #8731, #3621 ) ;
#875 = DIRECTION ( 'NONE',  ( -0.000000000000000000, -0.000000000000000000, -1.000000000000000000 ) ) ;
#876 = ORIENTED_EDGE ( 'NONE', *, *, #752, .T. ) ;
#877 = DIRECTION ( 'NONE',  ( 0.8596837754248070063, -0.5108265911944580573, 0.000000000000000000 ) ) ;
#878 = CARTESIAN_POINT ( 'NONE',  ( 40.48488503665707583, -15.23679364893768984, 1.275000000000000133 ) ) ;
#879 = VERTEX_POINT ( 'NONE', #2529 ) ;
#880 = CARTESIAN_POINT ( 'NONE',  ( 41.75140282482416154, -15.57031354152369929, 1.912499999999999645 ) ) ;
#881 = EDGE_CURVE ( 'NONE', #2747, #9888, #4459, .T. ) ;
#882 = EDGE_LOOP ( 'NONE', ( #7660, #11106, #1455, #2441, #8797, #1069 ) ) ;
#883 = ORIENTED_EDGE ( 'NONE', *, *, #7033, .F. ) ;
#884 = VECTOR ( 'NONE', #2622, 1000.000000000000000 ) ;
#885 = FACE_OUTER_BOUND ( 'NONE', #5406, .T. ) ;
#886 = CARTESIAN_POINT ( 'NONE',  ( -8.997510015710910025, -10.94380396979420844, 2.550000000000000266 ) ) ;
#887 = DIRECTION ( 'NONE',  ( 0.05255883312274955282, 0.9986178293325105315, -0.000000000000000000 ) ) ;
#888 = DIRECTION ( 'NONE',  ( 0.000000000000000000, -1.000000000000000000, 0.000000000000000000 ) ) ;
#889 = CARTESIAN_POINT ( 'NONE',  ( 10.41399010399786285, -8.174958178124823505, -1.912499999999999645 ) ) ;
#890 = CARTESIAN_POINT ( 'NONE',  ( 9.511444474816499906, 9.289807388987380676, 1.151621164605829417 ) ) ;
#891 = EDGE_CURVE ( 'NONE', #8584, #12653, #6417, .T. ) ;
#892 = EDGE_CURVE ( 'NONE', #6370, #5477, #8424, .T. ) ;
#893 = CARTESIAN_POINT ( 'NONE',  ( 9.511444474816499906, 8.139807388987382097, 0.5766211646058294615 ) ) ;
#894 = VERTEX_POINT ( 'NONE', #7651 ) ;
#895 = VECTOR ( 'NONE', #4615, 1000.000000000000000 ) ;
#896 = VERTEX_POINT ( 'NONE', #12398 ) ;
#897 = CARTESIAN_POINT ( 'NONE',  ( 16.48107194992280000, -23.37694646081619965, 1.912499999999999645 ) ) ;
#898 = EDGE_CURVE ( 'NONE', #6160, #4582, #1624, .T. ) ;
#899 = CARTESIAN_POINT ( 'NONE',  ( -0.9115297514212998831, 24.98337674359240879, -2.499999999999998668 ) ) ;
#900 = CARTESIAN_POINT ( 'NONE',  ( 50.16957179191506100, -10.94380396979420844, 2.550000000000000266 ) ) ;
#901 = CARTESIAN_POINT ( 'NONE',  ( -15.90000000000000391, -26.50000000000000355, -4.871890048187180966 ) ) ;
#902 = LINE ( 'NONE', #3683, #3874 ) ;
#903 = CARTESIAN_POINT ( 'NONE',  ( -27.50000000000000000, -10.48790597677222891, -3.944330564366045344 ) ) ;
#904 = ORIENTED_EDGE ( 'NONE', *, *, #7064, .F. ) ;
#905 = VECTOR ( 'NONE', #12397, 1000.000000000000114 ) ;
#906 = ORIENTED_EDGE ( 'NONE', *, *, #11561, .F. ) ;
#907 = VERTEX_POINT ( 'NONE', #4663 ) ;
#908 = EDGE_CURVE ( 'NONE', #11119, #894, #3482, .T. ) ;
#909 = LINE ( 'NONE', #7836, #7665 ) ;
#910 = EDGE_CURVE ( 'NONE', #3697, #1549, #2657, .T. ) ;
#911 = AXIS2_PLACEMENT_3D ( 'NONE', #4239, #2189, #5431 ) ;
#912 = ORIENTED_EDGE ( 'NONE', *, *, #11701, .F. ) ;
#913 = CARTESIAN_POINT ( 'NONE',  ( 10.08359999005818075, -7.621554737275839209, 1.912499999999999645 ) ) ;
#914 = DIRECTION ( 'NONE',  ( -0.7496365639656836777, -0.6618496974130331223, 0.000000000000000000 ) ) ;
#915 = DIRECTION ( 'NONE',  ( -0.6500370741893219950, -0.7599024951790762650, 0.000000000000000000 ) ) ;
#916 = CARTESIAN_POINT ( 'NONE',  ( 0.000000000000000000, 0.000000000000000000, 2.876621164605829950 ) ) ;
#917 = PLANE ( 'NONE',  #8072 ) ;
#918 = ORIENTED_EDGE ( 'NONE', *, *, #1796, .F. ) ;
#919 = EDGE_CURVE ( 'NONE', #8021, #10515, #1697, .T. ) ;
#920 = DIRECTION ( 'NONE',  ( -0.9999591765455476677, -0.009035775691678103044, 0.000000000000000000 ) ) ;
#921 = DIRECTION ( 'NONE',  ( -1.000000000000000000, -6.938893903907222067E-15, 0.000000000000000000 ) ) ;
#922 = ORIENTED_EDGE ( 'NONE', *, *, #7302, .F. ) ;
#923 = ORIENTED_EDGE ( 'NONE', *, *, #5721, .T. ) ;
#924 = CARTESIAN_POINT ( 'NONE',  ( 0.1909652267713530527, -19.98267288438036715, 2.550000000000000266 ) ) ;
#925 = ORIENTED_EDGE ( 'NONE', *, *, #6605, .T. ) ;
#926 = ADVANCED_FACE ( 'NONE', ( #9550 ), #5507, .T. ) ;
#927 = ORIENTED_EDGE ( 'NONE', *, *, #525, .F. ) ;
#928 = DIRECTION ( 'NONE',  ( 0.9682773237093529328, 0.2498780190217879393, 0.000000000000000000 ) ) ;
#929 = LINE ( 'NONE', #78, #7290 ) ;
#930 = CARTESIAN_POINT ( 'NONE',  ( -7.275840057019161478, -8.418890752741660322, 1.912499999999999645 ) ) ;
#931 = VECTOR ( 'NONE', #10352, 1000.000000000000114 ) ;
#932 = CARTESIAN_POINT ( 'NONE',  ( 27.37806015210619393, -2.643586973016066377, -2.141318348064905841 ) ) ;
#933 = DIRECTION ( 'NONE',  ( 0.9363291775690406604, 0.3511234415884020299, 0.000000000000000000 ) ) ;
#934 = EDGE_LOOP ( 'NONE', ( #10999, #1732, #3377, #4757, #2307, #8667, #11034, #6734, #6560, #9405, #2732, #10455, #9811, #3007, #5360, #3926, #9798, #6756, #2124, #646, #5170, #10586, #7995, #12853, #1302, #10012, #2254, #8645, #8129, #10592, #603, #7695, #12059, #8371, #7403, #1243, #3948, #7820, #3102, #10863, #11013, #6325, #12639, #5656, #9416, #3744, #1362, #5496 ) ) ;
#935 = EDGE_CURVE ( 'NONE', #5315, #1669, #12471, .T. ) ;
#936 = VECTOR ( 'NONE', #7602, 1000.000000000000000 ) ;
#937 = DIRECTION ( 'NONE',  ( 0.9486832980505189861, 0.3162277660168223981, -0.000000000000000000 ) ) ;
#938 = LINE ( 'NONE', #6583, #9519 ) ;
#939 = ORIENTED_EDGE ( 'NONE', *, *, #6073, .T. ) ;
#940 = DIRECTION ( 'NONE',  ( -0.000000000000000000, 0.000000000000000000, 1.000000000000000000 ) ) ;
#941 = VECTOR ( 'NONE', #2377, 1000.000000000000000 ) ;
#942 = VERTEX_POINT ( 'NONE', #6548 ) ;
#943 = VERTEX_POINT ( 'NONE', #7381 ) ;
#944 = CARTESIAN_POINT ( 'NONE',  ( -23.66111738797359010, 14.01433280440184603, 1.499999999999996669 ) ) ;
#945 = CARTESIAN_POINT ( 'NONE',  ( 13.64993377744630898, 30.12831799411278411, -1.275000000000000133 ) ) ;
#946 = DIRECTION ( 'NONE',  ( -0.000000000000000000, 0.000000000000000000, -1.000000000000000000 ) ) ;
#947 = EDGE_CURVE ( 'NONE', #9008, #390, #10653, .T. ) ;
#948 = DIRECTION ( 'NONE',  ( -0.000000000000000000, -0.000000000000000000, -1.000000000000000000 ) ) ;
#949 = CARTESIAN_POINT ( 'NONE',  ( -2.590337688145444073, -8.177013786796837991, 1.275000000000000133 ) ) ;
#950 = CARTESIAN_POINT ( 'NONE',  ( 53.64169562526486601, -0.8188726944412230146, -1.275000000000000133 ) ) ;
#951 = ADVANCED_FACE ( 'NONE', ( #5702 ), #6656, .T. ) ;
#952 = DIRECTION ( 'NONE',  ( -0.9291711076192176177, 0.3696499056751892942, 0.000000000000000000 ) ) ;
#953 = ORIENTED_EDGE ( 'NONE', *, *, #7010, .F. ) ;
#954 = ORIENTED_EDGE ( 'NONE', *, *, #7528, .T. ) ;
#955 = ORIENTED_EDGE ( 'NONE', *, *, #8436, .T. ) ;
#956 = EDGE_CURVE ( 'NONE', #2763, #1403, #4728, .T. ) ;
#957 = LINE ( 'NONE', #5885, #8240 ) ;
#958 = ORIENTED_EDGE ( 'NONE', *, *, #7637, .T. ) ;
#959 = DIRECTION ( 'NONE',  ( 0.5723152031165854581, 0.8200337238684891616, 0.000000000000000000 ) ) ;
#960 = CARTESIAN_POINT ( 'NONE',  ( 15.76756684101593819, -10.94380396979420844, 2.550000000000000266 ) ) ;
#961 = CARTESIAN_POINT ( 'NONE',  ( 51.55835326246926087, -3.549632666827320815, 1.275000000000000133 ) ) ;
#962 = DIRECTION ( 'NONE',  ( -0.2410904443773005112, -0.9705026520468430506, 0.000000000000000000 ) ) ;
#963 = CARTESIAN_POINT ( 'NONE',  ( -9.399145120566069878, -4.587393952451848556, 1.275000000000000133 ) ) ;
#964 = ORIENTED_EDGE ( 'NONE', *, *, #1559, .T. ) ;
#965 = VERTEX_POINT ( 'NONE', #11938 ) ;
#966 = ORIENTED_EDGE ( 'NONE', *, *, #10822, .F. ) ;
#967 = CARTESIAN_POINT ( 'NONE',  ( 6.845473524725698589, -20.51816307879937185, -1.275000000000000133 ) ) ;
#968 = VECTOR ( 'NONE', #3658, 1000.000000000000000 ) ;
#969 = EDGE_CURVE ( 'NONE', #8142, #2992, #5832, .T. ) ;
#970 = EDGE_CURVE ( 'NONE', #5683, #3444, #12848, .T. ) ;
#971 = ORIENTED_EDGE ( 'NONE', *, *, #11207, .T. ) ;
#972 = EDGE_CURVE ( 'NONE', #536, #3444, #6982, .T. ) ;
#973 = CARTESIAN_POINT ( 'NONE',  ( -26.58225898715720348, 7.065998633046276289, -2.602815718068052675 ) ) ;
#974 = ADVANCED_FACE ( 'NONE', ( #52 ), #6923, .T. ) ;
#975 = DIRECTION ( 'NONE',  ( 1.000000000000000000, -0.000000000000000000, -0.000000000000000000 ) ) ;
#976 = CARTESIAN_POINT ( 'NONE',  ( 1.616094351457737499, -10.94380396979420844, -2.550000000000000266 ) ) ;
#977 = DIRECTION ( 'NONE',  ( 1.000000000000000000, -9.499231602880571395E-15, 0.000000000000000000 ) ) ;
#978 = DIRECTION ( 'NONE',  ( 0.000000000000000000, 1.000000000000000000, 0.000000000000000000 ) ) ;
#979 = ORIENTED_EDGE ( 'NONE', *, *, #10411, .F. ) ;
#980 = AXIS2_PLACEMENT_3D ( 'NONE', #11832, #977, #5844 ) ;
#981 = CARTESIAN_POINT ( 'NONE',  ( -23.38235294117647101, -12.35062510189815121, -4.169413659219858737 ) ) ;
#982 = CARTESIAN_POINT ( 'NONE',  ( 5.926536009056959209, 21.18669797144782407, -1.499999999999998224 ) ) ;
#983 = VERTEX_POINT ( 'NONE', #2835 ) ;
#984 = LINE ( 'NONE', #7857, #4704 ) ;
#985 = ORIENTED_EDGE ( 'NONE', *, *, #1859, .T. ) ;
#986 = VECTOR ( 'NONE', #8360, 1000.000000000000000 ) ;
#987 = AXIS2_PLACEMENT_3D ( 'NONE', #3801, #7764, #8871 ) ;
#988 = FACE_OUTER_BOUND ( 'NONE', #1896, .T. ) ;
#989 = EDGE_CURVE ( 'NONE', #2568, #6370, #3803, .T. ) ;
#990 = ORIENTED_EDGE ( 'NONE', *, *, #891, .T. ) ;
#991 = DIRECTION ( 'NONE',  ( 0.6866235329637208062, -0.7270131525498133573, 0.000000000000000000 ) ) ;
#992 = PLANE ( 'NONE',  #12073 ) ;
#993 = DIRECTION ( 'NONE',  ( -0.6766252893427964210, -0.7363275207553884316, 0.000000000000000000 ) ) ;
#994 = DIRECTION ( 'NONE',  ( 0.000000000000000000, 1.000000000000000000, 0.000000000000000000 ) ) ;
#995 = B_SPLINE_CURVE_WITH_KNOTS ( 'NONE', 3,
 ( #9173, #8062, #3134, #7094, #3188, #2169, #7029, #4156 ),
 .UNSPECIFIED., .F., .F.,
 ( 4, 2, 2, 4 ),
 ( 0.01421565123859496252, 0.01691796688538308585, 0.01962028253217120918, 0.02502491382574745238 ),
 .UNSPECIFIED. ) ;
#996 = PLANE ( 'NONE',  #1 ) ;
#997 = ADVANCED_FACE ( 'NONE', ( #11817 ), #3993, .T. ) ;
#998 = CARTESIAN_POINT ( 'NONE',  ( -4.148326245437850446, 30.12831799411278411, 2.550000000000000266 ) ) ;
#999 = CARTESIAN_POINT ( 'NONE',  ( -12.45394931336906019, -3.505748883864198362, 1.275000000000000133 ) ) ;
#1000 = ORIENTED_EDGE ( 'NONE', *, *, #4857, .F. ) ;
#1001 = LINE ( 'NONE', #222, #10301 ) ;
#1002 = AXIS2_PLACEMENT_3D ( 'NONE', #2597, #1495, #4665 ) ;
#1003 = LINE ( 'NONE', #11552, #612 ) ;
#1004 = VECTOR ( 'NONE', #3217, 1000.000000000000000 ) ;
#1005 = ORIENTED_EDGE ( 'NONE', *, *, #7869, .F. ) ;
#1006 = ORIENTED_EDGE ( 'NONE', *, *, #5942, .T. ) ;
#1007 = DIRECTION ( 'NONE',  ( 0.3576472666070511508, 0.9338567516961607806, 0.000000000000000000 ) ) ;
#1008 = VECTOR ( 'NONE', #1525, 1000.000000000000114 ) ;
#1009 = LINE ( 'NONE', #886, #5377 ) ;
#1010 = CARTESIAN_POINT ( 'NONE',  ( 8.691830596236838957, -10.94380396979420844, 1.912499999999999645 ) ) ;
#1011 = AXIS2_PLACEMENT_3D ( 'NONE', #9709, #5739, #6774 ) ;
#1012 = VECTOR ( 'NONE', #5267, 1000.000000000000000 ) ;
#1013 = DIRECTION ( 'NONE',  ( 0.000000000000000000, 1.000000000000000000, -0.000000000000000000 ) ) ;
#1014 = CARTESIAN_POINT ( 'NONE',  ( 48.07181429932767713, -5.883185628636555364, 1.275000000000000133 ) ) ;
#1015 = DIRECTION ( 'NONE',  ( 0.000000000000000000, 1.000000000000000000, 0.000000000000000000 ) ) ;
#1016 = DIRECTION ( 'NONE',  ( 0.000000000000000000, -1.000000000000000000, 6.938893903907228378E-17 ) ) ;
#1017 = ORIENTED_EDGE ( 'NONE', *, *, #2108, .F. ) ;
#1018 = VECTOR ( 'NONE', #4654, 1000.000000000000000 ) ;
#1019 = ORIENTED_EDGE ( 'NONE', *, *, #3682, .T. ) ;
#1020 = AXIS2_PLACEMENT_3D ( 'NONE', #507, #11350, #10252 ) ;
#1021 = VECTOR ( 'NONE', #6077, 1000.000000000000000 ) ;
#1022 = AXIS2_PLACEMENT_3D ( 'NONE', #528, #12150, #8306 ) ;
#1023 = ORIENTED_EDGE ( 'NONE', *, *, #11765, .F. ) ;
#1024 = VECTOR ( 'NONE', #4064, 1000.000000000000000 ) ;
#1025 = AXIS2_PLACEMENT_3D ( 'NONE', #10441, #1531, #548 ) ;
#1026 = EDGE_CURVE ( 'NONE', #9490, #3671, #12778, .T. ) ;
#1027 = LINE ( 'NONE', #4981, #2238 ) ;
#1028 = DIRECTION ( 'NONE',  ( -0.8038141473134123860, 0.5948805061344771827, 0.000000000000000000 ) ) ;
#1029 = DIRECTION ( 'NONE',  ( -0.000000000000000000, -0.000000000000000000, -1.000000000000000000 ) ) ;
#1030 = CARTESIAN_POINT ( 'NONE',  ( 8.852410331654466447, 7.264001408762807088, 0.5766211646058294615 ) ) ;
#1031 = LINE ( 'NONE', #12780, #8032 ) ;
#1032 = LINE ( 'NONE', #8948, #7427 ) ;
#1033 = VERTEX_POINT ( 'NONE', #10779 ) ;
#1034 = VECTOR ( 'NONE', #8881, 1000.000000000000000 ) ;
#1035 = EDGE_LOOP ( 'NONE', ( #5914, #5458, #6833 ) ) ;
#1036 = ORIENTED_EDGE ( 'NONE', *, *, #90, .T. ) ;
#1037 = VECTOR ( 'NONE', #9910, 999.9999999999998863 ) ;
#1038 = DIRECTION ( 'NONE',  ( -0.000000000000000000, -0.000000000000000000, -1.000000000000000000 ) ) ;
#1039 = EDGE_LOOP ( 'NONE', ( #7900, #418, #11153, #1389 ) ) ;
#1040 = EDGE_CURVE ( 'NONE', #2418, #9199, #3934, .T. ) ;
#1041 = CARTESIAN_POINT ( 'NONE',  ( -23.66111738797381037, 14.01433280440147477, -2.499999999999992895 ) ) ;
#1042 = AXIS2_PLACEMENT_3D ( 'NONE', #8788, #4021, #12756 ) ;
#1043 = PLANE ( 'NONE',  #11489 ) ;
#1044 = CARTESIAN_POINT ( 'NONE',  ( 50.16957179191506100, -10.94380396979420844, 2.550000000000000266 ) ) ;
#1045 = VECTOR ( 'NONE', #8173, 1000.000000000000000 ) ;
#1046 = CARTESIAN_POINT ( 'NONE',  ( 10.66144447481649848, 9.289807388987387782, 0.5766211646058294615 ) ) ;
#1047 = DIRECTION ( 'NONE',  ( -0.000000000000000000, -0.000000000000000000, -1.000000000000000000 ) ) ;
#1048 = ORIENTED_EDGE ( 'NONE', *, *, #4161, .T. ) ;
#1049 = EDGE_CURVE ( 'NONE', #5395, #2203, #8813, .T. ) ;
#1050 = ORIENTED_EDGE ( 'NONE', *, *, #297, .T. ) ;
#1051 = CARTESIAN_POINT ( 'NONE',  ( 24.29138712821795210, 12.95021605206346926, 1.500000000000007550 ) ) ;
#1052 = DIRECTION ( 'NONE',  ( 0.000000000000000000, -1.000000000000000000, 0.000000000000000000 ) ) ;
#1053 = ORIENTED_EDGE ( 'NONE', *, *, #1719, .F. ) ;
#1054 = EDGE_CURVE ( 'NONE', #7189, #942, #7896, .T. ) ;
#1055 = CARTESIAN_POINT ( 'NONE',  ( 13.64993377744630898, -10.94380396979420844, 1.912499999999999645 ) ) ;
#1056 = EDGE_CURVE ( 'NONE', #11473, #1524, #2906, .T. ) ;
#1057 = VECTOR ( 'NONE', #846, 1000.000000000000000 ) ;
#1058 = EDGE_LOOP ( 'NONE', ( #4688, #690, #11036, #9250 ) ) ;
#1059 = CARTESIAN_POINT ( 'NONE',  ( -7.953095561664616397, -8.266853802719200672, 1.912499999999999645 ) ) ;
#1060 = ORIENTED_EDGE ( 'NONE', *, *, #8905, .F. ) ;
#1061 = LINE ( 'NONE', #5127, #10017 ) ;
#1062 = CARTESIAN_POINT ( 'NONE',  ( 24.26470588235293491, -12.94117647058823728, 3.176635312041680592 ) ) ;
#1063 = CARTESIAN_POINT ( 'NONE',  ( -15.56485510005822093, -27.00843355399486967, 5.940601191290372896 ) ) ;
#1064 = CARTESIAN_POINT ( 'NONE',  ( 27.38565218424394843, -2.564339244903002246, -3.145828036158611507 ) ) ;
#1065 = ADVANCED_FACE ( 'NONE', ( #11876 ), #1996, .T. ) ;
#1066 = DIRECTION ( 'NONE',  ( 0.000000000000000000, 0.000000000000000000, -1.000000000000000000 ) ) ;
#1067 = DIRECTION ( 'NONE',  ( -0.8462328400897510816, 0.5328132696861385131, 0.000000000000000000 ) ) ;
#1068 = CARTESIAN_POINT ( 'NONE',  ( 9.216325940966472174, -8.051061885397436058, 1.912499999999999645 ) ) ;
#1069 = ORIENTED_EDGE ( 'NONE', *, *, #2957, .T. ) ;
#1070 = CARTESIAN_POINT ( 'NONE',  ( -9.596808745959792830, 10.77643541949969297, -1.148378835394170627 ) ) ;
#1071 = EDGE_CURVE ( 'NONE', #4832, #7238, #5947, .T. ) ;
#1072 = CARTESIAN_POINT ( 'NONE',  ( 53.98971320394726803, 3.734613692801296292, 1.275000000000000133 ) ) ;
#1073 = ADVANCED_FACE ( 'NONE', ( #9740 ), #2064, .T. ) ;
#1074 = ORIENTED_EDGE ( 'NONE', *, *, #12089, .T. ) ;
#1075 = ORIENTED_EDGE ( 'NONE', *, *, #4544, .F. ) ;
#1076 = DIRECTION ( 'NONE',  ( -0.7916961098466014368, -0.6109151083855742792, 0.000000000000000000 ) ) ;
#1077 = DIRECTION ( 'NONE',  ( -0.4090559040930703549, -0.9125093245148790944, 0.000000000000000000 ) ) ;
#1078 = CARTESIAN_POINT ( 'NONE',  ( 8.852410331654466447, 6.114001408762802292, 1.151621164605829417 ) ) ;
#1079 = FACE_OUTER_BOUND ( 'NONE', #4865, .T. ) ;
#1080 = CARTESIAN_POINT ( 'NONE',  ( 50.16957179191506100, -10.94380396979420844, 2.550000000000000266 ) ) ;
#1081 = CARTESIAN_POINT ( 'NONE',  ( -24.86878954819426468, -11.80851959713576704, -3.039769849586690498 ) ) ;
#1082 = CARTESIAN_POINT ( 'NONE',  ( 12.44611278031711876, 7.368731314913466335, 0.5766211646058294615 ) ) ;
#1083 = EDGE_CURVE ( 'NONE', #7092, #4059, #1092, .T. ) ;
#1084 = VERTEX_POINT ( 'NONE', #3750 ) ;
#1085 = VERTEX_POINT ( 'NONE', #7715 ) ;
#1086 = VERTEX_POINT ( 'NONE', #10712 ) ;
#1087 = VERTEX_POINT ( 'NONE', #5763 ) ;
#1088 = LINE ( 'NONE', #11872, #7634 ) ;
#1089 = EDGE_CURVE ( 'NONE', #7065, #7750, #4177, .T. ) ;
#1090 = FACE_OUTER_BOUND ( 'NONE', #10657, .T. ) ;
#1091 = DIRECTION ( 'NONE',  ( 0.5723152031165854581, 0.8200337238684891616, 0.000000000000000000 ) ) ;
#1092 = LINE ( 'NONE', #5041, #854 ) ;
#1093 = CARTESIAN_POINT ( 'NONE',  ( 15.89999999999999325, -26.50000000000000355, -4.871890048187180078 ) ) ;
#1094 = LINE ( 'NONE', #5949, #8044 ) ;
#1095 = ORIENTED_EDGE ( 'NONE', *, *, #7702, .T. ) ;
#1096 = ORIENTED_EDGE ( 'NONE', *, *, #8513, .T. ) ;
#1097 = ORIENTED_EDGE ( 'NONE', *, *, #9700, .F. ) ;
#1098 = AXIS2_PLACEMENT_3D ( 'NONE', #9163, #10079, #5198 ) ;
#1099 = LINE ( 'NONE', #5048, #11174 ) ;
#1100 = CARTESIAN_POINT ( 'NONE',  ( -25.65118027048315241, 10.14691185013635533, -1.524637784989653744 ) ) ;
#1101 = VECTOR ( 'NONE', #3095, 1000.000000000000000 ) ;
#1102 = CARTESIAN_POINT ( 'NONE',  ( -15.29868737352136954, -19.77245975207075190, 9.000000000000000000 ) ) ;
#1103 = CARTESIAN_POINT ( 'NONE',  ( -14.06231303136081046, 74.51861236923376453, 2.876621164605829506 ) ) ;
#1104 = CARTESIAN_POINT ( 'NONE',  ( 31.82301518632153758, -22.15936833182790977, -1.275000000000000133 ) ) ;
#1105 = PLANE ( 'NONE',  #7610 ) ;
#1106 = DIRECTION ( 'NONE',  ( 0.7709617516270924620, 0.6368814469962880143, -0.000000000000000000 ) ) ;
#1107 = ORIENTED_EDGE ( 'NONE', *, *, #5961, .F. ) ;
#1108 = LINE ( 'NONE', #12796, #12212 ) ;
#1109 = ORIENTED_EDGE ( 'NONE', *, *, #2239, .T. ) ;
#1110 = PLANE ( 'NONE',  #9483 ) ;
#1111 = EDGE_CURVE ( 'NONE', #10603, #3902, #7175, .T. ) ;
#1112 = AXIS2_PLACEMENT_3D ( 'NONE', #9911, #9846, #946 ) ;
#1113 = ORIENTED_EDGE ( 'NONE', *, *, #2469, .T. ) ;
#1114 = DIRECTION ( 'NONE',  ( 0.4679360541420689024, -0.8773801015163791295, -0.1060188978298647194 ) ) ;
#1115 = ORIENTED_EDGE ( 'NONE', *, *, #11640, .T. ) ;
#1116 = EDGE_CURVE ( 'NONE', #10768, #6819, #8208, .T. ) ;
#1117 = CARTESIAN_POINT ( 'NONE',  ( 25.59660487241582416, -23.48542801206632191, 1.912499999999999645 ) ) ;
#1118 = DIRECTION ( 'NONE',  ( 0.8910394968592900700, 0.4539257814188825679, 0.000000000000000000 ) ) ;
#1119 = ADVANCED_FACE ( 'NONE', ( #12189 ), #8088, .T. ) ;
#1120 = LINE ( 'NONE', #3181, #310 ) ;
#1121 = CARTESIAN_POINT ( 'NONE',  ( 3.747344086032916799, 13.50472070242359557, 202.5000000000000000 ) ) ;
#1122 = VERTEX_POINT ( 'NONE', #7117 ) ;
#1123 = LINE ( 'NONE', #7987, #1646 ) ;
#1124 = CARTESIAN_POINT ( 'NONE',  ( 8.852410331654466447, 7.264001408762807088, 1.151621164605829417 ) ) ;
#1125 = ORIENTED_EDGE ( 'NONE', *, *, #6331, .T. ) ;
#1126 = DIRECTION ( 'NONE',  ( 0.000000000000000000, -0.000000000000000000, 1.000000000000000000 ) ) ;
#1127 = LINE ( 'NONE', #7095, #6822 ) ;
#1128 = EDGE_CURVE ( 'NONE', #5746, #1084, #3410, .T. ) ;
#1129 = ORIENTED_EDGE ( 'NONE', *, *, #7936, .F. ) ;
#1130 = VERTEX_POINT ( 'NONE', #8280 ) ;
#1131 = EDGE_CURVE ( 'NONE', #7856, #6046, #9069, .T. ) ;
#1132 = ORIENTED_EDGE ( 'NONE', *, *, #3520, .F. ) ;
#1133 = DIRECTION ( 'NONE',  ( -0.000000000000000000, -0.000000000000000000, -1.000000000000000000 ) ) ;
#1134 = EDGE_CURVE ( 'NONE', #6049, #12392, #2913, .T. ) ;
#1135 = FACE_OUTER_BOUND ( 'NONE', #11536, .T. ) ;
#1136 = FACE_OUTER_BOUND ( 'NONE', #6623, .T. ) ;
#1137 = LINE ( 'NONE', #11981, #2883 ) ;
#1138 = DIRECTION ( 'NONE',  ( -0.000000000000000000, -0.000000000000000000, -1.000000000000000000 ) ) ;
#1139 = CARTESIAN_POINT ( 'NONE',  ( 16.85106962060824287, -7.997046380840592050, 1.275000000000000133 ) ) ;
#1140 = CARTESIAN_POINT ( 'NONE',  ( -8.355135239633728617, -4.810272466358741283, 1.275000000000000133 ) ) ;
#1141 = VECTOR ( 'NONE', #2746, 1000.000000000000114 ) ;
#1142 = ADVANCED_FACE ( 'NONE', ( #7243 ), #6076, .T. ) ;
#1143 = ORIENTED_EDGE ( 'NONE', *, *, #1299, .T. ) ;
#1144 = VECTOR ( 'NONE', #11117, 1000.000000000000114 ) ;
#1145 = VERTEX_POINT ( 'NONE', #3096 ) ;
#1146 = VERTEX_POINT ( 'NONE', #7054 ) ;
#1147 = ORIENTED_EDGE ( 'NONE', *, *, #11293, .T. ) ;
#1148 = LINE ( 'NONE', #12721, #10346 ) ;
#1149 = EDGE_CURVE ( 'NONE', #4279, #4988, #11029, .T. ) ;
#1150 = DIRECTION ( 'NONE',  ( -0.7532062384561940549, -0.6577844345609517029, 0.000000000000000000 ) ) ;
#1151 = CARTESIAN_POINT ( 'NONE',  ( -6.254696157596316475, -10.94380396979420844, 1.912499999999999645 ) ) ;
#1152 = CYLINDRICAL_SURFACE ( 'NONE', #5188, 25.00000000000000000 ) ;
#1153 = DIRECTION ( 'NONE',  ( 0.8823529411764700070, -0.4705882352941187508, 0.000000000000000000 ) ) ;
#1154 = LINE ( 'NONE', #9140, #3074 ) ;
#1155 = ORIENTED_EDGE ( 'NONE', *, *, #7791, .F. ) ;
#1156 = ORIENTED_EDGE ( 'NONE', *, *, #892, .T. ) ;
#1157 = ORIENTED_EDGE ( 'NONE', *, *, #11322, .T. ) ;
#1158 = ADVANCED_FACE ( 'NONE', ( #304 ), #2129, .T. ) ;
#1159 = FACE_OUTER_BOUND ( 'NONE', #11301, .T. ) ;
#1160 = VERTEX_POINT ( 'NONE', #10114 ) ;
#1161 = ADVANCED_FACE ( 'NONE', ( #10055 ), #1152, .F. ) ;
#1162 = CARTESIAN_POINT ( 'NONE',  ( -27.24732041884817946, 3.875217664903528370, -2.729042023367675984 ) ) ;
#1163 = DIRECTION ( 'NONE',  ( 0.000000000000000000, -1.000000000000000000, 0.000000000000000000 ) ) ;
#1164 = CARTESIAN_POINT ( 'NONE',  ( -24.28421530421642061, -10.48790597677222891, -3.944330564366045344 ) ) ;
#1165 = LINE ( 'NONE', #5053, #12818 ) ;
#1166 = CARTESIAN_POINT ( 'NONE',  ( 14.03200173286605512, 1.369501866246042310, -2.868498318030737515 ) ) ;
#1167 = ORIENTED_EDGE ( 'NONE', *, *, #826, .T. ) ;
#1168 = CARTESIAN_POINT ( 'NONE',  ( 11.17053803627909936, -8.791150195189860739, -1.912499999999999645 ) ) ;
#1169 = ORIENTED_EDGE ( 'NONE', *, *, #908, .T. ) ;
#1170 = VECTOR ( 'NONE', #4354, 1000.000000000000000 ) ;
#1171 = DIRECTION ( 'NONE',  ( -0.6259456360973150169, -0.7798666941540249864, 0.000000000000000000 ) ) ;
#1172 = ORIENTED_EDGE ( 'NONE', *, *, #12612, .T. ) ;
#1173 = DIRECTION ( 'NONE',  ( -0.9444967967061618230, -0.3285206249412647717, 0.000000000000000000 ) ) ;
#1174 = AXIS2_PLACEMENT_3D ( 'NONE', #5852, #9825, #8835 ) ;
#1175 = PLANE ( 'NONE',  #6411 ) ;
#1176 = DIRECTION ( 'NONE',  ( -0.9422693018636915108, 0.3348560328937070230, 0.000000000000000000 ) ) ;
#1177 = ORIENTED_EDGE ( 'NONE', *, *, #9220, .T. ) ;
#1178 = PLANE ( 'NONE',  #4398 ) ;
#1179 = CARTESIAN_POINT ( 'NONE',  ( 24.00799858983365809, -11.12023902058034608, 4.020739012939325008 ) ) ;
#1180 = EDGE_CURVE ( 'NONE', #4108, #3370, #177, .T. ) ;
#1181 = CARTESIAN_POINT ( 'NONE',  ( 20.74711447357025662, 32.92923719289844087, -1.275000000000000133 ) ) ;
#1182 = LINE ( 'NONE', #2408, #8505 ) ;
#1183 = ORIENTED_EDGE ( 'NONE', *, *, #11620, .T. ) ;
#1184 = LINE ( 'NONE', #7341, #3265 ) ;
#1185 = CARTESIAN_POINT ( 'NONE',  ( 20.69936689928072227, -3.332228461859311874, 1.275000000000000133 ) ) ;
#1186 = VERTEX_POINT ( 'NONE', #4240 ) ;
#1187 = PLANE ( 'NONE',  #1802 ) ;
#1188 = CARTESIAN_POINT ( 'NONE',  ( 15.29075054969256087, -8.811716979782609371, 1.275000000000000133 ) ) ;
#1189 = EDGE_CURVE ( 'NONE', #2983, #7588, #1284, .T. ) ;
#1190 = VECTOR ( 'NONE', #10595, 999.9999999999998863 ) ;
#1191 = ORIENTED_EDGE ( 'NONE', *, *, #3189, .T. ) ;
#1192 = ORIENTED_EDGE ( 'NONE', *, *, #8820, .F. ) ;
#1193 = CARTESIAN_POINT ( 'NONE',  ( 3.747344086032916799, 1.369501866246042310, 2.876621164605829506 ) ) ;
#1194 = DIRECTION ( 'NONE',  ( 0.9514445185544088135, 0.3078202854146709355, -0.000000000000000000 ) ) ;
#1195 = DIRECTION ( 'NONE',  ( -0.1643989873053521844, 0.9863939238321446368, 0.000000000000000000 ) ) ;
#1196 = VECTOR ( 'NONE', #1940, 1000.000000000000000 ) ;
#1197 = FACE_OUTER_BOUND ( 'NONE', #10469, .T. ) ;
#1198 = PLANE ( 'NONE',  #12644 ) ;
#1199 = CARTESIAN_POINT ( 'NONE',  ( -25.00000000000000000, 0.000000000000000000, 2.876621164605829950 ) ) ;
#1200 = EDGE_CURVE ( 'NONE', #5697, #3086, #6330, .T. ) ;
#1201 = LINE ( 'NONE', #6006, #5523 ) ;
#1202 = AXIS2_PLACEMENT_3D ( 'NONE', #5241, #3409, #7378 ) ;
#1203 = EDGE_CURVE ( 'NONE', #9615, #7692, #10312, .T. ) ;
#1204 = EDGE_CURVE ( 'NONE', #2670, #2983, #9332, .T. ) ;
#1205 = EDGE_CURVE ( 'NONE', #6872, #3184, #1780, .T. ) ;
#1206 = ORIENTED_EDGE ( 'NONE', *, *, #11154, .T. ) ;
#1207 = EDGE_CURVE ( 'NONE', #9929, #4582, #2437, .T. ) ;
#1208 = EDGE_LOOP ( 'NONE', ( #8366, #10305, #8300, #6148 ) ) ;
#1209 = AXIS2_PLACEMENT_3D ( 'NONE', #8741, #1543, #5688 ) ;
#1210 = ORIENTED_EDGE ( 'NONE', *, *, #3574, .F. ) ;
#1211 = AXIS2_PLACEMENT_3D ( 'NONE', #12116, #4036, #9984 ) ;
#1212 = ORIENTED_EDGE ( 'NONE', *, *, #1391, .T. ) ;
#1213 = CARTESIAN_POINT ( 'NONE',  ( 16.85106962060824287, -7.997046380840592050, -1.275000000000000133 ) ) ;
#1214 = LINE ( 'NONE', #9133, #9290 ) ;
#1215 = VECTOR ( 'NONE', #11598, 1000.000000000000000 ) ;
#1216 = LINE ( 'NONE', #2188, #4283 ) ;
#1217 = CARTESIAN_POINT ( 'NONE',  ( 36.04411425442763317, -20.55714728746119135, 1.912499999999999645 ) ) ;
#1218 = CARTESIAN_POINT ( 'NONE',  ( -4.017163115139052998, -4.259417619979115166, 1.912499999999999645 ) ) ;
#1219 = CARTESIAN_POINT ( 'NONE',  ( -25.72692455960602942, -6.590188115884983766, -3.501400208278553361 ) ) ;
#1220 = LINE ( 'NONE', #2131, #7220 ) ;
#1221 = ORIENTED_EDGE ( 'NONE', *, *, #9878, .F. ) ;
#1222 = ORIENTED_EDGE ( 'NONE', *, *, #2942, .T. ) ;
#1223 = VERTEX_POINT ( 'NONE', #3777 ) ;
#1224 = VECTOR ( 'NONE', #6925, 1000.000000000000000 ) ;
#1225 = VECTOR ( 'NONE', #2866, 1000.000000000000000 ) ;
#1226 = VECTOR ( 'NONE', #3080, 1000.000000000000000 ) ;
#1227 = LINE ( 'NONE', #8154, #10574 ) ;
#1228 = EDGE_CURVE ( 'NONE', #9888, #11376, #2695, .T. ) ;
#1229 = VECTOR ( 'NONE', #333, 1000.000000000000000 ) ;
#1230 = VECTOR ( 'NONE', #9913, 1000.000000000000000 ) ;
#1231 = VERTEX_POINT ( 'NONE', #9776 ) ;
#1232 = DIRECTION ( 'NONE',  ( 0.7798666941540250974, -0.6259456360973151279, 0.000000000000000000 ) ) ;
#1233 = EDGE_CURVE ( 'NONE', #7447, #4722, #874, .T. ) ;
#1234 = VECTOR ( 'NONE', #4564, 1000.000000000000000 ) ;
#1235 = DIRECTION ( 'NONE',  ( -0.000000000000000000, -0.000000000000000000, -1.000000000000000000 ) ) ;
#1236 = CARTESIAN_POINT ( 'NONE',  ( -27.50000000000000000, 6.562698785064672080, 2.620515480705437383 ) ) ;
#1237 = ADVANCED_FACE ( 'NONE', ( #7615 ), #8787, .T. ) ;
#1238 = LINE ( 'NONE', #10068, #8682 ) ;
#1239 = DIRECTION ( 'NONE',  ( 0.000000000000000000, -0.000000000000000000, 1.000000000000000000 ) ) ;
#1240 = VERTEX_POINT ( 'NONE', #8343 ) ;
#1241 = DIRECTION ( 'NONE',  ( -0.000000000000000000, -0.000000000000000000, -1.000000000000000000 ) ) ;
#1242 = AXIS2_PLACEMENT_3D ( 'NONE', #11398, #1194, #11134 ) ;
#1243 = ORIENTED_EDGE ( 'NONE', *, *, #4514, .T. ) ;
#1244 = CARTESIAN_POINT ( 'NONE',  ( 7.943549333305202076, 30.12831799411278411, 2.550000000000000266 ) ) ;
#1245 = ORIENTED_EDGE ( 'NONE', *, *, #4718, .T. ) ;
#1246 = LINE ( 'NONE', #6161, #11959 ) ;
#1247 = EDGE_LOOP ( 'NONE', ( #8389, #4918, #5511, #9901 ) ) ;
#1248 = CIRCLE ( 'NONE', #1042, 25.00000000000000000 ) ;
#1249 = CARTESIAN_POINT ( 'NONE',  ( -25.20060078739440002, -11.00816605772172707, -2.951552217187848548 ) ) ;
#1250 = DIRECTION ( 'NONE',  ( -0.000000000000000000, -0.000000000000000000, -1.000000000000000000 ) ) ;
#1251 = VECTOR ( 'NONE', #11112, 1000.000000000000000 ) ;
#1252 = VERTEX_POINT ( 'NONE', #2753 ) ;
#1253 = FACE_OUTER_BOUND ( 'NONE', #2761, .T. ) ;
#1254 = CARTESIAN_POINT ( 'NONE',  ( -19.73771211221854571, 1.369501866246042310, -2.868498318030737515 ) ) ;
#1255 = EDGE_CURVE ( 'NONE', #2172, #9008, #12700, .T. ) ;
#1256 = CARTESIAN_POINT ( 'NONE',  ( -14.76193061260650552, 30.12831799411278411, 2.550000000000000266 ) ) ;
#1257 = LINE ( 'NONE', #9167, #2899 ) ;
#1258 = ORIENTED_EDGE ( 'NONE', *, *, #12313, .F. ) ;
#1259 = DIRECTION ( 'NONE',  ( 0.000000000000000000, -1.000000000000000000, 0.000000000000000000 ) ) ;
#1260 = DIRECTION ( 'NONE',  ( -0.9632913238286716640, 0.2684582377883105164, 0.000000000000000000 ) ) ;
#1261 = B_SPLINE_CURVE_WITH_KNOTS ( 'NONE', 3,
 ( #12741, #2847, #2079, #8956, #8890, #4004, #6811, #10916, #6026, #8 ),
 .UNSPECIFIED., .F., .F.,
 ( 4, 2, 2, 2, 4 ),
 ( 0.01134118208126637731, 0.01502029734607229251, 0.01869941261087820772, 0.02237852787568412466, 0.02605764314049003813 ),
 .UNSPECIFIED. ) ;
#1262 = EDGE_LOOP ( 'NONE', ( #60, #3354, #9781, #22, #4014 ) ) ;
#1263 = CYLINDRICAL_SURFACE ( 'NONE', #3021, 2.000000000000000000 ) ;
#1264 = VECTOR ( 'NONE', #11220, 999.9999999999998863 ) ;
#1265 = DIRECTION ( 'NONE',  ( 0.000000000000000000, -0.000000000000000000, 1.000000000000000000 ) ) ;
#1266 = ORIENTED_EDGE ( 'NONE', *, *, #1888, .T. ) ;
#1267 = EDGE_LOOP ( 'NONE', ( #12104, #8037, #10380, #9465 ) ) ;
#1268 = CARTESIAN_POINT ( 'NONE',  ( 13.54101436650989498, -10.94380396979420844, 2.550000000000000266 ) ) ;
#1269 = CARTESIAN_POINT ( 'NONE',  ( 23.25884161520421500, -23.69314235930890078, -1.275000000000000133 ) ) ;
#1270 = LINE ( 'NONE', #4098, #1943 ) ;
#1271 = ORIENTED_EDGE ( 'NONE', *, *, #8628, .T. ) ;
#1272 = LINE ( 'NONE', #7420, #616 ) ;
#1273 = DIRECTION ( 'NONE',  ( 0.01834553589899281037, 0.9998317064949374666, -0.000000000000000000 ) ) ;
#1274 = CARTESIAN_POINT ( 'NONE',  ( 24.90394646114328125, 2.436071885214447175, -2.803663557608512491 ) ) ;
#1275 = CARTESIAN_POINT ( 'NONE',  ( 23.45577441322060608, -8.838922789033937022, -3.745074415518049982 ) ) ;
#1276 = ADVANCED_FACE ( 'NONE', ( #10685 ), #3985, .T. ) ;
#1277 = VERTEX_POINT ( 'NONE', #7087 ) ;
#1278 = ORIENTED_EDGE ( 'NONE', *, *, #7151, .T. ) ;
#1279 = LINE ( 'NONE', #4437, #11989 ) ;
#1280 = CARTESIAN_POINT ( 'NONE',  ( 73.96491932761539090, 1.369501866246042310, 2.014121164605829239 ) ) ;
#1281 = DIRECTION ( 'NONE',  ( 0.5673052362514962033, -0.8235076010102360122, 0.000000000000000000 ) ) ;
#1282 = EDGE_CURVE ( 'NONE', #10093, #4966, #1120, .T. ) ;
#1283 = LINE ( 'NONE', #9256, #2350 ) ;
#1284 = LINE ( 'NONE', #9257, #10805 ) ;
#1285 = EDGE_CURVE ( 'NONE', #740, #8866, #8120, .T. ) ;
#1286 = CARTESIAN_POINT ( 'NONE',  ( 5.926536009056959209, 21.18669797144782407, -1.499999999999998224 ) ) ;
#1287 = DIRECTION ( 'NONE',  ( -1.000000000000000000, -0.000000000000000000, 0.000000000000000000 ) ) ;
#1288 = ORIENTED_EDGE ( 'NONE', *, *, #12666, .T. ) ;
#1289 = VERTEX_POINT ( 'NONE', #8975 ) ;
#1290 = ORIENTED_EDGE ( 'NONE', *, *, #492, .F. ) ;
#1291 = CARTESIAN_POINT ( 'NONE',  ( 8.852410331654445130, 8.161368341907504487, 0.5766211646058294615 ) ) ;
#1292 = ADVANCED_FACE ( 'NONE', ( #10023 ), #4150, .T. ) ;
#1293 = ORIENTED_EDGE ( 'NONE', *, *, #11129, .F. ) ;
#1294 = LINE ( 'NONE', #4188, #1004 ) ;
#1295 = DIRECTION ( 'NONE',  ( -0.000000000000000000, -0.000000000000000000, -1.000000000000000000 ) ) ;
#1296 = CARTESIAN_POINT ( 'NONE',  ( 1.616094351457737499, -12.10421909368450066, 1.912499999999999645 ) ) ;
#1297 = CARTESIAN_POINT ( 'NONE',  ( 20.37275864315721918, -3.445831333554445042, 1.275000000000000133 ) ) ;
#1298 = VECTOR ( 'NONE', #5672, 1000.000000000000000 ) ;
#1299 = EDGE_CURVE ( 'NONE', #6673, #5477, #3962, .T. ) ;
#1300 = DIRECTION ( 'NONE',  ( 0.000000000000000000, 1.000000000000000000, 0.000000000000000000 ) ) ;
#1301 = LINE ( 'NONE', #7260, #9345 ) ;
#1302 = ORIENTED_EDGE ( 'NONE', *, *, #12749, .T. ) ;
#1303 = CARTESIAN_POINT ( 'NONE',  ( 0.000000000000000000, 0.000000000000000000, -2.550000000000000266 ) ) ;
#1304 = VECTOR ( 'NONE', #4411, 1000.000000000000000 ) ;
#1305 = EDGE_LOOP ( 'NONE', ( #9679, #11647, #6743, #7525 ) ) ;
#1306 = DIRECTION ( 'NONE',  ( -0.000000000000000000, 0.000000000000000000, -1.000000000000000000 ) ) ;
#1307 = ORIENTED_EDGE ( 'NONE', *, *, #10428, .T. ) ;
#1308 = CARTESIAN_POINT ( 'NONE',  ( 31.82301518632153758, -22.15936833182790977, 1.275000000000000133 ) ) ;
#1309 = EDGE_CURVE ( 'NONE', #10150, #696, #3897, .T. ) ;
#1310 = VECTOR ( 'NONE', #8568, 1000.000000000000000 ) ;
#1311 = PLANE ( 'NONE',  #4959 ) ;
#1312 = CARTESIAN_POINT ( 'NONE',  ( 46.97116259195739474, 33.06019309407403028, 1.275000000000000133 ) ) ;
#1313 = ORIENTED_EDGE ( 'NONE', *, *, #11884, .T. ) ;
#1314 = CARTESIAN_POINT ( 'NONE',  ( -27.50000000000000000, 1.289479304769585832, -2.873378835394180264 ) ) ;
#1315 = LINE ( 'NONE', #9228, #1229 ) ;
#1316 = ADVANCED_FACE ( 'NONE', ( #10933 ), #9105, .T. ) ;
#1317 = LINE ( 'NONE', #2216, #3404 ) ;
#1318 = LINE ( 'NONE', #2160, #6 ) ;
#1319 = ORIENTED_EDGE ( 'NONE', *, *, #4523, .F. ) ;
#1320 = DIRECTION ( 'NONE',  ( -0.000000000000000000, -0.000000000000000000, -1.000000000000000000 ) ) ;
#1321 = CARTESIAN_POINT ( 'NONE',  ( 15.76756684101593819, 30.12831799411278411, -1.275000000000000133 ) ) ;
#1322 = VECTOR ( 'NONE', #8207, 1000.000000000000000 ) ;
#1323 = CARTESIAN_POINT ( 'NONE',  ( 26.32349438261691077, 38.54458060915963102, 1.275000000000000133 ) ) ;
#1324 = DIRECTION ( 'NONE',  ( 0.000000000000000000, 1.000000000000000000, 0.000000000000000000 ) ) ;
#1325 = EDGE_CURVE ( 'NONE', #1084, #265, #2100, .T. ) ;
#1326 = VERTEX_POINT ( 'NONE', #4950 ) ;
#1327 = VECTOR ( 'NONE', #9244, 1000.000000000000000 ) ;
#1328 = EDGE_LOOP ( 'NONE', ( #11141, #674, #6521, #10967 ) ) ;
#1329 = EDGE_CURVE ( 'NONE', #5447, #2789, #1908, .T. ) ;
#1330 = CARTESIAN_POINT ( 'NONE',  ( 26.38884318421432695, 2.692540421433748055, 2.789788735014529841 ) ) ;
#1331 = DIRECTION ( 'NONE',  ( -0.6866235329637208062, 0.7270131525498133573, 0.000000000000000000 ) ) ;
#1332 = DIRECTION ( 'NONE',  ( -0.000000000000000000, -2.479012299922036093E-16, -1.000000000000000000 ) ) ;
#1333 = EDGE_LOOP ( 'NONE', ( #10785, #74, #6707, #12309 ) ) ;
#1334 = DIRECTION ( 'NONE',  ( 0.4171676603306479492, 0.9088295457203474648, -0.000000000000000000 ) ) ;
#1335 = CARTESIAN_POINT ( 'NONE',  ( 22.80071311932000810, 13.50472070242359024, 2.499999999999996891 ) ) ;
#1336 = CARTESIAN_POINT ( 'NONE',  ( 24.48337723856827353, 5.084631546642138566, -2.676622255454693011 ) ) ;
#1337 = CYLINDRICAL_SURFACE ( 'NONE', #2632, 1.000000000000000000 ) ;
#1338 = ORIENTED_EDGE ( 'NONE', *, *, #6543, .T. ) ;
#1339 = ORIENTED_EDGE ( 'NONE', *, *, #4686, .F. ) ;
#1340 = DIRECTION ( 'NONE',  ( 1.000000000000000000, 0.000000000000000000, 0.000000000000000000 ) ) ;
#1341 = DIRECTION ( 'NONE',  ( -1.000000000000000000, -6.938893903907222067E-15, 0.000000000000000000 ) ) ;
#1342 = LINE ( 'NONE', #8405, #11775 ) ;
#1343 = DIRECTION ( 'NONE',  ( -0.000000000000000000, -0.000000000000000000, -1.000000000000000000 ) ) ;
#1344 = CARTESIAN_POINT ( 'NONE',  ( -24.96246110940082730, 1.369501866246042310, -2.868498318030737515 ) ) ;
#1345 = ADVANCED_FACE ( 'NONE', ( #5066 ), #1967, .T. ) ;
#1346 =( GEOMETRIC_REPRESENTATION_CONTEXT ( 3 ) GLOBAL_UNCERTAINTY_ASSIGNED_CONTEXT ( ( #7008 ) ) GLOBAL_UNIT_ASSIGNED_CONTEXT ( ( #6944, #10991, #5233 ) ) REPRESENTATION_CONTEXT ( 'NONE', 'WORKASPACE' ) );
#1347 = DIRECTION ( 'NONE',  ( 0.000000000000000000, 2.479012299922036093E-16, 1.000000000000000000 ) ) ;
#1348 = LINE ( 'NONE', #5295, #2256 ) ;
#1349 = VERTEX_POINT ( 'NONE', #9967 ) ;
#1350 = CARTESIAN_POINT ( 'NONE',  ( -25.79732846309228478, 9.604140639591022932, -1.542010259753759494 ) ) ;
#1351 = VECTOR ( 'NONE', #9365, 1000.000000000000000 ) ;
#1352 = DIRECTION ( 'NONE',  ( 0.000000000000000000, -0.000000000000000000, -1.000000000000000000 ) ) ;
#1353 = ADVANCED_FACE ( 'NONE', ( #9036 ), #6893, .F. ) ;
#1354 = VECTOR ( 'NONE', #10952, 1000.000000000000114 ) ;
#1355 = ORIENTED_EDGE ( 'NONE', *, *, #1309, .T. ) ;
#1356 = DIRECTION ( 'NONE',  ( 0.6259456360973150169, 0.7798666941540249864, 0.000000000000000000 ) ) ;
#1357 = LINE ( 'NONE', #3283, #10109 ) ;
#1358 = LINE ( 'NONE', #8220, #6709 ) ;
#1359 = LINE ( 'NONE', #5112, #12010 ) ;
#1360 = DIRECTION ( 'NONE',  ( 0.9435999821328792114, -0.3310877130290858505, 0.000000000000000000 ) ) ;
#1361 = CARTESIAN_POINT ( 'NONE',  ( 11.64942479529152486, 74.51861236923436138, -1.148378835394170627 ) ) ;
#1362 = ORIENTED_EDGE ( 'NONE', *, *, #2113, .T. ) ;
#1363 = FACE_OUTER_BOUND ( 'NONE', #1750, .T. ) ;
#1364 = ORIENTED_EDGE ( 'NONE', *, *, #4349, .F. ) ;
#1365 = DIRECTION ( 'NONE',  ( 1.000000000000000000, 0.000000000000000000, -0.000000000000000000 ) ) ;
#1366 = EDGE_CURVE ( 'NONE', #4699, #4399, #3127, .T. ) ;
#1367 = ORIENTED_EDGE ( 'NONE', *, *, #4949, .F. ) ;
#1368 = DIRECTION ( 'NONE',  ( 0.000000000000000000, -0.000000000000000000, 1.000000000000000000 ) ) ;
#1369 = EDGE_CURVE ( 'NONE', #9710, #4719, #9291, .T. ) ;
#1370 = EDGE_CURVE ( 'NONE', #7414, #726, #6170, .T. ) ;
#1371 = EDGE_CURVE ( 'NONE', #11082, #879, #2407, .T. ) ;
#1372 = EDGE_LOOP ( 'NONE', ( #3018, #2075, #33, #2322 ) ) ;
#1373 = DIRECTION ( 'NONE',  ( 1.000000000000000000, 0.000000000000000000, -0.000000000000000000 ) ) ;
#1374 = FACE_OUTER_BOUND ( 'NONE', #10212, .T. ) ;
#1375 = ORIENTED_EDGE ( 'NONE', *, *, #5364, .T. ) ;
#1376 = CARTESIAN_POINT ( 'NONE',  ( 31.59295152337068657, 46.49343584973448884, -1.275000000000000133 ) ) ;
#1377 = CARTESIAN_POINT ( 'NONE',  ( -6.254696157596316475, -9.830012418814996877, 1.275000000000000133 ) ) ;
#1378 = CIRCLE ( 'NONE', #2206, 25.00000000000000000 ) ;
#1379 = CARTESIAN_POINT ( 'NONE',  ( 11.78601176087834901, -2.644953485764136136, 1.275000000000000133 ) ) ;
#1380 = DIRECTION ( 'NONE',  ( 0.000000000000000000, -0.000000000000000000, 1.000000000000000000 ) ) ;
#1381 = ORIENTED_EDGE ( 'NONE', *, *, #619, .T. ) ;
#1382 = CARTESIAN_POINT ( 'NONE',  ( 19.41423441322956478, -4.333353768672652429, 1.275000000000000133 ) ) ;
#1383 = LINE ( 'NONE', #281, #6311 ) ;
#1384 = ORIENTED_EDGE ( 'NONE', *, *, #10416, .F. ) ;
#1385 = FACE_OUTER_BOUND ( 'NONE', #11351, .T. ) ;
#1386 = CARTESIAN_POINT ( 'NONE',  ( 8.691830596236838957, 30.12831799411278411, -2.550000000000000266 ) ) ;
#1387 = VECTOR ( 'NONE', #9695, 1000.000000000000000 ) ;
#1388 = EDGE_LOOP ( 'NONE', ( #2599, #7480, #4668, #6432 ) ) ;
#1389 = ORIENTED_EDGE ( 'NONE', *, *, #610, .T. ) ;
#1390 = CARTESIAN_POINT ( 'NONE',  ( 26.25655450580058670, -3.536578965037167510, 3.226661360036608528 ) ) ;
#1391 = EDGE_CURVE ( 'NONE', #10758, #6590, #9230, .T. ) ;
#1392 = DIRECTION ( 'NONE',  ( 0.000000000000000000, 6.197530749804934925E-17, 1.000000000000000000 ) ) ;
#1393 = CARTESIAN_POINT ( 'NONE',  ( 50.16957179191506100, -10.94380396979420844, -2.550000000000000266 ) ) ;
#1394 = EDGE_LOOP ( 'NONE', ( #6291, #46, #4123, #9997 ) ) ;
#1395 = ORIENTED_EDGE ( 'NONE', *, *, #12313, .T. ) ;
#1396 = DIRECTION ( 'NONE',  ( 0.000000000000000000, -0.000000000000000000, -1.000000000000000000 ) ) ;
#1397 = CARTESIAN_POINT ( 'NONE',  ( 24.28421530421658403, -10.48790597677185232, 3.944330564366027136 ) ) ;
#1398 = DIRECTION ( 'NONE',  ( 0.8120153713427195052, 0.5836360481525667554, 0.000000000000000000 ) ) ;
#1399 = CARTESIAN_POINT ( 'NONE',  ( -7.766504759364324606, -8.211567639074671021, 1.275000000000000133 ) ) ;
#1400 = VECTOR ( 'NONE', #4997, 1000.000000000000000 ) ;
#1401 = EDGE_LOOP ( 'NONE', ( #4285, #12344, #1591, #5001 ) ) ;
#1402 = VECTOR ( 'NONE', #10466, 1000.000000000000000 ) ;
#1403 = VERTEX_POINT ( 'NONE', #8178 ) ;
#1404 = AXIS2_PLACEMENT_3D ( 'NONE', #10579, #7701, #1800 ) ;
#1405 = LINE ( 'NONE', #12318, #3259 ) ;
#1406 = LINE ( 'NONE', #7240, #7005 ) ;
#1407 = DIRECTION ( 'NONE',  ( -0.9892034623538694671, 0.1465486610894720099, 0.000000000000000000 ) ) ;
#1408 = FACE_OUTER_BOUND ( 'NONE', #9627, .T. ) ;
#1409 = DIRECTION ( 'NONE',  ( 0.9834531885890730463, -0.1811624294769339227, 0.000000000000000000 ) ) ;
#1410 = AXIS2_PLACEMENT_3D ( 'NONE', #6696, #7532, #2844 ) ;
#1411 = DIRECTION ( 'NONE',  ( -0.000000000000000000, -0.000000000000000000, 1.000000000000000000 ) ) ;
#1412 = DIRECTION ( 'NONE',  ( 0.9090648228942810327, -0.4166547104932202816, 0.000000000000000000 ) ) ;
#1413 = ORIENTED_EDGE ( 'NONE', *, *, #9797, .F. ) ;
#1414 = ORIENTED_EDGE ( 'NONE', *, *, #11539, .T. ) ;
#1415 = DIRECTION ( 'NONE',  ( 0.7344469164753336665, 0.6786661380088698792, -0.000000000000000000 ) ) ;
#1416 = LINE ( 'NONE', #11155, #1861 ) ;
#1417 = CIRCLE ( 'NONE', #5553, 200.0000000000000000 ) ;
#1418 = VECTOR ( 'NONE', #4237, 1000.000000000000000 ) ;
#1419 = ORIENTED_EDGE ( 'NONE', *, *, #11884, .F. ) ;
#1420 = LINE ( 'NONE', #4324, #12625 ) ;
#1421 = CARTESIAN_POINT ( 'NONE',  ( 73.96491932761539090, 1.369501866246042310, 2.014121164605829239 ) ) ;
#1422 = CARTESIAN_POINT ( 'NONE',  ( 22.47739207894716529, -10.94380396979420844, -2.550000000000000266 ) ) ;
#1423 = CARTESIAN_POINT ( 'NONE',  ( 16.48107194992280000, -23.37694646081619965, -1.912499999999999645 ) ) ;
#1424 = AXIS2_PLACEMENT_3D ( 'NONE', #11462, #11396, #1787 ) ;
#1425 = LINE ( 'NONE', #5508, #4292 ) ;
#1426 = CARTESIAN_POINT ( 'NONE',  ( -7.275840057019161478, -8.418890752741660322, 1.912499999999999645 ) ) ;
#1427 = ORIENTED_EDGE ( 'NONE', *, *, #2226, .F. ) ;
#1428 = CARTESIAN_POINT ( 'NONE',  ( 3.747344086032916799, 4.827585529593822145, -1.148378835394170627 ) ) ;
#1429 = EDGE_LOOP ( 'NONE', ( #4667, #12351, #6856, #6904 ) ) ;
#1430 = AXIS2_PLACEMENT_3D ( 'NONE', #12580, #8792, #9588 ) ;
#1431 = ORIENTED_EDGE ( 'NONE', *, *, #824, .F. ) ;
#1432 = VECTOR ( 'NONE', #2289, 1000.000000000000000 ) ;
#1433 = CARTESIAN_POINT ( 'NONE',  ( -5.216430461260505247, -8.847358520986746910, 1.912499999999999645 ) ) ;
#1434 = ORIENTED_EDGE ( 'NONE', *, *, #3500, .T. ) ;
#1435 = AXIS2_PLACEMENT_3D ( 'NONE', #11075, #4101, #5934 ) ;
#1436 = PLANE ( 'NONE',  #9324 ) ;
#1437 = EDGE_CURVE ( 'NONE', #5348, #4989, #5263, .T. ) ;
#1438 = ORIENTED_EDGE ( 'NONE', *, *, #3036, .T. ) ;
#1439 = VECTOR ( 'NONE', #4421, 1000.000000000000000 ) ;
#1440 = LINE ( 'NONE', #8172, #369 ) ;
#1441 = CARTESIAN_POINT ( 'NONE',  ( 0.000000000000000000, 0.000000000000000000, -2.499999999999996891 ) ) ;
#1442 = VECTOR ( 'NONE', #9360, 999.9999999999998863 ) ;
#1443 = ORIENTED_EDGE ( 'NONE', *, *, #2580, .F. ) ;
#1444 = AXIS2_PLACEMENT_3D ( 'NONE', #8620, #7569, #12588 ) ;
#1445 = EDGE_CURVE ( 'NONE', #5078, #10221, #10215, .T. ) ;
#1446 = DIRECTION ( 'NONE',  ( -0.000000000000000000, -0.000000000000000000, 1.000000000000000000 ) ) ;
#1447 = DIRECTION ( 'NONE',  ( -0.000000000000000000, -0.000000000000000000, -1.000000000000000000 ) ) ;
#1448 = CARTESIAN_POINT ( 'NONE',  ( 12.44611278031711876, 7.368731314913466335, 0.5766211646058294615 ) ) ;
#1449 = DIRECTION ( 'NONE',  ( -1.000000000000000000, -0.000000000000000000, -0.000000000000000000 ) ) ;
#1450 = EDGE_CURVE ( 'NONE', #7595, #3445, #10347, .T. ) ;
#1451 = EDGE_CURVE ( 'NONE', #7285, #625, #1317, .T. ) ;
#1452 = EDGE_LOOP ( 'NONE', ( #12485, #5646, #11455, #2739 ) ) ;
#1453 = LINE ( 'NONE', #10286, #6803 ) ;
#1454 = CARTESIAN_POINT ( 'NONE',  ( -24.96672271489734030, 1.289479304769643120, -2.873378835394199360 ) ) ;
#1455 = ORIENTED_EDGE ( 'NONE', *, *, #4949, .T. ) ;
#1456 = VECTOR ( 'NONE', #6870, 1000.000000000000000 ) ;
#1457 = LINE ( 'NONE', #3517, #5727 ) ;
#1458 = CARTESIAN_POINT ( 'NONE',  ( -4.148326245437850446, -10.94380396979420844, -2.550000000000000266 ) ) ;
#1459 = TOROIDAL_SURFACE ( 'NONE', #2279, 4.000000000000000000, 1.000000000000000000 ) ;
#1460 = EDGE_CURVE ( 'NONE', #8854, #8657, #407, .T. ) ;
#1461 = ORIENTED_EDGE ( 'NONE', *, *, #10524, .F. ) ;
#1462 = VERTEX_POINT ( 'NONE', #4270 ) ;
#1463 = DIRECTION ( 'NONE',  ( 0.000000000000000000, -1.000000000000000000, 0.000000000000000000 ) ) ;
#1464 = CARTESIAN_POINT ( 'NONE',  ( 12.22969871862639124, 30.12831799411278411, -2.550000000000000266 ) ) ;
#1465 = DIRECTION ( 'NONE',  ( 0.8823529411764700070, 0.4705882352941187508, 0.000000000000000000 ) ) ;
#1466 = VECTOR ( 'NONE', #11105, 1000.000000000000000 ) ;
#1467 = VERTEX_POINT ( 'NONE', #12293 ) ;
#1468 = VERTEX_POINT ( 'NONE', #8241 ) ;
#1469 = ADVANCED_FACE ( 'NONE', ( #8311 ), #12228, .F. ) ;
#1470 = DIRECTION ( 'NONE',  ( -1.000000000000000000, -0.000000000000000000, -0.000000000000000000 ) ) ;
#1471 = CARTESIAN_POINT ( 'NONE',  ( 26.44628846334183336, 7.559080738681291933, 2.587538153449607581 ) ) ;
#1472 = CARTESIAN_POINT ( 'NONE',  ( 24.36768951357970536, 5.613317130452906589, -2.655054997804997985 ) ) ;
#1473 = CARTESIAN_POINT ( 'NONE',  ( 3.747344086032916799, 13.50472070242324030, -202.5000000000000000 ) ) ;
#1474 = VECTOR ( 'NONE', #718, 1000.000000000000000 ) ;
#1475 = ADVANCED_FACE ( 'NONE', ( #11251 ), #7338, .T. ) ;
#1476 = ORIENTED_EDGE ( 'NONE', *, *, #8590, .F. ) ;
#1477 = VERTEX_POINT ( 'NONE', #4413 ) ;
#1478 = DIRECTION ( 'NONE',  ( 0.9991508330917332481, 0.04120209620996759248, 0.000000000000000000 ) ) ;
#1479 = CARTESIAN_POINT ( 'NONE',  ( 24.77730729606999560, 3.499156884382200516, 2.747624613391987491 ) ) ;
#1480 = LINE ( 'NONE', #8206, #6784 ) ;
#1481 = PLANE ( 'NONE',  #12736 ) ;
#1482 = EDGE_CURVE ( 'NONE', #1832, #5132, #7401, .T. ) ;
#1483 = LINE ( 'NONE', #11418, #10146 ) ;
#1484 = DIRECTION ( 'NONE',  ( -0.000000000000000000, -0.000000000000000000, -1.000000000000000000 ) ) ;
#1485 = ORIENTED_EDGE ( 'NONE', *, *, #760, .F. ) ;
#1486 = ORIENTED_EDGE ( 'NONE', *, *, #2560, .T. ) ;
#1487 = CARTESIAN_POINT ( 'NONE',  ( 14.03200173286605512, 10.73073753245124706, 1.151621164605829417 ) ) ;
#1488 = CARTESIAN_POINT ( 'NONE',  ( -9.803845580028609064, -4.517011263849649794, 1.275000000000000133 ) ) ;
#1489 = EDGE_CURVE ( 'NONE', #11323, #1767, #3434, .T. ) ;
#1490 = VERTEX_POINT ( 'NONE', #11380 ) ;
#1491 = DIRECTION ( 'NONE',  ( 1.000000000000000000, 0.000000000000000000, 0.000000000000000000 ) ) ;
#1492 = CARTESIAN_POINT ( 'NONE',  ( 9.877106168845855905, -7.588515725881864071, 1.912499999999999645 ) ) ;
#1493 = PLANE ( 'NONE',  #1740 ) ;
#1494 = DIRECTION ( 'NONE',  ( 0.3696499056751892942, 0.9291711076192176177, -0.000000000000000000 ) ) ;
#1495 = DIRECTION ( 'NONE',  ( 0.2087786032906215339, 0.9779629312034364697, -0.000000000000000000 ) ) ;
#1496 = CARTESIAN_POINT ( 'NONE',  ( 54.17190200843639758, 25.45893274150454744, 1.275000000000000133 ) ) ;
#1497 = ORIENTED_EDGE ( 'NONE', *, *, #238, .T. ) ;
#1498 = CARTESIAN_POINT ( 'NONE',  ( -21.33587571363853996, 1.369501866246042310, 1.439121164605829506 ) ) ;
#1499 = VERTEX_POINT ( 'NONE', #5200 ) ;
#1500 = ORIENTED_EDGE ( 'NONE', *, *, #6694, .T. ) ;
#1501 = LINE ( 'NONE', #10473, #5794 ) ;
#1502 = ORIENTED_EDGE ( 'NONE', *, *, #121, .F. ) ;
#1503 = CARTESIAN_POINT ( 'NONE',  ( 50.16957179191506100, -12.10421909368450066, 2.550000000000000266 ) ) ;
#1504 = VERTEX_POINT ( 'NONE', #2479 ) ;
#1505 = AXIS2_PLACEMENT_3D ( 'NONE', #4631, #8601, #6513 ) ;
#1506 = LINE ( 'NONE', #10340, #3278 ) ;
#1507 = ORIENTED_EDGE ( 'NONE', *, *, #10209, .F. ) ;
#1508 = VERTEX_POINT ( 'NONE', #4211 ) ;
#1509 = PLANE ( 'NONE',  #11684 ) ;
#1510 = CARTESIAN_POINT ( 'NONE',  ( 2.927409999341250124, 30.12831799411278411, 1.912499999999999645 ) ) ;
#1511 = CARTESIAN_POINT ( 'NONE',  ( -20.30087571363854693, 10.24187953564172027, 1.439121164605829506 ) ) ;
#1512 = CARTESIAN_POINT ( 'NONE',  ( -24.60700260302728282, -4.505766751392733305, 3.310646908166539948 ) ) ;
#1513 = EDGE_CURVE ( 'NONE', #1620, #2801, #10419, .T. ) ;
#1514 = ORIENTED_EDGE ( 'NONE', *, *, #4309, .T. ) ;
#1515 = DIRECTION ( 'NONE',  ( -0.000000000000000000, -0.000000000000000000, -1.000000000000000000 ) ) ;
#1516 = FACE_OUTER_BOUND ( 'NONE', #1401, .T. ) ;
#1517 = VERTEX_POINT ( 'NONE', #9431 ) ;
#1518 = CARTESIAN_POINT ( 'NONE',  ( 18.09454005623523187, 8.483312583677848906, 2.014121164605829239 ) ) ;
#1520 = DIRECTION ( 'NONE',  ( -0.000000000000000000, -0.000000000000000000, -1.000000000000000000 ) ) ;
#1519 = VECTOR ( 'NONE', #9457, 1000.000000000000000 ) ;
#1521 = VERTEX_POINT ( 'NONE', #4478 ) ;
#1522 = EDGE_CURVE ( 'NONE', #6941, #5197, #8445, .T. ) ;
#1523 = ORIENTED_EDGE ( 'NONE', *, *, #270, .T. ) ;
#1524 = VERTEX_POINT ( 'NONE', #9166 ) ;
#1525 = DIRECTION ( 'NONE',  ( 0.9291711076192176177, -0.3696499056751892387, 0.000000000000000000 ) ) ;
#1526 = CARTESIAN_POINT ( 'NONE',  ( -22.94587571363852874, 1.369501866246042310, 2.014121164605829239 ) ) ;
#1527 = VECTOR ( 'NONE', #7380, 1000.000000000000000 ) ;
#1528 =( LENGTH_UNIT ( ) NAMED_UNIT ( * ) SI_UNIT ( .MILLI., .METRE. ) );
#1529 = ORIENTED_EDGE ( 'NONE', *, *, #11209, .T. ) ;
#1530 = ORIENTED_EDGE ( 'NONE', *, *, #2333, .F. ) ;
#1531 = DIRECTION ( 'NONE',  ( 1.000000000000000000, 0.000000000000000000, -0.000000000000000000 ) ) ;
#1532 = CARTESIAN_POINT ( 'NONE',  ( 25.65549165557155220, 10.13956585496080542, 1.524611031176208886 ) ) ;
#1533 = DIRECTION ( 'NONE',  ( -1.000000000000000000, -6.938893903907222067E-15, -0.000000000000000000 ) ) ;
#1534 = ORIENTED_EDGE ( 'NONE', *, *, #11277, .F. ) ;
#1535 = CARTESIAN_POINT ( 'NONE',  ( 27.30629992355402180, -3.292423407736704721, -2.192559044098542298 ) ) ;
#1536 = EDGE_CURVE ( 'NONE', #5046, #8690, #276, .T. ) ;
#1537 = AXIS2_PLACEMENT_3D ( 'NONE', #7116, #7954, #11937 ) ;
#1538 = EDGE_CURVE ( 'NONE', #55, #10603, #10727, .T. ) ;
#1539 = EDGE_CURVE ( 'NONE', #2543, #10541, #4680, .T. ) ;
#1540 = EDGE_CURVE ( 'NONE', #7747, #9213, #7537, .T. ) ;
#1541 = VERTEX_POINT ( 'NONE', #795 ) ;
#1542 = ORIENTED_EDGE ( 'NONE', *, *, #8422, .F. ) ;
#1543 = DIRECTION ( 'NONE',  ( 0.2647158220052873712, -0.9643264662862184311, 0.000000000000000000 ) ) ;
#1544 = DIRECTION ( 'NONE',  ( 1.000000000000000000, -0.000000000000000000, -0.000000000000000000 ) ) ;
#1545 = LINE ( 'NONE', #10451, #2225 ) ;
#1546 = CARTESIAN_POINT ( 'NONE',  ( 11.29611278031712729, 6.218731314913454433, 1.151621164605829417 ) ) ;
#1547 = CYLINDRICAL_SURFACE ( 'NONE', #11608, 2.000000000000000000 ) ;
#1548 = FACE_OUTER_BOUND ( 'NONE', #10839, .T. ) ;
#1549 = VERTEX_POINT ( 'NONE', #8525 ) ;
#1550 = ORIENTED_EDGE ( 'NONE', *, *, #8511, .T. ) ;
#1551 = PLANE ( 'NONE',  #9229 ) ;
#1552 = DIRECTION ( 'NONE',  ( 0.08601249845268063576, 0.9962940580521032485, 0.000000000000000000 ) ) ;
#1553 = EDGE_CURVE ( 'NONE', #10677, #12475, #7730, .T. ) ;
#1554 = EDGE_LOOP ( 'NONE', ( #3614, #12466, #6544, #4937 ) ) ;
#1555 = PLANE ( 'NONE',  #2853 ) ;
#1556 = LINE ( 'NONE', #2386, #9065 ) ;
#1557 = LINE ( 'NONE', #5382, #12518 ) ;
#1558 = LINE ( 'NONE', #12538, #3674 ) ;
#1559 = EDGE_CURVE ( 'NONE', #4091, #5358, #2794, .T. ) ;
#1560 = LINE ( 'NONE', #12472, #10122 ) ;
#1561 = DIRECTION ( 'NONE',  ( 6.938893903907222067E-15, -1.000000000000000000, 0.000000000000000000 ) ) ;
#1562 = EDGE_LOOP ( 'NONE', ( #10573, #9619, #8313, #8704, #4630, #10396, #7920, #2973, #9371, #6512, #8781, #10878, #11885 ) ) ;
#1563 = CARTESIAN_POINT ( 'NONE',  ( -23.52087571363853513, 1.369501866246042310, 1.439121164605829506 ) ) ;
#1564 = EDGE_LOOP ( 'NONE', ( #3779, #9298, #5900, #6637 ) ) ;
#1565 = ORIENTED_EDGE ( 'NONE', *, *, #7775, .F. ) ;
#1566 = CARTESIAN_POINT ( 'NONE',  ( -24.31749784111825718, -12.84219154790326733, -4.228812467929486729 ) ) ;
#1567 = ORIENTED_EDGE ( 'NONE', *, *, #7702, .F. ) ;
#1568 = PLANE ( 'NONE',  #623 ) ;
#1569 = VECTOR ( 'NONE', #2684, 1000.000000000000000 ) ;
#1570 = EDGE_CURVE ( 'NONE', #11083, #11785, #8649, .T. ) ;
#1571 = ORIENTED_EDGE ( 'NONE', *, *, #5607, .F. ) ;
#1572 = LINE ( 'NONE', #9754, #9318 ) ;
#1573 = VERTEX_POINT ( 'NONE', #5525 ) ;
#1574 = ORIENTED_EDGE ( 'NONE', *, *, #2961, .T. ) ;
#1575 = LINE ( 'NONE', #9494, #264 ) ;
#1576 = DIRECTION ( 'NONE',  ( 1.000000000000000000, 0.000000000000000000, 0.000000000000000000 ) ) ;
#1577 = CARTESIAN_POINT ( 'NONE',  ( 26.72916168311616758, -20.93828974291378842, 1.275000000000000133 ) ) ;
#1578 = CARTESIAN_POINT ( 'NONE',  ( -23.45577441322073042, -8.838922789033619054, 3.745074415518066857 ) ) ;
#1579 = VERTEX_POINT ( 'NONE', #5660 ) ;
#1580 = LINE ( 'NONE', #7540, #2048 ) ;
#1581 = CARTESIAN_POINT ( 'NONE',  ( 46.21409252683699975, -9.242105090473781814, 2.014121164605829239 ) ) ;
#1582 = ORIENTED_EDGE ( 'NONE', *, *, #4041, .F. ) ;
#1583 = CARTESIAN_POINT ( 'NONE',  ( -24.55587571363852817, 4.691371647646096044, 1.439121164605829728 ) ) ;
#1584 = LINE ( 'NONE', #6309, #6408 ) ;
#1585 = EDGE_CURVE ( 'NONE', #4594, #9929, #1770, .T. ) ;
#1586 = VERTEX_POINT ( 'NONE', #2614 ) ;
#1587 = DIRECTION ( 'NONE',  ( 1.000000000000000000, 0.000000000000000000, -0.000000000000000000 ) ) ;
#1588 = DIRECTION ( 'NONE',  ( 0.000000000000000000, 6.197530749804934925E-17, 1.000000000000000000 ) ) ;
#1589 = LINE ( 'NONE', #688, #5796 ) ;
#1590 = PRODUCT_CONTEXT ( 'NONE', #2518, 'mechanical' ) ;
#1591 = ORIENTED_EDGE ( 'NONE', *, *, #9196, .T. ) ;
#1592 = ORIENTED_EDGE ( 'NONE', *, *, #8255, .F. ) ;
#1593 = DIRECTION ( 'NONE',  ( 1.000000000000000000, 0.000000000000000000, 0.000000000000000000 ) ) ;
#1594 = CARTESIAN_POINT ( 'NONE',  ( 10.69221011028679413, 6.170610632720729960, 0.5766211646058294615 ) ) ;
#1595 = CARTESIAN_POINT ( 'NONE',  ( 11.29611278031712729, 6.218731314913454433, 1.151621164605829417 ) ) ;
#1596 = EDGE_CURVE ( 'NONE', #11932, #11793, #5782, .T. ) ;
#1597 = ORIENTED_EDGE ( 'NONE', *, *, #3501, .F. ) ;
#1598 = VECTOR ( 'NONE', #12105, 1000.000000000000000 ) ;
#1599 = LINE ( 'NONE', #8332, #12597 ) ;
#1600 = EDGE_CURVE ( 'NONE', #402, #8544, #732, .T. ) ;
#1601 = ORIENTED_EDGE ( 'NONE', *, *, #7295, .T. ) ;
#1602 = ORIENTED_EDGE ( 'NONE', *, *, #9012, .F. ) ;
#1603 = PLANE ( 'NONE',  #12205 ) ;
#1604 = CARTESIAN_POINT ( 'NONE',  ( 24.16062842721541060, -23.08998150597378185, -1.275000000000000133 ) ) ;
#1605 = LINE ( 'NONE', #8742, #12621 ) ;
#1606 = CARTESIAN_POINT ( 'NONE',  ( -1.947636035777786656, -7.520490593518104561, -1.275000000000000133 ) ) ;
#1607 = ADVANCED_FACE ( 'NONE', ( #10546 ), #5718, .F. ) ;
#1608 = CARTESIAN_POINT ( 'NONE',  ( 7.702410331654446551, 9.311368341907503066, 0.5766211646058294615 ) ) ;
#1609 = LINE ( 'NONE', #6471, #12005 ) ;
#1610 = ORIENTED_EDGE ( 'NONE', *, *, #10680, .F. ) ;
#1611 = EDGE_CURVE ( 'NONE', #2070, #11442, #7673, .T. ) ;
#1612 = ORIENTED_EDGE ( 'NONE', *, *, #6543, .F. ) ;
#1613 = EDGE_CURVE ( 'NONE', #3522, #1620, #4556, .T. ) ;
#1614 = EDGE_CURVE ( 'NONE', #4025, #7414, #672, .T. ) ;
#1615 = PLANE ( 'NONE',  #7571 ) ;
#1616 = EDGE_CURVE ( 'NONE', #12789, #2365, #1716, .T. ) ;
#1617 = CARTESIAN_POINT ( 'NONE',  ( -8.508444543210325506, 30.12831799411278411, 1.275000000000000133 ) ) ;
#1618 = VERTEX_POINT ( 'NONE', #11580 ) ;
#1619 = VECTOR ( 'NONE', #9475, 1000.000000000000000 ) ;
#1620 = VERTEX_POINT ( 'NONE', #11709 ) ;
#1621 = LINE ( 'NONE', #4596, #167 ) ;
#1622 = CARTESIAN_POINT ( 'NONE',  ( -0.6104581230483032694, -12.10421909368450066, -2.550000000000000266 ) ) ;
#1623 = PLANE ( 'NONE',  #6494 ) ;
#1624 = LINE ( 'NONE', #2452, #9274 ) ;
#1625 = LINE ( 'NONE', #4600, #4506 ) ;
#1626 = DIRECTION ( 'NONE',  ( -0.000000000000000000, 0.000000000000000000, 1.000000000000000000 ) ) ;
#1627 = ORIENTED_EDGE ( 'NONE', *, *, #6052, .F. ) ;
#1628 = LINE ( 'NONE', #518, #11181 ) ;
#1629 = ORIENTED_EDGE ( 'NONE', *, *, #10009, .T. ) ;
#1630 = ORIENTED_EDGE ( 'NONE', *, *, #7404, .T. ) ;
#1631 = EDGE_CURVE ( 'NONE', #10606, #1761, #9760, .T. ) ;
#1632 = VECTOR ( 'NONE', #7130, 1000.000000000000000 ) ;
#1633 = ORIENTED_EDGE ( 'NONE', *, *, #12091, .F. ) ;
#1634 = CARTESIAN_POINT ( 'NONE',  ( -19.73771211221854571, 74.51861236923376453, 2.876621164605829506 ) ) ;
#1635 = VECTOR ( 'NONE', #11813, 1000.000000000000114 ) ;
#1636 = ORIENTED_EDGE ( 'NONE', *, *, #663, .F. ) ;
#1637 = EDGE_CURVE ( 'NONE', #12161, #4513, #12473, .T. ) ;
#1638 = VERTEX_POINT ( 'NONE', #3765 ) ;
#1639 = CARTESIAN_POINT ( 'NONE',  ( 15.76756684101593819, -12.10421909368450066, -2.550000000000000266 ) ) ;
#1640 = ORIENTED_EDGE ( 'NONE', *, *, #2485, .F. ) ;
#1641 = VECTOR ( 'NONE', #7686, 1000.000000000000000 ) ;
#1642 = VERTEX_POINT ( 'NONE', #2548 ) ;
#1643 = CARTESIAN_POINT ( 'NONE',  ( -22.80071311932000100, 13.50472070242359557, 1.500000000000007327 ) ) ;
#1644 = VECTOR ( 'NONE', #12832, 1000.000000000000000 ) ;
#1645 = CARTESIAN_POINT ( 'NONE',  ( 25.93246400360170867, -21.34430266973238233, 1.275000000000000133 ) ) ;
#1646 = VECTOR ( 'NONE', #6047, 1000.000000000000114 ) ;
#1647 = CARTESIAN_POINT ( 'NONE',  ( -11.22406249021695679, -10.94380396979420844, 2.550000000000000266 ) ) ;
#1648 = CARTESIAN_POINT ( 'NONE',  ( -24.93878836083202444, -1.806057315344187009, 3.086395605500239725 ) ) ;
#1649 = ORIENTED_EDGE ( 'NONE', *, *, #6892, .T. ) ;
#1650 = EDGE_CURVE ( 'NONE', #11410, #867, #6501, .T. ) ;
#1651 = FACE_OUTER_BOUND ( 'NONE', #11071, .T. ) ;
#1652 = DIRECTION ( 'NONE',  ( -0.000000000000000000, -0.000000000000000000, -1.000000000000000000 ) ) ;
#1653 = ORIENTED_EDGE ( 'NONE', *, *, #11320, .F. ) ;
#1654 = DIRECTION ( 'NONE',  ( 1.000000000000000000, 0.000000000000000000, 0.000000000000000000 ) ) ;
#1655 = VECTOR ( 'NONE', #4180, 1000.000000000000114 ) ;
#1656 = AXIS2_PLACEMENT_3D ( 'NONE', #344, #2224, #9975 ) ;
#1657 = CIRCLE ( 'NONE', #4317, 0.9999999999999994449 ) ;
#1658 = VECTOR ( 'NONE', #5006, 1000.000000000000000 ) ;
#1659 = AXIS2_PLACEMENT_3D ( 'NONE', #1044, #2010, #3818 ) ;
#1660 = VECTOR ( 'NONE', #10298, 1000.000000000000114 ) ;
#1661 = ORIENTED_EDGE ( 'NONE', *, *, #6267, .T. ) ;
#1662 = LINE ( 'NONE', #4569, #7093 ) ;
#1663 = LINE ( 'NONE', #11591, #1848 ) ;
#1664 = DIRECTION ( 'NONE',  ( 0.6866235329637208062, -0.7270131525498133573, 0.000000000000000000 ) ) ;
#1665 = LINE ( 'NONE', #3719, #4112 ) ;
#1666 = LINE ( 'NONE', #12367, #5320 ) ;
#1667 = CIRCLE ( 'NONE', #3284, 2.000000000000001776 ) ;
#1668 = VERTEX_POINT ( 'NONE', #11890 ) ;
#1669 = VERTEX_POINT ( 'NONE', #1046 ) ;
#1670 = PLANE ( 'NONE',  #8470 ) ;
#1671 = DIRECTION ( 'NONE',  ( -0.7302714135188983491, 0.6831571287757379762, 0.000000000000000000 ) ) ;
#1672 = CARTESIAN_POINT ( 'NONE',  ( 21.03859593103925008, 13.50472070242324030, -2.499999999999996891 ) ) ;
#1673 = ORIENTED_EDGE ( 'NONE', *, *, #6478, .F. ) ;
#1674 = VECTOR ( 'NONE', #8917, 1000.000000000000000 ) ;
#1675 = DIRECTION ( 'NONE',  ( 0.000000000000000000, 0.000000000000000000, -1.000000000000000000 ) ) ;
#1676 = VERTEX_POINT ( 'NONE', #5905 ) ;
#1677 = VECTOR ( 'NONE', #3946, 1000.000000000000000 ) ;
#1678 = ORIENTED_EDGE ( 'NONE', *, *, #4549, .T. ) ;
#1679 = CARTESIAN_POINT ( 'NONE',  ( -27.24740473149493525, -3.758163678763720927, 2.230270972731151158 ) ) ;
#1680 = AXIS2_PLACEMENT_3D ( 'NONE', #2440, #1484, #5433 ) ;
#1681 = CARTESIAN_POINT ( 'NONE',  ( -3.393155693180008647, -2.159191195676660069, -1.275000000000000133 ) ) ;
#1682 = DIRECTION ( 'NONE',  ( -1.000000000000000000, 6.938893903907222067E-15, 0.000000000000000000 ) ) ;
#1683 = CARTESIAN_POINT ( 'NONE',  ( -15.90000000000000391, -27.50000000000000355, -4.871890048187180966 ) ) ;
#1684 = DIRECTION ( 'NONE',  ( -0.4679360541420700681, 0.8773801015163785744, -0.1060188978298641782 ) ) ;
#1685 = ORIENTED_EDGE ( 'NONE', *, *, #8897, .F. ) ;
#1686 = EDGE_CURVE ( 'NONE', #530, #9131, #8892, .T. ) ;
#1687 = LINE ( 'NONE', #3472, #3630 ) ;
#1688 = VECTOR ( 'NONE', #8873, 1000.000000000000000 ) ;
#1689 = CARTESIAN_POINT ( 'NONE',  ( 9.511444474816499906, 8.139807388987382097, 0.5766211646058294615 ) ) ;
#1690 = ORIENTED_EDGE ( 'NONE', *, *, #12160, .F. ) ;
#1691 = ORIENTED_EDGE ( 'NONE', *, *, #10662, .F. ) ;
#1692 = EDGE_CURVE ( 'NONE', #2229, #10218, #2919, .T. ) ;
#1693 = ADVANCED_FACE ( 'NONE', ( #3041 ), #7002, .T. ) ;
#1694 = DIRECTION ( 'NONE',  ( 0.000000000000000000, -1.000000000000000000, 0.000000000000000000 ) ) ;
#1695 = CARTESIAN_POINT ( 'NONE',  ( 24.71735865038518654, 9.799079516088927022, -2.524469361826857661 ) ) ;
#1696 = CARTESIAN_POINT ( 'NONE',  ( 15.89999999999998970, -26.50000000000000355, -4.871890048187180966 ) ) ;
#1697 = LINE ( 'NONE', #8633, #1402 ) ;
#1698 = CARTESIAN_POINT ( 'NONE',  ( 53.64169562526486601, -0.8188726944412230146, 1.275000000000000133 ) ) ;
#1699 = LINE ( 'NONE', #3684, #2508 ) ;
#1700 = ORIENTED_EDGE ( 'NONE', *, *, #10028, .F. ) ;
#1701 = CARTESIAN_POINT ( 'NONE',  ( -4.148326245437850446, -10.94380396979420844, 1.912499999999999645 ) ) ;
#1702 = ORIENTED_EDGE ( 'NONE', *, *, #11840, .T. ) ;
#1703 = VERTEX_POINT ( 'NONE', #10069 ) ;
#1704 = VERTEX_POINT ( 'NONE', #6090 ) ;
#1705 = CARTESIAN_POINT ( 'NONE',  ( 17.82379420949774484, -4.837466511819784820, 1.275000000000000133 ) ) ;
#1706 = EDGE_CURVE ( 'NONE', #48, #12838, #10318, .T. ) ;
#1707 = ORIENTED_EDGE ( 'NONE', *, *, #11638, .F. ) ;
#1708 = VERTEX_POINT ( 'NONE', #1166 ) ;
#1709 = EDGE_CURVE ( 'NONE', #5434, #11893, #10917, .T. ) ;
#1710 = EDGE_CURVE ( 'NONE', #3307, #2351, #1894, .T. ) ;
#1711 = CARTESIAN_POINT ( 'NONE',  ( 18.91722184956342190, -6.257502408008911665, -1.275000000000000133 ) ) ;
#1712 = ORIENTED_EDGE ( 'NONE', *, *, #7992, .T. ) ;
#1713 = VERTEX_POINT ( 'NONE', #10986 ) ;
#1714 = DIRECTION ( 'NONE',  ( 0.000000000000000000, 0.000000000000000000, 1.000000000000000000 ) ) ;
#1715 = LINE ( 'NONE', #12620, #2261 ) ;
#1716 = LINE ( 'NONE', #8719, #6527 ) ;
#1717 = CARTESIAN_POINT ( 'NONE',  ( -25.00000000000000000, -0.4505197563078298106, 2.986954909087277343 ) ) ;
#1718 = EDGE_LOOP ( 'NONE', ( #3187, #7521, #10852, #6562 ) ) ;
#1719 = EDGE_CURVE ( 'NONE', #1085, #2771, #2849, .T. ) ;
#1720 = CARTESIAN_POINT ( 'NONE',  ( 17.07888248889944904, -12.10421909368450066, 2.550000000000000266 ) ) ;
#1721 = CARTESIAN_POINT ( 'NONE',  ( -21.03859593103901915, 13.50472070242359557, 2.500000000000007550 ) ) ;
#1722 = ORIENTED_EDGE ( 'NONE', *, *, #9879, .T. ) ;
#1723 = PLANE ( 'NONE',  #8648 ) ;
#1724 = ORIENTED_EDGE ( 'NONE', *, *, #10190, .F. ) ;
#1725 = ADVANCED_FACE ( 'NONE', ( #7970 ), #7908, .T. ) ;
#1726 = ORIENTED_EDGE ( 'NONE', *, *, #11058, .F. ) ;
#1727 = CARTESIAN_POINT ( 'NONE',  ( 14.50921273516821763, -8.647182703040638074, 1.912499999999999645 ) ) ;
#1728 = CARTESIAN_POINT ( 'NONE',  ( -24.91388822508773160, -11.66452687073412164, 3.027980011963433249 ) ) ;
#1729 = CARTESIAN_POINT ( 'NONE',  ( 26.38748052332369554, 2.705984334813096304, -2.789062615934565059 ) ) ;
#1730 = CARTESIAN_POINT ( 'NONE',  ( 50.16957179191506100, -12.10421909368450066, 1.912499999999999645 ) ) ;
#1731 = ORIENTED_EDGE ( 'NONE', *, *, #9281, .T. ) ;
#1732 = ORIENTED_EDGE ( 'NONE', *, *, #1986, .T. ) ;
#1733 = CARTESIAN_POINT ( 'NONE',  ( 22.69369578148065258, -10.48790597677185232, 3.944330564366027136 ) ) ;
#1734 = CARTESIAN_POINT ( 'NONE',  ( 18.25690515783547596, -6.868117843370229458, -1.275000000000000133 ) ) ;
#1735 = VECTOR ( 'NONE', #10930, 1000.000000000000000 ) ;
#1736 = VERTEX_POINT ( 'NONE', #9945 ) ;
#1737 = LINE ( 'NONE', #9839, #968 ) ;
#1738 = EDGE_CURVE ( 'NONE', #8550, #6568, #4871, .T. ) ;
#1739 = ORIENTED_EDGE ( 'NONE', *, *, #2448, .F. ) ;
#1740 = AXIS2_PLACEMENT_3D ( 'NONE', #2325, #6482, #10465 ) ;
#1741 = ORIENTED_EDGE ( 'NONE', *, *, #511, .T. ) ;
#1742 = CARTESIAN_POINT ( 'NONE',  ( -27.51353734490229996, 0.6443903512674941103, 2.911006798192487199 ) ) ;
#1743 = LINE ( 'NONE', #764, #8909 ) ;
#1744 = CARTESIAN_POINT ( 'NONE',  ( 7.819285395806756078, 8.739284460724460857, 1.275000000000000133 ) ) ;
#1745 = LINE ( 'NONE', #3850, #5359 ) ;
#1746 = PLANE ( 'NONE',  #10572 ) ;
#1747 = ORIENTED_EDGE ( 'NONE', *, *, #1285, .T. ) ;
#1748 = CARTESIAN_POINT ( 'NONE',  ( 20.61675061128899955, 30.12831799411278411, 2.550000000000000266 ) ) ;
#1749 = AXIS2_PLACEMENT_3D ( 'NONE', #2369, #4176, #4377 ) ;
#1750 = EDGE_LOOP ( 'NONE', ( #12069, #10172, #7217, #3030 ) ) ;
#1751 = EDGE_LOOP ( 'NONE', ( #12404, #9484, #10715, #12506 ) ) ;
#1752 = ADVANCED_FACE ( 'NONE', ( #8957 ), #65, .T. ) ;
#1753 = DIRECTION ( 'NONE',  ( 0.000000000000000000, 0.000000000000000000, 1.000000000000000000 ) ) ;
#1754 = CARTESIAN_POINT ( 'NONE',  ( 24.28421530421642416, -10.48790597677222891, -3.944330564366045344 ) ) ;
#1755 = DIRECTION ( 'NONE',  ( -1.000000000000000000, -0.000000000000000000, -3.494684349044293264E-15 ) ) ;
#1756 = CARTESIAN_POINT ( 'NONE',  ( 9.542210110286788449, 6.170610632720729960, 1.151621164605829417 ) ) ;
#1757 = LINE ( 'NONE', #11877, #2037 ) ;
#1758 = CARTESIAN_POINT ( 'NONE',  ( 4.429863723595951264, 1.329242543690137390, 1.912499999999999645 ) ) ;
#1759 = ORIENTED_EDGE ( 'NONE', *, *, #12712, .F. ) ;
#1760 = ORIENTED_EDGE ( 'NONE', *, *, #8821, .T. ) ;
#1761 = VERTEX_POINT ( 'NONE', #2082 ) ;
#1762 = ORIENTED_EDGE ( 'NONE', *, *, #3006, .F. ) ;
#1763 = ADVANCED_FACE ( 'NONE', ( #4005 ), #6028, .T. ) ;
#1764 = DIRECTION ( 'NONE',  ( 1.000000000000000000, 0.000000000000000000, 0.000000000000000000 ) ) ;
#1765 = ORIENTED_EDGE ( 'NONE', *, *, #9573, .T. ) ;
#1766 = CARTESIAN_POINT ( 'NONE',  ( -19.73771211221854571, 1.369501866246042310, -2.010878835394170228 ) ) ;
#1767 = VERTEX_POINT ( 'NONE', #4066 ) ;
#1768 = LINE ( 'NONE', #4745, #12718 ) ;
#1769 = CARTESIAN_POINT ( 'NONE',  ( 19.30543496340549225, -10.94380396979420844, 2.550000000000000266 ) ) ;
#1770 = LINE ( 'NONE', #9631, #4664 ) ;
#1771 = ADVANCED_FACE ( 'NONE', ( #10007 ), #1105, .T. ) ;
#1772 = DIRECTION ( 'NONE',  ( -0.2498780190217879393, 0.9682773237093529328, 0.000000000000000000 ) ) ;
#1773 = VECTOR ( 'NONE', #4482, 999.9999999999998863 ) ;
#1774 = DIRECTION ( 'NONE',  ( -0.000000000000000000, -0.000000000000000000, 1.000000000000000000 ) ) ;
#1775 = CARTESIAN_POINT ( 'NONE',  ( 38.35624622539014439, 37.90024270893183456, -1.275000000000000133 ) ) ;
#1776 = ADVANCED_FACE ( 'NONE', ( #5054 ), #12021, .T. ) ;
#1777 = ORIENTED_EDGE ( 'NONE', *, *, #8970, .T. ) ;
#1778 = ADVANCED_FACE ( 'NONE', ( #11763 ), #5185, .T. ) ;
#1779 = LINE ( 'NONE', #4758, #8000 ) ;
#1780 = CIRCLE ( 'NONE', #9657, 3.876292053266924498 ) ;
#1781 = ADVANCED_FACE ( 'NONE', ( #7323 ), #4395, .T. ) ;
#1782 =( BOUNDED_CURVE ( )  B_SPLINE_CURVE ( 3, ( #4137, #9154, #8108, #9214 ),
 .UNSPECIFIED., .F., .T. ) 
 B_SPLINE_CURVE_WITH_KNOTS ( ( 4, 4 ),
 ( 1.982637192121615044, 2.060753653048625011 ),
 .UNSPECIFIED. ) 
 CURVE ( )  GEOMETRIC_REPRESENTATION_ITEM ( )  RATIONAL_B_SPLINE_CURVE ( ( 1.000000000000000000, 0.9994915495213065881, 0.9994915495213065881, 1.000000000000000000 ) ) 
 REPRESENTATION_ITEM ( '' )  );
#1783 = ORIENTED_EDGE ( 'NONE', *, *, #9320, .F. ) ;
#1784 = VECTOR ( 'NONE', #4906, 999.9999999999998863 ) ;
#1785 = VERTEX_POINT ( 'NONE', #11103 ) ;
#1786 = DIRECTION ( 'NONE',  ( 0.9444967967061619341, 0.3285206249412648272, 0.000000000000000000 ) ) ;
#1787 = DIRECTION ( 'NONE',  ( 0.000000000000000000, -1.000000000000000000, 2.479012299922036093E-16 ) ) ;
#1788 = CARTESIAN_POINT ( 'NONE',  ( 25.62357885475492125, 6.812671026278193764, -2.611345251163589509 ) ) ;
#1789 = DIRECTION ( 'NONE',  ( 1.000000000000000000, 0.000000000000000000, 0.000000000000000000 ) ) ;
#1790 = ORIENTED_EDGE ( 'NONE', *, *, #207, .T. ) ;
#1791 = ORIENTED_EDGE ( 'NONE', *, *, #6293, .T. ) ;
#1792 = CARTESIAN_POINT ( 'NONE',  ( 25.00000000000000000, -0.9008358390367044999, 3.017431430979899520 ) ) ;
#1793 = LINE ( 'NONE', #817, #2676 ) ;
#1794 = ORIENTED_EDGE ( 'NONE', *, *, #5737, .T. ) ;
#1795 = PLANE ( 'NONE',  #12374 ) ;
#1796 = EDGE_CURVE ( 'NONE', #5141, #1087, #11295, .T. ) ;
#1797 = ORIENTED_EDGE ( 'NONE', *, *, #11616, .F. ) ;
#1798 = VERTEX_POINT ( 'NONE', #10264 ) ;
#1799 = FACE_OUTER_BOUND ( 'NONE', #4113, .T. ) ;
#1800 = DIRECTION ( 'NONE',  ( -0.6166619752643671681, -0.7872280535289942760, 0.000000000000000000 ) ) ;
#1801 = FACE_OUTER_BOUND ( 'NONE', #3929, .T. ) ;
#1802 = AXIS2_PLACEMENT_3D ( 'NONE', #5074, #9042, #3003 ) ;
#1803 = LINE ( 'NONE', #5752, #11168 ) ;
#1804 = DIRECTION ( 'NONE',  ( 0.000000000000000000, -0.000000000000000000, 1.000000000000000000 ) ) ;
#1805 = ORIENTED_EDGE ( 'NONE', *, *, #12387, .F. ) ;
#1806 = FACE_OUTER_BOUND ( 'NONE', #8010, .T. ) ;
#1807 = ORIENTED_EDGE ( 'NONE', *, *, #2521, .F. ) ;
#1808 = VECTOR ( 'NONE', #6883, 1000.000000000000000 ) ;
#1809 = ORIENTED_EDGE ( 'NONE', *, *, #970, .F. ) ;
#1810 = DIRECTION ( 'NONE',  ( -0.000000000000000000, -0.000000000000000000, -1.000000000000000000 ) ) ;
#1811 = CARTESIAN_POINT ( 'NONE',  ( -1.962041024935681000, -2.968592114601731335, 1.275000000000000133 ) ) ;
#1812 = CARTESIAN_POINT ( 'NONE',  ( -15.90000000000000391, -26.38003686660402636, 5.864668395365353781 ) ) ;
#1813 = DIRECTION ( 'NONE',  ( -0.000000000000000000, -0.000000000000000000, -1.000000000000000000 ) ) ;
#1814 = DIRECTION ( 'NONE',  ( 0.9705026520468430506, -0.2410904443773005112, 0.000000000000000000 ) ) ;
#1815 = DIRECTION ( 'NONE',  ( -1.000000000000000000, 0.000000000000000000, 0.000000000000000000 ) ) ;
#1816 = ORIENTED_EDGE ( 'NONE', *, *, #11005, .F. ) ;
#1817 = ORIENTED_EDGE ( 'NONE', *, *, #8536, .T. ) ;
#1818 = ORIENTED_EDGE ( 'NONE', *, *, #7791, .T. ) ;
#1819 = VECTOR ( 'NONE', #1028, 1000.000000000000000 ) ;
#1820 = PLANE ( 'NONE',  #11821 ) ;
#1821 = ORIENTED_EDGE ( 'NONE', *, *, #11210, .T. ) ;
#1822 = CARTESIAN_POINT ( 'NONE',  ( -24.00792865326636516, -11.12039912385689711, 4.020758359141603400 ) ) ;
#1823 = ORIENTED_EDGE ( 'NONE', *, *, #7807, .T. ) ;
#1824 = CARTESIAN_POINT ( 'NONE',  ( 46.21409252683699975, -9.242105090473781814, -2.010878835394170228 ) ) ;
#1825 = VECTOR ( 'NONE', #580, 999.9999999999998863 ) ;
#1826 = CARTESIAN_POINT ( 'NONE',  ( 50.16957179191506100, -12.10421909368450066, -2.550000000000000266 ) ) ;
#1827 = CARTESIAN_POINT ( 'NONE',  ( -0.6104581230483032694, 30.12831799411278411, -2.550000000000000266 ) ) ;
#1828 = VERTEX_POINT ( 'NONE', #2390 ) ;
#1829 = VECTOR ( 'NONE', #9408, 1000.000000000000000 ) ;
#1830 = CARTESIAN_POINT ( 'NONE',  ( 26.85359801475114594, 6.054787835288482079, 1.643111526784763132 ) ) ;
#1831 = DIRECTION ( 'NONE',  ( -0.000000000000000000, -0.000000000000000000, -1.000000000000000000 ) ) ;
#1832 = VERTEX_POINT ( 'NONE', #11236 ) ;
#1833 = LINE ( 'NONE', #7736, #3443 ) ;
#1834 = EDGE_CURVE ( 'NONE', #7832, #7899, #8161, .T. ) ;
#1835 = ORIENTED_EDGE ( 'NONE', *, *, #1149, .T. ) ;
#1836 = VECTOR ( 'NONE', #1133, 1000.000000000000000 ) ;
#1837 = VECTOR ( 'NONE', #410, 1000.000000000000000 ) ;
#1838 = EDGE_LOOP ( 'NONE', ( #12836, #3925, #11715, #789 ) ) ;
#1839 = ADVANCED_FACE ( 'NONE', ( #6345 ), #4254, .F. ) ;
#1840 = LINE ( 'NONE', #3602, #3977 ) ;
#1841 = LINE ( 'NONE', #5611, #8562 ) ;
#1842 = LINE ( 'NONE', #9895, #2454 ) ;
#1843 = ADVANCED_FACE ( 'NONE', ( #12142 ), #2328, .F. ) ;
#1844 = DIRECTION ( 'NONE',  ( -0.000000000000000000, -0.000000000000000000, -1.000000000000000000 ) ) ;
#1845 = DIRECTION ( 'NONE',  ( -0.000000000000000000, -0.000000000000000000, -1.000000000000000000 ) ) ;
#1846 = EDGE_LOOP ( 'NONE', ( #4573, #11069, #12593, #6932 ) ) ;
#1847 = VECTOR ( 'NONE', #1287, 1000.000000000000000 ) ;
#1848 = VECTOR ( 'NONE', #9582, 1000.000000000000000 ) ;
#1849 = DIRECTION ( 'NONE',  ( 1.000000000000000000, 0.000000000000000000, 0.000000000000000000 ) ) ;
#1850 = CARTESIAN_POINT ( 'NONE',  ( 14.03200173286605512, 1.369501866246042310, 2.876621164605829506 ) ) ;
#1851 = ORIENTED_EDGE ( 'NONE', *, *, #10505, .T. ) ;
#1852 = CIRCLE ( 'NONE', #2460, 25.00000000000000000 ) ;
#1853 = DIRECTION ( 'NONE',  ( -0.000000000000000000, -0.000000000000000000, -1.000000000000000000 ) ) ;
#1854 = VECTOR ( 'NONE', #2334, 999.9999999999998863 ) ;
#1855 = AXIS2_PLACEMENT_3D ( 'NONE', #5128, #7337, #3431 ) ;
#1856 = VECTOR ( 'NONE', #8734, 1000.000000000000000 ) ;
#1857 = EDGE_CURVE ( 'NONE', #8303, #3534, #3220, .T. ) ;
#1858 = PRODUCT ( '\X2\5409679756db5e7394a553196263\X0\', '\X2\5409679756db5e7394a553196263\X0\', '', ( #1590 ) ) ;
#1859 = EDGE_CURVE ( 'NONE', #5478, #3627, #8223, .T. ) ;
#1860 = ORIENTED_EDGE ( 'NONE', *, *, #2944, .F. ) ;
#1861 = VECTOR ( 'NONE', #2443, 1000.000000000000000 ) ;
#1862 = ORIENTED_EDGE ( 'NONE', *, *, #956, .F. ) ;
#1863 = CARTESIAN_POINT ( 'NONE',  ( -7.766504759364324606, -8.211567639074671021, -1.912499999999999645 ) ) ;
#1864 = EDGE_CURVE ( 'NONE', #2947, #9593, #11164, .T. ) ;
#1865 = LINE ( 'NONE', #3010, #8494 ) ;
#1866 = DIRECTION ( 'NONE',  ( 0.08219515491821646758, 0.9966162533834025394, -0.000000000000000000 ) ) ;
#1867 = VECTOR ( 'NONE', #10559, 1000.000000000000000 ) ;
#1868 = DIRECTION ( 'NONE',  ( -0.000000000000000000, -0.000000000000000000, 1.000000000000000000 ) ) ;
#1869 = CARTESIAN_POINT ( 'NONE',  ( 11.64942479529152486, 74.51861236923436138, 2.014121164605829239 ) ) ;
#1870 = LINE ( 'NONE', #12772, #6942 ) ;
#1871 = ADVANCED_FACE ( 'NONE', ( #6228 ), #12338, .T. ) ;
#1872 = VERTEX_POINT ( 'NONE', #10131 ) ;
#1873 = VECTOR ( 'NONE', #3639, 1000.000000000000000 ) ;
#1874 = AXIS2_PLACEMENT_3D ( 'NONE', #10176, #8003, #9055 ) ;
#1875 = ORIENTED_EDGE ( 'NONE', *, *, #7033, .T. ) ;
#1876 = CARTESIAN_POINT ( 'NONE',  ( 0.000000000000000000, 2.479012299922035600E-16, 2.500000000000011102 ) ) ;
#1877 = EDGE_CURVE ( 'NONE', #4780, #11324, #4330, .T. ) ;
#1878 = CARTESIAN_POINT ( 'NONE',  ( 25.12460529769639450, -8.573602742114157849, -3.713014264053469127 ) ) ;
#1879 = DIRECTION ( 'NONE',  ( 0.000000000000000000, -1.000000000000000000, 0.000000000000000000 ) ) ;
#1880 = CARTESIAN_POINT ( 'NONE',  ( -23.52087571363853513, 8.471623555350477730, 9.000000000000000000 ) ) ;
#1881 = PLANE ( 'NONE',  #6164 ) ;
#1882 = CARTESIAN_POINT ( 'NONE',  ( 42.56049845304661261, -13.62385370438386012, 1.275000000000000133 ) ) ;
#1883 = ORIENTED_EDGE ( 'NONE', *, *, #101, .T. ) ;
#1884 = VERTEX_POINT ( 'NONE', #10326 ) ;
#1885 = VERTEX_POINT ( 'NONE', #1426 ) ;
#1886 = AXIS2_PLACEMENT_3D ( 'NONE', #10842, #1939, #5890 ) ;
#1887 = PLANE ( 'NONE',  #8907 ) ;
#1888 = EDGE_CURVE ( 'NONE', #5049, #5062, #4193, .T. ) ;
#1889 = ORIENTED_EDGE ( 'NONE', *, *, #12724, .F. ) ;
#1890 = EDGE_CURVE ( 'NONE', #5561, #9226, #3417, .T. ) ;
#1891 = CARTESIAN_POINT ( 'NONE',  ( -25.12482837122871260, -8.573094607601143835, -3.712952863229661116 ) ) ;
#1892 = DIRECTION ( 'NONE',  ( -0.4090559040930703549, -0.9125093245148790944, 0.000000000000000000 ) ) ;
#1893 = DIRECTION ( 'NONE',  ( 0.000000000000000000, -1.000000000000000000, 6.197530749804934925E-17 ) ) ;
#1894 = LINE ( 'NONE', #3945, #6575 ) ;
#1895 = LINE ( 'NONE', #11952, #7875 ) ;
#1896 = EDGE_LOOP ( 'NONE', ( #8751, #10752, #3589, #12610 ) ) ;
#1897 = LINE ( 'NONE', #865, #4100 ) ;
#1898 = DIRECTION ( 'NONE',  ( 1.000000000000000000, 3.730349362740525976E-14, 0.000000000000000000 ) ) ;
#1899 = ORIENTED_EDGE ( 'NONE', *, *, #5899, .F. ) ;
#1900 = ORIENTED_EDGE ( 'NONE', *, *, #10348, .T. ) ;
#1901 = PLANE ( 'NONE',  #1174 ) ;
#1902 = EDGE_LOOP ( 'NONE', ( #2339, #3167, #5179, #7524 ) ) ;
#1903 = VERTEX_POINT ( 'NONE', #6154 ) ;
#1904 = PLANE ( 'NONE',  #2951 ) ;
#1905 = LINE ( 'NONE', #8913, #680 ) ;
#1906 = DIRECTION ( 'NONE',  ( -0.000000000000000000, 0.000000000000000000, -1.000000000000000000 ) ) ;
#1907 = ADVANCED_FACE ( 'NONE', ( #10202 ), #5385, .T. ) ;
#1908 = LINE ( 'NONE', #2934, #6315 ) ;
#1909 = DIRECTION ( 'NONE',  ( 1.000000000000000000, 0.000000000000000000, -0.000000000000000000 ) ) ;
#1910 = EDGE_LOOP ( 'NONE', ( #4208, #6634, #7076, #8166 ) ) ;
#1911 = LINE ( 'NONE', #9836, #6390 ) ;
#1912 = LINE ( 'NONE', #878, #7835 ) ;
#1913 = VERTEX_POINT ( 'NONE', #12081 ) ;
#1914 = DIRECTION ( 'NONE',  ( -1.000000000000000000, 0.000000000000000000, -0.000000000000000000 ) ) ;
#1915 = CARTESIAN_POINT ( 'NONE',  ( -7.823397229952084864, -8.669060361656391933, -1.912499999999999645 ) ) ;
#1916 = EDGE_CURVE ( 'NONE', #3147, #3869, #1301, .T. ) ;
#1917 = ORIENTED_EDGE ( 'NONE', *, *, #3016, .T. ) ;
#1918 = ORIENTED_EDGE ( 'NONE', *, *, #5171, .F. ) ;
#1919 = CLOSED_SHELL ( 'NONE', ( #3105, #5879, #6998, #8765, #2465, #4387, #12516, #11126, #2624, #3931, #9059, #1161, #1353, #8763, #7125, #5887, #4276, #113, #439, #12688, #2787, #6277, #10695, #182, #7545, #12153, #5720, #5237, #10337, #1871, #12230, #5119, #5555, #974, #12573, #12671, #8867, #12029, #11540, #2006, #9592, #9810, #1994, #6145, #10519, #3620, #11787, #10749, #12012, #7663, #5337, #11731, #447, #1907, #9538, #735, #6355, #3497, #11483, #1142, #7850, #1926, #1725, #3441, #3033, #5273, #6428, #2634, #493, #2907, #4178, #6652, #1781, #8677, #1119, #8370, #11753, #7205, #2803, #10303, #6035, #10275, #10684, #1065, #600, #6441, #8286, #9460, #7963, #6915, #5501, #5916, #4143, #6723, #8099, #1073, #4322, #9238, #12066, #3813, #5814, #4225, #7582, #2011, #10354, #8179, #8884, #5896, #7819, #1771, #4936, #8622, #4272, #9375, #10194, #5985, #7947, #6821, #12821, #5956, #7648, #2318, #3742, #9621, #11344, #11770, #9637, #2936, #3245, #395, #9925, #7625, #7911, #10599, #3433, #12423, #3884, #2578, #7109, #1237, #2818, #10476, #7549, #12722, #1292, #9982, #847, #9135, #8748, #10910, #5335, #11948, #9287, #5266, #576, #9451, #9294, #326, #4689, #4149, #10250, #11687, #4618, #423, #12239, #1776, #5357, #12199, #2805, #7884, #217, #10165, #12570, #7737, #11369, #3756, #4869, #6168, #10756, #11814, #2728, #6935, #11621, #6201, #7079, #6679, #335, #11451, #8039, #5092, #7933, #5665, #11094, #3359, #5232, #6826, #12282, #1475, #154, #2383, #4790, #4850, #10720, #10103, #10254, #8928, #9658, #3415, #7377, #10115, #2870, #12810, #6136, #343, #10780, #11655, #5812, #249, #12394, #10580, #2539, #7264, #12046, #5329, #12587, #9469, #12112, #7311, #6735, #6097, #5531, #5599, #5316, #4896, #8535, #12149, #8808, #9753, #8676, #5355, #1997, #6462, #639, #4809, #7767, #8205, #6525, #3877, #4940, #9367, #8925, #1469, #12600, #11792, #8903, #5417, #2862, #10253, #1929, #8020, #4219, #10379, #5400, #2563, #1778, #4795, #3394, #7787, #7235, #6149, #9957, #926, #191, #3345, #12302, #574, #1316, #6678, #8839, #5474, #10192, #2065, #11868, #5576, #1693, #3759, #2480, #2137, #9953, #2945, #4117, #6511, #4870, #1763, #5076, #6759, #10536, #11211, #3367, #1158, #8352, #2649, #4404, #7554, #4692, #3182, #10739, #4202, #5734, #2099, #6755, #4841, #11686, #4061, #11928, #2120, #8123, #8408, #11924, #1345, #11228, #1839, #8417, #3023, #5259, #12190, #3990, #4369, #1843, #8986, #4133, #9696, #3886, #8188, #11066, #5847, #11037, #9061, #10124, #6718, #4740, #12495, #7313, #1607, #6691, #164, #12175, #12787, #3961, #3525, #8083, #10571, #7021, #11660, #2400, #3304, #10979, #9058, #7149, #1276, #2507, #579, #6842, #10596, #252, #11849, #10184, #3476, #1752, #3659, #4446, #10285, #951, #2984, #997, #6761, #4706, #8334, #5504, #9632, #8377, #10820, #8500, #12158, #4786 ) ) ;
#1920 = CARTESIAN_POINT ( 'NONE',  ( -25.65549165557206024, 10.13956585495913387, 1.524611031176437592 ) ) ;
#1921 = PLANE ( 'NONE',  #4553 ) ;
#1922 = VECTOR ( 'NONE', #6102, 1000.000000000000114 ) ;
#1923 = CARTESIAN_POINT ( 'NONE',  ( 47.99721294224209345, -11.14650014968474423, 1.912499999999999645 ) ) ;
#1924 = DIRECTION ( 'NONE',  ( 1.000000000000000000, 0.000000000000000000, 0.000000000000000000 ) ) ;
#1925 = DIRECTION ( 'NONE',  ( 0.6166619752643671681, 0.7872280535289942760, 0.000000000000000000 ) ) ;
#1926 = ADVANCED_FACE ( 'NONE', ( #10602 ), #8427, .T. ) ;
#1927 = CARTESIAN_POINT ( 'NONE',  ( 17.07888248889944904, -10.94380396979420844, 2.550000000000000266 ) ) ;
#1928 = EDGE_CURVE ( 'NONE', #11122, #3315, #3623, .T. ) ;
#1929 = ADVANCED_FACE ( 'NONE', ( #9676 ), #6485, .T. ) ;
#1930 = VERTEX_POINT ( 'NONE', #6619 ) ;
#1931 = EDGE_CURVE ( 'NONE', #5502, #1785, #3486, .T. ) ;
#1932 = ORIENTED_EDGE ( 'NONE', *, *, #11873, .T. ) ;
#1933 = VECTOR ( 'NONE', #10003, 1000.000000000000000 ) ;
#1934 = ORIENTED_EDGE ( 'NONE', *, *, #8579, .F. ) ;
#1935 = DIRECTION ( 'NONE',  ( -0.5096121019782354766, 0.8604042686535933182, 0.000000000000000000 ) ) ;
#1936 = ORIENTED_EDGE ( 'NONE', *, *, #6101, .T. ) ;
#1937 = CARTESIAN_POINT ( 'NONE',  ( 6.070177707534485378, 7.254566538103156326, 1.151621164605829417 ) ) ;
#1938 = DIRECTION ( 'NONE',  ( 1.000000000000000000, 0.000000000000000000, 0.000000000000000000 ) ) ;
#1939 = DIRECTION ( 'NONE',  ( -0.3763811899191199517, -0.9264648940327244730, 0.000000000000000000 ) ) ;
#1940 = DIRECTION ( 'NONE',  ( -0.000000000000000000, -0.000000000000000000, -1.000000000000000000 ) ) ;
#1941 = CARTESIAN_POINT ( 'NONE',  ( 2.193242736808487248, 10.06634609701068150, 1.151621164605829417 ) ) ;
#1942 = ORIENTED_EDGE ( 'NONE', *, *, #2487, .F. ) ;
#1943 = VECTOR ( 'NONE', #3319, 999.9999999999998863 ) ;
#1944 = ORIENTED_EDGE ( 'NONE', *, *, #11050, .T. ) ;
#1945 = ORIENTED_EDGE ( 'NONE', *, *, #2705, .T. ) ;
#1946 = CARTESIAN_POINT ( 'NONE',  ( -3.756799584291276695, -1.631321031160310131, -1.275000000000000133 ) ) ;
#1947 = EDGE_CURVE ( 'NONE', #11826, #12441, #4730, .T. ) ;
#1948 = CIRCLE ( 'NONE', #9200, 4.000000000000000000 ) ;
#1949 = CARTESIAN_POINT ( 'NONE',  ( -27.38323450536307035, 2.752065771956370810, -1.790507929012316923 ) ) ;
#1950 = EDGE_CURVE ( 'NONE', #595, #12200, #12676, .T. ) ;
#1951 = CARTESIAN_POINT ( 'NONE',  ( -16.39567239794213194, 8.303647767927945011, 1.275000000000000133 ) ) ;
#1952 = PLANE ( 'NONE',  #1659 ) ;
#1953 = DIRECTION ( 'NONE',  ( 0.9088295457203474648, -0.4171676603306479492, 0.000000000000000000 ) ) ;
#1954 = LINE ( 'NONE', #3766, #426 ) ;
#1955 = ORIENTED_EDGE ( 'NONE', *, *, #533, .F. ) ;
#1956 = FACE_OUTER_BOUND ( 'NONE', #9512, .T. ) ;
#1957 = CARTESIAN_POINT ( 'NONE',  ( -27.09388235042144899, 4.865590994471294728, -1.690012597271119521 ) ) ;
#1958 = ORIENTED_EDGE ( 'NONE', *, *, #12728, .F. ) ;
#1959 = EDGE_CURVE ( 'NONE', #7236, #758, #9479, .T. ) ;
#1960 = DIRECTION ( 'NONE',  ( 0.000000000000000000, 6.197530749804934925E-17, 1.000000000000000000 ) ) ;
#1961 = VERTEX_POINT ( 'NONE', #4531 ) ;
#1962 = FACE_OUTER_BOUND ( 'NONE', #11750, .T. ) ;
#1963 = EDGE_LOOP ( 'NONE', ( #10849, #4265, #11585, #2193 ) ) ;
#1964 = DIRECTION ( 'NONE',  ( 0.3576472666070511508, 0.9338567516961607806, 0.000000000000000000 ) ) ;
#1965 = CARTESIAN_POINT ( 'NONE',  ( 18.09454005623523187, 1.369501866246042310, 2.014121164605829239 ) ) ;
#1966 = VECTOR ( 'NONE', #6306, 1000.000000000000000 ) ;
#1967 = PLANE ( 'NONE',  #10896 ) ;
#1968 = LINE ( 'NONE', #9898, #5596 ) ;
#1969 = AXIS2_PLACEMENT_3D ( 'NONE', #6106, #994, #7985 ) ;
#1970 = CARTESIAN_POINT ( 'NONE',  ( -24.96246110940082730, 1.369501866246042310, 2.868498318030765493 ) ) ;
#1971 = CARTESIAN_POINT ( 'NONE',  ( 13.54101436650989498, 30.12831799411278411, 2.550000000000000266 ) ) ;
#1972 = ORIENTED_EDGE ( 'NONE', *, *, #11229, .F. ) ;
#1973 = CARTESIAN_POINT ( 'NONE',  ( -24.55587571363852817, 74.51861236923376453, 1.439121164605829506 ) ) ;
#1974 = DIRECTION ( 'NONE',  ( -0.000000000000000000, -0.000000000000000000, 1.000000000000000000 ) ) ;
#1975 = EDGE_CURVE ( 'NONE', #728, #8655, #1699, .T. ) ;
#1976 = VECTOR ( 'NONE', #12329, 1000.000000000000000 ) ;
#1977 = ORIENTED_EDGE ( 'NONE', *, *, #7100, .F. ) ;
#1978 = ORIENTED_EDGE ( 'NONE', *, *, #5810, .F. ) ;
#1979 = CARTESIAN_POINT ( 'NONE',  ( -25.63229366079971783, 6.779894455083709026, 2.612442148245111895 ) ) ;
#1980 = DIRECTION ( 'NONE',  ( -0.9125093245148790944, 0.4090559040930703549, 0.000000000000000000 ) ) ;
#1981 = DIRECTION ( 'NONE',  ( 0.000000000000000000, -0.000000000000000000, 1.000000000000000000 ) ) ;
#1982 = CARTESIAN_POINT ( 'NONE',  ( 5.926536009056959209, 21.18669797144782407, 2.500000000000000000 ) ) ;
#1983 = FACE_OUTER_BOUND ( 'NONE', #11733, .T. ) ;
#1984 = FACE_OUTER_BOUND ( 'NONE', #7533, .T. ) ;
#1985 = CARTESIAN_POINT ( 'NONE',  ( -19.73771211221855992, 11.72940970132443894, 2.014121164605829239 ) ) ;
#1986 = EDGE_CURVE ( 'NONE', #11869, #6620, #3120, .T. ) ;
#1987 = VERTEX_POINT ( 'NONE', #4666 ) ;
#1988 = VERTEX_POINT ( 'NONE', #6551 ) ;
#1989 = ORIENTED_EDGE ( 'NONE', *, *, #2654, .F. ) ;
#1990 = EDGE_CURVE ( 'NONE', #3445, #12508, #8502, .T. ) ;
#1991 = CARTESIAN_POINT ( 'NONE',  ( -7.579913957064055907, -8.273764573174778647, -1.912499999999999645 ) ) ;
#1992 = EDGE_CURVE ( 'NONE', #11734, #4624, #11693, .T. ) ;
#1993 = CARTESIAN_POINT ( 'NONE',  ( 58.52245569878948572, 13.61238845097468619, 1.912499999999999645 ) ) ;
#1994 = ADVANCED_FACE ( 'NONE', ( #5705 ), #2730, .T. ) ;
#1995 = CARTESIAN_POINT ( 'NONE',  ( 11.29611278031712018, 7.368731314913460118, 0.5766211646058294615 ) ) ;
#1996 = PLANE ( 'NONE',  #1886 ) ;
#1997 = ADVANCED_FACE ( 'NONE', ( #2598 ), #10529, .T. ) ;
#1998 = EDGE_CURVE ( 'NONE', #6555, #7141, #5578, .T. ) ;
#1999 = CARTESIAN_POINT ( 'NONE',  ( -14.06231303136081046, 14.36860075111488122, -2.499999999999997335 ) ) ;
#2000 = DIRECTION ( 'NONE',  ( -0.5328132696861326290, 0.8462328400897546343, 0.000000000000000000 ) ) ;
#2001 = VERTEX_POINT ( 'NONE', #7653 ) ;
#2002 = ORIENTED_EDGE ( 'NONE', *, *, #251, .F. ) ;
#2003 = ORIENTED_EDGE ( 'NONE', *, *, #8232, .F. ) ;
#2004 = CARTESIAN_POINT ( 'NONE',  ( 2.927409999341250124, 30.12831799411278411, 2.550000000000000266 ) ) ;
#2005 = VECTOR ( 'NONE', #12706, 1000.000000000000000 ) ;
#2006 = ADVANCED_FACE ( 'NONE', ( #9553 ), #4601, .T. ) ;
#2007 = ORIENTED_EDGE ( 'NONE', *, *, #7483, .F. ) ;
#2008 = CARTESIAN_POINT ( 'NONE',  ( -26.10244097751061076, -8.920904731755722850, -3.750952228997419535 ) ) ;
#2009 = DIRECTION ( 'NONE',  ( -0.000000000000000000, -0.000000000000000000, -1.000000000000000000 ) ) ;
#2010 = DIRECTION ( 'NONE',  ( 0.000000000000000000, 1.000000000000000000, 0.000000000000000000 ) ) ;
#2011 = ADVANCED_FACE ( 'NONE', ( #6685 ), #10656, .T. ) ;
#2012 = CARTESIAN_POINT ( 'NONE',  ( 53.98971320394726803, 3.734613692801296292, 1.275000000000000133 ) ) ;
#2013 = LINE ( 'NONE', #5906, #7041 ) ;
#2014 = ORIENTED_EDGE ( 'NONE', *, *, #7550, .T. ) ;
#2015 = ORIENTED_EDGE ( 'NONE', *, *, #6202, .F. ) ;
#2016 = AXIS2_PLACEMENT_3D ( 'NONE', #8828, #12793, #127 ) ;
#2017 = DIRECTION ( 'NONE',  ( 0.000000000000000000, 1.000000000000000000, -0.000000000000000000 ) ) ;
#2018 = CARTESIAN_POINT ( 'NONE',  ( 13.76880848982935568, -8.770583410597110330, -1.275000000000000133 ) ) ;
#2019 = ORIENTED_EDGE ( 'NONE', *, *, #3499, .F. ) ;
#2020 = CARTESIAN_POINT ( 'NONE',  ( -20.30087571363854693, 10.24187953564172027, 2.014121164605829239 ) ) ;
#2021 = EDGE_CURVE ( 'NONE', #8551, #983, #4053, .T. ) ;
#2022 = ORIENTED_EDGE ( 'NONE', *, *, #5810, .T. ) ;
#2023 = VECTOR ( 'NONE', #12336, 1000.000000000000000 ) ;
#2024 = VECTOR ( 'NONE', #5830, 1000.000000000000000 ) ;
#2025 = CARTESIAN_POINT ( 'NONE',  ( 73.96491932761539090, 74.51861236923376453, 2.014121164605829239 ) ) ;
#2026 = EDGE_LOOP ( 'NONE', ( #12084, #4171, #8401, #7441 ) ) ;
#2027 = CARTESIAN_POINT ( 'NONE',  ( -4.148326245437850446, -10.94380396979420844, 2.550000000000000266 ) ) ;
#2028 = CARTESIAN_POINT ( 'NONE',  ( 42.47229939881162153, 34.45144358475992874, 1.275000000000000133 ) ) ;
#2029 = CARTESIAN_POINT ( 'NONE',  ( 50.16957179191506100, -12.10421909368450066, -1.275000000000000133 ) ) ;
#2030 = VECTOR ( 'NONE', #592, 1000.000000000000000 ) ;
#2031 = CARTESIAN_POINT ( 'NONE',  ( 73.96491932761539090, 74.51861236923376453, 0.5766211646058294615 ) ) ;
#2032 = CARTESIAN_POINT ( 'NONE',  ( -25.05989025324732111, -9.325205775161283128, 2.796560608842536766 ) ) ;
#2033 = CARTESIAN_POINT ( 'NONE',  ( 15.76756684101593819, -12.10421909368450066, -1.275000000000000133 ) ) ;
#2034 = CARTESIAN_POINT ( 'NONE',  ( 3.747344086032916799, 1.369501866246042310, -2.010878835394170672 ) ) ;
#2035 = ORIENTED_EDGE ( 'NONE', *, *, #12348, .F. ) ;
#2036 = PLANE ( 'NONE',  #8202 ) ;
#2037 = VECTOR ( 'NONE', #2968, 1000.000000000000000 ) ;
#2038 = DIRECTION ( 'NONE',  ( 1.000000000000000000, -0.000000000000000000, -0.000000000000000000 ) ) ;
#2039 = VECTOR ( 'NONE', #3205, 1000.000000000000114 ) ;
#2040 = EDGE_CURVE ( 'NONE', #5683, #6108, #6866, .T. ) ;
#2041 = VERTEX_POINT ( 'NONE', #3862 ) ;
#2042 = ORIENTED_EDGE ( 'NONE', *, *, #12159, .T. ) ;
#2043 = LINE ( 'NONE', #5999, #12415 ) ;
#2044 = VECTOR ( 'NONE', #12754, 1000.000000000000000 ) ;
#2045 = CARTESIAN_POINT ( 'NONE',  ( 50.16957179191506100, -10.94380396979420844, 2.550000000000000266 ) ) ;
#2046 = CARTESIAN_POINT ( 'NONE',  ( 25.00000000000000000, 2.940724589404083576E-15, 2.956464602960560573 ) ) ;
#2047 = VECTOR ( 'NONE', #9848, 1000.000000000000000 ) ;
#2048 = VECTOR ( 'NONE', #11583, 1000.000000000000000 ) ;
#2049 = CARTESIAN_POINT ( 'NONE',  ( -23.52087571363853513, 1.369501866246042310, 1.439121164605829506 ) ) ;
#2050 = LINE ( 'NONE', #8002, #12007 ) ;
#2051 = CARTESIAN_POINT ( 'NONE',  ( 24.96212692799603872, -11.56161874083406005, -4.074073470138150022 ) ) ;
#2052 = VECTOR ( 'NONE', #1470, 1000.000000000000000 ) ;
#2053 = DIRECTION ( 'NONE',  ( 0.9486832980505108814, -0.3162277660168469895, 0.000000000000000000 ) ) ;
#2054 = VERTEX_POINT ( 'NONE', #3936 ) ;
#2055 = VERTEX_POINT ( 'NONE', #963 ) ;
#2056 = VECTOR ( 'NONE', #9999, 1000.000000000000000 ) ;
#2057 = VECTOR ( 'NONE', #12406, 1000.000000000000000 ) ;
#2058 = ORIENTED_EDGE ( 'NONE', *, *, #9713, .F. ) ;
#2059 = VECTOR ( 'NONE', #5149, 999.9999999999998863 ) ;
#2060 = ORIENTED_EDGE ( 'NONE', *, *, #6037, .F. ) ;
#2061 = LINE ( 'NONE', #8809, #12409 ) ;
#2062 = LINE ( 'NONE', #4049, #10738 ) ;
#2063 = FACE_OUTER_BOUND ( 'NONE', #2926, .T. ) ;
#2064 = PLANE ( 'NONE',  #11425 ) ;
#2065 = ADVANCED_FACE ( 'NONE', ( #10782 ), #4646, .T. ) ;
#2066 = LINE ( 'NONE', #9139, #8263 ) ;
#2067 = CARTESIAN_POINT ( 'NONE',  ( -9.596808745959792830, 10.77643541949969297, 1.151621164605829417 ) ) ;
#2068 = ORIENTED_EDGE ( 'NONE', *, *, #420, .F. ) ;
#2069 = VECTOR ( 'NONE', #11944, 1000.000000000000000 ) ;
#2070 = VERTEX_POINT ( 'NONE', #5892 ) ;
#2071 = ORIENTED_EDGE ( 'NONE', *, *, #11397, .T. ) ;
#2072 = CARTESIAN_POINT ( 'NONE',  ( -0.8386073713075956615, 22.98470660410501054, 2.500000000000005329 ) ) ;
#2073 = EDGE_CURVE ( 'NONE', #5715, #2055, #11940, .T. ) ;
#2074 = EDGE_CURVE ( 'NONE', #3428, #10867, #184, .T. ) ;
#2075 = ORIENTED_EDGE ( 'NONE', *, *, #3736, .F. ) ;
#2076 = CARTESIAN_POINT ( 'NONE',  ( -23.87752434639146060, 11.69572999077829323, -2.499999999999996891 ) ) ;
#2077 = VECTOR ( 'NONE', #11186, 1000.000000000000000 ) ;
#2078 = CARTESIAN_POINT ( 'NONE',  ( 23.25884161520421500, -23.69314235930890078, 1.912499999999999645 ) ) ;
#2079 = CARTESIAN_POINT ( 'NONE',  ( 27.41932284295156208, 2.435810209757516720, -1.806491188546813342 ) ) ;
#2081 = AXIS2_PLACEMENT_3D ( 'NONE', #330, #6360, #10277 ) ;
#2080 = LINE ( 'NONE', #6027, #169 ) ;
#2082 = CARTESIAN_POINT ( 'NONE',  ( -10.18117499392355363, -6.306393367825936735, 1.275000000000000133 ) ) ;
#2083 = CYLINDRICAL_SURFACE ( 'NONE', #3731, 3.000000000000000000 ) ;
#2084 = ORIENTED_EDGE ( 'NONE', *, *, #1450, .F. ) ;
#2085 = CARTESIAN_POINT ( 'NONE',  ( 15.38045670213009863, 1.369501866246042310, 2.014121164605829239 ) ) ;
#2086 = PLANE ( 'NONE',  #5699 ) ;
#2087 = EDGE_CURVE ( 'NONE', #4828, #7080, #849, .T. ) ;
#2088 = ORIENTED_EDGE ( 'NONE', *, *, #4686, .T. ) ;
#2089 = AXIS2_PLACEMENT_3D ( 'NONE', #12207, #8106, #3288 ) ;
#2090 = LINE ( 'NONE', #10924, #2210 ) ;
#2091 = EDGE_CURVE ( 'NONE', #853, #5545, #9870, .T. ) ;
#2092 = ORIENTED_EDGE ( 'NONE', *, *, #6855, .F. ) ;
#2093 = EDGE_CURVE ( 'NONE', #12479, #5046, #8815, .T. ) ;
#2094 = LINE ( 'NONE', #7861, #3088 ) ;
#2095 = ORIENTED_EDGE ( 'NONE', *, *, #3502, .F. ) ;
#2096 = LINE ( 'NONE', #6041, #695 ) ;
#2097 = DIRECTION ( 'NONE',  ( -0.2647158220052860389, 0.9643264662862187642, 0.000000000000000000 ) ) ;
#2098 = CARTESIAN_POINT ( 'NONE',  ( 7.702410331654453657, 6.114001408762802292, 1.151621164605829417 ) ) ;
#2099 = ADVANCED_FACE ( 'NONE', ( #4860 ), #12781, .T. ) ;
#2100 = LINE ( 'NONE', #9897, #12133 ) ;
#2101 = LINE ( 'NONE', #6045, #5396 ) ;
#2102 = ORIENTED_EDGE ( 'NONE', *, *, #9464, .F. ) ;
#2103 = CARTESIAN_POINT ( 'NONE',  ( 10.22401578848253756, -7.770230288548698461, 1.912499999999999645 ) ) ;
#2104 = DIRECTION ( 'NONE',  ( -1.000000000000000000, 0.000000000000000000, 0.000000000000000000 ) ) ;
#2105 = VERTEX_POINT ( 'NONE', #8875 ) ;
#2106 = DIRECTION ( 'NONE',  ( 0.000000000000000000, -0.000000000000000000, 1.000000000000000000 ) ) ;
#2107 = LINE ( 'NONE', #6114, #5989 ) ;
#2108 = EDGE_CURVE ( 'NONE', #2763, #11503, #1094, .T. ) ;
#2109 = EDGE_LOOP ( 'NONE', ( #2608, #8319, #4499, #4655 ) ) ;
#2110 = VERTEX_POINT ( 'NONE', #9927 ) ;
#2111 = VERTEX_POINT ( 'NONE', #4987 ) ;
#2112 = DIRECTION ( 'NONE',  ( -0.7071067811865474617, 0.7071067811865474617, 0.000000000000000000 ) ) ;
#2113 = EDGE_CURVE ( 'NONE', #8415, #8639, #1032, .T. ) ;
#2114 = DIRECTION ( 'NONE',  ( -0.000000000000000000, -0.000000000000000000, -1.000000000000000000 ) ) ;
#2115 = CARTESIAN_POINT ( 'NONE',  ( -19.73771211221864164, 74.51861236923362242, -2.010878835394170228 ) ) ;
#2116 = DIRECTION ( 'NONE',  ( -1.000000000000000000, 0.000000000000000000, 0.000000000000000000 ) ) ;
#2117 = LINE ( 'NONE', #11076, #5566 ) ;
#2118 = PLANE ( 'NONE',  #431 ) ;
#2119 = CARTESIAN_POINT ( 'NONE',  ( -4.148326245437850446, -12.10421909368450066, -2.550000000000000266 ) ) ;
#2120 = ADVANCED_FACE ( 'NONE', ( #10965 ), #54, .F. ) ;
#2121 = VERTEX_POINT ( 'NONE', #9995 ) ;
#2122 = ORIENTED_EDGE ( 'NONE', *, *, #5961, .T. ) ;
#2123 = VECTOR ( 'NONE', #4079, 1000.000000000000000 ) ;
#2124 = ORIENTED_EDGE ( 'NONE', *, *, #5691, .T. ) ;
#2125 = ORIENTED_EDGE ( 'NONE', *, *, #5495, .F. ) ;
#2126 = CARTESIAN_POINT ( 'NONE',  ( 3.369076640044708526, 17.36454658905779169, -1.912499999999999645 ) ) ;
#2127 = CARTESIAN_POINT ( 'NONE',  ( -1.953036272342378421, -15.39100795260625176, 1.912499999999999645 ) ) ;
#2128 = CARTESIAN_POINT ( 'NONE',  ( -0.8386073713075956615, 22.98470660410501054, 2.500000000000000000 ) ) ;
#2129 = PLANE ( 'NONE',  #9769 ) ;
#2130 = CARTESIAN_POINT ( 'NONE',  ( -27.09596562643279682, 4.852170754772386019, 1.690620448883001226 ) ) ;
#2131 = CARTESIAN_POINT ( 'NONE',  ( -7.686194367827409835, -10.94380396979420844, 2.550000000000000266 ) ) ;
#2132 = ORIENTED_EDGE ( 'NONE', *, *, #6976, .T. ) ;
#2133 = ORIENTED_EDGE ( 'NONE', *, *, #9608, .T. ) ;
#2134 = VERTEX_POINT ( 'NONE', #5043 ) ;
#2135 = VECTOR ( 'NONE', #498, 1000.000000000000000 ) ;
#2136 = PLANE ( 'NONE',  #10588 ) ;
#2137 = ADVANCED_FACE ( 'NONE', ( #9006 ), #7770, .T. ) ;
#2138 = ORIENTED_EDGE ( 'NONE', *, *, #6914, .F. ) ;
#2139 = CARTESIAN_POINT ( 'NONE',  ( -25.87192268104078252, 5.797797492344947123, -2.647901785341592262 ) ) ;
#2140 = VECTOR ( 'NONE', #1938, 1000.000000000000000 ) ;
#2141 = FACE_OUTER_BOUND ( 'NONE', #7879, .T. ) ;
#2142 = CARTESIAN_POINT ( 'NONE',  ( 43.27977019758047561, -12.93294197047929295, -1.912499999999999645 ) ) ;
#2143 = DIRECTION ( 'NONE',  ( -0.4984711242580820989, 0.8669063030575355766, 0.000000000000000000 ) ) ;
#2144 = DIRECTION ( 'NONE',  ( -0.9892034623538694671, 0.1465486610894720099, 0.000000000000000000 ) ) ;
#2145 = ORIENTED_EDGE ( 'NONE', *, *, #10662, .T. ) ;
#2146 = DIRECTION ( 'NONE',  ( 1.000000000000000000, 0.000000000000000000, -0.000000000000000000 ) ) ;
#2147 = EDGE_CURVE ( 'NONE', #3999, #2750, #11031, .T. ) ;
#2148 = VERTEX_POINT ( 'NONE', #246 ) ;
#2149 = CARTESIAN_POINT ( 'NONE',  ( 16.74702004040473113, 30.12831799411278411, -1.275000000000000133 ) ) ;
#2150 = VERTEX_POINT ( 'NONE', #3154 ) ;
#2151 = FACE_OUTER_BOUND ( 'NONE', #2500, .T. ) ;
#2152 = VECTOR ( 'NONE', #3918, 1000.000000000000000 ) ;
#2153 = CARTESIAN_POINT ( 'NONE',  ( -4.918113946227249400, -3.467136158867170082, -1.275000000000000133 ) ) ;
#2154 = LINE ( 'NONE', #5258, #4343 ) ;
#2155 = ORIENTED_EDGE ( 'NONE', *, *, #11681, .F. ) ;
#2156 = EDGE_CURVE ( 'NONE', #1987, #3567, #6391, .T. ) ;
#2157 = DIRECTION ( 'NONE',  ( -0.000000000000000000, -0.000000000000000000, -1.000000000000000000 ) ) ;
#2158 = FACE_OUTER_BOUND ( 'NONE', #9716, .T. ) ;
#2159 = DIRECTION ( 'NONE',  ( -0.000000000000000000, -0.000000000000000000, -1.000000000000000000 ) ) ;
#2160 = CARTESIAN_POINT ( 'NONE',  ( 38.35624622539014439, 37.90024270893183456, 1.275000000000000133 ) ) ;
#2161 = EDGE_CURVE ( 'NONE', #3489, #2843, #8210, .T. ) ;
#2162 = EDGE_CURVE ( 'NONE', #9786, #9487, #2192, .T. ) ;
#2163 = EDGE_CURVE ( 'NONE', #4290, #1884, #1154, .T. ) ;
#2164 = ORIENTED_EDGE ( 'NONE', *, *, #6260, .T. ) ;
#2165 = EDGE_CURVE ( 'NONE', #3159, #8688, #5102, .T. ) ;
#2166 = DIRECTION ( 'NONE',  ( -0.5096121019782500206, 0.8604042686535845474, 0.000000000000000000 ) ) ;
#2167 = DIRECTION ( 'NONE',  ( 0.9728062146853660996, -0.2316205273060431002, 0.000000000000000000 ) ) ;
#2168 = VERTEX_POINT ( 'NONE', #2252 ) ;
#2169 = CARTESIAN_POINT ( 'NONE',  ( -24.02689326085483401, -7.136932943194425505, -3.560241191995562549 ) ) ;
#2170 = DIRECTION ( 'NONE',  ( -0.000000000000000000, -0.000000000000000000, -1.000000000000000000 ) ) ;
#2171 = ORIENTED_EDGE ( 'NONE', *, *, #6066, .T. ) ;
#2172 = VERTEX_POINT ( 'NONE', #12068 ) ;
#2173 = CARTESIAN_POINT ( 'NONE',  ( 10.00314624412034981, 30.12831799411278411, -1.912499999999999645 ) ) ;
#2174 = DIRECTION ( 'NONE',  ( 0.000000000000000000, -1.000000000000000000, 0.000000000000000000 ) ) ;
#2175 = LINE ( 'NONE', #6123, #6294 ) ;
#2176 = DIRECTION ( 'NONE',  ( 1.000000000000000000, 0.000000000000000000, 0.000000000000000000 ) ) ;
#2177 = CARTESIAN_POINT ( 'NONE',  ( -7.897809398020091187, -8.204656868619112586, 1.912499999999999645 ) ) ;
#2178 = CARTESIAN_POINT ( 'NONE',  ( 50.16957179191506100, -10.94380396979420844, -2.550000000000000266 ) ) ;
#2179 = DIRECTION ( 'NONE',  ( -0.000000000000000000, -0.000000000000000000, -1.000000000000000000 ) ) ;
#2180 = VECTOR ( 'NONE', #5724, 1000.000000000000114 ) ;
#2181 = VERTEX_POINT ( 'NONE', #6141 ) ;
#2182 = EDGE_CURVE ( 'NONE', #5090, #10813, #2315, .T. ) ;
#2183 = ORIENTED_EDGE ( 'NONE', *, *, #6746, .F. ) ;
#2184 = ORIENTED_EDGE ( 'NONE', *, *, #2294, .F. ) ;
#2185 = ORIENTED_EDGE ( 'NONE', *, *, #11198, .F. ) ;
#2186 = LINE ( 'NONE', #3461, #10342 ) ;
#2187 = CARTESIAN_POINT ( 'NONE',  ( 41.75140282482416154, -15.57031354152369929, 1.912499999999999645 ) ) ;
#2188 = CARTESIAN_POINT ( 'NONE',  ( 73.96491932761539090, 1.369501866246042310, 1.439121164605829506 ) ) ;
#2189 = DIRECTION ( 'NONE',  ( -0.4679360541420698461, -0.8773801015163783523, 0.1060188978298656631 ) ) ;
#2190 = DIRECTION ( 'NONE',  ( -0.000000000000000000, 0.000000000000000000, 1.000000000000000000 ) ) ;
#2191 = CARTESIAN_POINT ( 'NONE',  ( -24.29138712821873014, 12.95021605206214410, 1.500000000000003553 ) ) ;
#2192 = LINE ( 'NONE', #6333, #1655 ) ;
#2193 = ORIENTED_EDGE ( 'NONE', *, *, #3324, .T. ) ;
#2194 = ORIENTED_EDGE ( 'NONE', *, *, #7711, .T. ) ;
#2195 = ORIENTED_EDGE ( 'NONE', *, *, #969, .F. ) ;
#2196 = LINE ( 'NONE', #10061, #1034 ) ;
#2197 = ORIENTED_EDGE ( 'NONE', *, *, #704, .F. ) ;
#2198 = CARTESIAN_POINT ( 'NONE',  ( -1.921773770931815672, 30.12831799411278411, 2.550000000000000266 ) ) ;
#2199 = LINE ( 'NONE', #5903, #4837 ) ;
#2200 = LINE ( 'NONE', #7068, #4320 ) ;
#2201 = FACE_OUTER_BOUND ( 'NONE', #1039, .T. ) ;
#2202 = DIRECTION ( 'NONE',  ( -0.1257542647526098956, 0.9920614219374375153, 0.000000000000000000 ) ) ;
#2203 = VERTEX_POINT ( 'NONE', #3401 ) ;
#2204 = CARTESIAN_POINT ( 'NONE',  ( 15.38045670213009863, 74.51861236923376453, 2.876621164605829506 ) ) ;
#2205 = EDGE_LOOP ( 'NONE', ( #3364, #8492, #8643, #4770 ) ) ;
#2206 = AXIS2_PLACEMENT_3D ( 'NONE', #8794, #10818, #3840 ) ;
#2207 = DIRECTION ( 'NONE',  ( -0.6711755868170413697, 0.7412984093202953373, 0.000000000000000000 ) ) ;
#2208 = EDGE_LOOP ( 'NONE', ( #3883, #807, #6940, #2524 ) ) ;
#2209 = DIRECTION ( 'NONE',  ( -0.000000000000000000, -0.000000000000000000, -1.000000000000000000 ) ) ;
#2210 = VECTOR ( 'NONE', #72, 1000.000000000000000 ) ;
#2211 = CARTESIAN_POINT ( 'NONE',  ( -4.148326245437850446, 30.12831799411278411, 2.550000000000000266 ) ) ;
#2212 = CARTESIAN_POINT ( 'NONE',  ( 47.99721294224209345, -11.14650014968474423, 1.912499999999999645 ) ) ;
#2213 = ORIENTED_EDGE ( 'NONE', *, *, #3016, .F. ) ;
#2214 = CARTESIAN_POINT ( 'NONE',  ( 6.465278121730796634, -10.94380396979420844, 2.550000000000000266 ) ) ;
#2215 = CARTESIAN_POINT ( 'NONE',  ( -2.210245313089296282, -7.472115200329144002, 1.912499999999999645 ) ) ;
#2216 = CARTESIAN_POINT ( 'NONE',  ( 50.16957179191506100, -10.94380396979420844, 1.912499999999999645 ) ) ;
#2217 = LINE ( 'NONE', #6171, #2077 ) ;
#2218 = EDGE_CURVE ( 'NONE', #3159, #10456, #1220, .T. ) ;
#2219 = ORIENTED_EDGE ( 'NONE', *, *, #9727, .F. ) ;
#2220 = CARTESIAN_POINT ( 'NONE',  ( -6.667692256929348638, -8.653856948230901125, 1.912499999999999645 ) ) ;
#2221 = FACE_OUTER_BOUND ( 'NONE', #2109, .T. ) ;
#2222 = ORIENTED_EDGE ( 'NONE', *, *, #4522, .F. ) ;
#2223 = DIRECTION ( 'NONE',  ( -0.000000000000000000, -0.000000000000000000, 1.000000000000000000 ) ) ;
#2224 = DIRECTION ( 'NONE',  ( 0.5499905695155302698, -0.8351708648198779006, 0.000000000000000000 ) ) ;
#2225 = VECTOR ( 'NONE', #12321, 1000.000000000000000 ) ;
#2226 = EDGE_CURVE ( 'NONE', #1087, #2359, #12192, .T. ) ;
#2227 = EDGE_CURVE ( 'NONE', #10534, #8430, #4381, .T. ) ;
#2228 = ORIENTED_EDGE ( 'NONE', *, *, #4470, .T. ) ;
#2229 = VERTEX_POINT ( 'NONE', #3270 ) ;
#2230 = DIRECTION ( 'NONE',  ( 1.000000000000000000, 0.000000000000000000, 0.000000000000000000 ) ) ;
#2231 = CARTESIAN_POINT ( 'NONE',  ( 0.1909652267713530527, -24.99927063500382118, -2.550000000000000266 ) ) ;
#2232 = CARTESIAN_POINT ( 'NONE',  ( -24.55587571363852817, 74.51861236923376453, 1.439121164605829506 ) ) ;
#2233 = VECTOR ( 'NONE', #11235, 1000.000000000000000 ) ;
#2234 = DIRECTION ( 'NONE',  ( -0.8923663639513965684, -0.4513117242972573551, 0.000000000000000000 ) ) ;
#2235 = CARTESIAN_POINT ( 'NONE',  ( 15.76756684101593819, -10.94380396979420844, -1.275000000000000133 ) ) ;
#2236 = LINE ( 'NONE', #11021, #12456 ) ;
#2237 = CARTESIAN_POINT ( 'NONE',  ( 73.96491932761539090, 74.51861236923376453, 1.439121164605829506 ) ) ;
#2238 = VECTOR ( 'NONE', #8942, 1000.000000000000000 ) ;
#2239 = EDGE_CURVE ( 'NONE', #1160, #8607, #7307, .T. ) ;
#2240 = EDGE_CURVE ( 'NONE', #6278, #1160, #7177, .T. ) ;
#2241 = ORIENTED_EDGE ( 'NONE', *, *, #8139, .T. ) ;
#2242 = VECTOR ( 'NONE', #3921, 1000.000000000000000 ) ;
#2243 = ORIENTED_EDGE ( 'NONE', *, *, #11999, .T. ) ;
#2244 = CARTESIAN_POINT ( 'NONE',  ( -24.96939734929276611, 1.236606652550183316, 2.876621164605812631 ) ) ;
#2245 = LINE ( 'NONE', #2187, #6596 ) ;
#2246 = VECTOR ( 'NONE', #6110, 1000.000000000000000 ) ;
#2247 = PLANE ( 'NONE',  #6374 ) ;
#2248 = DIRECTION ( 'NONE',  ( -0.9632913238286716640, 0.2684582377883105164, 0.000000000000000000 ) ) ;
#2249 = CARTESIAN_POINT ( 'NONE',  ( -23.95150941693850299, 7.184270517399104605, -2.599241280533570286 ) ) ;
#2250 = EDGE_CURVE ( 'NONE', #8430, #9989, #8091, .T. ) ;
#2251 = DIRECTION ( 'NONE',  ( 0.000000000000000000, -1.000000000000000000, 2.428612866367529932E-16 ) ) ;
#2252 = CARTESIAN_POINT ( 'NONE',  ( 9.511444474816499906, 8.139807388987382097, 0.5766211646058294615 ) ) ;
#2253 = EDGE_LOOP ( 'NONE', ( #3647, #4821, #7225, #11844 ) ) ;
#2254 = ORIENTED_EDGE ( 'NONE', *, *, #910, .T. ) ;
#2255 = ORIENTED_EDGE ( 'NONE', *, *, #12074, .T. ) ;
#2256 = VECTOR ( 'NONE', #1412, 1000.000000000000114 ) ;
#2257 = VECTOR ( 'NONE', #10589, 1000.000000000000000 ) ;
#2258 = CIRCLE ( 'NONE', #6624, 2.999999999999999112 ) ;
#2259 = CARTESIAN_POINT ( 'NONE',  ( 11.30748009436489276, 8.151174703035154678, 0.5766211646058294615 ) ) ;
#2260 = VECTOR ( 'NONE', #7081, 1000.000000000000114 ) ;
#2261 = VECTOR ( 'NONE', #3700, 1000.000000000000000 ) ;
#2262 = AXIS2_PLACEMENT_3D ( 'NONE', #4430, #11203, #6457 ) ;
#2263 = EDGE_CURVE ( 'NONE', #6108, #3147, #306, .T. ) ;
#2264 = ORIENTED_EDGE ( 'NONE', *, *, #8420, .F. ) ;
#2265 = CARTESIAN_POINT ( 'NONE',  ( -22.80071311932021416, 13.50472070242324030, -2.499999999999996891 ) ) ;
#2266 = VECTOR ( 'NONE', #11642, 1000.000000000000000 ) ;
#2267 = PLANE ( 'NONE',  #5455 ) ;
#2268 = DIRECTION ( 'NONE',  ( -0.000000000000000000, -0.000000000000000000, -1.000000000000000000 ) ) ;
#2269 = CARTESIAN_POINT ( 'NONE',  ( -13.51126586478674696, 15.14459148665090460, 1.912499999999999645 ) ) ;
#2270 = DIRECTION ( 'NONE',  ( -0.9971426880279495863, 0.07554111272939563471, 0.000000000000000000 ) ) ;
#2271 = EDGE_LOOP ( 'NONE', ( #4649, #9601, #4993 ) ) ;
#2272 = DIRECTION ( 'NONE',  ( -0.6368814469962879032, 0.7709617516270923510, 0.000000000000000000 ) ) ;
#2273 = VECTOR ( 'NONE', #2754, 1000.000000000000000 ) ;
#2274 = EDGE_LOOP ( 'NONE', ( #9590, #2744, #8940, #8580 ) ) ;
#2275 = EDGE_CURVE ( 'NONE', #10297, #7266, #4242, .T. ) ;
#2276 = DIRECTION ( 'NONE',  ( 0.3162277660168469895, 0.9486832980505108814, -0.000000000000000000 ) ) ;
#2277 = ORIENTED_EDGE ( 'NONE', *, *, #734, .T. ) ;
#2278 = DIRECTION ( 'NONE',  ( 0.05815384271279179507, 0.9983076332362363914, -0.000000000000000000 ) ) ;
#2279 = AXIS2_PLACEMENT_3D ( 'NONE', #336, #216, #8056 ) ;
#2280 = CARTESIAN_POINT ( 'NONE',  ( -27.48784799979445737, -0.9453880960248031151, 2.017091174167077838 ) ) ;
#2281 = DIRECTION ( 'NONE',  ( 0.000000000000000000, 1.000000000000000000, 0.000000000000000000 ) ) ;
#2282 = VECTOR ( 'NONE', #10832, 1000.000000000000000 ) ;
#2283 = EDGE_LOOP ( 'NONE', ( #5036, #617, #9313, #1438 ) ) ;
#2284 = CARTESIAN_POINT ( 'NONE',  ( 7.943549333305202076, -19.98267288438036715, 2.550000000000000266 ) ) ;
#2285 = CARTESIAN_POINT ( 'NONE',  ( 56.08082058115941493, 10.42415536329829351, -1.275000000000000133 ) ) ;
#2286 = CARTESIAN_POINT ( 'NONE',  ( 56.74328029394445139, 20.98228877389777836, 1.912499999999999645 ) ) ;
#2287 = CARTESIAN_POINT ( 'NONE',  ( -10.53815904897484224, 35.36936461364880557, -2.550000000000000266 ) ) ;
#2288 = VERTEX_POINT ( 'NONE', #11222 ) ;
#2289 = DIRECTION ( 'NONE',  ( -0.000000000000000000, -0.000000000000000000, -1.000000000000000000 ) ) ;
#2290 = LINE ( 'NONE', #411, #3398 ) ;
#2291 = ORIENTED_EDGE ( 'NONE', *, *, #9868, .F. ) ;
#2292 = PLANE ( 'NONE',  #8416 ) ;
#2293 = FACE_OUTER_BOUND ( 'NONE', #4244, .T. ) ;
#2294 = EDGE_CURVE ( 'NONE', #5115, #1885, #1348, .T. ) ;
#2295 = ORIENTED_EDGE ( 'NONE', *, *, #12788, .T. ) ;
#2296 = EDGE_LOOP ( 'NONE', ( #5680, #4344, #1048, #8565 ) ) ;
#2297 = LINE ( 'NONE', #1268, #11162 ) ;
#2298 = DIRECTION ( 'NONE',  ( -0.000000000000000000, 1.000000000000000000, 0.000000000000000000 ) ) ;
#2299 = DIRECTION ( 'NONE',  ( 1.000000000000000000, 0.000000000000000000, 0.000000000000000000 ) ) ;
#2300 = ORIENTED_EDGE ( 'NONE', *, *, #2800, .F. ) ;
#2301 = DIRECTION ( 'NONE',  ( -0.000000000000000000, 1.000000000000000000, -0.000000000000000000 ) ) ;
#2302 = CARTESIAN_POINT ( 'NONE',  ( 5.926536009056959209, 21.18669797144782407, -1.499999999999998224 ) ) ;
#2303 = DIRECTION ( 'NONE',  ( -0.000000000000000000, -0.000000000000000000, -1.000000000000000000 ) ) ;
#2304 = EDGE_CURVE ( 'NONE', #11793, #11442, #11282, .T. ) ;
#2305 = CARTESIAN_POINT ( 'NONE',  ( 22.69369578148049271, -10.48790597677222891, -3.944330564366045344 ) ) ;
#2306 = ORIENTED_EDGE ( 'NONE', *, *, #7955, .F. ) ;
#2307 = ORIENTED_EDGE ( 'NONE', *, *, #6595, .T. ) ;
#2308 = DIRECTION ( 'NONE',  ( 1.000000000000000000, -0.000000000000000000, -0.000000000000000000 ) ) ;
#2309 = DIRECTION ( 'NONE',  ( -1.000000000000000000, 0.000000000000000000, 0.000000000000000000 ) ) ;
#2310 = EDGE_CURVE ( 'NONE', #3239, #5951, #5369, .T. ) ;
#2311 = CARTESIAN_POINT ( 'NONE',  ( -8.997510015710910025, 30.12831799411278411, -2.550000000000000266 ) ) ;
#2312 = LINE ( 'NONE', #5292, #7318 ) ;
#2313 = CARTESIAN_POINT ( 'NONE',  ( 0.000000000000000000, 0.000000000000000000, 9.000000000000000000 ) ) ;
#2314 = PLANE ( 'NONE',  #12219 ) ;
#2315 = LINE ( 'NONE', #12325, #8886 ) ;
#2316 = EDGE_CURVE ( 'NONE', #7740, #2568, #4311, .T. ) ;
#2317 = VERTEX_POINT ( 'NONE', #444 ) ;
#2318 = ADVANCED_FACE ( 'NONE', ( #10513 ), #11618, .T. ) ;
#2319 = DIRECTION ( 'NONE',  ( 0.000000000000000000, -1.000000000000000000, 0.000000000000000000 ) ) ;
#2320 = EDGE_CURVE ( 'NONE', #8584, #595, #1609, .T. ) ;
#2321 = DIRECTION ( 'NONE',  ( 0.5328132696861327400, -0.8462328400897547453, 0.000000000000000000 ) ) ;
#2322 = ORIENTED_EDGE ( 'NONE', *, *, #3, .T. ) ;
#2323 = CARTESIAN_POINT ( 'NONE',  ( -14.06231303136081046, 6.562698785064672080, 2.876621164605829506 ) ) ;
#2324 = DIRECTION ( 'NONE',  ( 1.000000000000000000, 0.000000000000000000, 0.000000000000000000 ) ) ;
#2325 = CARTESIAN_POINT ( 'NONE',  ( 73.96491932761539090, 74.51861236923376453, 1.151621164605829417 ) ) ;
#2326 = DIRECTION ( 'NONE',  ( 0.8823529411764700070, -0.4705882352941187508, 0.000000000000000000 ) ) ;
#2327 = DIRECTION ( 'NONE',  ( 0.000000000000000000, 2.479012299922036093E-16, 1.000000000000000000 ) ) ;
#2328 = PLANE ( 'NONE',  #6364 ) ;
#2329 = VERTEX_POINT ( 'NONE', #3469 ) ;
#2330 = CARTESIAN_POINT ( 'NONE',  ( 14.03200173286606578, 13.50472070242359557, 202.5000000000000000 ) ) ;
#2331 = VECTOR ( 'NONE', #2343, 1000.000000000000000 ) ;
#2332 = VERTEX_POINT ( 'NONE', #10644 ) ;
#2333 = EDGE_CURVE ( 'NONE', #9586, #10479, #10389, .T. ) ;
#2334 = DIRECTION ( 'NONE',  ( 0.9999977528229970769, 0.002119987961336395298, 0.000000000000000000 ) ) ;
#2335 = ORIENTED_EDGE ( 'NONE', *, *, #4595, .T. ) ;
#2336 = FACE_OUTER_BOUND ( 'NONE', #6287, .T. ) ;
#2337 = EDGE_CURVE ( 'NONE', #5415, #1736, #5559, .T. ) ;
#2338 = AXIS2_PLACEMENT_3D ( 'NONE', #779, #4727, #8699 ) ;
#2339 = ORIENTED_EDGE ( 'NONE', *, *, #8591, .T. ) ;
#2340 = DIRECTION ( 'NONE',  ( 1.000000000000000000, 0.000000000000000000, 0.000000000000000000 ) ) ;
#2341 = DIRECTION ( 'NONE',  ( 0.3348560328937070230, 0.9422693018636915108, -0.000000000000000000 ) ) ;
#2342 = ORIENTED_EDGE ( 'NONE', *, *, #6626, .F. ) ;
#2343 = DIRECTION ( 'NONE',  ( 0.3328201177351529094, 0.9429903335828840882, 0.000000000000000000 ) ) ;
#2344 = LINE ( 'NONE', #5199, #10005 ) ;
#2345 = CARTESIAN_POINT ( 'NONE',  ( 50.16957179191506100, -10.94380396979420844, -2.550000000000000266 ) ) ;
#2346 = CARTESIAN_POINT ( 'NONE',  ( -2.500497672223062740, -7.976601443585464857, 1.912499999999999645 ) ) ;
#2347 = ORIENTED_EDGE ( 'NONE', *, *, #661, .F. ) ;
#2348 = LINE ( 'NONE', #1382, #1837 ) ;
#2349 = LINE ( 'NONE', #7280, #10062 ) ;
#2350 = VECTOR ( 'NONE', #10113, 999.9999999999998863 ) ;
#2351 = VERTEX_POINT ( 'NONE', #11419 ) ;
#2352 = PLANE ( 'NONE',  #10521 ) ;
#2353 = CARTESIAN_POINT ( 'NONE',  ( 58.50605750794129278, 13.76410529228347990, -1.912499999999999645 ) ) ;
#2354 = ORIENTED_EDGE ( 'NONE', *, *, #10814, .F. ) ;
#2355 = ORIENTED_EDGE ( 'NONE', *, *, #1611, .F. ) ;
#2356 = CARTESIAN_POINT ( 'NONE',  ( 50.16957179191506100, -12.10421909368450066, -2.550000000000000266 ) ) ;
#2357 = DIRECTION ( 'NONE',  ( -0.8351708648198779006, -0.5499905695155301588, 0.000000000000000000 ) ) ;
#2358 = CARTESIAN_POINT ( 'NONE',  ( 55.49369733586557629, -1.816435269591295087, 1.912499999999999645 ) ) ;
#2359 = VERTEX_POINT ( 'NONE', #7636 ) ;
#2360 = LINE ( 'NONE', #12370, #8483 ) ;
#2361 = DIRECTION ( 'NONE',  ( -0.000000000000000000, -6.197530749804934925E-17, -1.000000000000000000 ) ) ;
#2362 = PLANE ( 'NONE',  #211 ) ;
#2363 = DIRECTION ( 'NONE',  ( -0.7916961098466014368, -0.6109151083855742792, 0.000000000000000000 ) ) ;
#2364 = VERTEX_POINT ( 'NONE', #564 ) ;
#2365 = VERTEX_POINT ( 'NONE', #769 ) ;
#2366 = DIRECTION ( 'NONE',  ( 0.000000000000000000, -1.000000000000000000, 0.000000000000000000 ) ) ;
#2367 = DIRECTION ( 'NONE',  ( 0.9834531885890730463, -0.1811624294769339227, 0.000000000000000000 ) ) ;
#2368 = CARTESIAN_POINT ( 'NONE',  ( 10.00314624412034981, -12.10421909368450066, 2.550000000000000266 ) ) ;
#2369 = CARTESIAN_POINT ( 'NONE',  ( 2.927409999341250124, 30.12831799411278411, 2.550000000000000266 ) ) ;
#2370 = CARTESIAN_POINT ( 'NONE',  ( -24.77730729607000626, 3.499156884382139676, -2.747624613391983495 ) ) ;
#2371 = VECTOR ( 'NONE', #4935, 1000.000000000000000 ) ;
#2372 = FACE_OUTER_BOUND ( 'NONE', #3050, .T. ) ;
#2373 = CARTESIAN_POINT ( 'NONE',  ( -4.148326245437850446, -12.10421909368450066, 2.550000000000000266 ) ) ;
#2374 = EDGE_LOOP ( 'NONE', ( #459, #239, #11113, #9806 ) ) ;
#2375 = ORIENTED_EDGE ( 'NONE', *, *, #4433, .T. ) ;
#2376 = EDGE_CURVE ( 'NONE', #10937, #7642, #6807, .T. ) ;
#2377 = DIRECTION ( 'NONE',  ( -0.000000000000000000, -0.000000000000000000, -1.000000000000000000 ) ) ;
#2378 = AXIS2_PLACEMENT_3D ( 'NONE', #1256, #5403, #3368 ) ;
#2379 = FACE_OUTER_BOUND ( 'NONE', #11881, .T. ) ;
#2380 = EDGE_CURVE ( 'NONE', #8746, #5850, #8624, .T. ) ;
#2381 = AXIS2_PLACEMENT_3D ( 'NONE', #708, #1415, #567 ) ;
#2382 = ORIENTED_EDGE ( 'NONE', *, *, #11524, .F. ) ;
#2383 = ADVANCED_FACE ( 'NONE', ( #1548 ), #4511, .T. ) ;
#2384 = EDGE_CURVE ( 'NONE', #3119, #5434, #8486, .T. ) ;
#2385 = DIRECTION ( 'NONE',  ( 1.000000000000000000, 0.000000000000000000, 0.000000000000000000 ) ) ;
#2386 = CARTESIAN_POINT ( 'NONE',  ( -21.33587571363853996, 74.51861236923376453, 1.439121164605829506 ) ) ;
#2387 = CARTESIAN_POINT ( 'NONE',  ( 9.542210110286788449, 6.170610632720729960, 0.5766211646058294615 ) ) ;
#2388 = CARTESIAN_POINT ( 'NONE',  ( 6.465278121730796634, -12.10421909368450066, -2.550000000000000266 ) ) ;
#2389 = CARTESIAN_POINT ( 'NONE',  ( 12.64269975298302384, 19.21359266134064470, -2.499999999999996447 ) ) ;
#2390 = CARTESIAN_POINT ( 'NONE',  ( 15.74321981073298282, -8.400381287927684681, -1.912499999999999645 ) ) ;
#2391 = ORIENTED_EDGE ( 'NONE', *, *, #10142, .T. ) ;
#2392 = FACE_OUTER_BOUND ( 'NONE', #6424, .T. ) ;
#2393 = ORIENTED_EDGE ( 'NONE', *, *, #11086, .F. ) ;
#2394 = ORIENTED_EDGE ( 'NONE', *, *, #417, .F. ) ;
#2395 = CARTESIAN_POINT ( 'NONE',  ( -12.39555624394552957, -3.998115479992854659, -1.275000000000000133 ) ) ;
#2396 = ORIENTED_EDGE ( 'NONE', *, *, #8259, .T. ) ;
#2397 = DIRECTION ( 'NONE',  ( -0.9728062146853660996, 0.2316205273060431280, 0.000000000000000000 ) ) ;
#2398 = EDGE_CURVE ( 'NONE', #6307, #9400, #7573, .T. ) ;
#2399 = ORIENTED_EDGE ( 'NONE', *, *, #2897, .F. ) ;
#2400 = ADVANCED_FACE ( 'NONE', ( #8687 ), #1746, .F. ) ;
#2401 = CARTESIAN_POINT ( 'NONE',  ( 57.37133812373669883, 9.423239790125027326, 1.275000000000000133 ) ) ;
#2402 = LINE ( 'NONE', #10341, #12840 ) ;
#2403 = ORIENTED_EDGE ( 'NONE', *, *, #1990, .T. ) ;
#2404 = CARTESIAN_POINT ( 'NONE',  ( -5.459641893321363071, -10.94380396979420844, 1.912499999999999645 ) ) ;
#2405 = PLANE ( 'NONE',  #9734 ) ;
#2406 = VECTOR ( 'NONE', #5742, 1000.000000000000000 ) ;
#2407 = LINE ( 'NONE', #10282, #10273 ) ;
#2408 = CARTESIAN_POINT ( 'NONE',  ( 2.927409999341250124, -12.10421909368450066, 2.550000000000000266 ) ) ;
#2409 = ORIENTED_EDGE ( 'NONE', *, *, #12091, .T. ) ;
#2410 = EDGE_CURVE ( 'NONE', #10834, #11992, #3899, .T. ) ;
#2411 = DIRECTION ( 'NONE',  ( -0.000000000000000000, 0.000000000000000000, -1.000000000000000000 ) ) ;
#2412 = DIRECTION ( 'NONE',  ( -0.9492577079257522588, 0.3144992908474473214, 0.000000000000000000 ) ) ;
#2413 = ORIENTED_EDGE ( 'NONE', *, *, #7935, .T. ) ;
#2414 = DIRECTION ( 'NONE',  ( 0.000000000000000000, 2.479012299922036093E-16, 1.000000000000000000 ) ) ;
#2415 = DIRECTION ( 'NONE',  ( 0.000000000000000000, 1.000000000000000000, 0.000000000000000000 ) ) ;
#2416 = VECTOR ( 'NONE', #4011, 1000.000000000000000 ) ;
#2417 = EDGE_CURVE ( 'NONE', #5540, #9014, #6537, .T. ) ;
#2418 = VERTEX_POINT ( 'NONE', #4588 ) ;
#2419 = ORIENTED_EDGE ( 'NONE', *, *, #2606, .T. ) ;
#2420 = LINE ( 'NONE', #10095, #10563 ) ;
#2421 = DIRECTION ( 'NONE',  ( 0.000000000000000000, 1.000000000000000000, -0.000000000000000000 ) ) ;
#2422 = CARTESIAN_POINT ( 'NONE',  ( 27.30785002937383155, -11.70376863521768307, 1.275000000000000133 ) ) ;
#2423 = ORIENTED_EDGE ( 'NONE', *, *, #4963, .F. ) ;
#2424 = ORIENTED_EDGE ( 'NONE', *, *, #12803, .T. ) ;
#2425 = DIRECTION ( 'NONE',  ( -0.000000000000000000, -0.000000000000000000, -1.000000000000000000 ) ) ;
#2426 = CARTESIAN_POINT ( 'NONE',  ( 25.64822280721285352, 10.15595185374149700, 2.516916041037105867 ) ) ;
#2427 = CARTESIAN_POINT ( 'NONE',  ( 13.54101436650989498, -12.10421909368450066, -2.550000000000000266 ) ) ;
#2428 = VECTOR ( 'NONE', #5571, 1000.000000000000000 ) ;
#2429 = CARTESIAN_POINT ( 'NONE',  ( 24.28421530421658403, -10.48790597677185232, 3.944330564366027136 ) ) ;
#2430 = EDGE_CURVE ( 'NONE', #8290, #9008, #10585, .T. ) ;
#2431 = ORIENTED_EDGE ( 'NONE', *, *, #6549, .T. ) ;
#2432 = ORIENTED_EDGE ( 'NONE', *, *, #11048, .T. ) ;
#2433 = CARTESIAN_POINT ( 'NONE',  ( 51.55835326246926087, -3.549632666827320815, 1.275000000000000133 ) ) ;
#2434 = CARTESIAN_POINT ( 'NONE',  ( 73.96491932761539090, 74.51861236923376453, 0.5766211646058294615 ) ) ;
#2435 = CARTESIAN_POINT ( 'NONE',  ( 12.34156118096667853, -1.642078558591690607, 1.275000000000000133 ) ) ;
#2436 = DIRECTION ( 'NONE',  ( 0.2684582377883105719, 0.9632913238286717750, -0.000000000000000000 ) ) ;
#2437 = LINE ( 'NONE', #11592, #9222 ) ;
#2438 = VECTOR ( 'NONE', #5943, 999.9999999999998863 ) ;
#2439 = CARTESIAN_POINT ( 'NONE',  ( -27.50000000000000000, -26.38003686660402991, 5.864668395365353781 ) ) ;
#2440 = CARTESIAN_POINT ( 'NONE',  ( 5.926536009056959209, 21.18669797144782407, 2.500000000000000000 ) ) ;
#2441 = ORIENTED_EDGE ( 'NONE', *, *, #11768, .T. ) ;
#2442 = FACE_OUTER_BOUND ( 'NONE', #4700, .T. ) ;
#2443 = DIRECTION ( 'NONE',  ( -0.000000000000000000, 1.000000000000000000, -0.000000000000000000 ) ) ;
#2444 = ORIENTED_EDGE ( 'NONE', *, *, #3640, .T. ) ;
#2445 = AXIS2_PLACEMENT_3D ( 'NONE', #7586, #9350, #2658 ) ;
#2446 = CIRCLE ( 'NONE', #11603, 2.000000000000001776 ) ;
#2447 = EDGE_LOOP ( 'NONE', ( #1685, #12613, #10288, #104, #2394, #6350, #3420, #10624, #6556, #10427, #8516, #783, #8200, #624, #3937, #2219 ) ) ;
#2448 = EDGE_CURVE ( 'NONE', #907, #2737, #9600, .T. ) ;
#2449 = PLANE ( 'NONE',  #1202 ) ;
#2450 = DIRECTION ( 'NONE',  ( -1.000000000000000000, 0.000000000000000000, 0.000000000000000000 ) ) ;
#2451 = PLANE ( 'NONE',  #3580 ) ;
#2452 = CARTESIAN_POINT ( 'NONE',  ( 13.64993377744630898, -10.94380396979420844, 1.912499999999999645 ) ) ;
#2453 = AXIS2_PLACEMENT_3D ( 'NONE', #9804, #9743, #7830 ) ;
#2454 = VECTOR ( 'NONE', #3059, 1000.000000000000000 ) ;
#2455 = DIRECTION ( 'NONE',  ( -0.000000000000000000, -0.000000000000000000, -1.000000000000000000 ) ) ;
#2456 = DIRECTION ( 'NONE',  ( -0.7592566023652975726, -0.6507913734559673813, 0.000000000000000000 ) ) ;
#2457 = VERTEX_POINT ( 'NONE', #6672 ) ;
#2458 = DIRECTION ( 'NONE',  ( -0.8038141473134123860, 0.5948805061344771827, 0.000000000000000000 ) ) ;
#2459 = EDGE_LOOP ( 'NONE', ( #3281, #9508, #6221, #11550 ) ) ;
#2460 = AXIS2_PLACEMENT_3D ( 'NONE', #6896, #4954, #84 ) ;
#2461 = ORIENTED_EDGE ( 'NONE', *, *, #5751, .T. ) ;
#2462 = VECTOR ( 'NONE', #11894, 1000.000000000000000 ) ;
#2463 = FACE_OUTER_BOUND ( 'NONE', #4424, .T. ) ;
#2464 = ORIENTED_EDGE ( 'NONE', *, *, #7392, .F. ) ;
#2465 = ADVANCED_FACE ( 'NONE', ( #3738 ), #9666, .T. ) ;
#2466 = VECTOR ( 'NONE', #3944, 999.9999999999998863 ) ;
#2467 = VECTOR ( 'NONE', #10173, 1000.000000000000000 ) ;
#2468 = DIRECTION ( 'NONE',  ( -0.06237828615518847125, 0.9980525784828879754, 0.000000000000000000 ) ) ;
#2469 = EDGE_CURVE ( 'NONE', #2576, #118, #9399, .T. ) ;
#2470 = ORIENTED_EDGE ( 'NONE', *, *, #5068, .T. ) ;
#2471 = VECTOR ( 'NONE', #7156, 1000.000000000000114 ) ;
#2472 = CARTESIAN_POINT ( 'NONE',  ( 15.00967116025836390, -8.996818041117325748, 1.912499999999999645 ) ) ;
#2473 = VERTEX_POINT ( 'NONE', #9724 ) ;
#2474 = AXIS2_PLACEMENT_3D ( 'NONE', #9091, #2276, #10138 ) ;
#2475 = ORIENTED_EDGE ( 'NONE', *, *, #4266, .T. ) ;
#2476 = AXIS2_PLACEMENT_3D ( 'NONE', #11612, #8683, #2711 ) ;
#2477 = CARTESIAN_POINT ( 'NONE',  ( -4.671774536119602139, -2.012560594422116989, 1.275000000000000133 ) ) ;
#2478 = DIRECTION ( 'NONE',  ( -0.000000000000000000, -0.000000000000000000, -1.000000000000000000 ) ) ;
#2479 = CARTESIAN_POINT ( 'NONE',  ( 2.926536009056958765, 21.18669797144782407, -1.499999999999998224 ) ) ;
#2480 = ADVANCED_FACE ( 'NONE', ( #1984 ), #6786, .T. ) ;
#2481 = CARTESIAN_POINT ( 'NONE',  ( 83.76737459837873701, 38.80949993093332040, 1.439121164605829506 ) ) ;
#2482 = ORIENTED_EDGE ( 'NONE', *, *, #9579, .F. ) ;
#2483 = PLANE ( 'NONE',  #11379 ) ;
#2484 = DIRECTION ( 'NONE',  ( 0.000000000000000000, -0.000000000000000000, 1.000000000000000000 ) ) ;
#2485 = EDGE_CURVE ( 'NONE', #7485, #9407, #2955, .T. ) ;
#2486 = ORIENTED_EDGE ( 'NONE', *, *, #8436, .F. ) ;
#2487 = EDGE_CURVE ( 'NONE', #6798, #5671, #7758, .T. ) ;
#2488 = LINE ( 'NONE', #8725, #5741 ) ;
#2489 = LINE ( 'NONE', #3313, #12015 ) ;
#2490 = VECTOR ( 'NONE', #4006, 1000.000000000000000 ) ;
#2491 = AXIS2_PLACEMENT_3D ( 'NONE', #1869, #98, #4785 ) ;
#2492 = EDGE_CURVE ( 'NONE', #3863, #4673, #4687, .T. ) ;
#2493 = ORIENTED_EDGE ( 'NONE', *, *, #10824, .T. ) ;
#2494 = LINE ( 'NONE', #6450, #3146 ) ;
#2495 = DIRECTION ( 'NONE',  ( 0.000000000000000000, -1.000000000000000000, 2.479012299922036093E-16 ) ) ;
#2496 = CARTESIAN_POINT ( 'NONE',  ( -7.089249254718881232, -8.536373850486274506, -1.275000000000000133 ) ) ;
#2497 = FACE_OUTER_BOUND ( 'NONE', #11424, .T. ) ;
#2498 = AXIS2_PLACEMENT_3D ( 'NONE', #2330, #5187, #3290 ) ;
#2499 = ORIENTED_EDGE ( 'NONE', *, *, #7974, .F. ) ;
#2500 = EDGE_LOOP ( 'NONE', ( #12532, #10292, #5560, #5459 ) ) ;
#2501 = PLANE ( 'NONE',  #1025 ) ;
#2502 = CARTESIAN_POINT ( 'NONE',  ( 26.85639492195181077, 5.939862451466741078, 1.650006243700278263 ) ) ;
#2503 = CARTESIAN_POINT ( 'NONE',  ( 9.542210110286795555, 7.320610632720728539, 0.5766211646058294615 ) ) ;
#2504 = VECTOR ( 'NONE', #1409, 1000.000000000000114 ) ;
#2505 = ORIENTED_EDGE ( 'NONE', *, *, #4718, .F. ) ;
#2506 = CARTESIAN_POINT ( 'NONE',  ( 25.96021463770272675, -9.269209242043240593, -2.749065060737606370 ) ) ;
#2507 = ADVANCED_FACE ( 'NONE', ( #8936 ), #5319, .T. ) ;
#2508 = VECTOR ( 'NONE', #1815, 1000.000000000000000 ) ;
#2509 = EDGE_CURVE ( 'NONE', #92, #2203, #5936, .T. ) ;
#2510 = EDGE_LOOP ( 'NONE', ( #7035, #11165, #5047, #10485 ) ) ;
#2511 = EDGE_LOOP ( 'NONE', ( #1762, #1707, #3145, #11190, #2558, #3787, #8783, #3491, #3689, #8284, #4955, #10160, #10446, #6460, #850, #8572, #12013, #1210, #6247, #6898, #11970, #2903, #359, #11643, #1726, #9585, #8098, #6353, #3753, #1724, #3471, #10191, #5594, #11697, #8680, #2184, #2015, #4637, #7839, #522, #12145, #8863, #8126, #7442, #1862, #8432, #5735, #7386, #3092, #11685, #2840, #9427, #8853, #8217, #4920, #1823, #5378, #2575, #6504, #2424, #8987, #5005, #7071, #6020, #8084, #4083, #10181, #11673, #3289, #9245 ) ) ;
#2512 = PLANE ( 'NONE',  #12640 ) ;
#2513 = FACE_OUTER_BOUND ( 'NONE', #4455, .T. ) ;
#2514 = FACE_OUTER_BOUND ( 'NONE', #10638, .T. ) ;
#2515 = LINE ( 'NONE', #6468, #12315 ) ;
#2516 = PLANE ( 'NONE',  #9525 ) ;
#2517 = CARTESIAN_POINT ( 'NONE',  ( 5.926536009056959209, 21.18669797144782407, 1.500000000000005551 ) ) ;
#2518 = APPLICATION_CONTEXT ( 'automotive_design' ) ;
#2519 = ORIENTED_EDGE ( 'NONE', *, *, #9323, .F. ) ;
#2520 = ORIENTED_EDGE ( 'NONE', *, *, #4854, .F. ) ;
#2521 = EDGE_CURVE ( 'NONE', #6472, #9357, #3922, .T. ) ;
#2522 = FACE_OUTER_BOUND ( 'NONE', #12551, .T. ) ;
#2523 = DIRECTION ( 'NONE',  ( 0.9962940580521032485, -0.08601249845268063576, 0.000000000000000000 ) ) ;
#2524 = ORIENTED_EDGE ( 'NONE', *, *, #5033, .T. ) ;
#2525 = ORIENTED_EDGE ( 'NONE', *, *, #3924, .F. ) ;
#2526 = DIRECTION ( 'NONE',  ( 0.000000000000000000, 1.000000000000000000, 0.000000000000000000 ) ) ;
#2527 = LINE ( 'NONE', #316, #5145 ) ;
#2528 = FACE_BOUND ( 'NONE', #9843, .T. ) ;
#2529 = CARTESIAN_POINT ( 'NONE',  ( -3.468005536002307210, -8.854269291442316003, 1.275000000000000133 ) ) ;
#2530 = DIRECTION ( 'NONE',  ( 0.000000000000000000, 6.197530749804934925E-17, 1.000000000000000000 ) ) ;
#2531 = DIRECTION ( 'NONE',  ( -0.8596837754248070063, 0.5108265911944580573, 0.000000000000000000 ) ) ;
#2532 = ORIENTED_EDGE ( 'NONE', *, *, #417, .T. ) ;
#2533 = CARTESIAN_POINT ( 'NONE',  ( 73.96491932761539090, 74.51861236923376453, 0.5766211646058294615 ) ) ;
#2534 = ORIENTED_EDGE ( 'NONE', *, *, #1947, .T. ) ;
#2535 = ORIENTED_EDGE ( 'NONE', *, *, #7974, .T. ) ;
#2536 = CARTESIAN_POINT ( 'NONE',  ( -23.70707270428967917, -11.74177554605780394, -4.095842855935358351 ) ) ;
#2537 = ORIENTED_EDGE ( 'NONE', *, *, #561, .F. ) ;
#2538 = CARTESIAN_POINT ( 'NONE',  ( 10.00314624412034981, 30.12831799411278411, 2.550000000000000266 ) ) ;
#2539 = ADVANCED_FACE ( 'NONE', ( #9915 ), #12771, .T. ) ;
#2540 = ORIENTED_EDGE ( 'NONE', *, *, #6448, .F. ) ;
#2541 = VECTOR ( 'NONE', #1786, 999.9999999999998863 ) ;
#2542 = CARTESIAN_POINT ( 'NONE',  ( -27.10866345201431926, -4.717270346416789550, 2.310157609010941471 ) ) ;
#2543 = VERTEX_POINT ( 'NONE', #3851 ) ;
#2544 = VERTEX_POINT ( 'NONE', #44 ) ;
#2545 = EDGE_CURVE ( 'NONE', #5697, #4732, #11679, .T. ) ;
#2546 = PLANE ( 'NONE',  #8337 ) ;
#2547 = DIRECTION ( 'NONE',  ( 0.000000000000000000, -1.000000000000000000, 0.000000000000000000 ) ) ;
#2548 = CARTESIAN_POINT ( 'NONE',  ( -9.775496997119320852, -6.501900836165330766, -1.275000000000000133 ) ) ;
#2549 = CARTESIAN_POINT ( 'NONE',  ( -24.72155221635692968, 9.791967615049758322, 2.524442655535163116 ) ) ;
#2550 = ORIENTED_EDGE ( 'NONE', *, *, #10320, .F. ) ;
#2551 = DIRECTION ( 'NONE',  ( -0.4508164918325311965, 0.8926166538283997198, 0.000000000000000000 ) ) ;
#2552 = CARTESIAN_POINT ( 'NONE',  ( 32.13262066142611673, -16.38802965820035951, 1.275000000000000133 ) ) ;
#2553 = VERTEX_POINT ( 'NONE', #4974 ) ;
#2554 = CARTESIAN_POINT ( 'NONE',  ( -1.953036272342378421, -15.39100795260625176, 1.912499999999999645 ) ) ;
#2556 = CARTESIAN_POINT ( 'NONE',  ( 5.926536009056960097, 24.18669797144782052, -1.499999999999998446 ) ) ;
#2555 = AXIS2_PLACEMENT_3D ( 'NONE', #1643, #3569, #5658 ) ;
#2557 = EDGE_CURVE ( 'NONE', #2473, #11575, #6005, .T. ) ;
#2558 = ORIENTED_EDGE ( 'NONE', *, *, #7167, .F. ) ;
#2559 = EDGE_CURVE ( 'NONE', #3712, #5349, #7945, .T. ) ;
#2560 = EDGE_CURVE ( 'NONE', #9368, #8476, #11205, .T. ) ;
#2561 = LINE ( 'NONE', #3584, #10439 ) ;
#2562 = DIRECTION ( 'NONE',  ( -0.000000000000000000, -0.000000000000000000, -1.000000000000000000 ) ) ;
#2563 = ADVANCED_FACE ( 'NONE', ( #2894 ), #5030, .T. ) ;
#2564 = EDGE_CURVE ( 'NONE', #10897, #4169, #836, .T. ) ;
#2565 = CARTESIAN_POINT ( 'NONE',  ( 6.465278121730796634, -10.94380396979420844, 1.912499999999999645 ) ) ;
#2566 = VECTOR ( 'NONE', #10597, 1000.000000000000000 ) ;
#2567 = ORIENTED_EDGE ( 'NONE', *, *, #419, .T. ) ;
#2568 = VERTEX_POINT ( 'NONE', #1139 ) ;
#2569 = CARTESIAN_POINT ( 'NONE',  ( 26.49481981001235198, -9.714557292503382513, -1.275000000000000133 ) ) ;
#2570 = CARTESIAN_POINT ( 'NONE',  ( 24.77863826045404139, 12.12756495634807408, 1.499999999961735719 ) ) ;
#2571 = DIRECTION ( 'NONE',  ( -0.8984435854032700730, 0.4390889703097960450, 0.000000000000000000 ) ) ;
#2572 = ORIENTED_EDGE ( 'NONE', *, *, #21, .F. ) ;
#2573 = DIRECTION ( 'NONE',  ( 1.000000000000000000, -0.000000000000000000, -0.000000000000000000 ) ) ;
#2574 = AXIS2_PLACEMENT_3D ( 'NONE', #5027, #1866, #4842 ) ;
#2575 = ORIENTED_EDGE ( 'NONE', *, *, #12727, .T. ) ;
#2576 = VERTEX_POINT ( 'NONE', #4037 ) ;
#2577 = PLANE ( 'NONE',  #1209 ) ;
#2578 = ADVANCED_FACE ( 'NONE', ( #11268 ), #2118, .T. ) ;
#2579 = LINE ( 'NONE', #12521, #5657 ) ;
#2580 = EDGE_CURVE ( 'NONE', #4169, #8963, #3323, .T. ) ;
#2581 = CARTESIAN_POINT ( 'NONE',  ( 8.691830596236838957, -12.10421909368450066, -1.912499999999999645 ) ) ;
#2582 = CARTESIAN_POINT ( 'NONE',  ( -6.273778340962095967, -8.792072357342210154, 1.912499999999999645 ) ) ;
#2583 = LINE ( 'NONE', #2439, #5583 ) ;
#2584 = DIRECTION ( 'NONE',  ( 1.000000000000000000, 0.000000000000000000, 0.000000000000000000 ) ) ;
#2585 = ORIENTED_EDGE ( 'NONE', *, *, #11538, .T. ) ;
#2586 = ORIENTED_EDGE ( 'NONE', *, *, #908, .F. ) ;
#2587 = FACE_OUTER_BOUND ( 'NONE', #6563, .T. ) ;
#2588 = EDGE_CURVE ( 'NONE', #11014, #1676, #8268, .T. ) ;
#2589 = DIRECTION ( 'NONE',  ( -0.9149178015729286795, -0.4036402065763011193, 0.000000000000000000 ) ) ;
#2590 = EDGE_LOOP ( 'NONE', ( #9937, #11363, #7359, #4465 ) ) ;
#2591 = LINE ( 'NONE', #7581, #377 ) ;
#2592 = AXIS2_PLACEMENT_3D ( 'NONE', #7734, #1652, #10733 ) ;
#2593 = DIRECTION ( 'NONE',  ( 0.9874406319167059465, -0.1579905011066695675, 0.000000000000000000 ) ) ;
#2594 = LINE ( 'NONE', #7584, #2566 ) ;
#2595 = CARTESIAN_POINT ( 'NONE',  ( -29.04673649573542704, 1.369501866246042310, 2.876621164605829506 ) ) ;
#2596 = VECTOR ( 'NONE', #5462, 1000.000000000000000 ) ;
#2597 = CARTESIAN_POINT ( 'NONE',  ( 40.48488503665707583, -15.23679364893768984, 1.275000000000000133 ) ) ;
#2598 = FACE_OUTER_BOUND ( 'NONE', #10319, .T. ) ;
#2599 = ORIENTED_EDGE ( 'NONE', *, *, #5242, .T. ) ;
#2600 = CARTESIAN_POINT ( 'NONE',  ( 5.926536009056960097, 25.18669797144782407, -1.499999999999998446 ) ) ;
#2601 = VERTEX_POINT ( 'NONE', #4103 ) ;
#2602 = EDGE_LOOP ( 'NONE', ( #7393, #813, #8959, #7512, #10520, #10306 ) ) ;
#2603 = ORIENTED_EDGE ( 'NONE', *, *, #8782, .T. ) ;
#2604 = DIRECTION ( 'NONE',  ( 0.7408333365801926806, -0.6716888918327136304, 0.000000000000000000 ) ) ;
#2605 = AXIS2_PLACEMENT_3D ( 'NONE', #4846, #8805, #952 ) ;
#2606 = EDGE_CURVE ( 'NONE', #11265, #9842, #10236, .T. ) ;
#2607 = ORIENTED_EDGE ( 'NONE', *, *, #9343, .T. ) ;
#2608 = ORIENTED_EDGE ( 'NONE', *, *, #2874, .T. ) ;
#2609 = CARTESIAN_POINT ( 'NONE',  ( 58.50605750794129278, 13.76410529228347990, 1.912499999999999645 ) ) ;
#2610 = ORIENTED_EDGE ( 'NONE', *, *, #10048, .T. ) ;
#2611 = ORIENTED_EDGE ( 'NONE', *, *, #9896, .F. ) ;
#2612 = DIRECTION ( 'NONE',  ( 0.9492577079257522588, -0.3144992908474473214, 0.000000000000000000 ) ) ;
#2613 = DIRECTION ( 'NONE',  ( -0.4159883731862181189, 0.9093699320814844222, 0.000000000000000000 ) ) ;
#2614 = CARTESIAN_POINT ( 'NONE',  ( -4.132173923502903357, -1.514016550156666030, -1.275000000000000133 ) ) ;
#2615 = CARTESIAN_POINT ( 'NONE',  ( -22.69369578148065969, -10.48790597677185232, 3.944330564366027136 ) ) ;
#2616 = ORIENTED_EDGE ( 'NONE', *, *, #8400, .T. ) ;
#2617 = CARTESIAN_POINT ( 'NONE',  ( 25.00000000000000000, 2.274029804899709383E-15, -2.956464602960522825 ) ) ;
#2618 = CARTESIAN_POINT ( 'NONE',  ( 10.66144447481649848, 9.289807388987387782, 0.5766211646058294615 ) ) ;
#2619 = LINE ( 'NONE', #11586, #4058 ) ;
#2620 = ORIENTED_EDGE ( 'NONE', *, *, #12050, .F. ) ;
#2621 = ORIENTED_EDGE ( 'NONE', *, *, #6121, .F. ) ;
#2622 = DIRECTION ( 'NONE',  ( -0.000000000000000000, -0.000000000000000000, -1.000000000000000000 ) ) ;
#2623 = CARTESIAN_POINT ( 'NONE',  ( 50.16957179191506100, -12.10421909368450066, 1.275000000000000133 ) ) ;
#2624 = ADVANCED_FACE ( 'NONE', ( #9186 ), #12178, .F. ) ;
#2625 = DIRECTION ( 'NONE',  ( 0.000000000000000000, 0.000000000000000000, 1.000000000000000000 ) ) ;
#2626 = ORIENTED_EDGE ( 'NONE', *, *, #8974, .F. ) ;
#2627 = ORIENTED_EDGE ( 'NONE', *, *, #3773, .F. ) ;
#2628 = CARTESIAN_POINT ( 'NONE',  ( 50.25032737756705359, -7.964070100860446644, 1.912499999999999645 ) ) ;
#2629 = DIRECTION ( 'NONE',  ( -0.2782760326772912296, -0.9605011450474106871, 0.000000000000000000 ) ) ;
#2630 = DIRECTION ( 'NONE',  ( -0.8462328400897510816, 0.5328132696861385131, 0.000000000000000000 ) ) ;
#2631 = ORIENTED_EDGE ( 'NONE', *, *, #11286, .F. ) ;
#2632 = AXIS2_PLACEMENT_3D ( 'NONE', #3982, #6970, #10102 ) ;
#2633 = CARTESIAN_POINT ( 'NONE',  ( -27.50000000000000000, 1.236606652550183538, 2.876621164605825065 ) ) ;
#2634 = ADVANCED_FACE ( 'NONE', ( #5283 ), #2362, .T. ) ;
#2635 = EDGE_CURVE ( 'NONE', #10267, #2110, #11077, .T. ) ;
#2636 = ORIENTED_EDGE ( 'NONE', *, *, #6778, .F. ) ;
#2637 = EDGE_LOOP ( 'NONE', ( #361, #11810, #3328, #10063 ) ) ;
#2638 = CARTESIAN_POINT ( 'NONE',  ( 50.16957179191506100, -12.10421909368450066, -1.275000000000000133 ) ) ;
#2639 = FACE_OUTER_BOUND ( 'NONE', #6599, .T. ) ;
#2640 = DIRECTION ( 'NONE',  ( 0.6866235329637208062, -0.7270131525498133573, 0.000000000000000000 ) ) ;
#2641 = VECTOR ( 'NONE', #1953, 1000.000000000000000 ) ;
#2642 = LINE ( 'NONE', #563, #7028 ) ;
#2643 = DIRECTION ( 'NONE',  ( 0.000000000000000000, -0.000000000000000000, 1.000000000000000000 ) ) ;
#2644 = EDGE_CURVE ( 'NONE', #298, #1326, #11139, .T. ) ;
#2645 = ORIENTED_EDGE ( 'NONE', *, *, #2469, .F. ) ;
#2646 = ORIENTED_EDGE ( 'NONE', *, *, #12450, .F. ) ;
#2647 = DIRECTION ( 'NONE',  ( -1.000000000000000000, 0.000000000000000000, -0.000000000000000000 ) ) ;
#2648 = DIRECTION ( 'NONE',  ( 0.3078202854146708245, -0.9514445185544087025, 0.000000000000000000 ) ) ;
#2649 = ADVANCED_FACE ( 'NONE', ( #12056 ), #4167, .T. ) ;
#2650 = ORIENTED_EDGE ( 'NONE', *, *, #10190, .T. ) ;
#2651 = VECTOR ( 'NONE', #11027, 1000.000000000000000 ) ;
#2652 = VERTEX_POINT ( 'NONE', #1199 ) ;
#2653 = CARTESIAN_POINT ( 'NONE',  ( 1.627768273417554035, -18.41348552438472197, -1.275000000000000133 ) ) ;
#2654 = EDGE_CURVE ( 'NONE', #842, #8721, #3081, .T. ) ;
#2655 = LINE ( 'NONE', #6614, #1190 ) ;
#2656 = CARTESIAN_POINT ( 'NONE',  ( 50.16957179191506100, -10.94380396979420844, 2.550000000000000266 ) ) ;
#2657 = LINE ( 'NONE', #6616, #6372 ) ;
#2658 = DIRECTION ( 'NONE',  ( 0.2982749931359122697, -0.9544799780350404772, 0.000000000000000000 ) ) ;
#2659 = DIRECTION ( 'NONE',  ( 1.000000000000000000, 0.000000000000000000, 0.000000000000000000 ) ) ;
#2660 = ORIENTED_EDGE ( 'NONE', *, *, #7641, .F. ) ;
#2661 = DIRECTION ( 'NONE',  ( 0.000000000000000000, 1.000000000000000000, 0.000000000000000000 ) ) ;
#2662 = ORIENTED_EDGE ( 'NONE', *, *, #554, .F. ) ;
#2663 = EDGE_LOOP ( 'NONE', ( #2816, #11272, #3037, #593, #10180, #585 ) ) ;
#2664 = CIRCLE ( 'NONE', #10754, 2.000000000000001776 ) ;
#2665 = ORIENTED_EDGE ( 'NONE', *, *, #7553, .F. ) ;
#2666 = LINE ( 'NONE', #6690, #9956 ) ;
#2667 = VECTOR ( 'NONE', #8085, 1000.000000000000000 ) ;
#2668 = EDGE_CURVE ( 'NONE', #321, #6611, #5826, .T. ) ;
#2669 = ORIENTED_EDGE ( 'NONE', *, *, #4357, .T. ) ;
#2670 = VERTEX_POINT ( 'NONE', #4295 ) ;
#2671 = DIRECTION ( 'NONE',  ( -0.4539257814188826234, 0.8910394968592900700, 0.000000000000000000 ) ) ;
#2672 = ORIENTED_EDGE ( 'NONE', *, *, #11232, .T. ) ;
#2673 = AXIS2_PLACEMENT_3D ( 'NONE', #10449, #763, #11413 ) ;
#2674 = ORIENTED_EDGE ( 'NONE', *, *, #3407, .F. ) ;
#2675 = LINE ( 'NONE', #1824, #9174 ) ;
#2676 = VECTOR ( 'NONE', #757, 1000.000000000000000 ) ;
#2677 = CARTESIAN_POINT ( 'NONE',  ( 5.926536009056960097, 25.18669797144782407, 1.500000000000004441 ) ) ;
#2678 = VECTOR ( 'NONE', #4829, 1000.000000000000000 ) ;
#2679 = EDGE_CURVE ( 'NONE', #6335, #10537, #2236, .T. ) ;
#2680 = CARTESIAN_POINT ( 'NONE',  ( 24.54530078484973288, -23.04204434554795000, 1.275000000000000133 ) ) ;
#2681 = FACE_OUTER_BOUND ( 'NONE', #6516, .T. ) ;
#2682 = ORIENTED_EDGE ( 'NONE', *, *, #3798, .T. ) ;
#2683 = PLANE ( 'NONE',  #6181 ) ;
#2684 = DIRECTION ( 'NONE',  ( -0.000000000000000000, -0.000000000000000000, -1.000000000000000000 ) ) ;
#2685 = ORIENTED_EDGE ( 'NONE', *, *, #3810, .F. ) ;
#2686 = PRODUCT_DEFINITION_SHAPE ( 'NONE', 'NONE',  #8398 ) ;
#2687 = LINE ( 'NONE', #12629, #10098 ) ;
#2688 = VECTOR ( 'NONE', #12134, 1000.000000000000114 ) ;
#2689 = VECTOR ( 'NONE', #4510, 1000.000000000000000 ) ;
#2690 = VECTOR ( 'NONE', #5977, 1000.000000000000000 ) ;
#2691 = VECTOR ( 'NONE', #1576, 1000.000000000000000 ) ;
#2692 = ORIENTED_EDGE ( 'NONE', *, *, #4695, .T. ) ;
#2693 = CARTESIAN_POINT ( 'NONE',  ( -27.50000000000000000, 13.50472070242324030, -2.499999999999996891 ) ) ;
#2694 = CARTESIAN_POINT ( 'NONE',  ( 12.45748009436489845, 9.301174703035153257, 1.151621164605829417 ) ) ;
#2695 = LINE ( 'NONE', #10630, #7966 ) ;
#2696 = CARTESIAN_POINT ( 'NONE',  ( 55.49369733586557629, -1.816435269591295087, 1.275000000000000133 ) ) ;
#2697 = VECTOR ( 'NONE', #7464, 1000.000000000000000 ) ;
#2698 = ORIENTED_EDGE ( 'NONE', *, *, #6855, .T. ) ;
#2699 = ORIENTED_EDGE ( 'NONE', *, *, #3740, .F. ) ;
#2700 = CARTESIAN_POINT ( 'NONE',  ( 50.16957179191506100, -10.94380396979420844, 2.550000000000000266 ) ) ;
#2701 = FACE_OUTER_BOUND ( 'NONE', #5605, .T. ) ;
#2702 = EDGE_LOOP ( 'NONE', ( #4388, #6882, #1339, #3117 ) ) ;
#2703 = VECTOR ( 'NONE', #3250, 1000.000000000000000 ) ;
#2704 = PLANE ( 'NONE',  #8837 ) ;
#2705 = EDGE_CURVE ( 'NONE', #4480, #10150, #9248, .T. ) ;
#2706 = ORIENTED_EDGE ( 'NONE', *, *, #2091, .F. ) ;
#2707 = VECTOR ( 'NONE', #11966, 1000.000000000000000 ) ;
#2708 = ORIENTED_EDGE ( 'NONE', *, *, #12286, .T. ) ;
#2709 = CARTESIAN_POINT ( 'NONE',  ( -27.51799396694915956, -0.4337557101324716058, 2.983349059934370828 ) ) ;
#2710 = VECTOR ( 'NONE', #7817, 1000.000000000000000 ) ;
#2711 = DIRECTION ( 'NONE',  ( 0.8038141473134123860, -0.5948805061344770717, 0.000000000000000000 ) ) ;
#2712 = EDGE_CURVE ( 'NONE', #8041, #7531, #8076, .T. ) ;
#2713 = LINE ( 'NONE', #9663, #494 ) ;
#2714 = FACE_OUTER_BOUND ( 'NONE', #4275, .T. ) ;
#2715 = DIRECTION ( 'NONE',  ( 0.8823529411764706731, 0.4705882352941176405, -0.000000000000000000 ) ) ;
#2716 = ORIENTED_EDGE ( 'NONE', *, *, #7776, .T. ) ;
#2717 = LINE ( 'NONE', #9851, #4232 ) ;
#2718 = AXIS2_PLACEMENT_3D ( 'NONE', #901, #11747, #3026 ) ;
#2719 = ORIENTED_EDGE ( 'NONE', *, *, #12661, .T. ) ;
#2720 = EDGE_CURVE ( 'NONE', #9805, #3370, #10300, .T. ) ;
#2721 = EDGE_LOOP ( 'NONE', ( #1889, #504, #6916, #2537 ) ) ;
#2722 = LINE ( 'NONE', #10523, #5760 ) ;
#2723 = EDGE_CURVE ( 'NONE', #8374, #1223, #10600, .T. ) ;
#2724 = CARTESIAN_POINT ( 'NONE',  ( 23.87669192650720618, 11.69712841686362204, -2.499999999999996447 ) ) ;
#2725 = EDGE_CURVE ( 'NONE', #9892, #12517, #11406, .T. ) ;
#2726 = LINE ( 'NONE', #6682, #12103 ) ;
#2727 = DIRECTION ( 'NONE',  ( -0.9291711076192176177, 0.3696499056751892942, 0.000000000000000000 ) ) ;
#2728 = ADVANCED_FACE ( 'NONE', ( #6459 ), #5620, .F. ) ;
#2729 = DIRECTION ( 'NONE',  ( 0.000000000000000000, 1.000000000000000000, 0.000000000000000000 ) ) ;
#2730 = PLANE ( 'NONE',  #11427 ) ;
#2731 = ORIENTED_EDGE ( 'NONE', *, *, #5628, .F. ) ;
#2732 = ORIENTED_EDGE ( 'NONE', *, *, #5014, .T. ) ;
#2733 = ORIENTED_EDGE ( 'NONE', *, *, #10431, .F. ) ;
#2734 = VERTEX_POINT ( 'NONE', #3455 ) ;
#2735 = CARTESIAN_POINT ( 'NONE',  ( -23.70707270428859559, -11.74177554605742912, 4.095842855935306837 ) ) ;
#2736 = ORIENTED_EDGE ( 'NONE', *, *, #1959, .F. ) ;
#2737 = VERTEX_POINT ( 'NONE', #4576 ) ;
#2738 = FACE_OUTER_BOUND ( 'NONE', #8596, .T. ) ;
#2739 = ORIENTED_EDGE ( 'NONE', *, *, #10901, .F. ) ;
#2740 = LINE ( 'NONE', #12553, #895 ) ;
#2741 = LINE ( 'NONE', #6700, #9531 ) ;
#2742 = DIRECTION ( 'NONE',  ( 0.5673052362514962033, -0.8235076010102360122, 0.000000000000000000 ) ) ;
#2743 = PLANE ( 'NONE',  #6008 ) ;
#2744 = ORIENTED_EDGE ( 'NONE', *, *, #9035, .T. ) ;
#2745 = DIRECTION ( 'NONE',  ( 0.000000000000000000, -0.000000000000000000, -1.000000000000000000 ) ) ;
#2746 = DIRECTION ( 'NONE',  ( 0.9323613089501432416, -0.3615278544908753777, 0.000000000000000000 ) ) ;
#2747 = VERTEX_POINT ( 'NONE', #4498 ) ;
#2748 = DIRECTION ( 'NONE',  ( 0.000000000000000000, 1.000000000000000000, 0.000000000000000000 ) ) ;
#2749 = EDGE_CURVE ( 'NONE', #758, #5186, #6584, .T. ) ;
#2750 = VERTEX_POINT ( 'NONE', #1595 ) ;
#2751 = DIRECTION ( 'NONE',  ( 0.000000000000000000, 1.000000000000000000, -0.000000000000000000 ) ) ;
#2752 = DIRECTION ( 'NONE',  ( 0.6766252893427964210, 0.7363275207553884316, 0.000000000000000000 ) ) ;
#2753 = CARTESIAN_POINT ( 'NONE',  ( 12.45748009436489845, 9.301174703035153257, 0.5766211646058294615 ) ) ;
#2754 = DIRECTION ( 'NONE',  ( -0.000000000000000000, -0.000000000000000000, -1.000000000000000000 ) ) ;
#2755 = DIRECTION ( 'NONE',  ( 0.000000000000000000, 0.000000000000000000, 1.000000000000000000 ) ) ;
#2756 = ORIENTED_EDGE ( 'NONE', *, *, #10378, .F. ) ;
#2757 = ORIENTED_EDGE ( 'NONE', *, *, #2492, .T. ) ;
#2758 = CARTESIAN_POINT ( 'NONE',  ( 24.60707996585086832, -4.505382165284336438, 3.310611302590378724 ) ) ;
#2759 = DIRECTION ( 'NONE',  ( 1.000000000000000000, 0.000000000000000000, -0.000000000000000000 ) ) ;
#2760 = VECTOR ( 'NONE', #6827, 1000.000000000000000 ) ;
#2761 = EDGE_LOOP ( 'NONE', ( #8153, #5310, #3695, #5998 ) ) ;
#2762 = DIRECTION ( 'NONE',  ( 1.000000000000000000, 0.000000000000000000, -0.000000000000000000 ) ) ;
#2763 = VERTEX_POINT ( 'NONE', #490 ) ;
#2764 = VECTOR ( 'NONE', #10199, 1000.000000000000000 ) ;
#2765 = ORIENTED_EDGE ( 'NONE', *, *, #1637, .T. ) ;
#2766 = CARTESIAN_POINT ( 'NONE',  ( -27.38483433486462104, 2.736058756230286271, 1.791342893328123909 ) ) ;
#2767 = CARTESIAN_POINT ( 'NONE',  ( -22.94587571363852874, 74.51861236923376453, 1.439121164605829506 ) ) ;
#2768 = CARTESIAN_POINT ( 'NONE',  ( -7.686194367827409835, -12.10421909368450066, 2.550000000000000266 ) ) ;
#2769 = LINE ( 'NONE', #7886, #186 ) ;
#2770 = DIRECTION ( 'NONE',  ( 0.000000000000000000, 1.000000000000000000, 0.000000000000000000 ) ) ;
#2771 = VERTEX_POINT ( 'NONE', #11333 ) ;
#2772 = DIRECTION ( 'NONE',  ( -0.000000000000000000, 0.000000000000000000, -1.000000000000000000 ) ) ;
#2773 = AXIS2_PLACEMENT_3D ( 'NONE', #9396, #10186, #12322 ) ;
#2774 = EDGE_LOOP ( 'NONE', ( #11008, #2736, #9835, #6552 ) ) ;
#2775 = ORIENTED_EDGE ( 'NONE', *, *, #4393, .F. ) ;
#2776 = DIRECTION ( 'NONE',  ( 0.000000000000000000, 1.000000000000000000, -0.000000000000000000 ) ) ;
#2777 = DIRECTION ( 'NONE',  ( 0.9739649296424499614, 0.2266987336236740425, 0.000000000000000000 ) ) ;
#2778 = CARTESIAN_POINT ( 'NONE',  ( 7.778567954915653893, 7.418851652863123647, 1.275000000000000133 ) ) ;
#2779 = CARTESIAN_POINT ( 'NONE',  ( 8.852410331654445130, 8.161368341907504487, 0.5766211646058294615 ) ) ;
#2780 = EDGE_CURVE ( 'NONE', #572, #9487, #8397, .T. ) ;
#2781 = CARTESIAN_POINT ( 'NONE',  ( 55.26660790966850101, -0.7509026328456763766, 2.014121164605829239 ) ) ;
#2782 = CARTESIAN_POINT ( 'NONE',  ( -13.51126586478674696, 15.14459148665090460, 1.275000000000000133 ) ) ;
#2783 = ORIENTED_EDGE ( 'NONE', *, *, #6976, .F. ) ;
#2784 = ORIENTED_EDGE ( 'NONE', *, *, #9176, .T. ) ;
#2785 = ORIENTED_EDGE ( 'NONE', *, *, #12665, .F. ) ;
#2786 = DIRECTION ( 'NONE',  ( -0.000000000000000000, -0.000000000000000000, -1.000000000000000000 ) ) ;
#2787 = ADVANCED_FACE ( 'NONE', ( #7422 ), #7493, .T. ) ;
#2788 = EDGE_CURVE ( 'NONE', #1761, #5274, #5481, .T. ) ;
#2789 = VERTEX_POINT ( 'NONE', #9450 ) ;
#2790 = CARTESIAN_POINT ( 'NONE',  ( 15.89999999999999325, -26.38003686660402636, -5.864668395365351117 ) ) ;
#2791 = ORIENTED_EDGE ( 'NONE', *, *, #881, .T. ) ;
#2792 = CARTESIAN_POINT ( 'NONE',  ( -3.140951059022193181, -2.710522256393735674, -1.275000000000000133 ) ) ;
#2793 = LINE ( 'NONE', #5717, #2691 ) ;
#2794 = LINE ( 'NONE', #1577, #6109 ) ;
#2795 = CARTESIAN_POINT ( 'NONE',  ( -22.45849502682989396, 10.98253163573216185, 2.014121164605829239 ) ) ;
#2796 = VERTEX_POINT ( 'NONE', #2427 ) ;
#2797 = VECTOR ( 'NONE', #7541, 1000.000000000000000 ) ;
#2798 = DIRECTION ( 'NONE',  ( 1.000000000000000000, 0.000000000000000000, 0.000000000000000000 ) ) ;
#2799 = CARTESIAN_POINT ( 'NONE',  ( -22.94587571363852874, 74.51861236923376453, 2.014121164605829239 ) ) ;
#2800 = EDGE_CURVE ( 'NONE', #9578, #2148, #12511, .T. ) ;
#2801 = VERTEX_POINT ( 'NONE', #8466 ) ;
#2802 = DIRECTION ( 'NONE',  ( 0.6757246285173522660, 0.7371541402007359967, 0.000000000000000000 ) ) ;
#2803 = ADVANCED_FACE ( 'NONE', ( #12445 ), #11471, .T. ) ;
#2804 = VECTOR ( 'NONE', #3571, 1000.000000000000000 ) ;
#2805 = ADVANCED_FACE ( 'NONE', ( #5544 ), #694, .T. ) ;
#2806 = ORIENTED_EDGE ( 'NONE', *, *, #4018, .T. ) ;
#2807 = FACE_OUTER_BOUND ( 'NONE', #2283, .T. ) ;
#2808 = CARTESIAN_POINT ( 'NONE',  ( 50.16957179191506100, -8.770583410597110330, 1.275000000000000133 ) ) ;
#2809 = LINE ( 'NONE', #1063, #9730 ) ;
#2810 = EDGE_CURVE ( 'NONE', #8999, #8866, #6388, .T. ) ;
#2811 = CARTESIAN_POINT ( 'NONE',  ( 25.64392869703845435, 10.16327342840463288, -2.516962245137047915 ) ) ;
#2812 = CARTESIAN_POINT ( 'NONE',  ( -23.66111738797380681, 14.01433280440147477, -1.499999999999996891 ) ) ;
#2813 = ORIENTED_EDGE ( 'NONE', *, *, #3051, .F. ) ;
#2814 = CARTESIAN_POINT ( 'NONE',  ( 50.16957179191506100, 30.12831799411278411, 1.275000000000000133 ) ) ;
#2815 = CARTESIAN_POINT ( 'NONE',  ( -11.22406249021695679, -10.94380396979420844, 2.550000000000000266 ) ) ;
#2816 = ORIENTED_EDGE ( 'NONE', *, *, #4522, .T. ) ;
#2817 = CARTESIAN_POINT ( 'NONE',  ( 10.22401578848253756, -7.770230288548698461, -1.275000000000000133 ) ) ;
#2818 = ADVANCED_FACE ( 'NONE', ( #5424 ), #11177, .T. ) ;
#2819 = VERTEX_POINT ( 'NONE', #3299 ) ;
#2820 = ORIENTED_EDGE ( 'NONE', *, *, #3232, .F. ) ;
#2821 = CARTESIAN_POINT ( 'NONE',  ( -26.96845563520181344, 5.407958511832855031, 1.670510497308176578 ) ) ;
#2822 = DIRECTION ( 'NONE',  ( -0.000000000000000000, 0.000000000000000000, -1.000000000000000000 ) ) ;
#2823 = LINE ( 'NONE', #4034, #4847 ) ;
#2824 = AXIS2_PLACEMENT_3D ( 'NONE', #3905, #2762, #10693 ) ;
#2825 = EDGE_CURVE ( 'NONE', #1988, #10789, #6237, .T. ) ;
#2826 = LINE ( 'NONE', #768, #8475 ) ;
#2827 = LINE ( 'NONE', #2895, #1784 ) ;
#2828 = EDGE_CURVE ( 'NONE', #4582, #6410, #3363, .T. ) ;
#2829 = ORIENTED_EDGE ( 'NONE', *, *, #3793, .F. ) ;
#2830 = VECTOR ( 'NONE', #6572, 1000.000000000000000 ) ;
#2831 = VERTEX_POINT ( 'NONE', #9225 ) ;
#2832 = CARTESIAN_POINT ( 'NONE',  ( -8.554924714253258955, -7.344328440636797239, 1.275000000000000133 ) ) ;
#2833 = CARTESIAN_POINT ( 'NONE',  ( 43.27977019758047561, -12.93294197047929295, -1.275000000000000133 ) ) ;
#2834 = CARTESIAN_POINT ( 'NONE',  ( -14.06231303136081046, 14.36860075111488122, 2.500000000000007550 ) ) ;
#2835 = CARTESIAN_POINT ( 'NONE',  ( -6.273778340962095967, -8.792072357342210154, -1.912499999999999645 ) ) ;
#2836 = LINE ( 'NONE', #5834, #7822 ) ;
#2837 = DIRECTION ( 'NONE',  ( 0.9435999821328792114, -0.3310877130290858505, 0.000000000000000000 ) ) ;
#2838 = ORIENTED_EDGE ( 'NONE', *, *, #4273, .T. ) ;
#2839 = EDGE_LOOP ( 'NONE', ( #5389, #8383, #10737, #10689, #6744, #292, #12242, #4046, #9352, #2775, #2342, #8224, #2550, #5103, #4386, #5280, #2540, #3951, #12121, #5928, #10709, #8638, #10240, #2183, #7892, #8212, #3878, #2645, #3693, #11108, #6780, #1000, #3631, #12376, #11465, #5453, #3085, #12234, #12451, #966, #8908, #9873, #5579, #11476, #1640, #9482, #9041, #10070, #409, #11694, #2871, #12030, #3687, #7098, #7261, #1502, #11492, #9576, #5669, #10239, #7788, #3029, #1507, #2092, #7126, #6601, #6318, #427, #6766, #9436, #1978, #12697, #8966, #11064, #519, #7667, #7253, #4733, #3835, #1183, #11060, #3478, #7939, #4684, #7316, #8600, #7459, #10058, #9618, #8264, #11130, #11961, #5069, #2534, #11706, #3599, #964, #428, #8320, #8117, #12061, #91, #5662, #4146, #5768, #11054, #9824, #9204, #12071, #10132, #309, #9785, #9074, #386, #9678, #7308, #9447, #10757, #12747, #10562, #3762, #7646 ) ) ;
#2840 = ORIENTED_EDGE ( 'NONE', *, *, #11681, .T. ) ;
#2841 = CARTESIAN_POINT ( 'NONE',  ( -25.20060078739458476, -11.00816605772131140, 2.951552217187818794 ) ) ;
#2842 = EDGE_CURVE ( 'NONE', #8325, #12614, #3177, .T. ) ;
#2843 = VERTEX_POINT ( 'NONE', #6163 ) ;
#2844 = DIRECTION ( 'NONE',  ( 1.000000000000000000, -3.552713678800500929E-14, 0.000000000000000000 ) ) ;
#2845 = ORIENTED_EDGE ( 'NONE', *, *, #6588, .F. ) ;
#2846 = DIRECTION ( 'NONE',  ( -1.000000000000000000, 0.000000000000000000, 0.000000000000000000 ) ) ;
#2847 = CARTESIAN_POINT ( 'NONE',  ( 27.50000000000112976, 1.218892613065983399, -1.875093186259033429 ) ) ;
#2848 = AXIS2_PLACEMENT_3D ( 'NONE', #7344, #2415, #10359 ) ;
#2849 = LINE ( 'NONE', #9818, #8216 ) ;
#2850 = LINE ( 'NONE', #6754, #4565 ) ;
#2851 = EDGE_CURVE ( 'NONE', #5950, #11421, #7140, .T. ) ;
#2852 = VERTEX_POINT ( 'NONE', #210 ) ;
#2853 = AXIS2_PLACEMENT_3D ( 'NONE', #12670, #6736, #1753 ) ;
#2854 = DIRECTION ( 'NONE',  ( -0.9734171683335670622, -0.2290393337255854089, 0.000000000000000000 ) ) ;
#2855 = DIRECTION ( 'NONE',  ( -0.000000000000000000, -0.000000000000000000, -1.000000000000000000 ) ) ;
#2856 = ORIENTED_EDGE ( 'NONE', *, *, #1285, .F. ) ;
#2857 = CARTESIAN_POINT ( 'NONE',  ( -7.441698547952724674, -8.342872277730432273, 1.912499999999999645 ) ) ;
#2858 = ORIENTED_EDGE ( 'NONE', *, *, #10257, .F. ) ;
#2859 = VECTOR ( 'NONE', #3649, 1000.000000000000000 ) ;
#2860 = VECTOR ( 'NONE', #8735, 1000.000000000000114 ) ;
#2861 = VECTOR ( 'NONE', #8668, 1000.000000000000000 ) ;
#2862 = ADVANCED_FACE ( 'NONE', ( #10148 ), #9284, .T. ) ;
#2863 = EDGE_LOOP ( 'NONE', ( #2672, #904, #4760, #8506 ) ) ;
#2864 = CARTESIAN_POINT ( 'NONE',  ( 21.03859593103901915, 13.50472070242359557, 2.500000000000007550 ) ) ;
#2865 = CARTESIAN_POINT ( 'NONE',  ( 23.25884161520421500, -23.69314235930890078, 1.912499999999999645 ) ) ;
#2866 = DIRECTION ( 'NONE',  ( -0.000000000000000000, -0.000000000000000000, -1.000000000000000000 ) ) ;
#2867 = DIRECTION ( 'NONE',  ( -0.000000000000000000, 0.000000000000000000, 1.000000000000000000 ) ) ;
#2868 = CARTESIAN_POINT ( 'NONE',  ( -24.96246110940082730, 1.369501866246042310, 2.014121164605829684 ) ) ;
#2869 = EDGE_CURVE ( 'NONE', #7698, #12352, #12094, .T. ) ;
#2870 = ADVANCED_FACE ( 'NONE', ( #10211 ), #7272, .T. ) ;
#2871 = ORIENTED_EDGE ( 'NONE', *, *, #3605, .F. ) ;
#2872 = VECTOR ( 'NONE', #12266, 1000.000000000000114 ) ;
#2873 = VECTOR ( 'NONE', #3411, 1000.000000000000000 ) ;
#2874 = EDGE_CURVE ( 'NONE', #8348, #8440, #2154, .T. ) ;
#2875 = DIRECTION ( 'NONE',  ( -0.000000000000000000, -0.000000000000000000, -1.000000000000000000 ) ) ;
#2876 = CARTESIAN_POINT ( 'NONE',  ( 15.38045670213010041, 1.369501866246042310, -2.868498318030737515 ) ) ;
#2877 = ORIENTED_EDGE ( 'NONE', *, *, #11789, .T. ) ;
#2878 = VECTOR ( 'NONE', #370, 1000.000000000000000 ) ;
#2879 = DIRECTION ( 'NONE',  ( -0.9834531885890730463, 0.1811624294769339227, 0.000000000000000000 ) ) ;
#2880 = AXIS2_PLACEMENT_3D ( 'NONE', #3225, #3293, #10073 ) ;
#2881 = CARTESIAN_POINT ( 'NONE',  ( -20.30087571363854693, 1.369501866246042310, 1.439121164605829506 ) ) ;
#2882 = AXIS2_PLACEMENT_3D ( 'NONE', #3570, #11513, #10543 ) ;
#2883 = VECTOR ( 'NONE', #4903, 1000.000000000000114 ) ;
#2884 = VERTEX_POINT ( 'NONE', #5124 ) ;
#2885 = AXIS2_PLACEMENT_3D ( 'NONE', #4834, #4895, #11490 ) ;
#2886 = ORIENTED_EDGE ( 'NONE', *, *, #2163, .T. ) ;
#2887 = CARTESIAN_POINT ( 'NONE',  ( 11.03347156763479120, -8.736621371822296922, -1.275000000000000133 ) ) ;
#2888 = DIRECTION ( 'NONE',  ( 0.000000000000000000, 0.000000000000000000, 1.000000000000000000 ) ) ;
#2889 = FACE_OUTER_BOUND ( 'NONE', #2663, .T. ) ;
#2890 = AXIS2_PLACEMENT_3D ( 'NONE', #11199, #6253, #1331 ) ;
#2891 = EDGE_CURVE ( 'NONE', #7531, #1160, #7082, .T. ) ;
#2892 = LINE ( 'NONE', #9053, #10775 ) ;
#2893 = CARTESIAN_POINT ( 'NONE',  ( -1.921773770931815672, 30.12831799411278411, 2.550000000000000266 ) ) ;
#2894 = FACE_OUTER_BOUND ( 'NONE', #10561, .T. ) ;
#2895 = CARTESIAN_POINT ( 'NONE',  ( -4.017163115139052998, -4.259417619979115166, -1.275000000000000133 ) ) ;
#2896 = ORIENTED_EDGE ( 'NONE', *, *, #3090, .T. ) ;
#2897 = EDGE_CURVE ( 'NONE', #5769, #6941, #3123, .T. ) ;
#2898 = ORIENTED_EDGE ( 'NONE', *, *, #5833, .F. ) ;
#2899 = VECTOR ( 'NONE', #1449, 1000.000000000000000 ) ;
#2900 = VECTOR ( 'NONE', #11983, 1000.000000000000000 ) ;
#2901 = ORIENTED_EDGE ( 'NONE', *, *, #7926, .F. ) ;
#2902 = DIRECTION ( 'NONE',  ( 0.000000000000000000, -1.000000000000000000, 2.454797371665293607E-16 ) ) ;
#2903 = ORIENTED_EDGE ( 'NONE', *, *, #5016, .F. ) ;
#2904 = DIRECTION ( 'NONE',  ( 0.6577844345609517029, -0.7532062384561940549, 0.000000000000000000 ) ) ;
#2905 = CARTESIAN_POINT ( 'NONE',  ( -23.38235294117646035, -12.47058823529412308, -3.176635312041688586 ) ) ;
#2906 = LINE ( 'NONE', #6864, #12044 ) ;
#2907 = ADVANCED_FACE ( 'NONE', ( #1374 ), #4342, .T. ) ;
#2908 = CARTESIAN_POINT ( 'NONE',  ( 11.64942479529152486, 74.51861236923436138, -2.010878835394170228 ) ) ;
#2909 = CARTESIAN_POINT ( 'NONE',  ( -14.06231303136081046, 14.36860075111488122, 1.151621164605829417 ) ) ;
#2910 = ORIENTED_EDGE ( 'NONE', *, *, #9464, .T. ) ;
#2911 = ORIENTED_EDGE ( 'NONE', *, *, #5743, .T. ) ;
#2912 = ORIENTED_EDGE ( 'NONE', *, *, #8100, .F. ) ;
#2913 = CIRCLE ( 'NONE', #3533, 1.000000000000000888 ) ;
#2914 = LINE ( 'NONE', #9809, #1456 ) ;
#2915 = ORIENTED_EDGE ( 'NONE', *, *, #8590, .T. ) ;
#2916 = CARTESIAN_POINT ( 'NONE',  ( -24.77204270176321188, 12.13870057554463422, -2.495401156113071561 ) ) ;
#2917 = DIRECTION ( 'NONE',  ( -0.000000000000000000, -0.000000000000000000, -1.000000000000000000 ) ) ;
#2918 = DIRECTION ( 'NONE',  ( 0.7599024951790762650, -0.6500370741893219950, 0.000000000000000000 ) ) ;
#2919 = LINE ( 'NONE', #10857, #357 ) ;
#2920 = LINE ( 'NONE', #7003, #4125 ) ;
#2921 = EDGE_CURVE ( 'NONE', #4513, #10859, #613, .T. ) ;
#2922 = ORIENTED_EDGE ( 'NONE', *, *, #403, .T. ) ;
#2923 = CARTESIAN_POINT ( 'NONE',  ( 21.03859593103901915, 13.50472070242359557, 2.500000000000007550 ) ) ;
#2924 = LINE ( 'NONE', #4314, #2371 ) ;
#2925 = ORIENTED_EDGE ( 'NONE', *, *, #3660, .F. ) ;
#2926 = EDGE_LOOP ( 'NONE', ( #10448, #7423, #4909, #393 ) ) ;
#2927 = DIRECTION ( 'NONE',  ( 0.000000000000000000, -1.000000000000000000, 0.000000000000000000 ) ) ;
#2928 = ORIENTED_EDGE ( 'NONE', *, *, #3109, .F. ) ;
#2929 = DIRECTION ( 'NONE',  ( -1.000000000000000000, 0.000000000000000000, 0.000000000000000000 ) ) ;
#2930 = ORIENTED_EDGE ( 'NONE', *, *, #947, .T. ) ;
#2931 = DIRECTION ( 'NONE',  ( 0.9149178015729286795, 0.4036402065763011748, 0.000000000000000000 ) ) ;
#2932 = DIRECTION ( 'NONE',  ( 0.4896940731790661583, 0.8718943254163863399, 0.000000000000000000 ) ) ;
#2933 = DIRECTION ( 'NONE',  ( -1.000000000000000000, 0.000000000000000000, 0.000000000000000000 ) ) ;
#2934 = CARTESIAN_POINT ( 'NONE',  ( -16.39567239794213194, 8.303647767927945011, -1.275000000000000133 ) ) ;
#2935 = LINE ( 'NONE', #6894, #9339 ) ;
#2936 = ADVANCED_FACE ( 'NONE', ( #9161 ), #4409, .T. ) ;
#2937 = DIRECTION ( 'NONE',  ( -0.9544799780350308183, 0.2982749931359433559, 0.000000000000000000 ) ) ;
#2938 = CARTESIAN_POINT ( 'NONE',  ( 1.616094351457737499, 30.12831799411278411, 2.550000000000000266 ) ) ;
#2939 = ORIENTED_EDGE ( 'NONE', *, *, #10843, .T. ) ;
#2940 = LINE ( 'NONE', #4833, #6960 ) ;
#2941 = FACE_OUTER_BOUND ( 'NONE', #11287, .T. ) ;
#2942 = EDGE_CURVE ( 'NONE', #8577, #1668, #2402, .T. ) ;
#2943 = EDGE_CURVE ( 'NONE', #7458, #5746, #11175, .T. ) ;
#2944 = EDGE_CURVE ( 'NONE', #7498, #8854, #12033, .T. ) ;
#2945 = ADVANCED_FACE ( 'NONE', ( #6271 ), #8209, .F. ) ;
#2946 = EDGE_CURVE ( 'NONE', #10534, #8652, #1657, .T. ) ;
#2947 = VERTEX_POINT ( 'NONE', #4052 ) ;
#2948 = ORIENTED_EDGE ( 'NONE', *, *, #9775, .F. ) ;
#2949 = CARTESIAN_POINT ( 'NONE',  ( -26.45446676600145608, 7.530538069423429626, 1.596502551918075996 ) ) ;
#2950 = CARTESIAN_POINT ( 'NONE',  ( -4.148326245437850446, 30.12831799411278411, 1.912499999999999645 ) ) ;
#2951 = AXIS2_PLACEMENT_3D ( 'NONE', #3539, #8784, #8553 ) ;
#2952 = FACE_OUTER_BOUND ( 'NONE', #67, .T. ) ;
#2953 = LINE ( 'NONE', #6908, #11615 ) ;
#2954 = CARTESIAN_POINT ( 'NONE',  ( 13.76249154639683958, -3.751139051235110156, 1.275000000000000133 ) ) ;
#2955 = LINE ( 'NONE', #8861, #6009 ) ;
#2956 = LINE ( 'NONE', #1748, #10900 ) ;
#2957 = EDGE_CURVE ( 'NONE', #6095, #1462, #2258, .T. ) ;
#2958 = ORIENTED_EDGE ( 'NONE', *, *, #10552, .T. ) ;
#2959 = ORIENTED_EDGE ( 'NONE', *, *, #7394, .T. ) ;
#2960 = AXIS2_PLACEMENT_3D ( 'NONE', #11690, #8498, #4526 ) ;
#2961 = EDGE_CURVE ( 'NONE', #6018, #11734, #7176, .T. ) ;
#2962 = ORIENTED_EDGE ( 'NONE', *, *, #10806, .F. ) ;
#2963 = DIRECTION ( 'NONE',  ( -0.000000000000000000, -0.000000000000000000, -1.000000000000000000 ) ) ;
#2964 = LINE ( 'NONE', #6013, #7400 ) ;
#2965 = LINE ( 'NONE', #6014, #3786 ) ;
#2966 = DIRECTION ( 'NONE',  ( -0.04120209620996758554, 0.9991508330917332481, 0.000000000000000000 ) ) ;
#2967 = EDGE_CURVE ( 'NONE', #9030, #8181, #8889, .T. ) ;
#2968 = DIRECTION ( 'NONE',  ( 0.8160244811016579281, 0.5780173407803349539, 0.000000000000000000 ) ) ;
#2969 = CARTESIAN_POINT ( 'NONE',  ( 36.32996180463054259, -14.15843396519821873, 1.275000000000000133 ) ) ;
#2970 = ORIENTED_EDGE ( 'NONE', *, *, #9387, .F. ) ;
#2971 = AXIS2_PLACEMENT_3D ( 'NONE', #5556, #638, #6534 ) ;
#2972 = ORIENTED_EDGE ( 'NONE', *, *, #6379, .F. ) ;
#2973 = ORIENTED_EDGE ( 'NONE', *, *, #8782, .F. ) ;
#2974 = DIRECTION ( 'NONE',  ( -0.7599024951790761540, 0.6500370741893218840, 0.000000000000000000 ) ) ;
#2975 = EDGE_CURVE ( 'NONE', #853, #10667, #12119, .T. ) ;
#2976 = VECTOR ( 'NONE', #2299, 1000.000000000000000 ) ;
#2977 = EDGE_LOOP ( 'NONE', ( #9919, #1955, #3226, #4007, #4593, #1017 ) ) ;
#2978 = PLANE ( 'NONE',  #7314 ) ;
#2979 = DIRECTION ( 'NONE',  ( -0.000000000000000000, -0.000000000000000000, -1.000000000000000000 ) ) ;
#2980 = CARTESIAN_POINT ( 'NONE',  ( 15.76756684101593819, -12.10421909368450066, 2.550000000000000266 ) ) ;
#2981 = DIRECTION ( 'NONE',  ( -0.000000000000000000, -0.000000000000000000, -1.000000000000000000 ) ) ;
#2982 = ORIENTED_EDGE ( 'NONE', *, *, #11498, .F. ) ;
#2983 = VERTEX_POINT ( 'NONE', #11030 ) ;
#2984 = ADVANCED_FACE ( 'NONE', ( #6016 ), #9070, .T. ) ;
#2985 = PLANE ( 'NONE',  #5781 ) ;
#2986 = CARTESIAN_POINT ( 'NONE',  ( -11.79899929443208428, -3.285802981982389959, -1.275000000000000133 ) ) ;
#2987 = ORIENTED_EDGE ( 'NONE', *, *, #11290, .F. ) ;
#2988 = DIRECTION ( 'NONE',  ( 1.000000000000000000, 3.730349362740525976E-14, 0.000000000000000000 ) ) ;
#2989 = EDGE_LOOP ( 'NONE', ( #3745, #8518, #10616, #1156 ) ) ;
#2990 = ORIENTED_EDGE ( 'NONE', *, *, #12160, .T. ) ;
#2991 = DIRECTION ( 'NONE',  ( -0.3576472666070510953, -0.9338567516961607806, 0.000000000000000000 ) ) ;
#2992 = VERTEX_POINT ( 'NONE', #4241 ) ;
#2993 = DIRECTION ( 'NONE',  ( 1.000000000000000000, 0.000000000000000000, 0.000000000000000000 ) ) ;
#2994 = DIRECTION ( 'NONE',  ( -0.000000000000000000, -0.000000000000000000, -1.000000000000000000 ) ) ;
#2995 = DIRECTION ( 'NONE',  ( -0.000000000000000000, -0.000000000000000000, -1.000000000000000000 ) ) ;
#2996 = AXIS2_PLACEMENT_3D ( 'NONE', #9602, #10587, #10316 ) ;
#2997 = DIRECTION ( 'NONE',  ( -0.000000000000000000, 0.000000000000000000, 1.000000000000000000 ) ) ;
#2998 = PLANE ( 'NONE',  #208 ) ;
#2999 = VECTOR ( 'NONE', #6701, 1000.000000000000000 ) ;
#3000 = DIRECTION ( 'NONE',  ( -0.000000000000000000, -2.479012299922036093E-16, -1.000000000000000000 ) ) ;
#3001 = DIRECTION ( 'NONE',  ( 0.000000000000000000, 0.000000000000000000, 1.000000000000000000 ) ) ;
#3002 = ORIENTED_EDGE ( 'NONE', *, *, #2337, .T. ) ;
#3003 = DIRECTION ( 'NONE',  ( 0.000000000000000000, -0.000000000000000000, 1.000000000000000000 ) ) ;
#3004 = LINE ( 'NONE', #6959, #8887 ) ;
#3005 = VECTOR ( 'NONE', #11740, 1000.000000000000000 ) ;
#3006 = EDGE_CURVE ( 'NONE', #12784, #6160, #53, .T. ) ;
#3007 = ORIENTED_EDGE ( 'NONE', *, *, #7775, .T. ) ;
#3008 = ORIENTED_EDGE ( 'NONE', *, *, #3957, .T. ) ;
#3009 = DIRECTION ( 'NONE',  ( 0.8823529411764704511, -0.4705882352941180291, 0.000000000000000000 ) ) ;
#3010 = CARTESIAN_POINT ( 'NONE',  ( -27.50000000000000000, 8.483312583677848906, 2.563046285822906611 ) ) ;
#3011 = LINE ( 'NONE', #11979, #2152 ) ;
#3012 = LINE ( 'NONE', #6851, #9948 ) ;
#3013 = CARTESIAN_POINT ( 'NONE',  ( 73.96491932761539090, 74.51861236923376453, 1.439121164605829506 ) ) ;
#3014 = DIRECTION ( 'NONE',  ( 0.4679360541420687913, -0.8773801015163790185, -0.1060188978298647056 ) ) ;
#3015 = EDGE_CURVE ( 'NONE', #9337, #11858, #6843, .T. ) ;
#3016 = EDGE_CURVE ( 'NONE', #9842, #9513, #2066, .T. ) ;
#3017 = CARTESIAN_POINT ( 'NONE',  ( 32.87399844683026373, -21.75840204113997345, 1.912499999999999645 ) ) ;
#3018 = ORIENTED_EDGE ( 'NONE', *, *, #2182, .F. ) ;
#3019 = ORIENTED_EDGE ( 'NONE', *, *, #3793, .T. ) ;
#3020 = EDGE_LOOP ( 'NONE', ( #1601, #1338, #10530, #11283 ) ) ;
#3021 = AXIS2_PLACEMENT_3D ( 'NONE', #11123, #10938, #6050 ) ;
#3022 = DIRECTION ( 'NONE',  ( 1.000000000000000000, 0.000000000000000000, 0.000000000000000000 ) ) ;
#3023 = ADVANCED_FACE ( 'NONE', ( #11221 ), #2314, .F. ) ;
#3024 = CARTESIAN_POINT ( 'NONE',  ( 7.702410331654446551, 9.311368341907503066, 1.151621164605829417 ) ) ;
#3025 = LINE ( 'NONE', #11997, #8979 ) ;
#3026 = DIRECTION ( 'NONE',  ( 0.000000000000000000, 0.9927783471781702618, 0.1199631333959753909 ) ) ;
#3027 = CARTESIAN_POINT ( 'NONE',  ( -27.49999999999999645, -1.832639877005381460E-11, 1.954188478669398821 ) ) ;
#3028 = DIRECTION ( 'NONE',  ( 0.9852117548196764885, -0.1713411747512362249, 0.000000000000000000 ) ) ;
#3029 = ORIENTED_EDGE ( 'NONE', *, *, #6082, .F. ) ;
#3030 = ORIENTED_EDGE ( 'NONE', *, *, #5909, .F. ) ;
#3031 = EDGE_CURVE ( 'NONE', #3559, #8374, #2642, .T. ) ;
#3032 = ORIENTED_EDGE ( 'NONE', *, *, #9561, .T. ) ;
#3033 = ADVANCED_FACE ( 'NONE', ( #6536 ), #2516, .T. ) ;
#3034 = DIRECTION ( 'NONE',  ( 0.8910394968592900700, 0.4539257814188825679, 0.000000000000000000 ) ) ;
#3035 = AXIS2_PLACEMENT_3D ( 'NONE', #3121, #9157, #2988 ) ;
#3036 = EDGE_CURVE ( 'NONE', #8109, #11224, #11345, .T. ) ;
#3037 = ORIENTED_EDGE ( 'NONE', *, *, #3729, .T. ) ;
#3038 = PLANE ( 'NONE',  #10953 ) ;
#3039 = CARTESIAN_POINT ( 'NONE',  ( 0.000000000000000000, 0.000000000000000000, 9.000000000000000000 ) ) ;
#3040 = CARTESIAN_POINT ( 'NONE',  ( 12.22969871862639124, -10.94380396979420844, 1.912499999999999645 ) ) ;
#3041 = FACE_OUTER_BOUND ( 'NONE', #1838, .T. ) ;
#3042 = DIRECTION ( 'NONE',  ( 0.8910394968592900700, 0.4539257814188825679, 0.000000000000000000 ) ) ;
#3043 = ORIENTED_EDGE ( 'NONE', *, *, #7497, .F. ) ;
#3044 = VECTOR ( 'NONE', #10619, 1000.000000000000000 ) ;
#3045 = EDGE_CURVE ( 'NONE', #1713, #9710, #8281, .T. ) ;
#3046 = FACE_OUTER_BOUND ( 'NONE', #4447, .T. ) ;
#3047 = LINE ( 'NONE', #11226, #4220 ) ;
#3048 = ORIENTED_EDGE ( 'NONE', *, *, #9389, .F. ) ;
#3049 = CARTESIAN_POINT ( 'NONE',  ( 12.45748009436489845, 8.151174703035154678, 0.5766211646058294615 ) ) ;
#3050 = EDGE_LOOP ( 'NONE', ( #10395, #7476, #1977, #5238 ) ) ;
#3051 = EDGE_CURVE ( 'NONE', #2364, #12669, #7306, .T. ) ;
#3052 = VECTOR ( 'NONE', #12603, 1000.000000000000000 ) ;
#3053 = VECTOR ( 'NONE', #6782, 1000.000000000000000 ) ;
#3054 = CARTESIAN_POINT ( 'NONE',  ( -27.30629992355626712, -3.292423407718290562, -2.192559044097070142 ) ) ;
#3055 = EDGE_CURVE ( 'NONE', #10540, #12669, #1483, .T. ) ;
#3056 = ORIENTED_EDGE ( 'NONE', *, *, #7994, .T. ) ;
#3057 = LINE ( 'NONE', #9103, #10850 ) ;
#3058 = PLANE ( 'NONE',  #11870 ) ;
#3059 = DIRECTION ( 'NONE',  ( -0.000000000000000000, -0.000000000000000000, -1.000000000000000000 ) ) ;
#3060 = VECTOR ( 'NONE', #7184, 1000.000000000000000 ) ;
#3061 = CARTESIAN_POINT ( 'NONE',  ( 27.26333615626843709, -3.641740589626019542, -3.235577968045847630 ) ) ;
#3062 = DIRECTION ( 'NONE',  ( 0.000000000000000000, 0.000000000000000000, -1.000000000000000000 ) ) ;
#3063 = DIRECTION ( 'NONE',  ( -0.000000000000000000, 0.000000000000000000, -1.000000000000000000 ) ) ;
#3064 = DIRECTION ( 'NONE',  ( 0.2290393337255854089, -0.9734171683335670622, 0.000000000000000000 ) ) ;
#3065 = ORIENTED_EDGE ( 'NONE', *, *, #4107, .F. ) ;
#3066 = FACE_OUTER_BOUND ( 'NONE', #2721, .T. ) ;
#3067 = VECTOR ( 'NONE', #12259, 1000.000000000000114 ) ;
#3068 = CARTESIAN_POINT ( 'NONE',  ( -1.321504461720410806, -16.49198077607188750, 1.275000000000000133 ) ) ;
#3069 = VECTOR ( 'NONE', #8496, 1000.000000000000000 ) ;
#3070 = EDGE_LOOP ( 'NONE', ( #480, #6779, #3705, #9046 ) ) ;
#3071 = ORIENTED_EDGE ( 'NONE', *, *, #8167, .F. ) ;
#3072 = VERTEX_POINT ( 'NONE', #5558 ) ;
#3073 = LINE ( 'NONE', #11016, #5565 ) ;
#3074 = VECTOR ( 'NONE', #3336, 1000.000000000000000 ) ;
#3075 = CARTESIAN_POINT ( 'NONE',  ( -12.45394931336906019, -3.505748883864198362, 1.275000000000000133 ) ) ;
#3076 = CARTESIAN_POINT ( 'NONE',  ( -14.06231303136081046, 6.562698785064672080, 1.151621164605829417 ) ) ;
#3077 = VECTOR ( 'NONE', #7106, 1000.000000000000000 ) ;
#3078 = VECTOR ( 'NONE', #5663, 1000.000000000000000 ) ;
#3079 = CARTESIAN_POINT ( 'NONE',  ( 24.26470588235293846, -12.94117647058824438, -3.176635312041688142 ) ) ;
#3080 = DIRECTION ( 'NONE',  ( -0.000000000000000000, -0.000000000000000000, 1.000000000000000000 ) ) ;
#3081 = LINE ( 'NONE', #8137, #9 ) ;
#3082 = VECTOR ( 'NONE', #3780, 1000.000000000000000 ) ;
#3083 = EDGE_CURVE ( 'NONE', #8537, #331, #8485, .T. ) ;
#3084 = DIRECTION ( 'NONE',  ( 1.000000000000000000, 0.000000000000000000, 0.000000000000000000 ) ) ;
#3085 = ORIENTED_EDGE ( 'NONE', *, *, #5674, .F. ) ;
#3086 = VERTEX_POINT ( 'NONE', #5432 ) ;
#3087 = VECTOR ( 'NONE', #8249, 1000.000000000000000 ) ;
#3088 = VECTOR ( 'NONE', #7980, 1000.000000000000000 ) ;
#3089 = VERTEX_POINT ( 'NONE', #9334 ) ;
#3090 = EDGE_CURVE ( 'NONE', #11992, #9177, #2583, .T. ) ;
#3091 = AXIS2_PLACEMENT_3D ( 'NONE', #158, #11797, #2888 ) ;
#3092 = ORIENTED_EDGE ( 'NONE', *, *, #8046, .T. ) ;
#3093 = DIRECTION ( 'NONE',  ( 0.4705882352941179181, 0.8823529411764703401, 0.000000000000000000 ) ) ;
#3094 = CARTESIAN_POINT ( 'NONE',  ( 13.17313133886182008, -10.67657956440148759, 1.912499999999999645 ) ) ;
#3095 = DIRECTION ( 'NONE',  ( 0.8923663639513965684, 0.4513117242972573551, 0.000000000000000000 ) ) ;
#3096 = CARTESIAN_POINT ( 'NONE',  ( 24.96672271489734385, 1.289479304769642010, -2.873378835394172270 ) ) ;
#3097 = CARTESIAN_POINT ( 'NONE',  ( -25.87128715627245512, 5.800642489968512727, -2.647791993590499438 ) ) ;
#3098 = DIRECTION ( 'NONE',  ( -0.9492577079257522588, 0.3144992908474473214, 0.000000000000000000 ) ) ;
#3099 = ORIENTED_EDGE ( 'NONE', *, *, #7182, .F. ) ;
#3100 = VECTOR ( 'NONE', #6631, 1000.000000000000000 ) ;
#3101 = VERTEX_POINT ( 'NONE', #12265 ) ;
#3102 = ORIENTED_EDGE ( 'NONE', *, *, #6121, .T. ) ;
#3103 = VECTOR ( 'NONE', #1845, 1000.000000000000000 ) ;
#3104 = DIRECTION ( 'NONE',  ( 0.000000000000000000, -0.000000000000000000, 1.000000000000000000 ) ) ;
#3105 = ADVANCED_FACE ( 'NONE', ( #4443 ), #1547, .F. ) ;
#3106 = ORIENTED_EDGE ( 'NONE', *, *, #12788, .F. ) ;
#3107 = EDGE_CURVE ( 'NONE', #4677, #145, #4536, .T. ) ;
#3108 = CARTESIAN_POINT ( 'NONE',  ( -27.42481730396039197, -2.102915386569019773, -2.100260835939174786 ) ) ;
#3109 = EDGE_CURVE ( 'NONE', #2105, #1499, #11281, .T. ) ;
#3110 = AXIS2_PLACEMENT_3D ( 'NONE', #4068, #1106, #2272 ) ;
#3111 = DIRECTION ( 'NONE',  ( 0.000000000000000000, 6.197530749804934925E-17, 1.000000000000000000 ) ) ;
#3112 = CARTESIAN_POINT ( 'NONE',  ( 6.845473524725698589, -20.51816307879937185, 1.275000000000000133 ) ) ;
#3113 = PLANE ( 'NONE',  #4929 ) ;
#3114 = DIRECTION ( 'NONE',  ( 0.1465486610894720099, 0.9892034623538694671, -0.000000000000000000 ) ) ;
#3115 = ORIENTED_EDGE ( 'NONE', *, *, #11712, .T. ) ;
#3116 = DIRECTION ( 'NONE',  ( -0.9874406319167059465, 0.1579905011066695675, 0.000000000000000000 ) ) ;
#3117 = ORIENTED_EDGE ( 'NONE', *, *, #11058, .T. ) ;
#3118 = CARTESIAN_POINT ( 'NONE',  ( 8.926536009056958321, 21.18669797144782407, 1.500000000000005551 ) ) ;
#3119 = VERTEX_POINT ( 'NONE', #11484 ) ;
#3120 = CIRCLE ( 'NONE', #4788, 25.00000000000000000 ) ;
#3121 = CARTESIAN_POINT ( 'NONE',  ( 0.000000000000000000, 0.000000000000000000, 2.876621164605829950 ) ) ;
#3122 = CARTESIAN_POINT ( 'NONE',  ( 1.161392628692404339, 22.98470660410501054, -2.499999999999997335 ) ) ;
#3123 = LINE ( 'NONE', #1312, #9939 ) ;
#3124 = ORIENTED_EDGE ( 'NONE', *, *, #1600, .T. ) ;
#3125 = LINE ( 'NONE', #4078, #8967 ) ;
#3126 = DIRECTION ( 'NONE',  ( -0.000000000000000000, 0.000000000000000000, -1.000000000000000000 ) ) ;
#3127 = LINE ( 'NONE', #334, #4022 ) ;
#3128 = DIRECTION ( 'NONE',  ( 0.000000000000000000, 1.000000000000000000, 0.000000000000000000 ) ) ;
#3129 = ORIENTED_EDGE ( 'NONE', *, *, #7697, .F. ) ;
#3130 = EDGE_CURVE ( 'NONE', #9027, #3656, #9398, .T. ) ;
#3131 = PLANE ( 'NONE',  #9521 ) ;
#3132 = FACE_OUTER_BOUND ( 'NONE', #6205, .T. ) ;
#3133 = ORIENTED_EDGE ( 'NONE', *, *, #8422, .T. ) ;
#3134 = CARTESIAN_POINT ( 'NONE',  ( -24.95118313633263796, -1.807043659474828923, -3.084924085451013820 ) ) ;
#3135 = DIRECTION ( 'NONE',  ( 0.000000000000000000, -1.000000000000000000, 0.000000000000000000 ) ) ;
#3136 = EDGE_LOOP ( 'NONE', ( #12247, #6455, #10027, #1900 ) ) ;
#3137 = ORIENTED_EDGE ( 'NONE', *, *, #3573, .T. ) ;
#3138 = CARTESIAN_POINT ( 'NONE',  ( 13.64993377744630898, 30.12831799411278411, 1.912499999999999645 ) ) ;
#3139 = CARTESIAN_POINT ( 'NONE',  ( 1.616094351457737499, 30.12831799411278411, -1.912499999999999645 ) ) ;
#3140 = DIRECTION ( 'NONE',  ( -0.8775053372294742138, 0.4795668703463438209, 0.000000000000000000 ) ) ;
#3141 = LINE ( 'NONE', #7105, #8696 ) ;
#3142 = LINE ( 'NONE', #4166, #1226 ) ;
#3143 = CARTESIAN_POINT ( 'NONE',  ( -5.900596736361536365, -8.847358520986746910, 1.912499999999999645 ) ) ;
#3144 = CARTESIAN_POINT ( 'NONE',  ( 45.92714323729583015, 34.09704148069203455, -1.275000000000000133 ) ) ;
#3145 = ORIENTED_EDGE ( 'NONE', *, *, #8097, .F. ) ;
#3146 = VECTOR ( 'NONE', #10432, 1000.000000000000000 ) ;
#3147 = VERTEX_POINT ( 'NONE', #1608 ) ;
#3148 = ORIENTED_EDGE ( 'NONE', *, *, #365, .T. ) ;
#3149 = LINE ( 'NONE', #3331, #2667 ) ;
#3150 = CARTESIAN_POINT ( 'NONE',  ( -23.52087571363853513, 74.51861236923376453, 1.439121164605829506 ) ) ;
#3151 = LINE ( 'NONE', #7827, #10666 ) ;
#3152 = CARTESIAN_POINT ( 'NONE',  ( 24.28421530421642061, -10.60786911016820788, -2.951552217187847660 ) ) ;
#3153 = CARTESIAN_POINT ( 'NONE',  ( -22.80071311932021416, 13.50472070242324030, -2.499999999999996891 ) ) ;
#3154 = CARTESIAN_POINT ( 'NONE',  ( -25.20060078739456699, -11.00816605772133272, 2.951552217187851657 ) ) ;
#3155 = VERTEX_POINT ( 'NONE', #9534 ) ;
#3156 = ORIENTED_EDGE ( 'NONE', *, *, #8102, .T. ) ;
#3157 = AXIS2_PLACEMENT_3D ( 'NONE', #8340, #3392, #7362 ) ;
#3158 = DIRECTION ( 'NONE',  ( -0.000000000000000000, -0.000000000000000000, 1.000000000000000000 ) ) ;
#3159 = VERTEX_POINT ( 'NONE', #640 ) ;
#3160 = EDGE_CURVE ( 'NONE', #2983, #7556, #3335, .T. ) ;
#3161 = FACE_OUTER_BOUND ( 'NONE', #352, .T. ) ;
#3162 = CIRCLE ( 'NONE', #6897, 1.000000000000000000 ) ;
#3163 = CARTESIAN_POINT ( 'NONE',  ( 50.16957179191506100, -12.10421909368450066, -2.550000000000000266 ) ) ;
#3164 = LINE ( 'NONE', #1297, #986 ) ;
#3165 = LINE ( 'NONE', #9085, #2233 ) ;
#3166 = DIRECTION ( 'NONE',  ( 0.07554111272939563471, 0.9971426880279495863, -0.000000000000000000 ) ) ;
#3167 = ORIENTED_EDGE ( 'NONE', *, *, #358, .F. ) ;
#3168 = CARTESIAN_POINT ( 'NONE',  ( -1.921773770931815672, -10.94380396979420844, 1.912499999999999645 ) ) ;
#3169 = ORIENTED_EDGE ( 'NONE', *, *, #8996, .T. ) ;
#3170 = FACE_OUTER_BOUND ( 'NONE', #12486, .T. ) ;
#3171 = VERTEX_POINT ( 'NONE', #8557 ) ;
#3172 = EDGE_CURVE ( 'NONE', #772, #6607, #3606, .T. ) ;
#3173 = CARTESIAN_POINT ( 'NONE',  ( 73.96491932761539090, 74.51861236923376453, 0.5766211646058294615 ) ) ;
#3174 = EDGE_CURVE ( 'NONE', #3147, #11567, #5368, .T. ) ;
#3175 = VECTOR ( 'NONE', #6594, 1000.000000000000114 ) ;
#3176 = PLANE ( 'NONE',  #6627 ) ;
#3177 = LINE ( 'NONE', #4145, #6839 ) ;
#3178 = ORIENTED_EDGE ( 'NONE', *, *, #2944, .T. ) ;
#3179 = LINE ( 'NONE', #12035, #11882 ) ;
#3180 = LINE ( 'NONE', #12292, #6876 ) ;
#3181 = CARTESIAN_POINT ( 'NONE',  ( -13.51126586478674696, 15.14459148665090460, -1.275000000000000133 ) ) ;
#3182 = ADVANCED_FACE ( 'NONE', ( #2372 ), #8344, .F. ) ;
#3183 = CARTESIAN_POINT ( 'NONE',  ( 14.03200173286606578, 13.50472070242324030, -202.5000000000000000 ) ) ;
#3184 = VERTEX_POINT ( 'NONE', #8744 ) ;
#3185 = CARTESIAN_POINT ( 'NONE',  ( 9.511444474816499906, 9.289807388987380676, 0.5766211646058294615 ) ) ;
#3186 = CARTESIAN_POINT ( 'NONE',  ( -5.359739972387021822, 29.24690034706065234, -1.275000000000000133 ) ) ;
#3187 = ORIENTED_EDGE ( 'NONE', *, *, #8406, .T. ) ;
#3188 = CARTESIAN_POINT ( 'NONE',  ( -24.60707996585084345, -4.505382165284503415, -3.310611302590373395 ) ) ;
#3189 = EDGE_CURVE ( 'NONE', #1586, #5541, #6729, .T. ) ;
#3190 = CARTESIAN_POINT ( 'NONE',  ( 31.47311038443231013, -16.86807369390683675, 1.912499999999999645 ) ) ;
#3191 = EDGE_CURVE ( 'NONE', #9454, #1146, #7816, .T. ) ;
#3192 = VERTEX_POINT ( 'NONE', #4844 ) ;
#3193 = LINE ( 'NONE', #4764, #6476 ) ;
#3194 = CARTESIAN_POINT ( 'NONE',  ( 26.18015055264448776, -4.049878944706533090, 3.271242826739697573 ) ) ;
#3195 = LINE ( 'NONE', #3380, #3508 ) ;
#3196 = LINE ( 'NONE', #7161, #10875 ) ;
#3197 = CARTESIAN_POINT ( 'NONE',  ( 20.61675061128899955, -10.94380396979420844, 2.550000000000000266 ) ) ;
#3198 = PLANE ( 'NONE',  #5148 ) ;
#3199 = DIRECTION ( 'NONE',  ( -0.000000000000000000, -0.000000000000000000, -1.000000000000000000 ) ) ;
#3200 = DIRECTION ( 'NONE',  ( -0.000000000000000000, -0.000000000000000000, -1.000000000000000000 ) ) ;
#3201 = EDGE_CURVE ( 'NONE', #740, #11083, #835, .T. ) ;
#3202 = ORIENTED_EDGE ( 'NONE', *, *, #6357, .F. ) ;
#3203 = VERTEX_POINT ( 'NONE', #12770 ) ;
#3204 = CARTESIAN_POINT ( 'NONE',  ( 6.342436351363956781, -19.35393169683074532, 1.275000000000000133 ) ) ;
#3205 = DIRECTION ( 'NONE',  ( 0.9874406319167059465, -0.1579905011066695675, 0.000000000000000000 ) ) ;
#3206 = EDGE_CURVE ( 'NONE', #4732, #8582, #9665, .T. ) ;
#3207 = DIRECTION ( 'NONE',  ( -0.000000000000000000, -0.000000000000000000, -1.000000000000000000 ) ) ;
#3208 = DIRECTION ( 'NONE',  ( 0.000000000000000000, 1.000000000000000000, 0.000000000000000000 ) ) ;
#3209 = DIRECTION ( 'NONE',  ( 0.000000000000000000, 1.000000000000000000, -0.000000000000000000 ) ) ;
#3210 = CARTESIAN_POINT ( 'NONE',  ( 13.64993377744630898, 30.12831799411278411, 1.912499999999999645 ) ) ;
#3211 = DIRECTION ( 'NONE',  ( -0.000000000000000000, -0.000000000000000000, -1.000000000000000000 ) ) ;
#3212 = EDGE_LOOP ( 'NONE', ( #6731, #11649, #5172, #2886 ) ) ;
#3213 = ORIENTED_EDGE ( 'NONE', *, *, #3908, .F. ) ;
#3214 = VERTEX_POINT ( 'NONE', #12714 ) ;
#3215 = CARTESIAN_POINT ( 'NONE',  ( 7.943549333305202076, 30.12831799411278411, 2.550000000000000266 ) ) ;
#3216 = ORIENTED_EDGE ( 'NONE', *, *, #7547, .T. ) ;
#3217 = DIRECTION ( 'NONE',  ( 0.000000000000000000, -1.000000000000000000, 0.000000000000000000 ) ) ;
#3218 = CARTESIAN_POINT ( 'NONE',  ( 15.38045670213010041, 8.483312583677848906, -2.563046285822878634 ) ) ;
#3219 = DIRECTION ( 'NONE',  ( -0.2290393337255854367, 0.9734171683335670622, 0.000000000000000000 ) ) ;
#3220 = LINE ( 'NONE', #7188, #8659 ) ;
#3221 = ORIENTED_EDGE ( 'NONE', *, *, #3574, .T. ) ;
#3222 = PLANE ( 'NONE',  #4779 ) ;
#3223 = VERTEX_POINT ( 'NONE', #5821 ) ;
#3224 = AXIS2_PLACEMENT_3D ( 'NONE', #2554, #540, #10425 ) ;
#3225 = CARTESIAN_POINT ( 'NONE',  ( 9.542210110286788449, 6.170610632720729960, 0.5766211646058294615 ) ) ;
#3226 = ORIENTED_EDGE ( 'NONE', *, *, #2218, .F. ) ;
#3227 = DIRECTION ( 'NONE',  ( -1.000000000000000000, 0.000000000000000000, 0.000000000000000000 ) ) ;
#3228 = EDGE_CURVE ( 'NONE', #4806, #965, #3791, .T. ) ;
#3229 = CARTESIAN_POINT ( 'NONE',  ( 55.49369733586557629, -1.816435269591295087, 1.912499999999999645 ) ) ;
#3230 = DIRECTION ( 'NONE',  ( 0.05255883312274955282, 0.9986178293325105315, -0.000000000000000000 ) ) ;
#3231 = ORIENTED_EDGE ( 'NONE', *, *, #3887, .F. ) ;
#3232 = EDGE_CURVE ( 'NONE', #5478, #2789, #2826, .T. ) ;
#3233 = CARTESIAN_POINT ( 'NONE',  ( 10.22401578848253756, -7.770230288548698461, 1.275000000000000133 ) ) ;
#3234 = DIRECTION ( 'NONE',  ( 1.000000000000000000, 0.000000000000000000, 0.000000000000000000 ) ) ;
#3235 = CARTESIAN_POINT ( 'NONE',  ( 4.429863723595951264, 1.329242543690137390, 1.275000000000000133 ) ) ;
#3236 = EDGE_LOOP ( 'NONE', ( #11589, #12526, #7047, #4932 ) ) ;
#3237 = CARTESIAN_POINT ( 'NONE',  ( -24.28421530421642061, -10.60786911016820788, -2.951552217187848548 ) ) ;
#3238 = FACE_OUTER_BOUND ( 'NONE', #9443, .T. ) ;
#3239 = VERTEX_POINT ( 'NONE', #1683 ) ;
#3240 = CARTESIAN_POINT ( 'NONE',  ( 2.193242736808487248, 10.06634609701068150, -1.148378835394170627 ) ) ;
#3241 = LINE ( 'NONE', #10225, #7444 ) ;
#3242 = AXIS2_PLACEMENT_3D ( 'NONE', #8786, #10810, #1906 ) ;
#3243 = EDGE_CURVE ( 'NONE', #8550, #4363, #1745, .T. ) ;
#3244 = VERTEX_POINT ( 'NONE', #949 ) ;
#3245 = ADVANCED_FACE ( 'NONE', ( #6852 ), #11678, .T. ) ;
#3246 = EDGE_CURVE ( 'NONE', #8021, #2796, #6785, .T. ) ;
#3247 = ORIENTED_EDGE ( 'NONE', *, *, #752, .F. ) ;
#3248 = CARTESIAN_POINT ( 'NONE',  ( 25.12460191618778538, -8.573610444767487238, 3.713015194809574648 ) ) ;
#3249 = EDGE_CURVE ( 'NONE', #5793, #2852, #8686, .T. ) ;
#3250 = DIRECTION ( 'NONE',  ( -0.000000000000000000, -0.000000000000000000, -1.000000000000000000 ) ) ;
#3251 = DIRECTION ( 'NONE',  ( 1.734723475976805517E-15, -1.000000000000000000, 2.168404344971006896E-16 ) ) ;
#3252 = ORIENTED_EDGE ( 'NONE', *, *, #4198, .T. ) ;
#3253 = VECTOR ( 'NONE', #8160, 1000.000000000000000 ) ;
#3254 = LINE ( 'NONE', #11137, #7017 ) ;
#3255 = LINE ( 'NONE', #10044, #3077 ) ;
#3256 = CARTESIAN_POINT ( 'NONE',  ( 12.34001903240528719, -32.89115700549882604, 6.651444593697654284 ) ) ;
#3257 = CARTESIAN_POINT ( 'NONE',  ( -5.216430461260505247, -8.847358520986746910, 1.912499999999999645 ) ) ;
#3258 = VECTOR ( 'NONE', #4174, 1000.000000000000000 ) ;
#3259 = VECTOR ( 'NONE', #3391, 999.9999999999998863 ) ;
#3260 = ORIENTED_EDGE ( 'NONE', *, *, #6860, .F. ) ;
#3261 = AXIS2_PLACEMENT_3D ( 'NONE', #4714, #10643, #9599 ) ;
#3262 = ORIENTED_EDGE ( 'NONE', *, *, #12348, .T. ) ;
#3263 = PLANE ( 'NONE',  #11375 ) ;
#3264 = CARTESIAN_POINT ( 'NONE',  ( 0.000000000000000000, 0.000000000000000000, 9.000000000000000000 ) ) ;
#3265 = VECTOR ( 'NONE', #1259, 1000.000000000000000 ) ;
#3266 = DIRECTION ( 'NONE',  ( -0.0009964085165624543289, 0.9999995035849108538, 0.000000000000000000 ) ) ;
#3267 = DIRECTION ( 'NONE',  ( 8.881784197001252323E-16, -1.000000000000000000, 6.546126324440781884E-17 ) ) ;
#3268 = CARTESIAN_POINT ( 'NONE',  ( 56.74328029394445139, 20.98228877389777836, 1.275000000000000133 ) ) ;
#3269 = CARTESIAN_POINT ( 'NONE',  ( -26.26276084468408811, 3.740049006144637644, -2.735851365403640045 ) ) ;
#3270 = CARTESIAN_POINT ( 'NONE',  ( -4.847731257625055967, -3.009648682953001586, 1.275000000000000133 ) ) ;
#3271 = ORIENTED_EDGE ( 'NONE', *, *, #3326, .F. ) ;
#3272 = CARTESIAN_POINT ( 'NONE',  ( -26.84633310878611923, 6.085096650493864168, -1.642047547849102562 ) ) ;
#3273 = AXIS2_PLACEMENT_3D ( 'NONE', #6598, #1684, #11485 ) ;
#3274 = EDGE_CURVE ( 'NONE', #3374, #10480, #8623, .T. ) ;
#3275 = VECTOR ( 'NONE', #2038, 1000.000000000000000 ) ;
#3276 = VECTOR ( 'NONE', #10512, 1000.000000000000000 ) ;
#3277 = PLANE ( 'NONE',  #11808 ) ;
#3278 = VECTOR ( 'NONE', #399, 1000.000000000000000 ) ;
#3279 = CIRCLE ( 'NONE', #8051, 5.000000000000001776 ) ;
#3280 = VECTOR ( 'NONE', #10234, 1000.000000000000000 ) ;
#3281 = ORIENTED_EDGE ( 'NONE', *, *, #10430, .T. ) ;
#3282 = DIRECTION ( 'NONE',  ( 0.9643264662862186531, 0.2647158220052860389, 0.000000000000000000 ) ) ;
#3283 = CARTESIAN_POINT ( 'NONE',  ( 15.67954000625215016, -5.029171357805316767, 1.275000000000000133 ) ) ;
#3284 = AXIS2_PLACEMENT_3D ( 'NONE', #2072, #7961, #2 ) ;
#3285 = DIRECTION ( 'NONE',  ( 0.000000000000000000, 0.9927783471781702618, 0.1199631333959753909 ) ) ;
#3286 = DIRECTION ( 'NONE',  ( 0.9874406319167059465, -0.1579905011066695675, 0.000000000000000000 ) ) ;
#3287 = DIRECTION ( 'NONE',  ( -0.8669063030575355766, -0.4984711242580820989, 0.000000000000000000 ) ) ;
#3288 = DIRECTION ( 'NONE',  ( -0.5673052362514962033, 0.8235076010102360122, 0.000000000000000000 ) ) ;
#3289 = ORIENTED_EDGE ( 'NONE', *, *, #11371, .T. ) ;
#3290 = DIRECTION ( 'NONE',  ( -8.500145032286354763E-16, -1.000000000000000000, 0.000000000000000000 ) ) ;
#3291 = VECTOR ( 'NONE', #4651, 1000.000000000000000 ) ;
#3292 = ORIENTED_EDGE ( 'NONE', *, *, #4441, .T. ) ;
#3293 = DIRECTION ( 'NONE',  ( 0.000000000000000000, -1.000000000000000000, 0.000000000000000000 ) ) ;
#3294 = ORIENTED_EDGE ( 'NONE', *, *, #4852, .F. ) ;
#3295 = DIRECTION ( 'NONE',  ( -1.000000000000000000, 0.000000000000000000, 0.000000000000000000 ) ) ;
#3296 = ORIENTED_EDGE ( 'NONE', *, *, #503, .F. ) ;
#3297 = AXIS2_PLACEMENT_3D ( 'NONE', #2032, #6954, #10812 ) ;
#3298 = DIRECTION ( 'NONE',  ( -0.000000000000000000, -0.000000000000000000, -1.000000000000000000 ) ) ;
#3299 = CARTESIAN_POINT ( 'NONE',  ( 16.36825741590386585, -5.000770639881534585, 1.275000000000000133 ) ) ;
#3300 = VECTOR ( 'NONE', #5353, 1000.000000000000000 ) ;
#3301 = ORIENTED_EDGE ( 'NONE', *, *, #11441, .T. ) ;
#3302 = LINE ( 'NONE', #5325, #2331 ) ;
#3303 = DIRECTION ( 'NONE',  ( 6.938893903907222067E-15, -1.000000000000000000, 0.000000000000000000 ) ) ;
#3304 = ADVANCED_FACE ( 'NONE', ( #2714 ), #3669, .T. ) ;
#3305 = CARTESIAN_POINT ( 'NONE',  ( -14.06231303136081046, 14.36860075111488122, 2.876621164605829506 ) ) ;
#3306 = CARTESIAN_POINT ( 'NONE',  ( 36.04411425442763317, -20.55714728746119135, 1.912499999999999645 ) ) ;
#3307 = VERTEX_POINT ( 'NONE', #11865 ) ;
#3308 = AXIS2_PLACEMENT_3D ( 'NONE', #8700, #11358, #12726 ) ;
#3309 = CARTESIAN_POINT ( 'NONE',  ( -5.459641893321363071, -10.94380396979420844, -2.550000000000000266 ) ) ;
#3310 = LINE ( 'NONE', #12233, #1966 ) ;
#3311 = ORIENTED_EDGE ( 'NONE', *, *, #8747, .F. ) ;
#3312 = CARTESIAN_POINT ( 'NONE',  ( 18.09454005623523187, 74.51861236923376453, 2.014121164605829239 ) ) ;
#3313 = CARTESIAN_POINT ( 'NONE',  ( 15.10564948835784627, -8.345536529013696025, 1.912499999999999645 ) ) ;
#3314 = VERTEX_POINT ( 'NONE', #5692 ) ;
#3315 = VERTEX_POINT ( 'NONE', #889 ) ;
#3316 = LINE ( 'NONE', #10366, #4744 ) ;
#3317 = EDGE_CURVE ( 'NONE', #1676, #4753, #9790, .T. ) ;
#3318 = LINE ( 'NONE', #7288, #11194 ) ;
#3319 = DIRECTION ( 'NONE',  ( -0.2223603367690603350, -0.9749645535258962825, 0.000000000000000000 ) ) ;
#3320 = ORIENTED_EDGE ( 'NONE', *, *, #12515, .T. ) ;
#3321 = CARTESIAN_POINT ( 'NONE',  ( -7.089249254718881232, -8.536373850486274506, 1.912499999999999645 ) ) ;
#3322 = CARTESIAN_POINT ( 'NONE',  ( 27.38223735302119621, -2.600199801023818758, 3.148725983946201179 ) ) ;
#3323 = LINE ( 'NONE', #5217, #3300 ) ;
#3324 = EDGE_CURVE ( 'NONE', #11265, #262, #7635, .T. ) ;
#3325 = DIRECTION ( 'NONE',  ( 0.000000000000000000, -1.000000000000000000, 0.000000000000000000 ) ) ;
#3326 = EDGE_CURVE ( 'NONE', #3155, #10941, #2769, .T. ) ;
#3327 = EDGE_CURVE ( 'NONE', #11241, #3609, #1803, .T. ) ;
#3328 = ORIENTED_EDGE ( 'NONE', *, *, #12, .F. ) ;
#3329 = ORIENTED_EDGE ( 'NONE', *, *, #11450, .T. ) ;
#3330 = CARTESIAN_POINT ( 'NONE',  ( 50.51804093466497392, -8.435600470204391854, 1.912499999999999645 ) ) ;
#3331 = CARTESIAN_POINT ( 'NONE',  ( 30.21562663869249832, 44.95124867936373647, -1.275000000000000133 ) ) ;
#3332 = DIRECTION ( 'NONE',  ( 0.000000000000000000, -0.000000000000000000, 1.000000000000000000 ) ) ;
#3333 = CARTESIAN_POINT ( 'NONE',  ( 46.21409252683699975, -9.242105090473781814, -1.148378835394170627 ) ) ;
#3334 = CARTESIAN_POINT ( 'NONE',  ( 50.16957179191506100, -8.847358520986746910, -1.912499999999999645 ) ) ;
#3335 = LINE ( 'NONE', #4587, #5990 ) ;
#3336 = DIRECTION ( 'NONE',  ( -0.000000000000000000, -0.000000000000000000, -1.000000000000000000 ) ) ;
#3337 = EDGE_CURVE ( 'NONE', #12479, #1586, #4784, .T. ) ;
#3338 = ORIENTED_EDGE ( 'NONE', *, *, #7640, .T. ) ;
#3339 = ORIENTED_EDGE ( 'NONE', *, *, #2240, .T. ) ;
#3340 = PLANE ( 'NONE',  #10491 ) ;
#3341 = CARTESIAN_POINT ( 'NONE',  ( 24.38748735576862003, -5.966600216493434417, 1.275000000000000133 ) ) ;
#3342 = EDGE_CURVE ( 'NONE', #8688, #11503, #2050, .T. ) ;
#3343 = EDGE_LOOP ( 'NONE', ( #8298, #1809, #9433, #11820 ) ) ;
#3344 = LINE ( 'NONE', #8419, #11157 ) ;
#3345 = ADVANCED_FACE ( 'NONE', ( #4102 ), #11138, .T. ) ;
#3346 = DIRECTION ( 'NONE',  ( -0.000000000000000000, 0.000000000000000000, -1.000000000000000000 ) ) ;
#3347 = LINE ( 'NONE', #7185, #7111 ) ;
#3348 = PLANE ( 'NONE',  #9909 ) ;
#3349 = FACE_OUTER_BOUND ( 'NONE', #11092, .T. ) ;
#3350 = DIRECTION ( 'NONE',  ( 0.000000000000000000, -1.000000000000000000, 0.000000000000000000 ) ) ;
#3351 = ORIENTED_EDGE ( 'NONE', *, *, #10458, .F. ) ;
#3352 = CARTESIAN_POINT ( 'NONE',  ( 73.96491932761539090, 74.51861236923376453, 2.876621164605829506 ) ) ;
#3353 = VECTOR ( 'NONE', #7200, 1000.000000000000114 ) ;
#3354 = ORIENTED_EDGE ( 'NONE', *, *, #10860, .T. ) ;
#3355 = ORIENTED_EDGE ( 'NONE', *, *, #9485, .T. ) ;
#3356 = PLANE ( 'NONE',  #2880 ) ;
#3357 = ORIENTED_EDGE ( 'NONE', *, *, #12635, .F. ) ;
#3358 = FACE_OUTER_BOUND ( 'NONE', #8830, .T. ) ;
#3359 = ADVANCED_FACE ( 'NONE', ( #6063 ), #9054, .T. ) ;
#3360 = AXIS2_PLACEMENT_3D ( 'NONE', #5051, #3111, #1163 ) ;
#3361 = ORIENTED_EDGE ( 'NONE', *, *, #9293, .T. ) ;
#3362 = CARTESIAN_POINT ( 'NONE',  ( 6.070177707534485378, 7.254566538103156326, 1.151621164605829417 ) ) ;
#3363 = LINE ( 'NONE', #4207, #1045 ) ;
#3364 = ORIENTED_EDGE ( 'NONE', *, *, #10356, .T. ) ;
#3365 = DIRECTION ( 'NONE',  ( 0.000000000000000000, 1.000000000000000000, 0.000000000000000000 ) ) ;
#3366 = CARTESIAN_POINT ( 'NONE',  ( -22.69369578148065969, -10.48790597677185232, 3.944330564366027136 ) ) ;
#3367 = ADVANCED_FACE ( 'NONE', ( #5150 ), #11982, .T. ) ;
#3368 = DIRECTION ( 'NONE',  ( -0.000000000000000000, 0.000000000000000000, -1.000000000000000000 ) ) ;
#3369 = DIRECTION ( 'NONE',  ( -8.500145032286354763E-16, -1.000000000000000000, 0.000000000000000000 ) ) ;
#3370 = VERTEX_POINT ( 'NONE', #162 ) ;
#3371 = PLANE ( 'NONE',  #12829 ) ;
#3372 = CARTESIAN_POINT ( 'NONE',  ( 18.09454005623523187, 74.51861236923376453, 2.014121164605829239 ) ) ;
#3373 = AXIS2_PLACEMENT_3D ( 'NONE', #3847, #7040, #1981 ) ;
#3374 = VERTEX_POINT ( 'NONE', #232 ) ;
#3375 = DIRECTION ( 'NONE',  ( 0.000000000000000000, 1.000000000000000000, -0.000000000000000000 ) ) ;
#3376 = PLANE ( 'NONE',  #2848 ) ;
#3377 = ORIENTED_EDGE ( 'NONE', *, *, #9718, .F. ) ;
#3378 = ORIENTED_EDGE ( 'NONE', *, *, #5015, .F. ) ;
#3379 = LINE ( 'NONE', #1193, #6177 ) ;
#3380 = CARTESIAN_POINT ( 'NONE',  ( 4.437945083414524206, 7.254566538103156326, 1.151621164605829417 ) ) ;
#3381 = FACE_OUTER_BOUND ( 'NONE', #11902, .T. ) ;
#3382 = ORIENTED_EDGE ( 'NONE', *, *, #11068, .T. ) ;
#3383 = ORIENTED_EDGE ( 'NONE', *, *, #11931, .F. ) ;
#3384 = CARTESIAN_POINT ( 'NONE',  ( 15.38045670213009863, 1.369501866246042310, 2.876621164605829506 ) ) ;
#3385 = CARTESIAN_POINT ( 'NONE',  ( 26.84825573768456763, 5.976424508082428311, 2.640926841391873392 ) ) ;
#3386 = DIRECTION ( 'NONE',  ( 0.6789356140973461518, -0.7341978152448150885, 0.000000000000000000 ) ) ;
#3387 = CARTESIAN_POINT ( 'NONE',  ( 26.53150547199739862, -7.475955267501718460, -2.561657247709931085 ) ) ;
#3388 = EDGE_CURVE ( 'NONE', #9892, #1541, #3142, .T. ) ;
#3389 = ORIENTED_EDGE ( 'NONE', *, *, #5764, .T. ) ;
#3390 = ORIENTED_EDGE ( 'NONE', *, *, #3662, .T. ) ;
#3391 = DIRECTION ( 'NONE',  ( 0.9486832980505108814, -0.3162277660168469895, 0.000000000000000000 ) ) ;
#3392 = DIRECTION ( 'NONE',  ( 0.000000000000000000, -0.000000000000000000, -1.000000000000000000 ) ) ;
#3393 = FACE_OUTER_BOUND ( 'NONE', #11728, .T. ) ;
#3394 = ADVANCED_FACE ( 'NONE', ( #9914 ), #3980, .T. ) ;
#3395 = FACE_OUTER_BOUND ( 'NONE', #8402, .T. ) ;
#3396 = CARTESIAN_POINT ( 'NONE',  ( 25.98170888096099773, 5.283015500538291498, -2.668397395486849177 ) ) ;
#3397 = EDGE_CURVE ( 'NONE', #7266, #2884, #8993, .T. ) ;
#3398 = VECTOR ( 'NONE', #12297, 1000.000000000000000 ) ;
#3399 = B_SPLINE_CURVE_WITH_KNOTS ( 'NONE', 3,
 ( #12494, #7677, #605, #7606, #3824, #11584, #6647, #10800, #6570, #1721 ),
 .UNSPECIFIED., .F., .F.,
 ( 4, 2, 2, 2, 4 ),
 ( 0.01218231416895403096, 0.01539288154308105644, 0.01699816523014456571, 0.01860344891720807844, 0.02502458366546211899 ),
 .UNSPECIFIED. ) ;
#3400 = DIRECTION ( 'NONE',  ( -1.000000000000000000, 0.000000000000000000, -0.000000000000000000 ) ) ;
#3401 = CARTESIAN_POINT ( 'NONE',  ( 17.82379420949774484, -4.837466511819784820, -1.275000000000000133 ) ) ;
#3402 = ORIENTED_EDGE ( 'NONE', *, *, #9413, .F. ) ;
#3403 = CARTESIAN_POINT ( 'NONE',  ( 56.74328029394445139, 20.98228877389777836, 1.912499999999999645 ) ) ;
#3404 = VECTOR ( 'NONE', #11185, 1000.000000000000000 ) ;
#3405 = CARTESIAN_POINT ( 'NONE',  ( 25.00000000000000000, 2.940724589404083576E-15, 2.956464602960560573 ) ) ;
#3406 = VECTOR ( 'NONE', #5088, 1000.000000000000000 ) ;
#3407 = EDGE_CURVE ( 'NONE', #10941, #1785, #3255, .T. ) ;
#3408 = EDGE_LOOP ( 'NONE', ( #11917, #6711, #7597, #6454 ) ) ;
#3409 = DIRECTION ( 'NONE',  ( -0.000000000000000000, 1.000000000000000000, 0.000000000000000000 ) ) ;
#3410 = B_SPLINE_CURVE_WITH_KNOTS ( 'NONE', 3,
 ( #10187, #9004, #11089, #2249, #11149, #6139, #9137, #2370, #5099, #1344 ),
 .UNSPECIFIED., .F., .F.,
 ( 4, 2, 2, 2, 4 ),
 ( 0.000000000000000000, 0.006421992075778649479, 0.008027490094723312500, 0.009632988113667976388, 0.01284398415155730416 ),
 .UNSPECIFIED. ) ;
#3411 = DIRECTION ( 'NONE',  ( 0.8160244811016579281, 0.5780173407803349539, 0.000000000000000000 ) ) ;
#3412 = EDGE_CURVE ( 'NONE', #12789, #7407, #8074, .T. ) ;
#3413 = SPHERICAL_SURFACE ( 'NONE', #10031, 1.000000000000000000 ) ;
#3414 = CARTESIAN_POINT ( 'NONE',  ( 10.13806131947392686, -7.679219674304288645, 1.912499999999999645 ) ) ;
#3415 = ADVANCED_FACE ( 'NONE', ( #43 ), #3198, .T. ) ;
#3416 = CARTESIAN_POINT ( 'NONE',  ( 9.216325940966472174, -8.051061885397436058, 1.275000000000000133 ) ) ;
#3417 = LINE ( 'NONE', #7383, #9773 ) ;
#3418 = VERTEX_POINT ( 'NONE', #2235 ) ;
#3419 = CARTESIAN_POINT ( 'NONE',  ( -7.966917102575755472, -8.418890752741647887, 1.912499999999999645 ) ) ;
#3420 = ORIENTED_EDGE ( 'NONE', *, *, #8983, .T. ) ;
#3421 = EDGE_LOOP ( 'NONE', ( #5869, #5275, #1413, #5022, #1293, #7291 ) ) ;
#3422 = CARTESIAN_POINT ( 'NONE',  ( -23.38235294117647456, -12.35062510189812812, -4.169413659219856072 ) ) ;
#3423 = ORIENTED_EDGE ( 'NONE', *, *, #10928, .F. ) ;
#3424 = CARTESIAN_POINT ( 'NONE',  ( 9.895004820617472774, 27.61115755840636155, -1.275000000000000133 ) ) ;
#3425 = EDGE_CURVE ( 'NONE', #12034, #6472, #2117, .T. ) ;
#3426 = ORIENTED_EDGE ( 'NONE', *, *, #3342, .F. ) ;
#3427 = FACE_OUTER_BOUND ( 'NONE', #1262, .T. ) ;
#3428 = VERTEX_POINT ( 'NONE', #6125 ) ;
#3429 = ORIENTED_EDGE ( 'NONE', *, *, #12240, .T. ) ;
#3430 = DIRECTION ( 'NONE',  ( 0.000000000000000000, -0.000000000000000000, 1.000000000000000000 ) ) ;
#3431 = DIRECTION ( 'NONE',  ( -0.000000000000000000, 0.000000000000000000, -1.000000000000000000 ) ) ;
#3432 = VECTOR ( 'NONE', #2179, 1000.000000000000000 ) ;
#3433 = ADVANCED_FACE ( 'NONE', ( #10100 ), #1198, .T. ) ;
#3434 = LINE ( 'NONE', #2286, #4451 ) ;
#3435 = CARTESIAN_POINT ( 'NONE',  ( 20.61675061128899955, -12.10421909368450066, -2.550000000000000266 ) ) ;
#3436 = ORIENTED_EDGE ( 'NONE', *, *, #5007, .F. ) ;
#3437 = CARTESIAN_POINT ( 'NONE',  ( 11.09498354161330980, -22.67002808068498965, 1.912499999999999645 ) ) ;
#3438 = LINE ( 'NONE', #1321, #9013 ) ;
#3439 = ORIENTED_EDGE ( 'NONE', *, *, #9507, .F. ) ;
#3440 = CARTESIAN_POINT ( 'NONE',  ( -1.719580610744103844, -7.879850657207537523, 1.912499999999999645 ) ) ;
#3441 = ADVANCED_FACE ( 'NONE', ( #1983 ), #10174, .T. ) ;
#3442 = DIRECTION ( 'NONE',  ( 0.9971426880279495863, -0.07554111272939563471, 0.000000000000000000 ) ) ;
#3443 = VECTOR ( 'NONE', #12696, 999.9999999999998863 ) ;
#3444 = VERTEX_POINT ( 'NONE', #9185 ) ;
#3445 = VERTEX_POINT ( 'NONE', #294 ) ;
#3446 = EDGE_CURVE ( 'NONE', #6498, #1620, #5935, .T. ) ;
#3447 = CARTESIAN_POINT ( 'NONE',  ( -24.60176455731222234, -12.30919145503957601, 3.103045877523330720 ) ) ;
#3448 = AXIS2_PLACEMENT_3D ( 'NONE', #8393, #7488, #11399 ) ;
#3449 = PLANE ( 'NONE',  #7669 ) ;
#3450 = CARTESIAN_POINT ( 'NONE',  ( 24.98267746305588588, -0.9304981337539541819, 2.876621164605829950 ) ) ;
#3451 = ORIENTED_EDGE ( 'NONE', *, *, #2492, .F. ) ;
#3452 = ORIENTED_EDGE ( 'NONE', *, *, #9639, .F. ) ;
#3453 = LINE ( 'NONE', #7163, #7438 ) ;
#3454 = CARTESIAN_POINT ( 'NONE',  ( 26.51641067932516904, -0.4139055849635587259, 2.982163281517994147 ) ) ;
#3455 = CARTESIAN_POINT ( 'NONE',  ( -7.897809398020091187, -8.204656868619112586, -1.912499999999999645 ) ) ;
#3456 = VERTEX_POINT ( 'NONE', #1594 ) ;
#3457 = VECTOR ( 'NONE', #2324, 1000.000000000000000 ) ;
#3458 = CARTESIAN_POINT ( 'NONE',  ( 49.00538528815310713, 31.63700866735529615, 1.912499999999999645 ) ) ;
#3459 = ORIENTED_EDGE ( 'NONE', *, *, #6301, .F. ) ;
#3460 = ORIENTED_EDGE ( 'NONE', *, *, #11114, .F. ) ;
#3461 = CARTESIAN_POINT ( 'NONE',  ( 24.38748735576862003, -5.966600216493434417, 1.275000000000000133 ) ) ;
#3462 = LINE ( 'NONE', #5798, #8564 ) ;
#3463 = VECTOR ( 'NONE', #10006, 1000.000000000000000 ) ;
#3464 = CARTESIAN_POINT ( 'NONE',  ( 36.76623602454992579, 42.04239423177097734, 1.912499999999999645 ) ) ;
#3465 = CARTESIAN_POINT ( 'NONE',  ( 0.000000000000000000, -6.197530749804934925E-17, -2.499999999999996003 ) ) ;
#3466 = EDGE_CURVE ( 'NONE', #1462, #5828, #7013, .T. ) ;
#3467 = VECTOR ( 'NONE', #1694, 1000.000000000000000 ) ;
#3468 = CARTESIAN_POINT ( 'NONE',  ( -1.921773770931815672, 30.12831799411278411, -2.550000000000000266 ) ) ;
#3469 = CARTESIAN_POINT ( 'NONE',  ( 27.49999999999999645, -1.122578528742497794E-16, 1.954188478668229978 ) ) ;
#3470 = VERTEX_POINT ( 'NONE', #5543 ) ;
#3471 = ORIENTED_EDGE ( 'NONE', *, *, #5648, .F. ) ;
#3472 = CARTESIAN_POINT ( 'NONE',  ( 45.92714323729583015, 34.09704148069203455, 1.275000000000000133 ) ) ;
#3473 = PLANE ( 'NONE',  #10980 ) ;
#3474 = ORIENTED_EDGE ( 'NONE', *, *, #3466, .F. ) ;
#3475 = VECTOR ( 'NONE', #993, 1000.000000000000114 ) ;
#3476 = ADVANCED_FACE ( 'NONE', ( #11267 ), #6665, .T. ) ;
#3477 = CIRCLE ( 'NONE', #12646, 25.00000000000000000 ) ;
#3478 = ORIENTED_EDGE ( 'NONE', *, *, #6695, .T. ) ;
#3479 = DIRECTION ( 'NONE',  ( -0.9429903335828840882, 0.3328201177351528539, 0.000000000000000000 ) ) ;
#3480 = CARTESIAN_POINT ( 'NONE',  ( 50.16957179191506100, -12.10421909368450066, -1.912499999999999645 ) ) ;
#3481 = FACE_OUTER_BOUND ( 'NONE', #6358, .T. ) ;
#3482 = LINE ( 'NONE', #11431, #12618 ) ;
#3483 = AXIS2_PLACEMENT_3D ( 'NONE', #8410, #11346, #5494 ) ;
#3484 = VECTOR ( 'NONE', #9831, 1000.000000000000000 ) ;
#3485 = CARTESIAN_POINT ( 'NONE',  ( 13.64993377744630187, -10.19732215022125921, -1.912499999999999645 ) ) ;
#3486 = LINE ( 'NONE', #8636, #1474 ) ;
#3487 = ORIENTED_EDGE ( 'NONE', *, *, #5795, .T. ) ;
#3488 = LINE ( 'NONE', #11502, #7661 ) ;
#3489 = VERTEX_POINT ( 'NONE', #5282 ) ;
#3490 = VECTOR ( 'NONE', #7988, 999.9999999999998863 ) ;
#3491 = ORIENTED_EDGE ( 'NONE', *, *, #8823, .F. ) ;
#3492 = VECTOR ( 'NONE', #6351, 1000.000000000000000 ) ;
#3493 = CARTESIAN_POINT ( 'NONE',  ( 57.50565396225613313, 18.98834136507636572, -1.912499999999999645 ) ) ;
#3494 = ORIENTED_EDGE ( 'NONE', *, *, #3957, .F. ) ;
#3495 = VECTOR ( 'NONE', #4268, 1000.000000000000000 ) ;
#3496 = AXIS2_PLACEMENT_3D ( 'NONE', #1982, #8135, #12054 ) ;
#3497 = ADVANCED_FACE ( 'NONE', ( #354 ), #8266, .T. ) ;
#3498 = DIRECTION ( 'NONE',  ( 0.9986178293325104205, -0.05255883312274953895, 0.000000000000000000 ) ) ;
#3499 = EDGE_CURVE ( 'NONE', #728, #3559, #11601, .T. ) ;
#3500 = EDGE_CURVE ( 'NONE', #8107, #373, #4830, .T. ) ;
#3501 = EDGE_CURVE ( 'NONE', #1504, #6095, #4099, .T. ) ;
#3502 = EDGE_CURVE ( 'NONE', #7514, #8325, #1793, .T. ) ;
#3503 = ORIENTED_EDGE ( 'NONE', *, *, #1975, .F. ) ;
#3504 = AXIS2_PLACEMENT_3D ( 'NONE', #568, #3548, #2589 ) ;
#3505 = DIRECTION ( 'NONE',  ( -0.06237828615518847125, 0.9980525784828879754, 0.000000000000000000 ) ) ;
#3506 = ORIENTED_EDGE ( 'NONE', *, *, #7331, .T. ) ;
#3507 = EDGE_LOOP ( 'NONE', ( #9344, #1006, #2626, #2665 ) ) ;
#3508 = VECTOR ( 'NONE', #6188, 1000.000000000000000 ) ;
#3509 = DIRECTION ( 'NONE',  ( 0.9291711076192176177, -0.3696499056751892387, 0.000000000000000000 ) ) ;
#3510 = DIRECTION ( 'NONE',  ( 0.4260085297640673341, 0.9047191456845918855, -0.000000000000000000 ) ) ;
#3511 = DIRECTION ( 'NONE',  ( 0.000000000000000000, -1.000000000000000000, 0.000000000000000000 ) ) ;
#3512 = DIRECTION ( 'NONE',  ( 0.000000000000000000, -1.000000000000000000, 0.000000000000000000 ) ) ;
#3513 = ORIENTED_EDGE ( 'NONE', *, *, #4371, .F. ) ;
#3514 = LINE ( 'NONE', #9574, #599 ) ;
#3515 = DIRECTION ( 'NONE',  ( 0.000000000000000000, 1.000000000000000000, 0.000000000000000000 ) ) ;
#3516 = EDGE_LOOP ( 'NONE', ( #3156, #3351, #9559, #9115 ) ) ;
#3517 = CARTESIAN_POINT ( 'NONE',  ( 32.87399844683026373, -21.75840204113997345, -1.275000000000000133 ) ) ;
#3518 = DIRECTION ( 'NONE',  ( -0.000000000000000000, -0.000000000000000000, -1.000000000000000000 ) ) ;
#3519 = AXIS2_PLACEMENT_3D ( 'NONE', #10858, #11, #8893 ) ;
#3520 = EDGE_CURVE ( 'NONE', #6449, #4093, #7559, .T. ) ;
#3521 = VECTOR ( 'NONE', #9517, 999.9999999999998863 ) ;
#3522 = VERTEX_POINT ( 'NONE', #2815 ) ;
#3523 = DIRECTION ( 'NONE',  ( 0.8604042686535932072, -0.5096121019782353656, 0.000000000000000000 ) ) ;
#3524 = LINE ( 'NONE', #8458, #1008 ) ;
#3525 = ADVANCED_FACE ( 'NONE', ( #2701 ), #10635, .T. ) ;
#3526 = CARTESIAN_POINT ( 'NONE',  ( 54.17976077065905827, 25.58622286491810982, -1.912499999999999645 ) ) ;
#3527 = CARTESIAN_POINT ( 'NONE',  ( -2.566159102104386580, -2.933400770300640392, 1.275000000000000133 ) ) ;
#3528 = ORIENTED_EDGE ( 'NONE', *, *, #4158, .F. ) ;
#3529 = ORIENTED_EDGE ( 'NONE', *, *, #7182, .T. ) ;
#3530 = DIRECTION ( 'NONE',  ( 1.000000000000000000, 0.000000000000000000, 0.000000000000000000 ) ) ;
#3531 = CARTESIAN_POINT ( 'NONE',  ( 26.96845563520173528, 5.407958511833297344, 1.670510497308176356 ) ) ;
#3532 = CARTESIAN_POINT ( 'NONE',  ( 53.90104024953674156, 26.09312535970788360, 1.275000000000000133 ) ) ;
#3533 = AXIS2_PLACEMENT_3D ( 'NONE', #3152, #4119, #11279 ) ;
#3534 = VERTEX_POINT ( 'NONE', #12642 ) ;
#3535 = CARTESIAN_POINT ( 'NONE',  ( 24.93878836083202089, -1.806057315344249625, -3.086395605500237949 ) ) ;
#3536 = EDGE_LOOP ( 'NONE', ( #6530, #10498, #11624, #4445 ) ) ;
#3537 = ORIENTED_EDGE ( 'NONE', *, *, #4858, .T. ) ;
#3538 = CARTESIAN_POINT ( 'NONE',  ( -27.18172233625134382, -4.207085632606014869, 3.285045597847748855 ) ) ;
#3539 = CARTESIAN_POINT ( 'NONE',  ( -21.33587571363853996, 74.51861236923376453, 1.439121164605829506 ) ) ;
#3540 = DIRECTION ( 'NONE',  ( -0.6757246285173522660, -0.7371541402007359967, 0.000000000000000000 ) ) ;
#3541 = CARTESIAN_POINT ( 'NONE',  ( 10.13806131947392686, -7.679219674304288645, 1.275000000000000133 ) ) ;
#3542 = EDGE_CURVE ( 'NONE', #3783, #7080, #4772, .T. ) ;
#3543 = DIRECTION ( 'NONE',  ( -0.000000000000000000, -2.479012299922036093E-16, -1.000000000000000000 ) ) ;
#3544 = DIRECTION ( 'NONE',  ( 0.000000000000000000, 1.000000000000000000, 0.000000000000000000 ) ) ;
#3545 = ORIENTED_EDGE ( 'NONE', *, *, #3816, .F. ) ;
#3546 = ORIENTED_EDGE ( 'NONE', *, *, #3232, .T. ) ;
#3547 = DIRECTION ( 'NONE',  ( 1.000000000000000000, 0.000000000000000000, -0.000000000000000000 ) ) ;
#3548 = DIRECTION ( 'NONE',  ( -0.4036402065763011193, 0.9149178015729286795, 0.000000000000000000 ) ) ;
#3549 = ORIENTED_EDGE ( 'NONE', *, *, #10747, .T. ) ;
#3550 = CARTESIAN_POINT ( 'NONE',  ( -9.399145120566069878, -4.587393952451848556, -1.275000000000000133 ) ) ;
#3551 = CARTESIAN_POINT ( 'NONE',  ( -4.014820503311821831, 35.05417183913628065, -1.275000000000000133 ) ) ;
#3552 = DIRECTION ( 'NONE',  ( 3.469446951953614189E-15, 0.000000000000000000, -1.000000000000000000 ) ) ;
#3553 = CARTESIAN_POINT ( 'NONE',  ( 10.41399010399786285, -8.174958178124823505, 1.912499999999999645 ) ) ;
#3554 = FACE_OUTER_BOUND ( 'NONE', #1328, .T. ) ;
#3555 = DIRECTION ( 'NONE',  ( 0.5328132696861327400, -0.8462328400897547453, 0.000000000000000000 ) ) ;
#3556 = VERTEX_POINT ( 'NONE', #12704 ) ;
#3557 = DIRECTION ( 'NONE',  ( -0.000000000000000000, 0.000000000000000000, 1.000000000000000000 ) ) ;
#3558 = VERTEX_POINT ( 'NONE', #3781 ) ;
#3559 = VERTEX_POINT ( 'NONE', #2876 ) ;
#3560 = VERTEX_POINT ( 'NONE', #7749 ) ;
#3561 = CARTESIAN_POINT ( 'NONE',  ( 10.00314624412034981, -12.10421909368450066, -1.912499999999999645 ) ) ;
#3562 = EDGE_CURVE ( 'NONE', #1668, #9177, #9932, .T. ) ;
#3563 = EDGE_LOOP ( 'NONE', ( #136, #9580, #5725, #1899 ) ) ;
#3564 = ORIENTED_EDGE ( 'NONE', *, *, #1931, .F. ) ;
#3565 = LINE ( 'NONE', #6636, #9944 ) ;
#3566 = VERTEX_POINT ( 'NONE', #1734 ) ;
#3567 = VERTEX_POINT ( 'NONE', #5863 ) ;
#3568 = VECTOR ( 'NONE', #7982, 1000.000000000000000 ) ;
#3569 = DIRECTION ( 'NONE',  ( -0.5096121019782500206, -0.8604042686535845474, 0.000000000000000000 ) ) ;
#3570 = CARTESIAN_POINT ( 'NONE',  ( 57.91757798137906832, 17.78890072941083389, 1.275000000000000133 ) ) ;
#3571 = DIRECTION ( 'NONE',  ( 0.6782801027330607191, 0.7348034446274925857, 0.000000000000000000 ) ) ;
#3572 = CARTESIAN_POINT ( 'NONE',  ( 3.747344086032916799, 6.562698785064672080, -2.620515480705437383 ) ) ;
#3573 = EDGE_CURVE ( 'NONE', #6590, #5312, #9837, .T. ) ;
#3574 = EDGE_CURVE ( 'NONE', #7388, #2747, #4640, .T. ) ;
#3575 = ORIENTED_EDGE ( 'NONE', *, *, #1570, .T. ) ;
#3576 = CARTESIAN_POINT ( 'NONE',  ( 20.53593437477012174, 43.41236235352887718, 1.275000000000000133 ) ) ;
#3577 = DIRECTION ( 'NONE',  ( -0.000000000000000000, -0.000000000000000000, -1.000000000000000000 ) ) ;
#3578 = ORIENTED_EDGE ( 'NONE', *, *, #6901, .T. ) ;
#3579 = DIRECTION ( 'NONE',  ( -1.000000000000000000, 0.000000000000000000, 8.673617379884027583E-16 ) ) ;
#3580 = AXIS2_PLACEMENT_3D ( 'NONE', #6416, #9411, #513 ) ;
#3581 = ORIENTED_EDGE ( 'NONE', *, *, #5811, .T. ) ;
#3582 = EDGE_CURVE ( 'NONE', #3470, #3712, #5682, .T. ) ;
#3583 = ORIENTED_EDGE ( 'NONE', *, *, #8452, .F. ) ;
#3584 = CARTESIAN_POINT ( 'NONE',  ( -23.52087571363853513, 74.51861236923376453, 2.014121164605829239 ) ) ;
#3585 = FACE_BOUND ( 'NONE', #4350, .T. ) ;
#3586 = CYLINDRICAL_SURFACE ( 'NONE', #3919, 1.000000000000000888 ) ;
#3587 = VECTOR ( 'NONE', #11328, 1000.000000000000114 ) ;
#3588 = APPLICATION_PROTOCOL_DEFINITION ( 'draft international standard', 'automotive_design', 1998, #2518 ) ;
#3589 = ORIENTED_EDGE ( 'NONE', *, *, #12830, .F. ) ;
#3590 = ORIENTED_EDGE ( 'NONE', *, *, #7776, .F. ) ;
#3591 = EDGE_CURVE ( 'NONE', #1186, #3938, #3838, .T. ) ;
#3592 = CARTESIAN_POINT ( 'NONE',  ( 50.16957179191506100, -8.847358520986746910, -1.275000000000000133 ) ) ;
#3593 = CARTESIAN_POINT ( 'NONE',  ( -24.55587571363852817, 74.51861236923376453, 2.014121164605829239 ) ) ;
#3594 = CARTESIAN_POINT ( 'NONE',  ( -4.014820503311821831, 35.05417183913628065, 1.275000000000000133 ) ) ;
#3595 = ORIENTED_EDGE ( 'NONE', *, *, #3397, .T. ) ;
#3596 = CARTESIAN_POINT ( 'NONE',  ( -12.53537813810046941, 30.12831799411278411, -2.550000000000000266 ) ) ;
#3597 = EDGE_CURVE ( 'NONE', #3771, #6772, #5805, .T. ) ;
#3598 = CIRCLE ( 'NONE', #4645, 2.000000000000001776 ) ;
#3599 = ORIENTED_EDGE ( 'NONE', *, *, #12090, .T. ) ;
#3600 = ORIENTED_EDGE ( 'NONE', *, *, #3908, .T. ) ;
#3601 = CARTESIAN_POINT ( 'NONE',  ( 31.12862530695704422, 38.28872363052321504, 1.275000000000000133 ) ) ;
#3602 = CARTESIAN_POINT ( 'NONE',  ( 50.16957179191506100, -10.94380396979420844, -1.912499999999999645 ) ) ;
#3603 = LINE ( 'NONE', #9530, #12238 ) ;
#3604 = CARTESIAN_POINT ( 'NONE',  ( 50.70003826105134692, 29.64086231977132613, -1.912499999999999645 ) ) ;
#3605 = EDGE_CURVE ( 'NONE', #2055, #3988, #1912, .T. ) ;
#3606 = LINE ( 'NONE', #7572, #6191 ) ;
#3607 = DIRECTION ( 'NONE',  ( 0.000000000000000000, -1.000000000000000000, 2.168404344971009608E-16 ) ) ;
#3608 = ORIENTED_EDGE ( 'NONE', *, *, #7148, .T. ) ;
#3609 = VERTEX_POINT ( 'NONE', #6835 ) ;
#3610 = FACE_OUTER_BOUND ( 'NONE', #1846, .T. ) ;
#3611 = DIRECTION ( 'NONE',  ( 0.3078202854146708245, -0.9514445185544087025, 0.000000000000000000 ) ) ;
#3612 = ORIENTED_EDGE ( 'NONE', *, *, #7369, .F. ) ;
#3613 = EDGE_CURVE ( 'NONE', #12765, #896, #938, .T. ) ;
#3614 = ORIENTED_EDGE ( 'NONE', *, *, #6588, .T. ) ;
#3615 = DIRECTION ( 'NONE',  ( 0.9363291775690406604, 0.3511234415884020299, 0.000000000000000000 ) ) ;
#3616 = VECTOR ( 'NONE', #7509, 1000.000000000000000 ) ;
#3617 = CARTESIAN_POINT ( 'NONE',  ( 50.16957179191506100, -12.10421909368450066, -1.912499999999999645 ) ) ;
#3618 = LINE ( 'NONE', #4797, #11887 ) ;
#3619 = CARTESIAN_POINT ( 'NONE',  ( 31.47311038443231013, -16.86807369390683675, 1.912499999999999645 ) ) ;
#3620 = ADVANCED_FACE ( 'NONE', ( #8848 ), #11534, .T. ) ;
#3621 = VECTOR ( 'NONE', #1664, 1000.000000000000000 ) ;
#3622 = LINE ( 'NONE', #6344, #1825 ) ;
#3623 = LINE ( 'NONE', #7520, #12684 ) ;
#3624 = ORIENTED_EDGE ( 'NONE', *, *, #9546, .T. ) ;
#3625 = CARTESIAN_POINT ( 'NONE',  ( -6.254696157596316475, -10.94380396979420844, -1.275000000000000133 ) ) ;
#3626 = ORIENTED_EDGE ( 'NONE', *, *, #12434, .F. ) ;
#3627 = VERTEX_POINT ( 'NONE', #999 ) ;
#3628 = ORIENTED_EDGE ( 'NONE', *, *, #1553, .F. ) ;
#3629 = CARTESIAN_POINT ( 'NONE',  ( -24.96212692799604582, -11.56161874083404228, 4.074073470130302077 ) ) ;
#3630 = VECTOR ( 'NONE', #7443, 1000.000000000000114 ) ;
#3631 = ORIENTED_EDGE ( 'NONE', *, *, #8852, .F. ) ;
#3632 = EDGE_LOOP ( 'NONE', ( #4620, #6143, #226, #4658 ) ) ;
#3633 = CARTESIAN_POINT ( 'NONE',  ( -23.70715493704632593, -11.74162135964215103, 4.095824224701501315 ) ) ;
#3634 = EDGE_LOOP ( 'NONE', ( #134, #9275, #12667, #10968 ) ) ;
#3635 = ORIENTED_EDGE ( 'NONE', *, *, #11498, .T. ) ;
#3636 = LINE ( 'NONE', #7728, #3782 ) ;
#3637 = CARTESIAN_POINT ( 'NONE',  ( -6.338277735780555311, 4.278982571868605866, 1.275000000000000133 ) ) ;
#3638 = DIRECTION ( 'NONE',  ( 0.000000000000000000, -1.000000000000000000, 0.000000000000000000 ) ) ;
#3639 = DIRECTION ( 'NONE',  ( 0.000000000000000000, 1.000000000000000000, -0.000000000000000000 ) ) ;
#3640 = EDGE_CURVE ( 'NONE', #1499, #3673, #9970, .T. ) ;
#3641 = EDGE_LOOP ( 'NONE', ( #286, #5740, #10492, #7874, #1367 ) ) ;
#3642 = LINE ( 'NONE', #8528, #11169 ) ;
#3643 = CARTESIAN_POINT ( 'NONE',  ( 5.926536009056959209, 21.18669797144782407, -2.500000000000000000 ) ) ;
#3644 = ORIENTED_EDGE ( 'NONE', *, *, #101, .F. ) ;
#3645 = DIRECTION ( 'NONE',  ( 0.2631174057920981357, -0.9647638212377350753, 0.000000000000000000 ) ) ;
#3646 = EDGE_CURVE ( 'NONE', #8507, #1521, #7025, .T. ) ;
#3647 = ORIENTED_EDGE ( 'NONE', *, *, #12330, .T. ) ;
#3648 = DIRECTION ( 'NONE',  ( -0.5096121019782354766, -0.8604042686535933182, -0.000000000000000000 ) ) ;
#3649 = DIRECTION ( 'NONE',  ( 1.000000000000000000, 0.000000000000000000, 0.000000000000000000 ) ) ;
#3650 = CARTESIAN_POINT ( 'NONE',  ( 27.24732041884817946, 3.875217664903528814, -2.729042023367675984 ) ) ;
#3651 = DIRECTION ( 'NONE',  ( 0.000000000000000000, -1.000000000000000000, 0.000000000000000000 ) ) ;
#3652 = ORIENTED_EDGE ( 'NONE', *, *, #6526, .T. ) ;
#3653 = EDGE_LOOP ( 'NONE', ( #8082, #1222, #11420, #10207 ) ) ;
#3654 = CARTESIAN_POINT ( 'NONE',  ( -8.508444543210325506, 30.12831799411278411, -1.275000000000000133 ) ) ;
#3655 = DIRECTION ( 'NONE',  ( -0.4679360541420699571, -0.8773801015163785744, 0.1060188978298640811 ) ) ;
#3656 = VERTEX_POINT ( 'NONE', #2034 ) ;
#3657 = AXIS2_PLACEMENT_3D ( 'NONE', #7408, #5469, #3579 ) ;
#3658 = DIRECTION ( 'NONE',  ( -0.000000000000000000, -0.000000000000000000, -1.000000000000000000 ) ) ;
#3659 = ADVANCED_FACE ( 'NONE', ( #6048 ), #8059, .T. ) ;
#3660 = EDGE_CURVE ( 'NONE', #8142, #8984, #4154, .T. ) ;
#3661 = EDGE_CURVE ( 'NONE', #9199, #8679, #1852, .T. ) ;
#3662 = EDGE_CURVE ( 'NONE', #3966, #1884, #220, .T. ) ;
#3663 = VERTEX_POINT ( 'NONE', #1185 ) ;
#3664 = ORIENTED_EDGE ( 'NONE', *, *, #3246, .T. ) ;
#3665 = CARTESIAN_POINT ( 'NONE',  ( -27.42841366706705131, -2.057405987625259502, 3.105613376997360842 ) ) ;
#3666 = FACE_OUTER_BOUND ( 'NONE', #3507, .T. ) ;
#3667 = DIRECTION ( 'NONE',  ( 0.7408333365801926806, -0.6716888918327136304, 0.000000000000000000 ) ) ;
#3668 = AXIS2_PLACEMENT_3D ( 'NONE', #9152, #6286, #6419 ) ;
#3669 = PLANE ( 'NONE',  #11799 ) ;
#3670 = CARTESIAN_POINT ( 'NONE',  ( 15.74321981073298282, -8.400381287927684681, 1.912499999999999645 ) ) ;
#3671 = VERTEX_POINT ( 'NONE', #1124 ) ;
#3672 = PLANE ( 'NONE',  #2381 ) ;
#3673 = VERTEX_POINT ( 'NONE', #12102 ) ;
#3674 = VECTOR ( 'NONE', #5574, 1000.000000000000000 ) ;
#3675 = VECTOR ( 'NONE', #4116, 1000.000000000000114 ) ;
#3676 = ORIENTED_EDGE ( 'NONE', *, *, #8974, .T. ) ;
#3677 = DIRECTION ( 'NONE',  ( 0.000000000000000000, -0.000000000000000000, 1.000000000000000000 ) ) ;
#3678 = VECTOR ( 'NONE', #11886, 1000.000000000000000 ) ;
#3679 = CARTESIAN_POINT ( 'NONE',  ( 26.38253660785953514, -2.467197610249448836, -3.138095389685521042 ) ) ;
#3680 = PLANE ( 'NONE',  #9181 ) ;
#3681 = CARTESIAN_POINT ( 'NONE',  ( 9.414560009330283918, -7.910646086973067703, -1.912499999999999645 ) ) ;
#3682 = EDGE_CURVE ( 'NONE', #3556, #8878, #11062, .T. ) ;
#3683 = CARTESIAN_POINT ( 'NONE',  ( -7.953095561664616397, -8.266853802719200672, 1.912499999999999645 ) ) ;
#3684 = CARTESIAN_POINT ( 'NONE',  ( -27.50000000000000000, 8.483312583677848906, -2.563046285822878634 ) ) ;
#3685 = ORIENTED_EDGE ( 'NONE', *, *, #10730, .T. ) ;
#3686 = ORIENTED_EDGE ( 'NONE', *, *, #11212, .F. ) ;
#3687 = ORIENTED_EDGE ( 'NONE', *, *, #9976, .F. ) ;
#3688 = VECTOR ( 'NONE', #11294, 1000.000000000000000 ) ;
#3689 = ORIENTED_EDGE ( 'NONE', *, *, #12089, .F. ) ;
#3690 = DIRECTION ( 'NONE',  ( -0.000000000000000000, 0.000000000000000000, 1.000000000000000000 ) ) ;
#3691 = CIRCLE ( 'NONE', #5969, 200.0000000000000000 ) ;
#3692 = ORIENTED_EDGE ( 'NONE', *, *, #12683, .F. ) ;
#3693 = ORIENTED_EDGE ( 'NONE', *, *, #8536, .F. ) ;
#3694 = CARTESIAN_POINT ( 'NONE',  ( -1.921773770931815672, -10.94380396979420844, -1.912499999999999645 ) ) ;
#3695 = ORIENTED_EDGE ( 'NONE', *, *, #7162, .F. ) ;
#3696 = VECTOR ( 'NONE', #4887, 1000.000000000000000 ) ;
#3697 = VERTEX_POINT ( 'NONE', #8919 ) ;
#3698 = DIRECTION ( 'NONE',  ( 0.000000000000000000, -1.000000000000000000, 0.000000000000000000 ) ) ;
#3699 = VECTOR ( 'NONE', #4904, 1000.000000000000000 ) ;
#3700 = DIRECTION ( 'NONE',  ( -0.000000000000000000, -0.000000000000000000, -1.000000000000000000 ) ) ;
#3701 = AXIS2_PLACEMENT_3D ( 'NONE', #12424, #2745, #6705 ) ;
#3702 = DIRECTION ( 'NONE',  ( 0.000000000000000000, -0.000000000000000000, -1.000000000000000000 ) ) ;
#3703 = DIRECTION ( 'NONE',  ( 0.000000000000000000, -0.000000000000000000, 1.000000000000000000 ) ) ;
#3704 = AXIS2_PLACEMENT_3D ( 'NONE', #2600, #6553, #2661 ) ;
#3705 = ORIENTED_EDGE ( 'NONE', *, *, #1928, .F. ) ;
#3706 = CARTESIAN_POINT ( 'NONE',  ( 1.094290737367995980, 22.47098985191724196, -2.500000000000000000 ) ) ;
#3707 = LINE ( 'NONE', #5664, #12346 ) ;
#3708 = ORIENTED_EDGE ( 'NONE', *, *, #677, .F. ) ;
#3709 = CARTESIAN_POINT ( 'NONE',  ( 20.62126492499032793, -4.454056819848727145, 1.275000000000000133 ) ) ;
#3710 = VECTOR ( 'NONE', #8351, 1000.000000000000000 ) ;
#3711 = VECTOR ( 'NONE', #10056, 1000.000000000000000 ) ;
#3712 = VERTEX_POINT ( 'NONE', #11121 ) ;
#3713 = VECTOR ( 'NONE', #7466, 1000.000000000000000 ) ;
#3714 = VECTOR ( 'NONE', #12637, 1000.000000000000000 ) ;
#3715 = ORIENTED_EDGE ( 'NONE', *, *, #2410, .T. ) ;
#3716 = DIRECTION ( 'NONE',  ( -0.000000000000000000, -0.000000000000000000, -1.000000000000000000 ) ) ;
#3717 = LINE ( 'NONE', #10494, #1641 ) ;
#3718 = CARTESIAN_POINT ( 'NONE',  ( 9.542210110286788449, 6.170610632720729960, 0.5766211646058294615 ) ) ;
#3719 = CARTESIAN_POINT ( 'NONE',  ( 50.70003826105134692, 29.64086231977132613, 1.275000000000000133 ) ) ;
#3720 = CARTESIAN_POINT ( 'NONE',  ( 14.03200173286605512, 8.483312583677848906, 2.876621164605829506 ) ) ;
#3721 = AXIS2_PLACEMENT_3D ( 'NONE', #10475, #2278, #5454 ) ;
#3722 = ORIENTED_EDGE ( 'NONE', *, *, #1205, .F. ) ;
#3723 = VERTEX_POINT ( 'NONE', #10030 ) ;
#3724 = FACE_OUTER_BOUND ( 'NONE', #4260, .T. ) ;
#3725 = CARTESIAN_POINT ( 'NONE',  ( 15.89999999999999325, -26.50000000000000355, 4.871890048187182742 ) ) ;
#3726 = ORIENTED_EDGE ( 'NONE', *, *, #9220, .F. ) ;
#3727 = VECTOR ( 'NONE', #4426, 1000.000000000000000 ) ;
#3728 = CARTESIAN_POINT ( 'NONE',  ( -19.73771211221854571, 14.36860075111488122, 2.500000000000007550 ) ) ;
#3729 = EDGE_CURVE ( 'NONE', #2329, #10859, #340, .T. ) ;
#3730 = ORIENTED_EDGE ( 'NONE', *, *, #6980, .T. ) ;
#3731 = AXIS2_PLACEMENT_3D ( 'NONE', #10918, #2981, #796 ) ;
#3732 = ORIENTED_EDGE ( 'NONE', *, *, #6073, .F. ) ;
#3733 = CARTESIAN_POINT ( 'NONE',  ( -26.38902217725105004, 2.690636133396303808, 2.789893426212037841 ) ) ;
#3734 = FACE_OUTER_BOUND ( 'NONE', #4468, .T. ) ;
#3735 = DIRECTION ( 'NONE',  ( 0.4508164918325312520, -0.8926166538283997198, 0.000000000000000000 ) ) ;
#3736 = EDGE_CURVE ( 'NONE', #5715, #5090, #11968, .T. ) ;
#3737 = DIRECTION ( 'NONE',  ( 0.000000000000000000, -0.000000000000000000, -1.000000000000000000 ) ) ;
#3738 = FACE_OUTER_BOUND ( 'NONE', #9642, .T. ) ;
#3739 = ORIENTED_EDGE ( 'NONE', *, *, #8651, .T. ) ;
#3740 = EDGE_CURVE ( 'NONE', #7494, #12284, #11007, .T. ) ;
#3741 = VECTOR ( 'NONE', #3350, 1000.000000000000000 ) ;
#3742 = ADVANCED_FACE ( 'NONE', ( #2221 ), #6174, .T. ) ;
#3743 = DIRECTION ( 'NONE',  ( -0.000000000000000000, -0.000000000000000000, -1.000000000000000000 ) ) ;
#3744 = ORIENTED_EDGE ( 'NONE', *, *, #4818, .T. ) ;
#3745 = ORIENTED_EDGE ( 'NONE', *, *, #1299, .F. ) ;
#3746 = LINE ( 'NONE', #8697, #7411 ) ;
#3747 = EDGE_CURVE ( 'NONE', #4677, #7642, #12763, .T. ) ;
#3748 = CARTESIAN_POINT ( 'NONE',  ( 26.26092430199984307, -3.505158544676723054, -3.223972358846190822 ) ) ;
#3749 = CARTESIAN_POINT ( 'NONE',  ( 42.47229939881162153, 34.45144358475992874, -1.275000000000000133 ) ) ;
#3750 = CARTESIAN_POINT ( 'NONE',  ( -24.96246110940082730, 1.369501866246042310, -2.868498318030737515 ) ) ;
#3751 = DIRECTION ( 'NONE',  ( -0.000000000000000000, 0.000000000000000000, -1.000000000000000000 ) ) ;
#3752 = DIRECTION ( 'NONE',  ( -0.8200337238684891616, 0.5723152031165854581, 0.000000000000000000 ) ) ;
#3753 = ORIENTED_EDGE ( 'NONE', *, *, #11210, .F. ) ;
#3754 = VERTEX_POINT ( 'NONE', #9900 ) ;
#3755 = VERTEX_POINT ( 'NONE', #4085 ) ;
#3756 = ADVANCED_FACE ( 'NONE', ( #12040 ), #7873, .T. ) ;
#3757 = ORIENTED_EDGE ( 'NONE', *, *, #2557, .F. ) ;
#3758 = CARTESIAN_POINT ( 'NONE',  ( 13.17313133886182008, -10.67657956440148759, 1.912499999999999645 ) ) ;
#3759 = ADVANCED_FACE ( 'NONE', ( #3132 ), #7091, .T. ) ;
#3760 = ORIENTED_EDGE ( 'NONE', *, *, #12253, .F. ) ;
#3761 = CARTESIAN_POINT ( 'NONE',  ( 7.702410331654446551, 9.311368341907503066, 1.151621164605829417 ) ) ;
#3762 = ORIENTED_EDGE ( 'NONE', *, *, #805, .T. ) ;
#3763 = CARTESIAN_POINT ( 'NONE',  ( 12.63015828231127102, -1.476135225318559785, -1.275000000000000133 ) ) ;
#3764 = CARTESIAN_POINT ( 'NONE',  ( 13.74206494889459051, 20.88433984928331100, 9.000000000000000000 ) ) ;
#3765 = CARTESIAN_POINT ( 'NONE',  ( 20.94787318111382746, -3.509732948882950065, -1.275000000000000133 ) ) ;
#3766 = CARTESIAN_POINT ( 'NONE',  ( -1.953036272342378421, -15.39100795260625176, 1.275000000000000133 ) ) ;
#3767 = EDGE_LOOP ( 'NONE', ( #8548, #2898, #9988, #798 ) ) ;
#3768 = EDGE_CURVE ( 'NONE', #10134, #10284, #8315, .T. ) ;
#3769 = CARTESIAN_POINT ( 'NONE',  ( 11.64942479529083919, 2.209541179223062368, 2.014121164605829239 ) ) ;
#3770 = LINE ( 'NONE', #9764, #1569 ) ;
#3771 = VERTEX_POINT ( 'NONE', #7208 ) ;
#3772 = CARTESIAN_POINT ( 'NONE',  ( 50.16957179191506100, -12.10421909368450066, -1.912499999999999645 ) ) ;
#3773 = EDGE_CURVE ( 'NONE', #3418, #9586, #3438, .T. ) ;
#3774 = ORIENTED_EDGE ( 'NONE', *, *, #3975, .T. ) ;
#3775 = FACE_OUTER_BOUND ( 'NONE', #1208, .T. ) ;
#3776 = LINE ( 'NONE', #930, #10969 ) ;
#3777 = CARTESIAN_POINT ( 'NONE',  ( 21.03859593103925008, 13.50472070242324030, -2.499999999999996891 ) ) ;
#3778 = CARTESIAN_POINT ( 'NONE',  ( 11.03347156763479120, -8.736621371822296922, 1.912499999999999645 ) ) ;
#3779 = ORIENTED_EDGE ( 'NONE', *, *, #9959, .T. ) ;
#3780 = DIRECTION ( 'NONE',  ( 0.000000000000000000, 1.000000000000000000, -0.000000000000000000 ) ) ;
#3781 = CARTESIAN_POINT ( 'NONE',  ( -25.00000000000000000, 1.517476885376512391E-16, 2.956464602960564569 ) ) ;
#3782 = VECTOR ( 'NONE', #914, 1000.000000000000000 ) ;
#3783 = VERTEX_POINT ( 'NONE', #10287 ) ;
#3784 = CARTESIAN_POINT ( 'NONE',  ( -5.459641893321363071, -12.10421909368450066, -2.550000000000000266 ) ) ;
#3785 = EDGE_LOOP ( 'NONE', ( #3808, #9733, #1319, #9885 ) ) ;
#3786 = VECTOR ( 'NONE', #1091, 1000.000000000000114 ) ;
#3787 = ORIENTED_EDGE ( 'NONE', *, *, #5795, .F. ) ;
#3788 = CARTESIAN_POINT ( 'NONE',  ( -27.25660871690602605, 3.808114980892604695, 1.738127350209956123 ) ) ;
#3789 = PLANE ( 'NONE',  #4970 ) ;
#3790 = DIRECTION ( 'NONE',  ( -0.9986178293325104205, 0.05255883312274954589, 0.000000000000000000 ) ) ;
#3791 = LINE ( 'NONE', #7757, #2047 ) ;
#3792 = CARTESIAN_POINT ( 'NONE',  ( 25.24682620627116236, -10.90234385979747245, -3.994409483982911624 ) ) ;
#3793 = EDGE_CURVE ( 'NONE', #6857, #10534, #11384, .T. ) ;
#3794 = FACE_OUTER_BOUND ( 'NONE', #7113, .T. ) ;
#3795 = VECTOR ( 'NONE', #1343, 1000.000000000000000 ) ;
#3796 = ORIENTED_EDGE ( 'NONE', *, *, #9423, .T. ) ;
#3797 = EDGE_LOOP ( 'NONE', ( #10748, #9685, #11196, #4919 ) ) ;
#3798 = EDGE_CURVE ( 'NONE', #9842, #325, #8245, .T. ) ;
#3799 = EDGE_CURVE ( 'NONE', #5287, #4890, #12359, .T. ) ;
#3800 = DIRECTION ( 'NONE',  ( 1.000000000000000000, 0.000000000000000000, 0.000000000000000000 ) ) ;
#3801 = CARTESIAN_POINT ( 'NONE',  ( 5.926536009056959209, 21.18669797144782407, 2.500000000000000000 ) ) ;
#3802 = PLANE ( 'NONE',  #2960 ) ;
#3803 = LINE ( 'NONE', #9924, #8292 ) ;
#3804 = DIRECTION ( 'NONE',  ( 0.000000000000000000, -1.000000000000000000, 0.000000000000000000 ) ) ;
#3805 = DIRECTION ( 'NONE',  ( -1.000000000000000000, 6.938893903907222067E-15, 0.000000000000000000 ) ) ;
#3806 = ORIENTED_EDGE ( 'NONE', *, *, #12018, .T. ) ;
#3807 = EDGE_LOOP ( 'NONE', ( #10047, #4568, #10551, #7594 ) ) ;
#3808 = ORIENTED_EDGE ( 'NONE', *, *, #9406, .T. ) ;
#3809 = LINE ( 'NONE', #10610, #2266 ) ;
#3810 = EDGE_CURVE ( 'NONE', #12614, #696, #2349, .T. ) ;
#3811 = EDGE_CURVE ( 'NONE', #11348, #4480, #9370, .T. ) ;
#3812 = ORIENTED_EDGE ( 'NONE', *, *, #5286, .T. ) ;
#3813 = ADVANCED_FACE ( 'NONE', ( #3238 ), #11189, .T. ) ;
#3814 = DIRECTION ( 'NONE',  ( -1.000000000000000000, 0.000000000000000000, 0.000000000000000000 ) ) ;
#3815 = EDGE_LOOP ( 'NONE', ( #7397, #10506, #2948, #9439, #1582 ) ) ;
#3816 = EDGE_CURVE ( 'NONE', #2121, #10677, #3310, .T. ) ;
#3817 = FACE_OUTER_BOUND ( 'NONE', #8411, .T. ) ;
#3818 = DIRECTION ( 'NONE',  ( 0.000000000000000000, -0.000000000000000000, 1.000000000000000000 ) ) ;
#3819 = DIRECTION ( 'NONE',  ( 0.000000000000000000, -0.000000000000000000, -1.000000000000000000 ) ) ;
#3820 = CARTESIAN_POINT ( 'NONE',  ( 49.15602357790933752, 30.94182379745949163, 1.275000000000000133 ) ) ;
#3821 = ORIENTED_EDGE ( 'NONE', *, *, #1857, .T. ) ;
#3822 = VECTOR ( 'NONE', #16, 1000.000000000000000 ) ;
#3823 = DIRECTION ( 'NONE',  ( 1.000000000000000000, 0.000000000000000000, 0.000000000000000000 ) ) ;
#3824 = CARTESIAN_POINT ( 'NONE',  ( -24.36768951357967339, 5.613317130453041592, 2.655054997805017525 ) ) ;
#3825 = ORIENTED_EDGE ( 'NONE', *, *, #4546, .T. ) ;
#3826 = CARTESIAN_POINT ( 'NONE',  ( -15.90000000000000391, -26.50000000000000355, 4.871890048187183631 ) ) ;
#3827 = VERTEX_POINT ( 'NONE', #7342 ) ;
#3828 = EDGE_CURVE ( 'NONE', #4708, #983, #1383, .T. ) ;
#3829 = EDGE_LOOP ( 'NONE', ( #569, #3129, #1113, #1712 ) ) ;
#3830 = DIRECTION ( 'NONE',  ( -1.000000000000000000, 6.938893903907222067E-15, 0.000000000000000000 ) ) ;
#3831 = FACE_OUTER_BOUND ( 'NONE', #5624, .T. ) ;
#3832 = CARTESIAN_POINT ( 'NONE',  ( 14.03200173286611019, 74.51861236923382137, -1.148378835394170627 ) ) ;
#3833 = CARTESIAN_POINT ( 'NONE',  ( 26.84822165018386286, 5.976593550884132355, -1.648641294288816894 ) ) ;
#3834 = FACE_OUTER_BOUND ( 'NONE', #11742, .T. ) ;
#3835 = ORIENTED_EDGE ( 'NONE', *, *, #2749, .T. ) ;
#3836 = EDGE_CURVE ( 'NONE', #8679, #1033, #5333, .T. ) ;
#3837 = LINE ( 'NONE', #8847, #10136 ) ;
#3838 = LINE ( 'NONE', #1850, #9302 ) ;
#3839 = VERTEX_POINT ( 'NONE', #7406 ) ;
#3840 = DIRECTION ( 'NONE',  ( 1.000000000000000000, 0.000000000000000000, 0.000000000000000000 ) ) ;
#3841 = CARTESIAN_POINT ( 'NONE',  ( 5.926536009056959209, 21.18669797144782407, -1.499999999999998224 ) ) ;
#3842 = EDGE_CURVE ( 'NONE', #10867, #9604, #2290, .T. ) ;
#3843 = EDGE_LOOP ( 'NONE', ( #12108, #6988, #2122, #1271, #6054, #12822, #457, #5837, #12687, #7598, #712, #5231, #1288, #2616, #7060, #12208, #5249, #11941, #10621, #4222, #2505, #9336, #5972, #4638 ) ) ;
#3844 = ORIENTED_EDGE ( 'NONE', *, *, #6901, .F. ) ;
#3845 = CARTESIAN_POINT ( 'NONE',  ( 50.16957179191506100, -10.94380396979420844, 2.550000000000000266 ) ) ;
#3846 = LINE ( 'NONE', #4968, #8710 ) ;
#3847 = CARTESIAN_POINT ( 'NONE',  ( 50.16957179191506100, -12.10421909368450066, 2.550000000000000266 ) ) ;
#3848 = AXIS2_PLACEMENT_3D ( 'NONE', #284, #7210, #4026 ) ;
#3849 = CARTESIAN_POINT ( 'NONE',  ( -2.590337688145444073, -8.177013786796837991, 1.912499999999999645 ) ) ;
#3850 = CARTESIAN_POINT ( 'NONE',  ( 50.16957179191506100, -12.10421909368450066, 2.550000000000000266 ) ) ;
#3851 = CARTESIAN_POINT ( 'NONE',  ( -6.425476527123950454, -5.009690084064932769, 1.275000000000000133 ) ) ;
#3852 = LINE ( 'NONE', #8689, #10281 ) ;
#3853 = ORIENTED_EDGE ( 'NONE', *, *, #1947, .F. ) ;
#3854 = VECTOR ( 'NONE', #2209, 1000.000000000000000 ) ;
#3855 = ORIENTED_EDGE ( 'NONE', *, *, #1890, .F. ) ;
#3856 = EDGE_CURVE ( 'NONE', #202, #11265, #6444, .T. ) ;
#3857 = CARTESIAN_POINT ( 'NONE',  ( 14.03200173286605512, 8.483312583677848906, 1.151621164605829417 ) ) ;
#3858 = CARTESIAN_POINT ( 'NONE',  ( -2.210245313089296282, -7.472115200329144002, 1.912499999999999645 ) ) ;
#3859 = DIRECTION ( 'NONE',  ( 0.4679360541420698461, -0.8773801015163784633, -0.1060188978298658297 ) ) ;
#3860 = CARTESIAN_POINT ( 'NONE',  ( 17.82379420949774484, -4.837466511819784820, 1.275000000000000133 ) ) ;
#3861 = CARTESIAN_POINT ( 'NONE',  ( -27.50000000000000000, -10.48790597677222891, -3.944330564366045344 ) ) ;
#3862 = CARTESIAN_POINT ( 'NONE',  ( 25.00000000000000000, 2.274029804899709383E-15, -2.956464602960522825 ) ) ;
#3863 = VERTEX_POINT ( 'NONE', #1454 ) ;
#3864 = ORIENTED_EDGE ( 'NONE', *, *, #4725, .T. ) ;
#3865 = ORIENTED_EDGE ( 'NONE', *, *, #2788, .T. ) ;
#3866 = EDGE_CURVE ( 'NONE', #3754, #4169, #9784, .T. ) ;
#3867 = AXIS2_PLACEMENT_3D ( 'NONE', #3464, #7303, #4376 ) ;
#3868 = DIRECTION ( 'NONE',  ( -0.000000000000000000, 0.000000000000000000, 1.000000000000000000 ) ) ;
#3869 = VERTEX_POINT ( 'NONE', #8382 ) ;
#3870 = EDGE_CURVE ( 'NONE', #3627, #7698, #10487, .T. ) ;
#3871 = CARTESIAN_POINT ( 'NONE',  ( -25.64392869703358713, 10.16327342841048242, -2.516962245140562437 ) ) ;
#3872 = CARTESIAN_POINT ( 'NONE',  ( 3.747344086032916799, 6.562698785064672080, -1.148378835394170627 ) ) ;
#3873 = CARTESIAN_POINT ( 'NONE',  ( 12.34156118096667853, -1.642078558591690607, -1.275000000000000133 ) ) ;
#3874 = VECTOR ( 'NONE', #6865, 1000.000000000000000 ) ;
#3875 = DIRECTION ( 'NONE',  ( -0.5780173407803349539, 0.8160244811016579281, 0.000000000000000000 ) ) ;
#3876 = DIRECTION ( 'NONE',  ( -0.6577844345609517029, 0.7532062384561940549, 0.000000000000000000 ) ) ;
#3877 = ADVANCED_FACE ( 'NONE', ( #1516 ), #8449, .T. ) ;
#3878 = ORIENTED_EDGE ( 'NONE', *, *, #7838, .F. ) ;
#3879 = VECTOR ( 'NONE', #6791, 1000.000000000000000 ) ;
#3880 = DIRECTION ( 'NONE',  ( 0.9047191456845918855, -0.4260085297640672786, 0.000000000000000000 ) ) ;
#3881 = PRESENTATION_STYLE_ASSIGNMENT (( #7914 ) ) ;
#3882 = EDGE_CURVE ( 'NONE', #3171, #12789, #11454, .T. ) ;
#3883 = ORIENTED_EDGE ( 'NONE', *, *, #8634, .T. ) ;
#3884 = ADVANCED_FACE ( 'NONE', ( #9575 ), #676, .T. ) ;
#3885 = DIRECTION ( 'NONE',  ( 1.000000000000000000, 0.000000000000000000, 0.000000000000000000 ) ) ;
#3886 = ADVANCED_FACE ( 'NONE', ( #7786 ), #12560, .F. ) ;
#3887 = EDGE_CURVE ( 'NONE', #9593, #11215, #11518, .T. ) ;
#3888 = ORIENTED_EDGE ( 'NONE', *, *, #10998, .F. ) ;
#3889 = VECTOR ( 'NONE', #2308, 1000.000000000000000 ) ;
#3890 = AXIS2_PLACEMENT_3D ( 'NONE', #3725, #3655, #10816 ) ;
#3891 = CARTESIAN_POINT ( 'NONE',  ( 49.58216505630152682, 30.63180948178151652, 1.275000000000000133 ) ) ;
#3892 = VECTOR ( 'NONE', #1774, 1000.000000000000000 ) ;
#3893 = ORIENTED_EDGE ( 'NONE', *, *, #12798, .F. ) ;
#3894 = CARTESIAN_POINT ( 'NONE',  ( 11.30748009436489276, 9.301174703035153257, 0.5766211646058294615 ) ) ;
#3895 = FACE_OUTER_BOUND ( 'NONE', #12137, .T. ) ;
#3896 = CARTESIAN_POINT ( 'NONE',  ( 5.926536009056959209, 21.18669797144782407, 2.500000000000000000 ) ) ;
#3897 = LINE ( 'NONE', #7867, #11930 ) ;
#3898 = CARTESIAN_POINT ( 'NONE',  ( 19.30543496340549225, -12.10421909368450066, -2.550000000000000266 ) ) ;
#3899 = CIRCLE ( 'NONE', #3273, 0.9999999999999994449 ) ;
#3900 = CARTESIAN_POINT ( 'NONE',  ( 36.32996180463054259, -14.15843396519821873, 1.275000000000000133 ) ) ;
#3901 = DIRECTION ( 'NONE',  ( 0.000000000000000000, -1.000000000000000000, 0.000000000000000000 ) ) ;
#3902 = VERTEX_POINT ( 'NONE', #5789 ) ;
#3903 = VECTOR ( 'NONE', #6053, 1000.000000000000000 ) ;
#3904 = VECTOR ( 'NONE', #6332, 1000.000000000000000 ) ;
#3905 = CARTESIAN_POINT ( 'NONE',  ( -27.50000000000000000, -26.50000000000000355, 4.871890048187182742 ) ) ;
#3906 = EDGE_CURVE ( 'NONE', #3456, #390, #8529, .T. ) ;
#3907 = VECTOR ( 'NONE', #7725, 1000.000000000000000 ) ;
#3908 = EDGE_CURVE ( 'NONE', #10221, #9768, #3770, .T. ) ;
#3909 = CARTESIAN_POINT ( 'NONE',  ( -12.34001903240501363, -32.89115700549849208, -6.651444593697610763 ) ) ;
#3910 = AXIS2_PLACEMENT_3D ( 'NONE', #5402, #9364, #469 ) ;
#3911 = VECTOR ( 'NONE', #9554, 1000.000000000000000 ) ;
#3912 = EDGE_CURVE ( 'NONE', #9604, #8181, #3399, .T. ) ;
#3913 = ORIENTED_EDGE ( 'NONE', *, *, #11290, .T. ) ;
#3914 = AXIS2_PLACEMENT_3D ( 'NONE', #12408, #8168, #2397 ) ;
#3915 = EDGE_LOOP ( 'NONE', ( #3893, #6733, #12453, #5324, #7772, #8275, #7910, #4911 ) ) ;
#3916 = FACE_OUTER_BOUND ( 'NONE', #7724, .T. ) ;
#3917 = DIRECTION ( 'NONE',  ( -0.000000000000000000, -0.000000000000000000, -1.000000000000000000 ) ) ;
#3918 = DIRECTION ( 'NONE',  ( -0.000000000000000000, -0.000000000000000000, -1.000000000000000000 ) ) ;
#3919 = AXIS2_PLACEMENT_3D ( 'NONE', #12576, #2625, #1789 ) ;
#3920 = CARTESIAN_POINT ( 'NONE',  ( 25.20060078739439646, -11.00816605772172352, -2.951552217187875193 ) ) ;
#3921 = DIRECTION ( 'NONE',  ( -0.000000000000000000, -0.000000000000000000, -1.000000000000000000 ) ) ;
#3922 = LINE ( 'NONE', #890, #8509 ) ;
#3923 = DIRECTION ( 'NONE',  ( -0.000000000000000000, -0.000000000000000000, 1.000000000000000000 ) ) ;
#3924 = EDGE_CURVE ( 'NONE', #11892, #12027, #3707, .T. ) ;
#3925 = ORIENTED_EDGE ( 'NONE', *, *, #2226, .T. ) ;
#3926 = ORIENTED_EDGE ( 'NONE', *, *, #8674, .T. ) ;
#3927 = AXIS2_PLACEMENT_3D ( 'NONE', #12421, #10420, #10620 ) ;
#3928 = VECTOR ( 'NONE', #6321, 1000.000000000000000 ) ;
#3929 = EDGE_LOOP ( 'NONE', ( #5450, #12823, #8068, #5519, #2783, #5609 ) ) ;
#3930 = CARTESIAN_POINT ( 'NONE',  ( 54.49918532657755321, 22.59855532513451593, -1.275000000000000133 ) ) ;
#3931 = ADVANCED_FACE ( 'NONE', ( #11767 ), #4561, .F. ) ;
#3932 = DIRECTION ( 'NONE',  ( -6.938893903907222067E-15, -1.000000000000000000, 0.000000000000000000 ) ) ;
#3933 = CARTESIAN_POINT ( 'NONE',  ( 29.68522333148969494, 34.80018694122726686, 1.275000000000000133 ) ) ;
#3934 = LINE ( 'NONE', #1880, #6231 ) ;
#3935 = CARTESIAN_POINT ( 'NONE',  ( -7.275840057019161478, -8.418890752741660322, -1.912499999999999645 ) ) ;
#3936 = CARTESIAN_POINT ( 'NONE',  ( 20.61675061128899955, -10.94380396979420844, -2.550000000000000266 ) ) ;
#3937 = ORIENTED_EDGE ( 'NONE', *, *, #132, .T. ) ;
#3938 = VERTEX_POINT ( 'NONE', #9636 ) ;
#3939 = EDGE_LOOP ( 'NONE', ( #11668, #9607, #1818, #1147 ) ) ;
#3940 = FACE_OUTER_BOUND ( 'NONE', #308, .T. ) ;
#3941 = ORIENTED_EDGE ( 'NONE', *, *, #11991, .T. ) ;
#3942 = CARTESIAN_POINT ( 'NONE',  ( -25.62357885475486796, 6.812671026278186659, -2.611345251163589953 ) ) ;
#3943 = DIRECTION ( 'NONE',  ( 0.3115506691716664056, -0.9502295409734886622, 0.000000000000000000 ) ) ;
#3944 = DIRECTION ( 'NONE',  ( 0.2631174057920981357, -0.9647638212377350753, 0.000000000000000000 ) ) ;
#3945 = CARTESIAN_POINT ( 'NONE',  ( -7.579913957064055907, -8.273764573174778647, 1.912499999999999645 ) ) ;
#3946 = DIRECTION ( 'NONE',  ( 0.000000000000000000, 1.000000000000000000, -0.000000000000000000 ) ) ;
#3947 = EDGE_LOOP ( 'NONE', ( #5595, #9155, #11933, #2650 ) ) ;
#3948 = ORIENTED_EDGE ( 'NONE', *, *, #12, .T. ) ;
#3949 = CARTESIAN_POINT ( 'NONE',  ( 2.927409999341250124, 30.12831799411278411, -1.912499999999999645 ) ) ;
#3950 = CARTESIAN_POINT ( 'NONE',  ( 11.29611278031712018, 7.368731314913460118, 0.5766211646058294615 ) ) ;
#3951 = ORIENTED_EDGE ( 'NONE', *, *, #6704, .F. ) ;
#3952 = DIRECTION ( 'NONE',  ( -0.000000000000000000, -0.000000000000000000, -1.000000000000000000 ) ) ;
#3953 = EDGE_CURVE ( 'NONE', #10590, #2121, #11714, .T. ) ;
#3954 = ORIENTED_EDGE ( 'NONE', *, *, #525, .T. ) ;
#3955 = CARTESIAN_POINT ( 'NONE',  ( -27.45200269459457942, -1.879845126485526041, -2.082329401411579628 ) ) ;
#3956 = ORIENTED_EDGE ( 'NONE', *, *, #5651, .T. ) ;
#3957 = EDGE_CURVE ( 'NONE', #11444, #9400, #739, .T. ) ;
#3958 = LINE ( 'NONE', #8118, #1735 ) ;
#3959 = DIRECTION ( 'NONE',  ( 0.9047191456845918855, -0.4260085297640672786, 0.000000000000000000 ) ) ;
#3960 = CARTESIAN_POINT ( 'NONE',  ( 13.54101436650989498, -12.10421909368450066, 2.550000000000000266 ) ) ;
#3961 = ADVANCED_FACE ( 'NONE', ( #866 ), #11657, .F. ) ;
#3962 = LINE ( 'NONE', #1181, #12347 ) ;
#3963 = FACE_OUTER_BOUND ( 'NONE', #5893, .T. ) ;
#3964 = FACE_OUTER_BOUND ( 'NONE', #8365, .T. ) ;
#3965 = CARTESIAN_POINT ( 'NONE',  ( 27.10866345201619154, -4.717270346406308157, 2.310157609010005775 ) ) ;
#3966 = VERTEX_POINT ( 'NONE', #4683 ) ;
#3967 = AXIS2_PLACEMENT_3D ( 'NONE', #6828, #5981, #3126 ) ;
#3968 = CARTESIAN_POINT ( 'NONE',  ( 4.437945083414517100, 6.104566538103151530, 1.151621164605829417 ) ) ;
#3969 = CARTESIAN_POINT ( 'NONE',  ( -22.69369578148049271, -10.48790597677222891, -3.944330564366045344 ) ) ;
#3970 = EDGE_CURVE ( 'NONE', #4423, #606, #6706, .T. ) ;
#3971 = ORIENTED_EDGE ( 'NONE', *, *, #6301, .T. ) ;
#3972 = ORIENTED_EDGE ( 'NONE', *, *, #11768, .F. ) ;
#3973 = VECTOR ( 'NONE', #9509, 1000.000000000000000 ) ;
#3974 = CARTESIAN_POINT ( 'NONE',  ( -26.59129988246051113, 7.031986416095719505, 2.603912372568920830 ) ) ;
#3975 = EDGE_CURVE ( 'NONE', #10768, #761, #6818, .T. ) ;
#3976 = LINE ( 'NONE', #2045, #10787 ) ;
#3977 = VECTOR ( 'NONE', #4823, 1000.000000000000000 ) ;
#3978 = CARTESIAN_POINT ( 'NONE',  ( 27.30785002937383155, -11.70376863521768307, 1.275000000000000133 ) ) ;
#3979 = PLANE ( 'NONE',  #1435 ) ;
#3980 = PLANE ( 'NONE',  #8468 ) ;
#3981 = CARTESIAN_POINT ( 'NONE',  ( 10.00314624412034981, 30.12831799411278411, 2.550000000000000266 ) ) ;
#3982 = CARTESIAN_POINT ( 'NONE',  ( -16.50000000000000711, -26.50000000000000355, -4.871890048187180966 ) ) ;
#3983 = EDGE_CURVE ( 'NONE', #4732, #8230, #4755, .T. ) ;
#3984 = EDGE_LOOP ( 'NONE', ( #1565, #857, #11834, #9325 ) ) ;
#3985 =( BOUNDED_SURFACE ( )  B_SPLINE_SURFACE ( 3, 2, ( 
 ( #4378, #4826, #6770 ),
 ( #687, #9583, #442 ),
 ( #11722, #2811, #6831 ),
 ( #12755, #12323, #6714 ),
 ( #8604, #10744, #1788 ),
 ( #3833, #7798, #11780 ),
 ( #8663, #9646, #3396 ),
 ( #10811, #3650, #12575 ),
 ( #6657, #7365, #1729 ),
 ( #11343, #12636, #749 ),
 ( #7688, #5732, #11664 ),
 ( #11965, #8915, #7924 ),
 ( #932, #1064, #6043 ),
 ( #9832, #3061, #80 ),
 ( #7146, #7022, #26 ),
 ( #4888, #11057, #8055 ),
 ( #5983, #8844, #10081 ),
 ( #12037, #12811, #4020 ) ),
 .UNSPECIFIED., .F., .F., .T. ) 
 B_SPLINE_SURFACE_WITH_KNOTS ( ( 4, 2, 2, 2, 2, 2, 2, 2, 4 ),
 ( 3, 3 ),
 ( 1.734723475976807094E-18, 0.006249756093386298235, 0.007812195116732872577, 0.009374634140079446051, 0.01249951218677259474, 0.01562439023346574342, 0.01718682925681231863, 0.01874926828015889210, 0.02499902437354518947 ),
 ( 0.000000000000000000, 1.000000000000000000 ),
 .UNSPECIFIED. ) 
 GEOMETRIC_REPRESENTATION_ITEM ( )  RATIONAL_B_SPLINE_SURFACE ( (
 ( 1.000000000000000000, 0.7071067811865485719, 1.000000000000000000),
 ( 1.000000000000000000, 0.7087363756570655982, 1.000000000000000000),
 ( 1.000000000000000000, 0.7097848390832407484, 1.000000000000000000),
 ( 1.000000000000000000, 0.7101245185590726594, 1.000000000000000000),
 ( 1.000000000000000000, 0.7101438603972217711, 1.000000000000000000),
 ( 1.000000000000000000, 0.7100787218850957982, 1.000000000000000000),
 ( 1.000000000000000000, 0.7099936402472387664, 1.000000000000000000),
 ( 1.000000000000000000, 0.7095771224226750107, 1.000000000000000000),
 ( 1.000000000000000000, 0.7090863277089882732, 1.000000000000000000),
 ( 1.000000000000000000, 0.7076721929188409810, 1.000000000000000000),
 ( 1.000000000000000000, 0.7067488699090790361, 1.000000000000000000),
 ( 1.000000000000000000, 0.7050328979077498115, 1.000000000000000000),
 ( 1.000000000000000000, 0.7044057216690958745, 1.000000000000000000),
 ( 1.000000000000000000, 0.7030396193065423516, 1.000000000000000000),
 ( 1.000000000000000000, 0.7023004970496574684, 1.000000000000000000),
 ( 1.000000000000000000, 0.6983748390691728591, 1.000000000000000000),
 ( 1.000000000000000000, 0.6944660347606023132, 1.000000000000000000),
 ( 1.000000000000000000, 0.6899199677798266706, 1.000000000000000000) ) ) 
 REPRESENTATION_ITEM ( '' )  SURFACE ( )  );
#3986 = ORIENTED_EDGE ( 'NONE', *, *, #4298, .F. ) ;
#3987 = VECTOR ( 'NONE', #5098, 1000.000000000000000 ) ;
#3988 = VERTEX_POINT ( 'NONE', #12693 ) ;
#3989 = CARTESIAN_POINT ( 'NONE',  ( 3.369076640044708526, 17.36454658905779169, 1.912499999999999645 ) ) ;
#3990 = ADVANCED_FACE ( 'NONE', ( #4816 ), #8777, .F. ) ;
#3991 = CARTESIAN_POINT ( 'NONE',  ( 5.153962473847291115, -10.94380396979420844, -2.550000000000000266 ) ) ;
#3992 = DIRECTION ( 'NONE',  ( 0.9749645535258961715, -0.2223603367690603072, 0.000000000000000000 ) ) ;
#3993 = SPHERICAL_SURFACE ( 'NONE', #2718, 1.000000000000000000 ) ;
#3994 = CARTESIAN_POINT ( 'NONE',  ( -27.41893981357480214, 2.436524935612093490, 1.806492599742163252 ) ) ;
#3995 = DIRECTION ( 'NONE',  ( 1.000000000000000000, 0.000000000000000000, 0.000000000000000000 ) ) ;
#3996 = ORIENTED_EDGE ( 'NONE', *, *, #6379, .T. ) ;
#3997 = VECTOR ( 'NONE', #303, 1000.000000000000000 ) ;
#3998 = ORIENTED_EDGE ( 'NONE', *, *, #3337, .F. ) ;
#3999 = VERTEX_POINT ( 'NONE', #5297 ) ;
#4000 = FACE_OUTER_BOUND ( 'NONE', #7548, .T. ) ;
#4001 = EDGE_CURVE ( 'NONE', #5828, #1504, #8387, .T. ) ;
#4002 = CARTESIAN_POINT ( 'NONE',  ( -27.51470495408814187, 0.5970002331306485388, -1.913580200585077939 ) ) ;
#4003 = CARTESIAN_POINT ( 'NONE',  ( 8.691830596236838957, -10.94380396979420844, 2.550000000000000266 ) ) ;
#4004 = CARTESIAN_POINT ( 'NONE',  ( 26.19810368845281090, 8.450642920088268895, -1.568280028768776146 ) ) ;
#4005 = FACE_OUTER_BOUND ( 'NONE', #8560, .T. ) ;
#4006 = DIRECTION ( 'NONE',  ( -0.000000000000000000, -0.000000000000000000, -1.000000000000000000 ) ) ;
#4007 = ORIENTED_EDGE ( 'NONE', *, *, #2165, .T. ) ;
#4008 = CARTESIAN_POINT ( 'NONE',  ( 73.96491932761539090, 74.51861236923376453, 2.014121164605829239 ) ) ;
#4009 = CARTESIAN_POINT ( 'NONE',  ( -1.719580610744103844, -7.879850657207537523, 1.275000000000000133 ) ) ;
#4010 = ORIENTED_EDGE ( 'NONE', *, *, #6971, .T. ) ;
#4011 = DIRECTION ( 'NONE',  ( -0.000000000000000000, -0.000000000000000000, 1.000000000000000000 ) ) ;
#4012 = EDGE_LOOP ( 'NONE', ( #11510, #8434, #6492, #4532 ) ) ;
#4013 = FACE_OUTER_BOUND ( 'NONE', #5861, .T. ) ;
#4014 = ORIENTED_EDGE ( 'NONE', *, *, #10676, .T. ) ;
#4015 = LINE ( 'NONE', #213, #1922 ) ;
#4016 = CARTESIAN_POINT ( 'NONE',  ( 25.24682620627137908, -10.90234385979697507, 3.994409483982845899 ) ) ;
#4017 = LINE ( 'NONE', #2029, #3484 ) ;
#4018 = EDGE_CURVE ( 'NONE', #6429, #8273, #8285, .T. ) ;
#4019 = AXIS2_PLACEMENT_3D ( 'NONE', #6758, #4622, #12746 ) ;
#4020 = CARTESIAN_POINT ( 'NONE',  ( 24.28421530421641350, -10.48790597677223424, -3.944330564365986280 ) ) ;
#4021 = DIRECTION ( 'NONE',  ( 0.000000000000000000, -0.000000000000000000, -1.000000000000000000 ) ) ;
#4022 = VECTOR ( 'NONE', #6437, 1000.000000000000000 ) ;
#4023 = CARTESIAN_POINT ( 'NONE',  ( 13.97549693082520506, -4.148749102168055813, -1.275000000000000133 ) ) ;
#4024 = DIRECTION ( 'NONE',  ( -0.000000000000000000, -0.000000000000000000, -1.000000000000000000 ) ) ;
#4025 = VERTEX_POINT ( 'NONE', #9952 ) ;
#4026 = DIRECTION ( 'NONE',  ( 0.000000000000000000, 0.000000000000000000, 1.000000000000000000 ) ) ;
#4027 = LINE ( 'NONE', #12045, #3903 ) ;
#4028 = EDGE_CURVE ( 'NONE', #3755, #7299, #11097, .T. ) ;
#4029 = VECTOR ( 'NONE', #10238, 1000.000000000000000 ) ;
#4030 = EDGE_LOOP ( 'NONE', ( #5514, #10697, #11504, #11724 ) ) ;
#4031 = ORIENTED_EDGE ( 'NONE', *, *, #1540, .T. ) ;
#4032 = CARTESIAN_POINT ( 'NONE',  ( -25.87979874302680017, 5.762578165926742990, 2.649259943976853382 ) ) ;
#4033 = FACE_OUTER_BOUND ( 'NONE', #8510, .T. ) ;
#4034 = CARTESIAN_POINT ( 'NONE',  ( 5.153962473847291115, -12.10421909368450066, 2.550000000000000266 ) ) ;
#4035 = CARTESIAN_POINT ( 'NONE',  ( 4.437945083414524206, 7.254566538103156326, 0.5766211646058294615 ) ) ;
#4036 = DIRECTION ( 'NONE',  ( 1.000000000000000000, 0.000000000000000000, -0.000000000000000000 ) ) ;
#4037 = CARTESIAN_POINT ( 'NONE',  ( 12.34156118096667853, -1.642078558591690607, 1.275000000000000133 ) ) ;
#4038 = EDGE_CURVE ( 'NONE', #12548, #9327, #3047, .T. ) ;
#4039 = CYLINDRICAL_SURFACE ( 'NONE', #5711, 27.49999999999999645 ) ;
#4040 = EDGE_CURVE ( 'NONE', #9357, #6745, #5971, .T. ) ;
#4041 = EDGE_CURVE ( 'NONE', #8476, #5056, #10890, .T. ) ;
#4042 = ORIENTED_EDGE ( 'NONE', *, *, #297, .F. ) ;
#4043 = EDGE_CURVE ( 'NONE', #1668, #8652, #11836, .T. ) ;
#4044 = ORIENTED_EDGE ( 'NONE', *, *, #420, .T. ) ;
#4045 = ORIENTED_EDGE ( 'NONE', *, *, #5495, .T. ) ;
#4046 = ORIENTED_EDGE ( 'NONE', *, *, #1445, .F. ) ;
#4047 = VECTOR ( 'NONE', #12427, 1000.000000000000000 ) ;
#4048 = LINE ( 'NONE', #6920, #3879 ) ;
#4049 = CARTESIAN_POINT ( 'NONE',  ( 4.437945083414524206, 7.254566538103156326, 1.151621164605829417 ) ) ;
#4050 = CARTESIAN_POINT ( 'NONE',  ( -0.6104581230483032694, 30.12831799411278411, 2.550000000000000266 ) ) ;
#4051 = DIRECTION ( 'NONE',  ( -0.7503589948350919414, 0.6610305430689800144, 0.000000000000000000 ) ) ;
#4052 = CARTESIAN_POINT ( 'NONE',  ( 0.9265360090569569884, 21.18669797144782407, 2.500000000000000000 ) ) ;
#4053 = LINE ( 'NONE', #11878, #7685 ) ;
#4054 = VERTEX_POINT ( 'NONE', #2018 ) ;
#4055 = ORIENTED_EDGE ( 'NONE', *, *, #10320, .T. ) ;
#4056 = EDGE_LOOP ( 'NONE', ( #827, #12120, #11158, #10084, #5156 ) ) ;
#4057 = PLANE ( 'NONE',  #8713 ) ;
#4058 = VECTOR ( 'NONE', #6708, 1000.000000000000000 ) ;
#4059 = VERTEX_POINT ( 'NONE', #9261 ) ;
#4060 = CARTESIAN_POINT ( 'NONE',  ( -25.98170888096099773, 5.283015500538292386, -2.668397395486849177 ) ) ;
#4061 = ADVANCED_FACE ( 'NONE', ( #4245 ), #3340, .F. ) ;
#4062 = VECTOR ( 'NONE', #4427, 1000.000000000000000 ) ;
#4063 = DIRECTION ( 'NONE',  ( -0.8944271909999158554, 0.4472135954999579277, 0.000000000000000000 ) ) ;
#4064 = DIRECTION ( 'NONE',  ( -0.000000000000000000, -0.000000000000000000, -1.000000000000000000 ) ) ;
#4065 = CARTESIAN_POINT ( 'NONE',  ( 15.51012958534852260, -8.654038297904891763, 1.912499999999999645 ) ) ;
#4066 = CARTESIAN_POINT ( 'NONE',  ( 15.29075054969256087, -8.811716979782609371, 1.912499999999999645 ) ) ;
#4067 = ORIENTED_EDGE ( 'NONE', *, *, #8237, .F. ) ;
#4068 = CARTESIAN_POINT ( 'NONE',  ( 11.82603929462137238, -1.546774068868671748, 1.275000000000000133 ) ) ;
#4069 = ORIENTED_EDGE ( 'NONE', *, *, #10028, .T. ) ;
#4070 = AXIS2_PLACEMENT_3D ( 'NONE', #512, #11233, #11289 ) ;
#4071 = LINE ( 'NONE', #7785, #11390 ) ;
#4072 = ORIENTED_EDGE ( 'NONE', *, *, #5607, .T. ) ;
#4073 = CARTESIAN_POINT ( 'NONE',  ( 57.37133812373669883, 9.423239790125027326, 1.275000000000000133 ) ) ;
#4074 = ORIENTED_EDGE ( 'NONE', *, *, #1738, .T. ) ;
#4075 = ORIENTED_EDGE ( 'NONE', *, *, #82, .F. ) ;
#4076 = CARTESIAN_POINT ( 'NONE',  ( -26.53150547200003473, -7.475955267493474388, -2.561657247709072216 ) ) ;
#4077 = ORIENTED_EDGE ( 'NONE', *, *, #3499, .T. ) ;
#4078 = CARTESIAN_POINT ( 'NONE',  ( 14.38020716123909182, -4.638661486353305108, 1.275000000000000133 ) ) ;
#4079 = DIRECTION ( 'NONE',  ( 1.000000000000000000, 0.000000000000000000, 0.000000000000000000 ) ) ;
#4080 = CIRCLE ( 'NONE', #11588, 25.00000000000000000 ) ;
#4081 = DIRECTION ( 'NONE',  ( -1.000000000000000000, 0.000000000000000000, 0.000000000000000000 ) ) ;
#4082 = LINE ( 'NONE', #144, #3103 ) ;
#4083 = ORIENTED_EDGE ( 'NONE', *, *, #1451, .T. ) ;
#4084 = SPHERICAL_SURFACE ( 'NONE', #12419, 1.000000000000000000 ) ;
#4085 = CARTESIAN_POINT ( 'NONE',  ( -24.98267746305588588, -0.9304981337539541819, -2.873378835394170050 ) ) ;
#4086 = EDGE_LOOP ( 'NONE', ( #4140, #1807, #9073, #7534 ) ) ;
#4087 = LINE ( 'NONE', #6113, #11954 ) ;
#4088 = AXIS2_PLACEMENT_3D ( 'NONE', #12379, #9191, #4236 ) ;
#4089 = CARTESIAN_POINT ( 'NONE',  ( 15.51012958534852260, -8.654038297904891763, -1.275000000000000133 ) ) ;
#4090 = VECTOR ( 'NONE', #4351, 1000.000000000000000 ) ;
#4091 = VERTEX_POINT ( 'NONE', #4009 ) ;
#4092 = ORIENTED_EDGE ( 'NONE', *, *, #6331, .F. ) ;
#4093 = VERTEX_POINT ( 'NONE', #374 ) ;
#4094 = FACE_OUTER_BOUND ( 'NONE', #6207, .T. ) ;
#4095 = VECTOR ( 'NONE', #7898, 1000.000000000000000 ) ;
#4096 = VECTOR ( 'NONE', #1478, 1000.000000000000000 ) ;
#4097 = FACE_OUTER_BOUND ( 'NONE', #6445, .T. ) ;
#4098 = CARTESIAN_POINT ( 'NONE',  ( 29.68522333148969494, 34.80018694122726686, -1.275000000000000133 ) ) ;
#4099 = CIRCLE ( 'NONE', #1430, 2.999999999999999112 ) ;
#4100 = VECTOR ( 'NONE', #3880, 1000.000000000000000 ) ;
#4101 = DIRECTION ( 'NONE',  ( 1.000000000000000000, 0.000000000000000000, 0.000000000000000000 ) ) ;
#4102 = FACE_OUTER_BOUND ( 'NONE', #6573, .T. ) ;
#4103 = CARTESIAN_POINT ( 'NONE',  ( -14.06231303136081046, 6.562698785064672080, -1.148378835394170627 ) ) ;
#4104 = AXIS2_PLACEMENT_3D ( 'NONE', #1645, #3510, #6641 ) ;
#4105 = AXIS2_PLACEMENT_3D ( 'NONE', #7619, #4701, #1593 ) ;
#4106 = CARTESIAN_POINT ( 'NONE',  ( 0.000000000000000000, 0.000000000000000000, -6.000000000000000000 ) ) ;
#4107 = EDGE_CURVE ( 'NONE', #3456, #9892, #2924, .T. ) ;
#4108 = VERTEX_POINT ( 'NONE', #2986 ) ;
#4109 = VECTOR ( 'NONE', #7181, 1000.000000000000000 ) ;
#4110 = VECTOR ( 'NONE', #7196, 1000.000000000000114 ) ;
#4111 = EDGE_LOOP ( 'NONE', ( #5486, #10118, #6238, #6926 ) ) ;
#4112 = VECTOR ( 'NONE', #545, 1000.000000000000114 ) ;
#4113 = EDGE_LOOP ( 'NONE', ( #6800, #8575, #6261, #8790 ) ) ;
#4114 = CARTESIAN_POINT ( 'NONE',  ( 43.27977019758047561, -12.93294197047929295, 1.275000000000000133 ) ) ;
#4115 = MANIFOLD_SOLID_BREP ( '\X2\570689d2\X0\2', #1919 ) ;
#4116 = DIRECTION ( 'NONE',  ( 0.7592566023652974616, 0.6507913734559673813, 0.000000000000000000 ) ) ;
#4117 = ADVANCED_FACE ( 'NONE', ( #4591 ), #2086, .F. ) ;
#4118 = DIRECTION ( 'NONE',  ( 0.5358244397314756435, -0.8443294201829345536, 0.000000000000000000 ) ) ;
#4119 = DIRECTION ( 'NONE',  ( -0.3978651461590984040, -0.9108184472326944503, -0.1100594459936214825 ) ) ;
#4120 = EDGE_CURVE ( 'NONE', #12401, #11841, #11422, .T. ) ;
#4121 = CARTESIAN_POINT ( 'NONE',  ( -26.20252524462281585, 8.438237545430435915, 1.568550165545247843 ) ) ;
#4122 = DIRECTION ( 'NONE',  ( 0.6643638388299285547, 0.7474093186836519020, 0.000000000000000000 ) ) ;
#4123 = ORIENTED_EDGE ( 'NONE', *, *, #4923, .F. ) ;
#4124 = ORIENTED_EDGE ( 'NONE', *, *, #1026, .T. ) ;
#4125 = VECTOR ( 'NONE', #7262, 1000.000000000000000 ) ;
#4126 = CARTESIAN_POINT ( 'NONE',  ( -24.31749784111822521, -12.84219154790331707, 4.228812467929486729 ) ) ;
#4127 = VECTOR ( 'NONE', #10950, 1000.000000000000000 ) ;
#4128 = EDGE_CURVE ( 'NONE', #4279, #11619, #9468, .T. ) ;
#4129 = ORIENTED_EDGE ( 'NONE', *, *, #6841, .T. ) ;
#4130 = CARTESIAN_POINT ( 'NONE',  ( -27.26333615626843709, -3.641740589626019542, -3.235577968045847630 ) ) ;
#4131 = DIRECTION ( 'NONE',  ( -0.9502295409734886622, -0.3115506691716664056, 0.000000000000000000 ) ) ;
#4132 = DIRECTION ( 'NONE',  ( 0.8462328400897509706, -0.5328132696861385131, 0.000000000000000000 ) ) ;
#4133 = ADVANCED_FACE ( 'NONE', ( #3610 ), #8626, .F. ) ;
#4134 = DIRECTION ( 'NONE',  ( 0.8038141473134123860, -0.5948805061344770717, 0.000000000000000000 ) ) ;
#4135 = CARTESIAN_POINT ( 'NONE',  ( -5.979719499310153452, -4.945172619512924861, 1.275000000000000133 ) ) ;
#4136 = VERTEX_POINT ( 'NONE', #5632 ) ;
#4137 = CARTESIAN_POINT ( 'NONE',  ( 24.28421530421642416, -10.48790597677222891, -3.944330564366045344 ) ) ;
#4138 = ORIENTED_EDGE ( 'NONE', *, *, #12264, .F. ) ;
#4139 = CARTESIAN_POINT ( 'NONE',  ( 27.41893981357338106, 2.436524935627242705, 1.806492599741340355 ) ) ;
#4140 = ORIENTED_EDGE ( 'NONE', *, *, #4040, .F. ) ;
#4141 = VECTOR ( 'NONE', #4461, 1000.000000000000227 ) ;
#4142 = CARTESIAN_POINT ( 'NONE',  ( 11.17053803627909936, -8.791150195189860739, 1.912499999999999645 ) ) ;
#4143 = ADVANCED_FACE ( 'NONE', ( #2442 ), #11488, .T. ) ;
#4144 = DIRECTION ( 'NONE',  ( -0.9338567516961607806, 0.3576472666070510953, 0.000000000000000000 ) ) ;
#4145 = CARTESIAN_POINT ( 'NONE',  ( 50.16957179191506100, -10.94380396979420844, 1.912499999999999645 ) ) ;
#4146 = ORIENTED_EDGE ( 'NONE', *, *, #8540, .T. ) ;
#4147 = DIRECTION ( 'NONE',  ( 0.000000000000000000, 1.000000000000000000, -2.479012299922036586E-16 ) ) ;
#4148 = LINE ( 'NONE', #406, #3495 ) ;
#4149 = ADVANCED_FACE ( 'NONE', ( #2587 ), #11349, .T. ) ;
#4150 = PLANE ( 'NONE',  #1969 ) ;
#4151 = CARTESIAN_POINT ( 'NONE',  ( 50.16957179191506100, -10.94380396979420844, 2.550000000000000266 ) ) ;
#4152 = EDGE_LOOP ( 'NONE', ( #9778, #3528, #378, #6697 ) ) ;
#4153 = DIRECTION ( 'NONE',  ( -0.000000000000000000, 1.000000000000000000, -0.000000000000000000 ) ) ;
#4154 = LINE ( 'NONE', #8978, #4746 ) ;
#4155 = ORIENTED_EDGE ( 'NONE', *, *, #11644, .T. ) ;
#4156 = CARTESIAN_POINT ( 'NONE',  ( -22.69369578148049271, -10.48790597677222891, -3.944330564366045344 ) ) ;
#4157 = CARTESIAN_POINT ( 'NONE',  ( 24.28421530421642416, -10.48790597677222891, -3.944330564366045344 ) ) ;
#4158 = EDGE_CURVE ( 'NONE', #2670, #7951, #12594, .T. ) ;
#4159 = VERTEX_POINT ( 'NONE', #10457 ) ;
#4160 = ORIENTED_EDGE ( 'NONE', *, *, #2398, .F. ) ;
#4161 = EDGE_CURVE ( 'NONE', #10078, #7368, #1687, .T. ) ;
#4162 = CARTESIAN_POINT ( 'NONE',  ( 7.943549333305202076, -19.98267288438036715, 2.550000000000000266 ) ) ;
#4163 = FACE_OUTER_BOUND ( 'NONE', #3408, .T. ) ;
#4164 = CARTESIAN_POINT ( 'NONE',  ( 4.437945083414517100, 6.104566538103151530, 1.151621164605829417 ) ) ;
#4165 = PLANE ( 'NONE',  #11812 ) ;
#4166 = CARTESIAN_POINT ( 'NONE',  ( 10.69221011028679413, 7.320610632720734756, 0.5766211646058294615 ) ) ;
#4167 = PLANE ( 'NONE',  #1874 ) ;
#4168 = DIRECTION ( 'NONE',  ( -0.000000000000000000, -0.000000000000000000, -1.000000000000000000 ) ) ;
#4169 = VERTEX_POINT ( 'NONE', #1487 ) ;
#4170 = VECTOR ( 'NONE', #3716, 1000.000000000000000 ) ;
#4171 = ORIENTED_EDGE ( 'NONE', *, *, #9737, .F. ) ;
#4172 = ORIENTED_EDGE ( 'NONE', *, *, #7075, .F. ) ;
#4173 = CARTESIAN_POINT ( 'NONE',  ( 9.414560009330283918, -7.910646086973067703, 1.912499999999999645 ) ) ;
#4174 = DIRECTION ( 'NONE',  ( 0.6782801027330607191, 0.7348034446274925857, 0.000000000000000000 ) ) ;
#4175 = LINE ( 'NONE', #6399, #6158 ) ;
#4176 = DIRECTION ( 'NONE',  ( -1.000000000000000000, 0.000000000000000000, 0.000000000000000000 ) ) ;
#4177 = LINE ( 'NONE', #3334, #5818 ) ;
#4178 = ADVANCED_FACE ( 'NONE', ( #6407 ), #3672, .T. ) ;
#4179 = CARTESIAN_POINT ( 'NONE',  ( -26.42759916676684284, -1.948598847301215686, -3.097229258628623860 ) ) ;
#4180 = DIRECTION ( 'NONE',  ( 0.9422693018636915108, -0.3348560328937070785, 0.000000000000000000 ) ) ;
#4181 = ORIENTED_EDGE ( 'NONE', *, *, #11079, .T. ) ;
#4182 = VERTEX_POINT ( 'NONE', #644 ) ;
#4183 = ORIENTED_EDGE ( 'NONE', *, *, #6241, .F. ) ;
#4184 = AXIS2_PLACEMENT_3D ( 'NONE', #12689, #7670, #5597 ) ;
#4185 = CARTESIAN_POINT ( 'NONE',  ( 50.16957179191506100, -10.94380396979420844, 2.550000000000000266 ) ) ;
#4186 = EDGE_CURVE ( 'NONE', #11752, #8939, #4450, .T. ) ;
#4187 = EDGE_LOOP ( 'NONE', ( #12552, #4339, #10837, #8774 ) ) ;
#4188 = CARTESIAN_POINT ( 'NONE',  ( -1.921773770931815672, 30.12831799411278411, -1.912499999999999645 ) ) ;
#4189 = AXIS2_PLACEMENT_3D ( 'NONE', #900, #11028, #12777 ) ;
#4190 = FACE_OUTER_BOUND ( 'NONE', #1333, .T. ) ;
#4191 = CARTESIAN_POINT ( 'NONE',  ( 23.38235294117646390, -12.47058823529412308, -3.176635312041688586 ) ) ;
#4192 = FACE_OUTER_BOUND ( 'NONE', #7278, .T. ) ;
#4193 = LINE ( 'NONE', #4135, #11012 ) ;
#4194 = EDGE_LOOP ( 'NONE', ( #12308, #1023, #12774, #6879 ) ) ;
#4195 = DIRECTION ( 'NONE',  ( 0.000000000000000000, -0.000000000000000000, -1.000000000000000000 ) ) ;
#4196 = ORIENTED_EDGE ( 'NONE', *, *, #10912, .T. ) ;
#4197 = FACE_OUTER_BOUND ( 'NONE', #3563, .T. ) ;
#4198 = EDGE_CURVE ( 'NONE', #4257, #10284, #12463, .T. ) ;
#4199 = VERTEX_POINT ( 'NONE', #4515 ) ;
#4200 = LINE ( 'NONE', #9488, #9540 ) ;
#4201 = VECTOR ( 'NONE', #8800, 1000.000000000000000 ) ;
#4202 = ADVANCED_FACE ( 'NONE', ( #5372 ), #1615, .F. ) ;
#4203 = EDGE_CURVE ( 'NONE', #5046, #5541, #5436, .T. ) ;
#4204 = ORIENTED_EDGE ( 'NONE', *, *, #10806, .T. ) ;
#4205 = EDGE_CURVE ( 'NONE', #10859, #8577, #11969, .T. ) ;
#4206 = CARTESIAN_POINT ( 'NONE',  ( 27.49999999999999645, -2.576707815202274765E-11, -1.954188478669855789 ) ) ;
#4207 = CARTESIAN_POINT ( 'NONE',  ( 50.16957179191506100, -10.94380396979420844, 1.275000000000000133 ) ) ;
#4208 = ORIENTED_EDGE ( 'NONE', *, *, #6911, .F. ) ;
#4209 = LINE ( 'NONE', #12154, #6262 ) ;
#4210 = DIRECTION ( 'NONE',  ( 1.000000000000000000, 0.000000000000000000, 0.000000000000000000 ) ) ;
#4211 = CARTESIAN_POINT ( 'NONE',  ( -7.939274020753487093, -8.536373850486274506, 1.912499999999999645 ) ) ;
#4212 = CARTESIAN_POINT ( 'NONE',  ( 13.43101523854249812, -3.005699862444872306, -1.275000000000000133 ) ) ;
#4213 = ORIENTED_EDGE ( 'NONE', *, *, #3953, .F. ) ;
#4214 = FACE_OUTER_BOUND ( 'NONE', #864, .T. ) ;
#4215 = DIRECTION ( 'NONE',  ( -0.4679360541420691244, -0.8773801015163789074, -0.1060188978298647056 ) ) ;
#4216 = ORIENTED_EDGE ( 'NONE', *, *, #9158, .T. ) ;
#4217 = CARTESIAN_POINT ( 'NONE',  ( 11.69943263047496806, -2.890261021907035044, 1.275000000000000133 ) ) ;
#4218 = PLANE ( 'NONE',  #9111 ) ;
#4219 = ADVANCED_FACE ( 'NONE', ( #2522 ), #1551, .T. ) ;
#4220 = VECTOR ( 'NONE', #9884, 1000.000000000000000 ) ;
#4221 = EDGE_LOOP ( 'NONE', ( #7137, #9072, #9949, #11382 ) ) ;
#4222 = ORIENTED_EDGE ( 'NONE', *, *, #7870, .T. ) ;
#4223 = CARTESIAN_POINT ( 'NONE',  ( 25.98729616063749148, 5.254999322911647397, 2.669561484855360600 ) ) ;
#4224 = VECTOR ( 'NONE', #2742, 1000.000000000000000 ) ;
#4225 = ADVANCED_FACE ( 'NONE', ( #6732 ), #9793, .T. ) ;
#4226 = CARTESIAN_POINT ( 'NONE',  ( 7.702410331654460762, 7.264001408762807088, 0.5766211646058294615 ) ) ;
#4227 = LINE ( 'NONE', #4164, #1327 ) ;
#4228 = ORIENTED_EDGE ( 'NONE', *, *, #681, .T. ) ;
#4229 = DIRECTION ( 'NONE',  ( -0.4513117242972573551, 0.8923663639513965684, 0.000000000000000000 ) ) ;
#4230 = CARTESIAN_POINT ( 'NONE',  ( -11.22406249021695679, 30.12831799411278411, -2.550000000000000266 ) ) ;
#4231 = CARTESIAN_POINT ( 'NONE',  ( 50.20249806082289012, -2.916614897791856897, 1.275000000000000133 ) ) ;
#4232 = VECTOR ( 'NONE', #10707, 1000.000000000000000 ) ;
#4233 = EDGE_CURVE ( 'NONE', #2168, #5315, #12663, .T. ) ;
#4234 = ORIENTED_EDGE ( 'NONE', *, *, #9703, .T. ) ;
#4235 = EDGE_LOOP ( 'NONE', ( #4578, #664, #5093, #3821 ) ) ;
#4236 = DIRECTION ( 'NONE',  ( 1.000000000000000000, 0.000000000000000000, 0.000000000000000000 ) ) ;
#4237 = DIRECTION ( 'NONE',  ( 1.000000000000000000, 0.000000000000000000, 0.000000000000000000 ) ) ;
#4238 = DIRECTION ( 'NONE',  ( -0.7341978152448150885, -0.6789356140973460407, 0.000000000000000000 ) ) ;
#4239 = CARTESIAN_POINT ( 'NONE',  ( 23.38235294117646390, -12.47058823529412308, 3.176635312041682813 ) ) ;
#4240 = CARTESIAN_POINT ( 'NONE',  ( 14.03200173286605512, 1.369501866246042310, 2.868498318030765493 ) ) ;
#4241 = CARTESIAN_POINT ( 'NONE',  ( -7.686194367827409835, -10.94380396979420844, -2.550000000000000266 ) ) ;
#4242 = LINE ( 'NONE', #179, #5575 ) ;
#4243 = ORIENTED_EDGE ( 'NONE', *, *, #1538, .F. ) ;
#4244 = EDGE_LOOP ( 'NONE', ( #3796, #5787, #9954, #1610 ) ) ;
#4245 = FACE_OUTER_BOUND ( 'NONE', #3343, .T. ) ;
#4246 = LINE ( 'NONE', #11227, #12839 ) ;
#4247 = EDGE_CURVE ( 'NONE', #743, #5647, #2717, .T. ) ;
#4248 = EDGE_LOOP ( 'NONE', ( #11239, #12482, #658, #7617 ) ) ;
#4249 = DIRECTION ( 'NONE',  ( -1.000000000000000000, 0.000000000000000000, 0.000000000000000000 ) ) ;
#4250 = PLANE ( 'NONE',  #11143 ) ;
#4251 = CARTESIAN_POINT ( 'NONE',  ( -2.376103804022871913, -7.651795232173859596, 1.275000000000000133 ) ) ;
#4252 = CARTESIAN_POINT ( 'NONE',  ( -24.00792865326624437, -11.12039912385714580, -4.020758359141640703 ) ) ;
#4253 = DIRECTION ( 'NONE',  ( 0.6055218324832825072, -0.7958286941208437826, 0.000000000000000000 ) ) ;
#4254 = PLANE ( 'NONE',  #6978 ) ;
#4255 = VERTEX_POINT ( 'NONE', #1985 ) ;
#4256 = CARTESIAN_POINT ( 'NONE',  ( 56.08082058115941493, 10.42415536329829351, 1.275000000000000133 ) ) ;
#4257 = VERTEX_POINT ( 'NONE', #1927 ) ;
#4258 = CIRCLE ( 'NONE', #7993, 25.00000000000000000 ) ;
#4259 = CARTESIAN_POINT ( 'NONE',  ( -24.91396080104145483, -11.66436072519932488, -3.027960665688410380 ) ) ;
#4260 = EDGE_LOOP ( 'NONE', ( #1355, #2685, #2185, #1945 ) ) ;
#4261 = CARTESIAN_POINT ( 'NONE',  ( 11.78601176087834901, -2.644953485764136136, 1.275000000000000133 ) ) ;
#4262 = EDGE_CURVE ( 'NONE', #12303, #221, #1870, .T. ) ;
#4263 = CARTESIAN_POINT ( 'NONE',  ( 6.070177707534485378, 6.104566538103151530, 1.151621164605829417 ) ) ;
#4264 = DIRECTION ( 'NONE',  ( 1.000000000000000000, 0.000000000000000000, 0.000000000000000000 ) ) ;
#4265 = ORIENTED_EDGE ( 'NONE', *, *, #9935, .F. ) ;
#4266 = EDGE_CURVE ( 'NONE', #10515, #8273, #3852, .T. ) ;
#4267 = DIRECTION ( 'NONE',  ( 0.000000000000000000, -1.000000000000000000, 0.000000000000000000 ) ) ;
#4268 = DIRECTION ( 'NONE',  ( 0.7408333365801926806, -0.6716888918327136304, 0.000000000000000000 ) ) ;
#4269 = AXIS2_PLACEMENT_3D ( 'NONE', #7070, #9021, #9086 ) ;
#4270 = CARTESIAN_POINT ( 'NONE',  ( 8.926536009056958321, 21.18669797144782407, -1.499999999999998224 ) ) ;
#4271 = CARTESIAN_POINT ( 'NONE',  ( 48.80962591760678038, -9.310112360832079048, -1.912499999999999645 ) ) ;
#4272 = ADVANCED_FACE ( 'NONE', ( #1806 ), #10893, .T. ) ;
#4273 = EDGE_CURVE ( 'NONE', #12407, #11596, #2827, .T. ) ;
#4274 = EDGE_CURVE ( 'NONE', #331, #7592, #838, .T. ) ;
#4275 = EDGE_LOOP ( 'NONE', ( #2295, #551, #9625, #2277 ) ) ;
#4276 = ADVANCED_FACE ( 'NONE', ( #7707 ), #10646, .T. ) ;
#4277 = LINE ( 'NONE', #8381, #4520 ) ;
#4278 = DIRECTION ( 'NONE',  ( 1.000000000000000000, 0.000000000000000000, 0.000000000000000000 ) ) ;
#4279 = VERTEX_POINT ( 'NONE', #9726 ) ;
#4280 = FACE_OUTER_BOUND ( 'NONE', #1564, .T. ) ;
#4281 = VECTOR ( 'NONE', #7452, 1000.000000000000000 ) ;
#4282 = CARTESIAN_POINT ( 'NONE',  ( 15.89999999999998970, -27.50000000000000355, -4.871890048187180966 ) ) ;
#4283 = VECTOR ( 'NONE', #11874, 1000.000000000000000 ) ;
#4284 = EDGE_CURVE ( 'NONE', #11841, #9265, #2956, .T. ) ;
#4285 = ORIENTED_EDGE ( 'NONE', *, *, #3446, .F. ) ;
#4286 = ORIENTED_EDGE ( 'NONE', *, *, #1233, .T. ) ;
#4287 = DIRECTION ( 'NONE',  ( 0.000000000000000000, 1.000000000000000000, -0.000000000000000000 ) ) ;
#4288 = CARTESIAN_POINT ( 'NONE',  ( -2.500497672223062740, -7.976601443585464857, 1.275000000000000133 ) ) ;
#4289 = FACE_OUTER_BOUND ( 'NONE', #4648, .T. ) ;
#4290 = VERTEX_POINT ( 'NONE', #6854 ) ;
#4291 = EDGE_CURVE ( 'NONE', #5502, #2181, #4975, .T. ) ;
#4292 = VECTOR ( 'NONE', #8361, 1000.000000000000000 ) ;
#4293 = CARTESIAN_POINT ( 'NONE',  ( 0.000000000000000000, 0.000000000000000000, -2.873378835394170050 ) ) ;
#4294 = CARTESIAN_POINT ( 'NONE',  ( 26.71772614837902537, -6.861537120224843633, 3.528060039813948112 ) ) ;
#4295 = CARTESIAN_POINT ( 'NONE',  ( 7.220177707534483957, 7.254566538103149220, 0.5766211646058294615 ) ) ;
#4296 = CARTESIAN_POINT ( 'NONE',  ( 7.721179918986527113, 16.39501474110608115, -1.912499999999999645 ) ) ;
#4297 = AXIS2_PLACEMENT_3D ( 'NONE', #8157, #1232, #1356 ) ;
#4298 = EDGE_CURVE ( 'NONE', #4742, #1477, #5695, .T. ) ;
#4299 = VECTOR ( 'NONE', #1463, 1000.000000000000000 ) ;
#4300 = VERTEX_POINT ( 'NONE', #9916 ) ;
#4301 = VECTOR ( 'NONE', #12759, 1000.000000000000000 ) ;
#4302 = ORIENTED_EDGE ( 'NONE', *, *, #5484, .F. ) ;
#4303 = FACE_OUTER_BOUND ( 'NONE', #9168, .T. ) ;
#4304 = LINE ( 'NONE', #10242, #9921 ) ;
#4305 = AXIS2_PLACEMENT_3D ( 'NONE', #3900, #11006, #2937 ) ;
#4306 = PLANE ( 'NONE',  #794 ) ;
#4307 = CARTESIAN_POINT ( 'NONE',  ( 18.64741502928743699, -4.645761665834258203, 1.275000000000000133 ) ) ;
#4308 = CARTESIAN_POINT ( 'NONE',  ( 83.76737459837873701, 38.80949993093332040, 1.439121164605829506 ) ) ;
#4309 = EDGE_CURVE ( 'NONE', #1223, #2831, #11525, .T. ) ;
#4310 = DIRECTION ( 'NONE',  ( -0.9981525800951075444, 0.06075711357100487681, 0.000000000000000000 ) ) ;
#4311 = LINE ( 'NONE', #8282, #2872 ) ;
#4312 = ORIENTED_EDGE ( 'NONE', *, *, #10256, .F. ) ;
#4313 = ORIENTED_EDGE ( 'NONE', *, *, #11743, .F. ) ;
#4314 = CARTESIAN_POINT ( 'NONE',  ( 10.69221011028679413, 7.320610632720734756, 0.5766211646058294615 ) ) ;
#4315 = VECTOR ( 'NONE', #10845, 1000.000000000000000 ) ;
#4316 = AXIS2_PLACEMENT_3D ( 'NONE', #5177, #5375, #448 ) ;
#4317 = AXIS2_PLACEMENT_3D ( 'NONE', #1093, #6140, #1153 ) ;
#4318 = DIRECTION ( 'NONE',  ( 0.000000000000000000, 1.000000000000000000, 0.000000000000000000 ) ) ;
#4319 = VECTOR ( 'NONE', #667, 1000.000000000000000 ) ;
#4320 = VECTOR ( 'NONE', #7129, 1000.000000000000114 ) ;
#4321 = VECTOR ( 'NONE', #12443, 999.9999999999998863 ) ;
#4322 = ADVANCED_FACE ( 'NONE', ( #3794 ), #11622, .T. ) ;
#4323 = ORIENTED_EDGE ( 'NONE', *, *, #1437, .T. ) ;
#4324 = CARTESIAN_POINT ( 'NONE',  ( -27.50000000000000000, 1.369501866246042310, -2.868498318030737515 ) ) ;
#4325 = DIRECTION ( 'NONE',  ( 1.000000000000000000, 0.000000000000000000, 0.000000000000000000 ) ) ;
#4326 = VECTOR ( 'NONE', #11825, 1000.000000000000000 ) ;
#4327 = DIRECTION ( 'NONE',  ( 6.938893903907222067E-15, -1.000000000000000000, 0.000000000000000000 ) ) ;
#4328 = CARTESIAN_POINT ( 'NONE',  ( 14.50921273516821763, -8.647182703040638074, 1.912499999999999645 ) ) ;
#4329 = DIRECTION ( 'NONE',  ( 0.000000000000000000, -0.000000000000000000, 1.000000000000000000 ) ) ;
#4330 = LINE ( 'NONE', #12277, #3741 ) ;
#4331 = ORIENTED_EDGE ( 'NONE', *, *, #9564, .F. ) ;
#4332 = DIRECTION ( 'NONE',  ( 0.000000000000000000, 1.000000000000000000, 0.000000000000000000 ) ) ;
#4333 = VECTOR ( 'NONE', #10631, 1000.000000000000000 ) ;
#4334 = EDGE_LOOP ( 'NONE', ( #11308, #3664, #2621, #8412 ) ) ;
#4335 = ORIENTED_EDGE ( 'NONE', *, *, #5942, .F. ) ;
#4336 = CARTESIAN_POINT ( 'NONE',  ( 11.77158190581113573, -2.414075804688468274, 1.275000000000000133 ) ) ;
#4337 = ORIENTED_EDGE ( 'NONE', *, *, #6911, .T. ) ;
#4338 = DIRECTION ( 'NONE',  ( 0.3310877130290858505, 0.9435999821328792114, -0.000000000000000000 ) ) ;
#4339 = ORIENTED_EDGE ( 'NONE', *, *, #2635, .T. ) ;
#4340 = AXIS2_PLACEMENT_3D ( 'NONE', #4151, #3128, #1380 ) ;
#4341 = CARTESIAN_POINT ( 'NONE',  ( -27.43881333838814029, -1.893955884650514676, 2.084912999557702484 ) ) ;
#4342 = PLANE ( 'NONE',  #10982 ) ;
#4343 = VECTOR ( 'NONE', #5323, 1000.000000000000227 ) ;
#4344 = ORIENTED_EDGE ( 'NONE', *, *, #10495, .F. ) ;
#4345 = LINE ( 'NONE', #7470, #12300 ) ;
#4346 = CARTESIAN_POINT ( 'NONE',  ( 13.76249154639683958, -3.751139051235110156, -1.275000000000000133 ) ) ;
#4347 = DIRECTION ( 'NONE',  ( 1.000000000000000000, 0.000000000000000000, 0.000000000000000000 ) ) ;
#4348 = DIRECTION ( 'NONE',  ( -0.000000000000000000, -0.000000000000000000, -1.000000000000000000 ) ) ;
#4349 = EDGE_CURVE ( 'NONE', #3086, #8582, #7759, .T. ) ;
#4350 = EDGE_LOOP ( 'NONE', ( #5189, #5420 ) ) ;
#4351 = DIRECTION ( 'NONE',  ( -0.000000000000000000, -0.000000000000000000, -1.000000000000000000 ) ) ;
#4352 = DIRECTION ( 'NONE',  ( -0.000000000000000000, -0.000000000000000000, -1.000000000000000000 ) ) ;
#4353 = ORIENTED_EDGE ( 'NONE', *, *, #1255, .T. ) ;
#4354 = DIRECTION ( 'NONE',  ( -0.000000000000000000, -0.000000000000000000, -1.000000000000000000 ) ) ;
#4355 = LINE ( 'NONE', #10290, #10161 ) ;
#4356 = EDGE_CURVE ( 'NONE', #7189, #2457, #12834, .T. ) ;
#4357 = EDGE_CURVE ( 'NONE', #5395, #12303, #5880, .T. ) ;
#4358 = ORIENTED_EDGE ( 'NONE', *, *, #8400, .F. ) ;
#4359 = ORIENTED_EDGE ( 'NONE', *, *, #4523, .T. ) ;
#4360 = CARTESIAN_POINT ( 'NONE',  ( 15.76756684101593819, 30.12831799411278411, 2.550000000000000266 ) ) ;
#4361 = DIRECTION ( 'NONE',  ( 1.000000000000000000, 0.000000000000000000, 0.000000000000000000 ) ) ;
#4362 = CARTESIAN_POINT ( 'NONE',  ( 13.64993377744630187, -10.19732215022125921, 1.912499999999999645 ) ) ;
#4363 = VERTEX_POINT ( 'NONE', #8995 ) ;
#4364 = ORIENTED_EDGE ( 'NONE', *, *, #90, .F. ) ;
#4365 = CARTESIAN_POINT ( 'NONE',  ( -27.49999999999999645, -1.832639877005381460E-11, 1.954188478669398821 ) ) ;
#4366 = CARTESIAN_POINT ( 'NONE',  ( 26.25659001403738202, -3.536298087410415292, 3.226637783823309569 ) ) ;
#4367 = DIRECTION ( 'NONE',  ( 1.000000000000000000, 0.000000000000000000, 0.000000000000000000 ) ) ;
#4368 = DIRECTION ( 'NONE',  ( 0.3078202854146708245, -0.9514445185544087025, 0.000000000000000000 ) ) ;
#4369 = ADVANCED_FACE ( 'NONE', ( #6259 ), #11022, .F. ) ;
#4370 = EDGE_CURVE ( 'NONE', #7407, #1277, #9249, .T. ) ;
#4371 = EDGE_CURVE ( 'NONE', #8544, #668, #99, .T. ) ;
#4372 = VERTEX_POINT ( 'NONE', #296 ) ;
#4373 = EDGE_LOOP ( 'NONE', ( #3537, #6081, #5142, #10976 ) ) ;
#4374 = LINE ( 'NONE', #4173, #5350 ) ;
#4375 = CARTESIAN_POINT ( 'NONE',  ( 11.17053803627909936, -8.791150195189860739, 1.912499999999999645 ) ) ;
#4376 = DIRECTION ( 'NONE',  ( -0.6643638388299285547, -0.7474093186836517910, 0.000000000000000000 ) ) ;
#4377 = DIRECTION ( 'NONE',  ( 0.000000000000000000, 0.000000000000000000, 1.000000000000000000 ) ) ;
#4378 = CARTESIAN_POINT ( 'NONE',  ( 23.66111738797380681, 14.01433280440147655, -1.499999999999996891 ) ) ;
#4379 = EDGE_CURVE ( 'NONE', #4708, #4503, #7946, .T. ) ;
#4380 = DIRECTION ( 'NONE',  ( 0.9999977528229970769, 0.002119987961336395298, 0.000000000000000000 ) ) ;
#4381 = LINE ( 'NONE', #10057, #1847 ) ;
#4382 = VERTEX_POINT ( 'NONE', #2119 ) ;
#4383 = ORIENTED_EDGE ( 'NONE', *, *, #8322, .T. ) ;
#4384 = CARTESIAN_POINT ( 'NONE',  ( -3.756799584291276695, -1.631321031160310131, 1.275000000000000133 ) ) ;
#4385 = LINE ( 'NONE', #10394, #3710 ) ;
#4386 = ORIENTED_EDGE ( 'NONE', *, *, #4262, .F. ) ;
#4387 = ADVANCED_FACE ( 'NONE', ( #11925 ), #4039, .T. ) ;
#4388 = ORIENTED_EDGE ( 'NONE', *, *, #4128, .T. ) ;
#4389 = CARTESIAN_POINT ( 'NONE',  ( 24.54530078484973288, -23.04204434554795000, 1.275000000000000133 ) ) ;
#4390 = DIRECTION ( 'NONE',  ( 0.000000000000000000, -1.000000000000000000, 0.000000000000000000 ) ) ;
#4391 = DIRECTION ( 'NONE',  ( 1.000000000000000000, -0.000000000000000000, 0.000000000000000000 ) ) ;
#4392 = CARTESIAN_POINT ( 'NONE',  ( -21.91087571363854636, 74.51861236923376453, 1.439121164605829506 ) ) ;
#4393 = EDGE_CURVE ( 'NONE', #10636, #2544, #5155, .T. ) ;
#4394 = DIRECTION ( 'NONE',  ( -0.6577844345609517029, 0.7532062384561940549, 0.000000000000000000 ) ) ;
#4395 = PLANE ( 'NONE',  #11570 ) ;
#4396 = ORIENTED_EDGE ( 'NONE', *, *, #4247, .F. ) ;
#4397 = LINE ( 'NONE', #12340, #6815 ) ;
#4398 = AXIS2_PLACEMENT_3D ( 'NONE', #1117, #11903, #8971 ) ;
#4399 = VERTEX_POINT ( 'NONE', #9986 ) ;
#4400 = ORIENTED_EDGE ( 'NONE', *, *, #6082, .T. ) ;
#4401 = CARTESIAN_POINT ( 'NONE',  ( -24.28421530421643482, -10.48790597677221292, -3.944330564366042680 ) ) ;
#4402 = ORIENTED_EDGE ( 'NONE', *, *, #6633, .T. ) ;
#4403 = LINE ( 'NONE', #8369, #10994 ) ;
#4404 = ADVANCED_FACE ( 'NONE', ( #9125 ), #8198, .T. ) ;
#4405 =( BOUNDED_CURVE ( )  B_SPLINE_CURVE ( 3, ( #7733, #11656, #8653, #675 ),
 .UNSPECIFIED., .F., .T. ) 
 B_SPLINE_CURVE_WITH_KNOTS ( ( 4, 4 ),
 ( 1.982637192121615044, 2.060753653048625011 ),
 .UNSPECIFIED. ) 
 CURVE ( )  GEOMETRIC_REPRESENTATION_ITEM ( )  RATIONAL_B_SPLINE_CURVE ( ( 1.000000000000000000, 0.9994915495213065881, 0.9994915495213065881, 1.000000000000000000 ) ) 
 REPRESENTATION_ITEM ( '' )  );
#4406 = VECTOR ( 'NONE', #8103, 1000.000000000000000 ) ;
#4407 = ORIENTED_EDGE ( 'NONE', *, *, #6382, .F. ) ;
#4408 = LINE ( 'NONE', #3229, #4110 ) ;
#4409 = PLANE ( 'NONE',  #398 ) ;
#4410 = ORIENTED_EDGE ( 'NONE', *, *, #1931, .T. ) ;
#4411 = DIRECTION ( 'NONE',  ( -0.000000000000000000, -0.000000000000000000, -1.000000000000000000 ) ) ;
#4412 = CARTESIAN_POINT ( 'NONE',  ( -14.76193061260650552, -10.94380396979420844, 2.550000000000000266 ) ) ;
#4413 = CARTESIAN_POINT ( 'NONE',  ( -7.275840057019161478, -8.418890752741660322, 1.275000000000000133 ) ) ;
#4414 = DIRECTION ( 'NONE',  ( 0.000000000000000000, 1.000000000000000000, 0.000000000000000000 ) ) ;
#4415 = ORIENTED_EDGE ( 'NONE', *, *, #9641, .F. ) ;
#4416 = LINE ( 'NONE', #7207, #1012 ) ;
#4417 = CARTESIAN_POINT ( 'NONE',  ( 14.03200173286605512, 10.73073753245124706, 1.151621164605829417 ) ) ;
#4418 = VECTOR ( 'NONE', #1879, 1000.000000000000000 ) ;
#4419 = ORIENTED_EDGE ( 'NONE', *, *, #5712, .T. ) ;
#4420 = DIRECTION ( 'NONE',  ( 0.000000000000000000, 1.000000000000000000, -0.000000000000000000 ) ) ;
#4421 = DIRECTION ( 'NONE',  ( 1.000000000000000000, 0.000000000000000000, 0.000000000000000000 ) ) ;
#4422 = EDGE_CURVE ( 'NONE', #1231, #3307, #7166, .T. ) ;
#4423 = VERTEX_POINT ( 'NONE', #10178 ) ;
#4424 = EDGE_LOOP ( 'NONE', ( #2432, #1050, #4243, #7629 ) ) ;
#4425 = LINE ( 'NONE', #6713, #2859 ) ;
#4426 = DIRECTION ( 'NONE',  ( 0.000000000000000000, -1.000000000000000000, 0.000000000000000000 ) ) ;
#4427 = DIRECTION ( 'NONE',  ( -0.000000000000000000, -0.000000000000000000, -1.000000000000000000 ) ) ;
#4428 = ORIENTED_EDGE ( 'NONE', *, *, #5764, .F. ) ;
#4429 = ORIENTED_EDGE ( 'NONE', *, *, #7568, .F. ) ;
#4430 = CARTESIAN_POINT ( 'NONE',  ( 57.53364161958099743, 13.43642638473705198, 1.912499999999999645 ) ) ;
#4431 = CARTESIAN_POINT ( 'NONE',  ( 27.24740473149488551, -3.758163678764163240, 2.230270972731245749 ) ) ;
#4432 = CARTESIAN_POINT ( 'NONE',  ( 50.16957179191506100, 30.12831799411278411, -1.912499999999999645 ) ) ;
#4433 = EDGE_CURVE ( 'NONE', #3988, #3966, #8078, .T. ) ;
#4434 = LINE ( 'NONE', #433, #11755 ) ;
#4435 = ORIENTED_EDGE ( 'NONE', *, *, #3542, .T. ) ;
#4436 = ORIENTED_EDGE ( 'NONE', *, *, #314, .F. ) ;
#4437 = CARTESIAN_POINT ( 'NONE',  ( 17.07888248889944904, 30.12831799411278411, 2.550000000000000266 ) ) ;
#4438 = CARTESIAN_POINT ( 'NONE',  ( 24.36686741068949402, 5.616837514297486678, 2.654917310344468095 ) ) ;
#4439 = CARTESIAN_POINT ( 'NONE',  ( 43.31521506697067991, -16.13858989925867249, 1.912499999999999645 ) ) ;
#4440 = CARTESIAN_POINT ( 'NONE',  ( 7.702410331654453657, 6.114001408762802292, 1.151621164605829417 ) ) ;
#4441 = EDGE_CURVE ( 'NONE', #8618, #4423, #12057, .T. ) ;
#4442 = VECTOR ( 'NONE', #6369, 1000.000000000000000 ) ;
#4443 = FACE_OUTER_BOUND ( 'NONE', #4187, .T. ) ;
#4444 = DIRECTION ( 'NONE',  ( 0.8669063030575355766, 0.4984711242580821544, 0.000000000000000000 ) ) ;
#4445 = ORIENTED_EDGE ( 'NONE', *, *, #9217, .T. ) ;
#4446 = ADVANCED_FACE ( 'NONE', ( #7108 ), #1337, .T. ) ;
#4447 = EDGE_LOOP ( 'NONE', ( #1934, #5602, #9359, #4822 ) ) ;
#4448 = EDGE_CURVE ( 'NONE', #12082, #3754, #5031, .T. ) ;
#4449 = EDGE_CURVE ( 'NONE', #10537, #4108, #1201, .T. ) ;
#4450 = LINE ( 'NONE', #6540, #1976 ) ;
#4451 = VECTOR ( 'NONE', #7203, 1000.000000000000114 ) ;
#4452 = EDGE_CURVE ( 'NONE', #1467, #7750, #8138, .T. ) ;
#4453 = PLANE ( 'NONE',  #7655 ) ;
#4454 = ORIENTED_EDGE ( 'NONE', *, *, #3573, .F. ) ;
#4455 = EDGE_LOOP ( 'NONE', ( #2603, #7546, #5917, #3002 ) ) ;
#4456 = PLANE ( 'NONE',  #4297 ) ;
#4457 = CARTESIAN_POINT ( 'NONE',  ( 54.49523530626897383, 24.02149891502483925, 1.275000000000000133 ) ) ;
#4458 = LINE ( 'NONE', #8423, #905 ) ;
#4459 = LINE ( 'NONE', #3414, #4720 ) ;
#4460 = CARTESIAN_POINT ( 'NONE',  ( -19.73771211221854571, 13.50472070242324030, -202.5000000000000000 ) ) ;
#4461 = DIRECTION ( 'NONE',  ( 0.9632913238286716640, -0.2684582377883105719, 0.000000000000000000 ) ) ;
#4462 = ORIENTED_EDGE ( 'NONE', *, *, #12583, .T. ) ;
#4463 = CARTESIAN_POINT ( 'NONE',  ( 12.22969871862639124, -12.10421909368450066, -2.550000000000000266 ) ) ;
#4464 = EDGE_LOOP ( 'NONE', ( #7273, #8817, #12304, #10717 ) ) ;
#4465 = ORIENTED_EDGE ( 'NONE', *, *, #279, .F. ) ;
#4466 = FACE_OUTER_BOUND ( 'NONE', #6175, .T. ) ;
#4467 = EDGE_CURVE ( 'NONE', #942, #1872, #11140, .T. ) ;
#4468 = EDGE_LOOP ( 'NONE', ( #8740, #486, #1627, #227 ) ) ;
#4469 = FACE_OUTER_BOUND ( 'NONE', #3212, .T. ) ;
#4470 = EDGE_CURVE ( 'NONE', #3723, #2041, #8113, .T. ) ;
#4471 = VERTEX_POINT ( 'NONE', #5483 ) ;
#4472 = LINE ( 'NONE', #3362, #3713 ) ;
#4473 = EDGE_LOOP ( 'NONE', ( #102, #10010, #659, #168, #1783, #2708, #9362, #181, #9594, #3732, #11946, #1461, #388, #12705, #5754, #9987 ) ) ;
#4474 = ORIENTED_EDGE ( 'NONE', *, *, #5303, .F. ) ;
#4475 = CARTESIAN_POINT ( 'NONE',  ( 50.16957179191506100, -10.94380396979420844, 2.550000000000000266 ) ) ;
#4476 = DIRECTION ( 'NONE',  ( 0.000000000000000000, 1.000000000000000000, 0.000000000000000000 ) ) ;
#4477 = AXIS2_PLACEMENT_3D ( 'NONE', #5532, #2414, #607 ) ;
#4478 = CARTESIAN_POINT ( 'NONE',  ( 13.54101436650989498, -10.94380396979420844, 2.550000000000000266 ) ) ;
#4479 = PLANE ( 'NONE',  #3927 ) ;
#4480 = VERTEX_POINT ( 'NONE', #10445 ) ;
#4481 = CARTESIAN_POINT ( 'NONE',  ( 10.69221011028679413, 7.320610632720734756, 0.5766211646058294615 ) ) ;
#4482 = DIRECTION ( 'NONE',  ( 0.6610305430689801254, 0.7503589948350918304, 0.000000000000000000 ) ) ;
#4483 = ORIENTED_EDGE ( 'NONE', *, *, #3983, .T. ) ;
#4484 = DIRECTION ( 'NONE',  ( -0.000000000000000000, -0.000000000000000000, -1.000000000000000000 ) ) ;
#4485 = VECTOR ( 'NONE', #10560, 1000.000000000000000 ) ;
#4486 = LINE ( 'NONE', #10426, #10145 ) ;
#4487 = VECTOR ( 'NONE', #6946, 1000.000000000000000 ) ;
#4488 = ORIENTED_EDGE ( 'NONE', *, *, #8116, .F. ) ;
#4489 = ORIENTED_EDGE ( 'NONE', *, *, #4818, .F. ) ;
#4490 = DIRECTION ( 'NONE',  ( 1.000000000000000000, 0.000000000000000000, 0.000000000000000000 ) ) ;
#4491 = DIRECTION ( 'NONE',  ( -0.000000000000000000, -0.000000000000000000, -1.000000000000000000 ) ) ;
#4492 = DIRECTION ( 'NONE',  ( -0.000000000000000000, -0.000000000000000000, -1.000000000000000000 ) ) ;
#4493 = DIRECTION ( 'NONE',  ( 0.000000000000000000, -1.239506149960986985E-16, -1.000000000000000000 ) ) ;
#4494 = ORIENTED_EDGE ( 'NONE', *, *, #4738, .F. ) ;
#4495 = EDGE_LOOP ( 'NONE', ( #11859, #547, #11256, #1918, #9958, #6313 ) ) ;
#4496 = CARTESIAN_POINT ( 'NONE',  ( 23.66111738797380681, 14.01433280440147477, -1.499999999999996891 ) ) ;
#4497 = CARTESIAN_POINT ( 'NONE',  ( 24.77211579605878100, 12.13857716683860488, 2.495400853638078953 ) ) ;
#4498 = CARTESIAN_POINT ( 'NONE',  ( 10.08359999005818075, -7.621554737275839209, 1.912499999999999645 ) ) ;
#4499 = ORIENTED_EDGE ( 'NONE', *, *, #8821, .F. ) ;
#4500 = VECTOR ( 'NONE', #11689, 1000.000000000000000 ) ;
#4501 = DIRECTION ( 'NONE',  ( -1.000000000000000000, -0.000000000000000000, -0.000000000000000000 ) ) ;
#4502 = ORIENTED_EDGE ( 'NONE', *, *, #662, .T. ) ;
#4503 = VERTEX_POINT ( 'NONE', #11335 ) ;
#4504 = CARTESIAN_POINT ( 'NONE',  ( -26.10242638689701877, -8.920938520520655501, 3.750956380392168388 ) ) ;
#4505 = DIRECTION ( 'NONE',  ( -0.000000000000000000, -0.000000000000000000, -1.000000000000000000 ) ) ;
#4506 = VECTOR ( 'NONE', #9552, 1000.000000000000000 ) ;
#4507 = LINE ( 'NONE', #9720, #6990 ) ;
#4508 = LINE ( 'NONE', #12713, #7542 ) ;
#4509 = VECTOR ( 'NONE', #3615, 1000.000000000000114 ) ;
#4510 = DIRECTION ( 'NONE',  ( 0.000000000000000000, -1.000000000000000000, 0.000000000000000000 ) ) ;
#4511 = PLANE ( 'NONE',  #11806 ) ;
#4512 = VERTEX_POINT ( 'NONE', #1399 ) ;
#4513 = VERTEX_POINT ( 'NONE', #2429 ) ;
#4514 = EDGE_CURVE ( 'NONE', #11517, #6079, #4579, .T. ) ;
#4515 = CARTESIAN_POINT ( 'NONE',  ( -6.254696157596316475, -10.94380396979420844, -1.912499999999999645 ) ) ;
#4516 = CARTESIAN_POINT ( 'NONE',  ( 5.926536009056959209, 18.18669797144782407, -1.499999999999998002 ) ) ;
#4517 = VERTEX_POINT ( 'NONE', #7495 ) ;
#4518 = VECTOR ( 'NONE', #157, 1000.000000000000114 ) ;
#4519 = AXIS2_PLACEMENT_3D ( 'NONE', #5086, #6968, #7944 ) ;
#4520 = VECTOR ( 'NONE', #4153, 1000.000000000000000 ) ;
#4521 = ORIENTED_EDGE ( 'NONE', *, *, #3660, .T. ) ;
#4522 = EDGE_CURVE ( 'NONE', #12392, #10339, #4881, .T. ) ;
#4523 = EDGE_CURVE ( 'NONE', #1252, #11241, #6389, .T. ) ;
#4524 = CARTESIAN_POINT ( 'NONE',  ( 26.32349438261691077, 38.54458060915963102, 1.275000000000000133 ) ) ;
#4525 = CARTESIAN_POINT ( 'NONE',  ( 1.404617562039025769, 37.63061864486304131, 1.275000000000000133 ) ) ;
#4526 = DIRECTION ( 'NONE',  ( -0.9578262852211513190, -0.2873478855663454401, 0.000000000000000000 ) ) ;
#4527 = DIRECTION ( 'NONE',  ( 0.000000000000000000, -1.000000000000000000, 0.000000000000000000 ) ) ;
#4528 = VECTOR ( 'NONE', #10454, 1000.000000000000000 ) ;
#4529 = VECTOR ( 'NONE', #11087, 1000.000000000000114 ) ;
#4530 = DIRECTION ( 'NONE',  ( 0.000000000000000000, 0.000000000000000000, 1.000000000000000000 ) ) ;
#4531 = CARTESIAN_POINT ( 'NONE',  ( 14.03200173286605512, 8.483312583677848906, -1.148378835394170627 ) ) ;
#4532 = ORIENTED_EDGE ( 'NONE', *, *, #5640, .T. ) ;
#4533 = DIRECTION ( 'NONE',  ( -0.000000000000000000, -0.000000000000000000, -1.000000000000000000 ) ) ;
#4534 = VECTOR ( 'NONE', #3518, 1000.000000000000000 ) ;
#4535 = EDGE_LOOP ( 'NONE', ( #10407, #2084, #6994, #9691 ) ) ;
#4536 = CIRCLE ( 'NONE', #11809, 4.000000000000000000 ) ;
#4537 = ORIENTED_EDGE ( 'NONE', *, *, #8335, .F. ) ;
#4538 = CARTESIAN_POINT ( 'NONE',  ( -24.65198417499255257, -12.20883135682352361, -4.152279903231852920 ) ) ;
#4539 = AXIS2_PLACEMENT_3D ( 'NONE', #8433, #7460, #11438 ) ;
#4540 = EDGE_LOOP ( 'NONE', ( #3844, #7654, #1794, #10516, #12048, #6068 ) ) ;
#4541 = VECTOR ( 'NONE', #7846, 1000.000000000000000 ) ;
#4542 = VECTOR ( 'NONE', #6421, 1000.000000000000000 ) ;
#4543 = DIRECTION ( 'NONE',  ( 0.000000000000000000, 0.000000000000000000, 1.000000000000000000 ) ) ;
#4544 = EDGE_CURVE ( 'NONE', #9265, #5686, #8469, .T. ) ;
#4545 = ORIENTED_EDGE ( 'NONE', *, *, #6203, .T. ) ;
#4546 = EDGE_CURVE ( 'NONE', #8627, #1130, #12786, .T. ) ;
#4547 = EDGE_LOOP ( 'NONE', ( #10613, #8766, #1592, #10049 ) ) ;
#4548 = AXIS2_PLACEMENT_3D ( 'NONE', #11914, #1324, #1265 ) ;
#4549 = EDGE_CURVE ( 'NONE', #7266, #1231, #9386, .T. ) ;
#4550 = DIRECTION ( 'NONE',  ( 0.000000000000000000, -0.1199631333959760432, 0.9927783471781701508 ) ) ;
#4551 = ORIENTED_EDGE ( 'NONE', *, *, #11250, .T. ) ;
#4552 = EDGE_LOOP ( 'NONE', ( #7628, #10607, #2813, #1816 ) ) ;
#4553 = AXIS2_PLACEMENT_3D ( 'NONE', #6964, #1980, #1077 ) ;
#4554 = CARTESIAN_POINT ( 'NONE',  ( -27.49999999999999645, 3.367778697655220913E-15, -6.000000000000000000 ) ) ;
#4555 = DIRECTION ( 'NONE',  ( 0.003952538295216394097, 0.9999921886900041690, -0.000000000000000000 ) ) ;
#4556 = LINE ( 'NONE', #1647, #936 ) ;
#4557 = CARTESIAN_POINT ( 'NONE',  ( -25.72392124011162551, -6.597029676036052059, 3.502246020490929812 ) ) ;
#4558 = ORIENTED_EDGE ( 'NONE', *, *, #3201, .T. ) ;
#4559 = EDGE_CURVE ( 'NONE', #1086, #11337, #12448, .T. ) ;
#4560 = DIRECTION ( 'NONE',  ( 0.000000000000000000, -0.000000000000000000, -1.000000000000000000 ) ) ;
#4561 = CYLINDRICAL_SURFACE ( 'NONE', #2592, 25.00000000000000000 ) ;
#4562 = ORIENTED_EDGE ( 'NONE', *, *, #745, .T. ) ;
#4563 = DIRECTION ( 'NONE',  ( 0.000000000000000000, 1.000000000000000000, 0.000000000000000000 ) ) ;
#4564 = DIRECTION ( 'NONE',  ( 0.8910394968592900700, 0.4539257814188825679, 0.000000000000000000 ) ) ;
#4565 = VECTOR ( 'NONE', #1047, 1000.000000000000000 ) ;
#4566 = AXIS2_PLACEMENT_3D ( 'NONE', #4432, #12372, #4367 ) ;
#4567 = EDGE_CURVE ( 'NONE', #12196, #10661, #5622, .T. ) ;
#4568 = ORIENTED_EDGE ( 'NONE', *, *, #8989, .T. ) ;
#4569 = CARTESIAN_POINT ( 'NONE',  ( -6.254696157596316475, -9.830012418814996877, 1.912499999999999645 ) ) ;
#4570 = CARTESIAN_POINT ( 'NONE',  ( 5.926536009056959209, 21.18669797144782407, -2.499999999999997335 ) ) ;
#4571 = CARTESIAN_POINT ( 'NONE',  ( 13.54101436650989498, -10.94380396979420844, 2.550000000000000266 ) ) ;
#4572 = ORIENTED_EDGE ( 'NONE', *, *, #898, .T. ) ;
#4573 = ORIENTED_EDGE ( 'NONE', *, *, #4040, .T. ) ;
#4574 = CARTESIAN_POINT ( 'NONE',  ( 4.067257280038277578, -19.98267288438036715, -2.550000000000000266 ) ) ;
#4575 = CARTESIAN_POINT ( 'NONE',  ( 23.66111738797359720, 14.01433280440183893, 2.499999999999996891 ) ) ;
#4576 = CARTESIAN_POINT ( 'NONE',  ( 2.927409999341250124, -10.94380396979420844, 2.550000000000000266 ) ) ;
#4577 = VECTOR ( 'NONE', #810, 1000.000000000000000 ) ;
#4578 = ORIENTED_EDGE ( 'NONE', *, *, #9001, .F. ) ;
#4579 = LINE ( 'NONE', #10569, #9045 ) ;
#4580 = EDGE_CURVE ( 'NONE', #12719, #12341, #4434, .T. ) ;
#4581 = ORIENTED_EDGE ( 'NONE', *, *, #12018, .F. ) ;
#4582 = VERTEX_POINT ( 'NONE', #6522 ) ;
#4583 = DIRECTION ( 'NONE',  ( -0.3939192985791612478, -0.9191450300180606936, 0.000000000000000000 ) ) ;
#4584 = LINE ( 'NONE', #5856, #5026 ) ;
#4585 = CARTESIAN_POINT ( 'NONE',  ( 46.97116259195739474, 33.06019309407403028, 1.912499999999999645 ) ) ;
#4586 = CARTESIAN_POINT ( 'NONE',  ( 50.16957179191506100, -10.94380396979420844, 2.550000000000000266 ) ) ;
#4587 = CARTESIAN_POINT ( 'NONE',  ( 6.070177707534485378, 7.254566538103156326, 0.5766211646058294615 ) ) ;
#4588 = CARTESIAN_POINT ( 'NONE',  ( -23.52087571363853513, 8.471623555350477730, 1.439121164605829728 ) ) ;
#4589 = ORIENTED_EDGE ( 'NONE', *, *, #2487, .T. ) ;
#4590 = ORIENTED_EDGE ( 'NONE', *, *, #5548, .T. ) ;
#4591 = FACE_OUTER_BOUND ( 'NONE', #12541, .T. ) ;
#4592 = DIRECTION ( 'NONE',  ( 0.000000000000000000, 1.000000000000000000, 0.000000000000000000 ) ) ;
#4593 = ORIENTED_EDGE ( 'NONE', *, *, #3342, .T. ) ;
#4594 = VERTEX_POINT ( 'NONE', #356 ) ;
#4595 = EDGE_CURVE ( 'NONE', #6334, #1828, #10503, .T. ) ;
#4596 = CARTESIAN_POINT ( 'NONE',  ( -5.459641893321363071, -12.10421909368450066, 2.550000000000000266 ) ) ;
#4597 = CARTESIAN_POINT ( 'NONE',  ( 37.94256167830387483, 35.43741449081242934, -1.275000000000000133 ) ) ;
#4598 = FACE_OUTER_BOUND ( 'NONE', #5767, .T. ) ;
#4599 = PLANE ( 'NONE',  #11576 ) ;
#4600 = CARTESIAN_POINT ( 'NONE',  ( 11.30748009436489276, 9.301174703035153257, 1.151621164605829417 ) ) ;
#4601 = PLANE ( 'NONE',  #7475 ) ;
#4602 = VERTEX_POINT ( 'NONE', #12375 ) ;
#4603 = DIRECTION ( 'NONE',  ( -0.000000000000000000, -0.000000000000000000, 1.000000000000000000 ) ) ;
#4604 = ORIENTED_EDGE ( 'NONE', *, *, #1585, .F. ) ;
#4605 = ORIENTED_EDGE ( 'NONE', *, *, #5524, .F. ) ;
#4606 = ORIENTED_EDGE ( 'NONE', *, *, #4880, .F. ) ;
#4607 = EDGE_CURVE ( 'NONE', #6489, #943, #1599, .T. ) ;
#4608 = CARTESIAN_POINT ( 'NONE',  ( -24.91396080104156496, -11.66436072519909217, 3.027960665688406383 ) ) ;
#4609 = VERTEX_POINT ( 'NONE', #7296 ) ;
#4610 = ORIENTED_EDGE ( 'NONE', *, *, #11873, .F. ) ;
#4611 = CARTESIAN_POINT ( 'NONE',  ( 13.54101436650989498, -10.94380396979420844, -1.912499999999999645 ) ) ;
#4612 = ORIENTED_EDGE ( 'NONE', *, *, #5437, .T. ) ;
#4613 = ORIENTED_EDGE ( 'NONE', *, *, #6198, .T. ) ;
#4614 = VECTOR ( 'NONE', #10450, 1000.000000000000114 ) ;
#4615 = DIRECTION ( 'NONE',  ( 1.000000000000000000, 0.000000000000000000, 0.000000000000000000 ) ) ;
#4616 = CARTESIAN_POINT ( 'NONE',  ( 0.1909652267713530527, 30.12831799411278411, 2.550000000000000266 ) ) ;
#4617 = DIRECTION ( 'NONE',  ( 1.000000000000000000, 0.000000000000000000, 0.000000000000000000 ) ) ;
#4618 = ADVANCED_FACE ( 'NONE', ( #10302 ), #631, .T. ) ;
#4619 = CARTESIAN_POINT ( 'NONE',  ( -26.26516552938233318, 3.720719671779030069, 2.736836319078441715 ) ) ;
#4620 = ORIENTED_EDGE ( 'NONE', *, *, #2588, .T. ) ;
#4621 = DIRECTION ( 'NONE',  ( 1.000000000000000000, 0.000000000000000000, 0.000000000000000000 ) ) ;
#4622 = DIRECTION ( 'NONE',  ( 0.5499905695155302698, -0.8351708648198779006, 0.000000000000000000 ) ) ;
#4623 = EDGE_CURVE ( 'NONE', #2134, #6160, #7424, .T. ) ;
#4624 = VERTEX_POINT ( 'NONE', #4643 ) ;
#4625 = EDGE_CURVE ( 'NONE', #655, #12357, #1737, .T. ) ;
#4626 = CARTESIAN_POINT ( 'NONE',  ( -5.979719499310153452, -4.945172619512924861, -1.275000000000000133 ) ) ;
#4627 = EDGE_CURVE ( 'NONE', #10015, #9218, #4258, .T. ) ;
#4628 = VECTOR ( 'NONE', #2009, 1000.000000000000000 ) ;
#4629 = ORIENTED_EDGE ( 'NONE', *, *, #6337, .T. ) ;
#4630 = ORIENTED_EDGE ( 'NONE', *, *, #3206, .T. ) ;
#4631 = CARTESIAN_POINT ( 'NONE',  ( 20.74711447357025662, 32.92923719289844087, 1.275000000000000133 ) ) ;
#4632 = DIRECTION ( 'NONE',  ( 0.000000000000000000, 0.000000000000000000, 1.000000000000000000 ) ) ;
#4633 = CARTESIAN_POINT ( 'NONE',  ( 6.070177707534485378, 7.254566538103156326, 0.5766211646058294615 ) ) ;
#4634 = FACE_OUTER_BOUND ( 'NONE', #10350, .T. ) ;
#4635 = VECTOR ( 'NONE', #10311, 1000.000000000000000 ) ;
#4636 = CARTESIAN_POINT ( 'NONE',  ( -27.50000000000000000, -3.098765374902460807E-16, -2.499999999999995115 ) ) ;
#4637 = ORIENTED_EDGE ( 'NONE', *, *, #4422, .F. ) ;
#4638 = ORIENTED_EDGE ( 'NONE', *, *, #3912, .T. ) ;
#4639 = LINE ( 'NONE', #8610, #1215 ) ;
#4640 = LINE ( 'NONE', #7620, #10135 ) ;
#4641 = CARTESIAN_POINT ( 'NONE',  ( 16.48107194992280000, -23.37694646081619965, 1.912499999999999645 ) ) ;
#4642 = ORIENTED_EDGE ( 'NONE', *, *, #10977, .T. ) ;
#4643 = CARTESIAN_POINT ( 'NONE',  ( -6.667692256929348638, -8.653856948230901125, 1.275000000000000133 ) ) ;
#4644 = EDGE_CURVE ( 'NONE', #5950, #9977, #11729, .T. ) ;
#4645 = AXIS2_PLACEMENT_3D ( 'NONE', #159, #5147, #3251 ) ;
#4646 = B_SPLINE_SURFACE_WITH_KNOTS ( 'NONE', 3, 1, ( 
 ( #2909, #5835 ),
 ( #2067, #12730 ),
 ( #1941, #11819 ),
 ( #6797, #12850 ) ),
 .UNSPECIFIED., .F., .F., .F.,
 ( 4, 4 ),
 ( 2, 2 ),
 ( 0.000000000000000000, 1.000000000000000000 ),
 ( 0.000000000000000000, 1.000000000000000000 ),
 .UNSPECIFIED. ) ;
#4647 = EDGE_CURVE ( 'NONE', #1549, #5707, #5866, .T. ) ;
#4648 = EDGE_LOOP ( 'NONE', ( #12143, #859, #8495, #8929 ) ) ;
#4649 = ORIENTED_EDGE ( 'NONE', *, *, #5108, .T. ) ;
#4650 = CARTESIAN_POINT ( 'NONE',  ( -25.24682620627136487, -10.90234385979698395, 3.994409483982884090 ) ) ;
#4651 = DIRECTION ( 'NONE',  ( -0.000000000000000000, -0.000000000000000000, -1.000000000000000000 ) ) ;
#4652 = CARTESIAN_POINT ( 'NONE',  ( -7.686194367827409835, -12.10421909368450066, -2.550000000000000266 ) ) ;
#4653 = DIRECTION ( 'NONE',  ( 1.000000000000000000, 0.000000000000000000, 0.000000000000000000 ) ) ;
#4654 = DIRECTION ( 'NONE',  ( 0.000000000000000000, 1.000000000000000000, -0.000000000000000000 ) ) ;
#4655 = ORIENTED_EDGE ( 'NONE', *, *, #9333, .F. ) ;
#4656 = CARTESIAN_POINT ( 'NONE',  ( 17.07888248889944904, -10.94380396979420844, 2.550000000000000266 ) ) ;
#4657 = EDGE_LOOP ( 'NONE', ( #12638, #2399, #11142, #6885 ) ) ;
#4658 = ORIENTED_EDGE ( 'NONE', *, *, #10025, .T. ) ;
#4659 = LINE ( 'NONE', #2653, #9712 ) ;
#4660 = AXIS2_PLACEMENT_3D ( 'NONE', #538, #3515, #2484 ) ;
#4661 = CARTESIAN_POINT ( 'NONE',  ( 26.38728604676153111, 2.708031794213790810, -2.788950318331191891 ) ) ;
#4662 = CARTESIAN_POINT ( 'NONE',  ( 36.76623602454992579, 42.04239423177097734, -1.912499999999999645 ) ) ;
#4663 = CARTESIAN_POINT ( 'NONE',  ( 2.927409999341250124, -12.10421909368450066, 2.550000000000000266 ) ) ;
#4664 = VECTOR ( 'NONE', #11514, 1000.000000000000000 ) ;
#4665 = DIRECTION ( 'NONE',  ( -0.9779629312034364697, 0.2087786032906215339, 0.000000000000000000 ) ) ;
#4666 = CARTESIAN_POINT ( 'NONE',  ( 5.926536009056960097, 25.18669797144782407, -2.499999999999998224 ) ) ;
#4667 = ORIENTED_EDGE ( 'NONE', *, *, #9388, .F. ) ;
#4668 = ORIENTED_EDGE ( 'NONE', *, *, #7713, .F. ) ;
#4669 = ORIENTED_EDGE ( 'NONE', *, *, #2161, .F. ) ;
#4670 = ORIENTED_EDGE ( 'NONE', *, *, #12712, .T. ) ;
#4671 = CARTESIAN_POINT ( 'NONE',  ( -24.28421530421659824, -10.48790597677183278, 3.944330564365988945 ) ) ;
#4672 = VECTOR ( 'NONE', #11078, 999.9999999999998863 ) ;
#4673 = VERTEX_POINT ( 'NONE', #6722 ) ;
#4674 = ORIENTED_EDGE ( 'NONE', *, *, #969, .T. ) ;
#4675 = CARTESIAN_POINT ( 'NONE',  ( 38.35624622539014439, 37.90024270893183456, 1.275000000000000133 ) ) ;
#4676 = ORIENTED_EDGE ( 'NONE', *, *, #9879, .F. ) ;
#4677 = VERTEX_POINT ( 'NONE', #8613 ) ;
#4678 = DIRECTION ( 'NONE',  ( 0.000000000000000000, 0.000000000000000000, 1.000000000000000000 ) ) ;
#4679 = CARTESIAN_POINT ( 'NONE',  ( 5.153962473847291115, 30.12831799411278411, 1.912499999999999645 ) ) ;
#4680 = LINE ( 'NONE', #12622, #2999 ) ;
#4681 = CARTESIAN_POINT ( 'NONE',  ( -24.75384775110264712, -3.615703939653745813, 3.232057185567219992 ) ) ;
#4682 = VERTEX_POINT ( 'NONE', #3728 ) ;
#4683 = CARTESIAN_POINT ( 'NONE',  ( -8.355135239633728617, -4.810272466358741283, -1.275000000000000133 ) ) ;
#4684 = ORIENTED_EDGE ( 'NONE', *, *, #4298, .T. ) ;
#4685 = FACE_OUTER_BOUND ( 'NONE', #4716, .T. ) ;
#4686 = EDGE_CURVE ( 'NONE', #7417, #12441, #4705, .T. ) ;
#4687 = B_SPLINE_CURVE_WITH_KNOTS ( 'NONE', 3,
 ( #6730, #4905, #8745, #11739 ),
 .UNSPECIFIED., .F., .F.,
 ( 4, 4 ),
 ( 0.01292425790408249439, 0.01421565123859496252 ),
 .UNSPECIFIED. ) ;
#4688 = ORIENTED_EDGE ( 'NONE', *, *, #9887, .T. ) ;
#4689 = ADVANCED_FACE ( 'NONE', ( #6899 ), #1795, .T. ) ;
#4690 = VECTOR ( 'NONE', #12498, 1000.000000000000000 ) ;
#4691 = ORIENTED_EDGE ( 'NONE', *, *, #1083, .F. ) ;
#4692 = ADVANCED_FACE ( 'NONE', ( #759 ), #2704, .F. ) ;
#4693 = FACE_OUTER_BOUND ( 'NONE', #2989, .T. ) ;
#4694 = PLANE ( 'NONE',  #7643 ) ;
#4695 = EDGE_CURVE ( 'NONE', #1508, #7236, #6664, .T. ) ;
#4696 = DIRECTION ( 'NONE',  ( 0.9514445185544088135, 0.3078202854146709355, -0.000000000000000000 ) ) ;
#4697 = DIRECTION ( 'NONE',  ( -0.000000000000000000, -0.000000000000000000, -1.000000000000000000 ) ) ;
#4698 = CARTESIAN_POINT ( 'NONE',  ( -4.148326245437850446, 30.12831799411278411, -2.550000000000000266 ) ) ;
#4699 = VERTEX_POINT ( 'NONE', #7696 ) ;
#4700 = EDGE_LOOP ( 'NONE', ( #4383, #3008, #4160, #546 ) ) ;
#4701 = DIRECTION ( 'NONE',  ( 0.000000000000000000, -0.000000000000000000, -1.000000000000000000 ) ) ;
#4702 = DIRECTION ( 'NONE',  ( -0.000000000000000000, -0.000000000000000000, -1.000000000000000000 ) ) ;
#4703 = ORIENTED_EDGE ( 'NONE', *, *, #11561, .T. ) ;
#4704 = VECTOR ( 'NONE', #4938, 1000.000000000000000 ) ;
#4705 = LINE ( 'NONE', #9654, #9890 ) ;
#4706 = ADVANCED_FACE ( 'NONE', ( #8737 ), #11672, .T. ) ;
#4707 = ORIENTED_EDGE ( 'NONE', *, *, #9489, .F. ) ;
#4708 = VERTEX_POINT ( 'NONE', #9711 ) ;
#4709 = CARTESIAN_POINT ( 'NONE',  ( -26.07292299628660714, -9.011190028381081518, 2.719020854554156319 ) ) ;
#4710 = EDGE_CURVE ( 'NONE', #726, #6498, #2940, .T. ) ;
#4711 = CARTESIAN_POINT ( 'NONE',  ( 15.51012958534852260, -8.654038297904891763, 1.275000000000000133 ) ) ;
#4712 = LINE ( 'NONE', #11482, #709 ) ;
#4713 = AXIS2_PLACEMENT_3D ( 'NONE', #2012, #5965, #11951 ) ;
#4714 = CARTESIAN_POINT ( 'NONE',  ( 36.76623602454992579, 42.04239423177097734, 1.912499999999999645 ) ) ;
#4715 = CARTESIAN_POINT ( 'NONE',  ( 56.74328029394445139, 20.98228877389777836, -1.912499999999999645 ) ) ;
#4716 = EDGE_LOOP ( 'NONE', ( #1630, #8642, #5534, #505 ) ) ;
#4717 = CARTESIAN_POINT ( 'NONE',  ( 25.59660487241582416, -23.48542801206632191, 1.275000000000000133 ) ) ;
#4718 = EDGE_CURVE ( 'NONE', #3428, #7360, #7624, .T. ) ;
#4719 = VERTEX_POINT ( 'NONE', #3784 ) ;
#4720 = VECTOR ( 'NONE', #7585, 1000.000000000000000 ) ;
#4721 = VECTOR ( 'NONE', #11276, 1000.000000000000000 ) ;
#4722 = VERTEX_POINT ( 'NONE', #2817 ) ;
#4723 = DIRECTION ( 'NONE',  ( -0.000000000000000000, -0.000000000000000000, -1.000000000000000000 ) ) ;
#4724 = VECTOR ( 'NONE', #10052, 999.9999999999998863 ) ;
#4725 = EDGE_CURVE ( 'NONE', #155, #1708, #6777, .T. ) ;
#4726 = CARTESIAN_POINT ( 'NONE',  ( 50.16957179191506100, -12.10421909368450066, -1.912499999999999645 ) ) ;
#4727 = DIRECTION ( 'NONE',  ( -0.1643989873053521844, 0.9863939238321446368, 0.000000000000000000 ) ) ;
#4728 = LINE ( 'NONE', #9866, #1688 ) ;
#4729 = CARTESIAN_POINT ( 'NONE',  ( 10.66144447481649848, 9.289807388987387782, 1.151621164605829417 ) ) ;
#4730 = LINE ( 'NONE', #10468, #10397 ) ;
#4731 = VERTEX_POINT ( 'NONE', #5808 ) ;
#4732 = VERTEX_POINT ( 'NONE', #9782 ) ;
#4733 = ORIENTED_EDGE ( 'NONE', *, *, #1959, .T. ) ;
#4734 = VECTOR ( 'NONE', #10655, 1000.000000000000114 ) ;
#4735 = ORIENTED_EDGE ( 'NONE', *, *, #1329, .F. ) ;
#4736 = LINE ( 'NONE', #9750, #3100 ) ;
#4737 = VECTOR ( 'NONE', #6072, 1000.000000000000000 ) ;
#4738 = EDGE_CURVE ( 'NONE', #8418, #6449, #1378, .T. ) ;
#4739 = ORIENTED_EDGE ( 'NONE', *, *, #6439, .F. ) ;
#4740 = ADVANCED_FACE ( 'NONE', ( #7805 ), #11786, .F. ) ;
#4741 = DIRECTION ( 'NONE',  ( -0.8910394968592900700, -0.4539257814188826234, 0.000000000000000000 ) ) ;
#4742 = VERTEX_POINT ( 'NONE', #8850 ) ;
#4743 = VECTOR ( 'NONE', #12129, 1000.000000000000000 ) ;
#4744 = VECTOR ( 'NONE', #7099, 1000.000000000000000 ) ;
#4745 = CARTESIAN_POINT ( 'NONE',  ( 54.35884704300794823, 13.89487639612912595, -1.275000000000000133 ) ) ;
#4746 = VECTOR ( 'NONE', #5987, 1000.000000000000000 ) ;
#4747 = CARTESIAN_POINT ( 'NONE',  ( -20.30087571363854693, 1.369501866246042310, 1.439121164605829506 ) ) ;
#4748 = VECTOR ( 'NONE', #4875, 1000.000000000000000 ) ;
#4749 = CARTESIAN_POINT ( 'NONE',  ( -12.53537813810046941, 30.12831799411278411, 2.550000000000000266 ) ) ;
#4750 = DIRECTION ( 'NONE',  ( 1.000000000000000000, 0.000000000000000000, 0.000000000000000000 ) ) ;
#4751 = VECTOR ( 'NONE', #2268, 1000.000000000000000 ) ;
#4752 = CIRCLE ( 'NONE', #5995, 3.876292053266924498 ) ;
#4753 = VERTEX_POINT ( 'NONE', #12817 ) ;
#4754 = LINE ( 'NONE', #10549, #173 ) ;
#4755 = LINE ( 'NONE', #2799, #4874 ) ;
#4756 = ORIENTED_EDGE ( 'NONE', *, *, #1686, .T. ) ;
#4757 = ORIENTED_EDGE ( 'NONE', *, *, #9389, .T. ) ;
#4758 = CARTESIAN_POINT ( 'NONE',  ( 7.943549333305202076, -23.70443047173558782, 9.000000000000000000 ) ) ;
#4759 = VECTOR ( 'NONE', #1974, 1000.000000000000000 ) ;
#4760 = ORIENTED_EDGE ( 'NONE', *, *, #2725, .F. ) ;
#4761 = AXIS2_PLACEMENT_3D ( 'NONE', #11901, #4144, #2991 ) ;
#4762 = VECTOR ( 'NONE', #4361, 1000.000000000000000 ) ;
#4763 = ORIENTED_EDGE ( 'NONE', *, *, #9467, .F. ) ;
#4764 = CARTESIAN_POINT ( 'NONE',  ( 16.48107194992280000, -23.37694646081619965, 1.275000000000000133 ) ) ;
#4765 = CARTESIAN_POINT ( 'NONE',  ( -7.966917102575755472, -8.418890752741647887, 1.912499999999999645 ) ) ;
#4766 = EDGE_CURVE ( 'NONE', #3869, #536, #7876, .T. ) ;
#4767 = CARTESIAN_POINT ( 'NONE',  ( 7.721179918986527113, 16.39501474110608115, 1.912499999999999645 ) ) ;
#4768 = CARTESIAN_POINT ( 'NONE',  ( 12.22969871862639124, -12.10421909368450066, 2.550000000000000266 ) ) ;
#4769 = ORIENTED_EDGE ( 'NONE', *, *, #7244, .F. ) ;
#4770 = ORIENTED_EDGE ( 'NONE', *, *, #8116, .T. ) ;
#4771 = FACE_OUTER_BOUND ( 'NONE', #10274, .T. ) ;
#4772 = LINE ( 'NONE', #6662, #2860 ) ;
#4773 = ORIENTED_EDGE ( 'NONE', *, *, #3866, .F. ) ;
#4774 = VECTOR ( 'NONE', #5201, 1000.000000000000000 ) ;
#4775 = CARTESIAN_POINT ( 'NONE',  ( -27.50000000000000000, 13.50472070242359557, 2.500000000000007550 ) ) ;
#4776 = EDGE_CURVE ( 'NONE', #8715, #9357, #10088, .T. ) ;
#4777 = EDGE_CURVE ( 'NONE', #10758, #8963, #5499, .T. ) ;
#4778 = ORIENTED_EDGE ( 'NONE', *, *, #1877, .F. ) ;
#4779 = AXIS2_PLACEMENT_3D ( 'NONE', #3352, #6092, #9088 ) ;
#4780 = VERTEX_POINT ( 'NONE', #5020 ) ;
#4781 = FACE_OUTER_BOUND ( 'NONE', #1429, .T. ) ;
#4782 = CARTESIAN_POINT ( 'NONE',  ( 8.691830596236838957, -12.10421909368450066, -2.550000000000000266 ) ) ;
#4783 = DIRECTION ( 'NONE',  ( -0.000000000000000000, -0.000000000000000000, -1.000000000000000000 ) ) ;
#4784 = LINE ( 'NONE', #7164, #6180 ) ;
#4785 = DIRECTION ( 'NONE',  ( 9.499231602880571395E-15, 1.000000000000000000, 0.000000000000000000 ) ) ;
#4786 = ADVANCED_FACE ( 'NONE', ( #3066 ), #1263, .F. ) ;
#4787 = VERTEX_POINT ( 'NONE', #6958 ) ;
#4788 = AXIS2_PLACEMENT_3D ( 'NONE', #7454, #7718, #11433 ) ;
#4789 = DIRECTION ( 'NONE',  ( 0.9260923597695482901, 0.3772968873135180701, 0.000000000000000000 ) ) ;
#4790 = ADVANCED_FACE ( 'NONE', ( #6176 ), #2036, .T. ) ;
#4791 = EDGE_CURVE ( 'NONE', #7458, #9030, #1001, .T. ) ;
#4792 = ORIENTED_EDGE ( 'NONE', *, *, #10821, .F. ) ;
#4793 = ORIENTED_EDGE ( 'NONE', *, *, #7807, .F. ) ;
#4794 = CARTESIAN_POINT ( 'NONE',  ( 15.66780826722624553, -8.167291062543229785, 1.912499999999999645 ) ) ;
#4795 = ADVANCED_FACE ( 'NONE', ( #9973 ), #4958, .F. ) ;
#4796 = LINE ( 'NONE', #9738, #12184 ) ;
#4797 = CARTESIAN_POINT ( 'NONE',  ( -12.53537813810046941, -12.10421909368450066, 2.550000000000000266 ) ) ;
#4798 = DIRECTION ( 'NONE',  ( -0.000000000000000000, -0.000000000000000000, -1.000000000000000000 ) ) ;
#4799 = CARTESIAN_POINT ( 'NONE',  ( 20.94787318111382746, -3.509732948882950065, 1.275000000000000133 ) ) ;
#4800 = DIRECTION ( 'NONE',  ( -0.000000000000000000, 0.000000000000000000, 1.000000000000000000 ) ) ;
#4801 = ORIENTED_EDGE ( 'NONE', *, *, #10411, .T. ) ;
#4802 = VERTEX_POINT ( 'NONE', #3968 ) ;
#4803 = VERTEX_POINT ( 'NONE', #5926 ) ;
#4804 = CARTESIAN_POINT ( 'NONE',  ( -6.273778340962095967, -8.792072357342210154, 1.275000000000000133 ) ) ;
#4805 = EDGE_CURVE ( 'NONE', #4673, #5545, #995, .T. ) ;
#4806 = VERTEX_POINT ( 'NONE', #8981 ) ;
#4807 = LINE ( 'NONE', #10539, #2030 ) ;
#4808 = ORIENTED_EDGE ( 'NONE', *, *, #1309, .F. ) ;
#4809 = ADVANCED_FACE ( 'NONE', ( #86 ), #8127, .T. ) ;
#4810 = CARTESIAN_POINT ( 'NONE',  ( 8.852410331654445130, 9.311368341907503066, 0.5766211646058294615 ) ) ;
#4811 = CARTESIAN_POINT ( 'NONE',  ( 7.220177707534483957, 6.104566538103151530, 1.151621164605829417 ) ) ;
#4812 = DIRECTION ( 'NONE',  ( 0.000000000000000000, -1.000000000000000000, 0.000000000000000000 ) ) ;
#4813 = CARTESIAN_POINT ( 'NONE',  ( 15.74321981073298282, -8.400381287927684681, 1.912499999999999645 ) ) ;
#4814 = ORIENTED_EDGE ( 'NONE', *, *, #9795, .F. ) ;
#4815 = CARTESIAN_POINT ( 'NONE',  ( 49.50600713442071310, -6.035955839322809879, -1.275000000000000133 ) ) ;
#4816 = FACE_OUTER_BOUND ( 'NONE', #10669, .T. ) ;
#4817 = EDGE_LOOP ( 'NONE', ( #4286, #3032, #6949, #10203 ) ) ;
#4818 = EDGE_CURVE ( 'NONE', #9131, #8415, #150, .T. ) ;
#4819 = LINE ( 'NONE', #3772, #2830 ) ;
#4820 = AXIS2_PLACEMENT_3D ( 'NONE', #9581, #3648, #3523 ) ;
#4821 = ORIENTED_EDGE ( 'NONE', *, *, #11207, .F. ) ;
#4822 = ORIENTED_EDGE ( 'NONE', *, *, #9440, .T. ) ;
#4823 = DIRECTION ( 'NONE',  ( 1.000000000000000000, 0.000000000000000000, 0.000000000000000000 ) ) ;
#4824 = CARTESIAN_POINT ( 'NONE',  ( -5.193779476585772770, -3.819049601878066635, 1.275000000000000133 ) ) ;
#4825 = LINE ( 'NONE', #3960, #6808 ) ;
#4826 = CARTESIAN_POINT ( 'NONE',  ( 23.66111738797380326, 14.01433280440147477, -2.499999999999993783 ) ) ;
#4827 = DIRECTION ( 'NONE',  ( -0.000000000000000000, 0.000000000000000000, 1.000000000000000000 ) ) ;
#4828 = VERTEX_POINT ( 'NONE', #11971 ) ;
#4829 = DIRECTION ( 'NONE',  ( -0.000000000000000000, -0.000000000000000000, 1.000000000000000000 ) ) ;
#4830 = LINE ( 'NONE', #693, #12211 ) ;
#4831 = VECTOR ( 'NONE', #1446, 1000.000000000000000 ) ;
#4832 = VERTEX_POINT ( 'NONE', #4217 ) ;
#4833 = CARTESIAN_POINT ( 'NONE',  ( -11.22406249021695679, -12.10421909368450066, 2.550000000000000266 ) ) ;
#4834 = CARTESIAN_POINT ( 'NONE',  ( 9.542210110286795555, 7.320610632720728539, 0.5766211646058294615 ) ) ;
#4835 = EDGE_CURVE ( 'NONE', #2568, #6673, #8185, .T. ) ;
#4836 = ORIENTED_EDGE ( 'NONE', *, *, #11110, .T. ) ;
#4837 = VECTOR ( 'NONE', #2917, 1000.000000000000000 ) ;
#4838 = ORIENTED_EDGE ( 'NONE', *, *, #2564, .F. ) ;
#4839 = CARTESIAN_POINT ( 'NONE',  ( -24.72256468642025595, 9.789430818787948851, 2.524488588294294011 ) ) ;
#4840 = CARTESIAN_POINT ( 'NONE',  ( 11.64942479529083919, 2.209541179223062368, 2.014121164605829239 ) ) ;
#4841 = ADVANCED_FACE ( 'NONE', ( #11192 ), #34, .F. ) ;
#4842 = DIRECTION ( 'NONE',  ( -0.9966162533834025394, 0.08219515491821646758, 0.000000000000000000 ) ) ;
#4843 = LINE ( 'NONE', #1563, #5367 ) ;
#4844 = CARTESIAN_POINT ( 'NONE',  ( -12.12158661719209363, -3.261364548439958266, -1.275000000000000133 ) ) ;
#4845 = CARTESIAN_POINT ( 'NONE',  ( 50.16957179191506100, -12.10421909368450066, 2.550000000000000266 ) ) ;
#4846 = CARTESIAN_POINT ( 'NONE',  ( 31.47311038443231013, -16.86807369390683675, 1.912499999999999645 ) ) ;
#4847 = VECTOR ( 'NONE', #5084, 1000.000000000000000 ) ;
#4848 = EDGE_LOOP ( 'NONE', ( #11487, #6659, #11568, #9390 ) ) ;
#4849 = ORIENTED_EDGE ( 'NONE', *, *, #12264, .T. ) ;
#4850 = ADVANCED_FACE ( 'NONE', ( #10033 ), #1187, .T. ) ;
#4851 = DIRECTION ( 'NONE',  ( -0.8604042686535932072, -0.5096121019782353656, 0.000000000000000000 ) ) ;
#4852 = EDGE_CURVE ( 'NONE', #5471, #11517, #4087, .T. ) ;
#4853 = CARTESIAN_POINT ( 'NONE',  ( -24.28421530421658758, -10.60786911016783129, 2.951552217187851213 ) ) ;
#4854 = EDGE_CURVE ( 'NONE', #3656, #2359, #6248, .T. ) ;
#4855 = DIRECTION ( 'NONE',  ( -1.000000000000000000, 0.000000000000000000, 0.000000000000000000 ) ) ;
#4856 = DIRECTION ( 'NONE',  ( 0.000000000000000000, 0.000000000000000000, 1.000000000000000000 ) ) ;
#4857 = EDGE_CURVE ( 'NONE', #4832, #5348, #6308, .T. ) ;
#4858 = EDGE_CURVE ( 'NONE', #3771, #3155, #1457, .T. ) ;
#4859 = CARTESIAN_POINT ( 'NONE',  ( 12.22969871862639124, 30.12831799411278411, 1.912499999999999645 ) ) ;
#4860 = FACE_OUTER_BOUND ( 'NONE', #11823, .T. ) ;
#4861 = ORIENTED_EDGE ( 'NONE', *, *, #12707, .T. ) ;
#4862 = ORIENTED_EDGE ( 'NONE', *, *, #7992, .F. ) ;
#4863 = ORIENTED_EDGE ( 'NONE', *, *, #12086, .F. ) ;
#4864 = LINE ( 'NONE', #8025, #4326 ) ;
#4865 = EDGE_LOOP ( 'NONE', ( #1395, #9747, #3247, #7960 ) ) ;
#4866 = DIRECTION ( 'NONE',  ( -0.000000000000000000, -0.000000000000000000, -1.000000000000000000 ) ) ;
#4867 = CARTESIAN_POINT ( 'NONE',  ( 57.83277260453427715, 11.31864327222919897, -1.275000000000000133 ) ) ;
#4868 = FACE_OUTER_BOUND ( 'NONE', #12731, .T. ) ;
#4869 = ADVANCED_FACE ( 'NONE', ( #8247 ), #7282, .T. ) ;
#4870 = ADVANCED_FACE ( 'NONE', ( #4280 ), #6446, .F. ) ;
#4871 = LINE ( 'NONE', #2980, #11973 ) ;
#4872 = LINE ( 'NONE', #4931, #5608 ) ;
#4873 = EDGE_LOOP ( 'NONE', ( #4129, #2731, #8969, #10414 ) ) ;
#4874 = VECTOR ( 'NONE', #8723, 1000.000000000000000 ) ;
#4875 = DIRECTION ( 'NONE',  ( -0.000000000000000000, -0.000000000000000000, -1.000000000000000000 ) ) ;
#4876 = CARTESIAN_POINT ( 'NONE',  ( 0.000000000000000000, 0.000000000000000000, -2.873378835394170050 ) ) ;
#4877 = ORIENTED_EDGE ( 'NONE', *, *, #4449, .F. ) ;
#4878 = ORIENTED_EDGE ( 'NONE', *, *, #9010, .T. ) ;
#4879 = CARTESIAN_POINT ( 'NONE',  ( -27.49999999999999645, 1.506042024990511526E-13, -1.954188478668190454 ) ) ;
#4880 = EDGE_CURVE ( 'NONE', #1349, #3697, #12236, .T. ) ;
#4881 = B_SPLINE_CURVE_WITH_KNOTS ( 'NONE', 3,
 ( #8271, #2506, #3387, #10377, #7357, #11537, #1535, #12514, #9453, #11474 ),
 .UNSPECIFIED., .F., .F.,
 ( 4, 2, 2, 2, 4 ),
 ( 0.000000000000000000, 0.005670591040633186052, 0.007088238800791484516, 0.008505886560949782113, 0.01134118208126637731 ),
 .UNSPECIFIED. ) ;
#4882 = ORIENTED_EDGE ( 'NONE', *, *, #1950, .T. ) ;
#4883 = PLANE ( 'NONE',  #8063 ) ;
#4884 = ORIENTED_EDGE ( 'NONE', *, *, #207, .F. ) ;
#4885 = LINE ( 'NONE', #1604, #12092 ) ;
#4886 = LINE ( 'NONE', #6951, #9159 ) ;
#4887 = DIRECTION ( 'NONE',  ( -0.000000000000000000, -0.000000000000000000, -1.000000000000000000 ) ) ;
#4888 = CARTESIAN_POINT ( 'NONE',  ( 26.69792740886255444, -6.942291216135500598, -2.506330023579291133 ) ) ;
#4889 = CARTESIAN_POINT ( 'NONE',  ( -6.667692256929348638, -8.653856948230901125, -1.275000000000000133 ) ) ;
#4890 = VERTEX_POINT ( 'NONE', #1518 ) ;
#4891 = CARTESIAN_POINT ( 'NONE',  ( 13.76880848982935568, -8.770583410597110330, -1.912499999999999645 ) ) ;
#4892 = DIRECTION ( 'NONE',  ( -0.000000000000000000, -0.000000000000000000, -1.000000000000000000 ) ) ;
#4893 = ORIENTED_EDGE ( 'NONE', *, *, #5786, .F. ) ;
#4894 = CARTESIAN_POINT ( 'NONE',  ( 0.000000000000000000, 0.000000000000000000, 2.500000000000011102 ) ) ;
#4895 = DIRECTION ( 'NONE',  ( -1.000000000000000000, 6.938893903907222067E-15, 0.000000000000000000 ) ) ;
#4896 = ADVANCED_FACE ( 'NONE', ( #7482 ), #11456, .T. ) ;
#4897 = ORIENTED_EDGE ( 'NONE', *, *, #571, .T. ) ;
#4898 = ORIENTED_EDGE ( 'NONE', *, *, #6469, .F. ) ;
#4899 = LINE ( 'NONE', #10040, #5777 ) ;
#4900 = LINE ( 'NONE', #8799, #7237 ) ;
#4901 = LINE ( 'NONE', #2115, #7746 ) ;
#4902 = AXIS2_PLACEMENT_3D ( 'NONE', #11913, #12043, #2106 ) ;
#4903 = DIRECTION ( 'NONE',  ( 0.8462328400897509706, -0.5328132696861385131, 0.000000000000000000 ) ) ;
#4904 = DIRECTION ( 'NONE',  ( -0.000000000000000000, -0.000000000000000000, -1.000000000000000000 ) ) ;
#4905 = CARTESIAN_POINT ( 'NONE',  ( -24.98888787977363890, 0.8603204005905910057, -2.899639258888403681 ) ) ;
#4906 = DIRECTION ( 'NONE',  ( 0.5358244397314756435, -0.8443294201829345536, 0.000000000000000000 ) ) ;
#4907 = VERTEX_POINT ( 'NONE', #5270 ) ;
#4908 = ORIENTED_EDGE ( 'NONE', *, *, #9315, .F. ) ;
#4909 = ORIENTED_EDGE ( 'NONE', *, *, #2961, .F. ) ;
#4910 = DIRECTION ( 'NONE',  ( 0.8669063030575355766, 0.4984711242580821544, 0.000000000000000000 ) ) ;
#4911 = ORIENTED_EDGE ( 'NONE', *, *, #9905, .F. ) ;
#4912 = PLANE ( 'NONE',  #4921 ) ;
#4913 = FACE_OUTER_BOUND ( 'NONE', #10440, .T. ) ;
#4914 = DIRECTION ( 'NONE',  ( -0.09476819891418401809, -0.9954993663858161534, 0.000000000000000000 ) ) ;
#4915 = EDGE_CURVE ( 'NONE', #5671, #3239, #9252, .T. ) ;
#4916 = FACE_OUTER_BOUND ( 'NONE', #5586, .T. ) ;
#4917 = DIRECTION ( 'NONE',  ( 1.000000000000000000, 0.000000000000000000, 0.000000000000000000 ) ) ;
#4918 = ORIENTED_EDGE ( 'NONE', *, *, #6528, .F. ) ;
#4919 = ORIENTED_EDGE ( 'NONE', *, *, #7814, .T. ) ;
#4920 = ORIENTED_EDGE ( 'NONE', *, *, #1709, .T. ) ;
#4921 = AXIS2_PLACEMENT_3D ( 'NONE', #3150, #9992, #5039 ) ;
#4922 = CARTESIAN_POINT ( 'NONE',  ( -8.508444543210325506, -12.10421909368450066, 1.275000000000000133 ) ) ;
#4923 = EDGE_CURVE ( 'NONE', #2796, #4699, #8532, .T. ) ;
#4924 = EDGE_CURVE ( 'NONE', #10813, #3966, #9236, .T. ) ;
#4925 = VERTEX_POINT ( 'NONE', #1583 ) ;
#4926 = CARTESIAN_POINT ( 'NONE',  ( -26.42755122015101676, -1.949176251378265334, -3.097274463612736284 ) ) ;
#4927 = DIRECTION ( 'NONE',  ( 0.000000000000000000, 0.000000000000000000, 1.000000000000000000 ) ) ;
#4928 = CARTESIAN_POINT ( 'NONE',  ( 3.369076640044708526, 17.36454658905779169, -1.275000000000000133 ) ) ;
#4929 = AXIS2_PLACEMENT_3D ( 'NONE', #7187, #4253, #12206 ) ;
#4930 = DIRECTION ( 'NONE',  ( 1.000000000000000000, 0.000000000000000000, 0.000000000000000000 ) ) ;
#4931 = CARTESIAN_POINT ( 'NONE',  ( 58.50605750794129278, 13.76410529228347990, 1.912499999999999645 ) ) ;
#4932 = ORIENTED_EDGE ( 'NONE', *, *, #3337, .T. ) ;
#4933 = VECTOR ( 'NONE', #2776, 1000.000000000000000 ) ;
#4934 = CARTESIAN_POINT ( 'NONE',  ( 13.64993377744630187, -10.19732215022125921, 1.275000000000000133 ) ) ;
#4935 = DIRECTION ( 'NONE',  ( -0.000000000000000000, 1.000000000000000000, -0.000000000000000000 ) ) ;
#4936 = ADVANCED_FACE ( 'NONE', ( #1385 ), #2292, .T. ) ;
#4937 = ORIENTED_EDGE ( 'NONE', *, *, #3640, .F. ) ;
#4938 = DIRECTION ( 'NONE',  ( 1.000000000000000000, 0.000000000000000000, 0.000000000000000000 ) ) ;
#4939 = ORIENTED_EDGE ( 'NONE', *, *, #11931, .T. ) ;
#4940 = ADVANCED_FACE ( 'NONE', ( #11257 ), #2352, .T. ) ;
#4941 = VECTOR ( 'NONE', #2562, 1000.000000000000000 ) ;
#4942 = AXIS2_PLACEMENT_3D ( 'NONE', #11670, #8669, #2629 ) ;
#4943 = DIRECTION ( 'NONE',  ( -0.000000000000000000, 0.000000000000000000, 1.000000000000000000 ) ) ;
#4944 = VECTOR ( 'NONE', #8058, 1000.000000000000000 ) ;
#4945 = ORIENTED_EDGE ( 'NONE', *, *, #1631, .T. ) ;
#4946 = CARTESIAN_POINT ( 'NONE',  ( 24.26470588235293846, -12.94117647058824438, -3.176635312041688142 ) ) ;
#4947 = FACE_OUTER_BOUND ( 'NONE', #3767, .T. ) ;
#4948 = CARTESIAN_POINT ( 'NONE',  ( 9.596274571997129854, -7.712412018609244413, 1.912499999999999645 ) ) ;
#4949 = EDGE_CURVE ( 'NONE', #8530, #10937, #10090, .T. ) ;
#4950 = CARTESIAN_POINT ( 'NONE',  ( 8.691830596236838957, -10.94380396979420844, -2.550000000000000266 ) ) ;
#4951 = CYLINDRICAL_SURFACE ( 'NONE', #3297, 0.9999999999999994449 ) ;
#4952 = VECTOR ( 'NONE', #641, 1000.000000000000000 ) ;
#4953 = CARTESIAN_POINT ( 'NONE',  ( -6.254696157596316475, -10.94380396979420844, 1.275000000000000133 ) ) ;
#4954 = DIRECTION ( 'NONE',  ( 0.000000000000000000, -0.000000000000000000, -1.000000000000000000 ) ) ;
#4955 = ORIENTED_EDGE ( 'NONE', *, *, #9841, .F. ) ;
#4956 = VECTOR ( 'NONE', #11067, 1000.000000000000000 ) ;
#4957 = VECTOR ( 'NONE', #11939, 1000.000000000000000 ) ;
#4958 = PLANE ( 'NONE',  #11554 ) ;
#4959 = AXIS2_PLACEMENT_3D ( 'NONE', #6296, #6236, #11306 ) ;
#4960 = LINE ( 'NONE', #11790, #2257 ) ;
#4961 = VECTOR ( 'NONE', #6167, 1000.000000000000114 ) ;
#4962 = VECTOR ( 'NONE', #7292, 1000.000000000000000 ) ;
#4963 = EDGE_CURVE ( 'NONE', #6611, #4513, #12361, .T. ) ;
#4964 = ORIENTED_EDGE ( 'NONE', *, *, #8634, .F. ) ;
#4965 = AXIS2_PLACEMENT_3D ( 'NONE', #463, #5317, #6493 ) ;
#4966 = VERTEX_POINT ( 'NONE', #5410 ) ;
#4967 = CYLINDRICAL_SURFACE ( 'NONE', #10358, 1.000000000000000888 ) ;
#4968 = CARTESIAN_POINT ( 'NONE',  ( -14.06231303136081046, 14.36860075111488122, 1.151621164605829417 ) ) ;
#4969 = CARTESIAN_POINT ( 'NONE',  ( 5.926536009056959209, 21.18669797144782407, 2.500000000000005773 ) ) ;
#4970 = AXIS2_PLACEMENT_3D ( 'NONE', #7755, #11736, #2822 ) ;
#4971 = EDGE_CURVE ( 'NONE', #8639, #2054, #9372, .T. ) ;
#4972 = CARTESIAN_POINT ( 'NONE',  ( -23.52087571363853513, 8.471623555350472401, 2.014121164605829239 ) ) ;
#4973 = DIRECTION ( 'NONE',  ( 0.000000000000000000, -0.000000000000000000, 1.000000000000000000 ) ) ;
#4974 = CARTESIAN_POINT ( 'NONE',  ( 9.877106168845855905, -7.588515725881864071, -1.275000000000000133 ) ) ;
#4975 = LINE ( 'NONE', #8749, #6323 ) ;
#4976 = ORIENTED_EDGE ( 'NONE', *, *, #9976, .T. ) ;
#4977 = ORIENTED_EDGE ( 'NONE', *, *, #10504, .F. ) ;
#4978 = VECTOR ( 'NONE', #10349, 1000.000000000000000 ) ;
#4979 = VECTOR ( 'NONE', #2303, 1000.000000000000000 ) ;
#4980 = VERTEX_POINT ( 'NONE', #8385 ) ;
#4981 = CARTESIAN_POINT ( 'NONE',  ( -22.94587571363852874, 1.369501866246042310, 1.439121164605829506 ) ) ;
#4982 = LINE ( 'NONE', #12063, #362 ) ;
#4983 = CARTESIAN_POINT ( 'NONE',  ( 58.52245569878948572, 13.61238845097468619, 1.912499999999999645 ) ) ;
#4984 = CARTESIAN_POINT ( 'NONE',  ( 11.69943263047496806, -2.890261021907035044, 1.275000000000000133 ) ) ;
#4985 = VECTOR ( 'NONE', #4798, 1000.000000000000000 ) ;
#4986 = CARTESIAN_POINT ( 'NONE',  ( -7.686194367827409835, -12.10421909368450066, -1.275000000000000133 ) ) ;
#4987 = CARTESIAN_POINT ( 'NONE',  ( 15.89999999999998970, -27.50000000000000355, 4.871890048187182742 ) ) ;
#4988 = VERTEX_POINT ( 'NONE', #3440 ) ;
#4989 = VERTEX_POINT ( 'NONE', #11386 ) ;
#4990 = ORIENTED_EDGE ( 'NONE', *, *, #10272, .T. ) ;
#4991 = LINE ( 'NONE', #8952, #2069 ) ;
#4992 = EDGE_CURVE ( 'NONE', #2747, #8467, #2488, .T. ) ;
#4993 = ORIENTED_EDGE ( 'NONE', *, *, #2410, .F. ) ;
#4994 = CARTESIAN_POINT ( 'NONE',  ( -24.28421530421641350, -10.48790597677223602, -3.944330564365986280 ) ) ;
#4995 = CARTESIAN_POINT ( 'NONE',  ( 32.13262066142611673, -16.38802965820035951, 1.275000000000000133 ) ) ;
#4996 = CARTESIAN_POINT ( 'NONE',  ( -16.39567239794213194, 8.303647767927945011, 1.275000000000000133 ) ) ;
#4997 = DIRECTION ( 'NONE',  ( -0.000000000000000000, -0.000000000000000000, -1.000000000000000000 ) ) ;
#4998 = CARTESIAN_POINT ( 'NONE',  ( 50.16957179191506100, 30.12831799411278411, 2.550000000000000266 ) ) ;
#4999 = EDGE_CURVE ( 'NONE', #3184, #8256, #12748, .T. ) ;
#5000 = VERTEX_POINT ( 'NONE', #5606 ) ;
#5001 = ORIENTED_EDGE ( 'NONE', *, *, #1613, .T. ) ;
#5002 = LINE ( 'NONE', #3949, #821 ) ;
#5003 = EDGE_LOOP ( 'NONE', ( #12049, #10474, #6406, #9127 ) ) ;
#5004 = DIRECTION ( 'NONE',  ( -0.000000000000000000, -0.000000000000000000, 1.000000000000000000 ) ) ;
#5005 = ORIENTED_EDGE ( 'NONE', *, *, #2842, .T. ) ;
#5006 = DIRECTION ( 'NONE',  ( 0.9991508330917332481, 0.04120209620996759248, 0.000000000000000000 ) ) ;
#5007 = EDGE_CURVE ( 'NONE', #4682, #12082, #12801, .T. ) ;
#5008 = ORIENTED_EDGE ( 'NONE', *, *, #7508, .T. ) ;
#5009 = CARTESIAN_POINT ( 'NONE',  ( -19.73771211221854571, 74.51861236923376453, 2.499999999999992450 ) ) ;
#5010 = CARTESIAN_POINT ( 'NONE',  ( 24.60167922224744785, -12.30935145828602728, 3.103064508580327896 ) ) ;
#5011 = CARTESIAN_POINT ( 'NONE',  ( -12.39555624394552957, -3.998115479992854659, 1.275000000000000133 ) ) ;
#5012 = CARTESIAN_POINT ( 'NONE',  ( 0.000000000000000000, 0.000000000000000000, 9.000000000000000000 ) ) ;
#5013 = CARTESIAN_POINT ( 'NONE',  ( 15.89999999999999325, -26.50000000000000355, -4.871890048187180966 ) ) ;
#5014 = EDGE_CURVE ( 'NONE', #11337, #6498, #6649, .T. ) ;
#5015 = EDGE_CURVE ( 'NONE', #4731, #10768, #4819, .T. ) ;
#5016 = EDGE_CURVE ( 'NONE', #6038, #5846, #1833, .T. ) ;
#5017 = FACE_OUTER_BOUND ( 'NONE', #2271, .T. ) ;
#5018 = DIRECTION ( 'NONE',  ( 1.000000000000000000, 0.000000000000000000, 0.000000000000000000 ) ) ;
#5019 = ORIENTED_EDGE ( 'NONE', *, *, #3466, .T. ) ;
#5020 = CARTESIAN_POINT ( 'NONE',  ( 12.22969871862639124, -10.94380396979420844, 2.550000000000000266 ) ) ;
#5021 = CARTESIAN_POINT ( 'NONE',  ( -4.148326245437850446, -10.94380396979420844, 2.550000000000000266 ) ) ;
#5022 = ORIENTED_EDGE ( 'NONE', *, *, #9703, .F. ) ;
#5023 = ORIENTED_EDGE ( 'NONE', *, *, #2851, .F. ) ;
#5024 = PLANE ( 'NONE',  #8691 ) ;
#5025 = DIRECTION ( 'NONE',  ( -0.000000000000000000, 0.000000000000000000, 1.000000000000000000 ) ) ;
#5026 = VECTOR ( 'NONE', #7501, 1000.000000000000000 ) ;
#5027 = CARTESIAN_POINT ( 'NONE',  ( 47.05655862065253103, -7.616966707446510831, 1.275000000000000133 ) ) ;
#5028 = CARTESIAN_POINT ( 'NONE',  ( 15.89999999999999325, -26.38003686660402636, 5.864668395365353781 ) ) ;
#5029 = DIRECTION ( 'NONE',  ( -0.000000000000000000, 1.000000000000000000, -0.000000000000000000 ) ) ;
#5030 = PLANE ( 'NONE',  #8924 ) ;
#5031 = LINE ( 'NONE', #12180, #3432 ) ;
#5032 = VERTEX_POINT ( 'NONE', #679 ) ;
#5033 = EDGE_CURVE ( 'NONE', #4988, #6038, #11522, .T. ) ;
#5034 = ORIENTED_EDGE ( 'NONE', *, *, #2333, .T. ) ;
#5035 = VECTOR ( 'NONE', #12791, 1000.000000000000000 ) ;
#5036 = ORIENTED_EDGE ( 'NONE', *, *, #10106, .T. ) ;
#5037 = VERTEX_POINT ( 'NONE', #11716 ) ;
#5038 = LINE ( 'NONE', #10899, #2438 ) ;
#5039 = DIRECTION ( 'NONE',  ( -0.000000000000000000, 0.000000000000000000, 1.000000000000000000 ) ) ;
#5040 = DIRECTION ( 'NONE',  ( -0.000000000000000000, -0.000000000000000000, 1.000000000000000000 ) ) ;
#5041 = CARTESIAN_POINT ( 'NONE',  ( -12.04827131656482742, -4.634804513524170666, 1.275000000000000133 ) ) ;
#5042 = DIRECTION ( 'NONE',  ( 1.000000000000000000, 0.000000000000000000, 0.000000000000000000 ) ) ;
#5043 = CARTESIAN_POINT ( 'NONE',  ( 13.54101436650989498, -10.94380396979420844, 1.912499999999999645 ) ) ;
#5044 = EDGE_LOOP ( 'NONE', ( #9116, #10632, #9871, #5974, #10992, #9178, #6348, #11253, #10929, #11658, #12223, #12477, #3806, #11582 ) ) ;
#5045 = VECTOR ( 'NONE', #7242, 1000.000000000000000 ) ;
#5046 = VERTEX_POINT ( 'NONE', #5667 ) ;
#5047 = ORIENTED_EDGE ( 'NONE', *, *, #6746, .T. ) ;
#5048 = CARTESIAN_POINT ( 'NONE',  ( 28.90448315984091820, -22.21584429078954770, -1.275000000000000133 ) ) ;
#5049 = VERTEX_POINT ( 'NONE', #9577 ) ;
#5050 = CARTESIAN_POINT ( 'NONE',  ( -23.66111738797380681, 14.01433280440147477, -1.499999999999996891 ) ) ;
#5051 = CARTESIAN_POINT ( 'NONE',  ( -0.8386073713075956615, 22.98470660410501054, -2.499999999999997335 ) ) ;
#5052 = FACE_OUTER_BOUND ( 'NONE', #7332, .T. ) ;
#5053 = CARTESIAN_POINT ( 'NONE',  ( 23.25884161520421500, -23.69314235930890078, 1.912499999999999645 ) ) ;
#5054 = FACE_OUTER_BOUND ( 'NONE', #3632, .T. ) ;
#5055 = CARTESIAN_POINT ( 'NONE',  ( -4.853596481675247709, -2.640139567791554231, -1.275000000000000133 ) ) ;
#5056 = VERTEX_POINT ( 'NONE', #4879 ) ;
#5057 = DIRECTION ( 'NONE',  ( -8.524225085263861320E-16, -1.000000000000000000, 0.000000000000000000 ) ) ;
#5058 = ORIENTED_EDGE ( 'NONE', *, *, #8943, .F. ) ;
#5059 = CARTESIAN_POINT ( 'NONE',  ( 5.153962473847291115, 30.12831799411278411, 2.550000000000000266 ) ) ;
#5060 = ORIENTED_EDGE ( 'NONE', *, *, #3324, .F. ) ;
#5061 = CARTESIAN_POINT ( 'NONE',  ( -27.09918642108529596, -4.702022234960720581, -2.310297890717534663 ) ) ;
#5062 = VERTEX_POINT ( 'NONE', #4626 ) ;
#5063 = DIRECTION ( 'NONE',  ( -0.000000000000000000, -0.000000000000000000, -1.000000000000000000 ) ) ;
#5064 = CARTESIAN_POINT ( 'NONE',  ( 19.41423441322956478, -4.333353768672652429, 1.275000000000000133 ) ) ;
#5065 = AXIS2_PLACEMENT_3D ( 'NONE', #3643, #9693, #12627 ) ;
#5066 = FACE_OUTER_BOUND ( 'NONE', #3536, .T. ) ;
#5067 = CARTESIAN_POINT ( 'NONE',  ( 10.08359999005818075, -7.621554737275839209, 1.275000000000000133 ) ) ;
#5068 = EDGE_CURVE ( 'NONE', #852, #8660, #2687, .T. ) ;
#5069 = ORIENTED_EDGE ( 'NONE', *, *, #6830, .T. ) ;
#5070 = VECTOR ( 'NONE', #2159, 1000.000000000000000 ) ;
#5071 = CARTESIAN_POINT ( 'NONE',  ( 0.9265360090569569884, 21.18669797144782407, -2.500000000000000000 ) ) ;
#5072 = CARTESIAN_POINT ( 'NONE',  ( 27.25467709547076112, -3.785890082404468338, 2.231157737080822212 ) ) ;
#5073 = EDGE_LOOP ( 'NONE', ( #5409, #237, #7468, #1741 ) ) ;
#5074 = CARTESIAN_POINT ( 'NONE',  ( 50.16957179191506100, -12.10421909368450066, 2.550000000000000266 ) ) ;
#5075 = CARTESIAN_POINT ( 'NONE',  ( 20.53593437477012174, 43.41236235352887718, 1.912499999999999645 ) ) ;
#5076 = ADVANCED_FACE ( 'NONE', ( #741 ), #5726, .F. ) ;
#5077 = EDGE_CURVE ( 'NONE', #9888, #7498, #803, .T. ) ;
#5078 = VERTEX_POINT ( 'NONE', #3709 ) ;
#5079 = EDGE_CURVE ( 'NONE', #348, #896, #7608, .T. ) ;
#5080 = ORIENTED_EDGE ( 'NONE', *, *, #2275, .T. ) ;
#5081 = ORIENTED_EDGE ( 'NONE', *, *, #12181, .F. ) ;
#5082 = CARTESIAN_POINT ( 'NONE',  ( 23.38235294117646390, -12.35062510189814944, -4.169413659219858737 ) ) ;
#5083 = CARTESIAN_POINT ( 'NONE',  ( 12.63015828231127102, -1.476135225318559785, 1.275000000000000133 ) ) ;
#5084 = DIRECTION ( 'NONE',  ( -0.000000000000000000, -0.000000000000000000, -1.000000000000000000 ) ) ;
#5085 = DIRECTION ( 'NONE',  ( -0.000000000000000000, 1.000000000000000000, -0.000000000000000000 ) ) ;
#5086 = CARTESIAN_POINT ( 'NONE',  ( 50.16957179191506100, -12.10421909368450066, 2.550000000000000266 ) ) ;
#5087 = DIRECTION ( 'NONE',  ( 0.9971426880279495863, -0.07554111272939563471, 0.000000000000000000 ) ) ;
#5088 = DIRECTION ( 'NONE',  ( -0.000000000000000000, -0.000000000000000000, -1.000000000000000000 ) ) ;
#5089 = EDGE_CURVE ( 'NONE', #3656, #1130, #2619, .T. ) ;
#5090 = VERTEX_POINT ( 'NONE', #7680 ) ;
#5091 = ORIENTED_EDGE ( 'NONE', *, *, #3031, .T. ) ;
#5092 = ADVANCED_FACE ( 'NONE', ( #4685 ), #1723, .T. ) ;
#5093 = ORIENTED_EDGE ( 'NONE', *, *, #6871, .T. ) ;
#5094 = ORIENTED_EDGE ( 'NONE', *, *, #8514, .T. ) ;
#5095 = VECTOR ( 'NONE', #4368, 1000.000000000000114 ) ;
#5096 = LINE ( 'NONE', #11085, #3258 ) ;
#5097 = LINE ( 'NONE', #9067, #7842 ) ;
#5098 = DIRECTION ( 'NONE',  ( -0.000000000000000000, -0.000000000000000000, -1.000000000000000000 ) ) ;
#5099 = CARTESIAN_POINT ( 'NONE',  ( -24.90392947339632101, 2.436381527708108230, -2.803644735030924373 ) ) ;
#5100 = EDGE_CURVE ( 'NONE', #6620, #5161, #1779, .T. ) ;
#5101 = CARTESIAN_POINT ( 'NONE',  ( -25.62280228805020243, 6.815595221192831232, -2.611247273796959423 ) ) ;
#5102 = LINE ( 'NONE', #6272, #5776 ) ;
#5103 = ORIENTED_EDGE ( 'NONE', *, *, #8916, .F. ) ;
#5104 = ORIENTED_EDGE ( 'NONE', *, *, #4915, .T. ) ;
#5105 = ORIENTED_EDGE ( 'NONE', *, *, #11352, .T. ) ;
#5106 = CARTESIAN_POINT ( 'NONE',  ( -0.6104581230483032694, -12.10421909368450066, 1.912499999999999645 ) ) ;
#5107 = AXIS2_PLACEMENT_3D ( 'NONE', #10075, #1960, #2927 ) ;
#5108 = EDGE_CURVE ( 'NONE', #10834, #496, #774, .T. ) ;
#5109 = ORIENTED_EDGE ( 'NONE', *, *, #10083, .F. ) ;
#5110 = CARTESIAN_POINT ( 'NONE',  ( -26.59050635866067225, 7.035030052522695421, -1.611901977398883856 ) ) ;
#5111 = LINE ( 'NONE', #1102, #6275 ) ;
#5112 = CARTESIAN_POINT ( 'NONE',  ( 15.89999999999998970, -27.50000000000000355, -6.000000000000000000 ) ) ;
#5113 = CARTESIAN_POINT ( 'NONE',  ( 13.64993377744630898, -10.94380396979420844, 1.912499999999999645 ) ) ;
#5114 = DIRECTION ( 'NONE',  ( -0.000000000000000000, -0.000000000000000000, -1.000000000000000000 ) ) ;
#5115 = VERTEX_POINT ( 'NONE', #2857 ) ;
#5116 = LINE ( 'NONE', #12209, #10393 ) ;
#5117 = VERTEX_POINT ( 'NONE', #6820 ) ;
#5118 = VECTOR ( 'NONE', #10385, 1000.000000000000000 ) ;
#5119 = ADVANCED_FACE ( 'NONE', ( #10803 ), #1901, .T. ) ;
#5120 = CARTESIAN_POINT ( 'NONE',  ( -25.24682620627121210, -10.90234385979736409, -3.994409483982903186 ) ) ;
#5121 = ORIENTED_EDGE ( 'NONE', *, *, #7935, .F. ) ;
#5122 = LINE ( 'NONE', #206, #4487 ) ;
#5123 = CARTESIAN_POINT ( 'NONE',  ( 17.07888248889944904, -10.94380396979420844, -2.550000000000000266 ) ) ;
#5124 = CARTESIAN_POINT ( 'NONE',  ( -7.897809398020091187, -8.204656868619112586, 1.275000000000000133 ) ) ;
#5125 = VECTOR ( 'NONE', #6741, 1000.000000000000000 ) ;
#5126 = EDGE_LOOP ( 'NONE', ( #11769, #12464, #4172, #3071 ) ) ;
#5127 = CARTESIAN_POINT ( 'NONE',  ( 50.16957179191506100, -10.94380396979420844, -1.912499999999999645 ) ) ;
#5128 = CARTESIAN_POINT ( 'NONE',  ( 12.22969871862639124, 30.12831799411278411, 2.550000000000000266 ) ) ;
#5129 = AXIS2_PLACEMENT_3D ( 'NONE', #777, #2526, #3677 ) ;
#5130 = CARTESIAN_POINT ( 'NONE',  ( -29.04673649573542704, 1.369501866246042310, 2.876621164605829506 ) ) ;
#5131 = CARTESIAN_POINT ( 'NONE',  ( 8.852410331654445130, 9.311368341907503066, 1.151621164605829417 ) ) ;
#5132 = VERTEX_POINT ( 'NONE', #2020 ) ;
#5133 = LINE ( 'NONE', #11316, #8251 ) ;
#5134 = CARTESIAN_POINT ( 'NONE',  ( -9.803845580028609064, -4.517011263849649794, 1.275000000000000133 ) ) ;
#5135 = EDGE_LOOP ( 'NONE', ( #3913, #5952, #9272, #11237 ) ) ;
#5136 = CARTESIAN_POINT ( 'NONE',  ( -14.06231303136081046, 14.36860075111488122, -1.148378835394170627 ) ) ;
#5137 = AXIS2_PLACEMENT_3D ( 'NONE', #4360, #12171, #8321 ) ;
#5138 = DIRECTION ( 'NONE',  ( 0.6711755868170414807, -0.7412984093202952263, 0.000000000000000000 ) ) ;
#5139 = AXIS2_PLACEMENT_3D ( 'NONE', #8464, #10085, #3063 ) ;
#5140 = EDGE_CURVE ( 'NONE', #4907, #2652, #11762, .T. ) ;
#5141 = VERTEX_POINT ( 'NONE', #11049 ) ;
#5142 = ORIENTED_EDGE ( 'NONE', *, *, #7994, .F. ) ;
#5143 = LINE ( 'NONE', #6252, #8463 ) ;
#5144 = VECTOR ( 'NONE', #12592, 1000.000000000000000 ) ;
#5145 = VECTOR ( 'NONE', #12334, 1000.000000000000000 ) ;
#5146 = DIRECTION ( 'NONE',  ( 0.000000000000000000, -1.000000000000000000, 6.197530749804934925E-17 ) ) ;
#5147 = DIRECTION ( 'NONE',  ( -0.000000000000000000, -2.479012299922036093E-16, -1.000000000000000000 ) ) ;
#5148 = AXIS2_PLACEMENT_3D ( 'NONE', #1080, #11020, #4973 ) ;
#5149 = DIRECTION ( 'NONE',  ( 0.6757246285173522660, 0.7371541402007359967, 0.000000000000000000 ) ) ;
#5150 = FACE_OUTER_BOUND ( 'NONE', #5549, .T. ) ;
#5151 = CARTESIAN_POINT ( 'NONE',  ( 56.74328029394445139, 20.98228877389777836, 1.912499999999999645 ) ) ;
#5152 = EDGE_CURVE ( 'NONE', #5816, #7097, #6036, .T. ) ;
#5153 = VECTOR ( 'NONE', #2547, 1000.000000000000000 ) ;
#5154 = AXIS2_PLACEMENT_3D ( 'NONE', #4293, #1396, #8265 ) ;
#5155 = LINE ( 'NONE', #10046, #4672 ) ;
#5156 = ORIENTED_EDGE ( 'NONE', *, *, #8658, .F. ) ;
#5157 = EDGE_LOOP ( 'NONE', ( #6987, #4396, #1958, #3575 ) ) ;
#5158 = CIRCLE ( 'NONE', #4316, 25.00000000000000000 ) ;
#5159 = EDGE_LOOP ( 'NONE', ( #2132, #7609, #6764, #6508 ) ) ;
#5160 = VECTOR ( 'NONE', #12052, 1000.000000000000000 ) ;
#5161 = VERTEX_POINT ( 'NONE', #9028 ) ;
#5162 = CARTESIAN_POINT ( 'NONE',  ( 22.69369578148065258, -10.48790597677185232, 3.944330564366027136 ) ) ;
#5163 = DIRECTION ( 'NONE',  ( -0.000000000000000000, -0.000000000000000000, -1.000000000000000000 ) ) ;
#5164 = EDGE_CURVE ( 'NONE', #1669, #6472, #2090, .T. ) ;
#5165 = DIRECTION ( 'NONE',  ( 0.6716888918327137414, 0.7408333365801927917, -0.000000000000000000 ) ) ;
#5166 = CARTESIAN_POINT ( 'NONE',  ( 12.45748009436489845, 8.151174703035154678, 1.151621164605829417 ) ) ;
#5167 = DIRECTION ( 'NONE',  ( -0.000000000000000000, -0.000000000000000000, -1.000000000000000000 ) ) ;
#5168 = CARTESIAN_POINT ( 'NONE',  ( -23.66111738797359010, 14.01433280440184781, 1.500000000000007550 ) ) ;
#5169 = DIRECTION ( 'NONE',  ( -0.000000000000000000, -0.000000000000000000, -1.000000000000000000 ) ) ;
#5170 = ORIENTED_EDGE ( 'NONE', *, *, #257, .T. ) ;
#5171 = EDGE_CURVE ( 'NONE', #10438, #6798, #10013, .T. ) ;
#5172 = ORIENTED_EDGE ( 'NONE', *, *, #12412, .T. ) ;
#5173 = EDGE_CURVE ( 'NONE', #12653, #12200, #5193, .T. ) ;
#5174 = VERTEX_POINT ( 'NONE', #7009 ) ;
#5175 = EDGE_CURVE ( 'NONE', #3999, #5816, #984, .T. ) ;
#5176 = VECTOR ( 'NONE', #10082, 1000.000000000000227 ) ;
#5177 = CARTESIAN_POINT ( 'NONE',  ( 0.000000000000000000, 0.000000000000000000, -2.873378835394170050 ) ) ;
#5178 = AXIS2_PLACEMENT_3D ( 'NONE', #9385, #6520, #10501 ) ;
#5179 = ORIENTED_EDGE ( 'NONE', *, *, #2040, .F. ) ;
#5180 = B_SPLINE_CURVE_WITH_KNOTS ( 'NONE', 3,
 ( #11072, #3248, #9241, #3194, #1390, #8131, #7348, #6378, #11326, #1330, #6314, #4223, #349, #6120, #5416, #11262, #5345, #8191 ),
 .UNSPECIFIED., .F., .F.,
 ( 4, 2, 2, 2, 2, 2, 2, 2, 4 ),
 ( 0.000000000000000000, 0.006220849204292916435, 0.007776061505366143808, 0.009331273806439371182, 0.01244169840858582593, 0.01555212301073227894, 0.01710733531180550632, 0.01866254761287873543, 0.02488339681717165880 ),
 .UNSPECIFIED. ) ;
#5181 = DIRECTION ( 'NONE',  ( 0.2782760326772912296, 0.9605011450474107981, 0.000000000000000000 ) ) ;
#5182 = DIRECTION ( 'NONE',  ( 0.8160244811016579281, 0.5780173407803349539, 0.000000000000000000 ) ) ;
#5183 = DIRECTION ( 'NONE',  ( 0.000000000000000000, 0.000000000000000000, 1.000000000000000000 ) ) ;
#5184 = LINE ( 'NONE', #12141, #8454 ) ;
#5185 = PLANE ( 'NONE',  #3668 ) ;
#5186 = VERTEX_POINT ( 'NONE', #7978 ) ;
#5187 = DIRECTION ( 'NONE',  ( -1.000000000000000000, 8.524225085263861320E-16, 0.000000000000000000 ) ) ;
#5188 = AXIS2_PLACEMENT_3D ( 'NONE', #2313, #5167, #6269 ) ;
#5189 = ORIENTED_EDGE ( 'NONE', *, *, #3107, .T. ) ;
#5190 = EDGE_CURVE ( 'NONE', #6335, #3192, #9886, .T. ) ;
#5191 = CARTESIAN_POINT ( 'NONE',  ( 50.25032737756705359, -7.964070100860446644, -1.912499999999999645 ) ) ;
#5192 = ORIENTED_EDGE ( 'NONE', *, *, #6044, .F. ) ;
#5193 = LINE ( 'NONE', #3049, #10307 ) ;
#5194 = EDGE_CURVE ( 'NONE', #5707, #7592, #5122, .T. ) ;
#5195 = CARTESIAN_POINT ( 'NONE',  ( 25.00000000000000000, 3.061616997868383043E-15, -2.873378835394170050 ) ) ;
#5196 = DIRECTION ( 'NONE',  ( 0.3978651461590842486, 0.9108184472327005565, -0.1100594459936221764 ) ) ;
#5197 = VERTEX_POINT ( 'NONE', #10993 ) ;
#5198 = DIRECTION ( 'NONE',  ( -0.09053574604257078051, -0.9958932064676991880, 0.000000000000000000 ) ) ;
#5199 = CARTESIAN_POINT ( 'NONE',  ( 50.16957179191506100, -10.94380396979420844, -2.550000000000000266 ) ) ;
#5200 = CARTESIAN_POINT ( 'NONE',  ( 9.216325940966472174, -8.051061885397436058, -1.275000000000000133 ) ) ;
#5201 = DIRECTION ( 'NONE',  ( -0.08601249845268064964, -0.9962940580521032485, 0.000000000000000000 ) ) ;
#5202 = ORIENTED_EDGE ( 'NONE', *, *, #935, .T. ) ;
#5203 = DIRECTION ( 'NONE',  ( 0.000000000000000000, 0.000000000000000000, 1.000000000000000000 ) ) ;
#5204 = DIRECTION ( 'NONE',  ( 0.000000000000000000, 0.000000000000000000, 1.000000000000000000 ) ) ;
#5205 = ORIENTED_EDGE ( 'NONE', *, *, #9887, .F. ) ;
#5206 = DIRECTION ( 'NONE',  ( 0.000000000000000000, 1.000000000000000000, 0.000000000000000000 ) ) ;
#5207 = LINE ( 'NONE', #5021, #11607 ) ;
#5208 = EDGE_LOOP ( 'NONE', ( #4613, #9536, #6215, #9278 ) ) ;
#5209 = ORIENTED_EDGE ( 'NONE', *, *, #3083, .F. ) ;
#5210 = DIRECTION ( 'NONE',  ( -0.000000000000000000, -0.000000000000000000, -1.000000000000000000 ) ) ;
#5211 = LINE ( 'NONE', #9180, #4762 ) ;
#5212 = FACE_OUTER_BOUND ( 'NONE', #8833, .T. ) ;
#5213 = VECTOR ( 'NONE', #8842, 999.9999999999998863 ) ;
#5214 = ORIENTED_EDGE ( 'NONE', *, *, #9697, .T. ) ;
#5215 = LINE ( 'NONE', #3384, #12011 ) ;
#5216 = DIRECTION ( 'NONE',  ( -0.9998317064949373556, 0.01834553589899280690, 0.000000000000000000 ) ) ;
#5217 = CARTESIAN_POINT ( 'NONE',  ( 14.03200173286605512, 10.73073753245124706, 1.151621164605829417 ) ) ;
#5218 = EDGE_CURVE ( 'NONE', #5037, #7417, #1246, .T. ) ;
#5219 = CARTESIAN_POINT ( 'NONE',  ( 24.02691753890880477, -7.136755430296654268, -3.560226106162796444 ) ) ;
#5220 = ORIENTED_EDGE ( 'NONE', *, *, #4627, .F. ) ;
#5221 = VECTOR ( 'NONE', #5460, 1000.000000000000000 ) ;
#5222 = ORIENTED_EDGE ( 'NONE', *, *, #11772, .F. ) ;
#5223 = LINE ( 'NONE', #300, #11156 ) ;
#5224 = CARTESIAN_POINT ( 'NONE',  ( 15.10564948835784627, -8.345536529013696025, -1.912499999999999645 ) ) ;
#5225 = LINE ( 'NONE', #9395, #11807 ) ;
#5226 = CARTESIAN_POINT ( 'NONE',  ( 50.16957179191506100, -8.847358520986746910, 1.912499999999999645 ) ) ;
#5227 = CARTESIAN_POINT ( 'NONE',  ( 1.404617562039025769, 37.63061864486304131, 1.275000000000000133 ) ) ;
#5228 = CARTESIAN_POINT ( 'NONE',  ( -25.12460529769638740, -8.573602742114161401, -3.713014264053492663 ) ) ;
#5229 = DIRECTION ( 'NONE',  ( -0.000000000000000000, -0.000000000000000000, -1.000000000000000000 ) ) ;
#5230 = ORIENTED_EDGE ( 'NONE', *, *, #9867, .F. ) ;
#5231 = ORIENTED_EDGE ( 'NONE', *, *, #11184, .T. ) ;
#5232 = ADVANCED_FACE ( 'NONE', ( #7916 ), #1110, .T. ) ;
#5233 =( NAMED_UNIT ( * ) SI_UNIT ( $, .STERADIAN. ) SOLID_ANGLE_UNIT ( ) );
#5234 = AXIS2_PLACEMENT_3D ( 'NONE', #3039, #6996, #11039 ) ;
#5235 = CARTESIAN_POINT ( 'NONE',  ( 7.194788650422020204, 11.01861372742245315, -1.275000000000000133 ) ) ;
#5236 = EDGE_CURVE ( 'NONE', #1579, #8898, #9955, .T. ) ;
#5237 = ADVANCED_FACE ( 'NONE', ( #268 ), #135, .T. ) ;
#5238 = ORIENTED_EDGE ( 'NONE', *, *, #3327, .T. ) ;
#5239 = EDGE_CURVE ( 'NONE', #10267, #7458, #7387, .T. ) ;
#5240 = EDGE_CURVE ( 'NONE', #11305, #8273, #12088, .T. ) ;
#5241 = CARTESIAN_POINT ( 'NONE',  ( 11.30748009436489276, 9.301174703035153257, 0.5766211646058294615 ) ) ;
#5242 = EDGE_CURVE ( 'NONE', #11575, #7285, #5913, .T. ) ;
#5243 = VECTOR ( 'NONE', #7703, 1000.000000000000000 ) ;
#5244 = DIRECTION ( 'NONE',  ( 0.09053574604257078051, 0.9958932064676991880, 0.000000000000000000 ) ) ;
#5245 = LINE ( 'NONE', #9348, #1527 ) ;
#5246 = DIRECTION ( 'NONE',  ( 0.000000000000000000, 0.000000000000000000, 1.000000000000000000 ) ) ;
#5247 = CARTESIAN_POINT ( 'NONE',  ( 7.702410331654460762, 7.264001408762807088, 0.5766211646058294615 ) ) ;
#5248 = CARTESIAN_POINT ( 'NONE',  ( 47.29902301326381320, -7.762925884080893901, 1.275000000000000133 ) ) ;
#5249 = ORIENTED_EDGE ( 'NONE', *, *, #10291, .T. ) ;
#5250 = DIRECTION ( 'NONE',  ( 0.1579905011066695675, 0.9874406319167059465, -0.000000000000000000 ) ) ;
#5251 = ORIENTED_EDGE ( 'NONE', *, *, #4835, .T. ) ;
#5252 = LINE ( 'NONE', #9356, #11178 ) ;
#5253 = EDGE_LOOP ( 'NONE', ( #3048, #6581, #6721, #5299 ) ) ;
#5254 = PLANE ( 'NONE',  #4965 ) ;
#5255 = AXIS2_PLACEMENT_3D ( 'NONE', #2358, #1195, #10097 ) ;
#5256 = EDGE_CURVE ( 'NONE', #9805, #6442, #12028, .T. ) ;
#5257 = CARTESIAN_POINT ( 'NONE',  ( 49.58216505630152682, 30.63180948178151652, 1.275000000000000133 ) ) ;
#5258 = CARTESIAN_POINT ( 'NONE',  ( 36.04411425442763317, -20.55714728746119135, -1.275000000000000133 ) ) ;
#5259 = ADVANCED_FACE ( 'NONE', ( #2151 ), #6096, .T. ) ;
#5260 = EDGE_LOOP ( 'NONE', ( #7622, #2982, #2959, #9306 ) ) ;
#5261 = DIRECTION ( 'NONE',  ( 1.000000000000000000, -0.000000000000000000, -0.000000000000000000 ) ) ;
#5262 = PLANE ( 'NONE',  #1855 ) ;
#5263 = LINE ( 'NONE', #1379, #11304 ) ;
#5264 = DIRECTION ( 'NONE',  ( 0.6643638388299285547, 0.7474093186836519020, 0.000000000000000000 ) ) ;
#5265 = ORIENTED_EDGE ( 'NONE', *, *, #10860, .F. ) ;
#5266 = ADVANCED_FACE ( 'NONE', ( #10141 ), #1568, .T. ) ;
#5267 = DIRECTION ( 'NONE',  ( -0.000000000000000000, -0.000000000000000000, -1.000000000000000000 ) ) ;
#5268 = CARTESIAN_POINT ( 'NONE',  ( 17.07888248889944904, 30.12831799411278411, -2.550000000000000266 ) ) ;
#5269 = VERTEX_POINT ( 'NONE', #10208 ) ;
#5270 = CARTESIAN_POINT ( 'NONE',  ( -24.98267746305588588, -0.9304981337539541819, 2.876621164605829950 ) ) ;
#5271 = DIRECTION ( 'NONE',  ( -0.000000000000000000, -0.000000000000000000, -1.000000000000000000 ) ) ;
#5273 = ADVANCED_FACE ( 'NONE', ( #4469 ), #8435, .T. ) ;
#5272 = AXIS2_PLACEMENT_3D ( 'NONE', #2618, #8594, #10623 ) ;
#5274 = VERTEX_POINT ( 'NONE', #523 ) ;
#5275 = ORIENTED_EDGE ( 'NONE', *, *, #3591, .T. ) ;
#5276 = LINE ( 'NONE', #2356, #7428 ) ;
#5277 = AXIS2_PLACEMENT_3D ( 'NONE', #5012, #143, #4081 ) ;
#5278 = FACE_BOUND ( 'NONE', #8190, .T. ) ;
#5279 = CARTESIAN_POINT ( 'NONE',  ( -27.50000000000000000, 1.369501866246042310, 2.868498318030765493 ) ) ;
#5280 = ORIENTED_EDGE ( 'NONE', *, *, #4357, .F. ) ;
#5281 = LINE ( 'NONE', #353, #1660 ) ;
#5282 = CARTESIAN_POINT ( 'NONE',  ( 10.00314624412034981, -10.94380396979420844, -1.912499999999999645 ) ) ;
#5283 = FACE_OUTER_BOUND ( 'NONE', #1372, .T. ) ;
#5284 = DIRECTION ( 'NONE',  ( 1.000000000000000000, 0.000000000000000000, 0.000000000000000000 ) ) ;
#5285 = AXIS2_PLACEMENT_3D ( 'NONE', #6675, #5824, #7818 ) ;
#5286 = EDGE_CURVE ( 'NONE', #4989, #8618, #9219, .T. ) ;
#5287 = VERTEX_POINT ( 'NONE', #5515 ) ;
#5288 = ORIENTED_EDGE ( 'NONE', *, *, #12499, .T. ) ;
#5289 = PLANE ( 'NONE',  #6801 ) ;
#5290 = CARTESIAN_POINT ( 'NONE',  ( -7.441698547952724674, -8.342872277730432273, 1.912499999999999645 ) ) ;
#5291 = DIRECTION ( 'NONE',  ( 0.7408333365801926806, -0.6716888918327136304, 0.000000000000000000 ) ) ;
#5292 = CARTESIAN_POINT ( 'NONE',  ( -5.459641893321363071, 30.12831799411278411, -1.912499999999999645 ) ) ;
#5293 = DIRECTION ( 'NONE',  ( -0.9883716976506169427, 0.1520571842539430174, 0.000000000000000000 ) ) ;
#5294 = DIRECTION ( 'NONE',  ( 0.000000000000000000, -0.000000000000000000, -1.000000000000000000 ) ) ;
#5295 = CARTESIAN_POINT ( 'NONE',  ( 25.59660487241582416, -23.48542801206632191, 1.912499999999999645 ) ) ;
#5296 = ORIENTED_EDGE ( 'NONE', *, *, #7134, .T. ) ;
#5297 = CARTESIAN_POINT ( 'NONE',  ( 11.29611278031712729, 6.218731314913454433, 0.5766211646058294615 ) ) ;
#5298 = CARTESIAN_POINT ( 'NONE',  ( 22.47739207894716529, -10.94380396979420844, 2.550000000000000266 ) ) ;
#5299 = ORIENTED_EDGE ( 'NONE', *, *, #4999, .T. ) ;
#5300 = PRODUCT_RELATED_PRODUCT_CATEGORY ( 'part', '', ( #1858 ) ) ;
#5301 = VECTOR ( 'NONE', #2573, 1000.000000000000000 ) ;
#5302 = VERTEX_POINT ( 'NONE', #6354 ) ;
#5303 = EDGE_CURVE ( 'NONE', #2884, #4512, #4200, .T. ) ;
#5304 = PLANE ( 'NONE',  #10755 ) ;
#5305 = DIRECTION ( 'NONE',  ( 1.000000000000000000, 0.000000000000000000, 0.000000000000000000 ) ) ;
#5306 = CARTESIAN_POINT ( 'NONE',  ( 50.16957179191506100, -10.94380396979420844, 2.550000000000000266 ) ) ;
#5307 = CARTESIAN_POINT ( 'NONE',  ( -9.326495553566230612, -6.684310011826936737, 1.275000000000000133 ) ) ;
#5308 = LINE ( 'NONE', #4065, #1632 ) ;
#5309 = CARTESIAN_POINT ( 'NONE',  ( -15.65966261393471726, 21.78376715393617502, 1.275000000000000133 ) ) ;
#5310 = ORIENTED_EDGE ( 'NONE', *, *, #2749, .F. ) ;
#5311 = LINE ( 'NONE', #12083, #12042 ) ;
#5312 = VERTEX_POINT ( 'NONE', #11242 ) ;
#5313 = VECTOR ( 'NONE', #3325, 1000.000000000000000 ) ;
#5314 = CARTESIAN_POINT ( 'NONE',  ( 7.702410331654460762, 7.264001408762807088, 1.151621164605829417 ) ) ;
#5315 = VERTEX_POINT ( 'NONE', #11302 ) ;
#5316 = ADVANCED_FACE ( 'NONE', ( #3358 ), #1436, .T. ) ;
#5317 = DIRECTION ( 'NONE',  ( 0.7270131525498133573, 0.6866235329637208062, -0.000000000000000000 ) ) ;
#5318 = EDGE_CURVE ( 'NONE', #1930, #5302, #12148, .T. ) ;
#5319 =( BOUNDED_SURFACE ( )  B_SPLINE_SURFACE ( 3, 2, ( 
 ( #12833, #10889, #7887 ),
 ( #12715, #5877, #9850 ),
 ( #5822, #2051, #10766 ),
 ( #7705, #3792, #9791 ) ),
 .UNSPECIFIED., .F., .F., .T. ) 
 B_SPLINE_SURFACE_WITH_KNOTS ( ( 4, 4 ),
 ( 3, 3 ),
 ( 4.222431654130961221, 4.300548115057971188 ),
 ( 0.000000000000000000, 1.000000000000000000 ),
 .UNSPECIFIED. ) 
 GEOMETRIC_REPRESENTATION_ITEM ( )  RATIONAL_B_SPLINE_SURFACE ( (
 ( 1.000000000000000000, 0.6868576128845175210, 1.000000000000000000),
 ( 1.000000000000000000, 0.6878608052307734200, 1.000000000000000000),
 ( 1.000000000000000000, 0.6888827043208460843, 1.000000000000000000),
 ( 1.000000000000000000, 0.6899199677798270036, 1.000000000000000000) ) ) 
 REPRESENTATION_ITEM ( '' )  SURFACE ( )  );
#5320 = VECTOR ( 'NONE', #622, 1000.000000000000000 ) ;
#5321 = ORIENTED_EDGE ( 'NONE', *, *, #11765, .T. ) ;
#5322 = CARTESIAN_POINT ( 'NONE',  ( -25.96149207084484800, -9.266284860045439942, 2.748724540611008127 ) ) ;
#5323 = DIRECTION ( 'NONE',  ( 0.9632913238286716640, -0.2684582377883105719, 0.000000000000000000 ) ) ;
#5324 = ORIENTED_EDGE ( 'NONE', *, *, #2851, .T. ) ;
#5325 = CARTESIAN_POINT ( 'NONE',  ( 26.32349438261691077, 38.54458060915963102, -1.275000000000000133 ) ) ;
#5326 = PLANE ( 'NONE',  #3910 ) ;
#5327 = VECTOR ( 'NONE', #261, 1000.000000000000000 ) ;
#5328 = DIRECTION ( 'NONE',  ( -0.000000000000000000, -0.000000000000000000, -1.000000000000000000 ) ) ;
#5329 = ADVANCED_FACE ( 'NONE', ( #10336 ), #11440, .T. ) ;
#5330 = CARTESIAN_POINT ( 'NONE',  ( 15.76756684101593819, -12.10421909368450066, 2.550000000000000266 ) ) ;
#5331 = ORIENTED_EDGE ( 'NONE', *, *, #11927, .T. ) ;
#5332 = CARTESIAN_POINT ( 'NONE',  ( 20.33015756627155568, -4.972369921957758621, -1.275000000000000133 ) ) ;
#5333 = LINE ( 'NONE', #9297, #8810 ) ;
#5334 = ORIENTED_EDGE ( 'NONE', *, *, #12074, .F. ) ;
#5335 = ADVANCED_FACE ( 'NONE', ( #5393 ), #5254, .T. ) ;
#5336 = DIRECTION ( 'NONE',  ( -0.9999977528229969659, -0.002119987961336395298, 0.000000000000000000 ) ) ;
#5337 = ADVANCED_FACE ( 'NONE', ( #7391 ), #11172, .T. ) ;
#5338 = VECTOR ( 'NONE', #10598, 1000.000000000000000 ) ;
#5339 = CARTESIAN_POINT ( 'NONE',  ( 8.852410331654445130, 9.311368341907503066, 0.5766211646058294615 ) ) ;
#5340 = VECTOR ( 'NONE', #12522, 1000.000000000000114 ) ;
#5341 = VECTOR ( 'NONE', #379, 1000.000000000000000 ) ;
#5342 = EDGE_CURVE ( 'NONE', #4624, #5487, #6235, .T. ) ;
#5343 = ORIENTED_EDGE ( 'NONE', *, *, #8701, .T. ) ;
#5344 = EDGE_LOOP ( 'NONE', ( #719, #1364, #8762, #6479 ) ) ;
#5345 = CARTESIAN_POINT ( 'NONE',  ( 23.87675240100817220, 11.69702682263091376, 2.499999999999990230 ) ) ;
#5346 = DIRECTION ( 'NONE',  ( 0.000000000000000000, -0.000000000000000000, 1.000000000000000000 ) ) ;
#5347 = CARTESIAN_POINT ( 'NONE',  ( 12.44611278031711876, 7.368731314913466335, 0.5766211646058294615 ) ) ;
#5348 = VERTEX_POINT ( 'NONE', #4261 ) ;
#5349 = VERTEX_POINT ( 'NONE', #9422 ) ;
#5350 = VECTOR ( 'NONE', #12185, 1000.000000000000000 ) ;
#5351 = DIRECTION ( 'NONE',  ( 0.000000000000000000, -1.000000000000000000, 0.000000000000000000 ) ) ;
#5352 = CARTESIAN_POINT ( 'NONE',  ( 26.10242638690713690, -8.920938520525501403, 3.750956380389791622 ) ) ;
#5353 = DIRECTION ( 'NONE',  ( -0.000000000000000000, -0.000000000000000000, -1.000000000000000000 ) ) ;
#5354 = DIRECTION ( 'NONE',  ( 1.000000000000000000, 0.000000000000000000, 0.000000000000000000 ) ) ;
#5355 = ADVANCED_FACE ( 'NONE', ( #12285 ), #8231, .T. ) ;
#5356 = AXIS2_PLACEMENT_3D ( 'NONE', #10110, #363, #5361 ) ;
#5357 = ADVANCED_FACE ( 'NONE', ( #2336 ), #9279, .T. ) ;
#5358 = VERTEX_POINT ( 'NONE', #7330 ) ;
#5359 = VECTOR ( 'NONE', #10831, 1000.000000000000000 ) ;
#5360 = ORIENTED_EDGE ( 'NONE', *, *, #1553, .T. ) ;
#5361 = DIRECTION ( 'NONE',  ( -8.524225085263861320E-16, -1.000000000000000000, 0.000000000000000000 ) ) ;
#5362 = FACE_OUTER_BOUND ( 'NONE', #4473, .T. ) ;
#5363 = AXIS2_PLACEMENT_3D ( 'NONE', #537, #5465, #6505 ) ;
#5364 = EDGE_CURVE ( 'NONE', #683, #10606, #4403, .T. ) ;
#5365 = CARTESIAN_POINT ( 'NONE',  ( 5.926536009056959209, 18.18669797144782407, 1.500000000000005995 ) ) ;
#5366 = LINE ( 'NONE', #6268, #1322 ) ;
#5367 = VECTOR ( 'NONE', #9616, 1000.000000000000000 ) ;
#5368 = LINE ( 'NONE', #11547, #10575 ) ;
#5369 = LINE ( 'NONE', #371, #814 ) ;
#5370 = B_SPLINE_CURVE_WITH_KNOTS ( 'NONE', 3,
 ( #12672, #2724, #1695, #10777, #5637, #8754, #9610, #714, #4661, #12723, #8631, #12601, #3679, #3748, #7649, #11629, #1878, #1754 ),
 .UNSPECIFIED., .F., .F.,
 ( 4, 2, 2, 2, 2, 2, 2, 2, 4 ),
 ( 0.000000000000000000, 0.006220729335191292619, 0.007775911668989115774, 0.009331094002786938929, 0.01244145867038258524, 0.01555182333797823155, 0.01710700567177605297, 0.01866218800557387786, 0.02488291734076517048 ),
 .UNSPECIFIED. ) ;
#5371 = VERTEX_POINT ( 'NONE', #6427 ) ;
#5372 = FACE_OUTER_BOUND ( 'NONE', #869, .T. ) ;
#5373 = AXIS2_PLACEMENT_3D ( 'NONE', #7283, #9301, #5470 ) ;
#5374 = AXIS2_PLACEMENT_3D ( 'NONE', #245, #1347, #2251 ) ;
#5375 = DIRECTION ( 'NONE',  ( 0.000000000000000000, -0.000000000000000000, -1.000000000000000000 ) ) ;
#5376 = VECTOR ( 'NONE', #12032, 1000.000000000000000 ) ;
#5377 = VECTOR ( 'NONE', #8932, 1000.000000000000000 ) ;
#5378 = ORIENTED_EDGE ( 'NONE', *, *, #503, .T. ) ;
#5379 = LINE ( 'NONE', #2323, #1829 ) ;
#5380 = PLANE ( 'NONE',  #8443 ) ;
#5381 = AXIS2_PLACEMENT_3D ( 'NONE', #12215, #3295, #7268 ) ;
#5382 = CARTESIAN_POINT ( 'NONE',  ( 11.29611278031712018, 7.368731314913460118, 1.151621164605829417 ) ) ;
#5383 = LINE ( 'NONE', #9210, #7621 ) ;
#5384 = CARTESIAN_POINT ( 'NONE',  ( 15.76756684101593819, -10.94380396979420844, 1.275000000000000133 ) ) ;
#5385 = PLANE ( 'NONE',  #2089 ) ;
#5386 = ORIENTED_EDGE ( 'NONE', *, *, #3174, .F. ) ;
#5387 = CARTESIAN_POINT ( 'NONE',  ( 15.38045670213010041, 8.483312583677848906, 2.563046285822906611 ) ) ;
#5388 = VECTOR ( 'NONE', #6107, 999.9999999999998863 ) ;
#5389 = ORIENTED_EDGE ( 'NONE', *, *, #12179, .F. ) ;
#5390 = ORIENTED_EDGE ( 'NONE', *, *, #5437, .F. ) ;
#5391 = LINE ( 'NONE', #9216, #11611 ) ;
#5392 = EDGE_LOOP ( 'NONE', ( #2019, #12170, #1944, #6083 ) ) ;
#5393 = FACE_OUTER_BOUND ( 'NONE', #7122, .T. ) ;
#5394 = EDGE_CURVE ( 'NONE', #4609, #6346, #3809, .T. ) ;
#5395 = VERTEX_POINT ( 'NONE', #1705 ) ;
#5396 = VECTOR ( 'NONE', #10024, 1000.000000000000114 ) ;
#5397 = DIRECTION ( 'NONE',  ( 1.000000000000000000, 0.000000000000000000, 0.000000000000000000 ) ) ;
#5398 = DIRECTION ( 'NONE',  ( 0.000000000000000000, 6.197530749804934925E-17, 1.000000000000000000 ) ) ;
#5399 = ORIENTED_EDGE ( 'NONE', *, *, #5484, .T. ) ;
#5400 = ADVANCED_FACE ( 'NONE', ( #8764 ), #5710, .T. ) ;
#5401 = LINE ( 'NONE', #5521, #9606 ) ;
#5402 = CARTESIAN_POINT ( 'NONE',  ( -4.014820503311821831, 35.05417183913628065, 1.912499999999999645 ) ) ;
#5403 = DIRECTION ( 'NONE',  ( 1.000000000000000000, 0.000000000000000000, -0.000000000000000000 ) ) ;
#5404 = DIRECTION ( 'NONE',  ( 0.9994059993535877595, -0.03446227583977479192, 0.000000000000000000 ) ) ;
#5405 = AXIS2_PLACEMENT_3D ( 'NONE', #9415, #3752, #782 ) ;
#5406 = EDGE_LOOP ( 'NONE', ( #6973, #12147, #669, #3612 ) ) ;
#5407 = DIRECTION ( 'NONE',  ( 1.000000000000000000, 0.000000000000000000, 0.000000000000000000 ) ) ;
#5408 = CARTESIAN_POINT ( 'NONE',  ( -14.06231303136081046, 14.36860075111488122, 1.151621164605829417 ) ) ;
#5409 = ORIENTED_EDGE ( 'NONE', *, *, #3500, .F. ) ;
#5410 = CARTESIAN_POINT ( 'NONE',  ( -7.966917102575755472, -8.418890752741647887, -1.275000000000000133 ) ) ;
#5411 = LINE ( 'NONE', #12301, #828 ) ;
#5412 = ORIENTED_EDGE ( 'NONE', *, *, #663, .T. ) ;
#5413 = EDGE_CURVE ( 'NONE', #5793, #3559, #2666, .T. ) ;
#5414 = EDGE_CURVE ( 'NONE', #4372, #8347, #8512, .T. ) ;
#5415 = VERTEX_POINT ( 'NONE', #12481 ) ;
#5416 = CARTESIAN_POINT ( 'NONE',  ( 25.49171806440753585, 7.290468313310405790, 2.595939081607891996 ) ) ;
#5417 = ADVANCED_FACE ( 'NONE', ( #589 ), #1820, .F. ) ;
#5418 = CARTESIAN_POINT ( 'NONE',  ( 5.153962473847291115, -12.10421909368450066, 2.550000000000000266 ) ) ;
#5419 = DIRECTION ( 'NONE',  ( 0.000000000000000000, 1.000000000000000000, -0.000000000000000000 ) ) ;
#5420 = ORIENTED_EDGE ( 'NONE', *, *, #12647, .T. ) ;
#5421 = VERTEX_POINT ( 'NONE', #9681 ) ;
#5422 = CARTESIAN_POINT ( 'NONE',  ( -7.686194367827409835, -12.10421909368450066, 1.275000000000000133 ) ) ;
#5423 = CARTESIAN_POINT ( 'NONE',  ( 27.25896730866789142, -3.674050301483961167, 3.238364796696671988 ) ) ;
#5424 = FACE_OUTER_BOUND ( 'NONE', #9024, .T. ) ;
#5425 = CARTESIAN_POINT ( 'NONE',  ( 11.30748009436489276, 9.301174703035153257, 0.5766211646058294615 ) ) ;
#5426 = EDGE_LOOP ( 'NONE', ( #9141, #8079, #247, #7310 ) ) ;
#5427 = ORIENTED_EDGE ( 'NONE', *, *, #2723, .T. ) ;
#5428 = CARTESIAN_POINT ( 'NONE',  ( 50.16957179191506100, -12.10421909368450066, 2.550000000000000266 ) ) ;
#5429 = CARTESIAN_POINT ( 'NONE',  ( -14.76193061260650552, -13.55513574522346865, 2.550000000000000266 ) ) ;
#5430 = DIRECTION ( 'NONE',  ( 0.000000000000000000, -1.000000000000000000, 0.000000000000000000 ) ) ;
#5431 = DIRECTION ( 'NONE',  ( 0.8823529411764700070, -0.4705882352941187508, 0.000000000000000000 ) ) ;
#5432 = CARTESIAN_POINT ( 'NONE',  ( -21.91087571363854636, 9.799920833554187638, 1.439121164605829506 ) ) ;
#5433 = DIRECTION ( 'NONE',  ( -1.000000000000000000, 0.000000000000000000, 0.000000000000000000 ) ) ;
#5434 = VERTEX_POINT ( 'NONE', #723 ) ;
#5435 = ORIENTED_EDGE ( 'NONE', *, *, #2227, .F. ) ;
#5436 = LINE ( 'NONE', #4384, #941 ) ;
#5437 = EDGE_CURVE ( 'NONE', #11869, #5686, #11698, .T. ) ;
#5438 = DIRECTION ( 'NONE',  ( 0.5812381937190835846, 0.8137334712067441078, -0.000000000000000000 ) ) ;
#5439 = VECTOR ( 'NONE', #3303, 1000.000000000000000 ) ;
#5440 = ORIENTED_EDGE ( 'NONE', *, *, #5757, .F. ) ;
#5441 = LINE ( 'NONE', #6279, #10123 ) ;
#5442 = DIRECTION ( 'NONE',  ( 0.000000000000000000, 0.000000000000000000, -1.000000000000000000 ) ) ;
#5443 = FACE_OUTER_BOUND ( 'NONE', #2511, .T. ) ;
#5444 = CARTESIAN_POINT ( 'NONE',  ( 20.15975325872885549, -3.694337615387540463, -1.275000000000000133 ) ) ;
#5445 = CARTESIAN_POINT ( 'NONE',  ( -14.06231303136081046, 13.50472070242324030, -2.499999999999996891 ) ) ;
#5446 = DIRECTION ( 'NONE',  ( -0.6507913734559673813, 0.7592566023652975726, 0.000000000000000000 ) ) ;
#5447 = VERTEX_POINT ( 'NONE', #12682 ) ;
#5448 = PLANE ( 'NONE',  #9304 ) ;
#5449 = VECTOR ( 'NONE', #4267, 1000.000000000000000 ) ;
#5450 = ORIENTED_EDGE ( 'NONE', *, *, #12181, .T. ) ;
#5451 = VERTEX_POINT ( 'NONE', #5839 ) ;
#5452 = DIRECTION ( 'NONE',  ( -0.6109575759171159692, 0.7916633378081123773, 0.000000000000000000 ) ) ;
#5453 = ORIENTED_EDGE ( 'NONE', *, *, #3882, .F. ) ;
#5454 = DIRECTION ( 'NONE',  ( -0.9983076332362363914, 0.05815384271279179507, 0.000000000000000000 ) ) ;
#5455 = AXIS2_PLACEMENT_3D ( 'NONE', #10323, #258, #11430 ) ;
#5456 = EDGE_LOOP ( 'NONE', ( #7413, #8388, #4642, #5590 ) ) ;
#5457 = PLANE ( 'NONE',  #614 ) ;
#5458 = ORIENTED_EDGE ( 'NONE', *, *, #10416, .T. ) ;
#5459 = ORIENTED_EDGE ( 'NONE', *, *, #8603, .T. ) ;
#5460 = DIRECTION ( 'NONE',  ( 0.4090559040930703549, 0.9125093245148790944, 0.000000000000000000 ) ) ;
#5461 = DIRECTION ( 'NONE',  ( 0.8137334712067441078, -0.5812381937190835846, 0.000000000000000000 ) ) ;
#5462 = DIRECTION ( 'NONE',  ( 1.000000000000000000, 0.000000000000000000, 0.000000000000000000 ) ) ;
#5463 = CARTESIAN_POINT ( 'NONE',  ( -26.51447841183390608, 0.6256912607352420608, 2.912419407985508357 ) ) ;
#5464 = ORIENTED_EDGE ( 'NONE', *, *, #12563, .T. ) ;
#5465 = DIRECTION ( 'NONE',  ( -1.000000000000000000, 3.469446951953611033E-15, -4.192332847412280942E-16 ) ) ;
#5466 = CARTESIAN_POINT ( 'NONE',  ( -11.22406249021695679, 30.12831799411278411, 2.550000000000000266 ) ) ;
#5467 = VECTOR ( 'NONE', #4783, 1000.000000000000000 ) ;
#5468 = ORIENTED_EDGE ( 'NONE', *, *, #4805, .T. ) ;
#5469 = DIRECTION ( 'NONE',  ( 9.830099697201918044E-16, 0.000000000000000000, 1.000000000000000000 ) ) ;
#5470 = DIRECTION ( 'NONE',  ( -0.000000000000000000, 0.000000000000000000, -1.000000000000000000 ) ) ;
#5471 = VERTEX_POINT ( 'NONE', #3561 ) ;
#5472 = LINE ( 'NONE', #543, #9807 ) ;
#5473 = CARTESIAN_POINT ( 'NONE',  ( 53.70136931442648631, 26.36106730343394844, -1.275000000000000133 ) ) ;
#5474 = ADVANCED_FACE ( 'NONE', ( #7527 ), #855, .F. ) ;
#5475 = DIRECTION ( 'NONE',  ( -0.000000000000000000, -0.000000000000000000, -1.000000000000000000 ) ) ;
#5476 =( NAMED_UNIT ( * ) PLANE_ANGLE_UNIT ( ) SI_UNIT ( $, .RADIAN. ) );
#5477 = VERTEX_POINT ( 'NONE', #787 ) ;
#5478 = VERTEX_POINT ( 'NONE', #6747 ) ;
#5479 = CARTESIAN_POINT ( 'NONE',  ( 58.52245569878948572, 13.61238845097468619, 1.912499999999999645 ) ) ;
#5480 = CARTESIAN_POINT ( 'NONE',  ( 26.42528235747294119, -1.979374096316571796, 3.099607222299256559 ) ) ;
#5481 = LINE ( 'NONE', #8547, #7682 ) ;
#5482 = ORIENTED_EDGE ( 'NONE', *, *, #12720, .T. ) ;
#5483 = CARTESIAN_POINT ( 'NONE',  ( -0.6104581230483032694, -10.94380396979420844, 2.550000000000000266 ) ) ;
#5484 = EDGE_CURVE ( 'NONE', #8690, #7863, #4736, .T. ) ;
#5485 = EDGE_CURVE ( 'NONE', #3938, #10897, #9560, .T. ) ;
#5486 = ORIENTED_EDGE ( 'NONE', *, *, #6983, .T. ) ;
#5487 = VERTEX_POINT ( 'NONE', #4804 ) ;
#5488 = PLANE ( 'NONE',  #11388 ) ;
#5489 = CARTESIAN_POINT ( 'NONE',  ( 24.96246110940082374, 1.369501866246044530, 2.868498318030797911 ) ) ;
#5490 = CARTESIAN_POINT ( 'NONE',  ( 17.46168505596956777, -7.613636688869534375, 1.275000000000000133 ) ) ;
#5491 = LINE ( 'NONE', #5749, #287 ) ;
#5492 = AXIS2_PLACEMENT_3D ( 'NONE', #4876, #7312, #1898 ) ;
#5493 = DIRECTION ( 'NONE',  ( 0.000000000000000000, 0.000000000000000000, 1.000000000000000000 ) ) ;
#5494 = DIRECTION ( 'NONE',  ( -0.9435999821328792114, 0.3310877130290858505, 0.000000000000000000 ) ) ;
#5495 = EDGE_CURVE ( 'NONE', #2121, #1703, #12735, .T. ) ;
#5496 = ORIENTED_EDGE ( 'NONE', *, *, #4971, .T. ) ;
#5497 = EDGE_LOOP ( 'NONE', ( #9907, #3774, #2138, #6056 ) ) ;
#5498 = CARTESIAN_POINT ( 'NONE',  ( 73.96491932761539090, 74.51861236923376453, 1.439121164605829506 ) ) ;
#5499 = B_SPLINE_CURVE_WITH_KNOTS ( 'NONE', 3,
 ( #5136, #1070, #3240, #7155 ),
 .UNSPECIFIED., .F., .F.,
 ( 4, 4 ),
 ( 0.000000000000000000, 1.000000000000000000 ),
 .UNSPECIFIED. ) ;
#5500 = FACE_OUTER_BOUND ( 'NONE', #2374, .T. ) ;
#5501 = ADVANCED_FACE ( 'NONE', ( #8578 ), #1887, .T. ) ;
#5502 = VERTEX_POINT ( 'NONE', #11506 ) ;
#5503 = CARTESIAN_POINT ( 'NONE',  ( 15.76756684101593819, 30.12831799411278411, -2.550000000000000266 ) ) ;
#5504 = ADVANCED_FACE ( 'NONE', ( #12546 ), #8473, .T. ) ;
#5505 = CARTESIAN_POINT ( 'NONE',  ( -15.65966261393471726, 21.78376715393617502, -1.275000000000000133 ) ) ;
#5506 = LINE ( 'NONE', #7714, #484 ) ;
#5507 = PLANE ( 'NONE',  #6989 ) ;
#5508 = CARTESIAN_POINT ( 'NONE',  ( -14.06231303136081046, 74.51861236923376453, 2.499999999999992450 ) ) ;
#5509 = CARTESIAN_POINT ( 'NONE',  ( 36.04411425442763317, -20.55714728746119135, 1.275000000000000133 ) ) ;
#5510 = CARTESIAN_POINT ( 'NONE',  ( 12.22969871862639124, -12.10421909368450066, 2.550000000000000266 ) ) ;
#5511 = ORIENTED_EDGE ( 'NONE', *, *, #9144, .F. ) ;
#5512 = ORIENTED_EDGE ( 'NONE', *, *, #4580, .T. ) ;
#5513 = LINE ( 'NONE', #6491, #10985 ) ;
#5514 = ORIENTED_EDGE ( 'NONE', *, *, #9305, .T. ) ;
#5515 = CARTESIAN_POINT ( 'NONE',  ( 18.09454005623523187, 1.369501866246042310, 2.014121164605829239 ) ) ;
#5516 = EDGE_CURVE ( 'NONE', #5274, #6823, #2196, .T. ) ;
#5517 = ORIENTED_EDGE ( 'NONE', *, *, #7148, .F. ) ;
#5518 = LINE ( 'NONE', #913, #8479 ) ;
#5519 = ORIENTED_EDGE ( 'NONE', *, *, #4623, .F. ) ;
#5520 = ORIENTED_EDGE ( 'NONE', *, *, #2156, .F. ) ;
#5521 = CARTESIAN_POINT ( 'NONE',  ( -0.6104581230483032694, -12.10421909368450066, 2.550000000000000266 ) ) ;
#5522 = CARTESIAN_POINT ( 'NONE',  ( -10.50865000339211974, -4.185137336343576209, 1.275000000000000133 ) ) ;
#5523 = VECTOR ( 'NONE', #4168, 1000.000000000000000 ) ;
#5524 = EDGE_CURVE ( 'NONE', #10339, #2329, #2914, .T. ) ;
#5525 = CARTESIAN_POINT ( 'NONE',  ( -15.29868737352136954, -19.77245975207075546, -2.550000000000000266 ) ) ;
#5526 = CARTESIAN_POINT ( 'NONE',  ( 16.78235294117646248, -26.97058823529411953, -4.871890048187180966 ) ) ;
#5527 = VERTEX_POINT ( 'NONE', #59 ) ;
#5528 = DIRECTION ( 'NONE',  ( -0.6577844345609517029, 0.7532062384561940549, 0.000000000000000000 ) ) ;
#5529 = DIRECTION ( 'NONE',  ( -0.000000000000000000, -0.000000000000000000, 1.000000000000000000 ) ) ;
#5530 = VERTEX_POINT ( 'NONE', #7902 ) ;
#5531 = ADVANCED_FACE ( 'NONE', ( #3940 ), #120, .T. ) ;
#5532 = CARTESIAN_POINT ( 'NONE',  ( 5.926536009056959209, 21.18669797144782407, 1.500000000000005551 ) ) ;
#5533 = LINE ( 'NONE', #1386, #9311 ) ;
#5534 = ORIENTED_EDGE ( 'NONE', *, *, #8484, .F. ) ;
#5535 = LINE ( 'NONE', #4824, #12507 ) ;
#5536 = CARTESIAN_POINT ( 'NONE',  ( 9.542210110286795555, 7.320610632720728539, 0.5766211646058294615 ) ) ;
#5537 = B_SPLINE_CURVE_WITH_KNOTS ( 'NONE', 3,
 ( #12026, #1051, #8961, #11955, #6757, #1830, #8229, #4139, #10206, #266 ),
 .UNSPECIFIED., .F., .F.,
 ( 4, 2, 2, 2, 4 ),
 ( 0.000000000000000000, 0.003675378353751552335, 0.007350756707503104670, 0.01102613506125466047, 0.01470151341500621628 ),
 .UNSPECIFIED. ) ;
#5538 = PLANE ( 'NONE',  #7446 ) ;
#5539 = APPLICATION_PROTOCOL_DEFINITION ( 'draft international standard', 'automotive_design', 1998, #12130 ) ;
#5540 = VERTEX_POINT ( 'NONE', #9874 ) ;
#5541 = VERTEX_POINT ( 'NONE', #1946 ) ;
#5542 = DIRECTION ( 'NONE',  ( 0.1811624294769339505, 0.9834531885890731573, -0.000000000000000000 ) ) ;
#5543 = CARTESIAN_POINT ( 'NONE',  ( 3.747344086032916799, 4.827585529593822145, 1.151621164605829417 ) ) ;
#5544 = FACE_OUTER_BOUND ( 'NONE', #11553, .T. ) ;
#5545 = VERTEX_POINT ( 'NONE', #8819 ) ;
#5546 = AXIS2_PLACEMENT_3D ( 'NONE', #6979, #11995, #12846 ) ;
#5547 = DIRECTION ( 'NONE',  ( -0.7341978152448150885, -0.6789356140973460407, 0.000000000000000000 ) ) ;
#5548 = EDGE_CURVE ( 'NONE', #2110, #313, #1667, .T. ) ;
#5549 = EDGE_LOOP ( 'NONE', ( #7591, #6716, #3216, #12681 ) ) ;
#5550 = ORIENTED_EDGE ( 'NONE', *, *, #8012, .T. ) ;
#5551 = DIRECTION ( 'NONE',  ( 1.000000000000000000, 0.000000000000000000, 0.000000000000000000 ) ) ;
#5552 = DIRECTION ( 'NONE',  ( -0.8984435854032700730, 0.4390889703097960450, 0.000000000000000000 ) ) ;
#5553 = AXIS2_PLACEMENT_3D ( 'NONE', #4460, #10528, #4530 ) ;
#5554 = DIRECTION ( 'NONE',  ( -0.000000000000000000, -0.000000000000000000, -1.000000000000000000 ) ) ;
#5555 = ADVANCED_FACE ( 'NONE', ( #10851 ), #4057, .T. ) ;
#5556 = CARTESIAN_POINT ( 'NONE',  ( 54.17976077065905827, 25.58622286491810982, 1.912499999999999645 ) ) ;
#5557 = VECTOR ( 'NONE', #3800, 1000.000000000000000 ) ;
#5558 = CARTESIAN_POINT ( 'NONE',  ( 13.54101436650989498, -12.10421909368450066, 1.912499999999999645 ) ) ;
#5559 = LINE ( 'NONE', #7440, #12428 ) ;
#5560 = ORIENTED_EDGE ( 'NONE', *, *, #9126, .T. ) ;
#5561 = VERTEX_POINT ( 'NONE', #4922 ) ;
#5562 = CARTESIAN_POINT ( 'NONE',  ( 12.45748009436489845, 9.301174703035153257, 0.5766211646058294615 ) ) ;
#5563 = DIRECTION ( 'NONE',  ( 0.000000000000000000, -0.000000000000000000, 1.000000000000000000 ) ) ;
#5564 = ORIENTED_EDGE ( 'NONE', *, *, #3773, .T. ) ;
#5565 = VECTOR ( 'NONE', #2112, 1000.000000000000114 ) ;
#5566 = VECTOR ( 'NONE', #5029, 1000.000000000000000 ) ;
#5567 = VECTOR ( 'NONE', #280, 1000.000000000000000 ) ;
#5568 = EDGE_CURVE ( 'NONE', #8688, #11932, #4864, .T. ) ;
#5569 = VERTEX_POINT ( 'NONE', #11035 ) ;
#5570 = CARTESIAN_POINT ( 'NONE',  ( -7.823397229952084864, -8.669060361656391933, -1.275000000000000133 ) ) ;
#5571 = DIRECTION ( 'NONE',  ( 1.000000000000000000, 0.000000000000000000, 0.000000000000000000 ) ) ;
#5572 = EDGE_CURVE ( 'NONE', #5174, #4300, #8095, .T. ) ;
#5573 = DIRECTION ( 'NONE',  ( -0.9874406319167059465, 0.1579905011066695675, 0.000000000000000000 ) ) ;
#5574 = DIRECTION ( 'NONE',  ( 0.000000000000000000, 1.000000000000000000, -0.000000000000000000 ) ) ;
#5575 = VECTOR ( 'NONE', #4122, 1000.000000000000000 ) ;
#5576 = ADVANCED_FACE ( 'NONE', ( #4000 ), #2136, .F. ) ;
#5577 = CARTESIAN_POINT ( 'NONE',  ( 30.21562663869249832, 44.95124867936373647, 1.275000000000000133 ) ) ;
#5578 = LINE ( 'NONE', #9614, #225 ) ;
#5579 = ORIENTED_EDGE ( 'NONE', *, *, #1692, .F. ) ;
#5580 = DIRECTION ( 'NONE',  ( 1.000000000000000000, 0.000000000000000000, 0.000000000000000000 ) ) ;
#5581 = VECTOR ( 'NONE', #7510, 1000.000000000000000 ) ;
#5582 = ORIENTED_EDGE ( 'NONE', *, *, #1189, .F. ) ;
#5583 = VECTOR ( 'NONE', #12459, 1000.000000000000000 ) ;
#5584 = ORIENTED_EDGE ( 'NONE', *, *, #6200, .T. ) ;
#5585 = VECTOR ( 'NONE', #8302, 1000.000000000000000 ) ;
#5586 = EDGE_LOOP ( 'NONE', ( #8164, #11671, #5886, #5653 ) ) ;
#5587 = VECTOR ( 'NONE', #11578, 1000.000000000000000 ) ;
#5588 = VECTOR ( 'NONE', #4533, 1000.000000000000000 ) ;
#5589 = CARTESIAN_POINT ( 'NONE',  ( 54.17976077065905827, 25.58622286491810982, 1.912499999999999645 ) ) ;
#5590 = ORIENTED_EDGE ( 'NONE', *, *, #660, .T. ) ;
#5591 = EDGE_LOOP ( 'NONE', ( #8461, #1431, #7903, #12501 ) ) ;
#5592 = VECTOR ( 'NONE', #4543, 1000.000000000000000 ) ;
#5593 = DIRECTION ( 'NONE',  ( -0.000000000000000000, -0.000000000000000000, -1.000000000000000000 ) ) ;
#5594 = ORIENTED_EDGE ( 'NONE', *, *, #254, .F. ) ;
#5595 = ORIENTED_EDGE ( 'NONE', *, *, #1371, .T. ) ;
#5596 = VECTOR ( 'NONE', #875, 1000.000000000000000 ) ;
#5597 = DIRECTION ( 'NONE',  ( 0.000000000000000000, -0.9927783471781699287, 0.1199631333959766122 ) ) ;
#5598 = DIRECTION ( 'NONE',  ( -0.9999921886900041690, 0.003952538295216394097, 0.000000000000000000 ) ) ;
#5599 = ADVANCED_FACE ( 'NONE', ( #1159 ), #6929, .T. ) ;
#5600 = DIRECTION ( 'NONE',  ( 0.000000000000000000, -1.000000000000000000, 0.000000000000000000 ) ) ;
#5601 = CARTESIAN_POINT ( 'NONE',  ( -24.98783123990651234, -0.9018302826094100055, 3.019031409432296087 ) ) ;
#5602 = ORIENTED_EDGE ( 'NONE', *, *, #4725, .F. ) ;
#5603 = DIRECTION ( 'NONE',  ( 0.8926166538283998309, 0.4508164918325312520, -0.000000000000000000 ) ) ;
#5604 = DIRECTION ( 'NONE',  ( 0.000000000000000000, 0.000000000000000000, -1.000000000000000000 ) ) ;
#5605 = EDGE_LOOP ( 'NONE', ( #1245, #2972, #3436, #8009 ) ) ;
#5606 = CARTESIAN_POINT ( 'NONE',  ( -23.38235294117647101, -12.35062510189814944, 4.169413659219853407 ) ) ;
#5607 = EDGE_CURVE ( 'NONE', #10218, #8878, #5955, .T. ) ;
#5608 = VECTOR ( 'NONE', #3042, 1000.000000000000000 ) ;
#5609 = ORIENTED_EDGE ( 'NONE', *, *, #9466, .T. ) ;
#5610 = ORIENTED_EDGE ( 'NONE', *, *, #12255, .T. ) ;
#5611 = CARTESIAN_POINT ( 'NONE',  ( 11.98081480428594858, -2.190413051146413270, 1.275000000000000133 ) ) ;
#5612 = CARTESIAN_POINT ( 'NONE',  ( 73.96491932761539090, 6.562698785064672080, -1.148378835394170627 ) ) ;
#5613 = DIRECTION ( 'NONE',  ( -0.000000000000000000, -0.000000000000000000, 1.000000000000000000 ) ) ;
#5614 = DIRECTION ( 'NONE',  ( -1.000000000000000000, 0.000000000000000000, 0.000000000000000000 ) ) ;
#5615 = SHAPE_DEFINITION_REPRESENTATION ( #2686, #12813 ) ;
#5616 = ORIENTED_EDGE ( 'NONE', *, *, #1650, .T. ) ;
#5617 = ORIENTED_EDGE ( 'NONE', *, *, #2320, .T. ) ;
#5618 = DIRECTION ( 'NONE',  ( -0.000000000000000000, 0.000000000000000000, 1.000000000000000000 ) ) ;
#5619 = DIRECTION ( 'NONE',  ( -0.6831571287757379762, -0.7302714135188983491, 0.000000000000000000 ) ) ;
#5620 = PLANE ( 'NONE',  #4566 ) ;
#5621 = EDGE_LOOP ( 'NONE', ( #3429, #153, #11508, #10882 ) ) ;
#5622 = LINE ( 'NONE', #2633, #5301 ) ;
#5623 = ORIENTED_EDGE ( 'NONE', *, *, #12707, .F. ) ;
#5624 = EDGE_LOOP ( 'NONE', ( #4074, #6473, #5081, #8122 ) ) ;
#5625 = CARTESIAN_POINT ( 'NONE',  ( -26.37908641396870379, -2.502136201100141122, 3.140902534132780755 ) ) ;
#5626 = DIRECTION ( 'NONE',  ( -0.000000000000000000, -0.000000000000000000, 1.000000000000000000 ) ) ;
#5627 = LINE ( 'NONE', #9459, #10463 ) ;
#5628 = EDGE_CURVE ( 'NONE', #965, #2332, #909, .T. ) ;
#5629 = DIRECTION ( 'NONE',  ( 0.9643264662862184311, 0.2647158220052873157, 0.000000000000000000 ) ) ;
#5630 = CARTESIAN_POINT ( 'NONE',  ( 9.542210110286795555, 7.320610632720728539, 1.151621164605829417 ) ) ;
#5631 = ORIENTED_EDGE ( 'NONE', *, *, #10921, .T. ) ;
#5632 = CARTESIAN_POINT ( 'NONE',  ( 11.17053803627909936, -8.791150195189860739, 1.275000000000000133 ) ) ;
#5633 = CARTESIAN_POINT ( 'NONE',  ( 22.69369578148049271, -10.48790597677222891, -3.944330564366045344 ) ) ;
#5634 = ORIENTED_EDGE ( 'NONE', *, *, #767, .F. ) ;
#5635 = ORIENTED_EDGE ( 'NONE', *, *, #1071, .T. ) ;
#5636 = LINE ( 'NONE', #5503, #3467 ) ;
#5637 = CARTESIAN_POINT ( 'NONE',  ( 25.62280228805019888, 6.815595221192831232, -2.611247273796960311 ) ) ;
#5638 = CARTESIAN_POINT ( 'NONE',  ( 10.66144447481649848, 8.139807388987382097, 1.151621164605829417 ) ) ;
#5639 = CARTESIAN_POINT ( 'NONE',  ( -1.298023612954588568, -8.073352229963379756, -1.912499999999999645 ) ) ;
#5640 = EDGE_CURVE ( 'NONE', #2819, #92, #4991, .T. ) ;
#5641 = LINE ( 'NONE', #12539, #12630 ) ;
#5642 = DIRECTION ( 'NONE',  ( 0.000000000000000000, 1.000000000000000000, 0.000000000000000000 ) ) ;
#5643 = ORIENTED_EDGE ( 'NONE', *, *, #2162, .T. ) ;
#5644 = CARTESIAN_POINT ( 'NONE',  ( 3.747344086032916799, 1.369501866246042310, 2.014121164605829239 ) ) ;
#5645 = ORIENTED_EDGE ( 'NONE', *, *, #8970, .F. ) ;
#5646 = ORIENTED_EDGE ( 'NONE', *, *, #11915, .F. ) ;
#5647 = VERTEX_POINT ( 'NONE', #5106 ) ;
#5648 = EDGE_CURVE ( 'NONE', #11014, #10167, #10971, .T. ) ;
#5649 = DIRECTION ( 'NONE',  ( 0.000000000000000000, 0.000000000000000000, 1.000000000000000000 ) ) ;
#5650 = EDGE_CURVE ( 'NONE', #4300, #1642, #1099, .T. ) ;
#5651 = EDGE_CURVE ( 'NONE', #7588, #10108, #9011, .T. ) ;
#5652 = ORIENTED_EDGE ( 'NONE', *, *, #12528, .F. ) ;
#5653 = ORIENTED_EDGE ( 'NONE', *, *, #8005, .T. ) ;
#5654 = CARTESIAN_POINT ( 'NONE',  ( -6.425476527123950454, -5.009690084064932769, -1.275000000000000133 ) ) ;
#5655 = ORIENTED_EDGE ( 'NONE', *, *, #11048, .F. ) ;
#5656 = ORIENTED_EDGE ( 'NONE', *, *, #3768, .T. ) ;
#5657 = VECTOR ( 'NONE', #559, 1000.000000000000114 ) ;
#5658 = DIRECTION ( 'NONE',  ( 0.8604042686535844364, -0.5096121019782502426, 0.000000000000000000 ) ) ;
#5659 = DIRECTION ( 'NONE',  ( -0.000000000000000000, -0.000000000000000000, 1.000000000000000000 ) ) ;
#5660 = CARTESIAN_POINT ( 'NONE',  ( 11.17053803627909936, -8.791150195189860739, -1.275000000000000133 ) ) ;
#5661 = CARTESIAN_POINT ( 'NONE',  ( -1.298023612954588568, -8.073352229963379756, 1.912499999999999645 ) ) ;
#5662 = ORIENTED_EDGE ( 'NONE', *, *, #12490, .T. ) ;
#5663 = DIRECTION ( 'NONE',  ( 0.4090559040930703549, 0.9125093245148790944, 0.000000000000000000 ) ) ;
#5664 = CARTESIAN_POINT ( 'NONE',  ( 13.44659553120966677, -8.770583410597117435, 1.912499999999999645 ) ) ;
#5665 = ADVANCED_FACE ( 'NONE', ( #12072 ), #3473, .T. ) ;
#5666 = ORIENTED_EDGE ( 'NONE', *, *, #3274, .F. ) ;
#5667 = CARTESIAN_POINT ( 'NONE',  ( -3.756799584291276695, -1.631321031160310131, 1.275000000000000133 ) ) ;
#5668 = VECTOR ( 'NONE', #453, 1000.000000000000114 ) ;
#5669 = ORIENTED_EDGE ( 'NONE', *, *, #3870, .F. ) ;
#5670 = EDGE_CURVE ( 'NONE', #8607, #262, #7315, .T. ) ;
#5671 = VERTEX_POINT ( 'NONE', #6276 ) ;
#5672 = DIRECTION ( 'NONE',  ( -0.000000000000000000, -0.000000000000000000, 1.000000000000000000 ) ) ;
#5673 = LINE ( 'NONE', #5536, #11796 ) ;
#5674 = EDGE_CURVE ( 'NONE', #8690, #3171, #10195, .T. ) ;
#5675 = DIRECTION ( 'NONE',  ( -0.3078202854146709355, 0.9514445185544088135, 0.000000000000000000 ) ) ;
#5676 = DIRECTION ( 'NONE',  ( 0.000000000000000000, -0.000000000000000000, -1.000000000000000000 ) ) ;
#5677 = CIRCLE ( 'NONE', #73, 0.9999999999999994449 ) ;
#5678 = CARTESIAN_POINT ( 'NONE',  ( 50.16957179191506100, -12.10421909368450066, 1.912499999999999645 ) ) ;
#5679 = ORIENTED_EDGE ( 'NONE', *, *, #6115, .T. ) ;
#5680 = ORIENTED_EDGE ( 'NONE', *, *, #4441, .F. ) ;
#5681 = CARTESIAN_POINT ( 'NONE',  ( -4.918113946227249400, -3.467136158867170082, 1.275000000000000133 ) ) ;
#5682 = LINE ( 'NONE', #10751, #597 ) ;
#5683 = VERTEX_POINT ( 'NONE', #1291 ) ;
#5684 = CARTESIAN_POINT ( 'NONE',  ( 15.38045670213009863, 74.51861236923376453, 2.014121164605829239 ) ) ;
#5685 = EDGE_CURVE ( 'NONE', #6255, #3101, #4246, .T. ) ;
#5686 = VERTEX_POINT ( 'NONE', #5298 ) ;
#5687 = EDGE_LOOP ( 'NONE', ( #10659, #1485, #3426, #6676 ) ) ;
#5688 = DIRECTION ( 'NONE',  ( 0.9643264662862183201, 0.2647158220052873157, 0.000000000000000000 ) ) ;
#5689 = FACE_OUTER_BOUND ( 'NONE', #6986, .T. ) ;
#5690 = CARTESIAN_POINT ( 'NONE',  ( 11.29611278031712018, 7.368731314913460118, 1.151621164605829417 ) ) ;
#5691 = EDGE_CURVE ( 'NONE', #4719, #4382, #7371, .T. ) ;
#5692 = CARTESIAN_POINT ( 'NONE',  ( 15.00967116025836390, -8.996818041117325748, -1.275000000000000133 ) ) ;
#5693 = DIRECTION ( 'NONE',  ( -6.938893903907222067E-15, -1.000000000000000000, 0.000000000000000000 ) ) ;
#5694 = ORIENTED_EDGE ( 'NONE', *, *, #1990, .F. ) ;
#5695 = LINE ( 'NONE', #4717, #109 ) ;
#5696 = ORIENTED_EDGE ( 'NONE', *, *, #2668, .F. ) ;
#5697 = VERTEX_POINT ( 'NONE', #311 ) ;
#5698 = FACE_OUTER_BOUND ( 'NONE', #9699, .T. ) ;
#5699 = AXIS2_PLACEMENT_3D ( 'NONE', #446, #3547, #10392 ) ;
#5700 = CARTESIAN_POINT ( 'NONE',  ( 10.27357430557349360, -7.951944851215532850, 1.912499999999999645 ) ) ;
#5701 = DIRECTION ( 'NONE',  ( 0.000000000000000000, 1.000000000000000000, -0.000000000000000000 ) ) ;
#5702 = FACE_OUTER_BOUND ( 'NONE', #1452, .T. ) ;
#5703 = VECTOR ( 'NONE', #4347, 1000.000000000000000 ) ;
#5704 = CARTESIAN_POINT ( 'NONE',  ( 11.82603929462137238, -1.546774068868671748, -1.275000000000000133 ) ) ;
#5705 = FACE_OUTER_BOUND ( 'NONE', #9523, .T. ) ;
#5706 = VERTEX_POINT ( 'NONE', #8215 ) ;
#5707 = VERTEX_POINT ( 'NONE', #12195 ) ;
#5708 = ORIENTED_EDGE ( 'NONE', *, *, #10495, .T. ) ;
#5709 = VERTEX_POINT ( 'NONE', #3405 ) ;
#5710 = PLANE ( 'NONE',  #8272 ) ;
#5711 = AXIS2_PLACEMENT_3D ( 'NONE', #4106, #6065, #11208 ) ;
#5712 = EDGE_CURVE ( 'NONE', #1785, #6585, #1227, .T. ) ;
#5713 = ORIENTED_EDGE ( 'NONE', *, *, #12724, .T. ) ;
#5714 = FACE_OUTER_BOUND ( 'NONE', #5159, .T. ) ;
#5715 = VERTEX_POINT ( 'NONE', #1488 ) ;
#5716 = CARTESIAN_POINT ( 'NONE',  ( 17.07888248889944904, 30.12831799411278411, 2.550000000000000266 ) ) ;
#5717 = CARTESIAN_POINT ( 'NONE',  ( 50.16957179191506100, -10.94380396979420844, 1.275000000000000133 ) ) ;
#5718 = PLANE ( 'NONE',  #10696 ) ;
#5719 = DIRECTION ( 'NONE',  ( -0.9682773237093529328, -0.2498780190217879393, 0.000000000000000000 ) ) ;
#5720 = ADVANCED_FACE ( 'NONE', ( #2379 ), #4453, .T. ) ;
#5721 = EDGE_CURVE ( 'NONE', #6872, #5161, #9340, .T. ) ;
#5722 = ORIENTED_EDGE ( 'NONE', *, *, #10901, .T. ) ;
#5723 = DIRECTION ( 'NONE',  ( 1.000000000000000000, 0.000000000000000000, 0.000000000000000000 ) ) ;
#5724 = DIRECTION ( 'NONE',  ( 0.5496165014762778300, 0.8354170822439391797, 0.000000000000000000 ) ) ;
#5725 = ORIENTED_EDGE ( 'NONE', *, *, #257, .F. ) ;
#5726 = PLANE ( 'NONE',  #9688 ) ;
#5727 = VECTOR ( 'NONE', #342, 999.9999999999998863 ) ;
#5728 = EDGE_CURVE ( 'NONE', #2457, #1872, #1416, .T. ) ;
#5729 = ORIENTED_EDGE ( 'NONE', *, *, #9423, .F. ) ;
#5730 = LINE ( 'NONE', #10493, #1298 ) ;
#5731 = PLANE ( 'NONE',  #5975 ) ;
#5732 = CARTESIAN_POINT ( 'NONE',  ( 27.51798726648088333, -0.4141286027595271202, -2.982021311448774803 ) ) ;
#5733 = CARTESIAN_POINT ( 'NONE',  ( 15.74321981073298282, -8.400381287927684681, 1.912499999999999645 ) ) ;
#5734 = ADVANCED_FACE ( 'NONE', ( #6409 ), #3277, .F. ) ;
#5735 = ORIENTED_EDGE ( 'NONE', *, *, #760, .T. ) ;
#5736 = ORIENTED_EDGE ( 'NONE', *, *, #10892, .T. ) ;
#5737 = EDGE_CURVE ( 'NONE', #7299, #3863, #5158, .T. ) ;
#5738 = CARTESIAN_POINT ( 'NONE',  ( 24.95118313633264506, -1.807043659474764530, 3.084924085451027587 ) ) ;
#5739 = DIRECTION ( 'NONE',  ( 0.000000000000000000, 2.479012299922036586E-16, 1.000000000000000000 ) ) ;
#5740 = ORIENTED_EDGE ( 'NONE', *, *, #3107, .F. ) ;
#5741 = VECTOR ( 'NONE', #8656, 1000.000000000000000 ) ;
#5742 = DIRECTION ( 'NONE',  ( 0.000000000000000000, -1.000000000000000000, 0.000000000000000000 ) ) ;
#5743 = EDGE_CURVE ( 'NONE', #7498, #4372, #7250, .T. ) ;
#5744 =( BOUNDED_CURVE ( )  B_SPLINE_CURVE ( 3, ( #5774, #1822, #3633, #8519 ),
 .UNSPECIFIED., .F., .T. ) 
 B_SPLINE_CURVE_WITH_KNOTS ( ( 4, 4 ),
 ( 5.124229845711393061, 5.202346306638418127 ),
 .UNSPECIFIED. ) 
 CURVE ( )  GEOMETRIC_REPRESENTATION_ITEM ( )  RATIONAL_B_SPLINE_CURVE ( ( 1.000000000000000000, 0.9994915495213065881, 0.9994915495213065881, 1.000000000000000000 ) ) 
 REPRESENTATION_ITEM ( '' )  );
#5745 = ORIENTED_EDGE ( 'NONE', *, *, #1738, .F. ) ;
#5746 = VERTEX_POINT ( 'NONE', #9262 ) ;
#5747 = CARTESIAN_POINT ( 'NONE',  ( 73.96491932761539090, 74.51861236923376453, 0.5766211646058294615 ) ) ;
#5748 = DIRECTION ( 'NONE',  ( 1.000000000000000000, 0.000000000000000000, 0.000000000000000000 ) ) ;
#5749 = CARTESIAN_POINT ( 'NONE',  ( 39.15740510921479967, -16.12278207322762213, 1.275000000000000133 ) ) ;
#5750 = VECTOR ( 'NONE', #10651, 1000.000000000000000 ) ;
#5751 = EDGE_CURVE ( 'NONE', #7642, #10094, #11400, .T. ) ;
#5752 = CARTESIAN_POINT ( 'NONE',  ( 11.30748009436489276, 9.301174703035153257, 0.5766211646058294615 ) ) ;
#5753 = CARTESIAN_POINT ( 'NONE',  ( 0.000000000000000000, 0.000000000000000000, -1.499999999999996225 ) ) ;
#5754 = ORIENTED_EDGE ( 'NONE', *, *, #8628, .F. ) ;
#5755 = CARTESIAN_POINT ( 'NONE',  ( 5.153962473847291115, -10.94380396979420844, 2.550000000000000266 ) ) ;
#5756 = ORIENTED_EDGE ( 'NONE', *, *, #28, .F. ) ;
#5757 = EDGE_CURVE ( 'NONE', #10867, #1146, #4385, .T. ) ;
#5758 = ORIENTED_EDGE ( 'NONE', *, *, #9374, .F. ) ;
#5759 = DIRECTION ( 'NONE',  ( 0.000000000000000000, -1.000000000000000000, 2.479012299922036093E-16 ) ) ;
#5760 = VECTOR ( 'NONE', #9671, 1000.000000000000000 ) ;
#5761 = LINE ( 'NONE', #12776, #6586 ) ;
#5762 = FACE_OUTER_BOUND ( 'NONE', #1305, .T. ) ;
#5763 = CARTESIAN_POINT ( 'NONE',  ( 11.64942479529083208, 1.369501866246042310, -1.148378835394170627 ) ) ;
#5764 = EDGE_CURVE ( 'NONE', #8537, #5707, #8414, .T. ) ;
#5765 = CARTESIAN_POINT ( 'NONE',  ( 3.747344086032916799, 6.562698785064672080, 2.620515480705437383 ) ) ;
#5766 = DIRECTION ( 'NONE',  ( 1.000000000000000000, 0.000000000000000000, 0.000000000000000000 ) ) ;
#5767 = EDGE_LOOP ( 'NONE', ( #3452, #5060, #2419, #1917 ) ) ;
#5768 = ORIENTED_EDGE ( 'NONE', *, *, #1460, .T. ) ;
#5769 = VERTEX_POINT ( 'NONE', #7445 ) ;
#5770 = VECTOR ( 'NONE', #3219, 999.9999999999998863 ) ;
#5771 = CARTESIAN_POINT ( 'NONE',  ( 73.96491932761539090, 8.483312583677848906, 2.876621164605829506 ) ) ;
#5772 = AXIS2_PLACEMENT_3D ( 'NONE', #3185, #6443, #7405 ) ;
#5773 = ORIENTED_EDGE ( 'NONE', *, *, #12135, .F. ) ;
#5774 = CARTESIAN_POINT ( 'NONE',  ( -24.28421530421658758, -10.48790597677185232, 3.944330564366027136 ) ) ;
#5775 = ORIENTED_EDGE ( 'NONE', *, *, #1203, .F. ) ;
#5776 = VECTOR ( 'NONE', #10247, 1000.000000000000000 ) ;
#5777 = VECTOR ( 'NONE', #9844, 1000.000000000000114 ) ;
#5778 = DIRECTION ( 'NONE',  ( -1.000000000000000000, 0.000000000000000000, 0.000000000000000000 ) ) ;
#5779 = VECTOR ( 'NONE', #9109, 1000.000000000000000 ) ;
#5780 = LINE ( 'NONE', #11889, #6400 ) ;
#5781 = AXIS2_PLACEMENT_3D ( 'NONE', #9821, #7975, #920 ) ;
#5782 = LINE ( 'NONE', #9497, #9017 ) ;
#5783 = DIRECTION ( 'NONE',  ( -0.000000000000000000, -0.000000000000000000, -1.000000000000000000 ) ) ;
#5784 = AXIS2_PLACEMENT_3D ( 'NONE', #7536, #4555, #5598 ) ;
#5785 = VECTOR ( 'NONE', #12476, 1000.000000000000114 ) ;
#5786 = EDGE_CURVE ( 'NONE', #2332, #4787, #11423, .T. ) ;
#5787 = ORIENTED_EDGE ( 'NONE', *, *, #4452, .T. ) ;
#5788 = CARTESIAN_POINT ( 'NONE',  ( 14.03200173286605512, 8.483312583677848906, 2.876621164605829506 ) ) ;
#5789 = CARTESIAN_POINT ( 'NONE',  ( -1.947636035777786656, -7.520490593518104561, -1.912499999999999645 ) ) ;
#5790 = VERTEX_POINT ( 'NONE', #10121 ) ;
#5791 = CARTESIAN_POINT ( 'NONE',  ( 73.96491932761539090, 14.36860075111488122, 2.500000000000007550 ) ) ;
#5792 = AXIS2_PLACEMENT_3D ( 'NONE', #7806, #5867, #35 ) ;
#5793 = VERTEX_POINT ( 'NONE', #9903 ) ;
#5794 = VECTOR ( 'NONE', #5452, 1000.000000000000114 ) ;
#5795 = EDGE_CURVE ( 'NONE', #10789, #8746, #7578, .T. ) ;
#5796 = VECTOR ( 'NONE', #11463, 1000.000000000000114 ) ;
#5797 = ORIENTED_EDGE ( 'NONE', *, *, #11996, .T. ) ;
#5798 = CARTESIAN_POINT ( 'NONE',  ( 50.16957179191506100, -10.94380396979420844, 2.550000000000000266 ) ) ;
#5799 = CARTESIAN_POINT ( 'NONE',  ( 3.747344086032916799, 4.827585529593822145, 2.014121164605829239 ) ) ;
#5800 = CARTESIAN_POINT ( 'NONE',  ( -0.6104581230483032694, -10.94380396979420844, -1.912499999999999645 ) ) ;
#5801 = DIRECTION ( 'NONE',  ( -1.000000000000000000, 6.938893903907222067E-15, -0.000000000000000000 ) ) ;
#5802 = DIRECTION ( 'NONE',  ( 1.000000000000000000, 0.000000000000000000, 0.000000000000000000 ) ) ;
#5803 = ORIENTED_EDGE ( 'NONE', *, *, #8384, .T. ) ;
#5804 = CARTESIAN_POINT ( 'NONE',  ( 83.76737459837873701, 38.80949993093332040, 2.014121164605829239 ) ) ;
#5805 = LINE ( 'NONE', #7802, #8692 ) ;
#5806 = ORIENTED_EDGE ( 'NONE', *, *, #1489, .T. ) ;
#5807 = AXIS2_PLACEMENT_3D ( 'NONE', #7925, #11908, #5860 ) ;
#5808 = CARTESIAN_POINT ( 'NONE',  ( 5.153962473847291115, -12.10421909368450066, -1.912499999999999645 ) ) ;
#5809 = VECTOR ( 'NONE', #6126, 1000.000000000000000 ) ;
#5810 = EDGE_CURVE ( 'NONE', #5561, #11364, #9541, .T. ) ;
#5811 = EDGE_CURVE ( 'NONE', #2168, #6745, #6840, .T. ) ;
#5812 = ADVANCED_FACE ( 'NONE', ( #710 ), #9603, .T. ) ;
#5813 = EDGE_CURVE ( 'NONE', #12695, #6429, #8561, .T. ) ;
#5814 = ADVANCED_FACE ( 'NONE', ( #12531 ), #10880, .T. ) ;
#5815 = ORIENTED_EDGE ( 'NONE', *, *, #8167, .T. ) ;
#5816 = VERTEX_POINT ( 'NONE', #9840 ) ;
#5817 = LINE ( 'NONE', #9787, #1836 ) ;
#5818 = VECTOR ( 'NONE', #8015, 1000.000000000000000 ) ;
#5819 = DIRECTION ( 'NONE',  ( 0.000000000000000000, -1.000000000000000000, 0.000000000000000000 ) ) ;
#5820 = DIRECTION ( 'NONE',  ( -0.000000000000000000, -0.000000000000000000, 1.000000000000000000 ) ) ;
#5821 = CARTESIAN_POINT ( 'NONE',  ( 11.03347156763479120, -8.736621371822296922, 1.275000000000000133 ) ) ;
#5822 = CARTESIAN_POINT ( 'NONE',  ( 24.00799858983172541, -11.12023902058076352, -4.020739012939382739 ) ) ;
#5823 = AXIS2_PLACEMENT_3D ( 'NONE', #6742, #5642, #7587 ) ;
#5824 = DIRECTION ( 'NONE',  ( 0.8443294201829345536, 0.5358244397314756435, -0.000000000000000000 ) ) ;
#5825 = VERTEX_POINT ( 'NONE', #1915 ) ;
#5826 =( BOUNDED_CURVE ( )  B_SPLINE_CURVE ( 3, ( #6064, #12117, #3256, #7044 ),
 .UNSPECIFIED., .F., .T. ) 
 B_SPLINE_CURVE_WITH_KNOTS ( ( 4, 4 ),
 ( 2.003708656839232827, 4.279476650340352961 ),
 .UNSPECIFIED. ) 
 CURVE ( )  GEOMETRIC_REPRESENTATION_ITEM ( )  RATIONAL_B_SPLINE_CURVE ( ( 1.000000000000000000, 0.6130108260472497683, 0.6130108260472497683, 1.000000000000000000 ) ) 
 REPRESENTATION_ITEM ( '' )  );
#5827 = EDGE_CURVE ( 'NONE', #5545, #3723, #7967, .T. ) ;
#5828 = VERTEX_POINT ( 'NONE', #4516 ) ;
#5829 = DIRECTION ( 'NONE',  ( 0.000000000000000000, 2.479012299922036093E-16, 1.000000000000000000 ) ) ;
#5830 = DIRECTION ( 'NONE',  ( 1.000000000000000000, 0.000000000000000000, 0.000000000000000000 ) ) ;
#5831 = LINE ( 'NONE', #6922, #4418 ) ;
#5832 = LINE ( 'NONE', #6795, #4985 ) ;
#5833 = EDGE_CURVE ( 'NONE', #2351, #4742, #4960, .T. ) ;
#5834 = CARTESIAN_POINT ( 'NONE',  ( -1.953036272342378421, -15.39100795260625176, -1.275000000000000133 ) ) ;
#5835 = CARTESIAN_POINT ( 'NONE',  ( -14.06231303136081046, 14.36860075111488122, -1.148378835394170627 ) ) ;
#5836 = ORIENTED_EDGE ( 'NONE', *, *, #10892, .F. ) ;
#5837 = ORIENTED_EDGE ( 'NONE', *, *, #9397, .T. ) ;
#5838 = ORIENTED_EDGE ( 'NONE', *, *, #9713, .T. ) ;
#5839 = CARTESIAN_POINT ( 'NONE',  ( 12.22969871862639124, -12.10421909368450066, -1.912499999999999645 ) ) ;
#5840 = ORIENTED_EDGE ( 'NONE', *, *, #9001, .T. ) ;
#5841 = FACE_OUTER_BOUND ( 'NONE', #6250, .T. ) ;
#5842 = LINE ( 'NONE', #4867, #9617 ) ;
#5843 = DIRECTION ( 'NONE',  ( -0.5780173407803349539, 0.8160244811016579281, 0.000000000000000000 ) ) ;
#5844 = DIRECTION ( 'NONE',  ( 9.499231602880571395E-15, 1.000000000000000000, 0.000000000000000000 ) ) ;
#5845 = PLANE ( 'NONE',  #3519 ) ;
#5846 = VERTEX_POINT ( 'NONE', #6475 ) ;
#5847 = ADVANCED_FACE ( 'NONE', ( #2941 ), #10460, .F. ) ;
#5848 = FACE_OUTER_BOUND ( 'NONE', #6760, .T. ) ;
#5849 = FILL_AREA_STYLE ('',( #6881 ) ) ;
#5850 = VERTEX_POINT ( 'NONE', #5927 ) ;
#5851 = VERTEX_POINT ( 'NONE', #7878 ) ;
#5852 = CARTESIAN_POINT ( 'NONE',  ( 56.22757427446696710, 4.101344365371332401, 1.275000000000000133 ) ) ;
#5853 = ORIENTED_EDGE ( 'NONE', *, *, #5651, .F. ) ;
#5854 = VECTOR ( 'NONE', #2931, 999.9999999999998863 ) ;
#5855 = ORIENTED_EDGE ( 'NONE', *, *, #6645, .T. ) ;
#5856 = CARTESIAN_POINT ( 'NONE',  ( 57.50565396225613313, 18.98834136507636572, -1.275000000000000133 ) ) ;
#5857 = DIRECTION ( 'NONE',  ( 0.000000000000000000, 1.000000000000000000, -0.000000000000000000 ) ) ;
#5858 = CARTESIAN_POINT ( 'NONE',  ( 11.69943263047496806, -2.890261021907035044, -1.275000000000000133 ) ) ;
#5859 = DIRECTION ( 'NONE',  ( 1.000000000000000000, 0.000000000000000000, 0.000000000000000000 ) ) ;
#5860 = DIRECTION ( 'NONE',  ( 0.000000000000000000, 0.000000000000000000, -1.000000000000000000 ) ) ;
#5861 = EDGE_LOOP ( 'NONE', ( #4494, #8373, #1132 ) ) ;
#5862 = PLANE ( 'NONE',  #9934 ) ;
#5863 = CARTESIAN_POINT ( 'NONE',  ( 5.926536009056959209, 17.18669797144782052, -2.499999999999997335 ) ) ;
#5864 = AXIS2_PLACEMENT_3D ( 'NONE', #4810, #8770, #12740 ) ;
#5865 = ORIENTED_EDGE ( 'NONE', *, *, #5194, .F. ) ;
#5866 = LINE ( 'NONE', #12761, #11334 ) ;
#5867 = DIRECTION ( 'NONE',  ( -0.009035775691678103044, 0.9999591765455476677, 0.000000000000000000 ) ) ;
#5868 = EDGE_CURVE ( 'NONE', #4787, #5850, #1003, .T. ) ;
#5869 = ORIENTED_EDGE ( 'NONE', *, *, #10291, .F. ) ;
#5870 = VECTOR ( 'NONE', #7451, 1000.000000000000000 ) ;
#5871 = EDGE_LOOP ( 'NONE', ( #9694, #12039, #396, #12095 ) ) ;
#5872 = CARTESIAN_POINT ( 'NONE',  ( -23.66111738797359365, 14.01433280440184959, 2.499999999999999112 ) ) ;
#5873 = LINE ( 'NONE', #5083, #12658 ) ;
#5874 = DIRECTION ( 'NONE',  ( 0.000000000000000000, -1.000000000000000000, 0.000000000000000000 ) ) ;
#5875 = CARTESIAN_POINT ( 'NONE',  ( 12.45748009436489845, 9.301174703035153257, 0.5766211646058294615 ) ) ;
#5876 = CARTESIAN_POINT ( 'NONE',  ( 50.16957179191506100, -8.847358520986746910, 1.275000000000000133 ) ) ;
#5877 = CARTESIAN_POINT ( 'NONE',  ( 24.65198417498843853, -12.20883135682243648, -4.152279903230116531 ) ) ;
#5878 = EDGE_CURVE ( 'NONE', #12478, #3771, #8491, .T. ) ;
#5879 = ADVANCED_FACE ( 'NONE', ( #6606 ), #8061, .T. ) ;
#5880 = LINE ( 'NONE', #11984, #744 ) ;
#5881 = VECTOR ( 'NONE', #7999, 1000.000000000000000 ) ;
#5882 = VERTEX_POINT ( 'NONE', #2881 ) ;
#5883 = ORIENTED_EDGE ( 'NONE', *, *, #10703, .T. ) ;
#5884 = ORIENTED_EDGE ( 'NONE', *, *, #7626, .T. ) ;
#5885 = CARTESIAN_POINT ( 'NONE',  ( -14.06231303136081046, 74.51861236923376453, -2.500000000000005329 ) ) ;
#5886 = ORIENTED_EDGE ( 'NONE', *, *, #11243, .T. ) ;
#5887 = ADVANCED_FACE ( 'NONE', ( #6900 ), #8926, .F. ) ;
#5888 = DIRECTION ( 'NONE',  ( -0.4513117242972573551, 0.8923663639513965684, 0.000000000000000000 ) ) ;
#5889 = LINE ( 'NONE', #1151, #3987 ) ;
#5890 = DIRECTION ( 'NONE',  ( 0.9264648940327244730, -0.3763811899191199517, 0.000000000000000000 ) ) ;
#5891 = DIRECTION ( 'NONE',  ( 0.000000000000000000, -0.000000000000000000, 1.000000000000000000 ) ) ;
#5892 = CARTESIAN_POINT ( 'NONE',  ( -5.459641893321363071, -12.10421909368450066, 1.912499999999999645 ) ) ;
#5893 = EDGE_LOOP ( 'NONE', ( #6182, #10119, #9683, #11361 ) ) ;
#5894 = ORIENTED_EDGE ( 'NONE', *, *, #2943, .T. ) ;
#5895 = ORIENTED_EDGE ( 'NONE', *, *, #88, .F. ) ;
#5896 = ADVANCED_FACE ( 'NONE', ( #5500 ), #9470, .T. ) ;
#5897 = DIRECTION ( 'NONE',  ( -0.9937649300483557546, -0.1114955775176152408, 0.000000000000000000 ) ) ;
#5898 = STYLED_ITEM ( 'NONE', ( #3881 ), #4115 ) ;
#5899 = EDGE_CURVE ( 'NONE', #3374, #6100, #5207, .T. ) ;
#5900 = ORIENTED_EDGE ( 'NONE', *, *, #3799, .F. ) ;
#5901 = CARTESIAN_POINT ( 'NONE',  ( -27.51316670592902014, 0.6601846475154887761, -2.909989360185844198 ) ) ;
#5902 = VECTOR ( 'NONE', #5801, 1000.000000000000000 ) ;
#5903 = CARTESIAN_POINT ( 'NONE',  ( 25.00000000000000000, 3.061616997868383043E-15, 9.000000000000000000 ) ) ;
#5904 = DIRECTION ( 'NONE',  ( -0.000000000000000000, 0.000000000000000000, -1.000000000000000000 ) ) ;
#5905 = CARTESIAN_POINT ( 'NONE',  ( -5.900596736361536365, -8.847358520986746910, 1.275000000000000133 ) ) ;
#5906 = CARTESIAN_POINT ( 'NONE',  ( -21.33587571363853996, 74.51861236923376453, 2.014121164605829239 ) ) ;
#5907 = ORIENTED_EDGE ( 'NONE', *, *, #12135, .T. ) ;
#5909 = EDGE_CURVE ( 'NONE', #3203, #4719, #8187, .T. ) ;
#5908 = VECTOR ( 'NONE', #3923, 1000.000000000000000 ) ;
#5910 = DIRECTION ( 'NONE',  ( 0.9643264662862186531, 0.2647158220052860389, 0.000000000000000000 ) ) ;
#5911 = DIRECTION ( 'NONE',  ( -0.000000000000000000, -0.000000000000000000, -1.000000000000000000 ) ) ;
#5912 = ORIENTED_EDGE ( 'NONE', *, *, #12574, .T. ) ;
#5913 = LINE ( 'NONE', #9093, #8431 ) ;
#5914 = ORIENTED_EDGE ( 'NONE', *, *, #12683, .T. ) ;
#5915 = CARTESIAN_POINT ( 'NONE',  ( -27.50000000000000711, -0.9393347359112026451, -2.015142950629363217 ) ) ;
#5916 = ADVANCED_FACE ( 'NONE', ( #9237 ), #11193, .T. ) ;
#5917 = ORIENTED_EDGE ( 'NONE', *, *, #7373, .F. ) ;
#5918 = CARTESIAN_POINT ( 'NONE',  ( -15.90000000000000391, -27.50000000000000355, -6.000000000000000000 ) ) ;
#5919 = CARTESIAN_POINT ( 'NONE',  ( 23.38235294117646390, -12.35062510189814233, 4.169413659219850743 ) ) ;
#5920 = CARTESIAN_POINT ( 'NONE',  ( -4.847731257625055967, -3.009648682953001586, 1.275000000000000133 ) ) ;
#5921 = CARTESIAN_POINT ( 'NONE',  ( -1.921773770931815672, -10.94380396979420844, 2.550000000000000266 ) ) ;
#5922 = CARTESIAN_POINT ( 'NONE',  ( 73.96491932761539090, 1.369501866246042310, -2.010878835394170228 ) ) ;
#5923 = DIRECTION ( 'NONE',  ( 1.788933584601080738E-15, -1.000000000000000000, 2.168404344971006896E-16 ) ) ;
#5924 = CARTESIAN_POINT ( 'NONE',  ( 5.926536009056959209, 17.18669797144782052, 1.500000000000006439 ) ) ;
#5925 = ORIENTED_EDGE ( 'NONE', *, *, #9853, .F. ) ;
#5926 = CARTESIAN_POINT ( 'NONE',  ( -2.590337688145444073, -8.177013786796837991, -1.912499999999999645 ) ) ;
#5927 = CARTESIAN_POINT ( 'NONE',  ( 15.74321981073298282, -8.400381287927684681, 1.275000000000000133 ) ) ;
#5928 = ORIENTED_EDGE ( 'NONE', *, *, #12569, .F. ) ;
#5929 = VERTEX_POINT ( 'NONE', #11972 ) ;
#5930 = CARTESIAN_POINT ( 'NONE',  ( 16.96332560084250574, 42.84560376941755067, 1.275000000000000133 ) ) ;
#5931 = DIRECTION ( 'NONE',  ( -0.000000000000000000, 0.000000000000000000, 1.000000000000000000 ) ) ;
#5932 = DIRECTION ( 'NONE',  ( 0.9999921886900041690, -0.003952538295216394965, 0.000000000000000000 ) ) ;
#5933 = VECTOR ( 'NONE', #1853, 1000.000000000000000 ) ;
#5934 = DIRECTION ( 'NONE',  ( 0.000000000000000000, 0.000000000000000000, -1.000000000000000000 ) ) ;
#5935 = LINE ( 'NONE', #4230, #8880 ) ;
#5936 = LINE ( 'NONE', #950, #9759 ) ;
#5937 = EDGE_CURVE ( 'NONE', #2543, #5049, #6178, .T. ) ;
#5938 = DIRECTION ( 'NONE',  ( 0.9090648228942810327, -0.4166547104932202816, 0.000000000000000000 ) ) ;
#5939 = EDGE_LOOP ( 'NONE', ( #4358, #1731, #8174, #11956 ) ) ;
#5940 = EDGE_LOOP ( 'NONE', ( #2585, #4908, #9047, #1821 ) ) ;
#5941 = VERTEX_POINT ( 'NONE', #4089 ) ;
#5942 = EDGE_CURVE ( 'NONE', #10804, #5825, #3241, .T. ) ;
#5943 = DIRECTION ( 'NONE',  ( 0.9149178015729286795, 0.4036402065763011748, 0.000000000000000000 ) ) ;
#5944 = VECTOR ( 'NONE', #10403, 1000.000000000000000 ) ;
#5945 = PLANE ( 'NONE',  #12804 ) ;
#5946 = CARTESIAN_POINT ( 'NONE',  ( -16.78235294117647314, -26.97058823529411953, 6.000000000000003553 ) ) ;
#5947 = LINE ( 'NONE', #4984, #9129 ) ;
#5948 = LINE ( 'NONE', #9675, #9285 ) ;
#5949 = CARTESIAN_POINT ( 'NONE',  ( 50.16957179191506100, -10.94380396979420844, 1.912499999999999645 ) ) ;
#5950 = VERTEX_POINT ( 'NONE', #8064 ) ;
#5951 = VERTEX_POINT ( 'NONE', #4282 ) ;
#5952 = ORIENTED_EDGE ( 'NONE', *, *, #8046, .F. ) ;
#5953 = VECTOR ( 'NONE', #8104, 1000.000000000000000 ) ;
#5954 = VECTOR ( 'NONE', #4325, 1000.000000000000000 ) ;
#5955 = LINE ( 'NONE', #9933, #5997 ) ;
#5956 = ADVANCED_FACE ( 'NONE', ( #2293 ), #10163, .T. ) ;
#5957 = EDGE_CURVE ( 'NONE', #1277, #2771, #3004, .T. ) ;
#5958 = ORIENTED_EDGE ( 'NONE', *, *, #10356, .F. ) ;
#5959 = EDGE_CURVE ( 'NONE', #9022, #8724, #10939, .T. ) ;
#5960 = CARTESIAN_POINT ( 'NONE',  ( -26.07293692842993238, -9.011158134023810717, -2.719017140915457098 ) ) ;
#5961 = EDGE_CURVE ( 'NONE', #11318, #321, #10089, .T. ) ;
#5962 = DIRECTION ( 'NONE',  ( 0.3615278544908753222, 0.9323613089501432416, -0.000000000000000000 ) ) ;
#5963 = DIRECTION ( 'NONE',  ( -1.000000000000000000, 0.000000000000000000, 0.000000000000000000 ) ) ;
#5964 = AXIS2_PLACEMENT_3D ( 'NONE', #2781, #962, #1814 ) ;
#5965 = DIRECTION ( 'NONE',  ( -0.1432442247327408991, 0.9896873708806817049, 0.000000000000000000 ) ) ;
#5966 = FACE_OUTER_BOUND ( 'NONE', #5157, .T. ) ;
#5967 = ORIENTED_EDGE ( 'NONE', *, *, #6523, .F. ) ;
#5968 = ORIENTED_EDGE ( 'NONE', *, *, #2580, .T. ) ;
#5969 = AXIS2_PLACEMENT_3D ( 'NONE', #11355, #6414, #9736 ) ;
#5970 = LINE ( 'NONE', #11835, #188 ) ;
#5971 = LINE ( 'NONE', #70, #11926 ) ;
#5972 = ORIENTED_EDGE ( 'NONE', *, *, #3842, .T. ) ;
#5973 = DIRECTION ( 'NONE',  ( -0.000000000000000000, -0.000000000000000000, -1.000000000000000000 ) ) ;
#5974 = ORIENTED_EDGE ( 'NONE', *, *, #3912, .F. ) ;
#5975 = AXIS2_PLACEMENT_3D ( 'NONE', #11964, #12809, #7923 ) ;
#5976 = VECTOR ( 'NONE', #1924, 1000.000000000000000 ) ;
#5977 = DIRECTION ( 'NONE',  ( -0.000000000000000000, -0.000000000000000000, -1.000000000000000000 ) ) ;
#5978 = AXIS2_PLACEMENT_3D ( 'NONE', #83, #2166, #7872 ) ;
#5979 = ORIENTED_EDGE ( 'NONE', *, *, #1228, .T. ) ;
#5980 = LINE ( 'NONE', #7143, #3568 ) ;
#5981 = DIRECTION ( 'NONE',  ( 1.000000000000000000, 0.000000000000000000, -0.000000000000000000 ) ) ;
#5982 = LINE ( 'NONE', #1965, #3696 ) ;
#5983 = CARTESIAN_POINT ( 'NONE',  ( 26.07293692843023791, -9.011158134023114386, -2.719017140916084152 ) ) ;
#5984 = LINE ( 'NONE', #5922, #1674 ) ;
#5985 = ADVANCED_FACE ( 'NONE', ( #285 ), #4218, .T. ) ;
#5986 = CARTESIAN_POINT ( 'NONE',  ( 16.48107194992280000, -23.37694646081619965, 1.912499999999999645 ) ) ;
#5987 = DIRECTION ( 'NONE',  ( 1.000000000000000000, 0.000000000000000000, 0.000000000000000000 ) ) ;
#5988 = ORIENTED_EDGE ( 'NONE', *, *, #8694, .F. ) ;
#5989 = VECTOR ( 'NONE', #3135, 1000.000000000000000 ) ;
#5990 = VECTOR ( 'NONE', #1411, 1000.000000000000000 ) ;
#5991 = DIRECTION ( 'NONE',  ( 0.000000000000000000, 0.000000000000000000, 1.000000000000000000 ) ) ;
#5992 = CIRCLE ( 'NONE', #1410, 25.00000000000000000 ) ;
#5993 = LINE ( 'NONE', #8128, #4956 ) ;
#5994 = AXIS2_PLACEMENT_3D ( 'NONE', #4191, #10262, #2326 ) ;
#5995 = AXIS2_PLACEMENT_3D ( 'NONE', #4574, #9708, #8545 ) ;
#5996 = ORIENTED_EDGE ( 'NONE', *, *, #11475, .F. ) ;
#5997 = VECTOR ( 'NONE', #1038, 1000.000000000000000 ) ;
#5998 = ORIENTED_EDGE ( 'NONE', *, *, #9242, .T. ) ;
#5999 = CARTESIAN_POINT ( 'NONE',  ( -8.554924714253258955, -7.344328440636797239, 1.275000000000000133 ) ) ;
#6000 = LINE ( 'NONE', #4840, #11824 ) ;
#6001 = PLANE ( 'NONE',  #1112 ) ;
#6002 = VECTOR ( 'NONE', #4492, 1000.000000000000000 ) ;
#6003 = DIRECTION ( 'NONE',  ( 1.000000000000000000, 0.000000000000000000, 0.000000000000000000 ) ) ;
#6004 = DIRECTION ( 'NONE',  ( -0.000000000000000000, -0.000000000000000000, -1.000000000000000000 ) ) ;
#6005 = LINE ( 'NONE', #3981, #2710 ) ;
#6006 = CARTESIAN_POINT ( 'NONE',  ( -11.79899929443208428, -3.285802981982389959, 1.275000000000000133 ) ) ;
#6007 = ORIENTED_EDGE ( 'NONE', *, *, #6031, .T. ) ;
#6008 = AXIS2_PLACEMENT_3D ( 'NONE', #10673, #1772, #5719 ) ;
#6009 = VECTOR ( 'NONE', #1925, 999.9999999999998863 ) ;
#6010 = ORIENTED_EDGE ( 'NONE', *, *, #1950, .F. ) ;
#6011 = ORIENTED_EDGE ( 'NONE', *, *, #3160, .T. ) ;
#6012 = DIRECTION ( 'NONE',  ( -0.000000000000000000, -0.000000000000000000, -1.000000000000000000 ) ) ;
#6013 = CARTESIAN_POINT ( 'NONE',  ( -6.254696157596316475, -9.830012418814996877, 1.912499999999999645 ) ) ;
#6014 = CARTESIAN_POINT ( 'NONE',  ( 28.87229511091797818, 44.99204234439293515, -1.275000000000000133 ) ) ;
#6015 = DIRECTION ( 'NONE',  ( 0.03446227583977479192, 0.9994059993535877595, -0.000000000000000000 ) ) ;
#6016 = FACE_OUTER_BOUND ( 'NONE', #7557, .T. ) ;
#6017 = CARTESIAN_POINT ( 'NONE',  ( 4.437945083414524206, 7.254566538103156326, 0.5766211646058294615 ) ) ;
#6018 = VERTEX_POINT ( 'NONE', #87 ) ;
#6019 = EDGE_LOOP ( 'NONE', ( #2692, #6339, #6383, #435 ) ) ;
#6020 = ORIENTED_EDGE ( 'NONE', *, *, #8237, .T. ) ;
#6021 = CARTESIAN_POINT ( 'NONE',  ( 50.16957179191506100, -8.847358520986746910, 1.912499999999999645 ) ) ;
#6022 = ORIENTED_EDGE ( 'NONE', *, *, #5190, .T. ) ;
#6023 = EDGE_CURVE ( 'NONE', #5540, #3560, #5993, .T. ) ;
#6024 = CARTESIAN_POINT ( 'NONE',  ( -26.95421152960048516, 5.478786426552392896, -2.660293101470379007 ) ) ;
#6025 = CARTESIAN_POINT ( 'NONE',  ( -7.089249254718881232, -8.536373850486274506, 1.275000000000000133 ) ) ;
#6026 = CARTESIAN_POINT ( 'NONE',  ( 24.29217430914396303, 12.94888701410236642, -1.500000000000012212 ) ) ;
#6027 = CARTESIAN_POINT ( 'NONE',  ( 9.511444474816499906, 8.139807388987382097, 1.151621164605829417 ) ) ;
#6028 = PLANE ( 'NONE',  #4269 ) ;
#6029 = FACE_OUTER_BOUND ( 'NONE', #7917, .T. ) ;
#6030 = ORIENTED_EDGE ( 'NONE', *, *, #5670, .T. ) ;
#6031 = EDGE_CURVE ( 'NONE', #943, #3566, #4027, .T. ) ;
#6032 = DIRECTION ( 'NONE',  ( 0.2290393337255854089, -0.9734171683335670622, 0.000000000000000000 ) ) ;
#6033 = CARTESIAN_POINT ( 'NONE',  ( -24.29217430914283682, 12.94888701410424581, -1.499999999999996891 ) ) ;
#6034 = ORIENTED_EDGE ( 'NONE', *, *, #4854, .T. ) ;
#6035 = ADVANCED_FACE ( 'NONE', ( #11011 ), #7991, .T. ) ;
#6036 = LINE ( 'NONE', #18, #2416 ) ;
#6037 = EDGE_CURVE ( 'NONE', #11756, #8550, #2107, .T. ) ;
#6038 = VERTEX_POINT ( 'NONE', #9043 ) ;
#6039 = CARTESIAN_POINT ( 'NONE',  ( 6.465278121730796634, -10.94380396979420844, 2.550000000000000266 ) ) ;
#6040 = ORIENTED_EDGE ( 'NONE', *, *, #825, .F. ) ;
#6041 = CARTESIAN_POINT ( 'NONE',  ( 10.13806131947392686, -7.679219674304288645, -1.912499999999999645 ) ) ;
#6042 = PLANE ( 'NONE',  #11458 ) ;
#6043 = CARTESIAN_POINT ( 'NONE',  ( 26.38249432844566300, -2.467594959330777549, -3.138127709520712294 ) ) ;
#6044 = EDGE_CURVE ( 'NONE', #1885, #1477, #1127, .T. ) ;
#6045 = CARTESIAN_POINT ( 'NONE',  ( 16.96332560084250574, 42.84560376941755067, -1.912499999999999645 ) ) ;
#6046 = VERTEX_POINT ( 'NONE', #1188 ) ;
#6047 = DIRECTION ( 'NONE',  ( 0.3576472666070511508, 0.9338567516961607806, 0.000000000000000000 ) ) ;
#6048 = FACE_OUTER_BOUND ( 'NONE', #10365, .T. ) ;
#6049 = VERTEX_POINT ( 'NONE', #4157 ) ;
#6050 = DIRECTION ( 'NONE',  ( -1.000000000000000000, 0.000000000000000000, 0.000000000000000000 ) ) ;
#6051 = EDGE_CURVE ( 'NONE', #8347, #11080, #12106, .T. ) ;
#6052 = EDGE_CURVE ( 'NONE', #1326, #7899, #5533, .T. ) ;
#6053 = DIRECTION ( 'NONE',  ( -0.000000000000000000, -0.000000000000000000, -1.000000000000000000 ) ) ;
#6054 = ORIENTED_EDGE ( 'NONE', *, *, #6602, .T. ) ;
#6055 = EDGE_CURVE ( 'NONE', #4980, #965, #2489, .T. ) ;
#6056 = ORIENTED_EDGE ( 'NONE', *, *, #12563, .F. ) ;
#6057 = ORIENTED_EDGE ( 'NONE', *, *, #10881, .T. ) ;
#6058 = CARTESIAN_POINT ( 'NONE',  ( -24.77211579606533220, 12.13857716684654342, 2.495400853624475612 ) ) ;
#6059 = CARTESIAN_POINT ( 'NONE',  ( 50.16957179191506100, 30.12831799411278411, -1.275000000000000133 ) ) ;
#6060 = AXIS2_PLACEMENT_3D ( 'NONE', #531, #8441, #12291 ) ;
#6061 = LINE ( 'NONE', #3978, #6903 ) ;
#6062 = CYLINDRICAL_SURFACE ( 'NONE', #9321, 25.00000000000000000 ) ;
#6063 = FACE_OUTER_BOUND ( 'NONE', #5497, .T. ) ;
#6064 = CARTESIAN_POINT ( 'NONE',  ( -22.69369578148065969, -10.48790597677185232, 3.944330564366027136 ) ) ;
#6065 = DIRECTION ( 'NONE',  ( -0.000000000000000000, -0.000000000000000000, 1.000000000000000000 ) ) ;
#6066 = EDGE_CURVE ( 'NONE', #11473, #7263, #11259, .T. ) ;
#6067 = ORIENTED_EDGE ( 'NONE', *, *, #180, .T. ) ;
#6068 = ORIENTED_EDGE ( 'NONE', *, *, #9320, .T. ) ;
#6069 = AXIS2_PLACEMENT_3D ( 'NONE', #10526, #6739, #5573 ) ;
#6070 = ORIENTED_EDGE ( 'NONE', *, *, #11906, .F. ) ;
#6071 = ORIENTED_EDGE ( 'NONE', *, *, #8322, .F. ) ;
#6072 = DIRECTION ( 'NONE',  ( -0.000000000000000000, -0.000000000000000000, -1.000000000000000000 ) ) ;
#6073 = EDGE_CURVE ( 'NONE', #7299, #4673, #6373, .T. ) ;
#6074 = CARTESIAN_POINT ( 'NONE',  ( -11.70124556026240548, -5.084471690704764235, 1.275000000000000133 ) ) ;
#6075 = CARTESIAN_POINT ( 'NONE',  ( 23.38235294117646745, -12.35062510189814766, 4.169413659219852519 ) ) ;
#6076 = PLANE ( 'NONE',  #10179 ) ;
#6077 = DIRECTION ( 'NONE',  ( -0.000000000000000000, -0.000000000000000000, -1.000000000000000000 ) ) ;
#6078 = DIRECTION ( 'NONE',  ( -1.000000000000000000, -0.000000000000000000, -0.000000000000000000 ) ) ;
#6079 = VERTEX_POINT ( 'NONE', #7484 ) ;
#6080 = VECTOR ( 'NONE', #3735, 1000.000000000000000 ) ;
#6081 = ORIENTED_EDGE ( 'NONE', *, *, #3326, .T. ) ;
#6082 = EDGE_CURVE ( 'NONE', #7092, #9620, #4486, .T. ) ;
#6083 = ORIENTED_EDGE ( 'NONE', *, *, #5413, .T. ) ;
#6084 = DIRECTION ( 'NONE',  ( 0.000000000000000000, 1.000000000000000000, 0.000000000000000000 ) ) ;
#6085 = ORIENTED_EDGE ( 'NONE', *, *, #9343, .F. ) ;
#6086 = CARTESIAN_POINT ( 'NONE',  ( -24.77856602957755783, 12.12768690744417199, -1.499999999854523036 ) ) ;
#6087 = FACE_OUTER_BOUND ( 'NONE', #509, .T. ) ;
#6088 = CARTESIAN_POINT ( 'NONE',  ( -11.22406249021695679, -12.10421909368450066, 2.550000000000000266 ) ) ;
#6089 = PLANE ( 'NONE',  #9076 ) ;
#6090 = CARTESIAN_POINT ( 'NONE',  ( 10.22401578848253756, -7.770230288548698461, -1.912499999999999645 ) ) ;
#6091 = EDGE_LOOP ( 'NONE', ( #6172, #487, #5202, #12584 ) ) ;
#6092 = DIRECTION ( 'NONE',  ( -0.000000000000000000, 0.000000000000000000, 1.000000000000000000 ) ) ;
#6093 = ORIENTED_EDGE ( 'NONE', *, *, #8186, .F. ) ;
#6094 = LINE ( 'NONE', #2149, #401 ) ;
#6095 = VERTEX_POINT ( 'NONE', #2556 ) ;
#6096 = PLANE ( 'NONE',  #558 ) ;
#6097 = ADVANCED_FACE ( 'NONE', ( #12237 ), #8453, .T. ) ;
#6098 = DIRECTION ( 'NONE',  ( -1.000000000000000000, 0.000000000000000000, 0.000000000000000000 ) ) ;
#6099 = DIRECTION ( 'NONE',  ( 0.6757246285173522660, 0.7371541402007359967, 0.000000000000000000 ) ) ;
#6100 = VERTEX_POINT ( 'NONE', #1458 ) ;
#6101 = EDGE_CURVE ( 'NONE', #655, #6489, #1584, .T. ) ;
#6102 = DIRECTION ( 'NONE',  ( -0.2982749931359122697, 0.9544799780350404772, 0.000000000000000000 ) ) ;
#6103 = LINE ( 'NONE', #12808, #8326 ) ;
#6104 = EDGE_CURVE ( 'NONE', #11081, #12349, #9504, .T. ) ;
#6105 = AXIS2_PLACEMENT_3D ( 'NONE', #6956, #10936, #3064 ) ;
#6106 = CARTESIAN_POINT ( 'NONE',  ( 50.16957179191506100, -8.770583410597110330, 1.912499999999999645 ) ) ;
#6107 = DIRECTION ( 'NONE',  ( 0.2631174057920981357, -0.9647638212377350753, 0.000000000000000000 ) ) ;
#6108 = VERTEX_POINT ( 'NONE', #5339 ) ;
#6109 = VECTOR ( 'NONE', #12489, 1000.000000000000000 ) ;
#6110 = DIRECTION ( 'NONE',  ( -0.000000000000000000, -0.000000000000000000, -1.000000000000000000 ) ) ;
#6111 = CARTESIAN_POINT ( 'NONE',  ( 27.49999999999999645, -1.122578528742497794E-16, 1.954188478668229978 ) ) ;
#6112 = EDGE_LOOP ( 'NONE', ( #8439, #791, #4939, #3624, #3459, #2003, #7800, #2858, #8140, #5440 ) ) ;
#6113 = CARTESIAN_POINT ( 'NONE',  ( 10.00314624412034981, -12.10421909368450066, 2.550000000000000266 ) ) ;
#6114 = CARTESIAN_POINT ( 'NONE',  ( 15.76756684101593819, 30.12831799411278411, 2.550000000000000266 ) ) ;
#6115 = EDGE_CURVE ( 'NONE', #10989, #4059, #4355, .T. ) ;
#6116 = ORIENTED_EDGE ( 'NONE', *, *, #7331, .F. ) ;
#6117 = EDGE_CURVE ( 'NONE', #3192, #4108, #415, .T. ) ;
#6118 = EDGE_CURVE ( 'NONE', #11460, #6941, #8318, .T. ) ;
#6119 = EDGE_LOOP ( 'NONE', ( #8488, #939, #3451 ) ) ;
#6120 = CARTESIAN_POINT ( 'NONE',  ( 25.63159634748129889, 6.782536326024603213, 2.612353120931926398 ) ) ;
#6121 = EDGE_CURVE ( 'NONE', #9029, #2796, #11457, .T. ) ;
#6122 = LINE ( 'NONE', #1464, #3727 ) ;
#6123 = CARTESIAN_POINT ( 'NONE',  ( 6.465278121730796634, 30.12831799411278411, 2.550000000000000266 ) ) ;
#6124 = LINE ( 'NONE', #10887, #1230 ) ;
#6125 = CARTESIAN_POINT ( 'NONE',  ( -19.73771211221854571, 13.50472070242359557, 2.500000000000007550 ) ) ;
#6126 = DIRECTION ( 'NONE',  ( 1.000000000000000000, 0.000000000000000000, 0.000000000000000000 ) ) ;
#6127 = CARTESIAN_POINT ( 'NONE',  ( 43.31521506697067991, -16.13858989925867249, -1.275000000000000133 ) ) ;
#6128 = EDGE_CURVE ( 'NONE', #1517, #11296, #5411, .T. ) ;
#6129 = ORIENTED_EDGE ( 'NONE', *, *, #11699, .T. ) ;
#6130 = ORIENTED_EDGE ( 'NONE', *, *, #2564, .T. ) ;
#6131 = VERTEX_POINT ( 'NONE', #611 ) ;
#6132 = ORIENTED_EDGE ( 'NONE', *, *, #3646, .F. ) ;
#6133 = VECTOR ( 'NONE', #5354, 1000.000000000000000 ) ;
#6134 = DIRECTION ( 'NONE',  ( 0.6630352452962395837, 0.7485881801731546492, -0.000000000000000000 ) ) ;
#6135 = DIRECTION ( 'NONE',  ( 0.000000000000000000, 0.000000000000000000, 1.000000000000000000 ) ) ;
#6136 = ADVANCED_FACE ( 'NONE', ( #8533 ), #3376, .T. ) ;
#6137 = CARTESIAN_POINT ( 'NONE',  ( 54.17190200843639758, 25.45893274150454744, -1.275000000000000133 ) ) ;
#6138 = LINE ( 'NONE', #8342, #5045 ) ;
#6139 = CARTESIAN_POINT ( 'NONE',  ( -24.36686741068950823, 5.616837514297365885, -2.654917310344448556 ) ) ;
#6140 = DIRECTION ( 'NONE',  ( -0.4679360541420700681, -0.8773801015163785744, -0.1060188978298641782 ) ) ;
#6141 = CARTESIAN_POINT ( 'NONE',  ( -7.275840057019161478, -8.418890752741660322, -1.275000000000000133 ) ) ;
#6142 = ORIENTED_EDGE ( 'NONE', *, *, #9783, .T. ) ;
#6143 = ORIENTED_EDGE ( 'NONE', *, *, #6613, .F. ) ;
#6144 = ORIENTED_EDGE ( 'NONE', *, *, #6674, .T. ) ;
#6145 = ADVANCED_FACE ( 'NONE', ( #8386 ), #12362, .T. ) ;
#6146 = DIRECTION ( 'NONE',  ( 0.9994059993535877595, -0.03446227583977479192, 0.000000000000000000 ) ) ;
#6147 = VECTOR ( 'NONE', #11659, 1000.000000000000000 ) ;
#6148 = ORIENTED_EDGE ( 'NONE', *, *, #9158, .F. ) ;
#6149 = ADVANCED_FACE ( 'NONE', ( #2201 ), #6089, .T. ) ;
#6150 = LINE ( 'NONE', #256, #6992 ) ;
#6151 = PLANE ( 'NONE',  #10854 ) ;
#6152 = DIRECTION ( 'NONE',  ( -0.3511234415884019744, 0.9363291775690406604, 0.000000000000000000 ) ) ;
#6153 = DIRECTION ( 'NONE',  ( 1.000000000000000000, 0.000000000000000000, 0.000000000000000000 ) ) ;
#6154 = CARTESIAN_POINT ( 'NONE',  ( 15.38045670213010041, 1.369501866246042310, 2.868498318030765493 ) ) ;
#6155 = ORIENTED_EDGE ( 'NONE', *, *, #8255, .T. ) ;
#6156 = PLANE ( 'NONE',  #3110 ) ;
#6157 = EDGE_LOOP ( 'NONE', ( #9263, #2393, #8527, #3221 ) ) ;
#6158 = VECTOR ( 'NONE', #4238, 1000.000000000000000 ) ;
#6159 = CARTESIAN_POINT ( 'NONE',  ( 17.07888248889944904, -12.10421909368450066, -2.550000000000000266 ) ) ;
#6160 = VERTEX_POINT ( 'NONE', #5113 ) ;
#6161 = CARTESIAN_POINT ( 'NONE',  ( 40.62796951583546701, 38.93595086433998631, 1.912499999999999645 ) ) ;
#6162 = CARTESIAN_POINT ( 'NONE',  ( -27.50000000000000000, 1.369501866246042310, 2.868498318030765493 ) ) ;
#6163 = CARTESIAN_POINT ( 'NONE',  ( 12.22969871862639124, -10.94380396979420844, -1.912499999999999645 ) ) ;
#6164 = AXIS2_PLACEMENT_3D ( 'NONE', #12675, #8757, #3751 ) ;
#6165 = ORIENTED_EDGE ( 'NONE', *, *, #41, .T. ) ;
#6166 = CARTESIAN_POINT ( 'NONE',  ( -12.53537813810046941, -12.10421909368450066, -2.550000000000000266 ) ) ;
#6167 = DIRECTION ( 'NONE',  ( 0.9578262852211513190, 0.2873478855663453846, 0.000000000000000000 ) ) ;
#6168 = ADVANCED_FACE ( 'NONE', ( #7000 ), #10201, .T. ) ;
#6169 = AXIS2_PLACEMENT_3D ( 'NONE', #4389, #10258, #12272 ) ;
#6170 = LINE ( 'NONE', #6365, #5703 ) ;
#6171 = CARTESIAN_POINT ( 'NONE',  ( -11.70124556026240548, -5.084471690704764235, 1.275000000000000133 ) ) ;
#6172 = ORIENTED_EDGE ( 'NONE', *, *, #12595, .T. ) ;
#6173 = CARTESIAN_POINT ( 'NONE',  ( 73.96491932761539090, 1.369501866246042310, 2.014121164605829239 ) ) ;
#6174 = PLANE ( 'NONE',  #10894 ) ;
#6175 = EDGE_LOOP ( 'NONE', ( #4838, #11225, #5296, #1443 ) ) ;
#6176 = FACE_OUTER_BOUND ( 'NONE', #12435, .T. ) ;
#6177 = VECTOR ( 'NONE', #9117, 1000.000000000000000 ) ;
#6178 = LINE ( 'NONE', #1072, #194 ) ;
#6179 = EDGE_CURVE ( 'NONE', #1508, #5421, #319, .T. ) ;
#6180 = VECTOR ( 'NONE', #6004, 1000.000000000000000 ) ;
#6181 = AXIS2_PLACEMENT_3D ( 'NONE', #12626, #5603, #2551 ) ;
#6182 = ORIENTED_EDGE ( 'NONE', *, *, #5728, .T. ) ;
#6183 = ORIENTED_EDGE ( 'NONE', *, *, #10771, .T. ) ;
#6184 = DIRECTION ( 'NONE',  ( 1.000000000000000000, 0.000000000000000000, 0.000000000000000000 ) ) ;
#6185 = EDGE_CURVE ( 'NONE', #11296, #5371, #1238, .T. ) ;
#6186 = VECTOR ( 'NONE', #2584, 1000.000000000000000 ) ;
#6187 = AXIS2_PLACEMENT_3D ( 'NONE', #5011, #8730, #11721 ) ;
#6188 = DIRECTION ( 'NONE',  ( -1.000000000000000000, -0.000000000000000000, -0.000000000000000000 ) ) ;
#6189 = CARTESIAN_POINT ( 'NONE',  ( 53.70136931442648631, 26.36106730343394844, 1.275000000000000133 ) ) ;
#6190 = VECTOR ( 'NONE', #2321, 1000.000000000000000 ) ;
#6191 = VECTOR ( 'NONE', #6597, 999.9999999999998863 ) ;
#6192 = FACE_OUTER_BOUND ( 'NONE', #7752, .T. ) ;
#6193 = DIRECTION ( 'NONE',  ( -0.000000000000000000, 0.000000000000000000, -1.000000000000000000 ) ) ;
#6195 = CARTESIAN_POINT ( 'NONE',  ( -11.45686122483816938, -3.588839557908458211, 1.275000000000000133 ) ) ;
#6194 = VECTOR ( 'NONE', #2929, 1000.000000000000000 ) ;
#6196 = AXIS2_PLACEMENT_3D ( 'NONE', #1103, #10856, #5904 ) ;
#6197 = AXIS2_PLACEMENT_3D ( 'NONE', #5479, #4229, #2234 ) ;
#6198 = EDGE_CURVE ( 'NONE', #8440, #4708, #10984, .T. ) ;
#6199 = DIRECTION ( 'NONE',  ( -0.000000000000000000, -0.000000000000000000, 1.000000000000000000 ) ) ;
#6200 = EDGE_CURVE ( 'NONE', #6745, #12034, #2080, .T. ) ;
#6201 = ADVANCED_FACE ( 'NONE', ( #8296 ), #11042, .T. ) ;
#6202 = EDGE_CURVE ( 'NONE', #3307, #5115, #1165, .T. ) ;
#6203 = EDGE_CURVE ( 'NONE', #6442, #9786, #3165, .T. ) ;
#6204 = AXIS2_PLACEMENT_3D ( 'NONE', #7124, #6084, #3104 ) ;
#6205 = EDGE_LOOP ( 'NONE', ( #6632, #5550, #6559, #1192 ) ) ;
#6206 = AXIS2_PLACEMENT_3D ( 'NONE', #9845, #5025, #94 ) ;
#6207 = EDGE_LOOP ( 'NONE', ( #9079, #9660, #8336, #11564 ) ) ;
#6208 = LINE ( 'NONE', #3330, #6999 ) ;
#6209 = PLANE ( 'NONE',  #11985 ) ;
#6210 = CARTESIAN_POINT ( 'NONE',  ( 24.98267746305588588, -0.9304981337539541819, -2.873378835394170050 ) ) ;
#6211 = PLANE ( 'NONE',  #2773 ) ;
#6212 = CARTESIAN_POINT ( 'NONE',  ( 31.59295152337068657, 46.49343584973448884, 1.275000000000000133 ) ) ;
#6213 = CARTESIAN_POINT ( 'NONE',  ( -25.98115706334141706, 5.285750809747546519, -2.668284531299708107 ) ) ;
#6214 = DIRECTION ( 'NONE',  ( -0.3939192985791612478, -0.9191450300180606936, 0.000000000000000000 ) ) ;
#6215 = ORIENTED_EDGE ( 'NONE', *, *, #2021, .F. ) ;
#6216 = ORIENTED_EDGE ( 'NONE', *, *, #5485, .F. ) ;
#6217 = VECTOR ( 'NONE', #3512, 1000.000000000000000 ) ;
#6218 = DIRECTION ( 'NONE',  ( 0.000000000000000000, -0.000000000000000000, 1.000000000000000000 ) ) ;
#6219 = EDGE_CURVE ( 'NONE', #8109, #12719, #197, .T. ) ;
#6220 = VECTOR ( 'NONE', #10375, 1000.000000000000000 ) ;
#6221 = ORIENTED_EDGE ( 'NONE', *, *, #1204, .F. ) ;
#6222 = DIRECTION ( 'NONE',  ( 0.000000000000000000, -0.000000000000000000, -1.000000000000000000 ) ) ;
#6223 = EDGE_CURVE ( 'NONE', #5941, #6307, #5308, .T. ) ;
#6224 = FACE_OUTER_BOUND ( 'NONE', #5253, .T. ) ;
#6225 = FACE_BOUND ( 'NONE', #4086, .T. ) ;
#6226 = CARTESIAN_POINT ( 'NONE',  ( -7.966917102575755472, -8.418890752741647887, 1.275000000000000133 ) ) ;
#6227 = DIRECTION ( 'NONE',  ( 0.000000000000000000, -0.000000000000000000, 1.000000000000000000 ) ) ;
#6228 = FACE_OUTER_BOUND ( 'NONE', #2026, .T. ) ;
#6229 = EDGE_LOOP ( 'NONE', ( #6486, #11637, #4945, #1167 ) ) ;
#6230 = LINE ( 'NONE', #263, #1466 ) ;
#6231 = VECTOR ( 'NONE', #4856, 1000.000000000000000 ) ;
#6232 = ORIENTED_EDGE ( 'NONE', *, *, #9374, .T. ) ;
#6233 = CARTESIAN_POINT ( 'NONE',  ( -24.96212692798796340, -11.56161874083195862, -4.074073470128513286 ) ) ;
#6234 = ORIENTED_EDGE ( 'NONE', *, *, #251, .T. ) ;
#6235 = LINE ( 'NONE', #1308, #12235 ) ;
#6236 = DIRECTION ( 'NONE',  ( 0.9647638212377350753, 0.2631174057920981912, -0.000000000000000000 ) ) ;
#6237 = LINE ( 'NONE', #7334, #636 ) ;
#6238 = ORIENTED_EDGE ( 'NONE', *, *, #6118, .F. ) ;
#6239 = CARTESIAN_POINT ( 'NONE',  ( 9.596274571997129854, -7.712412018609244413, 1.912499999999999645 ) ) ;
#6240 = FACE_OUTER_BOUND ( 'NONE', #2274, .T. ) ;
#6241 = EDGE_CURVE ( 'NONE', #10094, #8530, #8865, .T. ) ;
#6242 = DIRECTION ( 'NONE',  ( -0.000000000000000000, -0.000000000000000000, -1.000000000000000000 ) ) ;
#6243 = DIRECTION ( 'NONE',  ( 0.5496165014762778300, 0.8354170822439391797, 0.000000000000000000 ) ) ;
#6244 = ORIENTED_EDGE ( 'NONE', *, *, #1116, .F. ) ;
#6245 = LINE ( 'NONE', #9169, #1432 ) ;
#6246 = CARTESIAN_POINT ( 'NONE',  ( -9.596808745959792830, 10.77643541949969297, 1.151621164605829417 ) ) ;
#6247 = ORIENTED_EDGE ( 'NONE', *, *, #10973, .F. ) ;
#6248 = LINE ( 'NONE', #8451, #4047 ) ;
#6249 = CARTESIAN_POINT ( 'NONE',  ( -5.459641893321363071, -12.10421909368450066, 2.550000000000000266 ) ) ;
#6250 = EDGE_LOOP ( 'NONE', ( #12298, #9419, #5925, #1633 ) ) ;
#6251 = VERTEX_POINT ( 'NONE', #8033 ) ;
#6252 = CARTESIAN_POINT ( 'NONE',  ( 1.404617562039025769, 37.63061864486304131, -1.275000000000000133 ) ) ;
#6253 = DIRECTION ( 'NONE',  ( 0.7270131525498133573, 0.6866235329637208062, -0.000000000000000000 ) ) ;
#6254 = CARTESIAN_POINT ( 'NONE',  ( 31.47311038443231013, -16.86807369390683675, 1.275000000000000133 ) ) ;
#6255 = VERTEX_POINT ( 'NONE', #11102 ) ;
#6256 = PLANE ( 'NONE',  #2262 ) ;
#6257 = CARTESIAN_POINT ( 'NONE',  ( 27.25660871690618237, 3.808114980891729395, 1.738127350209955901 ) ) ;
#6258 = CARTESIAN_POINT ( 'NONE',  ( 24.77739727498185118, 3.498219570342394835, -2.747676575175113989 ) ) ;
#6259 = FACE_OUTER_BOUND ( 'NONE', #4535, .T. ) ;
#6260 = EDGE_CURVE ( 'NONE', #7556, #10108, #12019, .T. ) ;
#6261 = ORIENTED_EDGE ( 'NONE', *, *, #4107, .T. ) ;
#6262 = VECTOR ( 'NONE', #11000, 1000.000000000000000 ) ;
#6263 = ORIENTED_EDGE ( 'NONE', *, *, #5173, .F. ) ;
#6264 = DIRECTION ( 'NONE',  ( 0.8137334712067441078, -0.5812381937190835846, 0.000000000000000000 ) ) ;
#6265 = PLANE ( 'NONE',  #6375 ) ;
#6266 = LINE ( 'NONE', #10243, #11980 ) ;
#6267 = EDGE_CURVE ( 'NONE', #10789, #4787, #10130, .T. ) ;
#6268 = CARTESIAN_POINT ( 'NONE',  ( 8.926536009056958321, 21.18669797144782407, 2.500000000000000000 ) ) ;
#6269 = DIRECTION ( 'NONE',  ( -1.000000000000000000, 0.000000000000000000, 0.000000000000000000 ) ) ;
#6270 = EDGE_CURVE ( 'NONE', #2317, #7832, #5184, .T. ) ;
#6271 = FACE_OUTER_BOUND ( 'NONE', #12606, .T. ) ;
#6272 = CARTESIAN_POINT ( 'NONE',  ( 50.16957179191506100, -10.94380396979420844, 2.550000000000000266 ) ) ;
#6273 = VERTEX_POINT ( 'NONE', #260 ) ;
#6274 = CARTESIAN_POINT ( 'NONE',  ( -27.49999999999999645, 1.506042024990511526E-13, -1.954188478668190454 ) ) ;
#6275 = VECTOR ( 'NONE', #4927, 1000.000000000000000 ) ;
#6276 = CARTESIAN_POINT ( 'NONE',  ( -16.78235294117647314, -26.97058823529411953, -4.871890048187180078 ) ) ;
#6277 = ADVANCED_FACE ( 'NONE', ( #4192 ), #3113, .T. ) ;
#6278 = VERTEX_POINT ( 'NONE', #6285 ) ;
#6279 = CARTESIAN_POINT ( 'NONE',  ( -5.900596736361536365, -8.847358520986746910, 1.912499999999999645 ) ) ;
#6280 = VECTOR ( 'NONE', #5932, 1000.000000000000114 ) ;
#6281 = CARTESIAN_POINT ( 'NONE',  ( 10.00314624412034981, -10.94380396979420844, 1.912499999999999645 ) ) ;
#6282 = CARTESIAN_POINT ( 'NONE',  ( 20.61675061128899955, -12.10421909368450066, 2.550000000000000266 ) ) ;
#6283 = CARTESIAN_POINT ( 'NONE',  ( -23.70715493704626198, -11.74162135964227893, -4.095824224701523519 ) ) ;
#6284 = EDGE_CURVE ( 'NONE', #6539, #9327, #10263, .T. ) ;
#6285 = CARTESIAN_POINT ( 'NONE',  ( 13.56088393414755444, -2.702672906033060318, 1.275000000000000133 ) ) ;
#6286 = DIRECTION ( 'NONE',  ( 0.000000000000000000, 1.000000000000000000, 0.000000000000000000 ) ) ;
#6287 = EDGE_LOOP ( 'NONE', ( #8608, #11741, #10731, #7784 ) ) ;
#6288 = FACE_OUTER_BOUND ( 'NONE', #11718, .T. ) ;
#6289 = ORIENTED_EDGE ( 'NONE', *, *, #11725, .T. ) ;
#6290 = CARTESIAN_POINT ( 'NONE',  ( 49.15602357790933752, 30.94182379745949163, -1.275000000000000133 ) ) ;
#6291 = ORIENTED_EDGE ( 'NONE', *, *, #919, .T. ) ;
#6292 = DIRECTION ( 'NONE',  ( -0.6757246285173522660, -0.7371541402007359967, 0.000000000000000000 ) ) ;
#6293 = EDGE_CURVE ( 'NONE', #2831, #11215, #2664, .T. ) ;
#6294 = VECTOR ( 'NONE', #5419, 1000.000000000000000 ) ;
#6295 = ORIENTED_EDGE ( 'NONE', *, *, #9015, .T. ) ;
#6296 = CARTESIAN_POINT ( 'NONE',  ( 3.369076640044708526, 17.36454658905779169, 1.912499999999999645 ) ) ;
#6297 = DIRECTION ( 'NONE',  ( 0.000000000000000000, 1.000000000000000000, 0.000000000000000000 ) ) ;
#6298 = VERTEX_POINT ( 'NONE', #3416 ) ;
#6299 = PLANE ( 'NONE',  #6060 ) ;
#6300 = LINE ( 'NONE', #7399, #9381 ) ;
#6301 = EDGE_CURVE ( 'NONE', #265, #11445, #1417, .T. ) ;
#6302 = CARTESIAN_POINT ( 'NONE',  ( 57.53364161958099743, 13.43642638473705198, 1.275000000000000133 ) ) ;
#6303 = CARTESIAN_POINT ( 'NONE',  ( 36.76623602454992579, 42.04239423177097734, -1.275000000000000133 ) ) ;
#6304 = ORIENTED_EDGE ( 'NONE', *, *, #12574, .F. ) ;
#6305 = DIRECTION ( 'NONE',  ( -0.9486832980505108814, 0.3162277660168469895, 0.000000000000000000 ) ) ;
#6306 = DIRECTION ( 'NONE',  ( -0.000000000000000000, -0.000000000000000000, -1.000000000000000000 ) ) ;
#6307 = VERTEX_POINT ( 'NONE', #7453 ) ;
#6308 = LINE ( 'NONE', #1323, #4690 ) ;
#6309 = CARTESIAN_POINT ( 'NONE',  ( 56.24471162071884578, 22.14384850482823097, 1.275000000000000133 ) ) ;
#6310 = EDGE_CURVE ( 'NONE', #8660, #2288, #3622, .T. ) ;
#6311 = VECTOR ( 'NONE', #12164, 1000.000000000000000 ) ;
#6312 = EDGE_LOOP ( 'NONE', ( #3595, #9667, #10847, #5080 ) ) ;
#6313 = ORIENTED_EDGE ( 'NONE', *, *, #10391, .T. ) ;
#6314 = CARTESIAN_POINT ( 'NONE',  ( 26.26516552938232607, 3.720719671779026072, 2.736836319078443047 ) ) ;
#6315 = VECTOR ( 'NONE', #12098, 1000.000000000000000 ) ;
#6316 = FACE_OUTER_BOUND ( 'NONE', #3516, .T. ) ;
#6317 = DIRECTION ( 'NONE',  ( 0.000000000000000000, -1.000000000000000000, 2.168404344971008868E-16 ) ) ;
#6318 = ORIENTED_EDGE ( 'NONE', *, *, #1631, .F. ) ;
#6319 = PLANE ( 'NONE',  #6630 ) ;
#6320 = CARTESIAN_POINT ( 'NONE',  ( 26.07292299628629806, -9.011190028381792061, 2.719020854554674127 ) ) ;
#6321 = DIRECTION ( 'NONE',  ( 0.000000000000000000, 0.000000000000000000, 1.000000000000000000 ) ) ;
#6322 = DIRECTION ( 'NONE',  ( 1.000000000000000000, 0.000000000000000000, 0.000000000000000000 ) ) ;
#6323 = VECTOR ( 'NONE', #5938, 1000.000000000000114 ) ;
#6324 = VERTEX_POINT ( 'NONE', #5445 ) ;
#6325 = ORIENTED_EDGE ( 'NONE', *, *, #10823, .T. ) ;
#6326 = LINE ( 'NONE', #9132, #3889 ) ;
#6327 = CARTESIAN_POINT ( 'NONE',  ( 15.38045670213009863, 74.51861236923376453, -2.010878835394170228 ) ) ;
#6328 = DIRECTION ( 'NONE',  ( 0.1465486610894720099, 0.9892034623538694671, -0.000000000000000000 ) ) ;
#6329 = FACE_OUTER_BOUND ( 'NONE', #7489, .T. ) ;
#6330 = LINE ( 'NONE', #4308, #8522 ) ;
#6331 = EDGE_CURVE ( 'NONE', #7740, #1798, #5641, .T. ) ;
#6332 = DIRECTION ( 'NONE',  ( -0.000000000000000000, -0.000000000000000000, 1.000000000000000000 ) ) ;
#6333 = CARTESIAN_POINT ( 'NONE',  ( 32.53907208397777140, -19.48308816078074202, -1.275000000000000133 ) ) ;
#6334 = VERTEX_POINT ( 'NONE', #9414 ) ;
#6335 = VERTEX_POINT ( 'NONE', #7382 ) ;
#6336 = DIRECTION ( 'NONE',  ( 0.9090648228942810327, -0.4166547104932202816, 0.000000000000000000 ) ) ;
#6337 = EDGE_CURVE ( 'NONE', #5274, #6255, #1560, .T. ) ;
#6338 = AXIS2_PLACEMENT_3D ( 'NONE', #10489, #8317, #10289 ) ;
#6339 = ORIENTED_EDGE ( 'NONE', *, *, #8753, .F. ) ;
#6340 = CARTESIAN_POINT ( 'NONE',  ( 16.74702004040473113, -12.10421909368450066, 1.275000000000000133 ) ) ;
#6341 = LINE ( 'NONE', #12469, #9698 ) ;
#6342 = CARTESIAN_POINT ( 'NONE',  ( 13.44659553120966677, -8.770583410597117435, 1.912499999999999645 ) ) ;
#6343 = CARTESIAN_POINT ( 'NONE',  ( 9.414560009330283918, -7.910646086973067703, -1.275000000000000133 ) ) ;
#6344 = CARTESIAN_POINT ( 'NONE',  ( 57.53364161958099743, 13.43642638473705198, -1.912499999999999645 ) ) ;
#6345 = FACE_OUTER_BOUND ( 'NONE', #10615, .T. ) ;
#6346 = VERTEX_POINT ( 'NONE', #9478 ) ;
#6347 = CARTESIAN_POINT ( 'NONE',  ( 10.00314624412034981, 30.12831799411278411, 1.912499999999999645 ) ) ;
#6348 = ORIENTED_EDGE ( 'NONE', *, *, #9697, .F. ) ;
#6349 = VECTOR ( 'NONE', #5973, 1000.000000000000000 ) ;
#6350 = ORIENTED_EDGE ( 'NONE', *, *, #7547, .F. ) ;
#6351 = DIRECTION ( 'NONE',  ( -0.4788521306805718081, 0.8778955729143851361, 0.000000000000000000 ) ) ;
#6352 = EDGE_CURVE ( 'NONE', #8941, #5950, #10402, .T. ) ;
#6353 = ORIENTED_EDGE ( 'NONE', *, *, #5959, .F. ) ;
#6354 = CARTESIAN_POINT ( 'NONE',  ( 15.10564948835784627, -8.345536529013696025, -1.275000000000000133 ) ) ;
#6355 = ADVANCED_FACE ( 'NONE', ( #3554 ), #7322, .T. ) ;
#6356 = EDGE_CURVE ( 'NONE', #12765, #1508, #6484, .T. ) ;
#6357 = EDGE_CURVE ( 'NONE', #2947, #7462, #6592, .T. ) ;
#6358 = EDGE_LOOP ( 'NONE', ( #11044, #10801, #2264 ) ) ;
#6359 = LINE ( 'NONE', #4263, #12222 ) ;
#6360 = DIRECTION ( 'NONE',  ( 0.03446227583977479192, 0.9994059993535877595, -0.000000000000000000 ) ) ;
#6361 = ORIENTED_EDGE ( 'NONE', *, *, #9797, .T. ) ;
#6362 = DIRECTION ( 'NONE',  ( -0.000000000000000000, -0.000000000000000000, -1.000000000000000000 ) ) ;
#6363 = FACE_OUTER_BOUND ( 'NONE', #9857, .T. ) ;
#6364 = AXIS2_PLACEMENT_3D ( 'NONE', #8297, #9271, #456 ) ;
#6365 = CARTESIAN_POINT ( 'NONE',  ( 50.16957179191506100, -12.10421909368450066, 2.550000000000000266 ) ) ;
#6366 = DIRECTION ( 'NONE',  ( -0.000000000000000000, 1.000000000000000000, -0.000000000000000000 ) ) ;
#6367 = ORIENTED_EDGE ( 'NONE', *, *, #5089, .F. ) ;
#6368 = DIRECTION ( 'NONE',  ( 0.3162277660168469895, 0.9486832980505108814, -0.000000000000000000 ) ) ;
#6369 = DIRECTION ( 'NONE',  ( 0.000000000000000000, 1.000000000000000000, -0.000000000000000000 ) ) ;
#6370 = VERTEX_POINT ( 'NONE', #8426 ) ;
#6371 = CARTESIAN_POINT ( 'NONE',  ( -27.50000000000000000, -10.48790597677185232, 3.944330564366027136 ) ) ;
#6372 = VECTOR ( 'NONE', #9674, 1000.000000000000000 ) ;
#6373 = LINE ( 'NONE', #6447, #10784 ) ;
#6374 = AXIS2_PLACEMENT_3D ( 'NONE', #302, #12124, #9458 ) ;
#6375 = AXIS2_PLACEMENT_3D ( 'NONE', #11275, #9192, #1341 ) ;
#6376 = ORIENTED_EDGE ( 'NONE', *, *, #10142, .F. ) ;
#6377 = EDGE_LOOP ( 'NONE', ( #5482, #12087, #8008, #1765 ) ) ;
#6378 = CARTESIAN_POINT ( 'NONE',  ( 26.51644468328501958, -0.4129779082836431137, 2.982096318018716552 ) ) ;
#6379 = EDGE_CURVE ( 'NONE', #12082, #7360, #1425, .T. ) ;
#6380 = DIRECTION ( 'NONE',  ( -0.7295372041400839391, -0.6839411288813310730, 0.000000000000000000 ) ) ;
#6381 = CARTESIAN_POINT ( 'NONE',  ( -15.90000000000000391, -26.50000000000000355, -4.871890048187180078 ) ) ;
#6382 = EDGE_CURVE ( 'NONE', #1579, #7179, #717, .T. ) ;
#6383 = ORIENTED_EDGE ( 'NONE', *, *, #3613, .F. ) ;
#6384 = ORIENTED_EDGE ( 'NONE', *, *, #2723, .F. ) ;
#6385 = CIRCLE ( 'NONE', #4088, 1.000000000000000888 ) ;
#6386 = DIRECTION ( 'NONE',  ( 1.000000000000000000, -0.000000000000000000, -0.000000000000000000 ) ) ;
#6387 = CARTESIAN_POINT ( 'NONE',  ( 27.51799396695097855, -0.4337557101324669984, 2.983349059934369940 ) ) ;
#6388 = LINE ( 'NONE', #7560, #6220 ) ;
#6389 = LINE ( 'NONE', #5425, #10719 ) ;
#6390 = VECTOR ( 'NONE', #9899, 1000.000000000000000 ) ;
#6391 = CIRCLE ( 'NONE', #8471, 4.000000000000000000 ) ;
#6392 = VECTOR ( 'NONE', #10308, 1000.000000000000114 ) ;
#6393 = EDGE_LOOP ( 'NONE', ( #2806, #7059, #754, #449, #7790, #4669, #11436, #12403, #8354, #9286, #6244, #3378, #6867, #5209, #9746, #922, #1129, #1653, #9649, #12750, #10120, #5666, #1797, #9240, #11187, #11879, #10424, #3676, #10802, #9499, #8876, #5797, #12369, #3056, #10925, #4419, #10020, #1760, #12708, #6155, #9201, #7004, #1307, #12773, #9392, #10645, #12416, #11953, #5616, #10166, #9089, #2470, #7135, #7561, #2071, #9526, #130, #2716, #11195, #6861, #4703, #10567, #955, #11805, #1096, #2335, #12685, #10104, #7157, #2396 ) ) ;
#6394 = VECTOR ( 'NONE', #4024, 1000.000000000000000 ) ;
#6395 = ORIENTED_EDGE ( 'NONE', *, *, #3109, .T. ) ;
#6396 = DIRECTION ( 'NONE',  ( 0.000000000000000000, 1.000000000000000000, -0.000000000000000000 ) ) ;
#6397 = DIRECTION ( 'NONE',  ( -0.000000000000000000, -0.000000000000000000, -1.000000000000000000 ) ) ;
#6398 = AXIS2_PLACEMENT_3D ( 'NONE', #4008, #6880, #3823 ) ;
#6399 = CARTESIAN_POINT ( 'NONE',  ( 53.90104024953674156, 26.09312535970788360, -1.275000000000000133 ) ) ;
#6400 = VECTOR ( 'NONE', #2979, 1000.000000000000000 ) ;
#6401 = DIRECTION ( 'NONE',  ( -0.8351708648198779006, -0.5499905695155301588, 0.000000000000000000 ) ) ;
#6402 = VECTOR ( 'NONE', #10690, 1000.000000000000000 ) ;
#6403 = DIRECTION ( 'NONE',  ( 0.000000000000000000, -1.000000000000000000, 0.000000000000000000 ) ) ;
#6404 = DIRECTION ( 'NONE',  ( 1.000000000000000000, 0.000000000000000000, 0.000000000000000000 ) ) ;
#6405 = DIRECTION ( 'NONE',  ( -0.000000000000000000, -0.000000000000000000, 1.000000000000000000 ) ) ;
#6406 = ORIENTED_EDGE ( 'NONE', *, *, #29, .F. ) ;
#6407 = FACE_OUTER_BOUND ( 'NONE', #11751, .T. ) ;
#6408 = VECTOR ( 'NONE', #11389, 1000.000000000000114 ) ;
#6409 = FACE_OUTER_BOUND ( 'NONE', #12598, .T. ) ;
#6410 = VERTEX_POINT ( 'NONE', #5384 ) ;
#6411 = AXIS2_PLACEMENT_3D ( 'NONE', #2211, #6098, #8048 ) ;
#6412 = AXIS2_PLACEMENT_3D ( 'NONE', #8664, #621, #9647 ) ;
#6413 = EDGE_LOOP ( 'NONE', ( #12795, #8950, #71, #436 ) ) ;
#6414 = DIRECTION ( 'NONE',  ( 1.000000000000000000, 0.000000000000000000, -0.000000000000000000 ) ) ;
#6415 = CARTESIAN_POINT ( 'NONE',  ( -7.897809398020091187, -8.204656868619112586, 1.912499999999999645 ) ) ;
#6416 = CARTESIAN_POINT ( 'NONE',  ( 4.437945083414517100, 6.104566538103151530, 0.5766211646058294615 ) ) ;
#6417 = LINE ( 'NONE', #11560, #11977 ) ;
#6418 = CARTESIAN_POINT ( 'NONE',  ( 5.926536009056959209, 21.18669797144782407, 2.500000000000000000 ) ) ;
#6419 = DIRECTION ( 'NONE',  ( 0.000000000000000000, -0.000000000000000000, 1.000000000000000000 ) ) ;
#6420 = ORIENTED_EDGE ( 'NONE', *, *, #11320, .T. ) ;
#6421 = DIRECTION ( 'NONE',  ( -0.000000000000000000, -0.000000000000000000, -1.000000000000000000 ) ) ;
#6422 = VECTOR ( 'NONE', #8773, 1000.000000000000227 ) ;
#6423 = EDGE_LOOP ( 'NONE', ( #1989, #3357, #4055, #10556 ) ) ;
#6424 = EDGE_LOOP ( 'NONE', ( #9728, #8736, #6703, #11531, #85, #1542 ) ) ;
#6425 = PLANE ( 'NONE',  #4539 ) ;
#6426 = ORIENTED_EDGE ( 'NONE', *, *, #5190, .F. ) ;
#6427 = CARTESIAN_POINT ( 'NONE',  ( -2.500497672223062740, -7.976601443585464857, -1.275000000000000133 ) ) ;
#6428 = ADVANCED_FACE ( 'NONE', ( #3349 ), #11499, .T. ) ;
#6429 = VERTEX_POINT ( 'NONE', #3485 ) ;
#6430 = AXIS2_PLACEMENT_3D ( 'NONE', #322, #5250, #3116 ) ;
#6431 = FACE_OUTER_BOUND ( 'NONE', #6423, .T. ) ;
#6432 = ORIENTED_EDGE ( 'NONE', *, *, #2557, .T. ) ;
#6433 = ORIENTED_EDGE ( 'NONE', *, *, #9221, .T. ) ;
#6434 = AXIS2_PLACEMENT_3D ( 'NONE', #6212, #4051, #12065 ) ;
#6435 = LINE ( 'NONE', #1376, #6488 ) ;
#6436 = LINE ( 'NONE', #4747, #11180 ) ;
#6437 = DIRECTION ( 'NONE',  ( 1.000000000000000000, 0.000000000000000000, 0.000000000000000000 ) ) ;
#6438 = DIRECTION ( 'NONE',  ( -0.000000000000000000, -0.000000000000000000, -1.000000000000000000 ) ) ;
#6439 = EDGE_CURVE ( 'NONE', #3609, #595, #1625, .T. ) ;
#6440 = VECTOR ( 'NONE', #11360, 1000.000000000000000 ) ;
#6441 = ADVANCED_FACE ( 'NONE', ( #10467 ), #653, .T. ) ;
#6442 = VERTEX_POINT ( 'NONE', #6618 ) ;
#6443 = DIRECTION ( 'NONE',  ( -6.938893903907222067E-15, 1.000000000000000000, 0.000000000000000000 ) ) ;
#6444 = LINE ( 'NONE', #11317, #931 ) ;
#6445 = EDGE_LOOP ( 'NONE', ( #464, #11261, #2627, #9634, #8308, #12183, #3686, #6071, #9827, #678, #8707, #4884, #10846, #9341, #5836, #4407, #2382, #7206, #6666, #2347, #12680, #8035, #12543, #6888, #2845, #2928, #2662, #8709, #2068, #5655, #4707, #11230, #10196, #10866, #5729, #9755, #12022, #10923, #450, #7347, #2912, #218, #12496, #12557, #8450, #9382, #4898, #4429, #11532, #2925, #8739, #4769, #7989, #1777, #9418, #11880, #6529, #9007, #107, #3549, #5679, #2610, #8043, #11330, #9307, #1115, #12764, #9202, #721, #5643, #1497, #7037, #12483, #3390, #5840, #11680, #6628, #2990, #4849, #4010, #1019, #5883, #3382, #9653, #1191, #2194, #6289, #8849, #4337, #7247, #12492, #6538, #3812, #3292, #106, #5631, #9796, #122, #7565, #1109, #6030, #12842, #12632, #11609, #1169, #12241, #9100, #68, #6129, #958, #11696, #9623, #4897, #2719, #8585, #2255, #2391, #56, #11556, #7120, #11478, #1143 ) ) ;
#6446 = PLANE ( 'NONE',  #345 ) ;
#6447 = CARTESIAN_POINT ( 'NONE',  ( -25.00000000000000000, 0.000000000000000000, 9.000000000000000000 ) ) ;
#6448 = EDGE_CURVE ( 'NONE', #2819, #5395, #10601, .T. ) ;
#6449 = VERTEX_POINT ( 'NONE', #455 ) ;
#6450 = CARTESIAN_POINT ( 'NONE',  ( -9.399145120566069878, -4.587393952451848556, 1.275000000000000133 ) ) ;
#6451 = CARTESIAN_POINT ( 'NONE',  ( 20.85557084786153581, -3.914443179296865694, 1.275000000000000133 ) ) ;
#6452 = FACE_OUTER_BOUND ( 'NONE', #6688, .T. ) ;
#6453 = DIRECTION ( 'NONE',  ( -0.9999921886900041690, 0.003952538295216394097, 0.000000000000000000 ) ) ;
#6454 = ORIENTED_EDGE ( 'NONE', *, *, #346, .F. ) ;
#6455 = ORIENTED_EDGE ( 'NONE', *, *, #8346, .F. ) ;
#6456 = EDGE_CURVE ( 'NONE', #3723, #6049, #11632, .T. ) ;
#6457 = DIRECTION ( 'NONE',  ( -0.9149178015729286795, -0.4036402065763011193, 0.000000000000000000 ) ) ;
#6458 = CARTESIAN_POINT ( 'NONE',  ( 26.45446676600158398, 7.530538069423015735, 1.596502551918132395 ) ) ;
#6459 = FACE_OUTER_BOUND ( 'NONE', #6393, .T. ) ;
#6460 = ORIENTED_EDGE ( 'NONE', *, *, #5414, .F. ) ;
#6461 = CARTESIAN_POINT ( 'NONE',  ( 25.00000000000000355, -0.4505197563078436884, -2.986954909087243148 ) ) ;
#6462 = ADVANCED_FACE ( 'NONE', ( #10781 ), #1881, .T. ) ;
#6463 = EDGE_LOOP ( 'NONE', ( #4610, #5694, #12070, #1805 ) ) ;
#6464 = ORIENTED_EDGE ( 'NONE', *, *, #1650, .F. ) ;
#6465 = CARTESIAN_POINT ( 'NONE',  ( 9.511444474816499906, 8.139807388987382097, 1.151621164605829417 ) ) ;
#6466 = LINE ( 'NONE', #871, #10224 ) ;
#6467 = CARTESIAN_POINT ( 'NONE',  ( -14.76193061260650552, -13.55513574522346865, -2.550000000000000266 ) ) ;
#6468 = CARTESIAN_POINT ( 'NONE',  ( 49.50600713442071310, -6.035955839322809879, 1.275000000000000133 ) ) ;
#6469 = EDGE_CURVE ( 'NONE', #10804, #10093, #2836, .T. ) ;
#6470 = DIRECTION ( 'NONE',  ( 1.000000000000000000, 0.000000000000000000, 0.000000000000000000 ) ) ;
#6471 = CARTESIAN_POINT ( 'NONE',  ( 11.30748009436489276, 8.151174703035154678, 0.5766211646058294615 ) ) ;
#6472 = VERTEX_POINT ( 'NONE', #4729 ) ;
#6473 = ORIENTED_EDGE ( 'NONE', *, *, #805, .F. ) ;
#6474 = CARTESIAN_POINT ( 'NONE',  ( 7.220177707534483957, 7.254566538103149220, 0.5766211646058294615 ) ) ;
#6475 = CARTESIAN_POINT ( 'NONE',  ( 9.216325940966472174, -8.051061885397436058, 1.912499999999999645 ) ) ;
#6476 = VECTOR ( 'NONE', #618, 1000.000000000000114 ) ;
#6477 = VERTEX_POINT ( 'NONE', #7652 ) ;
#6478 = EDGE_CURVE ( 'NONE', #10636, #1638, #6924, .T. ) ;
#6479 = ORIENTED_EDGE ( 'NONE', *, *, #8738, .T. ) ;
#6480 = CARTESIAN_POINT ( 'NONE',  ( -14.06231303136081046, 14.36860075111488122, -1.148378835394170627 ) ) ;
#6481 = DIRECTION ( 'NONE',  ( 1.000000000000000000, 0.000000000000000000, 0.000000000000000000 ) ) ;
#6482 = DIRECTION ( 'NONE',  ( -0.000000000000000000, 0.000000000000000000, 1.000000000000000000 ) ) ;
#6483 = DIRECTION ( 'NONE',  ( 0.9966162533834025394, -0.08219515491821648145, 0.000000000000000000 ) ) ;
#6484 = LINE ( 'NONE', #11359, #804 ) ;
#6485 = PLANE ( 'NONE',  #7055 ) ;
#6486 = ORIENTED_EDGE ( 'NONE', *, *, #11128, .F. ) ;
#6487 = DIRECTION ( 'NONE',  ( 0.9981525800951075444, -0.06075711357100488375, 0.000000000000000000 ) ) ;
#6488 = VECTOR ( 'NONE', #12226, 999.9999999999998863 ) ;
#6489 = VERTEX_POINT ( 'NONE', #11692 ) ;
#6490 = ORIENTED_EDGE ( 'NONE', *, *, #7448, .T. ) ;
#6491 = CARTESIAN_POINT ( 'NONE',  ( 50.01465487017515699, -9.065663206091183923, 1.912499999999999645 ) ) ;
#6492 = ORIENTED_EDGE ( 'NONE', *, *, #6704, .T. ) ;
#6493 = DIRECTION ( 'NONE',  ( -0.6866235329637208062, 0.7270131525498133573, 0.000000000000000000 ) ) ;
#6494 = AXIS2_PLACEMENT_3D ( 'NONE', #2778, #9476, #11559 ) ;
#6495 = ORIENTED_EDGE ( 'NONE', *, *, #1596, .F. ) ;
#6496 = CARTESIAN_POINT ( 'NONE',  ( -24.26470588235293846, -12.94117647058824438, 3.176635312041682813 ) ) ;
#6497 = VERTEX_POINT ( 'NONE', #4986 ) ;
#6498 = VERTEX_POINT ( 'NONE', #12604 ) ;
#6499 = DIRECTION ( 'NONE',  ( -0.4063124687155822423, 0.9137341942634351621, 0.000000000000000000 ) ) ;
#6500 = DIRECTION ( 'NONE',  ( 0.000000000000000000, -1.000000000000000000, 0.000000000000000000 ) ) ;
#6501 = LINE ( 'NONE', #10795, #2641 ) ;
#6502 = FACE_OUTER_BOUND ( 'NONE', #12783, .T. ) ;
#6503 = EDGE_CURVE ( 'NONE', #12441, #11619, #8702, .T. ) ;
#6504 = ORIENTED_EDGE ( 'NONE', *, *, #492, .T. ) ;
#6505 = DIRECTION ( 'NONE',  ( 3.469446951953611033E-15, 1.000000000000000000, 0.000000000000000000 ) ) ;
#6506 = CARTESIAN_POINT ( 'NONE',  ( 50.16957179191506100, -10.94380396979420844, 2.550000000000000266 ) ) ;
#6507 = CIRCLE ( 'NONE', #9834, 26.49999999999999645 ) ;
#6508 = ORIENTED_EDGE ( 'NONE', *, *, #3646, .T. ) ;
#6509 = CARTESIAN_POINT ( 'NONE',  ( 1.616094351457737499, -12.10421909368450066, 2.550000000000000266 ) ) ;
#6510 = DIRECTION ( 'NONE',  ( 0.7916961098466014368, 0.6109151083855741682, 0.000000000000000000 ) ) ;
#6511 = ADVANCED_FACE ( 'NONE', ( #7717 ), #8814, .F. ) ;
#6512 = ORIENTED_EDGE ( 'NONE', *, *, #8609, .T. ) ;
#6513 = DIRECTION ( 'NONE',  ( 0.09476819891418401809, 0.9954993663858161534, 0.000000000000000000 ) ) ;
#6514 = PLANE ( 'NONE',  #6412 ) ;
#6515 = LINE ( 'NONE', #3720, #4062 ) ;
#6516 = EDGE_LOOP ( 'NONE', ( #1747, #183, #2987, #11822 ) ) ;
#6517 = EDGE_LOOP ( 'NONE', ( #5564, #5034, #11871, #642 ) ) ;
#6518 = DIRECTION ( 'NONE',  ( -0.000000000000000000, -0.000000000000000000, -1.000000000000000000 ) ) ;
#6519 = CARTESIAN_POINT ( 'NONE',  ( 24.72256468642025595, 9.789430818789774946, 2.524488588294241165 ) ) ;
#6520 = DIRECTION ( 'NONE',  ( -0.7916633378081123773, -0.6109575759171159692, 0.000000000000000000 ) ) ;
#6521 = ORIENTED_EDGE ( 'NONE', *, *, #1056, .T. ) ;
#6522 = CARTESIAN_POINT ( 'NONE',  ( 13.64993377744630898, -10.94380396979420844, 1.275000000000000133 ) ) ;
#6523 = EDGE_CURVE ( 'NONE', #5828, #3567, #376, .T. ) ;
#6524 = VECTOR ( 'NONE', #3901, 1000.000000000000000 ) ;
#6525 = ADVANCED_FACE ( 'NONE', ( #4916 ), #9803, .T. ) ;
#6526 = EDGE_CURVE ( 'NONE', #4182, #2359, #11818, .T. ) ;
#6527 = VECTOR ( 'NONE', #8588, 1000.000000000000000 ) ;
#6528 = EDGE_CURVE ( 'NONE', #625, #12267, #6796, .T. ) ;
#6529 = ORIENTED_EDGE ( 'NONE', *, *, #11128, .T. ) ;
#6530 = ORIENTED_EDGE ( 'NONE', *, *, #1203, .T. ) ;
#6531 = DIRECTION ( 'NONE',  ( 1.000000000000000000, 0.000000000000000000, 0.000000000000000000 ) ) ;
#6532 = CARTESIAN_POINT ( 'NONE',  ( 7.702410331654460762, 7.264001408762807088, 1.151621164605829417 ) ) ;
#6533 = CARTESIAN_POINT ( 'NONE',  ( 26.49481981001235198, -9.714557292503382513, 1.275000000000000133 ) ) ;
#6534 = DIRECTION ( 'NONE',  ( 0.7496365639656836777, 0.6618496974130330113, 0.000000000000000000 ) ) ;
#6535 = COLOUR_RGB ( '',0.7921568627450980005, 0.8196078431372548767, 0.9333333333333333481 ) ;
#6536 = FACE_OUTER_BOUND ( 'NONE', #4235, .T. ) ;
#6537 = LINE ( 'NONE', #9535, #4952 ) ;
#6538 = ORIENTED_EDGE ( 'NONE', *, *, #11475, .T. ) ;
#6539 = VERTEX_POINT ( 'NONE', #5765 ) ;
#6540 = CARTESIAN_POINT ( 'NONE',  ( 3.747344086032916799, 74.51861236923376453, -1.148378835394170627 ) ) ;
#6541 = DIRECTION ( 'NONE',  ( 0.000000000000000000, 1.000000000000000000, -0.000000000000000000 ) ) ;
#6542 = ORIENTED_EDGE ( 'NONE', *, *, #1857, .F. ) ;
#6543 = EDGE_CURVE ( 'NONE', #11202, #1240, #902, .T. ) ;
#6544 = ORIENTED_EDGE ( 'NONE', *, *, #11703, .F. ) ;
#6545 = DIRECTION ( 'NONE',  ( 0.000000000000000000, 2.479012299922036093E-16, 1.000000000000000000 ) ) ;
#6546 = DIRECTION ( 'NONE',  ( 1.000000000000000000, 0.000000000000000000, 0.000000000000000000 ) ) ;
#6547 = DIRECTION ( 'NONE',  ( -0.000000000000000000, -0.000000000000000000, -1.000000000000000000 ) ) ;
#6548 = CARTESIAN_POINT ( 'NONE',  ( 5.587945083414529002, 7.254566538103156326, 0.5766211646058294615 ) ) ;
#6549 = EDGE_CURVE ( 'NONE', #1767, #6046, #9741, .T. ) ;
#6550 = DIRECTION ( 'NONE',  ( 1.000000000000000000, 0.000000000000000000, 0.000000000000000000 ) ) ;
#6551 = CARTESIAN_POINT ( 'NONE',  ( 15.46899601616303421, -8.160435467678976096, 1.912499999999999645 ) ) ;
#6552 = ORIENTED_EDGE ( 'NONE', *, *, #6179, .T. ) ;
#6553 = DIRECTION ( 'NONE',  ( 1.000000000000000000, -1.224646799147353207E-16, 7.589786195365908851E-33 ) ) ;
#6554 = EDGE_LOOP ( 'NONE', ( #7529, #7948, #3133 ) ) ;
#6555 = VERTEX_POINT ( 'NONE', #848 ) ;
#6556 = ORIENTED_EDGE ( 'NONE', *, *, #8738, .F. ) ;
#6557 = CARTESIAN_POINT ( 'NONE',  ( 50.16957179191506100, -12.10421909368450066, 2.550000000000000266 ) ) ;
#6558 = EDGE_CURVE ( 'NONE', #9513, #12565, #10905, .T. ) ;
#6559 = ORIENTED_EDGE ( 'NONE', *, *, #11604, .F. ) ;
#6560 = ORIENTED_EDGE ( 'NONE', *, *, #12328, .T. ) ;
#6561 = DIRECTION ( 'NONE',  ( -0.5496165014762778300, -0.8354170822439391797, 0.000000000000000000 ) ) ;
#6562 = ORIENTED_EDGE ( 'NONE', *, *, #7167, .T. ) ;
#6563 = EDGE_LOOP ( 'NONE', ( #2088, #3853, #5058, #12217 ) ) ;
#6564 = CARTESIAN_POINT ( 'NONE',  ( 32.13262066142611673, -16.38802965820035951, -1.275000000000000133 ) ) ;
#6565 = FACE_OUTER_BOUND ( 'NONE', #691, .T. ) ;
#6566 = CARTESIAN_POINT ( 'NONE',  ( -14.76193061260650552, 30.12831799411278411, 2.550000000000000266 ) ) ;
#6567 = CARTESIAN_POINT ( 'NONE',  ( -24.90176471253379731, -2.260240599495081160, 3.121787829000053804 ) ) ;
#6568 = VERTEX_POINT ( 'NONE', #7897 ) ;
#6569 = CARTESIAN_POINT ( 'NONE',  ( 24.96672271489734385, 1.289479304769642010, -2.873378835394172270 ) ) ;
#6570 = CARTESIAN_POINT ( 'NONE',  ( -22.21145696807877812, 11.67755596608731317, 2.500000000000015099 ) ) ;
#6571 = ORIENTED_EDGE ( 'NONE', *, *, #2430, .T. ) ;
#6572 = DIRECTION ( 'NONE',  ( 1.000000000000000000, 0.000000000000000000, 0.000000000000000000 ) ) ;
#6573 = EDGE_LOOP ( 'NONE', ( #8363, #3730, #7089, #6165, #10966, #6717 ) ) ;
#6574 = EDGE_CURVE ( 'NONE', #1618, #2670, #1031, .T. ) ;
#6575 = VECTOR ( 'NONE', #5114, 1000.000000000000000 ) ;
#6576 = VERTEX_POINT ( 'NONE', #12849 ) ;
#6577 = LINE ( 'NONE', #2693, #3973 ) ;
#6578 = DIRECTION ( 'NONE',  ( 1.000000000000000000, 0.000000000000000000, 0.000000000000000000 ) ) ;
#6579 = LINE ( 'NONE', #3526, #4333 ) ;
#6580 = ORIENTED_EDGE ( 'NONE', *, *, #9775, .T. ) ;
#6581 = ORIENTED_EDGE ( 'NONE', *, *, #11441, .F. ) ;
#6582 = DIRECTION ( 'NONE',  ( -0.002119987961336395298, 0.9999977528229969659, 0.000000000000000000 ) ) ;
#6583 = CARTESIAN_POINT ( 'NONE',  ( -7.823397229952084864, -8.669060361656391933, 1.912499999999999645 ) ) ;
#6584 = LINE ( 'NONE', #3594, #3521 ) ;
#6585 = VERTEX_POINT ( 'NONE', #3935 ) ;
#6586 = VECTOR ( 'NONE', #6546, 1000.000000000000000 ) ;
#6587 = CARTESIAN_POINT ( 'NONE',  ( 50.16957179191506100, -10.94380396979420844, 1.912499999999999645 ) ) ;
#6588 = EDGE_CURVE ( 'NONE', #1499, #772, #1757, .T. ) ;
#6589 = ORIENTED_EDGE ( 'NONE', *, *, #10591, .T. ) ;
#6590 = VERTEX_POINT ( 'NONE', #1999 ) ;
#6591 = PLANE ( 'NONE',  #2673 ) ;
#6592 = CIRCLE ( 'NONE', #9918, 5.000000000000001776 ) ;
#6593 = DIRECTION ( 'NONE',  ( 0.4166547104932203371, 0.9090648228942811437, -0.000000000000000000 ) ) ;
#6594 = DIRECTION ( 'NONE',  ( -0.6766252893427964210, -0.7363275207553884316, 0.000000000000000000 ) ) ;
#6595 = EDGE_CURVE ( 'NONE', #8256, #8107, #5948, .T. ) ;
#6596 = VECTOR ( 'NONE', #2367, 1000.000000000000114 ) ;
#6597 = DIRECTION ( 'NONE',  ( 0.6757246285173522660, 0.7371541402007359967, 0.000000000000000000 ) ) ;
#6598 = CARTESIAN_POINT ( 'NONE',  ( -15.90000000000000391, -26.50000000000000355, 4.871890048187182742 ) ) ;
#6599 = EDGE_LOOP ( 'NONE', ( #117, #3986, #3460, #347 ) ) ;
#6600 = EDGE_CURVE ( 'NONE', #5269, #5769, #4374, .T. ) ;
#6601 = ORIENTED_EDGE ( 'NONE', *, *, #2788, .F. ) ;
#6602 = EDGE_CURVE ( 'NONE', #3558, #12196, #9551, .T. ) ;
#6603 = EDGE_CURVE ( 'NONE', #11305, #3418, #5223, .T. ) ;
#6604 = DIRECTION ( 'NONE',  ( 0.5836360481525668664, -0.8120153713427196163, 0.000000000000000000 ) ) ;
#6605 = EDGE_CURVE ( 'NONE', #11080, #11892, #6208, .T. ) ;
#6606 = FACE_OUTER_BOUND ( 'NONE', #156, .T. ) ;
#6607 = VERTEX_POINT ( 'NONE', #9328 ) ;
#6608 = AXIS2_PLACEMENT_3D ( 'NONE', #4570, #1588, #12365 ) ;
#6609 = VECTOR ( 'NONE', #6720, 1000.000000000000000 ) ;
#6610 = VECTOR ( 'NONE', #1320, 1000.000000000000000 ) ;
#6611 = VERTEX_POINT ( 'NONE', #5162 ) ;
#6612 = PLANE ( 'NONE',  #5129 ) ;
#6613 = EDGE_CURVE ( 'NONE', #5487, #1676, #10182, .T. ) ;
#6614 = CARTESIAN_POINT ( 'NONE',  ( -4.017163115139052998, -4.259417619979115166, -1.912499999999999645 ) ) ;
#6615 = DIRECTION ( 'NONE',  ( -0.000000000000000000, 0.000000000000000000, 1.000000000000000000 ) ) ;
#6616 = CARTESIAN_POINT ( 'NONE',  ( 50.16957179191506100, -12.10421909368450066, -2.550000000000000266 ) ) ;
#6617 = VECTOR ( 'NONE', #5693, 1000.000000000000000 ) ;
#6618 = CARTESIAN_POINT ( 'NONE',  ( -11.10006009511876535, -3.974966807878732578, 1.275000000000000133 ) ) ;
#6619 = CARTESIAN_POINT ( 'NONE',  ( 14.50921273516821763, -8.647182703040638074, -1.275000000000000133 ) ) ;
#6620 = VERTEX_POINT ( 'NONE', #8403 ) ;
#6621 = CARTESIAN_POINT ( 'NONE',  ( 3.747344086032916799, 4.827585529593822145, -2.010878835394170672 ) ) ;
#6622 = VECTOR ( 'NONE', #6146, 999.9999999999998863 ) ;
#6623 = EDGE_LOOP ( 'NONE', ( #2586, #12816, #2243, #12377 ) ) ;
#6624 = AXIS2_PLACEMENT_3D ( 'NONE', #1286, #9005, #114 ) ;
#6625 = ORIENTED_EDGE ( 'NONE', *, *, #511, .F. ) ;
#6626 = EDGE_CURVE ( 'NONE', #3663, #10636, #2186, .T. ) ;
#6627 = AXIS2_PLACEMENT_3D ( 'NONE', #10018, #11052, #8968 ) ;
#6628 = ORIENTED_EDGE ( 'NONE', *, *, #165, .T. ) ;
#6629 = VECTOR ( 'NONE', #11761, 1000.000000000000000 ) ;
#6630 = AXIS2_PLACEMENT_3D ( 'NONE', #8328, #1334, #8396 ) ;
#6631 = DIRECTION ( 'NONE',  ( -0.000000000000000000, -0.000000000000000000, -1.000000000000000000 ) ) ;
#6632 = ORIENTED_EDGE ( 'NONE', *, *, #12253, .T. ) ;
#6633 = EDGE_CURVE ( 'NONE', #4363, #4257, #1279, .T. ) ;
#6634 = ORIENTED_EDGE ( 'NONE', *, *, #1616, .F. ) ;
#6635 = AXIS2_PLACEMENT_3D ( 'NONE', #5771, #8641, #10663 ) ;
#6636 = CARTESIAN_POINT ( 'NONE',  ( 11.77158190581113573, -2.414075804688468274, 1.275000000000000133 ) ) ;
#6637 = ORIENTED_EDGE ( 'NONE', *, *, #7142, .T. ) ;
#6638 = ORIENTED_EDGE ( 'NONE', *, *, #7244, .T. ) ;
#6639 = AXIS2_PLACEMENT_3D ( 'NONE', #6059, #5931, #39 ) ;
#6640 = CARTESIAN_POINT ( 'NONE',  ( -6.254696157596316475, -9.830012418814996877, -1.275000000000000133 ) ) ;
#6641 = DIRECTION ( 'NONE',  ( -0.9047191456845917745, 0.4260085297640672786, 0.000000000000000000 ) ) ;
#6642 = DIRECTION ( 'NONE',  ( 1.000000000000000000, 0.000000000000000000, 0.000000000000000000 ) ) ;
#6643 = CARTESIAN_POINT ( 'NONE',  ( 11.77158190581113573, -2.414075804688468274, -1.275000000000000133 ) ) ;
#6644 = ORIENTED_EDGE ( 'NONE', *, *, #12490, .F. ) ;
#6645 = EDGE_CURVE ( 'NONE', #2111, #1668, #6385, .T. ) ;
#6646 = CARTESIAN_POINT ( 'NONE',  ( 27.30785002937383155, -11.70376863521768307, -1.275000000000000133 ) ) ;
#6647 = CARTESIAN_POINT ( 'NONE',  ( -23.95215145368179321, 7.182157385863783716, 2.599307171714435150 ) ) ;
#6648 = EDGE_LOOP ( 'NONE', ( #7831, #3361, #12174, #12854 ) ) ;
#6649 = LINE ( 'NONE', #10553, #6966 ) ;
#6650 = CIRCLE ( 'NONE', #9756, 1.000000000000000222 ) ;
#6651 = AXIS2_PLACEMENT_3D ( 'NONE', #9319, #3199, #295 ) ;
#6652 = ADVANCED_FACE ( 'NONE', ( #8339 ), #3263, .T. ) ;
#6653 = ORIENTED_EDGE ( 'NONE', *, *, #5685, .T. ) ;
#6654 = DIRECTION ( 'NONE',  ( 0.7485881801731546492, -0.6630352452962396947, 0.000000000000000000 ) ) ;
#6655 = FACE_OUTER_BOUND ( 'NONE', #8733, .T. ) ;
#6656 = TOROIDAL_SURFACE ( 'NONE', #3308, 26.49999999999999645, 1.000000000000000000 ) ;
#6657 = CARTESIAN_POINT ( 'NONE',  ( 27.38323450536303838, 2.752065771956826445, -1.790507929012429500 ) ) ;
#6658 = FACE_OUTER_BOUND ( 'NONE', #3984, .T. ) ;
#6659 = ORIENTED_EDGE ( 'NONE', *, *, #12320, .F. ) ;
#6660 = ORIENTED_EDGE ( 'NONE', *, *, #7869, .T. ) ;
#6661 = LINE ( 'NONE', #10634, #2861 ) ;
#6662 = CARTESIAN_POINT ( 'NONE',  ( 55.26660790966850101, -0.7509026328456763766, -2.010878835394170228 ) ) ;
#6663 = ORIENTED_EDGE ( 'NONE', *, *, #7369, .T. ) ;
#6664 = LINE ( 'NONE', #12582, #7601 ) ;
#6665 =( BOUNDED_SURFACE ( )  B_SPLINE_SURFACE ( 3, 2, ( 
 ( #9384, #7227, #1397 ),
 ( #6320, #5352, #12510 ),
 ( #9317, #4294, #10299 ),
 ( #489, #12371, #11204 ),
 ( #4431, #5423, #4366 ),
 ( #627, #3322, #12444 ),
 ( #12249, #7492, #5480 ),
 ( #8546, #6387, #3454 ),
 ( #9449, #430, #8329 ),
 ( #7421, #10442, #12311 ),
 ( #6257, #10373, #11404 ),
 ( #3531, #7293, #11470 ),
 ( #2502, #3385, #10235 ),
 ( #7355, #11332, #9247 ),
 ( #6458, #1471, #549 ),
 ( #1532, #2426, #6519 ),
 ( #2570, #4497, #10500 ),
 ( #9516, #4575, #1335 ) ),
 .UNSPECIFIED., .F., .F., .T. ) 
 B_SPLINE_SURFACE_WITH_KNOTS ( ( 4, 2, 2, 2, 2, 2, 2, 2, 4 ),
 ( 3, 3 ),
 ( 0.000000000000000000, 0.006249933274492164292, 0.007812416593115205365, 0.009374899911738246439, 0.01249986654898432858, 0.01562483318623041073, 0.01718731650485345180, 0.01874979982347649288, 0.02499973309796865717 ),
 ( 0.000000000000000000, 1.000000000000000000 ),
 .UNSPECIFIED. ) 
 GEOMETRIC_REPRESENTATION_ITEM ( )  RATIONAL_B_SPLINE_SURFACE ( (
 ( 1.000000000000000000, 0.6899199677798275587, 1.000000000000000000),
 ( 1.000000000000000000, 0.6944661213956165868, 1.000000000000000000),
 ( 1.000000000000000000, 0.6983583520810728862, 1.000000000000000000),
 ( 1.000000000000000000, 0.7022632771832829635, 1.000000000000000000),
 ( 1.000000000000000000, 0.7029962527327707766, 1.000000000000000000),
 ( 1.000000000000000000, 0.7043624993142537649, 1.000000000000000000),
 ( 1.000000000000000000, 0.7049976314784437426, 1.000000000000000000),
 ( 1.000000000000000000, 0.7067317264123341713, 1.000000000000000000),
 ( 1.000000000000000000, 0.7076596388305711471, 1.000000000000000000),
 ( 1.000000000000000000, 0.7090779321056241979, 1.000000000000000000),
 ( 1.000000000000000000, 0.7095682672986164397, 1.000000000000000000),
 ( 1.000000000000000000, 0.7099872090669758773, 1.000000000000000000),
 ( 1.000000000000000000, 0.7100740751557862440, 1.000000000000000000),
 ( 1.000000000000000000, 0.7101439885534365226, 1.000000000000000000),
 ( 1.000000000000000000, 0.7101266209000692831, 1.000000000000000000),
 ( 1.000000000000000000, 0.7097918650111597616, 1.000000000000000000),
 ( 1.000000000000000000, 0.7087361877984590386, 1.000000000000000000),
 ( 1.000000000000000000, 0.7071067811865475727, 1.000000000000000000) ) ) 
 REPRESENTATION_ITEM ( '' )  SURFACE ( )  );
#6666 = ORIENTED_EDGE ( 'NONE', *, *, #5394, .F. ) ;
#6667 = ORIENTED_EDGE ( 'NONE', *, *, #1686, .F. ) ;
#6668 = CARTESIAN_POINT ( 'NONE',  ( -27.51702995013318542, -0.5017439509745701409, 1.984574097936345094 ) ) ;
#6669 = PLANE ( 'NONE',  #8065 ) ;
#6670 = CARTESIAN_POINT ( 'NONE',  ( -2.210245313089296282, -7.472115200329144002, 1.275000000000000133 ) ) ;
#6671 = CARTESIAN_POINT ( 'NONE',  ( 73.96491932761539090, 1.369501866246042310, 2.014121164605829239 ) ) ;
#6672 = CARTESIAN_POINT ( 'NONE',  ( 5.587945083414529002, 6.104566538103151530, 1.151621164605829417 ) ) ;
#6673 = VERTEX_POINT ( 'NONE', #1213 ) ;
#6674 = EDGE_CURVE ( 'NONE', #12851, #8627, #6326, .T. ) ;
#6675 = CARTESIAN_POINT ( 'NONE',  ( -4.017163115139052998, -4.259417619979115166, 1.912499999999999645 ) ) ;
#6676 = ORIENTED_EDGE ( 'NONE', *, *, #5568, .T. ) ;
#6677 = ORIENTED_EDGE ( 'NONE', *, *, #11772, .T. ) ;
#6678 = ADVANCED_FACE ( 'NONE', ( #10241 ), #11084, .T. ) ;
#6679 = ADVANCED_FACE ( 'NONE', ( #240 ), #5289, .T. ) ;
#6680 = DIRECTION ( 'NONE',  ( -0.3328201177351528539, -0.9429903335828840882, 0.000000000000000000 ) ) ;
#6681 = LINE ( 'NONE', #11495, #5750 ) ;
#6682 = CARTESIAN_POINT ( 'NONE',  ( 6.465278121730796634, 30.12831799411278411, -2.550000000000000266 ) ) ;
#6683 = CARTESIAN_POINT ( 'NONE',  ( 10.66144447481649848, 9.289807388987387782, 0.5766211646058294615 ) ) ;
#6684 = CARTESIAN_POINT ( 'NONE',  ( 5.926536009056959209, 17.18669797144782052, -1.499999999999998002 ) ) ;
#6685 = FACE_OUTER_BOUND ( 'NONE', #3070, .T. ) ;
#6686 = VERTEX_POINT ( 'NONE', #7171 ) ;
#6687 = EDGE_LOOP ( 'NONE', ( #11152, #11990, #5634, #5517 ) ) ;
#6688 = EDGE_LOOP ( 'NONE', ( #4483, #11467, #1155, #11758 ) ) ;
#6689 = EDGE_LOOP ( 'NONE', ( #9643, #10072, #9424, #5968 ) ) ;
#6690 = CARTESIAN_POINT ( 'NONE',  ( 15.38045670213009863, 1.369501866246042310, 2.876621164605829506 ) ) ;
#6691 = ADVANCED_FACE ( 'NONE', ( #4303 ), #437, .T. ) ;
#6692 = EDGE_LOOP ( 'NONE', ( #4551, #2877, #10958, #10255 ) ) ;
#6693 = ORIENTED_EDGE ( 'NONE', *, *, #508, .F. ) ;
#6694 = EDGE_CURVE ( 'NONE', #2544, #5078, #7361, .T. ) ;
#6695 = EDGE_CURVE ( 'NONE', #4512, #2351, #1405, .T. ) ;
#6696 = CARTESIAN_POINT ( 'NONE',  ( 0.000000000000000000, 0.000000000000000000, 2.876621164605829950 ) ) ;
#6697 = ORIENTED_EDGE ( 'NONE', *, *, #8333, .T. ) ;
#6698 = VECTOR ( 'NONE', #5261, 1000.000000000000000 ) ;
#6699 = CARTESIAN_POINT ( 'NONE',  ( -1.719580610744103844, -7.879850657207537523, -1.275000000000000133 ) ) ;
#6700 = CARTESIAN_POINT ( 'NONE',  ( -7.686194367827409835, -12.10421909368450066, 2.550000000000000266 ) ) ;
#6701 = DIRECTION ( 'NONE',  ( -0.000000000000000000, -0.000000000000000000, -1.000000000000000000 ) ) ;
#6702 = CARTESIAN_POINT ( 'NONE',  ( -26.18015055264449487, -4.049878944706530426, 3.271242826739698462 ) ) ;
#6703 = ORIENTED_EDGE ( 'NONE', *, *, #1706, .F. ) ;
#6704 = EDGE_CURVE ( 'NONE', #11329, #2819, #11339, .T. ) ;
#6705 = DIRECTION ( 'NONE',  ( 1.000000000000000000, 0.000000000000000000, 0.000000000000000000 ) ) ;
#6706 = LINE ( 'NONE', #1775, #2180 ) ;
#6707 = ORIENTED_EDGE ( 'NONE', *, *, #2040, .T. ) ;
#6708 = DIRECTION ( 'NONE',  ( -0.000000000000000000, -0.000000000000000000, -1.000000000000000000 ) ) ;
#6709 = VECTOR ( 'NONE', #317, 1000.000000000000000 ) ;
#6710 = EDGE_CURVE ( 'NONE', #9586, #7169, #497, .T. ) ;
#6711 = ORIENTED_EDGE ( 'NONE', *, *, #8335, .T. ) ;
#6712 = LINE ( 'NONE', #1727, #884 ) ;
#6713 = CARTESIAN_POINT ( 'NONE',  ( 7.702410331654453657, 8.161368341907504487, 0.5766211646058294615 ) ) ;
#6714 = CARTESIAN_POINT ( 'NONE',  ( 25.48473541551797084, 7.314536695663030663, -2.595202102520131060 ) ) ;
#6715 = CARTESIAN_POINT ( 'NONE',  ( 7.220177707534483957, 6.104566538103151530, 0.5766211646058294615 ) ) ;
#6716 = ORIENTED_EDGE ( 'NONE', *, *, #7373, .T. ) ;
#6717 = ORIENTED_EDGE ( 'NONE', *, *, #6284, .F. ) ;
#6718 = ADVANCED_FACE ( 'NONE', ( #1799 ), #1603, .T. ) ;
#6719 = CARTESIAN_POINT ( 'NONE',  ( 23.45566906391136897, -8.839150743515943986, 3.745101960572851496 ) ) ;
#6720 = DIRECTION ( 'NONE',  ( 0.000000000000000000, -1.000000000000000000, 0.000000000000000000 ) ) ;
#6721 = ORIENTED_EDGE ( 'NONE', *, *, #1205, .T. ) ;
#6722 = CARTESIAN_POINT ( 'NONE',  ( -25.00000000000000000, 7.596095492564234713E-16, -2.956464602960545918 ) ) ;
#6723 = ADVANCED_FACE ( 'NONE', ( #701 ), #2512, .T. ) ;
#6724 = ORIENTED_EDGE ( 'NONE', *, *, #11050, .F. ) ;
#6725 = ORIENTED_EDGE ( 'NONE', *, *, #2218, .T. ) ;
#6726 = CARTESIAN_POINT ( 'NONE',  ( -26.26545930908531545, 3.718568831861608803, 2.736942637028868752 ) ) ;
#6727 = CARTESIAN_POINT ( 'NONE',  ( 0.1213940857737781098, -16.11873229131008500, -1.275000000000000133 ) ) ;
#6728 = PLANE ( 'NONE',  #2971 ) ;
#6729 = LINE ( 'NONE', #8802, #7644 ) ;
#6730 = CARTESIAN_POINT ( 'NONE',  ( -24.96672271489734030, 1.289479304769643120, -2.873378835394199360 ) ) ;
#6731 = ORIENTED_EDGE ( 'NONE', *, *, #3662, .F. ) ;
#6732 = FACE_OUTER_BOUND ( 'NONE', #5126, .T. ) ;
#6733 = ORIENTED_EDGE ( 'NONE', *, *, #7934, .T. ) ;
#6734 = ORIENTED_EDGE ( 'NONE', *, *, #10824, .F. ) ;
#6735 = ADVANCED_FACE ( 'NONE', ( #9717 ), #5488, .T. ) ;
#6736 = DIRECTION ( 'NONE',  ( -1.000000000000000000, 0.000000000000000000, 0.000000000000000000 ) ) ;
#6737 = VECTOR ( 'NONE', #2855, 1000.000000000000000 ) ;
#6738 = CARTESIAN_POINT ( 'NONE',  ( 6.465278121730796634, -12.10421909368450066, 1.912499999999999645 ) ) ;
#6739 = DIRECTION ( 'NONE',  ( 0.1579905011066695675, 0.9874406319167059465, -0.000000000000000000 ) ) ;
#6740 = CARTESIAN_POINT ( 'NONE',  ( 5.587945083414529002, 7.254566538103156326, 0.5766211646058294615 ) ) ;
#6741 = DIRECTION ( 'NONE',  ( -0.000000000000000000, -0.000000000000000000, -1.000000000000000000 ) ) ;
#6742 = CARTESIAN_POINT ( 'NONE',  ( 50.16957179191506100, -12.10421909368450066, 2.550000000000000266 ) ) ;
#6743 = ORIENTED_EDGE ( 'NONE', *, *, #5242, .F. ) ;
#6744 = ORIENTED_EDGE ( 'NONE', *, *, #4607, .F. ) ;
#6745 = VERTEX_POINT ( 'NONE', #6465 ) ;
#6746 = EDGE_CURVE ( 'NONE', #6278, #202, #830, .T. ) ;
#6747 = CARTESIAN_POINT ( 'NONE',  ( -12.40996013299270651, -3.852774640166615416, 1.275000000000000133 ) ) ;
#6748 = ORIENTED_EDGE ( 'NONE', *, *, #5959, .T. ) ;
#6749 = FACE_OUTER_BOUND ( 'NONE', #12677, .T. ) ;
#6750 = EDGE_LOOP ( 'NONE', ( #4801, #10869, #4676, #3956 ) ) ;
#6751 = FACE_OUTER_BOUND ( 'NONE', #1902, .T. ) ;
#6752 = CARTESIAN_POINT ( 'NONE',  ( 7.702410331654453657, 8.161368341907504487, 1.151621164605829417 ) ) ;
#6753 = CARTESIAN_POINT ( 'NONE',  ( 50.16957179191506100, -12.10421909368450066, 1.912499999999999645 ) ) ;
#6754 = CARTESIAN_POINT ( 'NONE',  ( 18.64741502928743699, -4.645761665834258203, 1.275000000000000133 ) ) ;
#6755 = ADVANCED_FACE ( 'NONE', ( #7432 ), #6591, .F. ) ;
#6756 = ORIENTED_EDGE ( 'NONE', *, *, #1369, .T. ) ;
#6757 = CARTESIAN_POINT ( 'NONE',  ( 26.20252524462038934, 8.438237545437718978, 1.568550165545063546 ) ) ;
#6758 = CARTESIAN_POINT ( 'NONE',  ( 57.50565396225613313, 18.98834136507636572, 1.912499999999999645 ) ) ;
#6759 = ADVANCED_FACE ( 'NONE', ( #4781 ), #2577, .T. ) ;
#6760 = EDGE_LOOP ( 'NONE', ( #12782, #647, #8896, #925 ) ) ;
#6761 = ADVANCED_FACE ( 'NONE', ( #9661 ), #9814, .T. ) ;
#6762 = DIRECTION ( 'NONE',  ( 1.000000000000000000, 0.000000000000000000, 0.000000000000000000 ) ) ;
#6763 = EDGE_CURVE ( 'NONE', #1798, #6673, #4899, .T. ) ;
#6764 = ORIENTED_EDGE ( 'NONE', *, *, #7233, .F. ) ;
#6765 = VECTOR ( 'NONE', #6322, 1000.000000000000000 ) ;
#6766 = ORIENTED_EDGE ( 'NONE', *, *, #7640, .F. ) ;
#6767 = DIRECTION ( 'NONE',  ( -6.938893903907222067E-15, -1.000000000000000000, 0.000000000000000000 ) ) ;
#6768 = DIRECTION ( 'NONE',  ( 1.000000000000000000, 0.000000000000000000, 0.000000000000000000 ) ) ;
#6769 = LINE ( 'NONE', #4948, #1225 ) ;
#6770 = CARTESIAN_POINT ( 'NONE',  ( 22.80071311932021416, 13.50472070242324030, -2.499999999999996891 ) ) ;
#6771 = FACE_OUTER_BOUND ( 'NONE', #10060, .T. ) ;
#6772 = VERTEX_POINT ( 'NONE', #1863 ) ;
#6773 = LINE ( 'NONE', #3654, #3082 ) ;
#6774 = DIRECTION ( 'NONE',  ( 0.000000000000000000, -1.000000000000000000, 2.479012299922036586E-16 ) ) ;
#6775 = VERTEX_POINT ( 'NONE', #2887 ) ;
#6776 = AXIS2_PLACEMENT_3D ( 'NONE', #3826, #7789, #11771 ) ;
#6777 = LINE ( 'NONE', #10753, #5933 ) ;
#6778 = EDGE_CURVE ( 'NONE', #10716, #7169, #5817, .T. ) ;
#6779 = ORIENTED_EDGE ( 'NONE', *, *, #825, .T. ) ;
#6780 = ORIENTED_EDGE ( 'NONE', *, *, #10435, .F. ) ;
#6781 = CARTESIAN_POINT ( 'NONE',  ( -26.44628846334093453, 7.559080738682179224, 2.587538153449722600 ) ) ;
#6782 = DIRECTION ( 'NONE',  ( 1.000000000000000000, 0.000000000000000000, 0.000000000000000000 ) ) ;
#6783 = DIRECTION ( 'NONE',  ( 1.540501733514297995E-15, -1.000000000000000000, 0.000000000000000000 ) ) ;
#6784 = VECTOR ( 'NONE', #5430, 1000.000000000000000 ) ;
#6785 = LINE ( 'NONE', #9723, #3699 ) ;
#6786 = PLANE ( 'NONE',  #2491 ) ;
#6787 = DIRECTION ( 'NONE',  ( -0.4539257814188826234, 0.8910394968592900700, 0.000000000000000000 ) ) ;
#6788 = EDGE_LOOP ( 'NONE', ( #7390, #10826, #8534, #3487 ) ) ;
#6789 = AXIS2_PLACEMENT_3D ( 'NONE', #6684, #7769, #12729 ) ;
#6790 = VERTEX_POINT ( 'NONE', #6846 ) ;
#6791 = DIRECTION ( 'NONE',  ( -0.000000000000000000, -0.000000000000000000, -1.000000000000000000 ) ) ;
#6792 = VECTOR ( 'NONE', #3022, 1000.000000000000000 ) ;
#6793 = DIRECTION ( 'NONE',  ( 0.9163854831779849608, 0.4002969475535018695, 0.000000000000000000 ) ) ;
#6794 = CARTESIAN_POINT ( 'NONE',  ( 50.16957179191506100, -10.94380396979420844, 2.550000000000000266 ) ) ;
#6795 = CARTESIAN_POINT ( 'NONE',  ( -7.686194367827409835, -10.94380396979420844, 2.550000000000000266 ) ) ;
#6796 = LINE ( 'NONE', #4859, #9505 ) ;
#6797 = CARTESIAN_POINT ( 'NONE',  ( 14.03200173286606223, 10.73073753245124706, 1.151621164605829417 ) ) ;
#6798 = VERTEX_POINT ( 'NONE', #9979 ) ;
#6799 = VERTEX_POINT ( 'NONE', #7881 ) ;
#6800 = ORIENTED_EDGE ( 'NONE', *, *, #9936, .T. ) ;
#6801 = AXIS2_PLACEMENT_3D ( 'NONE', #5428, #12122, #9393 ) ;
#6802 = CARTESIAN_POINT ( 'NONE',  ( -25.24682620627137908, -10.90234385979696796, 3.994409483982845455 ) ) ;
#6803 = VECTOR ( 'NONE', #338, 1000.000000000000000 ) ;
#6804 = EDGE_LOOP ( 'NONE', ( #5390, #8998, #4792, #7706 ) ) ;
#6805 = CARTESIAN_POINT ( 'NONE',  ( -26.96215072558509362, 5.439714784898859179, -1.669239382457879506 ) ) ;
#6806 = EDGE_LOOP ( 'NONE', ( #1972, #9978, #3865, #12702 ) ) ;
#6807 = CIRCLE ( 'NONE', #10143, 2.999999999999999112 ) ;
#6808 = VECTOR ( 'NONE', #10743, 1000.000000000000000 ) ;
#6809 = CARTESIAN_POINT ( 'NONE',  ( 20.53593437477012174, 43.41236235352887718, 1.912499999999999645 ) ) ;
#6810 = VECTOR ( 'NONE', #11802, 1000.000000000000000 ) ;
#6811 = CARTESIAN_POINT ( 'NONE',  ( 25.79732846309539696, 9.604140639582954719, -1.542010259753932466 ) ) ;
#6812 = DIRECTION ( 'NONE',  ( 0.000000000000000000, -1.000000000000000000, 0.000000000000000000 ) ) ;
#6813 = CARTESIAN_POINT ( 'NONE',  ( 50.16957179191506100, -12.10421909368450066, 2.550000000000000266 ) ) ;
#6814 = VECTOR ( 'NONE', #5461, 1000.000000000000000 ) ;
#6815 = VECTOR ( 'NONE', #2458, 1000.000000000000000 ) ;
#6816 = ORIENTED_EDGE ( 'NONE', *, *, #6185, .T. ) ;
#6817 = LINE ( 'NONE', #8831, #12009 ) ;
#6818 = LINE ( 'NONE', #801, #7962 ) ;
#6819 = VERTEX_POINT ( 'NONE', #10827 ) ;
#6820 = CARTESIAN_POINT ( 'NONE',  ( 8.852410331654445130, 9.311368341907503066, 1.151621164605829417 ) ) ;
#6821 = ADVANCED_FACE ( 'NONE', ( #885 ), #8931, .T. ) ;
#6822 = VECTOR ( 'NONE', #2170, 1000.000000000000000 ) ;
#6823 = VERTEX_POINT ( 'NONE', #12824 ) ;
#6824 = VECTOR ( 'NONE', #5626, 1000.000000000000000 ) ;
#6825 = ORIENTED_EDGE ( 'NONE', *, *, #9012, .T. ) ;
#6826 = ADVANCED_FACE ( 'NONE', ( #3916 ), #5024, .T. ) ;
#6827 = DIRECTION ( 'NONE',  ( 0.4679360541420690134, 0.8773801015163789074, -0.1060188978298652190 ) ) ;
#6828 = CARTESIAN_POINT ( 'NONE',  ( 15.76756684101593819, 30.12831799411278411, 2.550000000000000266 ) ) ;
#6829 = CARTESIAN_POINT ( 'NONE',  ( 13.44659553120966677, -8.770583410597117435, -1.275000000000000133 ) ) ;
#6830 = EDGE_CURVE ( 'NONE', #8130, #11826, #10884, .T. ) ;
#6831 = CARTESIAN_POINT ( 'NONE',  ( 24.71841007892810893, 9.796474468601806151, -2.524515209022276885 ) ) ;
#6832 = CARTESIAN_POINT ( 'NONE',  ( 24.96246110940082374, 1.369501866246044530, -2.868498318030774819 ) ) ;
#6833 = ORIENTED_EDGE ( 'NONE', *, *, #4915, .F. ) ;
#6834 = CARTESIAN_POINT ( 'NONE',  ( 4.437945083414517100, 6.104566538103151530, 0.5766211646058294615 ) ) ;
#6835 = CARTESIAN_POINT ( 'NONE',  ( 11.30748009436489276, 9.301174703035153257, 1.151621164605829417 ) ) ;
#6836 = ORIENTED_EDGE ( 'NONE', *, *, #7508, .F. ) ;
#6837 = CIRCLE ( 'NONE', #10171, 25.00000000000000000 ) ;
#6838 = CARTESIAN_POINT ( 'NONE',  ( 6.070177707534485378, 7.254566538103156326, 0.5766211646058294615 ) ) ;
#6839 = VECTOR ( 'NONE', #4264, 1000.000000000000000 ) ;
#6840 = LINE ( 'NONE', #1689, #4759 ) ;
#6841 = EDGE_CURVE ( 'NONE', #1988, #2332, #11918, .T. ) ;
#6842 = ADVANCED_FACE ( 'NONE', ( #11976 ), #4967, .T. ) ;
#6843 = B_SPLINE_CURVE_WITH_KNOTS ( 'NONE', 3,
 ( #3027, #11090, #3994, #2130, #7245, #4121, #12067, #7956, #2191, #5168 ),
 .UNSPECIFIED., .F., .F.,
 ( 4, 2, 2, 2, 4 ),
 ( 0.01130846350375882235, 0.01496608806051330856, 0.01862371261726779303, 0.02228133717402228098, 0.02593896173077676545 ),
 .UNSPECIFIED. ) ;
#6844 = ORIENTED_EDGE ( 'NONE', *, *, #2250, .T. ) ;
#6845 = ORIENTED_EDGE ( 'NONE', *, *, #238, .F. ) ;
#6846 = CARTESIAN_POINT ( 'NONE',  ( -12.45394931336906019, -3.505748883864198362, -1.275000000000000133 ) ) ;
#6847 = EDGE_CURVE ( 'NONE', #11025, #5174, #2043, .T. ) ;
#6848 = VECTOR ( 'NONE', #11998, 1000.000000000000114 ) ;
#6849 = LINE ( 'NONE', #945, #10988 ) ;
#6850 = CARTESIAN_POINT ( 'NONE',  ( 9.511444474816499906, 9.289807388987380676, 0.5766211646058294615 ) ) ;
#6851 = CARTESIAN_POINT ( 'NONE',  ( 1.616094351457737499, -10.94380396979420844, 2.550000000000000266 ) ) ;
#6852 = FACE_OUTER_BOUND ( 'NONE', #14, .T. ) ;
#6853 = CARTESIAN_POINT ( 'NONE',  ( 14.03200173286611019, 74.51861236923382137, 1.151621164605829417 ) ) ;
#6854 = CARTESIAN_POINT ( 'NONE',  ( -7.739286714364657982, -4.956903067613290581, 1.275000000000000133 ) ) ;
#6855 = EDGE_CURVE ( 'NONE', #6255, #7579, #3073, .T. ) ;
#6856 = ORIENTED_EDGE ( 'NONE', *, *, #8615, .T. ) ;
#6857 = VERTEX_POINT ( 'NONE', #5082 ) ;
#6858 = ORIENTED_EDGE ( 'NONE', *, *, #30, .T. ) ;
#6859 = CARTESIAN_POINT ( 'NONE',  ( 50.16957179191506100, -8.770583410597110330, -1.275000000000000133 ) ) ;
#6860 = EDGE_CURVE ( 'NONE', #4513, #6131, #5180, .T. ) ;
#6861 = ORIENTED_EDGE ( 'NONE', *, *, #7567, .T. ) ;
#6862 = PLANE ( 'NONE',  #5546 ) ;
#6863 = FACE_OUTER_BOUND ( 'NONE', #9996, .T. ) ;
#6864 = CARTESIAN_POINT ( 'NONE',  ( 30.21562663869249832, 44.95124867936373647, 1.275000000000000133 ) ) ;
#6865 = DIRECTION ( 'NONE',  ( -0.000000000000000000, -0.000000000000000000, -1.000000000000000000 ) ) ;
#6866 = LINE ( 'NONE', #12001, #4315 ) ;
#6867 = ORIENTED_EDGE ( 'NONE', *, *, #10552, .F. ) ;
#6868 = ORIENTED_EDGE ( 'NONE', *, *, #11857, .T. ) ;
#6869 = ORIENTED_EDGE ( 'NONE', *, *, #28, .T. ) ;
#6870 = DIRECTION ( 'NONE',  ( -0.000000000000000000, -0.000000000000000000, 1.000000000000000000 ) ) ;
#6871 = EDGE_CURVE ( 'NONE', #4290, #8303, #10294, .T. ) ;
#6872 = VERTEX_POINT ( 'NONE', #4162 ) ;
#6873 = CARTESIAN_POINT ( 'NONE',  ( -26.26307892245033315, 3.737713719575966209, -2.735966905310797781 ) ) ;
#6874 = CARTESIAN_POINT ( 'NONE',  ( -9.775496997119320852, -6.501900836165330766, 1.275000000000000133 ) ) ;
#6875 = DIRECTION ( 'NONE',  ( 0.000000000000000000, 6.197530749804934925E-17, 1.000000000000000000 ) ) ;
#6876 = VECTOR ( 'NONE', #9164, 1000.000000000000114 ) ;
#6877 = CARTESIAN_POINT ( 'NONE',  ( 1.616094351457737499, 30.12831799411278411, 1.912499999999999645 ) ) ;
#6878 = LINE ( 'NONE', #1827, #1677 ) ;
#6879 = ORIENTED_EDGE ( 'NONE', *, *, #5548, .F. ) ;
#6880 = DIRECTION ( 'NONE',  ( -0.000000000000000000, 0.000000000000000000, 1.000000000000000000 ) ) ;
#6881 = FILL_AREA_STYLE_COLOUR ( '', #6535 ) ;
#6882 = ORIENTED_EDGE ( 'NONE', *, *, #6503, .F. ) ;
#6883 = DIRECTION ( 'NONE',  ( -0.000000000000000000, -0.000000000000000000, -1.000000000000000000 ) ) ;
#6884 = VECTOR ( 'NONE', #6654, 1000.000000000000114 ) ;
#6885 = ORIENTED_EDGE ( 'NONE', *, *, #9081, .T. ) ;
#6886 = VECTOR ( 'NONE', #8053, 1000.000000000000000 ) ;
#6887 = CARTESIAN_POINT ( 'NONE',  ( -27.49999999999999645, 1.506042024990511526E-13, -1.954188478668190454 ) ) ;
#6888 = ORIENTED_EDGE ( 'NONE', *, *, #3172, .F. ) ;
#6889 = LINE ( 'NONE', #5429, #7298 ) ;
#6890 = CARTESIAN_POINT ( 'NONE',  ( 13.43101523854249812, -3.005699862444872306, 1.275000000000000133 ) ) ;
#6891 = DIRECTION ( 'NONE',  ( 1.000000000000000000, 0.000000000000000000, 0.000000000000000000 ) ) ;
#6892 = EDGE_CURVE ( 'NONE', #5471, #3489, #8069, .T. ) ;
#6893 = CYLINDRICAL_SURFACE ( 'NONE', #5277, 25.00000000000000000 ) ;
#6894 = CARTESIAN_POINT ( 'NONE',  ( 50.16957179191506100, -12.10421909368450066, -2.550000000000000266 ) ) ;
#6895 = LINE ( 'NONE', #6834, #2678 ) ;
#6896 = CARTESIAN_POINT ( 'NONE',  ( 0.000000000000000000, 0.000000000000000000, 2.014121164605829684 ) ) ;
#6897 = AXIS2_PLACEMENT_3D ( 'NONE', #1696, #1755, #3552 ) ;
#6898 = ORIENTED_EDGE ( 'NONE', *, *, #9081, .F. ) ;
#6899 = FACE_OUTER_BOUND ( 'NONE', #2702, .T. ) ;
#6900 = FACE_OUTER_BOUND ( 'NONE', #12360, .T. ) ;
#6901 = EDGE_CURVE ( 'NONE', #3755, #7771, #2420, .T. ) ;
#6902 = ORIENTED_EDGE ( 'NONE', *, *, #2384, .F. ) ;
#6903 = VECTOR ( 'NONE', #11863, 1000.000000000000114 ) ;
#6904 = ORIENTED_EDGE ( 'NONE', *, *, #1482, .T. ) ;
#6905 = DIRECTION ( 'NONE',  ( 0.000000000000000000, 1.000000000000000000, 0.000000000000000000 ) ) ;
#6906 = LINE ( 'NONE', #3139, #10164 ) ;
#6907 = FACE_OUTER_BOUND ( 'NONE', #8301, .T. ) ;
#6908 = CARTESIAN_POINT ( 'NONE',  ( -11.22406249021695679, 30.12831799411278411, 2.550000000000000266 ) ) ;
#6909 = CARTESIAN_POINT ( 'NONE',  ( 73.96491932761539090, 1.369501866246042310, -2.010878835394170228 ) ) ;
#6910 = DIRECTION ( 'NONE',  ( -1.000000000000000000, -6.938893903907222067E-15, -0.000000000000000000 ) ) ;
#6911 = EDGE_CURVE ( 'NONE', #2365, #1085, #8257, .T. ) ;
#6912 = DIRECTION ( 'NONE',  ( 0.000000000000000000, 1.000000000000000000, -0.000000000000000000 ) ) ;
#6913 = AXIS2_PLACEMENT_3D ( 'NONE', #4636, #4493, #8542 ) ;
#6914 = EDGE_CURVE ( 'NONE', #7859, #761, #5276, .T. ) ;
#6915 = ADVANCED_FACE ( 'NONE', ( #4094 ), #12051, .T. ) ;
#6916 = ORIENTED_EDGE ( 'NONE', *, *, #6293, .F. ) ;
#6917 = EDGE_CURVE ( 'NONE', #5561, #9854, #3316, .T. ) ;
#6918 = ORIENTED_EDGE ( 'NONE', *, *, #10797, .F. ) ;
#6919 = ORIENTED_EDGE ( 'NONE', *, *, #11468, .F. ) ;
#6920 = CARTESIAN_POINT ( 'NONE',  ( -0.6104581230483032694, -12.10421909368450066, 2.550000000000000266 ) ) ;
#6921 = CARTESIAN_POINT ( 'NONE',  ( 50.51804093466497392, -8.435600470204391854, -1.912499999999999645 ) ) ;
#6922 = CARTESIAN_POINT ( 'NONE',  ( 16.74702004040473113, 30.12831799411278411, 1.275000000000000133 ) ) ;
#6923 = PLANE ( 'NONE',  #12254 ) ;
#6924 = LINE ( 'NONE', #4799, #5125 ) ;
#6925 = DIRECTION ( 'NONE',  ( 1.000000000000000000, -0.000000000000000000, -0.000000000000000000 ) ) ;
#6926 = ORIENTED_EDGE ( 'NONE', *, *, #10973, .T. ) ;
#6927 = ORIENTED_EDGE ( 'NONE', *, *, #3317, .F. ) ;
#6928 = ORIENTED_EDGE ( 'NONE', *, *, #3243, .T. ) ;
#6929 = PLANE ( 'NONE',  #11623 ) ;
#6930 = EDGE_CURVE ( 'NONE', #7592, #7859, #10168, .T. ) ;
#6931 = AXIS2_PLACEMENT_3D ( 'NONE', #7576, #2647, #11551 ) ;
#6932 = ORIENTED_EDGE ( 'NONE', *, *, #4776, .T. ) ;
#6933 = CARTESIAN_POINT ( 'NONE',  ( -26.51417022851110517, 0.6396166539876949608, -2.911522587644912008 ) ) ;
#6934 = VECTOR ( 'NONE', #5328, 1000.000000000000000 ) ;
#6935 = ADVANCED_FACE ( 'NONE', ( #422 ), #12243, .T. ) ;
#6936 = LINE ( 'NONE', #10915, #9826 ) ;
#6937 = FACE_OUTER_BOUND ( 'NONE', #3797, .T. ) ;
#6938 = DIRECTION ( 'NONE',  ( -0.000000000000000000, -0.000000000000000000, -1.000000000000000000 ) ) ;
#6939 = LINE ( 'NONE', #3820, #6422 ) ;
#6940 = ORIENTED_EDGE ( 'NONE', *, *, #11773, .F. ) ;
#6941 = VERTEX_POINT ( 'NONE', #10228 ) ;
#6942 = VECTOR ( 'NONE', #4789, 999.9999999999998863 ) ;
#6943 = LINE ( 'NONE', #9951, #9098 ) ;
#6944 =( LENGTH_UNIT ( ) NAMED_UNIT ( * ) SI_UNIT ( .MILLI., .METRE. ) );
#6945 = ORIENTED_EDGE ( 'NONE', *, *, #7309, .F. ) ;
#6946 = DIRECTION ( 'NONE',  ( 1.000000000000000000, 0.000000000000000000, 0.000000000000000000 ) ) ;
#6947 = ORIENTED_EDGE ( 'NONE', *, *, #9466, .F. ) ;
#6948 = FACE_OUTER_BOUND ( 'NONE', #6806, .T. ) ;
#6949 = ORIENTED_EDGE ( 'NONE', *, *, #11397, .F. ) ;
#6950 = DIRECTION ( 'NONE',  ( 0.000000000000000000, -1.000000000000000000, 0.000000000000000000 ) ) ;
#6951 = CARTESIAN_POINT ( 'NONE',  ( -7.686194367827409835, 30.12831799411278411, 2.550000000000000266 ) ) ;
#6952 = LINE ( 'NONE', #3832, #2044 ) ;
#6953 = DIRECTION ( 'NONE',  ( 0.000000000000000000, -0.000000000000000000, 1.000000000000000000 ) ) ;
#6954 = DIRECTION ( 'NONE',  ( -0.4679360541420688469, 0.8773801015163790185, -0.1060188978298652468 ) ) ;
#6955 = FACE_OUTER_BOUND ( 'NONE', #6687, .T. ) ;
#6956 = CARTESIAN_POINT ( 'NONE',  ( -13.51126586478674696, 15.14459148665090460, 1.912499999999999645 ) ) ;
#6957 = EDGE_LOOP ( 'NONE', ( #12214, #9128, #7191, #6116 ) ) ;
#6958 = CARTESIAN_POINT ( 'NONE',  ( 15.66780826722624553, -8.167291062543229785, 1.275000000000000133 ) ) ;
#6959 = CARTESIAN_POINT ( 'NONE',  ( 11.48298480446653791, -2.955195369709572084, 1.275000000000000133 ) ) ;
#6960 = VECTOR ( 'NONE', #820, 1000.000000000000000 ) ;
#6961 = ORIENTED_EDGE ( 'NONE', *, *, #7056, .F. ) ;
#6962 = EDGE_LOOP ( 'NONE', ( #4581, #5803, #253, #337 ) ) ;
#6963 = CARTESIAN_POINT ( 'NONE',  ( -26.59955002541527946, 7.000846562496111147, 1.613004358982853548 ) ) ;
#6964 = CARTESIAN_POINT ( 'NONE',  ( 20.53593437477012174, 43.41236235352887718, 1.912499999999999645 ) ) ;
#6965 = LINE ( 'NONE', #6850, #11494 ) ;
#6966 = VECTOR ( 'NONE', #3885, 1000.000000000000000 ) ;
#6967 = CARTESIAN_POINT ( 'NONE',  ( 1.616094351457737499, 30.12831799411278411, -2.550000000000000266 ) ) ;
#6968 = DIRECTION ( 'NONE',  ( 0.000000000000000000, 1.000000000000000000, 0.000000000000000000 ) ) ;
#6969 = CARTESIAN_POINT ( 'NONE',  ( -22.94587571363852874, 9.515804525069352593, 1.439121164605829506 ) ) ;
#6970 = DIRECTION ( 'NONE',  ( -1.000000000000000000, 0.000000000000000000, 0.000000000000000000 ) ) ;
#6971 = EDGE_CURVE ( 'NONE', #10332, #3556, #5143, .T. ) ;
#6972 = ORIENTED_EDGE ( 'NONE', *, *, #5175, .F. ) ;
#6973 = ORIENTED_EDGE ( 'NONE', *, *, #6128, .T. ) ;
#6974 =( GEOMETRIC_REPRESENTATION_CONTEXT ( 3 ) GLOBAL_UNCERTAINTY_ASSIGNED_CONTEXT ( ( #10140 ) ) GLOBAL_UNIT_ASSIGNED_CONTEXT ( ( #1528, #5476, #8665 ) ) REPRESENTATION_CONTEXT ( 'NONE', 'WORKASPACE' ) );
#6975 = VERTEX_POINT ( 'NONE', #7219 ) ;
#6976 = EDGE_CURVE ( 'NONE', #1521, #2134, #2297, .T. ) ;
#6977 = LINE ( 'NONE', #897, #1635 ) ;
#6978 = AXIS2_PLACEMENT_3D ( 'NONE', #9351, #7131, #1239 ) ;
#6979 = CARTESIAN_POINT ( 'NONE',  ( 37.94256167830387483, 35.43741449081242934, 1.275000000000000133 ) ) ;
#6980 = EDGE_CURVE ( 'NONE', #7678, #9014, #3379, .T. ) ;
#6981 = LINE ( 'NONE', #960, #9409 ) ;
#6982 = LINE ( 'NONE', #8756, #1057 ) ;
#6983 = EDGE_CURVE ( 'NONE', #7388, #5197, #228, .T. ) ;
#6984 = CARTESIAN_POINT ( 'NONE',  ( 7.702410331654453657, 6.114001408762802292, 0.5766211646058294615 ) ) ;
#6985 = CARTESIAN_POINT ( 'NONE',  ( 15.38045670213009863, 9.157540068309863557, 2.014121164605829239 ) ) ;
#6986 = EDGE_LOOP ( 'NONE', ( #11899, #10909, #12278, #4331 ) ) ;
#6987 = ORIENTED_EDGE ( 'NONE', *, *, #11491, .T. ) ;
#6988 = ORIENTED_EDGE ( 'NONE', *, *, #8658, .T. ) ;
#6989 = AXIS2_PLACEMENT_3D ( 'NONE', #2595, #11631, #578 ) ;
#6990 = VECTOR ( 'NONE', #10700, 1000.000000000000000 ) ;
#6991 = DIRECTION ( 'NONE',  ( 0.000000000000000000, 0.000000000000000000, 1.000000000000000000 ) ) ;
#6992 = VECTOR ( 'NONE', #3282, 1000.000000000000114 ) ;
#6993 = EDGE_CURVE ( 'NONE', #3869, #5683, #4425, .T. ) ;
#6994 = ORIENTED_EDGE ( 'NONE', *, *, #12779, .F. ) ;
#6995 = CARTESIAN_POINT ( 'NONE',  ( -6.254696157596316475, 30.12831799411278411, 1.912499999999999645 ) ) ;
#6996 = DIRECTION ( 'NONE',  ( -0.000000000000000000, -0.000000000000000000, -1.000000000000000000 ) ) ;
#6997 = LINE ( 'NONE', #4996, #6629 ) ;
#6998 = ADVANCED_FACE ( 'NONE', ( #6655 ), #7211, .T. ) ;
#6999 = VECTOR ( 'NONE', #8144, 1000.000000000000114 ) ;
#7000 = FACE_OUTER_BOUND ( 'NONE', #5003, .T. ) ;
#7001 = EDGE_CURVE ( 'NONE', #8440, #8551, #3717, .T. ) ;
#7002 = PLANE ( 'NONE',  #980 ) ;
#7003 = CARTESIAN_POINT ( 'NONE',  ( 11.64942479529152486, 74.51861236923436138, 2.014121164605829239 ) ) ;
#7004 = ORIENTED_EDGE ( 'NONE', *, *, #8186, .T. ) ;
#7005 = VECTOR ( 'NONE', #11217, 1000.000000000000000 ) ;
#7006 = DIRECTION ( 'NONE',  ( -1.000000000000000000, 8.524225085263861320E-16, 0.000000000000000000 ) ) ;
#7007 = ORIENTED_EDGE ( 'NONE', *, *, #1200, .T. ) ;
#7008 = UNCERTAINTY_MEASURE_WITH_UNIT (LENGTH_MEASURE( 1.000000000000000082E-05 ), #6944, 'distance_accuracy_value', 'NONE');
#7009 = CARTESIAN_POINT ( 'NONE',  ( -8.554924714253258955, -7.344328440636797239, -1.275000000000000133 ) ) ;
#7010 = EDGE_CURVE ( 'NONE', #2544, #11437, #10629, .T. ) ;
#7011 = EDGE_LOOP ( 'NONE', ( #582, #10125, #1529, #6022 ) ) ;
#7012 = AXIS2_PLACEMENT_3D ( 'NONE', #3138, #11197, #7287 ) ;
#7013 = CIRCLE ( 'NONE', #12431, 2.999999999999999112 ) ;
#7014 = LINE ( 'NONE', #11111, #1658 ) ;
#7015 = VECTOR ( 'NONE', #8124, 1000.000000000000000 ) ;
#7016 = ORIENTED_EDGE ( 'NONE', *, *, #1116, .T. ) ;
#7017 = VECTOR ( 'NONE', #6386, 1000.000000000000000 ) ;
#7018 = CARTESIAN_POINT ( 'NONE',  ( 16.96332560084250574, 42.84560376941755067, 1.912499999999999645 ) ) ;
#7019 = DIRECTION ( 'NONE',  ( -0.4679360541420687913, 0.8773801015163790185, -0.1060188978298652607 ) ) ;
#7020 = LINE ( 'NONE', #7984, #3475 ) ;
#7021 = ADVANCED_FACE ( 'NONE', ( #3585, #481 ), #8390, .T. ) ;
#7022 = CARTESIAN_POINT ( 'NONE',  ( 27.18584998739259007, -4.180819173181895998, -3.282702545445129960 ) ) ;
#7023 = DIRECTION ( 'NONE',  ( -0.9920614219374375153, -0.1257542647526099233, 0.000000000000000000 ) ) ;
#7024 = DIRECTION ( 'NONE',  ( -0.000000000000000000, -0.000000000000000000, -1.000000000000000000 ) ) ;
#7025 = LINE ( 'NONE', #1971, #5779 ) ;
#7026 = VERTEX_POINT ( 'NONE', #2694 ) ;
#7027 = VECTOR ( 'NONE', #3442, 1000.000000000000114 ) ;
#7028 = VECTOR ( 'NONE', #501, 1000.000000000000000 ) ;
#7029 = CARTESIAN_POINT ( 'NONE',  ( -23.45566906391124107, -8.839150743516267283, -3.745101960572831068 ) ) ;
#7030 = VECTOR ( 'NONE', #10997, 1000.000000000000000 ) ;
#7031 = DIRECTION ( 'NONE',  ( -0.9338567516961607806, 0.3576472666070510953, 0.000000000000000000 ) ) ;
#7032 = VECTOR ( 'NONE', #8990, 1000.000000000000000 ) ;
#7033 = EDGE_CURVE ( 'NONE', #12401, #8415, #10433, .T. ) ;
#7034 = ORIENTED_EDGE ( 'NONE', *, *, #5413, .F. ) ;
#7035 = ORIENTED_EDGE ( 'NONE', *, *, #2239, .F. ) ;
#7036 = VECTOR ( 'NONE', #2974, 1000.000000000000114 ) ;
#7037 = ORIENTED_EDGE ( 'NONE', *, *, #2182, .T. ) ;
#7038 = CARTESIAN_POINT ( 'NONE',  ( -26.85639492195186051, 5.939862451466527027, 1.650006243700221642 ) ) ;
#7039 = CARTESIAN_POINT ( 'NONE',  ( 11.29611278031712018, 7.368731314913460118, 0.5766211646058294615 ) ) ;
#7040 = DIRECTION ( 'NONE',  ( 0.000000000000000000, 1.000000000000000000, 0.000000000000000000 ) ) ;
#7041 = VECTOR ( 'NONE', #9819, 1000.000000000000000 ) ;
#7042 = CARTESIAN_POINT ( 'NONE',  ( 50.16957179191506100, -10.94380396979420844, -2.550000000000000266 ) ) ;
#7043 = DIRECTION ( 'NONE',  ( -0.000000000000000000, 0.000000000000000000, -1.000000000000000000 ) ) ;
#7044 = CARTESIAN_POINT ( 'NONE',  ( 22.69369578148065258, -10.48790597677185232, 3.944330564366027136 ) ) ;
#7045 = DIRECTION ( 'NONE',  ( 0.9999995035849108538, 0.0009964085165624543289, 0.000000000000000000 ) ) ;
#7046 = ORIENTED_EDGE ( 'NONE', *, *, #4422, .T. ) ;
#7047 = ORIENTED_EDGE ( 'NONE', *, *, #10822, .T. ) ;
#7048 = AXIS2_PLACEMENT_3D ( 'NONE', #387, #4332, #8299 ) ;
#7049 = ORIENTED_EDGE ( 'NONE', *, *, #6603, .T. ) ;
#7050 = ORIENTED_EDGE ( 'NONE', *, *, #9841, .T. ) ;
#7051 = CARTESIAN_POINT ( 'NONE',  ( -11.70124556026240548, -5.084471690704764235, -1.275000000000000133 ) ) ;
#7052 = CARTESIAN_POINT ( 'NONE',  ( -4.148326245437850446, -12.10421909368450066, -1.912499999999999645 ) ) ;
#7053 = FACE_OUTER_BOUND ( 'NONE', #11394, .T. ) ;
#7054 = CARTESIAN_POINT ( 'NONE',  ( -19.73771211221854571, 1.369501866246042310, 2.014121164605829239 ) ) ;
#7055 = AXIS2_PLACEMENT_3D ( 'NONE', #581, #1626, #2659 ) ;
#7056 = EDGE_CURVE ( 'NONE', #3567, #1987, #10129, .T. ) ;
#7057 = CARTESIAN_POINT ( 'NONE',  ( -24.71735865038516877, 9.799079516088923469, -2.524469361826855440 ) ) ;
#7058 = DIRECTION ( 'NONE',  ( 0.9544799780350308183, -0.2982749931359433559, 0.000000000000000000 ) ) ;
#7059 = ORIENTED_EDGE ( 'NONE', *, *, #4266, .F. ) ;
#7060 = ORIENTED_EDGE ( 'NONE', *, *, #7934, .F. ) ;
#7061 = ORIENTED_EDGE ( 'NONE', *, *, #7100, .T. ) ;
#7062 = CARTESIAN_POINT ( 'NONE',  ( 53.64169562526486601, -0.8188726944412230146, 1.275000000000000133 ) ) ;
#7063 = EDGE_CURVE ( 'NONE', #10438, #2150, #10304, .T. ) ;
#7064 = EDGE_CURVE ( 'NONE', #12517, #8290, #5673, .T. ) ;
#7065 = VERTEX_POINT ( 'NONE', #7415 ) ;
#7066 = CARTESIAN_POINT ( 'NONE',  ( -26.38249432844566300, -2.467594959330777549, -3.138127709520712294 ) ) ;
#7067 = FACE_OUTER_BOUND ( 'NONE', #7739, .T. ) ;
#7068 = CARTESIAN_POINT ( 'NONE',  ( 50.51804093466497392, -8.435600470204391854, 1.275000000000000133 ) ) ;
#7069 = CARTESIAN_POINT ( 'NONE',  ( 15.66780826722624553, -8.167291062543229785, 1.912499999999999645 ) ) ;
#7070 = CARTESIAN_POINT ( 'NONE',  ( 73.96491932761539090, 74.51861236923376453, 2.014121164605829239 ) ) ;
#7071 = ORIENTED_EDGE ( 'NONE', *, *, #3810, .T. ) ;
#7072 = DIRECTION ( 'NONE',  ( 1.000000000000000000, 0.000000000000000000, 0.000000000000000000 ) ) ;
#7073 = ORIENTED_EDGE ( 'NONE', *, *, #10891, .F. ) ;
#7074 = LINE ( 'NONE', #5314, #5585 ) ;
#7075 = EDGE_CURVE ( 'NONE', #720, #8898, #3524, .T. ) ;
#7076 = ORIENTED_EDGE ( 'NONE', *, *, #3412, .T. ) ;
#7077 = DIRECTION ( 'NONE',  ( 0.6786661380088697682, -0.7344469164753335555, 0.000000000000000000 ) ) ;
#7078 = EDGE_CURVE ( 'NONE', #3566, #1798, #9645, .T. ) ;
#7079 = ADVANCED_FACE ( 'NONE', ( #9444 ), #544, .T. ) ;
#7080 = VERTEX_POINT ( 'NONE', #12437 ) ;
#7081 = DIRECTION ( 'NONE',  ( 0.6507913734559580554, 0.7592566023653054552, 0.000000000000000000 ) ) ;
#7082 = LINE ( 'NONE', #11246, #11639 ) ;
#7083 = ORIENTED_EDGE ( 'NONE', *, *, #891, .F. ) ;
#7084 = CARTESIAN_POINT ( 'NONE',  ( 15.51012958534852260, -8.654038297904891763, 1.912499999999999645 ) ) ;
#7085 = CARTESIAN_POINT ( 'NONE',  ( 53.98971320394726803, 3.734613692801296292, -1.275000000000000133 ) ) ;
#7086 = EDGE_CURVE ( 'NONE', #2601, #11752, #620, .T. ) ;
#7087 = CARTESIAN_POINT ( 'NONE',  ( 11.48298480446653791, -2.955195369709572084, 1.275000000000000133 ) ) ;
#7088 = LINE ( 'NONE', #12294, #11635 ) ;
#7089 = ORIENTED_EDGE ( 'NONE', *, *, #2417, .F. ) ;
#7090 = DIRECTION ( 'NONE',  ( 1.000000000000000000, 0.000000000000000000, -0.000000000000000000 ) ) ;
#7091 = PLANE ( 'NONE',  #11730 ) ;
#7092 = VERTEX_POINT ( 'NONE', #7552 ) ;
#7093 = VECTOR ( 'NONE', #10628, 1000.000000000000000 ) ;
#7094 = CARTESIAN_POINT ( 'NONE',  ( -24.75395639683015148, -3.615050399910050505, -3.231999389557429492 ) ) ;
#7095 = CARTESIAN_POINT ( 'NONE',  ( -7.275840057019161478, -8.418890752741660322, 1.912499999999999645 ) ) ;
#7096 = EDGE_CURVE ( 'NONE', #6568, #10716, #11528, .T. ) ;
#7097 = VERTEX_POINT ( 'NONE', #10558 ) ;
#7098 = ORIENTED_EDGE ( 'NONE', *, *, #10137, .F. ) ;
#7099 = DIRECTION ( 'NONE',  ( -0.000000000000000000, -0.000000000000000000, -1.000000000000000000 ) ) ;
#7100 = EDGE_CURVE ( 'NONE', #11241, #8584, #1663, .T. ) ;
#7101 = B_SPLINE_CURVE_WITH_KNOTS ( 'NONE', 3,
 ( #2617, #8448, #11519, #6569 ),
 .UNSPECIFIED., .F., .F.,
 ( 4, 4 ),
 ( 0.01081060901394507653, 0.01210202843671111250 ),
 .UNSPECIFIED. ) ;
#7102 = CARTESIAN_POINT ( 'NONE',  ( -21.91087571363854636, 1.369501866246042310, 1.439121164605829506 ) ) ;
#7103 = VECTOR ( 'NONE', #9686, 1000.000000000000000 ) ;
#7104 = DIRECTION ( 'NONE',  ( 0.6839411288813311840, -0.7295372041400839391, 0.000000000000000000 ) ) ;
#7105 = CARTESIAN_POINT ( 'NONE',  ( 8.852410331654466447, 7.264001408762807088, 0.5766211646058294615 ) ) ;
#7106 = DIRECTION ( 'NONE',  ( 0.8944271909999158554, -0.4472135954999579277, 0.000000000000000000 ) ) ;
#7107 = CARTESIAN_POINT ( 'NONE',  ( 24.96246110940082374, 1.369501866246044530, -2.868498318030774819 ) ) ;
#7108 = FACE_OUTER_BOUND ( 'NONE', #8201, .T. ) ;
#7109 = ADVANCED_FACE ( 'NONE', ( #8602 ), #4694, .T. ) ;
#7110 = ORIENTED_EDGE ( 'NONE', *, *, #910, .F. ) ;
#7111 = VECTOR ( 'NONE', #12203, 1000.000000000000000 ) ;
#7112 = ORIENTED_EDGE ( 'NONE', *, *, #4038, .T. ) ;
#7113 = EDGE_LOOP ( 'NONE', ( #1790, #786, #12271, #927 ) ) ;
#7114 = FACE_OUTER_BOUND ( 'NONE', #170, .T. ) ;
#7115 = CARTESIAN_POINT ( 'NONE',  ( 6.845473524725698589, -20.51816307879937185, 1.275000000000000133 ) ) ;
#7116 = CARTESIAN_POINT ( 'NONE',  ( -27.50000000000000000, 13.50472070242324030, -202.5000000000000000 ) ) ;
#7117 = CARTESIAN_POINT ( 'NONE',  ( -21.33587571363853996, 1.369501866246042310, 2.014121164605829239 ) ) ;
#7118 = CARTESIAN_POINT ( 'NONE',  ( 15.89999999999999325, -26.50000000000000355, 4.871890048187183631 ) ) ;
#7119 = DIRECTION ( 'NONE',  ( 0.000000000000000000, 6.197530749804934925E-17, 1.000000000000000000 ) ) ;
#7120 = ORIENTED_EDGE ( 'NONE', *, *, #7078, .T. ) ;
#7121 = VECTOR ( 'NONE', #10829, 999.9999999999998863 ) ;
#7122 = EDGE_LOOP ( 'NONE', ( #5979, #6644, #527, #2791 ) ) ;
#7123 = ORIENTED_EDGE ( 'NONE', *, *, #1614, .F. ) ;
#7124 = CARTESIAN_POINT ( 'NONE',  ( 50.16957179191506100, -10.94380396979420844, 2.550000000000000266 ) ) ;
#7125 = ADVANCED_FACE ( 'NONE', ( #12699 ), #5731, .F. ) ;
#7126 = ORIENTED_EDGE ( 'NONE', *, *, #6337, .F. ) ;
#7127 = CARTESIAN_POINT ( 'NONE',  ( 24.96939734929276966, 1.236606652550183538, 2.876621164605827730 ) ) ;
#7128 = LINE ( 'NONE', #11100, #7523 ) ;
#7129 = DIRECTION ( 'NONE',  ( 0.9999591765455476677, 0.009035775691678103044, 0.000000000000000000 ) ) ;
#7130 = DIRECTION ( 'NONE',  ( -0.000000000000000000, -0.000000000000000000, -1.000000000000000000 ) ) ;
#7131 = DIRECTION ( 'NONE',  ( -0.000000000000000000, 1.000000000000000000, 0.000000000000000000 ) ) ;
#7132 = EDGE_LOOP ( 'NONE', ( #11407, #9917, #10908, #1266 ) ) ;
#7133 = PLANE ( 'NONE',  #6430 ) ;
#7134 = EDGE_CURVE ( 'NONE', #1961, #8963, #6952, .T. ) ;
#7135 = ORIENTED_EDGE ( 'NONE', *, *, #6310, .T. ) ;
#7136 = CARTESIAN_POINT ( 'NONE',  ( 1.616094351457737499, -10.94380396979420844, -1.912499999999999645 ) ) ;
#7137 = ORIENTED_EDGE ( 'NONE', *, *, #8943, .T. ) ;
#7138 = DIRECTION ( 'NONE',  ( -0.000000000000000000, 0.000000000000000000, 1.000000000000000000 ) ) ;
#7139 = LINE ( 'NONE', #3891, #2260 ) ;
#7140 = LINE ( 'NONE', #8115, #1251 ) ;
#7141 = VERTEX_POINT ( 'NONE', #5800 ) ;
#7142 = EDGE_CURVE ( 'NONE', #5287, #2852, #5982, .T. ) ;
#7143 = CARTESIAN_POINT ( 'NONE',  ( -19.73771211221864164, 74.51861236923362242, 2.014121164605829239 ) ) ;
#7144 = DIRECTION ( 'NONE',  ( -0.5358244397314756435, 0.8443294201829345536, 0.000000000000000000 ) ) ;
#7145 = VECTOR ( 'NONE', #10220, 1000.000000000000000 ) ;
#7146 = CARTESIAN_POINT ( 'NONE',  ( 27.17237907470248004, -4.266979186066983232, -2.272814897404920487 ) ) ;
#7147 = LINE ( 'NONE', #5131, #12668 ) ;
#7148 = EDGE_CURVE ( 'NONE', #2181, #6585, #3776, .T. ) ;
#7149 = ADVANCED_FACE ( 'NONE', ( #9965 ), #9702, .F. ) ;
#7150 = EDGE_CURVE ( 'NONE', #2737, #5527, #1842, .T. ) ;
#7151 = EDGE_CURVE ( 'NONE', #5000, #11992, #2809, .T. ) ;
#7152 = CARTESIAN_POINT ( 'NONE',  ( -24.55587571363852817, 4.691371647646096044, 9.000000000000000000 ) ) ;
#7153 = CARTESIAN_POINT ( 'NONE',  ( 27.43881333838920611, -1.893955884635147191, 2.084912999556604696 ) ) ;
#7154 = ORIENTED_EDGE ( 'NONE', *, *, #3975, .F. ) ;
#7155 = CARTESIAN_POINT ( 'NONE',  ( 14.03200173286605512, 10.73073753245124706, -1.148378835394170627 ) ) ;
#7156 = DIRECTION ( 'NONE',  ( 0.9291711076192176177, -0.3696499056751892387, 0.000000000000000000 ) ) ;
#7157 = ORIENTED_EDGE ( 'NONE', *, *, #10217, .T. ) ;
#7158 = VERTEX_POINT ( 'NONE', #8843 ) ;
#7159 = CARTESIAN_POINT ( 'NONE',  ( 48.07181429932767713, -5.883185628636555364, -1.275000000000000133 ) ) ;
#7160 = DIRECTION ( 'NONE',  ( -0.000000000000000000, -0.000000000000000000, -1.000000000000000000 ) ) ;
#7161 = CARTESIAN_POINT ( 'NONE',  ( -1.921773770931815672, -12.10421909368450066, 2.550000000000000266 ) ) ;
#7162 = EDGE_CURVE ( 'NONE', #5421, #758, #809, .T. ) ;
#7163 = CARTESIAN_POINT ( 'NONE',  ( -14.06231303136081046, 74.51861236923376453, -1.148378835394170627 ) ) ;
#7164 = CARTESIAN_POINT ( 'NONE',  ( -4.132173923502903357, -1.514016550156666030, 1.275000000000000133 ) ) ;
#7165 = CARTESIAN_POINT ( 'NONE',  ( 1.161392628692404339, 22.98470660410501054, 2.500000000000000000 ) ) ;
#7166 = LINE ( 'NONE', #3017, #7358 ) ;
#7167 = EDGE_CURVE ( 'NONE', #8746, #11323, #7020, .T. ) ;
#7168 = ORIENTED_EDGE ( 'NONE', *, *, #5152, .F. ) ;
#7169 = VERTEX_POINT ( 'NONE', #7866 ) ;
#7170 = AXIS2_PLACEMENT_3D ( 'NONE', #6838, #1914, #940 ) ;
#7171 = CARTESIAN_POINT ( 'NONE',  ( 15.46899601616303421, -8.160435467678976096, -1.275000000000000133 ) ) ;
#7172 = DIRECTION ( 'NONE',  ( 0.000000000000000000, -1.000000000000000000, 0.000000000000000000 ) ) ;
#7173 = CARTESIAN_POINT ( 'NONE',  ( 4.437945083414517100, 6.104566538103151530, 0.5766211646058294615 ) ) ;
#7174 = CARTESIAN_POINT ( 'NONE',  ( 50.16957179191506100, -10.94380396979420844, -2.550000000000000266 ) ) ;
#7175 = LINE ( 'NONE', #10245, #2504 ) ;
#7176 = LINE ( 'NONE', #305, #3711 ) ;
#7177 = LINE ( 'NONE', #10189, #9094 ) ;
#7178 = ORIENTED_EDGE ( 'NONE', *, *, #9573, .F. ) ;
#7179 = VERTEX_POINT ( 'NONE', #6829 ) ;
#7180 = EDGE_LOOP ( 'NONE', ( #10883, #10786, #9130, #4335 ) ) ;
#7181 = DIRECTION ( 'NONE',  ( 0.000000000000000000, -1.000000000000000000, 0.000000000000000000 ) ) ;
#7182 = EDGE_CURVE ( 'NONE', #2737, #5851, #873, .T. ) ;
#7183 = ORIENTED_EDGE ( 'NONE', *, *, #7309, .T. ) ;
#7184 = DIRECTION ( 'NONE',  ( 1.000000000000000000, 0.000000000000000000, 0.000000000000000000 ) ) ;
#7185 = CARTESIAN_POINT ( 'NONE',  ( -7.766504759364324606, -8.211567639074671021, 1.912499999999999645 ) ) ;
#7186 = LINE ( 'NONE', #9083, #10329 ) ;
#7187 = CARTESIAN_POINT ( 'NONE',  ( 56.24471162071884578, 22.14384850482823097, 1.275000000000000133 ) ) ;
#7188 = CARTESIAN_POINT ( 'NONE',  ( -7.064785948593764964, -4.997959635964555503, 1.275000000000000133 ) ) ;
#7189 = VERTEX_POINT ( 'NONE', #11905 ) ;
#7190 = DIRECTION ( 'NONE',  ( -0.000000000000000000, 0.000000000000000000, -1.000000000000000000 ) ) ;
#7191 = ORIENTED_EDGE ( 'NONE', *, *, #8515, .F. ) ;
#7192 = VECTOR ( 'NONE', #7826, 1000.000000000000114 ) ;
#7193 = CARTESIAN_POINT ( 'NONE',  ( -1.321504461720410806, -16.49198077607188750, -1.275000000000000133 ) ) ;
#7194 = ORIENTED_EDGE ( 'NONE', *, *, #4559, .F. ) ;
#7195 = DIRECTION ( 'NONE',  ( 0.000000000000000000, 0.000000000000000000, 1.000000000000000000 ) ) ;
#7196 = DIRECTION ( 'NONE',  ( 0.9863939238321445258, 0.1643989873053521844, 0.000000000000000000 ) ) ;
#7197 = CARTESIAN_POINT ( 'NONE',  ( 32.53907208397777140, -19.48308816078074202, 1.275000000000000133 ) ) ;
#7198 = AXIS2_PLACEMENT_3D ( 'NONE', #8105, #1300, #6227 ) ;
#7199 = EDGE_LOOP ( 'NONE', ( #8019, #1597, #9062, #9889, #5520 ) ) ;
#7200 = DIRECTION ( 'NONE',  ( 0.9999921886900041690, -0.003952538295216394965, 0.000000000000000000 ) ) ;
#7201 = LINE ( 'NONE', #10154, #5439 ) ;
#7202 = AXIS2_PLACEMENT_3D ( 'NONE', #3989, #7824, #7893 ) ;
#7203 = DIRECTION ( 'NONE',  ( -0.8120153713427195052, -0.5836360481525667554, 0.000000000000000000 ) ) ;
#7204 = CARTESIAN_POINT ( 'NONE',  ( 13.54101436650989498, -12.10421909368450066, 2.550000000000000266 ) ) ;
#7205 = ADVANCED_FACE ( 'NONE', ( #7743 ), #79, .T. ) ;
#7206 = ORIENTED_EDGE ( 'NONE', *, *, #365, .F. ) ;
#7207 = CARTESIAN_POINT ( 'NONE',  ( -1.298023612954588568, -8.073352229963379756, 1.912499999999999645 ) ) ;
#7208 = CARTESIAN_POINT ( 'NONE',  ( -7.766504759364324606, -8.211567639074671021, -1.275000000000000133 ) ) ;
#7209 = ORIENTED_EDGE ( 'NONE', *, *, #2869, .T. ) ;
#7210 = DIRECTION ( 'NONE',  ( -1.000000000000000000, 0.000000000000000000, 0.000000000000000000 ) ) ;
#7211 = TOROIDAL_SURFACE ( 'NONE', #9300, 4.000000000000000000, 1.000000000000000000 ) ;
#7212 = DIRECTION ( 'NONE',  ( -0.000000000000000000, -0.000000000000000000, -1.000000000000000000 ) ) ;
#7213 = VECTOR ( 'NONE', #12591, 1000.000000000000000 ) ;
#7214 = VECTOR ( 'NONE', #1515, 1000.000000000000000 ) ;
#7215 = EDGE_CURVE ( 'NONE', #2229, #3556, #8973, .T. ) ;
#7216 = EDGE_CURVE ( 'NONE', #6607, #8660, #6769, .T. ) ;
#7217 = ORIENTED_EDGE ( 'NONE', *, *, #5691, .F. ) ;
#7218 = VERTEX_POINT ( 'NONE', #8914 ) ;
#7219 = CARTESIAN_POINT ( 'NONE',  ( 10.08359999005818075, -7.621554737275839209, -1.912499999999999645 ) ) ;
#7220 = VECTOR ( 'NONE', #5169, 1000.000000000000000 ) ;
#7221 = FACE_OUTER_BOUND ( 'NONE', #4817, .T. ) ;
#7222 = CARTESIAN_POINT ( 'NONE',  ( 50.16957179191506100, -10.94380396979420844, 1.912499999999999645 ) ) ;
#7223 = VECTOR ( 'NONE', #6541, 1000.000000000000000 ) ;
#7224 = AXIS2_PLACEMENT_3D ( 'NONE', #1441, #5398, #9361 ) ;
#7225 = ORIENTED_EDGE ( 'NONE', *, *, #3562, .F. ) ;
#7226 = FACE_OUTER_BOUND ( 'NONE', #4111, .T. ) ;
#7227 = CARTESIAN_POINT ( 'NONE',  ( 25.24682620627136842, -10.90234385979699283, 3.994409483982884090 ) ) ;
#7229 = DIRECTION ( 'NONE',  ( 0.000000000000000000, -1.000000000000000000, 0.000000000000000000 ) ) ;
#7228 = AXIS2_PLACEMENT_3D ( 'NONE', #12146, #10268, #392 ) ;
#7230 = AXIS2_PLACEMENT_3D ( 'NONE', #3112, #915, #2918 ) ;
#7231 = VECTOR ( 'NONE', #9383, 999.9999999999998863 ) ;
#7232 = CARTESIAN_POINT ( 'NONE',  ( 5.587945083414529002, 7.254566538103156326, 0.5766211646058294615 ) ) ;
#7233 = EDGE_CURVE ( 'NONE', #8507, #3072, #4825, .T. ) ;
#7234 = VECTOR ( 'NONE', #10788, 1000.000000000000000 ) ;
#7235 = ADVANCED_FACE ( 'NONE', ( #25 ), #11002, .T. ) ;
#7236 = VERTEX_POINT ( 'NONE', #10932 ) ;
#7237 = VECTOR ( 'NONE', #7882, 1000.000000000000000 ) ;
#7238 = VERTEX_POINT ( 'NONE', #5858 ) ;
#7239 = CARTESIAN_POINT ( 'NONE',  ( -24.98977884185080356, 0.8250662607822145667, 2.901912913957987339 ) ) ;
#7240 = CARTESIAN_POINT ( 'NONE',  ( 24.54530078484973288, -23.04204434554795000, -1.275000000000000133 ) ) ;
#7241 = PLANE ( 'NONE',  #7623 ) ;
#7242 = DIRECTION ( 'NONE',  ( -0.000000000000000000, -0.000000000000000000, -1.000000000000000000 ) ) ;
#7243 = FACE_OUTER_BOUND ( 'NONE', #5260, .T. ) ;
#7244 = EDGE_CURVE ( 'NONE', #9854, #6497, #4017, .T. ) ;
#7245 = CARTESIAN_POINT ( 'NONE',  ( -26.85359801475360797, 6.054787835277892327, 1.643111526785149712 ) ) ;
#7246 = CARTESIAN_POINT ( 'NONE',  ( 5.926536009056959209, 21.18669797144782407, -2.499999999999997335 ) ) ;
#7247 = ORIENTED_EDGE ( 'NONE', *, *, #1719, .T. ) ;
#7248 = CARTESIAN_POINT ( 'NONE',  ( -27.41932284294955835, 2.435810209779065705, -1.806491188545684690 ) ) ;
#7249 = CIRCLE ( 'NONE', #9972, 200.0000000000000000 ) ;
#7250 = LINE ( 'NONE', #9404, #6190 ) ;
#7251 = AXIS2_PLACEMENT_3D ( 'NONE', #5753, #9985, #10705 ) ;
#7252 = EDGE_CURVE ( 'NONE', #11329, #894, #1357, .T. ) ;
#7253 = ORIENTED_EDGE ( 'NONE', *, *, #8753, .T. ) ;
#7254 = CARTESIAN_POINT ( 'NONE',  ( -2.210245313089296282, -7.472115200329144002, -1.912499999999999645 ) ) ;
#7255 = VECTOR ( 'NONE', #11497, 1000.000000000000000 ) ;
#7256 = FACE_OUTER_BOUND ( 'NONE', #707, .T. ) ;
#7257 = FACE_BOUND ( 'NONE', #6463, .T. ) ;
#7258 = CARTESIAN_POINT ( 'NONE',  ( -1.719580610744103844, -7.879850657207537523, 1.912499999999999645 ) ) ;
#7259 = CARTESIAN_POINT ( 'NONE',  ( 73.96491932761539090, 6.562698785064672080, 2.876621164605829506 ) ) ;
#7260 = CARTESIAN_POINT ( 'NONE',  ( 7.702410331654446551, 9.311368341907503066, 0.5766211646058294615 ) ) ;
#7261 = ORIENTED_EDGE ( 'NONE', *, *, #5256, .F. ) ;
#7262 = DIRECTION ( 'NONE',  ( -9.499231602880571395E-15, -1.000000000000000000, 0.000000000000000000 ) ) ;
#7263 = VERTEX_POINT ( 'NONE', #9208 ) ;
#7264 = ADVANCED_FACE ( 'NONE', ( #10399 ), #4250, .T. ) ;
#7265 = LINE ( 'NONE', #7193, #7434 ) ;
#7266 = VERTEX_POINT ( 'NONE', #6415 ) ;
#7267 = PRODUCT_DEFINITION_CONTEXT ( 'detailed design', #12130, 'design' ) ;
#7268 = DIRECTION ( 'NONE',  ( 0.000000000000000000, 0.000000000000000000, 1.000000000000000000 ) ) ;
#7269 = EDGE_CURVE ( 'NONE', #3663, #10692, #6341, .T. ) ;
#7270 = ORIENTED_EDGE ( 'NONE', *, *, #6284, .T. ) ;
#7271 = CARTESIAN_POINT ( 'NONE',  ( -27.49999999999999645, -1.832639877005381460E-11, 1.954188478669398821 ) ) ;
#7272 = PLANE ( 'NONE',  #8289 ) ;
#7273 = ORIENTED_EDGE ( 'NONE', *, *, #3425, .T. ) ;
#7274 = CARTESIAN_POINT ( 'NONE',  ( -19.73771211221854571, 13.50472070242324030, -2.499999999999996891 ) ) ;
#7275 = FACE_OUTER_BOUND ( 'NONE', #8712, .T. ) ;
#7276 = DIRECTION ( 'NONE',  ( 0.5328132696861327400, -0.8462328400897547453, 0.000000000000000000 ) ) ;
#7277 = DIRECTION ( 'NONE',  ( -1.000000000000000000, 8.524225085263861320E-16, 0.000000000000000000 ) ) ;
#7278 = EDGE_LOOP ( 'NONE', ( #9628, #12585, #1936, #2922 ) ) ;
#7279 = CARTESIAN_POINT ( 'NONE',  ( -2.590337688145444073, -8.177013786796837991, 1.912499999999999645 ) ) ;
#7280 = CARTESIAN_POINT ( 'NONE',  ( 8.691830596236838957, 30.12831799411278411, 1.912499999999999645 ) ) ;
#7281 = EDGE_LOOP ( 'NONE', ( #6945, #11916, #7034, #8092, #12100, #9707, #8531, #11452 ) ) ;
#7282 = PLANE ( 'NONE',  #3224 ) ;
#7283 = CARTESIAN_POINT ( 'NONE',  ( 5.153962473847291115, 30.12831799411278411, 2.550000000000000266 ) ) ;
#7284 = EDGE_CURVE ( 'NONE', #4517, #1122, #452, .T. ) ;
#7285 = VERTEX_POINT ( 'NONE', #6281 ) ;
#7286 = ORIENTED_EDGE ( 'NONE', *, *, #5957, .T. ) ;
#7287 = DIRECTION ( 'NONE',  ( -0.000000000000000000, 0.000000000000000000, -1.000000000000000000 ) ) ;
#7288 = CARTESIAN_POINT ( 'NONE',  ( 50.01465487017515699, -9.065663206091183923, -1.912499999999999645 ) ) ;
#7289 = DIRECTION ( 'NONE',  ( 0.000000000000000000, -1.000000000000000000, 0.000000000000000000 ) ) ;
#7290 = VECTOR ( 'NONE', #3234, 1000.000000000000000 ) ;
#7291 = ORIENTED_EDGE ( 'NONE', *, *, #6980, .F. ) ;
#7292 = DIRECTION ( 'NONE',  ( -0.000000000000000000, -0.000000000000000000, -1.000000000000000000 ) ) ;
#7293 = CARTESIAN_POINT ( 'NONE',  ( 26.96053206989325091, 5.447194960750310955, 2.661575904173551166 ) ) ;
#7294 = DIRECTION ( 'NONE',  ( 0.6507913734559580554, 0.7592566023653054552, 0.000000000000000000 ) ) ;
#7295 = EDGE_CURVE ( 'NONE', #4966, #11202, #7516, .T. ) ;
#7296 = CARTESIAN_POINT ( 'NONE',  ( 10.27357430557349360, -7.951944851215532850, -1.275000000000000133 ) ) ;
#7297 = EDGE_LOOP ( 'NONE', ( #2636, #7611, #5745, #6928, #9906, #12806, #1530, #495 ) ) ;
#7298 = VECTOR ( 'NONE', #2157, 1000.000000000000000 ) ;
#7299 = VERTEX_POINT ( 'NONE', #10464 ) ;
#7300 = DIRECTION ( 'NONE',  ( -0.000000000000000000, 0.000000000000000000, 1.000000000000000000 ) ) ;
#7301 = CARTESIAN_POINT ( 'NONE',  ( 5.153962473847291115, -12.10421909368450066, 1.912499999999999645 ) ) ;
#7302 = EDGE_CURVE ( 'NONE', #1349, #8953, #12202, .T. ) ;
#7303 = DIRECTION ( 'NONE',  ( -0.7474093186836519020, 0.6643638388299286657, 0.000000000000000000 ) ) ;
#7304 = LINE ( 'NONE', #12125, #3795 ) ;
#7305 = CARTESIAN_POINT ( 'NONE',  ( -21.91087571363854636, 74.51861236923376453, 1.439121164605829506 ) ) ;
#7306 = LINE ( 'NONE', #3468, #2689 ) ;
#7307 = LINE ( 'NONE', #8345, #12216 ) ;
#7308 = ORIENTED_EDGE ( 'NONE', *, *, #1131, .T. ) ;
#7309 = EDGE_CURVE ( 'NONE', #8374, #6251, #2527, .T. ) ;
#7310 = ORIENTED_EDGE ( 'NONE', *, *, #4710, .T. ) ;
#7311 = ADVANCED_FACE ( 'NONE', ( #7256 ), #9347, .T. ) ;
#7312 = DIRECTION ( 'NONE',  ( 0.000000000000000000, -0.000000000000000000, -1.000000000000000000 ) ) ;
#7313 = ADVANCED_FACE ( 'NONE', ( #11429 ), #5380, .F. ) ;
#7314 = AXIS2_PLACEMENT_3D ( 'NONE', #9941, #12016, #9082 ) ;
#7315 = LINE ( 'NONE', #5235, #8490 ) ;
#7316 = ORIENTED_EDGE ( 'NONE', *, *, #21, .T. ) ;
#7317 = CARTESIAN_POINT ( 'NONE',  ( -5.193779476585772770, -3.819049601878066635, -1.275000000000000133 ) ) ;
#7318 = VECTOR ( 'NONE', #11342, 1000.000000000000000 ) ;
#7319 = CARTESIAN_POINT ( 'NONE',  ( -3.468005536002307210, -8.854269291442316003, 1.912499999999999645 ) ) ;
#7320 = FACE_OUTER_BOUND ( 'NONE', #8759, .T. ) ;
#7321 = DIRECTION ( 'NONE',  ( -0.000000000000000000, -0.000000000000000000, -1.000000000000000000 ) ) ;
#7322 = PLANE ( 'NONE',  #7410 ) ;
#7323 = FACE_OUTER_BOUND ( 'NONE', #8305, .T. ) ;
#7324 = ORIENTED_EDGE ( 'NONE', *, *, #10091, .F. ) ;
#7325 = FACE_OUTER_BOUND ( 'NONE', #5939, .T. ) ;
#7326 = ORIENTED_EDGE ( 'NONE', *, *, #3605, .T. ) ;
#7327 = EDGE_LOOP ( 'NONE', ( #6725, #9060, #6693, #6234 ) ) ;
#7328 = LINE ( 'NONE', #6290, #12020 ) ;
#7329 = ORIENTED_EDGE ( 'NONE', *, *, #1986, .F. ) ;
#7330 = CARTESIAN_POINT ( 'NONE',  ( -1.298023612954588568, -8.073352229963379756, 1.275000000000000133 ) ) ;
#7331 = EDGE_CURVE ( 'NONE', #12341, #12624, #9267, .T. ) ;
#7332 = EDGE_LOOP ( 'NONE', ( #8456, #2035, #12060, #8067 ) ) ;
#7333 = DIRECTION ( 'NONE',  ( -0.000000000000000000, 0.000000000000000000, -1.000000000000000000 ) ) ;
#7334 = CARTESIAN_POINT ( 'NONE',  ( 48.80962591760678038, -9.310112360832079048, 1.912499999999999645 ) ) ;
#7335 = ORIENTED_EDGE ( 'NONE', *, *, #4203, .F. ) ;
#7336 = DIRECTION ( 'NONE',  ( -0.000000000000000000, -0.000000000000000000, -1.000000000000000000 ) ) ;
#7337 = DIRECTION ( 'NONE',  ( 1.000000000000000000, 0.000000000000000000, -0.000000000000000000 ) ) ;
#7338 = PLANE ( 'NONE',  #8391 ) ;
#7339 = CARTESIAN_POINT ( 'NONE',  ( 3.369076640044708526, 17.36454658905779169, 1.275000000000000133 ) ) ;
#7340 = ORIENTED_EDGE ( 'NONE', *, *, #7150, .T. ) ;
#7341 = CARTESIAN_POINT ( 'NONE',  ( 7.943549333305202076, 30.12831799411278411, -2.550000000000000266 ) ) ;
#7342 = CARTESIAN_POINT ( 'NONE',  ( -22.80071311932000100, 13.50472070242359557, 2.500000000000007550 ) ) ;
#7343 = DIRECTION ( 'NONE',  ( 0.9779629312034364697, -0.2087786032906215061, 0.000000000000000000 ) ) ;
#7344 = CARTESIAN_POINT ( 'NONE',  ( 50.16957179191506100, -12.10421909368450066, 2.550000000000000266 ) ) ;
#7345 = VECTOR ( 'NONE', #4215, 1000.000000000000000 ) ;
#7346 = ORIENTED_EDGE ( 'NONE', *, *, #12410, .F. ) ;
#7347 = ORIENTED_EDGE ( 'NONE', *, *, #4291, .F. ) ;
#7348 = CARTESIAN_POINT ( 'NONE',  ( 26.42530899705485581, -1.979088104875232901, 3.099584451569591614 ) ) ;
#7349 = VECTOR ( 'NONE', #10483, 1000.000000000000000 ) ;
#7350 = CARTESIAN_POINT ( 'NONE',  ( 4.437945083414524206, 7.254566538103156326, 0.5766211646058294615 ) ) ;
#7351 = CARTESIAN_POINT ( 'NONE',  ( 50.16957179191506100, -12.10421909368450066, -1.912499999999999645 ) ) ;
#7352 = ORIENTED_EDGE ( 'NONE', *, *, #2780, .F. ) ;
#7353 = EDGE_LOOP ( 'NONE', ( #475, #12694, #11661, #3494 ) ) ;
#7354 = DIRECTION ( 'NONE',  ( -0.000000000000000000, -0.000000000000000000, -1.000000000000000000 ) ) ;
#7355 = CARTESIAN_POINT ( 'NONE',  ( 26.59955002541532920, 7.000846562495906866, 1.613004358982795816 ) ) ;
#7356 = CARTESIAN_POINT ( 'NONE',  ( -10.50865000339211974, -4.185137336343576209, 1.275000000000000133 ) ) ;
#7357 = CARTESIAN_POINT ( 'NONE',  ( 27.09918642108267051, -4.702022234975727244, -2.310297890718828739 ) ) ;
#7358 = VECTOR ( 'NONE', #2053, 999.9999999999998863 ) ;
#7359 = ORIENTED_EDGE ( 'NONE', *, *, #8259, .F. ) ;
#7360 = VERTEX_POINT ( 'NONE', #8293 ) ;
#7361 = LINE ( 'NONE', #11274, #6392 ) ;
#7362 = DIRECTION ( 'NONE',  ( 1.000000000000000000, 0.000000000000000000, 0.000000000000000000 ) ) ;
#7363 = CARTESIAN_POINT ( 'NONE',  ( 50.20249806082289012, -2.916614897791856897, 1.275000000000000133 ) ) ;
#7364 = CARTESIAN_POINT ( 'NONE',  ( 57.50565396225613313, 18.98834136507636572, 1.275000000000000133 ) ) ;
#7365 = CARTESIAN_POINT ( 'NONE',  ( 27.37774240338712062, 2.804198683544912196, -2.783555771280151969 ) ) ;
#7366 = CARTESIAN_POINT ( 'NONE',  ( 5.926536009056959209, 21.18669797144782407, 2.500000000000005773 ) ) ;
#7367 = CARTESIAN_POINT ( 'NONE',  ( -29.26379978235917534, -1.322912274680582367, -2.836871517558304134 ) ) ;
#7368 = VERTEX_POINT ( 'NONE', #10322 ) ;
#7369 = EDGE_CURVE ( 'NONE', #1517, #12290, #12273, .T. ) ;
#7370 = CARTESIAN_POINT ( 'NONE',  ( -1.947636035777786656, -7.520490593518104561, 1.912499999999999645 ) ) ;
#7371 = LINE ( 'NONE', #250, #8705 ) ;
#7372 = ORIENTED_EDGE ( 'NONE', *, *, #4857, .T. ) ;
#7373 = EDGE_CURVE ( 'NONE', #5415, #323, #1556, .T. ) ;
#7374 = VECTOR ( 'NONE', #9520, 1000.000000000000114 ) ;
#7375 = ORIENTED_EDGE ( 'NONE', *, *, #10746, .T. ) ;
#7376 = EDGE_CURVE ( 'NONE', #6298, #5769, #8358, .T. ) ;
#7377 = ADVANCED_FACE ( 'NONE', ( #6224 ), #7379, .F. ) ;
#7378 = DIRECTION ( 'NONE',  ( 0.000000000000000000, -0.000000000000000000, 1.000000000000000000 ) ) ;
#7379 = CYLINDRICAL_SURFACE ( 'NONE', #8858, 3.876292053266924054 ) ;
#7380 = DIRECTION ( 'NONE',  ( -0.000000000000000000, -0.000000000000000000, 1.000000000000000000 ) ) ;
#7381 = CARTESIAN_POINT ( 'NONE',  ( 18.25690515783547596, -6.868117843370229458, 1.275000000000000133 ) ) ;
#7382 = CARTESIAN_POINT ( 'NONE',  ( -12.12158661719209363, -3.261364548439958266, 1.275000000000000133 ) ) ;
#7383 = CARTESIAN_POINT ( 'NONE',  ( 50.16957179191506100, -12.10421909368450066, 1.275000000000000133 ) ) ;
#7384 = ORIENTED_EDGE ( 'NONE', *, *, #11243, .F. ) ;
#7385 = DIRECTION ( 'NONE',  ( -0.000000000000000000, -0.000000000000000000, -1.000000000000000000 ) ) ;
#7386 = ORIENTED_EDGE ( 'NONE', *, *, #1611, .T. ) ;
#7387 = CIRCLE ( 'NONE', #5107, 2.000000000000001776 ) ;
#7388 = VERTEX_POINT ( 'NONE', #1492 ) ;
#7389 = CARTESIAN_POINT ( 'NONE',  ( -24.60167922224737680, -12.30935145828615873, -3.103064508580262615 ) ) ;
#7390 = ORIENTED_EDGE ( 'NONE', *, *, #2380, .T. ) ;
#7391 = FACE_OUTER_BOUND ( 'NONE', #1910, .T. ) ;
#7392 = EDGE_CURVE ( 'NONE', #2789, #6790, #9410, .T. ) ;
#7393 = ORIENTED_EDGE ( 'NONE', *, *, #4546, .F. ) ;
#7394 = EDGE_CURVE ( 'NONE', #9407, #2229, #575, .T. ) ;
#7395 = CARTESIAN_POINT ( 'NONE',  ( -27.40177623093137882, -2.370180628891005892, 2.120548223724602721 ) ) ;
#7396 = ORIENTED_EDGE ( 'NONE', *, *, #10048, .F. ) ;
#7397 = ORIENTED_EDGE ( 'NONE', *, *, #105, .T. ) ;
#7398 = LINE ( 'NONE', #11248, #5221 ) ;
#7399 = CARTESIAN_POINT ( 'NONE',  ( 15.00967116025836390, -8.996818041117325748, 1.912499999999999645 ) ) ;
#7400 = VECTOR ( 'NONE', #10840, 1000.000000000000000 ) ;
#7401 = LINE ( 'NONE', #1511, #103 ) ;
#7402 = CARTESIAN_POINT ( 'NONE',  ( 10.41399010399786285, -8.174958178124823505, 1.275000000000000133 ) ) ;
#7403 = ORIENTED_EDGE ( 'NONE', *, *, #8484, .T. ) ;
#7404 = EDGE_CURVE ( 'NONE', #7832, #5471, #10198, .T. ) ;
#7405 = DIRECTION ( 'NONE',  ( -1.000000000000000000, -6.938893903907222067E-15, 0.000000000000000000 ) ) ;
#7406 = CARTESIAN_POINT ( 'NONE',  ( -24.96246110940082730, 1.369501866246042310, -2.010878835394169339 ) ) ;
#7407 = VERTEX_POINT ( 'NONE', #1811 ) ;
#7408 = CARTESIAN_POINT ( 'NONE',  ( -15.90000000000000391, -26.50000000000000355, -4.871890048187180966 ) ) ;
#7409 = CARTESIAN_POINT ( 'NONE',  ( 54.49918532657755321, 22.59855532513451593, 1.275000000000000133 ) ) ;
#7410 = AXIS2_PLACEMENT_3D ( 'NONE', #5577, #12337, #8570 ) ;
#7411 = VECTOR ( 'NONE', #7710, 1000.000000000000000 ) ;
#7412 = EDGE_CURVE ( 'NONE', #2553, #7447, #10525, .T. ) ;
#7413 = ORIENTED_EDGE ( 'NONE', *, *, #1864, .F. ) ;
#7414 = VERTEX_POINT ( 'NONE', #8811 ) ;
#7415 = CARTESIAN_POINT ( 'NONE',  ( -5.900596736361536365, -8.847358520986746910, -1.912499999999999645 ) ) ;
#7416 = CARTESIAN_POINT ( 'NONE',  ( 9.511444474816499906, 8.139807388987382097, 0.5766211646058294615 ) ) ;
#7417 = VERTEX_POINT ( 'NONE', #3858 ) ;
#7418 = VERTEX_POINT ( 'NONE', #1622 ) ;
#7419 = AXIS2_PLACEMENT_3D ( 'NONE', #7409, #2143, #3287 ) ;
#7420 = CARTESIAN_POINT ( 'NONE',  ( -4.014820503311821831, 35.05417183913628065, 1.912499999999999645 ) ) ;
#7421 = CARTESIAN_POINT ( 'NONE',  ( 27.38483433486462104, 2.736058756230291156, 1.791342893328123465 ) ) ;
#7422 = FACE_OUTER_BOUND ( 'NONE', #278, .T. ) ;
#7423 = ORIENTED_EDGE ( 'NONE', *, *, #1992, .F. ) ;
#7424 = LINE ( 'NONE', #6587, #6765 ) ;
#7425 = VECTOR ( 'NONE', #12559, 1000.000000000000000 ) ;
#7426 = EDGE_CURVE ( 'NONE', #5451, #8021, #9800, .T. ) ;
#7427 = VECTOR ( 'NONE', #3995, 1000.000000000000000 ) ;
#7428 = VECTOR ( 'NONE', #2230, 1000.000000000000000 ) ;
#7429 = EDGE_LOOP ( 'NONE', ( #2164, #5853, #5582, #6011 ) ) ;
#7430 = VECTOR ( 'NONE', #10949, 1000.000000000000114 ) ;
#7431 = ORIENTED_EDGE ( 'NONE', *, *, #1888, .F. ) ;
#7432 = FACE_OUTER_BOUND ( 'NONE', #5871, .T. ) ;
#7433 = LINE ( 'NONE', #11777, #11258 ) ;
#7434 = VECTOR ( 'NONE', #2207, 1000.000000000000114 ) ;
#7435 = FACE_OUTER_BOUND ( 'NONE', #9537, .T. ) ;
#7436 = VECTOR ( 'NONE', #2478, 1000.000000000000000 ) ;
#7437 = FACE_OUTER_BOUND ( 'NONE', #2459, .T. ) ;
#7438 = VECTOR ( 'NONE', #5351, 1000.000000000000000 ) ;
#7439 = DIRECTION ( 'NONE',  ( 0.000000000000000000, -1.000000000000000000, 0.000000000000000000 ) ) ;
#7440 = CARTESIAN_POINT ( 'NONE',  ( -21.33587571363853996, 9.957763227156871011, 1.439121164605829506 ) ) ;
#7441 = ORIENTED_EDGE ( 'NONE', *, *, #12635, .T. ) ;
#7442 = ORIENTED_EDGE ( 'NONE', *, *, #9655, .F. ) ;
#7443 = DIRECTION ( 'NONE',  ( 0.6831571287757378652, 0.7302714135188983491, 0.000000000000000000 ) ) ;
#7444 = VECTOR ( 'NONE', #7212, 1000.000000000000000 ) ;
#7445 = CARTESIAN_POINT ( 'NONE',  ( 9.414560009330283918, -7.910646086973067703, 1.275000000000000133 ) ) ;
#7446 = AXIS2_PLACEMENT_3D ( 'NONE', #12438, #5614, #11593 ) ;
#7447 = VERTEX_POINT ( 'NONE', #7712 ) ;
#7448 = EDGE_CURVE ( 'NONE', #5078, #10734, #4796, .T. ) ;
#7449 = CARTESIAN_POINT ( 'NONE',  ( 5.926536009056959209, 21.18669797144782407, 1.500000000000005551 ) ) ;
#7450 = DIRECTION ( 'NONE',  ( -0.000000000000000000, -0.000000000000000000, -1.000000000000000000 ) ) ;
#7451 = DIRECTION ( 'NONE',  ( 1.000000000000000000, 0.000000000000000000, 0.000000000000000000 ) ) ;
#7452 = DIRECTION ( 'NONE',  ( -0.000000000000000000, -0.000000000000000000, -1.000000000000000000 ) ) ;
#7453 = CARTESIAN_POINT ( 'NONE',  ( 15.51012958534852260, -8.654038297904891763, -1.912499999999999645 ) ) ;
#7454 = CARTESIAN_POINT ( 'NONE',  ( 0.000000000000000000, 0.000000000000000000, -2.550000000000000266 ) ) ;
#7455 = ORIENTED_EDGE ( 'NONE', *, *, #1128, .T. ) ;
#7456 = CARTESIAN_POINT ( 'NONE',  ( -6.254696157596316475, -9.830012418814996877, -1.912499999999999645 ) ) ;
#7457 = VECTOR ( 'NONE', #933, 1000.000000000000114 ) ;
#7458 = VERTEX_POINT ( 'NONE', #899 ) ;
#7459 = ORIENTED_EDGE ( 'NONE', *, *, #5342, .T. ) ;
#7460 = DIRECTION ( 'NONE',  ( -0.7348034446274925857, 0.6782801027330607191, 0.000000000000000000 ) ) ;
#7461 = VECTOR ( 'NONE', #3014, 1000.000000000000114 ) ;
#7462 = VERTEX_POINT ( 'NONE', #7583 ) ;
#7463 = EDGE_CURVE ( 'NONE', #4907, #12838, #6681, .T. ) ;
#7464 = DIRECTION ( 'NONE',  ( 0.8923663639513965684, 0.4513117242972573551, 0.000000000000000000 ) ) ;
#7465 = VERTEX_POINT ( 'NONE', #10710 ) ;
#7466 = DIRECTION ( 'NONE',  ( -1.000000000000000000, 6.938893903907222067E-15, -0.000000000000000000 ) ) ;
#7467 = ORIENTED_EDGE ( 'NONE', *, *, #7473, .T. ) ;
#7468 = ORIENTED_EDGE ( 'NONE', *, *, #4999, .F. ) ;
#7469 = VECTOR ( 'NONE', #12126, 1000.000000000000114 ) ;
#7470 = CARTESIAN_POINT ( 'NONE',  ( -2.590337688145444073, -8.177013786796837991, 1.912499999999999645 ) ) ;
#7471 = DIRECTION ( 'NONE',  ( -0.000000000000000000, -0.000000000000000000, -1.000000000000000000 ) ) ;
#7472 = CARTESIAN_POINT ( 'NONE',  ( 6.070177707534485378, 6.104566538103151530, 0.5766211646058294615 ) ) ;
#7473 = EDGE_CURVE ( 'NONE', #11318, #2150, #10947, .T. ) ;
#7474 = CARTESIAN_POINT ( 'NONE',  ( 14.03200173286605867, 8.483312583677848906, -2.563046285822878634 ) ) ;
#7475 = AXIS2_PLACEMENT_3D ( 'NONE', #11563, #11633, #10714 ) ;
#7476 = ORIENTED_EDGE ( 'NONE', *, *, #2320, .F. ) ;
#7477 = CARTESIAN_POINT ( 'NONE',  ( 50.16957179191506100, -8.770583410597110330, 1.912499999999999645 ) ) ;
#7478 = DIRECTION ( 'NONE',  ( 0.000000000000000000, 0.000000000000000000, 1.000000000000000000 ) ) ;
#7479 = EDGE_CURVE ( 'NONE', #11324, #8507, #5761, .T. ) ;
#7480 = ORIENTED_EDGE ( 'NONE', *, *, #8938, .F. ) ;
#7481 = EDGE_CURVE ( 'NONE', #11437, #10734, #11745, .T. ) ;
#7482 = FACE_OUTER_BOUND ( 'NONE', #11929, .T. ) ;
#7483 = EDGE_CURVE ( 'NONE', #2203, #3214, #12536, .T. ) ;
#7484 = CARTESIAN_POINT ( 'NONE',  ( 10.00314624412034981, -10.94380396979420844, -2.550000000000000266 ) ) ;
#7485 = VERTEX_POINT ( 'NONE', #11558 ) ;
#7486 = DIRECTION ( 'NONE',  ( -0.000000000000000000, -0.000000000000000000, -1.000000000000000000 ) ) ;
#7487 = LINE ( 'NONE', #10686, #12024 ) ;
#7488 = DIRECTION ( 'NONE',  ( -1.000000000000000000, 0.000000000000000000, 0.000000000000000000 ) ) ;
#7489 = EDGE_LOOP ( 'NONE', ( #8706, #7270, #11958, #2482 ) ) ;
#7490 = ORIENTED_EDGE ( 'NONE', *, *, #7479, .F. ) ;
#7491 = FACE_OUTER_BOUND ( 'NONE', #2839, .T. ) ;
#7492 = CARTESIAN_POINT ( 'NONE',  ( 27.42841366706613826, -2.057405987625255062, 3.105613376997360842 ) ) ;
#7493 = PLANE ( 'NONE',  #8075 ) ;
#7494 = VERTEX_POINT ( 'NONE', #844 ) ;
#7495 = CARTESIAN_POINT ( 'NONE',  ( -21.91087571363854636, 1.369501866246042310, 2.014121164605829239 ) ) ;
#7496 = EDGE_CURVE ( 'NONE', #3902, #11410, #2655, .T. ) ;
#7497 = EDGE_CURVE ( 'NONE', #116, #6049, #5370, .T. ) ;
#7498 = VERTEX_POINT ( 'NONE', #5700 ) ;
#7499 = ORIENTED_EDGE ( 'NONE', *, *, #2448, .T. ) ;
#7500 = CARTESIAN_POINT ( 'NONE',  ( -26.25659001403644055, -3.536298087409956103, 3.226637783823271821 ) ) ;
#7501 = DIRECTION ( 'NONE',  ( -0.8351708648198779006, -0.5499905695155301588, 0.000000000000000000 ) ) ;
#7502 = CARTESIAN_POINT ( 'NONE',  ( 5.153962473847291115, -12.10421909368450066, -2.550000000000000266 ) ) ;
#7503 = LINE ( 'NONE', #1744, #6080 ) ;
#7504 = DIRECTION ( 'NONE',  ( 0.000000000000000000, -1.000000000000000000, 2.168404344971008868E-16 ) ) ;
#7505 = DIRECTION ( 'NONE',  ( -0.4705882352941175850, 0.8823529411764705621, 0.000000000000000000 ) ) ;
#7506 = ORIENTED_EDGE ( 'NONE', *, *, #7134, .F. ) ;
#7507 = ORIENTED_EDGE ( 'NONE', *, *, #3887, .T. ) ;
#7508 = EDGE_CURVE ( 'NONE', #4828, #5950, #9672, .T. ) ;
#7509 = DIRECTION ( 'NONE',  ( 1.000000000000000000, 0.000000000000000000, 0.000000000000000000 ) ) ;
#7510 = DIRECTION ( 'NONE',  ( -0.000000000000000000, -0.000000000000000000, -1.000000000000000000 ) ) ;
#7511 = VECTOR ( 'NONE', #11778, 1000.000000000000114 ) ;
#7512 = ORIENTED_EDGE ( 'NONE', *, *, #8820, .T. ) ;
#7513 = AXIS2_PLACEMENT_3D ( 'NONE', #5716, #5778, #4678 ) ;
#7514 = VERTEX_POINT ( 'NONE', #6738 ) ;
#7515 = CARTESIAN_POINT ( 'NONE',  ( -14.76193061260650552, -10.94380396979420844, -2.550000000000000266 ) ) ;
#7516 = LINE ( 'NONE', #3551, #8472 ) ;
#7517 = FACE_OUTER_BOUND ( 'NONE', #6157, .T. ) ;
#7518 = DIRECTION ( 'NONE',  ( -0.000000000000000000, -0.000000000000000000, -1.000000000000000000 ) ) ;
#7519 = DIRECTION ( 'NONE',  ( 0.000000000000000000, -1.000000000000000000, 0.000000000000000000 ) ) ;
#7520 = CARTESIAN_POINT ( 'NONE',  ( 4.429863723595951264, 1.329242543690137390, -1.912499999999999645 ) ) ;
#7521 = ORIENTED_EDGE ( 'NONE', *, *, #8252, .F. ) ;
#7522 = LINE ( 'NONE', #9353, #9533 ) ;
#7523 = VECTOR ( 'NONE', #5182, 1000.000000000000000 ) ;
#7524 = ORIENTED_EDGE ( 'NONE', *, *, #970, .T. ) ;
#7525 = ORIENTED_EDGE ( 'NONE', *, *, #12086, .T. ) ;
#7526 = ORIENTED_EDGE ( 'NONE', *, *, #2087, .T. ) ;
#7527 = FACE_OUTER_BOUND ( 'NONE', #3915, .T. ) ;
#7528 = EDGE_CURVE ( 'NONE', #313, #2947, #12391, .T. ) ;
#7529 = ORIENTED_EDGE ( 'NONE', *, *, #6602, .F. ) ;
#7530 = AXIS2_PLACEMENT_3D ( 'NONE', #3933, #3992, #8014 ) ;
#7531 = VERTEX_POINT ( 'NONE', #242 ) ;
#7532 = DIRECTION ( 'NONE',  ( 0.000000000000000000, -0.000000000000000000, -1.000000000000000000 ) ) ;
#7533 = EDGE_LOOP ( 'NONE', ( #4234, #12342, #5205, #7979 ) ) ;
#7534 = ORIENTED_EDGE ( 'NONE', *, *, #6200, .F. ) ;
#7535 = CARTESIAN_POINT ( 'NONE',  ( 15.76756684101593819, -10.94380396979420844, 2.550000000000000266 ) ) ;
#7536 = CARTESIAN_POINT ( 'NONE',  ( 50.01465487017515699, -9.065663206091183923, 1.912499999999999645 ) ) ;
#7537 = LINE ( 'NONE', #10672, #7349 ) ;
#7538 = CARTESIAN_POINT ( 'NONE',  ( -22.80071311932000100, 13.50472070242359557, 2.500000000000007550 ) ) ;
#7539 = ORIENTED_EDGE ( 'NONE', *, *, #1040, .F. ) ;
#7540 = CARTESIAN_POINT ( 'NONE',  ( 12.22969871862639124, 30.12831799411278411, -1.912499999999999645 ) ) ;
#7541 = DIRECTION ( 'NONE',  ( 0.000000000000000000, -1.000000000000000000, 0.000000000000000000 ) ) ;
#7542 = VECTOR ( 'NONE', #7570, 999.9999999999998863 ) ;
#7543 = EDGE_LOOP ( 'NONE', ( #1107, #8870, #1278, #2896, #971, #2765, #2423, #5696 ) ) ;
#7544 = CARTESIAN_POINT ( 'NONE',  ( 50.16957179191506100, -12.10421909368450066, 2.550000000000000266 ) ) ;
#7545 = ADVANCED_FACE ( 'NONE', ( #1090 ), #6862, .T. ) ;
#7546 = ORIENTED_EDGE ( 'NONE', *, *, #8983, .F. ) ;
#7547 = EDGE_CURVE ( 'NONE', #323, #5882, #1216, .T. ) ;
#7548 = EDGE_LOOP ( 'NONE', ( #10956, #7506, #2901, #2631, #918, #3760, #10798, #12210, #2519 ) ) ;
#7549 = ADVANCED_FACE ( 'NONE', ( #8086 ), #5945, .T. ) ;
#7550 = EDGE_CURVE ( 'NONE', #5049, #7485, #4982, .T. ) ;
#7551 = DIRECTION ( 'NONE',  ( 0.000000000000000000, -1.000000000000000000, 0.000000000000000000 ) ) ;
#7552 = CARTESIAN_POINT ( 'NONE',  ( -12.04827131656482742, -4.634804513524170666, 1.275000000000000133 ) ) ;
#7553 = EDGE_CURVE ( 'NONE', #11595, #9009, #2964, .T. ) ;
#7554 = ADVANCED_FACE ( 'NONE', ( #10902 ), #4912, .T. ) ;
#7555 = DIRECTION ( 'NONE',  ( 0.9892034623538693561, -0.1465486610894719821, 0.000000000000000000 ) ) ;
#7556 = VERTEX_POINT ( 'NONE', #1937 ) ;
#7557 = EDGE_LOOP ( 'NONE', ( #5855, #7880, #657 ) ) ;
#7558 = CARTESIAN_POINT ( 'NONE',  ( 14.03200173286605512, 8.483312583677848906, 2.876621164605829506 ) ) ;
#7559 = LINE ( 'NONE', #3593, #6609 ) ;
#7560 = CARTESIAN_POINT ( 'NONE',  ( 50.16957179191506100, -10.94380396979420844, 1.912499999999999645 ) ) ;
#7561 = ORIENTED_EDGE ( 'NONE', *, *, #677, .T. ) ;
#7562 = DIRECTION ( 'NONE',  ( -0.6109151083855742792, 0.7916961098466014368, 0.000000000000000000 ) ) ;
#7563 = VECTOR ( 'NONE', #5613, 1000.000000000000000 ) ;
#7564 = ORIENTED_EDGE ( 'NONE', *, *, #89, .F. ) ;
#7565 = ORIENTED_EDGE ( 'NONE', *, *, #2891, .T. ) ;
#7566 = CARTESIAN_POINT ( 'NONE',  ( -27.38223735302122108, -2.600199801024155821, 3.148725983946410345 ) ) ;
#7567 = EDGE_CURVE ( 'NONE', #8898, #9752, #110, .T. ) ;
#7568 = EDGE_CURVE ( 'NONE', #11595, #10804, #9922, .T. ) ;
#7569 = DIRECTION ( 'NONE',  ( 1.000000000000000000, 0.000000000000000000, -0.000000000000000000 ) ) ;
#7570 = DIRECTION ( 'NONE',  ( 0.09053574604257078051, 0.9958932064676991880, 0.000000000000000000 ) ) ;
#7571 = AXIS2_PLACEMENT_3D ( 'NONE', #5562, #9338, #11284 ) ;
#7572 = CARTESIAN_POINT ( 'NONE',  ( 46.97116259195739474, 33.06019309407403028, -1.275000000000000133 ) ) ;
#7573 = LINE ( 'NONE', #4715, #9522 ) ;
#7574 = ORIENTED_EDGE ( 'NONE', *, *, #8804, .F. ) ;
#7575 = VERTEX_POINT ( 'NONE', #9002 ) ;
#7576 = CARTESIAN_POINT ( 'NONE',  ( 9.511444474816499906, 9.289807388987380676, 0.5766211646058294615 ) ) ;
#7577 = EDGE_CURVE ( 'NONE', #6477, #4802, #2062, .T. ) ;
#7578 = LINE ( 'NONE', #10518, #12440 ) ;
#7579 = VERTEX_POINT ( 'NONE', #6074 ) ;
#7580 = ORIENTED_EDGE ( 'NONE', *, *, #8923, .F. ) ;
#7581 = CARTESIAN_POINT ( 'NONE',  ( 15.38045670213009863, 8.483312583677848906, 2.876621164605829506 ) ) ;
#7582 = ADVANCED_FACE ( 'NONE', ( #7894 ), #8944, .T. ) ;
#7583 = CARTESIAN_POINT ( 'NONE',  ( 10.72379582614700055, 19.77733703565698420, 2.500000000000000000 ) ) ;
#7584 = CARTESIAN_POINT ( 'NONE',  ( -24.96246110940082730, 1.369501866246042310, 9.000000000000000000 ) ) ;
#7585 = DIRECTION ( 'NONE',  ( 0.6866235329637208062, -0.7270131525498133573, 0.000000000000000000 ) ) ;
#7586 = CARTESIAN_POINT ( 'NONE',  ( -13.99869447270801182, 10.07573478642061993, 1.275000000000000133 ) ) ;
#7587 = DIRECTION ( 'NONE',  ( 0.000000000000000000, -0.000000000000000000, 1.000000000000000000 ) ) ;
#7588 = VERTEX_POINT ( 'NONE', #10053 ) ;
#7589 = FACE_OUTER_BOUND ( 'NONE', #8395, .T. ) ;
#7590 = ORIENTED_EDGE ( 'NONE', *, *, #11773, .T. ) ;
#7591 = ORIENTED_EDGE ( 'NONE', *, *, #8615, .F. ) ;
#7592 = VERTEX_POINT ( 'NONE', #3991 ) ;
#7593 = CARTESIAN_POINT ( 'NONE',  ( -24.00799858983085855, -11.12023902058027325, 4.020739012939316126 ) ) ;
#7594 = ORIENTED_EDGE ( 'NONE', *, *, #9146, .F. ) ;
#7595 = VERTEX_POINT ( 'NONE', #7953 ) ;
#7596 = CARTESIAN_POINT ( 'NONE',  ( -7.686194367827409835, -10.94380396979420844, 1.275000000000000133 ) ) ;
#7597 = ORIENTED_EDGE ( 'NONE', *, *, #4595, .F. ) ;
#7598 = ORIENTED_EDGE ( 'NONE', *, *, #6860, .T. ) ;
#7599 = LINE ( 'NONE', #7535, #7103 ) ;
#7600 = DIRECTION ( 'NONE',  ( 1.000000000000000000, -1.224646799147353207E-16, 3.035914478146439626E-32 ) ) ;
#7601 = VECTOR ( 'NONE', #12645, 1000.000000000000000 ) ;
#7602 = DIRECTION ( 'NONE',  ( -0.000000000000000000, -0.000000000000000000, -1.000000000000000000 ) ) ;
#7603 = CARTESIAN_POINT ( 'NONE',  ( -2.500497672223062740, -7.976601443585464857, 1.912499999999999645 ) ) ;
#7604 = VERTEX_POINT ( 'NONE', #7052 ) ;
#7605 = LINE ( 'NONE', #6646, #9090 ) ;
#7606 = CARTESIAN_POINT ( 'NONE',  ( -24.48337723856824155, 5.084631546642253141, 2.676622255454719657 ) ) ;
#7607 = ORIENTED_EDGE ( 'NONE', *, *, #755, .F. ) ;
#7608 = LINE ( 'NONE', #10625, #7804 ) ;
#7609 = ORIENTED_EDGE ( 'NONE', *, *, #11371, .F. ) ;
#7610 = AXIS2_PLACEMENT_3D ( 'NONE', #7782, #3875, #8034 ) ;
#7611 = ORIENTED_EDGE ( 'NONE', *, *, #7096, .F. ) ;
#7612 = CARTESIAN_POINT ( 'NONE',  ( 12.63015828231127102, -1.476135225318559785, 1.275000000000000133 ) ) ;
#7613 = DIRECTION ( 'NONE',  ( -1.000000000000000000, 0.000000000000000000, 0.000000000000000000 ) ) ;
#7614 = EDGE_CURVE ( 'NONE', #5117, #11567, #11936, .T. ) ;
#7615 = FACE_OUTER_BOUND ( 'NONE', #6788, .T. ) ;
#7616 = LINE ( 'NONE', #2696, #416 ) ;
#7617 = ORIENTED_EDGE ( 'NONE', *, *, #1049, .T. ) ;
#7618 = EDGE_LOOP ( 'NONE', ( #10107, #520, #2197, #12709 ) ) ;
#7619 = CARTESIAN_POINT ( 'NONE',  ( 0.000000000000000000, 0.000000000000000000, 1.439121164605829728 ) ) ;
#7620 = CARTESIAN_POINT ( 'NONE',  ( 43.27977019758047561, -12.93294197047929295, 1.912499999999999645 ) ) ;
#7621 = VECTOR ( 'NONE', #9349, 1000.000000000000000 ) ;
#7622 = ORIENTED_EDGE ( 'NONE', *, *, #6971, .F. ) ;
#7623 = AXIS2_PLACEMENT_3D ( 'NONE', #7363, #3266, #10310 ) ;
#7624 = LINE ( 'NONE', #4775, #2005 ) ;
#7625 = ADVANCED_FACE ( 'NONE', ( #11815 ), #8013, .T. ) ;
#7626 = EDGE_CURVE ( 'NONE', #3171, #11683, #5097, .T. ) ;
#7627 = AXIS2_PLACEMENT_3D ( 'NONE', #2609, #2671, #4741 ) ;
#7628 = ORIENTED_EDGE ( 'NONE', *, *, #10729, .T. ) ;
#7629 = ORIENTED_EDGE ( 'NONE', *, *, #7679, .F. ) ;
#7630 = CARTESIAN_POINT ( 'NONE',  ( -27.42246282384763489, -2.134409459759486705, 2.102605258405373601 ) ) ;
#7631 = VECTOR ( 'NONE', #9869, 1000.000000000000000 ) ;
#7632 = LINE ( 'NONE', #6533, #5340 ) ;
#7633 = DIRECTION ( 'NONE',  ( 0.9998317064949373556, -0.01834553589899280343, 0.000000000000000000 ) ) ;
#7634 = VECTOR ( 'NONE', #2963, 1000.000000000000000 ) ;
#7635 = LINE ( 'NONE', #2954, #2242 ) ;
#7636 = CARTESIAN_POINT ( 'NONE',  ( 11.64942479529083919, 1.369501866246042310, -2.010878835394170672 ) ) ;
#7637 = EDGE_CURVE ( 'NONE', #6273, #842, #175, .T. ) ;
#7638 = ORIENTED_EDGE ( 'NONE', *, *, #4001, .T. ) ;
#7639 = DIRECTION ( 'NONE',  ( 0.9090648228942810327, -0.4166547104932202816, 0.000000000000000000 ) ) ;
#7640 = EDGE_CURVE ( 'NONE', #11025, #683, #10112, .T. ) ;
#7641 = EDGE_CURVE ( 'NONE', #10472, #3566, #4175, .T. ) ;
#7642 = VERTEX_POINT ( 'NONE', #5365 ) ;
#7643 = AXIS2_PLACEMENT_3D ( 'NONE', #8662, #12634, #2752 ) ;
#7644 = VECTOR ( 'NONE', #11738, 1000.000000000000000 ) ;
#7645 = AXIS2_PLACEMENT_3D ( 'NONE', #8182, #473, #2411 ) ;
#7646 = ORIENTED_EDGE ( 'NONE', *, *, #7096, .T. ) ;
#7647 = LINE ( 'NONE', #11688, #4933 ) ;
#7648 = ADVANCED_FACE ( 'NONE', ( #9330 ), #10185, .T. ) ;
#7649 = CARTESIAN_POINT ( 'NONE',  ( 26.18426964044862615, -4.024334088724586422, -3.268983983174583496 ) ) ;
#7650 = DIRECTION ( 'NONE',  ( -0.000000000000000000, -0.000000000000000000, -1.000000000000000000 ) ) ;
#7651 = CARTESIAN_POINT ( 'NONE',  ( 15.67954000625215016, -5.029171357805316767, -1.275000000000000133 ) ) ;
#7652 = CARTESIAN_POINT ( 'NONE',  ( 4.437945083414524206, 7.254566538103156326, 1.151621164605829417 ) ) ;
#7653 = CARTESIAN_POINT ( 'NONE',  ( -4.366782885510156476, -1.601994910909393166, -1.275000000000000133 ) ) ;
#7654 = ORIENTED_EDGE ( 'NONE', *, *, #4028, .T. ) ;
#7655 = AXIS2_PLACEMENT_3D ( 'NONE', #3341, #5438, #10317 ) ;
#7656 = ORIENTED_EDGE ( 'NONE', *, *, #4371, .T. ) ;
#7657 = VECTOR ( 'NONE', #6470, 1000.000000000000000 ) ;
#7658 = EDGE_LOOP ( 'NONE', ( #11412, #4092, #8612, #5251 ) ) ;
#7659 = AXIS2_PLACEMENT_3D ( 'NONE', #10614, #7666, #9684 ) ;
#7660 = ORIENTED_EDGE ( 'NONE', *, *, #12256, .F. ) ;
#7661 = VECTOR ( 'NONE', #888, 1000.000000000000000 ) ;
#7662 = DIRECTION ( 'NONE',  ( -1.000000000000000000, 0.000000000000000000, 0.000000000000000000 ) ) ;
#7663 = ADVANCED_FACE ( 'NONE', ( #2514 ), #7241, .T. ) ;
#7664 = ORIENTED_EDGE ( 'NONE', *, *, #9737, .T. ) ;
#7665 = VECTOR ( 'NONE', #3034, 1000.000000000000000 ) ;
#7666 = DIRECTION ( 'NONE',  ( -1.000000000000000000, 0.000000000000000000, -0.000000000000000000 ) ) ;
#7667 = ORIENTED_EDGE ( 'NONE', *, *, #5079, .T. ) ;
#7668 = ORIENTED_EDGE ( 'NONE', *, *, #11717, .F. ) ;
#7669 = AXIS2_PLACEMENT_3D ( 'NONE', #229, #1392, #5146 ) ;
#7670 = DIRECTION ( 'NONE',  ( 0.000000000000000000, 0.1199631333959766261, 0.9927783471781700397 ) ) ;
#7671 = LINE ( 'NONE', #4616, #5587 ) ;
#7672 = EDGE_CURVE ( 'NONE', #8984, #11595, #11341, .T. ) ;
#7673 = LINE ( 'NONE', #6753, #11732 ) ;
#7674 = FACE_OUTER_BOUND ( 'NONE', #7011, .T. ) ;
#7675 = ORIENTED_EDGE ( 'NONE', *, *, #4514, .F. ) ;
#7676 = LINE ( 'NONE', #7477, #7837 ) ;
#7677 = CARTESIAN_POINT ( 'NONE',  ( -24.90394646114328125, 2.436071885214483146, 2.803663557608514267 ) ) ;
#7678 = VERTEX_POINT ( 'NONE', #8146 ) ;
#7679 = EDGE_CURVE ( 'NONE', #6576, #55, #5225, .T. ) ;
#7680 = CARTESIAN_POINT ( 'NONE',  ( -9.803845580028609064, -4.517011263849649794, -1.275000000000000133 ) ) ;
#7681 = VECTOR ( 'NONE', #5783, 1000.000000000000000 ) ;
#7682 = VECTOR ( 'NONE', #2571, 1000.000000000000000 ) ;
#7683 = VERTEX_POINT ( 'NONE', #6467 ) ;
#7684 = DIRECTION ( 'NONE',  ( -0.000000000000000000, 0.000000000000000000, -1.000000000000000000 ) ) ;
#7685 = VECTOR ( 'NONE', #2837, 999.9999999999998863 ) ;
#7686 = DIRECTION ( 'NONE',  ( -0.000000000000000000, -0.000000000000000000, -1.000000000000000000 ) ) ;
#7687 = B_SPLINE_CURVE_WITH_KNOTS ( 'NONE', 3,
 ( #2615, #1578, #733, #1512, #4681, #6567, #1648, #5601, #1717, #9571 ),
 .UNSPECIFIED., .F., .F.,
 ( 4, 2, 2, 2, 4 ),
 ( 1.734723475976807094E-18, 0.005405304506972332702, 0.008107956760458496018, 0.009459282887201580711, 0.01081060901394466194 ),
 .UNSPECIFIED. ) ;
#7688 = CARTESIAN_POINT ( 'NONE',  ( 27.51706846848632182, -0.4820498058640096395, -1.983290856071963315 ) ) ;
#7689 = CARTESIAN_POINT ( 'NONE',  ( 0.1909652267713530527, -19.98267288438036715, -2.550000000000000266 ) ) ;
#7690 = PLANE ( 'NONE',  #148 ) ;
#7691 = ORIENTED_EDGE ( 'NONE', *, *, #2165, .F. ) ;
#7692 = VERTEX_POINT ( 'NONE', #7173 ) ;
#7693 = PLANE ( 'NONE',  #5139 ) ;
#7694 = DIRECTION ( 'NONE',  ( 0.9874406319167059465, -0.1579905011066695675, 0.000000000000000000 ) ) ;
#7695 = ORIENTED_EDGE ( 'NONE', *, *, #12050, .T. ) ;
#7696 = CARTESIAN_POINT ( 'NONE',  ( 13.54101436650989498, -10.94380396979420844, -2.550000000000000266 ) ) ;
#7697 = EDGE_CURVE ( 'NONE', #2576, #606, #8341, .T. ) ;
#7698 = VERTEX_POINT ( 'NONE', #11416 ) ;
#7699 = ORIENTED_EDGE ( 'NONE', *, *, #5171, .T. ) ;
#7700 = CARTESIAN_POINT ( 'NONE',  ( -25.12481498441721328, -8.573125100788780983, 3.712956547897475978 ) ) ;
#7701 = DIRECTION ( 'NONE',  ( -0.7872280535289942760, 0.6166619752643671681, 0.000000000000000000 ) ) ;
#7702 = EDGE_CURVE ( 'NONE', #2418, #9213, #1480, .T. ) ;
#7703 = DIRECTION ( 'NONE',  ( -0.000000000000000000, -0.000000000000000000, -1.000000000000000000 ) ) ;
#7704 = DIRECTION ( 'NONE',  ( -0.000000000000000000, -0.000000000000000000, -1.000000000000000000 ) ) ;
#7705 = CARTESIAN_POINT ( 'NONE',  ( 24.28421530421638508, -10.48790597677231595, -3.944330564366055114 ) ) ;
#7706 = ORIENTED_EDGE ( 'NONE', *, *, #4544, .T. ) ;
#7707 = FACE_OUTER_BOUND ( 'NONE', #3634, .T. ) ;
#7708 = ORIENTED_EDGE ( 'NONE', *, *, #8102, .F. ) ;
#7709 = ORIENTED_EDGE ( 'NONE', *, *, #1228, .F. ) ;
#7710 = DIRECTION ( 'NONE',  ( -0.000000000000000000, -0.000000000000000000, -1.000000000000000000 ) ) ;
#7711 = EDGE_CURVE ( 'NONE', #5541, #7863, #1342, .T. ) ;
#7712 = CARTESIAN_POINT ( 'NONE',  ( 10.08359999005818075, -7.621554737275839209, -1.275000000000000133 ) ) ;
#7713 = EDGE_CURVE ( 'NONE', #2473, #1913, #12187, .T. ) ;
#7714 = CARTESIAN_POINT ( 'NONE',  ( 47.05655862065253103, -7.616966707446510831, 1.275000000000000133 ) ) ;
#7715 = CARTESIAN_POINT ( 'NONE',  ( -1.962041024935681000, -2.968592114601731335, -1.275000000000000133 ) ) ;
#7716 = EDGE_CURVE ( 'NONE', #556, #11119, #1545, .T. ) ;
#7717 = FACE_OUTER_BOUND ( 'NONE', #10660, .T. ) ;
#7718 = DIRECTION ( 'NONE',  ( 0.000000000000000000, -0.000000000000000000, -1.000000000000000000 ) ) ;
#7719 = ORIENTED_EDGE ( 'NONE', *, *, #3906, .T. ) ;
#7720 = EDGE_LOOP ( 'NONE', ( #10471, #9680, #1700, #11434, #3260 ) ) ;
#7721 = EDGE_LOOP ( 'NONE', ( #711, #3262, #5222, #1514, #1791, #3231, #8050, #5321, #9471, #5894 ) ) ;
#7722 = ORIENTED_EDGE ( 'NONE', *, *, #10957, .T. ) ;
#7723 = CARTESIAN_POINT ( 'NONE',  ( 73.96491932761539090, 74.51861236923376453, -2.873378835394170494 ) ) ;
#7724 = EDGE_LOOP ( 'NONE', ( #8018, #8640, #5865, #4428 ) ) ;
#7725 = DIRECTION ( 'NONE',  ( 6.938893903907222067E-15, -1.000000000000000000, 0.000000000000000000 ) ) ;
#7726 = ORIENTED_EDGE ( 'NONE', *, *, #1325, .T. ) ;
#7727 = AXIS2_PLACEMENT_3D ( 'NONE', #10617, #2846, #1714 ) ;
#7728 = CARTESIAN_POINT ( 'NONE',  ( 54.17976077065905827, 25.58622286491810982, 1.912499999999999645 ) ) ;
#7729 = LINE ( 'NONE', #11708, #6814 ) ;
#7730 = LINE ( 'NONE', #1826, #10065 ) ;
#7731 = LINE ( 'NONE', #10728, #840 ) ;
#7732 = ORIENTED_EDGE ( 'NONE', *, *, #5674, .T. ) ;
#7733 = CARTESIAN_POINT ( 'NONE',  ( -25.20060078739440002, -11.00816605772172707, -2.951552217187848548 ) ) ;
#7734 = CARTESIAN_POINT ( 'NONE',  ( 0.000000000000000000, 0.000000000000000000, 9.000000000000000000 ) ) ;
#7735 = ORIENTED_EDGE ( 'NONE', *, *, #9700, .T. ) ;
#7736 = CARTESIAN_POINT ( 'NONE',  ( 50.25032737756705359, -7.964070100860446644, 1.912499999999999645 ) ) ;
#7737 = ADVANCED_FACE ( 'NONE', ( #12381 ), #499, .T. ) ;
#7738 = VECTOR ( 'NONE', #9739, 1000.000000000000114 ) ;
#7739 = EDGE_LOOP ( 'NONE', ( #12568, #5230, #4814 ) ) ;
#7740 = VERTEX_POINT ( 'NONE', #5490 ) ;
#7741 = CARTESIAN_POINT ( 'NONE',  ( 23.95150941693846036, 7.184270517399276024, 2.599241280533587162 ) ) ;
#7742 = CARTESIAN_POINT ( 'NONE',  ( -2.376103804022871913, -7.651795232173859596, -1.912499999999999645 ) ) ;
#7743 = FACE_OUTER_BOUND ( 'NONE', #8592, .T. ) ;
#7744 = CARTESIAN_POINT ( 'NONE',  ( 4.067257280038277578, -19.98267288438036715, 2.550000000000000266 ) ) ;
#7745 = CARTESIAN_POINT ( 'NONE',  ( 43.31521506697067991, -16.13858989925867249, -1.912499999999999645 ) ) ;
#7746 = VECTOR ( 'NONE', #6783, 1000.000000000000000 ) ;
#7747 = VERTEX_POINT ( 'NONE', #11147 ) ;
#7748 = LINE ( 'NONE', #7558, #190 ) ;
#7749 = CARTESIAN_POINT ( 'NONE',  ( 11.64942479529083919, 2.209541179223062368, 2.014121164605829239 ) ) ;
#7750 = VERTEX_POINT ( 'NONE', #9193 ) ;
#7751 = DIRECTION ( 'NONE',  ( 0.000000000000000000, -1.000000000000000000, 2.428612866367529932E-16 ) ) ;
#7752 = EDGE_LOOP ( 'NONE', ( #10532, #3954, #2486, #4364 ) ) ;
#7753 = ORIENTED_EDGE ( 'NONE', *, *, #1539, .T. ) ;
#7754 = CARTESIAN_POINT ( 'NONE',  ( -23.87759392977610773, 11.69561309421097839, 2.499999999999996447 ) ) ;
#7755 = CARTESIAN_POINT ( 'NONE',  ( 8.691830596236838957, 30.12831799411278411, 2.550000000000000266 ) ) ;
#7756 = CARTESIAN_POINT ( 'NONE',  ( 0.000000000000000000, 0.000000000000000000, -6.000000000000000000 ) ) ;
#7757 = CARTESIAN_POINT ( 'NONE',  ( 58.52245569878948572, 13.61238845097468619, 1.275000000000000133 ) ) ;
#7758 = LINE ( 'NONE', #1081, #7461 ) ;
#7759 = LINE ( 'NONE', #45, #3005 ) ;
#7760 = ORIENTED_EDGE ( 'NONE', *, *, #3090, .F. ) ;
#7761 = ORIENTED_EDGE ( 'NONE', *, *, #5286, .F. ) ;
#7762 = DIRECTION ( 'NONE',  ( -0.000000000000000000, -0.000000000000000000, -1.000000000000000000 ) ) ;
#7763 = AXIS2_PLACEMENT_3D ( 'NONE', #11520, #10550, #5604 ) ;
#7764 = DIRECTION ( 'NONE',  ( 0.000000000000000000, 0.000000000000000000, 1.000000000000000000 ) ) ;
#7765 = FACE_OUTER_BOUND ( 'NONE', #9998, .T. ) ;
#7766 = DIRECTION ( 'NONE',  ( -0.9991508330917332481, -0.04120209620996758554, 0.000000000000000000 ) ) ;
#7767 = ADVANCED_FACE ( 'NONE', ( #7435 ), #2247, .T. ) ;
#7768 = VECTOR ( 'NONE', #9570, 1000.000000000000000 ) ;
#7769 = DIRECTION ( 'NONE',  ( -1.000000000000000000, 0.000000000000000000, 0.000000000000000000 ) ) ;
#7770 = PLANE ( 'NONE',  #9729 ) ;
#7771 = VERTEX_POINT ( 'NONE', #6210 ) ;
#7772 = ORIENTED_EDGE ( 'NONE', *, *, #10836, .T. ) ;
#7773 = ORIENTED_EDGE ( 'NONE', *, *, #9579, .T. ) ;
#7774 = DIRECTION ( 'NONE',  ( 0.6618496974130331223, -0.7496365639656837887, 0.000000000000000000 ) ) ;
#7775 = EDGE_CURVE ( 'NONE', #2801, #10677, #11218, .T. ) ;
#7776 = EDGE_CURVE ( 'NONE', #3315, #720, #6266, .T. ) ;
#7777 = ORIENTED_EDGE ( 'NONE', *, *, #6357, .T. ) ;
#7778 = DIRECTION ( 'NONE',  ( 0.000000000000000000, 0.000000000000000000, 1.000000000000000000 ) ) ;
#7779 = ORIENTED_EDGE ( 'NONE', *, *, #5077, .T. ) ;
#7780 = PLANE ( 'NONE',  #11472 ) ;
#7781 = CARTESIAN_POINT ( 'NONE',  ( 3.747344086032916799, 6.562698785064672080, 2.876621164605829506 ) ) ;
#7782 = CARTESIAN_POINT ( 'NONE',  ( 54.49523530626897383, 24.02149891502483925, 1.912499999999999645 ) ) ;
#7783 = DIRECTION ( 'NONE',  ( 0.4679360541420691244, 0.8773801015163787964, 0.1060188978298646778 ) ) ;
#7784 = ORIENTED_EDGE ( 'NONE', *, *, #254, .T. ) ;
#7785 = CARTESIAN_POINT ( 'NONE',  ( 43.31521506697067991, -16.13858989925867249, 1.912499999999999645 ) ) ;
#7786 = FACE_OUTER_BOUND ( 'NONE', #4464, .T. ) ;
#7787 = ADVANCED_FACE ( 'NONE', ( #3393 ), #4306, .T. ) ;
#7788 = ORIENTED_EDGE ( 'NONE', *, *, #662, .F. ) ;
#7789 = DIRECTION ( 'NONE',  ( 4.625929269271495775E-16, -8.673617379884028570E-16, 1.000000000000000000 ) ) ;
#7790 = ORIENTED_EDGE ( 'NONE', *, *, #9794, .F. ) ;
#7791 = EDGE_CURVE ( 'NONE', #5697, #5569, #11676, .T. ) ;
#7792 = VECTOR ( 'NONE', #8922, 1000.000000000000000 ) ;
#7793 = ORIENTED_EDGE ( 'NONE', *, *, #8420, .T. ) ;
#7794 = CARTESIAN_POINT ( 'NONE',  ( 24.48289901403289548, 5.086985335640148875, 2.676521834214583340 ) ) ;
#7795 = CARTESIAN_POINT ( 'NONE',  ( 25.20060078739458120, -11.00816605772131851, 2.951552217187819238 ) ) ;
#7796 = DIRECTION ( 'NONE',  ( -0.000000000000000000, -0.000000000000000000, -1.000000000000000000 ) ) ;
#7797 = EDGE_CURVE ( 'NONE', #3370, #9786, #560, .T. ) ;
#7798 = CARTESIAN_POINT ( 'NONE',  ( 26.84007189176864117, 6.012968236508400288, -2.639555588754536775 ) ) ;
#7799 = FACE_OUTER_BOUND ( 'NONE', #6413, .T. ) ;
#7800 = ORIENTED_EDGE ( 'NONE', *, *, #12566, .F. ) ;
#7801 = FACE_OUTER_BOUND ( 'NONE', #8368, .T. ) ;
#7802 = CARTESIAN_POINT ( 'NONE',  ( -7.766504759364324606, -8.211567639074671021, 1.912499999999999645 ) ) ;
#7803 = ORIENTED_EDGE ( 'NONE', *, *, #12162, .T. ) ;
#7804 = VECTOR ( 'NONE', #10735, 1000.000000000000000 ) ;
#7805 = FACE_OUTER_BOUND ( 'NONE', #7429, .T. ) ;
#7806 = CARTESIAN_POINT ( 'NONE',  ( 50.51804093466497392, -8.435600470204391854, 1.912499999999999645 ) ) ;
#7807 = EDGE_CURVE ( 'NONE', #11893, #5706, #8554, .T. ) ;
#7808 = ORIENTED_EDGE ( 'NONE', *, *, #7463, .F. ) ;
#7809 = ORIENTED_EDGE ( 'NONE', *, *, #2430, .F. ) ;
#7810 = CARTESIAN_POINT ( 'NONE',  ( -26.96053206989325446, 5.447194960749853543, 2.661575904173435703 ) ) ;
#7811 = FACE_OUTER_BOUND ( 'NONE', #57, .T. ) ;
#7812 = FACE_OUTER_BOUND ( 'NONE', #5073, .T. ) ;
#7813 = VECTOR ( 'NONE', #7450, 1000.000000000000000 ) ;
#7814 = EDGE_CURVE ( 'NONE', #5846, #5269, #4507, .T. ) ;
#7815 = CARTESIAN_POINT ( 'NONE',  ( -6.273778340962095967, -8.792072357342210154, 1.912499999999999645 ) ) ;
#7816 = LINE ( 'NONE', #6671, #6810 ) ;
#7817 = DIRECTION ( 'NONE',  ( 0.000000000000000000, 1.000000000000000000, -0.000000000000000000 ) ) ;
#7818 = DIRECTION ( 'NONE',  ( -0.5358244397314756435, 0.8443294201829345536, 0.000000000000000000 ) ) ;
#7819 = ADVANCED_FACE ( 'NONE', ( #5689 ), #8480, .T. ) ;
#7820 = ORIENTED_EDGE ( 'NONE', *, *, #8156, .T. ) ;
#7821 = ORIENTED_EDGE ( 'NONE', *, *, #2147, .F. ) ;
#7822 = VECTOR ( 'NONE', #781, 1000.000000000000000 ) ;
#7823 = ORIENTED_EDGE ( 'NONE', *, *, #203, .T. ) ;
#7824 = DIRECTION ( 'NONE',  ( 0.9647638212377350753, 0.2631174057920981912, -0.000000000000000000 ) ) ;
#7825 = AXIS2_PLACEMENT_3D ( 'NONE', #7449, #6545, #5759 ) ;
#7826 = DIRECTION ( 'NONE',  ( 0.9999591765455476677, 0.009035775691678103044, 0.000000000000000000 ) ) ;
#7827 = CARTESIAN_POINT ( 'NONE',  ( 7.702410331654460762, 7.264001408762807088, 1.151621164605829417 ) ) ;
#7828 = DIRECTION ( 'NONE',  ( -0.000000000000000000, 1.000000000000000000, -0.000000000000000000 ) ) ;
#7829 = DIRECTION ( 'NONE',  ( 1.000000000000000000, -0.000000000000000000, -0.000000000000000000 ) ) ;
#7830 = DIRECTION ( 'NONE',  ( 0.000000000000000000, 0.000000000000000000, 1.000000000000000000 ) ) ;
#7831 = ORIENTED_EDGE ( 'NONE', *, *, #6382, .T. ) ;
#7832 = VERTEX_POINT ( 'NONE', #2581 ) ;
#7833 = ORIENTED_EDGE ( 'NONE', *, *, #682, .F. ) ;
#7834 = VECTOR ( 'NONE', #8988, 1000.000000000000000 ) ;
#7835 = VECTOR ( 'NONE', #11784, 999.9999999999998863 ) ;
#7836 = CARTESIAN_POINT ( 'NONE',  ( 58.50605750794129278, 13.76410529228347990, 1.275000000000000133 ) ) ;
#7837 = VECTOR ( 'NONE', #4621, 1000.000000000000000 ) ;
#7838 = EDGE_CURVE ( 'NONE', #118, #11900, #7632, .T. ) ;
#7839 = ORIENTED_EDGE ( 'NONE', *, *, #4549, .F. ) ;
#7840 = CARTESIAN_POINT ( 'NONE',  ( -25.48473541551887678, 7.314536695662574139, -2.595202102520143939 ) ) ;
#7841 = VECTOR ( 'NONE', #9198, 1000.000000000000114 ) ;
#7842 = VECTOR ( 'NONE', #9134, 1000.000000000000000 ) ;
#7843 = VECTOR ( 'NONE', #12389, 1000.000000000000000 ) ;
#7844 = PLANE ( 'NONE',  #12732 ) ;
#7845 = AXIS2_PLACEMENT_3D ( 'NONE', #10246, #10188, #5042 ) ;
#7846 = DIRECTION ( 'NONE',  ( -0.000000000000000000, -0.000000000000000000, -1.000000000000000000 ) ) ;
#7847 = VECTOR ( 'NONE', #10276, 999.9999999999998863 ) ;
#7848 = CARTESIAN_POINT ( 'NONE',  ( 43.31521506697067991, -16.13858989925867249, 1.912499999999999645 ) ) ;
#7849 = DIRECTION ( 'NONE',  ( 0.8823529411764693409, 0.4705882352941200830, 0.000000000000000000 ) ) ;
#7850 = ADVANCED_FACE ( 'NONE', ( #10510 ), #9662, .T. ) ;
#7851 = TOROIDAL_SURFACE ( 'NONE', #11392, 26.49999999999999645, 1.000000000000000000 ) ;
#7852 = ORIENTED_EDGE ( 'NONE', *, *, #8775, .T. ) ;
#7853 = LINE ( 'NONE', #4815, #8049 ) ;
#7854 = CARTESIAN_POINT ( 'NONE',  ( -27.49999999999998579, 1.218892613089714860, -1.875093186257660971 ) ) ;
#7855 = ORIENTED_EDGE ( 'NONE', *, *, #11184, .F. ) ;
#7856 = VERTEX_POINT ( 'NONE', #4711 ) ;
#7857 = CARTESIAN_POINT ( 'NONE',  ( 11.29611278031712729, 6.218731314913454433, 0.5766211646058294615 ) ) ;
#7858 = VECTOR ( 'NONE', #2604, 1000.000000000000000 ) ;
#7859 = VERTEX_POINT ( 'NONE', #7502 ) ;
#7860 = AXIS2_PLACEMENT_3D ( 'NONE', #7350, #2298, #5346 ) ;
#7861 = CARTESIAN_POINT ( 'NONE',  ( 19.30543496340549225, 30.12831799411278411, 2.550000000000000266 ) ) ;
#7862 = EDGE_CURVE ( 'NONE', #4471, #3119, #1605, .T. ) ;
#7863 = VERTEX_POINT ( 'NONE', #1681 ) ;
#7864 = LINE ( 'NONE', #11846, #5854 ) ;
#7865 = DIRECTION ( 'NONE',  ( -0.9643264662862186531, -0.2647158220052859834, 0.000000000000000000 ) ) ;
#7866 = CARTESIAN_POINT ( 'NONE',  ( 16.74702004040473113, -12.10421909368450066, -1.275000000000000133 ) ) ;
#7867 = CARTESIAN_POINT ( 'NONE',  ( 8.691830596236838957, -12.10421909368450066, 2.550000000000000266 ) ) ;
#7868 = DIRECTION ( 'NONE',  ( 1.000000000000000000, 0.000000000000000000, -0.000000000000000000 ) ) ;
#7869 = EDGE_CURVE ( 'NONE', #12284, #907, #3603, .T. ) ;
#7870 = EDGE_CURVE ( 'NONE', #8184, #7360, #11625, .T. ) ;
#7871 = EDGE_CURVE ( 'NONE', #5929, #12624, #11545, .T. ) ;
#7872 = DIRECTION ( 'NONE',  ( -0.8604042686535844364, -0.5096121019782502426, 0.000000000000000000 ) ) ;
#7873 = PLANE ( 'NONE',  #6105 ) ;
#7874 = ORIENTED_EDGE ( 'NONE', *, *, #2376, .F. ) ;
#7875 = VECTOR ( 'NONE', #11833, 1000.000000000000227 ) ;
#7876 = LINE ( 'NONE', #10879, #9472 ) ;
#7877 = VECTOR ( 'NONE', #1250, 1000.000000000000000 ) ;
#7878 = CARTESIAN_POINT ( 'NONE',  ( 5.153962473847291115, -10.94380396979420844, 2.550000000000000266 ) ) ;
#7879 = EDGE_LOOP ( 'NONE', ( #4735, #2499, #4502, #3546 ) ) ;
#7880 = ORIENTED_EDGE ( 'NONE', *, *, #3562, .T. ) ;
#7881 = CARTESIAN_POINT ( 'NONE',  ( 23.66111738797359010, 14.01433280440184781, 1.500000000000007550 ) ) ;
#7882 = DIRECTION ( 'NONE',  ( -0.000000000000000000, 1.000000000000000000, -0.000000000000000000 ) ) ;
#7883 = LINE ( 'NONE', #12827, #4201 ) ;
#7884 = ADVANCED_FACE ( 'NONE', ( #2639 ), #6669, .T. ) ;
#7885 = LINE ( 'NONE', #5875, #10974 ) ;
#7886 = CARTESIAN_POINT ( 'NONE',  ( -7.579913957064055907, -8.273764573174778647, 1.912499999999999645 ) ) ;
#7887 = CARTESIAN_POINT ( 'NONE',  ( 24.26470588235293491, -12.94117647058823728, -3.176635312041687698 ) ) ;
#7888 = CARTESIAN_POINT ( 'NONE',  ( 58.50605750794129278, 13.76410529228347990, 1.912499999999999645 ) ) ;
#7889 = ORIENTED_EDGE ( 'NONE', *, *, #6031, .F. ) ;
#7890 = EDGE_CURVE ( 'NONE', #7604, #4382, #12711, .T. ) ;
#7891 = ORIENTED_EDGE ( 'NONE', *, *, #7010, .T. ) ;
#7892 = ORIENTED_EDGE ( 'NONE', *, *, #11079, .F. ) ;
#7893 = DIRECTION ( 'NONE',  ( -0.2631174057920981357, 0.9647638212377349642, 0.000000000000000000 ) ) ;
#7894 = FACE_OUTER_BOUND ( 'NONE', #7901, .T. ) ;
#7895 = DIRECTION ( 'NONE',  ( 0.000000000000000000, 0.000000000000000000, 1.000000000000000000 ) ) ;
#7896 = LINE ( 'NONE', #6740, #11842 ) ;
#7897 = CARTESIAN_POINT ( 'NONE',  ( 15.76756684101593819, -12.10421909368450066, 1.275000000000000133 ) ) ;
#7898 = DIRECTION ( 'NONE',  ( -0.000000000000000000, -0.000000000000000000, -1.000000000000000000 ) ) ;
#7899 = VERTEX_POINT ( 'NONE', #4782 ) ;
#7900 = ORIENTED_EDGE ( 'NONE', *, *, #6674, .F. ) ;
#7901 = EDGE_LOOP ( 'NONE', ( #3148, #5815, #3590, #6040 ) ) ;
#7902 = CARTESIAN_POINT ( 'NONE',  ( -25.20060078739440002, -11.00816605772172707, -2.951552217187848548 ) ) ;
#7903 = ORIENTED_EDGE ( 'NONE', *, *, #10177, .F. ) ;
#7904 = CARTESIAN_POINT ( 'NONE',  ( -26.72075462697737080, -6.854607591814312784, -3.527184099372317583 ) ) ;
#7905 = LINE ( 'NONE', #7, #4628 ) ;
#7906 = CARTESIAN_POINT ( 'NONE',  ( 54.49523530626897383, 24.02149891502483925, 1.912499999999999645 ) ) ;
#7907 = VECTOR ( 'NONE', #7019, 1000.000000000000000 ) ;
#7908 = PLANE ( 'NONE',  #4713 ) ;
#7909 = DIRECTION ( 'NONE',  ( 0.4679360541420712893, -0.8773801015163775752, 0.1060188978298655660 ) ) ;
#7910 = ORIENTED_EDGE ( 'NONE', *, *, #9440, .F. ) ;
#7911 = ADVANCED_FACE ( 'NONE', ( #3666 ), #10641, .T. ) ;
#7912 = ORIENTED_EDGE ( 'NONE', *, *, #704, .T. ) ;
#7913 = LINE ( 'NONE', #133, #2462 ) ;
#7914 = SURFACE_STYLE_USAGE ( .BOTH. , #8214 ) ;
#7915 = ORIENTED_EDGE ( 'NONE', *, *, #3206, .F. ) ;
#7916 = FACE_OUTER_BOUND ( 'NONE', #9376, .T. ) ;
#7917 = EDGE_LOOP ( 'NONE', ( #12257, #2461, #9762, #5019, #7638, #3972 ) ) ;
#7918 = VECTOR ( 'NONE', #8912, 1000.000000000000000 ) ;
#7919 = CARTESIAN_POINT ( 'NONE',  ( -27.24520247399032868, -3.764818711979378119, -2.230985339971681469 ) ) ;
#7920 = ORIENTED_EDGE ( 'NONE', *, *, #7284, .T. ) ;
#7921 = CARTESIAN_POINT ( 'NONE',  ( 13.64993377744630898, -10.94380396979420844, -1.275000000000000133 ) ) ;
#7922 = CARTESIAN_POINT ( 'NONE',  ( 24.96212692799721466, -11.56161874083385399, 4.074073470131662766 ) ) ;
#7923 = DIRECTION ( 'NONE',  ( 1.000000000000000000, 0.000000000000000000, 0.000000000000000000 ) ) ;
#7924 = CARTESIAN_POINT ( 'NONE',  ( 26.42755122015101676, -1.949176251378263780, -3.097274463612736284 ) ) ;
#7925 = CARTESIAN_POINT ( 'NONE',  ( 5.587945083414529002, 7.254566538103156326, 0.5766211646058294615 ) ) ;
#7926 = EDGE_CURVE ( 'NONE', #155, #1961, #1743, .T. ) ;
#7927 = FACE_OUTER_BOUND ( 'NONE', #4373, .T. ) ;
#7928 = CARTESIAN_POINT ( 'NONE',  ( 26.53108744800118401, -7.475325647058201461, 2.561666223697133482 ) ) ;
#7929 = VECTOR ( 'NONE', #11496, 1000.000000000000000 ) ;
#7930 = ORIENTED_EDGE ( 'NONE', *, *, #6626, .T. ) ;
#7931 = DIRECTION ( 'NONE',  ( 0.000000000000000000, 0.000000000000000000, 1.000000000000000000 ) ) ;
#7932 = CARTESIAN_POINT ( 'NONE',  ( -10.53815904897484224, 35.36936461364880557, 2.550000000000000266 ) ) ;
#7933 = ADVANCED_FACE ( 'NONE', ( #3734 ), #3789, .T. ) ;
#7934 = EDGE_CURVE ( 'NONE', #8920, #8941, #1865, .T. ) ;
#7935 = EDGE_CURVE ( 'NONE', #7595, #5032, #10945, .T. ) ;
#7936 = EDGE_CURVE ( 'NONE', #10037, #1349, #6906, .T. ) ;
#7937 = EDGE_LOOP ( 'NONE', ( #2970, #12332, #2022, #2910 ) ) ;
#7938 = VECTOR ( 'NONE', #8134, 1000.000000000000000 ) ;
#7939 = ORIENTED_EDGE ( 'NONE', *, *, #5833, .T. ) ;
#7940 = DIRECTION ( 'NONE',  ( -0.4679360541420691244, -0.8773801015163789074, -0.1060188978298646917 ) ) ;
#7941 = DIRECTION ( 'NONE',  ( -0.000000000000000000, -0.000000000000000000, -1.000000000000000000 ) ) ;
#7942 = CARTESIAN_POINT ( 'NONE',  ( 14.50921273516821763, -8.647182703040638074, 1.912499999999999645 ) ) ;
#7943 = FACE_OUTER_BOUND ( 'NONE', #5456, .T. ) ;
#7944 = DIRECTION ( 'NONE',  ( 0.000000000000000000, -0.000000000000000000, 1.000000000000000000 ) ) ;
#7945 = LINE ( 'NONE', #11803, #9123 ) ;
#7946 = LINE ( 'NONE', #6127, #1354 ) ;
#7947 = ADVANCED_FACE ( 'NONE', ( #7811 ), #1921, .T. ) ;
#7948 = ORIENTED_EDGE ( 'NONE', *, *, #8077, .T. ) ;
#7949 = ORIENTED_EDGE ( 'NONE', *, *, #2485, .T. ) ;
#7950 = EDGE_CURVE ( 'NONE', #9463, #740, #3976, .T. ) ;
#7951 = VERTEX_POINT ( 'NONE', #10041 ) ;
#7952 = PLANE ( 'NONE',  #7202 ) ;
#7953 = CARTESIAN_POINT ( 'NONE',  ( 12.44611278031711876, 7.368731314913466335, 0.5766211646058294615 ) ) ;
#7954 = DIRECTION ( 'NONE',  ( 1.000000000000000000, -0.000000000000000000, -0.000000000000000000 ) ) ;
#7955 = EDGE_CURVE ( 'NONE', #3627, #6790, #9788, .T. ) ;
#7956 = CARTESIAN_POINT ( 'NONE',  ( -24.84432810821535398, 11.85369185973962658, 1.507843966735051389 ) ) ;
#7957 = DIRECTION ( 'NONE',  ( -6.938893903907222067E-15, -1.000000000000000000, 0.000000000000000000 ) ) ;
#7958 = ORIENTED_EDGE ( 'NONE', *, *, #5957, .F. ) ;
#7959 = EDGE_LOOP ( 'NONE', ( #1381, #248, #4964, #307 ) ) ;
#7960 = ORIENTED_EDGE ( 'NONE', *, *, #5414, .T. ) ;
#7961 = DIRECTION ( 'NONE',  ( -0.000000000000000000, -2.479012299922036093E-16, -1.000000000000000000 ) ) ;
#7963 = ADVANCED_FACE ( 'NONE', ( #4097 ), #10828, .F. ) ;
#7962 = VECTOR ( 'NONE', #1831, 1000.000000000000000 ) ;
#7964 = ORIENTED_EDGE ( 'NONE', *, *, #8747, .T. ) ;
#7965 = CARTESIAN_POINT ( 'NONE',  ( -27.18584998739259007, -4.180819173182121595, -3.282702545445357778 ) ) ;
#7966 = VECTOR ( 'NONE', #1844, 1000.000000000000000 ) ;
#7967 =( BOUNDED_CURVE ( )  B_SPLINE_CURVE ( 3, ( #3969, #3909, #8851, #5633 ),
 .UNSPECIFIED., .F., .T. ) 
 B_SPLINE_CURVE_WITH_KNOTS ( ( 4, 4 ),
 ( 5.145301310429042374, 7.421069303930130090 ),
 .UNSPECIFIED. ) 
 CURVE ( )  GEOMETRIC_REPRESENTATION_ITEM ( )  RATIONAL_B_SPLINE_CURVE ( ( 1.000000000000000000, 0.6130108260472595383, 0.6130108260472595383, 1.000000000000000000 ) ) 
 REPRESENTATION_ITEM ( '' )  );
#7968 = DIRECTION ( 'NONE',  ( 0.4159883731862180634, -0.9093699320814844222, 0.000000000000000000 ) ) ;
#7969 = PLANE ( 'NONE',  #12224 ) ;
#7970 = FACE_OUTER_BOUND ( 'NONE', #7132, .T. ) ;
#7971 = CARTESIAN_POINT ( 'NONE',  ( -21.91087571363854636, 1.369501866246042310, 1.439121164605829506 ) ) ;
#7972 = VERTEX_POINT ( 'NONE', #7102 ) ;
#7973 = AXIS2_PLACEMENT_3D ( 'NONE', #1082, #3084, #9057 ) ;
#7974 = EDGE_CURVE ( 'NONE', #9620, #5447, #11073, .T. ) ;
#7975 = DIRECTION ( 'NONE',  ( -0.009035775691678103044, 0.9999591765455476677, 0.000000000000000000 ) ) ;
#7976 = DIRECTION ( 'NONE',  ( -6.938893903907222067E-15, 1.000000000000000000, 0.000000000000000000 ) ) ;
#7977 = ORIENTED_EDGE ( 'NONE', *, *, #7056, .T. ) ;
#7978 = CARTESIAN_POINT ( 'NONE',  ( -7.953095561664616397, -8.266853802719200672, 1.275000000000000133 ) ) ;
#7979 = ORIENTED_EDGE ( 'NONE', *, *, #8825, .T. ) ;
#7980 = DIRECTION ( 'NONE',  ( 0.000000000000000000, -1.000000000000000000, 0.000000000000000000 ) ) ;
#7981 = ORIENTED_EDGE ( 'NONE', *, *, #9858, .F. ) ;
#7982 = DIRECTION ( 'NONE',  ( 1.540501733514297995E-15, -1.000000000000000000, 0.000000000000000000 ) ) ;
#7983 = LINE ( 'NONE', #11963, #7907 ) ;
#7984 = CARTESIAN_POINT ( 'NONE',  ( 50.70003826105134692, 29.64086231977132613, 1.912499999999999645 ) ) ;
#7985 = DIRECTION ( 'NONE',  ( 0.000000000000000000, -0.000000000000000000, 1.000000000000000000 ) ) ;
#7986 = CARTESIAN_POINT ( 'NONE',  ( 53.87779532100678637, 20.23972191653519204, -1.275000000000000133 ) ) ;
#7987 = CARTESIAN_POINT ( 'NONE',  ( 16.96332560084250574, 42.84560376941755067, -1.275000000000000133 ) ) ;
#7988 = DIRECTION ( 'NONE',  ( -0.01587101662671873067, 0.9998740474835990932, 0.000000000000000000 ) ) ;
#7989 = ORIENTED_EDGE ( 'NONE', *, *, #9387, .T. ) ;
#7990 = CARTESIAN_POINT ( 'NONE',  ( 19.30543496340549225, 30.12831799411278411, -2.550000000000000266 ) ) ;
#7991 = PLANE ( 'NONE',  #12218 ) ;
#7992 = EDGE_CURVE ( 'NONE', #118, #11667, #5873, .T. ) ;
#7993 = AXIS2_PLACEMENT_3D ( 'NONE', #4894, #697, #7751 ) ;
#7994 = EDGE_CURVE ( 'NONE', #6772, #10941, #11919, .T. ) ;
#7995 = ORIENTED_EDGE ( 'NONE', *, *, #11743, .T. ) ;
#7996 = EDGE_LOOP ( 'NONE', ( #2493, #1534, #11674, #2607 ) ) ;
#7997 = CARTESIAN_POINT ( 'NONE',  ( 15.46899601616303421, -8.160435467678976096, 1.912499999999999645 ) ) ;
#7998 = CARTESIAN_POINT ( 'NONE',  ( 13.54101436650989498, -12.10421909368450066, -1.912499999999999645 ) ) ;
#7999 = DIRECTION ( 'NONE',  ( -0.000000000000000000, -0.000000000000000000, -1.000000000000000000 ) ) ;
#8000 = VECTOR ( 'NONE', #8779, 1000.000000000000000 ) ;
#8001 = CARTESIAN_POINT ( 'NONE',  ( -7.939274020753487093, -8.536373850486274506, 1.912499999999999645 ) ) ;
#8002 = CARTESIAN_POINT ( 'NONE',  ( -5.459641893321363071, -10.94380396979420844, 2.550000000000000266 ) ) ;
#8003 = DIRECTION ( 'NONE',  ( 0.2647158220052873712, -0.9643264662862184311, 0.000000000000000000 ) ) ;
#8004 = EDGE_CURVE ( 'NONE', #3754, #10758, #3846, .T. ) ;
#8005 = EDGE_CURVE ( 'NONE', #10590, #2801, #1009, .T. ) ;
#8006 = DIRECTION ( 'NONE',  ( 0.9739649296424499614, 0.2266987336236740425, 0.000000000000000000 ) ) ;
#8007 = ORIENTED_EDGE ( 'NONE', *, *, #11699, .F. ) ;
#8008 = ORIENTED_EDGE ( 'NONE', *, *, #12107, .F. ) ;
#8009 = ORIENTED_EDGE ( 'NONE', *, *, #11325, .F. ) ;
#8010 = EDGE_LOOP ( 'NONE', ( #2838, #4562, #8671, #2962 ) ) ;
#8011 = CARTESIAN_POINT ( 'NONE',  ( 16.49999999999999289, -27.50000000000000355, -6.000000000000000000 ) ) ;
#8012 = EDGE_CURVE ( 'NONE', #5141, #4182, #6000, .T. ) ;
#8013 = PLANE ( 'NONE',  #609 ) ;
#8014 = DIRECTION ( 'NONE',  ( 0.2223603367690603072, 0.9749645535258961715, 0.000000000000000000 ) ) ;
#8015 = DIRECTION ( 'NONE',  ( 1.000000000000000000, 0.000000000000000000, 0.000000000000000000 ) ) ;
#8016 = CARTESIAN_POINT ( 'NONE',  ( -24.28421530421642061, -10.48790597677222891, -3.944330564366045344 ) ) ;
#8017 = DIRECTION ( 'NONE',  ( 0.8462328400897547453, 0.5328132696861327400, -0.000000000000000000 ) ) ;
#8018 = ORIENTED_EDGE ( 'NONE', *, *, #3083, .T. ) ;
#8019 = ORIENTED_EDGE ( 'NONE', *, *, #9010, .F. ) ;
#8020 = ADVANCED_FACE ( 'NONE', ( #4033 ), #9980, .F. ) ;
#8021 = VERTEX_POINT ( 'NONE', #7998 ) ;
#8022 = EDGE_CURVE ( 'NONE', #12695, #11305, #6849, .T. ) ;
#8023 = VECTOR ( 'NONE', #10200, 1000.000000000000000 ) ;
#8024 = AXIS2_PLACEMENT_3D ( 'NONE', #4585, #12457, #3540 ) ;
#8025 = CARTESIAN_POINT ( 'NONE',  ( -5.459641893321363071, 30.12831799411278411, 2.550000000000000266 ) ) ;
#8026 = TOROIDAL_SURFACE ( 'NONE', #7825, 4.000000000000000000, 1.000000000000000000 ) ;
#8027 = EDGE_CURVE ( 'NONE', #591, #7951, #4900, .T. ) ;
#8028 = ORIENTED_EDGE ( 'NONE', *, *, #12450, .T. ) ;
#8029 = CARTESIAN_POINT ( 'NONE',  ( -26.51644779696300702, -0.3950220084620939542, -2.980886423968867938 ) ) ;
#8030 = CARTESIAN_POINT ( 'NONE',  ( -27.50000000000000000, 13.50472070242324030, -2.499999999999996891 ) ) ;
#8031 = CARTESIAN_POINT ( 'NONE',  ( -15.29868737352136954, -19.77245975207075546, 2.550000000000000266 ) ) ;
#8032 = VECTOR ( 'NONE', #8874, 1000.000000000000000 ) ;
#8033 = CARTESIAN_POINT ( 'NONE',  ( 24.96246110940082374, 1.369501866246044530, 2.868498318030797911 ) ) ;
#8034 = DIRECTION ( 'NONE',  ( -0.8160244811016579281, -0.5780173407803349539, 0.000000000000000000 ) ) ;
#8035 = ORIENTED_EDGE ( 'NONE', *, *, #7412, .F. ) ;
#8036 = LINE ( 'NONE', #4256, #8726 ) ;
#8037 = ORIENTED_EDGE ( 'NONE', *, *, #8511, .F. ) ;
#8038 = CIRCLE ( 'NONE', #5978, 0.9999999999999995559 ) ;
#8039 = ADVANCED_FACE ( 'NONE', ( #1135 ), #9050, .T. ) ;
#8040 = DIRECTION ( 'NONE',  ( -0.000000000000000000, -0.000000000000000000, -1.000000000000000000 ) ) ;
#8041 = VERTEX_POINT ( 'NONE', #8856 ) ;
#8042 = DIRECTION ( 'NONE',  ( -0.000000000000000000, -0.000000000000000000, -1.000000000000000000 ) ) ;
#8043 = ORIENTED_EDGE ( 'NONE', *, *, #1329, .T. ) ;
#8044 = VECTOR ( 'NONE', #5766, 1000.000000000000000 ) ;
#8045 = VECTOR ( 'NONE', #1007, 1000.000000000000114 ) ;
#8046 = EDGE_CURVE ( 'NONE', #11442, #8999, #11862, .T. ) ;
#8047 = AXIS2_PLACEMENT_3D ( 'NONE', #3013, #8196, #97 ) ;
#8048 = DIRECTION ( 'NONE',  ( 0.000000000000000000, 0.000000000000000000, 1.000000000000000000 ) ) ;
#8049 = VECTOR ( 'NONE', #9026, 1000.000000000000114 ) ;
#8050 = ORIENTED_EDGE ( 'NONE', *, *, #660, .F. ) ;
#8051 = AXIS2_PLACEMENT_3D ( 'NONE', #9758, #9877, #861 ) ;
#8052 = VECTOR ( 'NONE', #6003, 1000.000000000000000 ) ;
#8053 = DIRECTION ( 'NONE',  ( 0.000000000000000000, 0.000000000000000000, -1.000000000000000000 ) ) ;
#8054 = CARTESIAN_POINT ( 'NONE',  ( 25.93246400360170867, -21.34430266973238233, -1.275000000000000133 ) ) ;
#8055 = CARTESIAN_POINT ( 'NONE',  ( 25.72709368505944028, -6.589373790385700147, -3.501323406549768258 ) ) ;
#8056 = DIRECTION ( 'NONE',  ( 0.000000000000000000, -1.000000000000000000, 6.197530749804934925E-17 ) ) ;
#8057 = EDGE_LOOP ( 'NONE', ( #9428, #7168, #6972, #8563 ) ) ;
#8058 = DIRECTION ( 'NONE',  ( 0.000000000000000000, 1.000000000000000000, -0.000000000000000000 ) ) ;
#8059 = CYLINDRICAL_SURFACE ( 'NONE', #819, 1.000000000000000888 ) ;
#8060 = ORIENTED_EDGE ( 'NONE', *, *, #9862, .T. ) ;
#8061 = TOROIDAL_SURFACE ( 'NONE', #397, 4.000000000000000000, 1.000000000000000000 ) ;
#8062 = CARTESIAN_POINT ( 'NONE',  ( -25.00000000000001066, -0.9008358390367394719, -3.017431430979893303 ) ) ;
#8063 = AXIS2_PLACEMENT_3D ( 'NONE', #2025, #4943, #12093 ) ;
#8064 = CARTESIAN_POINT ( 'NONE',  ( 15.38045670213009863, 8.483312583677848906, 2.014121164605829239 ) ) ;
#8065 = AXIS2_PLACEMENT_3D ( 'NONE', #10761, #6593, #9597 ) ;
#8066 = ORIENTED_EDGE ( 'NONE', *, *, #2091, .T. ) ;
#8067 = ORIENTED_EDGE ( 'NONE', *, *, #2560, .F. ) ;
#8068 = ORIENTED_EDGE ( 'NONE', *, *, #898, .F. ) ;
#8069 = LINE ( 'NONE', #2173, #9514 ) ;
#8070 = CARTESIAN_POINT ( 'NONE',  ( -12.31220639882299039, -4.150923529384180632, 1.275000000000000133 ) ) ;
#8071 = CARTESIAN_POINT ( 'NONE',  ( -1.921773770931815672, -12.10421909368450066, -2.550000000000000266 ) ) ;
#8072 = AXIS2_PLACEMENT_3D ( 'NONE', #6813, #978, #10796 ) ;
#8073 = CARTESIAN_POINT ( 'NONE',  ( 13.17313133886182008, -10.67657956440148759, 1.912499999999999645 ) ) ;
#8074 = LINE ( 'NONE', #1014, #7430 ) ;
#8075 = AXIS2_PLACEMENT_3D ( 'NONE', #3532, #3386, #10443 ) ;
#8076 = LINE ( 'NONE', #11206, #10608 ) ;
#8077 = EDGE_CURVE ( 'NONE', #3558, #2652, #9118, .T. ) ;
#8078 = LINE ( 'NONE', #1140, #3406 ) ;
#8079 = ORIENTED_EDGE ( 'NONE', *, *, #11945, .F. ) ;
#8080 = CIRCLE ( 'NONE', #2498, 200.0000000000000000 ) ;
#8081 = VECTOR ( 'NONE', #3209, 1000.000000000000000 ) ;
#8082 = ORIENTED_EDGE ( 'NONE', *, *, #10594, .F. ) ;
#8083 = ADVANCED_FACE ( 'NONE', ( #5278, #10096 ), #3449, .F. ) ;
#8084 = ORIENTED_EDGE ( 'NONE', *, *, #8938, .T. ) ;
#8085 = DIRECTION ( 'NONE',  ( 0.5963240013375910031, 0.8027438479544547478, 0.000000000000000000 ) ) ;
#8086 = FACE_OUTER_BOUND ( 'NONE', #9518, .T. ) ;
#8087 = CARTESIAN_POINT ( 'NONE',  ( 4.437945083414517100, 6.104566538103151530, 0.5766211646058294615 ) ) ;
#8088 = PLANE ( 'NONE',  #6434 ) ;
#8089 = VECTOR ( 'NONE', #12474, 1000.000000000000000 ) ;
#8090 = CARTESIAN_POINT ( 'NONE',  ( -26.51415133744288966, 0.6410474285741900591, -2.911428768483085516 ) ) ;
#8091 = LINE ( 'NONE', #7367, #7841 ) ;
#8092 = ORIENTED_EDGE ( 'NONE', *, *, #3249, .T. ) ;
#8093 = ORIENTED_EDGE ( 'NONE', *, *, #2957, .F. ) ;
#8094 = ORIENTED_EDGE ( 'NONE', *, *, #2304, .T. ) ;
#8095 = LINE ( 'NONE', #967, #7036 ) ;
#8096 = EDGE_CURVE ( 'NONE', #2734, #6772, #424, .T. ) ;
#8097 = EDGE_CURVE ( 'NONE', #1767, #8462, #12306, .T. ) ;
#8098 = ORIENTED_EDGE ( 'NONE', *, *, #11391, .F. ) ;
#8099 = ADVANCED_FACE ( 'NONE', ( #4163 ), #10169, .T. ) ;
#8100 = EDGE_CURVE ( 'NONE', #3155, #5502, #8132, .T. ) ;
#8101 = CARTESIAN_POINT ( 'NONE',  ( -26.18429256285623552, -4.024171843835515183, -3.268970047168293203 ) ) ;
#8102 = EDGE_CURVE ( 'NONE', #1872, #6477, #3195, .T. ) ;
#8103 = DIRECTION ( 'NONE',  ( -0.000000000000000000, -0.000000000000000000, -1.000000000000000000 ) ) ;
#8104 = DIRECTION ( 'NONE',  ( -0.000000000000000000, -0.000000000000000000, -1.000000000000000000 ) ) ;
#8105 = CARTESIAN_POINT ( 'NONE',  ( 50.16957179191506100, -10.94380396979420844, 2.550000000000000266 ) ) ;
#8106 = DIRECTION ( 'NONE',  ( 0.8235076010102360122, 0.5673052362514962033, -0.000000000000000000 ) ) ;
#8107 = VERTEX_POINT ( 'NONE', #2231 ) ;
#8108 = CARTESIAN_POINT ( 'NONE',  ( 23.70715493704626553, -11.74162135964227360, -4.095824224701523519 ) ) ;
#8109 = VERTEX_POINT ( 'NONE', #4226 ) ;
#8110 = FACE_OUTER_BOUND ( 'NONE', #629, .T. ) ;
#8111 = ORIENTED_EDGE ( 'NONE', *, *, #8100, .T. ) ;
#8112 = CARTESIAN_POINT ( 'NONE',  ( 0.1213940857737781098, -16.11873229131008500, 1.275000000000000133 ) ) ;
#8113 = B_SPLINE_CURVE_WITH_KNOTS ( 'NONE', 3,
 ( #2305, #1275, #5219, #9187, #11409, #553, #3535, #12314, #6461, #12252 ),
 .UNSPECIFIED., .F., .F.,
 ( 4, 2, 2, 2, 4 ),
 ( 5.275955480050202716E-18, 0.005405304506972540869, 0.008107956760458808268, 0.009459282887201943268, 0.01081060901394507653 ),
 .UNSPECIFIED. ) ;
#8114 = DIRECTION ( 'NONE',  ( 0.7071067811865474617, -0.7071067811865474617, 0.000000000000000000 ) ) ;
#8115 = CARTESIAN_POINT ( 'NONE',  ( 15.38045670213009863, 8.483312583677848906, 2.876621164605829506 ) ) ;
#8116 = EDGE_CURVE ( 'NONE', #9446, #4602, #5211, .T. ) ;
#8117 = ORIENTED_EDGE ( 'NONE', *, *, #2897, .T. ) ;
#8118 = CARTESIAN_POINT ( 'NONE',  ( 73.96491932761539090, 1.369501866246042310, 1.439121164605829506 ) ) ;
#8119 = LINE ( 'NONE', #8376, #7436 ) ;
#8120 = LINE ( 'NONE', #5921, #5070 ) ;
#8121 = LINE ( 'NONE', #2346, #9555 ) ;
#8122 = ORIENTED_EDGE ( 'NONE', *, *, #6037, .T. ) ;
#8123 = ADVANCED_FACE ( 'NONE', ( #6316 ), #8323, .F. ) ;
#8124 = DIRECTION ( 'NONE',  ( -0.8038141473134123860, 0.5948805061344771827, 0.000000000000000000 ) ) ;
#8125 = CARTESIAN_POINT ( 'NONE',  ( 39.15740510921479967, -16.12278207322762213, -1.275000000000000133 ) ) ;
#8126 = ORIENTED_EDGE ( 'NONE', *, *, #6356, .F. ) ;
#8127 = PLANE ( 'NONE',  #3848 ) ;
#8128 = CARTESIAN_POINT ( 'NONE',  ( 46.21409252683699975, -9.242105090473781814, 2.014121164605829239 ) ) ;
#8129 = ORIENTED_EDGE ( 'NONE', *, *, #5194, .T. ) ;
#8130 = VERTEX_POINT ( 'NONE', #4288 ) ;
#8131 = CARTESIAN_POINT ( 'NONE',  ( 26.37909557951380535, -2.502077714573585077, 3.140897394898617190 ) ) ;
#8132 = LINE ( 'NONE', #1269, #201 ) ;
#8133 = VECTOR ( 'NONE', #10542, 1000.000000000000000 ) ;
#8134 = DIRECTION ( 'NONE',  ( -1.000000000000000000, 0.000000000000000000, 0.000000000000000000 ) ) ;
#8135 = DIRECTION ( 'NONE',  ( -0.000000000000000000, -0.000000000000000000, -1.000000000000000000 ) ) ;
#8136 = DIRECTION ( 'NONE',  ( 1.000000000000000000, 0.000000000000000000, -0.000000000000000000 ) ) ;
#8137 = CARTESIAN_POINT ( 'NONE',  ( 49.58216505630152682, 30.63180948178151652, -1.275000000000000133 ) ) ;
#8138 = LINE ( 'NONE', #3257, #12168 ) ;
#8139 = EDGE_CURVE ( 'NONE', #943, #7740, #11327, .T. ) ;
#8140 = ORIENTED_EDGE ( 'NONE', *, *, #11312, .T. ) ;
#8141 = VECTOR ( 'NONE', #8812, 1000.000000000000000 ) ;
#8142 = VERTEX_POINT ( 'NONE', #10367 ) ;
#8143 = ORIENTED_EDGE ( 'NONE', *, *, #3836, .F. ) ;
#8144 = DIRECTION ( 'NONE',  ( 0.9999591765455476677, 0.009035775691678103044, 0.000000000000000000 ) ) ;
#8145 = CARTESIAN_POINT ( 'NONE',  ( 10.27357430557349360, -7.951944851215532850, -1.912499999999999645 ) ) ;
#8146 = CARTESIAN_POINT ( 'NONE',  ( 3.747344086032916799, 1.369501866246042310, 2.868498318030765493 ) ) ;
#8147 = CARTESIAN_POINT ( 'NONE',  ( 1.616094351457737499, -12.10421909368450066, 2.550000000000000266 ) ) ;
#8148 = CARTESIAN_POINT ( 'NONE',  ( 6.342436351363956781, -19.35393169683074532, -1.275000000000000133 ) ) ;
#8149 = CARTESIAN_POINT ( 'NONE',  ( -23.87669192650720618, 11.69712841686362381, -2.499999999999998224 ) ) ;
#8150 = CARTESIAN_POINT ( 'NONE',  ( 11.64942479529083208, 1.369501866246042310, 2.014121164605829239 ) ) ;
#8151 = AXIS2_PLACEMENT_3D ( 'NONE', #5226, #441, #9331 ) ;
#8152 = EDGE_LOOP ( 'NONE', ( #7049, #4155, #9820, #11104, #2475, #11702 ) ) ;
#8153 = ORIENTED_EDGE ( 'NONE', *, *, #8199, .T. ) ;
#8154 = CARTESIAN_POINT ( 'NONE',  ( 25.59660487241582416, -23.48542801206632191, -1.912499999999999645 ) ) ;
#8155 = ORIENTED_EDGE ( 'NONE', *, *, #2842, .F. ) ;
#8156 = EDGE_CURVE ( 'NONE', #1289, #9029, #6122, .T. ) ;
#8157 = CARTESIAN_POINT ( 'NONE',  ( 49.15602357790933752, 30.94182379745949163, 1.275000000000000133 ) ) ;
#8158 = FACE_BOUND ( 'NONE', #12058, .T. ) ;
#8159 = CARTESIAN_POINT ( 'NONE',  ( 53.87779532100678637, 20.23972191653519204, 1.275000000000000133 ) ) ;
#8160 = DIRECTION ( 'NONE',  ( -0.000000000000000000, -0.000000000000000000, -1.000000000000000000 ) ) ;
#8161 = LINE ( 'NONE', #198, #5327 ) ;
#8162 = EDGE_LOOP ( 'NONE', ( #7912, #7574, #8227, #2829 ) ) ;
#8163 = CARTESIAN_POINT ( 'NONE',  ( 50.16957179191506100, -10.94380396979420844, 2.550000000000000266 ) ) ;
#8164 = ORIENTED_EDGE ( 'NONE', *, *, #1513, .F. ) ;
#8165 = LINE ( 'NONE', #5191, #1854 ) ;
#8166 = ORIENTED_EDGE ( 'NONE', *, *, #8965, .T. ) ;
#8167 = EDGE_CURVE ( 'NONE', #6775, #720, #8192, .T. ) ;
#8168 = DIRECTION ( 'NONE',  ( 0.2316205273060431280, 0.9728062146853660996, -0.000000000000000000 ) ) ;
#8169 = EDGE_CURVE ( 'NONE', #9446, #11093, #12172, .T. ) ;
#8170 = VECTOR ( 'NONE', #5529, 1000.000000000000000 ) ;
#8171 = AXIS2_PLACEMENT_3D ( 'NONE', #4767, #4696, #5675 ) ;
#8172 = CARTESIAN_POINT ( 'NONE',  ( 50.16957179191506100, -10.94380396979420844, 2.550000000000000266 ) ) ;
#8173 = DIRECTION ( 'NONE',  ( 1.000000000000000000, 0.000000000000000000, 0.000000000000000000 ) ) ;
#8174 = ORIENTED_EDGE ( 'NONE', *, *, #4644, .F. ) ;
#8175 = CARTESIAN_POINT ( 'NONE',  ( 15.67954000625215016, -5.029171357805316767, 1.275000000000000133 ) ) ;
#8176 = CARTESIAN_POINT ( 'NONE',  ( 6.465278121730796634, -10.94380396979420844, -2.550000000000000266 ) ) ;
#8177 = AXIS2_PLACEMENT_3D ( 'NONE', #7888, #6787, #8937 ) ;
#8178 = CARTESIAN_POINT ( 'NONE',  ( -6.254696157596316475, -9.830012418814996877, 1.912499999999999645 ) ) ;
#8179 = ADVANCED_FACE ( 'NONE', ( #7221 ), #8392, .T. ) ;
#8180 = LINE ( 'NONE', #471, #6217 ) ;
#8181 = VERTEX_POINT ( 'NONE', #12244 ) ;
#8182 = CARTESIAN_POINT ( 'NONE',  ( -1.921773770931815672, 30.12831799411278411, 2.550000000000000266 ) ) ;
#8183 = CARTESIAN_POINT ( 'NONE',  ( 11.82603929462137238, -1.546774068868671748, 1.275000000000000133 ) ) ;
#8184 = VERTEX_POINT ( 'NONE', #11263 ) ;
#8185 = LINE ( 'NONE', #11010, #9682 ) ;
#8186 = EDGE_CURVE ( 'NONE', #7750, #12290, #3318, .T. ) ;
#8187 = LINE ( 'NONE', #6249, #9745 ) ;
#8188 = ADVANCED_FACE ( 'NONE', ( #483 ), #12366, .F. ) ;
#8189 = ORIENTED_EDGE ( 'NONE', *, *, #9406, .F. ) ;
#8190 = EDGE_LOOP ( 'NONE', ( #7977, #372 ) ) ;
#8191 = CARTESIAN_POINT ( 'NONE',  ( 22.80071311932000100, 13.50472070242359557, 2.500000000000007550 ) ) ;
#8192 = LINE ( 'NONE', #9243, #9543 ) ;
#8193 = LINE ( 'NONE', #7351, #9624 ) ;
#8194 = ORIENTED_EDGE ( 'NONE', *, *, #4370, .T. ) ;
#8195 = LINE ( 'NONE', #9316, #3280 ) ;
#8196 = DIRECTION ( 'NONE',  ( -0.000000000000000000, 0.000000000000000000, 1.000000000000000000 ) ) ;
#8197 = DIRECTION ( 'NONE',  ( 0.5836360481525668664, -0.8120153713427196163, 0.000000000000000000 ) ) ;
#8198 = PLANE ( 'NONE',  #11311 ) ;
#8199 = EDGE_CURVE ( 'NONE', #10297, #5186, #7487, .T. ) ;
#8200 = ORIENTED_EDGE ( 'NONE', *, *, #9015, .F. ) ;
#8201 = EDGE_LOOP ( 'NONE', ( #3941, #11505, #1384, #5435 ) ) ;
#8202 = AXIS2_PLACEMENT_3D ( 'NONE', #10162, #11065, #5991 ) ;
#8203 = CARTESIAN_POINT ( 'NONE',  ( 43.31521506697067991, -16.13858989925867249, 1.275000000000000133 ) ) ;
#8204 = CARTESIAN_POINT ( 'NONE',  ( -3.468005536002307210, -8.854269291442316003, 1.912499999999999645 ) ) ;
#8205 = ADVANCED_FACE ( 'NONE', ( #6658 ), #6514, .T. ) ;
#8206 = CARTESIAN_POINT ( 'NONE',  ( -23.52087571363853513, 74.51861236923376453, 1.439121164605829506 ) ) ;
#8207 = DIRECTION ( 'NONE',  ( -0.000000000000000000, -0.000000000000000000, -1.000000000000000000 ) ) ;
#8208 = LINE ( 'NONE', #244, #8081 ) ;
#8209 = PLANE ( 'NONE',  #7845 ) ;
#8210 = LINE ( 'NONE', #10314, #4743 ) ;
#8211 = VERTEX_POINT ( 'NONE', #750 ) ;
#8212 = ORIENTED_EDGE ( 'NONE', *, *, #12393, .F. ) ;
#8213 = ORIENTED_EDGE ( 'NONE', *, *, #7870, .F. ) ;
#8214 = SURFACE_SIDE_STYLE ('',( #9822 ) ) ;
#8215 = CARTESIAN_POINT ( 'NONE',  ( 2.927409999341250124, -12.10421909368450066, 1.912499999999999645 ) ) ;
#8216 = VECTOR ( 'NONE', #11043, 1000.000000000000114 ) ;
#8217 = ORIENTED_EDGE ( 'NONE', *, *, #2384, .T. ) ;
#8218 = LINE ( 'NONE', #10321, #5341 ) ;
#8219 = DIRECTION ( 'NONE',  ( -0.000000000000000000, -0.000000000000000000, -1.000000000000000000 ) ) ;
#8220 = CARTESIAN_POINT ( 'NONE',  ( 13.12798828213068170, -1.771947254196764687, 1.275000000000000133 ) ) ;
#8221 = LINE ( 'NONE', #11040, #4751 ) ;
#8222 = DIRECTION ( 'NONE',  ( 0.000000000000000000, -1.000000000000000000, 2.168404344971009608E-16 ) ) ;
#8223 = LINE ( 'NONE', #5309, #788 ) ;
#8224 = ORIENTED_EDGE ( 'NONE', *, *, #10363, .F. ) ;
#8225 = DIRECTION ( 'NONE',  ( 1.000000000000000000, 0.000000000000000000, 0.000000000000000000 ) ) ;
#8226 = VECTOR ( 'NONE', #382, 1000.000000000000000 ) ;
#8227 = ORIENTED_EDGE ( 'NONE', *, *, #2946, .F. ) ;
#8228 = AXIS2_PLACEMENT_3D ( 'NONE', #3094, #5165, #50 ) ;
#8229 = CARTESIAN_POINT ( 'NONE',  ( 27.09596562643059059, 4.852170754784413731, 1.690620448882479865 ) ) ;
#8230 = VERTEX_POINT ( 'NONE', #1526 ) ;
#8231 = PLANE ( 'NONE',  #5381 ) ;
#8232 = EDGE_CURVE ( 'NONE', #10576, #265, #9705, .T. ) ;
#8233 = LINE ( 'NONE', #2472, #10578 ) ;
#8234 = DIRECTION ( 'NONE',  ( 0.000000000000000000, -0.000000000000000000, 1.000000000000000000 ) ) ;
#8235 = VECTOR ( 'NONE', #8635, 1000.000000000000114 ) ;
#8236 = ORIENTED_EDGE ( 'NONE', *, *, #661, .T. ) ;
#8237 = EDGE_CURVE ( 'NONE', #696, #1913, #9445, .T. ) ;
#8238 = FACE_OUTER_BOUND ( 'NONE', #2637, .T. ) ;
#8239 = CARTESIAN_POINT ( 'NONE',  ( 0.1909652267713530527, -24.99927063500382118, 2.550000000000000266 ) ) ;
#8240 = VECTOR ( 'NONE', #10776, 1000.000000000000000 ) ;
#8241 = CARTESIAN_POINT ( 'NONE',  ( -7.939274020753487093, -8.536373850486274506, -1.912499999999999645 ) ) ;
#8242 = CARTESIAN_POINT ( 'NONE',  ( -6.667692256929348638, -8.653856948230901125, -1.912499999999999645 ) ) ;
#8243 = ORIENTED_EDGE ( 'NONE', *, *, #12835, .F. ) ;
#8244 = LINE ( 'NONE', #7152, #391 ) ;
#8245 = LINE ( 'NONE', #8183, #9441 ) ;
#8246 = ORIENTED_EDGE ( 'NONE', *, *, #1180, .F. ) ;
#8247 = FACE_OUTER_BOUND ( 'NONE', #6019, .T. ) ;
#8248 = AXIS2_PLACEMENT_3D ( 'NONE', #9510, #7613, #4632 ) ;
#8249 = DIRECTION ( 'NONE',  ( -0.000000000000000000, -0.000000000000000000, -1.000000000000000000 ) ) ;
#8250 = VECTOR ( 'NONE', #4653, 1000.000000000000000 ) ;
#8251 = VECTOR ( 'NONE', #5407, 1000.000000000000000 ) ;
#8252 = EDGE_CURVE ( 'NONE', #5850, #7856, #1665, .T. ) ;
#8253 = EDGE_LOOP ( 'NONE', ( #12131, #460, #12368, #12075 ) ) ;
#8254 = EDGE_CURVE ( 'NONE', #11324, #12267, #11529, .T. ) ;
#8255 = EDGE_CURVE ( 'NONE', #983, #7065, #9584, .T. ) ;
#8256 = VERTEX_POINT ( 'NONE', #7689 ) ;
#8257 = LINE ( 'NONE', #7159, #4518 ) ;
#8258 = VECTOR ( 'NONE', #3211, 1000.000000000000000 ) ;
#8259 = EDGE_CURVE ( 'NONE', #11943, #6429, #6579, .T. ) ;
#8260 = CARTESIAN_POINT ( 'NONE',  ( -25.00000000000000000, 0.000000000000000000, 9.000000000000000000 ) ) ;
#8261 = DIRECTION ( 'NONE',  ( 0.7295372041400839391, 0.6839411288813311840, 0.000000000000000000 ) ) ;
#8262 = AXIS2_PLACEMENT_3D ( 'NONE', #10819, #4592, #5563 ) ;
#8263 = VECTOR ( 'NONE', #12191, 1000.000000000000000 ) ;
#8264 = ORIENTED_EDGE ( 'NONE', *, *, #11541, .T. ) ;
#8265 = DIRECTION ( 'NONE',  ( 1.000000000000000000, 0.000000000000000000, 0.000000000000000000 ) ) ;
#8266 = PLANE ( 'NONE',  #4942 ) ;
#8268 = LINE ( 'NONE', #3143, #2900 ) ;
#8267 = VECTOR ( 'NONE', #11705, 1000.000000000000000 ) ;
#8269 = VECTOR ( 'NONE', #3286, 1000.000000000000114 ) ;
#8270 = AXIS2_PLACEMENT_3D ( 'NONE', #9515, #5542, #12641 ) ;
#8271 = CARTESIAN_POINT ( 'NONE',  ( 25.20060078739439646, -11.00816605772172352, -2.951552217187875193 ) ) ;
#8272 = AXIS2_PLACEMENT_3D ( 'NONE', #1634, #7662, #5649 ) ;
#8273 = VERTEX_POINT ( 'NONE', #9511 ) ;
#8274 = VECTOR ( 'NONE', #9309, 1000.000000000000114 ) ;
#8275 = ORIENTED_EDGE ( 'NONE', *, *, #1975, .T. ) ;
#8276 = CARTESIAN_POINT ( 'NONE',  ( 73.96491932761539090, 74.51861236923376453, 0.5766211646058294615 ) ) ;
#8277 = PLANE ( 'NONE',  #10338 ) ;
#8278 = CARTESIAN_POINT ( 'NONE',  ( -29.04673649573542704, 1.369501866246042310, 2.876621164605829506 ) ) ;
#8279 = LINE ( 'NONE', #3333, #4635 ) ;
#8280 = CARTESIAN_POINT ( 'NONE',  ( 3.747344086032916799, 1.369501866246042310, -2.868498318030737515 ) ) ;
#8281 = LINE ( 'NONE', #9258, #2878 ) ;
#8282 = CARTESIAN_POINT ( 'NONE',  ( 57.91757798137906832, 17.78890072941083389, 1.275000000000000133 ) ) ;
#8283 = ORIENTED_EDGE ( 'NONE', *, *, #11277, .T. ) ;
#8284 = ORIENTED_EDGE ( 'NONE', *, *, #10348, .F. ) ;
#8285 = LINE ( 'NONE', #8962, #3822 ) ;
#8286 = ADVANCED_FACE ( 'NONE', ( #11665 ), #5538, .T. ) ;
#8287 = CIRCLE ( 'NONE', #11411, 200.0000000000000000 ) ;
#8288 = DIRECTION ( 'NONE',  ( -0.000000000000000000, -0.000000000000000000, -1.000000000000000000 ) ) ;
#8289 = AXIS2_PLACEMENT_3D ( 'NONE', #466, #2281, #12221 ) ;
#8290 = VERTEX_POINT ( 'NONE', #10496 ) ;
#8291 = FACE_OUTER_BOUND ( 'NONE', #6229, .T. ) ;
#8292 = VECTOR ( 'NONE', #4914, 1000.000000000000227 ) ;
#8293 = CARTESIAN_POINT ( 'NONE',  ( -14.06231303136081046, 13.50472070242359557, 2.500000000000007550 ) ) ;
#8294 = CARTESIAN_POINT ( 'NONE',  ( 13.12798828213068170, -1.771947254196764687, 1.275000000000000133 ) ) ;
#8295 = CARTESIAN_POINT ( 'NONE',  ( 24.98267746305588588, -0.9304981337539541819, 9.000000000000000000 ) ) ;
#8296 = FACE_OUTER_BOUND ( 'NONE', #8152, .T. ) ;
#8297 = CARTESIAN_POINT ( 'NONE',  ( 11.29611278031712729, 6.218731314913454433, 0.5766211646058294615 ) ) ;
#8298 = ORIENTED_EDGE ( 'NONE', *, *, #972, .T. ) ;
#8299 = DIRECTION ( 'NONE',  ( 0.000000000000000000, -0.000000000000000000, 1.000000000000000000 ) ) ;
#8300 = ORIENTED_EDGE ( 'NONE', *, *, #9205, .F. ) ;
#8301 = EDGE_LOOP ( 'NONE', ( #12041, #4067, #4808, #10688 ) ) ;
#8302 = DIRECTION ( 'NONE',  ( -6.938893903907222067E-15, -1.000000000000000000, 0.000000000000000000 ) ) ;
#8303 = VERTEX_POINT ( 'NONE', #811 ) ;
#8304 = DIRECTION ( 'NONE',  ( -0.7371541402007359967, 0.6757246285173522660, 0.000000000000000000 ) ) ;
#8305 = EDGE_LOOP ( 'NONE', ( #9677, #6426, #9562, #11374 ) ) ;
#8306 = DIRECTION ( 'NONE',  ( 0.000000000000000000, 0.000000000000000000, 1.000000000000000000 ) ) ;
#8307 = DIRECTION ( 'NONE',  ( -0.9163854831779842947, 0.4002969475535033128, 0.000000000000000000 ) ) ;
#8308 = ORIENTED_EDGE ( 'NONE', *, *, #8022, .F. ) ;
#8309 = CARTESIAN_POINT ( 'NONE',  ( 15.38045670213009863, 8.483312583677848906, -2.010878835394170672 ) ) ;
#8310 = DIRECTION ( 'NONE',  ( -0.000000000000000000, 0.000000000000000000, -1.000000000000000000 ) ) ;
#8311 = FACE_OUTER_BOUND ( 'NONE', #7996, .T. ) ;
#8312 = CARTESIAN_POINT ( 'NONE',  ( 2.927409999341250124, -10.94380396979420844, -1.912499999999999645 ) ) ;
#8313 = ORIENTED_EDGE ( 'NONE', *, *, #10665, .T. ) ;
#8314 = CARTESIAN_POINT ( 'NONE',  ( -5.459641893321363071, 30.12831799411278411, 2.550000000000000266 ) ) ;
#8315 = LINE ( 'NONE', #5268, #7145 ) ;
#8316 = ORIENTED_EDGE ( 'NONE', *, *, #3597, .T. ) ;
#8317 = DIRECTION ( 'NONE',  ( 1.000000000000000000, 0.000000000000000000, -0.000000000000000000 ) ) ;
#8318 = LINE ( 'NONE', #12430, #4534 ) ;
#8319 = ORIENTED_EDGE ( 'NONE', *, *, #7001, .T. ) ;
#8320 = ORIENTED_EDGE ( 'NONE', *, *, #7376, .T. ) ;
#8321 = DIRECTION ( 'NONE',  ( -0.000000000000000000, 0.000000000000000000, -1.000000000000000000 ) ) ;
#8322 = EDGE_CURVE ( 'NONE', #5941, #11444, #1589, .T. ) ;
#8323 = PLANE ( 'NONE',  #7860 ) ;
#8324 = DIRECTION ( 'NONE',  ( 0.4795668703463438209, 0.8775053372294742138, -0.000000000000000000 ) ) ;
#8325 = VERTEX_POINT ( 'NONE', #2565 ) ;
#8326 = VECTOR ( 'NONE', #1118, 1000.000000000000000 ) ;
#8327 = EDGE_LOOP ( 'NONE', ( #4, #588, #8503, #6384, #7183, #7855 ) ) ;
#8328 = CARTESIAN_POINT ( 'NONE',  ( 26.72916168311616758, -20.93828974291378842, 1.912499999999999645 ) ) ;
#8329 = CARTESIAN_POINT ( 'NONE',  ( 26.51449365196790708, 0.6243985707859770473, 2.912504413314845664 ) ) ;
#8330 = CARTESIAN_POINT ( 'NONE',  ( 23.12503487272750391, 9.739397606730671342, -2.524973699431833030 ) ) ;
#8331 = EDGE_CURVE ( 'NONE', #10515, #4699, #12504, .T. ) ;
#8332 = CARTESIAN_POINT ( 'NONE',  ( 53.90104024953674156, 26.09312535970788360, 1.275000000000000133 ) ) ;
#8333 = EDGE_CURVE ( 'NONE', #1618, #591, #8541, .T. ) ;
#8334 = ADVANCED_FACE ( 'NONE', ( #4634 ), #3586, .T. ) ;
#8335 = EDGE_CURVE ( 'NONE', #7465, #1828, #8605, .T. ) ;
#8336 = ORIENTED_EDGE ( 'NONE', *, *, #4018, .F. ) ;
#8337 = AXIS2_PLACEMENT_3D ( 'NONE', #468, #8375, #6499 ) ;
#8338 = ORIENTED_EDGE ( 'NONE', *, *, #11845, .F. ) ;
#8339 = FACE_OUTER_BOUND ( 'NONE', #8629, .T. ) ;
#8340 = CARTESIAN_POINT ( 'NONE',  ( 0.000000000000000000, 0.000000000000000000, -2.010878835394169339 ) ) ;
#8341 = LINE ( 'NONE', #2435, #5118 ) ;
#8342 = CARTESIAN_POINT ( 'NONE',  ( 11.03347156763479120, -8.736621371822296922, 1.912499999999999645 ) ) ;
#8343 = CARTESIAN_POINT ( 'NONE',  ( -7.953095561664616397, -8.266853802719200672, -1.912499999999999645 ) ) ;
#8344 = PLANE ( 'NONE',  #9731 ) ;
#8345 = CARTESIAN_POINT ( 'NONE',  ( 31.12862530695704422, 38.28872363052321504, -1.275000000000000133 ) ) ;
#8346 = EDGE_CURVE ( 'NONE', #9861, #4806, #7616, .T. ) ;
#8347 = VERTEX_POINT ( 'NONE', #3778 ) ;
#8348 = VERTEX_POINT ( 'NONE', #2496 ) ;
#8349 = CARTESIAN_POINT ( 'NONE',  ( 24.60176455731222589, -12.30919145503957068, 3.103045877523330276 ) ) ;
#8350 = AXIS2_PLACEMENT_3D ( 'NONE', #2128, #7895, #111 ) ;
#8351 = DIRECTION ( 'NONE',  ( -0.000000000000000000, -0.000000000000000000, -1.000000000000000000 ) ) ;
#8352 = ADVANCED_FACE ( 'NONE', ( #6452 ), #10436, .F. ) ;
#8353 = ORIENTED_EDGE ( 'NONE', *, *, #12497, .T. ) ;
#8354 = ORIENTED_EDGE ( 'NONE', *, *, #6270, .F. ) ;
#8355 = FACE_OUTER_BOUND ( 'NONE', #3785, .T. ) ;
#8356 = EDGE_CURVE ( 'NONE', #907, #5706, #1968, .T. ) ;
#8357 = VECTOR ( 'NONE', #11148, 1000.000000000000000 ) ;
#8358 = LINE ( 'NONE', #4457, #2873 ) ;
#8359 = CARTESIAN_POINT ( 'NONE',  ( 0.000000000000000000, 0.000000000000000000, 1.500000000000011768 ) ) ;
#8360 = DIRECTION ( 'NONE',  ( -0.000000000000000000, -0.000000000000000000, -1.000000000000000000 ) ) ;
#8361 = DIRECTION ( 'NONE',  ( 0.000000000000000000, -1.000000000000000000, 2.479012299922036586E-16 ) ) ;
#8362 = DIRECTION ( 'NONE',  ( -0.000000000000000000, -0.000000000000000000, -1.000000000000000000 ) ) ;
#8363 = ORIENTED_EDGE ( 'NONE', *, *, #8444, .F. ) ;
#8364 = CARTESIAN_POINT ( 'NONE',  ( 14.03200173286605512, 10.73073753245124706, -1.148378835394170627 ) ) ;
#8365 = EDGE_LOOP ( 'NONE', ( #412, #1097, #4181, #3339 ) ) ;
#8366 = ORIENTED_EDGE ( 'NONE', *, *, #7936, .T. ) ;
#8367 = CARTESIAN_POINT ( 'NONE',  ( -25.20060078739441423, -11.00816605772170398, -2.951552217187872529 ) ) ;
#8368 = EDGE_LOOP ( 'NONE', ( #9542, #3998, #11645, #11045 ) ) ;
#8369 = CARTESIAN_POINT ( 'NONE',  ( 28.90448315984091820, -22.21584429078954770, 1.275000000000000133 ) ) ;
#8370 = ADVANCED_FACE ( 'NONE', ( #6771 ), #996, .T. ) ;
#8371 = ORIENTED_EDGE ( 'NONE', *, *, #6052, .T. ) ;
#8372 = CARTESIAN_POINT ( 'NONE',  ( -25.96021463770446402, -9.269209242039242014, -2.749065060737128086 ) ) ;
#8373 = ORIENTED_EDGE ( 'NONE', *, *, #9727, .T. ) ;
#8374 = VERTEX_POINT ( 'NONE', #6832 ) ;
#8375 = DIRECTION ( 'NONE',  ( 0.9137341942634351621, 0.4063124687155822423, -0.000000000000000000 ) ) ;
#8376 = CARTESIAN_POINT ( 'NONE',  ( 18.91722184956342190, -6.257502408008911665, 1.275000000000000133 ) ) ;
#8377 = ADVANCED_FACE ( 'NONE', ( #3834 ), #4951, .T. ) ;
#8378 = DIRECTION ( 'NONE',  ( -0.000000000000000000, -0.000000000000000000, 1.000000000000000000 ) ) ;
#8379 = LINE ( 'NONE', #863, #7681 ) ;
#8380 = EDGE_LOOP ( 'NONE', ( #5331, #10817, #11507, #4537 ) ) ;
#8381 = CARTESIAN_POINT ( 'NONE',  ( 10.69221011028679413, 7.320610632720734756, 1.151621164605829417 ) ) ;
#8382 = CARTESIAN_POINT ( 'NONE',  ( 7.702410331654453657, 8.161368341907504487, 0.5766211646058294615 ) ) ;
#8383 = ORIENTED_EDGE ( 'NONE', *, *, #989, .F. ) ;
#8384 = EDGE_CURVE ( 'NONE', #3839, #10576, #5984, .T. ) ;
#8385 = CARTESIAN_POINT ( 'NONE',  ( 15.10564948835784627, -8.345536529013696025, 1.912499999999999645 ) ) ;
#8386 = FACE_OUTER_BOUND ( 'NONE', #3829, .T. ) ;
#8387 = CIRCLE ( 'NONE', #9852, 2.999999999999999112 ) ;
#8388 = ORIENTED_EDGE ( 'NONE', *, *, #7528, .F. ) ;
#8389 = ORIENTED_EDGE ( 'NONE', *, *, #8254, .T. ) ;
#8390 = PLANE ( 'NONE',  #1424 ) ;
#8391 = AXIS2_PLACEMENT_3D ( 'NONE', #12156, #11313, #470 ) ;
#8392 = PLANE ( 'NONE',  #2890 ) ;
#8393 = CARTESIAN_POINT ( 'NONE',  ( 20.61675061128899955, 30.12831799411278411, 2.550000000000000266 ) ) ;
#8394 = ORIENTED_EDGE ( 'NONE', *, *, #1450, .T. ) ;
#8395 = EDGE_LOOP ( 'NONE', ( #736, #11942, #8695, #2413 ) ) ;
#8396 = DIRECTION ( 'NONE',  ( -0.9088295457203474648, 0.4171676603306479492, 0.000000000000000000 ) ) ;
#8397 = LINE ( 'NONE', #7356, #841 ) ;
#8398 = PRODUCT_DEFINITION ( 'æœ', '', #555, #7267 ) ;
#8399 = DIRECTION ( 'NONE',  ( -0.000000000000000000, -0.000000000000000000, 1.000000000000000000 ) ) ;
#8400 = EDGE_CURVE ( 'NONE', #1903, #8941, #8287, .T. ) ;
#8401 = ORIENTED_EDGE ( 'NONE', *, *, #8916, .T. ) ;
#8402 = EDGE_LOOP ( 'NONE', ( #7823, #6927, #10226, #10050 ) ) ;
#8403 = CARTESIAN_POINT ( 'NONE',  ( 7.943549333305202076, -23.70443047173559137, -2.550000000000000266 ) ) ;
#8404 = CARTESIAN_POINT ( 'NONE',  ( 10.72379582614700055, 19.77733703565698420, -2.500000000000000000 ) ) ;
#8405 = CARTESIAN_POINT ( 'NONE',  ( -1.238867081853778584, -5.286384341150213828, -1.275000000000000133 ) ) ;
#8406 = EDGE_CURVE ( 'NONE', #11323, #7856, #4082, .T. ) ;
#8407 = FACE_OUTER_BOUND ( 'NONE', #9838, .T. ) ;
#8408 = ADVANCED_FACE ( 'NONE', ( #3963 ), #9777, .F. ) ;
#8409 = CARTESIAN_POINT ( 'NONE',  ( 3.747344086032916799, 74.51861236923376453, -2.010878835394170228 ) ) ;
#8410 = CARTESIAN_POINT ( 'NONE',  ( 31.82301518632153758, -22.15936833182790977, 1.912499999999999645 ) ) ;
#8411 = EDGE_LOOP ( 'NONE', ( #10035, #2611, #12737, #6748 ) ) ;
#8412 = ORIENTED_EDGE ( 'NONE', *, *, #9035, .F. ) ;
#8413 = DIRECTION ( 'NONE',  ( -0.000000000000000000, -0.000000000000000000, 1.000000000000000000 ) ) ;
#8414 = LINE ( 'NONE', #12331, #7843 ) ;
#8415 = VERTEX_POINT ( 'NONE', #3898 ) ;
#8416 = AXIS2_PLACEMENT_3D ( 'NONE', #12299, #9503, #5336 ) ;
#8417 = ADVANCED_FACE ( 'NONE', ( #7799 ), #2998, .F. ) ;
#8418 = VERTEX_POINT ( 'NONE', #2868 ) ;
#8419 = CARTESIAN_POINT ( 'NONE',  ( 8.165761974711518434, 42.29764607199436455, -1.275000000000000133 ) ) ;
#8420 = EDGE_CURVE ( 'NONE', #5951, #8652, #10381, .T. ) ;
#8421 = CARTESIAN_POINT ( 'NONE',  ( 12.22969871862639124, 30.12831799411278411, 2.550000000000000266 ) ) ;
#8422 = EDGE_CURVE ( 'NONE', #2652, #12196, #1248, .T. ) ;
#8423 = CARTESIAN_POINT ( 'NONE',  ( 50.70003826105134692, 29.64086231977132613, -1.275000000000000133 ) ) ;
#8424 = LINE ( 'NONE', #716, #5338 ) ;
#8425 = EDGE_CURVE ( 'NONE', #2001, #1586, #9833, .T. ) ;
#8426 = CARTESIAN_POINT ( 'NONE',  ( 16.74702004040473113, -9.090042685002742928, 1.275000000000000133 ) ) ;
#8427 = PLANE ( 'NONE',  #5405 ) ;
#8428 = ORIENTED_EDGE ( 'NONE', *, *, #6260, .F. ) ;
#8429 = LINE ( 'NONE', #5510, #12648 ) ;
#8430 = VERTEX_POINT ( 'NONE', #8845 ) ;
#8431 = VECTOR ( 'NONE', #8042, 1000.000000000000000 ) ;
#8432 = ORIENTED_EDGE ( 'NONE', *, *, #2108, .T. ) ;
#8433 = CARTESIAN_POINT ( 'NONE',  ( 40.62796951583546701, 38.93595086433998631, 1.912499999999999645 ) ) ;
#8434 = ORIENTED_EDGE ( 'NONE', *, *, #7252, .F. ) ;
#8435 = PLANE ( 'NONE',  #3914 ) ;
#8436 = EDGE_CURVE ( 'NONE', #2148, #11081, #10745, .T. ) ;
#8437 = ORIENTED_EDGE ( 'NONE', *, *, #6847, .F. ) ;
#8438 = LINE ( 'NONE', #271, #1442 ) ;
#8439 = ORIENTED_EDGE ( 'NONE', *, *, #2074, .F. ) ;
#8440 = VERTEX_POINT ( 'NONE', #4889 ) ;
#8441 = DIRECTION ( 'NONE',  ( -0.9998740474835989822, -0.01587101662671872720, 0.000000000000000000 ) ) ;
#8442 = DIRECTION ( 'NONE',  ( 0.9093699320814845333, 0.4159883731862181744, -0.000000000000000000 ) ) ;
#8443 = AXIS2_PLACEMENT_3D ( 'NONE', #10260, #5305, #5442 ) ;
#8444 = EDGE_CURVE ( 'NONE', #7678, #6539, #12678, .T. ) ;
#8445 = LINE ( 'NONE', #6302, #9855 ) ;
#8446 = DIRECTION ( 'NONE',  ( 0.9643264662862184311, 0.2647158220052873157, 0.000000000000000000 ) ) ;
#8447 = ORIENTED_EDGE ( 'NONE', *, *, #5572, .F. ) ;
#8448 = CARTESIAN_POINT ( 'NONE',  ( 25.00000000000000000, 0.4305474097788774546, -2.927325986634798483 ) ) ;
#8449 = PLANE ( 'NONE',  #10694 ) ;
#8450 = ORIENTED_EDGE ( 'NONE', *, *, #7295, .F. ) ;
#8451 = CARTESIAN_POINT ( 'NONE',  ( 73.96491932761539090, 1.369501866246042310, -2.010878835394170228 ) ) ;
#8452 = EDGE_CURVE ( 'NONE', #4159, #55, #2101, .T. ) ;
#8453 = PLANE ( 'NONE',  #5373 ) ;
#8454 = VECTOR ( 'NONE', #9151, 1000.000000000000000 ) ;
#8455 = VECTOR ( 'NONE', #4910, 999.9999999999998863 ) ;
#8456 = ORIENTED_EDGE ( 'NONE', *, *, #10928, .T. ) ;
#8457 = CARTESIAN_POINT ( 'NONE',  ( 20.15975325872885549, -3.694337615387540463, 1.275000000000000133 ) ) ;
#8458 = CARTESIAN_POINT ( 'NONE',  ( 31.47311038443231013, -16.86807369390683675, -1.912499999999999645 ) ) ;
#8459 = CARTESIAN_POINT ( 'NONE',  ( -19.73771211221854571, 1.369501866246042310, 2.876621164605829506 ) ) ;
#8460 = FACE_OUTER_BOUND ( 'NONE', #8253, .T. ) ;
#8461 = ORIENTED_EDGE ( 'NONE', *, *, #29, .T. ) ;
#8462 = VERTEX_POINT ( 'NONE', #11851 ) ;
#8463 = VECTOR ( 'NONE', #12305, 999.9999999999998863 ) ;
#8464 = CARTESIAN_POINT ( 'NONE',  ( 8.691830596236838957, 30.12831799411278411, 2.550000000000000266 ) ) ;
#8465 = DIRECTION ( 'NONE',  ( 0.000000000000000000, -1.000000000000000000, 7.228014483236698281E-17 ) ) ;
#8466 = CARTESIAN_POINT ( 'NONE',  ( -8.997510015710910025, -10.94380396979420844, -2.550000000000000266 ) ) ;
#8467 = VERTEX_POINT ( 'NONE', #5067 ) ;
#8468 = AXIS2_PLACEMENT_3D ( 'NONE', #12177, #11922, #7043 ) ;
#8469 = LINE ( 'NONE', #11269, #6133 ) ;
#8470 = AXIS2_PLACEMENT_3D ( 'NONE', #2814, #5618, #1849 ) ;
#8471 = AXIS2_PLACEMENT_3D ( 'NONE', #7246, #7119, #11091 ) ;
#8472 = VECTOR ( 'NONE', #5244, 999.9999999999998863 ) ;
#8473 =( BOUNDED_SURFACE ( )  B_SPLINE_SURFACE ( 3, 2, ( 
 ( #2841, #6802, #4671 ),
 ( #4608, #3629, #7593 ),
 ( #12611, #11569, #2735 ),
 ( #9622, #4126, #12008 ) ),
 .UNSPECIFIED., .F., .F., .T. ) 
 B_SPLINE_SURFACE_WITH_KNOTS ( ( 4, 4 ),
 ( 3, 3 ),
 ( 5.124229845711392173, 5.202346306638418127 ),
 ( 0.000000000000000000, 1.000000000000000000 ),
 .UNSPECIFIED. ) 
 GEOMETRIC_REPRESENTATION_ITEM ( )  RATIONAL_B_SPLINE_SURFACE ( (
 ( 1.000000000000000000, 0.6899199677798277808, 1.000000000000000000),
 ( 1.000000000000000000, 0.6888827043208457512, 1.000000000000000000),
 ( 1.000000000000000000, 0.6878608052307751963, 1.000000000000000000),
 ( 1.000000000000000000, 0.6868576128845170770, 1.000000000000000000) ) ) 
 REPRESENTATION_ITEM ( '' )  SURFACE ( )  );
#8474 = ORIENTED_EDGE ( 'NONE', *, *, #7479, .T. ) ;
#8475 = VECTOR ( 'NONE', #7704, 1000.000000000000000 ) ;
#8476 = VERTEX_POINT ( 'NONE', #2812 ) ;
#8477 = CARTESIAN_POINT ( 'NONE',  ( -25.72412088511945782, -6.596145089590282673, 3.502160575238800533 ) ) ;
#8478 = CARTESIAN_POINT ( 'NONE',  ( 23.12477445222474159, 9.739689214937087058, 2.524983129257892145 ) ) ;
#8479 = VECTOR ( 'NONE', #4866, 1000.000000000000000 ) ;
#8480 = PLANE ( 'NONE',  #8024 ) ;
#8481 = CIRCLE ( 'NONE', #10581, 1.000000000000000888 ) ;
#8482 = LINE ( 'NONE', #3541, #9188 ) ;
#8483 = VECTOR ( 'NONE', #2301, 1000.000000000000000 ) ;
#8484 = EDGE_CURVE ( 'NONE', #7899, #11517, #2935, .T. ) ;
#8485 = LINE ( 'NONE', #12383, #7657 ) ;
#8486 = LINE ( 'NONE', #12460, #6186 ) ;
#8487 = EDGE_LOOP ( 'NONE', ( #876, #9670, #1860, #2911 ) ) ;
#8488 = ORIENTED_EDGE ( 'NONE', *, *, #5737, .F. ) ;
#8489 = DIRECTION ( 'NONE',  ( -0.000000000000000000, -0.000000000000000000, -1.000000000000000000 ) ) ;
#8490 = VECTOR ( 'NONE', #375, 1000.000000000000114 ) ;
#8491 = LINE ( 'NONE', #8795, #10369 ) ;
#8492 = ORIENTED_EDGE ( 'NONE', *, *, #12803, .F. ) ;
#8493 = EDGE_CURVE ( 'NONE', #8724, #8130, #8121, .T. ) ;
#8494 = VECTOR ( 'NONE', #11017, 1000.000000000000000 ) ;
#8495 = ORIENTED_EDGE ( 'NONE', *, *, #12569, .T. ) ;
#8496 = DIRECTION ( 'NONE',  ( 0.000000000000000000, -1.000000000000000000, 0.000000000000000000 ) ) ;
#8497 = DIRECTION ( 'NONE',  ( 0.1520571842539430174, 0.9883716976506169427, 0.000000000000000000 ) ) ;
#8498 = DIRECTION ( 'NONE',  ( -0.2873478855663454956, 0.9578262852211514300, 0.000000000000000000 ) ) ;
#8499 = CARTESIAN_POINT ( 'NONE',  ( -10.18117499392355363, -6.306393367825936735, 1.275000000000000133 ) ) ;
#8500 = ADVANCED_FACE ( 'NONE', ( #9231 ), #1459, .T. ) ;
#8501 = CARTESIAN_POINT ( 'NONE',  ( 3.747344086032916799, 6.562698785064672080, 2.876621164605829506 ) ) ;
#8502 = LINE ( 'NONE', #12540, #8089 ) ;
#8503 = ORIENTED_EDGE ( 'NONE', *, *, #4309, .F. ) ;
#8504 = CARTESIAN_POINT ( 'NONE',  ( -7.089249254718881232, -8.536373850486274506, -1.912499999999999645 ) ) ;
#8505 = VECTOR ( 'NONE', #9366, 1000.000000000000000 ) ;
#8506 = ORIENTED_EDGE ( 'NONE', *, *, #3388, .T. ) ;
#8507 = VERTEX_POINT ( 'NONE', #7204 ) ;
#8508 = PLANE ( 'NONE',  #10149 ) ;
#8509 = VECTOR ( 'NONE', #6910, 1000.000000000000000 ) ;
#8510 = EDGE_LOOP ( 'NONE', ( #12799, #9401, #2145, #12561 ) ) ;
#8511 = EDGE_CURVE ( 'NONE', #7579, #10989, #2217, .T. ) ;
#8512 = LINE ( 'NONE', #3758, #7858 ) ;
#8513 = EDGE_CURVE ( 'NONE', #12349, #6334, #12157, .T. ) ;
#8514 = EDGE_CURVE ( 'NONE', #7683, #1573, #9106, .T. ) ;
#8515 = EDGE_CURVE ( 'NONE', #12624, #3671, #7088, .T. ) ;
#8516 = ORIENTED_EDGE ( 'NONE', *, *, #10975, .T. ) ;
#8517 = EDGE_CURVE ( 'NONE', #11202, #12478, #277, .T. ) ;
#8518 = ORIENTED_EDGE ( 'NONE', *, *, #4835, .F. ) ;
#8519 = CARTESIAN_POINT ( 'NONE',  ( -23.38235294117647101, -12.35062510189814944, 4.169413659219853407 ) ) ;
#8520 = ORIENTED_EDGE ( 'NONE', *, *, #234, .T. ) ;
#8521 = ORIENTED_EDGE ( 'NONE', *, *, #7497, .T. ) ;
#8522 = VECTOR ( 'NONE', #12263, 999.9999999999998863 ) ;
#8523 = CARTESIAN_POINT ( 'NONE',  ( 50.01465487017515699, -9.065663206091183923, 1.275000000000000133 ) ) ;
#8524 = DIRECTION ( 'NONE',  ( 0.9834531885890730463, -0.1811624294769339227, 0.000000000000000000 ) ) ;
#8525 = CARTESIAN_POINT ( 'NONE',  ( 2.927409999341250124, -12.10421909368450066, -2.550000000000000266 ) ) ;
#8526 = CARTESIAN_POINT ( 'NONE',  ( -24.28421530421658758, -10.48790597677185232, 3.944330564366027136 ) ) ;
#8527 = ORIENTED_EDGE ( 'NONE', *, *, #6983, .F. ) ;
#8528 = CARTESIAN_POINT ( 'NONE',  ( 6.070177707534485378, 6.104566538103151530, 0.5766211646058294615 ) ) ;
#8529 = LINE ( 'NONE', #9501, #8170 ) ;
#8530 = VERTEX_POINT ( 'NONE', #9292 ) ;
#8531 = ORIENTED_EDGE ( 'NONE', *, *, #9281, .F. ) ;
#8532 = LINE ( 'NONE', #9437, #766 ) ;
#8533 = FACE_OUTER_BOUND ( 'NONE', #10001, .T. ) ;
#8534 = ORIENTED_EDGE ( 'NONE', *, *, #6267, .F. ) ;
#8535 = ADVANCED_FACE ( 'NONE', ( #10283 ), #11059, .T. ) ;
#8536 = EDGE_CURVE ( 'NONE', #7368, #2576, #1318, .T. ) ;
#8537 = VERTEX_POINT ( 'NONE', #8312 ) ;
#8538 = LINE ( 'NONE', #5799, #4170 ) ;
#8539 = CARTESIAN_POINT ( 'NONE',  ( -24.26470588235293846, -12.94117647058824438, 3.176635312041682813 ) ) ;
#8540 = EDGE_CURVE ( 'NONE', #11376, #8854, #12229, .T. ) ;
#8541 = LINE ( 'NONE', #6715, #9114 ) ;
#8542 = DIRECTION ( 'NONE',  ( 0.000000000000000000, 1.000000000000000000, -1.239506149960986985E-16 ) ) ;
#8543 = ORIENTED_EDGE ( 'NONE', *, *, #1207, .F. ) ;
#8544 = VERTEX_POINT ( 'NONE', #12099 ) ;
#8545 = DIRECTION ( 'NONE',  ( 1.000000000000000000, 0.000000000000000000, 0.000000000000000000 ) ) ;
#8546 = CARTESIAN_POINT ( 'NONE',  ( 27.51702995013318542, -0.5017439509745662551, 1.984574097936344650 ) ) ;
#8547 = CARTESIAN_POINT ( 'NONE',  ( 24.16062842721541060, -23.08998150597378185, 1.275000000000000133 ) ) ;
#8548 = ORIENTED_EDGE ( 'NONE', *, *, #11114, .T. ) ;
#8549 = DIRECTION ( 'NONE',  ( 0.000000000000000000, 1.000000000000000000, -0.000000000000000000 ) ) ;
#8550 = VERTEX_POINT ( 'NONE', #5330 ) ;
#8551 = VERTEX_POINT ( 'NONE', #8242 ) ;
#8552 = CARTESIAN_POINT ( 'NONE',  ( 50.16957179191506100, -12.10421909368450066, 2.550000000000000266 ) ) ;
#8553 = DIRECTION ( 'NONE',  ( -0.000000000000000000, 0.000000000000000000, 1.000000000000000000 ) ) ;
#8554 = LINE ( 'NONE', #11481, #3053 ) ;
#8555 = DIRECTION ( 'NONE',  ( 0.9728062146853660996, -0.2316205273060431002, 0.000000000000000000 ) ) ;
#8556 = EDGE_CURVE ( 'NONE', #6018, #7575, #10216, .T. ) ;
#8557 = CARTESIAN_POINT ( 'NONE',  ( -3.140951059022193181, -2.710522256393735674, 1.275000000000000133 ) ) ;
#8558 = CARTESIAN_POINT ( 'NONE',  ( 50.16957179191506100, -10.94380396979420844, 2.550000000000000266 ) ) ;
#8559 = ORIENTED_EDGE ( 'NONE', *, *, #1710, .T. ) ;
#8560 = EDGE_LOOP ( 'NONE', ( #1523, #5008, #8883, #2939, #9235 ) ) ;
#8561 = LINE ( 'NONE', #645, #5581 ) ;
#8562 = VECTOR ( 'NONE', #7486, 1000.000000000000000 ) ;
#8563 = ORIENTED_EDGE ( 'NONE', *, *, #2147, .T. ) ;
#8564 = VECTOR ( 'NONE', #9771, 1000.000000000000000 ) ;
#8565 = ORIENTED_EDGE ( 'NONE', *, *, #47, .T. ) ;
#8566 = FACE_OUTER_BOUND ( 'NONE', #3641, .T. ) ;
#8567 = CARTESIAN_POINT ( 'NONE',  ( 56.22757427446696710, 4.101344365371332401, -1.275000000000000133 ) ) ;
#8568 = DIRECTION ( 'NONE',  ( 0.6643638388299285547, 0.7474093186836519020, 0.000000000000000000 ) ) ;
#8569 = FACE_OUTER_BOUND ( 'NONE', #12662, .T. ) ;
#8570 = DIRECTION ( 'NONE',  ( -0.5963240013375910031, -0.8027438479544547478, 0.000000000000000000 ) ) ;
#8571 = DIRECTION ( 'NONE',  ( 1.000000000000000000, 0.000000000000000000, 0.000000000000000000 ) ) ;
#8572 = ORIENTED_EDGE ( 'NONE', *, *, #5077, .F. ) ;
#8573 = CARTESIAN_POINT ( 'NONE',  ( -2.376103804022871913, -7.651795232173859596, 1.912499999999999645 ) ) ;
#8574 = VECTOR ( 'NONE', #975, 1000.000000000000000 ) ;
#8575 = ORIENTED_EDGE ( 'NONE', *, *, #11861, .T. ) ;
#8576 = EDGE_LOOP ( 'NONE', ( #7580, #12800, #6216, #12390 ) ) ;
#8577 = VERTEX_POINT ( 'NONE', #408 ) ;
#8578 = FACE_OUTER_BOUND ( 'NONE', #2590, .T. ) ;
#8579 = EDGE_CURVE ( 'NONE', #1708, #8655, #7249, .T. ) ;
#8580 = ORIENTED_EDGE ( 'NONE', *, *, #724, .F. ) ;
#8581 = AXIS2_PLACEMENT_3D ( 'NONE', #4586, #765, #9598 ) ;
#8582 = VERTEX_POINT ( 'NONE', #11314 ) ;
#8583 = CARTESIAN_POINT ( 'NONE',  ( -11.79899929443208428, -3.285802981982389959, 1.275000000000000133 ) ) ;
#8584 = VERTEX_POINT ( 'NONE', #11252 ) ;
#8585 = ORIENTED_EDGE ( 'NONE', *, *, #7481, .T. ) ;
#8586 = PLANE ( 'NONE',  #7727 ) ;
#8587 = LINE ( 'NONE', #12488, #10774 ) ;
#8588 = DIRECTION ( 'NONE',  ( -0.000000000000000000, -0.000000000000000000, -1.000000000000000000 ) ) ;
#8589 = CARTESIAN_POINT ( 'NONE',  ( -26.38884318421432695, 2.692540421433749831, 2.789788735014529397 ) ) ;
#8590 = EDGE_CURVE ( 'NONE', #8953, #1549, #1182, .T. ) ;
#8591 = EDGE_CURVE ( 'NONE', #3444, #5117, #7147, .T. ) ;
#8592 = EDGE_LOOP ( 'NONE', ( #7396, #4691, #4400, #2535 ) ) ;
#8593 = CARTESIAN_POINT ( 'NONE',  ( -6.254696157596316475, 30.12831799411278411, -1.912499999999999645 ) ) ;
#8594 = DIRECTION ( 'NONE',  ( 1.000000000000000000, 0.000000000000000000, 0.000000000000000000 ) ) ;
#8595 = VECTOR ( 'NONE', #12114, 1000.000000000000000 ) ;
#8596 = EDGE_LOOP ( 'NONE', ( #11244, #472, #1817, #802 ) ) ;
#8597 = DIRECTION ( 'NONE',  ( -0.000000000000000000, 0.000000000000000000, 1.000000000000000000 ) ) ;
#8598 = ORIENTED_EDGE ( 'NONE', *, *, #8517, .T. ) ;
#8599 = EDGE_CURVE ( 'NONE', #1669, #8715, #11118, .T. ) ;
#8600 = ORIENTED_EDGE ( 'NONE', *, *, #1992, .T. ) ;
#8601 = DIRECTION ( 'NONE',  ( 0.9954993663858162645, -0.09476819891418403197, 0.000000000000000000 ) ) ;
#8602 = FACE_OUTER_BOUND ( 'NONE', #1718, .T. ) ;
#8603 = EDGE_CURVE ( 'NONE', #9490, #8109, #1257, .T. ) ;
#8604 = CARTESIAN_POINT ( 'NONE',  ( 26.59050635866067580, 7.035030052522682098, -1.611901977398891850 ) ) ;
#8605 = LINE ( 'NONE', #5733, #1867 ) ;
#8606 = PLANE ( 'NONE',  #6913 ) ;
#8607 = VERTEX_POINT ( 'NONE', #4212 ) ;
#8608 = ORIENTED_EDGE ( 'NONE', *, *, #9056, .T. ) ;
#8609 = EDGE_CURVE ( 'NONE', #5132, #9454, #8180, .T. ) ;
#8610 = CARTESIAN_POINT ( 'NONE',  ( -8.508444543210325506, -7.493064987974238811, 1.275000000000000133 ) ) ;
#8611 = CARTESIAN_POINT ( 'NONE',  ( 73.96491932761539090, 14.36860075111488122, -2.499999999999997335 ) ) ;
#8612 = ORIENTED_EDGE ( 'NONE', *, *, #2316, .T. ) ;
#8613 = CARTESIAN_POINT ( 'NONE',  ( 5.926536009056959209, 17.18669797144782052, 2.500000000000006661 ) ) ;
#8614 = AXIS2_PLACEMENT_3D ( 'NONE', #3403, #6604, #9539 ) ;
#8615 = EDGE_CURVE ( 'NONE', #5415, #1832, #11515, .T. ) ;
#8616 = VECTOR ( 'NONE', #7276, 1000.000000000000000 ) ;
#8617 = ORIENTED_EDGE ( 'NONE', *, *, #6645, .F. ) ;
#8618 = VERTEX_POINT ( 'NONE', #6643 ) ;
#8619 = CARTESIAN_POINT ( 'NONE',  ( -27.16814661162208822, -4.293360257139804403, 2.275062818737412673 ) ) ;
#8620 = CARTESIAN_POINT ( 'NONE',  ( -14.06231303136081046, 13.50472070242359557, 202.5000000000000000 ) ) ;
#8621 = LINE ( 'NONE', #11614, #11898 ) ;
#8622 = ADVANCED_FACE ( 'NONE', ( #6502 ), #4479, .T. ) ;
#8623 = LINE ( 'NONE', #10765, #5976 ) ;
#8624 = LINE ( 'NONE', #3670, #4528 ) ;
#8625 = ORIENTED_EDGE ( 'NONE', *, *, #11725, .F. ) ;
#8626 = PLANE ( 'NONE',  #6931 ) ;
#8627 = VERTEX_POINT ( 'NONE', #3572 ) ;
#8628 = EDGE_CURVE ( 'NONE', #321, #3558, #7687, .T. ) ;
#8629 = EDGE_LOOP ( 'NONE', ( #8246, #4877, #11299, #8727 ) ) ;
#8630 = CARTESIAN_POINT ( 'NONE',  ( 20.61675061128899955, -10.94380396979420844, 2.550000000000000266 ) ) ;
#8631 = CARTESIAN_POINT ( 'NONE',  ( 26.51648095428596363, -0.3939200931550414508, -2.980807835930944449 ) ) ;
#8632 = CARTESIAN_POINT ( 'NONE',  ( 15.46899601616303421, -8.160435467678976096, 1.912499999999999645 ) ) ;
#8633 = CARTESIAN_POINT ( 'NONE',  ( 13.54101436650989498, 30.12831799411278411, -1.912499999999999645 ) ) ;
#8634 = EDGE_CURVE ( 'NONE', #6038, #5358, #535, .T. ) ;
#8635 = DIRECTION ( 'NONE',  ( 0.9937649300483557546, 0.1114955775176152269, 0.000000000000000000 ) ) ;
#8636 = CARTESIAN_POINT ( 'NONE',  ( -7.441698547952724674, -8.342872277730432273, 1.912499999999999645 ) ) ;
#8637 = ORIENTED_EDGE ( 'NONE', *, *, #3542, .F. ) ;
#8638 = ORIENTED_EDGE ( 'NONE', *, *, #2606, .F. ) ;
#8639 = VERTEX_POINT ( 'NONE', #3435 ) ;
#8640 = ORIENTED_EDGE ( 'NONE', *, *, #4274, .T. ) ;
#8641 = DIRECTION ( 'NONE',  ( 0.000000000000000000, -1.000000000000000000, 0.000000000000000000 ) ) ;
#8642 = ORIENTED_EDGE ( 'NONE', *, *, #4852, .T. ) ;
#8643 = ORIENTED_EDGE ( 'NONE', *, *, #8169, .F. ) ;
#8644 = ORIENTED_EDGE ( 'NONE', *, *, #4120, .F. ) ;
#8645 = ORIENTED_EDGE ( 'NONE', *, *, #4647, .T. ) ;
#8646 = LINE ( 'NONE', #10724, #477 ) ;
#8647 = LINE ( 'NONE', #12554, #189 ) ;
#8648 = AXIS2_PLACEMENT_3D ( 'NONE', #9640, #2748, #10678 ) ;
#8649 = LINE ( 'NONE', #9689, #7768 ) ;
#8650 = CARTESIAN_POINT ( 'NONE',  ( -25.12460191618780314, -8.573610444767487238, 3.713015194809556441 ) ) ;
#8651 = EDGE_CURVE ( 'NONE', #5371, #4159, #12356, .T. ) ;
#8652 = VERTEX_POINT ( 'NONE', #5526 ) ;
#8653 = CARTESIAN_POINT ( 'NONE',  ( -24.60176455731216905, -12.30919145503969325, -3.103045877523352036 ) ) ;
#8654 = CARTESIAN_POINT ( 'NONE',  ( 15.29075054969256087, -8.811716979782609371, 1.912499999999999645 ) ) ;
#8655 = VERTEX_POINT ( 'NONE', #7474 ) ;
#8656 = DIRECTION ( 'NONE',  ( -0.000000000000000000, -0.000000000000000000, -1.000000000000000000 ) ) ;
#8657 = VERTEX_POINT ( 'NONE', #7402 ) ;
#8658 = EDGE_CURVE ( 'NONE', #3827, #11318, #10014, .T. ) ;
#8659 = VECTOR ( 'NONE', #9212, 1000.000000000000000 ) ;
#8660 = VERTEX_POINT ( 'NONE', #12491 ) ;
#8661 = PLANE ( 'NONE',  #11466 ) ;
#8662 = CARTESIAN_POINT ( 'NONE',  ( 50.70003826105134692, 29.64086231977132613, 1.912499999999999645 ) ) ;
#8663 = CARTESIAN_POINT ( 'NONE',  ( 26.96215072558509362, 5.439714784898858291, -1.669239382457879506 ) ) ;
#8664 = CARTESIAN_POINT ( 'NONE',  ( -8.997510015710910025, 30.12831799411278411, 2.550000000000000266 ) ) ;
#8665 =( NAMED_UNIT ( * ) SI_UNIT ( $, .STERADIAN. ) SOLID_ANGLE_UNIT ( ) );
#8666 = ORIENTED_EDGE ( 'NONE', *, *, #9936, .F. ) ;
#8667 = ORIENTED_EDGE ( 'NONE', *, *, #8846, .T. ) ;
#8668 = DIRECTION ( 'NONE',  ( 1.000000000000000000, 0.000000000000000000, 0.000000000000000000 ) ) ;
#8669 = DIRECTION ( 'NONE',  ( -0.9605011450474106871, 0.2782760326772912296, 0.000000000000000000 ) ) ;
#8670 = VECTOR ( 'NONE', #9149, 1000.000000000000000 ) ;
#8671 = ORIENTED_EDGE ( 'NONE', *, *, #7496, .F. ) ;
#8672 = VECTOR ( 'NONE', #5819, 1000.000000000000000 ) ;
#8673 = DIRECTION ( 'NONE',  ( -0.000000000000000000, -0.000000000000000000, -1.000000000000000000 ) ) ;
#8674 = EDGE_CURVE ( 'NONE', #12475, #2992, #12556, .T. ) ;
#8675 = VECTOR ( 'NONE', #1491, 1000.000000000000000 ) ;
#8676 = ADVANCED_FACE ( 'NONE', ( #2681 ), #11653, .T. ) ;
#8677 = ADVANCED_FACE ( 'NONE', ( #7674 ), #2743, .T. ) ;
#8678 = EDGE_CURVE ( 'NONE', #4054, #9578, #8379, .T. ) ;
#8679 = VERTEX_POINT ( 'NONE', #2795 ) ;
#8680 = ORIENTED_EDGE ( 'NONE', *, *, #10912, .F. ) ;
#8681 = CARTESIAN_POINT ( 'NONE',  ( -26.69484242783602568, -6.949353170180047279, 2.507171378034783071 ) ) ;
#8682 = VECTOR ( 'NONE', #12080, 1000.000000000000000 ) ;
#8683 = DIRECTION ( 'NONE',  ( -0.5948805061344771827, -0.8038141473134124970, 0.000000000000000000 ) ) ;
#8684 = CARTESIAN_POINT ( 'NONE',  ( 13.64993377744630187, -10.19732215022125921, 1.912499999999999645 ) ) ;
#8685 = VECTOR ( 'NONE', #6012, 1000.000000000000000 ) ;
#8686 = LINE ( 'NONE', #6909, #8250 ) ;
#8687 = FACE_OUTER_BOUND ( 'NONE', #753, .T. ) ;
#8688 = VERTEX_POINT ( 'NONE', #9881 ) ;
#8689 = CARTESIAN_POINT ( 'NONE',  ( 50.16957179191506100, -10.94380396979420844, -1.912499999999999645 ) ) ;
#8690 = VERTEX_POINT ( 'NONE', #11710 ) ;
#8691 = AXIS2_PLACEMENT_3D ( 'NONE', #3845, #6905, #12766 ) ;
#8692 = VECTOR ( 'NONE', #9780, 1000.000000000000000 ) ;
#8693 = VECTOR ( 'NONE', #877, 1000.000000000000114 ) ;
#8694 = EDGE_CURVE ( 'NONE', #7418, #12734, #6878, .T. ) ;
#8695 = ORIENTED_EDGE ( 'NONE', *, *, #12779, .T. ) ;
#8696 = VECTOR ( 'NONE', #5085, 1000.000000000000000 ) ;
#8697 = CARTESIAN_POINT ( 'NONE',  ( -1.947636035777786656, -7.520490593518104561, 1.912499999999999645 ) ) ;
#8698 = DIRECTION ( 'NONE',  ( -0.3982847418812866525, -0.9172618297871970583, 0.000000000000000000 ) ) ;
#8699 = DIRECTION ( 'NONE',  ( -0.9863939238321445258, -0.1643989873053521567, 0.000000000000000000 ) ) ;
#8700 = CARTESIAN_POINT ( 'NONE',  ( 0.000000000000000000, 0.000000000000000000, 1.500000000000010880 ) ) ;
#8701 = EDGE_CURVE ( 'NONE', #5000, #10438, #6650, .T. ) ;
#8702 = LINE ( 'NONE', #9926, #10955 ) ;
#8703 = DIRECTION ( 'NONE',  ( -0.2290393337255854367, 0.9734171683335670622, 0.000000000000000000 ) ) ;
#8704 = ORIENTED_EDGE ( 'NONE', *, *, #3983, .F. ) ;
#8705 = VECTOR ( 'NONE', #12270, 1000.000000000000000 ) ;
#8706 = ORIENTED_EDGE ( 'NONE', *, *, #775, .F. ) ;
#8707 = ORIENTED_EDGE ( 'NONE', *, *, #9305, .F. ) ;
#8708 = AXIS2_PLACEMENT_3D ( 'NONE', #4675, #11509, #6561 ) ;
#8709 = ORIENTED_EDGE ( 'NONE', *, *, #4273, .F. ) ;
#8710 = VECTOR ( 'NONE', #3917, 1000.000000000000000 ) ;
#8711 = CARTESIAN_POINT ( 'NONE',  ( 14.03200173286611019, 74.51861236923382137, 1.151621164605829417 ) ) ;
#8712 = EDGE_LOOP ( 'NONE', ( #4489, #6667, #12281, #1875 ) ) ;
#8713 = AXIS2_PLACEMENT_3D ( 'NONE', #7062, #11096, #5897 ) ;
#8714 = LINE ( 'NONE', #3761, #3907 ) ;
#8715 = VERTEX_POINT ( 'NONE', #10987 ) ;
#8716 = AXIS2_PLACEMENT_3D ( 'NONE', #4998, #8958, #4750 ) ;
#8717 = FACE_OUTER_BOUND ( 'NONE', #12003, .T. ) ;
#8718 = DIRECTION ( 'NONE',  ( 0.9088295457203474648, -0.4171676603306479492, 0.000000000000000000 ) ) ;
#8719 = CARTESIAN_POINT ( 'NONE',  ( -2.566159102104386580, -2.933400770300640392, 1.275000000000000133 ) ) ;
#8720 = FACE_OUTER_BOUND ( 'NONE', #9808, .T. ) ;
#8721 = VERTEX_POINT ( 'NONE', #11891 ) ;
#8722 = CARTESIAN_POINT ( 'NONE',  ( 13.97549693082520506, -4.148749102168055813, 1.275000000000000133 ) ) ;
#8723 = DIRECTION ( 'NONE',  ( 0.000000000000000000, -1.000000000000000000, 0.000000000000000000 ) ) ;
#8724 = VERTEX_POINT ( 'NONE', #9761 ) ;
#8725 = CARTESIAN_POINT ( 'NONE',  ( 10.08359999005818075, -7.621554737275839209, 1.912499999999999645 ) ) ;
#8726 = VECTOR ( 'NONE', #129, 1000.000000000000114 ) ;
#8727 = ORIENTED_EDGE ( 'NONE', *, *, #2720, .T. ) ;
#8728 = LINE ( 'NONE', #11590, #6884 ) ;
#8729 = VECTOR ( 'NONE', #8703, 999.9999999999998863 ) ;
#8730 = DIRECTION ( 'NONE',  ( -0.8778955729143852471, -0.4788521306805718081, 0.000000000000000000 ) ) ;
#8731 = CARTESIAN_POINT ( 'NONE',  ( 10.13806131947392686, -7.679219674304288645, -1.275000000000000133 ) ) ;
#8732 = DIRECTION ( 'NONE',  ( -0.000000000000000000, -0.000000000000000000, 1.000000000000000000 ) ) ;
#8733 = EDGE_LOOP ( 'NONE', ( #9162, #11273, #4183, #11401, #12549 ) ) ;
#8734 = DIRECTION ( 'NONE',  ( 1.000000000000000000, 0.000000000000000000, 0.000000000000000000 ) ) ;
#8735 = DIRECTION ( 'NONE',  ( -0.9705026520468430506, 0.2410904443773005390, 0.000000000000000000 ) ) ;
#8736 = ORIENTED_EDGE ( 'NONE', *, *, #7463, .T. ) ;
#8737 = FACE_OUTER_BOUND ( 'NONE', #8760, .T. ) ;
#8738 = EDGE_CURVE ( 'NONE', #7972, #4517, #8829, .T. ) ;
#8739 = ORIENTED_EDGE ( 'NONE', *, *, #10626, .F. ) ;
#8740 = ORIENTED_EDGE ( 'NONE', *, *, #6270, .T. ) ;
#8741 = CARTESIAN_POINT ( 'NONE',  ( 83.76737459837873701, 38.80949993093332040, 1.439121164605829506 ) ) ;
#8742 = CARTESIAN_POINT ( 'NONE',  ( -0.6104581230483032694, -10.94380396979420844, 2.550000000000000266 ) ) ;
#8743 = CARTESIAN_POINT ( 'NONE',  ( -4.132173923502903357, -1.514016550156666030, 1.275000000000000133 ) ) ;
#8744 = CARTESIAN_POINT ( 'NONE',  ( 0.1909652267713530527, -19.98267288438036715, 2.550000000000000266 ) ) ;
#8745 = CARTESIAN_POINT ( 'NONE',  ( -25.00000000000000000, 0.4304950087546934312, -2.927329533034817466 ) ) ;
#8746 = VERTEX_POINT ( 'NONE', #4813 ) ;
#8747 = EDGE_CURVE ( 'NONE', #12303, #3214, #2850, .T. ) ;
#8748 = ADVANCED_FACE ( 'NONE', ( #12794 ), #5845, .T. ) ;
#8749 = CARTESIAN_POINT ( 'NONE',  ( 25.59660487241582416, -23.48542801206632191, -1.275000000000000133 ) ) ;
#8750 = ORIENTED_EDGE ( 'NONE', *, *, #11845, .T. ) ;
#8751 = ORIENTED_EDGE ( 'NONE', *, *, #11616, .T. ) ;
#8752 = FACE_OUTER_BOUND ( 'NONE', #3653, .T. ) ;
#8753 = EDGE_CURVE ( 'NONE', #896, #7236, #1954, .T. ) ;
#8754 = CARTESIAN_POINT ( 'NONE',  ( 25.87128715627244802, 5.800642489968511839, -2.647791993590498549 ) ) ;
#8755 = CARTESIAN_POINT ( 'NONE',  ( 13.44659553120966677, -8.770583410597117435, 1.275000000000000133 ) ) ;
#8756 = CARTESIAN_POINT ( 'NONE',  ( 7.702410331654453657, 8.161368341907504487, 1.151621164605829417 ) ) ;
#8757 = DIRECTION ( 'NONE',  ( 1.000000000000000000, 0.000000000000000000, -0.000000000000000000 ) ) ;
#8758 = CARTESIAN_POINT ( 'NONE',  ( 11.29611278031712729, 6.218731314913454433, 0.5766211646058294615 ) ) ;
#8759 = EDGE_LOOP ( 'NONE', ( #4773, #3329, #7112, #3169, #11372, #12643, #6361, #12169, #6130 ) ) ;
#8760 = EDGE_LOOP ( 'NONE', ( #8060, #7760, #700, #3106 ) ) ;
#8761 = VECTOR ( 'NONE', #872, 1000.000000000000000 ) ;
#8762 = ORIENTED_EDGE ( 'NONE', *, *, #797, .T. ) ;
#8763 = ADVANCED_FACE ( 'NONE', ( #8720 ), #12743, .T. ) ;
#8764 = FACE_OUTER_BOUND ( 'NONE', #6112, .T. ) ;
#8765 = ADVANCED_FACE ( 'NONE', ( #6029 ), #2083, .F. ) ;
#8766 = ORIENTED_EDGE ( 'NONE', *, *, #10680, .T. ) ;
#8767 = PLANE ( 'NONE',  #9280 ) ;
#8768 = ORIENTED_EDGE ( 'NONE', *, *, #12728, .T. ) ;
#8769 = VECTOR ( 'NONE', #1964, 1000.000000000000114 ) ;
#8770 = DIRECTION ( 'NONE',  ( 1.000000000000000000, 0.000000000000000000, 0.000000000000000000 ) ) ;
#8771 = LINE ( 'NONE', #4928, #2466 ) ;
#8772 = CARTESIAN_POINT ( 'NONE',  ( 23.70715493704632237, -11.74162135964215636, 4.095824224701502203 ) ) ;
#8773 = DIRECTION ( 'NONE',  ( -0.6259456360973150169, -0.7798666941540249864, 0.000000000000000000 ) ) ;
#8774 = ORIENTED_EDGE ( 'NONE', *, *, #4791, .F. ) ;
#8775 = EDGE_CURVE ( 'NONE', #10221, #655, #6939, .T. ) ;
#8776 = CARTESIAN_POINT ( 'NONE',  ( 14.03200173286611019, 74.51861236923382137, 2.876621164605829506 ) ) ;
#8777 = PLANE ( 'NONE',  #12136 ) ;
#8778 = EDGE_LOOP ( 'NONE', ( #11354, #6304, #1375, #3115 ) ) ;
#8779 = DIRECTION ( 'NONE',  ( 0.000000000000000000, 0.000000000000000000, 1.000000000000000000 ) ) ;
#8780 = CIRCLE ( 'NONE', #699, 27.49999999999999645 ) ;
#8781 = ORIENTED_EDGE ( 'NONE', *, *, #3191, .T. ) ;
#8782 = EDGE_CURVE ( 'NONE', #1736, #1122, #2013, .T. ) ;
#8783 = ORIENTED_EDGE ( 'NONE', *, *, #2825, .F. ) ;
#8784 = DIRECTION ( 'NONE',  ( -1.000000000000000000, 0.000000000000000000, -0.000000000000000000 ) ) ;
#8785 = CARTESIAN_POINT ( 'NONE',  ( 24.91396080104154720, -11.66436072519913303, 3.027960665687810415 ) ) ;
#8786 = CARTESIAN_POINT ( 'NONE',  ( 3.747344086032916799, 74.51861236923376453, 2.876621164605829506 ) ) ;
#8787 = PLANE ( 'NONE',  #8171 ) ;
#8788 = CARTESIAN_POINT ( 'NONE',  ( 0.000000000000000000, 0.000000000000000000, 2.876621164605829950 ) ) ;
#8789 = AXIS2_PLACEMENT_3D ( 'NONE', #1995, #51, #9923 ) ;
#8790 = ORIENTED_EDGE ( 'NONE', *, *, #2725, .T. ) ;
#8791 = LINE ( 'NONE', #998, #4944 ) ;
#8792 = DIRECTION ( 'NONE',  ( -0.000000000000000000, -6.197530749804934925E-17, -1.000000000000000000 ) ) ;
#8793 = ORIENTED_EDGE ( 'NONE', *, *, #3249, .F. ) ;
#8794 = CARTESIAN_POINT ( 'NONE',  ( 0.000000000000000000, 0.000000000000000000, 2.014121164605829684 ) ) ;
#8795 = CARTESIAN_POINT ( 'NONE',  ( 47.99721294224209345, -11.14650014968474423, -1.275000000000000133 ) ) ;
#8796 = ORIENTED_EDGE ( 'NONE', *, *, #745, .F. ) ;
#8797 = ORIENTED_EDGE ( 'NONE', *, *, #3501, .T. ) ;
#8798 = CARTESIAN_POINT ( 'NONE',  ( -27.24981405041434712, 3.855356340877218457, 2.730042570922304623 ) ) ;
#8799 = CARTESIAN_POINT ( 'NONE',  ( 7.220177707534483957, 7.254566538103149220, 1.151621164605829417 ) ) ;
#8800 = DIRECTION ( 'NONE',  ( -0.000000000000000000, -0.000000000000000000, -1.000000000000000000 ) ) ;
#8801 = CARTESIAN_POINT ( 'NONE',  ( -0.9115297514212998831, 24.98337674359240879, 2.500000000000004885 ) ) ;
#8802 = CARTESIAN_POINT ( 'NONE',  ( 36.32996180463054259, -14.15843396519821873, -1.275000000000000133 ) ) ;
#8803 = DIRECTION ( 'NONE',  ( 0.000000000000000000, -0.000000000000000000, 1.000000000000000000 ) ) ;
#8804 = EDGE_CURVE ( 'NONE', #8652, #11402, #7731, .T. ) ;
#8805 = DIRECTION ( 'NONE',  ( 0.3696499056751892942, 0.9291711076192176177, -0.000000000000000000 ) ) ;
#8806 = EDGE_LOOP ( 'NONE', ( #9856, #4674, #11711, #7346 ) ) ;
#8807 = ORIENTED_EDGE ( 'NONE', *, *, #773, .F. ) ;
#8808 = ADVANCED_FACE ( 'NONE', ( #5966 ), #917, .T. ) ;
#8809 = CARTESIAN_POINT ( 'NONE',  ( -0.6104581230483032694, -10.94380396979420844, 2.550000000000000266 ) ) ;
#8810 = VECTOR ( 'NONE', #4352, 1000.000000000000000 ) ;
#8811 = CARTESIAN_POINT ( 'NONE',  ( -12.53537813810046941, -12.10421909368450066, 2.550000000000000266 ) ) ;
#8812 = DIRECTION ( 'NONE',  ( 1.000000000000000000, 0.000000000000000000, 0.000000000000000000 ) ) ;
#8813 = LINE ( 'NONE', #3860, #223 ) ;
#8814 = PLANE ( 'NONE',  #5964 ) ;
#8815 = LINE ( 'NONE', #2969, #11173 ) ;
#8816 = ORIENTED_EDGE ( 'NONE', *, *, #3906, .F. ) ;
#8817 = ORIENTED_EDGE ( 'NONE', *, *, #5164, .F. ) ;
#8818 = ORIENTED_EDGE ( 'NONE', *, *, #11198, .T. ) ;
#8819 = CARTESIAN_POINT ( 'NONE',  ( -22.69369578148049271, -10.48790597677222891, -3.944330564366045344 ) ) ;
#8820 = EDGE_CURVE ( 'NONE', #8939, #9027, #9946, .T. ) ;
#8821 = EDGE_CURVE ( 'NONE', #9048, #8551, #1895, .T. ) ;
#8822 = ORIENTED_EDGE ( 'NONE', *, *, #7078, .F. ) ;
#8823 = EDGE_CURVE ( 'NONE', #4980, #1988, #4872, .T. ) ;
#8824 = FACE_OUTER_BOUND ( 'NONE', #3815, .T. ) ;
#8825 = EDGE_CURVE ( 'NONE', #3560, #10415, #2920, .T. ) ;
#8826 = DIRECTION ( 'NONE',  ( 0.9260923597695482901, 0.3772968873135180701, 0.000000000000000000 ) ) ;
#8827 = FACE_OUTER_BOUND ( 'NONE', #11571, .T. ) ;
#8828 = CARTESIAN_POINT ( 'NONE',  ( 13.01686196111460525, -31.90588382291010561, 5.525114168167442941 ) ) ;
#8829 = LINE ( 'NONE', #7971, #9120 ) ;
#8830 = EDGE_LOOP ( 'NONE', ( #11636, #4793, #10382, #6660 ) ) ;
#8831 = CARTESIAN_POINT ( 'NONE',  ( 13.43101523854249812, -3.005699862444872306, 1.275000000000000133 ) ) ;
#8832 = CARTESIAN_POINT ( 'NONE',  ( -23.66111738797380681, 14.01433280440147477, -1.499999999999996891 ) ) ;
#8833 = EDGE_LOOP ( 'NONE', ( #8822, #7889, #2241, #1125 ) ) ;
#8834 = EDGE_LOOP ( 'NONE', ( #10502, #10773, #3583, #299 ) ) ;
#8835 = DIRECTION ( 'NONE',  ( -0.9739649296424499614, -0.2266987336236740147, 0.000000000000000000 ) ) ;
#8836 = ORIENTED_EDGE ( 'NONE', *, *, #2825, .T. ) ;
#8837 = AXIS2_PLACEMENT_3D ( 'NONE', #1973, #11855, #9591 ) ;
#8838 = LINE ( 'NONE', #9961, #5376 ) ;
#8839 = ADVANCED_FACE ( 'NONE', ( #7325 ), #10071, .T. ) ;
#8840 = ORIENTED_EDGE ( 'NONE', *, *, #3, .F. ) ;
#8841 = PLANE ( 'NONE',  #58 ) ;
#8842 = DIRECTION ( 'NONE',  ( 0.9435999821328792114, -0.3310877130290858505, 0.000000000000000000 ) ) ;
#8843 = CARTESIAN_POINT ( 'NONE',  ( -2.210245313089296282, -7.472115200329144002, -1.275000000000000133 ) ) ;
#8844 = CARTESIAN_POINT ( 'NONE',  ( 26.10244097751312253, -8.920904731756984063, -3.750952228989798964 ) ) ;
#8845 = CARTESIAN_POINT ( 'NONE',  ( -15.90000000000000391, -26.38003686660402636, -5.864668395365351117 ) ) ;
#8846 = EDGE_CURVE ( 'NONE', #8107, #1573, #6837, .T. ) ;
#8847 = CARTESIAN_POINT ( 'NONE',  ( 18.09454005623523187, 8.483312583677848906, 2.014121164605829239 ) ) ;
#8848 = FACE_OUTER_BOUND ( 'NONE', #2296, .T. ) ;
#8849 = ORIENTED_EDGE ( 'NONE', *, *, #11701, .T. ) ;
#8850 = CARTESIAN_POINT ( 'NONE',  ( -7.441698547952724674, -8.342872277730432273, 1.275000000000000133 ) ) ;
#8851 = CARTESIAN_POINT ( 'NONE',  ( 12.34001903240501008, -32.89115700549849208, -6.651444593697610763 ) ) ;
#8852 = EDGE_CURVE ( 'NONE', #1277, #4832, #8036, .T. ) ;
#8853 = ORIENTED_EDGE ( 'NONE', *, *, #10814, .T. ) ;
#8854 = VERTEX_POINT ( 'NONE', #200 ) ;
#8855 = CARTESIAN_POINT ( 'NONE',  ( 49.00538528815310713, 31.63700866735529615, 1.912499999999999645 ) ) ;
#8856 = CARTESIAN_POINT ( 'NONE',  ( 13.12798828213068170, -1.771947254196764687, -1.275000000000000133 ) ) ;
#8857 = LINE ( 'NONE', #9981, #6280 ) ;
#8858 = AXIS2_PLACEMENT_3D ( 'NONE', #11356, #1295, #2450 ) ;
#8859 = CARTESIAN_POINT ( 'NONE',  ( 24.60176455731216549, -12.30919145503969858, -3.103045877523352480 ) ) ;
#8860 = DIRECTION ( 'NONE',  ( 0.000000000000000000, -1.000000000000000000, 0.000000000000000000 ) ) ;
#8861 = CARTESIAN_POINT ( 'NONE',  ( 32.33922440924814623, 44.09542344386827750, 1.275000000000000133 ) ) ;
#8862 = DIRECTION ( 'NONE',  ( 1.000000000000000000, 0.000000000000000000, -0.000000000000000000 ) ) ;
#8863 = ORIENTED_EDGE ( 'NONE', *, *, #6179, .F. ) ;
#8864 = ORIENTED_EDGE ( 'NONE', *, *, #7626, .F. ) ;
#8865 = CIRCLE ( 'NONE', #586, 2.999999999999999112 ) ;
#8866 = VERTEX_POINT ( 'NONE', #3168 ) ;
#8867 = ADVANCED_FACE ( 'NONE', ( #9023 ), #6156, .T. ) ;
#8868 = CARTESIAN_POINT ( 'NONE',  ( 2.926536009056958765, 21.18669797144782407, 1.500000000000005551 ) ) ;
#8869 = AXIS2_PLACEMENT_3D ( 'NONE', #8011, #11993, #3093 ) ;
#8870 = ORIENTED_EDGE ( 'NONE', *, *, #10545, .T. ) ;
#8871 = DIRECTION ( 'NONE',  ( 1.000000000000000000, 0.000000000000000000, 0.000000000000000000 ) ) ;
#8872 = PLANE ( 'NONE',  #8789 ) ;
#8873 = DIRECTION ( 'NONE',  ( 0.000000000000000000, 1.000000000000000000, -0.000000000000000000 ) ) ;
#8874 = DIRECTION ( 'NONE',  ( -0.000000000000000000, 1.000000000000000000, -0.000000000000000000 ) ) ;
#8875 = CARTESIAN_POINT ( 'NONE',  ( -1.298023612954588568, -8.073352229963379756, -1.275000000000000133 ) ) ;
#8876 = ORIENTED_EDGE ( 'NONE', *, *, #12480, .T. ) ;
#8877 = ORIENTED_EDGE ( 'NONE', *, *, #11450, .F. ) ;
#8878 = VERTEX_POINT ( 'NONE', #5055 ) ;
#8879 = VECTOR ( 'NONE', #6531, 1000.000000000000000 ) ;
#8880 = VECTOR ( 'NONE', #10888, 1000.000000000000000 ) ;
#8881 = DIRECTION ( 'NONE',  ( -0.000000000000000000, -0.000000000000000000, -1.000000000000000000 ) ) ;
#8882 = VECTOR ( 'NONE', #7024, 1000.000000000000000 ) ;
#8883 = ORIENTED_EDGE ( 'NONE', *, *, #4644, .T. ) ;
#8884 = ADVANCED_FACE ( 'NONE', ( #12279 ), #7133, .T. ) ;
#8885 = CARTESIAN_POINT ( 'NONE',  ( -27.17237907470243741, -4.266979186067202612, -2.272814897405034174 ) ) ;
#8886 = VECTOR ( 'NONE', #10117, 1000.000000000000000 ) ;
#8887 = VECTOR ( 'NONE', #5271, 1000.000000000000000 ) ;
#8888 = LINE ( 'NONE', #8030, #8574 ) ;
#8889 = CIRCLE ( 'NONE', #5374, 25.00000000000000000 ) ;
#8890 = CARTESIAN_POINT ( 'NONE',  ( 26.84633310878959023, 6.085096650478981850, -1.642047547849628142 ) ) ;
#8891 = AXIS2_PLACEMENT_3D ( 'NONE', #9224, #1373, #7333 ) ;
#8892 = LINE ( 'NONE', #9880, #1400 ) ;
#8893 = DIRECTION ( 'NONE',  ( -0.5328132696861326290, 0.8462328400897546343, 0.000000000000000000 ) ) ;
#8894 = AXIS2_PLACEMENT_3D ( 'NONE', #10983, #5963, #10725 ) ;
#8895 = VECTOR ( 'NONE', #11801, 1000.000000000000000 ) ;
#8896 = ORIENTED_EDGE ( 'NONE', *, *, #12583, .F. ) ;
#8897 = EDGE_CURVE ( 'NONE', #9604, #8418, #11166, .T. ) ;
#8898 = VERTEX_POINT ( 'NONE', #1168 ) ;
#8899 = PLANE ( 'NONE',  #6398 ) ;
#8900 = DIRECTION ( 'NONE',  ( 0.000000000000000000, -1.000000000000000000, 7.228014483236698281E-17 ) ) ;
#8901 = EDGE_CURVE ( 'NONE', #2054, #11869, #5116, .T. ) ;
#8902 = ORIENTED_EDGE ( 'NONE', *, *, #7150, .F. ) ;
#8903 = ADVANCED_FACE ( 'NONE', ( #2392 ), #3222, .T. ) ;
#8904 = DIRECTION ( 'NONE',  ( -0.000000000000000000, 0.000000000000000000, -1.000000000000000000 ) ) ;
#8905 = EDGE_CURVE ( 'NONE', #5315, #12034, #6230, .T. ) ;
#8906 = EDGE_CURVE ( 'NONE', #6049, #6857, #1782, .T. ) ;
#8907 = AXIS2_PLACEMENT_3D ( 'NONE', #5589, #7774, #11754 ) ;
#8908 = ORIENTED_EDGE ( 'NONE', *, *, #1056, .F. ) ;
#8909 = VECTOR ( 'NONE', #12656, 1000.000000000000000 ) ;
#8910 = CYLINDRICAL_SURFACE ( 'NONE', #9748, 0.9999999999999994449 ) ;
#8911 = VERTEX_POINT ( 'NONE', #10204 ) ;
#8912 = DIRECTION ( 'NONE',  ( -0.000000000000000000, -0.000000000000000000, -1.000000000000000000 ) ) ;
#8913 = CARTESIAN_POINT ( 'NONE',  ( -5.216430461260505247, -8.847358520986746910, 1.912499999999999645 ) ) ;
#8914 = CARTESIAN_POINT ( 'NONE',  ( 5.153962473847291115, -10.94380396979420844, 1.912499999999999645 ) ) ;
#8915 = CARTESIAN_POINT ( 'NONE',  ( 27.43066914273996915, -2.026049687714628789, -3.103179735119664606 ) ) ;
#8916 = EDGE_CURVE ( 'NONE', #221, #17, #5311, .T. ) ;
#8917 = DIRECTION ( 'NONE',  ( 1.000000000000000000, 0.000000000000000000, 0.000000000000000000 ) ) ;
#8918 = CARTESIAN_POINT ( 'NONE',  ( 9.414560009330283918, -7.910646086973067703, 1.912499999999999645 ) ) ;
#8919 = CARTESIAN_POINT ( 'NONE',  ( 1.616094351457737499, -12.10421909368450066, -2.550000000000000266 ) ) ;
#8920 = VERTEX_POINT ( 'NONE', #11238 ) ;
#8921 = VECTOR ( 'NONE', #5404, 999.9999999999998863 ) ;
#8922 = DIRECTION ( 'NONE',  ( 0.000000000000000000, -1.000000000000000000, 0.000000000000000000 ) ) ;
#8923 = EDGE_CURVE ( 'NONE', #8920, #1186, #8080, .T. ) ;
#8924 = AXIS2_PLACEMENT_3D ( 'NONE', #8994, #2770, #1804 ) ;
#8925 = ADVANCED_FACE ( 'NONE', ( #6288 ), #10008, .T. ) ;
#8926 = PLANE ( 'NONE',  #12651 ) ;
#8927 = VECTOR ( 'NONE', #10527, 1000.000000000000000 ) ;
#8928 = ADVANCED_FACE ( 'NONE', ( #1363 ), #9273, .T. ) ;
#8929 = ORIENTED_EDGE ( 'NONE', *, *, #7716, .T. ) ;
#8930 = ORIENTED_EDGE ( 'NONE', *, *, #571, .F. ) ;
#8931 = PLANE ( 'NONE',  #594 ) ;
#8932 = DIRECTION ( 'NONE',  ( -0.000000000000000000, -0.000000000000000000, -1.000000000000000000 ) ) ;
#8933 = DIRECTION ( 'NONE',  ( 1.000000000000000000, -0.000000000000000000, -0.000000000000000000 ) ) ;
#8934 = LINE ( 'NONE', #6967, #10362 ) ;
#8935 = CARTESIAN_POINT ( 'NONE',  ( 49.50600713442071310, -6.035955839322809879, 1.275000000000000133 ) ) ;
#8936 = FACE_OUTER_BOUND ( 'NONE', #7618, .T. ) ;
#8937 = DIRECTION ( 'NONE',  ( -0.8910394968592900700, -0.4539257814188826234, 0.000000000000000000 ) ) ;
#8938 = EDGE_CURVE ( 'NONE', #1913, #7285, #11297, .T. ) ;
#8939 = VERTEX_POINT ( 'NONE', #1428 ) ;
#8940 = ORIENTED_EDGE ( 'NONE', *, *, #8156, .F. ) ;
#8941 = VERTEX_POINT ( 'NONE', #5387 ) ;
#8942 = DIRECTION ( 'NONE',  ( -0.000000000000000000, -0.000000000000000000, 1.000000000000000000 ) ) ;
#8943 = EDGE_CURVE ( 'NONE', #5037, #11826, #10328, .T. ) ;
#8944 = PLANE ( 'NONE',  #8228 ) ;
#8945 = FACE_OUTER_BOUND ( 'NONE', #4194, .T. ) ;
#8946 = DIRECTION ( 'NONE',  ( -0.000000000000000000, -0.000000000000000000, -1.000000000000000000 ) ) ;
#8947 = CARTESIAN_POINT ( 'NONE',  ( -26.51648095428596008, -0.3939200931550422835, -2.980807835930946226 ) ) ;
#8948 = CARTESIAN_POINT ( 'NONE',  ( 50.16957179191506100, -12.10421909368450066, -2.550000000000000266 ) ) ;
#8949 = EDGE_LOOP ( 'NONE', ( #12385, #1571, #11896, #2171 ) ) ;
#8950 = ORIENTED_EDGE ( 'NONE', *, *, #1026, .F. ) ;
#8951 = VERTEX_POINT ( 'NONE', #10531 ) ;
#8952 = CARTESIAN_POINT ( 'NONE',  ( 16.36825741590386585, -5.000770639881534585, 1.275000000000000133 ) ) ;
#8953 = VERTEX_POINT ( 'NONE', #656 ) ;
#8954 = CARTESIAN_POINT ( 'NONE',  ( -25.24682620627119434, -10.90234385979738718, -3.994409483982844122 ) ) ;
#8955 = CARTESIAN_POINT ( 'NONE',  ( 2.926536009056958765, 21.18669797144782407, 2.500000000000000000 ) ) ;
#8956 = CARTESIAN_POINT ( 'NONE',  ( 27.09388235042463222, 4.865590994454094265, -1.690012597271821404 ) ) ;
#8957 = FACE_OUTER_BOUND ( 'NONE', #2253, .T. ) ;
#8958 = DIRECTION ( 'NONE',  ( -0.000000000000000000, 0.000000000000000000, 1.000000000000000000 ) ) ;
#8959 = ORIENTED_EDGE ( 'NONE', *, *, #4186, .T. ) ;
#8960 = ORIENTED_EDGE ( 'NONE', *, *, #4291, .T. ) ;
#8961 = CARTESIAN_POINT ( 'NONE',  ( 24.84432810821396842, 11.85369185974236750, 1.507843966735037178 ) ) ;
#8962 = CARTESIAN_POINT ( 'NONE',  ( 13.64993377744630898, 30.12831799411278411, -1.912499999999999645 ) ) ;
#8963 = VERTEX_POINT ( 'NONE', #8364 ) ;
#8964 = CARTESIAN_POINT ( 'NONE',  ( -12.12158661719209363, -3.261364548439958266, 1.275000000000000133 ) ) ;
#8965 = EDGE_CURVE ( 'NONE', #7407, #1085, #7522, .T. ) ;
#8966 = ORIENTED_EDGE ( 'NONE', *, *, #11146, .T. ) ;
#8967 = VECTOR ( 'NONE', #5063, 1000.000000000000000 ) ;
#8968 = DIRECTION ( 'NONE',  ( 0.8984435854032700730, -0.4390889703097961005, 0.000000000000000000 ) ) ;
#8969 = ORIENTED_EDGE ( 'NONE', *, *, #6055, .F. ) ;
#8970 = EDGE_CURVE ( 'NONE', #5790, #5174, #10405, .T. ) ;
#8971 = DIRECTION ( 'NONE',  ( -0.9090648228942811437, 0.4166547104932203371, 0.000000000000000000 ) ) ;
#8972 = LINE ( 'NONE', #10809, #5213 ) ;
#8973 = LINE ( 'NONE', #5920, #11353 ) ;
#8974 = EDGE_CURVE ( 'NONE', #9009, #5825, #4397, .T. ) ;
#8975 = CARTESIAN_POINT ( 'NONE',  ( 12.22969871862639124, -10.94380396979420844, -2.550000000000000266 ) ) ;
#8976 = DIRECTION ( 'NONE',  ( -1.000000000000000000, 0.000000000000000000, -0.000000000000000000 ) ) ;
#8977 = CARTESIAN_POINT ( 'NONE',  ( 8.852410331654466447, 7.264001408762807088, 0.5766211646058294615 ) ) ;
#8978 = CARTESIAN_POINT ( 'NONE',  ( 50.16957179191506100, -10.94380396979420844, -1.275000000000000133 ) ) ;
#8979 = VECTOR ( 'NONE', #4118, 999.9999999999998863 ) ;
#8980 = ORIENTED_EDGE ( 'NONE', *, *, #4120, .T. ) ;
#8981 = CARTESIAN_POINT ( 'NONE',  ( 14.50921273516821763, -8.647182703040638074, 1.275000000000000133 ) ) ;
#8982 = DIRECTION ( 'NONE',  ( 0.9896873708806817049, 0.1432442247327408991, 0.000000000000000000 ) ) ;
#8983 = EDGE_CURVE ( 'NONE', #323, #1122, #12542, .T. ) ;
#8984 = VERTEX_POINT ( 'NONE', #3625 ) ;
#8985 = AXIS2_PLACEMENT_3D ( 'NONE', #10582, #703, #1682 ) ;
#8986 = ADVANCED_FACE ( 'NONE', ( #7589 ), #5448, .T. ) ;
#8987 = ORIENTED_EDGE ( 'NONE', *, *, #3502, .T. ) ;
#8988 = DIRECTION ( 'NONE',  ( -0.000000000000000000, -0.000000000000000000, -1.000000000000000000 ) ) ;
#8989 = EDGE_CURVE ( 'NONE', #4966, #1490, #9417, .T. ) ;
#8990 = DIRECTION ( 'NONE',  ( -0.000000000000000000, -0.000000000000000000, -1.000000000000000000 ) ) ;
#8991 = CARTESIAN_POINT ( 'NONE',  ( 20.15975325872885549, -3.694337615387540463, 1.275000000000000133 ) ) ;
#8992 = CARTESIAN_POINT ( 'NONE',  ( 46.97116259195739474, 33.06019309407403028, 1.912499999999999645 ) ) ;
#8993 = LINE ( 'NONE', #2177, #10568 ) ;
#8994 = CARTESIAN_POINT ( 'NONE',  ( 73.96491932761539090, 14.36860075111488122, 2.876621164605829506 ) ) ;
#8995 = CARTESIAN_POINT ( 'NONE',  ( 17.07888248889944904, -12.10421909368450066, 2.550000000000000266 ) ) ;
#8996 = EDGE_CURVE ( 'NONE', #9327, #3470, #3488, .T. ) ;
#8997 = ORIENTED_EDGE ( 'NONE', *, *, #11638, .T. ) ;
#8998 = ORIENTED_EDGE ( 'NONE', *, *, #8901, .F. ) ;
#8999 = VERTEX_POINT ( 'NONE', #1701 ) ;
#9000 = CARTESIAN_POINT ( 'NONE',  ( 1.094290737367995092, 22.47098985191724196, 2.500000000000000000 ) ) ;
#9001 = EDGE_CURVE ( 'NONE', #1884, #3534, #11362, .T. ) ;
#9002 = CARTESIAN_POINT ( 'NONE',  ( -6.667692256929348638, -8.653856948230901125, 1.912499999999999645 ) ) ;
#9003 = LINE ( 'NONE', #5946, #282 ) ;
#9004 = CARTESIAN_POINT ( 'NONE',  ( -22.21159248830848298, 11.67734484322020982, -2.499999999999997335 ) ) ;
#9005 = DIRECTION ( 'NONE',  ( -0.000000000000000000, -6.197530749804934925E-17, -1.000000000000000000 ) ) ;
#9006 = FACE_OUTER_BOUND ( 'NONE', #1058, .T. ) ;
#9007 = ORIENTED_EDGE ( 'NONE', *, *, #11229, .T. ) ;
#9008 = VERTEX_POINT ( 'NONE', #11565 ) ;
#9009 = VERTEX_POINT ( 'NONE', #7456 ) ;
#9010 = EDGE_CURVE ( 'NONE', #6095, #1987, #10152, .T. ) ;
#9011 = LINE ( 'NONE', #187, #9940 ) ;
#9012 = EDGE_CURVE ( 'NONE', #12478, #2734, #1628, .T. ) ;
#9013 = VECTOR ( 'NONE', #339, 1000.000000000000000 ) ;
#9014 = VERTEX_POINT ( 'NONE', #5644 ) ;
#9015 = EDGE_CURVE ( 'NONE', #9213, #10807, #4843, .T. ) ;
#9016 = CARTESIAN_POINT ( 'NONE',  ( -26.84822165018386642, 5.976593550884112815, -1.648641294288824888 ) ) ;
#9017 = VECTOR ( 'NONE', #6642, 1000.000000000000000 ) ;
#9018 = LINE ( 'NONE', #3163, #5035 ) ;
#9019 = LINE ( 'NONE', #7781, #4541 ) ;
#9020 = CARTESIAN_POINT ( 'NONE',  ( 5.926536009056959209, 21.18669797144782407, 1.500000000000005551 ) ) ;
#9021 = DIRECTION ( 'NONE',  ( -0.000000000000000000, 0.000000000000000000, 1.000000000000000000 ) ) ;
#9022 = VERTEX_POINT ( 'NONE', #3849 ) ;
#9023 = FACE_OUTER_BOUND ( 'NONE', #584, .T. ) ;
#9024 = EDGE_LOOP ( 'NONE', ( #1661, #4893, #9557, #8836 ) ) ;
#9025 = VECTOR ( 'NONE', #7045, 1000.000000000000114 ) ;
#9026 = DIRECTION ( 'NONE',  ( 0.9998317064949373556, -0.01834553589899280343, 0.000000000000000000 ) ) ;
#9027 = VERTEX_POINT ( 'NONE', #6621 ) ;
#9028 = CARTESIAN_POINT ( 'NONE',  ( 7.943549333305202076, -23.70443047173559137, 2.550000000000000266 ) ) ;
#9029 = VERTEX_POINT ( 'NONE', #4463 ) ;
#9030 = VERTEX_POINT ( 'NONE', #8801 ) ;
#9031 = CARTESIAN_POINT ( 'NONE',  ( -27.01430868294502829, -5.167172291817994534, -2.351201191601294926 ) ) ;
#9032 = EDGE_LOOP ( 'NONE', ( #6580, #7833, #722, #10390 ) ) ;
#9033 = CARTESIAN_POINT ( 'NONE',  ( 12.22969871862639124, -12.10421909368450066, 2.550000000000000266 ) ) ;
#9034 = DIRECTION ( 'NONE',  ( 0.8718943254163863399, -0.4896940731790661583, 0.000000000000000000 ) ) ;
#9035 = EDGE_CURVE ( 'NONE', #5451, #9029, #8429, .T. ) ;
#9036 = FACE_OUTER_BOUND ( 'NONE', #5044, .T. ) ;
#9037 = CARTESIAN_POINT ( 'NONE',  ( -22.94587571363852874, 74.51861236923376453, 1.439121164605829506 ) ) ;
#9038 = ORIENTED_EDGE ( 'NONE', *, *, #3811, .T. ) ;
#9039 = CARTESIAN_POINT ( 'NONE',  ( -12.31220639882299039, -4.150923529384180632, 1.275000000000000133 ) ) ;
#9040 = CARTESIAN_POINT ( 'NONE',  ( 25.20060078739457055, -11.00816605772133805, 2.951552217187823235 ) ) ;
#9041 = ORIENTED_EDGE ( 'NONE', *, *, #5937, .F. ) ;
#9042 = DIRECTION ( 'NONE',  ( 0.000000000000000000, 1.000000000000000000, 0.000000000000000000 ) ) ;
#9043 = CARTESIAN_POINT ( 'NONE',  ( -1.298023612954588568, -8.073352229963379756, 1.912499999999999645 ) ) ;
#9044 = EDGE_CURVE ( 'NONE', #4609, #11122, #10604, .T. ) ;
#9045 = VECTOR ( 'NONE', #8549, 1000.000000000000000 ) ;
#9046 = ORIENTED_EDGE ( 'NONE', *, *, #9044, .F. ) ;
#9047 = ORIENTED_EDGE ( 'NONE', *, *, #1371, .F. ) ;
#9048 = VERTEX_POINT ( 'NONE', #8504 ) ;
#9049 = CARTESIAN_POINT ( 'NONE',  ( -25.98778452116108184, 5.252566247308364744, 2.669662186374277102 ) ) ;
#9050 = PLANE ( 'NONE',  #3091 ) ;
#9051 = CARTESIAN_POINT ( 'NONE',  ( 14.38020716123909182, -4.638661486353305108, -1.275000000000000133 ) ) ;
#9052 = VECTOR ( 'NONE', #1654, 1000.000000000000000 ) ;
#9053 = CARTESIAN_POINT ( 'NONE',  ( 50.16957179191506100, -12.10421909368450066, -2.550000000000000266 ) ) ;
#9054 = PLANE ( 'NONE',  #4519 ) ;
#9055 = DIRECTION ( 'NONE',  ( 0.9643264662862183201, 0.2647158220052873157, 0.000000000000000000 ) ) ;
#9056 = EDGE_CURVE ( 'NONE', #12363, #5487, #12769, .T. ) ;
#9057 = DIRECTION ( 'NONE',  ( 0.000000000000000000, 0.000000000000000000, -1.000000000000000000 ) ) ;
#9058 = ADVANCED_FACE ( 'NONE', ( #7943 ), #10099, .T. ) ;
#9059 = ADVANCED_FACE ( 'NONE', ( #11019 ), #6062, .F. ) ;
#9060 = ORIENTED_EDGE ( 'NONE', *, *, #11146, .F. ) ;
#9061 = ADVANCED_FACE ( 'NONE', ( #1197 ), #3979, .F. ) ;
#9062 = ORIENTED_EDGE ( 'NONE', *, *, #4001, .F. ) ;
#9063 = ORIENTED_EDGE ( 'NONE', *, *, #12410, .T. ) ;
#9064 = EDGE_LOOP ( 'NONE', ( #7915, #10740, #7007, #529 ) ) ;
#9065 = VECTOR ( 'NONE', #4390, 1000.000000000000000 ) ;
#9066 = CYLINDRICAL_SURFACE ( 'NONE', #12631, 25.00000000000000000 ) ;
#9067 = CARTESIAN_POINT ( 'NONE',  ( -3.140951059022193181, -2.710522256393735674, 1.275000000000000133 ) ) ;
#9068 = FACE_OUTER_BOUND ( 'NONE', #10698, .T. ) ;
#9069 = LINE ( 'NONE', #3268, #6848 ) ;
#9070 = SPHERICAL_SURFACE ( 'NONE', #12652, 1.000000000000000000 ) ;
#9071 = CARTESIAN_POINT ( 'NONE',  ( 7.702410331654446551, 9.311368341907503066, 0.5766211646058294615 ) ) ;
#9072 = ORIENTED_EDGE ( 'NONE', *, *, #6830, .F. ) ;
#9073 = ORIENTED_EDGE ( 'NONE', *, *, #3425, .F. ) ;
#9074 = ORIENTED_EDGE ( 'NONE', *, *, #5786, .T. ) ;
#9075 = DIRECTION ( 'NONE',  ( -0.9264648940327243620, 0.3763811899191199517, 0.000000000000000000 ) ) ;
#9076 = AXIS2_PLACEMENT_3D ( 'NONE', #7259, #12276, #4329 ) ;
#9077 = EDGE_CURVE ( 'NONE', #10284, #9131, #42, .T. ) ;
#9078 = VECTOR ( 'NONE', #1810, 1000.000000000000000 ) ;
#9079 = ORIENTED_EDGE ( 'NONE', *, *, #8022, .T. ) ;
#9080 = CARTESIAN_POINT ( 'NONE',  ( -27.38565218424394843, -2.564339244903002246, -3.145828036158611507 ) ) ;
#9081 = EDGE_CURVE ( 'NONE', #5269, #11460, #11921, .T. ) ;
#9082 = DIRECTION ( 'NONE',  ( 0.06237828615518846431, -0.9980525784828879754, 0.000000000000000000 ) ) ;
#9083 = CARTESIAN_POINT ( 'NONE',  ( 10.41399010399786285, -8.174958178124823505, 1.912499999999999645 ) ) ;
#9084 = VECTOR ( 'NONE', #6578, 1000.000000000000000 ) ;
#9085 = CARTESIAN_POINT ( 'NONE',  ( -11.10006009511876535, -3.974966807878732578, 1.275000000000000133 ) ) ;
#9086 = DIRECTION ( 'NONE',  ( 1.000000000000000000, 0.000000000000000000, 0.000000000000000000 ) ) ;
#9087 = EDGE_LOOP ( 'NONE', ( #10233, #5386, #36, #9556 ) ) ;
#9088 = DIRECTION ( 'NONE',  ( 1.000000000000000000, 0.000000000000000000, 0.000000000000000000 ) ) ;
#9089 = ORIENTED_EDGE ( 'NONE', *, *, #11703, .T. ) ;
#9090 = VECTOR ( 'NONE', #9635, 1000.000000000000114 ) ;
#9091 = CARTESIAN_POINT ( 'NONE',  ( 32.87399844683026373, -21.75840204113997345, 1.912499999999999645 ) ) ;
#9092 = ORIENTED_EDGE ( 'NONE', *, *, #8591, .F. ) ;
#9093 = CARTESIAN_POINT ( 'NONE',  ( 10.00314624412034981, -10.94380396979420844, 2.550000000000000266 ) ) ;
#9094 = VECTOR ( 'NONE', #5229, 1000.000000000000000 ) ;
#9095 = AXIS2_PLACEMENT_3D ( 'NONE', #8276, #7300, #10383 ) ;
#9096 = VECTOR ( 'NONE', #2167, 1000.000000000000114 ) ;
#9097 = CARTESIAN_POINT ( 'NONE',  ( -23.98643660701779368, -11.33793136184164929, -3.039769849586690498 ) ) ;
#9099 = DIRECTION ( 'NONE',  ( 0.9994059993535877595, -0.03446227583977479192, 0.000000000000000000 ) ) ;
#9098 = VECTOR ( 'NONE', #8040, 1000.000000000000000 ) ;
#9100 = ORIENTED_EDGE ( 'NONE', *, *, #2509, .T. ) ;
#9101 = VECTOR ( 'NONE', #1447, 1000.000000000000000 ) ;
#9102 = VECTOR ( 'NONE', #4603, 1000.000000000000000 ) ;
#9103 = CARTESIAN_POINT ( 'NONE',  ( -21.91087571363854636, 74.51861236923376453, 2.014121164605829239 ) ) ;
#9104 = DIRECTION ( 'NONE',  ( -0.000000000000000000, -0.000000000000000000, -1.000000000000000000 ) ) ;
#9105 = PLANE ( 'NONE',  #11523 ) ;
#9106 = LINE ( 'NONE', #2287, #4774 ) ;
#9107 = ORIENTED_EDGE ( 'NONE', *, *, #8254, .F. ) ;
#9108 = PLANE ( 'NONE',  #7645 ) ;
#9109 = DIRECTION ( 'NONE',  ( 0.000000000000000000, 1.000000000000000000, -0.000000000000000000 ) ) ;
#9110 = ORIENTED_EDGE ( 'NONE', *, *, #11996, .F. ) ;
#9111 = AXIS2_PLACEMENT_3D ( 'NONE', #9113, #7031, #11124 ) ;
#9112 = CARTESIAN_POINT ( 'NONE',  ( 9.511444474816499906, 9.289807388987380676, 0.5766211646058294615 ) ) ;
#9113 = CARTESIAN_POINT ( 'NONE',  ( 16.96332560084250574, 42.84560376941755067, 1.912499999999999645 ) ) ;
#9114 = VECTOR ( 'NONE', #8732, 1000.000000000000000 ) ;
#9115 = ORIENTED_EDGE ( 'NONE', *, *, #4467, .T. ) ;
#9116 = ORIENTED_EDGE ( 'NONE', *, *, #2943, .F. ) ;
#9117 = DIRECTION ( 'NONE',  ( -0.000000000000000000, -0.000000000000000000, -1.000000000000000000 ) ) ;
#9118 = LINE ( 'NONE', #8260, #630 ) ;
#9119 = LINE ( 'NONE', #7222, #8595 ) ;
#9120 = VECTOR ( 'NONE', #12691, 1000.000000000000000 ) ;
#9121 = CARTESIAN_POINT ( 'NONE',  ( 19.30543496340549225, -10.94380396979420844, -2.550000000000000266 ) ) ;
#9122 = CARTESIAN_POINT ( 'NONE',  ( 13.64993377744630898, 30.12831799411278411, 1.912499999999999645 ) ) ;
#9123 = VECTOR ( 'NONE', #11923, 1000.000000000000000 ) ;
#9124 = DIRECTION ( 'NONE',  ( 0.4722214125154186593, -0.8814799700287823114, 0.000000000000000000 ) ) ;
#9125 = FACE_OUTER_BOUND ( 'NONE', #3939, .T. ) ;
#9126 = EDGE_CURVE ( 'NONE', #5929, #9490, #3141, .T. ) ;
#9127 = ORIENTED_EDGE ( 'NONE', *, *, #9655, .T. ) ;
#9128 = ORIENTED_EDGE ( 'NONE', *, *, #12162, .F. ) ;
#9129 = VECTOR ( 'NONE', #8946, 1000.000000000000000 ) ;
#9130 = ORIENTED_EDGE ( 'NONE', *, *, #9813, .F. ) ;
#9131 = VERTEX_POINT ( 'NONE', #9121 ) ;
#9132 = CARTESIAN_POINT ( 'NONE',  ( -27.50000000000000000, 6.562698785064672080, -2.620515480705437383 ) ) ;
#9133 = CARTESIAN_POINT ( 'NONE',  ( 1.616094351457737499, -12.10421909368450066, 2.550000000000000266 ) ) ;
#9134 = DIRECTION ( 'NONE',  ( -0.000000000000000000, -0.000000000000000000, -1.000000000000000000 ) ) ;
#9135 = ADVANCED_FACE ( 'NONE', ( #1079 ), #4165, .T. ) ;
#9136 = CARTESIAN_POINT ( 'NONE',  ( 10.72379582614700233, 19.77733703565698420, 2.500000000000000000 ) ) ;
#9137 = CARTESIAN_POINT ( 'NONE',  ( -24.48289901403291324, 5.086985335640043182, -2.676521834214582896 ) ) ;
#9138 = EDGE_CURVE ( 'NONE', #10479, #10134, #2892, .T. ) ;
#9139 = CARTESIAN_POINT ( 'NONE',  ( 13.97549693082520506, -4.148749102168055813, 1.275000000000000133 ) ) ;
#9140 = CARTESIAN_POINT ( 'NONE',  ( -7.739286714364657982, -4.956903067613290581, 1.275000000000000133 ) ) ;
#9141 = ORIENTED_EDGE ( 'NONE', *, *, #5014, .F. ) ;
#9142 = ORIENTED_EDGE ( 'NONE', *, *, #5827, .T. ) ;
#9143 = CARTESIAN_POINT ( 'NONE',  ( 48.80962591760678038, -9.310112360832079048, 1.275000000000000133 ) ) ;
#9144 = EDGE_CURVE ( 'NONE', #4780, #625, #6124, .T. ) ;
#9145 = ORIENTED_EDGE ( 'NONE', *, *, #10431, .T. ) ;
#9146 = EDGE_CURVE ( 'NONE', #10093, #1468, #161, .T. ) ;
#9147 = CARTESIAN_POINT ( 'NONE',  ( -9.775496997119320852, -6.501900836165330766, 1.275000000000000133 ) ) ;
#9148 = CARTESIAN_POINT ( 'NONE',  ( 15.89999999999999325, -26.50000000000000355, -4.871890048187180966 ) ) ;
#9149 = DIRECTION ( 'NONE',  ( -1.000000000000000000, 0.000000000000000000, 0.000000000000000000 ) ) ;
#9150 = EDGE_CURVE ( 'NONE', #2181, #8348, #1137, .T. ) ;
#9151 = DIRECTION ( 'NONE',  ( 0.000000000000000000, -1.000000000000000000, 0.000000000000000000 ) ) ;
#9152 = CARTESIAN_POINT ( 'NONE',  ( -29.04673649573542704, 1.369501866246042310, 2.876621164605829506 ) ) ;
#9153 = EDGE_LOOP ( 'NONE', ( #5645, #2102, #5105, #870 ) ) ;
#9154 = CARTESIAN_POINT ( 'NONE',  ( 24.00792865326624792, -11.12039912385714047, -4.020758359141640703 ) ) ;
#9155 = ORIENTED_EDGE ( 'NONE', *, *, #11541, .F. ) ;
#9156 = ORIENTED_EDGE ( 'NONE', *, *, #1049, .F. ) ;
#9157 = DIRECTION ( 'NONE',  ( 0.000000000000000000, -0.000000000000000000, -1.000000000000000000 ) ) ;
#9158 = EDGE_CURVE ( 'NONE', #10037, #643, #3012, .T. ) ;
#9159 = VECTOR ( 'NONE', #5857, 1000.000000000000000 ) ;
#9160 = DIRECTION ( 'NONE',  ( 0.7916961098466014368, 0.6109151083855741682, 0.000000000000000000 ) ) ;
#9161 = FACE_OUTER_BOUND ( 'NONE', #11549, .T. ) ;
#9162 = ORIENTED_EDGE ( 'NONE', *, *, #12647, .F. ) ;
#9163 = CARTESIAN_POINT ( 'NONE',  ( -4.014820503311821831, 35.05417183913628065, 1.912499999999999645 ) ) ;
#9164 = DIRECTION ( 'NONE',  ( -0.9705026520468430506, 0.2410904443773005390, 0.000000000000000000 ) ) ;
#9165 = EDGE_CURVE ( 'NONE', #11402, #12392, #11133, .T. ) ;
#9166 = CARTESIAN_POINT ( 'NONE',  ( -4.366782885510156476, -1.601994910909393166, 1.275000000000000133 ) ) ;
#9167 = CARTESIAN_POINT ( 'NONE',  ( 7.702410331654460762, 7.264001408762807088, 0.5766211646058294615 ) ) ;
#9168 = EDGE_LOOP ( 'NONE', ( #192, #1722, #9502, #12545 ) ) ;
#9169 = CARTESIAN_POINT ( 'NONE',  ( 13.48873465881141520, -2.486225080024611955, 1.275000000000000133 ) ) ;
#9170 = DIRECTION ( 'NONE',  ( 0.6368814469962879032, -0.7709617516270923510, 0.000000000000000000 ) ) ;
#9171 = ORIENTED_EDGE ( 'NONE', *, *, #1864, .T. ) ;
#9172 = AXIS2_PLACEMENT_3D ( 'NONE', #12698, #11720, #6768 ) ;
#9173 = CARTESIAN_POINT ( 'NONE',  ( -25.00000000000000000, 7.596095492564234713E-16, -2.956464602960545918 ) ) ;
#9175 = DIRECTION ( 'NONE',  ( 0.4090559040930703549, 0.9125093245148790944, 0.000000000000000000 ) ) ;
#9174 = VECTOR ( 'NONE', #2612, 1000.000000000000000 ) ;
#9176 = EDGE_CURVE ( 'NONE', #12653, #1252, #7885, .T. ) ;
#9177 = VERTEX_POINT ( 'NONE', #5028 ) ;
#9178 = ORIENTED_EDGE ( 'NONE', *, *, #4738, .T. ) ;
#9179 = CARTESIAN_POINT ( 'NONE',  ( 9.877106168845855905, -7.588515725881864071, 1.912499999999999645 ) ) ;
#9180 = CARTESIAN_POINT ( 'NONE',  ( 50.16957179191506100, -12.10421909368450066, 2.550000000000000266 ) ) ;
#9181 = AXIS2_PLACEMENT_3D ( 'NONE', #10778, #6615, #845 ) ;
#9182 = PLANE ( 'NONE',  #11909 ) ;
#9183 = EDGE_LOOP ( 'NONE', ( #5109, #10334, #4629, #6653 ) ) ;
#9184 = CARTESIAN_POINT ( 'NONE',  ( 48.80962591760678038, -9.310112360832079048, -1.275000000000000133 ) ) ;
#9185 = CARTESIAN_POINT ( 'NONE',  ( 8.852410331654445130, 8.161368341907504487, 1.151621164605829417 ) ) ;
#9186 = FACE_OUTER_BOUND ( 'NONE', #9962, .T. ) ;
#9187 = CARTESIAN_POINT ( 'NONE',  ( 24.60700260302726150, -4.505766751392896730, -3.310646908166508418 ) ) ;
#9188 = VECTOR ( 'NONE', #2640, 1000.000000000000000 ) ;
#9189 = ORIENTED_EDGE ( 'NONE', *, *, #10026, .T. ) ;
#9190 = ORIENTED_EDGE ( 'NONE', *, *, #10664, .T. ) ;
#9191 = DIRECTION ( 'NONE',  ( 0.000000000000000000, 0.000000000000000000, 1.000000000000000000 ) ) ;
#9192 = DIRECTION ( 'NONE',  ( -6.938893903907222067E-15, 1.000000000000000000, 0.000000000000000000 ) ) ;
#9193 = CARTESIAN_POINT ( 'NONE',  ( -5.216430461260505247, -8.847358520986746910, -1.912499999999999645 ) ) ;
#9194 = LINE ( 'NONE', #9136, #3997 ) ;
#9195 = DIRECTION ( 'NONE',  ( 0.000000000000000000, -1.000000000000000000, 0.000000000000000000 ) ) ;
#9196 = EDGE_CURVE ( 'NONE', #726, #3522, #2953, .T. ) ;
#9197 = CARTESIAN_POINT ( 'NONE',  ( -26.26092430199984307, -3.505158544676726162, -3.223972358846191266 ) ) ;
#9198 = DIRECTION ( 'NONE',  ( -0.4679360541420688469, 0.8773801015163790185, 0.1060188978298647056 ) ) ;
#9199 = VERTEX_POINT ( 'NONE', #4972 ) ;
#9200 = AXIS2_PLACEMENT_3D ( 'NONE', #4969, #1332, #6317 ) ;
#9201 = ORIENTED_EDGE ( 'NONE', *, *, #1089, .T. ) ;
#9202 = ORIENTED_EDGE ( 'NONE', *, *, #1180, .T. ) ;
#9203 = DIRECTION ( 'NONE',  ( 0.000000000000000000, -1.000000000000000000, 0.000000000000000000 ) ) ;
#9204 = ORIENTED_EDGE ( 'NONE', *, *, #686, .T. ) ;
#9205 = EDGE_CURVE ( 'NONE', #643, #3697, #8934, .T. ) ;
#9206 = ORIENTED_EDGE ( 'NONE', *, *, #3243, .F. ) ;
#9207 = DIRECTION ( 'NONE',  ( 0.000000000000000000, 0.000000000000000000, 1.000000000000000000 ) ) ;
#9208 = CARTESIAN_POINT ( 'NONE',  ( -4.671774536119602139, -2.012560594422116989, -1.275000000000000133 ) ) ;
#9209 = FACE_BOUND ( 'NONE', #9566, .T. ) ;
#9210 = CARTESIAN_POINT ( 'NONE',  ( 12.44611278031711876, 7.368731314913466335, 1.151621164605829417 ) ) ;
#9211 = CARTESIAN_POINT ( 'NONE',  ( 6.070177707534485378, 7.254566538103156326, 1.151621164605829417 ) ) ;
#9212 = DIRECTION ( 'NONE',  ( -0.000000000000000000, -0.000000000000000000, -1.000000000000000000 ) ) ;
#9213 = VERTEX_POINT ( 'NONE', #2049 ) ;
#9214 = CARTESIAN_POINT ( 'NONE',  ( 23.38235294117646390, -12.35062510189814944, -4.169413659219858737 ) ) ;
#9215 = ORIENTED_EDGE ( 'NONE', *, *, #3228, .F. ) ;
#9216 = CARTESIAN_POINT ( 'NONE',  ( -6.254696157596316475, -10.94380396979420844, 1.912499999999999645 ) ) ;
#9217 = EDGE_CURVE ( 'NONE', #942, #9615, #96, .T. ) ;
#9218 = VERTEX_POINT ( 'NONE', #12176 ) ;
#9219 = LINE ( 'NONE', #3424, #12852 ) ;
#9220 = EDGE_CURVE ( 'NONE', #12200, #7026, #2360, .T. ) ;
#9221 = EDGE_CURVE ( 'NONE', #10015, #6131, #3254, .T. ) ;
#9222 = VECTOR ( 'NONE', #6403, 1000.000000000000000 ) ;
#9223 = EDGE_CURVE ( 'NONE', #10477, #9861, #11266, .T. ) ;
#9224 = CARTESIAN_POINT ( 'NONE',  ( -14.06231303136081046, 74.51861236923376453, 2.876621164605829506 ) ) ;
#9225 = CARTESIAN_POINT ( 'NONE',  ( 13.74206494889459051, 20.88433984928330744, -2.499999999999998224 ) ) ;
#9226 = VERTEX_POINT ( 'NONE', #5422 ) ;
#9227 = CARTESIAN_POINT ( 'NONE',  ( -14.06231303136081046, 74.51861236923376453, 1.151621164605829417 ) ) ;
#9228 = CARTESIAN_POINT ( 'NONE',  ( 8.852410331654445130, 9.311368341907503066, 0.5766211646058294615 ) ) ;
#9229 = AXIS2_PLACEMENT_3D ( 'NONE', #5498, #11804, #9668 ) ;
#9230 = LINE ( 'NONE', #3305, #6934 ) ;
#9231 = FACE_OUTER_BOUND ( 'NONE', #7199, .T. ) ;
#9232 = ORIENTED_EDGE ( 'NONE', *, *, #1370, .F. ) ;
#9233 = CARTESIAN_POINT ( 'NONE',  ( 7.778567954915653893, 7.418851652863123647, -1.275000000000000133 ) ) ;
#9234 = DIRECTION ( 'NONE',  ( 0.000000000000000000, -1.000000000000000000, 0.000000000000000000 ) ) ;
#9235 = ORIENTED_EDGE ( 'NONE', *, *, #3799, .T. ) ;
#9236 = LINE ( 'NONE', #9299, #131 ) ;
#9237 = FACE_OUTER_BOUND ( 'NONE', #7353, .T. ) ;
#9238 = ADVANCED_FACE ( 'NONE', ( #6192 ), #293, .T. ) ;
#9239 = ORIENTED_EDGE ( 'NONE', *, *, #3682, .F. ) ;
#9240 = ORIENTED_EDGE ( 'NONE', *, *, #12649, .F. ) ;
#9241 = CARTESIAN_POINT ( 'NONE',  ( 25.72392124011161840, -6.597029676036049395, 3.502246020490929368 ) ) ;
#9242 = EDGE_CURVE ( 'NONE', #5421, #10297, #1272, .T. ) ;
#9243 = CARTESIAN_POINT ( 'NONE',  ( 11.03347156763479120, -8.736621371822296922, 1.912499999999999645 ) ) ;
#9244 = DIRECTION ( 'NONE',  ( 1.000000000000000000, 0.000000000000000000, 0.000000000000000000 ) ) ;
#9245 = ORIENTED_EDGE ( 'NONE', *, *, #4623, .T. ) ;
#9246 = LINE ( 'NONE', #9184, #7231 ) ;
#9247 = CARTESIAN_POINT ( 'NONE',  ( 25.63229366080063087, 6.779894455083490534, 2.612442148245119888 ) ) ;
#9248 = LINE ( 'NONE', #163, #9342 ) ;
#9249 = LINE ( 'NONE', #4231, #9025 ) ;
#9250 = ORIENTED_EDGE ( 'NONE', *, *, #6023, .T. ) ;
#9251 = EDGE_LOOP ( 'NONE', ( #8111, #4410, #2674, #3271 ) ) ;
#9252 = CIRCLE ( 'NONE', #3657, 1.000000000000000888 ) ;
#9253 = CARTESIAN_POINT ( 'NONE',  ( -25.00000000000000000, 1.517476885376512391E-16, 2.956464602960564569 ) ) ;
#9254 = FACE_BOUND ( 'NONE', #11774, .T. ) ;
#9255 = DIRECTION ( 'NONE',  ( -0.000000000000000000, -0.000000000000000000, -1.000000000000000000 ) ) ;
#9256 = CARTESIAN_POINT ( 'NONE',  ( 32.33922440924814623, 44.09542344386827750, -1.275000000000000133 ) ) ;
#9257 = CARTESIAN_POINT ( 'NONE',  ( 6.070177707534485378, 7.254566538103156326, 0.5766211646058294615 ) ) ;
#9258 = CARTESIAN_POINT ( 'NONE',  ( -5.459641893321363071, -10.94380396979420844, 2.550000000000000266 ) ) ;
#9259 = DIRECTION ( 'NONE',  ( -0.000000000000000000, -0.000000000000000000, -1.000000000000000000 ) ) ;
#9260 = ORIENTED_EDGE ( 'NONE', *, *, #4393, .T. ) ;
#9261 = CARTESIAN_POINT ( 'NONE',  ( -12.04827131656482742, -4.634804513524170666, -1.275000000000000133 ) ) ;
#9262 = CARTESIAN_POINT ( 'NONE',  ( -21.03859593103923231, 13.50472070242326517, -2.499999999999996891 ) ) ;
#9263 = ORIENTED_EDGE ( 'NONE', *, *, #4992, .T. ) ;
#9264 = AXIS2_PLACEMENT_3D ( 'NONE', #7848, #3114, #2144 ) ;
#9265 = VERTEX_POINT ( 'NONE', #3197 ) ;
#9266 = CARTESIAN_POINT ( 'NONE',  ( 50.16957179191506100, -10.94380396979420844, -1.912499999999999645 ) ) ;
#9267 = LINE ( 'NONE', #2098, #5954 ) ;
#9268 = LINE ( 'NONE', #12139, #5668 ) ;
#9269 = LINE ( 'NONE', #7258, #8226 ) ;
#9270 = DIRECTION ( 'NONE',  ( 0.000000000000000000, -1.000000000000000000, 0.000000000000000000 ) ) ;
#9271 = DIRECTION ( 'NONE',  ( 0.000000000000000000, -1.000000000000000000, 0.000000000000000000 ) ) ;
#9272 = ORIENTED_EDGE ( 'NONE', *, *, #2304, .F. ) ;
#9273 = PLANE ( 'NONE',  #7048 ) ;
#9274 = VECTOR ( 'NONE', #7518, 1000.000000000000000 ) ;
#9275 = ORIENTED_EDGE ( 'NONE', *, *, #892, .F. ) ;
#9276 = AXIS2_PLACEMENT_3D ( 'NONE', #4853, #649, #6793 ) ;
#9277 = PLANE ( 'NONE',  #12841 ) ;
#9278 = ORIENTED_EDGE ( 'NONE', *, *, #7001, .F. ) ;
#9279 = PLANE ( 'NONE',  #413 ) ;
#9280 = AXIS2_PLACEMENT_3D ( 'NONE', #12738, #3814, #7778 ) ;
#9281 = EDGE_CURVE ( 'NONE', #1903, #9977, #5215, .T. ) ;
#9282 = ORIENTED_EDGE ( 'NONE', *, *, #10951, .F. ) ;
#9283 = CARTESIAN_POINT ( 'NONE',  ( 11.64942479529083919, 1.369501866246042310, 2.014121164605829239 ) ) ;
#9284 = PLANE ( 'NONE',  #9974 ) ;
#9285 = VECTOR ( 'NONE', #2366, 1000.000000000000000 ) ;
#9286 = ORIENTED_EDGE ( 'NONE', *, *, #11250, .F. ) ;
#9287 = ADVANCED_FACE ( 'NONE', ( #7226 ), #6256, .T. ) ;
#9288 = CARTESIAN_POINT ( 'NONE',  ( 31.47311038443231013, -16.86807369390683675, -1.275000000000000133 ) ) ;
#9289 = DIRECTION ( 'NONE',  ( 0.8443294201829345536, 0.5358244397314756435, -0.000000000000000000 ) ) ;
#9290 = VECTOR ( 'NONE', #5163, 1000.000000000000000 ) ;
#9291 = LINE ( 'NONE', #12355, #12564 ) ;
#9292 = CARTESIAN_POINT ( 'NONE',  ( 5.926536009056960097, 24.18669797144782052, 1.500000000000004885 ) ) ;
#9293 = EDGE_CURVE ( 'NONE', #7179, #9752, #8195, .T. ) ;
#9294 = ADVANCED_FACE ( 'NONE', ( #9448 ), #6319, .T. ) ;
#9295 = ORIENTED_EDGE ( 'NONE', *, *, #8406, .F. ) ;
#9296 = DIRECTION ( 'NONE',  ( 0.3978651461590984040, -0.9108184472326946723, -0.1100594459936200115 ) ) ;
#9297 = CARTESIAN_POINT ( 'NONE',  ( -22.45849502682987264, 10.98253163573217250, 9.000000000000000000 ) ) ;
#9298 = ORIENTED_EDGE ( 'NONE', *, *, #9485, .F. ) ;
#9299 = CARTESIAN_POINT ( 'NONE',  ( 40.48488503665707583, -15.23679364893768984, -1.275000000000000133 ) ) ;
#9300 = AXIS2_PLACEMENT_3D ( 'NONE', #12572, #685, #2495 ) ;
#9301 = DIRECTION ( 'NONE',  ( 1.000000000000000000, 0.000000000000000000, -0.000000000000000000 ) ) ;
#9302 = VECTOR ( 'NONE', #4702, 1000.000000000000000 ) ;
#9303 = CIRCLE ( 'NONE', #3701, 25.00000000000000000 ) ;
#9304 = AXIS2_PLACEMENT_3D ( 'NONE', #2533, #3557, #5580 ) ;
#9305 = EDGE_CURVE ( 'NONE', #6686, #8911, #9246, .T. ) ;
#9306 = ORIENTED_EDGE ( 'NONE', *, *, #7215, .T. ) ;
#9307 = ORIENTED_EDGE ( 'NONE', *, *, #11459, .T. ) ;
#9308 = CARTESIAN_POINT ( 'NONE',  ( 47.82806681816967398, -8.339263717419632016, 1.275000000000000133 ) ) ;
#9309 = DIRECTION ( 'NONE',  ( 0.9986178293325104205, -0.05255883312274953895, 0.000000000000000000 ) ) ;
#9310 = DIRECTION ( 'NONE',  ( -0.000000000000000000, 1.000000000000000000, -0.000000000000000000 ) ) ;
#9311 = VECTOR ( 'NONE', #11321, 1000.000000000000000 ) ;
#9312 = AXIS2_PLACEMENT_3D ( 'NONE', #12151, #5196, #8307 ) ;
#9313 = ORIENTED_EDGE ( 'NONE', *, *, #6219, .F. ) ;
#9314 = ORIENTED_EDGE ( 'NONE', *, *, #1131, .F. ) ;
#9315 = EDGE_CURVE ( 'NONE', #879, #3244, #5281, .T. ) ;
#9316 = CARTESIAN_POINT ( 'NONE',  ( 13.44659553120966677, -8.770583410597117435, 1.912499999999999645 ) ) ;
#9317 = CARTESIAN_POINT ( 'NONE',  ( 26.69484242783622818, -6.949353170178916628, 2.507171378034782627 ) ) ;
#9319 = CARTESIAN_POINT ( 'NONE',  ( 0.000000000000000000, 0.000000000000000000, 9.000000000000000000 ) ) ;
#9318 = VECTOR ( 'NONE', #858, 1000.000000000000000 ) ;
#9320 = EDGE_CURVE ( 'NONE', #10370, #7771, #10583, .T. ) ;
#9321 = AXIS2_PLACEMENT_3D ( 'NONE', #231, #9847, #2116 ) ;
#9322 = DIRECTION ( 'NONE',  ( 1.000000000000000000, 0.000000000000000000, -0.000000000000000000 ) ) ;
#9323 = EDGE_CURVE ( 'NONE', #10758, #2601, #3453, .T. ) ;
#9324 = AXIS2_PLACEMENT_3D ( 'NONE', #1503, #9358, #1368 ) ;
#9325 = ORIENTED_EDGE ( 'NONE', *, *, #3816, .T. ) ;
#9326 = VECTOR ( 'NONE', #2357, 1000.000000000000000 ) ;
#9327 = VERTEX_POINT ( 'NONE', #12248 ) ;
#9328 = CARTESIAN_POINT ( 'NONE',  ( 9.596274571997129854, -7.712412018609244413, -1.275000000000000133 ) ) ;
#9329 = LINE ( 'NONE', #4114, #2039 ) ;
#9330 = FACE_OUTER_BOUND ( 'NONE', #4547, .T. ) ;
#9331 = DIRECTION ( 'NONE',  ( 0.000000000000000000, -0.000000000000000000, 1.000000000000000000 ) ) ;
#9332 = LINE ( 'NONE', #4633, #5902 ) ;
#9333 = EDGE_CURVE ( 'NONE', #8348, #9048, #429, .T. ) ;
#9334 = CARTESIAN_POINT ( 'NONE',  ( 20.37275864315721918, -3.445831333554445042, 1.275000000000000133 ) ) ;
#9335 = DIRECTION ( 'NONE',  ( 1.000000000000000000, 0.000000000000000000, -0.000000000000000000 ) ) ;
#9336 = ORIENTED_EDGE ( 'NONE', *, *, #2074, .T. ) ;
#9337 = VERTEX_POINT ( 'NONE', #4365 ) ;
#9338 = DIRECTION ( 'NONE',  ( 1.000000000000000000, 0.000000000000000000, 0.000000000000000000 ) ) ;
#9339 = VECTOR ( 'NONE', #10874, 1000.000000000000000 ) ;
#9340 = LINE ( 'NONE', #3215, #4109 ) ;
#9341 = ORIENTED_EDGE ( 'NONE', *, *, #11857, .F. ) ;
#9342 = VECTOR ( 'NONE', #7229, 1000.000000000000000 ) ;
#9343 = EDGE_CURVE ( 'NONE', #402, #10835, #12310, .T. ) ;
#9344 = ORIENTED_EDGE ( 'NONE', *, *, #7568, .T. ) ;
#9345 = VECTOR ( 'NONE', #1561, 1000.000000000000000 ) ;
#9346 = PLANE ( 'NONE',  #6169 ) ;
#9347 = PLANE ( 'NONE',  #4070 ) ;
#9348 = CARTESIAN_POINT ( 'NONE',  ( 11.29611278031712018, 7.368731314913460118, 0.5766211646058294615 ) ) ;
#9349 = DIRECTION ( 'NONE',  ( -0.000000000000000000, 1.000000000000000000, -0.000000000000000000 ) ) ;
#9350 = DIRECTION ( 'NONE',  ( -0.9544799780350405882, -0.2982749931359123252, 0.000000000000000000 ) ) ;
#9351 = CARTESIAN_POINT ( 'NONE',  ( 7.702410331654460762, 7.264001408762807088, 0.5766211646058294615 ) ) ;
#9352 = ORIENTED_EDGE ( 'NONE', *, *, #6694, .F. ) ;
#9353 = CARTESIAN_POINT ( 'NONE',  ( -1.962041024935681000, -2.968592114601731335, 1.275000000000000133 ) ) ;
#9354 = ORIENTED_EDGE ( 'NONE', *, *, #8004, .T. ) ;
#9355 = ORIENTED_EDGE ( 'NONE', *, *, #4274, .F. ) ;
#9356 = CARTESIAN_POINT ( 'NONE',  ( 32.53907208397777140, -19.48308816078074202, 1.275000000000000133 ) ) ;
#9357 = VERTEX_POINT ( 'NONE', #10372 ) ;
#9358 = DIRECTION ( 'NONE',  ( 0.000000000000000000, 1.000000000000000000, 0.000000000000000000 ) ) ;
#9359 = ORIENTED_EDGE ( 'NONE', *, *, #7926, .T. ) ;
#9360 = DIRECTION ( 'NONE',  ( -0.2290393337255854367, 0.9734171683335670622, 0.000000000000000000 ) ) ;
#9361 = DIRECTION ( 'NONE',  ( 0.000000000000000000, -1.000000000000000000, 6.938893903907228378E-17 ) ) ;
#9362 = ORIENTED_EDGE ( 'NONE', *, *, #4470, .F. ) ;
#9363 = LINE ( 'NONE', #2284, #1304 ) ;
#9364 = DIRECTION ( 'NONE',  ( -0.9958932064676991880, 0.09053574604257078051, 0.000000000000000000 ) ) ;
#9365 = DIRECTION ( 'NONE',  ( -0.000000000000000000, -0.000000000000000000, 1.000000000000000000 ) ) ;
#9366 = DIRECTION ( 'NONE',  ( -0.000000000000000000, -0.000000000000000000, -1.000000000000000000 ) ) ;
#9367 = ADVANCED_FACE ( 'NONE', ( #11403 ), #2501, .T. ) ;
#9368 = VERTEX_POINT ( 'NONE', #4496 ) ;
#9369 = DIRECTION ( 'NONE',  ( 0.4722214125154186593, -0.8814799700287823114, 0.000000000000000000 ) ) ;
#9370 = LINE ( 'NONE', #6506, #524 ) ;
#9371 = ORIENTED_EDGE ( 'NONE', *, *, #9388, .T. ) ;
#9372 = LINE ( 'NONE', #476, #11136 ) ;
#9373 = DIRECTION ( 'NONE',  ( -0.000000000000000000, -0.000000000000000000, -1.000000000000000000 ) ) ;
#9374 = EDGE_CURVE ( 'NONE', #402, #4025, #12579, .T. ) ;
#9375 = ADVANCED_FACE ( 'NONE', ( #4771 ), #626, .T. ) ;
#9376 = EDGE_LOOP ( 'NONE', ( #2958, #5464, #11526, #9355 ) ) ;
#9377 = ORIENTED_EDGE ( 'NONE', *, *, #9176, .F. ) ;
#9378 = CARTESIAN_POINT ( 'NONE',  ( -25.20060078739456699, -11.00816605772133272, 2.951552217187851657 ) ) ;
#9379 = DIRECTION ( 'NONE',  ( 0.9999921886900041690, -0.003952538295216394965, 0.000000000000000000 ) ) ;
#9380 = ORIENTED_EDGE ( 'NONE', *, *, #4262, .T. ) ;
#9381 = VECTOR ( 'NONE', #275, 1000.000000000000000 ) ;
#9382 = ORIENTED_EDGE ( 'NONE', *, *, #1282, .F. ) ;
#9383 = DIRECTION ( 'NONE',  ( 0.9994059993535877595, -0.03446227583977479192, 0.000000000000000000 ) ) ;
#9384 = CARTESIAN_POINT ( 'NONE',  ( 25.20060078739457055, -11.00816605772133450, 2.951552217187856986 ) ) ;
#9385 = CARTESIAN_POINT ( 'NONE',  ( -5.638243112939898438, -12.94075655202427733, 1.275000000000000133 ) ) ;
#9386 = LINE ( 'NONE', #491, #7374 ) ;
#9387 = EDGE_CURVE ( 'NONE', #9854, #5790, #6773, .T. ) ;
#9388 = EDGE_CURVE ( 'NONE', #1736, #5132, #11669, .T. ) ;
#9389 = EDGE_CURVE ( 'NONE', #9950, #8256, #4752, .T. ) ;
#9390 = ORIENTED_EDGE ( 'NONE', *, *, #8097, .T. ) ;
#9391 = CIRCLE ( 'NONE', #2555, 0.9999999999999995559 ) ;
#9392 = ORIENTED_EDGE ( 'NONE', *, *, #8452, .T. ) ;
#9393 = DIRECTION ( 'NONE',  ( 0.000000000000000000, -0.000000000000000000, 1.000000000000000000 ) ) ;
#9394 = CARTESIAN_POINT ( 'NONE',  ( 24.90392947339631036, 2.436381527708141537, 2.803644735030982105 ) ) ;
#9395 = CARTESIAN_POINT ( 'NONE',  ( -2.376103804022871913, -7.651795232173859596, 1.912499999999999645 ) ) ;
#9396 = CARTESIAN_POINT ( 'NONE',  ( 57.83277260453427715, 11.31864327222919897, 1.275000000000000133 ) ) ;
#9397 = EDGE_CURVE ( 'NONE', #5709, #6611, #9605, .T. ) ;
#9398 = LINE ( 'NONE', #8409, #3276 ) ;
#9399 = LINE ( 'NONE', #502, #9558 ) ;
#9400 = VERTEX_POINT ( 'NONE', #816 ) ;
#9401 = ORIENTED_EDGE ( 'NONE', *, *, #11132, .T. ) ;
#9402 = CARTESIAN_POINT ( 'NONE',  ( 25.20060078739457055, -11.00816605772133805, 2.951552217187823235 ) ) ;
#9403 = CIRCLE ( 'NONE', #269, 0.9999999999999994449 ) ;
#9404 = CARTESIAN_POINT ( 'NONE',  ( 4.429863723595951264, 1.329242543690137390, 1.912499999999999645 ) ) ;
#9405 = ORIENTED_EDGE ( 'NONE', *, *, #4559, .T. ) ;
#9406 = EDGE_CURVE ( 'NONE', #7026, #3609, #756, .T. ) ;
#9407 = VERTEX_POINT ( 'NONE', #5681 ) ;
#9408 = DIRECTION ( 'NONE',  ( -0.000000000000000000, -0.000000000000000000, -1.000000000000000000 ) ) ;
#9409 = VECTOR ( 'NONE', #1029, 1000.000000000000000 ) ;
#9410 = LINE ( 'NONE', #5505, #1619 ) ;
#9411 = DIRECTION ( 'NONE',  ( 0.000000000000000000, -1.000000000000000000, 0.000000000000000000 ) ) ;
#9412 = CARTESIAN_POINT ( 'NONE',  ( 15.76756684101593819, 30.12831799411278411, 1.275000000000000133 ) ) ;
#9413 = EDGE_CURVE ( 'NONE', #4925, #2418, #9735, .T. ) ;
#9414 = CARTESIAN_POINT ( 'NONE',  ( 15.66780826722624553, -8.167291062543229785, -1.912499999999999645 ) ) ;
#9415 = CARTESIAN_POINT ( 'NONE',  ( 28.87229511091797818, 44.99204234439293515, 1.275000000000000133 ) ) ;
#9416 = ORIENTED_EDGE ( 'NONE', *, *, #9077, .T. ) ;
#9417 = LINE ( 'NONE', #3419, #3911 ) ;
#9418 = ORIENTED_EDGE ( 'NONE', *, *, #5572, .T. ) ;
#9419 = ORIENTED_EDGE ( 'NONE', *, *, #7553, .T. ) ;
#9420 = LINE ( 'NONE', #3493, #2057 ) ;
#9421 = ORIENTED_EDGE ( 'NONE', *, *, #9077, .F. ) ;
#9422 = CARTESIAN_POINT ( 'NONE',  ( 11.64942479529083208, 1.369501866246042310, 1.151621164605829417 ) ) ;
#9423 = EDGE_CURVE ( 'NONE', #4503, #1467, #12703, .T. ) ;
#9424 = ORIENTED_EDGE ( 'NONE', *, *, #3866, .T. ) ;
#9425 = ORIENTED_EDGE ( 'NONE', *, *, #10881, .F. ) ;
#9426 = CARTESIAN_POINT ( 'NONE',  ( -27.25467709546903095, -3.785890082416559554, 2.231157737081808090 ) ) ;
#9427 = ORIENTED_EDGE ( 'NONE', *, *, #4247, .T. ) ;
#9428 = ORIENTED_EDGE ( 'NONE', *, *, #12387, .T. ) ;
#9429 = FACE_OUTER_BOUND ( 'NONE', #10157, .T. ) ;
#9430 = LINE ( 'NONE', #3764, #12843 ) ;
#9431 = CARTESIAN_POINT ( 'NONE',  ( -3.468005536002307210, -8.854269291442316003, -1.275000000000000133 ) ) ;
#9432 = CARTESIAN_POINT ( 'NONE',  ( -26.51644468328501247, -0.4129779082836423365, 2.982096318018715664 ) ) ;
#9433 = ORIENTED_EDGE ( 'NONE', *, *, #6993, .F. ) ;
#9434 = CARTESIAN_POINT ( 'NONE',  ( 10.22401578848253756, -7.770230288548698461, 1.912499999999999645 ) ) ;
#9435 = CARTESIAN_POINT ( 'NONE',  ( 15.56485510005821560, -27.00843355399485901, -5.940601191290368455 ) ) ;
#9436 = ORIENTED_EDGE ( 'NONE', *, *, #11352, .F. ) ;
#9437 = CARTESIAN_POINT ( 'NONE',  ( 13.54101436650989498, 30.12831799411278411, -2.550000000000000266 ) ) ;
#9438 = DIRECTION ( 'NONE',  ( -0.6109575759171159692, 0.7916633378081123773, 0.000000000000000000 ) ) ;
#9439 = ORIENTED_EDGE ( 'NONE', *, *, #10335, .F. ) ;
#9440 = EDGE_CURVE ( 'NONE', #1961, #8655, #7748, .T. ) ;
#9441 = VECTOR ( 'NONE', #9170, 1000.000000000000114 ) ;
#9442 = ORIENTED_EDGE ( 'NONE', *, *, #11704, .F. ) ;
#9443 = EDGE_LOOP ( 'NONE', ( #5736, #212, #906, #12326 ) ) ;
#9444 = FACE_OUTER_BOUND ( 'NONE', #1394, .T. ) ;
#9445 = LINE ( 'NONE', #1730, #3714 ) ;
#9446 = VERTEX_POINT ( 'NONE', #11533 ) ;
#9447 = ORIENTED_EDGE ( 'NONE', *, *, #12320, .T. ) ;
#9448 = FACE_OUTER_BOUND ( 'NONE', #2208, .T. ) ;
#9449 = CARTESIAN_POINT ( 'NONE',  ( 27.51504058224938731, 0.5811289208893853919, 1.914566935396393665 ) ) ;
#9450 = CARTESIAN_POINT ( 'NONE',  ( -12.40996013299270651, -3.852774640166615416, -1.275000000000000133 ) ) ;
#9451 = ADVANCED_FACE ( 'NONE', ( #692 ), #9779, .T. ) ;
#9452 = ORIENTED_EDGE ( 'NONE', *, *, #3036, .F. ) ;
#9453 = CARTESIAN_POINT ( 'NONE',  ( 27.49999999999912248, -0.9393347359349847325, -2.015142950630999241 ) ) ;
#9454 = VERTEX_POINT ( 'NONE', #10564 ) ;
#9455 = ORIENTED_EDGE ( 'NONE', *, *, #12497, .F. ) ;
#9456 = DIRECTION ( 'NONE',  ( 0.7363275207553884316, -0.6766252893427964210, 0.000000000000000000 ) ) ;
#9457 = DIRECTION ( 'NONE',  ( 0.000000000000000000, 1.000000000000000000, -0.000000000000000000 ) ) ;
#9458 = DIRECTION ( 'NONE',  ( 0.000000000000000000, -0.000000000000000000, 1.000000000000000000 ) ) ;
#9459 = CARTESIAN_POINT ( 'NONE',  ( 13.17313133886182008, -10.67657956440148759, 1.275000000000000133 ) ) ;
#9460 = ADVANCED_FACE ( 'NONE', ( #7491 ), #1670, .T. ) ;
#9461 = DIRECTION ( 'NONE',  ( 0.06075711357100487681, 0.9981525800951075444, -0.000000000000000000 ) ) ;
#9462 = CARTESIAN_POINT ( 'NONE',  ( 15.76756684101593819, -12.10421909368450066, 2.550000000000000266 ) ) ;
#9463 = VERTEX_POINT ( 'NONE', #11469 ) ;
#9464 = EDGE_CURVE ( 'NONE', #11364, #5790, #4639, .T. ) ;
#9465 = ORIENTED_EDGE ( 'NONE', *, *, #1083, .T. ) ;
#9466 = EDGE_CURVE ( 'NONE', #1521, #11756, #6661, .T. ) ;
#9467 = EDGE_CURVE ( 'NONE', #11667, #8041, #10750, .T. ) ;
#9468 = LINE ( 'NONE', #7370, #12558 ) ;
#9469 = ADVANCED_FACE ( 'NONE', ( #3724 ), #7693, .T. ) ;
#9470 = PLANE ( 'NONE',  #3504 ) ;
#9471 = ORIENTED_EDGE ( 'NONE', *, *, #5239, .T. ) ;
#9472 = VECTOR ( 'NONE', #2223, 1000.000000000000000 ) ;
#9473 = EDGE_LOOP ( 'NONE', ( #236, #2306, #149, #7209 ) ) ;
#9474 = LINE ( 'NONE', #573, #3069 ) ;
#9475 = DIRECTION ( 'NONE',  ( -0.1257542647526098956, 0.9920614219374375153, 0.000000000000000000 ) ) ;
#9476 = DIRECTION ( 'NONE',  ( 0.8814799700287823114, 0.4722214125154186593, -0.000000000000000000 ) ) ;
#9477 = LINE ( 'NONE', #8499, #3052 ) ;
#9478 = CARTESIAN_POINT ( 'NONE',  ( 10.41399010399786285, -8.174958178124823505, -1.275000000000000133 ) ) ;
#9479 = LINE ( 'NONE', #2782, #8729 ) ;
#9480 = ORIENTED_EDGE ( 'NONE', *, *, #8603, .F. ) ;
#9481 = CARTESIAN_POINT ( 'NONE',  ( 10.27357430557349360, -7.951944851215532850, 1.912499999999999645 ) ) ;
#9482 = ORIENTED_EDGE ( 'NONE', *, *, #7550, .F. ) ;
#9483 = AXIS2_PLACEMENT_3D ( 'NONE', #5059, #11957, #8904 ) ;
#9484 = ORIENTED_EDGE ( 'NONE', *, *, #4205, .F. ) ;
#9485 = EDGE_CURVE ( 'NONE', #4890, #3783, #3837, .T. ) ;
#9486 = DIRECTION ( 'NONE',  ( 0.9999921886900041690, -0.003952538295216394965, 0.000000000000000000 ) ) ;
#9487 = VERTEX_POINT ( 'NONE', #12814 ) ;
#9488 = CARTESIAN_POINT ( 'NONE',  ( 47.99721294224209345, -11.14650014968474423, 1.275000000000000133 ) ) ;
#9489 = EDGE_CURVE ( 'NONE', #5371, #6576, #1123, .T. ) ;
#9490 = VERTEX_POINT ( 'NONE', #8977 ) ;
#9491 = PLANE ( 'NONE',  #7627 ) ;
#9492 = EDGE_LOOP ( 'NONE', ( #12327, #1673, #9260, #7891 ) ) ;
#9493 = ORIENTED_EDGE ( 'NONE', *, *, #1709, .F. ) ;
#9494 = CARTESIAN_POINT ( 'NONE',  ( 50.16957179191506100, -12.10421909368450066, 2.550000000000000266 ) ) ;
#9495 = PLANE ( 'NONE',  #4104 ) ;
#9496 = VECTOR ( 'NONE', #6891, 1000.000000000000000 ) ;
#9497 = CARTESIAN_POINT ( 'NONE',  ( 50.16957179191506100, -12.10421909368450066, 2.550000000000000266 ) ) ;
#9498 = CARTESIAN_POINT ( 'NONE',  ( -26.42530899705486647, -1.979088104875230014, 3.099584451569591170 ) ) ;
#9499 = ORIENTED_EDGE ( 'NONE', *, *, #10434, .T. ) ;
#9500 = CARTESIAN_POINT ( 'NONE',  ( -8.508444543210325506, -12.10421909368450066, -1.275000000000000133 ) ) ;
#9501 = CARTESIAN_POINT ( 'NONE',  ( 10.69221011028679413, 6.170610632720729960, 0.5766211646058294615 ) ) ;
#9502 = ORIENTED_EDGE ( 'NONE', *, *, #6574, .T. ) ;
#9503 = DIRECTION ( 'NONE',  ( -0.002119987961336395298, 0.9999977528229969659, 0.000000000000000000 ) ) ;
#9504 = LINE ( 'NONE', #2353, #1234 ) ;
#9505 = VECTOR ( 'NONE', #3804, 1000.000000000000000 ) ;
#9506 = CIRCLE ( 'NONE', #12820, 26.49999999999999645 ) ;
#9507 = EDGE_CURVE ( 'NONE', #11793, #9463, #8791, .T. ) ;
#9508 = ORIENTED_EDGE ( 'NONE', *, *, #3160, .F. ) ;
#9509 = DIRECTION ( 'NONE',  ( 1.000000000000000000, -0.000000000000000000, -0.000000000000000000 ) ) ;
#9510 = CARTESIAN_POINT ( 'NONE',  ( 13.54101436650989498, 30.12831799411278411, 2.550000000000000266 ) ) ;
#9511 = CARTESIAN_POINT ( 'NONE',  ( 13.64993377744630898, -10.94380396979420844, -1.912499999999999645 ) ) ;
#9512 = EDGE_LOOP ( 'NONE', ( #10533, #11574, #11015, #10954 ) ) ;
#9513 = VERTEX_POINT ( 'NONE', #4023 ) ;
#9514 = VECTOR ( 'NONE', #4287, 1000.000000000000000 ) ;
#9515 = CARTESIAN_POINT ( 'NONE',  ( 41.75140282482416154, -15.57031354152369929, 1.912499999999999645 ) ) ;
#9516 = CARTESIAN_POINT ( 'NONE',  ( 23.66111738797359365, 14.01433280440183893, 1.499999999999996669 ) ) ;
#9517 = DIRECTION ( 'NONE',  ( 0.09053574604257078051, 0.9958932064676991880, 0.000000000000000000 ) ) ;
#9518 = EDGE_LOOP ( 'NONE', ( #11298, #9215, #7607, #1074 ) ) ;
#9519 = VECTOR ( 'NONE', #4892, 1000.000000000000000 ) ;
#9520 = DIRECTION ( 'NONE',  ( 0.9986178293325104205, -0.05255883312274953895, 0.000000000000000000 ) ) ;
#9521 = AXIS2_PLACEMENT_3D ( 'NONE', #5986, #146, #1067 ) ;
#9522 = VECTOR ( 'NONE', #11548, 1000.000000000000114 ) ;
#9523 = EDGE_LOOP ( 'NONE', ( #4763, #4862, #11912, #1702 ) ) ;
#9524 = VECTOR ( 'NONE', #9175, 1000.000000000000000 ) ;
#9525 = AXIS2_PLACEMENT_3D ( 'NONE', #10388, #9461, #4310 ) ;
#9526 = ORIENTED_EDGE ( 'NONE', *, *, #10998, .T. ) ;
#9527 = CARTESIAN_POINT ( 'NONE',  ( 50.70003826105134692, 29.64086231977132613, 1.912499999999999645 ) ) ;
#9528 = CARTESIAN_POINT ( 'NONE',  ( 24.10087170400603185, 6.666413891979882322, 2.616250444437031586 ) ) ;
#9529 = CIRCLE ( 'NONE', #1022, 1.000000000000000000 ) ;
#9530 = CARTESIAN_POINT ( 'NONE',  ( 50.16957179191506100, -12.10421909368450066, 2.550000000000000266 ) ) ;
#9531 = VECTOR ( 'NONE', #671, 1000.000000000000000 ) ;
#9532 = CARTESIAN_POINT ( 'NONE',  ( 19.89704661793386364, -5.511983562509625401, -1.275000000000000133 ) ) ;
#9533 = VECTOR ( 'NONE', #10470, 1000.000000000000000 ) ;
#9534 = CARTESIAN_POINT ( 'NONE',  ( -7.579913957064055907, -8.273764573174778647, -1.275000000000000133 ) ) ;
#9535 = CARTESIAN_POINT ( 'NONE',  ( 3.747344086032916799, 74.51861236923376453, 2.014121164605829239 ) ) ;
#9536 = ORIENTED_EDGE ( 'NONE', *, *, #3828, .T. ) ;
#9537 = EDGE_LOOP ( 'NONE', ( #10016, #3855, #11047, #6638, #9063, #3628, #3545, #4045 ) ) ;
#9538 = ADVANCED_FACE ( 'NONE', ( #7801 ), #11967, .T. ) ;
#9539 = DIRECTION ( 'NONE',  ( 0.8120153713427195052, 0.5836360481525667554, 0.000000000000000000 ) ) ;
#9540 = VECTOR ( 'NONE', #3498, 1000.000000000000114 ) ;
#9541 = LINE ( 'NONE', #1617, #7223 ) ;
#9542 = ORIENTED_EDGE ( 'NONE', *, *, #3189, .F. ) ;
#9543 = VECTOR ( 'NONE', #350, 1000.000000000000000 ) ;
#9544 = ORIENTED_EDGE ( 'NONE', *, *, #11555, .F. ) ;
#9545 = EDGE_CURVE ( 'NONE', #6131, #6799, #8038, .T. ) ;
#9546 = EDGE_CURVE ( 'NONE', #5312, #11445, #1911, .T. ) ;
#9547 = CARTESIAN_POINT ( 'NONE',  ( 6.465278121730796634, -12.10421909368450066, -1.912499999999999645 ) ) ;
#9548 = DIRECTION ( 'NONE',  ( -0.000000000000000000, -0.000000000000000000, -1.000000000000000000 ) ) ;
#9549 = DIRECTION ( 'NONE',  ( 0.9966162533834025394, -0.08219515491821648145, 0.000000000000000000 ) ) ;
#9550 = FACE_OUTER_BOUND ( 'NONE', #3421, .T. ) ;
#9551 = B_SPLINE_CURVE_WITH_KNOTS ( 'NONE', 3,
 ( #9253, #11144, #7239, #2244 ),
 .UNSPECIFIED., .F., .F.,
 ( 4, 4 ),
 ( 0.01081060901394466194, 0.01204899107577530985 ),
 .UNSPECIFIED. ) ;
#9552 = DIRECTION ( 'NONE',  ( 0.000000000000000000, -1.000000000000000000, 0.000000000000000000 ) ) ;
#9553 = FACE_OUTER_BOUND ( 'NONE', #2510, .T. ) ;
#9554 = DIRECTION ( 'NONE',  ( -0.000000000000000000, -0.000000000000000000, -1.000000000000000000 ) ) ;
#9555 = VECTOR ( 'NONE', #4348, 1000.000000000000000 ) ;
#9556 = ORIENTED_EDGE ( 'NONE', *, *, #358, .T. ) ;
#9557 = ORIENTED_EDGE ( 'NONE', *, *, #6841, .F. ) ;
#9558 = VECTOR ( 'NONE', #4444, 999.9999999999998863 ) ;
#9559 = ORIENTED_EDGE ( 'NONE', *, *, #9217, .F. ) ;
#9560 = LINE ( 'NONE', #8711, #7234 ) ;
#9561 = EDGE_CURVE ( 'NONE', #4722, #1704, #11783, .T. ) ;
#9562 = ORIENTED_EDGE ( 'NONE', *, *, #2679, .T. ) ;
#9563 = VERTEX_POINT ( 'NONE', #4953 ) ;
#9564 = EDGE_CURVE ( 'NONE', #772, #852, #12758, .T. ) ;
#9565 = PLANE ( 'NONE',  #7659 ) ;
#9566 = EDGE_LOOP ( 'NONE', ( #8428, #565, #267, #979 ) ) ;
#9567 = ORIENTED_EDGE ( 'NONE', *, *, #7862, .F. ) ;
#9568 = CARTESIAN_POINT ( 'NONE',  ( 10.00314624412034981, -10.94380396979420844, 2.550000000000000266 ) ) ;
#9569 = CARTESIAN_POINT ( 'NONE',  ( -15.90000000000000391, -27.50000000000000355, 4.871890048187182742 ) ) ;
#9570 = DIRECTION ( 'NONE',  ( 1.000000000000000000, 0.000000000000000000, 0.000000000000000000 ) ) ;
#9571 = CARTESIAN_POINT ( 'NONE',  ( -25.00000000000000000, 1.517476885376512391E-16, 2.956464602960564569 ) ) ;
#9572 = ORIENTED_EDGE ( 'NONE', *, *, #7412, .T. ) ;
#9573 = EDGE_CURVE ( 'NONE', #7692, #4802, #6895, .T. ) ;
#9574 = CARTESIAN_POINT ( 'NONE',  ( -1.953036272342378421, -15.39100795260625176, -1.912499999999999645 ) ) ;
#9575 = FACE_OUTER_BOUND ( 'NONE', #4848, .T. ) ;
#9576 = ORIENTED_EDGE ( 'NONE', *, *, #11209, .F. ) ;
#9577 = CARTESIAN_POINT ( 'NONE',  ( -5.979719499310153452, -4.945172619512924861, 1.275000000000000133 ) ) ;
#9578 = VERTEX_POINT ( 'NONE', #4891 ) ;
#9579 = EDGE_CURVE ( 'NONE', #8184, #12548, #10815, .T. ) ;
#9580 = ORIENTED_EDGE ( 'NONE', *, *, #11005, .T. ) ;
#9581 = CARTESIAN_POINT ( 'NONE',  ( -22.80071311932021416, 13.50472070242323852, -1.499999999999996891 ) ) ;
#9582 = DIRECTION ( 'NONE',  ( 0.000000000000000000, -1.000000000000000000, 0.000000000000000000 ) ) ;
#9583 = CARTESIAN_POINT ( 'NONE',  ( 24.77204270176353873, 12.13870057554407822, -2.495401156109414043 ) ) ;
#9584 = LINE ( 'NONE', #7745, #11408 ) ;
#9585 = ORIENTED_EDGE ( 'NONE', *, *, #5218, .F. ) ;
#9586 = VERTEX_POINT ( 'NONE', #2033 ) ;
#9587 = CARTESIAN_POINT ( 'NONE',  ( 24.75395639683016924, -3.615050399909913281, 3.231999389557437041 ) ) ;
#9588 = DIRECTION ( 'NONE',  ( 0.000000000000000000, -1.000000000000000000, 7.228014483236698281E-17 ) ) ;
#9589 = CARTESIAN_POINT ( 'NONE',  ( 55.49369733586557629, -1.816435269591295087, -1.912499999999999645 ) ) ;
#9590 = ORIENTED_EDGE ( 'NONE', *, *, #9794, .T. ) ;
#9591 = DIRECTION ( 'NONE',  ( -0.000000000000000000, 0.000000000000000000, 1.000000000000000000 ) ) ;
#9592 = ADVANCED_FACE ( 'NONE', ( #3964 ), #5862, .T. ) ;
#9593 = VERTEX_POINT ( 'NONE', #5071 ) ;
#9594 = ORIENTED_EDGE ( 'NONE', *, *, #4805, .F. ) ;
#9595 = VECTOR ( 'NONE', #3959, 1000.000000000000000 ) ;
#9596 = CARTESIAN_POINT ( 'NONE',  ( -27.37452363718964676, -2.679610881306629722, 2.144107046814681450 ) ) ;
#9597 = DIRECTION ( 'NONE',  ( -0.9090648228942811437, 0.4166547104932203371, 0.000000000000000000 ) ) ;
#9598 = DIRECTION ( 'NONE',  ( 0.000000000000000000, -0.000000000000000000, 1.000000000000000000 ) ) ;
#9599 = DIRECTION ( 'NONE',  ( -0.6643638388299285547, -0.7474093186836517910, 0.000000000000000000 ) ) ;
#9600 = LINE ( 'NONE', #706, #1018 ) ;
#9601 = ORIENTED_EDGE ( 'NONE', *, *, #652, .T. ) ;
#9602 = CARTESIAN_POINT ( 'NONE',  ( 40.62796951583546701, 38.93595086433998631, 1.912499999999999645 ) ) ;
#9603 = PLANE ( 'NONE',  #8262 ) ;
#9604 = VERTEX_POINT ( 'NONE', #1970 ) ;
#9605 = B_SPLINE_CURVE_WITH_KNOTS ( 'NONE', 3,
 ( #10499, #1792, #5738, #9587, #2758, #9651, #6719, #1733 ),
 .UNSPECIFIED., .F., .F.,
 ( 4, 2, 2, 4 ),
 ( 0.01421565123859535457, 0.01691796688538337382, 0.01962028253217139306, 0.02502491382574743850 ),
 .UNSPECIFIED. ) ;
#9606 = VECTOR ( 'NONE', #7336, 1000.000000000000000 ) ;
#9607 = ORIENTED_EDGE ( 'NONE', *, *, #1200, .F. ) ;
#9608 = EDGE_CURVE ( 'NONE', #9030, #2110, #2446, .T. ) ;
#9609 = LINE ( 'NONE', #8630, #9078 ) ;
#9610 = CARTESIAN_POINT ( 'NONE',  ( 25.98115706334141350, 5.285750809747546519, -2.668284531299709439 ) ) ;
#9611 = PLANE ( 'NONE',  #10459 ) ;
#9612 = LINE ( 'NONE', #9412, #10944 ) ;
#9613 = DIRECTION ( 'NONE',  ( -0.6711755868170413697, 0.7412984093202953373, 0.000000000000000000 ) ) ;
#9614 = CARTESIAN_POINT ( 'NONE',  ( -0.6104581230483032694, 30.12831799411278411, -1.912499999999999645 ) ) ;
#9615 = VERTEX_POINT ( 'NONE', #31 ) ;
#9616 = DIRECTION ( 'NONE',  ( -0.000000000000000000, -0.000000000000000000, 1.000000000000000000 ) ) ;
#9617 = VECTOR ( 'NONE', #8826, 999.9999999999998863 ) ;
#9618 = ORIENTED_EDGE ( 'NONE', *, *, #3317, .T. ) ;
#9619 = ORIENTED_EDGE ( 'NONE', *, *, #89, .T. ) ;
#9620 = VERTEX_POINT ( 'NONE', #9039 ) ;
#9621 = ADVANCED_FACE ( 'NONE', ( #6955 ), #3131, .T. ) ;
#9622 = CARTESIAN_POINT ( 'NONE',  ( -24.26470588235291714, -12.94117647058827281, 3.176635312041684589 ) ) ;
#9623 = ORIENTED_EDGE ( 'NONE', *, *, #82, .T. ) ;
#9624 = VECTOR ( 'NONE', #12053, 1000.000000000000000 ) ;
#9625 = ORIENTED_EDGE ( 'NONE', *, *, #2310, .T. ) ;
#9626 = CARTESIAN_POINT ( 'NONE',  ( 54.17976077065905827, 25.58622286491810982, -1.275000000000000133 ) ) ;
#9627 = EDGE_LOOP ( 'NONE', ( #8007, #3311, #9380, #7664 ) ) ;
#9628 = ORIENTED_EDGE ( 'NONE', *, *, #174, .F. ) ;
#9629 = PLANE ( 'NONE',  #7513 ) ;
#9630 = FACE_OUTER_BOUND ( 'NONE', #7658, .T. ) ;
#9631 = CARTESIAN_POINT ( 'NONE',  ( 54.17976077065905827, 25.58622286491810982, 1.275000000000000133 ) ) ;
#9632 = ADVANCED_FACE ( 'NONE', ( #5017 ), #4084, .T. ) ;
#9633 = CARTESIAN_POINT ( 'NONE',  ( -7.686194367827409835, 30.12831799411278411, -2.550000000000000266 ) ) ;
#9634 = ORIENTED_EDGE ( 'NONE', *, *, #6603, .F. ) ;
#9635 = DIRECTION ( 'NONE',  ( 0.8775053372294741028, -0.4795668703463438209, 0.000000000000000000 ) ) ;
#9636 = CARTESIAN_POINT ( 'NONE',  ( 14.03200173286605512, 1.369501866246042310, 1.151621164605829417 ) ) ;
#9637 = ADVANCED_FACE ( 'NONE', ( #7927 ), #3371, .T. ) ;
#9638 = EDGE_LOOP ( 'NONE', ( #912, #8864, #10721, #10898 ) ) ;
#9639 = EDGE_CURVE ( 'NONE', #262, #9513, #12358, .T. ) ;
#9640 = CARTESIAN_POINT ( 'NONE',  ( 50.16957179191506100, -12.10421909368450066, 2.550000000000000266 ) ) ;
#9641 = EDGE_CURVE ( 'NONE', #11296, #4803, #11383, .T. ) ;
#9642 = EDGE_LOOP ( 'NONE', ( #3202, #9171, #7507, #5610 ) ) ;
#9643 = ORIENTED_EDGE ( 'NONE', *, *, #4777, .F. ) ;
#9644 = CARTESIAN_POINT ( 'NONE',  ( 5.926536009056960097, 25.18669797144782407, 2.500000000000004885 ) ) ;
#9645 = LINE ( 'NONE', #5473, #815 ) ;
#9646 = CARTESIAN_POINT ( 'NONE',  ( 26.95421152960048516, 5.478786426552392896, -2.660293101470379007 ) ) ;
#9647 = DIRECTION ( 'NONE',  ( -0.000000000000000000, 0.000000000000000000, -1.000000000000000000 ) ) ;
#9648 = LINE ( 'NONE', #5678, #4485 ) ;
#9649 = ORIENTED_EDGE ( 'NONE', *, *, #1998, .F. ) ;
#9650 = ORIENTED_EDGE ( 'NONE', *, *, #5712, .F. ) ;
#9651 = CARTESIAN_POINT ( 'NONE',  ( 24.02689326085492283, -7.136932943194159051, 3.560241191995561216 ) ) ;
#9652 = DIRECTION ( 'NONE',  ( 0.9492577079257522588, -0.3144992908474473214, 0.000000000000000000 ) ) ;
#9653 = ORIENTED_EDGE ( 'NONE', *, *, #8425, .T. ) ;
#9654 = CARTESIAN_POINT ( 'NONE',  ( -2.210245313089296282, -7.472115200329144002, 1.912499999999999645 ) ) ;
#9655 = EDGE_CURVE ( 'NONE', #1403, #12765, #10219, .T. ) ;
#9656 = MECHANICAL_DESIGN_GEOMETRIC_PRESENTATION_REPRESENTATION (  '', ( #5898 ), #1346 ) ;
#9657 = AXIS2_PLACEMENT_3D ( 'NONE', #7744, #2867, #10387 ) ;
#9658 = ADVANCED_FACE ( 'NONE', ( #12232 ), #2483, .T. ) ;
#9659 = ORIENTED_EDGE ( 'NONE', *, *, #10730, .F. ) ;
#9660 = ORIENTED_EDGE ( 'NONE', *, *, #5240, .T. ) ;
#9661 = FACE_OUTER_BOUND ( 'NONE', #4056, .T. ) ;
#9662 = PLANE ( 'NONE',  #1404 ) ;
#9663 = CARTESIAN_POINT ( 'NONE',  ( -27.50000000000000000, 13.50472070242324030, -2.499999999999996891 ) ) ;
#9664 = VECTOR ( 'NONE', #3743, 1000.000000000000000 ) ;
#9665 = LINE ( 'NONE', #11617, #12828 ) ;
#9666 = CYLINDRICAL_SURFACE ( 'NONE', #1680, 5.000000000000001776 ) ;
#9667 = ORIENTED_EDGE ( 'NONE', *, *, #11620, .F. ) ;
#9668 = DIRECTION ( 'NONE',  ( 1.000000000000000000, 0.000000000000000000, 0.000000000000000000 ) ) ;
#9669 = ORIENTED_EDGE ( 'NONE', *, *, #1614, .T. ) ;
#9670 = ORIENTED_EDGE ( 'NONE', *, *, #1460, .F. ) ;
#9671 = DIRECTION ( 'NONE',  ( -0.000000000000000000, -0.000000000000000000, -1.000000000000000000 ) ) ;
#9672 = LINE ( 'NONE', #778, #4500 ) ;
#9673 = PLANE ( 'NONE',  #2338 ) ;
#9674 = DIRECTION ( 'NONE',  ( 1.000000000000000000, 0.000000000000000000, 0.000000000000000000 ) ) ;
#9675 = CARTESIAN_POINT ( 'NONE',  ( 0.1909652267713530527, 30.12831799411278411, -2.550000000000000266 ) ) ;
#9676 = FACE_OUTER_BOUND ( 'NONE', #1562, .T. ) ;
#9677 = ORIENTED_EDGE ( 'NONE', *, *, #6117, .F. ) ;
#9678 = ORIENTED_EDGE ( 'NONE', *, *, #8252, .T. ) ;
#9679 = ORIENTED_EDGE ( 'NONE', *, *, #9144, .T. ) ;
#9680 = ORIENTED_EDGE ( 'NONE', *, *, #3729, .F. ) ;
#9681 = CARTESIAN_POINT ( 'NONE',  ( -7.966917102575755472, -8.418890752741647887, 1.912499999999999645 ) ) ;
#9682 = VECTOR ( 'NONE', #12166, 1000.000000000000000 ) ;
#9683 = ORIENTED_EDGE ( 'NONE', *, *, #1054, .F. ) ;
#9684 = DIRECTION ( 'NONE',  ( -0.000000000000000000, 0.000000000000000000, 1.000000000000000000 ) ) ;
#9685 = ORIENTED_EDGE ( 'NONE', *, *, #7376, .F. ) ;
#9686 = DIRECTION ( 'NONE',  ( -0.000000000000000000, -0.000000000000000000, -1.000000000000000000 ) ) ;
#9687 = LINE ( 'NONE', #793, #822 ) ;
#9688 = AXIS2_PLACEMENT_3D ( 'NONE', #868, #8597, #6762 ) ;
#9689 = CARTESIAN_POINT ( 'NONE',  ( 50.16957179191506100, -12.10421909368450066, 2.550000000000000266 ) ) ;
#9690 = CARTESIAN_POINT ( 'NONE',  ( -26.25655450580058314, -3.536578965037167066, 3.226661360036608528 ) ) ;
#9691 = ORIENTED_EDGE ( 'NONE', *, *, #5152, .T. ) ;
#9692 = CARTESIAN_POINT ( 'NONE',  ( -11.10006009511876535, -3.974966807878732578, -1.275000000000000133 ) ) ;
#9693 = DIRECTION ( 'NONE',  ( 0.000000000000000000, 0.000000000000000000, 1.000000000000000000 ) ) ;
#9694 = ORIENTED_EDGE ( 'NONE', *, *, #10504, .T. ) ;
#9695 = DIRECTION ( 'NONE',  ( 0.9088295457203474648, -0.4171676603306479492, 0.000000000000000000 ) ) ;
#9696 = ADVANCED_FACE ( 'NONE', ( #219 ), #12163, .F. ) ;
#9697 = EDGE_CURVE ( 'NONE', #4925, #6449, #8244, .T. ) ;
#9698 = VECTOR ( 'NONE', #8219, 1000.000000000000000 ) ;
#9699 = EDGE_LOOP ( 'NONE', ( #5996, #11782, #7372, #4323 ) ) ;
#9700 = EDGE_CURVE ( 'NONE', #8211, #7531, #6245, .T. ) ;
#9701 = CARTESIAN_POINT ( 'NONE',  ( 22.80071311932021771, 13.50472070242324030, -2.499999999999996891 ) ) ;
#9702 = CYLINDRICAL_SURFACE ( 'NONE', #12006, 3.000000000000000000 ) ;
#9703 = EDGE_CURVE ( 'NONE', #10415, #5349, #1453, .T. ) ;
#9704 = CARTESIAN_POINT ( 'NONE',  ( 4.437945083414524206, 7.254566538103156326, 0.5766211646058294615 ) ) ;
#9705 = LINE ( 'NONE', #8459, #9960 ) ;
#9706 = EDGE_LOOP ( 'NONE', ( #10611, #1414, #9882, #10269, #4069, #4605, #5412, #1486 ) ) ;
#9707 = ORIENTED_EDGE ( 'NONE', *, *, #10843, .F. ) ;
#9708 = DIRECTION ( 'NONE',  ( -0.000000000000000000, 0.000000000000000000, 1.000000000000000000 ) ) ;
#9709 = CARTESIAN_POINT ( 'NONE',  ( -27.50000000000000000, 6.197530749805117843E-16, 2.500000000000011102 ) ) ;
#9710 = VERTEX_POINT ( 'NONE', #3309 ) ;
#9711 = CARTESIAN_POINT ( 'NONE',  ( -6.273778340962095967, -8.792072357342210154, -1.275000000000000133 ) ) ;
#9712 = VECTOR ( 'NONE', #648, 1000.000000000000114 ) ;
#9713 = EDGE_CURVE ( 'NONE', #390, #1541, #4277, .T. ) ;
#9714 = EDGE_CURVE ( 'NONE', #7575, #4624, #11120, .T. ) ;
#9715 = ORIENTED_EDGE ( 'NONE', *, *, #9223, .T. ) ;
#9716 = EDGE_LOOP ( 'NONE', ( #8143, #1629, #12533, #1691 ) ) ;
#9717 = FACE_OUTER_BOUND ( 'NONE', #2205, .T. ) ;
#9718 = EDGE_CURVE ( 'NONE', #9950, #6620, #1184, .T. ) ;
#9719 = AXIS2_PLACEMENT_3D ( 'NONE', #11748, #2729, #5891 ) ;
#9720 = CARTESIAN_POINT ( 'NONE',  ( 54.49523530626897383, 24.02149891502483925, 1.912499999999999645 ) ) ;
#9721 = LINE ( 'NONE', #1546, #11070 ) ;
#9722 = VECTOR ( 'NONE', #9369, 999.9999999999998863 ) ;
#9723 = CARTESIAN_POINT ( 'NONE',  ( 13.54101436650989498, -12.10421909368450066, 2.550000000000000266 ) ) ;
#9724 = CARTESIAN_POINT ( 'NONE',  ( 10.00314624412034981, -12.10421909368450066, 2.550000000000000266 ) ) ;
#9725 = ORIENTED_EDGE ( 'NONE', *, *, #11280, .F. ) ;
#9726 = CARTESIAN_POINT ( 'NONE',  ( -1.947636035777786656, -7.520490593518104561, 1.912499999999999645 ) ) ;
#9727 = EDGE_CURVE ( 'NONE', #8418, #4093, #11254, .T. ) ;
#9728 = ORIENTED_EDGE ( 'NONE', *, *, #5140, .F. ) ;
#9729 = AXIS2_PLACEMENT_3D ( 'NONE', #11749, #115, #3098 ) ;
#9730 = VECTOR ( 'NONE', #11779, 1000.000000000000114 ) ;
#9731 = AXIS2_PLACEMENT_3D ( 'NONE', #12324, #3400, #705 ) ;
#9732 = VECTOR ( 'NONE', #15, 1000.000000000000000 ) ;
#9733 = ORIENTED_EDGE ( 'NONE', *, *, #3327, .F. ) ;
#9734 = AXIS2_PLACEMENT_3D ( 'NONE', #11249, #10214, #8310 ) ;
#9735 = CIRCLE ( 'NONE', #4105, 25.00000000000000000 ) ;
#9736 = DIRECTION ( 'NONE',  ( 0.000000000000000000, 0.000000000000000000, -1.000000000000000000 ) ) ;
#9737 = EDGE_CURVE ( 'NONE', #221, #6273, #2348, .T. ) ;
#9738 = CARTESIAN_POINT ( 'NONE',  ( 20.62126492499032793, -4.454056819848727145, 1.275000000000000133 ) ) ;
#9739 = DIRECTION ( 'NONE',  ( -0.4896940731790661583, -0.8718943254163863399, 0.000000000000000000 ) ) ;
#9740 = FACE_OUTER_BOUND ( 'NONE', #4030, .T. ) ;
#9741 = LINE ( 'NONE', #10844, #1196 ) ;
#9742 =( BOUNDED_SURFACE ( )  B_SPLINE_SURFACE ( 3, 2, ( 
 ( #10978, #1041, #5050 ),
 ( #2076, #2916, #6086 ),
 ( #10002, #3871, #1100 ),
 ( #7840, #11038, #10853 ),
 ( #3942, #973, #5110 ),
 ( #2139, #11947, #9016 ),
 ( #4060, #6024, #6805 ),
 ( #6873, #1162, #10064 ),
 ( #11827, #123, #1949 ),
 ( #6933, #5901, #4002 ),
 ( #8029, #9875, #12014 ),
 ( #4926, #10914, #3108 ),
 ( #7066, #9080, #9938 ),
 ( #193, #4130, #10790 ),
 ( #8101, #7965, #8885 ),
 ( #5, #7904, #12076 ),
 ( #1891, #2008, #5960 ),
 ( #4994, #8954, #61 ) ),
 .UNSPECIFIED., .F., .F., .T. ) 
 B_SPLINE_SURFACE_WITH_KNOTS ( ( 4, 2, 2, 2, 2, 2, 2, 2, 4 ),
 ( 3, 3 ),
 ( 0.000000000000000000, 0.006249756093386299102, 0.007812195116732873444, 0.009374634140079447786, 0.01249951218677259820, 0.01562439023346574689, 0.01718682925681232210, 0.01874926828015889557, 0.02499902437354519641 ),
 ( 0.000000000000000000, 1.000000000000000000 ),
 .UNSPECIFIED. ) 
 GEOMETRIC_REPRESENTATION_ITEM ( )  RATIONAL_B_SPLINE_SURFACE ( (
 ( 1.000000000000000000, 0.7071067811865489050, 1.000000000000000000),
 ( 1.000000000000000000, 0.7087363756581095409, 1.000000000000000000),
 ( 1.000000000000000000, 0.7097848390818497499, 1.000000000000000000),
 ( 1.000000000000000000, 0.7101245185594203813, 1.000000000000000000),
 ( 1.000000000000000000, 0.7101438603972217711, 1.000000000000000000),
 ( 1.000000000000000000, 0.7100787218850957982, 1.000000000000000000),
 ( 1.000000000000000000, 0.7099936402472387664, 1.000000000000000000),
 ( 1.000000000000000000, 0.7095771224226750107, 1.000000000000000000),
 ( 1.000000000000000000, 0.7090863277089894945, 1.000000000000000000),
 ( 1.000000000000000000, 0.7076721929188422022, 1.000000000000000000),
 ( 1.000000000000000000, 0.7067488699090790361, 1.000000000000000000),
 ( 1.000000000000000000, 0.7050328979077498115, 1.000000000000000000),
 ( 1.000000000000000000, 0.7044057216690958745, 1.000000000000000000),
 ( 1.000000000000000000, 0.7030396193065423516, 1.000000000000000000),
 ( 1.000000000000000000, 0.7023004970496574684, 1.000000000000000000),
 ( 1.000000000000000000, 0.6983748390691728591, 1.000000000000000000),
 ( 1.000000000000000000, 0.6944660347606023132, 1.000000000000000000),
 ( 1.000000000000000000, 0.6899199677798266706, 1.000000000000000000) ) ) 
 REPRESENTATION_ITEM ( '' )  SURFACE ( )  );
#9743 = DIRECTION ( 'NONE',  ( -1.000000000000000000, 0.000000000000000000, 0.000000000000000000 ) ) ;
#9744 = ORIENTED_EDGE ( 'NONE', *, *, #7950, .F. ) ;
#9745 = VECTOR ( 'NONE', #12167, 1000.000000000000000 ) ;
#9746 = ORIENTED_EDGE ( 'NONE', *, *, #9966, .F. ) ;
#9747 = ORIENTED_EDGE ( 'NONE', *, *, #12467, .F. ) ;
#9748 = AXIS2_PLACEMENT_3D ( 'NONE', #9097, #1114, #20 ) ;
#9749 = AXIS2_PLACEMENT_3D ( 'NONE', #7416, #3651, #5676 ) ;
#9750 = CARTESIAN_POINT ( 'NONE',  ( -3.393155693180008647, -2.159191195676660069, 1.275000000000000133 ) ) ;
#9751 = EDGE_CURVE ( 'NONE', #2992, #9710, #5133, .T. ) ;
#9752 = VERTEX_POINT ( 'NONE', #11188 ) ;
#9753 = ADVANCED_FACE ( 'NONE', ( #4214 ), #9108, .T. ) ;
#9754 = CARTESIAN_POINT ( 'NONE',  ( 5.153962473847291115, 30.12831799411278411, -1.912499999999999645 ) ) ;
#9755 = ORIENTED_EDGE ( 'NONE', *, *, #4379, .F. ) ;
#9756 = AXIS2_PLACEMENT_3D ( 'NONE', #11764, #7909, #7849 ) ;
#9757 = LINE ( 'NONE', #11577, #8133 ) ;
#9758 = CARTESIAN_POINT ( 'NONE',  ( 5.926536009056959209, 21.18669797144782407, -2.500000000000000000 ) ) ;
#9759 = VECTOR ( 'NONE', #11866, 1000.000000000000114 ) ;
#9760 = LINE ( 'NONE', #2680, #3044 ) ;
#9761 = CARTESIAN_POINT ( 'NONE',  ( -2.500497672223062740, -7.976601443585464857, 1.912499999999999645 ) ) ;
#9762 = ORIENTED_EDGE ( 'NONE', *, *, #12256, .T. ) ;
#9763 = PLANE ( 'NONE',  #10570 ) ;
#9764 = CARTESIAN_POINT ( 'NONE',  ( 20.33015756627155568, -4.972369921957758621, 1.275000000000000133 ) ) ;
#9765 = ORIENTED_EDGE ( 'NONE', *, *, #10957, .F. ) ;
#9766 = CARTESIAN_POINT ( 'NONE',  ( 26.72916168311616758, -20.93828974291378842, 1.912499999999999645 ) ) ;
#9767 = AXIS2_PLACEMENT_3D ( 'NONE', #8163, #12144, #10266 ) ;
#9768 = VERTEX_POINT ( 'NONE', #5332 ) ;
#9769 = AXIS2_PLACEMENT_3D ( 'NONE', #7305, #368, #2190 ) ;
#9770 = EDGE_LOOP ( 'NONE', ( #2930, #8816, #10315, #4353 ) ) ;
#9771 = DIRECTION ( 'NONE',  ( 1.000000000000000000, 0.000000000000000000, 0.000000000000000000 ) ) ;
#9772 = LINE ( 'NONE', #11461, #2541 ) ;
#9773 = VECTOR ( 'NONE', #320, 1000.000000000000000 ) ;
#9774 = DIRECTION ( 'NONE',  ( -0.000000000000000000, -0.000000000000000000, -1.000000000000000000 ) ) ;
#9775 = EDGE_CURVE ( 'NONE', #5530, #853, #10361, .T. ) ;
#9776 = CARTESIAN_POINT ( 'NONE',  ( -7.766504759364324606, -8.211567639074671021, 1.912499999999999645 ) ) ;
#9777 = PLANE ( 'NONE',  #5807 ) ;
#9778 = ORIENTED_EDGE ( 'NONE', *, *, #8027, .T. ) ;
#9779 = PLANE ( 'NONE',  #12433 ) ;
#9780 = DIRECTION ( 'NONE',  ( -0.000000000000000000, -0.000000000000000000, -1.000000000000000000 ) ) ;
#9781 = ORIENTED_EDGE ( 'NONE', *, *, #1391, .F. ) ;
#9782 = CARTESIAN_POINT ( 'NONE',  ( -22.94587571363852874, 9.515804525069352593, 2.014121164605829239 ) ) ;
#9783 = EDGE_CURVE ( 'NONE', #2105, #867, #4416, .T. ) ;
#9784 = B_SPLINE_CURVE_WITH_KNOTS ( 'NONE', 3,
 ( #5408, #6246, #474, #4417 ),
 .UNSPECIFIED., .F., .F.,
 ( 4, 4 ),
 ( 0.000000000000000000, 1.000000000000000000 ),
 .UNSPECIFIED. ) ;
#9785 = ORIENTED_EDGE ( 'NONE', *, *, #5628, .T. ) ;
#9786 = VERTEX_POINT ( 'NONE', #9692 ) ;
#9787 = CARTESIAN_POINT ( 'NONE',  ( 16.74702004040473113, -12.10421909368450066, 1.275000000000000133 ) ) ;
#9788 = LINE ( 'NONE', #3075, #12447 ) ;
#9789 = DIRECTION ( 'NONE',  ( 1.000000000000000000, 0.000000000000000000, 0.000000000000000000 ) ) ;
#9790 = LINE ( 'NONE', #5876, #1644 ) ;
#9791 = CARTESIAN_POINT ( 'NONE',  ( 25.20060078739436094, -11.00816605772181234, -2.951552217187884963 ) ) ;
#9792 = EDGE_CURVE ( 'NONE', #5530, #6798, #4405, .T. ) ;
#9793 = PLANE ( 'NONE',  #2605 ) ;
#9794 = EDGE_CURVE ( 'NONE', #2843, #5451, #1580, .T. ) ;
#9795 = EDGE_CURVE ( 'NONE', #2041, #1145, #7101, .T. ) ;
#9796 = ORIENTED_EDGE ( 'NONE', *, *, #9467, .T. ) ;
#9797 = EDGE_CURVE ( 'NONE', #5349, #3938, #4754, .T. ) ;
#9798 = ORIENTED_EDGE ( 'NONE', *, *, #9751, .T. ) ;
#9799 = LINE ( 'NONE', #3930, #8455 ) ;
#9800 = LINE ( 'NONE', #3617, #2428 ) ;
#9801 = DIRECTION ( 'NONE',  ( 0.000000000000000000, 0.000000000000000000, 1.000000000000000000 ) ) ;
#9802 = DIRECTION ( 'NONE',  ( -0.000000000000000000, -0.000000000000000000, 1.000000000000000000 ) ) ;
#9803 = PLANE ( 'NONE',  #9719 ) ;
#9804 = CARTESIAN_POINT ( 'NONE',  ( -19.73771211221854571, 13.50472070242359557, 202.5000000000000000 ) ) ;
#9805 = VERTEX_POINT ( 'NONE', #800 ) ;
#9806 = ORIENTED_EDGE ( 'NONE', *, *, #7216, .F. ) ;
#9807 = VECTOR ( 'NONE', #4490, 1000.000000000000000 ) ;
#9808 = EDGE_LOOP ( 'NONE', ( #7981, #1075, #10330, #8644, #12751, #2733, #11426, #9206, #2060, #6947, #6132, #7490, #4778, #4863, #3757, #12802, #11521, #632, #1759, #4488, #12757, #3099, #1739, #1005, #2699, #1419, #3644, #785, #12364, #9744, #3439, #6495, #10371, #7691, #2002, #2125, #4213, #7384, #11395, #9232, #7123, #5758, #3124, #7656, #9659, #6625, #3722, #923 ) ) ;
#9809 = CARTESIAN_POINT ( 'NONE',  ( 27.49999999999999645, 0.000000000000000000, -6.000000000000000000 ) ) ;
#9810 = ADVANCED_FACE ( 'NONE', ( #1651 ), #2683, .T. ) ;
#9811 = ORIENTED_EDGE ( 'NONE', *, *, #1513, .T. ) ;
#9812 = LINE ( 'NONE', #12790, #3678 ) ;
#9813 = EDGE_CURVE ( 'NONE', #5825, #1468, #3514, .T. ) ;
#9814 =( BOUNDED_SURFACE ( )  B_SPLINE_SURFACE ( 3, 2, ( 
 ( #10577, #4650, #11544 ),
 ( #7700, #4504, #4709 ),
 ( #8477, #12454, #8681 ),
 ( #11479, #3538, #8619 ),
 ( #7500, #10699, #1679 ),
 ( #5625, #7566, #9596 ),
 ( #12586, #3665, #7630 ),
 ( #11610, #2709, #6668 ),
 ( #10640, #1742, #12654 ),
 ( #3733, #11675, #2766 ),
 ( #6726, #8798, #3788 ),
 ( #9049, #7810, #2821 ),
 ( #4032, #11860, #7038 ),
 ( #1979, #3974, #6963 ),
 ( #9908, #6781, #2949 ),
 ( #4839, #11735, #1920 ),
 ( #7754, #6058, #10759 ),
 ( #11795, #5872, #944 ) ),
 .UNSPECIFIED., .F., .F., .T. ) 
 B_SPLINE_SURFACE_WITH_KNOTS ( ( 4, 2, 2, 2, 2, 2, 2, 2, 4 ),
 ( 3, 3 ),
 ( 1.734723475976807094E-18, 0.006249933274492165160, 0.007812416593115205365, 0.009374899911738246439, 0.01249986654898432858, 0.01562483318623041073, 0.01718731650485345180, 0.01874979982347649288, 0.02499973309796865717 ),
 ( 0.000000000000000000, 1.000000000000000000 ),
 .UNSPECIFIED. ) 
 GEOMETRIC_REPRESENTATION_ITEM ( )  RATIONAL_B_SPLINE_SURFACE ( (
 ( 1.000000000000000000, 0.6899199677798274477, 1.000000000000000000),
 ( 1.000000000000000000, 0.6944661213956168089, 1.000000000000000000),
 ( 1.000000000000000000, 0.6983583520810728862, 1.000000000000000000),
 ( 1.000000000000000000, 0.7022632771832829635, 1.000000000000000000),
 ( 1.000000000000000000, 0.7029962527327704436, 1.000000000000000000),
 ( 1.000000000000000000, 0.7043624993142540980, 1.000000000000000000),
 ( 1.000000000000000000, 0.7049976314784437426, 1.000000000000000000),
 ( 1.000000000000000000, 0.7067317264123341713, 1.000000000000000000),
 ( 1.000000000000000000, 0.7076596388305134155, 1.000000000000000000),
 ( 1.000000000000000000, 0.7090779321056821516, 1.000000000000000000),
 ( 1.000000000000000000, 0.7095682672986175499, 1.000000000000000000),
 ( 1.000000000000000000, 0.7099872090669769875, 1.000000000000000000),
 ( 1.000000000000000000, 0.7100740751560492559, 1.000000000000000000),
 ( 1.000000000000000000, 0.7101439885531737328, 1.000000000000000000),
 ( 1.000000000000000000, 0.7101266209000400842, 1.000000000000000000),
 ( 1.000000000000000000, 0.7097918650112765571, 1.000000000000000000),
 ( 1.000000000000000000, 0.7087361877983711089, 1.000000000000000000),
 ( 1.000000000000000000, 0.7071067811865463515, 1.000000000000000000) ) ) 
 REPRESENTATION_ITEM ( '' )  SURFACE ( )  );
#9815 = VECTOR ( 'NONE', #4147, 1000.000000000000000 ) ;
#9816 = CARTESIAN_POINT ( 'NONE',  ( -1.921773770931815672, 30.12831799411278411, 1.912499999999999645 ) ) ;
#9817 = PLANE ( 'NONE',  #7230 ) ;
#9818 = CARTESIAN_POINT ( 'NONE',  ( 50.20249806082289012, -2.916614897791856897, -1.275000000000000133 ) ) ;
#9819 = DIRECTION ( 'NONE',  ( 0.000000000000000000, -1.000000000000000000, 0.000000000000000000 ) ) ;
#9820 = ORIENTED_EDGE ( 'NONE', *, *, #1366, .F. ) ;
#9821 = CARTESIAN_POINT ( 'NONE',  ( 50.51804093466497392, -8.435600470204391854, 1.912499999999999645 ) ) ;
#9822 = SURFACE_STYLE_FILL_AREA ( #5849 ) ;
#9823 = ORIENTED_EDGE ( 'NONE', *, *, #2087, .F. ) ;
#9824 = ORIENTED_EDGE ( 'NONE', *, *, #12665, .T. ) ;
#9825 = DIRECTION ( 'NONE',  ( -0.2266987336236740147, 0.9739649296424499614, 0.000000000000000000 ) ) ;
#9826 = VECTOR ( 'NONE', #7968, 1000.000000000000114 ) ;
#9827 = ORIENTED_EDGE ( 'NONE', *, *, #11927, .F. ) ;
#9828 = VERTEX_POINT ( 'NONE', #3706 ) ;
#9829 = LINE ( 'NONE', #12455, #11051 ) ;
#9830 = CARTESIAN_POINT ( 'NONE',  ( 24.31749784111824653, -12.84219154790328332, 4.228812467929483176 ) ) ;
#9831 = DIRECTION ( 'NONE',  ( 1.000000000000000000, 0.000000000000000000, 0.000000000000000000 ) ) ;
#9832 = CARTESIAN_POINT ( 'NONE',  ( 27.25189491100861972, -3.725715171022588645, -2.227594986248940145 ) ) ;
#9833 = LINE ( 'NONE', #7986, #7457 ) ;
#9834 = AXIS2_PLACEMENT_3D ( 'NONE', #3465, #11088, #3267 ) ;
#9835 = ORIENTED_EDGE ( 'NONE', *, *, #4695, .F. ) ;
#9836 = CARTESIAN_POINT ( 'NONE',  ( -19.73771211221854571, 74.51861236923376453, -2.500000000000005329 ) ) ;
#9837 = LINE ( 'NONE', #8611, #4301 ) ;
#9838 = EDGE_LOOP ( 'NONE', ( #11566, #3389, #725, #1476 ) ) ;
#9839 = CARTESIAN_POINT ( 'NONE',  ( 19.89704661793386364, -5.511983562509625401, 1.275000000000000133 ) ) ;
#9840 = CARTESIAN_POINT ( 'NONE',  ( 12.44611278031711876, 6.218731314913454433, 0.5766211646058294615 ) ) ;
#9841 = EDGE_CURVE ( 'NONE', #11892, #10477, #7676, .T. ) ;
#9842 = VERTEX_POINT ( 'NONE', #8722 ) ;
#9843 = EDGE_LOOP ( 'NONE', ( #12617, #7708, #829, #12317 ) ) ;
#9844 = DIRECTION ( 'NONE',  ( -0.8468899888530684317, -0.5317681325356471422, 0.000000000000000000 ) ) ;
#9845 = CARTESIAN_POINT ( 'NONE',  ( 73.96491932761539090, 74.51861236923376453, -2.010878835394170228 ) ) ;
#9846 = DIRECTION ( 'NONE',  ( 1.000000000000000000, 0.000000000000000000, -0.000000000000000000 ) ) ;
#9847 = DIRECTION ( 'NONE',  ( -0.000000000000000000, -0.000000000000000000, -1.000000000000000000 ) ) ;
#9848 = DIRECTION ( 'NONE',  ( 0.8923663639513965684, 0.4513117242972573551, 0.000000000000000000 ) ) ;
#9850 = CARTESIAN_POINT ( 'NONE',  ( 24.60167922224733061, -12.30935145828625110, -3.103064508579613356 ) ) ;
#9849 = B_SPLINE_CURVE_WITH_KNOTS ( 'NONE', 3,
 ( #2864, #12380, #8478, #7741, #9528, #4438, #7794, #1479, #9394, #5489 ),
 .UNSPECIFIED., .F., .F.,
 ( 4, 2, 2, 2, 4 ),
 ( 0.000000000000000000, 0.006421992075778852442, 0.008027490094723564035, 0.009632988113668274760, 0.01284398415155770141 ),
 .UNSPECIFIED. ) ;
#9851 = CARTESIAN_POINT ( 'NONE',  ( 50.16957179191506100, -12.10421909368450066, 1.912499999999999645 ) ) ;
#9852 = AXIS2_PLACEMENT_3D ( 'NONE', #982, #11895, #8900 ) ;
#9853 = EDGE_CURVE ( 'NONE', #4199, #9009, #11453, .T. ) ;
#9854 = VERTEX_POINT ( 'NONE', #9500 ) ;
#9855 = VECTOR ( 'NONE', #12420, 999.9999999999998863 ) ;
#9856 = ORIENTED_EDGE ( 'NONE', *, *, #10626, .T. ) ;
#9857 = EDGE_LOOP ( 'NONE', ( #7590, #11179, #10783, #1835 ) ) ;
#9858 = EDGE_CURVE ( 'NONE', #5686, #5161, #9303, .T. ) ;
#9859 = DIRECTION ( 'NONE',  ( -0.000000000000000000, -0.000000000000000000, -1.000000000000000000 ) ) ;
#9860 = VECTOR ( 'NONE', #11867, 1000.000000000000000 ) ;
#9861 = VERTEX_POINT ( 'NONE', #604 ) ;
#9862 = EDGE_CURVE ( 'NONE', #2111, #9177, #10972, .T. ) ;
#9863 = CARTESIAN_POINT ( 'NONE',  ( 11.09498354161330980, -22.67002808068498965, -1.275000000000000133 ) ) ;
#9864 = EDGE_CURVE ( 'NONE', #12565, #11119, #7605, .T. ) ;
#9865 = CYLINDRICAL_SURFACE ( 'NONE', #8350, 2.000000000000000000 ) ;
#9866 = CARTESIAN_POINT ( 'NONE',  ( -6.254696157596316475, 30.12831799411278411, 1.912499999999999645 ) ) ;
#9867 = EDGE_CURVE ( 'NONE', #1145, #10370, #3477, .T. ) ;
#9868 = EDGE_CURVE ( 'NONE', #4363, #10134, #10622, .T. ) ;
#9869 = DIRECTION ( 'NONE',  ( -9.499231602880571395E-15, -1.000000000000000000, 0.000000000000000000 ) ) ;
#9870 = LINE ( 'NONE', #903, #1224 ) ;
#9871 = ORIENTED_EDGE ( 'NONE', *, *, #2967, .T. ) ;
#9872 = ORIENTED_EDGE ( 'NONE', *, *, #10256, .T. ) ;
#9873 = ORIENTED_EDGE ( 'NONE', *, *, #10019, .F. ) ;
#9874 = CARTESIAN_POINT ( 'NONE',  ( 3.747344086032916799, 4.827585529593822145, 2.014121164605829239 ) ) ;
#9875 = CARTESIAN_POINT ( 'NONE',  ( -27.51798726648088333, -0.4141286027595286190, -2.982021311448774803 ) ) ;
#9876 = CARTESIAN_POINT ( 'NONE',  ( 15.76756684101593819, -10.94380396979420844, 2.550000000000000266 ) ) ;
#9877 = DIRECTION ( 'NONE',  ( 0.000000000000000000, 0.000000000000000000, 1.000000000000000000 ) ) ;
#9878 = EDGE_CURVE ( 'NONE', #1252, #7026, #11713, .T. ) ;
#9879 = EDGE_CURVE ( 'NONE', #7588, #1618, #3642, .T. ) ;
#9880 = CARTESIAN_POINT ( 'NONE',  ( 19.30543496340549225, -10.94380396979420844, 2.550000000000000266 ) ) ;
#9881 = CARTESIAN_POINT ( 'NONE',  ( -5.459641893321363071, -10.94380396979420844, 2.550000000000000266 ) ) ;
#9882 = ORIENTED_EDGE ( 'NONE', *, *, #3015, .T. ) ;
#9883 = DIRECTION ( 'NONE',  ( 0.9892034623538693561, -0.1465486610894719821, 0.000000000000000000 ) ) ;
#9884 = DIRECTION ( 'NONE',  ( 1.000000000000000000, 0.000000000000000000, 0.000000000000000000 ) ) ;
#9885 = ORIENTED_EDGE ( 'NONE', *, *, #9878, .T. ) ;
#9886 = LINE ( 'NONE', #8964, #3854 ) ;
#9887 = EDGE_CURVE ( 'NONE', #3560, #3712, #10422, .T. ) ;
#9888 = VERTEX_POINT ( 'NONE', #9434 ) ;
#9889 = ORIENTED_EDGE ( 'NONE', *, *, #6523, .T. ) ;
#9890 = VECTOR ( 'NONE', #8673, 1000.000000000000000 ) ;
#9891 = PLANE ( 'NONE',  #4761 ) ;
#9892 = VERTEX_POINT ( 'NONE', #4481 ) ;
#9893 = LINE ( 'NONE', #2027, #7918 ) ;
#9894 = CARTESIAN_POINT ( 'NONE',  ( 24.65198417499435735, -12.20883135682654519, 4.152279903227674041 ) ) ;
#9895 = CARTESIAN_POINT ( 'NONE',  ( 2.927409999341250124, -10.94380396979420844, 2.550000000000000266 ) ) ;
#9896 = EDGE_CURVE ( 'NONE', #3244, #8130, #12493, .T. ) ;
#9897 = CARTESIAN_POINT ( 'NONE',  ( -27.50000000000000000, 1.369501866246042310, -2.868498318030737515 ) ) ;
#9898 = CARTESIAN_POINT ( 'NONE',  ( 2.927409999341250124, -12.10421909368450066, 2.550000000000000266 ) ) ;
#9899 = DIRECTION ( 'NONE',  ( 0.000000000000000000, -1.000000000000000000, 1.239506149960986985E-16 ) ) ;
#9900 = CARTESIAN_POINT ( 'NONE',  ( -14.06231303136081046, 14.36860075111488122, 1.151621164605829417 ) ) ;
#9901 = ORIENTED_EDGE ( 'NONE', *, *, #1877, .T. ) ;
#9902 = CARTESIAN_POINT ( 'NONE',  ( -29.04673649573542704, -0.9304981337539541819, 2.876621164605829506 ) ) ;
#9903 = CARTESIAN_POINT ( 'NONE',  ( 15.38045670213009863, 1.369501866246042310, -2.010878835394170228 ) ) ;
#9904 = AXIS2_PLACEMENT_3D ( 'NONE', #916, #3819, #4930 ) ;
#9905 = EDGE_CURVE ( 'NONE', #10897, #1961, #10990, .T. ) ;
#9906 = ORIENTED_EDGE ( 'NONE', *, *, #9868, .T. ) ;
#9907 = ORIENTED_EDGE ( 'NONE', *, *, #5015, .T. ) ;
#9908 = CARTESIAN_POINT ( 'NONE',  ( -25.49248615629324277, 7.287784999945407627, 2.596022439704720686 ) ) ;
#9909 = AXIS2_PLACEMENT_3D ( 'NONE', #8159, #6152, #12078 ) ;
#9910 = DIRECTION ( 'NONE',  ( 0.9486832980505108814, -0.3162277660168469895, 0.000000000000000000 ) ) ;
#9911 = CARTESIAN_POINT ( 'NONE',  ( 0.1909652267713530527, 30.12831799411278411, 2.550000000000000266 ) ) ;
#9912 = VECTOR ( 'NONE', #2593, 1000.000000000000114 ) ;
#9913 = DIRECTION ( 'NONE',  ( -0.000000000000000000, -0.000000000000000000, -1.000000000000000000 ) ) ;
#9914 = FACE_OUTER_BOUND ( 'NONE', #5392, .T. ) ;
#9915 = FACE_OUTER_BOUND ( 'NONE', #467, .T. ) ;
#9916 = CARTESIAN_POINT ( 'NONE',  ( -9.326495553566230612, -6.684310011826936737, -1.275000000000000133 ) ) ;
#9917 = ORIENTED_EDGE ( 'NONE', *, *, #1539, .F. ) ;
#9918 = AXIS2_PLACEMENT_3D ( 'NONE', #6418, #515, #6550 ) ;
#9919 = ORIENTED_EDGE ( 'NONE', *, *, #10177, .T. ) ;
#9920 = CARTESIAN_POINT ( 'NONE',  ( -19.73771211221854571, 1.369501866246042310, 2.868498318030765493 ) ) ;
#9921 = VECTOR ( 'NONE', #10111, 1000.000000000000000 ) ;
#9922 = LINE ( 'NONE', #9863, #1819 ) ;
#9923 = DIRECTION ( 'NONE',  ( 6.938893903907222067E-15, -1.000000000000000000, 0.000000000000000000 ) ) ;
#9924 = CARTESIAN_POINT ( 'NONE',  ( 20.74711447357025662, 32.92923719289844087, 1.275000000000000133 ) ) ;
#9925 = ADVANCED_FACE ( 'NONE', ( #12745 ), #9763, .T. ) ;
#9926 = CARTESIAN_POINT ( 'NONE',  ( 41.75140282482416154, -15.57031354152369929, 1.275000000000000133 ) ) ;
#9927 = CARTESIAN_POINT ( 'NONE',  ( 1.161392628692404339, 22.98470660410501054, 2.500000000000005329 ) ) ;
#9928 = ORIENTED_EDGE ( 'NONE', *, *, #9561, .F. ) ;
#9929 = VERTEX_POINT ( 'NONE', #4934 ) ;
#9930 = ORIENTED_EDGE ( 'NONE', *, *, #10524, .T. ) ;
#9931 = VECTOR ( 'NONE', #12503, 1000.000000000000000 ) ;
#9932 = CIRCLE ( 'NONE', #3890, 0.9999999999999994449 ) ;
#9933 = CARTESIAN_POINT ( 'NONE',  ( -4.853596481675247709, -2.640139567791554231, 1.275000000000000133 ) ) ;
#9934 = AXIS2_PLACEMENT_3D ( 'NONE', #10876, #937, #11852 ) ;
#9935 = EDGE_CURVE ( 'NONE', #202, #8607, #6817, .T. ) ;
#9936 = EDGE_CURVE ( 'NONE', #12517, #2172, #1108, .T. ) ;
#9937 = ORIENTED_EDGE ( 'NONE', *, *, #10514, .T. ) ;
#9938 = CARTESIAN_POINT ( 'NONE',  ( -27.37806015210619393, -2.643586973016066377, -2.141318348064905841 ) ) ;
#9939 = VECTOR ( 'NONE', #6099, 999.9999999999998863 ) ;
#9940 = VECTOR ( 'NONE', #3158, 1000.000000000000000 ) ;
#9941 = CARTESIAN_POINT ( 'NONE',  ( 9.895004820617472774, 27.61115755840636155, 1.275000000000000133 ) ) ;
#9942 = VECTOR ( 'NONE', #4380, 999.9999999999998863 ) ;
#9943 = DIRECTION ( 'NONE',  ( -0.8160244811016579281, -0.5780173407803349539, 0.000000000000000000 ) ) ;
#9944 = VECTOR ( 'NONE', #5593, 1000.000000000000000 ) ;
#9945 = CARTESIAN_POINT ( 'NONE',  ( -21.33587571363853996, 9.957763227156871011, 2.014121164605829239 ) ) ;
#9946 = LINE ( 'NONE', #66, #2490 ) ;
#9947 = VECTOR ( 'NONE', #5246, 1000.000000000000000 ) ;
#9948 = VECTOR ( 'NONE', #948, 1000.000000000000000 ) ;
#9949 = ORIENTED_EDGE ( 'NONE', *, *, #8493, .F. ) ;
#9950 = VERTEX_POINT ( 'NONE', #10011 ) ;
#9951 = CARTESIAN_POINT ( 'NONE',  ( 20.61675061128899955, -12.10421909368450066, 2.550000000000000266 ) ) ;
#9952 = CARTESIAN_POINT ( 'NONE',  ( -12.53537813810046941, -10.94380396979420844, 2.550000000000000266 ) ) ;
#9953 = ADVANCED_FACE ( 'NONE', ( #1956 ), #8899, .T. ) ;
#9954 = ORIENTED_EDGE ( 'NONE', *, *, #1089, .F. ) ;
#9955 = LINE ( 'NONE', #4142, #11338 ) ;
#9956 = VECTOR ( 'NONE', #2786, 1000.000000000000000 ) ;
#9957 = ADVANCED_FACE ( 'NONE', ( #3046 ), #10861, .T. ) ;
#9958 = ORIENTED_EDGE ( 'NONE', *, *, #7063, .T. ) ;
#9959 = EDGE_CURVE ( 'NONE', #2852, #3783, #10799, .T. ) ;
#9960 = VECTOR ( 'NONE', #5475, 1000.000000000000000 ) ;
#9961 = CARTESIAN_POINT ( 'NONE',  ( -19.73771211221855992, 11.72940970132443894, 2.014121164605829239 ) ) ;
#9962 = EDGE_LOOP ( 'NONE', ( #9442, #5652, #1851 ) ) ;
#9963 = CARTESIAN_POINT ( 'NONE',  ( 5.153962473847291115, 30.12831799411278411, 2.550000000000000266 ) ) ;
#9964 = CARTESIAN_POINT ( 'NONE',  ( 83.42711248289536741, 40.04903204861892618, 2.014121164605829239 ) ) ;
#9965 = FACE_OUTER_BOUND ( 'NONE', #882, .T. ) ;
#9966 = EDGE_CURVE ( 'NONE', #8953, #8537, #5002, .T. ) ;
#9967 = CARTESIAN_POINT ( 'NONE',  ( 1.616094351457737499, -12.10421909368450066, -1.912499999999999645 ) ) ;
#9968 = CARTESIAN_POINT ( 'NONE',  ( 8.852410331654466447, 7.264001408762807088, 0.5766211646058294615 ) ) ;
#9969 = CARTESIAN_POINT ( 'NONE',  ( -0.8386073713075956615, 22.98470660410501054, 2.500000000000005329 ) ) ;
#9970 = LINE ( 'NONE', #1068, #6394 ) ;
#9971 = ORIENTED_EDGE ( 'NONE', *, *, #2250, .F. ) ;
#9972 = AXIS2_PLACEMENT_3D ( 'NONE', #3183, #7277, #3369 ) ;
#9973 = FACE_OUTER_BOUND ( 'NONE', #283, .T. ) ;
#9974 = AXIS2_PLACEMENT_3D ( 'NONE', #272, #6297, #8234 ) ;
#9975 = DIRECTION ( 'NONE',  ( 0.8351708648198777896, 0.5499905695155301588, 0.000000000000000000 ) ) ;
#9976 = EDGE_CURVE ( 'NONE', #572, #5715, #1897, .T. ) ;
#9977 = VERTEX_POINT ( 'NONE', #2085 ) ;
#9978 = ORIENTED_EDGE ( 'NONE', *, *, #826, .F. ) ;
#9979 = CARTESIAN_POINT ( 'NONE',  ( -24.26470588235293846, -12.94117647058824438, -3.176635312041688142 ) ) ;
#9980 = PLANE ( 'NONE',  #6206 ) ;
#9981 = CARTESIAN_POINT ( 'NONE',  ( 50.01465487017515699, -9.065663206091183923, -1.275000000000000133 ) ) ;
#9982 = ADVANCED_FACE ( 'NONE', ( #5848 ), #2985, .T. ) ;
#9983 = DIRECTION ( 'NONE',  ( -0.7408333365801926806, 0.6716888918327136304, 0.000000000000000000 ) ) ;
#9984 = DIRECTION ( 'NONE',  ( -0.000000000000000000, 0.000000000000000000, -1.000000000000000000 ) ) ;
#9985 = DIRECTION ( 'NONE',  ( 0.000000000000000000, 6.197530749804934925E-17, 1.000000000000000000 ) ) ;
#9986 = CARTESIAN_POINT ( 'NONE',  ( 15.76756684101593819, -10.94380396979420844, -2.550000000000000266 ) ) ;
#9987 = ORIENTED_EDGE ( 'NONE', *, *, #2668, .T. ) ;
#9988 = ORIENTED_EDGE ( 'NONE', *, *, #1710, .F. ) ;
#9989 = VERTEX_POINT ( 'NONE', #981 ) ;
#9990 = ORIENTED_EDGE ( 'NONE', *, *, #328, .F. ) ;
#9991 = CARTESIAN_POINT ( 'NONE',  ( 22.80071311932021416, 13.50472070242323852, -1.499999999999996891 ) ) ;
#9992 = DIRECTION ( 'NONE',  ( -1.000000000000000000, 0.000000000000000000, -0.000000000000000000 ) ) ;
#9993 = PLANE ( 'NONE',  #4189 ) ;
#9994 = DIRECTION ( 'NONE',  ( -0.9994059993535876485, 0.03446227583977478498, 0.000000000000000000 ) ) ;
#9995 = CARTESIAN_POINT ( 'NONE',  ( -8.997510015710910025, -12.10421909368450066, 2.550000000000000266 ) ) ;
#9996 = EDGE_LOOP ( 'NONE', ( #2706, #19, #3320, #7455, #7726, #3971, #6869, #7375, #6144, #3825, #10919, #12739, #3503, #4077, #5091, #5427, #6677, #8521, #12608, #2228, #10995, #9544, #2757, #5468 ) ) ;
#9997 = ORIENTED_EDGE ( 'NONE', *, *, #3246, .F. ) ;
#9998 = EDGE_LOOP ( 'NONE', ( #6868, #1036, #2300, #288 ) ) ;
#9999 = DIRECTION ( 'NONE',  ( 1.000000000000000000, 0.000000000000000000, 0.000000000000000000 ) ) ;
#10000 = EDGE_CURVE ( 'NONE', #3534, #10541, #7853, .T. ) ;
#10001 = EDGE_LOOP ( 'NONE', ( #11641, #883, #8980, #9189 ) ) ;
#10002 = CARTESIAN_POINT ( 'NONE',  ( -24.71841007892448872, 9.796474468603612706, -2.524515209022225370 ) ) ;
#10003 = DIRECTION ( 'NONE',  ( -0.000000000000000000, -0.000000000000000000, -1.000000000000000000 ) ) ;
#10004 = LINE ( 'NONE', #125, #1024 ) ;
#10005 = VECTOR ( 'NONE', #4210, 1000.000000000000000 ) ;
#10006 = DIRECTION ( 'NONE',  ( -6.938893903907222067E-15, -1.000000000000000000, 0.000000000000000000 ) ) ;
#10007 = FACE_OUTER_BOUND ( 'NONE', #1554, .T. ) ;
#10008 = PLANE ( 'NONE',  #9767 ) ;
#10009 = EDGE_CURVE ( 'NONE', #8679, #4255, #5970, .T. ) ;
#10010 = ORIENTED_EDGE ( 'NONE', *, *, #11704, .T. ) ;
#10011 = CARTESIAN_POINT ( 'NONE',  ( 7.943549333305202076, -19.98267288438036715, -2.550000000000000266 ) ) ;
#10012 = ORIENTED_EDGE ( 'NONE', *, *, #9205, .T. ) ;
#10013 = LINE ( 'NONE', #11839, #6349 ) ;
#10014 = B_SPLINE_CURVE_WITH_KNOTS ( 'NONE', 3,
 ( #7538, #11449, #2549, #11581, #10484, #10547, #11381, #4619, #8589, #5463, #9432, #9498, #602, #9690, #6702, #4557, #8650, #8526 ),
 .UNSPECIFIED., .F., .F.,
 ( 4, 2, 2, 2, 2, 2, 2, 2, 4 ),
 ( 0.000000000000000000, 0.006251361762603681142, 0.007814202203254601645, 0.009377042643905524749, 0.01250272352520736402, 0.01562840440650920329, 0.01719124484716012813, 0.01875408528781104950, 0.02500544705041473498 ),
 .UNSPECIFIED. ) ;
#10015 = VERTEX_POINT ( 'NONE', #2923 ) ;
#10016 = ORIENTED_EDGE ( 'NONE', *, *, #508, .T. ) ;
#10017 = VECTOR ( 'NONE', #11115, 1000.000000000000000 ) ;
#10018 = CARTESIAN_POINT ( 'NONE',  ( 24.16062842721541060, -23.08998150597378185, 1.275000000000000133 ) ) ;
#10019 = EDGE_CURVE ( 'NONE', #10218, #11473, #7913, .T. ) ;
#10020 = ORIENTED_EDGE ( 'NONE', *, *, #767, .T. ) ;
#10021 = LINE ( 'NONE', #9963, #10447 ) ;
#10022 = DIRECTION ( 'NONE',  ( 0.4472135954999579832, 0.8944271909999159664, -0.000000000000000000 ) ) ;
#10023 = FACE_OUTER_BOUND ( 'NONE', #10265, .T. ) ;
#10024 = DIRECTION ( 'NONE',  ( 0.3576472666070511508, 0.9338567516961607806, 0.000000000000000000 ) ) ;
#10025 = EDGE_CURVE ( 'NONE', #12363, #11014, #4071, .T. ) ;
#10026 = EDGE_CURVE ( 'NONE', #11841, #8639, #6943, .T. ) ;
#10027 = ORIENTED_EDGE ( 'NONE', *, *, #9223, .F. ) ;
#10028 = EDGE_CURVE ( 'NONE', #6799, #2329, #5537, .T. ) ;
#10029 = DIRECTION ( 'NONE',  ( -0.000000000000000000, -0.000000000000000000, -1.000000000000000000 ) ) ;
#10030 = CARTESIAN_POINT ( 'NONE',  ( 22.69369578148049271, -10.48790597677222891, -3.944330564366045344 ) ) ;
#10031 = AXIS2_PLACEMENT_3D ( 'NONE', #9148, #4391, #3285 ) ;
#10032 = ORIENTED_EDGE ( 'NONE', *, *, #3736, .T. ) ;
#10033 = FACE_OUTER_BOUND ( 'NONE', #10139, .T. ) ;
#10034 = DIRECTION ( 'NONE',  ( -0.7412984093202953373, -0.6711755868170415917, 0.000000000000000000 ) ) ;
#10035 = ORIENTED_EDGE ( 'NONE', *, *, #8493, .T. ) ;
#10036 = B_SPLINE_CURVE_WITH_KNOTS ( 'NONE', 3,
 ( #329, #5322, #10413, #2542, #9426, #7395, #4341, #2280, #10210, #7271 ),
 .UNSPECIFIED., .F., .F.,
 ( 4, 2, 2, 2, 4 ),
 ( 0.000000000000000000, 0.005654231751879412043, 0.008481347627819119800, 0.009894905565788970209, 0.01130846350375882235 ),
 .UNSPECIFIED. ) ;
#10037 = VERTEX_POINT ( 'NONE', #7136 ) ;
#10038 = AXIS2_PLACEMENT_3D ( 'NONE', #7756, #5820, #9789 ) ;
#10039 = EDGE_LOOP ( 'NONE', ( #5584, #1060, #10406, #3581 ) ) ;
#10040 = CARTESIAN_POINT ( 'NONE',  ( 57.91757798137906832, 17.78890072941083389, -1.275000000000000133 ) ) ;
#10041 = CARTESIAN_POINT ( 'NONE',  ( 7.220177707534483957, 7.254566538103149220, 1.151621164605829417 ) ) ;
#10042 = CARTESIAN_POINT ( 'NONE',  ( 9.542210110286795555, 7.320610632720728539, 0.5766211646058294615 ) ) ;
#10043 = DIRECTION ( 'NONE',  ( 0.6716888918327137414, 0.7408333365801927917, -0.000000000000000000 ) ) ;
#10044 = CARTESIAN_POINT ( 'NONE',  ( 23.25884161520421500, -23.69314235930890078, -1.912499999999999645 ) ) ;
#10045 = CARTESIAN_POINT ( 'NONE',  ( 7.778567954915653893, 7.418851652863123647, 1.275000000000000133 ) ) ;
#10046 = CARTESIAN_POINT ( 'NONE',  ( 29.68522333148969494, 34.80018694122726686, 1.275000000000000133 ) ) ;
#10047 = ORIENTED_EDGE ( 'NONE', *, *, #1282, .T. ) ;
#10048 = EDGE_CURVE ( 'NONE', #4059, #5447, #11107, .T. ) ;
#10049 = ORIENTED_EDGE ( 'NONE', *, *, #3828, .F. ) ;
#10050 = ORIENTED_EDGE ( 'NONE', *, *, #5648, .T. ) ;
#10051 = ORIENTED_EDGE ( 'NONE', *, *, #734, .F. ) ;
#10052 = DIRECTION ( 'NONE',  ( 0.2631174057920981357, -0.9647638212377350753, 0.000000000000000000 ) ) ;
#10053 = CARTESIAN_POINT ( 'NONE',  ( 6.070177707534485378, 6.104566538103151530, 0.5766211646058294615 ) ) ;
#10054 = DIRECTION ( 'NONE',  ( -1.000000000000000000, -0.000000000000000000, -0.000000000000000000 ) ) ;
#10055 = FACE_OUTER_BOUND ( 'NONE', #8327, .T. ) ;
#10056 = DIRECTION ( 'NONE',  ( -0.000000000000000000, -0.000000000000000000, -1.000000000000000000 ) ) ;
#10057 = CARTESIAN_POINT ( 'NONE',  ( -16.50000000000000355, -26.38003686660402636, -5.864668395365351117 ) ) ;
#10058 = ORIENTED_EDGE ( 'NONE', *, *, #6613, .T. ) ;
#10059 = ORIENTED_EDGE ( 'NONE', *, *, #10000, .F. ) ;
#10060 = EDGE_LOOP ( 'NONE', ( #2464, #2820, #985, #10681 ) ) ;
#10061 = CARTESIAN_POINT ( 'NONE',  ( -10.83123732615211665, -5.988693731774436202, 1.275000000000000133 ) ) ;
#10062 = VECTOR ( 'NONE', #9234, 1000.000000000000000 ) ;
#10063 = ORIENTED_EDGE ( 'NONE', *, *, #10764, .F. ) ;
#10064 = CARTESIAN_POINT ( 'NONE',  ( -27.25413850431052865, 3.828081653873423917, -1.737146739850160992 ) ) ;
#10065 = VECTOR ( 'NONE', #12555, 1000.000000000000000 ) ;
#10066 = DIRECTION ( 'NONE',  ( 0.4472135954999579832, 0.8944271909999159664, -0.000000000000000000 ) ) ;
#10067 = FACE_OUTER_BOUND ( 'NONE', #3236, .T. ) ;
#10068 = CARTESIAN_POINT ( 'NONE',  ( 20.53593437477012174, 43.41236235352887718, -1.275000000000000133 ) ) ;
#10069 = CARTESIAN_POINT ( 'NONE',  ( -7.686194367827409835, -12.10421909368450066, 2.550000000000000266 ) ) ;
#10070 = ORIENTED_EDGE ( 'NONE', *, *, #12499, .F. ) ;
#10071 = PLANE ( 'NONE',  #10791 ) ;
#10072 = ORIENTED_EDGE ( 'NONE', *, *, #8004, .F. ) ;
#10073 = DIRECTION ( 'NONE',  ( 0.000000000000000000, -0.000000000000000000, -1.000000000000000000 ) ) ;
#10074 = ORIENTED_EDGE ( 'NONE', *, *, #1134, .F. ) ;
#10075 = CARTESIAN_POINT ( 'NONE',  ( -0.8386073713075956615, 22.98470660410501054, -2.499999999999997335 ) ) ;
#10076 = LINE ( 'NONE', #11843, #7030 ) ;
#10077 = CARTESIAN_POINT ( 'NONE',  ( 10.27357430557349360, -7.951944851215532850, 1.912499999999999645 ) ) ;
#10078 = VERTEX_POINT ( 'NONE', #4336 ) ;
#10079 = DIRECTION ( 'NONE',  ( -0.9958932064676991880, 0.09053574604257078051, 0.000000000000000000 ) ) ;
#10080 = CARTESIAN_POINT ( 'NONE',  ( 23.70707270429329938, -11.74177554606091611, 4.095842855935726945 ) ) ;
#10081 = CARTESIAN_POINT ( 'NONE',  ( 25.12482837123209478, -8.573094607601905892, -3.712952863229753042 ) ) ;
#10082 = DIRECTION ( 'NONE',  ( 0.9632913238286716640, -0.2684582377883105719, 0.000000000000000000 ) ) ;
#10083 = EDGE_CURVE ( 'NONE', #6823, #3101, #7265, .T. ) ;
#10084 = ORIENTED_EDGE ( 'NONE', *, *, #7473, .F. ) ;
#10085 = DIRECTION ( 'NONE',  ( 1.000000000000000000, 0.000000000000000000, -0.000000000000000000 ) ) ;
#10086 = CARTESIAN_POINT ( 'NONE',  ( 25.96149207084608079, -9.266284860042626192, 2.748724540610675060 ) ) ;
#10087 = ORIENTED_EDGE ( 'NONE', *, *, #9959, .F. ) ;
#10088 = LINE ( 'NONE', #9112, #1598 ) ;
#10089 = LINE ( 'NONE', #224, #3275 ) ;
#10090 = CIRCLE ( 'NONE', #4477, 2.999999999999999112 ) ;
#10091 = EDGE_CURVE ( 'NONE', #867, #3673, #8165, .T. ) ;
#10092 = EDGE_CURVE ( 'NONE', #5477, #7169, #6094, .T. ) ;
#10093 = VERTEX_POINT ( 'NONE', #11046 ) ;
#10094 = VERTEX_POINT ( 'NONE', #3118 ) ;
#10095 = CARTESIAN_POINT ( 'NONE',  ( -29.04673649573542704, -0.9304981337539541819, -2.873378835394170494 ) ) ;
#10096 = FACE_OUTER_BOUND ( 'NONE', #7721, .T. ) ;
#10097 = DIRECTION ( 'NONE',  ( -0.9863939238321445258, -0.1643989873053521567, 0.000000000000000000 ) ) ;
#10098 = VECTOR ( 'NONE', #2802, 999.9999999999998863 ) ;
#10099 = CYLINDRICAL_SURFACE ( 'NONE', #3496, 5.000000000000001776 ) ;
#10100 = FACE_OUTER_BOUND ( 'NONE', #11171, .T. ) ;
#10101 = DIRECTION ( 'NONE',  ( 0.1713411747512361971, 0.9852117548196764885, -0.000000000000000000 ) ) ;
#10102 = DIRECTION ( 'NONE',  ( 0.000000000000000000, 0.000000000000000000, 1.000000000000000000 ) ) ;
#10103 = ADVANCED_FACE ( 'NONE', ( #4197 ), #12213, .T. ) ;
#10104 = ORIENTED_EDGE ( 'NONE', *, *, #2398, .T. ) ;
#10105 = EDGE_LOOP ( 'NONE', ( #8028, #4604, #2756, #8997 ) ) ;
#10106 = EDGE_CURVE ( 'NONE', #11224, #12341, #7074, .T. ) ;
#10107 = ORIENTED_EDGE ( 'NONE', *, *, #1134, .T. ) ;
#10108 = VERTEX_POINT ( 'NONE', #11240 ) ;
#10109 = VECTOR ( 'NONE', #380, 1000.000000000000000 ) ;
#10110 = CARTESIAN_POINT ( 'NONE',  ( 14.03200173286611019, 74.51861236923382137, 2.876621164605829506 ) ) ;
#10111 = DIRECTION ( 'NONE',  ( 0.3162277660168223981, -0.9486832980505189861, 0.000000000000000000 ) ) ;
#10112 = LINE ( 'NONE', #7115, #4529 ) ;
#10113 = DIRECTION ( 'NONE',  ( 0.6166619752643671681, 0.7872280535289942760, 0.000000000000000000 ) ) ;
#10114 = CARTESIAN_POINT ( 'NONE',  ( 13.56088393414755444, -2.702672906033060318, -1.275000000000000133 ) ) ;
#10115 = ADVANCED_FACE ( 'NONE', ( #8110 ), #9277, .F. ) ;
#10116 = CARTESIAN_POINT ( 'NONE',  ( -26.38728604676153822, 2.708031794213788590, -2.788950318331193667 ) ) ;
#10117 = DIRECTION ( 'NONE',  ( 0.9852117548196764885, -0.1713411747512362249, 0.000000000000000000 ) ) ;
#10118 = ORIENTED_EDGE ( 'NONE', *, *, #1522, .F. ) ;
#10119 = ORIENTED_EDGE ( 'NONE', *, *, #4467, .F. ) ;
#10120 = ORIENTED_EDGE ( 'NONE', *, *, #10729, .F. ) ;
#10121 = CARTESIAN_POINT ( 'NONE',  ( -8.508444543210325506, -7.493064987974238811, -1.275000000000000133 ) ) ;
#10122 = VECTOR ( 'NONE', #9613, 1000.000000000000114 ) ;
#10123 = VECTOR ( 'NONE', #510, 1000.000000000000000 ) ;
#10124 = ADVANCED_FACE ( 'NONE', ( #12283 ), #3356, .F. ) ;
#10125 = ORIENTED_EDGE ( 'NONE', *, *, #2869, .F. ) ;
#10126 = CARTESIAN_POINT ( 'NONE',  ( 20.69936689928072227, -3.332228461859311874, -1.275000000000000133 ) ) ;
#10127 = LINE ( 'NONE', #8955, #62 ) ;
#10128 = LINE ( 'NONE', #1236, #8670 ) ;
#10129 = CIRCLE ( 'NONE', #6608, 4.000000000000000000 ) ;
#10130 = LINE ( 'NONE', #7069, #3253 ) ;
#10131 = CARTESIAN_POINT ( 'NONE',  ( 5.587945083414529002, 7.254566538103156326, 1.151621164605829417 ) ) ;
#10132 = ORIENTED_EDGE ( 'NONE', *, *, #8346, .T. ) ;
#10133 = DIRECTION ( 'NONE',  ( 0.7592566023652974616, 0.6507913734559673813, 0.000000000000000000 ) ) ;
#10134 = VERTEX_POINT ( 'NONE', #6159 ) ;
#10135 = VECTOR ( 'NONE', #7694, 1000.000000000000114 ) ;
#10136 = VECTOR ( 'NONE', #2875, 1000.000000000000000 ) ;
#10137 = EDGE_CURVE ( 'NONE', #6442, #572, #5252, .T. ) ;
#10138 = DIRECTION ( 'NONE',  ( -0.9486832980505108814, 0.3162277660168469895, 0.000000000000000000 ) ) ;
#10139 = EDGE_LOOP ( 'NONE', ( #8520, #7722, #4313, #10507 ) ) ;
#10140 = UNCERTAINTY_MEASURE_WITH_UNIT (LENGTH_MEASURE( 1.000000000000000082E-05 ), #1528, 'distance_accuracy_value', 'NONE');
#10141 = FACE_OUTER_BOUND ( 'NONE', #4657, .T. ) ;
#10142 = EDGE_CURVE ( 'NONE', #9768, #12357, #7328, .T. ) ;
#10143 = AXIS2_PLACEMENT_3D ( 'NONE', #2517, #12525, #3607 ) ;
#10144 = VECTOR ( 'NONE', #8698, 1000.000000000000114 ) ;
#10145 = VECTOR ( 'NONE', #12500, 1000.000000000000000 ) ;
#10146 = VECTOR ( 'NONE', #12524, 1000.000000000000000 ) ;
#10147 = LINE ( 'NONE', #6162, #6194 ) ;
#10148 = FACE_OUTER_BOUND ( 'NONE', #2447, .T. ) ;
#10149 = AXIS2_PLACEMENT_3D ( 'NONE', #587, #10408, #12343 ) ;
#10150 = VERTEX_POINT ( 'NONE', #11300 ) ;
#10151 = AXIS2_PLACEMENT_3D ( 'NONE', #3637, #8442, #2613 ) ;
#10152 = CIRCLE ( 'NONE', #3704, 1.000000000000000888 ) ;
#10153 = CARTESIAN_POINT ( 'NONE',  ( -8.508444543210325506, -7.493064987974238811, 1.275000000000000133 ) ) ;
#10154 = CARTESIAN_POINT ( 'NONE',  ( 11.29611278031712018, 7.368731314913460118, 0.5766211646058294615 ) ) ;
#10155 = CARTESIAN_POINT ( 'NONE',  ( 42.47229939881162153, 34.45144358475992874, 1.275000000000000133 ) ) ;
#10156 = CARTESIAN_POINT ( 'NONE',  ( 9.511444474816499906, 9.289807388987380676, 0.5766211646058294615 ) ) ;
#10157 = EDGE_LOOP ( 'NONE', ( #9239, #11511, #11167, #4072 ) ) ;
#10158 = CARTESIAN_POINT ( 'NONE',  ( 32.87399844683026373, -21.75840204113997345, 1.912499999999999645 ) ) ;
#10159 = CARTESIAN_POINT ( 'NONE',  ( 27.49999999999999645, -0.4721703000901462666, 1.984828132688715607 ) ) ;
#10160 = ORIENTED_EDGE ( 'NONE', *, *, #6605, .F. ) ;
#10161 = VECTOR ( 'NONE', #9438, 1000.000000000000114 ) ;
#10162 = CARTESIAN_POINT ( 'NONE',  ( -0.6104581230483032694, 30.12831799411278411, 2.550000000000000266 ) ) ;
#10163 = PLANE ( 'NONE',  #4548 ) ;
#10164 = VECTOR ( 'NONE', #2174, 1000.000000000000000 ) ;
#10165 = ADVANCED_FACE ( 'NONE', ( #3170 ), #10333, .T. ) ;
#10166 = ORIENTED_EDGE ( 'NONE', *, *, #10091, .T. ) ;
#10167 = VERTEX_POINT ( 'NONE', #1433 ) ;
#10168 = LINE ( 'NONE', #11131, #4299 ) ;
#10169 = PLANE ( 'NONE',  #1242 ) ;
#10170 = LINE ( 'NONE', #6254, #3587 ) ;
#10171 = AXIS2_PLACEMENT_3D ( 'NONE', #1303, #4195, #8225 ) ;
#10172 = ORIENTED_EDGE ( 'NONE', *, *, #7890, .T. ) ;
#10173 = DIRECTION ( 'NONE',  ( -0.000000000000000000, -0.000000000000000000, -1.000000000000000000 ) ) ;
#10174 = PLANE ( 'NONE',  #10970 ) ;
#10175 = VECTOR ( 'NONE', #9124, 999.9999999999998863 ) ;
#10176 = CARTESIAN_POINT ( 'NONE',  ( 83.76737459837873701, 38.80949993093332040, 1.439121164605829506 ) ) ;
#10177 = EDGE_CURVE ( 'NONE', #2763, #9563, #5391, .T. ) ;
#10178 = CARTESIAN_POINT ( 'NONE',  ( 11.98081480428594858, -2.190413051146413270, -1.275000000000000133 ) ) ;
#10179 = AXIS2_PLACEMENT_3D ( 'NONE', #5227, #5293, #112 ) ;
#10180 = ORIENTED_EDGE ( 'NONE', *, *, #10594, .T. ) ;
#10181 = ORIENTED_EDGE ( 'NONE', *, *, #6528, .T. ) ;
#10182 = LINE ( 'NONE', #8203, #3067 ) ;
#10183 = CARTESIAN_POINT ( 'NONE',  ( 6.465278121730796634, 30.12831799411278411, 2.550000000000000266 ) ) ;
#10184 = ADVANCED_FACE ( 'NONE', ( #461 ), #11648, .T. ) ;
#10185 = PLANE ( 'NONE',  #11579 ) ;
#10186 = DIRECTION ( 'NONE',  ( -0.3772968873135180146, 0.9260923597695482901, 0.000000000000000000 ) ) ;
#10187 = CARTESIAN_POINT ( 'NONE',  ( -21.03859593103923231, 13.50472070242326517, -2.499999999999996891 ) ) ;
#10188 = DIRECTION ( 'NONE',  ( -0.000000000000000000, 0.000000000000000000, 1.000000000000000000 ) ) ;
#10189 = CARTESIAN_POINT ( 'NONE',  ( 13.56088393414755444, -2.702672906033060318, 1.275000000000000133 ) ) ;
#10190 = EDGE_CURVE ( 'NONE', #10167, #11082, #5513, .T. ) ;
#10191 = ORIENTED_EDGE ( 'NONE', *, *, #10025, .F. ) ;
#10192 = ADVANCED_FACE ( 'NONE', ( #4466 ), #8508, .F. ) ;
#10193 = ORIENTED_EDGE ( 'NONE', *, *, #3045, .T. ) ;
#10194 = ADVANCED_FACE ( 'NONE', ( #2463 ), #6425, .T. ) ;
#10195 = LINE ( 'NONE', #11285, #2688 ) ;
#10196 = ORIENTED_EDGE ( 'NONE', *, *, #6128, .F. ) ;
#10197 = FACE_OUTER_BOUND ( 'NONE', #4552, .T. ) ;
#10198 = LINE ( 'NONE', #4726, #2024 ) ;
#10199 = DIRECTION ( 'NONE',  ( 1.000000000000000000, 0.000000000000000000, 0.000000000000000000 ) ) ;
#10200 = DIRECTION ( 'NONE',  ( 0.000000000000000000, -1.000000000000000000, 0.000000000000000000 ) ) ;
#10201 = PLANE ( 'NONE',  #12405 ) ;
#10202 = FACE_OUTER_BOUND ( 'NONE', #12609, .T. ) ;
#10203 = ORIENTED_EDGE ( 'NONE', *, *, #10591, .F. ) ;
#10204 = CARTESIAN_POINT ( 'NONE',  ( 15.66780826722624553, -8.167291062543229785, -1.275000000000000133 ) ) ;
#10205 = EDGE_LOOP ( 'NONE', ( #4521, #2409, #9190, #10193, #11600, #2195 ) ) ;
#10206 = CARTESIAN_POINT ( 'NONE',  ( 27.49999999999999645, 1.221755145781471485, 1.874907433339141782 ) ) ;
#10207 = ORIENTED_EDGE ( 'NONE', *, *, #8804, .T. ) ;
#10208 = CARTESIAN_POINT ( 'NONE',  ( 9.414560009330283918, -7.910646086973067703, 1.912499999999999645 ) ) ;
#10209 = EDGE_CURVE ( 'NONE', #7579, #7092, #1501, .T. ) ;
#10210 = CARTESIAN_POINT ( 'NONE',  ( -27.49999999999968381, -0.4721703001077374728, 1.984828132689899105 ) ) ;
#10211 = FACE_OUTER_BOUND ( 'NONE', #6804, .T. ) ;
#10212 = EDGE_LOOP ( 'NONE', ( #539, #12616, #11542, #11975 ) ) ;
#10213 = CARTESIAN_POINT ( 'NONE',  ( 15.29075054969256087, -8.811716979782609371, -1.275000000000000133 ) ) ;
#10214 = DIRECTION ( 'NONE',  ( 1.000000000000000000, 0.000000000000000000, -0.000000000000000000 ) ) ;
#10215 = LINE ( 'NONE', #10155, #1144 ) ;
#10216 = LINE ( 'NONE', #3306, #5176 ) ;
#10217 = EDGE_CURVE ( 'NONE', #9400, #11943, #9420, .T. ) ;
#10218 = VERTEX_POINT ( 'NONE', #521 ) ;
#10219 = LINE ( 'NONE', #3437, #7015 ) ;
#10220 = DIRECTION ( 'NONE',  ( 0.000000000000000000, 1.000000000000000000, -0.000000000000000000 ) ) ;
#10221 = VERTEX_POINT ( 'NONE', #139 ) ;
#10222 = VECTOR ( 'NONE', #11847, 1000.000000000000114 ) ;
#10223 = DIRECTION ( 'NONE',  ( -1.000000000000000000, 0.000000000000000000, 0.000000000000000000 ) ) ;
#10225 = CARTESIAN_POINT ( 'NONE',  ( -7.823397229952084864, -8.669060361656391933, 1.912499999999999645 ) ) ;
#10224 = VECTOR ( 'NONE', #928, 1000.000000000000114 ) ;
#10226 = ORIENTED_EDGE ( 'NONE', *, *, #2588, .F. ) ;
#10227 = ORIENTED_EDGE ( 'NONE', *, *, #4448, .T. ) ;
#10228 = CARTESIAN_POINT ( 'NONE',  ( 9.596274571997129854, -7.712412018609244413, 1.275000000000000133 ) ) ;
#10229 =( BOUNDED_SURFACE ( )  B_SPLINE_SURFACE ( 3, 2, ( 
 ( #1062, #9830, #5919 ),
 ( #5010, #9894, #10080 ),
 ( #8785, #7922, #1179 ),
 ( #7795, #4016, #11904 ) ),
 .UNSPECIFIED., .F., .F., .T. ) 
 B_SPLINE_SURFACE_WITH_KNOTS ( ( 4, 4 ),
 ( 3, 3 ),
 ( 1.080839000541168105, 1.158955461468193837 ),
 ( 0.000000000000000000, 1.000000000000000000 ),
 .UNSPECIFIED. ) 
 GEOMETRIC_REPRESENTATION_ITEM ( )  RATIONAL_B_SPLINE_SURFACE ( (
 ( 1.000000000000000000, 0.6868576128845174100, 1.000000000000000000),
 ( 1.000000000000000000, 0.6878608052307736420, 1.000000000000000000),
 ( 1.000000000000000000, 0.6888827043208469725, 1.000000000000000000),
 ( 1.000000000000000000, 0.6899199677798275587, 1.000000000000000000) ) ) 
 REPRESENTATION_ITEM ( '' )  SURFACE ( )  );
#10230 = CARTESIAN_POINT ( 'NONE',  ( 47.99721294224209345, -11.14650014968474423, -1.912499999999999645 ) ) ;
#10231 = AXIS2_PLACEMENT_3D ( 'NONE', #4050, #4855, #9801 ) ;
#10232 = CARTESIAN_POINT ( 'NONE',  ( 12.45748009436489845, 8.151174703035154678, 0.5766211646058294615 ) ) ;
#10233 = ORIENTED_EDGE ( 'NONE', *, *, #7614, .T. ) ;
#10234 = DIRECTION ( 'NONE',  ( -0.000000000000000000, -0.000000000000000000, -1.000000000000000000 ) ) ;
#10235 = CARTESIAN_POINT ( 'NONE',  ( 25.87979874302588712, 5.762578165926972140, 2.649259943976844944 ) ) ;
#10236 = LINE ( 'NONE', #10045, #10175 ) ;
#10237 = EDGE_CURVE ( 'NONE', #894, #92, #7014, .T. ) ;
#10238 = DIRECTION ( 'NONE',  ( -0.08601249845268064964, -0.9962940580521032485, 0.000000000000000000 ) ) ;
#10239 = ORIENTED_EDGE ( 'NONE', *, *, #1859, .F. ) ;
#10240 = ORIENTED_EDGE ( 'NONE', *, *, #3856, .F. ) ;
#10241 = FACE_OUTER_BOUND ( 'NONE', #8576, .T. ) ;
#10242 = CARTESIAN_POINT ( 'NONE',  ( 7.372455449880622957, 15.86261254676874977, 1.275000000000000133 ) ) ;
#10243 = CARTESIAN_POINT ( 'NONE',  ( 13.17313133886182008, -10.67657956440148759, -1.912499999999999645 ) ) ;
#10244 = CARTESIAN_POINT ( 'NONE',  ( 12.22969871862639124, -12.10421909368450066, 1.912499999999999645 ) ) ;
#10245 = CARTESIAN_POINT ( 'NONE',  ( 41.75140282482416154, -15.57031354152369929, -1.912499999999999645 ) ) ;
#10246 = CARTESIAN_POINT ( 'NONE',  ( 73.96491932761539090, 74.51861236923376453, -2.010878835394170228 ) ) ;
#10247 = DIRECTION ( 'NONE',  ( 1.000000000000000000, 0.000000000000000000, 0.000000000000000000 ) ) ;
#10248 = VECTOR ( 'NONE', #7289, 1000.000000000000000 ) ;
#10249 = ORIENTED_EDGE ( 'NONE', *, *, #3397, .F. ) ;
#10250 = ADVANCED_FACE ( 'NONE', ( #10868 ), #9891, .T. ) ;
#10251 = CARTESIAN_POINT ( 'NONE',  ( 7.702410331654453657, 8.161368341907504487, 0.5766211646058294615 ) ) ;
#10252 = DIRECTION ( 'NONE',  ( 0.000000000000000000, -1.000000000000000000, 2.168404344971009608E-16 ) ) ;
#10253 = ADVANCED_FACE ( 'NONE', ( #4013 ), #4883, .T. ) ;
#10254 = ADVANCED_FACE ( 'NONE', ( #988 ), #1175, .T. ) ;
#10255 = ORIENTED_EDGE ( 'NONE', *, *, #10272, .F. ) ;
#10256 = EDGE_CURVE ( 'NONE', #5851, #7218, #10076, .T. ) ;
#10257 = EDGE_CURVE ( 'NONE', #4255, #542, #8838, .T. ) ;
#10258 = DIRECTION ( 'NONE',  ( -0.4341419219418043984, -0.9008444880292471035, 0.000000000000000000 ) ) ;
#10259 = EDGE_CURVE ( 'NONE', #530, #12401, #2094, .T. ) ;
#10260 = CARTESIAN_POINT ( 'NONE',  ( 7.220177707534483957, 7.254566538103149220, 0.5766211646058294615 ) ) ;
#10261 = LINE ( 'NONE', #2387, #5870 ) ;
#10262 = DIRECTION ( 'NONE',  ( -0.4679360541420700126, -0.8773801015163786854, -0.1060188978298642198 ) ) ;
#10263 = LINE ( 'NONE', #8501, #3688 ) ;
#10264 = CARTESIAN_POINT ( 'NONE',  ( 17.46168505596956777, -7.613636688869534375, -1.275000000000000133 ) ) ;
#10265 = EDGE_LOOP ( 'NONE', ( #9715, #5895, #2525, #7050 ) ) ;
#10266 = DIRECTION ( 'NONE',  ( 0.000000000000000000, -0.000000000000000000, 1.000000000000000000 ) ) ;
#10267 = VERTEX_POINT ( 'NONE', #3122 ) ;
#10268 = DIRECTION ( 'NONE',  ( 0.000000000000000000, 1.000000000000000000, 0.000000000000000000 ) ) ;
#10269 = ORIENTED_EDGE ( 'NONE', *, *, #11915, .T. ) ;
#10270 = CARTESIAN_POINT ( 'NONE',  ( 58.52245569878948572, 13.61238845097468619, -1.275000000000000133 ) ) ;
#10271 = VECTOR ( 'NONE', #8413, 1000.000000000000000 ) ;
#10272 = EDGE_CURVE ( 'NONE', #6819, #298, #11960, .T. ) ;
#10273 = VECTOR ( 'NONE', #6242, 1000.000000000000000 ) ;
#10274 = EDGE_LOOP ( 'NONE', ( #4044, #4204, #12446, #4042 ) ) ;
#10275 = ADVANCED_FACE ( 'NONE', ( #6948 ), #3176, .T. ) ;
#10276 = DIRECTION ( 'NONE',  ( 0.9444967967061619341, 0.3285206249412648272, 0.000000000000000000 ) ) ;
#10277 = DIRECTION ( 'NONE',  ( -0.9994059993535876485, 0.03446227583977478498, 0.000000000000000000 ) ) ;
#10278 = EDGE_LOOP ( 'NONE', ( #3423, #1636, #2222, #10074, #3043 ) ) ;
#10279 = CARTESIAN_POINT ( 'NONE',  ( 10.00314624412034981, -12.10421909368450066, -2.550000000000000266 ) ) ;
#10280 = CARTESIAN_POINT ( 'NONE',  ( 5.153962473847291115, -10.94380396979420844, -1.912499999999999645 ) ) ;
#10281 = VECTOR ( 'NONE', #771, 1000.000000000000000 ) ;
#10282 = CARTESIAN_POINT ( 'NONE',  ( -3.468005536002307210, -8.854269291442316003, 1.912499999999999645 ) ) ;
#10283 = FACE_OUTER_BOUND ( 'NONE', #11023, .T. ) ;
#10284 = VERTEX_POINT ( 'NONE', #5123 ) ;
#10285 = ADVANCED_FACE ( 'NONE', ( #1962 ), #8910, .T. ) ;
#10286 = CARTESIAN_POINT ( 'NONE',  ( 11.64942479529083208, 1.369501866246042310, 2.014121164605829239 ) ) ;
#10287 = CARTESIAN_POINT ( 'NONE',  ( 18.09454005623523187, 8.483312583677848906, -2.010878835394170228 ) ) ;
#10288 = ORIENTED_EDGE ( 'NONE', *, *, #5757, .T. ) ;
#10289 = DIRECTION ( 'NONE',  ( -0.000000000000000000, 0.000000000000000000, -1.000000000000000000 ) ) ;
#10290 = CARTESIAN_POINT ( 'NONE',  ( -5.638243112939898438, -12.94075655202427733, -1.275000000000000133 ) ) ;
#10291 = EDGE_CURVE ( 'NONE', #1186, #7678, #10147, .T. ) ;
#10292 = ORIENTED_EDGE ( 'NONE', *, *, #255, .T. ) ;
#10293 = ORIENTED_EDGE ( 'NONE', *, *, #7577, .T. ) ;
#10294 = LINE ( 'NONE', #9308, #383 ) ;
#10295 = CARTESIAN_POINT ( 'NONE',  ( 57.50565396225613313, 18.98834136507636572, 1.912499999999999645 ) ) ;
#10296 = LINE ( 'NONE', #5347, #12535 ) ;
#10297 = VERTEX_POINT ( 'NONE', #1059 ) ;
#10298 = DIRECTION ( 'NONE',  ( 0.7916961098466014368, 0.6109151083855741682, 0.000000000000000000 ) ) ;
#10299 = CARTESIAN_POINT ( 'NONE',  ( 25.72412088511583406, -6.596145089588484112, 3.502160575238637108 ) ) ;
#10300 = LINE ( 'NONE', #6195, #4979 ) ;
#10301 = VECTOR ( 'NONE', #7931, 1000.000000000000000 ) ;
#10302 = FACE_OUTER_BOUND ( 'NONE', #5940, .T. ) ;
#10303 = ADVANCED_FACE ( 'NONE', ( #10927 ), #75, .T. ) ;
#10304 =( BOUNDED_CURVE ( )  B_SPLINE_CURVE ( 3, ( #8539, #3447, #1728, #9378 ),
 .UNSPECIFIED., .F., .T. ) 
 B_SPLINE_CURVE_WITH_KNOTS ( ( 4, 4 ),
 ( 1.080839000541168105, 1.158955461468193393 ),
 .UNSPECIFIED. ) 
 CURVE ( )  GEOMETRIC_REPRESENTATION_ITEM ( )  RATIONAL_B_SPLINE_CURVE ( ( 1.000000000000000000, 0.9994915495213065881, 0.9994915495213065881, 1.000000000000000000 ) ) 
 REPRESENTATION_ITEM ( '' )  );
#10305 = ORIENTED_EDGE ( 'NONE', *, *, #4880, .T. ) ;
#10306 = ORIENTED_EDGE ( 'NONE', *, *, #5089, .T. ) ;
#10307 = VECTOR ( 'NONE', #5004, 1000.000000000000000 ) ;
#10308 = DIRECTION ( 'NONE',  ( -0.3982847418812866525, -0.9172618297871970583, 0.000000000000000000 ) ) ;
#10309 = DIRECTION ( 'NONE',  ( -0.000000000000000000, -0.000000000000000000, -1.000000000000000000 ) ) ;
#10310 = DIRECTION ( 'NONE',  ( -0.9999995035849108538, -0.0009964085165624543289, 0.000000000000000000 ) ) ;
#10311 = DIRECTION ( 'NONE',  ( 0.9492577079257522588, -0.3144992908474473214, 0.000000000000000000 ) ) ;
#10312 = LINE ( 'NONE', #9704, #4577 ) ;
#10313 = CARTESIAN_POINT ( 'NONE',  ( -0.8386073713075956615, 22.98470660410501054, 2.500000000000000000 ) ) ;
#10314 = CARTESIAN_POINT ( 'NONE',  ( 50.16957179191506100, -10.94380396979420844, -1.912499999999999645 ) ) ;
#10315 = ORIENTED_EDGE ( 'NONE', *, *, #11861, .F. ) ;
#10316 = DIRECTION ( 'NONE',  ( -0.6782801027330607191, -0.7348034446274925857, 0.000000000000000000 ) ) ;
#10317 = DIRECTION ( 'NONE',  ( -0.8137334712067441078, 0.5812381937190835846, 0.000000000000000000 ) ) ;
#10318 = CIRCLE ( 'NONE', #9904, 25.00000000000000000 ) ;
#10319 = EDGE_LOOP ( 'NONE', ( #8094, #2355, #6918, #517 ) ) ;
#10320 = EDGE_CURVE ( 'NONE', #17, #3089, #7139, .T. ) ;
#10321 = CARTESIAN_POINT ( 'NONE',  ( -7.686194367827409835, 30.12831799411278411, -1.275000000000000133 ) ) ;
#10322 = CARTESIAN_POINT ( 'NONE',  ( 11.98081480428594858, -2.190413051146413270, 1.275000000000000133 ) ) ;
#10323 = CARTESIAN_POINT ( 'NONE',  ( 50.16957179191506100, 30.12831799411278411, 1.912499999999999645 ) ) ;
#10324 = CARTESIAN_POINT ( 'NONE',  ( -1.921773770931815672, -12.10421909368450066, 1.912499999999999645 ) ) ;
#10325 = DIRECTION ( 'NONE',  ( -0.000000000000000000, -0.000000000000000000, -1.000000000000000000 ) ) ;
#10326 = CARTESIAN_POINT ( 'NONE',  ( -7.739286714364657982, -4.956903067613290581, -1.275000000000000133 ) ) ;
#10327 = ORIENTED_EDGE ( 'NONE', *, *, #2712, .F. ) ;
#10328 = LINE ( 'NONE', #8573, #4542 ) ;
#10329 = VECTOR ( 'NONE', #7321, 1000.000000000000000 ) ;
#10330 = ORIENTED_EDGE ( 'NONE', *, *, #4284, .F. ) ;
#10331 = VECTOR ( 'NONE', #637, 1000.000000000000114 ) ;
#10332 = VERTEX_POINT ( 'NONE', #2153 ) ;
#10333 = PLANE ( 'NONE',  #2474 ) ;
#10334 = ORIENTED_EDGE ( 'NONE', *, *, #5516, .F. ) ;
#10335 = EDGE_CURVE ( 'NONE', #5056, #5530, #137, .T. ) ;
#10336 = FACE_OUTER_BOUND ( 'NONE', #1388, .T. ) ;
#10337 = ADVANCED_FACE ( 'NONE', ( #6431 ), #5457, .T. ) ;
#10338 = AXIS2_PLACEMENT_3D ( 'NONE', #2434, #12062, #364 ) ;
#10339 = VERTEX_POINT ( 'NONE', #4206 ) ;
#10340 = CARTESIAN_POINT ( 'NONE',  ( 6.465278121730796634, -12.10421909368450066, 2.550000000000000266 ) ) ;
#10341 = CARTESIAN_POINT ( 'NONE',  ( 17.04252881781466300, -26.48275846659749888, 4.812942763747491526 ) ) ;
#10342 = VECTOR ( 'NONE', #6264, 1000.000000000000000 ) ;
#10343 = ORIENTED_EDGE ( 'NONE', *, *, #5108, .F. ) ;
#10344 = DIRECTION ( 'NONE',  ( -0.000000000000000000, -0.000000000000000000, -1.000000000000000000 ) ) ;
#10345 = LINE ( 'NONE', #2215, #11041 ) ;
#10346 = VECTOR ( 'NONE', #7762, 1000.000000000000000 ) ;
#10347 = LINE ( 'NONE', #1448, #1351 ) ;
#10348 = EDGE_CURVE ( 'NONE', #10477, #12519, #4408, .T. ) ;
#10349 = DIRECTION ( 'NONE',  ( -1.000000000000000000, -6.938893903907222067E-15, -0.000000000000000000 ) ) ;
#10350 = EDGE_LOOP ( 'NONE', ( #5104, #9725, #10343, #5773 ) ) ;
#10351 = DIRECTION ( 'NONE',  ( 0.9163854831779781884, 0.4002969475535175792, 0.000000000000000000 ) ) ;
#10352 = DIRECTION ( 'NONE',  ( 0.4063124687155821868, -0.9137341942634351621, 0.000000000000000000 ) ) ;
#10353 = ORIENTED_EDGE ( 'NONE', *, *, #5007, .T. ) ;
#10354 = ADVANCED_FACE ( 'NONE', ( #11443 ), #1311, .T. ) ;
#10355 = DIRECTION ( 'NONE',  ( 1.000000000000000000, -0.000000000000000000, -0.000000000000000000 ) ) ;
#10356 = EDGE_CURVE ( 'NONE', #4602, #7514, #1506, .T. ) ;
#10357 = VECTOR ( 'NONE', #6078, 1000.000000000000000 ) ;
#10358 = AXIS2_PLACEMENT_3D ( 'NONE', #38, #7940, #3009 ) ;
#10359 = DIRECTION ( 'NONE',  ( 0.000000000000000000, -0.000000000000000000, 1.000000000000000000 ) ) ;
#10360 = AXIS2_PLACEMENT_3D ( 'NONE', #10565, #1671, #5619 ) ;
#10361 = CIRCLE ( 'NONE', #11800, 1.000000000000000888 ) ;
#10362 = VECTOR ( 'NONE', #10948, 1000.000000000000000 ) ;
#10363 = EDGE_CURVE ( 'NONE', #3089, #3663, #12350, .T. ) ;
#10364 = ORIENTED_EDGE ( 'NONE', *, *, #972, .F. ) ;
#10365 = EDGE_LOOP ( 'NONE', ( #7793, #11854, #8617, #10051 ) ) ;
#10366 = CARTESIAN_POINT ( 'NONE',  ( -8.508444543210325506, -12.10421909368450066, 1.275000000000000133 ) ) ;
#10367 = CARTESIAN_POINT ( 'NONE',  ( -7.686194367827409835, -10.94380396979420844, -1.275000000000000133 ) ) ;
#10368 = DIRECTION ( 'NONE',  ( 0.4679360541420699571, -0.8773801015163785744, -0.1060188978298641782 ) ) ;
#10369 = VECTOR ( 'NONE', #12819, 1000.000000000000114 ) ;
#10370 = VERTEX_POINT ( 'NONE', #5195 ) ;
#10371 = ORIENTED_EDGE ( 'NONE', *, *, #5568, .F. ) ;
#10372 = CARTESIAN_POINT ( 'NONE',  ( 9.511444474816499906, 9.289807388987380676, 1.151621164605829417 ) ) ;
#10373 = CARTESIAN_POINT ( 'NONE',  ( 27.24981405041434357, 3.855356340876316512, 2.730042570922079914 ) ) ;
#10375 = DIRECTION ( 'NONE',  ( 1.000000000000000000, 0.000000000000000000, 0.000000000000000000 ) ) ;
#10374 = VECTOR ( 'NONE', #3505, 1000.000000000000114 ) ;
#10376 = VECTOR ( 'NONE', #2421, 1000.000000000000000 ) ;
#10377 = CARTESIAN_POINT ( 'NONE',  ( 27.01430868294236021, -5.167172291831858111, -2.351201191602527274 ) ) ;
#10378 = EDGE_CURVE ( 'NONE', #8462, #4594, #8233, .T. ) ;
#10379 = ADVANCED_FACE ( 'NONE', ( #3427 ), #11176, .T. ) ;
#10380 = ORIENTED_EDGE ( 'NONE', *, *, #10209, .T. ) ;
#10381 = CIRCLE ( 'NONE', #10605, 1.000000000000000888 ) ;
#10382 = ORIENTED_EDGE ( 'NONE', *, *, #11110, .F. ) ;
#10383 = DIRECTION ( 'NONE',  ( 1.000000000000000000, 0.000000000000000000, 0.000000000000000000 ) ) ;
#10384 = FACE_BOUND ( 'NONE', #10907, .T. ) ;
#10385 = DIRECTION ( 'NONE',  ( -0.000000000000000000, -0.000000000000000000, -1.000000000000000000 ) ) ;
#10386 = LINE ( 'NONE', #7174, #8357 ) ;
#10387 = DIRECTION ( 'NONE',  ( 1.000000000000000000, 0.000000000000000000, 0.000000000000000000 ) ) ;
#10388 = CARTESIAN_POINT ( 'NONE',  ( 47.82806681816967398, -8.339263717419632016, 1.275000000000000133 ) ) ;
#10389 = LINE ( 'NONE', #9462, #5144 ) ;
#10390 = ORIENTED_EDGE ( 'NONE', *, *, #9792, .F. ) ;
#10391 = EDGE_CURVE ( 'NONE', #2150, #9337, #10036, .T. ) ;
#10392 = DIRECTION ( 'NONE',  ( -0.000000000000000000, 0.000000000000000000, -1.000000000000000000 ) ) ;
#10393 = VECTOR ( 'NONE', #7072, 1000.000000000000000 ) ;
#10394 = CARTESIAN_POINT ( 'NONE',  ( -19.73771211221854571, 1.369501866246042310, 2.876621164605829506 ) ) ;
#10395 = ORIENTED_EDGE ( 'NONE', *, *, #6439, .T. ) ;
#10396 = ORIENTED_EDGE ( 'NONE', *, *, #11370, .T. ) ;
#10397 = VECTOR ( 'NONE', #516, 1000.000000000000000 ) ;
#10398 = CARTESIAN_POINT ( 'NONE',  ( 20.94787318111382746, -3.509732948882950065, 1.275000000000000133 ) ) ;
#10399 = FACE_OUTER_BOUND ( 'NONE', #1247, .T. ) ;
#10400 = FACE_BOUND ( 'NONE', #12760, .T. ) ;
#10401 = DIRECTION ( 'NONE',  ( 1.000000000000000000, 0.000000000000000000, 0.000000000000000000 ) ) ;
#10402 = LINE ( 'NONE', #11432, #12197 ) ;
#10403 = DIRECTION ( 'NONE',  ( -9.499231602880571395E-15, -1.000000000000000000, 0.000000000000000000 ) ) ;
#10404 = ORIENTED_EDGE ( 'NONE', *, *, #8852, .T. ) ;
#10405 = LINE ( 'NONE', #458, #5785 ) ;
#10406 = ORIENTED_EDGE ( 'NONE', *, *, #4233, .F. ) ;
#10407 = ORIENTED_EDGE ( 'NONE', *, *, #780, .T. ) ;
#10408 = DIRECTION ( 'NONE',  ( -1.000000000000000000, 8.524225085263861320E-16, 0.000000000000000000 ) ) ;
#10409 = ORIENTED_EDGE ( 'NONE', *, *, #403, .F. ) ;
#10410 = CARTESIAN_POINT ( 'NONE',  ( 46.97116259195739474, 33.06019309407403028, 1.912499999999999645 ) ) ;
#10411 = EDGE_CURVE ( 'NONE', #10108, #591, #6359, .T. ) ;
#10412 = ORIENTED_EDGE ( 'NONE', *, *, #12393, .T. ) ;
#10413 = CARTESIAN_POINT ( 'NONE',  ( -26.53108744799934016, -7.475325647063987944, 2.561666223697757427 ) ) ;
#10414 = ORIENTED_EDGE ( 'NONE', *, *, #8823, .T. ) ;
#10415 = VERTEX_POINT ( 'NONE', #9283 ) ;
#10416 = EDGE_CURVE ( 'NONE', #8430, #3239, #9529, .T. ) ;
#10417 = LINE ( 'NONE', #9227, #5449 ) ;
#10418 = CARTESIAN_POINT ( 'NONE',  ( -21.33587571363853996, 1.369501866246042310, 1.439121164605829506 ) ) ;
#10419 = LINE ( 'NONE', #2345, #2596 ) ;
#10420 = DIRECTION ( 'NONE',  ( 0.4171676603306479492, 0.9088295457203474648, -0.000000000000000000 ) ) ;
#10421 = ORIENTED_EDGE ( 'NONE', *, *, #11232, .F. ) ;
#10422 = LINE ( 'NONE', #3769, #7214 ) ;
#10423 = CARTESIAN_POINT ( 'NONE',  ( 31.59295152337068657, 46.49343584973448884, 1.275000000000000133 ) ) ;
#10424 = ORIENTED_EDGE ( 'NONE', *, *, #9853, .T. ) ;
#10425 = DIRECTION ( 'NONE',  ( 0.6577844345609517029, -0.7532062384561940549, 0.000000000000000000 ) ) ;
#10426 = CARTESIAN_POINT ( 'NONE',  ( -12.39555624394552957, -3.998115479992854659, 1.275000000000000133 ) ) ;
#10427 = ORIENTED_EDGE ( 'NONE', *, *, #11293, .F. ) ;
#10428 = EDGE_CURVE ( 'NONE', #12290, #4803, #12288, .T. ) ;
#10429 = ORIENTED_EDGE ( 'NONE', *, *, #7481, .F. ) ;
#10430 = EDGE_CURVE ( 'NONE', #7951, #7556, #4472, .T. ) ;
#10431 = EDGE_CURVE ( 'NONE', #4257, #530, #1440, .T. ) ;
#10432 = DIRECTION ( 'NONE',  ( -0.000000000000000000, -0.000000000000000000, -1.000000000000000000 ) ) ;
#10433 = LINE ( 'NONE', #748, #4941 ) ;
#10434 = EDGE_CURVE ( 'NONE', #1468, #1490, #8438, .T. ) ;
#10435 = EDGE_CURVE ( 'NONE', #5348, #10078, #465, .T. ) ;
#10436 = PLANE ( 'NONE',  #834 ) ;
#10437 = PLANE ( 'NONE',  #3448 ) ;
#10438 = VERTEX_POINT ( 'NONE', #6496 ) ;
#10439 = VECTOR ( 'NONE', #7551, 1000.000000000000000 ) ;
#10440 = EDGE_LOOP ( 'NONE', ( #1932, #7821, #4436, #557 ) ) ;
#10441 = CARTESIAN_POINT ( 'NONE',  ( -12.53537813810046941, 30.12831799411278411, 2.550000000000000266 ) ) ;
#10442 = CARTESIAN_POINT ( 'NONE',  ( 27.37936494561978762, 2.788271949144202289, 2.784410371491182534 ) ) ;
#10443 = DIRECTION ( 'NONE',  ( 0.7341978152448150885, 0.6789356140973461518, 0.000000000000000000 ) ) ;
#10444 = ORIENTED_EDGE ( 'NONE', *, *, #1536, .T. ) ;
#10445 = CARTESIAN_POINT ( 'NONE',  ( 8.691830596236838957, -10.94380396979420844, 2.550000000000000266 ) ) ;
#10446 = ORIENTED_EDGE ( 'NONE', *, *, #6051, .F. ) ;
#10447 = VECTOR ( 'NONE', #6950, 1000.000000000000000 ) ;
#10448 = ORIENTED_EDGE ( 'NONE', *, *, #9714, .T. ) ;
#10449 = CARTESIAN_POINT ( 'NONE',  ( 7.702410331654446551, 9.311368341907503066, 0.5766211646058294615 ) ) ;
#10450 = DIRECTION ( 'NONE',  ( 0.7916961098466014368, 0.6109151083855741682, 0.000000000000000000 ) ) ;
#10451 = CARTESIAN_POINT ( 'NONE',  ( 14.99082259660042205, -4.972369921957752403, 1.275000000000000133 ) ) ;
#10452 = PLANE ( 'NONE',  #8581 ) ;
#10453 = CARTESIAN_POINT ( 'NONE',  ( 7.702410331654460762, 7.264001408762807088, 0.5766211646058294615 ) ) ;
#10454 = DIRECTION ( 'NONE',  ( -0.000000000000000000, -0.000000000000000000, -1.000000000000000000 ) ) ;
#10455 = ORIENTED_EDGE ( 'NONE', *, *, #3446, .T. ) ;
#10456 = VERTEX_POINT ( 'NONE', #7596 ) ;
#10457 = CARTESIAN_POINT ( 'NONE',  ( -2.500497672223062740, -7.976601443585464857, -1.912499999999999645 ) ) ;
#10458 = EDGE_CURVE ( 'NONE', #9615, #6477, #11573, .T. ) ;
#10459 = AXIS2_PLACEMENT_3D ( 'NONE', #2656, #10652, #11630 ) ;
#10460 = PLANE ( 'NONE',  #2885 ) ;
#10461 = EDGE_LOOP ( 'NONE', ( #9990, #7958, #10404, #5635 ) ) ;
#10462 = FACE_OUTER_BOUND ( 'NONE', #633, .T. ) ;
#10463 = VECTOR ( 'NONE', #3667, 1000.000000000000000 ) ;
#10464 = CARTESIAN_POINT ( 'NONE',  ( -25.00000000000000000, 0.000000000000000000, -2.873378835394170050 ) ) ;
#10465 = DIRECTION ( 'NONE',  ( 1.000000000000000000, 0.000000000000000000, 0.000000000000000000 ) ) ;
#10466 = DIRECTION ( 'NONE',  ( 0.000000000000000000, 1.000000000000000000, -0.000000000000000000 ) ) ;
#10467 = FACE_OUTER_BOUND ( 'NONE', #9153, .T. ) ;
#10468 = CARTESIAN_POINT ( 'NONE',  ( 40.62796951583546701, 38.93595086433998631, 1.275000000000000133 ) ) ;
#10469 = EDGE_LOOP ( 'NONE', ( #5838, #10942, #3065, #7719 ) ) ;
#10470 = DIRECTION ( 'NONE',  ( -0.000000000000000000, -0.000000000000000000, -1.000000000000000000 ) ) ;
#10471 = ORIENTED_EDGE ( 'NONE', *, *, #2921, .T. ) ;
#10472 = VERTEX_POINT ( 'NONE', #1711 ) ;
#10473 = CARTESIAN_POINT ( 'NONE',  ( -5.638243112939898438, -12.94075655202427733, 1.275000000000000133 ) ) ;
#10474 = ORIENTED_EDGE ( 'NONE', *, *, #5079, .F. ) ;
#10475 = CARTESIAN_POINT ( 'NONE',  ( 48.07181429932767713, -5.883185628636555364, 1.275000000000000133 ) ) ;
#10476 = ADVANCED_FACE ( 'NONE', ( #12686 ), #9491, .T. ) ;
#10477 = VERTEX_POINT ( 'NONE', #10478 ) ;
#10478 = CARTESIAN_POINT ( 'NONE',  ( 13.76880848982935568, -8.770583410597110330, 1.912499999999999645 ) ) ;
#10479 = VERTEX_POINT ( 'NONE', #1639 ) ;
#10480 = VERTEX_POINT ( 'NONE', #3694 ) ;
#10481 = LINE ( 'NONE', #8523, #3353 ) ;
#10482 = FACE_OUTER_BOUND ( 'NONE', #12231, .T. ) ;
#10483 = DIRECTION ( 'NONE',  ( 1.000000000000000000, 0.000000000000000000, 0.000000000000000000 ) ) ;
#10484 = CARTESIAN_POINT ( 'NONE',  ( -25.63159634748131310, 6.782536326024604989, 2.612353120931925954 ) ) ;
#10485 = ORIENTED_EDGE ( 'NONE', *, *, #9935, .T. ) ;
#10486 = DIRECTION ( 'NONE',  ( 1.000000000000000000, -2.486899575160350966E-14, 0.000000000000000000 ) ) ;
#10487 = LINE ( 'NONE', #10423, #1773 ) ;
#10488 = EDGE_LOOP ( 'NONE', ( #4075, #8807, #837, #666 ) ) ;
#10489 = CARTESIAN_POINT ( 'NONE',  ( 1.616094351457737499, 30.12831799411278411, 2.550000000000000266 ) ) ;
#10490 = CARTESIAN_POINT ( 'NONE',  ( -4.671774536119602139, -2.012560594422116989, 1.275000000000000133 ) ) ;
#10491 = AXIS2_PLACEMENT_3D ( 'NONE', #10251, #1052, #12797 ) ;
#10492 = ORIENTED_EDGE ( 'NONE', *, *, #3747, .T. ) ;
#10493 = CARTESIAN_POINT ( 'NONE',  ( -24.55587571363852817, 1.369501866246042310, 1.439121164605829506 ) ) ;
#10494 = CARTESIAN_POINT ( 'NONE',  ( -6.667692256929348638, -8.653856948230901125, 1.912499999999999645 ) ) ;
#10495 = EDGE_CURVE ( 'NONE', #10078, #8618, #3565, .T. ) ;
#10496 = CARTESIAN_POINT ( 'NONE',  ( 9.542210110286795555, 7.320610632720728539, 1.151621164605829417 ) ) ;
#10497 = ORIENTED_EDGE ( 'NONE', *, *, #9858, .T. ) ;
#10498 = ORIENTED_EDGE ( 'NONE', *, *, #12107, .T. ) ;
#10499 = CARTESIAN_POINT ( 'NONE',  ( 25.00000000000000000, 2.940724589404083576E-15, 2.956464602960560573 ) ) ;
#10500 = CARTESIAN_POINT ( 'NONE',  ( 23.87759392976977324, 11.69561309420586070, 2.499999999999996891 ) ) ;
#10501 = DIRECTION ( 'NONE',  ( 0.6109575759171159692, -0.7916633378081123773, 0.000000000000000000 ) ) ;
#10502 = ORIENTED_EDGE ( 'NONE', *, *, #9489, .T. ) ;
#10503 = LINE ( 'NONE', #4296, #5095 ) ;
#10504 = EDGE_CURVE ( 'NONE', #11567, #536, #8714, .T. ) ;
#10505 = EDGE_CURVE ( 'NONE', #10661, #48, #5992, .T. ) ;
#10506 = ORIENTED_EDGE ( 'NONE', *, *, #2975, .F. ) ;
#10507 = ORIENTED_EDGE ( 'NONE', *, *, #3055, .F. ) ;
#10508 = DIRECTION ( 'NONE',  ( -0.000000000000000000, 0.000000000000000000, 1.000000000000000000 ) ) ;
#10509 = CARTESIAN_POINT ( 'NONE',  ( 7.702410331654460762, 7.264001408762807088, 0.5766211646058294615 ) ) ;
#10510 = FACE_OUTER_BOUND ( 'NONE', #11315, .T. ) ;
#10511 = PLANE ( 'NONE',  #8985 ) ;
#10512 = DIRECTION ( 'NONE',  ( 0.000000000000000000, -1.000000000000000000, 0.000000000000000000 ) ) ;
#10513 = FACE_OUTER_BOUND ( 'NONE', #5208, .T. ) ;
#10514 = EDGE_CURVE ( 'NONE', #3314, #12695, #727, .T. ) ;
#10515 = VERTEX_POINT ( 'NONE', #4611 ) ;
#10516 = ORIENTED_EDGE ( 'NONE', *, *, #11555, .T. ) ;
#10517 = DIRECTION ( 'NONE',  ( -0.000000000000000000, -0.000000000000000000, -1.000000000000000000 ) ) ;
#10518 = CARTESIAN_POINT ( 'NONE',  ( 7.721179918986527113, 16.39501474110608115, 1.912499999999999645 ) ) ;
#10519 = ADVANCED_FACE ( 'NONE', ( #2738 ), #790, .T. ) ;
#10520 = ORIENTED_EDGE ( 'NONE', *, *, #3130, .T. ) ;
#10521 = AXIS2_PLACEMENT_3D ( 'NONE', #7544, #4563, #11319 ) ;
#10522 = ORIENTED_EDGE ( 'NONE', *, *, #7862, .T. ) ;
#10523 = CARTESIAN_POINT ( 'NONE',  ( 6.465278121730796634, -10.94380396979420844, 2.550000000000000266 ) ) ;
#10524 = EDGE_CURVE ( 'NONE', #4907, #3755, #4807, .T. ) ;
#10525 = LINE ( 'NONE', #2833, #9912 ) ;
#10526 = CARTESIAN_POINT ( 'NONE',  ( 43.27977019758047561, -12.93294197047929295, 1.912499999999999645 ) ) ;
#10527 = DIRECTION ( 'NONE',  ( 1.000000000000000000, 0.000000000000000000, 0.000000000000000000 ) ) ;
#10528 = DIRECTION ( 'NONE',  ( -1.000000000000000000, 0.000000000000000000, 0.000000000000000000 ) ) ;
#10529 = PLANE ( 'NONE',  #5823 ) ;
#10530 = ORIENTED_EDGE ( 'NONE', *, *, #12480, .F. ) ;
#10531 = CARTESIAN_POINT ( 'NONE',  ( -10.18117499392355363, -6.306393367825936735, -1.275000000000000133 ) ) ;
#10532 = ORIENTED_EDGE ( 'NONE', *, *, #5318, .T. ) ;
#10533 = ORIENTED_EDGE ( 'NONE', *, *, #8825, .F. ) ;
#10534 = VERTEX_POINT ( 'NONE', #2790 ) ;
#10535 = DIRECTION ( 'NONE',  ( 1.000000000000000000, 0.000000000000000000, 0.000000000000000000 ) ) ;
#10536 = ADVANCED_FACE ( 'NONE', ( #6749 ), #9565, .T. ) ;
#10537 = VERTEX_POINT ( 'NONE', #8583 ) ;
#10538 = ORIENTED_EDGE ( 'NONE', *, *, #180, .F. ) ;
#10539 = CARTESIAN_POINT ( 'NONE',  ( -24.98267746305588588, -0.9304981337539541819, 9.000000000000000000 ) ) ;
#10540 = VERTEX_POINT ( 'NONE', #10722 ) ;
#10541 = VERTEX_POINT ( 'NONE', #5654 ) ;
#10542 = DIRECTION ( 'NONE',  ( 0.6643638388299285547, 0.7474093186836519020, 0.000000000000000000 ) ) ;
#10543 = DIRECTION ( 'NONE',  ( 0.8468899888530684317, 0.5317681325356471422, 0.000000000000000000 ) ) ;
#10544 = VECTOR ( 'NONE', #8497, 999.9999999999998863 ) ;
#10545 = EDGE_CURVE ( 'NONE', #11318, #5000, #5744, .T. ) ;
#10546 = FACE_OUTER_BOUND ( 'NONE', #6750, .T. ) ;
#10547 = CARTESIAN_POINT ( 'NONE',  ( -25.87924175853695274, 5.765090682410076717, 2.649162461613334685 ) ) ;
#10548 = ORIENTED_EDGE ( 'NONE', *, *, #554, .T. ) ;
#10549 = CARTESIAN_POINT ( 'NONE',  ( 73.96491932761539090, 1.369501866246042310, 1.151621164605829417 ) ) ;
#10550 = DIRECTION ( 'NONE',  ( 1.000000000000000000, -0.000000000000000000, -0.000000000000000000 ) ) ;
#10551 = ORIENTED_EDGE ( 'NONE', *, *, #10434, .F. ) ;
#10552 = EDGE_CURVE ( 'NONE', #331, #4731, #1572, .T. ) ;
#10553 = CARTESIAN_POINT ( 'NONE',  ( 50.16957179191506100, -12.10421909368450066, -2.550000000000000266 ) ) ;
#10554 = VECTOR ( 'NONE', #1360, 999.9999999999998863 ) ;
#10555 = VECTOR ( 'NONE', #7172, 1000.000000000000000 ) ;
#10556 = ORIENTED_EDGE ( 'NONE', *, *, #773, .T. ) ;
#10557 = LINE ( 'NONE', #12571, #12079 ) ;
#10558 = CARTESIAN_POINT ( 'NONE',  ( 12.44611278031711876, 6.218731314913454433, 1.151621164605829417 ) ) ;
#10559 = DIRECTION ( 'NONE',  ( -0.000000000000000000, -0.000000000000000000, -1.000000000000000000 ) ) ;
#10560 = DIRECTION ( 'NONE',  ( 1.000000000000000000, 0.000000000000000000, 0.000000000000000000 ) ) ;
#10561 = EDGE_LOOP ( 'NONE', ( #3383, #10353, #10227, #9354, #1212, #3137 ) ) ;
#10562 = ORIENTED_EDGE ( 'NONE', *, *, #2828, .T. ) ;
#10563 = VECTOR ( 'NONE', #6184, 1000.000000000000000 ) ;
#10564 = CARTESIAN_POINT ( 'NONE',  ( -20.30087571363854693, 1.369501866246042310, 2.014121164605829239 ) ) ;
#10565 = CARTESIAN_POINT ( 'NONE',  ( 45.92714323729583015, 34.09704148069203455, 1.275000000000000133 ) ) ;
#10566 = CARTESIAN_POINT ( 'NONE',  ( 24.10158456033578744, 6.663875983107844903, -2.616335993177607122 ) ) ;
#10567 = ORIENTED_EDGE ( 'NONE', *, *, #2800, .T. ) ;
#10568 = VECTOR ( 'NONE', #1138, 1000.000000000000000 ) ;
#10569 = CARTESIAN_POINT ( 'NONE',  ( 10.00314624412034981, 30.12831799411278411, -2.550000000000000266 ) ) ;
#10570 = AXIS2_PLACEMENT_3D ( 'NONE', #10922, #2854, #6032 ) ;
#10571 = ADVANCED_FACE ( 'NONE', ( #12550 ), #12615, .F. ) ;
#10572 = AXIS2_PLACEMENT_3D ( 'NONE', #12660, #2715, #7505 ) ;
#10573 = ORIENTED_EDGE ( 'NONE', *, *, #3661, .F. ) ;
#10574 = VECTOR ( 'NONE', #6336, 1000.000000000000114 ) ;
#10575 = VECTOR ( 'NONE', #443, 1000.000000000000000 ) ;
#10576 = VERTEX_POINT ( 'NONE', #1766 ) ;
#10577 = CARTESIAN_POINT ( 'NONE',  ( -24.28421530421658403, -10.48790597677185055, 3.944330564366027136 ) ) ;
#10578 = VECTOR ( 'NONE', #3298, 1000.000000000000000 ) ;
#10579 = CARTESIAN_POINT ( 'NONE',  ( 32.33922440924814623, 44.09542344386827750, 1.275000000000000133 ) ) ;
#10580 = ADVANCED_FACE ( 'NONE', ( #5714 ), #8767, .T. ) ;
#10581 = AXIS2_PLACEMENT_3D ( 'NONE', #2677, #7600, #4476 ) ;
#10582 = CARTESIAN_POINT ( 'NONE',  ( 6.070177707534485378, 7.254566538103156326, 0.5766211646058294615 ) ) ;
#10583 = CIRCLE ( 'NONE', #5154, 25.00000000000000000 ) ;
#10584 = CARTESIAN_POINT ( 'NONE',  ( 50.25032737756705359, -7.964070100860446644, -1.275000000000000133 ) ) ;
#10585 = LINE ( 'NONE', #5630, #6617 ) ;
#10586 = ORIENTED_EDGE ( 'NONE', *, *, #3051, .T. ) ;
#10587 = DIRECTION ( 'NONE',  ( -0.7348034446274925857, 0.6782801027330607191, 0.000000000000000000 ) ) ;
#10588 = AXIS2_PLACEMENT_3D ( 'NONE', #12785, #3868, #11883 ) ;
#10589 = DIRECTION ( 'NONE',  ( 0.8944271909999158554, -0.4472135954999579277, 0.000000000000000000 ) ) ;
#10590 = VERTEX_POINT ( 'NONE', #11757 ) ;
#10591 = EDGE_CURVE ( 'NONE', #7447, #6975, #5518, .T. ) ;
#10592 = ORIENTED_EDGE ( 'NONE', *, *, #6930, .T. ) ;
#10593 = DIRECTION ( 'NONE',  ( -0.000000000000000000, -0.000000000000000000, -1.000000000000000000 ) ) ;
#10594 = EDGE_CURVE ( 'NONE', #8577, #11402, #9812, .T. ) ;
#10595 = DIRECTION ( 'NONE',  ( 0.5358244397314756435, -0.8443294201829345536, 0.000000000000000000 ) ) ;
#10596 = ADVANCED_FACE ( 'NONE', ( #8824 ), #9742, .T. ) ;
#10597 = DIRECTION ( 'NONE',  ( -0.000000000000000000, -0.000000000000000000, -1.000000000000000000 ) ) ;
#10598 = DIRECTION ( 'NONE',  ( -0.000000000000000000, -0.000000000000000000, -1.000000000000000000 ) ) ;
#10599 = ADVANCED_FACE ( 'NONE', ( #5841 ), #3038, .T. ) ;
#10600 = B_SPLINE_CURVE_WITH_KNOTS ( 'NONE', 3,
 ( #7107, #1274, #6258, #1336, #1472, #10566, #11535, #8330, #432, #1672 ),
 .UNSPECIFIED., .F., .F.,
 ( 4, 2, 2, 2, 4 ),
 ( 0.01218231416895444383, 0.01539288154308136175, 0.01699816523014482245, 0.01860344891720828314, 0.02502458366546211205 ),
 .UNSPECIFIED. ) ;
#10601 = LINE ( 'NONE', #1698, #8235 ) ;
#10602 = FACE_OUTER_BOUND ( 'NONE', #12339, .T. ) ;
#10603 = VERTEX_POINT ( 'NONE', #7254 ) ;
#10604 = LINE ( 'NONE', #9481, #5588 ) ;
#10605 = AXIS2_PLACEMENT_3D ( 'NONE', #5013, #4827, #11781 ) ;
#10606 = VERTEX_POINT ( 'NONE', #9147 ) ;
#10607 = ORIENTED_EDGE ( 'NONE', *, *, #3055, .T. ) ;
#10608 = VECTOR ( 'NONE', #355, 1000.000000000000000 ) ;
#10609 = ORIENTED_EDGE ( 'NONE', *, *, #1482, .F. ) ;
#10610 = CARTESIAN_POINT ( 'NONE',  ( 4.429863723595951264, 1.329242543690137390, -1.275000000000000133 ) ) ;
#10611 = ORIENTED_EDGE ( 'NONE', *, *, #4041, .T. ) ;
#10612 = VECTOR ( 'NONE', #9802, 1000.000000000000000 ) ;
#10613 = ORIENTED_EDGE ( 'NONE', *, *, #4379, .T. ) ;
#10614 = CARTESIAN_POINT ( 'NONE',  ( -20.30087571363854693, 74.51861236923376453, 1.439121164605829506 ) ) ;
#10615 = EDGE_LOOP ( 'NONE', ( #7803, #9452, #9480, #4124 ) ) ;
#10616 = ORIENTED_EDGE ( 'NONE', *, *, #989, .T. ) ;
#10617 = CARTESIAN_POINT ( 'NONE',  ( -7.686194367827409835, 30.12831799411278411, 2.550000000000000266 ) ) ;
#10618 = FACE_OUTER_BOUND ( 'NONE', #3947, .T. ) ;
#10619 = DIRECTION ( 'NONE',  ( -0.9008444880292469925, 0.4341419219418043984, 0.000000000000000000 ) ) ;
#10620 = DIRECTION ( 'NONE',  ( -0.9088295457203474648, 0.4171676603306479492, 0.000000000000000000 ) ) ;
#10621 = ORIENTED_EDGE ( 'NONE', *, *, #775, .T. ) ;
#10622 = LINE ( 'NONE', #1720, #10763 ) ;
#10623 = DIRECTION ( 'NONE',  ( 0.000000000000000000, 0.000000000000000000, -1.000000000000000000 ) ) ;
#10624 = ORIENTED_EDGE ( 'NONE', *, *, #7284, .F. ) ;
#10625 = CARTESIAN_POINT ( 'NONE',  ( 11.09498354161330980, -22.67002808068498965, 1.275000000000000133 ) ) ;
#10626 = EDGE_CURVE ( 'NONE', #6497, #8142, #8218, .T. ) ;
#10627 = ORIENTED_EDGE ( 'NONE', *, *, #11604, .T. ) ;
#10628 = DIRECTION ( 'NONE',  ( -0.000000000000000000, -0.000000000000000000, -1.000000000000000000 ) ) ;
#10629 = LINE ( 'NONE', #6451, #12825 ) ;
#10630 = CARTESIAN_POINT ( 'NONE',  ( 10.22401578848253756, -7.770230288548698461, 1.912499999999999645 ) ) ;
#10631 = DIRECTION ( 'NONE',  ( -0.7496365639656836777, -0.6618496974130331223, 0.000000000000000000 ) ) ;
#10632 = ORIENTED_EDGE ( 'NONE', *, *, #4791, .T. ) ;
#10633 = EDGE_LOOP ( 'NONE', ( #8236, #11095, #3888, #9928 ) ) ;
#10634 = CARTESIAN_POINT ( 'NONE',  ( 50.16957179191506100, -10.94380396979420844, 2.550000000000000266 ) ) ;
#10635 = PLANE ( 'NONE',  #1011 ) ;
#10636 = VERTEX_POINT ( 'NONE', #10398 ) ;
#10637 = DIRECTION ( 'NONE',  ( 0.000000000000000000, 1.000000000000000000, -0.000000000000000000 ) ) ;
#10638 = EDGE_LOOP ( 'NONE', ( #1053, #12295, #8194, #7286 ) ) ;
#10639 = ORIENTED_EDGE ( 'NONE', *, *, #10747, .F. ) ;
#10640 = CARTESIAN_POINT ( 'NONE',  ( -26.51449365196790708, 0.6243985707859731615, 2.912504413314845664 ) ) ;
#10641 = PLANE ( 'NONE',  #2476 ) ;
#10642 = CARTESIAN_POINT ( 'NONE',  ( 19.30543496340549225, -12.10421909368450066, 2.550000000000000266 ) ) ;
#10643 = DIRECTION ( 'NONE',  ( -0.7474093186836519020, 0.6643638388299286657, 0.000000000000000000 ) ) ;
#10644 = CARTESIAN_POINT ( 'NONE',  ( 15.46899601616303421, -8.160435467678976096, 1.275000000000000133 ) ) ;
#10645 = ORIENTED_EDGE ( 'NONE', *, *, #1538, .T. ) ;
#10646 = PLANE ( 'NONE',  #11935 ) ;
#10647 = ORIENTED_EDGE ( 'NONE', *, *, #947, .F. ) ;
#10648 = VECTOR ( 'NONE', #6362, 1000.000000000000000 ) ;
#10649 = ORIENTED_EDGE ( 'NONE', *, *, #8169, .T. ) ;
#10650 = LINE ( 'NONE', #11627, #12198 ) ;
#10651 = DIRECTION ( 'NONE',  ( 1.000000000000000000, 0.000000000000000000, 0.000000000000000000 ) ) ;
#10652 = DIRECTION ( 'NONE',  ( 0.000000000000000000, 1.000000000000000000, 0.000000000000000000 ) ) ;
#10653 = LINE ( 'NONE', #1756, #8927 ) ;
#10654 = EDGE_CURVE ( 'NONE', #1130, #1708, #1420, .T. ) ;
#10655 = DIRECTION ( 'NONE',  ( 0.6368814469962879032, -0.7709617516270923510, 0.000000000000000000 ) ) ;
#10656 = PLANE ( 'NONE',  #434 ) ;
#10657 = EDGE_LOOP ( 'NONE', ( #10429, #953, #1500, #6490 ) ) ;
#10658 = VECTOR ( 'NONE', #10981, 1000.000000000000114 ) ;
#10659 = ORIENTED_EDGE ( 'NONE', *, *, #10797, .T. ) ;
#10660 = EDGE_LOOP ( 'NONE', ( #4435, #9823, #12386, #3355 ) ) ;
#10661 = VERTEX_POINT ( 'NONE', #7127 ) ;
#10662 = EDGE_CURVE ( 'NONE', #1033, #542, #6150, .T. ) ;
#10663 = DIRECTION ( 'NONE',  ( 0.000000000000000000, -0.000000000000000000, -1.000000000000000000 ) ) ;
#10664 = EDGE_CURVE ( 'NONE', #4199, #1713, #315, .T. ) ;
#10665 = EDGE_CURVE ( 'NONE', #10807, #8230, #11231, .T. ) ;
#10666 = VECTOR ( 'NONE', #10054, 1000.000000000000000 ) ;
#10667 = VERTEX_POINT ( 'NONE', #2265 ) ;
#10668 = DIRECTION ( 'NONE',  ( 0.000000000000000000, -0.9927783471781700397, -0.1199631333959760293 ) ) ;
#10669 = EDGE_LOOP ( 'NONE', ( #2403, #6070, #5121, #8394 ) ) ;
#10670 = CARTESIAN_POINT ( 'NONE',  ( -1.947636035777786656, -7.520490593518104561, 1.275000000000000133 ) ) ;
#10671 = LINE ( 'NONE', #4679, #5153 ) ;
#10672 = CARTESIAN_POINT ( 'NONE',  ( 73.96491932761539090, 1.369501866246042310, 1.439121164605829506 ) ) ;
#10673 = CARTESIAN_POINT ( 'NONE',  ( 54.35884704300794823, 13.89487639612912595, 1.275000000000000133 ) ) ;
#10674 = CARTESIAN_POINT ( 'NONE',  ( 0.000000000000000000, 0.000000000000000000, -2.873378835394170050 ) ) ;
#10675 = CARTESIAN_POINT ( 'NONE',  ( -8.997510015710910025, 30.12831799411278411, 2.550000000000000266 ) ) ;
#10676 = EDGE_CURVE ( 'NONE', #2601, #12851, #5379, .T. ) ;
#10677 = VERTEX_POINT ( 'NONE', #12333 ) ;
#10678 = DIRECTION ( 'NONE',  ( 0.000000000000000000, -0.000000000000000000, 1.000000000000000000 ) ) ;
#10679 = ORIENTED_EDGE ( 'NONE', *, *, #4625, .T. ) ;
#10680 = EDGE_CURVE ( 'NONE', #4503, #7065, #5441, .T. ) ;
#10681 = ORIENTED_EDGE ( 'NONE', *, *, #7955, .T. ) ;
#10682 = FACE_OUTER_BOUND ( 'NONE', #4495, .T. ) ;
#10683 = DIRECTION ( 'NONE',  ( -0.7295372041400839391, -0.6839411288813310730, 0.000000000000000000 ) ) ;
#10684 = ADVANCED_FACE ( 'NONE', ( #8291 ), #9346, .T. ) ;
#10685 = FACE_OUTER_BOUND ( 'NONE', #10278, .T. ) ;
#10686 = CARTESIAN_POINT ( 'NONE',  ( -7.953095561664616397, -8.266853802719200672, 1.912499999999999645 ) ) ;
#10687 = DIRECTION ( 'NONE',  ( 1.000000000000000000, 0.000000000000000000, 0.000000000000000000 ) ) ;
#10688 = ORIENTED_EDGE ( 'NONE', *, *, #11516, .T. ) ;
#10689 = ORIENTED_EDGE ( 'NONE', *, *, #8139, .F. ) ;
#10690 = DIRECTION ( 'NONE',  ( -1.000000000000000000, -0.000000000000000000, -0.000000000000000000 ) ) ;
#10691 = DIRECTION ( 'NONE',  ( 0.000000000000000000, 0.000000000000000000, -1.000000000000000000 ) ) ;
#10692 = VERTEX_POINT ( 'NONE', #10126 ) ;
#10693 = DIRECTION ( 'NONE',  ( 0.000000000000000000, 0.000000000000000000, -1.000000000000000000 ) ) ;
#10695 = ADVANCED_FACE ( 'NONE', ( #3161 ), #4456, .T. ) ;
#10694 = AXIS2_PLACEMENT_3D ( 'NONE', #5466, #12425, #7478 ) ;
#10696 = AXIS2_PLACEMENT_3D ( 'NONE', #7472, #5600, #3702 ) ;
#10697 = ORIENTED_EDGE ( 'NONE', *, *, #346, .T. ) ;
#10698 = EDGE_LOOP ( 'NONE', ( #10522, #2354, #12422, #1883 ) ) ;
#10699 = CARTESIAN_POINT ( 'NONE',  ( -27.25896730866786299, -3.674050301483629877, 3.238364796696465042 ) ) ;
#10700 = DIRECTION ( 'NONE',  ( 0.8160244811016579281, 0.5780173407803349539, 0.000000000000000000 ) ) ;
#10701 = CARTESIAN_POINT ( 'NONE',  ( 25.20060078739439646, -11.00816605772172352, -2.951552217187875193 ) ) ;
#10702 = VECTOR ( 'NONE', #235, 1000.000000000000114 ) ;
#10703 = EDGE_CURVE ( 'NONE', #8878, #7263, #3344, .T. ) ;
#10704 = DIRECTION ( 'NONE',  ( -0.000000000000000000, -0.000000000000000000, -1.000000000000000000 ) ) ;
#10705 = DIRECTION ( 'NONE',  ( 0.000000000000000000, -1.000000000000000000, 6.308085367188389994E-17 ) ) ;
#10706 = ORIENTED_EDGE ( 'NONE', *, *, #10764, .T. ) ;
#10707 = DIRECTION ( 'NONE',  ( 1.000000000000000000, 0.000000000000000000, 0.000000000000000000 ) ) ;
#10708 = ORIENTED_EDGE ( 'NONE', *, *, #5721, .F. ) ;
#10709 = ORIENTED_EDGE ( 'NONE', *, *, #3798, .F. ) ;
#10710 = CARTESIAN_POINT ( 'NONE',  ( 15.74321981073298282, -8.400381287927684681, -1.275000000000000133 ) ) ;
#10711 = CARTESIAN_POINT ( 'NONE',  ( 15.00967116025836390, -8.996818041117325748, -1.912499999999999645 ) ) ;
#10712 = CARTESIAN_POINT ( 'NONE',  ( -12.53537813810046941, -10.94380396979420844, -2.550000000000000266 ) ) ;
#10713 = DIRECTION ( 'NONE',  ( 0.9834531885890730463, -0.1811624294769339227, 0.000000000000000000 ) ) ;
#10714 = DIRECTION ( 'NONE',  ( 0.3939192985791612478, 0.9191450300180606936, 0.000000000000000000 ) ) ;
#10715 = ORIENTED_EDGE ( 'NONE', *, *, #2921, .F. ) ;
#10716 = VERTEX_POINT ( 'NONE', #6340 ) ;
#10717 = ORIENTED_EDGE ( 'NONE', *, *, #8905, .T. ) ;
#10718 = CARTESIAN_POINT ( 'NONE',  ( 22.47739207894716529, -10.94380396979420844, 9.000000000000000000 ) ) ;
#10719 = VECTOR ( 'NONE', #4501, 1000.000000000000000 ) ;
#10720 = ADVANCED_FACE ( 'NONE', ( #10197 ), #5304, .T. ) ;
#10721 = ORIENTED_EDGE ( 'NONE', *, *, #3882, .T. ) ;
#10722 = CARTESIAN_POINT ( 'NONE',  ( -1.921773770931815672, -12.10421909368450066, -1.912499999999999645 ) ) ;
#10723 = VERTEX_POINT ( 'NONE', #7317 ) ;
#10724 = CARTESIAN_POINT ( 'NONE',  ( -4.148326245437850446, 30.12831799411278411, -1.912499999999999645 ) ) ;
#10725 = DIRECTION ( 'NONE',  ( 0.000000000000000000, 0.000000000000000000, 1.000000000000000000 ) ) ;
#10726 = VECTOR ( 'NONE', #3645, 999.9999999999998863 ) ;
#10727 = LINE ( 'NONE', #601, #2804 ) ;
#10728 = CARTESIAN_POINT ( 'NONE',  ( 24.21191392358763039, -13.04016139327319657, -3.188596231131027192 ) ) ;
#10729 = EDGE_CURVE ( 'NONE', #10480, #10540, #1294, .T. ) ;
#10730 = EDGE_CURVE ( 'NONE', #373, #668, #4080, .T. ) ;
#10731 = ORIENTED_EDGE ( 'NONE', *, *, #9714, .F. ) ;
#10732 = CARTESIAN_POINT ( 'NONE',  ( 18.09454005623523187, 74.51861236923376453, -2.010878835394170228 ) ) ;
#10733 = DIRECTION ( 'NONE',  ( -1.000000000000000000, 0.000000000000000000, 0.000000000000000000 ) ) ;
#10734 = VERTEX_POINT ( 'NONE', #451 ) ;
#10735 = DIRECTION ( 'NONE',  ( -0.8038141473134123860, 0.5948805061344771827, 0.000000000000000000 ) ) ;
#10736 = AXIS2_PLACEMENT_3D ( 'NONE', #12505, #2755, #10687 ) ;
#10737 = ORIENTED_EDGE ( 'NONE', *, *, #2316, .F. ) ;
#10738 = VECTOR ( 'NONE', #3932, 1000.000000000000000 ) ;
#10739 = ADVANCED_FACE ( 'NONE', ( #8355 ), #2449, .F. ) ;
#10740 = ORIENTED_EDGE ( 'NONE', *, *, #2545, .F. ) ;
#10741 = CARTESIAN_POINT ( 'NONE',  ( 9.542210110286795555, 7.320610632720728539, 1.151621164605829417 ) ) ;
#10742 = LINE ( 'NONE', #7085, #7511 ) ;
#10743 = DIRECTION ( 'NONE',  ( -0.000000000000000000, -0.000000000000000000, -1.000000000000000000 ) ) ;
#10744 = CARTESIAN_POINT ( 'NONE',  ( 26.58225898715726032, 7.065998633046278954, -2.602815718068061113 ) ) ;
#10745 = LINE ( 'NONE', #11723, #2707 ) ;
#10746 = EDGE_CURVE ( 'NONE', #6324, #12851, #3691, .T. ) ;
#10747 = EDGE_CURVE ( 'NONE', #3101, #10989, #4659, .T. ) ;
#10748 = ORIENTED_EDGE ( 'NONE', *, *, #6600, .T. ) ;
#10749 = ADVANCED_FACE ( 'NONE', ( #5698 ), #11493, .T. ) ;
#10750 = LINE ( 'NONE', #2569, #8693 ) ;
#10751 = CARTESIAN_POINT ( 'NONE',  ( 46.21409252683699975, -9.242105090473781814, 1.151621164605829417 ) ) ;
#10752 = ORIENTED_EDGE ( 'NONE', *, *, #5899, .T. ) ;
#10753 = CARTESIAN_POINT ( 'NONE',  ( 14.03200173286605512, 1.369501866246042310, 2.876621164605829506 ) ) ;
#10754 = AXIS2_PLACEMENT_3D ( 'NONE', #2389, #2530, #7519 ) ;
#10755 = AXIS2_PLACEMENT_3D ( 'NONE', #2198, #12138, #11099 ) ;
#10756 = ADVANCED_FACE ( 'NONE', ( #843 ), #1555, .T. ) ;
#10757 = ORIENTED_EDGE ( 'NONE', *, *, #1585, .T. ) ;
#10758 = VERTEX_POINT ( 'NONE', #6480 ) ;
#10759 = CARTESIAN_POINT ( 'NONE',  ( -24.77863826045340545, 12.12756495634914877, 1.499999999962422947 ) ) ;
#10760 = VECTOR ( 'NONE', #4583, 999.9999999999998863 ) ;
#10761 = CARTESIAN_POINT ( 'NONE',  ( 25.59660487241582416, -23.48542801206632191, 1.912499999999999645 ) ) ;
#10762 = PLANE ( 'NONE',  #12109 ) ;
#10763 = VECTOR ( 'NONE', #738, 1000.000000000000000 ) ;
#10764 = EDGE_CURVE ( 'NONE', #3489, #6079, #10650, .T. ) ;
#10765 = CARTESIAN_POINT ( 'NONE',  ( 50.16957179191506100, -10.94380396979420844, -1.912499999999999645 ) ) ;
#10766 = CARTESIAN_POINT ( 'NONE',  ( 24.91396080104142641, -11.66436072519936751, -3.027960665688818054 ) ) ;
#10767 = CARTESIAN_POINT ( 'NONE',  ( 5.587945083414529002, 6.104566538103151530, 0.5766211646058294615 ) ) ;
#10768 = VERTEX_POINT ( 'NONE', #9547 ) ;
#10769 = VECTOR ( 'NONE', #9259, 1000.000000000000000 ) ;
#10770 = VECTOR ( 'NONE', #366, 1000.000000000000000 ) ;
#10771 = EDGE_CURVE ( 'NONE', #11348, #8325, #2722, .T. ) ;
#10772 = VECTOR ( 'NONE', #147, 1000.000000000000000 ) ;
#10773 = ORIENTED_EDGE ( 'NONE', *, *, #7679, .T. ) ;
#10774 = VECTOR ( 'NONE', #8524, 1000.000000000000114 ) ;
#10775 = VECTOR ( 'NONE', #2176, 1000.000000000000000 ) ;
#10776 = DIRECTION ( 'NONE',  ( 0.000000000000000000, 1.000000000000000000, -1.239506149960986985E-16 ) ) ;
#10777 = CARTESIAN_POINT ( 'NONE',  ( 25.48389806768675925, 7.317448007406624377, -2.595112125762927047 ) ) ;
#10778 = CARTESIAN_POINT ( 'NONE',  ( 73.96491932761539090, 74.51861236923376453, 0.5766211646058294615 ) ) ;
#10779 = CARTESIAN_POINT ( 'NONE',  ( -22.45849502682987264, 10.98253163573217073, -2.010878835394169339 ) ) ;
#10780 = ADVANCED_FACE ( 'NONE', ( #10462 ), #6612, .T. ) ;
#10781 = FACE_OUTER_BOUND ( 'NONE', #5687, .T. ) ;
#10782 = FACE_OUTER_BOUND ( 'NONE', #6689, .T. ) ;
#10783 = ORIENTED_EDGE ( 'NONE', *, *, #4128, .F. ) ;
#10784 = VECTOR ( 'NONE', #1520, 1000.000000000000000 ) ;
#10785 = ORIENTED_EDGE ( 'NONE', *, *, #1916, .T. ) ;
#10786 = ORIENTED_EDGE ( 'NONE', *, *, #9146, .T. ) ;
#10787 = VECTOR ( 'NONE', #10885, 1000.000000000000000 ) ;
#10788 = DIRECTION ( 'NONE',  ( 8.524225085263861320E-16, 1.000000000000000000, 0.000000000000000000 ) ) ;
#10789 = VERTEX_POINT ( 'NONE', #4794 ) ;
#10790 = CARTESIAN_POINT ( 'NONE',  ( -27.25189491100861972, -3.725715171022588645, -2.227594986248940145 ) ) ;
#10791 = AXIS2_PLACEMENT_3D ( 'NONE', #2204, #2146, #7190 ) ;
#10792 = DIRECTION ( 'NONE',  ( -0.9125093245148790944, 0.4090559040930703549, 0.000000000000000000 ) ) ;
#10793 = CARTESIAN_POINT ( 'NONE',  ( 0.000000000000000000, 0.000000000000000000, -1.499999999999996225 ) ) ;
#10794 = VECTOR ( 'NONE', #550, 1000.000000000000114 ) ;
#10795 = CARTESIAN_POINT ( 'NONE',  ( 26.72916168311616758, -20.93828974291378842, -1.912499999999999645 ) ) ;
#10796 = DIRECTION ( 'NONE',  ( 0.000000000000000000, -0.000000000000000000, 1.000000000000000000 ) ) ;
#10797 = EDGE_CURVE ( 'NONE', #11932, #2070, #1621, .T. ) ;
#10798 = ORIENTED_EDGE ( 'NONE', *, *, #4186, .F. ) ;
#10799 = LINE ( 'NONE', #10732, #9732 ) ;
#10800 = CARTESIAN_POINT ( 'NONE',  ( -23.12503487272739733, 9.739397606730937795, 2.524973699431845908 ) ) ;
#10801 = ORIENTED_EDGE ( 'NONE', *, *, #2946, .T. ) ;
#10802 = ORIENTED_EDGE ( 'NONE', *, *, #9813, .T. ) ;
#10803 = FACE_OUTER_BOUND ( 'NONE', #171, .T. ) ;
#10804 = VERTEX_POINT ( 'NONE', #5570 ) ;
#10805 = VECTOR ( 'NONE', #9195, 1000.000000000000000 ) ;
#10806 = EDGE_CURVE ( 'NONE', #12407, #3902, #3746, .T. ) ;
#10807 = VERTEX_POINT ( 'NONE', #12395 ) ;
#10808 = LINE ( 'NONE', #11719, #4614 ) ;
#10809 = CARTESIAN_POINT ( 'NONE',  ( 31.82301518632153758, -22.15936833182790977, 1.912499999999999645 ) ) ;
#10810 = DIRECTION ( 'NONE',  ( 1.000000000000000000, 0.000000000000000000, -0.000000000000000000 ) ) ;
#10811 = CARTESIAN_POINT ( 'NONE',  ( 27.25413850431052865, 3.828081653873424806, -1.737146739850160770 ) ) ;
#10812 = DIRECTION ( 'NONE',  ( -0.8823529411764700070, -0.4705882352941187508, 0.000000000000000000 ) ) ;
#10813 = VERTEX_POINT ( 'NONE', #3550 ) ;
#10814 = EDGE_CURVE ( 'NONE', #5647, #3119, #7647, .T. ) ;
#10815 = LINE ( 'NONE', #10935, #806 ) ;
#10816 = DIRECTION ( 'NONE',  ( 0.8823529411764700070, -0.4705882352941187508, 0.000000000000000000 ) ) ;
#10817 = ORIENTED_EDGE ( 'NONE', *, *, #6223, .T. ) ;
#10818 = DIRECTION ( 'NONE',  ( 0.000000000000000000, -0.000000000000000000, -1.000000000000000000 ) ) ;
#10819 = CARTESIAN_POINT ( 'NONE',  ( 50.16957179191506100, -12.10421909368450066, 2.550000000000000266 ) ) ;
#10820 = ADVANCED_FACE ( 'NONE', ( #8566 ), #8026, .T. ) ;
#10821 = EDGE_CURVE ( 'NONE', #9265, #2054, #9609, .T. ) ;
#10822 = EDGE_CURVE ( 'NONE', #1524, #12479, #11428, .T. ) ;
#10823 = EDGE_CURVE ( 'NONE', #4399, #10479, #5636, .T. ) ;
#10824 = EDGE_CURVE ( 'NONE', #10835, #7683, #9474, .T. ) ;
#10825 = ORIENTED_EDGE ( 'NONE', *, *, #10458, .T. ) ;
#10826 = ORIENTED_EDGE ( 'NONE', *, *, #5868, .F. ) ;
#10827 = CARTESIAN_POINT ( 'NONE',  ( 6.465278121730796634, -10.94380396979420844, -1.912499999999999645 ) ) ;
#10828 = PLANE ( 'NONE',  #6639 ) ;
#10829 = DIRECTION ( 'NONE',  ( 0.9999977528229970769, 0.002119987961336395298, 0.000000000000000000 ) ) ;
#10830 = DIRECTION ( 'NONE',  ( -0.000000000000000000, -0.000000000000000000, -1.000000000000000000 ) ) ;
#10831 = DIRECTION ( 'NONE',  ( 1.000000000000000000, 0.000000000000000000, 0.000000000000000000 ) ) ;
#10832 = DIRECTION ( 'NONE',  ( 8.524225085263861320E-16, 1.000000000000000000, 0.000000000000000000 ) ) ;
#10833 = CARTESIAN_POINT ( 'NONE',  ( 0.000000000000000000, 0.000000000000000000, -2.499999999999996891 ) ) ;
#10834 = VERTEX_POINT ( 'NONE', #12468 ) ;
#10835 = VERTEX_POINT ( 'NONE', #7515 ) ;
#10836 = EDGE_CURVE ( 'NONE', #11421, #728, #2591, .T. ) ;
#10837 = ORIENTED_EDGE ( 'NONE', *, *, #9608, .F. ) ;
#10838 = LINE ( 'NONE', #12775, #8685 ) ;
#10839 = EDGE_LOOP ( 'NONE', ( #6420, #4216, #12527, #9425 ) ) ;
#10840 = DIRECTION ( 'NONE',  ( -0.000000000000000000, -0.000000000000000000, -1.000000000000000000 ) ) ;
#10841 = CYLINDRICAL_SURFACE ( 'NONE', #1537, 200.0000000000000000 ) ;
#10842 = CARTESIAN_POINT ( 'NONE',  ( 28.90448315984091820, -22.21584429078954770, 1.275000000000000133 ) ) ;
#10843 = EDGE_CURVE ( 'NONE', #9977, #5287, #713, .T. ) ;
#10844 = CARTESIAN_POINT ( 'NONE',  ( 15.29075054969256087, -8.811716979782609371, 1.912499999999999645 ) ) ;
#10845 = DIRECTION ( 'NONE',  ( -0.000000000000000000, 1.000000000000000000, -0.000000000000000000 ) ) ;
#10846 = ORIENTED_EDGE ( 'NONE', *, *, #5318, .F. ) ;
#10847 = ORIENTED_EDGE ( 'NONE', *, *, #8199, .F. ) ;
#10848 = CIRCLE ( 'NONE', #4820, 1.000000000000001554 ) ;
#10849 = ORIENTED_EDGE ( 'NONE', *, *, #5670, .F. ) ;
#10850 = VECTOR ( 'NONE', #274, 1000.000000000000000 ) ;
#10851 = FACE_OUTER_BOUND ( 'NONE', #4248, .T. ) ;
#10852 = ORIENTED_EDGE ( 'NONE', *, *, #2380, .F. ) ;
#10853 = CARTESIAN_POINT ( 'NONE',  ( -26.44642354443109866, 7.558438069056609088, -1.595678113052165337 ) ) ;
#10854 = AXIS2_PLACEMENT_3D ( 'NONE', #1951, #4131, #3943 ) ;
#10855 = FACE_OUTER_BOUND ( 'NONE', #9638, .T. ) ;
#10856 = DIRECTION ( 'NONE',  ( 1.000000000000000000, 0.000000000000000000, -0.000000000000000000 ) ) ;
#10857 = CARTESIAN_POINT ( 'NONE',  ( -5.359739972387021822, 29.24690034706065234, 1.275000000000000133 ) ) ;
#10858 = CARTESIAN_POINT ( 'NONE',  ( 4.429863723595951264, 1.329242543690137390, 1.912499999999999645 ) ) ;
#10859 = VERTEX_POINT ( 'NONE', #10959 ) ;
#10860 = EDGE_CURVE ( 'NONE', #6324, #6590, #957, .T. ) ;
#10861 = PLANE ( 'NONE',  #11994 ) ;
#10862 = CARTESIAN_POINT ( 'NONE',  ( -24.84435403892479854, 11.85325886186059918, -1.507866170541316331 ) ) ;
#10863 = ORIENTED_EDGE ( 'NONE', *, *, #4923, .T. ) ;
#10864 = DIRECTION ( 'NONE',  ( -0.3285206249412648272, 0.9444967967061619341, 0.000000000000000000 ) ) ;
#10865 = CIRCLE ( 'NONE', #911, 0.9999999999999994449 ) ;
#10866 = ORIENTED_EDGE ( 'NONE', *, *, #12612, .F. ) ;
#10867 = VERTEX_POINT ( 'NONE', #9920 ) ;
#10868 = FACE_OUTER_BOUND ( 'NONE', #4221, .T. ) ;
#10869 = ORIENTED_EDGE ( 'NONE', *, *, #8333, .F. ) ;
#10870 = LINE ( 'NONE', #7018, #8769 ) ;
#10871 = CARTESIAN_POINT ( 'NONE',  ( 50.16957179191506100, -12.10421909368450066, -1.912499999999999645 ) ) ;
#10872 = DIRECTION ( 'NONE',  ( -0.000000000000000000, -0.000000000000000000, -1.000000000000000000 ) ) ;
#10873 = DIRECTION ( 'NONE',  ( -0.000000000000000000, -0.000000000000000000, -1.000000000000000000 ) ) ;
#10874 = DIRECTION ( 'NONE',  ( 1.000000000000000000, 0.000000000000000000, 0.000000000000000000 ) ) ;
#10875 = VECTOR ( 'NONE', #11135, 1000.000000000000000 ) ;
#10876 = CARTESIAN_POINT ( 'NONE',  ( 7.372455449880622957, 15.86261254676874977, 1.275000000000000133 ) ) ;
#10877 = CARTESIAN_POINT ( 'NONE',  ( 36.04411425442763317, -20.55714728746119135, 1.912499999999999645 ) ) ;
#10878 = ORIENTED_EDGE ( 'NONE', *, *, #11312, .F. ) ;
#10879 = CARTESIAN_POINT ( 'NONE',  ( 7.702410331654453657, 8.161368341907504487, 0.5766211646058294615 ) ) ;
#10880 = PLANE ( 'NONE',  #5792 ) ;
#10881 = EDGE_CURVE ( 'NONE', #7141, #12734, #2061, .T. ) ;
#10882 = ORIENTED_EDGE ( 'NONE', *, *, #3045, .F. ) ;
#10883 = ORIENTED_EDGE ( 'NONE', *, *, #6469, .T. ) ;
#10884 = LINE ( 'NONE', #5930, #8045 ) ;
#10885 = DIRECTION ( 'NONE',  ( 1.000000000000000000, 0.000000000000000000, 0.000000000000000000 ) ) ;
#10886 = CARTESIAN_POINT ( 'NONE',  ( 25.00000000000000000, 0.4128170499297569851, 2.928525943111675467 ) ) ;
#10887 = CARTESIAN_POINT ( 'NONE',  ( 12.22969871862639124, -10.94380396979420844, 2.550000000000000266 ) ) ;
#10888 = DIRECTION ( 'NONE',  ( 0.000000000000000000, 1.000000000000000000, -0.000000000000000000 ) ) ;
#10889 = CARTESIAN_POINT ( 'NONE',  ( 24.31749784111824653, -12.84219154790328687, -4.228812467929488506 ) ) ;
#10890 = B_SPLINE_CURVE_WITH_KNOTS ( 'NONE', 3,
 ( #8832, #6033, #10862, #1350, #12269, #3272, #1957, #7248, #7854, #6274 ),
 .UNSPECIFIED., .F., .F.,
 ( 4, 2, 2, 2, 4 ),
 ( 0.000000000000000000, 0.003662275978850888791, 0.007324551957701777583, 0.01098682793655266637, 0.01464910391540355517 ),
 .UNSPECIFIED. ) ;
#10891 = EDGE_CURVE ( 'NONE', #4025, #1086, #10838, .T. ) ;
#10892 = EDGE_CURVE ( 'NONE', #7179, #4054, #11934, .T. ) ;
#10893 = PLANE ( 'NONE',  #5285 ) ;
#10894 = AXIS2_PLACEMENT_3D ( 'NONE', #10877, #12815, #1260 ) ;
#10895 = ORIENTED_EDGE ( 'NONE', *, *, #10545, .F. ) ;
#10896 = AXIS2_PLACEMENT_3D ( 'NONE', #2031, #2997, #5859 ) ;
#10897 = VERTEX_POINT ( 'NONE', #3857 ) ;
#10898 = ORIENTED_EDGE ( 'NONE', *, *, #1616, .T. ) ;
#10899 = CARTESIAN_POINT ( 'NONE',  ( 57.53364161958099743, 13.43642638473705198, 1.912499999999999645 ) ) ;
#10900 = VECTOR ( 'NONE', #6912, 1000.000000000000000 ) ;
#10901 = EDGE_CURVE ( 'NONE', #6131, #3827, #9506, .T. ) ;
#10902 = FACE_OUTER_BOUND ( 'NONE', #12628, .T. ) ;
#10903 = LINE ( 'NONE', #8087, #8141 ) ;
#10904 = DIRECTION ( 'NONE',  ( 0.5963240013375910031, 0.8027438479544547478, 0.000000000000000000 ) ) ;
#10905 = LINE ( 'NONE', #5704, #4734 ) ;
#10906 = CARTESIAN_POINT ( 'NONE',  ( 73.96491932761539090, 74.51861236923376453, 0.5766211646058294615 ) ) ;
#10907 = EDGE_LOOP ( 'NONE', ( #7668, #12110, #1434, #3685 ) ) ;
#10908 = ORIENTED_EDGE ( 'NONE', *, *, #5937, .T. ) ;
#10909 = ORIENTED_EDGE ( 'NONE', *, *, #7216, .T. ) ;
#10910 = ADVANCED_FACE ( 'NONE', ( #12845 ), #7952, .T. ) ;
#10911 = DIRECTION ( 'NONE',  ( -1.000000000000000000, 0.000000000000000000, 0.000000000000000000 ) ) ;
#10912 = EDGE_CURVE ( 'NONE', #1885, #6018, #6977, .T. ) ;
#10913 = ORIENTED_EDGE ( 'NONE', *, *, #10891, .T. ) ;
#10914 = CARTESIAN_POINT ( 'NONE',  ( -27.43066914273996915, -2.026049687714630565, -3.103179735119664606 ) ) ;
#10915 = CARTESIAN_POINT ( 'NONE',  ( -6.338277735780555311, 4.278982571868605866, -1.275000000000000133 ) ) ;
#10916 = CARTESIAN_POINT ( 'NONE',  ( 24.84435403892675254, 11.85325886185671607, -1.507866170541363404 ) ) ;
#10917 = LINE ( 'NONE', #6877, #10940 ) ;
#10918 = CARTESIAN_POINT ( 'NONE',  ( 5.926536009056959209, 21.18669797144782407, 2.500000000000000000 ) ) ;
#10919 = ORIENTED_EDGE ( 'NONE', *, *, #10654, .T. ) ;
#10920 = ORIENTED_EDGE ( 'NONE', *, *, #8906, .T. ) ;
#10921 = EDGE_CURVE ( 'NONE', #606, #11667, #9799, .T. ) ;
#10922 = CARTESIAN_POINT ( 'NONE',  ( -13.51126586478674696, 15.14459148665090460, 1.912499999999999645 ) ) ;
#10923 = ORIENTED_EDGE ( 'NONE', *, *, #2874, .F. ) ;
#10924 = CARTESIAN_POINT ( 'NONE',  ( 10.66144447481649848, 9.289807388987387782, 0.5766211646058294615 ) ) ;
#10925 = ORIENTED_EDGE ( 'NONE', *, *, #3407, .T. ) ;
#10926 = AXIS2_PLACEMENT_3D ( 'NONE', #1473, #9322, #1675 ) ;
#10927 = FACE_OUTER_BOUND ( 'NONE', #140, .T. ) ;
#10928 = EDGE_CURVE ( 'NONE', #9368, #116, #11791, .T. ) ;
#10929 = ORIENTED_EDGE ( 'NONE', *, *, #1040, .T. ) ;
#10930 = DIRECTION ( 'NONE',  ( 1.000000000000000000, 0.000000000000000000, 0.000000000000000000 ) ) ;
#10931 = DIRECTION ( 'NONE',  ( -0.8944271909999158554, 0.4472135954999579277, 0.000000000000000000 ) ) ;
#10932 = CARTESIAN_POINT ( 'NONE',  ( -7.939274020753487093, -8.536373850486274506, 1.275000000000000133 ) ) ;
#10933 = FACE_OUTER_BOUND ( 'NONE', #7281, .T. ) ;
#10934 = DIRECTION ( 'NONE',  ( -0.000000000000000000, 0.000000000000000000, 1.000000000000000000 ) ) ;
#10935 = CARTESIAN_POINT ( 'NONE',  ( -14.06231303136081046, 6.562698785064672080, 2.876621164605829506 ) ) ;
#10936 = DIRECTION ( 'NONE',  ( -0.9734171683335670622, -0.2290393337255854089, 0.000000000000000000 ) ) ;
#10937 = VERTEX_POINT ( 'NONE', #8868 ) ;
#10938 = DIRECTION ( 'NONE',  ( -0.000000000000000000, -0.000000000000000000, -1.000000000000000000 ) ) ;
#10939 = LINE ( 'NONE', #5075, #9524 ) ;
#10940 = VECTOR ( 'NONE', #6812, 1000.000000000000000 ) ;
#10941 = VERTEX_POINT ( 'NONE', #1991 ) ;
#10942 = ORIENTED_EDGE ( 'NONE', *, *, #3388, .F. ) ;
#10943 = DIRECTION ( 'NONE',  ( -0.6109151083855742792, 0.7916961098466014368, 0.000000000000000000 ) ) ;
#10944 = VECTOR ( 'NONE', #4527, 1000.000000000000000 ) ;
#10945 = LINE ( 'NONE', #7039, #5160 ) ;
#10946 = LINE ( 'NONE', #8991, #5881 ) ;
#10947 = CIRCLE ( 'NONE', #9276, 1.000000000000001110 ) ;
#10948 = DIRECTION ( 'NONE',  ( 0.000000000000000000, -1.000000000000000000, 0.000000000000000000 ) ) ;
#10949 = DIRECTION ( 'NONE',  ( 0.9983076332362363914, -0.05815384271279178813, 0.000000000000000000 ) ) ;
#10950 = DIRECTION ( 'NONE',  ( -0.000000000000000000, -0.000000000000000000, 1.000000000000000000 ) ) ;
#10951 = EDGE_CURVE ( 'NONE', #2553, #2288, #1088, .T. ) ;
#10952 = DIRECTION ( 'NONE',  ( 0.9892034623538693561, -0.1465486610894719821, 0.000000000000000000 ) ) ;
#10953 = AXIS2_PLACEMENT_3D ( 'NONE', #6995, #4249, #9207 ) ;
#10954 = ORIENTED_EDGE ( 'NONE', *, *, #11129, .T. ) ;
#10955 = VECTOR ( 'NONE', #10713, 1000.000000000000114 ) ;
#10956 = ORIENTED_EDGE ( 'NONE', *, *, #4777, .T. ) ;
#10957 = EDGE_CURVE ( 'NONE', #6555, #7418, #4048, .T. ) ;
#10958 = ORIENTED_EDGE ( 'NONE', *, *, #2644, .F. ) ;
#10959 = CARTESIAN_POINT ( 'NONE',  ( 25.20060078739457055, -11.00816605772133805, 2.951552217187823235 ) ) ;
#10960 = VECTOR ( 'NONE', #6397, 1000.000000000000000 ) ;
#10961 = DIRECTION ( 'NONE',  ( -0.8923663639513965684, -0.4513117242972573551, 0.000000000000000000 ) ) ;
#10962 = CARTESIAN_POINT ( 'NONE',  ( -24.96939734929276611, 1.236606652550183316, 2.876621164605812631 ) ) ;
#10963 = DIRECTION ( 'NONE',  ( -0.000000000000000000, -0.000000000000000000, 1.000000000000000000 ) ) ;
#10964 = CARTESIAN_POINT ( 'NONE',  ( -25.48389806768676280, 7.317448007406627930, -2.595112125762927491 ) ) ;
#10965 = FACE_OUTER_BOUND ( 'NONE', #12650, .T. ) ;
#10966 = ORIENTED_EDGE ( 'NONE', *, *, #8996, .F. ) ;
#10967 = ORIENTED_EDGE ( 'NONE', *, *, #665, .T. ) ;
#10968 = ORIENTED_EDGE ( 'NONE', *, *, #6778, .T. ) ;
#10969 = VECTOR ( 'NONE', #7796, 1000.000000000000000 ) ;
#10970 = AXIS2_PLACEMENT_3D ( 'NONE', #8935, #1273, #5216 ) ;
#10971 = LINE ( 'NONE', #6021, #2056 ) ;
#10972 = CIRCLE ( 'NONE', #5363, 1.000000000000000888 ) ;
#10973 = EDGE_CURVE ( 'NONE', #11460, #7388, #5038, .T. ) ;
#10974 = VECTOR ( 'NONE', #11864, 1000.000000000000000 ) ;
#10975 = EDGE_CURVE ( 'NONE', #5569, #8230, #1027, .T. ) ;
#10976 = ORIENTED_EDGE ( 'NONE', *, *, #3597, .F. ) ;
#10977 = EDGE_CURVE ( 'NONE', #313, #9828, #49, .T. ) ;
#10978 = CARTESIAN_POINT ( 'NONE',  ( -22.80071311932021416, 13.50472070242323852, -2.499999999999996891 ) ) ;
#10979 = ADVANCED_FACE ( 'NONE', ( #8752 ), #108, .T. ) ;
#10980 = AXIS2_PLACEMENT_3D ( 'NONE', #4185, #4318, #6218 ) ;
#10981 = DIRECTION ( 'NONE',  ( 0.9323613089501432416, -0.3615278544908753777, 0.000000000000000000 ) ) ;
#10982 = AXIS2_PLACEMENT_3D ( 'NONE', #7197, #2341, #1176 ) ;
#10983 = CARTESIAN_POINT ( 'NONE',  ( -15.90000000000000391, -26.50000000000000355, 4.871890048187182742 ) ) ;
#10984 = LINE ( 'NONE', #1104, #10554 ) ;
#10985 = VECTOR ( 'NONE', #9486, 1000.000000000000114 ) ;
#10986 = CARTESIAN_POINT ( 'NONE',  ( -5.459641893321363071, -10.94380396979420844, -1.912499999999999423 ) ) ;
#10987 = CARTESIAN_POINT ( 'NONE',  ( 9.511444474816499906, 9.289807388987380676, 0.5766211646058294615 ) ) ;
#10988 = VECTOR ( 'NONE', #11978, 1000.000000000000000 ) ;
#10989 = VERTEX_POINT ( 'NONE', #7051 ) ;
#10990 = LINE ( 'NONE', #5788, #4748 ) ;
#10991 =( NAMED_UNIT ( * ) PLANE_ANGLE_UNIT ( ) SI_UNIT ( $, .RADIAN. ) );
#10992 = ORIENTED_EDGE ( 'NONE', *, *, #8897, .T. ) ;
#10993 = CARTESIAN_POINT ( 'NONE',  ( 9.877106168845855905, -7.588515725881864071, 1.275000000000000133 ) ) ;
#10994 = VECTOR ( 'NONE', #12345, 1000.000000000000114 ) ;
#10995 = ORIENTED_EDGE ( 'NONE', *, *, #9795, .T. ) ;
#10996 = VECTOR ( 'NONE', #6380, 1000.000000000000114 ) ;
#10997 = DIRECTION ( 'NONE',  ( -0.000000000000000000, -0.000000000000000000, -1.000000000000000000 ) ) ;
#10998 = EDGE_CURVE ( 'NONE', #1704, #11122, #11026, .T. ) ;
#10999 = ORIENTED_EDGE ( 'NONE', *, *, #8901, .T. ) ;
#11000 = DIRECTION ( 'NONE',  ( 0.000000000000000000, 1.000000000000000000, -0.000000000000000000 ) ) ;
#11001 = LINE ( 'NONE', #12753, #10222 ) ;
#11002 = PLANE ( 'NONE',  #3242 ) ;
#11003 = DIRECTION ( 'NONE',  ( -0.2290393337255854367, 0.9734171683335670622, 0.000000000000000000 ) ) ;
#11004 = DIRECTION ( 'NONE',  ( 0.000000000000000000, 0.000000000000000000, -1.000000000000000000 ) ) ;
#11005 = EDGE_CURVE ( 'NONE', #10480, #2364, #1148, .T. ) ;
#11006 = DIRECTION ( 'NONE',  ( 0.2982749931359433559, 0.9544799780350308183, -0.000000000000000000 ) ) ;
#11007 = LINE ( 'NONE', #2938, #6524 ) ;
#11008 = ORIENTED_EDGE ( 'NONE', *, *, #7162, .T. ) ;
#11009 = AXIS2_PLACEMENT_3D ( 'NONE', #1121, #7868, #11004 ) ;
#11010 = CARTESIAN_POINT ( 'NONE',  ( 16.85106962060824287, -7.997046380840592050, 1.275000000000000133 ) ) ;
#11011 = FACE_OUTER_BOUND ( 'NONE', #9183, .T. ) ;
#11012 = VECTOR ( 'NONE', #8362, 1000.000000000000000 ) ;
#11013 = ORIENTED_EDGE ( 'NONE', *, *, #1366, .T. ) ;
#11014 = VERTEX_POINT ( 'NONE', #11744 ) ;
#11015 = ORIENTED_EDGE ( 'NONE', *, *, #2417, .T. ) ;
#11016 = CARTESIAN_POINT ( 'NONE',  ( 1.627768273417554035, -18.41348552438472197, 1.275000000000000133 ) ) ;
#11017 = DIRECTION ( 'NONE',  ( 1.000000000000000000, -0.000000000000000000, -0.000000000000000000 ) ) ;
#11018 = CYLINDRICAL_SURFACE ( 'NONE', #10038, 27.49999999999999645 ) ;
#11019 = FACE_OUTER_BOUND ( 'NONE', #6119, .T. ) ;
#11020 = DIRECTION ( 'NONE',  ( 0.000000000000000000, 1.000000000000000000, 0.000000000000000000 ) ) ;
#11021 = CARTESIAN_POINT ( 'NONE',  ( 47.29902301326381320, -7.762925884080893901, 1.275000000000000133 ) ) ;
#11022 = PLANE ( 'NONE',  #7973 ) ;
#11023 = EDGE_LOOP ( 'NONE', ( #8353, #6902, #9567, #1313 ) ) ;
#11024 = ORIENTED_EDGE ( 'NONE', *, *, #6456, .T. ) ;
#11025 = VERTEX_POINT ( 'NONE', #2832 ) ;
#11026 = LINE ( 'NONE', #2126, #4724 ) ;
#11027 = DIRECTION ( 'NONE',  ( -1.000000000000000000, -0.000000000000000000, -0.000000000000000000 ) ) ;
#11028 = DIRECTION ( 'NONE',  ( 0.000000000000000000, 1.000000000000000000, 0.000000000000000000 ) ) ;
#11029 = LINE ( 'NONE', #1218, #1264 ) ;
#11030 = CARTESIAN_POINT ( 'NONE',  ( 6.070177707534485378, 7.254566538103156326, 0.5766211646058294615 ) ) ;
#11031 = LINE ( 'NONE', #8758, #11387 ) ;
#11032 = ORIENTED_EDGE ( 'NONE', *, *, #11286, .T. ) ;
#11033 = ORIENTED_EDGE ( 'NONE', *, *, #2967, .F. ) ;
#11034 = ORIENTED_EDGE ( 'NONE', *, *, #8514, .F. ) ;
#11035 = CARTESIAN_POINT ( 'NONE',  ( -22.94587571363852874, 1.369501866246042310, 1.439121164605829506 ) ) ;
#11036 = ORIENTED_EDGE ( 'NONE', *, *, #41, .F. ) ;
#11037 = ADVANCED_FACE ( 'NONE', ( #12260 ), #6265, .F. ) ;
#11038 = CARTESIAN_POINT ( 'NONE',  ( -26.43825323035894215, 7.586841607912287344, -2.586723645533611116 ) ) ;
#11039 = DIRECTION ( 'NONE',  ( -1.000000000000000000, 0.000000000000000000, 0.000000000000000000 ) ) ;
#11040 = CARTESIAN_POINT ( 'NONE',  ( 12.22969871862639124, -10.94380396979420844, 2.550000000000000266 ) ) ;
#11041 = VECTOR ( 'NONE', #9104, 1000.000000000000000 ) ;
#11042 = PLANE ( 'NONE',  #7198 ) ;
#11043 = DIRECTION ( 'NONE',  ( 0.9999995035849108538, 0.0009964085165624543289, 0.000000000000000000 ) ) ;
#11044 = ORIENTED_EDGE ( 'NONE', *, *, #11991, .F. ) ;
#11045 = ORIENTED_EDGE ( 'NONE', *, *, #4203, .T. ) ;
#11046 = CARTESIAN_POINT ( 'NONE',  ( -7.939274020753487093, -8.536373850486274506, -1.275000000000000133 ) ) ;
#11047 = ORIENTED_EDGE ( 'NONE', *, *, #6917, .T. ) ;
#11048 = EDGE_CURVE ( 'NONE', #6576, #7158, #5096, .T. ) ;
#11049 = CARTESIAN_POINT ( 'NONE',  ( 11.64942479529083919, 2.209541179223062368, -1.148378835394170405 ) ) ;
#11050 = EDGE_CURVE ( 'NONE', #11421, #5793, #12123, .T. ) ;
#11051 = VECTOR ( 'NONE', #4505, 1000.000000000000000 ) ;
#11052 = DIRECTION ( 'NONE',  ( -0.4390889703097961005, -0.8984435854032700730, 0.000000000000000000 ) ) ;
#11053 = DIRECTION ( 'NONE',  ( -0.4679360541420691799, -0.8773801015163789074, 0.1060188978298652468 ) ) ;
#11054 = ORIENTED_EDGE ( 'NONE', *, *, #12467, .T. ) ;
#11055 = FACE_OUTER_BOUND ( 'NONE', #12132, .T. ) ;
#11056 = FACE_OUTER_BOUND ( 'NONE', #1751, .T. ) ;
#11057 = CARTESIAN_POINT ( 'NONE',  ( 26.72075462697737080, -6.854607591815226719, -3.527184099373234183 ) ) ;
#11058 = EDGE_CURVE ( 'NONE', #7417, #4279, #2245, .T. ) ;
#11059 = PLANE ( 'NONE',  #4340 ) ;
#11060 = ORIENTED_EDGE ( 'NONE', *, *, #5303, .T. ) ;
#11061 = DIRECTION ( 'NONE',  ( 0.000000000000000000, -0.9927783471781702618, 0.1199631333959753909 ) ) ;
#11062 = LINE ( 'NONE', #3186, #3490 ) ;
#11063 = CIRCLE ( 'NONE', #3360, 2.000000000000001776 ) ;
#11064 = ORIENTED_EDGE ( 'NONE', *, *, #533, .T. ) ;
#11065 = DIRECTION ( 'NONE',  ( -1.000000000000000000, 0.000000000000000000, 0.000000000000000000 ) ) ;
#11066 = ADVANCED_FACE ( 'NONE', ( #438 ), #8277, .T. ) ;
#11067 = DIRECTION ( 'NONE',  ( 0.9492577079257522588, -0.3144992908474473214, 0.000000000000000000 ) ) ;
#11068 = EDGE_CURVE ( 'NONE', #7263, #2001, #3149, .T. ) ;
#11069 = ORIENTED_EDGE ( 'NONE', *, *, #5811, .F. ) ;
#11070 = VECTOR ( 'NONE', #11677, 1000.000000000000000 ) ;
#11071 = EDGE_LOOP ( 'NONE', ( #10327, #37, #10412, #7735 ) ) ;
#11072 = CARTESIAN_POINT ( 'NONE',  ( 24.28421530421658403, -10.48790597677185232, 3.944330564366027136 ) ) ;
#11073 = LINE ( 'NONE', #8070, #7032 ) ;
#11074 = CARTESIAN_POINT ( 'NONE',  ( 13.64993377744630187, -10.19732215022125921, -1.275000000000000133 ) ) ;
#11075 = CARTESIAN_POINT ( 'NONE',  ( 10.69221011028679413, 7.320610632720734756, 0.5766211646058294615 ) ) ;
#11076 = CARTESIAN_POINT ( 'NONE',  ( 10.66144447481649848, 9.289807388987387782, 1.151621164605829417 ) ) ;
#11077 = LINE ( 'NONE', #7165, #3928 ) ;
#11078 = DIRECTION ( 'NONE',  ( -0.2223603367690603350, -0.9749645535258962825, 0.000000000000000000 ) ) ;
#11079 = EDGE_CURVE ( 'NONE', #8211, #6278, #4304, .T. ) ;
#11080 = VERTEX_POINT ( 'NONE', #4375 ) ;
#11081 = VERTEX_POINT ( 'NONE', #5224 ) ;
#11082 = VERTEX_POINT ( 'NONE', #8204 ) ;
#11083 = VERTEX_POINT ( 'NONE', #12186 ) ;
#11084 = PLANE ( 'NONE',  #5356 ) ;
#11085 = CARTESIAN_POINT ( 'NONE',  ( 40.62796951583546701, 38.93595086433998631, -1.275000000000000133 ) ) ;
#11086 = EDGE_CURVE ( 'NONE', #5197, #8467, #9329, .T. ) ;
#11087 = DIRECTION ( 'NONE',  ( -0.7599024951790761540, 0.6500370741893218840, 0.000000000000000000 ) ) ;
#11088 = DIRECTION ( 'NONE',  ( -0.000000000000000000, -6.197530749804934925E-17, -1.000000000000000000 ) ) ;
#11089 = CARTESIAN_POINT ( 'NONE',  ( -23.12477445222483752, 9.739689214936847250, -2.524983129257881931 ) ) ;
#11090 = CARTESIAN_POINT ( 'NONE',  ( -27.50000000000081002, 1.221755145764740869, 1.874907433340124330 ) ) ;
#11091 = DIRECTION ( 'NONE',  ( 0.000000000000000000, -1.000000000000000000, 1.084202172485504434E-16 ) ) ;
#11092 = EDGE_LOOP ( 'NONE', ( #11654, #8840, #7326, #2375 ) ) ;
#11093 = VERTEX_POINT ( 'NONE', #7301 ) ;
#11094 = ADVANCED_FACE ( 'NONE', ( #7114 ), #6209, .T. ) ;
#11095 = ORIENTED_EDGE ( 'NONE', *, *, #9044, .T. ) ;
#11096 = DIRECTION ( 'NONE',  ( -0.1114955775176152408, 0.9937649300483557546, 0.000000000000000000 ) ) ;
#11097 = CIRCLE ( 'NONE', #5492, 25.00000000000000000 ) ;
#11098 = ORIENTED_EDGE ( 'NONE', *, *, #3768, .F. ) ;
#11099 = DIRECTION ( 'NONE',  ( -0.000000000000000000, 0.000000000000000000, -1.000000000000000000 ) ) ;
#11100 = CARTESIAN_POINT ( 'NONE',  ( 54.49523530626897383, 24.02149891502483925, -1.912499999999999645 ) ) ;
#11101 = LINE ( 'NONE', #1423, #360 ) ;
#11102 = CARTESIAN_POINT ( 'NONE',  ( -11.15871233562060993, -5.627004915346575764, 1.275000000000000133 ) ) ;
#11103 = CARTESIAN_POINT ( 'NONE',  ( -7.441698547952724674, -8.342872277730432273, -1.912499999999999645 ) ) ;
#11104 = ORIENTED_EDGE ( 'NONE', *, *, #8331, .F. ) ;
#11105 = DIRECTION ( 'NONE',  ( -0.000000000000000000, -0.000000000000000000, 1.000000000000000000 ) ) ;
#11106 = ORIENTED_EDGE ( 'NONE', *, *, #6241, .T. ) ;
#11107 = LINE ( 'NONE', #2395, #3492 ) ;
#11108 = ORIENTED_EDGE ( 'NONE', *, *, #4161, .F. ) ;
#11109 = DIRECTION ( 'NONE',  ( 1.000000000000000000, 0.000000000000000000, 0.000000000000000000 ) ) ;
#11110 = EDGE_CURVE ( 'NONE', #12284, #11893, #1214, .T. ) ;
#11111 = CARTESIAN_POINT ( 'NONE',  ( 51.55835326246926087, -3.549632666827320815, -1.275000000000000133 ) ) ;
#11112 = DIRECTION ( 'NONE',  ( -0.000000000000000000, -0.000000000000000000, -1.000000000000000000 ) ) ;
#11113 = ORIENTED_EDGE ( 'NONE', *, *, #6310, .F. ) ;
#11114 = EDGE_CURVE ( 'NONE', #5115, #4742, #301, .T. ) ;
#11115 = DIRECTION ( 'NONE',  ( 1.000000000000000000, 0.000000000000000000, 0.000000000000000000 ) ) ;
#11116 = PLANE ( 'NONE',  #615 ) ;
#11117 = DIRECTION ( 'NONE',  ( -0.4896940731790661583, -0.8718943254163863399, 0.000000000000000000 ) ) ;
#11118 = LINE ( 'NONE', #10156, #4978 ) ;
#11119 = VERTEX_POINT ( 'NONE', #241 ) ;
#11120 = LINE ( 'NONE', #2220, #6610 ) ;
#11121 = CARTESIAN_POINT ( 'NONE',  ( 11.64942479529083919, 2.209541179223062368, 1.151621164605829417 ) ) ;
#11122 = VERTEX_POINT ( 'NONE', #8145 ) ;
#11123 = CARTESIAN_POINT ( 'NONE',  ( 12.64269975298302384, 19.21359266134064470, 2.500000000000000000 ) ) ;
#11124 = DIRECTION ( 'NONE',  ( -0.3576472666070510953, -0.9338567516961607806, 0.000000000000000000 ) ) ;
#11125 = VECTOR ( 'NONE', #10355, 1000.000000000000000 ) ;
#11126 = ADVANCED_FACE ( 'NONE', ( #10384, #9254, #5362 ), #9066, .F. ) ;
#11127 = ORIENTED_EDGE ( 'NONE', *, *, #8356, .F. ) ;
#11128 = EDGE_CURVE ( 'NONE', #1642, #8951, #1406, .T. ) ;
#11129 = EDGE_CURVE ( 'NONE', #9014, #10415, #12319, .T. ) ;
#11130 = ORIENTED_EDGE ( 'NONE', *, *, #9315, .T. ) ;
#11131 = CARTESIAN_POINT ( 'NONE',  ( 5.153962473847291115, 30.12831799411278411, -2.550000000000000266 ) ) ;
#11132 = EDGE_CURVE ( 'NONE', #3839, #1033, #799, .T. ) ;
#11133 =( BOUNDED_CURVE ( )  B_SPLINE_CURVE ( 3, ( #3079, #8859, #12831, #3920 ),
 .UNSPECIFIED., .F., .T. ) 
 B_SPLINE_CURVE_WITH_KNOTS ( ( 4, 4 ),
 ( 4.222431654130961221, 4.300548115057971188 ),
 .UNSPECIFIED. ) 
 CURVE ( )  GEOMETRIC_REPRESENTATION_ITEM ( )  RATIONAL_B_SPLINE_CURVE ( ( 1.000000000000000000, 0.9994915495213065881, 0.9994915495213065881, 1.000000000000000000 ) ) 
 REPRESENTATION_ITEM ( '' )  );
#11134 = DIRECTION ( 'NONE',  ( -0.3078202854146709355, 0.9514445185544088135, 0.000000000000000000 ) ) ;
#11135 = DIRECTION ( 'NONE',  ( -0.000000000000000000, -0.000000000000000000, -1.000000000000000000 ) ) ;
#11136 = VECTOR ( 'NONE', #4420, 1000.000000000000000 ) ;
#11137 = CARTESIAN_POINT ( 'NONE',  ( -27.50000000000000000, 13.50472070242359557, 2.500000000000007550 ) ) ;
#11138 = PLANE ( 'NONE',  #1211 ) ;
#11139 = LINE ( 'NONE', #2178, #5809 ) ;
#11140 = LINE ( 'NONE', #7232, #12590 ) ;
#11141 = ORIENTED_EDGE ( 'NONE', *, *, #11068, .F. ) ;
#11142 = ORIENTED_EDGE ( 'NONE', *, *, #6600, .F. ) ;
#11143 = AXIS2_PLACEMENT_3D ( 'NONE', #8421, #12396, #3346 ) ;
#11144 = CARTESIAN_POINT ( 'NONE',  ( -25.00000000000000000, 0.4128652393161384992, 2.928522681747188106 ) ) ;
#11145 = DIRECTION ( 'NONE',  ( -1.000000000000000000, 0.000000000000000000, 0.000000000000000000 ) ) ;
#11146 = EDGE_CURVE ( 'NONE', #9226, #10456, #11340, .T. ) ;
#11147 = CARTESIAN_POINT ( 'NONE',  ( -24.55587571363852817, 1.369501866246042310, 1.439121164605829506 ) ) ;
#11148 = DIRECTION ( 'NONE',  ( 1.000000000000000000, 0.000000000000000000, 0.000000000000000000 ) ) ;
#11149 = CARTESIAN_POINT ( 'NONE',  ( -24.10087170400607803, 6.666413891979730444, -2.616250444437016043 ) ) ;
#11150 = CARTESIAN_POINT ( 'NONE',  ( -26.38253660785952803, -2.467197610249451500, -3.138095389685520598 ) ) ;
#11151 = DIRECTION ( 'NONE',  ( -0.000000000000000000, -0.000000000000000000, 1.000000000000000000 ) ) ;
#11152 = ORIENTED_EDGE ( 'NONE', *, *, #9150, .T. ) ;
#11153 = ORIENTED_EDGE ( 'NONE', *, *, #7086, .T. ) ;
#11154 = EDGE_CURVE ( 'NONE', #3827, #8181, #7433, .T. ) ;
#11155 = CARTESIAN_POINT ( 'NONE',  ( 5.587945083414529002, 7.254566538103156326, 1.151621164605829417 ) ) ;
#11156 = VECTOR ( 'NONE', #1340, 1000.000000000000000 ) ;
#11157 = VECTOR ( 'NONE', #5181, 1000.000000000000000 ) ;
#11158 = ORIENTED_EDGE ( 'NONE', *, *, #10391, .F. ) ;
#11159 = CARTESIAN_POINT ( 'NONE',  ( 73.96491932761539090, 1.369501866246042310, 2.014121164605829239 ) ) ;
#11160 = CARTESIAN_POINT ( 'NONE',  ( -23.66111738797359010, 14.01433280440184781, 1.500000000000007550 ) ) ;
#11161 = LINE ( 'NONE', #4328, #5953 ) ;
#11162 = VECTOR ( 'NONE', #5210, 1000.000000000000000 ) ;
#11163 = CARTESIAN_POINT ( 'NONE',  ( 11.09498354161330980, -22.67002808068498965, 1.912499999999999645 ) ) ;
#11164 = LINE ( 'NONE', #385, #6440 ) ;
#11165 = ORIENTED_EDGE ( 'NONE', *, *, #2240, .F. ) ;
#11166 = LINE ( 'NONE', #12023, #851 ) ;
#11167 = ORIENTED_EDGE ( 'NONE', *, *, #1692, .T. ) ;
#11168 = VECTOR ( 'NONE', #1868, 1000.000000000000000 ) ;
#11169 = VECTOR ( 'NONE', #5723, 1000.000000000000000 ) ;
#11170 = DIRECTION ( 'NONE',  ( 0.9422693018636915108, -0.3348560328937070785, 0.000000000000000000 ) ) ;
#11171 = EDGE_LOOP ( 'NONE', ( #4572, #8543, #2646, #12414 ) ) ;
#11172 = PLANE ( 'NONE',  #3721 ) ;
#11173 = VECTOR ( 'NONE', #7058, 1000.000000000000000 ) ;
#11174 = VECTOR ( 'NONE', #9075, 1000.000000000000114 ) ;
#11175 = CIRCLE ( 'NONE', #7224, 25.00000000000000000 ) ;
#11176 = PLANE ( 'NONE',  #8891 ) ;
#11177 = PLANE ( 'NONE',  #2081 ) ;
#11178 = VECTOR ( 'NONE', #11170, 1000.000000000000114 ) ;
#11179 = ORIENTED_EDGE ( 'NONE', *, *, #12090, .F. ) ;
#11180 = VECTOR ( 'NONE', #5659, 1000.000000000000000 ) ;
#11181 = VECTOR ( 'NONE', #7385, 1000.000000000000000 ) ;
#11182 = LINE ( 'NONE', #1314, #6698 ) ;
#11183 = CARTESIAN_POINT ( 'NONE',  ( -4.017163115139052998, -4.259417619979115166, 1.912499999999999645 ) ) ;
#11184 = EDGE_CURVE ( 'NONE', #10015, #6251, #9849, .T. ) ;
#11185 = DIRECTION ( 'NONE',  ( 1.000000000000000000, 0.000000000000000000, 0.000000000000000000 ) ) ;
#11186 = DIRECTION ( 'NONE',  ( -0.000000000000000000, -0.000000000000000000, -1.000000000000000000 ) ) ;
#11187 = ORIENTED_EDGE ( 'NONE', *, *, #12240, .F. ) ;
#11188 = CARTESIAN_POINT ( 'NONE',  ( 13.44659553120966677, -8.770583410597117435, -1.912499999999999645 ) ) ;
#11189 = PLANE ( 'NONE',  #4660 ) ;
#11190 = ORIENTED_EDGE ( 'NONE', *, *, #1489, .F. ) ;
#11191 = AXIS2_PLACEMENT_3D ( 'NONE', #2538, #3227, #7195 ) ;
#11192 = FACE_OUTER_BOUND ( 'NONE', #9087, .T. ) ;
#11193 = PLANE ( 'NONE',  #1656 ) ;
#11194 = VECTOR ( 'NONE', #9379, 1000.000000000000114 ) ;
#11195 = ORIENTED_EDGE ( 'NONE', *, *, #7075, .T. ) ;
#11196 = ORIENTED_EDGE ( 'NONE', *, *, #619, .F. ) ;
#11197 = DIRECTION ( 'NONE',  ( 1.000000000000000000, 0.000000000000000000, -0.000000000000000000 ) ) ;
#11198 = EDGE_CURVE ( 'NONE', #4480, #12614, #9829, .T. ) ;
#11199 = CARTESIAN_POINT ( 'NONE',  ( 10.13806131947392686, -7.679219674304288645, 1.912499999999999645 ) ) ;
#11200 = LINE ( 'NONE', #1393, #2976 ) ;
#11201 = VECTOR ( 'NONE', #673, 1000.000000000000000 ) ;
#11202 = VERTEX_POINT ( 'NONE', #635 ) ;
#11203 = DIRECTION ( 'NONE',  ( -0.4036402065763011193, 0.9149178015729286795, 0.000000000000000000 ) ) ;
#11204 = CARTESIAN_POINT ( 'NONE',  ( 26.18021400753555383, -4.049467126822000829, 3.271206784793432742 ) ) ;
#11205 = CIRCLE ( 'NONE', #7251, 27.49999999999999645 ) ;
#11206 = CARTESIAN_POINT ( 'NONE',  ( 7.819285395806756078, 8.739284460724460857, -1.275000000000000133 ) ) ;
#11207 = EDGE_CURVE ( 'NONE', #9177, #12161, #11480, .T. ) ;
#11208 = DIRECTION ( 'NONE',  ( 1.000000000000000000, 0.000000000000000000, 0.000000000000000000 ) ) ;
#11209 = EDGE_CURVE ( 'NONE', #7698, #6335, #6466, .T. ) ;
#11210 = EDGE_CURVE ( 'NONE', #11082, #9022, #10808, .T. ) ;
#11211 = ADVANCED_FACE ( 'NONE', ( #2513 ), #1904, .F. ) ;
#11212 = EDGE_CURVE ( 'NONE', #11444, #3314, #4584, .T. ) ;
#11213 =( BOUNDED_CURVE ( )  B_SPLINE_CURVE ( 3, ( #259, #6283, #4252, #1164 ),
 .UNSPECIFIED., .F., .T. ) 
 B_SPLINE_CURVE_WITH_KNOTS ( ( 4, 4 ),
 ( 4.222431654130961221, 4.300548115057971188 ),
 .UNSPECIFIED. ) 
 CURVE ( )  GEOMETRIC_REPRESENTATION_ITEM ( )  RATIONAL_B_SPLINE_CURVE ( ( 1.000000000000000000, 0.9994915495213065881, 0.9994915495213065881, 1.000000000000000000 ) ) 
 REPRESENTATION_ITEM ( '' )  );
#11214 = ORIENTED_EDGE ( 'NONE', *, *, #5256, .T. ) ;
#11215 = VERTEX_POINT ( 'NONE', #8404 ) ;
#11216 = DIRECTION ( 'NONE',  ( -0.7485881801731546492, 0.6630352452962395837, 0.000000000000000000 ) ) ;
#11217 = DIRECTION ( 'NONE',  ( -0.9008444880292469925, 0.4341419219418043984, 0.000000000000000000 ) ) ;
#11218 = LINE ( 'NONE', #2311, #4721 ) ;
#11219 = CARTESIAN_POINT ( 'NONE',  ( 15.46899601616303421, -8.160435467678976096, -1.912499999999999645 ) ) ;
#11220 = DIRECTION ( 'NONE',  ( 0.5358244397314756435, -0.8443294201829345536, 0.000000000000000000 ) ) ;
#11221 = FACE_OUTER_BOUND ( 'NONE', #76, .T. ) ;
#11222 = CARTESIAN_POINT ( 'NONE',  ( 9.877106168845855905, -7.588515725881864071, -1.912499999999999645 ) ) ;
#11223 = EDGE_CURVE ( 'NONE', #8911, #7465, #2579, .T. ) ;
#11224 = VERTEX_POINT ( 'NONE', #6532 ) ;
#11225 = ORIENTED_EDGE ( 'NONE', *, *, #9905, .T. ) ;
#11226 = CARTESIAN_POINT ( 'NONE',  ( 73.96491932761539090, 6.562698785064672080, 1.151621164605829417 ) ) ;
#11227 = CARTESIAN_POINT ( 'NONE',  ( -11.15871233562060993, -5.627004915346575764, 1.275000000000000133 ) ) ;
#11228 = ADVANCED_FACE ( 'NONE', ( #2807 ), #8841, .F. ) ;
#11229 = EDGE_CURVE ( 'NONE', #8951, #6823, #4885, .T. ) ;
#11230 = ORIENTED_EDGE ( 'NONE', *, *, #6185, .F. ) ;
#11231 = LINE ( 'NONE', #11159, #3060 ) ;
#11232 = EDGE_CURVE ( 'NONE', #1541, #8290, #12807, .T. ) ;
#11233 = DIRECTION ( 'NONE',  ( -1.000000000000000000, 0.000000000000000000, 0.000000000000000000 ) ) ;
#11234 = FACE_BOUND ( 'NONE', #12268, .T. ) ;
#11235 = DIRECTION ( 'NONE',  ( -0.000000000000000000, -0.000000000000000000, -1.000000000000000000 ) ) ;
#11236 = CARTESIAN_POINT ( 'NONE',  ( -20.30087571363854693, 10.24187953564172027, 1.439121164605829506 ) ) ;
#11237 = ORIENTED_EDGE ( 'NONE', *, *, #9507, .T. ) ;
#11238 = CARTESIAN_POINT ( 'NONE',  ( 14.03200173286605867, 8.483312583677848906, 2.563046285822906611 ) ) ;
#11239 = ORIENTED_EDGE ( 'NONE', *, *, #2509, .F. ) ;
#11240 = CARTESIAN_POINT ( 'NONE',  ( 6.070177707534485378, 6.104566538103151530, 1.151621164605829417 ) ) ;
#11241 = VERTEX_POINT ( 'NONE', #3894 ) ;
#11242 = CARTESIAN_POINT ( 'NONE',  ( -19.73771211221854571, 14.36860075111488122, -2.499999999999997335 ) ) ;
#11243 = EDGE_CURVE ( 'NONE', #3522, #10590, #3462, .T. ) ;
#11244 = ORIENTED_EDGE ( 'NONE', *, *, #3970, .F. ) ;
#11245 = DIRECTION ( 'NONE',  ( -0.6507913734559580554, -0.7592566023653055662, 0.000000000000000000 ) ) ;
#11246 = CARTESIAN_POINT ( 'NONE',  ( 7.372455449880622957, 15.86261254676874977, -1.275000000000000133 ) ) ;
#11247 = ORIENTED_EDGE ( 'NONE', *, *, #11717, .T. ) ;
#11248 = CARTESIAN_POINT ( 'NONE',  ( 20.53593437477012174, 43.41236235352887718, -1.912499999999999645 ) ) ;
#11249 = CARTESIAN_POINT ( 'NONE',  ( 19.30543496340549225, 30.12831799411278411, 2.550000000000000266 ) ) ;
#11250 = EDGE_CURVE ( 'NONE', #6819, #2317, #1840, .T. ) ;
#11251 = FACE_OUTER_BOUND ( 'NONE', #445, .T. ) ;
#11252 = CARTESIAN_POINT ( 'NONE',  ( 11.30748009436489276, 8.151174703035154678, 0.5766211646058294615 ) ) ;
#11253 = ORIENTED_EDGE ( 'NONE', *, *, #9413, .T. ) ;
#11254 = LINE ( 'NONE', #6173, #5567 ) ;
#11255 = DIRECTION ( 'NONE',  ( 0.3144992908474473214, 0.9492577079257522588, -0.000000000000000000 ) ) ;
#11256 = ORIENTED_EDGE ( 'NONE', *, *, #9792, .T. ) ;
#11257 = FACE_OUTER_BOUND ( 'NONE', #5426, .T. ) ;
#11259 = LINE ( 'NONE', #10490, #3087 ) ;
#11258 = VECTOR ( 'NONE', #1544, 1000.000000000000000 ) ;
#11260 = ORIENTED_EDGE ( 'NONE', *, *, #7448, .F. ) ;
#11261 = ORIENTED_EDGE ( 'NONE', *, *, #6710, .F. ) ;
#11262 = CARTESIAN_POINT ( 'NONE',  ( 24.72155221635692968, 9.791967615049758322, 2.524442655535164004 ) ) ;
#11263 = CARTESIAN_POINT ( 'NONE',  ( -14.06231303136081046, 6.562698785064672080, 2.620515480705437383 ) ) ;
#11264 = FACE_OUTER_BOUND ( 'NONE', #3136, .T. ) ;
#11265 = VERTEX_POINT ( 'NONE', #12752 ) ;
#11266 = LINE ( 'NONE', #488, #2467 ) ;
#11267 = FACE_OUTER_BOUND ( 'NONE', #7720, .T. ) ;
#11268 = FACE_OUTER_BOUND ( 'NONE', #12258, .T. ) ;
#11269 = CARTESIAN_POINT ( 'NONE',  ( 50.16957179191506100, -10.94380396979420844, 2.550000000000000266 ) ) ;
#11270 = EDGE_CURVE ( 'NONE', #6607, #2553, #7864, .T. ) ;
#11271 = AXIS2_PLACEMENT_3D ( 'NONE', #2422, #8324, #3140 ) ;
#11272 = ORIENTED_EDGE ( 'NONE', *, *, #5524, .T. ) ;
#11273 = ORIENTED_EDGE ( 'NONE', *, *, #482, .T. ) ;
#11274 = CARTESIAN_POINT ( 'NONE',  ( 37.94256167830387483, 35.43741449081242934, 1.275000000000000133 ) ) ;
#11275 = CARTESIAN_POINT ( 'NONE',  ( 9.542210110286795555, 7.320610632720728539, 0.5766211646058294615 ) ) ;
#11276 = DIRECTION ( 'NONE',  ( 0.000000000000000000, -1.000000000000000000, 0.000000000000000000 ) ) ;
#11277 = EDGE_CURVE ( 'NONE', #8544, #7683, #6889, .T. ) ;
#11278 = LINE ( 'NONE', #7364, #11700 ) ;
#11279 = DIRECTION ( 'NONE',  ( 0.9163854831779781884, -0.4002969475535175792, 0.000000000000000000 ) ) ;
#11280 = EDGE_CURVE ( 'NONE', #496, #3239, #141, .T. ) ;
#11281 = LINE ( 'NONE', #10584, #9942 ) ;
#11282 = LINE ( 'NONE', #2373, #10769 ) ;
#11283 = ORIENTED_EDGE ( 'NONE', *, *, #8989, .F. ) ;
#11284 = DIRECTION ( 'NONE',  ( 0.000000000000000000, 0.000000000000000000, -1.000000000000000000 ) ) ;
#11285 = CARTESIAN_POINT ( 'NONE',  ( -6.338277735780555311, 4.278982571868605866, 1.275000000000000133 ) ) ;
#11286 = EDGE_CURVE ( 'NONE', #1087, #155, #3179, .T. ) ;
#11287 = EDGE_LOOP ( 'NONE', ( #6571, #128, #8666, #11606 ) ) ;
#11288 = CARTESIAN_POINT ( 'NONE',  ( 0.000000000000000000, 0.000000000000000000, 2.550000000000000266 ) ) ;
#11289 = DIRECTION ( 'NONE',  ( 0.000000000000000000, 0.000000000000000000, 1.000000000000000000 ) ) ;
#11290 = EDGE_CURVE ( 'NONE', #9463, #8999, #9893, .T. ) ;
#11291 = LINE ( 'NONE', #5306, #2764 ) ;
#11292 = LINE ( 'NONE', #196, #8023 ) ;
#11293 = EDGE_CURVE ( 'NONE', #5569, #7972, #3958, .T. ) ;
#11294 = DIRECTION ( 'NONE',  ( -0.000000000000000000, -0.000000000000000000, -1.000000000000000000 ) ) ;
#11295 = LINE ( 'NONE', #1361, #5944 ) ;
#11296 = VERTEX_POINT ( 'NONE', #12096 ) ;
#11297 = LINE ( 'NONE', #6347, #404 ) ;
#11298 = ORIENTED_EDGE ( 'NONE', *, *, #6055, .T. ) ;
#11299 = ORIENTED_EDGE ( 'NONE', *, *, #121, .T. ) ;
#11300 = CARTESIAN_POINT ( 'NONE',  ( 8.691830596236838957, -12.10421909368450066, 2.550000000000000266 ) ) ;
#11301 = EDGE_LOOP ( 'NONE', ( #7340, #3296, #11127, #7499 ) ) ;
#11302 = CARTESIAN_POINT ( 'NONE',  ( 10.66144447481649848, 8.139807388987382097, 0.5766211646058294615 ) ) ;
#11303 = EDGE_CURVE ( 'NONE', #5851, #9446, #10021, .T. ) ;
#11304 = VECTOR ( 'NONE', #534, 1000.000000000000000 ) ;
#11305 = VERTEX_POINT ( 'NONE', #7921 ) ;
#11306 = DIRECTION ( 'NONE',  ( -0.2631174057920981357, 0.9647638212377349642, 0.000000000000000000 ) ) ;
#11307 = CARTESIAN_POINT ( 'NONE',  ( -12.27310490515512065, -3.300466042107845333, 1.275000000000000133 ) ) ;
#11308 = ORIENTED_EDGE ( 'NONE', *, *, #7426, .T. ) ;
#11309 = CARTESIAN_POINT ( 'NONE',  ( -4.918113946227249400, -3.467136158867170082, 1.275000000000000133 ) ) ;
#11310 = FACE_OUTER_BOUND ( 'NONE', #3020, .T. ) ;
#11312 = EDGE_CURVE ( 'NONE', #4255, #1146, #5980, .T. ) ;
#11311 = AXIS2_PLACEMENT_3D ( 'NONE', #2237, #12118, #5284 ) ;
#11313 = DIRECTION ( 'NONE',  ( 0.000000000000000000, 1.000000000000000000, 0.000000000000000000 ) ) ;
#11314 = CARTESIAN_POINT ( 'NONE',  ( -21.91087571363854636, 9.799920833554187638, 2.014121164605829239 ) ) ;
#11315 = EDGE_LOOP ( 'NONE', ( #4138, #12717, #7949, #3635 ) ) ;
#11316 = CARTESIAN_POINT ( 'NONE',  ( 50.16957179191506100, -10.94380396979420844, -2.550000000000000266 ) ) ;
#11317 = CARTESIAN_POINT ( 'NONE',  ( 7.194788650422020204, 11.01861372742245315, 1.275000000000000133 ) ) ;
#11318 = VERTEX_POINT ( 'NONE', #23 ) ;
#11319 = DIRECTION ( 'NONE',  ( 0.000000000000000000, -0.000000000000000000, 1.000000000000000000 ) ) ;
#11320 = EDGE_CURVE ( 'NONE', #7141, #10037, #1061, .T. ) ;
#11321 = DIRECTION ( 'NONE',  ( 0.000000000000000000, -1.000000000000000000, 0.000000000000000000 ) ) ;
#11322 = EDGE_CURVE ( 'NONE', #325, #12565, #3125, .T. ) ;
#11323 = VERTEX_POINT ( 'NONE', #7084 ) ;
#11324 = VERTEX_POINT ( 'NONE', #9033 ) ;
#11325 = EDGE_CURVE ( 'NONE', #3428, #4682, #77, .T. ) ;
#11326 = CARTESIAN_POINT ( 'NONE',  ( 26.51447841183390253, 0.6256912607352382860, 2.912419407985509245 ) ) ;
#11327 = LINE ( 'NONE', #290, #10996 ) ;
#11328 = DIRECTION ( 'NONE',  ( 0.9291711076192176177, -0.3696499056751892387, 0.000000000000000000 ) ) ;
#11329 = VERTEX_POINT ( 'NONE', #8175 ) ;
#11330 = ORIENTED_EDGE ( 'NONE', *, *, #7392, .T. ) ;
#11331 = CARTESIAN_POINT ( 'NONE',  ( -14.76193061260650552, -10.94380396979420844, 2.550000000000000266 ) ) ;
#11332 = CARTESIAN_POINT ( 'NONE',  ( 26.59129988246147391, 7.031986416094844650, 2.603912372568014000 ) ) ;
#11333 = CARTESIAN_POINT ( 'NONE',  ( 11.48298480446653791, -2.955195369709572084, -1.275000000000000133 ) ) ;
#11334 = VECTOR ( 'NONE', #10637, 1000.000000000000000 ) ;
#11335 = CARTESIAN_POINT ( 'NONE',  ( -5.900596736361536365, -8.847358520986746910, -1.275000000000000133 ) ) ;
#11336 = ORIENTED_EDGE ( 'NONE', *, *, #8609, .F. ) ;
#11337 = VERTEX_POINT ( 'NONE', #6166 ) ;
#11338 = VECTOR ( 'NONE', #3952, 1000.000000000000000 ) ;
#11339 = LINE ( 'NONE', #2433, #4096 ) ;
#11340 = LINE ( 'NONE', #172, #1519 ) ;
#11341 = LINE ( 'NONE', #440, #10770 ) ;
#11342 = DIRECTION ( 'NONE',  ( 0.000000000000000000, -1.000000000000000000, 0.000000000000000000 ) ) ;
#11343 = CARTESIAN_POINT ( 'NONE',  ( 27.51470495408816674, 0.5970002331302035614, -1.913580200584964475 ) ) ;
#11344 = ADVANCED_FACE ( 'NONE', ( #11055 ), #1178, .T. ) ;
#11345 = LINE ( 'NONE', #10453, #3904 ) ;
#11346 = DIRECTION ( 'NONE',  ( 0.3310877130290858505, 0.9435999821328792114, -0.000000000000000000 ) ) ;
#11347 = ORIENTED_EDGE ( 'NONE', *, *, #1437, .F. ) ;
#11348 = VERTEX_POINT ( 'NONE', #2214 ) ;
#11349 = PLANE ( 'NONE',  #2996 ) ;
#11350 = DIRECTION ( 'NONE',  ( 0.000000000000000000, 2.479012299922036093E-16, 1.000000000000000000 ) ) ;
#11351 = EDGE_LOOP ( 'NONE', ( #6395, #2444, #7324, #776 ) ) ;
#11352 = EDGE_CURVE ( 'NONE', #11364, #11025, #4015, .T. ) ;
#11353 = VECTOR ( 'NONE', #10872, 1000.000000000000000 ) ;
#11354 = ORIENTED_EDGE ( 'NONE', *, *, #5650, .F. ) ;
#11355 = CARTESIAN_POINT ( 'NONE',  ( -14.06231303136081046, 13.50472070242324030, -202.5000000000000000 ) ) ;
#11356 = CARTESIAN_POINT ( 'NONE',  ( 4.067257280038277578, -19.98267288438036715, 2.550000000000000266 ) ) ;
#11357 = FACE_OUTER_BOUND ( 'NONE', #6377, .T. ) ;
#11358 = DIRECTION ( 'NONE',  ( 0.000000000000000000, 2.479012299922036093E-16, 1.000000000000000000 ) ) ;
#11359 = CARTESIAN_POINT ( 'NONE',  ( -1.953036272342378421, -15.39100795260625176, 1.912499999999999645 ) ) ;
#11360 = DIRECTION ( 'NONE',  ( -0.000000000000000000, -0.000000000000000000, -1.000000000000000000 ) ) ;
#11361 = ORIENTED_EDGE ( 'NONE', *, *, #4356, .T. ) ;
#11362 = LINE ( 'NONE', #583, #823 ) ;
#11363 = ORIENTED_EDGE ( 'NONE', *, *, #5813, .T. ) ;
#11364 = VERTEX_POINT ( 'NONE', #10153 ) ;
#11365 = CARTESIAN_POINT ( 'NONE',  ( -24.26470588235294557, -12.94117647058821952, -3.176635312041685477 ) ) ;
#11366 = ORIENTED_EDGE ( 'NONE', *, *, #8701, .F. ) ;
#11367 = DIRECTION ( 'NONE',  ( -0.9435999821328792114, 0.3310877130290858505, 0.000000000000000000 ) ) ;
#11368 = AXIS2_PLACEMENT_3D ( 'NONE', #4524, #3479, #6680 ) ;
#11369 = ADVANCED_FACE ( 'NONE', ( #1253 ), #11962, .T. ) ;
#11370 = EDGE_CURVE ( 'NONE', #8582, #4517, #3057, .T. ) ;
#11371 = EDGE_CURVE ( 'NONE', #3072, #2134, #4209, .T. ) ;
#11372 = ORIENTED_EDGE ( 'NONE', *, *, #3582, .T. ) ;
#11373 = CARTESIAN_POINT ( 'NONE',  ( 49.00538528815310713, 31.63700866735529615, -1.912499999999999645 ) ) ;
#11374 = ORIENTED_EDGE ( 'NONE', *, *, #4449, .T. ) ;
#11375 = AXIS2_PLACEMENT_3D ( 'NONE', #3204, #6134, #11216 ) ;
#11376 = VERTEX_POINT ( 'NONE', #3233 ) ;
#11377 = LINE ( 'NONE', #11309, #10648 ) ;
#11378 = CARTESIAN_POINT ( 'NONE',  ( 15.66780826722624553, -8.167291062543229785, 1.912499999999999645 ) ) ;
#11379 = AXIS2_PLACEMENT_3D ( 'NONE', #8314, #12101, #12296 ) ;
#11380 = CARTESIAN_POINT ( 'NONE',  ( -7.966917102575755472, -8.418890752741647887, -1.912499999999999645 ) ) ;
#11381 = CARTESIAN_POINT ( 'NONE',  ( -25.98729616063748438, 5.254999322911648285, 2.669561484855359712 ) ) ;
#11382 = ORIENTED_EDGE ( 'NONE', *, *, #11391, .T. ) ;
#11383 = LINE ( 'NONE', #7279, #4090 ) ;
#11384 = LINE ( 'NONE', #9435, #7345 ) ;
#11385 = EDGE_LOOP ( 'NONE', ( #818, #12462, #11794, #462 ) ) ;
#11386 = CARTESIAN_POINT ( 'NONE',  ( 11.78601176087834901, -2.644953485764136136, -1.275000000000000133 ) ) ;
#11387 = VECTOR ( 'NONE', #11151, 1000.000000000000000 ) ;
#11388 = AXIS2_PLACEMENT_3D ( 'NONE', #8552, #12520, #634 ) ;
#11389 = DIRECTION ( 'NONE',  ( -0.7958286941208436716, -0.6055218324832826182, 0.000000000000000000 ) ) ;
#11390 = VECTOR ( 'NONE', #9883, 1000.000000000000114 ) ;
#11391 = EDGE_CURVE ( 'NONE', #8724, #5037, #10870, .T. ) ;
#11392 = AXIS2_PLACEMENT_3D ( 'NONE', #10793, #6875, #1893 ) ;
#11393 = VECTOR ( 'NONE', #3530, 1000.000000000000000 ) ;
#11394 = EDGE_LOOP ( 'NONE', ( #8818, #8155, #12442, #9038 ) ) ;
#11395 = ORIENTED_EDGE ( 'NONE', *, *, #9196, .F. ) ;
#11396 = DIRECTION ( 'NONE',  ( 0.000000000000000000, 2.479012299922036093E-16, 1.000000000000000000 ) ) ;
#11397 = EDGE_CURVE ( 'NONE', #6975, #1704, #2096, .T. ) ;
#11398 = CARTESIAN_POINT ( 'NONE',  ( 7.721179918986527113, 16.39501474110608115, 1.912499999999999645 ) ) ;
#11399 = DIRECTION ( 'NONE',  ( 0.000000000000000000, 0.000000000000000000, 1.000000000000000000 ) ) ;
#11400 = CIRCLE ( 'NONE', #1020, 2.999999999999999112 ) ;
#11401 = ORIENTED_EDGE ( 'NONE', *, *, #5751, .F. ) ;
#11402 = VERTEX_POINT ( 'NONE', #4946 ) ;
#11403 = FACE_OUTER_BOUND ( 'NONE', #12577, .T. ) ;
#11404 = CARTESIAN_POINT ( 'NONE',  ( 26.26545930908531190, 3.718568831861169599, 2.736942637028887848 ) ) ;
#11406 = LINE ( 'NONE', #2503, #12250 ) ;
#11405 = VECTOR ( 'NONE', #9160, 1000.000000000000114 ) ;
#11407 = ORIENTED_EDGE ( 'NONE', *, *, #165, .F. ) ;
#11408 = VECTOR ( 'NONE', #7555, 1000.000000000000114 ) ;
#11409 = CARTESIAN_POINT ( 'NONE',  ( 24.75384775110262581, -3.615703939653882149, -3.232057185567154267 ) ) ;
#11410 = VERTEX_POINT ( 'NONE', #332 ) ;
#11411 = AXIS2_PLACEMENT_3D ( 'NONE', #27, #1909, #3062 ) ;
#11412 = ORIENTED_EDGE ( 'NONE', *, *, #6763, .F. ) ;
#11413 = DIRECTION ( 'NONE',  ( 6.938893903907222067E-15, -1.000000000000000000, 0.000000000000000000 ) ) ;
#11414 = CARTESIAN_POINT ( 'NONE',  ( 13.01686196111461236, -31.78592068951412841, 6.517892515345613091 ) ) ;
#11415 = AXIS2_PLACEMENT_3D ( 'NONE', #4845, #1015, #8803 ) ;
#11416 = CARTESIAN_POINT ( 'NONE',  ( -12.27310490515512065, -3.300466042107845333, 1.275000000000000133 ) ) ;
#11417 = FACE_OUTER_BOUND ( 'NONE', #10105, .T. ) ;
#11418 = CARTESIAN_POINT ( 'NONE',  ( -1.921773770931815672, -12.10421909368450066, 2.550000000000000266 ) ) ;
#11419 = CARTESIAN_POINT ( 'NONE',  ( -7.579913957064055907, -8.273764573174778647, 1.275000000000000133 ) ) ;
#11420 = ORIENTED_EDGE ( 'NONE', *, *, #4043, .T. ) ;
#11421 = VERTEX_POINT ( 'NONE', #8309 ) ;
#11422 = LINE ( 'NONE', #12529, #3616 ) ;
#11423 = LINE ( 'NONE', #9143, #6622 ) ;
#11424 = EDGE_LOOP ( 'NONE', ( #1172, #6663, #6093, #839 ) ) ;
#11425 = AXIS2_PLACEMENT_3D ( 'NONE', #11691, #6015, #9994 ) ;
#11426 = ORIENTED_EDGE ( 'NONE', *, *, #6633, .F. ) ;
#11427 = AXIS2_PLACEMENT_3D ( 'NONE', #11500, #654, #2531 ) ;
#11428 = LINE ( 'NONE', #12534, #4509 ) ;
#11429 = FACE_OUTER_BOUND ( 'NONE', #4152, .T. ) ;
#11430 = DIRECTION ( 'NONE',  ( 1.000000000000000000, 0.000000000000000000, 0.000000000000000000 ) ) ;
#11431 = CARTESIAN_POINT ( 'NONE',  ( 47.05655862065253103, -7.616966707446510831, -1.275000000000000133 ) ) ;
#11432 = CARTESIAN_POINT ( 'NONE',  ( 15.38045670213009863, 8.483312583677848906, 2.876621164605829506 ) ) ;
#11433 = DIRECTION ( 'NONE',  ( 1.000000000000000000, 0.000000000000000000, 0.000000000000000000 ) ) ;
#11434 = ORIENTED_EDGE ( 'NONE', *, *, #9545, .F. ) ;
#11435 = DIRECTION ( 'NONE',  ( 0.000000000000000000, 1.000000000000000000, -0.000000000000000000 ) ) ;
#11436 = ORIENTED_EDGE ( 'NONE', *, *, #6892, .F. ) ;
#11437 = VERTEX_POINT ( 'NONE', #405 ) ;
#11438 = DIRECTION ( 'NONE',  ( -0.6782801027330607191, -0.7348034446274925857, 0.000000000000000000 ) ) ;
#11439 = ORIENTED_EDGE ( 'NONE', *, *, #2720, .F. ) ;
#11440 = PLANE ( 'NONE',  #11191 ) ;
#11441 = EDGE_CURVE ( 'NONE', #6872, #9950, #9363, .T. ) ;
#11442 = VERTEX_POINT ( 'NONE', #12353 ) ;
#11443 = FACE_OUTER_BOUND ( 'NONE', #10633, .T. ) ;
#11444 = VERTEX_POINT ( 'NONE', #10213 ) ;
#11445 = VERTEX_POINT ( 'NONE', #7274 ) ;
#11446 = FACE_OUTER_BOUND ( 'NONE', #1963, .T. ) ;
#11447 = CARTESIAN_POINT ( 'NONE',  ( -19.73771211221855992, 11.72940970132443894, -2.010878835394170228 ) ) ;
#11448 = CARTESIAN_POINT ( 'NONE',  ( 24.28421530421658403, -10.48790597677185232, 3.944330564366027136 ) ) ;
#11449 = CARTESIAN_POINT ( 'NONE',  ( -23.87675240100816509, 11.69702682263091553, 2.500000000000008882 ) ) ;
#11450 = EDGE_CURVE ( 'NONE', #3754, #12548, #10417, .T. ) ;
#11451 = ADVANCED_FACE ( 'NONE', ( #8238 ), #1509, .T. ) ;
#11452 = ORIENTED_EDGE ( 'NONE', *, *, #12666, .F. ) ;
#11453 = LINE ( 'NONE', #8593, #7425 ) ;
#11454 = LINE ( 'NONE', #2552, #1141 ) ;
#11455 = ORIENTED_EDGE ( 'NONE', *, *, #11628, .F. ) ;
#11456 = PLANE ( 'NONE',  #6338 ) ;
#11457 = LINE ( 'NONE', #478, #1439 ) ;
#11458 = AXIS2_PLACEMENT_3D ( 'NONE', #2865, #10022, #10931 ) ;
#11459 = EDGE_CURVE ( 'NONE', #6790, #12352, #6435, .T. ) ;
#11460 = VERTEX_POINT ( 'NONE', #6239 ) ;
#11461 = CARTESIAN_POINT ( 'NONE',  ( 57.37133812373669883, 9.423239790125027326, -1.275000000000000133 ) ) ;
#11462 = CARTESIAN_POINT ( 'NONE',  ( -27.50000000000000000, 27.50000000000000000, 2.500000000000003997 ) ) ;
#11463 = DIRECTION ( 'NONE',  ( -0.8120153713427195052, -0.5836360481525667554, 0.000000000000000000 ) ) ;
#11464 = CARTESIAN_POINT ( 'NONE',  ( -14.06231303136081046, 6.562698785064672080, -2.620515480705437383 ) ) ;
#11465 = ORIENTED_EDGE ( 'NONE', *, *, #3412, .F. ) ;
#11466 = AXIS2_PLACEMENT_3D ( 'NONE', #12633, #1587, #7684 ) ;
#11467 = ORIENTED_EDGE ( 'NONE', *, *, #10975, .F. ) ;
#11468 = EDGE_CURVE ( 'NONE', #4803, #4159, #7398, .T. ) ;
#11469 = CARTESIAN_POINT ( 'NONE',  ( -4.148326245437850446, -10.94380396979420844, 2.550000000000000266 ) ) ;
#11470 = CARTESIAN_POINT ( 'NONE',  ( 25.98778452116107829, 5.252566247308589453, 2.669662186374266888 ) ) ;
#11471 = PLANE ( 'NONE',  #5178 ) ;
#11472 = AXIS2_PLACEMENT_3D ( 'NONE', #6809, #10792, #1892 ) ;
#11473 = VERTEX_POINT ( 'NONE', #2477 ) ;
#11474 = CARTESIAN_POINT ( 'NONE',  ( 27.49999999999999645, -2.576707815202274765E-11, -1.954188478669855789 ) ) ;
#11475 = EDGE_CURVE ( 'NONE', #7238, #4989, #3302, .T. ) ;
#11476 = ORIENTED_EDGE ( 'NONE', *, *, #7394, .F. ) ;
#11477 = VECTOR ( 'NONE', #3698, 1000.000000000000000 ) ;
#11478 = ORIENTED_EDGE ( 'NONE', *, *, #6763, .T. ) ;
#11479 = CARTESIAN_POINT ( 'NONE',  ( -26.18021400753464789, -4.049467126821554963, 3.271206784793393219 ) ) ;
#11480 = LINE ( 'NONE', #11414, #2760 ) ;
#11481 = CARTESIAN_POINT ( 'NONE',  ( 50.16957179191506100, -12.10421909368450066, 1.912499999999999645 ) ) ;
#11482 = CARTESIAN_POINT ( 'NONE',  ( 50.16957179191506100, -12.10421909368450066, 1.912499999999999645 ) ) ;
#11483 = ADVANCED_FACE ( 'NONE', ( #9429 ), #6299, .T. ) ;
#11484 = CARTESIAN_POINT ( 'NONE',  ( -0.6104581230483032694, -10.94380396979420844, 1.912499999999999645 ) ) ;
#11485 = DIRECTION ( 'NONE',  ( 0.8823529411764700070, 0.4705882352941187508, 0.000000000000000000 ) ) ;
#11486 = ORIENTED_EDGE ( 'NONE', *, *, #6695, .F. ) ;
#11487 = ORIENTED_EDGE ( 'NONE', *, *, #10378, .T. ) ;
#11488 = PLANE ( 'NONE',  #8614 ) ;
#11489 = AXIS2_PLACEMENT_3D ( 'NONE', #4995, #5962, #11829 ) ;
#11490 = DIRECTION ( 'NONE',  ( -6.938893903907222067E-15, -1.000000000000000000, 0.000000000000000000 ) ) ;
#11491 = EDGE_CURVE ( 'NONE', #11785, #5647, #5401, .T. ) ;
#11492 = ORIENTED_EDGE ( 'NONE', *, *, #2679, .F. ) ;
#11493 = PLANE ( 'NONE',  #11368 ) ;
#11494 = VECTOR ( 'NONE', #5874, 1000.000000000000000 ) ;
#11495 = CARTESIAN_POINT ( 'NONE',  ( -29.04673649573542704, -0.9304981337539541819, 2.876621164605829506 ) ) ;
#11496 = DIRECTION ( 'NONE',  ( -0.000000000000000000, -0.000000000000000000, -1.000000000000000000 ) ) ;
#11497 = DIRECTION ( 'NONE',  ( -0.000000000000000000, 1.000000000000000000, -0.000000000000000000 ) ) ;
#11498 = EDGE_CURVE ( 'NONE', #9407, #10332, #11377, .T. ) ;
#11499 = PLANE ( 'NONE',  #1002 ) ;
#11500 = CARTESIAN_POINT ( 'NONE',  ( 26.49481981001235198, -9.714557292503382513, 1.275000000000000133 ) ) ;
#11501 = ORIENTED_EDGE ( 'NONE', *, *, #5685, .F. ) ;
#11502 = CARTESIAN_POINT ( 'NONE',  ( 3.747344086032916799, 74.51861236923376453, 1.151621164605829417 ) ) ;
#11503 = VERTEX_POINT ( 'NONE', #2404 ) ;
#11504 = ORIENTED_EDGE ( 'NONE', *, *, #8513, .F. ) ;
#11505 = ORIENTED_EDGE ( 'NONE', *, *, #2310, .F. ) ;
#11506 = CARTESIAN_POINT ( 'NONE',  ( -7.441698547952724674, -8.342872277730432273, -1.275000000000000133 ) ) ;
#11507 = ORIENTED_EDGE ( 'NONE', *, *, #12449, .F. ) ;
#11508 = ORIENTED_EDGE ( 'NONE', *, *, #1369, .F. ) ;
#11509 = DIRECTION ( 'NONE',  ( -0.8354170822439391797, 0.5496165014762778300, 0.000000000000000000 ) ) ;
#11510 = ORIENTED_EDGE ( 'NONE', *, *, #10237, .F. ) ;
#11511 = ORIENTED_EDGE ( 'NONE', *, *, #7215, .F. ) ;
#11512 = LINE ( 'NONE', #6564, #10658 ) ;
#11513 = DIRECTION ( 'NONE',  ( 0.5317681325356471422, -0.8468899888530684317, 0.000000000000000000 ) ) ;
#11514 = DIRECTION ( 'NONE',  ( -0.7496365639656836777, -0.6618496974130331223, 0.000000000000000000 ) ) ;
#11515 = LINE ( 'NONE', #2481, #12246 ) ;
#11516 = EDGE_CURVE ( 'NONE', #10150, #2473, #1575, .T. ) ;
#11517 = VERTEX_POINT ( 'NONE', #10279 ) ;
#11518 = CIRCLE ( 'NONE', #5065, 5.000000000000001776 ) ;
#11519 = CARTESIAN_POINT ( 'NONE',  ( 24.98888518728510988, 0.8603725321869249987, -2.899636068932899047 ) ) ;
#11520 = CARTESIAN_POINT ( 'NONE',  ( -27.50000000000000000, 13.50472070242359557, 202.5000000000000000 ) ) ;
#11521 = ORIENTED_EDGE ( 'NONE', *, *, #2705, .F. ) ;
#11522 = LINE ( 'NONE', #9766, #1387 ) ;
#11523 = AXIS2_PLACEMENT_3D ( 'NONE', #5130, #11907, #6953 ) ;
#11524 = EDGE_CURVE ( 'NONE', #6775, #1579, #12417, .T. ) ;
#11525 = CIRCLE ( 'NONE', #12567, 25.00000000000000000 ) ;
#11526 = ORIENTED_EDGE ( 'NONE', *, *, #6930, .F. ) ;
#11527 = DIRECTION ( 'NONE',  ( -0.000000000000000000, -0.000000000000000000, -1.000000000000000000 ) ) ;
#11528 = LINE ( 'NONE', #2623, #9084 ) ;
#11529 = LINE ( 'NONE', #4768, #6002 ) ;
#11530 = LINE ( 'NONE', #689, #12607 ) ;
#11531 = ORIENTED_EDGE ( 'NONE', *, *, #10505, .F. ) ;
#11532 = ORIENTED_EDGE ( 'NONE', *, *, #7672, .F. ) ;
#11533 = CARTESIAN_POINT ( 'NONE',  ( 5.153962473847291115, -12.10421909368450066, 2.550000000000000266 ) ) ;
#11534 = PLANE ( 'NONE',  #10360 ) ;
#11535 = CARTESIAN_POINT ( 'NONE',  ( 23.95215145368184650, 7.182157385863598087, -2.599307171714416942 ) ) ;
#11536 = EDGE_LOOP ( 'NONE', ( #1649, #10706, #7675, #3294 ) ) ;
#11537 = CARTESIAN_POINT ( 'NONE',  ( 27.24520247398790929, -3.764818711996699374, -2.230985339973099890 ) ) ;
#11538 = EDGE_CURVE ( 'NONE', #9022, #3244, #4345, .T. ) ;
#11539 = EDGE_CURVE ( 'NONE', #5056, #9337, #596, .T. ) ;
#11540 = ADVANCED_FACE ( 'NONE', ( #11446 ), #2546, .T. ) ;
#11541 = EDGE_CURVE ( 'NONE', #4753, #879, #10481, .T. ) ;
#11542 = ORIENTED_EDGE ( 'NONE', *, *, #10137, .T. ) ;
#11543 = ORIENTED_EDGE ( 'NONE', *, *, #4607, .T. ) ;
#11544 = CARTESIAN_POINT ( 'NONE',  ( -25.20060078739457055, -11.00816605772133094, 2.951552217187856986 ) ) ;
#11545 = LINE ( 'NONE', #832, #6824 ) ;
#11546 = CARTESIAN_POINT ( 'NONE',  ( -7.897809398020091187, -8.204656868619112586, -1.275000000000000133 ) ) ;
#11547 = CARTESIAN_POINT ( 'NONE',  ( 7.702410331654446551, 9.311368341907503066, 0.5766211646058294615 ) ) ;
#11548 = DIRECTION ( 'NONE',  ( -0.8120153713427195052, -0.5836360481525667554, 0.000000000000000000 ) ) ;
#11549 = EDGE_LOOP ( 'NONE', ( #479, #8316, #12544, #1602 ) ) ;
#11550 = ORIENTED_EDGE ( 'NONE', *, *, #4158, .T. ) ;
#11551 = DIRECTION ( 'NONE',  ( -0.000000000000000000, 0.000000000000000000, 1.000000000000000000 ) ) ;
#11552 = CARTESIAN_POINT ( 'NONE',  ( 7.721179918986527113, 16.39501474110608115, 1.275000000000000133 ) ) ;
#11553 = EDGE_LOOP ( 'NONE', ( #1574, #2572, #5192, #4196 ) ) ;
#11554 = AXIS2_PLACEMENT_3D ( 'NONE', #9902, #5206, #1126 ) ;
#11555 = EDGE_CURVE ( 'NONE', #3863, #1145, #11182, .T. ) ;
#11556 = ORIENTED_EDGE ( 'NONE', *, *, #7641, .T. ) ;
#11557 = DIRECTION ( 'NONE',  ( -0.000000000000000000, -0.000000000000000000, -1.000000000000000000 ) ) ;
#11558 = CARTESIAN_POINT ( 'NONE',  ( -5.193779476585772770, -3.819049601878066635, 1.275000000000000133 ) ) ;
#11559 = DIRECTION ( 'NONE',  ( -0.4722214125154186037, 0.8814799700287822004, 0.000000000000000000 ) ) ;
#11560 = CARTESIAN_POINT ( 'NONE',  ( 11.30748009436489276, 8.151174703035154678, 0.5766211646058294615 ) ) ;
#11561 = EDGE_CURVE ( 'NONE', #9752, #9578, #2740, .T. ) ;
#11562 = DIRECTION ( 'NONE',  ( 0.9999591765455476677, 0.009035775691678103044, 0.000000000000000000 ) ) ;
#11563 = CARTESIAN_POINT ( 'NONE',  ( 31.12862530695704422, 38.28872363052321504, 1.275000000000000133 ) ) ;
#11564 = ORIENTED_EDGE ( 'NONE', *, *, #5813, .F. ) ;
#11565 = CARTESIAN_POINT ( 'NONE',  ( 9.542210110286788449, 6.170610632720729960, 1.151621164605829417 ) ) ;
#11566 = ORIENTED_EDGE ( 'NONE', *, *, #9966, .T. ) ;
#11567 = VERTEX_POINT ( 'NONE', #11760 ) ;
#11568 = ORIENTED_EDGE ( 'NONE', *, *, #6549, .F. ) ;
#11569 = CARTESIAN_POINT ( 'NONE',  ( -24.65198417499211914, -12.20883135682447573, 4.152279903231370639 ) ) ;
#11570 = AXIS2_PLACEMENT_3D ( 'NONE', #5248, #3166, #2270 ) ;
#11571 = EDGE_LOOP ( 'NONE', ( #8213, #7773, #8877, #12578, #3996 ) ) ;
#11572 = ORIENTED_EDGE ( 'NONE', *, *, #5100, .F. ) ;
#11573 = LINE ( 'NONE', #12484, #8267 ) ;
#11574 = ORIENTED_EDGE ( 'NONE', *, *, #6023, .F. ) ;
#11575 = VERTEX_POINT ( 'NONE', #9568 ) ;
#11576 = AXIS2_PLACEMENT_3D ( 'NONE', #3619, #1494, #2727 ) ;
#11577 = CARTESIAN_POINT ( 'NONE',  ( 36.76623602454992579, 42.04239423177097734, 1.275000000000000133 ) ) ;
#11578 = DIRECTION ( 'NONE',  ( 0.000000000000000000, -1.000000000000000000, 0.000000000000000000 ) ) ;
#11579 = AXIS2_PLACEMENT_3D ( 'NONE', #4439, #6328, #1407 ) ;
#11580 = CARTESIAN_POINT ( 'NONE',  ( 7.220177707534483957, 6.104566538103151530, 0.5766211646058294615 ) ) ;
#11581 = CARTESIAN_POINT ( 'NONE',  ( -25.49171806440752874, 7.290468313310402237, 2.595939081607891108 ) ) ;
#11582 = ORIENTED_EDGE ( 'NONE', *, *, #1128, .F. ) ;
#11583 = DIRECTION ( 'NONE',  ( 0.000000000000000000, -1.000000000000000000, 0.000000000000000000 ) ) ;
#11584 = CARTESIAN_POINT ( 'NONE',  ( -24.10158456033574836, 6.663875983108013656, 2.616335993177623109 ) ) ;
#11585 = ORIENTED_EDGE ( 'NONE', *, *, #3856, .T. ) ;
#11586 = CARTESIAN_POINT ( 'NONE',  ( 3.747344086032916799, 1.369501866246042310, 2.876621164605829506 ) ) ;
#11587 = VECTOR ( 'NONE', #11562, 1000.000000000000114 ) ;
#11588 = AXIS2_PLACEMENT_3D ( 'NONE', #11288, #6222, #2385 ) ;
#11589 = ORIENTED_EDGE ( 'NONE', *, *, #8425, .F. ) ;
#11590 = CARTESIAN_POINT ( 'NONE',  ( 6.342436351363956781, -19.35393169683074532, 1.275000000000000133 ) ) ;
#11591 = CARTESIAN_POINT ( 'NONE',  ( 11.30748009436489276, 9.301174703035153257, 0.5766211646058294615 ) ) ;
#11592 = CARTESIAN_POINT ( 'NONE',  ( 13.64993377744630898, 30.12831799411278411, 1.275000000000000133 ) ) ;
#11593 = DIRECTION ( 'NONE',  ( 0.000000000000000000, 0.000000000000000000, 1.000000000000000000 ) ) ;
#11594 = DIRECTION ( 'NONE',  ( 0.000000000000000000, 1.000000000000000000, -0.000000000000000000 ) ) ;
#11595 = VERTEX_POINT ( 'NONE', #6640 ) ;
#11596 = VERTEX_POINT ( 'NONE', #6699 ) ;
#11597 = VECTOR ( 'NONE', #289, 1000.000000000000000 ) ;
#11598 = DIRECTION ( 'NONE',  ( -0.000000000000000000, -0.000000000000000000, -1.000000000000000000 ) ) ;
#11599 = DIRECTION ( 'NONE',  ( 0.000000000000000000, 0.000000000000000000, 1.000000000000000000 ) ) ;
#11600 = ORIENTED_EDGE ( 'NONE', *, *, #9751, .F. ) ;
#11601 = CIRCLE ( 'NONE', #389, 200.0000000000000000 ) ;
#11602 = DIRECTION ( 'NONE',  ( 0.1811624294769339505, 0.9834531885890731573, -0.000000000000000000 ) ) ;
#11603 = AXIS2_PLACEMENT_3D ( 'NONE', #9969, #3000, #5923 ) ;
#11604 = EDGE_CURVE ( 'NONE', #9027, #4182, #2675, .T. ) ;
#11605 = VECTOR ( 'NONE', #3028, 1000.000000000000000 ) ;
#11606 = ORIENTED_EDGE ( 'NONE', *, *, #7064, .T. ) ;
#11607 = VECTOR ( 'NONE', #151, 1000.000000000000000 ) ;
#11608 = AXIS2_PLACEMENT_3D ( 'NONE', #10313, #5493, #6404 ) ;
#11609 = ORIENTED_EDGE ( 'NONE', *, *, #9864, .T. ) ;
#11610 = CARTESIAN_POINT ( 'NONE',  ( -26.51641067932516904, -0.4139055849635623896, 2.982163281517995035 ) ) ;
#11611 = VECTOR ( 'NONE', #324, 1000.000000000000000 ) ;
#11612 = CARTESIAN_POINT ( 'NONE',  ( 11.09498354161330980, -22.67002808068498965, 1.912499999999999645 ) ) ;
#11613 = CIRCLE ( 'NONE', #5994, 0.9999999999999994449 ) ;
#11614 = CARTESIAN_POINT ( 'NONE',  ( 1.616094351457737499, -10.94380396979420844, 2.550000000000000266 ) ) ;
#11615 = VECTOR ( 'NONE', #1013, 1000.000000000000000 ) ;
#11616 = EDGE_CURVE ( 'NONE', #7604, #3374, #8646, .T. ) ;
#11617 = CARTESIAN_POINT ( 'NONE',  ( 83.76737459837873701, 38.80949993093332040, 2.014121164605829239 ) ) ;
#11618 = PLANE ( 'NONE',  #3483 ) ;
#11619 = VERTEX_POINT ( 'NONE', #10670 ) ;
#11620 = EDGE_CURVE ( 'NONE', #5186, #2884, #9757, .T. ) ;
#11621 = ADVANCED_FACE ( 'NONE', ( #670 ), #8586, .T. ) ;
#11622 = PLANE ( 'NONE',  #8177 ) ;
#11623 = AXIS2_PLACEMENT_3D ( 'NONE', #2004, #10911, #6991 ) ;
#11624 = ORIENTED_EDGE ( 'NONE', *, *, #1054, .T. ) ;
#11625 = CIRCLE ( 'NONE', #1444, 200.0000000000000000 ) ;
#11626 = ORIENTED_EDGE ( 'NONE', *, *, #11303, .T. ) ;
#11627 = CARTESIAN_POINT ( 'NONE',  ( 10.00314624412034981, -10.94380396979420844, 2.550000000000000266 ) ) ;
#11628 = EDGE_CURVE ( 'NONE', #3827, #11858, #9391, .T. ) ;
#11629 = CARTESIAN_POINT ( 'NONE',  ( 25.72692455960602587, -6.590188115884983766, -3.501400208278553805 ) ) ;
#11630 = DIRECTION ( 'NONE',  ( 0.000000000000000000, -0.000000000000000000, 1.000000000000000000 ) ) ;
#11631 = DIRECTION ( 'NONE',  ( 0.000000000000000000, 1.000000000000000000, 0.000000000000000000 ) ) ;
#11632 = LINE ( 'NONE', #3861, #11788 ) ;
#11633 = DIRECTION ( 'NONE',  ( 0.9191450300180606936, -0.3939192985791612478, 0.000000000000000000 ) ) ;
#11634 = ORIENTED_EDGE ( 'NONE', *, *, #7302, .T. ) ;
#11635 = VECTOR ( 'NONE', #12038, 1000.000000000000000 ) ;
#11636 = ORIENTED_EDGE ( 'NONE', *, *, #8356, .T. ) ;
#11637 = ORIENTED_EDGE ( 'NONE', *, *, #11712, .F. ) ;
#11638 = EDGE_CURVE ( 'NONE', #8462, #12784, #3636, .T. ) ;
#11639 = VECTOR ( 'NONE', #400, 1000.000000000000000 ) ;
#11640 = EDGE_CURVE ( 'NONE', #12352, #3192, #1768, .T. ) ;
#11641 = ORIENTED_EDGE ( 'NONE', *, *, #2113, .F. ) ;
#11642 = DIRECTION ( 'NONE',  ( 0.5328132696861327400, -0.8462328400897547453, 0.000000000000000000 ) ) ;
#11643 = ORIENTED_EDGE ( 'NONE', *, *, #1149, .F. ) ;
#11644 = EDGE_CURVE ( 'NONE', #3418, #4399, #7599, .T. ) ;
#11645 = ORIENTED_EDGE ( 'NONE', *, *, #2093, .T. ) ;
#11646 = CARTESIAN_POINT ( 'NONE',  ( -27.50000000000000000, -0.3957567177899704580, -2.724837964382785582 ) ) ;
#11647 = ORIENTED_EDGE ( 'NONE', *, *, #1451, .F. ) ;
#11648 =( BOUNDED_SURFACE ( )  B_SPLINE_SURFACE ( 3, 2, ( 
 ( #4401, #5120, #8367 ),
 ( #204, #6233, #4259 ),
 ( #2536, #4538, #7389 ),
 ( #3422, #1566, #11365 ) ),
 .UNSPECIFIED., .F., .F., .T. ) 
 B_SPLINE_SURFACE_WITH_KNOTS ( ( 4, 4 ),
 ( 3, 3 ),
 ( 1.982637192121614600, 2.060753653048625011 ),
 ( 0.000000000000000000, 1.000000000000000000 ),
 .UNSPECIFIED. ) 
 GEOMETRIC_REPRESENTATION_ITEM ( )  RATIONAL_B_SPLINE_SURFACE ( (
 ( 1.000000000000000000, 0.6899199677798257824, 1.000000000000000000),
 ( 1.000000000000000000, 0.6888827043208450851, 1.000000000000000000),
 ( 1.000000000000000000, 0.6878608052307755294, 1.000000000000000000),
 ( 1.000000000000000000, 0.6868576128845171880, 1.000000000000000000) ) ) 
 REPRESENTATION_ITEM ( '' )  SURFACE ( )  );
#11649 = ORIENTED_EDGE ( 'NONE', *, *, #4433, .F. ) ;
#11650 = PLANE ( 'NONE',  #4184 ) ;
#11651 = PLANE ( 'NONE',  #10151 ) ;
#11652 = CARTESIAN_POINT ( 'NONE',  ( -1.238867081853778584, -5.286384341150213828, 1.275000000000000133 ) ) ;
#11653 = PLANE ( 'NONE',  #12452 ) ;
#11654 = ORIENTED_EDGE ( 'NONE', *, *, #4924, .F. ) ;
#11655 = ADVANCED_FACE ( 'NONE', ( #8717 ), #9629, .T. ) ;
#11656 = CARTESIAN_POINT ( 'NONE',  ( -24.91388822508761791, -11.66452687073437033, -3.027980011963470552 ) ) ;
#11657 = CYLINDRICAL_SURFACE ( 'NONE', #7763, 200.0000000000000000 ) ;
#11658 = ORIENTED_EDGE ( 'NONE', *, *, #3661, .T. ) ;
#11659 = DIRECTION ( 'NONE',  ( -0.000000000000000000, -0.000000000000000000, -1.000000000000000000 ) ) ;
#11660 = ADVANCED_FACE ( 'NONE', ( #12619 ), #11650, .T. ) ;
#11661 = ORIENTED_EDGE ( 'NONE', *, *, #10217, .F. ) ;
#11662 = CARTESIAN_POINT ( 'NONE',  ( 14.03200173286605512, 1.369501866246042310, -1.148378835394170627 ) ) ;
#11663 = DIRECTION ( 'NONE',  ( -0.000000000000000000, -0.000000000000000000, 1.000000000000000000 ) ) ;
#11664 = CARTESIAN_POINT ( 'NONE',  ( 26.51644779696300702, -0.3950220084620924554, -2.980886423968867938 ) ) ;
#11665 = FACE_OUTER_BOUND ( 'NONE', #7937, .T. ) ;
#11666 = CARTESIAN_POINT ( 'NONE',  ( 50.01465487017515699, -9.065663206091183923, 1.912499999999999645 ) ) ;
#11667 = VERTEX_POINT ( 'NONE', #3763 ) ;
#11668 = ORIENTED_EDGE ( 'NONE', *, *, #797, .F. ) ;
#11669 = LINE ( 'NONE', #5804, #4321 ) ;
#11670 = CARTESIAN_POINT ( 'NONE',  ( 8.165761974711518434, 42.29764607199436455, 1.275000000000000133 ) ) ;
#11671 = ORIENTED_EDGE ( 'NONE', *, *, #1613, .F. ) ;
#11672 = CYLINDRICAL_SURFACE ( 'NONE', #2824, 1.000000000000000000 ) ;
#11673 = ORIENTED_EDGE ( 'NONE', *, *, #12434, .T. ) ;
#11674 = ORIENTED_EDGE ( 'NONE', *, *, #1600, .F. ) ;
#11675 = CARTESIAN_POINT ( 'NONE',  ( -27.37936494561978762, 2.788271949144110362, 2.784410371491187863 ) ) ;
#11676 = LINE ( 'NONE', #2767, #8672 ) ;
#11677 = DIRECTION ( 'NONE',  ( 1.000000000000000000, 0.000000000000000000, 0.000000000000000000 ) ) ;
#11678 = PLANE ( 'NONE',  #3261 ) ;
#11679 = LINE ( 'NONE', #6969, #4127 ) ;
#11680 = ORIENTED_EDGE ( 'NONE', *, *, #10000, .T. ) ;
#11681 = EDGE_CURVE ( 'NONE', #8866, #743, #11707, .T. ) ;
#11682 = CARTESIAN_POINT ( 'NONE',  ( 16.74702004040473113, 30.12831799411278411, 1.275000000000000133 ) ) ;
#11683 = VERTEX_POINT ( 'NONE', #2792 ) ;
#11684 = AXIS2_PLACEMENT_3D ( 'NONE', #4475, #3365, #3430 ) ;
#11685 = ORIENTED_EDGE ( 'NONE', *, *, #2810, .T. ) ;
#11686 = ADVANCED_FACE ( 'NONE', ( #6751 ), #860, .F. ) ;
#11687 = ADVANCED_FACE ( 'NONE', ( #3817 ), #7780, .T. ) ;
#11688 = CARTESIAN_POINT ( 'NONE',  ( -0.6104581230483032694, 30.12831799411278411, 1.912499999999999645 ) ) ;
#11689 = DIRECTION ( 'NONE',  ( 0.000000000000000000, -1.000000000000000000, 0.000000000000000000 ) ) ;
#11690 = CARTESIAN_POINT ( 'NONE',  ( 56.08082058115941493, 10.42415536329829351, 1.275000000000000133 ) ) ;
#11691 = CARTESIAN_POINT ( 'NONE',  ( 48.80962591760678038, -9.310112360832079048, 1.912499999999999645 ) ) ;
#11692 = CARTESIAN_POINT ( 'NONE',  ( 18.91722184956342190, -6.257502408008911665, 1.275000000000000133 ) ) ;
#11693 = LINE ( 'NONE', #5509, #4141 ) ;
#11694 = ORIENTED_EDGE ( 'NONE', *, *, #12412, .F. ) ;
#11695 = VECTOR ( 'NONE', #6547, 1000.000000000000000 ) ;
#11696 = ORIENTED_EDGE ( 'NONE', *, *, #2654, .T. ) ;
#11697 = ORIENTED_EDGE ( 'NONE', *, *, #8556, .F. ) ;
#11698 = LINE ( 'NONE', #10718, #5592 ) ;
#11699 = EDGE_CURVE ( 'NONE', #3214, #6273, #5842, .T. ) ;
#11700 = VECTOR ( 'NONE', #6401, 1000.000000000000000 ) ;
#11701 = EDGE_CURVE ( 'NONE', #11683, #2365, #11512, .T. ) ;
#11702 = ORIENTED_EDGE ( 'NONE', *, *, #5240, .F. ) ;
#11703 = EDGE_CURVE ( 'NONE', #3673, #852, #7128, .T. ) ;
#11704 = EDGE_CURVE ( 'NONE', #5709, #48, #2199, .T. ) ;
#11705 = DIRECTION ( 'NONE',  ( -0.000000000000000000, -0.000000000000000000, 1.000000000000000000 ) ) ;
#11706 = ORIENTED_EDGE ( 'NONE', *, *, #6503, .T. ) ;
#11707 = LINE ( 'NONE', #9816, #11477 ) ;
#11708 = CARTESIAN_POINT ( 'NONE',  ( 24.38748735576862003, -5.966600216493434417, -1.275000000000000133 ) ) ;
#11709 = CARTESIAN_POINT ( 'NONE',  ( -11.22406249021695679, -10.94380396979420844, -2.550000000000000266 ) ) ;
#11710 = CARTESIAN_POINT ( 'NONE',  ( -3.393155693180008647, -2.159191195676660069, 1.275000000000000133 ) ) ;
#11711 = ORIENTED_EDGE ( 'NONE', *, *, #8674, .F. ) ;
#11712 = EDGE_CURVE ( 'NONE', #10606, #1642, #195, .T. ) ;
#11713 = LINE ( 'NONE', #12692, #3892 ) ;
#11714 = LINE ( 'NONE', #10675, #2797 ) ;
#11715 = ORIENTED_EDGE ( 'NONE', *, *, #6526, .F. ) ;
#11716 = CARTESIAN_POINT ( 'NONE',  ( -2.376103804022871913, -7.651795232173859596, 1.912499999999999645 ) ) ;
#11717 = EDGE_CURVE ( 'NONE', #1573, #668, #5111, .T. ) ;
#11718 = EDGE_LOOP ( 'NONE', ( #12025, #6085, #6232, #10913 ) ) ;
#11719 = CARTESIAN_POINT ( 'NONE',  ( 49.00538528815310713, 31.63700866735529615, 1.912499999999999645 ) ) ;
#11720 = DIRECTION ( 'NONE',  ( -0.000000000000000000, -0.000000000000000000, 1.000000000000000000 ) ) ;
#11721 = DIRECTION ( 'NONE',  ( 0.4788521306805717526, -0.8778955729143851361, 0.000000000000000000 ) ) ;
#11722 = CARTESIAN_POINT ( 'NONE',  ( 25.65118027048397309, 10.14691185013368724, -1.524637784989653744 ) ) ;
#11723 = CARTESIAN_POINT ( 'NONE',  ( 58.52245569878948572, 13.61238845097468619, -1.912499999999999645 ) ) ;
#11724 = ORIENTED_EDGE ( 'NONE', *, *, #11986, .F. ) ;
#11725 = EDGE_CURVE ( 'NONE', #7863, #11683, #6936, .T. ) ;
#11726 = DIRECTION ( 'NONE',  ( -0.9999977528229969659, -0.002119987961336395298, 0.000000000000000000 ) ) ;
#11727 = CARTESIAN_POINT ( 'NONE',  ( 15.38045670213010041, 13.50472070242324030, -202.5000000000000000 ) ) ;
#11728 = EDGE_LOOP ( 'NONE', ( #12733, #6367, #6034, #1427, #11032, #3864 ) ) ;
#11729 = LINE ( 'NONE', #5684, #2406 ) ;
#11730 = AXIS2_PLACEMENT_3D ( 'NONE', #1581, #11255, #2412 ) ;
#11731 = ADVANCED_FACE ( 'NONE', ( #10855 ), #1043, .T. ) ;
#11732 = VECTOR ( 'NONE', #4617, 1000.000000000000000 ) ;
#11733 = EDGE_LOOP ( 'NONE', ( #10059, #6542, #5288, #7753 ) ) ;
#11734 = VERTEX_POINT ( 'NONE', #6025 ) ;
#11735 = CARTESIAN_POINT ( 'NONE',  ( -25.64822280721661230, 10.15595185373750020, 2.516916041036659557 ) ) ;
#11736 = DIRECTION ( 'NONE',  ( 1.000000000000000000, 0.000000000000000000, -0.000000000000000000 ) ) ;
#11737 = CARTESIAN_POINT ( 'NONE',  ( 24.96939734929276966, 1.236606652550183538, 2.876621164605827730 ) ) ;
#11738 = DIRECTION ( 'NONE',  ( 0.9544799780350308183, -0.2982749931359433559, 0.000000000000000000 ) ) ;
#11739 = CARTESIAN_POINT ( 'NONE',  ( -25.00000000000000000, 7.596095492564234713E-16, -2.956464602960545918 ) ) ;
#11740 = DIRECTION ( 'NONE',  ( -0.000000000000000000, -0.000000000000000000, 1.000000000000000000 ) ) ;
#11741 = ORIENTED_EDGE ( 'NONE', *, *, #5342, .F. ) ;
#11742 = EDGE_LOOP ( 'NONE', ( #5343, #10538, #3715, #12744 ) ) ;
#11743 = EDGE_CURVE ( 'NONE', #12669, #7418, #9018, .T. ) ;
#11744 = CARTESIAN_POINT ( 'NONE',  ( -5.900596736361536365, -8.847358520986746910, 1.912499999999999645 ) ) ;
#11745 = LINE ( 'NONE', #4597, #10144 ) ;
#11746 = LINE ( 'NONE', #6794, #2140 ) ;
#11747 = DIRECTION ( 'NONE',  ( 1.000000000000000000, -0.000000000000000000, 0.000000000000000000 ) ) ;
#11748 = CARTESIAN_POINT ( 'NONE',  ( 50.16957179191506100, -10.94380396979420844, 2.550000000000000266 ) ) ;
#11749 = CARTESIAN_POINT ( 'NONE',  ( 46.21409252683699975, -9.242105090473781814, 2.014121164605829239 ) ) ;
#11750 = EDGE_LOOP ( 'NONE', ( #2042, #9971, #3692, #1942 ) ) ;
#11751 = EDGE_LOOP ( 'NONE', ( #341, #11439, #11214, #4545 ) ) ;
#11752 = VERTEX_POINT ( 'NONE', #3872 ) ;
#11753 = ADVANCED_FACE ( 'NONE', ( #2141 ), #6151, .T. ) ;
#11754 = DIRECTION ( 'NONE',  ( 0.7496365639656836777, 0.6618496974130330113, 0.000000000000000000 ) ) ;
#11755 = VECTOR ( 'NONE', #8399, 1000.000000000000000 ) ;
#11756 = VERTEX_POINT ( 'NONE', #9876 ) ;
#11757 = CARTESIAN_POINT ( 'NONE',  ( -8.997510015710910025, -10.94380396979420844, 2.550000000000000266 ) ) ;
#11758 = ORIENTED_EDGE ( 'NONE', *, *, #2545, .T. ) ;
#11759 = VECTOR ( 'NONE', #11594, 1000.000000000000000 ) ;
#11760 = CARTESIAN_POINT ( 'NONE',  ( 7.702410331654446551, 9.311368341907503066, 1.151621164605829417 ) ) ;
#11761 = DIRECTION ( 'NONE',  ( -0.3115506691716664056, 0.9502295409734886622, 0.000000000000000000 ) ) ;
#11762 = CIRCLE ( 'NONE', #3035, 25.00000000000000000 ) ;
#11763 = FACE_OUTER_BOUND ( 'NONE', #6962, .T. ) ;
#11764 = CARTESIAN_POINT ( 'NONE',  ( -23.38235294117646390, -12.47058823529412308, 3.176635312041681924 ) ) ;
#11765 = EDGE_CURVE ( 'NONE', #9828, #10267, #11063, .T. ) ;
#11766 = DIRECTION ( 'NONE',  ( -0.000000000000000000, -0.000000000000000000, -1.000000000000000000 ) ) ;
#11767 = FACE_OUTER_BOUND ( 'NONE', #6554, .T. ) ;
#11768 = EDGE_CURVE ( 'NONE', #10937, #1504, #10127, .T. ) ;
#11769 = ORIENTED_EDGE ( 'NONE', *, *, #11524, .T. ) ;
#11770 = ADVANCED_FACE ( 'NONE', ( #124 ), #7844, .T. ) ;
#11771 = DIRECTION ( 'NONE',  ( 0.000000000000000000, -1.000000000000000000, -8.673617379884027583E-16 ) ) ;
#11772 = EDGE_CURVE ( 'NONE', #1223, #116, #8888, .T. ) ;
#11773 = EDGE_CURVE ( 'NONE', #4988, #4091, #7905, .T. ) ;
#11774 = EDGE_LOOP ( 'NONE', ( #11572, #7329, #4612, #10497 ) ) ;
#11775 = VECTOR ( 'NONE', #1281, 1000.000000000000000 ) ;
#11776 = ORIENTED_EDGE ( 'NONE', *, *, #7233, .T. ) ;
#11777 = CARTESIAN_POINT ( 'NONE',  ( -27.50000000000000000, 13.50472070242359557, 2.500000000000007550 ) ) ;
#11778 = DIRECTION ( 'NONE',  ( 0.9896873708806817049, 0.1432442247327408991, 0.000000000000000000 ) ) ;
#11779 = DIRECTION ( 'NONE',  ( 0.4679360541420687358, -0.8773801015163790185, 0.1060188978298652468 ) ) ;
#11780 = CARTESIAN_POINT ( 'NONE',  ( 25.87192268104072923, 5.797797492344944459, -2.647901785341592262 ) ) ;
#11781 = DIRECTION ( 'NONE',  ( -1.000000000000000000, 0.000000000000000000, 0.000000000000000000 ) ) ;
#11782 = ORIENTED_EDGE ( 'NONE', *, *, #1071, .F. ) ;
#11783 = LINE ( 'NONE', #2103, #2246 ) ;
#11784 = DIRECTION ( 'NONE',  ( 0.9779629312034364697, -0.2087786032906215061, 0.000000000000000000 ) ) ;
#11785 = VERTEX_POINT ( 'NONE', #11888 ) ;
#11786 = PLANE ( 'NONE',  #7170 ) ;
#11787 = ADVANCED_FACE ( 'NONE', ( #6087 ), #2978, .T. ) ;
#11788 = VECTOR ( 'NONE', #7829, 1000.000000000000000 ) ;
#11789 = EDGE_CURVE ( 'NONE', #2317, #1326, #63, .T. ) ;
#11790 = CARTESIAN_POINT ( 'NONE',  ( 23.25884161520421500, -23.69314235930890078, 1.275000000000000133 ) ) ;
#11791 = CIRCLE ( 'NONE', #590, 1.000000000000001554 ) ;
#11792 = ADVANCED_FACE ( 'NONE', ( #7067 ), #11949, .F. ) ;
#11793 = VERTEX_POINT ( 'NONE', #12077 ) ;
#11794 = ORIENTED_EDGE ( 'NONE', *, *, #8599, .F. ) ;
#11795 = CARTESIAN_POINT ( 'NONE',  ( -22.80071311932000455, 13.50472070242359734, 2.499999999999996447 ) ) ;
#11796 = VECTOR ( 'NONE', #11663, 1000.000000000000000 ) ;
#11797 = DIRECTION ( 'NONE',  ( -1.000000000000000000, 0.000000000000000000, 0.000000000000000000 ) ) ;
#11798 = CARTESIAN_POINT ( 'NONE',  ( 50.25032737756705359, -7.964070100860446644, 1.275000000000000133 ) ) ;
#11799 = AXIS2_PLACEMENT_3D ( 'NONE', #12659, #8860, #3737 ) ;
#11800 = AXIS2_PLACEMENT_3D ( 'NONE', #3237, #9296, #10351 ) ;
#11801 = DIRECTION ( 'NONE',  ( -0.000000000000000000, -0.000000000000000000, -1.000000000000000000 ) ) ;
#11802 = DIRECTION ( 'NONE',  ( 1.000000000000000000, 0.000000000000000000, 0.000000000000000000 ) ) ;
#11803 = CARTESIAN_POINT ( 'NONE',  ( 11.64942479529152486, 74.51861236923436138, 1.151621164605829417 ) ) ;
#11804 = DIRECTION ( 'NONE',  ( -0.000000000000000000, 0.000000000000000000, 1.000000000000000000 ) ) ;
#11805 = ORIENTED_EDGE ( 'NONE', *, *, #6104, .T. ) ;
#11806 = AXIS2_PLACEMENT_3D ( 'NONE', #8558, #3544, #2643 ) ;
#11807 = VECTOR ( 'NONE', #9255, 1000.000000000000000 ) ;
#11808 = AXIS2_PLACEMENT_3D ( 'NONE', #2259, #9203, #1352 ) ;
#11809 = AXIS2_PLACEMENT_3D ( 'NONE', #7366, #3543, #7504 ) ;
#11810 = ORIENTED_EDGE ( 'NONE', *, *, #724, .T. ) ;
#11811 = CIRCLE ( 'NONE', #8894, 1.000000000000000000 ) ;
#11812 = AXIS2_PLACEMENT_3D ( 'NONE', #8073, #10043, #9983 ) ;
#11813 = DIRECTION ( 'NONE',  ( 0.8462328400897509706, -0.5328132696861385131, 0.000000000000000000 ) ) ;
#11814 = ADVANCED_FACE ( 'NONE', ( #5443 ), #2267, .T. ) ;
#11815 = FACE_OUTER_BOUND ( 'NONE', #7180, .T. ) ;
#11816 = LINE ( 'NONE', #4983, #1101 ) ;
#11817 = FACE_OUTER_BOUND ( 'NONE', #1035, .T. ) ;
#11818 = LINE ( 'NONE', #2908, #7631 ) ;
#11819 = CARTESIAN_POINT ( 'NONE',  ( 2.193242736808487248, 10.06634609701068150, -1.148378835394170627 ) ) ;
#11820 = ORIENTED_EDGE ( 'NONE', *, *, #4766, .T. ) ;
#11821 = AXIS2_PLACEMENT_3D ( 'NONE', #7723, #3690, #1764 ) ;
#11822 = ORIENTED_EDGE ( 'NONE', *, *, #7950, .T. ) ;
#11823 = EDGE_LOOP ( 'NONE', ( #7061, #990, #2784, #4359 ) ) ;
#11824 = VECTOR ( 'NONE', #12767, 1000.000000000000000 ) ;
#11825 = DIRECTION ( 'NONE',  ( 0.000000000000000000, -1.000000000000000000, 0.000000000000000000 ) ) ;
#11826 = VERTEX_POINT ( 'NONE', #4251 ) ;
#11827 = CARTESIAN_POINT ( 'NONE',  ( -26.38748052332369909, 2.705984334812754355, -2.789062615934585931 ) ) ;
#11828 = VECTOR ( 'NONE', #5264, 1000.000000000000000 ) ;
#11829 = DIRECTION ( 'NONE',  ( -0.9323613089501432416, 0.3615278544908753222, 0.000000000000000000 ) ) ;
#11830 = FACE_OUTER_BOUND ( 'NONE', #2977, .T. ) ;
#11831 = AXIS2_PLACEMENT_3D ( 'NONE', #4641, #628, #2630 ) ;
#11832 = CARTESIAN_POINT ( 'NONE',  ( 11.64942479529152486, 74.51861236923436138, 2.014121164605829239 ) ) ;
#11833 = DIRECTION ( 'NONE',  ( 0.9632913238286716640, -0.2684582377883105719, 0.000000000000000000 ) ) ;
#11834 = ORIENTED_EDGE ( 'NONE', *, *, #3953, .T. ) ;
#11835 = CARTESIAN_POINT ( 'NONE',  ( 83.42711248289536741, 40.04903204861892618, 2.014121164605829239 ) ) ;
#11836 = LINE ( 'NONE', #12194, #737 ) ;
#11837 = EDGE_LOOP ( 'NONE', ( #8637, #10087, #8793, #6724, #8243 ) ) ;
#11838 = ORIENTED_EDGE ( 'NONE', *, *, #5100, .T. ) ;
#11839 = CARTESIAN_POINT ( 'NONE',  ( -24.26470588235293846, -12.94117647058824438, 9.000000000000000000 ) ) ;
#11840 = EDGE_CURVE ( 'NONE', #11900, #8041, #1358, .T. ) ;
#11841 = VERTEX_POINT ( 'NONE', #6282 ) ;
#11842 = VECTOR ( 'NONE', #7828, 1000.000000000000000 ) ;
#11843 = CARTESIAN_POINT ( 'NONE',  ( 5.153962473847291115, -10.94380396979420844, 2.550000000000000266 ) ) ;
#11844 = ORIENTED_EDGE ( 'NONE', *, *, #2942, .F. ) ;
#11845 = EDGE_CURVE ( 'NONE', #1231, #4512, #3347, .T. ) ;
#11846 = CARTESIAN_POINT ( 'NONE',  ( 57.53364161958099743, 13.43642638473705198, -1.275000000000000133 ) ) ;
#11847 = DIRECTION ( 'NONE',  ( -0.7958286941208436716, -0.6055218324832826182, 0.000000000000000000 ) ) ;
#11848 = CARTESIAN_POINT ( 'NONE',  ( 50.16957179191506100, -10.94380396979420844, 2.550000000000000266 ) ) ;
#11849 = ADVANCED_FACE ( 'NONE', ( #3481 ), #3413, .T. ) ;
#11850 = DIRECTION ( 'NONE',  ( -0.09476819891418401809, -0.9954993663858161534, 0.000000000000000000 ) ) ;
#11851 = CARTESIAN_POINT ( 'NONE',  ( 15.00967116025836390, -8.996818041117325748, 1.912499999999999645 ) ) ;
#11852 = DIRECTION ( 'NONE',  ( -0.3162277660168223981, 0.9486832980505189861, 0.000000000000000000 ) ) ;
#11853 = CARTESIAN_POINT ( 'NONE',  ( 27.40177623093264359, -2.370180628876445983, 2.120548223723513814 ) ) ;
#11854 = ORIENTED_EDGE ( 'NONE', *, *, #4043, .F. ) ;
#11855 = DIRECTION ( 'NONE',  ( -1.000000000000000000, 0.000000000000000000, -0.000000000000000000 ) ) ;
#11856 = DIRECTION ( 'NONE',  ( 0.000000000000000000, 6.197530749804934925E-17, 1.000000000000000000 ) ) ;
#11857 = EDGE_CURVE ( 'NONE', #4054, #1930, #9268, .T. ) ;
#11858 = VERTEX_POINT ( 'NONE', #11160 ) ;
#11859 = ORIENTED_EDGE ( 'NONE', *, *, #11539, .F. ) ;
#11860 = CARTESIAN_POINT ( 'NONE',  ( -26.84825573768543094, 5.976424508081935372, 2.640926841390953683 ) ) ;
#11861 = EDGE_CURVE ( 'NONE', #2172, #3456, #10261, .T. ) ;
#11862 = LINE ( 'NONE', #2950, #10376 ) ;
#11863 = DIRECTION ( 'NONE',  ( 0.8775053372294741028, -0.4795668703463438209, 0.000000000000000000 ) ) ;
#11864 = DIRECTION ( 'NONE',  ( -0.000000000000000000, 1.000000000000000000, -0.000000000000000000 ) ) ;
#11865 = CARTESIAN_POINT ( 'NONE',  ( -7.579913957064055907, -8.273764573174778647, 1.912499999999999645 ) ) ;
#11866 = DIRECTION ( 'NONE',  ( 0.9937649300483557546, 0.1114955775176152269, 0.000000000000000000 ) ) ;
#11867 = DIRECTION ( 'NONE',  ( 1.000000000000000000, 0.000000000000000000, 0.000000000000000000 ) ) ;
#11868 = ADVANCED_FACE ( 'NONE', ( #9209, #10400, #6225, #7257, #12274, #2528, #8158, #11234, #7320 ), #1493, .T. ) ;
#11869 = VERTEX_POINT ( 'NONE', #1422 ) ;
#11870 = AXIS2_PLACEMENT_3D ( 'NONE', #9964, #2097, #7865 ) ;
#11871 = ORIENTED_EDGE ( 'NONE', *, *, #10823, .F. ) ;
#11872 = CARTESIAN_POINT ( 'NONE',  ( 9.877106168845855905, -7.588515725881864071, 1.912499999999999645 ) ) ;
#11873 = EDGE_CURVE ( 'NONE', #12508, #2750, #1557, .T. ) ;
#11874 = DIRECTION ( 'NONE',  ( 1.000000000000000000, 0.000000000000000000, 0.000000000000000000 ) ) ;
#11875 = DIRECTION ( 'NONE',  ( 0.8823529411764700070, 0.4705882352941187508, 0.000000000000000000 ) ) ;
#11876 = FACE_OUTER_BOUND ( 'NONE', #8778, .T. ) ;
#11877 = CARTESIAN_POINT ( 'NONE',  ( 54.49523530626897383, 24.02149891502483925, -1.275000000000000133 ) ) ;
#11878 = CARTESIAN_POINT ( 'NONE',  ( 31.82301518632153758, -22.15936833182790977, -1.912499999999999645 ) ) ;
#11879 = ORIENTED_EDGE ( 'NONE', *, *, #10664, .F. ) ;
#11880 = ORIENTED_EDGE ( 'NONE', *, *, #5650, .T. ) ;
#11881 = EDGE_LOOP ( 'NONE', ( #8930, #762, #7930, #12513 ) ) ;
#11882 = VECTOR ( 'NONE', #2993, 1000.000000000000000 ) ;
#11883 = DIRECTION ( 'NONE',  ( 1.000000000000000000, 0.000000000000000000, 0.000000000000000000 ) ) ;
#11884 = EDGE_CURVE ( 'NONE', #4471, #7494, #11291, .T. ) ;
#11885 = ORIENTED_EDGE ( 'NONE', *, *, #10009, .F. ) ;
#11886 = DIRECTION ( 'NONE',  ( -0.000000000000000000, -0.000000000000000000, -1.000000000000000000 ) ) ;
#11887 = VECTOR ( 'NONE', #7650, 1000.000000000000000 ) ;
#11888 = CARTESIAN_POINT ( 'NONE',  ( -0.6104581230483032694, -12.10421909368450066, 2.550000000000000266 ) ) ;
#11889 = CARTESIAN_POINT ( 'NONE',  ( 9.216325940966472174, -8.051061885397436058, 1.912499999999999645 ) ) ;
#11890 = CARTESIAN_POINT ( 'NONE',  ( 16.78235294117646248, -26.97058823529411953, 4.871890048187182742 ) ) ;
#11891 = CARTESIAN_POINT ( 'NONE',  ( 20.37275864315721918, -3.445831333554445042, -1.275000000000000133 ) ) ;
#11892 = VERTEX_POINT ( 'NONE', #6342 ) ;
#11893 = VERTEX_POINT ( 'NONE', #1296 ) ;
#11894 = DIRECTION ( 'NONE',  ( 0.2782760326772912296, 0.9605011450474107981, 0.000000000000000000 ) ) ;
#11895 = DIRECTION ( 'NONE',  ( -0.000000000000000000, -6.197530749804934925E-17, -1.000000000000000000 ) ) ;
#11896 = ORIENTED_EDGE ( 'NONE', *, *, #10019, .T. ) ;
#11897 = DIRECTION ( 'NONE',  ( 0.6782801027330607191, 0.7348034446274925857, 0.000000000000000000 ) ) ;
#11898 = VECTOR ( 'NONE', #12657, 1000.000000000000000 ) ;
#11899 = ORIENTED_EDGE ( 'NONE', *, *, #3172, .T. ) ;
#11900 = VERTEX_POINT ( 'NONE', #8294 ) ;
#11901 = CARTESIAN_POINT ( 'NONE',  ( 16.96332560084250574, 42.84560376941755067, 1.912499999999999645 ) ) ;
#11902 = EDGE_LOOP ( 'NONE', ( #5756, #11974, #4454, #5265 ) ) ;
#11903 = DIRECTION ( 'NONE',  ( 0.4166547104932203371, 0.9090648228942811437, -0.000000000000000000 ) ) ;
#11904 = CARTESIAN_POINT ( 'NONE',  ( 24.28421530421659469, -10.48790597677183989, 3.944330564365989833 ) ) ;
#11905 = CARTESIAN_POINT ( 'NONE',  ( 5.587945083414529002, 6.104566538103151530, 0.5766211646058294615 ) ) ;
#11906 = EDGE_CURVE ( 'NONE', #5032, #12508, #5245, .T. ) ;
#11907 = DIRECTION ( 'NONE',  ( 0.000000000000000000, 1.000000000000000000, 0.000000000000000000 ) ) ;
#11908 = DIRECTION ( 'NONE',  ( 1.000000000000000000, 0.000000000000000000, 0.000000000000000000 ) ) ;
#11909 = AXIS2_PLACEMENT_3D ( 'NONE', #6189, #7104, #8261 ) ;
#11910 = CARTESIAN_POINT ( 'NONE',  ( -15.90000000000000391, -26.50000000000000355, 4.871890048187183631 ) ) ;
#11911 = CARTESIAN_POINT ( 'NONE',  ( 15.89999999999998970, -26.50000000000000355, -6.000000000000000000 ) ) ;
#11912 = ORIENTED_EDGE ( 'NONE', *, *, #7838, .T. ) ;
#11913 = CARTESIAN_POINT ( 'NONE',  ( 7.702410331654446551, 9.311368341907503066, 0.5766211646058294615 ) ) ;
#11914 = CARTESIAN_POINT ( 'NONE',  ( 50.16957179191506100, -8.847358520986746910, 1.912499999999999645 ) ) ;
#11915 = EDGE_CURVE ( 'NONE', #11858, #6799, #8780, .T. ) ;
#11916 = ORIENTED_EDGE ( 'NONE', *, *, #3031, .F. ) ;
#11917 = ORIENTED_EDGE ( 'NONE', *, *, #11223, .T. ) ;
#11918 = LINE ( 'NONE', #7997, #7834 ) ;
#11919 = LINE ( 'NONE', #12826, #1037 ) ;
#11920 = CARTESIAN_POINT ( 'NONE',  ( 24.98978121653387419, 0.8250183114971026965, 2.901915860743603748 ) ) ;
#11921 = LINE ( 'NONE', #8992, #2059 ) ;
#11922 = DIRECTION ( 'NONE',  ( 1.000000000000000000, 0.000000000000000000, -0.000000000000000000 ) ) ;
#11923 = DIRECTION ( 'NONE',  ( -9.499231602880571395E-15, -1.000000000000000000, 0.000000000000000000 ) ) ;
#11924 = ADVANCED_FACE ( 'NONE', ( #11357 ), #2451, .F. ) ;
#11925 = FACE_OUTER_BOUND ( 'NONE', #9706, .T. ) ;
#11926 = VECTOR ( 'NONE', #2319, 1000.000000000000000 ) ;
#11927 = EDGE_CURVE ( 'NONE', #7465, #5941, #4458, .T. ) ;
#11928 = ADVANCED_FACE ( 'NONE', ( #4190 ), #3680, .T. ) ;
#11929 = EDGE_LOOP ( 'NONE', ( #4836, #9493, #9455, #13 ) ) ;
#11930 = VECTOR ( 'NONE', #10873, 1000.000000000000000 ) ;
#11931 = EDGE_CURVE ( 'NONE', #4682, #5312, #12470, .T. ) ;
#11932 = VERTEX_POINT ( 'NONE', #12537 ) ;
#11933 = ORIENTED_EDGE ( 'NONE', *, *, #203, .F. ) ;
#11934 = LINE ( 'NONE', #6859, #6792 ) ;
#11935 = AXIS2_PLACEMENT_3D ( 'NONE', #11682, #8862, #2772 ) ;
#11936 = LINE ( 'NONE', #3024, #2651 ) ;
#11937 = DIRECTION ( 'NONE',  ( 0.000000000000000000, 0.000000000000000000, -1.000000000000000000 ) ) ;
#11938 = CARTESIAN_POINT ( 'NONE',  ( 15.10564948835784627, -8.345536529013696025, 1.275000000000000133 ) ) ;
#11939 = DIRECTION ( 'NONE',  ( 0.000000000000000000, -1.000000000000000000, 0.000000000000000000 ) ) ;
#11940 = LINE ( 'NONE', #1882, #11605 ) ;
#11941 = ORIENTED_EDGE ( 'NONE', *, *, #8444, .T. ) ;
#11942 = ORIENTED_EDGE ( 'NONE', *, *, #5175, .T. ) ;
#11943 = VERTEX_POINT ( 'NONE', #10711 ) ;
#11944 = DIRECTION ( 'NONE',  ( -0.000000000000000000, -0.000000000000000000, -1.000000000000000000 ) ) ;
#11945 = EDGE_CURVE ( 'NONE', #7414, #11337, #3618, .T. ) ;
#11946 = ORIENTED_EDGE ( 'NONE', *, *, #4028, .F. ) ;
#11947 = CARTESIAN_POINT ( 'NONE',  ( -26.84007189176869801, 6.012968236508394959, -2.639555588754544768 ) ) ;
#11948 = ADVANCED_FACE ( 'NONE', ( #7517 ), #577, .T. ) ;
#11949 = CYLINDRICAL_SURFACE ( 'NONE', #5234, 25.00000000000000000 ) ;
#11950 = PLANE ( 'NONE',  #6196 ) ;
#11951 = DIRECTION ( 'NONE',  ( -0.9896873708806817049, -0.1432442247327408991, 0.000000000000000000 ) ) ;
#11952 = CARTESIAN_POINT ( 'NONE',  ( 36.04411425442763317, -20.55714728746119135, -1.912499999999999645 ) ) ;
#11953 = ORIENTED_EDGE ( 'NONE', *, *, #7496, .T. ) ;
#11954 = VECTOR ( 'NONE', #4484, 1000.000000000000000 ) ;
#11955 = CARTESIAN_POINT ( 'NONE',  ( 25.79989816053157625, 9.597703098164256375, 1.542123660795025053 ) ) ;
#11956 = ORIENTED_EDGE ( 'NONE', *, *, #6352, .F. ) ;
#11957 = DIRECTION ( 'NONE',  ( 1.000000000000000000, 0.000000000000000000, -0.000000000000000000 ) ) ;
#11958 = ORIENTED_EDGE ( 'NONE', *, *, #4038, .F. ) ;
#11959 = VECTOR ( 'NONE', #11897, 1000.000000000000000 ) ;
#11960 = LINE ( 'NONE', #6039, #2690 ) ;
#11961 = ORIENTED_EDGE ( 'NONE', *, *, #9896, .T. ) ;
#11962 = PLANE ( 'NONE',  #1098 ) ;
#11963 = CARTESIAN_POINT ( 'NONE',  ( -24.21191392358763039, -13.04016139327320190, 3.188596231131021419 ) ) ;
#11964 = CARTESIAN_POINT ( 'NONE',  ( 50.16957179191506100, 30.12831799411278411, -2.550000000000000266 ) ) ;
#11965 = CARTESIAN_POINT ( 'NONE',  ( 27.42481730396039197, -2.102915386569017997, -2.100260835939174786 ) ) ;
#11966 = DIRECTION ( 'NONE',  ( 0.8923663639513965684, 0.4513117242972573551, 0.000000000000000000 ) ) ;
#11967 = PLANE ( 'NONE',  #4305 ) ;
#11968 = LINE ( 'NONE', #5134, #10772 ) ;
#11969 =( BOUNDED_CURVE ( )  B_SPLINE_CURVE ( 3, ( #9402, #12388, #8349, #506 ),
 .UNSPECIFIED., .F., .T. ) 
 B_SPLINE_CURVE_WITH_KNOTS ( ( 4, 4 ),
 ( 5.124229845711393061, 5.202346306638418127 ),
 .UNSPECIFIED. ) 
 CURVE ( )  GEOMETRIC_REPRESENTATION_ITEM ( )  RATIONAL_B_SPLINE_CURVE ( ( 1.000000000000000000, 0.9994915495213065881, 0.9994915495213065881, 1.000000000000000000 ) ) 
 REPRESENTATION_ITEM ( '' )  );
#11970 = ORIENTED_EDGE ( 'NONE', *, *, #7814, .F. ) ;
#11971 = CARTESIAN_POINT ( 'NONE',  ( 15.38045670213009863, 9.157540068309863557, 2.014121164605829239 ) ) ;
#11972 = CARTESIAN_POINT ( 'NONE',  ( 8.852410331654466447, 6.114001408762802292, 0.5766211646058294615 ) ) ;
#11973 = VECTOR ( 'NONE', #6938, 1000.000000000000000 ) ;
#11974 = ORIENTED_EDGE ( 'NONE', *, *, #9546, .F. ) ;
#11975 = ORIENTED_EDGE ( 'NONE', *, *, #2780, .T. ) ;
#11976 = FACE_OUTER_BOUND ( 'NONE', #8162, .T. ) ;
#11977 = VECTOR ( 'NONE', #10401, 1000.000000000000000 ) ;
#11978 = DIRECTION ( 'NONE',  ( 0.000000000000000000, -1.000000000000000000, 0.000000000000000000 ) ) ;
#11979 = CARTESIAN_POINT ( 'NONE',  ( 11.17053803627909936, -8.791150195189860739, 1.912499999999999645 ) ) ;
#11980 = VECTOR ( 'NONE', #5291, 1000.000000000000000 ) ;
#11981 = CARTESIAN_POINT ( 'NONE',  ( 16.48107194992280000, -23.37694646081619965, -1.275000000000000133 ) ) ;
#11982 = PLANE ( 'NONE',  #8047 ) ;
#11983 = DIRECTION ( 'NONE',  ( -0.000000000000000000, -0.000000000000000000, -1.000000000000000000 ) ) ;
#11984 = CARTESIAN_POINT ( 'NONE',  ( 56.22757427446696710, 4.101344365371332401, 1.275000000000000133 ) ) ;
#11985 = AXIS2_PLACEMENT_3D ( 'NONE', #10183, #11145, #6135 ) ;
#11986 = EDGE_CURVE ( 'NONE', #6686, #12349, #650, .T. ) ;
#11987 = ORIENTED_EDGE ( 'NONE', *, *, #4198, .F. ) ;
#11988 = EDGE_LOOP ( 'NONE', ( #3178, #421, #7709, #7779 ) ) ;
#11989 = VECTOR ( 'NONE', #6396, 1000.000000000000000 ) ;
#11990 = ORIENTED_EDGE ( 'NONE', *, *, #9333, .T. ) ;
#11991 = EDGE_CURVE ( 'NONE', #10534, #5951, #3162, .T. ) ;
#11992 = VERTEX_POINT ( 'NONE', #1812 ) ;
#11993 = DIRECTION ( 'NONE',  ( 0.8823529411764704511, -0.4705882352941179736, 0.000000000000000000 ) ) ;
#11994 = AXIS2_PLACEMENT_3D ( 'NONE', #8776, #7006, #5057 ) ;
#11995 = DIRECTION ( 'NONE',  ( 0.9172618297871970583, -0.3982847418812866525, 0.000000000000000000 ) ) ;
#11996 = EDGE_CURVE ( 'NONE', #1240, #2734, #12602, .T. ) ;
#11997 = CARTESIAN_POINT ( 'NONE',  ( -4.017163115139052998, -4.259417619979115166, 1.275000000000000133 ) ) ;
#11998 = DIRECTION ( 'NONE',  ( -0.8120153713427195052, -0.5836360481525667554, 0.000000000000000000 ) ) ;
#11999 = EDGE_CURVE ( 'NONE', #556, #11329, #5506, .T. ) ;
#12000 = CARTESIAN_POINT ( 'NONE',  ( -26.18426964044862615, -4.024334088724586422, -3.268983983174581720 ) ) ;
#12001 = CARTESIAN_POINT ( 'NONE',  ( 8.852410331654445130, 9.311368341907503066, 0.5766211646058294615 ) ) ;
#12002 = ORIENTED_EDGE ( 'NONE', *, *, #6558, .F. ) ;
#12003 = EDGE_LOOP ( 'NONE', ( #11098, #2291, #4402, #3252 ) ) ;
#12004 = ORIENTED_EDGE ( 'NONE', *, *, #5173, .T. ) ;
#12005 = VECTOR ( 'NONE', #6405, 1000.000000000000000 ) ;
#12006 = AXIS2_PLACEMENT_3D ( 'NONE', #3896, #2995, #2933 ) ;
#12007 = VECTOR ( 'NONE', #12055, 1000.000000000000000 ) ;
#12008 = CARTESIAN_POINT ( 'NONE',  ( -23.38235294117644614, -12.35062510189817786, 4.169413659219855184 ) ) ;
#12009 = VECTOR ( 'NONE', #11766, 1000.000000000000000 ) ;
#12010 = VECTOR ( 'NONE', #5183, 1000.000000000000000 ) ;
#12011 = VECTOR ( 'NONE', #7354, 1000.000000000000000 ) ;
#12012 = ADVANCED_FACE ( 'NONE', ( #12725 ), #3802, .T. ) ;
#12013 = ORIENTED_EDGE ( 'NONE', *, *, #881, .F. ) ;
#12014 = CARTESIAN_POINT ( 'NONE',  ( -27.51706846848632182, -0.4820498058640114158, -1.983290856071963315 ) ) ;
#12015 = VECTOR ( 'NONE', #9373, 1000.000000000000000 ) ;
#12016 = DIRECTION ( 'NONE',  ( -0.9980525784828880864, -0.06237828615518847125, 0.000000000000000000 ) ) ;
#12017 = LINE ( 'NONE', #2142, #8269 ) ;
#12018 = EDGE_CURVE ( 'NONE', #3839, #1084, #2594, .T. ) ;
#12019 = LINE ( 'NONE', #9211, #160 ) ;
#12020 = VECTOR ( 'NONE', #1171, 1000.000000000000227 ) ;
#12021 = PLANE ( 'NONE',  #9264 ) ;
#12022 = ORIENTED_EDGE ( 'NONE', *, *, #6198, .F. ) ;
#12023 = CARTESIAN_POINT ( 'NONE',  ( -24.96246110940082730, 1.369501866246042310, 9.000000000000000000 ) ) ;
#12024 = VECTOR ( 'NONE', #4697, 1000.000000000000000 ) ;
#12025 = ORIENTED_EDGE ( 'NONE', *, *, #12328, .F. ) ;
#12026 = CARTESIAN_POINT ( 'NONE',  ( 23.66111738797359010, 14.01433280440184781, 1.500000000000007550 ) ) ;
#12027 = VERTEX_POINT ( 'NONE', #8755 ) ;
#12028 = LINE ( 'NONE', #8112, #12378 ) ;
#12029 = ADVANCED_FACE ( 'NONE', ( #4598 ), #1623, .T. ) ;
#12030 = ORIENTED_EDGE ( 'NONE', *, *, #2073, .F. ) ;
#12031 = VECTOR ( 'NONE', #6438, 1000.000000000000000 ) ;
#12032 = DIRECTION ( 'NONE',  ( -0.000000000000000000, -0.000000000000000000, -1.000000000000000000 ) ) ;
#12033 = LINE ( 'NONE', #10077, #1021 ) ;
#12034 = VERTEX_POINT ( 'NONE', #5638 ) ;
#12035 = CARTESIAN_POINT ( 'NONE',  ( 73.96491932761539090, 1.369501866246042310, -1.148378835394170627 ) ) ;
#12036 = PLANE ( 'NONE',  #3967 ) ;
#12037 = CARTESIAN_POINT ( 'NONE',  ( 25.20060078739439291, -11.00816605772173062, -2.951552217187817018 ) ) ;
#12038 = DIRECTION ( 'NONE',  ( -0.000000000000000000, 1.000000000000000000, -0.000000000000000000 ) ) ;
#12039 = ORIENTED_EDGE ( 'NONE', *, *, #4766, .F. ) ;
#12040 = FACE_OUTER_BOUND ( 'NONE', #2774, .T. ) ;
#12041 = ORIENTED_EDGE ( 'NONE', *, *, #7713, .T. ) ;
#12042 = VECTOR ( 'NONE', #10133, 1000.000000000000114 ) ;
#12043 = DIRECTION ( 'NONE',  ( -0.000000000000000000, 1.000000000000000000, 0.000000000000000000 ) ) ;
#12044 = VECTOR ( 'NONE', #10904, 1000.000000000000000 ) ;
#12045 = CARTESIAN_POINT ( 'NONE',  ( 18.25690515783547596, -6.868117843370229458, 1.275000000000000133 ) ) ;
#12046 = ADVANCED_FACE ( 'NONE', ( #5762 ), #9611, .T. ) ;
#12047 = AXIS2_PLACEMENT_3D ( 'NONE', #1496, #5446, #2456 ) ;
#12048 = ORIENTED_EDGE ( 'NONE', *, *, #9867, .T. ) ;
#12049 = ORIENTED_EDGE ( 'NONE', *, *, #3613, .T. ) ;
#12050 = EDGE_CURVE ( 'NONE', #761, #298, #2726, .T. ) ;
#12051 = PLANE ( 'NONE',  #7012 ) ;
#12052 = DIRECTION ( 'NONE',  ( -1.000000000000000000, -6.938893903907222067E-15, -0.000000000000000000 ) ) ;
#12053 = DIRECTION ( 'NONE',  ( 1.000000000000000000, 0.000000000000000000, 0.000000000000000000 ) ) ;
#12054 = DIRECTION ( 'NONE',  ( -1.000000000000000000, 0.000000000000000000, 0.000000000000000000 ) ) ;
#12055 = DIRECTION ( 'NONE',  ( -0.000000000000000000, -0.000000000000000000, -1.000000000000000000 ) ) ;
#12056 = FACE_OUTER_BOUND ( 'NONE', #9064, .T. ) ;
#12057 = LINE ( 'NONE', #3144, #10702 ) ;
#12058 = EDGE_LOOP ( 'NONE', ( #4977, #12193, #9092, #10364 ) ) ;
#12059 = ORIENTED_EDGE ( 'NONE', *, *, #2644, .T. ) ;
#12060 = ORIENTED_EDGE ( 'NONE', *, *, #105, .F. ) ;
#12061 = ORIENTED_EDGE ( 'NONE', *, *, #1522, .T. ) ;
#12062 = DIRECTION ( 'NONE',  ( -0.000000000000000000, 0.000000000000000000, 1.000000000000000000 ) ) ;
#12063 = CARTESIAN_POINT ( 'NONE',  ( 28.87229511091797818, 44.99204234439293515, 1.275000000000000133 ) ) ;
#12064 = FACE_OUTER_BOUND ( 'NONE', #9492, .T. ) ;
#12065 = DIRECTION ( 'NONE',  ( -0.6610305430689799033, -0.7503589948350918304, 0.000000000000000000 ) ) ;
#12066 = ADVANCED_FACE ( 'NONE', ( #7765 ), #9673, .T. ) ;
#12067 = CARTESIAN_POINT ( 'NONE',  ( -25.79989816053379315, 9.597703098158543611, 1.542123660795129192 ) ) ;
#12068 = CARTESIAN_POINT ( 'NONE',  ( 9.542210110286788449, 6.170610632720729960, 0.5766211646058294615 ) ) ;
#12069 = ORIENTED_EDGE ( 'NONE', *, *, #12649, .T. ) ;
#12070 = ORIENTED_EDGE ( 'NONE', *, *, #780, .F. ) ;
#12071 = ORIENTED_EDGE ( 'NONE', *, *, #88, .T. ) ;
#12072 = FACE_OUTER_BOUND ( 'NONE', #6692, .T. ) ;
#12073 = AXIS2_PLACEMENT_3D ( 'NONE', #2028, #9034, #2932 ) ;
#12074 = EDGE_CURVE ( 'NONE', #10734, #9768, #12673, .T. ) ;
#12075 = ORIENTED_EDGE ( 'NONE', *, *, #10821, .T. ) ;
#12076 = CARTESIAN_POINT ( 'NONE',  ( -26.69792740886271076, -6.942291216134617748, -2.506330023578834165 ) ) ;
#12077 = CARTESIAN_POINT ( 'NONE',  ( -4.148326245437850446, -12.10421909368450066, 2.550000000000000266 ) ) ;
#12078 = DIRECTION ( 'NONE',  ( -0.9363291775690406604, -0.3511234415884019744, 0.000000000000000000 ) ) ;
#12079 = VECTOR ( 'NONE', #2751, 1000.000000000000000 ) ;
#12080 = DIRECTION ( 'NONE',  ( 0.4090559040930703549, 0.9125093245148790944, 0.000000000000000000 ) ) ;
#12081 = CARTESIAN_POINT ( 'NONE',  ( 10.00314624412034981, -12.10421909368450066, 1.912499999999999645 ) ) ;
#12082 = VERTEX_POINT ( 'NONE', #2834 ) ;
#12083 = CARTESIAN_POINT ( 'NONE',  ( 54.17190200843639758, 25.45893274150454744, 1.275000000000000133 ) ) ;
#12084 = ORIENTED_EDGE ( 'NONE', *, *, #7637, .F. ) ;
#12085 = DIRECTION ( 'NONE',  ( 0.000000000000000000, -1.000000000000000000, 0.000000000000000000 ) ) ;
#12086 = EDGE_CURVE ( 'NONE', #11575, #4780, #11746, .T. ) ;
#12087 = ORIENTED_EDGE ( 'NONE', *, *, #4356, .F. ) ;
#12088 = LINE ( 'NONE', #1055, #1808 ) ;
#12089 = EDGE_CURVE ( 'NONE', #12519, #4980, #11816, .T. ) ;
#12090 = EDGE_CURVE ( 'NONE', #11619, #4091, #3025, .T. ) ;
#12091 = EDGE_CURVE ( 'NONE', #8984, #4199, #5889, .T. ) ;
#12092 = VECTOR ( 'NONE', #5552, 1000.000000000000000 ) ;
#12093 = DIRECTION ( 'NONE',  ( 1.000000000000000000, 0.000000000000000000, 0.000000000000000000 ) ) ;
#12094 = LINE ( 'NONE', #11307, #7877 ) ;
#12095 = ORIENTED_EDGE ( 'NONE', *, *, #3174, .T. ) ;
#12096 = CARTESIAN_POINT ( 'NONE',  ( -2.590337688145444073, -8.177013786796837991, -1.275000000000000133 ) ) ;
#12097 = CARTESIAN_POINT ( 'NONE',  ( 1.094290737367995980, 22.47098985191724196, 2.500000000000000000 ) ) ;
#12098 = DIRECTION ( 'NONE',  ( -0.3115506691716664056, 0.9502295409734886622, 0.000000000000000000 ) ) ;
#12099 = CARTESIAN_POINT ( 'NONE',  ( -14.76193061260650552, -13.55513574522346865, 2.550000000000000266 ) ) ;
#12100 = ORIENTED_EDGE ( 'NONE', *, *, #7142, .F. ) ;
#12101 = DIRECTION ( 'NONE',  ( 1.000000000000000000, 0.000000000000000000, -0.000000000000000000 ) ) ;
#12102 = CARTESIAN_POINT ( 'NONE',  ( 9.216325940966472174, -8.051061885397436058, -1.912499999999999645 ) ) ;
#12103 = VECTOR ( 'NONE', #5701, 1000.000000000000000 ) ;
#12104 = ORIENTED_EDGE ( 'NONE', *, *, #6115, .F. ) ;
#12105 = DIRECTION ( 'NONE',  ( -0.000000000000000000, -0.000000000000000000, 1.000000000000000000 ) ) ;
#12106 = LINE ( 'NONE', #3190, #2471 ) ;
#12107 = EDGE_CURVE ( 'NONE', #7692, #7189, #10903, .T. ) ;
#12108 = ORIENTED_EDGE ( 'NONE', *, *, #11154, .F. ) ;
#12109 = AXIS2_PLACEMENT_3D ( 'NONE', #1923, #887, #3790 ) ;
#12110 = ORIENTED_EDGE ( 'NONE', *, *, #8846, .F. ) ;
#12111 = DIRECTION ( 'NONE',  ( 0.9981525800951075444, -0.06075711357100488375, 0.000000000000000000 ) ) ;
#12112 = ADVANCED_FACE ( 'NONE', ( #7053 ), #9993, .T. ) ;
#12113 = DIRECTION ( 'NONE',  ( 0.8944271909999158554, -0.4472135954999579277, 0.000000000000000000 ) ) ;
#12114 = DIRECTION ( 'NONE',  ( 1.000000000000000000, 0.000000000000000000, 0.000000000000000000 ) ) ;
#12115 = DIRECTION ( 'NONE',  ( 0.09053574604257078051, 0.9958932064676991880, 0.000000000000000000 ) ) ;
#12116 = CARTESIAN_POINT ( 'NONE',  ( 3.747344086032916799, 74.51861236923376453, 2.876621164605829506 ) ) ;
#12117 = CARTESIAN_POINT ( 'NONE',  ( -12.34001903240531028, -32.89115700549881183, 6.651444593697654284 ) ) ;
#12118 = DIRECTION ( 'NONE',  ( -0.000000000000000000, 0.000000000000000000, 1.000000000000000000 ) ) ;
#12119 = B_SPLINE_CURVE_WITH_KNOTS ( 'NONE', 3,
 ( #8016, #5228, #1219, #12000, #9197, #11150, #4179, #8947, #8090, #10116, #3269, #6213, #3097, #5101, #10964, #7057, #8149, #3153 ),
 .UNSPECIFIED., .F., .F.,
 ( 4, 2, 2, 2, 2, 2, 2, 2, 4 ),
 ( 0.000000000000000000, 0.006249595784825956110, 0.007811994731032441235, 0.009374393677238928094, 0.01249919156965190008, 0.01562398946206487206, 0.01718638840827135805, 0.01874878735447784578, 0.02499838313930378975 ),
 .UNSPECIFIED. ) ;
#12120 = ORIENTED_EDGE ( 'NONE', *, *, #3015, .F. ) ;
#12121 = ORIENTED_EDGE ( 'NONE', *, *, #11999, .F. ) ;
#12122 = DIRECTION ( 'NONE',  ( 0.000000000000000000, 1.000000000000000000, 0.000000000000000000 ) ) ;
#12123 = LINE ( 'NONE', #6327, #10555 ) ;
#12124 = DIRECTION ( 'NONE',  ( 0.000000000000000000, 1.000000000000000000, 0.000000000000000000 ) ) ;
#12125 = CARTESIAN_POINT ( 'NONE',  ( 25.00000000000000000, 3.061616997868383043E-15, 9.000000000000000000 ) ) ;
#12126 = DIRECTION ( 'NONE',  ( 0.7485881801731546492, -0.6630352452962396947, 0.000000000000000000 ) ) ;
#12127 = PRESENTATION_LAYER_ASSIGNMENT (  '', '', ( #5898 ) ) ;
#12128 = DIRECTION ( 'NONE',  ( 1.000000000000000000, 0.000000000000000000, -0.000000000000000000 ) ) ;
#12129 = DIRECTION ( 'NONE',  ( 1.000000000000000000, 0.000000000000000000, 0.000000000000000000 ) ) ;
#12130 = APPLICATION_CONTEXT ( 'automotive_design' ) ;
#12131 = ORIENTED_EDGE ( 'NONE', *, *, #4971, .F. ) ;
#12132 = EDGE_LOOP ( 'NONE', ( #8960, #3608, #9650, #3564 ) ) ;
#12133 = VECTOR ( 'NONE', #215, 1000.000000000000000 ) ;
#12134 = DIRECTION ( 'NONE',  ( 0.4159883731862180634, -0.9093699320814844222, 0.000000000000000000 ) ) ;
#12135 = EDGE_CURVE ( 'NONE', #5671, #10834, #9003, .T. ) ;
#12136 = AXIS2_PLACEMENT_3D ( 'NONE', #3950, #7976, #921 ) ;
#12137 = EDGE_LOOP ( 'NONE', ( #5334, #11260, #746, #3600 ) ) ;
#12138 = DIRECTION ( 'NONE',  ( 1.000000000000000000, 0.000000000000000000, -0.000000000000000000 ) ) ;
#12139 = CARTESIAN_POINT ( 'NONE',  ( 55.49369733586557629, -1.816435269591295087, -1.275000000000000133 ) ) ;
#12140 = LINE ( 'NONE', #8295, #9947 ) ;
#12141 = CARTESIAN_POINT ( 'NONE',  ( 8.691830596236838957, 30.12831799411278411, -1.912499999999999645 ) ) ;
#12142 = FACE_OUTER_BOUND ( 'NONE', #8057, .T. ) ;
#12143 = ORIENTED_EDGE ( 'NONE', *, *, #9864, .F. ) ;
#12144 = DIRECTION ( 'NONE',  ( 0.000000000000000000, 1.000000000000000000, 0.000000000000000000 ) ) ;
#12145 = ORIENTED_EDGE ( 'NONE', *, *, #9242, .F. ) ;
#12146 = CARTESIAN_POINT ( 'NONE',  ( 50.16957179191506100, -10.94380396979420844, 2.550000000000000266 ) ) ;
#12147 = ORIENTED_EDGE ( 'NONE', *, *, #9641, .T. ) ;
#12148 = LINE ( 'NONE', #10270, #2697 ) ;
#12149 = ADVANCED_FACE ( 'NONE', ( #9068 ), #176, .T. ) ;
#12150 = DIRECTION ( 'NONE',  ( -1.000000000000000000, -0.000000000000000000, -0.000000000000000000 ) ) ;
#12151 = CARTESIAN_POINT ( 'NONE',  ( 24.28421530421658403, -10.60786911016783307, 2.951552217187822791 ) ) ;
#12152 = EDGE_LOOP ( 'NONE', ( #9572, #6589, #3708, #9282 ) ) ;
#12153 = ADVANCED_FACE ( 'NONE', ( #12064 ), #12847, .T. ) ;
#12154 = CARTESIAN_POINT ( 'NONE',  ( 13.54101436650989498, 30.12831799411278411, 1.912499999999999645 ) ) ;
#12155 = CARTESIAN_POINT ( 'NONE',  ( 14.38020716123909182, -4.638661486353305108, 1.275000000000000133 ) ) ;
#12156 = CARTESIAN_POINT ( 'NONE',  ( 50.16957179191506100, -12.10421909368450066, 2.550000000000000266 ) ) ;
#12157 = LINE ( 'NONE', #4271, #8921 ) ;
#12158 = ADVANCED_FACE ( 'NONE', ( #8945 ), #9865, .F. ) ;
#12159 = EDGE_CURVE ( 'NONE', #6798, #9989, #9403, .T. ) ;
#12160 = EDGE_CURVE ( 'NONE', #5062, #10723, #2965, .T. ) ;
#12161 = VERTEX_POINT ( 'NONE', #6075 ) ;
#12162 = EDGE_CURVE ( 'NONE', #3671, #11224, #3151, .T. ) ;
#12163 = PLANE ( 'NONE',  #5772 ) ;
#12164 = DIRECTION ( 'NONE',  ( -0.000000000000000000, -0.000000000000000000, -1.000000000000000000 ) ) ;
#12165 = ORIENTED_EDGE ( 'NONE', *, *, #1998, .T. ) ;
#12166 = DIRECTION ( 'NONE',  ( -0.000000000000000000, -0.000000000000000000, -1.000000000000000000 ) ) ;
#12167 = DIRECTION ( 'NONE',  ( -0.000000000000000000, -0.000000000000000000, -1.000000000000000000 ) ) ;
#12168 = VECTOR ( 'NONE', #3200, 1000.000000000000000 ) ;
#12169 = ORIENTED_EDGE ( 'NONE', *, *, #5485, .T. ) ;
#12170 = ORIENTED_EDGE ( 'NONE', *, *, #10836, .F. ) ;
#12171 = DIRECTION ( 'NONE',  ( 1.000000000000000000, 0.000000000000000000, -0.000000000000000000 ) ) ;
#12172 = LINE ( 'NONE', #5418, #2703 ) ;
#12173 = PLANE ( 'NONE',  #5255 ) ;
#12174 = ORIENTED_EDGE ( 'NONE', *, *, #7567, .F. ) ;
#12175 = ADVANCED_FACE ( 'NONE', ( #6863 ), #10841, .F. ) ;
#12176 = CARTESIAN_POINT ( 'NONE',  ( 13.74206494889459051, 20.88433984928330744, 2.500000000000005773 ) ) ;
#12177 = CARTESIAN_POINT ( 'NONE',  ( 15.38045670213009863, 74.51861236923376453, 2.876621164605829506 ) ) ;
#12178 = CYLINDRICAL_SURFACE ( 'NONE', #6651, 25.00000000000000000 ) ;
#12179 = EDGE_CURVE ( 'NONE', #6370, #10716, #5831, .T. ) ;
#12180 = CARTESIAN_POINT ( 'NONE',  ( -14.06231303136081046, 14.36860075111488122, 2.876621164605829506 ) ) ;
#12181 = EDGE_CURVE ( 'NONE', #11756, #6410, #6981, .T. ) ;
#12182 = ORIENTED_EDGE ( 'NONE', *, *, #7063, .F. ) ;
#12183 = ORIENTED_EDGE ( 'NONE', *, *, #10514, .F. ) ;
#12184 = VECTOR ( 'NONE', #9548, 1000.000000000000000 ) ;
#12185 = DIRECTION ( 'NONE',  ( -0.000000000000000000, -0.000000000000000000, -1.000000000000000000 ) ) ;
#12186 = CARTESIAN_POINT ( 'NONE',  ( -1.921773770931815672, -12.10421909368450066, 2.550000000000000266 ) ) ;
#12187 = LINE ( 'NONE', #2368, #570 ) ;
#12188 = DIRECTION ( 'NONE',  ( 0.000000000000000000, -0.000000000000000000, 1.000000000000000000 ) ) ;
#12189 = FACE_OUTER_BOUND ( 'NONE', #9473, .T. ) ;
#12190 = ADVANCED_FACE ( 'NONE', ( #4913 ), #8872, .F. ) ;
#12191 = DIRECTION ( 'NONE',  ( -0.000000000000000000, -0.000000000000000000, -1.000000000000000000 ) ) ;
#12192 = LINE ( 'NONE', #8150, #8258 ) ;
#12193 = ORIENTED_EDGE ( 'NONE', *, *, #7614, .F. ) ;
#12194 = CARTESIAN_POINT ( 'NONE',  ( 16.78235294117646248, -26.97058823529411953, -6.000000000000000000 ) ) ;
#12195 = CARTESIAN_POINT ( 'NONE',  ( 2.927409999341250124, -10.94380396979420844, -2.550000000000000266 ) ) ;
#12196 = VERTEX_POINT ( 'NONE', #10962 ) ;
#12197 = VECTOR ( 'NONE', #2455, 1000.000000000000000 ) ;
#12198 = VECTOR ( 'NONE', #4723, 1000.000000000000000 ) ;
#12199 = ADVANCED_FACE ( 'NONE', ( #2063 ), #500, .T. ) ;
#12200 = VERTEX_POINT ( 'NONE', #5166 ) ;
#12201 = DIRECTION ( 'NONE',  ( 1.000000000000000000, -0.000000000000000000, -0.000000000000000000 ) ) ;
#12202 = LINE ( 'NONE', #3480, #3457 ) ;
#12203 = DIRECTION ( 'NONE',  ( -0.000000000000000000, -0.000000000000000000, -1.000000000000000000 ) ) ;
#12204 = CARTESIAN_POINT ( 'NONE',  ( -1.921773770931815672, -10.94380396979420844, 2.550000000000000266 ) ) ;
#12205 = AXIS2_PLACEMENT_3D ( 'NONE', #5747, #10508, #5551 ) ;
#12206 = DIRECTION ( 'NONE',  ( 0.7958286941208437826, 0.6055218324832825072, 0.000000000000000000 ) ) ;
#12207 = CARTESIAN_POINT ( 'NONE',  ( -1.238867081853778584, -5.286384341150213828, 1.275000000000000133 ) ) ;
#12208 = ORIENTED_EDGE ( 'NONE', *, *, #8923, .T. ) ;
#12209 = CARTESIAN_POINT ( 'NONE',  ( 50.16957179191506100, -10.94380396979420844, -2.550000000000000266 ) ) ;
#12210 = ORIENTED_EDGE ( 'NONE', *, *, #7086, .F. ) ;
#12211 = VECTOR ( 'NONE', #11599, 1000.000000000000000 ) ;
#12212 = VECTOR ( 'NONE', #69, 1000.000000000000000 ) ;
#12213 = PLANE ( 'NONE',  #7228 ) ;
#12214 = ORIENTED_EDGE ( 'NONE', *, *, #10106, .F. ) ;
#12215 = CARTESIAN_POINT ( 'NONE',  ( -4.148326245437850446, 30.12831799411278411, 2.550000000000000266 ) ) ;
#12216 = VECTOR ( 'NONE', #6214, 999.9999999999998863 ) ;
#12217 = ORIENTED_EDGE ( 'NONE', *, *, #5218, .T. ) ;
#12218 = AXIS2_PLACEMENT_3D ( 'NONE', #3068, #10034, #5138 ) ;
#12219 = AXIS2_PLACEMENT_3D ( 'NONE', #6984, #7439, #5294 ) ;
#12220 = DIRECTION ( 'NONE',  ( -0.7592566023653055662, 0.6507913734559580554, 0.000000000000000000 ) ) ;
#12221 = DIRECTION ( 'NONE',  ( 0.000000000000000000, -0.000000000000000000, 1.000000000000000000 ) ) ;
#12222 = VECTOR ( 'NONE', #2340, 1000.000000000000000 ) ;
#12223 = ORIENTED_EDGE ( 'NONE', *, *, #3836, .T. ) ;
#12224 = AXIS2_PLACEMENT_3D ( 'NONE', #7906, #5843, #9943 ) ;
#12225 = VECTOR ( 'NONE', #2425, 1000.000000000000000 ) ;
#12226 = DIRECTION ( 'NONE',  ( 0.6610305430689801254, 0.7503589948350918304, 0.000000000000000000 ) ) ;
#12227 = CARTESIAN_POINT ( 'NONE',  ( 10.69221011028679413, 6.170610632720729960, 1.151621164605829417 ) ) ;
#12228 = PLANE ( 'NONE',  #2378 ) ;
#12229 = LINE ( 'NONE', #7339, #5388 ) ;
#12230 = ADVANCED_FACE ( 'NONE', ( #1408 ), #6211, .T. ) ;
#12231 = EDGE_LOOP ( 'NONE', ( #8625, #4302, #7732, #5884 ) ) ;
#12232 = FACE_OUTER_BOUND ( 'NONE', #5621, .T. ) ;
#12233 = CARTESIAN_POINT ( 'NONE',  ( -8.997510015710910025, -12.10421909368450066, 2.550000000000000266 ) ) ;
#12234 = ORIENTED_EDGE ( 'NONE', *, *, #1536, .F. ) ;
#12235 = VECTOR ( 'NONE', #327, 999.9999999999998863 ) ;
#12236 = LINE ( 'NONE', #6509, #1170 ) ;
#12237 = FACE_OUTER_BOUND ( 'NONE', #729, .T. ) ;
#12238 = VECTOR ( 'NONE', #5748, 1000.000000000000000 ) ;
#12239 = ADVANCED_FACE ( 'NONE', ( #3395 ), #243, .T. ) ;
#12240 = EDGE_CURVE ( 'NONE', #1713, #3203, #2312, .T. ) ;
#12241 = ORIENTED_EDGE ( 'NONE', *, *, #10237, .T. ) ;
#12242 = ORIENTED_EDGE ( 'NONE', *, *, #8775, .F. ) ;
#12243 = PLANE ( 'NONE',  #5137 ) ;
#12244 = CARTESIAN_POINT ( 'NONE',  ( -21.03859593103901915, 13.50472070242359557, 2.500000000000007550 ) ) ;
#12245 = LINE ( 'NONE', #5279, #7938 ) ;
#12246 = VECTOR ( 'NONE', #8446, 999.9999999999998863 ) ;
#12247 = ORIENTED_EDGE ( 'NONE', *, *, #755, .T. ) ;
#12248 = CARTESIAN_POINT ( 'NONE',  ( 3.747344086032916799, 6.562698785064672080, 1.151621164605829417 ) ) ;
#12249 = CARTESIAN_POINT ( 'NONE',  ( 27.42246282384763489, -2.134409459759483152, 2.102605258405373156 ) ) ;
#12250 = VECTOR ( 'NONE', #1533, 1000.000000000000000 ) ;
#12251 = CARTESIAN_POINT ( 'NONE',  ( 42.56049845304661261, -13.62385370438386012, 1.275000000000000133 ) ) ;
#12252 = CARTESIAN_POINT ( 'NONE',  ( 25.00000000000000000, 2.274029804899709383E-15, -2.956464602960522825 ) ) ;
#12253 = EDGE_CURVE ( 'NONE', #8939, #5141, #8279, .T. ) ;
#12254 = AXIS2_PLACEMENT_3D ( 'NONE', #961, #2966, #7766 ) ;
#12255 = EDGE_CURVE ( 'NONE', #11215, #7462, #9194, .T. ) ;
#12256 = EDGE_CURVE ( 'NONE', #10094, #1462, #5366, .T. ) ;
#12257 = ORIENTED_EDGE ( 'NONE', *, *, #2376, .T. ) ;
#12258 = EDGE_LOOP ( 'NONE', ( #2431, #9314, #9295, #5806 ) ) ;
#12259 = DIRECTION ( 'NONE',  ( 0.9892034623538693561, -0.1465486610894719821, 0.000000000000000000 ) ) ;
#12260 = FACE_OUTER_BOUND ( 'NONE', #2863, .T. ) ;
#12261 = DIRECTION ( 'NONE',  ( 0.000000000000000000, 1.000000000000000000, 0.000000000000000000 ) ) ;
#12262 = PLANE ( 'NONE',  #1749 ) ;
#12263 = DIRECTION ( 'NONE',  ( 0.9643264662862184311, 0.2647158220052873157, 0.000000000000000000 ) ) ;
#12264 = EDGE_CURVE ( 'NONE', #10723, #10332, #1283, .T. ) ;
#12265 = CARTESIAN_POINT ( 'NONE',  ( -11.15871233562060993, -5.627004915346575764, -1.275000000000000133 ) ) ;
#12266 = DIRECTION ( 'NONE',  ( -0.8468899888530684317, -0.5317681325356471422, 0.000000000000000000 ) ) ;
#12267 = VERTEX_POINT ( 'NONE', #10244 ) ;
#12268 = EDGE_LOOP ( 'NONE', ( #4739, #8189, #3726, #6010 ) ) ;
#12269 = CARTESIAN_POINT ( 'NONE',  ( -26.19810368844939674, 8.450642920098539790, -1.568280028768532341 ) ) ;
#12270 = DIRECTION ( 'NONE',  ( 1.000000000000000000, 0.000000000000000000, 0.000000000000000000 ) ) ;
#12271 = ORIENTED_EDGE ( 'NONE', *, *, #6104, .F. ) ;
#12272 = DIRECTION ( 'NONE',  ( 0.9008444880292469925, -0.4341419219418043429, 0.000000000000000000 ) ) ;
#12273 = LINE ( 'NONE', #7319, #7813 ) ;
#12274 = FACE_BOUND ( 'NONE', #6957, .T. ) ;
#12275 = CARTESIAN_POINT ( 'NONE',  ( 11.03347156763479120, -8.736621371822296922, -1.912499999999999645 ) ) ;
#12276 = DIRECTION ( 'NONE',  ( 0.000000000000000000, 1.000000000000000000, 0.000000000000000000 ) ) ;
#12277 = CARTESIAN_POINT ( 'NONE',  ( 12.22969871862639124, 30.12831799411278411, 2.550000000000000266 ) ) ;
#12278 = ORIENTED_EDGE ( 'NONE', *, *, #5068, .F. ) ;
#12279 = FACE_OUTER_BOUND ( 'NONE', #12152, .T. ) ;
#12280 = ORIENTED_EDGE ( 'NONE', *, *, #3130, .F. ) ;
#12281 = ORIENTED_EDGE ( 'NONE', *, *, #10259, .T. ) ;
#12282 = ADVANCED_FACE ( 'NONE', ( #8407 ), #12262, .T. ) ;
#12283 = FACE_OUTER_BOUND ( 'NONE', #9770, .T. ) ;
#12284 = VERTEX_POINT ( 'NONE', #8147 ) ;
#12285 = FACE_OUTER_BOUND ( 'NONE', #5135, .T. ) ;
#12286 = EDGE_CURVE ( 'NONE', #10370, #2041, #7304, .T. ) ;
#12287 = ORIENTED_EDGE ( 'NONE', *, *, #9718, .T. ) ;
#12288 = LINE ( 'NONE', #11373, #11405 ) ;
#12289 = DIRECTION ( 'NONE',  ( -0.9986178293325104205, 0.05255883312274954589, 0.000000000000000000 ) ) ;
#12290 = VERTEX_POINT ( 'NONE', #367 ) ;
#12291 = DIRECTION ( 'NONE',  ( 0.01587101662671872720, -0.9998740474835989822, 0.000000000000000000 ) ) ;
#12292 = CARTESIAN_POINT ( 'NONE',  ( 55.26660790966850101, -0.7509026328456763766, 2.014121164605829239 ) ) ;
#12293 = CARTESIAN_POINT ( 'NONE',  ( -5.216430461260505247, -8.847358520986746910, -1.275000000000000133 ) ) ;
#12294 = CARTESIAN_POINT ( 'NONE',  ( 8.852410331654466447, 7.264001408762807088, 1.151621164605829417 ) ) ;
#12295 = ORIENTED_EDGE ( 'NONE', *, *, #8965, .F. ) ;
#12296 = DIRECTION ( 'NONE',  ( -0.000000000000000000, 0.000000000000000000, -1.000000000000000000 ) ) ;
#12297 = DIRECTION ( 'NONE',  ( -1.000000000000000000, 0.000000000000000000, 0.000000000000000000 ) ) ;
#12298 = ORIENTED_EDGE ( 'NONE', *, *, #7672, .T. ) ;
#12299 = CARTESIAN_POINT ( 'NONE',  ( 50.25032737756705359, -7.964070100860446644, 1.912499999999999645 ) ) ;
#12301 = CARTESIAN_POINT ( 'NONE',  ( 49.00538528815310713, 31.63700866735529615, -1.275000000000000133 ) ) ;
#12300 = VECTOR ( 'NONE', #10344, 1000.000000000000000 ) ;
#12302 = ADVANCED_FACE ( 'NONE', ( #6329 ), #1481, .T. ) ;
#12303 = VERTEX_POINT ( 'NONE', #4307 ) ;
#12304 = ORIENTED_EDGE ( 'NONE', *, *, #935, .F. ) ;
#12305 = DIRECTION ( 'NONE',  ( 0.1520571842539430174, 0.9883716976506169427, 0.000000000000000000 ) ) ;
#12306 = LINE ( 'NONE', #10295, #9326 ) ;
#12307 = CARTESIAN_POINT ( 'NONE',  ( -0.6104581230483032694, -10.94380396979420844, -2.550000000000000266 ) ) ;
#12308 = ORIENTED_EDGE ( 'NONE', *, *, #2635, .F. ) ;
#12309 = ORIENTED_EDGE ( 'NONE', *, *, #2263, .T. ) ;
#12310 = LINE ( 'NONE', #11331, #12225 ) ;
#12311 = CARTESIAN_POINT ( 'NONE',  ( 26.38902217725105004, 2.690636133396308249, 2.789893426212037841 ) ) ;
#12312 = DIRECTION ( 'NONE',  ( -0.000000000000000000, -0.000000000000000000, -1.000000000000000000 ) ) ;
#12313 = EDGE_CURVE ( 'NONE', #8347, #3223, #6138, .T. ) ;
#12314 = CARTESIAN_POINT ( 'NONE',  ( 24.98783123990651589, -0.9018302826094392044, -3.019031409432291646 ) ) ;
#12315 = VECTOR ( 'NONE', #7633, 1000.000000000000114 ) ;
#12316 = ORIENTED_EDGE ( 'NONE', *, *, #255, .F. ) ;
#12317 = ORIENTED_EDGE ( 'NONE', *, *, #12720, .F. ) ;
#12318 = CARTESIAN_POINT ( 'NONE',  ( 32.87399844683026373, -21.75840204113997345, 1.275000000000000133 ) ) ;
#12319 = LINE ( 'NONE', #1280, #1418 ) ;
#12320 = EDGE_CURVE ( 'NONE', #6046, #4594, #11278, .T. ) ;
#12321 = DIRECTION ( 'NONE',  ( -0.000000000000000000, -0.000000000000000000, -1.000000000000000000 ) ) ;
#12322 = DIRECTION ( 'NONE',  ( -0.9260923597695482901, -0.3772968873135180146, 0.000000000000000000 ) ) ;
#12323 = CARTESIAN_POINT ( 'NONE',  ( 26.43825323035811792, 7.586841607912491625, -2.586723645534524163 ) ) ;
#12324 = CARTESIAN_POINT ( 'NONE',  ( 11.30748009436489276, 9.301174703035153257, 0.5766211646058294615 ) ) ;
#12325 = CARTESIAN_POINT ( 'NONE',  ( 42.56049845304661261, -13.62385370438386012, -1.275000000000000133 ) ) ;
#12326 = ORIENTED_EDGE ( 'NONE', *, *, #9293, .F. ) ;
#12327 = ORIENTED_EDGE ( 'NONE', *, *, #12661, .F. ) ;
#12328 = EDGE_CURVE ( 'NONE', #10835, #1086, #10386, .T. ) ;
#12329 = DIRECTION ( 'NONE',  ( 0.000000000000000000, -1.000000000000000000, 0.000000000000000000 ) ) ;
#12330 = EDGE_CURVE ( 'NONE', #8577, #12161, #10865, .T. ) ;
#12331 = CARTESIAN_POINT ( 'NONE',  ( 2.927409999341250124, -10.94380396979420844, 2.550000000000000266 ) ) ;
#12332 = ORIENTED_EDGE ( 'NONE', *, *, #6917, .F. ) ;
#12333 = CARTESIAN_POINT ( 'NONE',  ( -8.997510015710910025, -12.10421909368450066, -2.550000000000000266 ) ) ;
#12334 = DIRECTION ( 'NONE',  ( 0.000000000000000000, 0.000000000000000000, 1.000000000000000000 ) ) ;
#12335 = DIRECTION ( 'NONE',  ( 0.000000000000000000, -1.000000000000000000, 2.444383079785501354E-16 ) ) ;
#12336 = DIRECTION ( 'NONE',  ( 0.000000000000000000, -1.000000000000000000, 0.000000000000000000 ) ) ;
#12337 = DIRECTION ( 'NONE',  ( -0.8027438479544547478, 0.5963240013375910031, 0.000000000000000000 ) ) ;
#12338 = PLANE ( 'NONE',  #12047 ) ;
#12339 = EDGE_LOOP ( 'NONE', ( #1690, #7431, #2014, #6858 ) ) ;
#12340 = CARTESIAN_POINT ( 'NONE',  ( 11.09498354161330980, -22.67002808068498965, -1.912499999999999645 ) ) ;
#12341 = VERTEX_POINT ( 'NONE', #4440 ) ;
#12342 = ORIENTED_EDGE ( 'NONE', *, *, #2559, .F. ) ;
#12343 = DIRECTION ( 'NONE',  ( -8.524225085263861320E-16, -1.000000000000000000, 0.000000000000000000 ) ) ;
#12344 = ORIENTED_EDGE ( 'NONE', *, *, #4710, .F. ) ;
#12345 = DIRECTION ( 'NONE',  ( -0.9264648940327243620, 0.3763811899191199517, 0.000000000000000000 ) ) ;
#12346 = VECTOR ( 'NONE', #3577, 1000.000000000000000 ) ;
#12347 = VECTOR ( 'NONE', #11850, 1000.000000000000227 ) ;
#12348 = EDGE_CURVE ( 'NONE', #10667, #116, #6507, .T. ) ;
#12349 = VERTEX_POINT ( 'NONE', #11219 ) ;
#12350 = LINE ( 'NONE', #2401, #7847 ) ;
#12351 = ORIENTED_EDGE ( 'NONE', *, *, #2337, .F. ) ;
#12352 = VERTEX_POINT ( 'NONE', #12589 ) ;
#12353 = CARTESIAN_POINT ( 'NONE',  ( -4.148326245437850446, -12.10421909368450066, 1.912499999999999645 ) ) ;
#12354 = LINE ( 'NONE', #2285, #4961 ) ;
#12355 = CARTESIAN_POINT ( 'NONE',  ( -5.459641893321363071, 30.12831799411278411, -2.550000000000000266 ) ) ;
#12356 = LINE ( 'NONE', #7603, #12031 ) ;
#12357 = VERTEX_POINT ( 'NONE', #9532 ) ;
#12358 = LINE ( 'NONE', #9233, #9722 ) ;
#12359 = LINE ( 'NONE', #3372, #4442 ) ;
#12360 = EDGE_LOOP ( 'NONE', ( #5094, #11247, #3513, #8283 ) ) ;
#12361 = LINE ( 'NONE', #6371, #11125 ) ;
#12362 = PLANE ( 'NONE',  #7419 ) ;
#12363 = VERTEX_POINT ( 'NONE', #2582 ) ;
#12364 = ORIENTED_EDGE ( 'NONE', *, *, #3201, .F. ) ;
#12365 = DIRECTION ( 'NONE',  ( 0.000000000000000000, -1.000000000000000000, 1.084202172485504434E-16 ) ) ;
#12366 = PLANE ( 'NONE',  #9749 ) ;
#12367 = CARTESIAN_POINT ( 'NONE',  ( 15.38045670213009863, 74.51861236923376453, -2.010878835394170228 ) ) ;
#12368 = ORIENTED_EDGE ( 'NONE', *, *, #4284, .T. ) ;
#12369 = ORIENTED_EDGE ( 'NONE', *, *, #8096, .T. ) ;
#12370 = CARTESIAN_POINT ( 'NONE',  ( 12.45748009436489845, 9.301174703035153257, 1.151621164605829417 ) ) ;
#12371 = CARTESIAN_POINT ( 'NONE',  ( 27.18172233625225331, -4.207085632606465175, 3.285045597847747523 ) ) ;
#12372 = DIRECTION ( 'NONE',  ( -0.000000000000000000, 0.000000000000000000, 1.000000000000000000 ) ) ;
#12373 = EDGE_LOOP ( 'NONE', ( #6433, #5722, #1206, #11033, #2133, #4590, #954, #7777, #5713, #5220 ) ) ;
#12374 = AXIS2_PLACEMENT_3D ( 'NONE', #880, #11602, #2879 ) ;
#12375 = CARTESIAN_POINT ( 'NONE',  ( 6.465278121730796634, -12.10421909368450066, 2.550000000000000266 ) ) ;
#12376 = ORIENTED_EDGE ( 'NONE', *, *, #4370, .F. ) ;
#12377 = ORIENTED_EDGE ( 'NONE', *, *, #7252, .T. ) ;
#12378 = VECTOR ( 'NONE', #7077, 1000.000000000000114 ) ;
#12379 = CARTESIAN_POINT ( 'NONE',  ( 15.89999999999998970, -26.50000000000000355, 4.871890048187182742 ) ) ;
#12380 = CARTESIAN_POINT ( 'NONE',  ( 22.21159248830834798, 11.67734484322050470, 2.500000000000008438 ) ) ;
#12381 = FACE_OUTER_BOUND ( 'NONE', #6312, .T. ) ;
#12382 = CARTESIAN_POINT ( 'NONE',  ( 73.96491932761539090, 6.562698785064672080, 2.876621164605829506 ) ) ;
#12383 = CARTESIAN_POINT ( 'NONE',  ( 50.16957179191506100, -10.94380396979420844, -1.912499999999999645 ) ) ;
#12384 = DIRECTION ( 'NONE',  ( -0.000000000000000000, -0.000000000000000000, 1.000000000000000000 ) ) ;
#12385 = ORIENTED_EDGE ( 'NONE', *, *, #10703, .F. ) ;
#12386 = ORIENTED_EDGE ( 'NONE', *, *, #270, .F. ) ;
#12387 = EDGE_CURVE ( 'NONE', #2750, #7097, #9721, .T. ) ;
#12388 = CARTESIAN_POINT ( 'NONE',  ( 24.91388822508773160, -11.66452687073411809, 3.027980011963432361 ) ) ;
#12389 = DIRECTION ( 'NONE',  ( -0.000000000000000000, -0.000000000000000000, -1.000000000000000000 ) ) ;
#12390 = ORIENTED_EDGE ( 'NONE', *, *, #3591, .F. ) ;
#12391 = CIRCLE ( 'NONE', #987, 5.000000000000001776 ) ;
#12392 = VERTEX_POINT ( 'NONE', #10701 ) ;
#12393 = EDGE_CURVE ( 'NONE', #11900, #8211, #7503, .T. ) ;
#12394 = ADVANCED_FACE ( 'NONE', ( #1801 ), #10452, .T. ) ;
#12395 = CARTESIAN_POINT ( 'NONE',  ( -23.52087571363853513, 1.369501866246042310, 2.014121164605829239 ) ) ;
#12396 = DIRECTION ( 'NONE',  ( 1.000000000000000000, 0.000000000000000000, -0.000000000000000000 ) ) ;
#12397 = DIRECTION ( 'NONE',  ( -0.6766252893427964210, -0.7363275207553884316, 0.000000000000000000 ) ) ;
#12398 = CARTESIAN_POINT ( 'NONE',  ( -7.823397229952084864, -8.669060361656391933, 1.275000000000000133 ) ) ;
#12399 = CARTESIAN_POINT ( 'NONE',  ( 50.51804093466497392, -8.435600470204391854, -1.275000000000000133 ) ) ;
#12400 = CARTESIAN_POINT ( 'NONE',  ( 11.30748009436489276, 8.151174703035154678, 1.151621164605829417 ) ) ;
#12401 = VERTEX_POINT ( 'NONE', #10642 ) ;
#12402 = DIRECTION ( 'NONE',  ( -0.000000000000000000, -0.000000000000000000, -1.000000000000000000 ) ) ;
#12403 = ORIENTED_EDGE ( 'NONE', *, *, #7404, .F. ) ;
#12404 = ORIENTED_EDGE ( 'NONE', *, *, #12330, .F. ) ;
#12405 = AXIS2_PLACEMENT_3D ( 'NONE', #11163, #126, #4134 ) ;
#12406 = DIRECTION ( 'NONE',  ( -0.8351708648198779006, -0.5499905695155301588, 0.000000000000000000 ) ) ;
#12407 = VERTEX_POINT ( 'NONE', #1606 ) ;
#12408 = CARTESIAN_POINT ( 'NONE',  ( 39.15740510921479967, -16.12278207322762213, 1.275000000000000133 ) ) ;
#12409 = VECTOR ( 'NONE', #9859, 1000.000000000000000 ) ;
#12410 = EDGE_CURVE ( 'NONE', #6497, #12475, #12458, .T. ) ;
#12411 = ORIENTED_EDGE ( 'NONE', *, *, #12727, .F. ) ;
#12412 = EDGE_CURVE ( 'NONE', #3988, #4290, #5491, .T. ) ;
#12413 = CARTESIAN_POINT ( 'NONE',  ( 9.895004820617472774, 27.61115755840636155, 1.275000000000000133 ) ) ;
#12414 = ORIENTED_EDGE ( 'NONE', *, *, #3006, .T. ) ;
#12415 = VECTOR ( 'NONE', #93, 1000.000000000000000 ) ;
#12416 = ORIENTED_EDGE ( 'NONE', *, *, #1111, .T. ) ;
#12417 = LINE ( 'NONE', #9288, #12512 ) ;
#12418 = LINE ( 'NONE', #1510, #12432 ) ;
#12419 = AXIS2_PLACEMENT_3D ( 'NONE', #11910, #7090, #11061 ) ;
#12420 = DIRECTION ( 'NONE',  ( 0.9149178015729286795, 0.4036402065763011748, 0.000000000000000000 ) ) ;
#12421 = CARTESIAN_POINT ( 'NONE',  ( 26.72916168311616758, -20.93828974291378842, 1.912499999999999645 ) ) ;
#12422 = ORIENTED_EDGE ( 'NONE', *, *, #11491, .F. ) ;
#12423 = ADVANCED_FACE ( 'NONE', ( #11417 ), #6728, .T. ) ;
#12424 = CARTESIAN_POINT ( 'NONE',  ( 0.000000000000000000, 0.000000000000000000, 2.550000000000000266 ) ) ;
#12425 = DIRECTION ( 'NONE',  ( -1.000000000000000000, 0.000000000000000000, 0.000000000000000000 ) ) ;
#12426 = ORIENTED_EDGE ( 'NONE', *, *, #6051, .T. ) ;
#12427 = DIRECTION ( 'NONE',  ( 1.000000000000000000, 0.000000000000000000, 0.000000000000000000 ) ) ;
#12428 = VECTOR ( 'NONE', #12384, 1000.000000000000000 ) ;
#12429 = VECTOR ( 'NONE', #6481, 1000.000000000000000 ) ;
#12430 = CARTESIAN_POINT ( 'NONE',  ( 9.596274571997129854, -7.712412018609244413, 1.912499999999999645 ) ) ;
#12431 = AXIS2_PLACEMENT_3D ( 'NONE', #2302, #2361, #8465 ) ;
#12432 = VECTOR ( 'NONE', #598, 1000.000000000000000 ) ;
#12433 = AXIS2_PLACEMENT_3D ( 'NONE', #2628, #6582, #11726 ) ;
#12434 = EDGE_CURVE ( 'NONE', #12267, #3072, #4712, .T. ) ;
#12435 = EDGE_LOOP ( 'NONE', ( #12165, #6057, #5988, #9765 ) ) ;
#12436 = LINE ( 'NONE', #2808, #8761 ) ;
#12437 = CARTESIAN_POINT ( 'NONE',  ( 15.38045670213009863, 9.157540068309863557, -2.010878835394170228 ) ) ;
#12438 = CARTESIAN_POINT ( 'NONE',  ( -8.508444543210325506, 30.12831799411278411, 1.275000000000000133 ) ) ;
#12439 = DIRECTION ( 'NONE',  ( -1.000000000000000000, -0.000000000000000000, -0.000000000000000000 ) ) ;
#12440 = VECTOR ( 'NONE', #3611, 1000.000000000000114 ) ;
#12441 = VERTEX_POINT ( 'NONE', #6670 ) ;
#12442 = ORIENTED_EDGE ( 'NONE', *, *, #10771, .F. ) ;
#12443 = DIRECTION ( 'NONE',  ( 0.9643264662862184311, 0.2647158220052873157, 0.000000000000000000 ) ) ;
#12444 = CARTESIAN_POINT ( 'NONE',  ( 26.37908641396776233, -2.502136201099676605, 3.140902534132742119 ) ) ;
#12445 = FACE_OUTER_BOUND ( 'NONE', #1267, .T. ) ;
#12446 = ORIENTED_EDGE ( 'NONE', *, *, #1111, .F. ) ;
#12447 = VECTOR ( 'NONE', #2114, 1000.000000000000000 ) ;
#12448 = LINE ( 'NONE', #3596, #5313 ) ;
#12449 = EDGE_CURVE ( 'NONE', #1828, #6307, #562, .T. ) ;
#12450 = EDGE_CURVE ( 'NONE', #12784, #9929, #833, .T. ) ;
#12451 = ORIENTED_EDGE ( 'NONE', *, *, #2093, .F. ) ;
#12452 = AXIS2_PLACEMENT_3D ( 'NONE', #12623, #4414, #3703 ) ;
#12453 = ORIENTED_EDGE ( 'NONE', *, *, #6352, .T. ) ;
#12454 = CARTESIAN_POINT ( 'NONE',  ( -26.71772614838266335, -6.861537120226664399, 3.528060039813948556 ) ) ;
#12455 = CARTESIAN_POINT ( 'NONE',  ( 8.691830596236838957, -10.94380396979420844, 2.550000000000000266 ) ) ;
#12456 = VECTOR ( 'NONE', #5087, 1000.000000000000114 ) ;
#12457 = DIRECTION ( 'NONE',  ( -0.7371541402007359967, 0.6757246285173522660, 0.000000000000000000 ) ) ;
#12458 = LINE ( 'NONE', #2768, #5243 ) ;
#12459 = DIRECTION ( 'NONE',  ( 1.000000000000000000, 0.000000000000000000, -0.000000000000000000 ) ) ;
#12460 = CARTESIAN_POINT ( 'NONE',  ( 50.16957179191506100, -10.94380396979420844, 1.912499999999999645 ) ) ;
#12461 = ORIENTED_EDGE ( 'NONE', *, *, #682, .T. ) ;
#12462 = ORIENTED_EDGE ( 'NONE', *, *, #4776, .F. ) ;
#12463 = LINE ( 'NONE', #4656, #312 ) ;
#12464 = ORIENTED_EDGE ( 'NONE', *, *, #5236, .T. ) ;
#12465 = VECTOR ( 'NONE', #10963, 1000.000000000000000 ) ;
#12466 = ORIENTED_EDGE ( 'NONE', *, *, #9564, .T. ) ;
#12467 = EDGE_CURVE ( 'NONE', #8657, #3223, #5627, .T. ) ;
#12468 = CARTESIAN_POINT ( 'NONE',  ( -16.78235294117647314, -26.97058823529411953, 4.871890048187183631 ) ) ;
#12469 = CARTESIAN_POINT ( 'NONE',  ( 20.69936689928072227, -3.332228461859311874, 1.275000000000000133 ) ) ;
#12470 = LINE ( 'NONE', #715, #11695 ) ;
#12471 = LINE ( 'NONE', #6683, #7255 ) ;
#12472 = CARTESIAN_POINT ( 'NONE',  ( -1.321504461720410806, -16.49198077607188750, 1.275000000000000133 ) ) ;
#12473 =( BOUNDED_CURVE ( )  B_SPLINE_CURVE ( 3, ( #862, #8772, #12742, #11448 ),
 .UNSPECIFIED., .F., .T. ) 
 B_SPLINE_CURVE_WITH_KNOTS ( ( 4, 4 ),
 ( 1.080839000541168105, 1.158955461468193393 ),
 .UNSPECIFIED. ) 
 CURVE ( )  GEOMETRIC_REPRESENTATION_ITEM ( )  RATIONAL_B_SPLINE_CURVE ( ( 1.000000000000000000, 0.9994915495213065881, 0.9994915495213065881, 1.000000000000000000 ) ) 
 REPRESENTATION_ITEM ( '' )  );
#12474 = DIRECTION ( 'NONE',  ( -1.000000000000000000, -6.938893903907222067E-15, -0.000000000000000000 ) ) ;
#12475 = VERTEX_POINT ( 'NONE', #4652 ) ;
#12476 = DIRECTION ( 'NONE',  ( -0.2982749931359122697, 0.9544799780350404772, 0.000000000000000000 ) ) ;
#12477 = ORIENTED_EDGE ( 'NONE', *, *, #11132, .F. ) ;
#12478 = VERTEX_POINT ( 'NONE', #11546 ) ;
#12479 = VERTEX_POINT ( 'NONE', #8743 ) ;
#12480 = EDGE_CURVE ( 'NONE', #1490, #1240, #4508, .T. ) ;
#12481 = CARTESIAN_POINT ( 'NONE',  ( -21.33587571363853996, 9.957763227156871011, 1.439121164605829506 ) ) ;
#12482 = ORIENTED_EDGE ( 'NONE', *, *, #5640, .F. ) ;
#12483 = ORIENTED_EDGE ( 'NONE', *, *, #4924, .T. ) ;
#12484 = CARTESIAN_POINT ( 'NONE',  ( 4.437945083414524206, 7.254566538103156326, 0.5766211646058294615 ) ) ;
#12485 = ORIENTED_EDGE ( 'NONE', *, *, #9545, .T. ) ;
#12486 = EDGE_LOOP ( 'NONE', ( #8559, #11486, #8338, #7046 ) ) ;
#12487 = DIRECTION ( 'NONE',  ( 1.000000000000000000, 0.000000000000000000, 0.000000000000000000 ) ) ;
#12488 = CARTESIAN_POINT ( 'NONE',  ( 41.75140282482416154, -15.57031354152369929, -1.275000000000000133 ) ) ;
#12489 = DIRECTION ( 'NONE',  ( 0.9088295457203474648, -0.4171676603306479492, 0.000000000000000000 ) ) ;
#12490 = EDGE_CURVE ( 'NONE', #8467, #11376, #8482, .T. ) ;
#12491 = CARTESIAN_POINT ( 'NONE',  ( 9.596274571997129854, -7.712412018609244413, -1.912499999999999645 ) ) ;
#12492 = ORIENTED_EDGE ( 'NONE', *, *, #328, .T. ) ;
#12493 = LINE ( 'NONE', #3576, #3078 ) ;
#12494 = CARTESIAN_POINT ( 'NONE',  ( -24.96246110940082730, 1.369501866246042310, 2.868498318030765493 ) ) ;
#12495 = ADVANCED_FACE ( 'NONE', ( #7437 ), #10511, .F. ) ;
#12496 = ORIENTED_EDGE ( 'NONE', *, *, #5878, .F. ) ;
#12497 = EDGE_CURVE ( 'NONE', #7494, #5434, #8621, .T. ) ;
#12498 = DIRECTION ( 'NONE',  ( 0.3328201177351529094, 0.9429903335828840882, 0.000000000000000000 ) ) ;
#12499 = EDGE_CURVE ( 'NONE', #8303, #2543, #2515, .T. ) ;
#12500 = DIRECTION ( 'NONE',  ( -0.4788521306805718081, 0.8778955729143851361, 0.000000000000000000 ) ) ;
#12501 = ORIENTED_EDGE ( 'NONE', *, *, #956, .T. ) ;
#12502 = CARTESIAN_POINT ( 'NONE',  ( 25.00000000000000000, 3.061616997868383043E-15, 2.876621164605829950 ) ) ;
#12503 = DIRECTION ( 'NONE',  ( 1.000000000000000000, 0.000000000000000000, 0.000000000000000000 ) ) ;
#12504 = LINE ( 'NONE', #4571, #2273 ) ;
#12505 = CARTESIAN_POINT ( 'NONE',  ( 0.000000000000000000, 0.000000000000000000, 0.000000000000000000 ) ) ;
#12506 = ORIENTED_EDGE ( 'NONE', *, *, #1637, .F. ) ;
#12507 = VECTOR ( 'NONE', #11527, 1000.000000000000000 ) ;
#12508 = VERTEX_POINT ( 'NONE', #5690 ) ;
#12509 = CARTESIAN_POINT ( 'NONE',  ( 11.30748009436489276, 9.301174703035153257, 1.151621164605829417 ) ) ;
#12510 = CARTESIAN_POINT ( 'NONE',  ( 25.12481498442027217, -8.573125100790278452, 3.712956547897656279 ) ) ;
#12511 = LINE ( 'NONE', #9589, #10794 ) ;
#12512 = VECTOR ( 'NONE', #3509, 1000.000000000000114 ) ;
#12513 = ORIENTED_EDGE ( 'NONE', *, *, #6478, .T. ) ;
#12514 = CARTESIAN_POINT ( 'NONE',  ( 27.45200269459302689, -1.879845126507162290, -2.082329401413174352 ) ) ;
#12515 = EDGE_CURVE ( 'NONE', #10667, #5746, #2713, .T. ) ;
#12516 = ADVANCED_FACE ( 'NONE', ( #2889 ), #11018, .T. ) ;
#12517 = VERTEX_POINT ( 'NONE', #10042 ) ;
#12518 = VECTOR ( 'NONE', #4327, 1000.000000000000000 ) ;
#12519 = VERTEX_POINT ( 'NONE', #7942 ) ;
#12520 = DIRECTION ( 'NONE',  ( 0.000000000000000000, 1.000000000000000000, 0.000000000000000000 ) ) ;
#12521 = CARTESIAN_POINT ( 'NONE',  ( 7.721179918986527113, 16.39501474110608115, -1.275000000000000133 ) ) ;
#12522 = DIRECTION ( 'NONE',  ( 0.8596837754248070063, -0.5108265911944580573, 0.000000000000000000 ) ) ;
#12523 = DIRECTION ( 'NONE',  ( 1.000000000000000000, 0.000000000000000000, 0.000000000000000000 ) ) ;
#12524 = DIRECTION ( 'NONE',  ( -0.000000000000000000, -0.000000000000000000, -1.000000000000000000 ) ) ;
#12525 = DIRECTION ( 'NONE',  ( 0.000000000000000000, 2.479012299922036093E-16, 1.000000000000000000 ) ) ;
#12526 = ORIENTED_EDGE ( 'NONE', *, *, #665, .F. ) ;
#12527 = ORIENTED_EDGE ( 'NONE', *, *, #12749, .F. ) ;
#12528 = EDGE_CURVE ( 'NONE', #10661, #5709, #119, .T. ) ;
#12529 = CARTESIAN_POINT ( 'NONE',  ( 50.16957179191506100, -12.10421909368450066, 2.550000000000000266 ) ) ;
#12530 = AXIS2_PLACEMENT_3D ( 'NONE', #1217, #2436, #2248 ) ;
#12531 = FACE_OUTER_BOUND ( 'NONE', #6648, .T. ) ;
#12532 = ORIENTED_EDGE ( 'NONE', *, *, #6219, .T. ) ;
#12533 = ORIENTED_EDGE ( 'NONE', *, *, #10257, .T. ) ;
#12534 = CARTESIAN_POINT ( 'NONE',  ( 53.87779532100678637, 20.23972191653519204, 1.275000000000000133 ) ) ;
#12535 = VECTOR ( 'NONE', #9310, 1000.000000000000000 ) ;
#12536 = LINE ( 'NONE', #8567, #152 ) ;
#12537 = CARTESIAN_POINT ( 'NONE',  ( -5.459641893321363071, -12.10421909368450066, 2.550000000000000266 ) ) ;
#12538 = CARTESIAN_POINT ( 'NONE',  ( -6.254696157596316475, 30.12831799411278411, 1.275000000000000133 ) ) ;
#12539 = CARTESIAN_POINT ( 'NONE',  ( 17.46168505596956777, -7.613636688869534375, 1.275000000000000133 ) ) ;
#12540 = CARTESIAN_POINT ( 'NONE',  ( 11.29611278031712018, 7.368731314913460118, 1.151621164605829417 ) ) ;
#12541 = EDGE_LOOP ( 'NONE', ( #566, #5023, #6836, #7526 ) ) ;
#12542 = LINE ( 'NONE', #1498, #9102 ) ;
#12543 = ORIENTED_EDGE ( 'NONE', *, *, #11270, .F. ) ;
#12544 = ORIENTED_EDGE ( 'NONE', *, *, #8096, .F. ) ;
#12545 = ORIENTED_EDGE ( 'NONE', *, *, #1204, .T. ) ;
#12546 = FACE_OUTER_BOUND ( 'NONE', #273, .T. ) ;
#12547 = EDGE_CURVE ( 'NONE', #5358, #6298, #40, .T. ) ;
#12548 = VERTEX_POINT ( 'NONE', #3076 ) ;
#12549 = ORIENTED_EDGE ( 'NONE', *, *, #3747, .F. ) ;
#12550 = FACE_OUTER_BOUND ( 'NONE', #199, .T. ) ;
#12551 = EDGE_LOOP ( 'NONE', ( #3402, #4861, #4031, #1567 ) ) ;
#12552 = ORIENTED_EDGE ( 'NONE', *, *, #5239, .F. ) ;
#12553 = CARTESIAN_POINT ( 'NONE',  ( 50.16957179191506100, -8.770583410597110330, -1.912499999999999645 ) ) ;
#12554 = CARTESIAN_POINT ( 'NONE',  ( -20.30087571363854693, 74.51861236923376453, 1.439121164605829506 ) ) ;
#12555 = DIRECTION ( 'NONE',  ( 1.000000000000000000, 0.000000000000000000, 0.000000000000000000 ) ) ;
#12556 = LINE ( 'NONE', #9633, #1873 ) ;
#12557 = ORIENTED_EDGE ( 'NONE', *, *, #8517, .F. ) ;
#12558 = VECTOR ( 'NONE', #8489, 1000.000000000000000 ) ;
#12559 = DIRECTION ( 'NONE',  ( 0.000000000000000000, 1.000000000000000000, -0.000000000000000000 ) ) ;
#12560 = PLANE ( 'NONE',  #5272 ) ;
#12561 = ORIENTED_EDGE ( 'NONE', *, *, #12566, .T. ) ;
#12562 = CARTESIAN_POINT ( 'NONE',  ( 3.369076640044708526, 17.36454658905779169, 1.912499999999999645 ) ) ;
#12563 = EDGE_CURVE ( 'NONE', #4731, #7859, #2823, .T. ) ;
#12564 = VECTOR ( 'NONE', #3511, 1000.000000000000000 ) ;
#12565 = VERTEX_POINT ( 'NONE', #9051 ) ;
#12566 = EDGE_CURVE ( 'NONE', #542, #10576, #4901, .T. ) ;
#12567 = AXIS2_PLACEMENT_3D ( 'NONE', #10833, #12716, #1016 ) ;
#12568 = ORIENTED_EDGE ( 'NONE', *, *, #12286, .F. ) ;
#12569 = EDGE_CURVE ( 'NONE', #325, #556, #6061, .T. ) ;
#12570 = ADVANCED_FACE ( 'NONE', ( #2952 ), #10762, .T. ) ;
#12571 = CARTESIAN_POINT ( 'NONE',  ( -0.6104581230483032694, 30.12831799411278411, 2.550000000000000266 ) ) ;
#12572 = CARTESIAN_POINT ( 'NONE',  ( 5.926536009056959209, 21.18669797144782407, 1.500000000000005551 ) ) ;
#12573 = ADVANCED_FACE ( 'NONE', ( #1136 ), #95, .T. ) ;
#12574 = EDGE_CURVE ( 'NONE', #683, #4300, #7883, .T. ) ;
#12575 = CARTESIAN_POINT ( 'NONE',  ( 26.26307892245033315, 3.737713719575966653, -2.735966905310797781 ) ) ;
#12576 = CARTESIAN_POINT ( 'NONE',  ( -15.90000000000000391, -26.50000000000000355, -6.000000000000000000 ) ) ;
#12577 = EDGE_LOOP ( 'NONE', ( #7194, #7073, #9669, #770 ) ) ;
#12578 = ORIENTED_EDGE ( 'NONE', *, *, #4448, .F. ) ;
#12579 = LINE ( 'NONE', #2700, #1856 ) ;
#12580 = CARTESIAN_POINT ( 'NONE',  ( 5.926536009056959209, 21.18669797144782407, -1.499999999999998224 ) ) ;
#12581 = ORIENTED_EDGE ( 'NONE', *, *, #2227, .T. ) ;
#12582 = CARTESIAN_POINT ( 'NONE',  ( -7.939274020753487093, -8.536373850486274506, 1.912499999999999645 ) ) ;
#12583 = EDGE_CURVE ( 'NONE', #11080, #4136, #3011, .T. ) ;
#12584 = ORIENTED_EDGE ( 'NONE', *, *, #8599, .T. ) ;
#12585 = ORIENTED_EDGE ( 'NONE', *, *, #4625, .F. ) ;
#12586 = CARTESIAN_POINT ( 'NONE',  ( -26.42528235747294119, -1.979374096316575793, 3.099607222299257447 ) ) ;
#12587 = ADVANCED_FACE ( 'NONE', ( #6907 ), #12768, .T. ) ;
#12588 = DIRECTION ( 'NONE',  ( 0.000000000000000000, 0.000000000000000000, -1.000000000000000000 ) ) ;
#12589 = CARTESIAN_POINT ( 'NONE',  ( -12.27310490515512065, -3.300466042107845333, -1.275000000000000133 ) ) ;
#12590 = VECTOR ( 'NONE', #6199, 1000.000000000000000 ) ;
#12591 = DIRECTION ( 'NONE',  ( 0.000000000000000000, -1.000000000000000000, 0.000000000000000000 ) ) ;
#12592 = DIRECTION ( 'NONE',  ( -0.000000000000000000, -0.000000000000000000, -1.000000000000000000 ) ) ;
#12593 = ORIENTED_EDGE ( 'NONE', *, *, #12595, .F. ) ;
#12594 = LINE ( 'NONE', #6474, #10271 ) ;
#12595 = EDGE_CURVE ( 'NONE', #8715, #2168, #6965, .T. ) ;
#12596 = ORIENTED_EDGE ( 'NONE', *, *, #7871, .F. ) ;
#12597 = VECTOR ( 'NONE', #5547, 1000.000000000000000 ) ;
#12598 = EDGE_LOOP ( 'NONE', ( #4882, #6263, #7083, #5617 ) ) ;
#12599 = CARTESIAN_POINT ( 'NONE',  ( 73.96491932761539090, 1.369501866246042310, 2.014121164605829239 ) ) ;
#12600 = ADVANCED_FACE ( 'NONE', ( #7812 ), #6001, .T. ) ;
#12601 = CARTESIAN_POINT ( 'NONE',  ( 26.42759916676683929, -1.948598847301214132, -3.097229258628623860 ) ) ;
#12602 = LINE ( 'NONE', #4662, #1310 ) ;
#12603 = DIRECTION ( 'NONE',  ( -0.000000000000000000, -0.000000000000000000, -1.000000000000000000 ) ) ;
#12604 = CARTESIAN_POINT ( 'NONE',  ( -11.22406249021695679, -12.10421909368450066, -2.550000000000000266 ) ) ;
#12605 = DIRECTION ( 'NONE',  ( 0.000000000000000000, 1.000000000000000000, -0.000000000000000000 ) ) ;
#12606 = EDGE_LOOP ( 'NONE', ( #3652, #2520, #12280, #10627 ) ) ;
#12607 = VECTOR ( 'NONE', #12439, 1000.000000000000000 ) ;
#12608 = ORIENTED_EDGE ( 'NONE', *, *, #6456, .F. ) ;
#12609 = EDGE_LOOP ( 'NONE', ( #205, #7335, #10444, #5399 ) ) ;
#12610 = ORIENTED_EDGE ( 'NONE', *, *, #7890, .F. ) ;
#12611 = CARTESIAN_POINT ( 'NONE',  ( -24.60167922224740522, -12.30935145828611077, 3.103064508579647551 ) ) ;
#12612 = EDGE_CURVE ( 'NONE', #1467, #1517, #8857, .T. ) ;
#12613 = ORIENTED_EDGE ( 'NONE', *, *, #3842, .F. ) ;
#12614 = VERTEX_POINT ( 'NONE', #1010 ) ;
#12615 = PLANE ( 'NONE',  #831 ) ;
#12616 = ORIENTED_EDGE ( 'NONE', *, *, #6203, .F. ) ;
#12617 = ORIENTED_EDGE ( 'NONE', *, *, #7577, .F. ) ;
#12618 = VECTOR ( 'NONE', #6483, 1000.000000000000000 ) ;
#12619 = FACE_OUTER_BOUND ( 'NONE', #7543, .T. ) ;
#12620 = CARTESIAN_POINT ( 'NONE',  ( 15.10564948835784627, -8.345536529013696025, 1.912499999999999645 ) ) ;
#12621 = VECTOR ( 'NONE', #5554, 1000.000000000000000 ) ;
#12622 = CARTESIAN_POINT ( 'NONE',  ( -6.425476527123950454, -5.009690084064932769, 1.275000000000000133 ) ) ;
#12623 = CARTESIAN_POINT ( 'NONE',  ( 50.16957179191506100, -10.94380396979420844, 2.550000000000000266 ) ) ;
#12624 = VERTEX_POINT ( 'NONE', #1078 ) ;
#12625 = VECTOR ( 'NONE', #12201, 1000.000000000000000 ) ;
#12626 = CARTESIAN_POINT ( 'NONE',  ( 7.819285395806756078, 8.739284460724460857, 1.275000000000000133 ) ) ;
#12627 = DIRECTION ( 'NONE',  ( 1.000000000000000000, 0.000000000000000000, 0.000000000000000000 ) ) ;
#12628 = EDGE_LOOP ( 'NONE', ( #7539, #1095, #6295, #7564 ) ) ;
#12629 = CARTESIAN_POINT ( 'NONE',  ( 46.97116259195739474, 33.06019309407403028, -1.912499999999999645 ) ) ;
#12630 = VECTOR ( 'NONE', #10325, 1000.000000000000000 ) ;
#12631 = AXIS2_PLACEMENT_3D ( 'NONE', #3264, #10309, #2309 ) ;
#12632 = ORIENTED_EDGE ( 'NONE', *, *, #6558, .T. ) ;
#12633 = CARTESIAN_POINT ( 'NONE',  ( 1.616094351457737499, 30.12831799411278411, 2.550000000000000266 ) ) ;
#12634 = DIRECTION ( 'NONE',  ( 0.7363275207553884316, -0.6766252893427964210, 0.000000000000000000 ) ) ;
#12635 = EDGE_CURVE ( 'NONE', #17, #842, #10946, .T. ) ;
#12636 = CARTESIAN_POINT ( 'NONE',  ( 27.51316670592901303, 0.6601846475151552651, -2.909989360185846863 ) ) ;
#12637 = DIRECTION ( 'NONE',  ( 1.000000000000000000, 0.000000000000000000, 0.000000000000000000 ) ) ;
#12638 = ORIENTED_EDGE ( 'NONE', *, *, #6118, .T. ) ;
#12639 = ORIENTED_EDGE ( 'NONE', *, *, #9138, .T. ) ;
#12640 = AXIS2_PLACEMENT_3D ( 'NONE', #9527, #9456, #12710 ) ;
#12641 = DIRECTION ( 'NONE',  ( -0.9834531885890730463, 0.1811624294769339227, 0.000000000000000000 ) ) ;
#12642 = CARTESIAN_POINT ( 'NONE',  ( -7.064785948593764964, -4.997959635964555503, -1.275000000000000133 ) ) ;
#12643 = ORIENTED_EDGE ( 'NONE', *, *, #2559, .T. ) ;
#12644 = AXIS2_PLACEMENT_3D ( 'NONE', #9122, #8136, #6193 ) ;
#12645 = DIRECTION ( 'NONE',  ( -0.000000000000000000, -0.000000000000000000, -1.000000000000000000 ) ) ;
#12646 = AXIS2_PLACEMENT_3D ( 'NONE', #10674, #4560, #10486 ) ;
#12647 = EDGE_CURVE ( 'NONE', #145, #4677, #1948, .T. ) ;
#12648 = VECTOR ( 'NONE', #12402, 1000.000000000000000 ) ;
#12649 = EDGE_CURVE ( 'NONE', #3203, #7604, #8193, .T. ) ;
#12650 = EDGE_LOOP ( 'NONE', ( #10293, #7178, #5775, #10825 ) ) ;
#12651 = AXIS2_PLACEMENT_3D ( 'NONE', #7932, #2523, #1552 ) ;
#12652 = AXIS2_PLACEMENT_3D ( 'NONE', #7118, #12128, #178 ) ;
#12653 = VERTEX_POINT ( 'NONE', #10232 ) ;
#12654 = CARTESIAN_POINT ( 'NONE',  ( -27.51504058224938731, 0.5811289208893808400, 1.914566935396394110 ) ) ;
#12655 = AXIS2_PLACEMENT_3D ( 'NONE', #209, #12805, #8114 ) ;
#12656 = DIRECTION ( 'NONE',  ( 8.524225085263861320E-16, 1.000000000000000000, 0.000000000000000000 ) ) ;
#12657 = DIRECTION ( 'NONE',  ( -0.000000000000000000, -0.000000000000000000, -1.000000000000000000 ) ) ;
#12658 = VECTOR ( 'NONE', #7941, 1000.000000000000000 ) ;
#12659 = CARTESIAN_POINT ( 'NONE',  ( -16.50000000000000711, -27.50000000000000355, -6.000000000000000000 ) ) ;
#12660 = CARTESIAN_POINT ( 'NONE',  ( -24.26470588235294557, -12.94117647058823906, 9.000000000000000000 ) ) ;
#12661 = EDGE_CURVE ( 'NONE', #1638, #11437, #1270, .T. ) ;
#12662 = EDGE_LOOP ( 'NONE', ( #4462, #2785, #1258, #12426 ) ) ;
#12663 = LINE ( 'NONE', #893, #9860 ) ;
#12664 = VECTOR ( 'NONE', #10535, 1000.000000000000000 ) ;
#12665 = EDGE_CURVE ( 'NONE', #3223, #4136, #10170, .T. ) ;
#12666 = EDGE_CURVE ( 'NONE', #6251, #1903, #12245, .T. ) ;
#12667 = ORIENTED_EDGE ( 'NONE', *, *, #12179, .T. ) ;
#12668 = VECTOR ( 'NONE', #6366, 1000.000000000000000 ) ;
#12669 = VERTEX_POINT ( 'NONE', #8071 ) ;
#12670 = CARTESIAN_POINT ( 'NONE',  ( -6.254696157596316475, 30.12831799411278411, 1.912499999999999645 ) ) ;
#12671 = ADVANCED_FACE ( 'NONE', ( #4289 ), #230, .T. ) ;
#12672 = CARTESIAN_POINT ( 'NONE',  ( 22.80071311932021771, 13.50472070242324030, -2.499999999999996891 ) ) ;
#12673 = LINE ( 'NONE', #3749, #7738 ) ;
#12674 = DIRECTION ( 'NONE',  ( -0.000000000000000000, -0.000000000000000000, -1.000000000000000000 ) ) ;
#12675 = CARTESIAN_POINT ( 'NONE',  ( -5.459641893321363071, 30.12831799411278411, 2.550000000000000266 ) ) ;
#12676 = LINE ( 'NONE', #12400, #856 ) ;
#12677 = EDGE_LOOP ( 'NONE', ( #11336, #10609, #2567, #2532 ) ) ;
#12678 = CIRCLE ( 'NONE', #11009, 200.0000000000000000 ) ;
#12679 = EDGE_LOOP ( 'NONE', ( #5623, #5214, #784, #812 ) ) ;
#12680 = ORIENTED_EDGE ( 'NONE', *, *, #1233, .F. ) ;
#12681 = ORIENTED_EDGE ( 'NONE', *, *, #419, .F. ) ;
#12682 = CARTESIAN_POINT ( 'NONE',  ( -12.31220639882299039, -4.150923529384180632, -1.275000000000000133 ) ) ;
#12683 = EDGE_CURVE ( 'NONE', #5671, #8430, #5677, .T. ) ;
#12684 = VECTOR ( 'NONE', #3555, 1000.000000000000000 ) ;
#12685 = ORIENTED_EDGE ( 'NONE', *, *, #12449, .T. ) ;
#12686 = FACE_OUTER_BOUND ( 'NONE', #4873, .T. ) ;
#12687 = ORIENTED_EDGE ( 'NONE', *, *, #4963, .T. ) ;
#12688 = ADVANCED_FACE ( 'NONE', ( #5212 ), #9182, .T. ) ;
#12689 = CARTESIAN_POINT ( 'NONE',  ( -27.50000000000000000, -10.48790597677188074, 3.944330564365996050 ) ) ;
#12690 = CARTESIAN_POINT ( 'NONE',  ( 14.99082259660042205, -4.972369921957752403, 1.275000000000000133 ) ) ;
#12691 = DIRECTION ( 'NONE',  ( -0.000000000000000000, -0.000000000000000000, 1.000000000000000000 ) ) ;
#12692 = CARTESIAN_POINT ( 'NONE',  ( 12.45748009436489845, 9.301174703035153257, 0.5766211646058294615 ) ) ;
#12693 = CARTESIAN_POINT ( 'NONE',  ( -8.355135239633728617, -4.810272466358741283, 1.275000000000000133 ) ) ;
#12694 = ORIENTED_EDGE ( 'NONE', *, *, #279, .T. ) ;
#12695 = VERTEX_POINT ( 'NONE', #11074 ) ;
#12696 = DIRECTION ( 'NONE',  ( 0.9999977528229970769, 0.002119987961336395298, 0.000000000000000000 ) ) ;
#12697 = ORIENTED_EDGE ( 'NONE', *, *, #1890, .T. ) ;
#12698 = CARTESIAN_POINT ( 'NONE',  ( 0.000000000000000000, 0.000000000000000000, -6.000000000000000000 ) ) ;
#12699 = FACE_OUTER_BOUND ( 'NONE', #934, .T. ) ;
#12700 = LINE ( 'NONE', #3718, #7563 ) ;
#12701 = DIRECTION ( 'NONE',  ( 0.9863939238321445258, 0.1643989873053521844, 0.000000000000000000 ) ) ;
#12702 = ORIENTED_EDGE ( 'NONE', *, *, #5516, .T. ) ;
#12703 = LINE ( 'NONE', #3592, #11393 ) ;
#12704 = CARTESIAN_POINT ( 'NONE',  ( -4.847731257625055967, -3.009648682953001586, -1.275000000000000133 ) ) ;
#12705 = ORIENTED_EDGE ( 'NONE', *, *, #8077, .F. ) ;
#12706 = DIRECTION ( 'NONE',  ( 1.000000000000000000, -0.000000000000000000, -0.000000000000000000 ) ) ;
#12707 = EDGE_CURVE ( 'NONE', #4925, #7747, #291, .T. ) ;
#12708 = ORIENTED_EDGE ( 'NONE', *, *, #2021, .T. ) ;
#12709 = ORIENTED_EDGE ( 'NONE', *, *, #8906, .F. ) ;
#12710 = DIRECTION ( 'NONE',  ( 0.6766252893427964210, 0.7363275207553884316, 0.000000000000000000 ) ) ;
#12711 = LINE ( 'NONE', #702, #3291 ) ;
#12712 = EDGE_CURVE ( 'NONE', #4602, #11348, #2175, .T. ) ;
#12713 = CARTESIAN_POINT ( 'NONE',  ( -4.014820503311821831, 35.05417183913628065, -1.912499999999999645 ) ) ;
#12714 = CARTESIAN_POINT ( 'NONE',  ( 18.64741502928743699, -4.645761665834258203, -1.275000000000000133 ) ) ;
#12715 = CARTESIAN_POINT ( 'NONE',  ( 23.70707270428921731, -11.74177554605818941, -4.095842855935405424 ) ) ;
#12716 = DIRECTION ( 'NONE',  ( 0.000000000000000000, 6.197530749804934925E-17, 1.000000000000000000 ) ) ;
#12717 = ORIENTED_EDGE ( 'NONE', *, *, #30, .F. ) ;
#12718 = VECTOR ( 'NONE', #730, 1000.000000000000114 ) ;
#12719 = VERTEX_POINT ( 'NONE', #425 ) ;
#12720 = EDGE_CURVE ( 'NONE', #4802, #2457, #4227, .T. ) ;
#12721 = CARTESIAN_POINT ( 'NONE',  ( -1.921773770931815672, -10.94380396979420844, 2.550000000000000266 ) ) ;
#12722 = ADVANCED_FACE ( 'NONE', ( #11264 ), #12173, .T. ) ;
#12723 = CARTESIAN_POINT ( 'NONE',  ( 26.51415133744289321, 0.6410474285741906142, -2.911428768483084628 ) ) ;
#12724 = EDGE_CURVE ( 'NONE', #7462, #9218, #3598, .T. ) ;
#12725 = FACE_OUTER_BOUND ( 'NONE', #10461, .T. ) ;
#12726 = DIRECTION ( 'NONE',  ( 0.000000000000000000, -1.000000000000000000, 2.479012299922036093E-16 ) ) ;
#12727 = EDGE_CURVE ( 'NONE', #5527, #7218, #9119, .T. ) ;
#12728 = EDGE_CURVE ( 'NONE', #11083, #743, #3196, .T. ) ;
#12729 = DIRECTION ( 'NONE',  ( 0.000000000000000000, 0.000000000000000000, 1.000000000000000000 ) ) ;
#12730 = CARTESIAN_POINT ( 'NONE',  ( -9.596808745959792830, 10.77643541949969297, -1.148378835394170627 ) ) ;
#12731 = EDGE_LOOP ( 'NONE', ( #8447, #8437, #3338, #5912 ) ) ;
#12732 = AXIS2_PLACEMENT_3D ( 'NONE', #2078, #10066, #4063 ) ;
#12733 = ORIENTED_EDGE ( 'NONE', *, *, #10654, .F. ) ;
#12734 = VERTEX_POINT ( 'NONE', #12307 ) ;
#12735 = LINE ( 'NONE', #6557, #12664 ) ;
#12736 = AXIS2_PLACEMENT_3D ( 'NONE', #12382, #3208, #12188 ) ;
#12737 = ORIENTED_EDGE ( 'NONE', *, *, #11538, .F. ) ;
#12738 = CARTESIAN_POINT ( 'NONE',  ( 13.54101436650989498, 30.12831799411278411, 2.550000000000000266 ) ) ;
#12739 = ORIENTED_EDGE ( 'NONE', *, *, #8579, .T. ) ;
#12740 = DIRECTION ( 'NONE',  ( 0.000000000000000000, 0.000000000000000000, -1.000000000000000000 ) ) ;
#12741 = CARTESIAN_POINT ( 'NONE',  ( 27.49999999999999645, -2.576707815202274765E-11, -1.954188478669855789 ) ) ;
#12742 = CARTESIAN_POINT ( 'NONE',  ( 24.00792865326636516, -11.12039912385690066, 4.020758359141603400 ) ) ;
#12743 = PLANE ( 'NONE',  #8716 ) ;
#12744 = ORIENTED_EDGE ( 'NONE', *, *, #7151, .F. ) ;
#12745 = FACE_OUTER_BOUND ( 'NONE', #3807, .T. ) ;
#12746 = DIRECTION ( 'NONE',  ( 0.8351708648198777896, 0.5499905695155301588, 0.000000000000000000 ) ) ;
#12747 = ORIENTED_EDGE ( 'NONE', *, *, #1207, .T. ) ;
#12748 = LINE ( 'NONE', #924, #6147 ) ;
#12749 = EDGE_CURVE ( 'NONE', #12734, #643, #11200, .T. ) ;
#12750 = ORIENTED_EDGE ( 'NONE', *, *, #234, .F. ) ;
#12751 = ORIENTED_EDGE ( 'NONE', *, *, #10259, .F. ) ;
#12752 = CARTESIAN_POINT ( 'NONE',  ( 13.76249154639683958, -3.751139051235110156, 1.275000000000000133 ) ) ;
#12753 = CARTESIAN_POINT ( 'NONE',  ( 56.24471162071884578, 22.14384850482823097, -1.275000000000000133 ) ) ;
#12754 = DIRECTION ( 'NONE',  ( 8.524225085263861320E-16, 1.000000000000000000, 0.000000000000000000 ) ) ;
#12755 = CARTESIAN_POINT ( 'NONE',  ( 26.44642354443089260, 7.558438069057280551, -1.595678113052165337 ) ) ;
#12756 = DIRECTION ( 'NONE',  ( 1.000000000000000000, 0.000000000000000000, 0.000000000000000000 ) ) ;
#12757 = ORIENTED_EDGE ( 'NONE', *, *, #11303, .F. ) ;
#12758 = LINE ( 'NONE', #8918, #8882 ) ;
#12759 = DIRECTION ( 'NONE',  ( -1.000000000000000000, 0.000000000000000000, 0.000000000000000000 ) ) ;
#12760 = EDGE_LOOP ( 'NONE', ( #7809, #10421, #2058, #10647 ) ) ;
#12761 = CARTESIAN_POINT ( 'NONE',  ( 2.927409999341250124, 30.12831799411278411, -2.550000000000000266 ) ) ;
#12762 = DIRECTION ( 'NONE',  ( 0.000000000000000000, -1.000000000000000000, 6.197530749804934925E-17 ) ) ;
#12763 = CIRCLE ( 'NONE', #100, 1.000000000000000000 ) ;
#12764 = ORIENTED_EDGE ( 'NONE', *, *, #6117, .T. ) ;
#12765 = VERTEX_POINT ( 'NONE', #351 ) ;
#12766 = DIRECTION ( 'NONE',  ( 0.000000000000000000, -0.000000000000000000, 1.000000000000000000 ) ) ;
#12767 = DIRECTION ( 'NONE',  ( -0.000000000000000000, -0.000000000000000000, -1.000000000000000000 ) ) ;
#12768 = PLANE ( 'NONE',  #3373 ) ;
#12769 = LINE ( 'NONE', #7815, #8895 ) ;
#12770 = CARTESIAN_POINT ( 'NONE',  ( -5.459641893321363071, -12.10421909368450066, -1.912499999999999645 ) ) ;
#12771 = PLANE ( 'NONE',  #11415 ) ;
#12772 = CARTESIAN_POINT ( 'NONE',  ( 57.83277260453427715, 11.31864327222919897, 1.275000000000000133 ) ) ;
#12773 = ORIENTED_EDGE ( 'NONE', *, *, #11468, .T. ) ;
#12774 = ORIENTED_EDGE ( 'NONE', *, *, #10977, .F. ) ;
#12775 = CARTESIAN_POINT ( 'NONE',  ( -12.53537813810046941, -10.94380396979420844, 2.550000000000000266 ) ) ;
#12776 = CARTESIAN_POINT ( 'NONE',  ( 50.16957179191506100, -12.10421909368450066, 2.550000000000000266 ) ) ;
#12777 = DIRECTION ( 'NONE',  ( 0.000000000000000000, -0.000000000000000000, 1.000000000000000000 ) ) ;
#12778 = LINE ( 'NONE', #1030, #12465 ) ;
#12779 = EDGE_CURVE ( 'NONE', #5816, #7595, #10296, .T. ) ;
#12780 = CARTESIAN_POINT ( 'NONE',  ( 7.220177707534483957, 7.254566538103149220, 0.5766211646058294615 ) ) ;
#12781 = PLANE ( 'NONE',  #12837 ) ;
#12782 = ORIENTED_EDGE ( 'NONE', *, *, #3924, .T. ) ;
#12783 = EDGE_LOOP ( 'NONE', ( #10548, #6142, #6464, #8796 ) ) ;
#12784 = VERTEX_POINT ( 'NONE', #4362 ) ;
#12785 = CARTESIAN_POINT ( 'NONE',  ( 73.96491932761539090, 74.51861236923376453, -1.148378835394170627 ) ) ;
#12786 = CIRCLE ( 'NONE', #10926, 200.0000000000000000 ) ;
#12787 = ADVANCED_FACE ( 'NONE', ( #3381 ), #8606, .T. ) ;
#12788 = EDGE_CURVE ( 'NONE', #2111, #496, #11530, .T. ) ;
#12789 = VERTEX_POINT ( 'NONE', #3527 ) ;
#12790 = CARTESIAN_POINT ( 'NONE',  ( 24.26470588235293846, -12.94117647058824438, 9.000000000000000000 ) ) ;
#12791 = DIRECTION ( 'NONE',  ( 1.000000000000000000, 0.000000000000000000, 0.000000000000000000 ) ) ;
#12792 = CARTESIAN_POINT ( 'NONE',  ( 11.30748009436489276, 8.151174703035154678, 1.151621164605829417 ) ) ;
#12793 = DIRECTION ( 'NONE',  ( 0.4679360541420690689, 0.8773801015163789074, -0.1060188978298652329 ) ) ;
#12794 = FACE_OUTER_BOUND ( 'NONE', #8487, .T. ) ;
#12795 = ORIENTED_EDGE ( 'NONE', *, *, #8515, .T. ) ;
#12796 = CARTESIAN_POINT ( 'NONE',  ( 9.542210110286795555, 7.320610632720728539, 0.5766211646058294615 ) ) ;
#12797 = DIRECTION ( 'NONE',  ( 0.000000000000000000, -0.000000000000000000, -1.000000000000000000 ) ) ;
#12798 = EDGE_CURVE ( 'NONE', #8920, #10897, #6515, .T. ) ;
#12799 = ORIENTED_EDGE ( 'NONE', *, *, #8384, .F. ) ;
#12800 = ORIENTED_EDGE ( 'NONE', *, *, #12798, .T. ) ;
#12801 = LINE ( 'NONE', #5791, #9052 ) ;
#12802 = ORIENTED_EDGE ( 'NONE', *, *, #11516, .F. ) ;
#12803 = EDGE_CURVE ( 'NONE', #11093, #7514, #9648, .T. ) ;
#12804 = AXIS2_PLACEMENT_3D ( 'NONE', #1993, #5888, #10961 ) ;
#12805 = DIRECTION ( 'NONE',  ( -0.7071067811865475727, -0.7071067811865475727, 0.000000000000000000 ) ) ;
#12806 = ORIENTED_EDGE ( 'NONE', *, *, #9138, .F. ) ;
#12807 = LINE ( 'NONE', #10741, #2135 ) ;
#12808 = CARTESIAN_POINT ( 'NONE',  ( 58.50605750794129278, 13.76410529228347990, -1.275000000000000133 ) ) ;
#12809 = DIRECTION ( 'NONE',  ( -0.000000000000000000, 0.000000000000000000, 1.000000000000000000 ) ) ;
#12810 = ADVANCED_FACE ( 'NONE', ( #8460 ), #10437, .T. ) ;
#12811 = CARTESIAN_POINT ( 'NONE',  ( 25.24682620627119434, -10.90234385979738541, -3.994409483982844122 ) ) ;
#12812 = CARTESIAN_POINT ( 'NONE',  ( -15.65966261393471726, 21.78376715393617502, 1.275000000000000133 ) ) ;
#12813 = ADVANCED_BREP_SHAPE_REPRESENTATION ( '\X2\5409679756db5e7394a553196263\X0\', ( #4115, #10736 ), #6974 ) ;
#12814 = CARTESIAN_POINT ( 'NONE',  ( -10.50865000339211974, -4.185137336343576209, -1.275000000000000133 ) ) ;
#12815 = DIRECTION ( 'NONE',  ( 0.2684582377883105719, 0.9632913238286717750, -0.000000000000000000 ) ) ;
#12816 = ORIENTED_EDGE ( 'NONE', *, *, #7716, .F. ) ;
#12817 = CARTESIAN_POINT ( 'NONE',  ( -5.216430461260505247, -8.847358520986746910, 1.275000000000000133 ) ) ;
#12818 = VECTOR ( 'NONE', #384, 1000.000000000000000 ) ;
#12819 = DIRECTION ( 'NONE',  ( 0.9986178293325104205, -0.05255883312274953895, 0.000000000000000000 ) ) ;
#12820 = AXIS2_PLACEMENT_3D ( 'NONE', #1876, #5829, #2902 ) ;
#12821 = ADVANCED_FACE ( 'NONE', ( #2497 ), #7690, .T. ) ;
#12822 = ORIENTED_EDGE ( 'NONE', *, *, #4567, .T. ) ;
#12823 = ORIENTED_EDGE ( 'NONE', *, *, #2828, .F. ) ;
#12824 = CARTESIAN_POINT ( 'NONE',  ( -10.83123732615211665, -5.988693731774436202, -1.275000000000000133 ) ) ;
#12825 = VECTOR ( 'NONE', #4491, 1000.000000000000000 ) ;
#12826 = CARTESIAN_POINT ( 'NONE',  ( 32.87399844683026373, -21.75840204113997345, -1.912499999999999645 ) ) ;
#12827 = CARTESIAN_POINT ( 'NONE',  ( -9.326495553566230612, -6.684310011826936737, 1.275000000000000133 ) ) ;
#12828 = VECTOR ( 'NONE', #5629, 999.9999999999998863 ) ;
#12829 = AXIS2_PLACEMENT_3D ( 'NONE', #10158, #6368, #6305 ) ;
#12830 = EDGE_CURVE ( 'NONE', #4382, #6100, #751, .T. ) ;
#12831 = CARTESIAN_POINT ( 'NONE',  ( 24.91388822508761436, -11.66452687073437744, -3.027980011963471441 ) ) ;
#12832 = DIRECTION ( 'NONE',  ( 1.000000000000000000, 0.000000000000000000, 0.000000000000000000 ) ) ;
#12833 = CARTESIAN_POINT ( 'NONE',  ( 23.38235294117646390, -12.35062510189814233, -4.169413659219857848 ) ) ;
#12834 = LINE ( 'NONE', #10767, #5908 ) ;
#12835 = EDGE_CURVE ( 'NONE', #7080, #11421, #1666, .T. ) ;
#12836 = ORIENTED_EDGE ( 'NONE', *, *, #1796, .T. ) ;
#12837 = AXIS2_PLACEMENT_3D ( 'NONE', #10906, #4800, #4917 ) ;
#12838 = VERTEX_POINT ( 'NONE', #3450 ) ;
#12839 = VECTOR ( 'NONE', #8288, 1000.000000000000000 ) ;
#12840 = VECTOR ( 'NONE', #11053, 999.9999999999998863 ) ;
#12841 = AXIS2_PLACEMENT_3D ( 'NONE', #1244, #1365, #1306 ) ;
#12842 = ORIENTED_EDGE ( 'NONE', *, *, #9639, .T. ) ;
#12843 = VECTOR ( 'NONE', #7471, 1000.000000000000000 ) ;
#12844 = VECTOR ( 'NONE', #10830, 1000.000000000000000 ) ;
#12845 = FACE_OUTER_BOUND ( 'NONE', #11988, .T. ) ;
#12846 = DIRECTION ( 'NONE',  ( 0.3982847418812866525, 0.9172618297871970583, 0.000000000000000000 ) ) ;
#12847 = PLANE ( 'NONE',  #7530 ) ;
#12848 = LINE ( 'NONE', #2779, #10612 ) ;
#12849 = CARTESIAN_POINT ( 'NONE',  ( -2.376103804022871913, -7.651795232173859596, -1.275000000000000133 ) ) ;
#12850 = CARTESIAN_POINT ( 'NONE',  ( 14.03200173286606223, 10.73073753245124706, -1.148378835394170627 ) ) ;
#12851 = VERTEX_POINT ( 'NONE', #11464 ) ;
#12852 = VECTOR ( 'NONE', #2468, 1000.000000000000114 ) ;
#12853 = ORIENTED_EDGE ( 'NONE', *, *, #8694, .T. ) ;
#12854 = ORIENTED_EDGE ( 'NONE', *, *, #5236, .F. ) ;
ENDSEC;
END-ISO-10303-21;
