ISO-10303-21;
HEADER;
FILE_DESCRIPTION (( 'STEP AP214' ),
    '1' );
FILE_NAME ('Î÷°²Ô¿³×¿Û.STEP',
    '2026-08-19T07:11:46',
    ( '' ),
    ( '' ),
    'SwSTEP 2.0',
    'SolidWorks 2025',
    '' );
FILE_SCHEMA (( 'AUTOMOTIVE_DESIGN' ));
ENDSEC;

DATA;
#1 = ORIENTED_EDGE ( 'NONE', *, *, #2030, .F. ) ;
#2 = AXIS2_PLACEMENT_3D ( 'NONE', #4013, #2335, #2607 ) ;
#3 = LINE ( 'NONE', #4369, #673 ) ;
#4 = ORIENTED_EDGE ( 'NONE', *, *, #2625, .T. ) ;
#5 = DIRECTION ( 'NONE',  ( 0.000000000000000000, 1.000000000000000000, -0.000000000000000000 ) ) ;
#6 = EDGE_CURVE ( 'NONE', #284, #1969, #4285, .T. ) ;
#7 = CYLINDRICAL_SURFACE ( 'NONE', #2, 1.000000000000000888 ) ;
#8 = EDGE_CURVE ( 'NONE', #849, #2020, #2971, .T. ) ;
#9 = DIRECTION ( 'NONE',  ( -0.000000000000000000, -1.000000000000000000, 0.000000000000000000 ) ) ;
#10 = AXIS2_PLACEMENT_3D ( 'NONE', #3662, #297, #1334 ) ;
#11 = ORIENTED_EDGE ( 'NONE', *, *, #961, .F. ) ;
#12 = CARTESIAN_POINT ( 'NONE',  ( 4.084416974482689255, 2.000000000000000000, 6.580169906002734770 ) ) ;
#13 = CARTESIAN_POINT ( 'NONE',  ( 3.900951371452998639, 5.500000000000000000, -16.54637659421418405 ) ) ;
#14 = FACE_OUTER_BOUND ( 'NONE', #3976, .T. ) ;
#15 = EDGE_CURVE ( 'NONE', #1892, #2552, #601, .T. ) ;
#16 = VERTEX_POINT ( 'NONE', #1964 ) ;
#17 = AXIS2_PLACEMENT_3D ( 'NONE', #4237, #165, #1129 ) ;
#18 = ORIENTED_EDGE ( 'NONE', *, *, #1394, .F. ) ;
#19 = EDGE_LOOP ( 'NONE', ( #3205, #497, #4313, #3193 ) ) ;
#20 = CARTESIAN_POINT ( 'NONE',  ( 0.000000000000000000, 5.000000000000000000, 8.412341060818127048 ) ) ;
#21 = CARTESIAN_POINT ( 'NONE',  ( -14.34943576232846496, 4.000000000000000000, 0.000000000000000000 ) ) ;
#22 = EDGE_LOOP ( 'NONE', ( #4337, #173, #2529 ) ) ;
#23 = ORIENTED_EDGE ( 'NONE', *, *, #854, .F. ) ;
#24 = DIRECTION ( 'NONE',  ( -0.000000000000000000, -1.000000000000000000, -0.000000000000000000 ) ) ;
#25 = VECTOR ( 'NONE', #417, 1000.000000000000000 ) ;
#26 = LINE ( 'NONE', #350, #2177 ) ;
#27 = VERTEX_POINT ( 'NONE', #3316 ) ;
#28 = DIRECTION ( 'NONE',  ( 0.000000000000000000, 1.000000000000000000, 0.000000000000000000 ) ) ;
#29 = CARTESIAN_POINT ( 'NONE',  ( -2.275269876593832841, 0.000000000000000000, -5.643307417105276613 ) ) ;
#30 = CARTESIAN_POINT ( 'NONE',  ( -13.59943576232846496, 4.000000000000000000, -3.860667775309767791 ) ) ;
#31 = ORIENTED_EDGE ( 'NONE', *, *, #1342, .T. ) ;
#32 = CARTESIAN_POINT ( 'NONE',  ( -13.59943576232846496, 4.000000000000000000, -3.110667775309767791 ) ) ;
#33 = LINE ( 'NONE', #2788, #4339 ) ;
#34 = DIRECTION ( 'NONE',  ( -0.000000000000000000, -1.000000000000000000, -0.000000000000000000 ) ) ;
#35 = LINE ( 'NONE', #2384, #1646 ) ;
#36 = AXIS2_PLACEMENT_3D ( 'NONE', #1861, #516, #2574 ) ;
#37 = ORIENTED_EDGE ( 'NONE', *, *, #1704, .F. ) ;
#38 = EDGE_LOOP ( 'NONE', ( #1595, #1672, #2844, #906 ) ) ;
#39 = DIRECTION ( 'NONE',  ( 0.000000000000000000, 0.000000000000000000, -1.000000000000000000 ) ) ;
#40 = ORIENTED_EDGE ( 'NONE', *, *, #3280, .F. ) ;
#41 = LINE ( 'NONE', #3147, #1542 ) ;
#42 = VERTEX_POINT ( 'NONE', #2616 ) ;
#43 = CARTESIAN_POINT ( 'NONE',  ( 6.084416974482688367, 2.000000000000000000, 4.580169906002733882 ) ) ;
#44 = ADVANCED_FACE ( 'NONE', ( #277 ), #4307, .T. ) ;
#45 = CARTESIAN_POINT ( 'NONE',  ( 18.24277311780544863, 0.000000000000000000, 1.129848322215247558 ) ) ;
#46 = PLANE ( 'NONE',  #1276 ) ;
#47 = ORIENTED_EDGE ( 'NONE', *, *, #2966, .F. ) ;
#48 = LINE ( 'NONE', #2656, #3230 ) ;
#49 = DIRECTION ( 'NONE',  ( -0.7071067811865460184, 0.000000000000000000, -0.7071067811865490160 ) ) ;
#50 = VECTOR ( 'NONE', #2674, 1000.000000000000000 ) ;
#51 = CARTESIAN_POINT ( 'NONE',  ( 6.084416974458195959, 3.000000000000000000, -2.251619235889195991 ) ) ;
#52 = DIRECTION ( 'NONE',  ( 2.047517776665777664E-16, 0.000000000000000000, -1.000000000000000000 ) ) ;
#53 = VERTEX_POINT ( 'NONE', #899 ) ;
#54 = ORIENTED_EDGE ( 'NONE', *, *, #3523, .F. ) ;
#55 = ADVANCED_FACE ( 'NONE', ( #1923 ), #2737, .F. ) ;
#56 = ORIENTED_EDGE ( 'NONE', *, *, #2661, .F. ) ;
#57 = LINE ( 'NONE', #1434, #2493 ) ;
#58 = CARTESIAN_POINT ( 'NONE',  ( -13.59943576232846674, 4.000000000000000000, -8.860667775309767791 ) ) ;
#59 = EDGE_LOOP ( 'NONE', ( #238, #4017, #309, #3511, #2346 ) ) ;
#60 = B_SPLINE_CURVE_WITH_KNOTS ( 'NONE', 3,
 ( #4076, #2413, #3769, #3725 ),
 .UNSPECIFIED., .F., .F.,
 ( 4, 4 ),
 ( 0.7574414396178243969, 1.000000000000000000 ),
 .UNSPECIFIED. ) ;
#61 = VERTEX_POINT ( 'NONE', #1579 ) ;
#62 = PLANE ( 'NONE',  #230 ) ;
#63 = CARTESIAN_POINT ( 'NONE',  ( 19.92210530458154949, 4.500000000000000888, 1.763439982449189980 ) ) ;
#64 = DIRECTION ( 'NONE',  ( -0.7071067811865460184, 0.000000000000000000, -0.7071067811865490160 ) ) ;
#65 = AXIS2_PLACEMENT_3D ( 'NONE', #615, #3620, #2628 ) ;
#66 = EDGE_CURVE ( 'NONE', #2211, #2689, #566, .T. ) ;
#67 = ORIENTED_EDGE ( 'NONE', *, *, #3249, .T. ) ;
#68 = CARTESIAN_POINT ( 'NONE',  ( 10.08441697445819685, 5.000000000000000000, 11.67311893246593790 ) ) ;
#69 = CARTESIAN_POINT ( 'NONE',  ( 9.084416974458198624, 3.000000000000000000, -0.2516192358891955472 ) ) ;
#70 = DIRECTION ( 'NONE',  ( 0.000000000000000000, 1.000000000000000000, -0.000000000000000000 ) ) ;
#71 = CARTESIAN_POINT ( 'NONE',  ( 8.003131578013606529, 5.000000000000000000, 11.67311893246593790 ) ) ;
#72 = AXIS2_PLACEMENT_3D ( 'NONE', #811, #2216, #3572 ) ;
#73 = ORIENTED_EDGE ( 'NONE', *, *, #3724, .T. ) ;
#74 = EDGE_CURVE ( 'NONE', #3851, #1948, #2639, .T. ) ;
#75 = ORIENTED_EDGE ( 'NONE', *, *, #2661, .T. ) ;
#76 = ORIENTED_EDGE ( 'NONE', *, *, #3837, .T. ) ;
#77 = CARTESIAN_POINT ( 'NONE',  ( -2.386628845210447381, 5.000000000000000000, -5.671093132272514659 ) ) ;
#78 = DIRECTION ( 'NONE',  ( -1.196052167975845270E-16, 0.000000000000000000, -1.000000000000000000 ) ) ;
#79 = VECTOR ( 'NONE', #2492, 1000.000000000000000 ) ;
#80 = ORIENTED_EDGE ( 'NONE', *, *, #3584, .F. ) ;
#81 = EDGE_CURVE ( 'NONE', #3817, #3106, #267, .T. ) ;
#82 = AXIS2_PLACEMENT_3D ( 'NONE', #1371, #964, #542 ) ;
#83 = ORIENTED_EDGE ( 'NONE', *, *, #1790, .T. ) ;
#84 = DIRECTION ( 'NONE',  ( 0.000000000000000000, 0.000000000000000000, 1.000000000000000000 ) ) ;
#85 = FACE_BOUND ( 'NONE', #4226, .T. ) ;
#86 = EDGE_CURVE ( 'NONE', #3055, #1613, #1929, .T. ) ;
#87 = DIRECTION ( 'NONE',  ( 0.7071067811865484609, 0.000000000000000000, -0.7071067811865465735 ) ) ;
#88 = EDGE_CURVE ( 'NONE', #1370, #282, #2602, .T. ) ;
#89 = VERTEX_POINT ( 'NONE', #926 ) ;
#90 = CARTESIAN_POINT ( 'NONE',  ( 4.084416974482688367, 2.000000000000000000, 4.580169906002734770 ) ) ;
#91 = DIRECTION ( 'NONE',  ( 1.000000000000000000, 0.000000000000000000, 0.000000000000000000 ) ) ;
#92 = AXIS2_PLACEMENT_3D ( 'NONE', #3795, #3098, #49 ) ;
#93 = PLANE ( 'NONE',  #1210 ) ;
#94 = CARTESIAN_POINT ( 'NONE',  ( 11.08441697448269103, 2.000000000000000000, 4.580169906002733882 ) ) ;
#95 = EDGE_CURVE ( 'NONE', #3633, #4220, #2980, .T. ) ;
#96 = ORIENTED_EDGE ( 'NONE', *, *, #1291, .F. ) ;
#97 = CIRCLE ( 'NONE', #1874, 22.50000000000000355 ) ;
#98 = AXIS2_PLACEMENT_3D ( 'NONE', #2556, #3904, #3928 ) ;
#99 = EDGE_CURVE ( 'NONE', #1525, #2570, #3819, .T. ) ;
#100 = VERTEX_POINT ( 'NONE', #3596 ) ;
#101 = ORIENTED_EDGE ( 'NONE', *, *, #1854, .F. ) ;
#102 = PLANE ( 'NONE',  #639 ) ;
#103 = DIRECTION ( 'NONE',  ( -0.000000000000000000, -0.000000000000000000, -1.000000000000000000 ) ) ;
#104 = ADVANCED_FACE ( 'NONE', ( #4295 ), #3903, .T. ) ;
#105 = CIRCLE ( 'NONE', #3854, 0.1788005693583167854 ) ;
#106 = DIRECTION ( 'NONE',  ( -0.000000000000000000, 1.000000000000000000, -0.000000000000000000 ) ) ;
#107 = ORIENTED_EDGE ( 'NONE', *, *, #553, .F. ) ;
#108 = CARTESIAN_POINT ( 'NONE',  ( 6.084416974458195959, 3.000000000000000000, -2.251619235889195991 ) ) ;
#109 = EDGE_LOOP ( 'NONE', ( #687, #3083, #3749, #2761 ) ) ;
#110 = DIRECTION ( 'NONE',  ( 1.000000000000000000, 0.000000000000000000, -0.000000000000000000 ) ) ;
#111 = ADVANCED_FACE ( 'NONE', ( #1888 ), #283, .F. ) ;
#112 = CARTESIAN_POINT ( 'NONE',  ( -7.198395109848505058, 4.000000000000000000, -7.360667775309767791 ) ) ;
#113 = DIRECTION ( 'NONE',  ( -1.165540666725403012E-16, 0.000000000000000000, -1.000000000000000000 ) ) ;
#114 = VECTOR ( 'NONE', #1971, 1000.000000000000000 ) ;
#115 = VERTEX_POINT ( 'NONE', #3987 ) ;
#116 = FACE_OUTER_BOUND ( 'NONE', #22, .T. ) ;
#117 = PLANE ( 'NONE',  #92 ) ;
#118 = CARTESIAN_POINT ( 'NONE',  ( 16.08441697448268570, 3.000000000000000000, 6.580169906002734770 ) ) ;
#119 = AXIS2_PLACEMENT_3D ( 'NONE', #90, #3502, #3134 ) ;
#120 = EDGE_CURVE ( 'NONE', #835, #1619, #2623, .T. ) ;
#121 = DIRECTION ( 'NONE',  ( 0.000000000000000000, 1.000000000000000000, -0.000000000000000000 ) ) ;
#122 = LINE ( 'NONE', #142, #656 ) ;
#123 = AXIS2_PLACEMENT_3D ( 'NONE', #3674, #1039, #2394 ) ;
#124 = VERTEX_POINT ( 'NONE', #2891 ) ;
#125 = LINE ( 'NONE', #1750, #1853 ) ;
#126 = LINE ( 'NONE', #4175, #3455 ) ;
#127 = EDGE_CURVE ( 'NONE', #1411, #1370, #2218, .T. ) ;
#128 = LINE ( 'NONE', #3539, #1444 ) ;
#129 = ORIENTED_EDGE ( 'NONE', *, *, #3830, .T. ) ;
#130 = EDGE_LOOP ( 'NONE', ( #4338, #3120, #415, #3017 ) ) ;
#131 = DIRECTION ( 'NONE',  ( 0.000000000000000000, 1.000000000000000000, -0.000000000000000000 ) ) ;
#132 = CARTESIAN_POINT ( 'NONE',  ( 0.000000000000000000, 5.000000000000000000, 0.000000000000000000 ) ) ;
#133 = CARTESIAN_POINT ( 'NONE',  ( -12.84943576232845963, 0.000000000000000000, -1.486014524664474733E-14 ) ) ;
#134 = ORIENTED_EDGE ( 'NONE', *, *, #1062, .T. ) ;
#135 = CARTESIAN_POINT ( 'NONE',  ( 4.569755679803924941, 0.000000000000000000, -9.356723931159644181 ) ) ;
#136 = EDGE_CURVE ( 'NONE', #4069, #3805, #3238, .T. ) ;
#137 = EDGE_CURVE ( 'NONE', #4105, #1368, #1398, .T. ) ;
#138 = DIRECTION ( 'NONE',  ( 1.000000000000000000, 0.000000000000000000, -0.000000000000000000 ) ) ;
#139 = CARTESIAN_POINT ( 'NONE',  ( 0.000000000000000000, 4.000000000000000000, -1.610667775309767791 ) ) ;
#140 = AXIS2_PLACEMENT_3D ( 'NONE', #2028, #3991, #1265 ) ;
#141 = LINE ( 'NONE', #4169, #303 ) ;
#142 = CARTESIAN_POINT ( 'NONE',  ( -12.84943576232845963, 4.000000000000000000, -1.486014524664474733E-14 ) ) ;
#143 = DIRECTION ( 'NONE',  ( -0.000000000000000000, -1.000000000000000000, -0.000000000000000000 ) ) ;
#144 = PLANE ( 'NONE',  #1804 ) ;
#145 = VERTEX_POINT ( 'NONE', #3926 ) ;
#146 = ADVANCED_FACE ( 'NONE', ( #2243 ), #544, .F. ) ;
#147 = PLANE ( 'NONE',  #1815 ) ;
#148 = ADVANCED_FACE ( 'NONE', ( #1712 ), #1011, .T. ) ;
#149 = AXIS2_PLACEMENT_3D ( 'NONE', #159, #1508, #2465 ) ;
#150 = DIRECTION ( 'NONE',  ( 0.000000000000000000, 0.000000000000000000, 1.000000000000000000 ) ) ;
#151 = ORIENTED_EDGE ( 'NONE', *, *, #4303, .F. ) ;
#152 = ORIENTED_EDGE ( 'NONE', *, *, #1414, .F. ) ;
#153 = EDGE_CURVE ( 'NONE', #115, #3325, #3, .T. ) ;
#154 = AXIS2_PLACEMENT_3D ( 'NONE', #1687, #344, #4384 ) ;
#155 = CARTESIAN_POINT ( 'NONE',  ( 4.282535700030599024, 0.000000000000000000, -9.255674478193938626 ) ) ;
#156 = VECTOR ( 'NONE', #581, 1000.000000000000000 ) ;
#157 = AXIS2_PLACEMENT_3D ( 'NONE', #4380, #2631, #3293 ) ;
#158 = ORIENTED_EDGE ( 'NONE', *, *, #3415, .F. ) ;
#159 = CARTESIAN_POINT ( 'NONE',  ( -12.84943576232846496, 4.000000000000000000, 0.000000000000000000 ) ) ;
#160 = LINE ( 'NONE', #2217, #820 ) ;
#161 = VERTEX_POINT ( 'NONE', #2330 ) ;
#162 = CARTESIAN_POINT ( 'NONE',  ( -8.618863667269385687, 0.000000000000000000, 8.618863667269360818 ) ) ;
#163 = DIRECTION ( 'NONE',  ( 0.000000000000000000, 1.000000000000000000, 0.000000000000000000 ) ) ;
#164 = CARTESIAN_POINT ( 'NONE',  ( 19.83669864921987269, 0.000000000000000000, 2.550565956810076695 ) ) ;
#165 = DIRECTION ( 'NONE',  ( 0.000000000000000000, 1.000000000000000000, -0.000000000000000000 ) ) ;
#166 = AXIS2_PLACEMENT_3D ( 'NONE', #2317, #2658, #1652 ) ;
#167 = CARTESIAN_POINT ( 'NONE',  ( 9.084416974482691032, 2.000000000000000000, 4.580169906002732993 ) ) ;
#168 = CARTESIAN_POINT ( 'NONE',  ( 9.892162964287326332, 6.000000000000000000, -16.22174811442904385 ) ) ;
#169 = ORIENTED_EDGE ( 'NONE', *, *, #2841, .F. ) ;
#170 = LINE ( 'NONE', #2142, #194 ) ;
#171 = DIRECTION ( 'NONE',  ( 1.156482317317871331E-15, 0.000000000000000000, 1.000000000000000000 ) ) ;
#172 = CIRCLE ( 'NONE', #241, 1.000000000000000888 ) ;
#173 = ORIENTED_EDGE ( 'NONE', *, *, #2657, .F. ) ;
#174 = ORIENTED_EDGE ( 'NONE', *, *, #425, .T. ) ;
#175 = CARTESIAN_POINT ( 'NONE',  ( 4.282535700030599024, 5.000000000000000000, -9.560151585257274931 ) ) ;
#176 = ORIENTED_EDGE ( 'NONE', *, *, #4359, .F. ) ;
#177 = LINE ( 'NONE', #3857, #1490 ) ;
#178 = EDGE_CURVE ( 'NONE', #282, #4386, #1329, .T. ) ;
#179 = VERTEX_POINT ( 'NONE', #2697 ) ;
#180 = DIRECTION ( 'NONE',  ( 0.000000000000000000, 0.000000000000000000, 1.000000000000000000 ) ) ;
#181 = DIRECTION ( 'NONE',  ( -0.000000000000000000, -1.000000000000000000, -0.000000000000000000 ) ) ;
#182 = DIRECTION ( 'NONE',  ( 0.7071067811865454633, -0.000000000000000000, 0.7071067811865495711 ) ) ;
#183 = LINE ( 'NONE', #206, #493 ) ;
#184 = VECTOR ( 'NONE', #3641, 1000.000000000000000 ) ;
#185 = CARTESIAN_POINT ( 'NONE',  ( 0.000000000000000000, 0.000000000000000000, 0.000000000000000000 ) ) ;
#186 = DIRECTION ( 'NONE',  ( 0.7071067811865484609, 0.000000000000000000, -0.7071067811865465735 ) ) ;
#187 = VERTEX_POINT ( 'NONE', #972 ) ;
#188 = DIRECTION ( 'NONE',  ( 0.000000000000000000, 0.000000000000000000, 1.000000000000000000 ) ) ;
#189 = CARTESIAN_POINT ( 'NONE',  ( 9.084416974458198624, 3.000000000000000000, -2.251619235889195103 ) ) ;
#190 = VECTOR ( 'NONE', #1170, 1000.000000000000000 ) ;
#191 = EDGE_CURVE ( 'NONE', #849, #2305, #26, .T. ) ;
#192 = VERTEX_POINT ( 'NONE', #1669 ) ;
#193 = VECTOR ( 'NONE', #3737, 1000.000000000000000 ) ;
#194 = VECTOR ( 'NONE', #447, 1000.000000000000000 ) ;
#195 = ORIENTED_EDGE ( 'NONE', *, *, #685, .F. ) ;
#196 = CARTESIAN_POINT ( 'NONE',  ( -7.798395109848495821, 5.000000000000000000, -12.16066777530976850 ) ) ;
#197 = CARTESIAN_POINT ( 'NONE',  ( 16.87227590772898367, 0.000000000000000000, -5.363611827992984082 ) ) ;
#198 = LINE ( 'NONE', #3573, #396 ) ;
#199 = CARTESIAN_POINT ( 'NONE',  ( 5.466230535277817992, 5.000000000000000000, -8.130763445302774173 ) ) ;
#200 = DIRECTION ( 'NONE',  ( -1.156482317317870344E-15, 0.000000000000000000, 1.000000000000000000 ) ) ;
#201 = TOROIDAL_SURFACE ( 'NONE', #3807, 21.50000000000000000, 1.000000000000000000 ) ;
#202 = EDGE_LOOP ( 'NONE', ( #377, #2666, #1453, #734 ) ) ;
#203 = CARTESIAN_POINT ( 'NONE',  ( 2.694222958124177204E-15, 0.000000000000000000, -21.50000000000000000 ) ) ;
#204 = DIRECTION ( 'NONE',  ( 0.000000000000000000, 0.000000000000000000, 1.000000000000000000 ) ) ;
#205 = DIRECTION ( 'NONE',  ( -0.000000000000000000, -1.000000000000000000, -0.000000000000000000 ) ) ;
#206 = CARTESIAN_POINT ( 'NONE',  ( -0.3148658430904692773, 5.000000000000000000, -0.07161910370203229681 ) ) ;
#207 = CIRCLE ( 'NONE', #3755, 20.00000000000000000 ) ;
#208 = PLANE ( 'NONE',  #311 ) ;
#209 = CARTESIAN_POINT ( 'NONE',  ( 18.24277311780544863, 3.000000000000000000, -3.106313863398760589 ) ) ;
#210 = ORIENTED_EDGE ( 'NONE', *, *, #1862, .F. ) ;
#211 = DIRECTION ( 'NONE',  ( -0.000000000000000000, -1.000000000000000000, -0.000000000000000000 ) ) ;
#212 = EDGE_CURVE ( 'NONE', #42, #1592, #1377, .T. ) ;
#213 = VERTEX_POINT ( 'NONE', #3700 ) ;
#214 = LINE ( 'NONE', #1026, #3661 ) ;
#215 = VERTEX_POINT ( 'NONE', #2736 ) ;
#216 = DIRECTION ( 'NONE',  ( -0.000000000000000000, -1.000000000000000000, -0.000000000000000000 ) ) ;
#217 = CARTESIAN_POINT ( 'NONE',  ( -5.318863667269385864, 0.000000000000000000, 5.318863667269365436 ) ) ;
#218 = LINE ( 'NONE', #3547, #2389 ) ;
#219 = DIRECTION ( 'NONE',  ( -0.000000000000000000, -1.000000000000000000, -0.000000000000000000 ) ) ;
#220 = ORIENTED_EDGE ( 'NONE', *, *, #3692, .T. ) ;
#221 = CARTESIAN_POINT ( 'NONE',  ( 16.08441697445820395, 3.000000000000000000, -0.2516192358891959913 ) ) ;
#222 = VECTOR ( 'NONE', #663, 1000.000000000000000 ) ;
#223 = CIRCLE ( 'NONE', #3689, 21.50000000000000000 ) ;
#224 = CARTESIAN_POINT ( 'NONE',  ( 3.900951371452998639, 5.500000000000000000, -13.04637659421418405 ) ) ;
#225 = PLANE ( 'NONE',  #744 ) ;
#226 = LINE ( 'NONE', #2269, #3542 ) ;
#227 = LINE ( 'NONE', #482, #2294 ) ;
#228 = LINE ( 'NONE', #2447, #2996 ) ;
#229 = VECTOR ( 'NONE', #465, 1000.000000000000000 ) ;
#230 = AXIS2_PLACEMENT_3D ( 'NONE', #1481, #1794, #1058 ) ;
#231 = EDGE_CURVE ( 'NONE', #2302, #3633, #1998, .T. ) ;
#232 = ADVANCED_FACE ( 'NONE', ( #2025 ), #4077, .T. ) ;
#233 = EDGE_CURVE ( 'NONE', #1600, #2860, #3001, .T. ) ;
#234 = ORIENTED_EDGE ( 'NONE', *, *, #2647, .T. ) ;
#235 = ORIENTED_EDGE ( 'NONE', *, *, #539, .F. ) ;
#236 = DIRECTION ( 'NONE',  ( -0.000000000000000000, -1.000000000000000000, -0.000000000000000000 ) ) ;
#237 = ADVANCED_FACE ( 'NONE', ( #288 ), #4056, .T. ) ;
#238 = ORIENTED_EDGE ( 'NONE', *, *, #1812, .T. ) ;
#239 = EDGE_LOOP ( 'NONE', ( #4314, #583, #1553, #3187 ) ) ;
#240 = VERTEX_POINT ( 'NONE', #3748 ) ;
#241 = AXIS2_PLACEMENT_3D ( 'NONE', #1457, #716, #1033 ) ;
#242 = CARTESIAN_POINT ( 'NONE',  ( 5.466230535277817992, 5.000000000000000000, -8.130763445302774173 ) ) ;
#243 = CARTESIAN_POINT ( 'NONE',  ( 9.084416974458198624, 2.000000000000000000, -0.2516192358891955472 ) ) ;
#244 = VERTEX_POINT ( 'NONE', #1640 ) ;
#245 = EDGE_CURVE ( 'NONE', #1906, #1373, #4343, .T. ) ;
#246 = CARTESIAN_POINT ( 'NONE',  ( -6.448395109848511275, 5.000000000000000000, -1.610667775309767791 ) ) ;
#247 = VECTOR ( 'NONE', #1122, 1000.000000000000000 ) ;
#248 = CARTESIAN_POINT ( 'NONE',  ( -14.34943576232846496, 4.000000000000000000, 12.73933222469023008 ) ) ;
#249 = LINE ( 'NONE', #2293, #184 ) ;
#250 = SURFACE_SIDE_STYLE ('',( #1586 ) ) ;
#251 = DIRECTION ( 'NONE',  ( 0.000000000000000000, 0.000000000000000000, 1.000000000000000000 ) ) ;
#252 = EDGE_CURVE ( 'NONE', #1309, #179, #218, .T. ) ;
#253 = CARTESIAN_POINT ( 'NONE',  ( 10.08441697445819685, 5.000000000000000000, 11.67311893246593790 ) ) ;
#254 = DIRECTION ( 'NONE',  ( 0.000000000000000000, 0.000000000000000000, -1.000000000000000000 ) ) ;
#255 = AXIS2_PLACEMENT_3D ( 'NONE', #2307, #3654, #2352 ) ;
#256 = ORIENTED_EDGE ( 'NONE', *, *, #3367, .T. ) ;
#257 = VERTEX_POINT ( 'NONE', #1556 ) ;
#258 = DIRECTION ( 'NONE',  ( 0.000000000000000000, 1.000000000000000000, -0.000000000000000000 ) ) ;
#259 = VECTOR ( 'NONE', #2986, 1000.000000000000000 ) ;
#261 = ADVANCED_FACE ( 'NONE', ( #2262 ), #1909, .T. ) ;
#260 = ORIENTED_EDGE ( 'NONE', *, *, #618, .F. ) ;
#262 = ORIENTED_EDGE ( 'NONE', *, *, #2808, .T. ) ;
#263 = ORIENTED_EDGE ( 'NONE', *, *, #556, .T. ) ;
#264 = VECTOR ( 'NONE', #991, 1000.000000000000000 ) ;
#265 = ORIENTED_EDGE ( 'NONE', *, *, #3832, .F. ) ;
#266 = CARTESIAN_POINT ( 'NONE',  ( 10.08441697445819685, 0.000000000000000000, 11.67311893246593790 ) ) ;
#267 = LINE ( 'NONE', #1190, #712 ) ;
#268 = ORIENTED_EDGE ( 'NONE', *, *, #901, .T. ) ;
#269 = CARTESIAN_POINT ( 'NONE',  ( 18.70795741976706950, 0.000000000000000000, -3.203490457589410756 ) ) ;
#270 = DIRECTION ( 'NONE',  ( -1.000000000000000000, 0.000000000000000000, -0.000000000000000000 ) ) ;
#271 = PLANE ( 'NONE',  #4143 ) ;
#272 = CARTESIAN_POINT ( 'NONE',  ( -7.798415018066235049, 4.000000000000000000, -12.16068768352750773 ) ) ;
#273 = DIRECTION ( 'NONE',  ( 0.000000000000000000, 0.000000000000000000, 1.000000000000000000 ) ) ;
#274 = CARTESIAN_POINT ( 'NONE',  ( 1.926060831110939953, 4.500000000000000000, 1.129848322215249334 ) ) ;
#275 = CARTESIAN_POINT ( 'NONE',  ( 16.92049610954852668, 0.000000000000000000, -7.978093657502478564 ) ) ;
#276 = ORIENTED_EDGE ( 'NONE', *, *, #1967, .F. ) ;
#277 = FACE_OUTER_BOUND ( 'NONE', #2664, .T. ) ;
#278 = DIRECTION ( 'NONE',  ( -0.000000000000000000, -1.000000000000000000, -0.000000000000000000 ) ) ;
#279 = EDGE_CURVE ( 'NONE', #1600, #1055, #160, .T. ) ;
#280 = ADVANCED_FACE ( 'NONE', ( #565 ), #1530, .T. ) ;
#281 = VECTOR ( 'NONE', #3177, 1000.000000000000000 ) ;
#282 = VERTEX_POINT ( 'NONE', #2601 ) ;
#283 = B_SPLINE_SURFACE_WITH_KNOTS ( 'NONE', 3, 1, ( 
 ( #2263, #2646 ),
 ( #611, #2308 ),
 ( #1216, #1910 ),
 ( #857, #1262 ),
 ( #1531, #4231 ) ),
 .UNSPECIFIED., .F., .F., .F.,
 ( 4, 1, 4 ),
 ( 2, 2 ),
 ( 0.000000000000000000, 0.6195732005058625091, 1.000000000000000000 ),
 ( 0.000000000000000000, 1.000000000000000000 ),
 .UNSPECIFIED. ) ;
#284 = VERTEX_POINT ( 'NONE', #4230 ) ;
#285 = EDGE_LOOP ( 'NONE', ( #2594, #452, #1432, #3010 ) ) ;
#286 = EDGE_LOOP ( 'NONE', ( #647, #37, #1650, #2641 ) ) ;
#287 = DIRECTION ( 'NONE',  ( -0.000000000000000000, -1.000000000000000000, -0.000000000000000000 ) ) ;
#288 = FACE_OUTER_BOUND ( 'NONE', #1547, .T. ) ;
#289 = EDGE_CURVE ( 'NONE', #4090, #3867, #198, .T. ) ;
#290 = VECTOR ( 'NONE', #3095, 1000.000000000000000 ) ;
#291 = VERTEX_POINT ( 'NONE', #4189 ) ;
#292 = CARTESIAN_POINT ( 'NONE',  ( 16.08441697445820040, 2.000000000000000000, -2.251619235889195547 ) ) ;
#293 = CARTESIAN_POINT ( 'NONE',  ( 14.08441697445819685, 2.000000000000000000, -2.251619235889195991 ) ) ;
#294 = EDGE_CURVE ( 'NONE', #3055, #3088, #4249, .T. ) ;
#295 = CARTESIAN_POINT ( 'NONE',  ( 0.000000000000000000, 5.000000000000000000, 0.000000000000000000 ) ) ;
#296 = PLANE ( 'NONE',  #3731 ) ;
#297 = DIRECTION ( 'NONE',  ( 0.000000000000000000, 1.000000000000000000, 0.000000000000000000 ) ) ;
#298 = ADVANCED_FACE ( 'NONE', ( #1578 ), #2890, .T. ) ;
#299 = VERTEX_POINT ( 'NONE', #1928 ) ;
#300 = CARTESIAN_POINT ( 'NONE',  ( 1.351357535269420486E-16, 4.500000000000000000, 1.129848322215249556 ) ) ;
#301 = CARTESIAN_POINT ( 'NONE',  ( 8.003131578013606529, 0.000000000000000000, 11.67311893246593790 ) ) ;
#302 = VECTOR ( 'NONE', #4250, 1000.000000000000000 ) ;
#303 = VECTOR ( 'NONE', #464, 1000.000000000000000 ) ;
#304 = CARTESIAN_POINT ( 'NONE',  ( -6.448395109848513052, 0.000000000000000000, -5.110667775309770455 ) ) ;
#305 = EDGE_CURVE ( 'NONE', #3693, #1458, #2685, .T. ) ;
#306 = ORIENTED_EDGE ( 'NONE', *, *, #409, .F. ) ;
#307 = VERTEX_POINT ( 'NONE', #1215 ) ;
#308 = DIRECTION ( 'NONE',  ( -0.000000000000000000, -1.000000000000000000, -0.000000000000000000 ) ) ;
#309 = ORIENTED_EDGE ( 'NONE', *, *, #2605, .F. ) ;
#310 = VERTEX_POINT ( 'NONE', #2176 ) ;
#311 = AXIS2_PLACEMENT_3D ( 'NONE', #1178, #2204, #2563 ) ;
#312 = ORIENTED_EDGE ( 'NONE', *, *, #2049, .T. ) ;
#313 = CARTESIAN_POINT ( 'NONE',  ( 15.88629824888579023, 5.000000000000000000, -9.560151585257276707 ) ) ;
#314 = CARTESIAN_POINT ( 'NONE',  ( 15.88629824888579023, 5.000000000000000000, -9.255674478193940402 ) ) ;
#315 = ORIENTED_EDGE ( 'NONE', *, *, #1939, .F. ) ;
#316 = CARTESIAN_POINT ( 'NONE',  ( -17.10720793261301864, 5.000000000000000000, -10.36066777530976779 ) ) ;
#317 = DIRECTION ( 'NONE',  ( -0.000000000000000000, -1.000000000000000000, -0.000000000000000000 ) ) ;
#318 = CIRCLE ( 'NONE', #4125, 1.000000000000000888 ) ;
#319 = AXIS2_PLACEMENT_3D ( 'NONE', #1805, #3180, #3161 ) ;
#320 = DIRECTION ( 'NONE',  ( -0.000000000000000000, -1.000000000000000000, -0.000000000000000000 ) ) ;
#321 = FILL_AREA_STYLE ('',( #3351 ) ) ;
#322 = VECTOR ( 'NONE', #3544, 1000.000000000000000 ) ;
#323 = ORIENTED_EDGE ( 'NONE', *, *, #1044, .T. ) ;
#324 = DIRECTION ( 'NONE',  ( -0.000000000000000000, -1.000000000000000000, -0.000000000000000000 ) ) ;
#325 = CARTESIAN_POINT ( 'NONE',  ( 16.87227590772898367, 0.000000000000000000, -5.363611827992984082 ) ) ;
#326 = ORIENTED_EDGE ( 'NONE', *, *, #2744, .F. ) ;
#327 = VERTEX_POINT ( 'NONE', #1236 ) ;
#328 = DIRECTION ( 'NONE',  ( -0.000000000000000000, -1.000000000000000000, -0.000000000000000000 ) ) ;
#329 = ADVANCED_FACE ( 'NONE', ( #2577 ), #201, .T. ) ;
#330 = VERTEX_POINT ( 'NONE', #2242 ) ;
#331 = ORIENTED_EDGE ( 'NONE', *, *, #1244, .T. ) ;
#332 = ORIENTED_EDGE ( 'NONE', *, *, #2633, .F. ) ;
#333 = AXIS2_PLACEMENT_3D ( 'NONE', #32, #2705, #638 ) ;
#334 = DIRECTION ( 'NONE',  ( 0.000000000000000000, 0.000000000000000000, -1.000000000000000000 ) ) ;
#335 = ORIENTED_EDGE ( 'NONE', *, *, #2040, .F. ) ;
#336 = CARTESIAN_POINT ( 'NONE',  ( -12.84943576232846496, 4.000000000000000000, 5.089332224690231499 ) ) ;
#337 = CARTESIAN_POINT ( 'NONE',  ( -14.34943576232846496, 4.000000000000000000, 5.089332224690231499 ) ) ;
#338 = ORIENTED_EDGE ( 'NONE', *, *, #3415, .T. ) ;
#339 = DIRECTION ( 'NONE',  ( -8.673617379884027583E-16, 0.000000000000000000, 1.000000000000000000 ) ) ;
#340 = FACE_OUTER_BOUND ( 'NONE', #1534, .T. ) ;
#341 = CARTESIAN_POINT ( 'NONE',  ( -1.846678854221375010, 4.500000000000000000, 2.953952004840985079 ) ) ;
#342 = VERTEX_POINT ( 'NONE', #519 ) ;
#343 = EDGE_LOOP ( 'NONE', ( #941, #1399, #2621, #3409 ) ) ;
#344 = DIRECTION ( 'NONE',  ( 0.000000000000000000, 1.000000000000000000, -0.000000000000000000 ) ) ;
#345 = DIRECTION ( 'NONE',  ( 0.000000000000000000, 0.000000000000000000, 1.000000000000000000 ) ) ;
#346 = ORIENTED_EDGE ( 'NONE', *, *, #2760, .T. ) ;
#347 = ORIENTED_EDGE ( 'NONE', *, *, #1667, .F. ) ;
#348 = VECTOR ( 'NONE', #2223, 1000.000000000000000 ) ;
#349 = CARTESIAN_POINT ( 'NONE',  ( -14.34943576232846496, 4.000000000000000000, 12.73933222469023008 ) ) ;
#350 = CARTESIAN_POINT ( 'NONE',  ( 6.084416974458195959, 2.000000000000000000, -2.251619235889195991 ) ) ;
#351 = VERTEX_POINT ( 'NONE', #903 ) ;
#352 = DIRECTION ( 'NONE',  ( 1.156482317317870344E-15, 0.000000000000000000, -1.000000000000000000 ) ) ;
#353 = FACE_BOUND ( 'NONE', #4209, .T. ) ;
#354 = LINE ( 'NONE', #747, #3685 ) ;
#355 = VERTEX_POINT ( 'NONE', #2554 ) ;
#356 = CARTESIAN_POINT ( 'NONE',  ( -5.548395109848521578, 4.000000000000000000, 1.089332224690231943 ) ) ;
#357 = DIRECTION ( 'NONE',  ( 0.000000000000000000, 1.000000000000000000, 0.000000000000000000 ) ) ;
#358 = DIRECTION ( 'NONE',  ( 4.336808689942017736E-16, 0.000000000000000000, -1.000000000000000000 ) ) ;
#359 = CARTESIAN_POINT ( 'NONE',  ( 0.000000000000000000, 5.000000000000000000, -12.16066777530976850 ) ) ;
#360 = CIRCLE ( 'NONE', #2568, 20.00000000000000000 ) ;
#361 = ORIENTED_EDGE ( 'NONE', *, *, #2296, .T. ) ;
#362 = AXIS2_PLACEMENT_3D ( 'NONE', #3287, #1604, #617 ) ;
#363 = ORIENTED_EDGE ( 'NONE', *, *, #1346, .T. ) ;
#364 = ORIENTED_EDGE ( 'NONE', *, *, #785, .T. ) ;
#365 = DIRECTION ( 'NONE',  ( 0.000000000000000000, 0.000000000000000000, 1.000000000000000000 ) ) ;
#366 = FACE_OUTER_BOUND ( 'NONE', #4206, .T. ) ;
#367 = ORIENTED_EDGE ( 'NONE', *, *, #695, .F. ) ;
#368 = ORIENTED_EDGE ( 'NONE', *, *, #3114, .T. ) ;
#369 = EDGE_CURVE ( 'NONE', #3696, #4069, #3176, .T. ) ;
#370 = DIRECTION ( 'NONE',  ( -1.000000000000000000, 0.000000000000000000, 0.000000000000000000 ) ) ;
#371 = AXIS2_PLACEMENT_3D ( 'NONE', #2582, #3950, #2915 ) ;
#372 = AXIS2_PLACEMENT_3D ( 'NONE', #185, #2945, #866 ) ;
#373 = ORIENTED_EDGE ( 'NONE', *, *, #3832, .T. ) ;
#374 = CARTESIAN_POINT ( 'NONE',  ( 19.83669864921987269, 4.500000000000000000, 2.550565956810076251 ) ) ;
#375 = FACE_OUTER_BOUND ( 'NONE', #2698, .T. ) ;
#376 = DIRECTION ( 'NONE',  ( 1.000000000000000000, 0.000000000000000000, -1.084202172485501599E-16 ) ) ;
#377 = ORIENTED_EDGE ( 'NONE', *, *, #3256, .T. ) ;
#378 = CARTESIAN_POINT ( 'NONE',  ( 4.084416974482688367, 2.000000000000000000, 4.580169906002734770 ) ) ;
#379 = EDGE_CURVE ( 'NONE', #1763, #3195, #3451, .T. ) ;
#380 = LINE ( 'NONE', #418, #2654 ) ;
#381 = DIRECTION ( 'NONE',  ( 0.000000000000000000, 0.000000000000000000, 1.000000000000000000 ) ) ;
#382 = LINE ( 'NONE', #2113, #3827 ) ;
#383 = ORIENTED_EDGE ( 'NONE', *, *, #4317, .F. ) ;
#384 = ORIENTED_EDGE ( 'NONE', *, *, #935, .F. ) ;
#385 = CARTESIAN_POINT ( 'NONE',  ( 0.000000000000000000, 0.000000000000000000, 0.000000000000000000 ) ) ;
#386 = CARTESIAN_POINT ( 'NONE',  ( 16.08441697445820040, 2.000000000000000000, -2.251619235889195547 ) ) ;
#387 = ORIENTED_EDGE ( 'NONE', *, *, #88, .T. ) ;
#388 = EDGE_CURVE ( 'NONE', #284, #3306, #2871, .T. ) ;
#389 = EDGE_LOOP ( 'NONE', ( #2573, #784, #1238, #1799 ) ) ;
#390 = CARTESIAN_POINT ( 'NONE',  ( -12.84943576232846496, 4.000000000000000000, 12.73933222469023008 ) ) ;
#391 = CARTESIAN_POINT ( 'NONE',  ( 3.900951371452998639, 6.000000000000000000, -16.54637659421418405 ) ) ;
#392 = CARTESIAN_POINT ( 'NONE',  ( 14.08441697448268748, 2.000000000000000000, 4.580169906002734770 ) ) ;
#393 = ORIENTED_EDGE ( 'NONE', *, *, #881, .F. ) ;
#394 = EDGE_CURVE ( 'NONE', #1752, #1272, #2197, .T. ) ;
#395 = LINE ( 'NONE', #3528, #1004 ) ;
#396 = VECTOR ( 'NONE', #543, 1000.000000000000000 ) ;
#397 = VECTOR ( 'NONE', #4201, 1000.000000000000000 ) ;
#398 = LINE ( 'NONE', #3116, #1510 ) ;
#399 = DIRECTION ( 'NONE',  ( -1.000000000000000000, 0.000000000000000000, 0.000000000000000000 ) ) ;
#400 = VECTOR ( 'NONE', #254, 1000.000000000000000 ) ;
#401 = CARTESIAN_POINT ( 'NONE',  ( 18.14476557788701427, 3.000000000000000000, 8.412341060818127048 ) ) ;
#402 = EDGE_LOOP ( 'NONE', ( #3344, #1766, #564, #2489 ) ) ;
#403 = ORIENTED_EDGE ( 'NONE', *, *, #2625, .F. ) ;
#404 = ORIENTED_EDGE ( 'NONE', *, *, #1443, .F. ) ;
#405 = LINE ( 'NONE', #1767, #3339 ) ;
#406 = PLANE ( 'NONE',  #2018 ) ;
#407 = ADVANCED_FACE ( 'NONE', ( #4315 ), #2958, .T. ) ;
#408 = ORIENTED_EDGE ( 'NONE', *, *, #4293, .T. ) ;
#409 = EDGE_CURVE ( 'NONE', #1699, #2191, #3963, .T. ) ;
#410 = ORIENTED_EDGE ( 'NONE', *, *, #3470, .F. ) ;
#411 = CARTESIAN_POINT ( 'NONE',  ( -14.34943576232846496, 4.000000000000000000, -1.610667775309767791 ) ) ;
#412 = LINE ( 'NONE', #196, #3292 ) ;
#413 = CARTESIAN_POINT ( 'NONE',  ( 1.870468557420857270, 4.000000000000000000, 1.870468557420862155 ) ) ;
#414 = EDGE_CURVE ( 'NONE', #711, #2527, #2470, .T. ) ;
#415 = ORIENTED_EDGE ( 'NONE', *, *, #1819, .F. ) ;
#416 = ADVANCED_FACE ( 'NONE', ( #2696 ), #1306, .T. ) ;
#417 = DIRECTION ( 'NONE',  ( -0.7071067811865463515, 0.000000000000000000, -0.7071067811865487940 ) ) ;
#418 = CARTESIAN_POINT ( 'NONE',  ( -6.448395109848513052, 4.000000000000000000, -5.110667775309770455 ) ) ;
#419 = CARTESIAN_POINT ( 'NONE',  ( 19.38655634580746323, 3.000000000000000000, 0.000000000000000000 ) ) ;
#420 = PLANE ( 'NONE',  #2640 ) ;
#421 = EDGE_CURVE ( 'NONE', #3693, #1064, #971, .T. ) ;
#422 = ORIENTED_EDGE ( 'NONE', *, *, #2363, .F. ) ;
#423 = ORIENTED_EDGE ( 'NONE', *, *, #3811, .F. ) ;
#424 = DIRECTION ( 'NONE',  ( -0.000000000000000000, -1.000000000000000000, -0.000000000000000000 ) ) ;
#425 = EDGE_CURVE ( 'NONE', #1764, #2213, #2673, .T. ) ;
#426 = CARTESIAN_POINT ( 'NONE',  ( -2.229531442579137046, 0.000000000000000000, -2.229531442579142819 ) ) ;
#427 = VECTOR ( 'NONE', #2586, 1000.000000000000000 ) ;
#428 = AXIS2_PLACEMENT_3D ( 'NONE', #4102, #3835, #4142 ) ;
#429 = EDGE_LOOP ( 'NONE', ( #626, #2166, #4265, #4139, #306, #644, #387, #3676 ) ) ;
#430 = LINE ( 'NONE', #1791, #397 ) ;
#431 = ORIENTED_EDGE ( 'NONE', *, *, #6, .T. ) ;
#432 = CARTESIAN_POINT ( 'NONE',  ( 10.41280312030244914, 0.000000000000000000, -17.07552433097794164 ) ) ;
#433 = DIRECTION ( 'NONE',  ( 0.000000000000000000, -0.000000000000000000, 1.000000000000000000 ) ) ;
#434 = VECTOR ( 'NONE', #2438, 1000.000000000000000 ) ;
#435 = FACE_OUTER_BOUND ( 'NONE', #2147, .T. ) ;
#436 = VERTEX_POINT ( 'NONE', #587 ) ;
#437 = CARTESIAN_POINT ( 'NONE',  ( -7.198395109848505058, 4.000000000000000000, -7.360667775309767791 ) ) ;
#438 = FACE_OUTER_BOUND ( 'NONE', #4200, .T. ) ;
#439 = FACE_OUTER_BOUND ( 'NONE', #1416, .T. ) ;
#440 = EDGE_CURVE ( 'NONE', #1051, #2570, #3345, .T. ) ;
#441 = DIRECTION ( 'NONE',  ( 0.000000000000000000, 0.000000000000000000, -1.000000000000000000 ) ) ;
#442 = FACE_OUTER_BOUND ( 'NONE', #3949, .T. ) ;
#443 = AXIS2_PLACEMENT_3D ( 'NONE', #3588, #3312, #273 ) ;
#444 = AXIS2_PLACEMENT_3D ( 'NONE', #3326, #613, #1643 ) ;
#445 = ORIENTED_EDGE ( 'NONE', *, *, #2820, .T. ) ;
#446 = ORIENTED_EDGE ( 'NONE', *, *, #741, .F. ) ;
#447 = DIRECTION ( 'NONE',  ( -0.000000000000000000, 1.000000000000000000, -0.000000000000000000 ) ) ;
#448 = CIRCLE ( 'NONE', #1594, 3.499999999999999556 ) ;
#449 = FACE_OUTER_BOUND ( 'NONE', #59, .T. ) ;
#450 = ORIENTED_EDGE ( 'NONE', *, *, #1403, .T. ) ;
#451 = EDGE_CURVE ( 'NONE', #2059, #1948, #3673, .T. ) ;
#452 = ORIENTED_EDGE ( 'NONE', *, *, #4355, .T. ) ;
#453 = CARTESIAN_POINT ( 'NONE',  ( -12.84943576232846318, 0.000000000000000000, 3.589332224690231943 ) ) ;
#454 = CARTESIAN_POINT ( 'NONE',  ( 0.000000000000000000, 4.500000000000000000, 0.000000000000000000 ) ) ;
#455 = FACE_OUTER_BOUND ( 'NONE', #1321, .T. ) ;
#456 = AXIS2_PLACEMENT_3D ( 'NONE', #2861, #759, #3184 ) ;
#457 = EDGE_LOOP ( 'NONE', ( #3103, #3463, #3875, #1497 ) ) ;
#458 = CARTESIAN_POINT ( 'NONE',  ( -14.34943576232846674, 4.000000000000000000, 11.23933222469023185 ) ) ;
#459 = EDGE_CURVE ( 'NONE', #1331, #1436, #4330, .T. ) ;
#460 = DIRECTION ( 'NONE',  ( 0.000000000000000000, 0.000000000000000000, -1.000000000000000000 ) ) ;
#461 = DIRECTION ( 'NONE',  ( 0.000000000000000000, 0.000000000000000000, 1.000000000000000000 ) ) ;
#462 = EDGE_CURVE ( 'NONE', #1685, #2192, #3369, .T. ) ;
#463 = VECTOR ( 'NONE', #1915, 1000.000000000000000 ) ;
#464 = DIRECTION ( 'NONE',  ( -0.000000000000000000, -1.000000000000000000, -0.000000000000000000 ) ) ;
#465 = DIRECTION ( 'NONE',  ( -0.000000000000000000, 1.000000000000000000, -0.000000000000000000 ) ) ;
#466 = DIRECTION ( 'NONE',  ( -1.000000000000000000, 0.000000000000000000, 0.000000000000000000 ) ) ;
#467 = ORIENTED_EDGE ( 'NONE', *, *, #1196, .F. ) ;
#468 = CARTESIAN_POINT ( 'NONE',  ( 4.084416974458195959, 3.000000000000000000, -0.2516192358891953806 ) ) ;
#469 = CARTESIAN_POINT ( 'NONE',  ( -1.846678854221375898, 0.000000000000000000, 2.953952004840985968 ) ) ;
#470 = ORIENTED_EDGE ( 'NONE', *, *, #2498, .T. ) ;
#471 = ORIENTED_EDGE ( 'NONE', *, *, #4375, .T. ) ;
#472 = DIRECTION ( 'NONE',  ( 0.000000000000000000, 0.000000000000000000, 1.000000000000000000 ) ) ;
#473 = CARTESIAN_POINT ( 'NONE',  ( 14.08441697448268748, 3.000000000000000000, 4.580169906002734770 ) ) ;
#474 = ORIENTED_EDGE ( 'NONE', *, *, #3073, .T. ) ;
#475 = DIRECTION ( 'NONE',  ( -0.000000000000000000, -1.000000000000000000, -0.000000000000000000 ) ) ;
#476 = CARTESIAN_POINT ( 'NONE',  ( -13.59943576232846496, 4.000000000000000000, 3.589332224690231943 ) ) ;
#477 = FACE_OUTER_BOUND ( 'NONE', #285, .T. ) ;
#478 = CARTESIAN_POINT ( 'NONE',  ( 0.000000000000000000, 5.000000000000000000, 15.44347941987573058 ) ) ;
#479 = DIRECTION ( 'NONE',  ( -0.000000000000000000, 1.000000000000000000, -0.000000000000000000 ) ) ;
#480 = AXIS2_PLACEMENT_3D ( 'NONE', #295, #3372, #1647 ) ;
#481 = FACE_BOUND ( 'NONE', #1749, .T. ) ;
#482 = CARTESIAN_POINT ( 'NONE',  ( 11.08441697445820040, 3.000000000000000000, -2.251619235889195547 ) ) ;
#483 = CARTESIAN_POINT ( 'NONE',  ( 9.892162964287326332, 6.000000000000000000, -16.22174811442904385 ) ) ;
#484 = VERTEX_POINT ( 'NONE', #1668 ) ;
#485 = CARTESIAN_POINT ( 'NONE',  ( -12.84943576232846674, 4.000000000000000000, -8.860667775309767791 ) ) ;
#486 = AXIS2_PLACEMENT_3D ( 'NONE', #413, #1773, #87 ) ;
#487 = CARTESIAN_POINT ( 'NONE',  ( 19.38655634580746323, 4.500000000000000000, 2.490294255477051966 ) ) ;
#488 = VERTEX_POINT ( 'NONE', #4033 ) ;
#489 = ADVANCED_FACE ( 'NONE', ( #990 ), #2645, .T. ) ;
#490 = EDGE_LOOP ( 'NONE', ( #1677, #1550, #2777, #3988 ) ) ;
#491 = DIRECTION ( 'NONE',  ( 0.000000000000000000, 0.000000000000000000, 1.000000000000000000 ) ) ;
#492 = CLOSED_SHELL ( 'NONE', ( #3752, #329, #745, #777, #3377, #3848, #44, #2618, #1526, #1691, #3298, #2600, #4184, #1783, #1479, #3754, #1684, #1632, #489, #3538, #1069, #1765, #3708, #3060, #3112, #232, #3853, #595, #2927, #4032, #846, #765, #2830, #4027, #2644, #2436, #2741, #3608, #2156, #4160, #550, #1494, #4154, #1245, #1083, #4065, #1460, #3435, #298, #2765, #868, #3381, #2315, #2414, #1256, #1826, #4305, #3616, #1679, #3336, #3514, #2458, #1955, #1851, #3460, #148, #55, #261, #1658, #416, #111, #1587, #1806, #3690, #4137, #2967, #3056, #2169, #2316, #407, #3105, #586, #4333, #2441, #596, #2485, #684, #2270, #703, #3846, #1232, #3447, #2463, #2449, #2129, #821, #280, #2551, #2280, #3973, #1437, #2131, #1375, #2931, #146, #1330, #3880, #3829, #3508, #2479, #1017, #3268, #2004, #1577, #1365, #1832, #1902, #3436, #2939, #3037, #3289, #1161, #3658, #2362, #1989, #2974, #104, #731, #2904, #237, #2597, #1015, #1945, #3598 ) ) ;
#493 = VECTOR ( 'NONE', #864, 1000.000000000000114 ) ;
#494 = ORIENTED_EDGE ( 'NONE', *, *, #3704, .F. ) ;
#495 = CARTESIAN_POINT ( 'NONE',  ( -12.84943576232846496, 4.000000000000000000, -3.110667775309767791 ) ) ;
#496 = DIRECTION ( 'NONE',  ( 0.000000000000000000, -0.000000000000000000, 1.000000000000000000 ) ) ;
#497 = ORIENTED_EDGE ( 'NONE', *, *, #3425, .F. ) ;
#498 = LINE ( 'NONE', #2290, #1079 ) ;
#499 = FACE_OUTER_BOUND ( 'NONE', #3457, .T. ) ;
#500 = CARTESIAN_POINT ( 'NONE',  ( 3.900951371452999084, 5.500000000000000000, -20.04637659421418405 ) ) ;
#501 = LINE ( 'NONE', #1564, #781 ) ;
#502 = EDGE_CURVE ( 'NONE', #3453, #2380, #3699, .T. ) ;
#503 = VECTOR ( 'NONE', #2484, 1000.000000000000000 ) ;
#504 = VECTOR ( 'NONE', #751, 1000.000000000000000 ) ;
#505 = DIRECTION ( 'NONE',  ( 0.000000000000000000, 1.000000000000000000, -0.000000000000000000 ) ) ;
#506 = CARTESIAN_POINT ( 'NONE',  ( 4.084416974482689255, 2.000000000000000000, 6.580169906002734770 ) ) ;
#507 = ORIENTED_EDGE ( 'NONE', *, *, #3701, .F. ) ;
#508 = CARTESIAN_POINT ( 'NONE',  ( 4.084416974458195959, 2.000000000000000000, -2.251619235889195991 ) ) ;
#509 = DIRECTION ( 'NONE',  ( 1.084202172485505420E-16, 0.000000000000000000, 1.000000000000000000 ) ) ;
#510 = AXIS2_PLACEMENT_3D ( 'NONE', #2882, #2144, #150 ) ;
#511 = AXIS2_PLACEMENT_3D ( 'NONE', #4371, #1673, #1284 ) ;
#512 = ORIENTED_EDGE ( 'NONE', *, *, #2808, .F. ) ;
#513 = ORIENTED_EDGE ( 'NONE', *, *, #2324, .T. ) ;
#514 = VECTOR ( 'NONE', #216, 1000.000000000000000 ) ;
#515 = VERTEX_POINT ( 'NONE', #3322 ) ;
#516 = DIRECTION ( 'NONE',  ( 0.000000000000000000, -1.000000000000000000, 0.000000000000000000 ) ) ;
#517 = ORIENTED_EDGE ( 'NONE', *, *, #2471, .T. ) ;
#518 = DIRECTION ( 'NONE',  ( -1.156482317317871331E-15, 0.000000000000000000, 1.000000000000000000 ) ) ;
#519 = CARTESIAN_POINT ( 'NONE',  ( 12.16570237090278894, 5.000000000000000000, 11.67311893246593790 ) ) ;
#520 = CARTESIAN_POINT ( 'NONE',  ( -6.448395109848510387, 4.000000000000000000, 3.196052108408072335E-15 ) ) ;
#521 = CARTESIAN_POINT ( 'NONE',  ( -5.318863667269384976, 5.000000000000000000, 5.318863667269365436 ) ) ;
#522 = EDGE_LOOP ( 'NONE', ( #3746, #844, #1920, #1770 ) ) ;
#523 = CARTESIAN_POINT ( 'NONE',  ( -2.539928013475143409, 5.000000000000000000, -5.253247864225387254 ) ) ;
#524 = DIRECTION ( 'NONE',  ( -0.000000000000000000, -1.000000000000000000, -0.000000000000000000 ) ) ;
#525 = LINE ( 'NONE', #3933, #960 ) ;
#526 = DIRECTION ( 'NONE',  ( 0.000000000000000000, 0.000000000000000000, -1.000000000000000000 ) ) ;
#527 = EDGE_CURVE ( 'NONE', #161, #488, #4283, .T. ) ;
#528 = VECTOR ( 'NONE', #2032, 1000.000000000000000 ) ;
#529 = LINE ( 'NONE', #1226, #3422 ) ;
#530 = CARTESIAN_POINT ( 'NONE',  ( 0.7822776031089313520, 4.500000000000000000, 2.490294255477054186 ) ) ;
#531 = ORIENTED_EDGE ( 'NONE', *, *, #1193, .F. ) ;
#532 = EDGE_CURVE ( 'NONE', #1431, #1906, #845, .T. ) ;
#533 = CARTESIAN_POINT ( 'NONE',  ( -11.31396215431650809, 4.000000000000000000, -16.49224849348001598 ) ) ;
#534 = CARTESIAN_POINT ( 'NONE',  ( -1.846678854221375898, 4.500000000000000000, 2.953952004840985968 ) ) ;
#535 = EDGE_LOOP ( 'NONE', ( #4074, #1159, #1830, #2162, #4228, #1094, #3941, #3517, #4094, #2052, #2167, #2276, #2289, #4289, #2261, #3723, #4, #1374, #2116, #4385, #2195, #1947, #2626, #2928, #4361, #4296, #2970, #1636, #3057, #1731, #3283, #1633, #4364, #3887, #262, #1809 ) ) ;
#536 = ORIENTED_EDGE ( 'NONE', *, *, #4293, .F. ) ;
#537 = DIRECTION ( 'NONE',  ( -0.000000000000000000, -1.000000000000000000, -0.000000000000000000 ) ) ;
#538 = AXIS2_PLACEMENT_3D ( 'NONE', #3590, #258, #2595 ) ;
#539 = EDGE_CURVE ( 'NONE', #3299, #4382, #2502, .T. ) ;
#540 = ORIENTED_EDGE ( 'NONE', *, *, #1538, .T. ) ;
#541 = CARTESIAN_POINT ( 'NONE',  ( 11.08441697448269103, 3.000000000000000000, 4.580169906002733882 ) ) ;
#542 = DIRECTION ( 'NONE',  ( 0.000000000000000000, 0.000000000000000000, 1.000000000000000000 ) ) ;
#543 = DIRECTION ( 'NONE',  ( -0.000000000000000000, -1.000000000000000000, -0.000000000000000000 ) ) ;
#544 = PLANE ( 'NONE',  #1962 ) ;
#545 = AXIS2_PLACEMENT_3D ( 'NONE', #476, #4272, #3877 ) ;
#546 = ORIENTED_EDGE ( 'NONE', *, *, #1704, .T. ) ;
#547 = FACE_OUTER_BOUND ( 'NONE', #691, .T. ) ;
#548 = DIRECTION ( 'NONE',  ( 0.7071067811865465735, -0.000000000000000000, 0.7071067811865485719 ) ) ;
#549 = CARTESIAN_POINT ( 'NONE',  ( 0.000000000000000000, 4.000000000000000000, -7.360667775309767791 ) ) ;
#550 = ADVANCED_FACE ( 'NONE', ( #4202 ), #1498, .T. ) ;
#551 = FACE_OUTER_BOUND ( 'NONE', #653, .T. ) ;
#552 = EDGE_CURVE ( 'NONE', #1119, #27, #2881, .T. ) ;
#553 = EDGE_CURVE ( 'NONE', #3241, #2020, #4130, .T. ) ;
#554 = UNCERTAINTY_MEASURE_WITH_UNIT (LENGTH_MEASURE( 1.000000000000000082E-05 ), #3753, 'distance_accuracy_value', 'NONE');
#555 = DIRECTION ( 'NONE',  ( -1.000000000000000000, 0.000000000000000000, 2.168404344971006896E-16 ) ) ;
#556 = EDGE_CURVE ( 'NONE', #3188, #4030, #3162, .T. ) ;
#557 = LINE ( 'NONE', #3271, #804 ) ;
#558 = DIRECTION ( 'NONE',  ( -0.000000000000000000, -1.000000000000000000, -0.000000000000000000 ) ) ;
#559 = ORIENTED_EDGE ( 'NONE', *, *, #924, .F. ) ;
#560 = DIRECTION ( 'NONE',  ( -0.000000000000000000, -1.000000000000000000, -0.000000000000000000 ) ) ;
#561 = CARTESIAN_POINT ( 'NONE',  ( -12.84943576232846496, 4.000000000000000000, 5.089332224690231499 ) ) ;
#562 = AXIS2_PLACEMENT_3D ( 'NONE', #2514, #2553, #518 ) ;
#563 = EDGE_CURVE ( 'NONE', #3405, #2101, #3559, .T. ) ;
#564 = ORIENTED_EDGE ( 'NONE', *, *, #3566, .T. ) ;
#565 = FACE_OUTER_BOUND ( 'NONE', #4114, .T. ) ;
#566 = LINE ( 'NONE', #243, #4111 ) ;
#567 = VECTOR ( 'NONE', #2061, 1000.000000000000000 ) ;
#568 = EDGE_CURVE ( 'NONE', #4091, #2080, #1098, .T. ) ;
#569 = ORIENTED_EDGE ( 'NONE', *, *, #394, .T. ) ;
#570 = CYLINDRICAL_SURFACE ( 'NONE', #2651, 0.7499999999999972244 ) ;
#571 = VECTOR ( 'NONE', #2404, 1000.000000000000000 ) ;
#572 = LINE ( 'NONE', #3968, #3815 ) ;
#573 = LINE ( 'NONE', #3581, #1605 ) ;
#574 = CARTESIAN_POINT ( 'NONE',  ( -10.41102437462526886, 4.000000000000000000, -14.39776835585768389 ) ) ;
#575 = EDGE_CURVE ( 'NONE', #3696, #791, #2544, .T. ) ;
#576 = FACE_OUTER_BOUND ( 'NONE', #2338, .T. ) ;
#577 = CARTESIAN_POINT ( 'NONE',  ( 16.87227590772898367, 5.000000000000000000, -5.363611827992984082 ) ) ;
#578 = VECTOR ( 'NONE', #3750, 1000.000000000000000 ) ;
#579 = VECTOR ( 'NONE', #2724, 1000.000000000000000 ) ;
#580 = ORIENTED_EDGE ( 'NONE', *, *, #3679, .T. ) ;
#581 = DIRECTION ( 'NONE',  ( -1.000000000000000000, 0.000000000000000000, 0.000000000000000000 ) ) ;
#582 = CARTESIAN_POINT ( 'NONE',  ( 19.92210529640140138, 4.500000000000000888, 1.763439978875164460 ) ) ;
#583 = ORIENTED_EDGE ( 'NONE', *, *, #575, .F. ) ;
#584 = ORIENTED_EDGE ( 'NONE', *, *, #8, .F. ) ;
#585 = ORIENTED_EDGE ( 'NONE', *, *, #3715, .T. ) ;
#586 = ADVANCED_FACE ( 'NONE', ( #3206 ), #147, .F. ) ;
#587 = CARTESIAN_POINT ( 'NONE',  ( 3.900951371452999084, 2.168404344971008868E-16, -20.04637659421418405 ) ) ;
#588 = DIRECTION ( 'NONE',  ( 0.000000000000000000, 1.000000000000000000, -0.000000000000000000 ) ) ;
#589 = ORIENTED_EDGE ( 'NONE', *, *, #2136, .F. ) ;
#590 = CARTESIAN_POINT ( 'NONE',  ( -2.234855408919218966, 5.000000000000000000, -4.994580773372190308 ) ) ;
#591 = CIRCLE ( 'NONE', #2374, 0.2370438511196454046 ) ;
#592 = DIRECTION ( 'NONE',  ( -1.000000000000000000, -0.000000000000000000, -0.000000000000000000 ) ) ;
#593 = FACE_OUTER_BOUND ( 'NONE', #2929, .T. ) ;
#594 = CARTESIAN_POINT ( 'NONE',  ( -13.59943576232846496, 4.000000000000000000, 3.589332224690231943 ) ) ;
#595 = ADVANCED_FACE ( 'NONE', ( #2188 ), #1474, .T. ) ;
#596 = ADVANCED_FACE ( 'NONE', ( #3227 ), #2119, .F. ) ;
#597 = CARTESIAN_POINT ( 'NONE',  ( 6.084416974482688367, 2.000000000000000000, 6.580169906002734770 ) ) ;
#598 = DIRECTION ( 'NONE',  ( -0.000000000000000000, -1.000000000000000000, -0.000000000000000000 ) ) ;
#599 = CARTESIAN_POINT ( 'NONE',  ( 1.926060831110940175, 3.000000000000000000, 3.943643790639312038E-16 ) ) ;
#600 = ORIENTED_EDGE ( 'NONE', *, *, #2043, .F. ) ;
#601 = LINE ( 'NONE', #1253, #853 ) ;
#602 = LINE ( 'NONE', #1724, #4224 ) ;
#603 = EDGE_CURVE ( 'NONE', #100, #2711, #1160, .T. ) ;
#604 = EDGE_LOOP ( 'NONE', ( #4245, #2792, #2140, #4340 ) ) ;
#605 = EDGE_CURVE ( 'NONE', #4223, #27, #1115, .T. ) ;
#606 = ORIENTED_EDGE ( 'NONE', *, *, #2633, .T. ) ;
#607 = CIRCLE ( 'NONE', #3236, 3.000000000000000888 ) ;
#608 = ORIENTED_EDGE ( 'NONE', *, *, #1715, .T. ) ;
#609 = VERTEX_POINT ( 'NONE', #3821 ) ;
#610 = CARTESIAN_POINT ( 'NONE',  ( -6.448395109848510387, 0.000000000000000000, 3.196052108408072335E-15 ) ) ;
#611 = CARTESIAN_POINT ( 'NONE',  ( 3.122985938718636056, 5.000000000000000000, -8.090675628649709239 ) ) ;
#612 = ORIENTED_EDGE ( 'NONE', *, *, #1427, .F. ) ;
#613 = DIRECTION ( 'NONE',  ( 0.000000000000000000, 1.000000000000000000, -0.000000000000000000 ) ) ;
#614 = CARTESIAN_POINT ( 'NONE',  ( -2.539928013475143409, 5.000000000000000000, -5.253247864225387254 ) ) ;
#615 = CARTESIAN_POINT ( 'NONE',  ( -13.59943576232846496, 4.000000000000000000, -3.110667775309767791 ) ) ;
#616 = LINE ( 'NONE', #955, #259 ) ;
#617 = DIRECTION ( 'NONE',  ( -0.000000000000000000, 0.000000000000000000, -1.000000000000000000 ) ) ;
#618 = EDGE_CURVE ( 'NONE', #4345, #3226, #170, .T. ) ;
#619 = VERTEX_POINT ( 'NONE', #3845 ) ;
#620 = LINE ( 'NONE', #3031, #3945 ) ;
#621 = DIRECTION ( 'NONE',  ( -1.000000000000000000, 0.000000000000000000, -8.673617379884027583E-16 ) ) ;
#622 = DIRECTION ( 'NONE',  ( 0.000000000000000000, 0.000000000000000000, -1.000000000000000000 ) ) ;
#623 = ORIENTED_EDGE ( 'NONE', *, *, #1394, .T. ) ;
#624 = VERTEX_POINT ( 'NONE', #1811 ) ;
#625 = LINE ( 'NONE', #4362, #3691 ) ;
#626 = ORIENTED_EDGE ( 'NONE', *, *, #2754, .F. ) ;
#627 = ORIENTED_EDGE ( 'NONE', *, *, #1726, .T. ) ;
#628 = ORIENTED_EDGE ( 'NONE', *, *, #3059, .F. ) ;
#629 = DIRECTION ( 'NONE',  ( -0.000000000000000000, -1.000000000000000000, -0.000000000000000000 ) ) ;
#630 = STYLED_ITEM ( 'NONE', ( #2610 ), #3892 ) ;
#631 = ORIENTED_EDGE ( 'NONE', *, *, #1044, .F. ) ;
#632 = DIRECTION ( 'NONE',  ( -0.000000000000000000, -1.000000000000000000, -0.000000000000000000 ) ) ;
#633 = CARTESIAN_POINT ( 'NONE',  ( 19.38162282921841140, 0.000000000000000000, -4.934845134947982714 ) ) ;
#634 = LINE ( 'NONE', #657, #1625 ) ;
#635 = CARTESIAN_POINT ( 'NONE',  ( 3.900951371452998639, 6.000000000000000000, -16.54637659421418405 ) ) ;
#636 = ORIENTED_EDGE ( 'NONE', *, *, #3906, .T. ) ;
#637 = AXIS2_PLACEMENT_3D ( 'NONE', #3504, #70, #381 ) ;
#638 = DIRECTION ( 'NONE',  ( 0.000000000000000000, 0.000000000000000000, -1.000000000000000000 ) ) ;
#639 = AXIS2_PLACEMENT_3D ( 'NONE', #3844, #2839, #3454 ) ;
#640 = FACE_OUTER_BOUND ( 'NONE', #4319, .T. ) ;
#641 = CARTESIAN_POINT ( 'NONE',  ( 19.08090855999466129, 5.000000000000000000, -4.954547715722342538 ) ) ;
#642 = EDGE_CURVE ( 'NONE', #2191, #257, #126, .T. ) ;
#643 = ORIENTED_EDGE ( 'NONE', *, *, #2744, .T. ) ;
#644 = ORIENTED_EDGE ( 'NONE', *, *, #4146, .T. ) ;
#645 = LINE ( 'NONE', #1032, #1781 ) ;
#646 = EDGE_CURVE ( 'NONE', #835, #2302, #2164, .T. ) ;
#647 = ORIENTED_EDGE ( 'NONE', *, *, #1682, .T. ) ;
#648 = VERTEX_POINT ( 'NONE', #3975 ) ;
#649 = VECTOR ( 'NONE', #3583, 1000.000000000000000 ) ;
#650 = ORIENTED_EDGE ( 'NONE', *, *, #245, .T. ) ;
#651 = DIRECTION ( 'NONE',  ( -1.000000000000000000, 0.000000000000000000, 0.000000000000000000 ) ) ;
#652 = CARTESIAN_POINT ( 'NONE',  ( -7.198395109848509499, 0.000000000000000000, -4.162408328803619103E-15 ) ) ;
#653 = EDGE_LOOP ( 'NONE', ( #3040, #3295, #569, #608 ) ) ;
#654 = PLANE ( 'NONE',  #1863 ) ;
#655 = AXIS2_PLACEMENT_3D ( 'NONE', #3181, #4259, #822 ) ;
#656 = VECTOR ( 'NONE', #2496, 1000.000000000000000 ) ;
#657 = CARTESIAN_POINT ( 'NONE',  ( 4.282535700030599024, 5.000000000000000000, -9.560151585257274931 ) ) ;
#658 = FACE_OUTER_BOUND ( 'NONE', #1096, .T. ) ;
#659 = ORIENTED_EDGE ( 'NONE', *, *, #3521, .T. ) ;
#660 = DIRECTION ( 'NONE',  ( 1.000000000000000000, 0.000000000000000000, -1.878143616355039418E-16 ) ) ;
#662 = B_SPLINE_SURFACE_WITH_KNOTS ( 'NONE', 3, 1, ( 
 ( #523, #1220 ),
 ( #590, #3930 ),
 ( #2940, #3218 ),
 ( #2627, #1512 ) ),
 .UNSPECIFIED., .F., .F., .F.,
 ( 4, 4 ),
 ( 2, 2 ),
 ( 0.000000000000000000, 1.000000000000000000 ),
 ( 0.000000000000000000, 1.000000000000000000 ),
 .UNSPECIFIED. ) ;
#661 = DIRECTION ( 'NONE',  ( 0.000000000000000000, 1.000000000000000000, 0.000000000000000000 ) ) ;
#663 = DIRECTION ( 'NONE',  ( -1.734723475976807489E-15, -0.000000000000000000, -1.000000000000000000 ) ) ;
#664 = EDGE_LOOP ( 'NONE', ( #1258, #1101, #1659, #2733 ) ) ;
#665 = EDGE_LOOP ( 'NONE', ( #2786, #1166, #1343, #2103 ) ) ;
#666 = CARTESIAN_POINT ( 'NONE',  ( 16.08441697445820040, 2.000000000000000000, -2.251619235889195547 ) ) ;
#667 = VECTOR ( 'NONE', #103, 1000.000000000000000 ) ;
#668 = CARTESIAN_POINT ( 'NONE',  ( 11.08441697448269103, 3.000000000000000000, 6.580169906002733882 ) ) ;
#669 = ORIENTED_EDGE ( 'NONE', *, *, #2599, .F. ) ;
#670 = ORIENTED_EDGE ( 'NONE', *, *, #3837, .F. ) ;
#671 = VERTEX_POINT ( 'NONE', #1921 ) ;
#672 = LINE ( 'NONE', #349, #1662 ) ;
#673 = VECTOR ( 'NONE', #3391, 1000.000000000000000 ) ;
#674 = ORIENTED_EDGE ( 'NONE', *, *, #1988, .F. ) ;
#675 = PLANE ( 'NONE',  #1789 ) ;
#676 = CARTESIAN_POINT ( 'NONE',  ( 0.7822776031089313520, 0.000000000000000000, 2.490294255477054186 ) ) ;
#677 = DIRECTION ( 'NONE',  ( -2.848692784669627459E-15, 0.000000000000000000, 1.000000000000000000 ) ) ;
#678 = EDGE_LOOP ( 'NONE', ( #1966, #3647, #1615, #158 ) ) ;
#679 = CARTESIAN_POINT ( 'NONE',  ( -1.527074146088831009E-15, 0.000000000000000000, -8.130763445302772396 ) ) ;
#680 = LINE ( 'NONE', #3758, #2219 ) ;
#681 = LINE ( 'NONE', #2055, #2460 ) ;
#682 = EDGE_CURVE ( 'NONE', #42, #609, #3294, .T. ) ;
#683 = LINE ( 'NONE', #3137, #4112 ) ;
#684 = ADVANCED_FACE ( 'NONE', ( #3273, #2902, #1271, #2950 ), #3915, .T. ) ;
#685 = EDGE_CURVE ( 'NONE', #4386, #973, #2275, .T. ) ;
#686 = ORIENTED_EDGE ( 'NONE', *, *, #2189, .F. ) ;
#687 = ORIENTED_EDGE ( 'NONE', *, *, #1504, .T. ) ;
#688 = ORIENTED_EDGE ( 'NONE', *, *, #3893, .F. ) ;
#689 = DIRECTION ( 'NONE',  ( 1.156482317317871133E-15, 0.000000000000000000, 1.000000000000000000 ) ) ;
#690 = FACE_OUTER_BOUND ( 'NONE', #19, .T. ) ;
#691 = EDGE_LOOP ( 'NONE', ( #1637, #1742, #2642, #987, #922 ) ) ;
#692 = ORIENTED_EDGE ( 'NONE', *, *, #4367, .F. ) ;
#693 = B_SPLINE_CURVE_WITH_KNOTS ( 'NONE', 3,
 ( #896, #2859, #3585, #799 ),
 .UNSPECIFIED., .F., .F.,
 ( 4, 4 ),
 ( 0.7574414396178233977, 1.000000000000000000 ),
 .UNSPECIFIED. ) ;
#694 = VECTOR ( 'NONE', #3071, 1000.000000000000000 ) ;
#695 = EDGE_CURVE ( 'NONE', #2045, #351, #3587, .T. ) ;
#696 = LINE ( 'NONE', #3412, #2686 ) ;
#697 = EDGE_CURVE ( 'NONE', #988, #53, #939, .T. ) ;
#698 = ORIENTED_EDGE ( 'NONE', *, *, #1727, .T. ) ;
#699 = DIRECTION ( 'NONE',  ( 1.000000000000000000, 0.000000000000000000, -1.594736223967793693E-16 ) ) ;
#700 = CARTESIAN_POINT ( 'NONE',  ( 19.16103790266095785, 4.500000000000000888, 1.430918612979593885 ) ) ;
#701 = LINE ( 'NONE', #3373, #3333 ) ;
#702 = VECTOR ( 'NONE', #3132, 1000.000000000000000 ) ;
#703 = ADVANCED_FACE ( 'NONE', ( #2567 ), #1901, .F. ) ;
#704 = ORIENTED_EDGE ( 'NONE', *, *, #4303, .T. ) ;
#705 = CARTESIAN_POINT ( 'NONE',  ( -12.84943576232846318, 4.000000000000000000, 3.589332224690231943 ) ) ;
#706 = B_SPLINE_CURVE_WITH_KNOTS ( 'NONE', 3,
 ( #3086, #1075, #3141, #2118 ),
 .UNSPECIFIED., .F., .F.,
 ( 4, 4 ),
 ( 0.000000000000000000, 1.000000000000000000 ),
 .UNSPECIFIED. ) ;
#707 = CARTESIAN_POINT ( 'NONE',  ( 19.38655634580746323, 3.000000000000000000, 4.915428063844742290 ) ) ;
#708 = LINE ( 'NONE', #2789, #3272 ) ;
#709 = DIRECTION ( 'NONE',  ( 1.000000000000000000, 0.000000000000000000, -5.782411586589358625E-16 ) ) ;
#710 = VECTOR ( 'NONE', #1053, 1000.000000000000000 ) ;
#711 = VERTEX_POINT ( 'NONE', #3645 ) ;
#712 = VECTOR ( 'NONE', #3655, 1000.000000000000000 ) ;
#713 = TOROIDAL_SURFACE ( 'NONE', #3201, 21.50000000000000000, 1.000000000000000000 ) ;
#714 = ORIENTED_EDGE ( 'NONE', *, *, #2647, .F. ) ;
#715 = ORIENTED_EDGE ( 'NONE', *, *, #88, .F. ) ;
#716 = DIRECTION ( 'NONE',  ( -1.000000000000000000, 0.000000000000000000, 0.000000000000000000 ) ) ;
#717 = B_SPLINE_CURVE_WITH_KNOTS ( 'NONE', 3,
 ( #836, #3967, #3549, #1601, #3907 ),
 .UNSPECIFIED., .F., .F.,
 ( 4, 1, 4 ),
 ( 0.000000000000000000, 0.04999999999999996808, 0.7978655889721444350 ),
 .UNSPECIFIED. ) ;
#718 = ORIENTED_EDGE ( 'NONE', *, *, #2966, .T. ) ;
#719 = AXIS2_PLACEMENT_3D ( 'NONE', #1379, #3371, #1975 ) ;
#720 = VECTOR ( 'NONE', #91, 1000.000000000000000 ) ;
#721 = ORIENTED_EDGE ( 'NONE', *, *, #3367, .F. ) ;
#722 = LINE ( 'NONE', #743, #4262 ) ;
#723 = DIRECTION ( 'NONE',  ( 1.000000000000000000, -0.000000000000000000, 1.224646799147353207E-16 ) ) ;
#724 = EDGE_CURVE ( 'NONE', #3740, #2938, #1568, .T. ) ;
#725 = VECTOR ( 'NONE', #106, 1000.000000000000000 ) ;
#726 = ORIENTED_EDGE ( 'NONE', *, *, #3065, .T. ) ;
#727 = DIRECTION ( 'NONE',  ( 1.000000000000000000, 0.000000000000000000, -0.000000000000000000 ) ) ;
#728 = DIRECTION ( 'NONE',  ( 0.000000000000000000, 0.000000000000000000, 1.000000000000000000 ) ) ;
#729 = DIRECTION ( 'NONE',  ( 0.000000000000000000, -0.000000000000000000, 1.000000000000000000 ) ) ;
#730 = DIRECTION ( 'NONE',  ( -1.000000000000000000, 0.000000000000000000, 0.000000000000000000 ) ) ;
#731 = ADVANCED_FACE ( 'NONE', ( #4242 ), #1250, .T. ) ;
#732 = EDGE_CURVE ( 'NONE', #89, #351, #2925, .T. ) ;
#733 = B_SPLINE_CURVE_WITH_KNOTS ( 'NONE', 3,
 ( #2849, #1796, #197, #2150, #1886 ),
 .UNSPECIFIED., .F., .F.,
 ( 4, 1, 4 ),
 ( 0.000000000000000000, 0.6195732005058625091, 0.7091895560522892827 ),
 .UNSPECIFIED. ) ;
#734 = ORIENTED_EDGE ( 'NONE', *, *, #1099, .T. ) ;
#735 = ORIENTED_EDGE ( 'NONE', *, *, #462, .F. ) ;
#736 = ORIENTED_EDGE ( 'NONE', *, *, #2700, .F. ) ;
#737 = DIRECTION ( 'NONE',  ( 0.000000000000000000, 0.000000000000000000, 1.000000000000000000 ) ) ;
#738 = LINE ( 'NONE', #2100, #3495 ) ;
#739 = ORIENTED_EDGE ( 'NONE', *, *, #2593, .T. ) ;
#740 = EDGE_CURVE ( 'NONE', #2284, #1906, #4263, .T. ) ;
#741 = EDGE_CURVE ( 'NONE', #307, #3113, #2856, .T. ) ;
#742 = ORIENTED_EDGE ( 'NONE', *, *, #2662, .T. ) ;
#743 = CARTESIAN_POINT ( 'NONE',  ( 11.08441697445820040, 2.000000000000000000, -2.251619235889195547 ) ) ;
#744 = AXIS2_PLACEMENT_3D ( 'NONE', #139, #1514, #2897 ) ;
#745 = ADVANCED_FACE ( 'NONE', ( #4145 ), #4271, .T. ) ;
#746 = CARTESIAN_POINT ( 'NONE',  ( -5.548395109848521578, 4.000000000000000000, 1.089332224690231943 ) ) ;
#747 = CARTESIAN_POINT ( 'NONE',  ( 9.084416974482689255, 2.000000000000000000, 6.580169906002734770 ) ) ;
#748 = ORIENTED_EDGE ( 'NONE', *, *, #3715, .F. ) ;
#749 = DIRECTION ( 'NONE',  ( -1.000000000000000000, -0.000000000000000000, -2.168404344971006896E-16 ) ) ;
#750 = VECTOR ( 'NONE', #278, 1000.000000000000000 ) ;
#751 = DIRECTION ( 'NONE',  ( 0.000000000000000000, 0.000000000000000000, -1.000000000000000000 ) ) ;
#752 = DIRECTION ( 'NONE',  ( 0.000000000000000000, 1.000000000000000000, 0.000000000000000000 ) ) ;
#753 = AXIS2_PLACEMENT_3D ( 'NONE', #3939, #2234, #914 ) ;
#754 = EDGE_CURVE ( 'NONE', #3128, #3025, #3506, .T. ) ;
#755 = DIRECTION ( 'NONE',  ( -1.000000000000000000, 0.000000000000000000, -4.336808689942017736E-16 ) ) ;
#756 = EDGE_LOOP ( 'NONE', ( #4023, #73, #4190, #40 ) ) ;
#757 = ORIENTED_EDGE ( 'NONE', *, *, #1808, .F. ) ;
#758 = CARTESIAN_POINT ( 'NONE',  ( 11.08441697448269103, 2.000000000000000000, 4.580169906002733882 ) ) ;
#759 = DIRECTION ( 'NONE',  ( -0.000000000000000000, -1.000000000000000000, -0.000000000000000000 ) ) ;
#760 = DIRECTION ( 'NONE',  ( -1.000000000000000000, 0.000000000000000000, 0.000000000000000000 ) ) ;
#761 = ORIENTED_EDGE ( 'NONE', *, *, #4205, .F. ) ;
#762 = ORIENTED_EDGE ( 'NONE', *, *, #2109, .T. ) ;
#763 = DIRECTION ( 'NONE',  ( -0.000000000000000000, -1.000000000000000000, -0.000000000000000000 ) ) ;
#764 = AXIS2_PLACEMENT_3D ( 'NONE', #2896, #163, #3197 ) ;
#765 = ADVANCED_FACE ( 'NONE', ( #442 ), #2139, .T. ) ;
#766 = CARTESIAN_POINT ( 'NONE',  ( -1.634976966195800241, 4.500000000000000000, 3.242047767106505329 ) ) ;
#767 = CARTESIAN_POINT ( 'NONE',  ( -12.84943576232845608, 4.000000000000000000, 1.486014524664474102E-14 ) ) ;
#768 = EDGE_LOOP ( 'NONE', ( #1689, #2759, #470, #67 ) ) ;
#769 = CARTESIAN_POINT ( 'NONE',  ( 5.466230535277817992, 5.000000000000000000, -8.130763445302774173 ) ) ;
#770 = DIRECTION ( 'NONE',  ( -0.000000000000000000, -1.000000000000000000, -0.000000000000000000 ) ) ;
#771 = CARTESIAN_POINT ( 'NONE',  ( -2.386628845210447381, 0.000000000000000000, -5.434049281152868893 ) ) ;
#772 = AXIS2_PLACEMENT_3D ( 'NONE', #2050, #3395, #3441 ) ;
#773 = CARTESIAN_POINT ( 'NONE',  ( 11.08441697445820040, 3.000000000000000000, -2.251619235889195547 ) ) ;
#774 = DIRECTION ( 'NONE',  ( -0.000000000000000000, -1.000000000000000000, -0.000000000000000000 ) ) ;
#775 = ORIENTED_EDGE ( 'NONE', *, *, #1976, .T. ) ;
#776 = EDGE_CURVE ( 'NONE', #1007, #1088, #122, .T. ) ;
#777 = ADVANCED_FACE ( 'NONE', ( #1471 ), #3356, .T. ) ;
#778 = VERTEX_POINT ( 'NONE', #292 ) ;
#779 = DIRECTION ( 'NONE',  ( 0.000000000000000000, 1.000000000000000000, -0.000000000000000000 ) ) ;
#780 = CARTESIAN_POINT ( 'NONE',  ( -7.198395109848502393, 0.000000000000000000, -10.36066777530976779 ) ) ;
#781 = VECTOR ( 'NONE', #1224, 1000.000000000000000 ) ;
#782 = VECTOR ( 'NONE', #34, 1000.000000000000000 ) ;
#783 = ORIENTED_EDGE ( 'NONE', *, *, #2812, .F. ) ;
#784 = ORIENTED_EDGE ( 'NONE', *, *, #4344, .T. ) ;
#785 = EDGE_CURVE ( 'NONE', #3251, #3469, #1974, .T. ) ;
#786 = LINE ( 'NONE', #3170, #1086 ) ;
#787 = DIRECTION ( 'NONE',  ( 0.000000000000000000, 1.000000000000000000, -0.000000000000000000 ) ) ;
#788 = VECTOR ( 'NONE', #3252, 1000.000000000000000 ) ;
#789 = AXIS2_PLACEMENT_3D ( 'NONE', #2851, #2516, #727 ) ;
#790 = CARTESIAN_POINT ( 'NONE',  ( 8.893627698814938753, 6.000000000000000000, -16.27585286105989937 ) ) ;
#791 = VERTEX_POINT ( 'NONE', #3677 ) ;
#792 = DIRECTION ( 'NONE',  ( -0.000000000000000000, -1.000000000000000000, -0.000000000000000000 ) ) ;
#793 = CARTESIAN_POINT ( 'NONE',  ( 8.003131578013606529, 5.000000000000000000, 11.67311893246593790 ) ) ;
#794 = CARTESIAN_POINT ( 'NONE',  ( 8.003131578013606529, 5.000000000000000000, 15.44347941987573058 ) ) ;
#795 = LINE ( 'NONE', #1155, #3479 ) ;
#796 = LINE ( 'NONE', #2548, #1897 ) ;
#797 = AXIS2_PLACEMENT_3D ( 'NONE', #3166, #509, #3207 ) ;
#798 = EDGE_LOOP ( 'NONE', ( #748, #4334, #1184, #2887 ) ) ;
#799 = CARTESIAN_POINT ( 'NONE',  ( 18.24277311780544863, 0.000000000000000000, -3.106313863398760589 ) ) ;
#800 = ORIENTED_EDGE ( 'NONE', *, *, #459, .T. ) ;
#801 = CARTESIAN_POINT ( 'NONE',  ( 1.926060831110940841, 3.000000000000000000, -3.106313863398758368 ) ) ;
#802 = DIRECTION ( 'NONE',  ( -0.000000000000000000, -1.000000000000000000, -0.000000000000000000 ) ) ;
#803 = EDGE_CURVE ( 'NONE', #3437, #16, #3146, .T. ) ;
#804 = VECTOR ( 'NONE', #1473, 1000.000000000000000 ) ;
#805 = LINE ( 'NONE', #1475, #3288 ) ;
#806 = ORIENTED_EDGE ( 'NONE', *, *, #3256, .F. ) ;
#807 = ORIENTED_EDGE ( 'NONE', *, *, #2688, .T. ) ;
#808 = CARTESIAN_POINT ( 'NONE',  ( 0.7822776031089313520, 3.000000000000000000, 2.490294255477054186 ) ) ;
#809 = DIRECTION ( 'NONE',  ( -0.000000000000000000, -1.000000000000000000, 0.000000000000000000 ) ) ;
#810 = ORIENTED_EDGE ( 'NONE', *, *, #854, .T. ) ;
#811 = CARTESIAN_POINT ( 'NONE',  ( 2.632990618166809630E-15, 5.000000000000000000, -21.50000000000000000 ) ) ;
#812 = DIRECTION ( 'NONE',  ( -1.000000000000000000, 0.000000000000000000, -1.156482317317871725E-15 ) ) ;
#813 = AXIS2_PLACEMENT_3D ( 'NONE', #2840, #779, #1521 ) ;
#814 = ORIENTED_EDGE ( 'NONE', *, *, #3279, .T. ) ;
#815 = CARTESIAN_POINT ( 'NONE',  ( -1.688766908056441585, 6.000000000000000000, -19.92857411683669611 ) ) ;
#816 = CARTESIAN_POINT ( 'NONE',  ( 15.59907826911246609, 5.000000000000000000, -9.356723931159645957 ) ) ;
#817 = CARTESIAN_POINT ( 'NONE',  ( 0.7822776031089313520, 3.000000000000000000, 8.412341060818127048 ) ) ;
#818 = VECTOR ( 'NONE', #4214, 1000.000000000000000 ) ;
#819 = FACE_OUTER_BOUND ( 'NONE', #963, .T. ) ;
#820 = VECTOR ( 'NONE', #3858, 1000.000000000000000 ) ;
#821 = ADVANCED_FACE ( 'NONE', ( #2332 ), #4320, .F. ) ;
#822 = DIRECTION ( 'NONE',  ( 0.000000000000000000, 0.000000000000000000, 1.000000000000000000 ) ) ;
#823 = FACE_OUTER_BOUND ( 'NONE', #1904, .T. ) ;
#824 = ORIENTED_EDGE ( 'NONE', *, *, #2427, .F. ) ;
#825 = DIRECTION ( 'NONE',  ( -0.000000000000000000, -1.000000000000000000, -0.000000000000000000 ) ) ;
#826 = CARTESIAN_POINT ( 'NONE',  ( 0.7822776031089313520, 4.500000000000000000, 2.490294255477054186 ) ) ;
#827 = LINE ( 'NONE', #189, #1301 ) ;
#828 = EDGE_LOOP ( 'NONE', ( #761, #628, #361, #410, #2800, #3688, #1013, #3671 ) ) ;
#829 = ORIENTED_EDGE ( 'NONE', *, *, #2778, .T. ) ;
#830 = DIRECTION ( 'NONE',  ( -1.000000000000000000, 0.000000000000000000, 0.000000000000000000 ) ) ;
#831 = EDGE_CURVE ( 'NONE', #4036, #2428, #974, .T. ) ;
#832 = ORIENTED_EDGE ( 'NONE', *, *, #212, .F. ) ;
#833 = LINE ( 'NONE', #3500, #2412 ) ;
#834 = DIRECTION ( 'NONE',  ( -0.000000000000000000, -1.000000000000000000, -0.000000000000000000 ) ) ;
#835 = VERTEX_POINT ( 'NONE', #2002 ) ;
#836 = CARTESIAN_POINT ( 'NONE',  ( -7.798395109848495821, 0.000000000000000000, -12.16066777530976850 ) ) ;
#837 = FACE_OUTER_BOUND ( 'NONE', #1130, .T. ) ;
#838 = EDGE_CURVE ( 'NONE', #1003, #3188, #2019, .T. ) ;
#839 = DIRECTION ( 'NONE',  ( -0.000000000000000000, 0.000000000000000000, -1.000000000000000000 ) ) ;
#840 = CIRCLE ( 'NONE', #1837, 1.000000000000000888 ) ;
#841 = FACE_OUTER_BOUND ( 'NONE', #1528, .T. ) ;
#842 = FACE_BOUND ( 'NONE', #664, .T. ) ;
#843 = LINE ( 'NONE', #4260, #3785 ) ;
#844 = ORIENTED_EDGE ( 'NONE', *, *, #605, .F. ) ;
#845 = LINE ( 'NONE', #2454, #3507 ) ;
#846 = ADVANCED_FACE ( 'NONE', ( #2220 ), #3575, .T. ) ;
#847 = CARTESIAN_POINT ( 'NONE',  ( 4.084416974458195959, 2.000000000000000000, -2.251619235889195991 ) ) ;
#848 = EDGE_LOOP ( 'NONE', ( #4106, #3183, #1616, #3998 ) ) ;
#849 = VERTEX_POINT ( 'NONE', #4251 ) ;
#850 = AXIS2_PLACEMENT_3D ( 'NONE', #3796, #2112, #2769 ) ;
#851 = ORIENTED_EDGE ( 'NONE', *, *, #568, .T. ) ;
#852 = CARTESIAN_POINT ( 'NONE',  ( 4.084416974458195959, 2.000000000000000000, -2.251619235889195991 ) ) ;
#853 = VECTOR ( 'NONE', #2635, 1000.000000000000000 ) ;
#854 = EDGE_CURVE ( 'NONE', #1709, #284, #3597, .T. ) ;
#855 = ORIENTED_EDGE ( 'NONE', *, *, #394, .F. ) ;
#856 = DIRECTION ( 'NONE',  ( -0.000000000000000000, -1.000000000000000000, -0.000000000000000000 ) ) ;
#857 = CARTESIAN_POINT ( 'NONE',  ( -1.047441870649570506, 5.000000000000000000, -4.989905532594348436 ) ) ;
#858 = LINE ( 'NONE', #885, #2588 ) ;
#859 = ORIENTED_EDGE ( 'NONE', *, *, #425, .F. ) ;
#860 = FACE_OUTER_BOUND ( 'NONE', #2125, .T. ) ;
#861 = DIRECTION ( 'NONE',  ( 0.000000000000000000, 0.000000000000000000, 1.000000000000000000 ) ) ;
#862 = EDGE_CURVE ( 'NONE', #4003, #4036, #858, .T. ) ;
#863 = CARTESIAN_POINT ( 'NONE',  ( -1.634976966195800241, 4.500000000000000000, 3.242047767106505329 ) ) ;
#864 = DIRECTION ( 'NONE',  ( 0.2217939121818078840, 0.000000000000000000, -0.9750935650075270855 ) ) ;
#865 = AXIS2_PLACEMENT_3D ( 'NONE', #3533, #4239, #1517 ) ;
#866 = DIRECTION ( 'NONE',  ( 0.000000000000000000, 0.000000000000000000, 1.000000000000000000 ) ) ;
#867 = CARTESIAN_POINT ( 'NONE',  ( 19.83669864921987269, 4.500000000000000000, 2.550565956810076251 ) ) ;
#868 = ADVANCED_FACE ( 'NONE', ( #1889 ), #4232, .F. ) ;
#869 = DIRECTION ( 'NONE',  ( 0.000000000000000000, 0.000000000000000000, 1.000000000000000000 ) ) ;
#870 = EDGE_CURVE ( 'NONE', #1685, #1045, #3569, .T. ) ;
#871 = CARTESIAN_POINT ( 'NONE',  ( -19.33600462583752844, 5.000000000000000000, -5.110667775309770455 ) ) ;
#872 = AXIS2_PLACEMENT_3D ( 'NONE', #2171, #3520, #472 ) ;
#873 = AXIS2_PLACEMENT_3D ( 'NONE', #1376, #1038, #3747 ) ;
#874 = ORIENTED_EDGE ( 'NONE', *, *, #2872, .T. ) ;
#875 = ORIENTED_EDGE ( 'NONE', *, *, #2183, .F. ) ;
#876 = CARTESIAN_POINT ( 'NONE',  ( 19.38655634580746323, 6.000000000000000000, 4.915428063844742290 ) ) ;
#877 = AXIS2_PLACEMENT_3D ( 'NONE', #168, #2564, #2186 ) ;
#878 = ORIENTED_EDGE ( 'NONE', *, *, #3745, .F. ) ;
#879 = EDGE_CURVE ( 'NONE', #3108, #115, #60, .T. ) ;
#880 = CARTESIAN_POINT ( 'NONE',  ( -4.648395109848520335, 5.000000000000000000, 0.1893322246902316430 ) ) ;
#881 = EDGE_CURVE ( 'NONE', #2720, #4030, #2735, .T. ) ;
#882 = PLANE ( 'NONE',  #1430 ) ;
#883 = DIRECTION ( 'NONE',  ( 0.000000000000000000, 0.000000000000000000, 1.000000000000000000 ) ) ;
#884 = CARTESIAN_POINT ( 'NONE',  ( 18.24277311780544863, 0.000000000000000000, 1.129848322215247558 ) ) ;
#885 = CARTESIAN_POINT ( 'NONE',  ( 0.000000000000000000, 5.000000000000000000, -10.36066777530976779 ) ) ;
#886 = ORIENTED_EDGE ( 'NONE', *, *, #3732, .F. ) ;
#887 = EDGE_CURVE ( 'NONE', #2998, #3085, #2393, .T. ) ;
#888 = CARTESIAN_POINT ( 'NONE',  ( -1.846678854221375010, 0.000000000000000000, 2.953952004840985079 ) ) ;
#889 = LINE ( 'NONE', #1562, #3185 ) ;
#890 = B_SPLINE_CURVE_WITH_KNOTS ( 'NONE', 3,
 ( #2806, #1018, #2048, #3094, #29 ),
 .UNSPECIFIED., .F., .F.,
 ( 4, 1, 4 ),
 ( 0.000000000000000000, 0.6195732005058625091, 1.000000000000000000 ),
 .UNSPECIFIED. ) ;
#891 = CARTESIAN_POINT ( 'NONE',  ( 9.084416974482691032, 2.000000000000000000, 4.580169906002732993 ) ) ;
#892 = PLANE ( 'NONE',  #362 ) ;
#893 = CIRCLE ( 'NONE', #1397, 3.000000000000000888 ) ;
#894 = FACE_OUTER_BOUND ( 'NONE', #3342, .T. ) ;
#895 = EDGE_CURVE ( 'NONE', #3055, #2720, #672, .T. ) ;
#896 = CARTESIAN_POINT ( 'NONE',  ( 19.70247940333372938, 1.694065894508600678E-18, -3.436903455322856349 ) ) ;
#897 = DIRECTION ( 'NONE',  ( -0.000000000000000000, -1.000000000000000000, -0.000000000000000000 ) ) ;
#898 = ORIENTED_EDGE ( 'NONE', *, *, #1641, .T. ) ;
#899 = CARTESIAN_POINT ( 'NONE',  ( -11.31396215431650809, 0.000000000000000000, -16.49224849348001598 ) ) ;
#900 = LINE ( 'NONE', #3630, #4014 ) ;
#901 = EDGE_CURVE ( 'NONE', #3092, #2938, #4126, .T. ) ;
#902 = ORIENTED_EDGE ( 'NONE', *, *, #2519, .F. ) ;
#903 = CARTESIAN_POINT ( 'NONE',  ( -14.34943576232846496, 0.000000000000000000, -3.110667775309767791 ) ) ;
#904 = DIRECTION ( 'NONE',  ( 0.000000000000000000, 0.000000000000000000, 1.000000000000000000 ) ) ;
#905 = EDGE_CURVE ( 'NONE', #1411, #1390, #696, .T. ) ;
#906 = ORIENTED_EDGE ( 'NONE', *, *, #2114, .F. ) ;
#907 = LINE ( 'NONE', #2247, #3563 ) ;
#908 = CARTESIAN_POINT ( 'NONE',  ( 18.24277311780544863, 3.000000000000000000, 0.000000000000000000 ) ) ;
#909 = CARTESIAN_POINT ( 'NONE',  ( -14.34943576232846318, 0.000000000000000000, -8.860667775309767791 ) ) ;
#910 = PLANE ( 'NONE',  #1128 ) ;
#911 = AXIS2_PLACEMENT_3D ( 'NONE', #4349, #2963, #4299 ) ;
#912 = PLANE ( 'NONE',  #3008 ) ;
#913 = DIRECTION ( 'NONE',  ( 0.000000000000000000, 1.000000000000000000, -0.000000000000000000 ) ) ;
#914 = DIRECTION ( 'NONE',  ( 0.000000000000000000, 0.000000000000000000, 1.000000000000000000 ) ) ;
#915 = EDGE_CURVE ( 'NONE', #3306, #1858, #41, .T. ) ;
#916 = ORIENTED_EDGE ( 'NONE', *, *, #3402, .T. ) ;
#917 = EDGE_CURVE ( 'NONE', #2020, #1118, #2482, .T. ) ;
#918 = ORIENTED_EDGE ( 'NONE', *, *, #895, .F. ) ;
#919 = CARTESIAN_POINT ( 'NONE',  ( -0.6867819069691842859, 6.000000000000000000, -18.53451727486475065 ) ) ;
#920 = AXIS2_PLACEMENT_3D ( 'NONE', #3970, #4376, #1314 ) ;
#921 = ORIENTED_EDGE ( 'NONE', *, *, #1576, .F. ) ;
#922 = ORIENTED_EDGE ( 'NONE', *, *, #3883, .F. ) ;
#923 = ORIENTED_EDGE ( 'NONE', *, *, #4066, .T. ) ;
#924 = EDGE_CURVE ( 'NONE', #3437, #3088, #430, .T. ) ;
#925 = CARTESIAN_POINT ( 'NONE',  ( 0.000000000000000000, 5.000000000000000000, -1.610667775309767791 ) ) ;
#926 = CARTESIAN_POINT ( 'NONE',  ( -14.34943576232846496, 0.000000000000000000, -1.610667775309767791 ) ) ;
#927 = VECTOR ( 'NONE', #4070, 1000.000000000000000 ) ;
#928 = EDGE_CURVE ( 'NONE', #671, #3092, #3843, .T. ) ;
#929 = VERTEX_POINT ( 'NONE', #2580 ) ;
#930 = LINE ( 'NONE', #4212, #3631 ) ;
#931 = AXIS2_PLACEMENT_3D ( 'NONE', #1068, #2472, #1388 ) ;
#932 = CARTESIAN_POINT ( 'NONE',  ( 12.16570237090278894, 0.000000000000000000, 15.44347941987573058 ) ) ;
#933 = DIRECTION ( 'NONE',  ( 0.000000000000000000, 0.000000000000000000, 1.000000000000000000 ) ) ;
#934 = FACE_OUTER_BOUND ( 'NONE', #3430, .T. ) ;
#935 = EDGE_CURVE ( 'NONE', #2866, #609, #796, .T. ) ;
#936 = CARTESIAN_POINT ( 'NONE',  ( 12.16570237090278894, 5.000000000000000000, 11.67311893246593790 ) ) ;
#937 = DIRECTION ( 'NONE',  ( 0.000000000000000000, -0.000000000000000000, 1.000000000000000000 ) ) ;
#938 = CIRCLE ( 'NONE', #1295, 21.50000000000000000 ) ;
#939 = LINE ( 'NONE', #533, #1582 ) ;
#940 = AXIS2_PLACEMENT_3D ( 'NONE', #3444, #1066, #2424 ) ;
#941 = ORIENTED_EDGE ( 'NONE', *, *, #1347, .F. ) ;
#942 = CARTESIAN_POINT ( 'NONE',  ( 6.084416974458196847, 2.000000000000000000, -0.2516192358891953251 ) ) ;
#943 = CYLINDRICAL_SURFACE ( 'NONE', #428, 0.7500000000000015543 ) ;
#944 = EDGE_LOOP ( 'NONE', ( #875, #686, #3548, #739 ) ) ;
#945 = CIRCLE ( 'NONE', #1516, 0.7499999999999997780 ) ;
#946 = ORIENTED_EDGE ( 'NONE', *, *, #252, .F. ) ;
#947 = ORIENTED_EDGE ( 'NONE', *, *, #1653, .F. ) ;
#948 = ORIENTED_EDGE ( 'NONE', *, *, #4168, .F. ) ;
#949 = CARTESIAN_POINT ( 'NONE',  ( -7.798395109848495821, 4.000000000000000000, -12.16066777530976850 ) ) ;
#950 = DIRECTION ( 'NONE',  ( -5.782411586589356653E-16, 0.000000000000000000, 1.000000000000000000 ) ) ;
#951 = ORIENTED_EDGE ( 'NONE', *, *, #994, .F. ) ;
#952 = DIRECTION ( 'NONE',  ( 0.000000000000000000, 0.000000000000000000, -1.000000000000000000 ) ) ;
#953 = CARTESIAN_POINT ( 'NONE',  ( -11.31396215431650809, 4.000000000000000000, -16.49224849348001598 ) ) ;
#954 = LINE ( 'NONE', #1675, #3890 ) ;
#955 = CARTESIAN_POINT ( 'NONE',  ( 14.08441697448268748, 2.000000000000000000, 6.580169906002734770 ) ) ;
#956 = CARTESIAN_POINT ( 'NONE',  ( -11.31396215431651164, 0.000000000000000000, -16.49224849348001598 ) ) ;
#957 = PLANE ( 'NONE',  #3513 ) ;
#958 = CARTESIAN_POINT ( 'NONE',  ( 3.427309753031828166, 5.000000000000000000, -4.256953295730898645 ) ) ;
#959 = CARTESIAN_POINT ( 'NONE',  ( 19.08090855999466129, 0.000000000000000000, -4.954547715722342538 ) ) ;
#960 = VECTOR ( 'NONE', #1845, 1000.000000000000000 ) ;
#961 = EDGE_CURVE ( 'NONE', #4306, #4105, #1593, .T. ) ;
#962 = ORIENTED_EDGE ( 'NONE', *, *, #3558, .F. ) ;
#963 = EDGE_LOOP ( 'NONE', ( #1252, #1022 ) ) ;
#964 = DIRECTION ( 'NONE',  ( 0.000000000000000000, 1.000000000000000000, -0.000000000000000000 ) ) ;
#965 = AXIS2_PLACEMENT_3D ( 'NONE', #2911, #812, #3260 ) ;
#966 = ORIENTED_EDGE ( 'NONE', *, *, #1342, .F. ) ;
#967 = TOROIDAL_SURFACE ( 'NONE', #2889, 3.500000000000000444, 0.5000000000000000000 ) ;
#968 = VERTEX_POINT ( 'NONE', #4308 ) ;
#969 = ORIENTED_EDGE ( 'NONE', *, *, #2760, .F. ) ;
#970 = VECTOR ( 'NONE', #211, 1000.000000000000000 ) ;
#971 = LINE ( 'NONE', #2329, #3605 ) ;
#972 = CARTESIAN_POINT ( 'NONE',  ( -19.34163120077336018, 4.000000000000000000, 5.089332224690231499 ) ) ;
#973 = VERTEX_POINT ( 'NONE', #3649 ) ;
#974 = LINE ( 'NONE', #316, #3923 ) ;
#975 = CARTESIAN_POINT ( 'NONE',  ( -7.798415018066235049, 4.000000000000000000, -12.16068768352750773 ) ) ;
#976 = EDGE_CURVE ( 'NONE', #4003, #4090, #214, .T. ) ;
#977 = DIRECTION ( 'NONE',  ( 1.000000000000000000, 0.000000000000000000, 2.710505431213759852E-17 ) ) ;
#978 = CARTESIAN_POINT ( 'NONE',  ( 14.08441697448268748, 3.000000000000000000, 6.580169906002734770 ) ) ;
#979 = ORIENTED_EDGE ( 'NONE', *, *, #3889, .F. ) ;
#980 = FACE_OUTER_BOUND ( 'NONE', #2543, .T. ) ;
#981 = CARTESIAN_POINT ( 'NONE',  ( -5.548395109848521578, 0.000000000000000000, 1.203116406381143166E-15 ) ) ;
#982 = DIRECTION ( 'NONE',  ( -0.000000000000000000, -1.000000000000000000, -0.000000000000000000 ) ) ;
#983 = EDGE_LOOP ( 'NONE', ( #4052, #3609, #2738, #3096, #3917 ) ) ;
#984 = ORIENTED_EDGE ( 'NONE', *, *, #1202, .T. ) ;
#985 = B_SPLINE_SURFACE_WITH_KNOTS ( 'NONE', 3, 1, ( 
 ( #1355, #2003 ),
 ( #3044, #3307 ),
 ( #2984, #269 ),
 ( #2396, #4347 ) ),
 .UNSPECIFIED., .F., .F., .F.,
 ( 4, 4 ),
 ( 2, 2 ),
 ( 0.7574414292724891418, 1.000000000000000000 ),
 ( 0.000000000000000000, 1.000000000000000000 ),
 .UNSPECIFIED. ) ;
#986 = LINE ( 'NONE', #2344, #3064 ) ;
#987 = ORIENTED_EDGE ( 'NONE', *, *, #803, .T. ) ;
#988 = VERTEX_POINT ( 'NONE', #3999 ) ;
#989 = ORIENTED_EDGE ( 'NONE', *, *, #3020, .T. ) ;
#990 = FACE_OUTER_BOUND ( 'NONE', #1410, .T. ) ;
#991 = DIRECTION ( 'NONE',  ( -0.000000000000000000, -1.000000000000000000, -0.000000000000000000 ) ) ;
#992 = ORIENTED_EDGE ( 'NONE', *, *, #1854, .T. ) ;
#993 = DIRECTION ( 'NONE',  ( 0.000000000000000000, 0.000000000000000000, 1.000000000000000000 ) ) ;
#994 = EDGE_CURVE ( 'NONE', #2058, #2992, #1254, .T. ) ;
#995 = CARTESIAN_POINT ( 'NONE',  ( 19.83669864933870741, 4.500000000000000000, 2.550565956828917180 ) ) ;
#996 = DIRECTION ( 'NONE',  ( 0.000000000000000000, 1.000000000000000000, -0.000000000000000000 ) ) ;
#997 = ORIENTED_EDGE ( 'NONE', *, *, #3896, .T. ) ;
#998 = VECTOR ( 'NONE', #1197, 1000.000000000000000 ) ;
#999 = AXIS2_PLACEMENT_3D ( 'NONE', #2425, #3423, #3779 ) ;
#1000 = FACE_OUTER_BOUND ( 'NONE', #828, .T. ) ;
#1001 = CARTESIAN_POINT ( 'NONE',  ( 1.926060831110940175, 3.000000000000000000, 3.943643790639312038E-16 ) ) ;
#1002 = LINE ( 'NONE', #2361, #3066 ) ;
#1003 = VERTEX_POINT ( 'NONE', #3317 ) ;
#1004 = VECTOR ( 'NONE', #749, 1000.000000000000000 ) ;
#1005 = EDGE_LOOP ( 'NONE', ( #2327, #3496, #152, #1754 ) ) ;
#1006 = CARTESIAN_POINT ( 'NONE',  ( 3.900951371452998639, 0.5000000000000004441, -13.04637659421418405 ) ) ;
#1007 = VERTEX_POINT ( 'NONE', #561 ) ;
#1008 = EDGE_LOOP ( 'NONE', ( #829, #536, #2774, #2924 ) ) ;
#1009 = AXIS2_PLACEMENT_3D ( 'NONE', #1544, #2611, #3624 ) ;
#1010 = ORIENTED_EDGE ( 'NONE', *, *, #3148, .T. ) ;
#1011 = CYLINDRICAL_SURFACE ( 'NONE', #4086, 0.3044771070633348065 ) ;
#1012 = EDGE_CURVE ( 'NONE', #2237, #2708, #1924, .T. ) ;
#1013 = ORIENTED_EDGE ( 'NONE', *, *, #1737, .T. ) ;
#1014 = LINE ( 'NONE', #3657, #3839 ) ;
#1015 = ADVANCED_FACE ( 'NONE', ( #1631 ), #967, .T. ) ;
#1016 = VECTOR ( 'NONE', #1787, 1000.000000000000227 ) ;
#1017 = ADVANCED_FACE ( 'NONE', ( #1571 ), #3276, .F. ) ;
#1018 = CARTESIAN_POINT ( 'NONE',  ( 3.122985938718636056, 0.000000000000000000, -8.090675628649709239 ) ) ;
#1019 = LINE ( 'NONE', #1382, #1711 ) ;
#1020 = EDGE_CURVE ( 'NONE', #2938, #3092, #607, .T. ) ;
#1021 = VECTOR ( 'NONE', #3499, 1000.000000000000000 ) ;
#1022 = ORIENTED_EDGE ( 'NONE', *, *, #1193, .T. ) ;
#1023 = CARTESIAN_POINT ( 'NONE',  ( 0.000000000000000000, 4.000000000000000000, 5.089332224690231499 ) ) ;
#1025 = FACE_OUTER_BOUND ( 'NONE', #1454, .T. ) ;
#1024 = B_SPLINE_SURFACE_WITH_KNOTS ( 'NONE', 2, 1, ( 
 ( #1795, #676 ),
 ( #1441, #3394 ),
 ( #766, #2742 ) ),
 .UNSPECIFIED., .F., .F., .F.,
 ( 3, 3 ),
 ( 2, 2 ),
 ( 0.000000000000000000, 1.000000000000000000 ),
 ( 0.000000000000000000, 1.000000000000000000 ),
 .UNSPECIFIED. ) ;
#1026 = CARTESIAN_POINT ( 'NONE',  ( -8.779531442579113332, 5.000000000000000000, -8.779531442579166622 ) ) ;
#1027 = PLANE ( 'NONE',  #2855 ) ;
#1028 = EDGE_CURVE ( 'NONE', #2096, #2527, #602, .T. ) ;
#1029 = ORIENTED_EDGE ( 'NONE', *, *, #2575, .T. ) ;
#1030 = ORIENTED_EDGE ( 'NONE', *, *, #4317, .T. ) ;
#1031 = ORIENTED_EDGE ( 'NONE', *, *, #3089, .T. ) ;
#1032 = CARTESIAN_POINT ( 'NONE',  ( 0.000000000000000000, 4.000000000000000000, 1.089332224690231943 ) ) ;
#1033 = DIRECTION ( 'NONE',  ( 0.000000000000000000, 0.000000000000000000, 1.000000000000000000 ) ) ;
#1034 = ORIENTED_EDGE ( 'NONE', *, *, #137, .F. ) ;
#1035 = EDGE_LOOP ( 'NONE', ( #1378, #898, #2187, #1664, #2894 ) ) ;
#1036 = VECTOR ( 'NONE', #479, 1000.000000000000000 ) ;
#1037 = EDGE_CURVE ( 'NONE', #3069, #3831, #900, .T. ) ;
#1038 = DIRECTION ( 'NONE',  ( -0.000000000000000000, -1.000000000000000000, -0.000000000000000000 ) ) ;
#1039 = DIRECTION ( 'NONE',  ( 0.000000000000000000, 1.000000000000000000, -0.000000000000000000 ) ) ;
#1040 = AXIS2_PLACEMENT_3D ( 'NONE', #4316, #3574, #1281 ) ;
#1041 = EDGE_LOOP ( 'NONE', ( #471, #4179, #2475, #1963, #2265, #631 ) ) ;
#1042 = DIRECTION ( 'NONE',  ( -0.000000000000000000, -1.000000000000000000, -0.000000000000000000 ) ) ;
#1043 = CARTESIAN_POINT ( 'NONE',  ( -4.498395109848528861, 0.000000000000000000, 8.239332224690230078 ) ) ;
#1044 = EDGE_CURVE ( 'NONE', #1263, #3545, #4332, .T. ) ;
#1045 = VERTEX_POINT ( 'NONE', #919 ) ;
#1046 = LINE ( 'NONE', #4354, #2385 ) ;
#1047 = LINE ( 'NONE', #1110, #720 ) ;
#1048 = CARTESIAN_POINT ( 'NONE',  ( 9.084416974458198624, 3.000000000000000000, -2.251619235889195103 ) ) ;
#1049 = CARTESIAN_POINT ( 'NONE',  ( -4.256241062898615478E-15, 0.000000000000000000, -7.360667775309774008 ) ) ;
#1050 = EDGE_LOOP ( 'NONE', ( #2152, #404, #1200, #368 ) ) ;
#1051 = VERTEX_POINT ( 'NONE', #582 ) ;
#1052 = ORIENTED_EDGE ( 'NONE', *, *, #2109, .F. ) ;
#1053 = DIRECTION ( 'NONE',  ( 0.000000000000000000, 1.000000000000000000, 0.000000000000000000 ) ) ;
#1054 = DIRECTION ( 'NONE',  ( -0.7071067811865485719, 0.000000000000000000, 0.7071067811865465735 ) ) ;
#1055 = VERTEX_POINT ( 'NONE', #3080 ) ;
#1056 = AXIS2_PLACEMENT_3D ( 'NONE', #3909, #548, #1914 ) ;
#1057 = ORIENTED_EDGE ( 'NONE', *, *, #1667, .T. ) ;
#1058 = DIRECTION ( 'NONE',  ( 4.336808689942017736E-16, 0.000000000000000000, 1.000000000000000000 ) ) ;
#1059 = DIRECTION ( 'NONE',  ( 1.224646799147353454E-16, 0.000000000000000000, -1.000000000000000000 ) ) ;
#1060 = EDGE_CURVE ( 'NONE', #1990, #89, #681, .T. ) ;
#1061 =( NAMED_UNIT ( * ) PLANE_ANGLE_UNIT ( ) SI_UNIT ( $, .RADIAN. ) );
#1062 = EDGE_CURVE ( 'NONE', #2305, #1118, #1943, .T. ) ;
#1063 = CIRCLE ( 'NONE', #72, 1.000000000000000888 ) ;
#1064 = VERTEX_POINT ( 'NONE', #4266 ) ;
#1065 = DIRECTION ( 'NONE',  ( 0.000000000000000000, 0.000000000000000000, 1.000000000000000000 ) ) ;
#1066 = DIRECTION ( 'NONE',  ( -0.000000000000000000, -1.000000000000000000, 0.000000000000000000 ) ) ;
#1067 = CARTESIAN_POINT ( 'NONE',  ( -12.84943576232846318, 4.000000000000000000, 3.589332224690231943 ) ) ;
#1068 = CARTESIAN_POINT ( 'NONE',  ( 10.08441697445819685, 5.000000000000000000, 11.67311893246593790 ) ) ;
#1069 = ADVANCED_FACE ( 'NONE', ( #2301 ), #3254, .T. ) ;
#1070 = VECTOR ( 'NONE', #4335, 1000.000000000000000 ) ;
#1071 = VERTEX_POINT ( 'NONE', #4286 ) ;
#1072 = AXIS2_PLACEMENT_3D ( 'NONE', #2494, #3836, #1827 ) ;
#1073 = EDGE_CURVE ( 'NONE', #3108, #291, #1177, .T. ) ;
#1074 = ORIENTED_EDGE ( 'NONE', *, *, #2448, .T. ) ;
#1075 = CARTESIAN_POINT ( 'NONE',  ( 15.45959983541345828, 0.000000000000000000, -8.960274551869625625 ) ) ;
#1076 = EDGE_CURVE ( 'NONE', #1230, #327, #1612, .T. ) ;
#1077 = CARTESIAN_POINT ( 'NONE',  ( 0.000000000000000000, 4.000000000000000000, 8.239332224690230078 ) ) ;
#1078 = VERTEX_POINT ( 'NONE', #2636 ) ;
#1079 = VECTOR ( 'NONE', #1954, 1000.000000000000000 ) ;
#1080 = VECTOR ( 'NONE', #2768, 1000.000000000000000 ) ;
#1081 = ORIENTED_EDGE ( 'NONE', *, *, #4075, .T. ) ;
#1082 = CARTESIAN_POINT ( 'NONE',  ( 0.000000000000000000, 5.000000000000000000, 0.000000000000000000 ) ) ;
#1083 = ADVANCED_FACE ( 'NONE', ( #3978 ), #943, .F. ) ;
#1084 = CARTESIAN_POINT ( 'NONE',  ( 0.000000000000000000, 6.000000000000000000, 0.000000000000000000 ) ) ;
#1085 = CARTESIAN_POINT ( 'NONE',  ( 0.000000000000000000, 4.000000000000000000, 0.000000000000000000 ) ) ;
#1086 = VECTOR ( 'NONE', #2762, 1000.000000000000000 ) ;
#1088 = VERTEX_POINT ( 'NONE', #1067 ) ;
#1087 = VECTOR ( 'NONE', #3067, 1000.000000000000000 ) ;
#1089 = DIRECTION ( 'NONE',  ( -0.000000000000000000, 1.000000000000000000, -0.000000000000000000 ) ) ;
#1090 = CARTESIAN_POINT ( 'NONE',  ( 11.08441697445819685, 2.000000000000000000, -0.2516192358891957692 ) ) ;
#1091 = DIRECTION ( 'NONE',  ( 0.000000000000000000, 0.000000000000000000, 1.000000000000000000 ) ) ;
#1092 = DIRECTION ( 'NONE',  ( 1.000000000000000000, -0.000000000000000000, -4.336808689942013792E-16 ) ) ;
#1093 = AXIS2_PLACEMENT_3D ( 'NONE', #1919, #466, #1829 ) ;
#1094 = ORIENTED_EDGE ( 'NONE', *, *, #2804, .F. ) ;
#1095 = ORIENTED_EDGE ( 'NONE', *, *, #1156, .T. ) ;
#1096 = EDGE_LOOP ( 'NONE', ( #783, #3682, #3343, #3842, #1477 ) ) ;
#1097 = DIRECTION ( 'NONE',  ( 1.000000000000000000, 0.000000000000000000, 0.000000000000000000 ) ) ;
#1098 = LINE ( 'NONE', #508, #1242 ) ;
#1099 = EDGE_CURVE ( 'NONE', #484, #1764, #3117, .T. ) ;
#1100 = DIRECTION ( 'NONE',  ( -1.734723475976807489E-15, 0.000000000000000000, -1.000000000000000000 ) ) ;
#1101 = ORIENTED_EDGE ( 'NONE', *, *, #532, .F. ) ;
#1102 = ORIENTED_EDGE ( 'NONE', *, *, #137, .T. ) ;
#1103 = CARTESIAN_POINT ( 'NONE',  ( 6.084416974458196847, 3.000000000000000000, -0.2516192358891953251 ) ) ;
#1104 = AXIS2_PLACEMENT_3D ( 'NONE', #4256, #182, #2585 ) ;
#1105 = CARTESIAN_POINT ( 'NONE',  ( 19.70247940333372938, 4.999999999999999112, -3.436903455322857237 ) ) ;
#1106 = DIRECTION ( 'NONE',  ( 0.000000000000000000, 0.000000000000000000, 1.000000000000000000 ) ) ;
#1107 = ORIENTED_EDGE ( 'NONE', *, *, #2282, .F. ) ;
#1108 = FACE_OUTER_BOUND ( 'NONE', #2430, .T. ) ;
#1109 = EDGE_CURVE ( 'NONE', #3253, #2717, #2923, .T. ) ;
#1110 = CARTESIAN_POINT ( 'NONE',  ( 4.084416974482689255, 2.000000000000000000, 6.580169906002734770 ) ) ;
#1111 = DIRECTION ( 'NONE',  ( 1.000000000000000000, 0.000000000000000000, -1.594736223967793693E-16 ) ) ;
#1112 = LINE ( 'NONE', #94, #2921 ) ;
#1113 = ORIENTED_EDGE ( 'NONE', *, *, #414, .T. ) ;
#1114 = CARTESIAN_POINT ( 'NONE',  ( -12.84943576232845608, 4.000000000000000000, 1.486014524664474102E-14 ) ) ;
#1115 = LINE ( 'NONE', #3536, #4016 ) ;
#1116 = AXIS2_PLACEMENT_3D ( 'NONE', #1147, #1841, #1509 ) ;
#1117 = DIRECTION ( 'NONE',  ( 0.000000000000000000, 0.000000000000000000, 1.000000000000000000 ) ) ;
#1118 = VERTEX_POINT ( 'NONE', #51 ) ;
#1119 = VERTEX_POINT ( 'NONE', #118 ) ;
#1120 = CARTESIAN_POINT ( 'NONE',  ( 10.08441697445819685, 5.000000000000000000, 11.67311893246593790 ) ) ;
#1121 = AXIS2_PLACEMENT_3D ( 'NONE', #224, #3550, #861 ) ;
#1122 = DIRECTION ( 'NONE',  ( -0.000000000000000000, -1.000000000000000000, -0.000000000000000000 ) ) ;
#1123 = CARTESIAN_POINT ( 'NONE',  ( -12.84943576232845608, 0.000000000000000000, 1.486014524664474102E-14 ) ) ;
#1124 = ORIENTED_EDGE ( 'NONE', *, *, #66, .F. ) ;
#1125 = CARTESIAN_POINT ( 'NONE',  ( 4.709234113502930974, 5.000000000000000000, -8.960274551869623849 ) ) ;
#1126 = CARTESIAN_POINT ( 'NONE',  ( 12.16570237090278894, 0.000000000000000000, 11.67311893246593790 ) ) ;
#1127 = DIRECTION ( 'NONE',  ( -0.000000000000000000, -0.000000000000000000, -1.000000000000000000 ) ) ;
#1128 = AXIS2_PLACEMENT_3D ( 'NONE', #1979, #2943, #1676 ) ;
#1129 = DIRECTION ( 'NONE',  ( 0.000000000000000000, 0.000000000000000000, 1.000000000000000000 ) ) ;
#1130 = EDGE_LOOP ( 'NONE', ( #3035, #2373, #3979, #1868, #3783 ) ) ;
#1131 = CARTESIAN_POINT ( 'NONE',  ( 3.900951371452998639, 6.000000000000000000, -13.04637659421418405 ) ) ;
#1132 = ORIENTED_EDGE ( 'NONE', *, *, #2228, .F. ) ;
#1133 = FACE_OUTER_BOUND ( 'NONE', #1574, .T. ) ;
#1134 = DIRECTION ( 'NONE',  ( 1.156482317317871725E-15, 0.000000000000000000, -1.000000000000000000 ) ) ;
#1135 = VECTOR ( 'NONE', #2163, 1000.000000000000000 ) ;
#1136 = DIRECTION ( 'NONE',  ( -0.000000000000000000, 1.000000000000000000, -0.000000000000000000 ) ) ;
#1137 = AXIS2_PLACEMENT_3D ( 'NONE', #3780, #730, #1428 ) ;
#1138 = ORIENTED_EDGE ( 'NONE', *, *, #618, .T. ) ;
#1139 = VERTEX_POINT ( 'NONE', #794 ) ;
#1140 = EDGE_LOOP ( 'NONE', ( #403, #2549, #3229, #1283, #2681 ) ) ;
#1141 = CARTESIAN_POINT ( 'NONE',  ( 4.084416974482689255, 3.000000000000000000, 6.580169906002734770 ) ) ;
#1142 = CARTESIAN_POINT ( 'NONE',  ( 0.7822776031089313520, 0.000000000000000000, 8.412341060818127048 ) ) ;
#1143 = VECTOR ( 'NONE', #3607, 1000.000000000000000 ) ;
#1144 = CIRCLE ( 'NONE', #3981, 0.7499999999999997780 ) ;
#1145 = ORIENTED_EDGE ( 'NONE', *, *, #3159, .T. ) ;
#1146 = PLANE ( 'NONE',  #562 ) ;
#1147 = CARTESIAN_POINT ( 'NONE',  ( 0.000000000000000000, 0.000000000000000000, 0.000000000000000000 ) ) ;
#1148 = AXIS2_PLACEMENT_3D ( 'NONE', #1566, #505, #3224 ) ;
#1149 = EDGE_CURVE ( 'NONE', #2408, #310, #4047, .T. ) ;
#1150 = ORIENTED_EDGE ( 'NONE', *, *, #2228, .T. ) ;
#1151 = EDGE_CURVE ( 'NONE', #3113, #3437, #1745, .T. ) ;
#1152 = LINE ( 'NONE', #1406, #2079 ) ;
#1153 = CARTESIAN_POINT ( 'NONE',  ( 0.000000000000000000, 6.000000000000000000, 0.000000000000000000 ) ) ;
#1154 = DIRECTION ( 'NONE',  ( 0.000000000000000000, 0.000000000000000000, -1.000000000000000000 ) ) ;
#1155 = CARTESIAN_POINT ( 'NONE',  ( 19.38655634580746323, 0.000000000000000000, 0.000000000000000000 ) ) ;
#1156 = EDGE_CURVE ( 'NONE', #4306, #213, #1780, .T. ) ;
#1157 = CARTESIAN_POINT ( 'NONE',  ( 0.008238259158982873254, 5.000000000000000000, -3.506945322840442802 ) ) ;
#1158 = CARTESIAN_POINT ( 'NONE',  ( -4.498395109848531526, 4.000000000000000000, 8.670524001415019443E-16 ) ) ;
#1159 = ORIENTED_EDGE ( 'NONE', *, *, #3076, .F. ) ;
#1160 = LINE ( 'NONE', #485, #2105 ) ;
#1161 = ADVANCED_FACE ( 'NONE', ( #1825 ), #93, .T. ) ;
#1162 = CIRCLE ( 'NONE', #3090, 20.00000000000000000 ) ;
#1163 = LINE ( 'NONE', #2862, #3990 ) ;
#1164 = EDGE_CURVE ( 'NONE', #2570, #4252, #2715, .T. ) ;
#1165 = EDGE_LOOP ( 'NONE', ( #474, #3519, #902, #3628 ) ) ;
#1166 = ORIENTED_EDGE ( 'NONE', *, *, #2349, .T. ) ;
#1167 = DIRECTION ( 'NONE',  ( 0.000000000000000000, 1.000000000000000000, -0.000000000000000000 ) ) ;
#1168 = ORIENTED_EDGE ( 'NONE', *, *, #233, .F. ) ;
#1169 = LINE ( 'NONE', #495, #4176 ) ;
#1170 = DIRECTION ( 'NONE',  ( -1.000000000000000000, 0.000000000000000000, 0.000000000000000000 ) ) ;
#1171 = ORIENTED_EDGE ( 'NONE', *, *, #421, .T. ) ;
#1172 = LINE ( 'NONE', #1893, #1730 ) ;
#1173 = DIRECTION ( 'NONE',  ( -1.000000000000000000, 0.000000000000000000, 0.000000000000000000 ) ) ;
#1174 = CARTESIAN_POINT ( 'NONE',  ( -15.87822909705432650, 5.000000000000000000, -12.16066777530976850 ) ) ;
#1175 = EDGE_CURVE ( 'NONE', #4045, #1392, #1426, .T. ) ;
#1176 = DIRECTION ( 'NONE',  ( 0.000000000000000000, 0.000000000000000000, 1.000000000000000000 ) ) ;
#1177 = CIRCLE ( 'NONE', #538, 20.00000000000000000 ) ;
#1178 = CARTESIAN_POINT ( 'NONE',  ( 0.000000000000000000, 3.000000000000000000, 0.000000000000000000 ) ) ;
#1179 = DIRECTION ( 'NONE',  ( 0.000000000000000000, 0.000000000000000000, 1.000000000000000000 ) ) ;
#1180 = EDGE_LOOP ( 'NONE', ( #757, #2863, #3302, #1569, #2999 ) ) ;
#1181 = CARTESIAN_POINT ( 'NONE',  ( -4.256241062898615478E-15, 4.000000000000000000, -7.360667775309774008 ) ) ;
#1182 = PLANE ( 'NONE',  #797 ) ;
#1183 = EDGE_CURVE ( 'NONE', #609, #3325, #708, .T. ) ;
#1184 = ORIENTED_EDGE ( 'NONE', *, *, #3124, .T. ) ;
#1185 = EDGE_CURVE ( 'NONE', #2546, #2078, #2076, .T. ) ;
#1186 = ORIENTED_EDGE ( 'NONE', *, *, #502, .F. ) ;
#1187 = LINE ( 'NONE', #852, #322 ) ;
#1188 = ORIENTED_EDGE ( 'NONE', *, *, #552, .F. ) ;
#1189 = DIRECTION ( 'NONE',  ( 1.156482317317871331E-15, 0.000000000000000000, -1.000000000000000000 ) ) ;
#1190 = CARTESIAN_POINT ( 'NONE',  ( -5.548395109848521578, 5.000000000000000000, 1.089332224690231943 ) ) ;
#1191 = ORIENTED_EDGE ( 'NONE', *, *, #4020, .F. ) ;
#1192 = CARTESIAN_POINT ( 'NONE',  ( -0.3148658430904692773, 5.000000000000000000, -0.07161910370203229681 ) ) ;
#1193 = EDGE_CURVE ( 'NONE', #61, #2524, #223, .T. ) ;
#1194 = DIRECTION ( 'NONE',  ( -0.000000000000000000, -1.000000000000000000, -0.000000000000000000 ) ) ;
#1195 = LINE ( 'NONE', #2560, #2960 ) ;
#1196 = EDGE_CURVE ( 'NONE', #3831, #1619, #2446, .T. ) ;
#1197 = DIRECTION ( 'NONE',  ( -0.000000000000000000, 1.000000000000000000, -0.000000000000000000 ) ) ;
#1198 = CARTESIAN_POINT ( 'NONE',  ( 4.084416974458195959, 2.000000000000000000, -2.251619235889195991 ) ) ;
#1199 = CARTESIAN_POINT ( 'NONE',  ( 19.38655634580746323, 4.500000000000000000, 2.490294255477051966 ) ) ;
#1200 = ORIENTED_EDGE ( 'NONE', *, *, #1403, .F. ) ;
#1201 = CARTESIAN_POINT ( 'NONE',  ( -14.34943576232846496, 0.000000000000000000, -0.000000000000000000 ) ) ;
#1202 = EDGE_CURVE ( 'NONE', #3545, #2708, #4254, .T. ) ;
#1203 = CIRCLE ( 'NONE', #2202, 20.00000000000000000 ) ;
#1204 = DIRECTION ( 'NONE',  ( -1.000000000000000000, 0.000000000000000000, 1.156482317317871331E-15 ) ) ;
#1205 = EDGE_CURVE ( 'NONE', #2708, #3702, #3445, .T. ) ;
#1206 = ORIENTED_EDGE ( 'NONE', *, *, #4156, .F. ) ;
#1207 = EDGE_LOOP ( 'NONE', ( #2780, #2983, #2638, #76 ) ) ;
#1208 = DIRECTION ( 'NONE',  ( -0.000000000000000000, -1.000000000000000000, -0.000000000000000000 ) ) ;
#1209 = EDGE_CURVE ( 'NONE', #3817, #3128, #1777, .T. ) ;
#1210 = AXIS2_PLACEMENT_3D ( 'NONE', #3136, #729, #3099 ) ;
#1211 = EDGE_LOOP ( 'NONE', ( #3977, #859, #2643, #1335 ) ) ;
#1212 = VECTOR ( 'NONE', #1635, 1000.000000000000000 ) ;
#1213 = PLANE ( 'NONE',  #36 ) ;
#1214 = DIRECTION ( 'NONE',  ( -0.000000000000000000, -1.000000000000000000, -0.000000000000000000 ) ) ;
#1215 = CARTESIAN_POINT ( 'NONE',  ( -3.464094495350778846, 5.000000000000000000, 13.77363283918798409 ) ) ;
#1216 = CARTESIAN_POINT ( 'NONE',  ( 3.427309753031828166, 5.000000000000000000, -4.256953295730898645 ) ) ;
#1217 = DIRECTION ( 'NONE',  ( 1.734723475976805517E-15, 0.000000000000000000, 1.000000000000000000 ) ) ;
#1218 = VERTEX_POINT ( 'NONE', #1048 ) ;
#1219 = EDGE_CURVE ( 'NONE', #145, #2170, #2351, .T. ) ;
#1220 = CARTESIAN_POINT ( 'NONE',  ( -2.539928013475143409, 0.000000000000000000, -5.253247864225387254 ) ) ;
#1221 = CIRCLE ( 'NONE', #1655, 20.00000000000000000 ) ;
#1222 = CARTESIAN_POINT ( 'NONE',  ( 9.084416974458198624, 2.000000000000000000, -2.251619235889195103 ) ) ;
#1223 = LINE ( 'NONE', #3621, #2455 ) ;
#1224 = DIRECTION ( 'NONE',  ( -0.000000000000000000, -1.000000000000000000, -0.000000000000000000 ) ) ;
#1225 = VECTOR ( 'NONE', #2011, 1000.000000000000000 ) ;
#1226 = CARTESIAN_POINT ( 'NONE',  ( -7.198395109848501505, 5.000000000000000000, -10.36066777530976957 ) ) ;
#1227 = LINE ( 'NONE', #2879, #3716 ) ;
#1228 = AXIS2_PLACEMENT_3D ( 'NONE', #1120, #2824, #1400 ) ;
#1229 = VECTOR ( 'NONE', #2066, 1000.000000000000000 ) ;
#1230 = VERTEX_POINT ( 'NONE', #2832 ) ;
#1231 = DIRECTION ( 'NONE',  ( -0.7071067811865460184, 0.000000000000000000, -0.7071067811865490160 ) ) ;
#1232 = ADVANCED_FACE ( 'NONE', ( #439 ), #1802, .F. ) ;
#1233 = VECTOR ( 'NONE', #3182, 1000.000000000000000 ) ;
#1234 = ORIENTED_EDGE ( 'NONE', *, *, #8, .T. ) ;
#1235 = DIRECTION ( 'NONE',  ( 0.2217939121818078840, 0.000000000000000000, -0.9750935650075270855 ) ) ;
#1236 = CARTESIAN_POINT ( 'NONE',  ( -1.634976966195800241, 0.000000000000000000, 3.242047767106505329 ) ) ;
#1237 = DIRECTION ( 'NONE',  ( 4.956352788505163268E-16, 0.000000000000000000, 1.000000000000000000 ) ) ;
#1238 = ORIENTED_EDGE ( 'NONE', *, *, #2282, .T. ) ;
#1239 = DIRECTION ( 'NONE',  ( -1.000000000000000000, 0.000000000000000000, 0.000000000000000000 ) ) ;
#1240 = CARTESIAN_POINT ( 'NONE',  ( 0.000000000000000000, 5.000000000000000000, -5.110667775309770455 ) ) ;
#1241 = CARTESIAN_POINT ( 'NONE',  ( -0.8163410178626506752, 4.500000000000000000, 2.667750055825482747 ) ) ;
#1242 = VECTOR ( 'NONE', #3164, 1000.000000000000000 ) ;
#1243 = DIRECTION ( 'NONE',  ( 1.000000000000000000, 0.000000000000000000, 0.000000000000000000 ) ) ;
#1244 = EDGE_CURVE ( 'NONE', #1263, #2101, #573, .T. ) ;
#1245 = ADVANCED_FACE ( 'NONE', ( #2182 ), #225, .T. ) ;
#1246 = AXIS2_PLACEMENT_3D ( 'NONE', #1759, #3443, #2153 ) ;
#1247 = PLANE ( 'NONE',  #1009 ) ;
#1248 = FACE_OUTER_BOUND ( 'NONE', #3823, .T. ) ;
#1249 = ORIENTED_EDGE ( 'NONE', *, *, #409, .T. ) ;
#1250 = PLANE ( 'NONE',  #4054 ) ;
#1251 = AXIS2_PLACEMENT_3D ( 'NONE', #1598, #3595, #496 ) ;
#1252 = ORIENTED_EDGE ( 'NONE', *, *, #2798, .T. ) ;
#1253 = CARTESIAN_POINT ( 'NONE',  ( 14.08441697445819685, 2.000000000000000000, -2.251619235889195991 ) ) ;
#1254 = LINE ( 'NONE', #1298, #4374 ) ;
#1255 = EDGE_CURVE ( 'NONE', #4363, #3299, #3221, .T. ) ;
#1256 = ADVANCED_FACE ( 'NONE', ( #2518 ), #4236, .T. ) ;
#1257 = EDGE_LOOP ( 'NONE', ( #2713, #3652, #1354, #1132 ) ) ;
#1258 = ORIENTED_EDGE ( 'NONE', *, *, #245, .F. ) ;
#1259 = ORIENTED_EDGE ( 'NONE', *, *, #563, .T. ) ;
#1260 = B_SPLINE_CURVE_WITH_KNOTS ( 'NONE', 2,
 ( #274, #2706, #2033 ),
 .UNSPECIFIED., .F., .F.,
 ( 3, 3 ),
 ( 0.000000000000000000, 1.000000000000000000 ),
 .UNSPECIFIED. ) ;
#1261 = DIRECTION ( 'NONE',  ( 0.000000000000000000, 0.000000000000000000, -1.000000000000000000 ) ) ;
#1262 = CARTESIAN_POINT ( 'NONE',  ( -1.047441870649570506, 0.000000000000000000, -4.989905532594348436 ) ) ;
#1263 = VERTEX_POINT ( 'NONE', #817 ) ;
#1264 = DIRECTION ( 'NONE',  ( 0.7071067811865464625, 0.000000000000000000, 0.7071067811865486830 ) ) ;
#1265 = DIRECTION ( 'NONE',  ( 0.000000000000000000, 0.000000000000000000, -1.000000000000000000 ) ) ;
#1266 = CARTESIAN_POINT ( 'NONE',  ( 19.38655634580746323, 3.000000000000000000, 2.490294255477051966 ) ) ;
#1267 = PLANE ( 'NONE',  #10 ) ;
#1268 = AXIS2_PLACEMENT_3D ( 'NONE', #2267, #3349, #270 ) ;
#1269 = DIRECTION ( 'NONE',  ( -0.000000000000000000, -1.000000000000000000, -0.000000000000000000 ) ) ;
#1270 = LINE ( 'NONE', #3954, #2281 ) ;
#1271 = FACE_BOUND ( 'NONE', #2693, .T. ) ;
#1272 = VERTEX_POINT ( 'NONE', #1537 ) ;
#1273 = CARTESIAN_POINT ( 'NONE',  ( 15.59907826911246431, 0.000000000000000000, -9.356723931159645957 ) ) ;
#1274 = DIRECTION ( 'NONE',  ( -0.000000000000000000, -1.000000000000000000, -0.000000000000000000 ) ) ;
#1275 = ORIENTED_EDGE ( 'NONE', *, *, #3692, .F. ) ;
#1276 = AXIS2_PLACEMENT_3D ( 'NONE', #3111, #4098, #64 ) ;
#1277 = ORIENTED_EDGE ( 'NONE', *, *, #1698, .F. ) ;
#1278 = ORIENTED_EDGE ( 'NONE', *, *, #1337, .F. ) ;
#1279 = EDGE_LOOP ( 'NONE', ( #4181, #2692 ) ) ;
#1280 = DIRECTION ( 'NONE',  ( 0.000000000000000000, 0.000000000000000000, 1.000000000000000000 ) ) ;
#1281 = DIRECTION ( 'NONE',  ( 1.000000000000000000, 0.000000000000000000, -0.000000000000000000 ) ) ;
#1282 = AXIS2_PLACEMENT_3D ( 'NONE', #2710, #3036, #2668 ) ;
#1283 = ORIENTED_EDGE ( 'NONE', *, *, #1414, .T. ) ;
#1284 = DIRECTION ( 'NONE',  ( 0.000000000000000000, 0.000000000000000000, 1.000000000000000000 ) ) ;
#1285 = DIRECTION ( 'NONE',  ( 0.000000000000000000, 0.000000000000000000, 1.000000000000000000 ) ) ;
#1286 = AXIS2_PLACEMENT_3D ( 'NONE', #3304, #588, #904 ) ;
#1287 = VECTOR ( 'NONE', #4304, 1000.000000000000000 ) ;
#1288 = CARTESIAN_POINT ( 'NONE',  ( 3.900951371452999084, 0.5000000000000004441, -13.54637659421418228 ) ) ;
#1289 = CARTESIAN_POINT ( 'NONE',  ( 0.000000000000000000, 5.000000000000000000, -12.16066777530976850 ) ) ;
#1290 = CARTESIAN_POINT ( 'NONE',  ( -7.798395109848495821, 4.000000000000000000, -12.16066777530976850 ) ) ;
#1291 = EDGE_CURVE ( 'NONE', #1458, #2957, #1195, .T. ) ;
#1292 = DIRECTION ( 'NONE',  ( 0.000000000000000000, 0.000000000000000000, 1.000000000000000000 ) ) ;
#1293 = CARTESIAN_POINT ( 'NONE',  ( 14.08441697445819685, 2.000000000000000000, -0.2516192358891957692 ) ) ;
#1294 = DIRECTION ( 'NONE',  ( 0.000000000000000000, 0.000000000000000000, 1.000000000000000000 ) ) ;
#1295 = AXIS2_PLACEMENT_3D ( 'NONE', #3771, #2511, #84 ) ;
#1296 = VECTOR ( 'NONE', #2811, 1000.000000000000000 ) ;
#1297 = ORIENTED_EDGE ( 'NONE', *, *, #3551, .T. ) ;
#1298 = CARTESIAN_POINT ( 'NONE',  ( 12.16570237090278894, 5.000000000000000000, 15.44347941987573058 ) ) ;
#1299 = ORIENTED_EDGE ( 'NONE', *, *, #1020, .T. ) ;
#1300 = CARTESIAN_POINT ( 'NONE',  ( -5.698395109848512163, 0.000000000000000000, -5.860667775309768679 ) ) ;
#1301 = VECTOR ( 'NONE', #1813, 1000.000000000000000 ) ;
#1302 = EDGE_CURVE ( 'NONE', #3405, #1230, #2230, .T. ) ;
#1303 = VERTEX_POINT ( 'NONE', #164 ) ;
#1304 = ORIENTED_EDGE ( 'NONE', *, *, #153, .F. ) ;
#1305 = EDGE_LOOP ( 'NONE', ( #1030, #1774, #2304, #2835 ) ) ;
#1306 = CYLINDRICAL_SURFACE ( 'NONE', #1697, 0.3044771070633348065 ) ;
#1307 = CARTESIAN_POINT ( 'NONE',  ( 4.084416974482688367, 3.000000000000000000, 4.580169906002734770 ) ) ;
#1308 = PRODUCT ( '\X2\897f5b8994a553196263\X0\', '\X2\897f5b8994a553196263\X0\', '', ( #2453 ) ) ;
#1309 = VERTEX_POINT ( 'NONE', #2249 ) ;
#1310 = CARTESIAN_POINT ( 'NONE',  ( 0.7822776031089313520, 0.000000000000000000, 0.000000000000000000 ) ) ;
#1311 = CARTESIAN_POINT ( 'NONE',  ( 4.084416974482688367, 3.000000000000000000, 4.580169906002734770 ) ) ;
#1312 = CARTESIAN_POINT ( 'NONE',  ( 14.08441697448268748, 3.000000000000000000, 4.580169906002734770 ) ) ;
#1313 = CARTESIAN_POINT ( 'NONE',  ( 3.900951371452998639, 5.500000000000000000, -16.54637659421418405 ) ) ;
#1314 = DIRECTION ( 'NONE',  ( 0.000000000000000000, 0.000000000000000000, 1.000000000000000000 ) ) ;
#1315 = ORIENTED_EDGE ( 'NONE', *, *, #231, .T. ) ;
#1316 = DIRECTION ( 'NONE',  ( 1.000000000000000000, 0.000000000000000000, -1.196052167975845270E-16 ) ) ;
#1317 = LINE ( 'NONE', #3378, #2364 ) ;
#1318 = DIRECTION ( 'NONE',  ( -0.000000000000000000, -1.000000000000000000, -0.000000000000000000 ) ) ;
#1319 = AXIS2_PLACEMENT_3D ( 'NONE', #3952, #3882, #839 ) ;
#1320 = VERTEX_POINT ( 'NONE', #2268 ) ;
#1321 = EDGE_LOOP ( 'NONE', ( #1259, #775, #4377, #1922 ) ) ;
#1322 = CARTESIAN_POINT ( 'NONE',  ( 0.000000000000000000, 4.000000000000000000, 0.000000000000000000 ) ) ;
#1323 = EDGE_CURVE ( 'NONE', #1990, #257, #1223, .T. ) ;
#1324 = ORIENTED_EDGE ( 'NONE', *, *, #1196, .T. ) ;
#1325 = AXIS2_PLACEMENT_3D ( 'NONE', #2572, #3918, #2238 ) ;
#1326 = ORIENTED_EDGE ( 'NONE', *, *, #3279, .F. ) ;
#1327 = EDGE_LOOP ( 'NONE', ( #2095, #1686, #1423, #1472 ) ) ;
#1328 = CARTESIAN_POINT ( 'NONE',  ( 15.59907826911246609, 5.000000000000000000, -9.356723931159645957 ) ) ;
#1329 = LINE ( 'NONE', #3068, #1609 ) ;
#1330 = ADVANCED_FACE ( 'NONE', ( #4193 ), #3198, .F. ) ;
#1331 = VERTEX_POINT ( 'NONE', #1489 ) ;
#1332 = PLANE ( 'NONE',  #719 ) ;
#1333 = CARTESIAN_POINT ( 'NONE',  ( 19.61993947059916366, 4.500000000000000000, 2.516201115721528492 ) ) ;
#1334 = DIRECTION ( 'NONE',  ( 0.000000000000000000, -0.000000000000000000, 1.000000000000000000 ) ) ;
#1335 = ORIENTED_EDGE ( 'NONE', *, *, #4002, .T. ) ;
#1336 = LINE ( 'NONE', #679, #4287 ) ;
#1337 = EDGE_CURVE ( 'NONE', #4173, #671, #1683, .T. ) ;
#1338 = DIRECTION ( 'NONE',  ( -0.000000000000000000, -1.000000000000000000, -0.000000000000000000 ) ) ;
#1339 = FACE_OUTER_BOUND ( 'NONE', #402, .T. ) ;
#1340 = CIRCLE ( 'NONE', #3612, 21.50000000000000000 ) ;
#1341 = ORIENTED_EDGE ( 'NONE', *, *, #4367, .T. ) ;
#1342 = EDGE_CURVE ( 'NONE', #3831, #2108, #525, .T. ) ;
#1343 = ORIENTED_EDGE ( 'NONE', *, *, #3684, .T. ) ;
#1344 = B_SPLINE_SURFACE_WITH_KNOTS ( 'NONE', 3, 1, ( 
 ( #3812, #135 ),
 ( #1125, #1487 ),
 ( #2810, #3484 ),
 ( #769, #3464 ) ),
 .UNSPECIFIED., .F., .F., .F.,
 ( 4, 4 ),
 ( 2, 2 ),
 ( 0.000000000000000000, 1.000000000000000000 ),
 ( 0.000000000000000000, 1.000000000000000000 ),
 .UNSPECIFIED. ) ;
#1345 = LINE ( 'NONE', #1707, #927 ) ;
#1346 = EDGE_CURVE ( 'NONE', #1350, #1309, #3178, .T. ) ;
#1347 = EDGE_CURVE ( 'NONE', #835, #2428, #2876, .T. ) ;
#1348 = VERTEX_POINT ( 'NONE', #1174 ) ;
#1349 = ORIENTED_EDGE ( 'NONE', *, *, #2507, .F. ) ;
#1350 = VERTEX_POINT ( 'NONE', #891 ) ;
#1351 = VECTOR ( 'NONE', #3622, 1000.000000000000000 ) ;
#1352 = EDGE_CURVE ( 'NONE', #1619, #4099, #2539, .T. ) ;
#1353 = CARTESIAN_POINT ( 'NONE',  ( 1.926060831110939953, 3.000000000000000000, 1.129848322215249334 ) ) ;
#1354 = ORIENTED_EDGE ( 'NONE', *, *, #2235, .F. ) ;
#1355 = CARTESIAN_POINT ( 'NONE',  ( 19.70247946571249997, 5.000000000000000000, -3.436903474223297117 ) ) ;
#1356 = CARTESIAN_POINT ( 'NONE',  ( 0.000000000000000000, 0.000000000000000000, 0.000000000000000000 ) ) ;
#1357 = DIRECTION ( 'NONE',  ( -0.000000000000000000, 1.000000000000000000, -0.000000000000000000 ) ) ;
#1358 = AXIS2_PLACEMENT_3D ( 'NONE', #1413, #2775, #365 ) ;
#1359 = EDGE_CURVE ( 'NONE', #4312, #145, #3244, .T. ) ;
#1360 = ORIENTED_EDGE ( 'NONE', *, *, #2812, .T. ) ;
#1361 = AXIS2_PLACEMENT_3D ( 'NONE', #2877, #2135, #526 ) ;
#1362 = CARTESIAN_POINT ( 'NONE',  ( 0.000000000000000000, 4.000000000000000000, -7.360667775309767791 ) ) ;
#1363 = CARTESIAN_POINT ( 'NONE',  ( 4.030680789221961824, 5.000000000000000000, -9.426775070323923700 ) ) ;
#1364 = PLANE ( 'NONE',  #1137 ) ;
#1365 = ADVANCED_FACE ( 'NONE', ( #2942 ), #4278, .F. ) ;
#1366 = ORIENTED_EDGE ( 'NONE', *, *, #1037, .F. ) ;
#1367 = VECTOR ( 'NONE', #4170, 999.9999999999998863 ) ;
#1368 = VERTEX_POINT ( 'NONE', #909 ) ;
#1369 = VECTOR ( 'NONE', #1239, 1000.000000000000000 ) ;
#1370 = VERTEX_POINT ( 'NONE', #3552 ) ;
#1371 = CARTESIAN_POINT ( 'NONE',  ( -13.59943576232846674, 0.000000000000000000, -8.860667775309767791 ) ) ;
#1372 = PLANE ( 'NONE',  #2659 ) ;
#1373 = VERTEX_POINT ( 'NONE', #2201 ) ;
#1374 = ORIENTED_EDGE ( 'NONE', *, *, #3646, .F. ) ;
#1375 = ADVANCED_FACE ( 'NONE', ( #3007 ), #271, .F. ) ;
#1376 = CARTESIAN_POINT ( 'NONE',  ( 3.900951371452998639, 0.5000000000000004441, -16.54637659421418405 ) ) ;
#1377 = LINE ( 'NONE', #1353, #264 ) ;
#1378 = ORIENTED_EDGE ( 'NONE', *, *, #2288, .T. ) ;
#1379 = CARTESIAN_POINT ( 'NONE',  ( 4.084416974482689255, 2.000000000000000000, 6.580169906002734770 ) ) ;
#1380 = VECTOR ( 'NONE', #2432, 1000.000000000000000 ) ;
#1381 = DIRECTION ( 'NONE',  ( 0.000000000000000000, 1.000000000000000000, -0.000000000000000000 ) ) ;
#1382 = CARTESIAN_POINT ( 'NONE',  ( -2.418863667269386841, 5.000000000000000000, 2.418863667269375739 ) ) ;
#1383 = VECTOR ( 'NONE', #1505, 1000.000000000000000 ) ;
#1384 = ORIENTED_EDGE ( 'NONE', *, *, #2418, .T. ) ;
#1385 = LINE ( 'NONE', #356, #2099 ) ;
#1386 = PLANE ( 'NONE',  #4196 ) ;
#1387 = CARTESIAN_POINT ( 'NONE',  ( 4.084416974458195959, 2.000000000000000000, -0.2516192358891953806 ) ) ;
#1388 = DIRECTION ( 'NONE',  ( 0.000000000000000000, 0.000000000000000000, 1.000000000000000000 ) ) ;
#1389 = EDGE_CURVE ( 'NONE', #488, #161, #1818, .T. ) ;
#1390 = VERTEX_POINT ( 'NONE', #3309 ) ;
#1391 = ORIENTED_EDGE ( 'NONE', *, *, #2688, .F. ) ;
#1392 = VERTEX_POINT ( 'NONE', #3969 ) ;
#1393 = DIRECTION ( 'NONE',  ( 1.000000000000000000, 0.000000000000000000, -1.734723475976807489E-15 ) ) ;
#1394 = EDGE_CURVE ( 'NONE', #671, #3740, #893, .T. ) ;
#1395 = ORIENTED_EDGE ( 'NONE', *, *, #4066, .F. ) ;
#1396 = EDGE_CURVE ( 'NONE', #4220, #3453, #2964, .T. ) ;
#1397 = AXIS2_PLACEMENT_3D ( 'NONE', #1313, #2678, #933 ) ;
#1398 = CIRCLE ( 'NONE', #3872, 0.7499999999999972244 ) ;
#1399 = ORIENTED_EDGE ( 'NONE', *, *, #2418, .F. ) ;
#1400 = DIRECTION ( 'NONE',  ( 0.000000000000000000, 0.000000000000000000, 1.000000000000000000 ) ) ;
#1401 = FACE_BOUND ( 'NONE', #2536, .T. ) ;
#1402 = FACE_OUTER_BOUND ( 'NONE', #2997, .T. ) ;
#1403 = EDGE_CURVE ( 'NONE', #3562, #1348, #3992, .T. ) ;
#1404 = ORIENTED_EDGE ( 'NONE', *, *, #2981, .T. ) ;
#1405 = EDGE_CURVE ( 'NONE', #4117, #240, #616, .T. ) ;
#1406 = CARTESIAN_POINT ( 'NONE',  ( -12.84943576232846496, 4.000000000000000000, 0.000000000000000000 ) ) ;
#1407 = LINE ( 'NONE', #3399, #1080 ) ;
#1408 = CARTESIAN_POINT ( 'NONE',  ( -7.198395109848505058, 5.000000000000000000, -7.360667775309767791 ) ) ;
#1409 = CARTESIAN_POINT ( 'NONE',  ( -7.798395109848495821, 5.000000000000000000, -12.16066777530976850 ) ) ;
#1410 = EDGE_LOOP ( 'NONE', ( #1412, #3873, #3672, #2648, #1275, #3494, #347, #715, #1884 ) ) ;
#1411 = VERTEX_POINT ( 'NONE', #3286 ) ;
#1412 = ORIENTED_EDGE ( 'NONE', *, *, #905, .T. ) ;
#1413 = CARTESIAN_POINT ( 'NONE',  ( -13.59943576232846496, 4.000000000000000000, 11.23933222469023185 ) ) ;
#1414 = EDGE_CURVE ( 'NONE', #3702, #2283, #3660, .T. ) ;
#1415 = CARTESIAN_POINT ( 'NONE',  ( 1.351357535269420486E-16, 4.500000000000000000, 1.129848322215249556 ) ) ;
#1416 = EDGE_LOOP ( 'NONE', ( #3167, #584, #3034, #1720 ) ) ;
#1417 = CIRCLE ( 'NONE', #2057, 0.7499999999999972244 ) ;
#1418 = ORIENTED_EDGE ( 'NONE', *, *, #1491, .F. ) ;
#1419 = CARTESIAN_POINT ( 'NONE',  ( 9.892162964287326332, 6.000000000000000000, -17.22174811442904385 ) ) ;
#1420 = CARTESIAN_POINT ( 'NONE',  ( -5.698395109848513940, 5.000000000000000000, -5.860667775309769567 ) ) ;
#1421 = CARTESIAN_POINT ( 'NONE',  ( -14.34943576232846674, 0.000000000000000000, 11.23933222469023185 ) ) ;
#1422 = AXIS2_PLACEMENT_3D ( 'NONE', #635, #2965, #3311 ) ;
#1423 = ORIENTED_EDGE ( 'NONE', *, *, #1183, .F. ) ;
#1424 = DIRECTION ( 'NONE',  ( -0.000000000000000000, -1.000000000000000000, -0.000000000000000000 ) ) ;
#1425 = CARTESIAN_POINT ( 'NONE',  ( 19.38655634580746323, 0.000000000000000000, 2.490294255477051966 ) ) ;
#1426 = LINE ( 'NONE', #2093, #2138 ) ;
#1427 = EDGE_CURVE ( 'NONE', #624, #3069, #249, .T. ) ;
#1428 = DIRECTION ( 'NONE',  ( 0.000000000000000000, 0.000000000000000000, 1.000000000000000000 ) ) ;
#1429 = AXIS2_PLACEMENT_3D ( 'NONE', #771, #3486, #461 ) ;
#1430 = AXIS2_PLACEMENT_3D ( 'NONE', #20, #3407, #2910 ) ;
#1431 = VERTEX_POINT ( 'NONE', #1978 ) ;
#1432 = ORIENTED_EDGE ( 'NONE', *, *, #3830, .F. ) ;
#1433 = ORIENTED_EDGE ( 'NONE', *, *, #3119, .T. ) ;
#1434 = CARTESIAN_POINT ( 'NONE',  ( 11.08441697448269103, 3.000000000000000000, 4.580169906002733882 ) ) ;
#1435 = DIRECTION ( 'NONE',  ( -1.000000000000000000, -0.000000000000000000, -0.000000000000000000 ) ) ;
#1436 = VERTEX_POINT ( 'NONE', #3329 ) ;
#1437 = ADVANCED_FACE ( 'NONE', ( #593 ), #296, .F. ) ;
#1438 = AXIS2_PLACEMENT_3D ( 'NONE', #3051, #3291, #251 ) ;
#1439 = ORIENTED_EDGE ( 'NONE', *, *, #2403, .F. ) ;
#1440 = LINE ( 'NONE', #1419, #434 ) ;
#1441 = CARTESIAN_POINT ( 'NONE',  ( -0.8163410178626506752, 4.500000000000000000, 2.667750055825482747 ) ) ;
#1442 = FACE_OUTER_BOUND ( 'NONE', #1180, .T. ) ;
#1443 = EDGE_CURVE ( 'NONE', #1348, #4291, #1046, .T. ) ;
#1444 = VECTOR ( 'NONE', #1136, 1000.000000000000000 ) ;
#1446 = ORIENTED_EDGE ( 'NONE', *, *, #776, .T. ) ;
#1445 = AXIS2_PLACEMENT_3D ( 'NONE', #1828, #1493, #3003 ) ;
#1447 = CARTESIAN_POINT ( 'NONE',  ( -2.386628845210447381, 5.000000000000000000, -5.434049281152868893 ) ) ;
#1448 = CARTESIAN_POINT ( 'NONE',  ( 3.900951371452998639, 5.500000000000000000, -16.54637659421418405 ) ) ;
#1449 = CARTESIAN_POINT ( 'NONE',  ( -2.229531442579137490, 5.000000000000000000, -2.229531442579143263 ) ) ;
#1450 = LINE ( 'NONE', #1778, #571 ) ;
#1451 = VECTOR ( 'NONE', #3593, 1000.000000000000000 ) ;
#1452 = EDGE_LOOP ( 'NONE', ( #1710, #3670, #946, #692 ) ) ;
#1453 = ORIENTED_EDGE ( 'NONE', *, *, #1540, .T. ) ;
#1454 = EDGE_LOOP ( 'NONE', ( #3792, #2802, #276, #3856 ) ) ;
#1455 = CARTESIAN_POINT ( 'NONE',  ( -12.84943576232846496, 0.000000000000000000, -1.610667775309767791 ) ) ;
#1456 = DIRECTION ( 'NONE',  ( 0.000000000000000000, 0.000000000000000000, 1.000000000000000000 ) ) ;
#1457 = CARTESIAN_POINT ( 'NONE',  ( 0.000000000000000000, 5.000000000000000000, 21.50000000000000000 ) ) ;
#1458 = VERTEX_POINT ( 'NONE', #3075 ) ;
#1459 = AXIS2_PLACEMENT_3D ( 'NONE', #2979, #3986, #4368 ) ;
#1460 = ADVANCED_FACE ( 'NONE', ( #1000 ), #957, .T. ) ;
#1461 = DIRECTION ( 'NONE',  ( -4.336808689942015764E-16, -0.000000000000000000, -1.000000000000000000 ) ) ;
#1462 = ORIENTED_EDGE ( 'NONE', *, *, #776, .F. ) ;
#1463 = CARTESIAN_POINT ( 'NONE',  ( -14.34943576232846496, 4.000000000000000000, -3.110667775309767791 ) ) ;
#1464 = CARTESIAN_POINT ( 'NONE',  ( 19.38162282921840784, 5.000000000000000000, -4.934845134947980050 ) ) ;
#1465 = FACE_OUTER_BOUND ( 'NONE', #2325, .T. ) ;
#1466 = ORIENTED_EDGE ( 'NONE', *, *, #289, .F. ) ;
#1467 = DIRECTION ( 'NONE',  ( 0.000000000000000000, 1.000000000000000000, -0.000000000000000000 ) ) ;
#1468 = LINE ( 'NONE', #2831, #504 ) ;
#1469 = CARTESIAN_POINT ( 'NONE',  ( 0.000000000000000000, 0.000000000000000000, 0.000000000000000000 ) ) ;
#1470 = DIRECTION ( 'NONE',  ( 0.000000000000000000, 0.000000000000000000, 1.000000000000000000 ) ) ;
#1471 = FACE_OUTER_BOUND ( 'NONE', #3062, .T. ) ;
#1472 = ORIENTED_EDGE ( 'NONE', *, *, #682, .F. ) ;
#1473 = DIRECTION ( 'NONE',  ( 1.000000000000000000, 0.000000000000000000, -1.165540666725403259E-16 ) ) ;
#1474 = PLANE ( 'NONE',  #2893 ) ;
#1475 = CARTESIAN_POINT ( 'NONE',  ( -14.34943576232846674, 4.000000000000000000, 11.23933222469023185 ) ) ;
#1476 = ORIENTED_EDGE ( 'NONE', *, *, #646, .F. ) ;
#1477 = ORIENTED_EDGE ( 'NONE', *, *, #4177, .T. ) ;
#1478 = EDGE_CURVE ( 'NONE', #2443, #1320, #3683, .T. ) ;
#1479 = ADVANCED_FACE ( 'NONE', ( #2358 ), #3994, .T. ) ;
#1480 = EDGE_LOOP ( 'NONE', ( #2357, #2015, #1638, #83, #3449, #800, #589, #3787, #688, #714, #3301, #2117, #2391, #517, #4163 ) ) ;
#1481 = CARTESIAN_POINT ( 'NONE',  ( 4.084416974482688367, 2.000000000000000000, 4.580169906002734770 ) ) ;
#1482 = VECTOR ( 'NONE', #592, 1000.000000000000000 ) ;
#1483 = EDGE_CURVE ( 'NONE', #3370, #1373, #2010, .T. ) ;
#1484 = CARTESIAN_POINT ( 'NONE',  ( -1.737662613365197783, 0.000000000000000000, 3.095673925631122980 ) ) ;
#1485 = LINE ( 'NONE', #790, #3053 ) ;
#1486 = ORIENTED_EDGE ( 'NONE', *, *, #1427, .T. ) ;
#1487 = CARTESIAN_POINT ( 'NONE',  ( 4.709234113502930974, 0.000000000000000000, -8.960274551869623849 ) ) ;
#1488 = DIRECTION ( 'NONE',  ( -0.000000000000000000, -1.000000000000000000, -0.000000000000000000 ) ) ;
#1489 = CARTESIAN_POINT ( 'NONE',  ( 15.59907826911246609, 5.000000000000000000, -9.356723931159645957 ) ) ;
#1490 = VECTOR ( 'NONE', #856, 1000.000000000000000 ) ;
#1491 = EDGE_CURVE ( 'NONE', #2284, #3370, #4084, .T. ) ;
#1492 = PLANE ( 'NONE',  #17 ) ;
#1493 = DIRECTION ( 'NONE',  ( 0.000000000000000000, 1.000000000000000000, 0.000000000000000000 ) ) ;
#1494 = ADVANCED_FACE ( 'NONE', ( #3097 ), #3734, .F. ) ;
#1495 = CARTESIAN_POINT ( 'NONE',  ( -2.539928013475143409, 5.000000000000000000, -5.253247864225387254 ) ) ;
#1496 = LINE ( 'NONE', #1519, #3579 ) ;
#1497 = ORIENTED_EDGE ( 'NONE', *, *, #4073, .F. ) ;
#1498 = PLANE ( 'NONE',  #2034 ) ;
#1499 = VECTOR ( 'NONE', #308, 1000.000000000000000 ) ;
#1500 = CARTESIAN_POINT ( 'NONE',  ( 19.38655634580746323, 0.000000000000000000, 2.490294255477051966 ) ) ;
#1501 = AXIS2_PLACEMENT_3D ( 'NONE', #1916, #2313, #3603 ) ;
#1502 = ORIENTED_EDGE ( 'NONE', *, *, #2740, .F. ) ;
#1503 = ORIENTED_EDGE ( 'NONE', *, *, #2907, .F. ) ;
#1504 = EDGE_CURVE ( 'NONE', #2992, #2096, #4018, .T. ) ;
#1505 = DIRECTION ( 'NONE',  ( -0.000000000000000000, -1.000000000000000000, -0.000000000000000000 ) ) ;
#1506 = CIRCLE ( 'NONE', #371, 0.3044771070633348065 ) ;
#1507 = ORIENTED_EDGE ( 'NONE', *, *, #178, .F. ) ;
#1508 = DIRECTION ( 'NONE',  ( -1.000000000000000000, 0.000000000000000000, 0.000000000000000000 ) ) ;
#1509 = DIRECTION ( 'NONE',  ( 0.000000000000000000, 0.000000000000000000, 1.000000000000000000 ) ) ;
#1510 = VECTOR ( 'NONE', #2401, 1000.000000000000000 ) ;
#1511 = VERTEX_POINT ( 'NONE', #3664 ) ;
#1512 = CARTESIAN_POINT ( 'NONE',  ( 1.926060831110945060, 0.000000000000000000, -3.106313863398757480 ) ) ;
#1513 = LINE ( 'NONE', #2538, #4309 ) ;
#1514 = DIRECTION ( 'NONE',  ( 0.000000000000000000, 0.000000000000000000, -1.000000000000000000 ) ) ;
#1515 = FACE_OUTER_BOUND ( 'NONE', #535, .T. ) ;
#1516 = AXIS2_PLACEMENT_3D ( 'NONE', #2843, #4178, #3515 ) ;
#1517 = DIRECTION ( 'NONE',  ( 1.156482317317871725E-15, 0.000000000000000000, 1.000000000000000000 ) ) ;
#1518 = PRODUCT_RELATED_PRODUCT_CATEGORY ( 'part', '', ( #1308 ) ) ;
#1519 = CARTESIAN_POINT ( 'NONE',  ( -13.59943576232846496, 4.000000000000000000, 10.48933222469022830 ) ) ;
#1520 = ORIENTED_EDGE ( 'NONE', *, *, #3247, .F. ) ;
#1521 = DIRECTION ( 'NONE',  ( 0.000000000000000000, 0.000000000000000000, 1.000000000000000000 ) ) ;
#1522 = CARTESIAN_POINT ( 'NONE',  ( 1.926060831110939953, 0.000000000000000000, 1.129848322215249334 ) ) ;
#1523 = ORIENTED_EDGE ( 'NONE', *, *, #3119, .F. ) ;
#1524 = EDGE_CURVE ( 'NONE', #3106, #3048, #1385, .T. ) ;
#1525 = VERTEX_POINT ( 'NONE', #1743 ) ;
#1526 = ADVANCED_FACE ( 'NONE', ( #980 ), #2339, .T. ) ;
#1527 = CARTESIAN_POINT ( 'NONE',  ( 0.000000000000000000, 6.000000000000000000, -22.50000000000000355 ) ) ;
#1528 = EDGE_LOOP ( 'NONE', ( #2670, #260, #806, #174 ) ) ;
#1529 = CARTESIAN_POINT ( 'NONE',  ( 0.008238259158982873254, 0.000000000000000000, -3.506945322840442802 ) ) ;
#1530 = PLANE ( 'NONE',  #1251 ) ;
#1531 = CARTESIAN_POINT ( 'NONE',  ( -2.275269876593832841, 5.000000000000000000, -5.643307417105276613 ) ) ;
#1532 = DIRECTION ( 'NONE',  ( -0.7071067811865462405, 0.000000000000000000, -0.7071067811865489050 ) ) ;
#1533 = VECTOR ( 'NONE', #1934, 1000.000000000000000 ) ;
#1534 = EDGE_LOOP ( 'NONE', ( #962, #832, #4083, #1995 ) ) ;
#1535 = DIRECTION ( 'NONE',  ( 0.7071067811865460184, 0.000000000000000000, 0.7071067811865490160 ) ) ;
#1536 = CARTESIAN_POINT ( 'NONE',  ( 14.08441697448268748, 2.000000000000000000, 4.580169906002734770 ) ) ;
#1537 = CARTESIAN_POINT ( 'NONE',  ( -7.798395109848495821, 0.000000000000000000, -12.16066777530976850 ) ) ;
#1538 = EDGE_CURVE ( 'NONE', #1088, #2042, #4042, .T. ) ;
#1539 = CYLINDRICAL_SURFACE ( 'NONE', #1361, 20.00000000000000000 ) ;
#1540 = EDGE_CURVE ( 'NONE', #1350, #484, #48, .T. ) ;
#1541 = VECTOR ( 'NONE', #834, 1000.000000000000000 ) ;
#1542 = VECTOR ( 'NONE', #4155, 1000.000000000000000 ) ;
#1543 = AXIS2_PLACEMENT_3D ( 'NONE', #3473, #2818, #188 ) ;
#1544 = CARTESIAN_POINT ( 'NONE',  ( 14.08441697445819685, 2.000000000000000000, -2.251619235889195991 ) ) ;
#1545 = EDGE_CURVE ( 'NONE', #4268, #215, #620, .T. ) ;
#1546 = LINE ( 'NONE', #1158, #1233 ) ;
#1547 = EDGE_LOOP ( 'NONE', ( #2557, #1486, #3483, #31, #2343 ) ) ;
#1548 = CARTESIAN_POINT ( 'NONE',  ( 3.900951371452999084, 6.000000000000000000, -13.54637659421418228 ) ) ;
#1549 = LINE ( 'NONE', #1959, #3782 ) ;
#1550 = ORIENTED_EDGE ( 'NONE', *, *, #136, .F. ) ;
#1551 = EDGE_LOOP ( 'NONE', ( #2366, #507, #3404, #1642 ) ) ;
#1552 = EDGE_CURVE ( 'NONE', #3805, #1071, #1336, .T. ) ;
#1553 = ORIENTED_EDGE ( 'NONE', *, *, #369, .T. ) ;
#1554 = CARTESIAN_POINT ( 'NONE',  ( 11.08441697448269103, 3.000000000000000000, 4.580169906002733882 ) ) ;
#1555 = FACE_OUTER_BOUND ( 'NONE', #1041, .T. ) ;
#1556 = CARTESIAN_POINT ( 'NONE',  ( -19.93503823215743864, 4.000000000000000000, -1.610667775309767791 ) ) ;
#1557 = CARTESIAN_POINT ( 'NONE',  ( -13.59943576232846674, 0.000000000000000000, -8.860667775309767791 ) ) ;
#1558 = CARTESIAN_POINT ( 'NONE',  ( -1.604328562653619450, 6.000000000000000000, -18.93214541099485970 ) ) ;
#1559 = VECTOR ( 'NONE', #4136, 1000.000000000000000 ) ;
#1560 = VERTEX_POINT ( 'NONE', #2053 ) ;
#1561 = DIRECTION ( 'NONE',  ( 0.000000000000000000, 0.000000000000000000, -1.000000000000000000 ) ) ;
#1562 = CARTESIAN_POINT ( 'NONE',  ( 1.870468557420857270, 0.000000000000000000, 1.870468557420862155 ) ) ;
#1563 = DIRECTION ( 'NONE',  ( -1.000000000000000000, 0.000000000000000000, 0.000000000000000000 ) ) ;
#1564 = CARTESIAN_POINT ( 'NONE',  ( 0.7822776031089313520, 3.000000000000000000, 2.490294255477054186 ) ) ;
#1565 = EDGE_CURVE ( 'NONE', #2258, #3702, #4061, .T. ) ;
#1566 = CARTESIAN_POINT ( 'NONE',  ( 0.000000000000000000, 5.000000000000000000, 0.000000000000000000 ) ) ;
#1567 = CYLINDRICAL_SURFACE ( 'NONE', #2231, 1.000000000000000888 ) ;
#1568 = LINE ( 'NONE', #1548, #1143 ) ;
#1569 = ORIENTED_EDGE ( 'NONE', *, *, #3935, .F. ) ;
#1570 = ORIENTED_EDGE ( 'NONE', *, *, #2337, .F. ) ;
#1571 = FACE_OUTER_BOUND ( 'NONE', #3133, .T. ) ;
#1572 = AXIS2_PLACEMENT_3D ( 'NONE', #2725, #3738, #3401 ) ;
#1573 = AXIS2_PLACEMENT_3D ( 'NONE', #3466, #4166, #3158 ) ;
#1574 = EDGE_LOOP ( 'NONE', ( #2952, #1784, #331, #1952 ) ) ;
#1575 = LINE ( 'NONE', #3258, #514 ) ;
#1576 = EDGE_CURVE ( 'NONE', #3030, #2823, #3376, .T. ) ;
#1577 = ADVANCED_FACE ( 'NONE', ( #3398 ), #1722, .F. ) ;
#1578 = FACE_OUTER_BOUND ( 'NONE', #3966, .T. ) ;
#1579 = CARTESIAN_POINT ( 'NONE',  ( 2.694222958124177204E-15, 6.000000000000000000, -21.50000000000000000 ) ) ;
#1580 = ORIENTED_EDGE ( 'NONE', *, *, #1389, .T. ) ;
#1581 = PLANE ( 'NONE',  #3420 ) ;
#1582 = VECTOR ( 'NONE', #897, 1000.000000000000000 ) ;
#1583 = VECTOR ( 'NONE', #4135, 1000.000000000000000 ) ;
#1584 = PLANE ( 'NONE',  #4031 ) ;
#1585 = DIRECTION ( 'NONE',  ( 0.000000000000000000, 0.000000000000000000, -1.000000000000000000 ) ) ;
#1586 = SURFACE_STYLE_FILL_AREA ( #321 ) ;
#1587 = ADVANCED_FACE ( 'NONE', ( #1823 ), #2490, .T. ) ;
#1588 = CARTESIAN_POINT ( 'NONE',  ( 8.893627698814938753, 6.000000000000000000, -16.27585286105989937 ) ) ;
#1589 = DIRECTION ( 'NONE',  ( 0.000000000000000000, 0.000000000000000000, -1.000000000000000000 ) ) ;
#1590 = DIRECTION ( 'NONE',  ( 2.047517776665777664E-16, 0.000000000000000000, -1.000000000000000000 ) ) ;
#1591 = AXIS2_PLACEMENT_3D ( 'NONE', #3803, #760, #1117 ) ;
#1592 = VERTEX_POINT ( 'NONE', #3196 ) ;
#1593 = LINE ( 'NONE', #3400, #750 ) ;
#1594 = AXIS2_PLACEMENT_3D ( 'NONE', #2591, #3937, #4044 ) ;
#1595 = ORIENTED_EDGE ( 'NONE', *, *, #1389, .F. ) ;
#1596 = EDGE_LOOP ( 'NONE', ( #1859, #4360, #810, #431, #2690 ) ) ;
#1597 = ORIENTED_EDGE ( 'NONE', *, *, #2008, .F. ) ;
#1598 = CARTESIAN_POINT ( 'NONE',  ( 0.000000000000000000, 2.000000000000000000, 0.000000000000000000 ) ) ;
#1599 = CARTESIAN_POINT ( 'NONE',  ( 0.000000000000000000, 4.000000000000000000, -1.610667775309767791 ) ) ;
#1600 = VERTEX_POINT ( 'NONE', #3833 ) ;
#1601 = CARTESIAN_POINT ( 'NONE',  ( -10.41102437462526886, 0.000000000000000000, -14.39776835585768389 ) ) ;
#1602 = FACE_OUTER_BOUND ( 'NONE', #1614, .T. ) ;
#1603 = CARTESIAN_POINT ( 'NONE',  ( 0.000000000000000000, 5.000000000000000000, 0.000000000000000000 ) ) ;
#1604 = DIRECTION ( 'NONE',  ( 1.000000000000000000, 0.000000000000000000, -0.000000000000000000 ) ) ;
#1605 = VECTOR ( 'NONE', #1154, 1000.000000000000000 ) ;
#1606 = FACE_OUTER_BOUND ( 'NONE', #2021, .T. ) ;
#1607 = DIRECTION ( 'NONE',  ( 0.000000000000000000, 0.000000000000000000, -1.000000000000000000 ) ) ;
#1608 = CARTESIAN_POINT ( 'NONE',  ( 4.084416974458195959, 2.000000000000000000, -2.251619235889195991 ) ) ;
#1609 = VECTOR ( 'NONE', #3042, 1000.000000000000000 ) ;
#1610 = ORIENTED_EDGE ( 'NONE', *, *, #3357, .T. ) ;
#1611 = EDGE_LOOP ( 'NONE', ( #3695, #1728, #4204, #4072 ) ) ;
#1612 = LINE ( 'NONE', #2972, #2533 ) ;
#1613 = VERTEX_POINT ( 'NONE', #458 ) ;
#1614 = EDGE_LOOP ( 'NONE', ( #3038, #3023, #1610, #726 ) ) ;
#1615 = ORIENTED_EDGE ( 'NONE', *, *, #4247, .T. ) ;
#1616 = ORIENTED_EDGE ( 'NONE', *, *, #1185, .T. ) ;
#1617 = CARTESIAN_POINT ( 'NONE',  ( 14.70260341363857215, 5.000000000000000000, -8.130763445302775949 ) ) ;
#1618 = DIRECTION ( 'NONE',  ( -1.156482317317871725E-15, 0.000000000000000000, -1.000000000000000000 ) ) ;
#1619 = VERTEX_POINT ( 'NONE', #437 ) ;
#1620 = CARTESIAN_POINT ( 'NONE',  ( -4.498395109848527973, 5.000000000000000000, 8.239332224690230078 ) ) ;
#1621 = DIRECTION ( 'NONE',  ( -0.000000000000000000, -1.000000000000000000, -0.000000000000000000 ) ) ;
#1622 = DIRECTION ( 'NONE',  ( -0.7071067811865487940, 0.000000000000000000, 0.7071067811865463515 ) ) ;
#1623 = CARTESIAN_POINT ( 'NONE',  ( -7.895121667798798981, 4.000000000000000000, -12.25739432700778231 ) ) ;
#1624 = CARTESIAN_POINT ( 'NONE',  ( -0.5163737054378459979, 0.000000000000000000, 1.930646183811712602 ) ) ;
#1625 = VECTOR ( 'NONE', #320, 1000.000000000000000 ) ;
#1626 = CARTESIAN_POINT ( 'NONE',  ( 19.92210529640140138, 0.000000000000000000, 1.763439978875164460 ) ) ;
#1627 = DIRECTION ( 'NONE',  ( -0.000000000000000000, -1.000000000000000000, -0.000000000000000000 ) ) ;
#1628 = EDGE_CURVE ( 'NONE', #1892, #215, #2179, .T. ) ;
#1629 = VERTEX_POINT ( 'NONE', #2090 ) ;
#1630 = DIRECTION ( 'NONE',  ( 0.000000000000000000, 0.000000000000000000, -1.000000000000000000 ) ) ;
#1631 = FACE_OUTER_BOUND ( 'NONE', #678, .T. ) ;
#1632 = ADVANCED_FACE ( 'NONE', ( #1108 ), #2110, .T. ) ;
#1633 = ORIENTED_EDGE ( 'NONE', *, *, #4217, .F. ) ;
#1634 = AXIS2_PLACEMENT_3D ( 'NONE', #594, #3642, #1958 ) ;
#1635 = DIRECTION ( 'NONE',  ( 1.000000000000000000, 0.000000000000000000, -1.196052167975845270E-16 ) ) ;
#1636 = ORIENTED_EDGE ( 'NONE', *, *, #3389, .F. ) ;
#1637 = ORIENTED_EDGE ( 'NONE', *, *, #3724, .F. ) ;
#1638 = ORIENTED_EDGE ( 'NONE', *, *, #3212, .F. ) ;
#1639 = DIRECTION ( 'NONE',  ( -0.000000000000000000, -1.000000000000000000, -0.000000000000000000 ) ) ;
#1640 = CARTESIAN_POINT ( 'NONE',  ( -13.59943576232846496, 4.000000000000000000, 10.48933222469022830 ) ) ;
#1641 = EDGE_CURVE ( 'NONE', #124, #351, #1144, .T. ) ;
#1642 = ORIENTED_EDGE ( 'NONE', *, *, #1405, .T. ) ;
#1643 = DIRECTION ( 'NONE',  ( 0.000000000000000000, 0.000000000000000000, 1.000000000000000000 ) ) ;
#1644 = DIRECTION ( 'NONE',  ( 0.000000000000000000, 1.000000000000000000, 0.000000000000000000 ) ) ;
#1645 = AXIS2_PLACEMENT_3D ( 'NONE', #2277, #560, #1630 ) ;
#1646 = VECTOR ( 'NONE', #1092, 1000.000000000000000 ) ;
#1647 = DIRECTION ( 'NONE',  ( 0.000000000000000000, 0.000000000000000000, 1.000000000000000000 ) ) ;
#1648 = CARTESIAN_POINT ( 'NONE',  ( 11.08441697445820040, 2.000000000000000000, -2.251619235889195547 ) ) ;
#1649 = LINE ( 'NONE', #3681, #3262 ) ;
#1650 = ORIENTED_EDGE ( 'NONE', *, *, #15, .F. ) ;
#1651 = DIRECTION ( 'NONE',  ( -2.168404344971006896E-16, 0.000000000000000000, -1.000000000000000000 ) ) ;
#1652 = DIRECTION ( 'NONE',  ( 0.000000000000000000, 0.000000000000000000, 1.000000000000000000 ) ) ;
#1653 = EDGE_CURVE ( 'NONE', #3113, #4363, #2444, .T. ) ;
#1654 = LINE ( 'NONE', #3015, #3219 ) ;
#1655 = AXIS2_PLACEMENT_3D ( 'NONE', #4321, #4037, #993 ) ;
#1656 = AXIS2_PLACEMENT_3D ( 'NONE', #1448, #357, #728 ) ;
#1657 = ORIENTED_EDGE ( 'NONE', *, *, #2296, .F. ) ;
#1658 = ADVANCED_FACE ( 'NONE', ( #2132 ), #1344, .T. ) ;
#1659 = ORIENTED_EDGE ( 'NONE', *, *, #1953, .F. ) ;
#1660 = FACE_OUTER_BOUND ( 'NONE', #457, .T. ) ;
#1661 = AXIS2_PLACEMENT_3D ( 'NONE', #2988, #1833, #4325 ) ;
#1662 = VECTOR ( 'NONE', #24, 1000.000000000000000 ) ;
#1663 = ORIENTED_EDGE ( 'NONE', *, *, #1396, .T. ) ;
#1664 = ORIENTED_EDGE ( 'NONE', *, *, #2754, .T. ) ;
#1665 = ORIENTED_EDGE ( 'NONE', *, *, #4205, .T. ) ;
#1666 = VECTOR ( 'NONE', #830, 1000.000000000000000 ) ;
#1667 = EDGE_CURVE ( 'NONE', #282, #3318, #1152, .T. ) ;
#1668 = CARTESIAN_POINT ( 'NONE',  ( 9.084416974482689255, 2.000000000000000000, 6.580169906002734770 ) ) ;
#1669 = CARTESIAN_POINT ( 'NONE',  ( -3.464094495350777514, 0.000000000000000000, 13.77363283918798409 ) ) ;
#1670 = EDGE_CURVE ( 'NONE', #778, #1892, #395, .T. ) ;
#1671 = PRODUCT_DEFINITION_SHAPE ( 'NONE', 'NONE',  #1786 ) ;
#1672 = ORIENTED_EDGE ( 'NONE', *, *, #4153, .T. ) ;
#1673 = DIRECTION ( 'NONE',  ( 0.000000000000000000, 1.000000000000000000, -0.000000000000000000 ) ) ;
#1674 = CARTESIAN_POINT ( 'NONE',  ( 6.084416974482688367, 3.000000000000000000, 4.580169906002733882 ) ) ;
#1675 = CARTESIAN_POINT ( 'NONE',  ( 14.08441697448268748, 2.000000000000000000, 4.580169906002734770 ) ) ;
#1676 = DIRECTION ( 'NONE',  ( -4.336808689942015764E-16, 0.000000000000000000, -1.000000000000000000 ) ) ;
#1677 = ORIENTED_EDGE ( 'NONE', *, *, #1552, .F. ) ;
#1678 = DIRECTION ( 'NONE',  ( -0.000000000000000000, -1.000000000000000000, -0.000000000000000000 ) ) ;
#1679 = ADVANCED_FACE ( 'NONE', ( #1800 ), #4140, .F. ) ;
#1680 = CYLINDRICAL_SURFACE ( 'NONE', #2937, 0.7500000000000015543 ) ;
#1681 = PLANE ( 'NONE',  #1926 ) ;
#1682 = EDGE_CURVE ( 'NONE', #215, #619, #3156, .T. ) ;
#1683 = CIRCLE ( 'NONE', #4006, 0.5000000000000004441 ) ;
#1684 = ADVANCED_FACE ( 'NONE', ( #116 ), #3175, .T. ) ;
#1685 = VERTEX_POINT ( 'NONE', #815 ) ;
#1686 = ORIENTED_EDGE ( 'NONE', *, *, #2973, .T. ) ;
#1687 = CARTESIAN_POINT ( 'NONE',  ( -13.59943576232846496, 0.000000000000000000, 3.589332224690231943 ) ) ;
#1688 = ORIENTED_EDGE ( 'NONE', *, *, #1538, .F. ) ;
#1689 = ORIENTED_EDGE ( 'NONE', *, *, #4297, .F. ) ;
#1690 = ORIENTED_EDGE ( 'NONE', *, *, #3426, .F. ) ;
#1691 = ADVANCED_FACE ( 'NONE', ( #477 ), #1843, .F. ) ;
#1692 = CARTESIAN_POINT ( 'NONE',  ( 11.08441697445820040, 2.000000000000000000, -2.251619235889195547 ) ) ;
#1693 = ORIENTED_EDGE ( 'NONE', *, *, #3521, .F. ) ;
#1694 = CARTESIAN_POINT ( 'NONE',  ( 14.08441697448268748, 2.000000000000000000, 4.580169906002734770 ) ) ;
#1695 = CARTESIAN_POINT ( 'NONE',  ( -2.244619851536843402, 5.000000000000000000, 8.412341060818127048 ) ) ;
#1696 = LINE ( 'NONE', #392, #1991 ) ;
#1697 = AXIS2_PLACEMENT_3D ( 'NONE', #2024, #1639, #1261 ) ;
#1698 = EDGE_CURVE ( 'NONE', #4090, #3562, #3793, .T. ) ;
#1699 = VERTEX_POINT ( 'NONE', #246 ) ;
#1700 = CARTESIAN_POINT ( 'NONE',  ( 0.000000000000000000, 6.000000000000000000, 0.000000000000000000 ) ) ;
#1701 = DIRECTION ( 'NONE',  ( -1.000000000000000000, 0.000000000000000000, 0.000000000000000000 ) ) ;
#1702 = CARTESIAN_POINT ( 'NONE',  ( 0.000000000000000000, 5.000000000000000000, 0.000000000000000000 ) ) ;
#1703 = CIRCLE ( 'NONE', #2624, 1.000000000000000888 ) ;
#1704 = EDGE_CURVE ( 'NONE', #2552, #619, #498, .T. ) ;
#1705 = ORIENTED_EDGE ( 'NONE', *, *, #2235, .T. ) ;
#1706 = EDGE_LOOP ( 'NONE', ( #1580, #585, #1705, #2809 ) ) ;
#1707 = CARTESIAN_POINT ( 'NONE',  ( -4.498395109848528861, 4.000000000000000000, 8.239332224690230078 ) ) ;
#1708 = CARTESIAN_POINT ( 'NONE',  ( 19.38655634580746323, 0.000000000000000000, 4.915428063844742290 ) ) ;
#1709 = VERTEX_POINT ( 'NONE', #1870 ) ;
#1710 = ORIENTED_EDGE ( 'NONE', *, *, #3231, .F. ) ;
#1711 = VECTOR ( 'NONE', #2784, 1000.000000000000114 ) ;
#1712 = FACE_OUTER_BOUND ( 'NONE', #1611, .T. ) ;
#1713 = EDGE_LOOP ( 'NONE', ( #1968, #674, #1150, #1439 ) ) ;
#1714 = FACE_OUTER_BOUND ( 'NONE', #1713, .T. ) ;
#1715 = EDGE_CURVE ( 'NONE', #1272, #53, #717, .T. ) ;
#1716 = PLANE ( 'NONE',  #2771 ) ;
#1717 = EDGE_CURVE ( 'NONE', #1370, #2380, #1172, .T. ) ;
#1718 = CARTESIAN_POINT ( 'NONE',  ( 9.084416974458198624, 2.000000000000000000, -2.251619235889195103 ) ) ;
#1719 = AXIS2_PLACEMENT_3D ( 'NONE', #1006, #1908, #2388 ) ;
#1720 = ORIENTED_EDGE ( 'NONE', *, *, #2740, .T. ) ;
#1721 = AXIS2_PLACEMENT_3D ( 'NONE', #2157, #2898, #3222 ) ;
#1722 = PLANE ( 'NONE',  #119 ) ;
#1723 = DIRECTION ( 'NONE',  ( 0.000000000000000000, 0.000000000000000000, -1.000000000000000000 ) ) ;
#1724 = CARTESIAN_POINT ( 'NONE',  ( 8.003131578013606529, 0.000000000000000000, 0.000000000000000000 ) ) ;
#1725 = DIRECTION ( 'NONE',  ( 0.000000000000000000, -0.000000000000000000, 1.000000000000000000 ) ) ;
#1726 = EDGE_CURVE ( 'NONE', #1987, #192, #3639, .T. ) ;
#1727 = EDGE_CURVE ( 'NONE', #1793, #4268, #4234, .T. ) ;
#1728 = ORIENTED_EDGE ( 'NONE', *, *, #1790, .F. ) ;
#1729 = ORIENTED_EDGE ( 'NONE', *, *, #4040, .F. ) ;
#1730 = VECTOR ( 'NONE', #4275, 1000.000000000000000 ) ;
#1731 = ORIENTED_EDGE ( 'NONE', *, *, #2051, .F. ) ;
#1732 = AXIS2_PLACEMENT_3D ( 'NONE', #3354, #4326, #3996 ) ;
#1733 =( NAMED_UNIT ( * ) PLANE_ANGLE_UNIT ( ) SI_UNIT ( $, .RADIAN. ) );
#1734 = DIRECTION ( 'NONE',  ( 0.000000000000000000, -1.000000000000000000, 0.000000000000000000 ) ) ;
#1735 = EDGE_LOOP ( 'NONE', ( #3541, #721, #2816, #1570 ) ) ;
#1736 = ORIENTED_EDGE ( 'NONE', *, *, #1060, .T. ) ;
#1737 = EDGE_CURVE ( 'NONE', #3306, #1007, #3879, .T. ) ;
#1738 = ORIENTED_EDGE ( 'NONE', *, *, #3646, .T. ) ;
#1739 = DIRECTION ( 'NONE',  ( -0.000000000000000000, -0.000000000000000000, -1.000000000000000000 ) ) ;
#1740 = FACE_BOUND ( 'NONE', #604, .T. ) ;
#1741 = CARTESIAN_POINT ( 'NONE',  ( 19.92210529640140138, 4.500000000000000888, 1.763439978875164460 ) ) ;
#1742 = ORIENTED_EDGE ( 'NONE', *, *, #741, .T. ) ;
#1743 = CARTESIAN_POINT ( 'NONE',  ( 18.24277311780544863, 0.000000000000000000, 1.129848322215247558 ) ) ;
#1744 = FACE_OUTER_BOUND ( 'NONE', #1930, .T. ) ;
#1745 = LINE ( 'NONE', #2155, #2565 ) ;
#1746 = LINE ( 'NONE', #71, #4327 ) ;
#1747 = ORIENTED_EDGE ( 'NONE', *, *, #3379, .F. ) ;
#1748 = ORIENTED_EDGE ( 'NONE', *, *, #3523, .T. ) ;
#1749 = EDGE_LOOP ( 'NONE', ( #989, #1031 ) ) ;
#1750 = CARTESIAN_POINT ( 'NONE',  ( 0.7822776031089313520, 3.000000000000000000, 8.412341060818127048 ) ) ;
#1751 = CARTESIAN_POINT ( 'NONE',  ( -8.779531442579113332, 0.000000000000000000, -8.779531442579166622 ) ) ;
#1752 = VERTEX_POINT ( 'NONE', #2606 ) ;
#1753 = VECTOR ( 'NONE', #3957, 1000.000000000000000 ) ;
#1754 = ORIENTED_EDGE ( 'NONE', *, *, #1205, .F. ) ;
#1755 = LINE ( 'NONE', #3129, #2291 ) ;
#1756 = DIRECTION ( 'NONE',  ( 0.000000000000000000, 0.000000000000000000, 1.000000000000000000 ) ) ;
#1757 = LINE ( 'NONE', #3072, #3190 ) ;
#1758 = ORIENTED_EDGE ( 'NONE', *, *, #3107, .T. ) ;
#1759 = CARTESIAN_POINT ( 'NONE',  ( 0.000000000000000000, 4.000000000000000000, 0.000000000000000000 ) ) ;
#1760 = DIRECTION ( 'NONE',  ( -0.000000000000000000, -1.000000000000000000, -0.000000000000000000 ) ) ;
#1761 = DIRECTION ( 'NONE',  ( -0.000000000000000000, -1.000000000000000000, -0.000000000000000000 ) ) ;
#1762 = LINE ( 'NONE', #3118, #3554 ) ;
#1763 = VERTEX_POINT ( 'NONE', #203 ) ;
#1764 = VERTEX_POINT ( 'NONE', #3578 ) ;
#1765 = ADVANCED_FACE ( 'NONE', ( #2266 ), #1581, .T. ) ;
#1766 = ORIENTED_EDGE ( 'NONE', *, *, #2030, .T. ) ;
#1767 = CARTESIAN_POINT ( 'NONE',  ( -14.34943576232847029, 0.000000000000000000, 1.659486872262156705E-14 ) ) ;
#1768 = CARTESIAN_POINT ( 'NONE',  ( -18.59625150135145688, 5.000000000000000000, -7.360667775309767791 ) ) ;
#1769 = VERTEX_POINT ( 'NONE', #3619 ) ;
#1770 = ORIENTED_EDGE ( 'NONE', *, *, #3701, .T. ) ;
#1771 = DIRECTION ( 'NONE',  ( -1.594736223967793693E-16, 0.000000000000000000, -1.000000000000000000 ) ) ;
#1772 = FACE_OUTER_BOUND ( 'NONE', #983, .T. ) ;
#1773 = DIRECTION ( 'NONE',  ( 0.7071067811865465735, -0.000000000000000000, 0.7071067811865484609 ) ) ;
#1774 = ORIENTED_EDGE ( 'NONE', *, *, #3439, .F. ) ;
#1775 = DIRECTION ( 'NONE',  ( 0.000000000000000000, 0.000000000000000000, -1.000000000000000000 ) ) ;
#1776 = CARTESIAN_POINT ( 'NONE',  ( 19.61993947053518994, 0.000000000000000000, 2.516201115714426617 ) ) ;
#1777 = LINE ( 'NONE', #1449, #3338 ) ;
#1778 = CARTESIAN_POINT ( 'NONE',  ( -5.548395109848521578, 4.000000000000000000, 1.203116406381143166E-15 ) ) ;
#1779 = CIRCLE ( 'NONE', #1072, 3.499999999999999556 ) ;
#1780 = CIRCLE ( 'NONE', #637, 0.7499999999999972244 ) ;
#1781 = VECTOR ( 'NONE', #3363, 1000.000000000000000 ) ;
#1782 = VERTEX_POINT ( 'NONE', #2962 ) ;
#1783 = ADVANCED_FACE ( 'NONE', ( #860 ), #570, .F. ) ;
#1784 = ORIENTED_EDGE ( 'NONE', *, *, #4375, .F. ) ;
#1785 = DIRECTION ( 'NONE',  ( -1.000000000000000000, -0.000000000000000000, 4.336808689942017736E-16 ) ) ;
#1786 = PRODUCT_DEFINITION ( 'æœ', '', #2071, #1936 ) ;
#1787 = DIRECTION ( 'NONE',  ( -0.7071067811865495711, 0.000000000000000000, 0.7071067811865454633 ) ) ;
#1788 = EDGE_LOOP ( 'NONE', ( #3938, #918, #3697, #559, #4241, #2450, #3138, #312 ) ) ;
#1789 = AXIS2_PLACEMENT_3D ( 'NONE', #2027, #1644, #2047 ) ;
#1790 = EDGE_CURVE ( 'NONE', #515, #2059, #1506, .T. ) ;
#1791 = CARTESIAN_POINT ( 'NONE',  ( -15.41782781292387838, 5.000000000000000000, 12.73933222469023008 ) ) ;
#1792 = VECTOR ( 'NONE', #3643, 1000.000000000000000 ) ;
#1793 = VERTEX_POINT ( 'NONE', #221 ) ;
#1794 = DIRECTION ( 'NONE',  ( -1.000000000000000000, 0.000000000000000000, 4.336808689942017736E-16 ) ) ;
#1795 = CARTESIAN_POINT ( 'NONE',  ( 0.7822776031089313520, 4.500000000000000000, 2.490294255477054186 ) ) ;
#1796 = CARTESIAN_POINT ( 'NONE',  ( 16.92049610954852668, 0.000000000000000000, -7.978093657502478564 ) ) ;
#1797 = AXIS2_PLACEMENT_3D ( 'NONE', #4151, #1734, #3456 ) ;
#1799 = ORIENTED_EDGE ( 'NONE', *, *, #556, .F. ) ;
#1798 = VECTOR ( 'NONE', #952, 1000.000000000000000 ) ;
#1800 = FACE_OUTER_BOUND ( 'NONE', #109, .T. ) ;
#1801 = CARTESIAN_POINT ( 'NONE',  ( -12.84943576232846674, 0.000000000000000000, -8.860667775309767791 ) ) ;
#1802 = PLANE ( 'NONE',  #3131 ) ;
#1803 = CARTESIAN_POINT ( 'NONE',  ( 5.466230535277817992, 0.000000000000000000, -8.130763445302774173 ) ) ;
#1804 = AXIS2_PLACEMENT_3D ( 'NONE', #3866, #1849, #3204 ) ;
#1805 = CARTESIAN_POINT ( 'NONE',  ( -5.548395109848521578, 4.000000000000000000, 1.203116406381143166E-15 ) ) ;
#1806 = ADVANCED_FACE ( 'NONE', ( #4298 ), #662, .F. ) ;
#1807 = EDGE_CURVE ( 'NONE', #2860, #2211, #930, .T. ) ;
#1808 = EDGE_CURVE ( 'NONE', #2380, #3025, #907, .T. ) ;
#1809 = ORIENTED_EDGE ( 'NONE', *, *, #3906, .F. ) ;
#1810 = ORIENTED_EDGE ( 'NONE', *, *, #724, .F. ) ;
#1811 = CARTESIAN_POINT ( 'NONE',  ( -6.448395109848513052, 5.000000000000000000, -5.110667775309772232 ) ) ;
#1812 = EDGE_CURVE ( 'NONE', #1592, #4128, #3962, .T. ) ;
#1813 = DIRECTION ( 'NONE',  ( 0.000000000000000000, 0.000000000000000000, 1.000000000000000000 ) ) ;
#1814 = ORIENTED_EDGE ( 'NONE', *, *, #1346, .F. ) ;
#1815 = AXIS2_PLACEMENT_3D ( 'NONE', #3888, #3492, #1456 ) ;
#1816 = ORIENTED_EDGE ( 'NONE', *, *, #1149, .F. ) ;
#1817 = DIRECTION ( 'NONE',  ( 0.000000000000000000, 0.000000000000000000, 1.000000000000000000 ) ) ;
#1818 = CIRCLE ( 'NONE', #3029, 22.50000000000000355 ) ;
#1819 = EDGE_CURVE ( 'NONE', #2078, #2284, #2895, .T. ) ;
#1820 = CARTESIAN_POINT ( 'NONE',  ( -13.59943576232846496, 0.000000000000000000, 10.48933222469022830 ) ) ;
#1821 = DIRECTION ( 'NONE',  ( -1.000000000000000000, 0.000000000000000000, 1.165540666725403012E-16 ) ) ;
#1822 = ORIENTED_EDGE ( 'NONE', *, *, #2804, .T. ) ;
#1823 = FACE_OUTER_BOUND ( 'NONE', #1207, .T. ) ;
#1824 = DIRECTION ( 'NONE',  ( 0.000000000000000000, -0.000000000000000000, 1.000000000000000000 ) ) ;
#1825 = FACE_OUTER_BOUND ( 'NONE', #343, .T. ) ;
#1826 = ADVANCED_FACE ( 'NONE', ( #547, #3284 ), #654, .T. ) ;
#1827 = DIRECTION ( 'NONE',  ( 0.000000000000000000, 0.000000000000000000, 1.000000000000000000 ) ) ;
#1828 = CARTESIAN_POINT ( 'NONE',  ( 3.900951371452998639, 5.500000000000000000, -16.54637659421418405 ) ) ;
#1829 = DIRECTION ( 'NONE',  ( 0.000000000000000000, 0.000000000000000000, 1.000000000000000000 ) ) ;
#1830 = ORIENTED_EDGE ( 'NONE', *, *, #1443, .T. ) ;
#1831 = DIRECTION ( 'NONE',  ( 1.000000000000000000, 0.000000000000000000, 2.710505431213759852E-17 ) ) ;
#1832 = ADVANCED_FACE ( 'NONE', ( #3070 ), #1332, .F. ) ;
#1833 = DIRECTION ( 'NONE',  ( 0.000000000000000000, 1.000000000000000000, 0.000000000000000000 ) ) ;
#1834 = ORIENTED_EDGE ( 'NONE', *, *, #1347, .T. ) ;
#1835 = VERTEX_POINT ( 'NONE', #1694 ) ;
#1836 = CARTESIAN_POINT ( 'NONE',  ( 8.003131578013606529, 0.000000000000000000, 15.44347941987573058 ) ) ;
#1837 = AXIS2_PLACEMENT_3D ( 'NONE', #2378, #723, #1059 ) ;
#1838 = CARTESIAN_POINT ( 'NONE',  ( 16.15434548383436919, 5.000000000000000000, -9.400093966359765574 ) ) ;
#1839 = VERTEX_POINT ( 'NONE', #2676 ) ;
#1840 = DIRECTION ( 'NONE',  ( -0.000000000000000000, -1.000000000000000000, 0.000000000000000000 ) ) ;
#1841 = DIRECTION ( 'NONE',  ( -0.000000000000000000, -1.000000000000000000, -0.000000000000000000 ) ) ;
#1842 = ORIENTED_EDGE ( 'NONE', *, *, #2363, .T. ) ;
#1843 = CYLINDRICAL_SURFACE ( 'NONE', #3005, 2.081285396444591207 ) ;
#1844 = CARTESIAN_POINT ( 'NONE',  ( 3.900951371452999084, 0.5000000000000004441, -20.04637659421418405 ) ) ;
#1845 = DIRECTION ( 'NONE',  ( -1.000000000000000000, 0.000000000000000000, 0.000000000000000000 ) ) ;
#1846 = PRESENTATION_LAYER_ASSIGNMENT (  '', '', ( #630 ) ) ;
#1847 = CARTESIAN_POINT ( 'NONE',  ( -13.59943576232846496, 4.000000000000000000, 2.839332224690230166 ) ) ;
#1848 = FACE_OUTER_BOUND ( 'NONE', #3717, .T. ) ;
#1849 = DIRECTION ( 'NONE',  ( -1.000000000000000000, 0.000000000000000000, 0.000000000000000000 ) ) ;
#1850 = VERTEX_POINT ( 'NONE', #1620 ) ;
#1851 = ADVANCED_FACE ( 'NONE', ( #2699 ), #985, .T. ) ;
#1852 = CARTESIAN_POINT ( 'NONE',  ( -8.618863667269385687, 4.000000000000000000, 8.618863667269360818 ) ) ;
#1853 = VECTOR ( 'NONE', #2501, 1000.000000000000000 ) ;
#1854 = EDGE_CURVE ( 'NONE', #624, #1411, #1014, .T. ) ;
#1855 = FACE_OUTER_BOUND ( 'NONE', #2592, .T. ) ;
#1856 = VECTOR ( 'NONE', #1942, 1000.000000000000000 ) ;
#1857 = AXIS2_PLACEMENT_3D ( 'NONE', #253, #1318, #1607 ) ;
#1858 = VERTEX_POINT ( 'NONE', #4011 ) ;
#1859 = ORIENTED_EDGE ( 'NONE', *, *, #3245, .F. ) ;
#1860 = EDGE_CURVE ( 'NONE', #3174, #2170, #2354, .T. ) ;
#1861 = CARTESIAN_POINT ( 'NONE',  ( 0.000000000000000000, 2.000000000000000000, 0.000000000000000000 ) ) ;
#1862 = EDGE_CURVE ( 'NONE', #1007, #4079, #2718, .T. ) ;
#1863 = AXIS2_PLACEMENT_3D ( 'NONE', #2650, #5, #4372 ) ;
#1864 = ORIENTED_EDGE ( 'NONE', *, *, #4225, .T. ) ;
#1865 = CARTESIAN_POINT ( 'NONE',  ( 5.466230535277817992, 5.000000000000000000, -8.130763445302774173 ) ) ;
#1866 = DIRECTION ( 'NONE',  ( 0.000000000000000000, 1.000000000000000000, 0.000000000000000000 ) ) ;
#1867 = CIRCLE ( 'NONE', #1438, 0.1788005693583167854 ) ;
#1868 = ORIENTED_EDGE ( 'NONE', *, *, #81, .T. ) ;
#1869 = EDGE_CURVE ( 'NONE', #4382, #1003, #3327, .T. ) ;
#1870 = CARTESIAN_POINT ( 'NONE',  ( -3.448395109848527706, 5.000000000000000000, 7.189332224690229367 ) ) ;
#1871 = LINE ( 'NONE', #478, #2264 ) ;
#1872 = CARTESIAN_POINT ( 'NONE',  ( 0.000000000000000000, 4.000000000000000000, 12.73933222469023008 ) ) ;
#1873 = CARTESIAN_POINT ( 'NONE',  ( 0.000000000000000000, 6.000000000000000000, 0.000000000000000000 ) ) ;
#1874 = AXIS2_PLACEMENT_3D ( 'NONE', #2041, #3386, #345 ) ;
#1875 = FACE_OUTER_BOUND ( 'NONE', #1480, .T. ) ;
#1876 = EDGE_CURVE ( 'NONE', #2906, #3088, #1221, .T. ) ;
#1877 = AXIS2_PLACEMENT_3D ( 'NONE', #2969, #598, #1589 ) ;
#1878 = FACE_OUTER_BOUND ( 'NONE', #2371, .T. ) ;
#1879 = ORIENTED_EDGE ( 'NONE', *, *, #4073, .T. ) ;
#1880 = DIRECTION ( 'NONE',  ( -0.7071067811865464625, 0.000000000000000000, -0.7071067811865486830 ) ) ;
#1881 = DIRECTION ( 'NONE',  ( -1.000000000000000000, 0.000000000000000000, 0.000000000000000000 ) ) ;
#1882 = ORIENTED_EDGE ( 'NONE', *, *, #2841, .T. ) ;
#1883 = ORIENTED_EDGE ( 'NONE', *, *, #4089, .F. ) ;
#1884 = ORIENTED_EDGE ( 'NONE', *, *, #127, .F. ) ;
#1885 = DIRECTION ( 'NONE',  ( 0.000000000000000000, 0.000000000000000000, 1.000000000000000000 ) ) ;
#1886 = CARTESIAN_POINT ( 'NONE',  ( 19.38162282921841140, 0.000000000000000000, -4.934845134947982714 ) ) ;
#1887 = CARTESIAN_POINT ( 'NONE',  ( -1.527074146088831009E-15, 5.000000000000000000, -8.130763445302772396 ) ) ;
#1888 = FACE_OUTER_BOUND ( 'NONE', #1165, .T. ) ;
#1889 = FACE_OUTER_BOUND ( 'NONE', #2037, .T. ) ;
#1890 = VECTOR ( 'NONE', #2074, 1000.000000000000000 ) ;
#1891 = EDGE_CURVE ( 'NONE', #2866, #115, #3348, .T. ) ;
#1892 = VERTEX_POINT ( 'NONE', #293 ) ;
#1893 = CARTESIAN_POINT ( 'NONE',  ( -6.448395109848511275, 4.000000000000000000, -1.610667775309767791 ) ) ;
#1894 = DIRECTION ( 'NONE',  ( -1.000000000000000000, -0.000000000000000000, -0.000000000000000000 ) ) ;
#1895 = CARTESIAN_POINT ( 'NONE',  ( 0.000000000000000000, 4.000000000000000000, -10.36066777530976779 ) ) ;
#1896 = CARTESIAN_POINT ( 'NONE',  ( 16.08441697448268570, 2.000000000000000000, 6.580169906002734770 ) ) ;
#1897 = VECTOR ( 'NONE', #3927, 1000.000000000000000 ) ;
#1898 = DIRECTION ( 'NONE',  ( 0.7071067811865487940, 0.000000000000000000, -0.7071067811865463515 ) ) ;
#1899 = DIRECTION ( 'NONE',  ( -0.000000000000000000, -1.000000000000000000, -0.000000000000000000 ) ) ;
#1900 = EDGE_LOOP ( 'NONE', ( #3667, #1107, #3150, #4048 ) ) ;
#1901 = PLANE ( 'NONE',  #2721 ) ;
#1902 = ADVANCED_FACE ( 'NONE', ( #2377 ), #675, .T. ) ;
#1903 = ORIENTED_EDGE ( 'NONE', *, *, #2328, .F. ) ;
#1904 = EDGE_LOOP ( 'NONE', ( #3366, #3756, #326, #4147 ) ) ;
#1905 = DIRECTION ( 'NONE',  ( 0.000000000000000000, 0.000000000000000000, 1.000000000000000000 ) ) ;
#1906 = VERTEX_POINT ( 'NONE', #1311 ) ;
#1907 = LINE ( 'NONE', #112, #247 ) ;
#1908 = DIRECTION ( 'NONE',  ( -1.000000000000000000, 0.000000000000000000, 0.000000000000000000 ) ) ;
#1909 = PLANE ( 'NONE',  #3310 ) ;
#1910 = CARTESIAN_POINT ( 'NONE',  ( 3.427309753031828166, 0.000000000000000000, -4.256953295730898645 ) ) ;
#1911 = AXIS2_PLACEMENT_3D ( 'NONE', #3045, #1621, #1933 ) ;
#1912 = ORIENTED_EDGE ( 'NONE', *, *, #603, .T. ) ;
#1913 = DIRECTION ( 'NONE',  ( -0.000000000000000000, -1.000000000000000000, -0.000000000000000000 ) ) ;
#1914 = DIRECTION ( 'NONE',  ( 0.7071067811865485719, 0.000000000000000000, -0.7071067811865465735 ) ) ;
#1915 = DIRECTION ( 'NONE',  ( -1.000000000000000000, 0.000000000000000000, 0.000000000000000000 ) ) ;
#1916 = CARTESIAN_POINT ( 'NONE',  ( 10.08441697445819685, 0.000000000000000000, 11.67311893246593790 ) ) ;
#1917 = CIRCLE ( 'NONE', #2989, 5.000000000000004441 ) ;
#1918 = PLANE ( 'NONE',  #1148 ) ;
#1919 = CARTESIAN_POINT ( 'NONE',  ( 8.003131578013606529, 5.000000000000000000, 0.000000000000000000 ) ) ;
#1920 = ORIENTED_EDGE ( 'NONE', *, *, #3684, .F. ) ;
#1921 = CARTESIAN_POINT ( 'NONE',  ( 3.900951371452998639, 5.500000000000000000, -19.54637659421418050 ) ) ;
#1922 = ORIENTED_EDGE ( 'NONE', *, *, #3290, .F. ) ;
#1923 = FACE_OUTER_BOUND ( 'NONE', #1305, .T. ) ;
#1924 = LINE ( 'NONE', #876, #2319 ) ;
#1925 = CIRCLE ( 'NONE', #154, 0.7500000000000011102 ) ;
#1926 = AXIS2_PLACEMENT_3D ( 'NONE', #2274, #4328, #937 ) ;
#1927 = ORIENTED_EDGE ( 'NONE', *, *, #3361, .T. ) ;
#1928 = CARTESIAN_POINT ( 'NONE',  ( 3.900951371452998639, 2.168404344971008868E-16, -13.04637659421418405 ) ) ;
#1929 = LINE ( 'NONE', #3948, #2209 ) ;
#1930 = EDGE_LOOP ( 'NONE', ( #3524, #2513, #467, #1366, #75 ) ) ;
#1931 = CARTESIAN_POINT ( 'NONE',  ( 16.08441697445820040, 3.000000000000000000, -2.251619235889195547 ) ) ;
#1932 = VECTOR ( 'NONE', #1424, 1000.000000000000000 ) ;
#1933 = DIRECTION ( 'NONE',  ( 0.000000000000000000, 0.000000000000000000, 1.000000000000000000 ) ) ;
#1934 = DIRECTION ( 'NONE',  ( -0.000000000000000000, -1.000000000000000000, -0.000000000000000000 ) ) ;
#1935 = LINE ( 'NONE', #4351, #1351 ) ;
#1936 = PRODUCT_DEFINITION_CONTEXT ( 'detailed design', #2121, 'design' ) ;
#1937 = CARTESIAN_POINT ( 'NONE',  ( -2.275269876593832841, 5.000000000000000000, -5.643307417105276613 ) ) ;
#1938 = CARTESIAN_POINT ( 'NONE',  ( 16.15434548383436919, 5.000000000000000000, -9.400093966359763797 ) ) ;
#1939 = EDGE_CURVE ( 'NONE', #3030, #213, #3989, .T. ) ;
#1940 = EDGE_CURVE ( 'NONE', #1752, #988, #4331, .T. ) ;
#1941 = ORIENTED_EDGE ( 'NONE', *, *, #3290, .T. ) ;
#1942 = DIRECTION ( 'NONE',  ( -0.000000000000000000, 1.000000000000000000, -0.000000000000000000 ) ) ;
#1943 = LINE ( 'NONE', #2953, #1753 ) ;
#1944 = ORIENTED_EDGE ( 'NONE', *, *, #1219, .T. ) ;
#1945 = ADVANCED_FACE ( 'NONE', ( #1714 ), #4055, .T. ) ;
#1946 = CIRCLE ( 'NONE', #3931, 20.00000000000000000 ) ;
#1947 = ORIENTED_EDGE ( 'NONE', *, *, #803, .F. ) ;
#1948 = VERTEX_POINT ( 'NONE', #2739 ) ;
#1949 = VERTEX_POINT ( 'NONE', #633 ) ;
#1950 = DIRECTION ( 'NONE',  ( -0.000000000000000000, -1.000000000000000000, -0.000000000000000000 ) ) ;
#1951 = DIRECTION ( 'NONE',  ( -0.000000000000000000, 1.000000000000000000, -0.000000000000000000 ) ) ;
#1952 = ORIENTED_EDGE ( 'NONE', *, *, #3745, .T. ) ;
#1953 = EDGE_CURVE ( 'NONE', #3961, #1431, #4080, .T. ) ;
#1954 = DIRECTION ( 'NONE',  ( -0.000000000000000000, 1.000000000000000000, -0.000000000000000000 ) ) ;
#1955 = ADVANCED_FACE ( 'NONE', ( #3459 ), #3109, .F. ) ;
#1956 = CARTESIAN_POINT ( 'NONE',  ( 19.38655634580746323, 0.000000000000000000, 2.490294255477051966 ) ) ;
#1957 = DIRECTION ( 'NONE',  ( -1.000000000000000000, 0.000000000000000000, 0.000000000000000000 ) ) ;
#1958 = DIRECTION ( 'NONE',  ( 0.000000000000000000, 0.000000000000000000, 1.000000000000000000 ) ) ;
#1959 = CARTESIAN_POINT ( 'NONE',  ( -1.688766908056441585, 6.000000000000000000, -19.92857411683669611 ) ) ;
#1960 = LINE ( 'NONE', #981, #1225 ) ;
#1961 = FACE_OUTER_BOUND ( 'NONE', #389, .T. ) ;
#1962 = AXIS2_PLACEMENT_3D ( 'NONE', #2936, #4273, #3346 ) ;
#1963 = ORIENTED_EDGE ( 'NONE', *, *, #3883, .T. ) ;
#1964 = CARTESIAN_POINT ( 'NONE',  ( 18.14476557788701427, 5.000000000000000000, 8.412341060818127048 ) ) ;
#1965 = CARTESIAN_POINT ( 'NONE',  ( 3.900951371452998639, 0.5000000000000004441, -16.54637659421418405 ) ) ;
#1967 = EDGE_CURVE ( 'NONE', #2634, #1600, #722, .T. ) ;
#1966 = ORIENTED_EDGE ( 'NONE', *, *, #2791, .F. ) ;
#1968 = ORIENTED_EDGE ( 'NONE', *, *, #3082, .F. ) ;
#1969 = VERTEX_POINT ( 'NONE', #4158 ) ;
#1970 = ORIENTED_EDGE ( 'NONE', *, *, #917, .F. ) ;
#1971 = DIRECTION ( 'NONE',  ( 4.956352788505163268E-16, 0.000000000000000000, 1.000000000000000000 ) ) ;
#1972 = CARTESIAN_POINT ( 'NONE',  ( 19.92210529640140138, 0.000000000000000000, 1.763439978875164460 ) ) ;
#1973 = ORIENTED_EDGE ( 'NONE', *, *, #3357, .F. ) ;
#1974 = LINE ( 'NONE', #1310, #1798 ) ;
#1975 = DIRECTION ( 'NONE',  ( 1.000000000000000000, 0.000000000000000000, 0.000000000000000000 ) ) ;
#1976 = EDGE_CURVE ( 'NONE', #2101, #3702, #1755, .T. ) ;
#1977 = FACE_OUTER_BOUND ( 'NONE', #1140, .T. ) ;
#1978 = CARTESIAN_POINT ( 'NONE',  ( 6.084416974482688367, 3.000000000000000000, 4.580169906002733882 ) ) ;
#1979 = CARTESIAN_POINT ( 'NONE',  ( 6.084416974458195959, 2.000000000000000000, -2.251619235889195991 ) ) ;
#1980 = ORIENTED_EDGE ( 'NONE', *, *, #2014, .F. ) ;
#1981 = DIRECTION ( 'NONE',  ( 0.000000000000000000, 0.000000000000000000, -1.000000000000000000 ) ) ;
#1982 = EDGE_CURVE ( 'NONE', #1709, #1511, #3093, .T. ) ;
#1983 = CIRCLE ( 'NONE', #65, 0.7499999999999997780 ) ;
#1985 = PLANE ( 'NONE',  #3634 ) ;
#1984 = B_SPLINE_SURFACE_WITH_KNOTS ( 'NONE', 3, 1, ( 
 ( #1290, #2702 ),
 ( #272, #3267 ),
 ( #1623, #4301 ),
 ( #574, #2655 ),
 ( #3009, #956 ) ),
 .UNSPECIFIED., .F., .F., .F.,
 ( 4, 1, 4 ),
 ( 2, 2 ),
 ( 0.000000000000000000, 0.04999999999999996808, 0.7978655889721444350 ),
 ( 0.000000000000000000, 1.000000000000000000 ),
 .UNSPECIFIED. ) ;
#1986 = CYLINDRICAL_SURFACE ( 'NONE', #1857, 2.081285396444591207 ) ;
#1987 = VERTEX_POINT ( 'NONE', #2068 ) ;
#1988 = EDGE_CURVE ( 'NONE', #3195, #1763, #938, .T. ) ;
#1989 = ADVANCED_FACE ( 'NONE', ( #3789 ), #2781, .T. ) ;
#1990 = VERTEX_POINT ( 'NONE', #411 ) ;
#1991 = VECTOR ( 'NONE', #3046, 1000.000000000000000 ) ;
#1992 = DIRECTION ( 'NONE',  ( 0.000000000000000000, 0.000000000000000000, 1.000000000000000000 ) ) ;
#1993 = ORIENTED_EDGE ( 'NONE', *, *, #2510, .T. ) ;
#1994 = ORIENTED_EDGE ( 'NONE', *, *, #4153, .F. ) ;
#1995 = ORIENTED_EDGE ( 'NONE', *, *, #4381, .T. ) ;
#1996 = VECTOR ( 'NONE', #3814, 1000.000000000000000 ) ;
#1997 = DIRECTION ( 'NONE',  ( 0.000000000000000000, 1.000000000000000000, -0.000000000000000000 ) ) ;
#1998 = LINE ( 'NONE', #652, #50 ) ;
#1999 = EDGE_CURVE ( 'NONE', #1373, #3961, #2104, .T. ) ;
#2000 = AXIS2_PLACEMENT_3D ( 'NONE', #4049, #328, #3720 ) ;
#2001 = ORIENTED_EDGE ( 'NONE', *, *, #2916, .F. ) ;
#2002 = CARTESIAN_POINT ( 'NONE',  ( -7.198395109848502393, 4.000000000000000000, -10.36066777530976779 ) ) ;
#2003 = CARTESIAN_POINT ( 'NONE',  ( 19.70247946571249997, 0.000000000000000000, -3.436903474223297117 ) ) ;
#2004 = ADVANCED_FACE ( 'NONE', ( #3825 ), #62, .F. ) ;
#2005 = FACE_OUTER_BOUND ( 'NONE', #2255, .T. ) ;
#2006 = DIRECTION ( 'NONE',  ( -0.000000000000000000, -1.000000000000000000, -0.000000000000000000 ) ) ;
#2007 = B_SPLINE_CURVE_WITH_KNOTS ( 'NONE', 3,
 ( #1363, #3032, #958, #2630, #1937 ),
 .UNSPECIFIED., .F., .F.,
 ( 4, 1, 4 ),
 ( 0.000000000000000000, 0.6195732005058625091, 1.000000000000000000 ),
 .UNSPECIFIED. ) ;
#2008 = EDGE_CURVE ( 'NONE', #310, #1629, #1440, .T. ) ;
#2009 = EDGE_LOOP ( 'NONE', ( #3668, #3364, #2508, #2977 ) ) ;
#2010 = LINE ( 'NONE', #12, #1890 ) ;
#2011 = DIRECTION ( 'NONE',  ( 2.168404344971008868E-16, 0.000000000000000000, 1.000000000000000000 ) ) ;
#2012 = CARTESIAN_POINT ( 'NONE',  ( -4.498395109848527973, 4.000000000000000000, 8.239332224690230078 ) ) ;
#2013 = CIRCLE ( 'NONE', #1656, 3.000000000000000888 ) ;
#2014 = EDGE_CURVE ( 'NONE', #2078, #1431, #2803, .T. ) ;
#2015 = ORIENTED_EDGE ( 'NONE', *, *, #1073, .T. ) ;
#2016 = EDGE_LOOP ( 'NONE', ( #2022, #2342, #643, #1, #3824 ) ) ;
#2017 = CARTESIAN_POINT ( 'NONE',  ( 18.24277311780544863, 3.000000000000000000, 1.129848322215247558 ) ) ;
#2018 = AXIS2_PLACEMENT_3D ( 'NONE', #1415, #78, #3433 ) ;
#2019 = CIRCLE ( 'NONE', #511, 0.7500000000000024425 ) ;
#2020 = VERTEX_POINT ( 'NONE', #1103 ) ;
#2021 = EDGE_LOOP ( 'NONE', ( #234, #3208, #1729, #4050 ) ) ;
#2022 = ORIENTED_EDGE ( 'NONE', *, *, #2883, .F. ) ;
#2023 = VECTOR ( 'NONE', #2214, 1000.000000000000000 ) ;
#2024 = CARTESIAN_POINT ( 'NONE',  ( 4.282535700030599024, 5.000000000000000000, -9.255674478193938626 ) ) ;
#2025 = FACE_OUTER_BOUND ( 'NONE', #3388, .T. ) ;
#2026 = ORIENTED_EDGE ( 'NONE', *, *, #1737, .F. ) ;
#2027 = CARTESIAN_POINT ( 'NONE',  ( 0.000000000000000000, 2.000000000000000000, 0.000000000000000000 ) ) ;
#2028 = CARTESIAN_POINT ( 'NONE',  ( 3.900951371452998639, 6.000000000000000000, -16.54637659421418405 ) ) ;
#2029 = CARTESIAN_POINT ( 'NONE',  ( 4.282535700030599024, 0.000000000000000000, -9.255674478193938626 ) ) ;
#2030 = EDGE_CURVE ( 'NONE', #2124, #2772, #2146, .T. ) ;
#2031 = ORIENTED_EDGE ( 'NONE', *, *, #2114, .T. ) ;
#2032 = DIRECTION ( 'NONE',  ( -0.000000000000000000, -1.000000000000000000, -0.000000000000000000 ) ) ;
#2033 = CARTESIAN_POINT ( 'NONE',  ( -1.846678854221375010, 4.500000000000000000, 2.953952004840985079 ) ) ;
#2034 = AXIS2_PLACEMENT_3D ( 'NONE', #1181, #2797, #3868 ) ;
#2035 = CARTESIAN_POINT ( 'NONE',  ( 3.900951371452998639, 6.000000000000000000, -16.54637659421418405 ) ) ;
#2036 = VECTOR ( 'NONE', #2381, 1000.000000000000000 ) ;
#2037 = EDGE_LOOP ( 'NONE', ( #659, #1326, #315, #3718 ) ) ;
#2038 = ORIENTED_EDGE ( 'NONE', *, *, #695, .T. ) ;
#2039 = LINE ( 'NONE', #217, #4257 ) ;
#2040 = EDGE_CURVE ( 'NONE', #2192, #2067, #786, .T. ) ;
#2041 = CARTESIAN_POINT ( 'NONE',  ( 0.000000000000000000, 1.000000000000000000, 0.000000000000000000 ) ) ;
#2042 = VERTEX_POINT ( 'NONE', #453 ) ;
#2043 = EDGE_CURVE ( 'NONE', #3253, #2331, #2084, .T. ) ;
#2044 = ORIENTED_EDGE ( 'NONE', *, *, #4359, .T. ) ;
#2045 = VERTEX_POINT ( 'NONE', #1463 ) ;
#2046 = ORIENTED_EDGE ( 'NONE', *, *, #74, .F. ) ;
#2047 = DIRECTION ( 'NONE',  ( 0.000000000000000000, -0.000000000000000000, 1.000000000000000000 ) ) ;
#2048 = CARTESIAN_POINT ( 'NONE',  ( 3.427309753031828166, 0.000000000000000000, -4.256953295730898645 ) ) ;
#2049 = EDGE_CURVE ( 'NONE', #3299, #4057, #3806, .T. ) ;
#2050 = CARTESIAN_POINT ( 'NONE',  ( 9.084416974458198624, 2.000000000000000000, -2.251619235889195103 ) ) ;
#2051 = EDGE_CURVE ( 'NONE', #2191, #2353, #3013, .T. ) ;
#2052 = ORIENTED_EDGE ( 'NONE', *, *, #2459, .F. ) ;
#2053 = CARTESIAN_POINT ( 'NONE',  ( 14.08441697448268748, 3.000000000000000000, 4.580169906002734770 ) ) ;
#2054 = CARTESIAN_POINT ( 'NONE',  ( 14.08441697445819685, 2.000000000000000000, -0.2516192358891957692 ) ) ;
#2055 = CARTESIAN_POINT ( 'NONE',  ( -14.34943576232846496, 4.000000000000000000, -1.610667775309767791 ) ) ;
#2056 = DIRECTION ( 'NONE',  ( -0.000000000000000000, -1.000000000000000000, -0.000000000000000000 ) ) ;
#2057 = AXIS2_PLACEMENT_3D ( 'NONE', #2200, #3580, #3265 ) ;
#2058 = VERTEX_POINT ( 'NONE', #3477 ) ;
#2059 = VERTEX_POINT ( 'NONE', #4183 ) ;
#2060 = ORIENTED_EDGE ( 'NONE', *, *, #2372, .T. ) ;
#2061 = DIRECTION ( 'NONE',  ( -0.000000000000000000, -1.000000000000000000, -0.000000000000000000 ) ) ;
#2062 = LINE ( 'NONE', #1077, #1380 ) ;
#2063 = EDGE_LOOP ( 'NONE', ( #2885, #256, #2531, #923 ) ) ;
#2064 = ORIENTED_EDGE ( 'NONE', *, *, #961, .T. ) ;
#2065 = AXIS2_PLACEMENT_3D ( 'NONE', #2029, #1840, #1106 ) ;
#2066 = DIRECTION ( 'NONE',  ( -1.156482317317871725E-15, 0.000000000000000000, -1.000000000000000000 ) ) ;
#2067 = VERTEX_POINT ( 'NONE', #432 ) ;
#2068 = CARTESIAN_POINT ( 'NONE',  ( -4.498395109848528861, 0.000000000000000000, 12.73933222469023008 ) ) ;
#2069 = FACE_BOUND ( 'NONE', #1035, .T. ) ;
#2070 = CARTESIAN_POINT ( 'NONE',  ( -7.198395109848501505, 5.000000000000000000, -10.36066777530976957 ) ) ;
#2071 = PRODUCT_DEFINITION_FORMATION_WITH_SPECIFIED_SOURCE ( 'ä»', '', #1308, .NOT_KNOWN. ) ;
#2072 = ORIENTED_EDGE ( 'NONE', *, *, #3212, .T. ) ;
#2073 = VECTOR ( 'NONE', #709, 1000.000000000000000 ) ;
#2074 = DIRECTION ( 'NONE',  ( -0.000000000000000000, 1.000000000000000000, -0.000000000000000000 ) ) ;
#2075 = CARTESIAN_POINT ( 'NONE',  ( -1.688766908056441585, 0.000000000000000000, -19.92857411683669611 ) ) ;
#2076 = LINE ( 'NONE', #2469, #3908 ) ;
#2077 = CARTESIAN_POINT ( 'NONE',  ( 0.000000000000000000, 4.000000000000000000, 0.000000000000000000 ) ) ;
#2078 = VERTEX_POINT ( 'NONE', #3852 ) ;
#2079 = VECTOR ( 'NONE', #2787, 1000.000000000000000 ) ;
#2080 = VERTEX_POINT ( 'NONE', #3414 ) ;
#2081 = APPLICATION_PROTOCOL_DEFINITION ( 'draft international standard', 'automotive_design', 1998, #2121 ) ;
#2082 = DIRECTION ( 'NONE',  ( 1.000000000000000000, 0.000000000000000000, -1.878143616355039418E-16 ) ) ;
#2083 = VERTEX_POINT ( 'NONE', #374 ) ;
#2084 = CIRCLE ( 'NONE', #3145, 5.000000000000004441 ) ;
#2085 = ORIENTED_EDGE ( 'NONE', *, *, #3944, .T. ) ;
#2086 = DIRECTION ( 'NONE',  ( 1.000000000000000000, 0.000000000000000000, -1.165540666725403259E-16 ) ) ;
#2087 = FACE_OUTER_BOUND ( 'NONE', #798, .T. ) ;
#2088 = CARTESIAN_POINT ( 'NONE',  ( 6.084416974482688367, 3.000000000000000000, 6.580169906002734770 ) ) ;
#2089 = EDGE_LOOP ( 'NONE', ( #323, #984, #2206, #3744, #2675 ) ) ;
#2090 = CARTESIAN_POINT ( 'NONE',  ( 9.892162964287326332, 0.000000000000000000, -17.22174811442904385 ) ) ;
#2091 = EDGE_CURVE ( 'NONE', #3871, #4312, #4063, .T. ) ;
#2092 = DIRECTION ( 'NONE',  ( -4.956352788505164254E-16, 0.000000000000000000, -1.000000000000000000 ) ) ;
#2093 = CARTESIAN_POINT ( 'NONE',  ( 4.030680789221961824, 5.000000000000000000, -9.426775070323923700 ) ) ;
#2094 = FACE_OUTER_BOUND ( 'NONE', #1050, .T. ) ;
#2095 = ORIENTED_EDGE ( 'NONE', *, *, #4215, .T. ) ;
#2096 = VERTEX_POINT ( 'NONE', #1836 ) ;
#2097 = VERTEX_POINT ( 'NONE', #3189 ) ;
#2098 = CARTESIAN_POINT ( 'NONE',  ( 19.70247940333372938, 4.999999999999999112, -3.436903455322857237 ) ) ;
#2099 = VECTOR ( 'NONE', #2400, 1000.000000000000000 ) ;
#2100 = CARTESIAN_POINT ( 'NONE',  ( 0.000000000000000000, 0.000000000000000000, 8.412341060818127048 ) ) ;
#2101 = VERTEX_POINT ( 'NONE', #808 ) ;
#2102 = AXIS2_PLACEMENT_3D ( 'NONE', #3297, #358, #2259 ) ;
#2103 = ORIENTED_EDGE ( 'NONE', *, *, #2785, .T. ) ;
#2104 = LINE ( 'NONE', #1141, #503 ) ;
#2105 = VECTOR ( 'NONE', #424, 1000.000000000000000 ) ;
#2106 = CARTESIAN_POINT ( 'NONE',  ( 2.181136332730621685, 0.000000000000000000, -2.181136332730614136 ) ) ;
#2107 = LINE ( 'NONE', #2764, #290 ) ;
#2108 = VERTEX_POINT ( 'NONE', #1768 ) ;
#2109 = EDGE_CURVE ( 'NONE', #1118, #2080, #3765, .T. ) ;
#2110 = PLANE ( 'NONE',  #1246 ) ;
#2111 = FACE_OUTER_BOUND ( 'NONE', #1788, .T. ) ;
#2112 = DIRECTION ( 'NONE',  ( 0.000000000000000000, 1.000000000000000000, -0.000000000000000000 ) ) ;
#2113 = CARTESIAN_POINT ( 'NONE',  ( 4.084416974458195959, 3.000000000000000000, -2.251619235889195991 ) ) ;
#2114 = EDGE_CURVE ( 'NONE', #161, #2524, #172, .T. ) ;
#2115 = ORIENTED_EDGE ( 'NONE', *, *, #1545, .T. ) ;
#2116 = ORIENTED_EDGE ( 'NONE', *, *, #1012, .T. ) ;
#2117 = ORIENTED_EDGE ( 'NONE', *, *, #2091, .T. ) ;
#2118 = CARTESIAN_POINT ( 'NONE',  ( 14.70260341363857215, 0.000000000000000000, -8.130763445302775949 ) ) ;
#2119 = PLANE ( 'NONE',  #1543 ) ;
#2120 = CIRCLE ( 'NONE', #4167, 0.3044771070633348065 ) ;
#2121 = APPLICATION_CONTEXT ( 'automotive_design' ) ;
#2122 = LINE ( 'NONE', #426, #2944 ) ;
#2123 = EDGE_CURVE ( 'NONE', #3025, #3048, #2122, .T. ) ;
#2124 = VERTEX_POINT ( 'NONE', #2390 ) ;
#2125 = EDGE_LOOP ( 'NONE', ( #1882, #2064, #2961, #3458 ) ) ;
#2126 = DIRECTION ( 'NONE',  ( 0.000000000000000000, 0.000000000000000000, 1.000000000000000000 ) ) ;
#2127 = CARTESIAN_POINT ( 'NONE',  ( -15.41782781292387838, 4.000000000000000000, 12.73933222469023008 ) ) ;
#2128 = DIRECTION ( 'NONE',  ( -1.000000000000000000, 0.000000000000000000, 1.156482317317871133E-15 ) ) ;
#2129 = ADVANCED_FACE ( 'NONE', ( #366 ), #1372, .F. ) ;
#2130 = ORIENTED_EDGE ( 'NONE', *, *, #2051, .T. ) ;
#2131 = ADVANCED_FACE ( 'NONE', ( #2776 ), #4109, .F. ) ;
#2132 = FACE_OUTER_BOUND ( 'NONE', #239, .T. ) ;
#2133 = DIRECTION ( 'NONE',  ( 1.000000000000000000, 0.000000000000000000, -1.084202172485501599E-16 ) ) ;
#2134 = DIRECTION ( 'NONE',  ( 0.000000000000000000, 1.000000000000000000, 0.000000000000000000 ) ) ;
#2135 = DIRECTION ( 'NONE',  ( -0.000000000000000000, -1.000000000000000000, -0.000000000000000000 ) ) ;
#2136 = EDGE_CURVE ( 'NONE', #4069, #1436, #3104, .T. ) ;
#2137 = CIRCLE ( 'NONE', #1501, 2.081285396444591207 ) ;
#2138 = VECTOR ( 'NONE', #1761, 1000.000000000000000 ) ;
#2139 = PLANE ( 'NONE',  #319 ) ;
#2140 = ORIENTED_EDGE ( 'NONE', *, *, #99, .T. ) ;
#2141 = CARTESIAN_POINT ( 'NONE',  ( 3.900951371452998639, 6.000000000000000000, -19.54637659421418050 ) ) ;
#2142 = CARTESIAN_POINT ( 'NONE',  ( 11.08441697448269103, 2.000000000000000000, 4.580169906002733882 ) ) ;
#2143 = EDGE_CURVE ( 'NONE', #3867, #2302, #3474, .T. ) ;
#2144 = DIRECTION ( 'NONE',  ( 0.000000000000000000, 1.000000000000000000, -0.000000000000000000 ) ) ;
#2145 = ORIENTED_EDGE ( 'NONE', *, *, #935, .T. ) ;
#2146 = CIRCLE ( 'NONE', #1228, 2.081285396444591207 ) ;
#2147 = EDGE_LOOP ( 'NONE', ( #2884, #2326, #3121, #1912 ) ) ;
#2148 = DIRECTION ( 'NONE',  ( -1.000000000000000000, 0.000000000000000000, 1.594736223967793693E-16 ) ) ;
#2149 = CARTESIAN_POINT ( 'NONE',  ( 8.003131578013606529, 5.000000000000000000, 15.44347941987573058 ) ) ;
#2150 = CARTESIAN_POINT ( 'NONE',  ( 19.08090855999466129, 0.000000000000000000, -4.954547715722342538 ) ) ;
#2151 = AXIS2_PLACEMENT_3D ( 'NONE', #58, #3408, #39 ) ;
#2152 = ORIENTED_EDGE ( 'NONE', *, *, #2657, .T. ) ;
#2153 = DIRECTION ( 'NONE',  ( 0.000000000000000000, 0.000000000000000000, 1.000000000000000000 ) ) ;
#2154 = CARTESIAN_POINT ( 'NONE',  ( 12.16570237090278894, 5.000000000000000000, 0.000000000000000000 ) ) ;
#2155 = CARTESIAN_POINT ( 'NONE',  ( 0.000000000000000000, 5.000000000000000000, 12.73933222469023008 ) ) ;
#2156 = ADVANCED_FACE ( 'NONE', ( #3125 ), #4071, .F. ) ;
#2157 = CARTESIAN_POINT ( 'NONE',  ( -13.59943576232846496, 4.000000000000000000, -3.110667775309767791 ) ) ;
#2158 = AXIS2_PLACEMENT_3D ( 'NONE', #3644, #913, #1294 ) ;
#2159 = CARTESIAN_POINT ( 'NONE',  ( -8.618863667269385687, 5.000000000000000000, 8.618863667269360818 ) ) ;
#2160 = EDGE_LOOP ( 'NONE', ( #3475, #4028, #3163, #335 ) ) ;
#2161 = FACE_OUTER_BOUND ( 'NONE', #3232, .T. ) ;
#2162 = ORIENTED_EDGE ( 'NONE', *, *, #4238, .F. ) ;
#2163 = DIRECTION ( 'NONE',  ( -1.156482317317871133E-15, 0.000000000000000000, -1.000000000000000000 ) ) ;
#2164 = LINE ( 'NONE', #2525, #3240 ) ;
#2165 = DIRECTION ( 'NONE',  ( 1.000000000000000000, 0.000000000000000000, 0.000000000000000000 ) ) ;
#2166 = ORIENTED_EDGE ( 'NONE', *, *, #1060, .F. ) ;
#2167 = ORIENTED_EDGE ( 'NONE', *, *, #3761, .F. ) ;
#2168 = VECTOR ( 'NONE', #629, 1000.000000000000000 ) ;
#2169 = ADVANCED_FACE ( 'NONE', ( #690 ), #406, .T. ) ;
#2170 = VERTEX_POINT ( 'NONE', #3143 ) ;
#2171 = CARTESIAN_POINT ( 'NONE',  ( -2.386628845210447381, 5.000000000000000000, -5.434049281152868893 ) ) ;
#2172 = VECTOR ( 'NONE', #2682, 1000.000000000000000 ) ;
#2173 = CARTESIAN_POINT ( 'NONE',  ( 11.08441697448269103, 2.000000000000000000, 4.580169906002733882 ) ) ;
#2174 = EDGE_LOOP ( 'NONE', ( #2044, #96, #979, #3651 ) ) ;
#2175 = CARTESIAN_POINT ( 'NONE',  ( 4.030680789221961824, 5.000000000000000000, -9.426775070323923700 ) ) ;
#2176 = CARTESIAN_POINT ( 'NONE',  ( 9.892162964287326332, 6.000000000000000000, -17.22174811442904385 ) ) ;
#2177 = VECTOR ( 'NONE', #4034, 1000.000000000000000 ) ;
#2178 = EDGE_LOOP ( 'NONE', ( #916, #1145, #3043, #2387, #3650, #3982, #3589, #1941 ) ) ;
#2179 = LINE ( 'NONE', #4100, #2603 ) ;
#2180 = EDGE_CURVE ( 'NONE', #2546, #3961, #3743, .T. ) ;
#2181 = CARTESIAN_POINT ( 'NONE',  ( 15.88629824888579023, 0.000000000000000000, -9.255674478193940402 ) ) ;
#2182 = FACE_OUTER_BOUND ( 'NONE', #429, .T. ) ;
#2183 = EDGE_CURVE ( 'NONE', #3450, #2906, #2062, .T. ) ;
#2184 = CARTESIAN_POINT ( 'NONE',  ( 4.569755679803924941, 5.000000000000000000, -9.356723931159644181 ) ) ;
#2185 = PLANE ( 'NONE',  #865 ) ;
#2186 = DIRECTION ( 'NONE',  ( 0.000000000000000000, 0.000000000000000000, -1.000000000000000000 ) ) ;
#2187 = ORIENTED_EDGE ( 'NONE', *, *, #732, .F. ) ;
#2188 = FACE_OUTER_BOUND ( 'NONE', #3501, .T. ) ;
#2189 = EDGE_CURVE ( 'NONE', #1850, #3450, #2410, .T. ) ;
#2190 = CARTESIAN_POINT ( 'NONE',  ( -0.5163737054378459979, 4.500000000000000000, 1.930646183811712602 ) ) ;
#2191 = VERTEX_POINT ( 'NONE', #3786 ) ;
#2192 = VERTEX_POINT ( 'NONE', #2821 ) ;
#2193 = CIRCLE ( 'NONE', #764, 20.00000000000000000 ) ;
#2194 = LINE ( 'NONE', #2825, #1383 ) ;
#2195 = ORIENTED_EDGE ( 'NONE', *, *, #4133, .F. ) ;
#2196 = CARTESIAN_POINT ( 'NONE',  ( -3.464094495350777070, 4.000000000000000000, 13.77363283918798409 ) ) ;
#2197 = LINE ( 'NONE', #949, #2260 ) ;
#2198 = ORIENTED_EDGE ( 'NONE', *, *, #1076, .T. ) ;
#2199 = CARTESIAN_POINT ( 'NONE',  ( 4.084416974482688367, 2.000000000000000000, 4.580169906002734770 ) ) ;
#2200 = CARTESIAN_POINT ( 'NONE',  ( -13.59943576232846674, 4.000000000000000000, -8.860667775309767791 ) ) ;
#2201 = CARTESIAN_POINT ( 'NONE',  ( 4.084416974482689255, 3.000000000000000000, 6.580169906002734770 ) ) ;
#2202 = AXIS2_PLACEMENT_3D ( 'NONE', #1085, #996, #2379 ) ;
#2203 = FACE_BOUND ( 'NONE', #3895, .T. ) ;
#2204 = DIRECTION ( 'NONE',  ( 0.000000000000000000, 1.000000000000000000, -0.000000000000000000 ) ) ;
#2205 = DIRECTION ( 'NONE',  ( 0.000000000000000000, 0.000000000000000000, -1.000000000000000000 ) ) ;
#2206 = ORIENTED_EDGE ( 'NONE', *, *, #1205, .T. ) ;
#2207 = DIRECTION ( 'NONE',  ( 0.7071067811865486830, 0.000000000000000000, -0.7071067811865464625 ) ) ;
#2208 = CARTESIAN_POINT ( 'NONE',  ( 14.08441697448268748, 2.000000000000000000, 6.580169906002734770 ) ) ;
#2209 = VECTOR ( 'NONE', #1618, 1000.000000000000000 ) ;
#2210 = AXIS2_PLACEMENT_3D ( 'NONE', #2750, #3052, #2770 ) ;
#2211 = VERTEX_POINT ( 'NONE', #4093 ) ;
#2212 = EDGE_CURVE ( 'NONE', #3085, #3251, #738, .T. ) ;
#2213 = VERTEX_POINT ( 'NONE', #668 ) ;
#2214 = DIRECTION ( 'NONE',  ( -0.000000000000000000, -0.000000000000000000, -1.000000000000000000 ) ) ;
#2215 = ORIENTED_EDGE ( 'NONE', *, *, #879, .T. ) ;
#2216 = DIRECTION ( 'NONE',  ( 1.000000000000000000, -0.000000000000000000, 1.224646799147353207E-16 ) ) ;
#2217 = CARTESIAN_POINT ( 'NONE',  ( 11.08441697445820040, 2.000000000000000000, -2.251619235889195547 ) ) ;
#2218 = LINE ( 'NONE', #520, #3736 ) ;
#2219 = VECTOR ( 'NONE', #2747, 1000.000000000000000 ) ;
#2220 = FACE_OUTER_BOUND ( 'NONE', #3315, .T. ) ;
#2221 = ORIENTED_EDGE ( 'NONE', *, *, #2471, .F. ) ;
#2222 = DIRECTION ( 'NONE',  ( -0.9750935650075270855, 0.000000000000000000, -0.2217939121818078840 ) ) ;
#2223 = DIRECTION ( 'NONE',  ( 0.000000000000000000, 0.000000000000000000, -1.000000000000000000 ) ) ;
#2224 = DIRECTION ( 'NONE',  ( 1.000000000000000000, -0.000000000000000000, 1.224646799147353207E-16 ) ) ;
#2225 = FACE_OUTER_BOUND ( 'NONE', #38, .T. ) ;
#2226 = AXIS2_PLACEMENT_3D ( 'NONE', #1082, #131, #2126 ) ;
#2227 = VECTOR ( 'NONE', #1532, 999.9999999999998863 ) ;
#2228 = EDGE_CURVE ( 'NONE', #3195, #3319, #2434, .T. ) ;
#2229 = CARTESIAN_POINT ( 'NONE',  ( -17.10720793261301864, 4.000000000000000000, -10.36066777530976779 ) ) ;
#2230 = B_SPLINE_CURVE_WITH_KNOTS ( 'NONE', 2,
 ( #3910, #1241, #863 ),
 .UNSPECIFIED., .F., .F.,
 ( 3, 3 ),
 ( 0.000000000000000000, 1.000000000000000000 ),
 .UNSPECIFIED. ) ;
#2231 = AXIS2_PLACEMENT_3D ( 'NONE', #483, #1899, #2205 ) ;
#2232 = PLANE ( 'NONE',  #1093 ) ;
#2233 = ORIENTED_EDGE ( 'NONE', *, *, #1715, .F. ) ;
#2234 = DIRECTION ( 'NONE',  ( 0.000000000000000000, 1.000000000000000000, -0.000000000000000000 ) ) ;
#2235 = EDGE_CURVE ( 'NONE', #3319, #968, #97, .T. ) ;
#2236 = CARTESIAN_POINT ( 'NONE',  ( -19.97031184794697722, 5.000000000000000000, 1.089332224690231943 ) ) ;
#2237 = VERTEX_POINT ( 'NONE', #1708 ) ;
#2238 = DIRECTION ( 'NONE',  ( 0.000000000000000000, 0.000000000000000000, 1.000000000000000000 ) ) ;
#2239 = ORIENTED_EDGE ( 'NONE', *, *, #2123, .T. ) ;
#2240 = LINE ( 'NONE', #541, #2023 ) ;
#2241 = CARTESIAN_POINT ( 'NONE',  ( 3.900951371452999084, 6.000000000000000000, -20.04637659421418405 ) ) ;
#2242 = CARTESIAN_POINT ( 'NONE',  ( -18.22397883260351747, 5.000000000000000000, 8.239332224690230078 ) ) ;
#2243 = FACE_OUTER_BOUND ( 'NONE', #522, .T. ) ;
#2244 = CARTESIAN_POINT ( 'NONE',  ( -14.34943576232847384, 4.000000000000000000, -1.659486872262155443E-14 ) ) ;
#2245 = VECTOR ( 'NONE', #1622, 1000.000000000000000 ) ;
#2246 = ORIENTED_EDGE ( 'NONE', *, *, #3509, .T. ) ;
#2247 = CARTESIAN_POINT ( 'NONE',  ( -2.418863667269386397, 0.000000000000000000, 2.418863667269375295 ) ) ;
#2248 = CARTESIAN_POINT ( 'NONE',  ( 18.24277311780544863, 4.500000000000000000, 1.129848322215247558 ) ) ;
#2249 = CARTESIAN_POINT ( 'NONE',  ( 9.084416974482691032, 3.000000000000000000, 4.580169906002732993 ) ) ;
#2250 = CARTESIAN_POINT ( 'NONE',  ( -7.198395109848505058, 5.000000000000000000, -7.360667775309767791 ) ) ;
#2251 = EDGE_CURVE ( 'NONE', #1990, #2045, #3061, .T. ) ;
#2252 = UNCERTAINTY_MEASURE_WITH_UNIT (LENGTH_MEASURE( 1.000000000000000082E-05 ), #3820, 'distance_accuracy_value', 'NONE');
#2253 = FACE_OUTER_BOUND ( 'NONE', #2089, .T. ) ;
#2254 = DIRECTION ( 'NONE',  ( 0.000000000000000000, 0.000000000000000000, -1.000000000000000000 ) ) ;
#2255 = EDGE_LOOP ( 'NONE', ( #1810, #346, #3905, #268 ) ) ;
#2256 = DIRECTION ( 'NONE',  ( -1.000000000000000000, 0.000000000000000000, -0.000000000000000000 ) ) ;
#2257 = ORIENTED_EDGE ( 'NONE', *, *, #1396, .F. ) ;
#2258 = VERTEX_POINT ( 'NONE', #487 ) ;
#2259 = DIRECTION ( 'NONE',  ( -1.000000000000000000, 0.000000000000000000, -4.336808689942017736E-16 ) ) ;
#2260 = VECTOR ( 'NONE', #287, 1000.000000000000000 ) ;
#2261 = ORIENTED_EDGE ( 'NONE', *, *, #440, .F. ) ;
#2262 = FACE_OUTER_BOUND ( 'NONE', #490, .T. ) ;
#2263 = CARTESIAN_POINT ( 'NONE',  ( 4.030680789221961824, 5.000000000000000000, -9.426775070323923700 ) ) ;
#2264 = VECTOR ( 'NONE', #1173, 1000.000000000000000 ) ;
#2265 = ORIENTED_EDGE ( 'NONE', *, *, #4133, .T. ) ;
#2266 = FACE_OUTER_BOUND ( 'NONE', #756, .T. ) ;
#2267 = CARTESIAN_POINT ( 'NONE',  ( 14.08441697448268748, 2.000000000000000000, 4.580169906002734770 ) ) ;
#2268 = CARTESIAN_POINT ( 'NONE',  ( 18.24277311780544863, 4.500000000000000000, 1.129848322215247558 ) ) ;
#2269 = CARTESIAN_POINT ( 'NONE',  ( -2.275269876593832841, 5.000000000000000000, -5.643307417105276613 ) ) ;
#2270 = ADVANCED_FACE ( 'NONE', ( #1855 ), #4243, .F. ) ;
#2271 = AXIS2_PLACEMENT_3D ( 'NONE', #3154, #113, #1821 ) ;
#2272 = CARTESIAN_POINT ( 'NONE',  ( 9.892162964287326332, 0.000000000000000000, -16.22174811442904385 ) ) ;
#2273 = EDGE_CURVE ( 'NONE', #1969, #330, #2868, .T. ) ;
#2274 = CARTESIAN_POINT ( 'NONE',  ( 0.000000000000000000, 2.000000000000000000, 0.000000000000000000 ) ) ;
#2275 = LINE ( 'NONE', #4282, #400 ) ;
#2276 = ORIENTED_EDGE ( 'NONE', *, *, #1073, .F. ) ;
#2277 = CARTESIAN_POINT ( 'NONE',  ( -2.386628845210447381, 5.000000000000000000, -5.434049281152868893 ) ) ;
#2278 = DIRECTION ( 'NONE',  ( 0.000000000000000000, 1.000000000000000000, 0.000000000000000000 ) ) ;
#2279 = CIRCLE ( 'NONE', #1358, 0.7500000000000024425 ) ;
#2280 = ADVANCED_FACE ( 'NONE', ( #4203 ), #1182, .F. ) ;
#2281 = VECTOR ( 'NONE', #2660, 1000.000000000000000 ) ;
#2282 = EDGE_CURVE ( 'NONE', #1613, #4030, #805, .T. ) ;
#2283 = VERTEX_POINT ( 'NONE', #1500 ) ;
#2284 = VERTEX_POINT ( 'NONE', #2545 ) ;
#2285 = ORIENTED_EDGE ( 'NONE', *, *, #724, .T. ) ;
#2286 = DIRECTION ( 'NONE',  ( -0.000000000000000000, -1.000000000000000000, -0.000000000000000000 ) ) ;
#2287 = CARTESIAN_POINT ( 'NONE',  ( 14.70260341363857215, 0.000000000000000000, -8.130763445302775949 ) ) ;
#2288 = EDGE_CURVE ( 'NONE', #973, #124, #945, .T. ) ;
#2289 = ORIENTED_EDGE ( 'NONE', *, *, #4358, .F. ) ;
#2290 = CARTESIAN_POINT ( 'NONE',  ( 14.08441697445819685, 2.000000000000000000, -0.2516192358891957692 ) ) ;
#2291 = VECTOR ( 'NONE', #2086, 1000.000000000000000 ) ;
#2292 = PLANE ( 'NONE',  #480 ) ;
#2293 = CARTESIAN_POINT ( 'NONE',  ( -5.779531442579131095, 5.000000000000000000, -5.779531442579151523 ) ) ;
#2294 = VECTOR ( 'NONE', #555, 1000.000000000000000 ) ;
#2295 = CARTESIAN_POINT ( 'NONE',  ( -6.598395109848500972, 0.000000000000000000, -10.96066777530976744 ) ) ;
#2296 = EDGE_CURVE ( 'NONE', #2978, #187, #1163, .T. ) ;
#2297 = DIRECTION ( 'NONE',  ( -8.673617379884027583E-16, 0.000000000000000000, 1.000000000000000000 ) ) ;
#2298 = DIRECTION ( 'NONE',  ( -0.000000000000000000, -1.000000000000000000, -0.000000000000000000 ) ) ;
#2299 = ORIENTED_EDGE ( 'NONE', *, *, #3191, .F. ) ;
#2300 = ORIENTED_EDGE ( 'NONE', *, *, #305, .F. ) ;
#2301 = FACE_OUTER_BOUND ( 'NONE', #2571, .T. ) ;
#2302 = VERTEX_POINT ( 'NONE', #780 ) ;
#2303 = ADVANCED_BREP_SHAPE_REPRESENTATION ( '\X2\897f5b8994a553196263\X0\', ( #3892, #3971 ), #3767 ) ;
#2304 = ORIENTED_EDGE ( 'NONE', *, *, #459, .F. ) ;
#2305 = VERTEX_POINT ( 'NONE', #3822 ) ;
#2306 = ORIENTED_EDGE ( 'NONE', *, *, #1999, .T. ) ;
#2307 = CARTESIAN_POINT ( 'NONE',  ( 0.000000000000000000, 4.000000000000000000, 0.000000000000000000 ) ) ;
#2308 = CARTESIAN_POINT ( 'NONE',  ( 3.122985938718636056, 0.000000000000000000, -8.090675628649709239 ) ) ;
#2309 = EDGE_LOOP ( 'NONE', ( #2437, #338 ) ) ;
#2310 = CARTESIAN_POINT ( 'NONE',  ( 0.000000000000000000, 1.000000000000000000, 0.000000000000000000 ) ) ;
#2311 = DIRECTION ( 'NONE',  ( 0.000000000000000000, 0.000000000000000000, -1.000000000000000000 ) ) ;
#2312 = DIRECTION ( 'NONE',  ( 0.000000000000000000, 0.000000000000000000, 1.000000000000000000 ) ) ;
#2313 = DIRECTION ( 'NONE',  ( 0.000000000000000000, 1.000000000000000000, -0.000000000000000000 ) ) ;
#2314 = DIRECTION ( 'NONE',  ( -0.000000000000000000, -1.000000000000000000, -0.000000000000000000 ) ) ;
#2315 = ADVANCED_FACE ( 'NONE', ( #3870 ), #4222, .F. ) ;
#2316 = ADVANCED_FACE ( 'NONE', ( #449 ), #3719, .F. ) ;
#2317 = CARTESIAN_POINT ( 'NONE',  ( -13.59943576232846496, 0.000000000000000000, 3.589332224690231943 ) ) ;
#2318 = CYLINDRICAL_SURFACE ( 'NONE', #2439, 5.000000000000004441 ) ;
#2319 = VECTOR ( 'NONE', #2278, 1000.000000000000000 ) ;
#2320 = ORIENTED_EDGE ( 'NONE', *, *, #917, .T. ) ;
#2321 = EDGE_CURVE ( 'NONE', #2634, #2466, #128, .T. ) ;
#2322 = ORIENTED_EDGE ( 'NONE', *, *, #4341, .F. ) ;
#2323 = CARTESIAN_POINT ( 'NONE',  ( 16.08441697448268570, 2.000000000000000000, 4.580169906002734770 ) ) ;
#2324 = EDGE_CURVE ( 'NONE', #3427, #1390, #3561, .T. ) ;
#2325 = EDGE_LOOP ( 'NONE', ( #1883, #210, #1446, #540 ) ) ;
#2326 = ORIENTED_EDGE ( 'NONE', *, *, #3509, .F. ) ;
#2327 = ORIENTED_EDGE ( 'NONE', *, *, #1012, .F. ) ;
#2328 = EDGE_CURVE ( 'NONE', #1218, #2689, #827, .T. ) ;
#2329 = CARTESIAN_POINT ( 'NONE',  ( -13.59943576232846496, 4.000000000000000000, 2.839332224690230166 ) ) ;
#2330 = CARTESIAN_POINT ( 'NONE',  ( 2.755455298081545172E-15, 5.000000000000000000, 22.50000000000000355 ) ) ;
#2331 = VERTEX_POINT ( 'NONE', #3228 ) ;
#2332 = FACE_OUTER_BOUND ( 'NONE', #3434, .T. ) ;
#2333 = CARTESIAN_POINT ( 'NONE',  ( -7.895121667798798981, 4.000000000000000000, -12.25739432700778231 ) ) ;
#2334 = B_SPLINE_CURVE_WITH_KNOTS ( 'NONE', 3,
 ( #2826, #4162, #1529, #3828 ),
 .UNSPECIFIED., .F., .F.,
 ( 4, 4 ),
 ( 0.000000000000000000, 1.000000000000000000 ),
 .UNSPECIFIED. ) ;
#2335 = DIRECTION ( 'NONE',  ( 0.000000000000000000, 1.000000000000000000, 0.000000000000000000 ) ) ;
#2336 = CARTESIAN_POINT ( 'NONE',  ( 16.15434548383436919, 0.000000000000000000, -9.400093966359765574 ) ) ;
#2337 = EDGE_CURVE ( 'NONE', #2717, #1685, #1549, .T. ) ;
#2338 = EDGE_LOOP ( 'NONE', ( #3770, #2712, #3781, #363 ) ) ;
#2339 = CYLINDRICAL_SURFACE ( 'NONE', #4366, 0.3044771070633348065 ) ;
#2340 = DIRECTION ( 'NONE',  ( 0.000000000000000000, 0.000000000000000000, 1.000000000000000000 ) ) ;
#2341 = LINE ( 'NONE', #3666, #4352 ) ;
#2342 = ORIENTED_EDGE ( 'NONE', *, *, #2838, .T. ) ;
#2343 = ORIENTED_EDGE ( 'NONE', *, *, #3149, .T. ) ;
#2344 = CARTESIAN_POINT ( 'NONE',  ( 18.24277311780544863, 3.000000000000000000, -3.106313863398760589 ) ) ;
#2345 = B_SPLINE_CURVE_WITH_KNOTS ( 'NONE', 2,
 ( #1425, #1776, #4165 ),
 .UNSPECIFIED., .F., .F.,
 ( 3, 3 ),
 ( 0.000000000000000000, 0.1459904955854240960 ),
 .UNSPECIFIED. ) ;
#2346 = ORIENTED_EDGE ( 'NONE', *, *, #212, .T. ) ;
#2347 = ORIENTED_EDGE ( 'NONE', *, *, #2785, .F. ) ;
#2348 = ORIENTED_EDGE ( 'NONE', *, *, #4344, .F. ) ;
#2349 = EDGE_CURVE ( 'NONE', #4117, #929, #3916, .T. ) ;
#2350 = AXIS2_PLACEMENT_3D ( 'NONE', #1873, #3160, #3179 ) ;
#2351 = CIRCLE ( 'NONE', #1429, 0.2370438511196454046 ) ;
#2352 = DIRECTION ( 'NONE',  ( 0.000000000000000000, 0.000000000000000000, 1.000000000000000000 ) ) ;
#2353 = VERTEX_POINT ( 'NONE', #2236 ) ;
#2354 = LINE ( 'NONE', #614, #2932 ) ;
#2355 = CARTESIAN_POINT ( 'NONE',  ( 19.83669864933870741, 0.000000000000000000, 2.550565956828917180 ) ) ;
#2356 = DIRECTION ( 'NONE',  ( 0.000000000000000000, 1.000000000000000000, 0.000000000000000000 ) ) ;
#2357 = ORIENTED_EDGE ( 'NONE', *, *, #879, .F. ) ;
#2358 = FACE_OUTER_BOUND ( 'NONE', #1706, .T. ) ;
#2359 = AXIS2_PLACEMENT_3D ( 'NONE', #4115, #1771, #2148 ) ;
#2360 = DIRECTION ( 'NONE',  ( -1.000000000000000000, 0.000000000000000000, -2.047517776665777418E-16 ) ) ;
#2361 = CARTESIAN_POINT ( 'NONE',  ( -12.84943576232846496, 4.000000000000000000, -7.360667775309766903 ) ) ;
#2362 = ADVANCED_FACE ( 'NONE', ( #2503 ), #3186, .T. ) ;
#2363 = EDGE_CURVE ( 'NONE', #1629, #2331, #2587, .T. ) ;
#2364 = VECTOR ( 'NONE', #2683, 1000.000000000000000 ) ;
#2365 = EDGE_LOOP ( 'NONE', ( #4288, #3274, #886, #3801 ) ) ;
#2366 = ORIENTED_EDGE ( 'NONE', *, *, #3850, .T. ) ;
#2367 = CARTESIAN_POINT ( 'NONE',  ( 19.70247940333372938, 1.694065894508600678E-18, -3.436903455322856349 ) ) ;
#2368 = AXIS2_PLACEMENT_3D ( 'NONE', #847, #2526, #1292 ) ;
#2369 = AXIS2_PLACEMENT_3D ( 'NONE', #3816, #2834, #2815 ) ;
#2370 = ORIENTED_EDGE ( 'NONE', *, *, #3202, .T. ) ;
#2371 = EDGE_LOOP ( 'NONE', ( #2671, #367, #3384, #1736 ) ) ;
#2372 = EDGE_CURVE ( 'NONE', #2067, #1629, #318, .T. ) ;
#2373 = ORIENTED_EDGE ( 'NONE', *, *, #754, .F. ) ;
#2374 = AXIS2_PLACEMENT_3D ( 'NONE', #3225, #4219, #1179 ) ;
#2375 = CARTESIAN_POINT ( 'NONE',  ( 2.181136332730621685, 4.000000000000000000, -2.181136332730614136 ) ) ;
#2376 = ORIENTED_EDGE ( 'NONE', *, *, #4075, .F. ) ;
#2377 = FACE_OUTER_BOUND ( 'NONE', #848, .T. ) ;
#2378 = CARTESIAN_POINT ( 'NONE',  ( 2.632990618166809630E-15, 1.000000000000000000, -21.50000000000000000 ) ) ;
#2379 = DIRECTION ( 'NONE',  ( 0.000000000000000000, 0.000000000000000000, 1.000000000000000000 ) ) ;
#2380 = VERTEX_POINT ( 'NONE', #2899 ) ;
#2381 = DIRECTION ( 'NONE',  ( -1.000000000000000000, 0.000000000000000000, 0.000000000000000000 ) ) ;
#2382 = CARTESIAN_POINT ( 'NONE',  ( -13.59943576232846496, 4.000000000000000000, 3.589332224690231943 ) ) ;
#2383 = DIRECTION ( 'NONE',  ( 0.000000000000000000, 1.000000000000000000, 0.000000000000000000 ) ) ;
#2384 = CARTESIAN_POINT ( 'NONE',  ( 11.08441697448269103, 3.000000000000000000, 6.580169906002733882 ) ) ;
#2385 = VECTOR ( 'NONE', #1678, 1000.000000000000000 ) ;
#2386 = ORIENTED_EDGE ( 'NONE', *, *, #2049, .F. ) ;
#2387 = ORIENTED_EDGE ( 'NONE', *, *, #1478, .F. ) ;
#2388 = DIRECTION ( 'NONE',  ( 0.000000000000000000, 0.000000000000000000, 1.000000000000000000 ) ) ;
#2389 = VECTOR ( 'NONE', #2935, 1000.000000000000000 ) ;
#2390 = CARTESIAN_POINT ( 'NONE',  ( 10.08441697445819685, 5.000000000000000000, 9.591833536021345807 ) ) ;
#2391 = ORIENTED_EDGE ( 'NONE', *, *, #3382, .T. ) ;
#2392 = EDGE_LOOP ( 'NONE', ( #1747, #2395, #2215, #4041, #408 ) ) ;
#2393 = LINE ( 'NONE', #3091, #1087 ) ;
#2394 = DIRECTION ( 'NONE',  ( 0.000000000000000000, 0.000000000000000000, 1.000000000000000000 ) ) ;
#2395 = ORIENTED_EDGE ( 'NONE', *, *, #4358, .T. ) ;
#2396 = CARTESIAN_POINT ( 'NONE',  ( 18.24277311780544153, 5.000000000000000000, -3.106313863398759256 ) ) ;
#2397 = DIRECTION ( 'NONE',  ( 0.000000000000000000, 0.000000000000000000, 1.000000000000000000 ) ) ;
#2398 = CARTESIAN_POINT ( 'NONE',  ( 19.16103789772608224, 4.500000000000000000, 1.430918611361603920 ) ) ;
#2399 = ORIENTED_EDGE ( 'NONE', *, *, #2751, .F. ) ;
#2400 = DIRECTION ( 'NONE',  ( -0.000000000000000000, -1.000000000000000000, -0.000000000000000000 ) ) ;
#2401 = DIRECTION ( 'NONE',  ( -1.000000000000000000, 0.000000000000000000, 0.000000000000000000 ) ) ;
#2402 = DIRECTION ( 'NONE',  ( 1.000000000000000000, 0.000000000000000000, 2.710505431213759852E-17 ) ) ;
#2403 = EDGE_CURVE ( 'NONE', #968, #3319, #3922, .T. ) ;
#2404 = DIRECTION ( 'NONE',  ( 2.168404344971008868E-16, 0.000000000000000000, 1.000000000000000000 ) ) ;
#2405 = VECTOR ( 'NONE', #181, 1000.000000000000000 ) ;
#2406 = EDGE_LOOP ( 'NONE', ( #2306, #2728, #4009, #3442 ) ) ;
#2407 = ORIENTED_EDGE ( 'NONE', *, *, #502, .T. ) ;
#2408 = VERTEX_POINT ( 'NONE', #1588 ) ;
#2409 = CARTESIAN_POINT ( 'NONE',  ( -12.84943576232846318, 4.000000000000000000, 11.23933222469023185 ) ) ;
#2410 = LINE ( 'NONE', #4131, #3355 ) ;
#2411 = EDGE_LOOP ( 'NONE', ( #4353, #1980, #3788, #3084 ) ) ;
#2412 = VECTOR ( 'NONE', #475, 1000.000000000000000 ) ;
#2413 = CARTESIAN_POINT ( 'NONE',  ( 19.21496483795050381, 5.000000000000000000, -3.289189099746252953 ) ) ;
#2414 = ADVANCED_FACE ( 'NONE', ( #2920 ), #2185, .F. ) ;
#2415 = ORIENTED_EDGE ( 'NONE', *, *, #2599, .T. ) ;
#2416 = CARTESIAN_POINT ( 'NONE',  ( 0.000000000000000000, 5.000000000000000000, 8.239332224690230078 ) ) ;
#2417 = DIRECTION ( 'NONE',  ( -0.000000000000000000, -1.000000000000000000, -0.000000000000000000 ) ) ;
#2418 = EDGE_CURVE ( 'NONE', #4003, #835, #529, .T. ) ;
#2419 = CARTESIAN_POINT ( 'NONE',  ( 3.900951371452998639, 6.000000000000000000, -16.54637659421418405 ) ) ;
#2420 = CIRCLE ( 'NONE', #82, 0.7499999999999972244 ) ;
#2421 = VERTEX_POINT ( 'NONE', #3885 ) ;
#2422 = CIRCLE ( 'NONE', #931, 2.081285396444591207 ) ;
#2423 = CARTESIAN_POINT ( 'NONE',  ( -13.59943576232846496, 0.000000000000000000, -3.110667775309767791 ) ) ;
#2424 = DIRECTION ( 'NONE',  ( 0.000000000000000000, 0.000000000000000000, 1.000000000000000000 ) ) ;
#2425 = CARTESIAN_POINT ( 'NONE',  ( -1.604328562653619450, 0.000000000000000000, -18.93214541099485970 ) ) ;
#2426 = FACE_OUTER_BOUND ( 'NONE', #3804, .T. ) ;
#2427 = EDGE_CURVE ( 'NONE', #4091, #4261, #2589, .T. ) ;
#2428 = VERTEX_POINT ( 'NONE', #2229 ) ;
#2429 = ORIENTED_EDGE ( 'NONE', *, *, #539, .T. ) ;
#2430 = EDGE_LOOP ( 'NONE', ( #1834, #636, #921, #3074, #3799, #169, #2322, #4134, #3960 ) ) ;
#2431 = AXIS2_PLACEMENT_3D ( 'NONE', #2541, #2858, #3913 ) ;
#2432 = DIRECTION ( 'NONE',  ( -1.000000000000000000, 0.000000000000000000, 0.000000000000000000 ) ) ;
#2433 = EDGE_LOOP ( 'NONE', ( #3878, #3296, #2669, #1249, #2130 ) ) ;
#2434 = CIRCLE ( 'NONE', #1591, 1.000000000000000888 ) ;
#2435 = AXIS2_PLACEMENT_3D ( 'NONE', #2649, #4010, #4346 ) ;
#2436 = ADVANCED_FACE ( 'NONE', ( #894 ), #912, .T. ) ;
#2437 = ORIENTED_EDGE ( 'NONE', *, *, #3732, .T. ) ;
#2438 = DIRECTION ( 'NONE',  ( -0.000000000000000000, -1.000000000000000000, -0.000000000000000000 ) ) ;
#2439 = AXIS2_PLACEMENT_3D ( 'NONE', #2035, #1627, #622 ) ;
#2440 = CARTESIAN_POINT ( 'NONE',  ( 19.92210530458154949, 0.000000000000000000, 1.763439982449189980 ) ) ;
#2441 = ADVANCED_FACE ( 'NONE', ( #842, #3865, #3936, #2253 ), #208, .T. ) ;
#2442 = PLANE ( 'NONE',  #772 ) ;
#2443 = VERTEX_POINT ( 'NONE', #3269 ) ;
#2444 = LINE ( 'NONE', #2467, #1932 ) ;
#2445 = LINE ( 'NONE', #3813, #3778 ) ;
#2446 = LINE ( 'NONE', #1408, #782 ) ;
#2447 = CARTESIAN_POINT ( 'NONE',  ( 0.000000000000000000, 5.000000000000000000, -5.110667775309770455 ) ) ;
#2448 = EDGE_CURVE ( 'NONE', #1055, #1218, #227, .T. ) ;
#2449 = ADVANCED_FACE ( 'NONE', ( #1848 ), #3555, .F. ) ;
#2450 = ORIENTED_EDGE ( 'NONE', *, *, #1653, .T. ) ;
#2451 = ORIENTED_EDGE ( 'NONE', *, *, #2700, .T. ) ;
#2452 = ORIENTED_EDGE ( 'NONE', *, *, #127, .T. ) ;
#2453 = PRODUCT_CONTEXT ( 'NONE', #3171, 'mechanical' ) ;
#2454 = CARTESIAN_POINT ( 'NONE',  ( 4.084416974482688367, 3.000000000000000000, 4.580169906002734770 ) ) ;
#2455 = VECTOR ( 'NONE', #3602, 1000.000000000000000 ) ;
#2456 = DIRECTION ( 'NONE',  ( 1.000000000000000000, -0.000000000000000000, 0.000000000000000000 ) ) ;
#2457 = ORIENTED_EDGE ( 'NONE', *, *, #2829, .T. ) ;
#2458 = ADVANCED_FACE ( 'NONE', ( #1875 ), #1918, .T. ) ;
#2459 = EDGE_CURVE ( 'NONE', #1949, #2067, #3140, .T. ) ;
#2460 = VECTOR ( 'NONE', #1208, 1000.000000000000000 ) ;
#2461 = ORIENTED_EDGE ( 'NONE', *, *, #451, .T. ) ;
#2462 = DIRECTION ( 'NONE',  ( 1.734723475976807094E-15, -0.000000000000000000, -1.000000000000000000 ) ) ;
#2463 = ADVANCED_FACE ( 'NONE', ( #2878 ), #1247, .F. ) ;
#2464 = DIRECTION ( 'NONE',  ( 0.000000000000000000, 0.000000000000000000, -1.000000000000000000 ) ) ;
#2465 = DIRECTION ( 'NONE',  ( 0.000000000000000000, 0.000000000000000000, 1.000000000000000000 ) ) ;
#2466 = VERTEX_POINT ( 'NONE', #3248 ) ;
#2467 = CARTESIAN_POINT ( 'NONE',  ( -4.498395109848528861, 5.000000000000000000, 12.73933222469023008 ) ) ;
#2468 = CARTESIAN_POINT ( 'NONE',  ( -14.34943576232846496, 0.000000000000000000, 12.73933222469023008 ) ) ;
#2469 = CARTESIAN_POINT ( 'NONE',  ( 6.084416974482688367, 2.000000000000000000, 4.580169906002733882 ) ) ;
#2470 = CIRCLE ( 'NONE', #4012, 2.081285396444591207 ) ;
#2471 = EDGE_CURVE ( 'NONE', #3174, #2866, #2857, .T. ) ;
#2472 = DIRECTION ( 'NONE',  ( 0.000000000000000000, 1.000000000000000000, -0.000000000000000000 ) ) ;
#2473 = CARTESIAN_POINT ( 'NONE',  ( -4.648395109848519446, 4.000000000000000000, 0.1893322246902320871 ) ) ;
#2474 = ORIENTED_EDGE ( 'NONE', *, *, #1552, .T. ) ;
#2475 = ORIENTED_EDGE ( 'NONE', *, *, #887, .F. ) ;
#2476 = DIRECTION ( 'NONE',  ( -0.000000000000000000, -1.000000000000000000, -0.000000000000000000 ) ) ;
#2477 = DIRECTION ( 'NONE',  ( -0.000000000000000000, 1.000000000000000000, -0.000000000000000000 ) ) ;
#2478 = CIRCLE ( 'NONE', #3324, 3.499999999999999556 ) ;
#2479 = ADVANCED_FACE ( 'NONE', ( #576 ), #3203, .F. ) ;
#2480 = CARTESIAN_POINT ( 'NONE',  ( 4.084416974458195959, 3.000000000000000000, -2.251619235889195991 ) ) ;
#2481 = ORIENTED_EDGE ( 'NONE', *, *, #1524, .F. ) ;
#2482 = LINE ( 'NONE', #108, #3800 ) ;
#2483 = ORIENTED_EDGE ( 'NONE', *, *, #1717, .T. ) ;
#2484 = DIRECTION ( 'NONE',  ( 1.000000000000000000, 0.000000000000000000, 0.000000000000000000 ) ) ;
#2485 = ADVANCED_FACE ( 'NONE', ( #340 ), #1985, .T. ) ;
#2486 =( GEOMETRIC_REPRESENTATION_CONTEXT ( 3 ) GLOBAL_UNCERTAINTY_ASSIGNED_CONTEXT ( ( #554 ) ) GLOBAL_UNIT_ASSIGNED_CONTEXT ( ( #3753, #1061, #3773 ) ) REPRESENTATION_CONTEXT ( 'NONE', 'WORKASPACE' ) );
#2487 = CARTESIAN_POINT ( 'NONE',  ( 4.084416974458195959, 3.000000000000000000, -0.2516192358891953806 ) ) ;
#2488 = CARTESIAN_POINT ( 'NONE',  ( -12.84943576232846496, 4.000000000000000000, -7.360667775309766903 ) ) ;
#2489 = ORIENTED_EDGE ( 'NONE', *, *, #414, .F. ) ;
#2490 = CYLINDRICAL_SURFACE ( 'NONE', #3165, 0.2370438511196454046 ) ;
#2491 = DIRECTION ( 'NONE',  ( 1.000000000000000000, 0.000000000000000000, -4.956352788505164254E-16 ) ) ;
#2492 = DIRECTION ( 'NONE',  ( 1.000000000000000000, -0.000000000000000000, -4.336808689942013792E-16 ) ) ;
#2493 = VECTOR ( 'NONE', #3123, 1000.000000000000000 ) ;
#2494 = CARTESIAN_POINT ( 'NONE',  ( 3.900951371452998639, 0.000000000000000000, -16.54637659421418405 ) ) ;
#2495 = AXIS2_PLACEMENT_3D ( 'NONE', #3582, #3246, #1470 ) ;
#2496 = DIRECTION ( 'NONE',  ( 1.156482317317871331E-15, 0.000000000000000000, -1.000000000000000000 ) ) ;
#2497 = ORIENTED_EDGE ( 'NONE', *, *, #1860, .F. ) ;
#2498 = EDGE_CURVE ( 'NONE', #3817, #2353, #3735, .T. ) ;
#2499 = CARTESIAN_POINT ( 'NONE',  ( 2.755455298081545172E-15, 1.000000000000000000, 22.50000000000000355 ) ) ;
#2500 = ORIENTED_EDGE ( 'NONE', *, *, #838, .T. ) ;
#2501 = DIRECTION ( 'NONE',  ( -0.000000000000000000, -1.000000000000000000, -0.000000000000000000 ) ) ;
#2502 = LINE ( 'NONE', #3142, #3940 ) ;
#2503 = FACE_OUTER_BOUND ( 'NONE', #4152, .T. ) ;
#2504 = ORIENTED_EDGE ( 'NONE', *, *, #3114, .F. ) ;
#2505 = VECTOR ( 'NONE', #3242, 1000.000000000000000 ) ;
#2506 = VECTOR ( 'NONE', #1701, 1000.000000000000000 ) ;
#2507 = EDGE_CURVE ( 'NONE', #3469, #327, #3432, .T. ) ;
#2508 = ORIENTED_EDGE ( 'NONE', *, *, #1291, .T. ) ;
#2509 = B_SPLINE_CURVE_WITH_KNOTS ( 'NONE', 3,
 ( #4216, #3487, #3200, #2540 ),
 .UNSPECIFIED., .F., .F.,
 ( 4, 4 ),
 ( 0.000000000000000000, 1.000000000000000000 ),
 .UNSPECIFIED. ) ;
#2510 = EDGE_CURVE ( 'NONE', #342, #2755, #2990, .T. ) ;
#2511 = DIRECTION ( 'NONE',  ( -0.000000000000000000, -1.000000000000000000, -0.000000000000000000 ) ) ;
#2512 = CARTESIAN_POINT ( 'NONE',  ( 18.24277311780544863, 0.000000000000000000, -3.106313863398760589 ) ) ;
#2513 = ORIENTED_EDGE ( 'NONE', *, *, #3233, .F. ) ;
#2514 = CARTESIAN_POINT ( 'NONE',  ( -12.84943576232845963, 4.000000000000000000, -1.486014524664474733E-14 ) ) ;
#2515 = ORIENTED_EDGE ( 'NONE', *, *, #3679, .F. ) ;
#2516 = DIRECTION ( 'NONE',  ( 0.000000000000000000, -0.000000000000000000, 1.000000000000000000 ) ) ;
#2517 = CARTESIAN_POINT ( 'NONE',  ( 9.892162964287326332, 6.000000000000000000, -16.22174811442904385 ) ) ;
#2518 = FACE_OUTER_BOUND ( 'NONE', #2596, .T. ) ;
#2519 = EDGE_CURVE ( 'NONE', #4045, #3871, #2007, .T. ) ;
#2520 = CARTESIAN_POINT ( 'NONE',  ( 15.88629824888579023, 5.000000000000000000, -9.255674478193940402 ) ) ;
#2521 = AXIS2_PLACEMENT_3D ( 'NONE', #1084, #1042, #2464 ) ;
#2522 = CARTESIAN_POINT ( 'NONE',  ( 1.926060831110940841, 5.000000000000000000, -3.106313863398758368 ) ) ;
#2523 = CARTESIAN_POINT ( 'NONE',  ( 4.282535700030599024, 0.000000000000000000, -9.560151585257274931 ) ) ;
#2524 = VERTEX_POINT ( 'NONE', #4062 ) ;
#2525 = CARTESIAN_POINT ( 'NONE',  ( -7.198395109848502393, 4.000000000000000000, -10.36066777530976779 ) ) ;
#2526 = DIRECTION ( 'NONE',  ( -1.000000000000000000, 0.000000000000000000, 0.000000000000000000 ) ) ;
#2527 = VERTEX_POINT ( 'NONE', #301 ) ;
#2528 = EDGE_LOOP ( 'NONE', ( #2515, #948, #4092, #512, #966, #1324, #2955, #2246 ) ) ;
#2529 = ORIENTED_EDGE ( 'NONE', *, *, #1940, .T. ) ;
#2530 = LINE ( 'NONE', #473, #1021 ) ;
#2531 = ORIENTED_EDGE ( 'NONE', *, *, #2043, .T. ) ;
#2532 = CARTESIAN_POINT ( 'NONE',  ( -13.59943576232846674, 0.000000000000000000, -9.610667775309764238 ) ) ;
#2533 = VECTOR ( 'NONE', #1274, 1000.000000000000000 ) ;
#2534 = CARTESIAN_POINT ( 'NONE',  ( -5.548395109848520690, 5.000000000000000000, 5.089332224690231499 ) ) ;
#2535 = VECTOR ( 'NONE', #219, 1000.000000000000000 ) ;
#2536 = EDGE_LOOP ( 'NONE', ( #704, #1029, #176, #1665, #3653 ) ) ;
#2537 = CARTESIAN_POINT ( 'NONE',  ( -0.5163737054378459979, 0.000000000000000000, 1.930646183811712602 ) ) ;
#2538 = CARTESIAN_POINT ( 'NONE',  ( -18.59625150135145688, 5.000000000000000000, -7.360667775309767791 ) ) ;
#2539 = LINE ( 'NONE', #549, #3305 ) ;
#2540 = CARTESIAN_POINT ( 'NONE',  ( 5.466230535277817992, 0.000000000000000000, -8.130763445302774173 ) ) ;
#2541 = CARTESIAN_POINT ( 'NONE',  ( 14.08441697445819685, 2.000000000000000000, -2.251619235889195991 ) ) ;
#2542 = DIRECTION ( 'NONE',  ( 0.000000000000000000, 1.000000000000000000, -0.000000000000000000 ) ) ;
#2543 = EDGE_LOOP ( 'NONE', ( #423, #2461, #3766, #1503 ) ) ;
#2544 = LINE ( 'NONE', #3802, #3727 ) ;
#2545 = CARTESIAN_POINT ( 'NONE',  ( 4.084416974482688367, 2.000000000000000000, 4.580169906002734770 ) ) ;
#2546 = VERTEX_POINT ( 'NONE', #597 ) ;
#2547 = ORIENTED_EDGE ( 'NONE', *, *, #3426, .T. ) ;
#2548 = CARTESIAN_POINT ( 'NONE',  ( 1.926060831110940841, 5.000000000000000000, -3.106313863398758368 ) ) ;
#2549 = ORIENTED_EDGE ( 'NONE', *, *, #3402, .F. ) ;
#2550 = DIRECTION ( 'NONE',  ( 0.000000000000000000, 1.000000000000000000, -0.000000000000000000 ) ) ;
#2551 = ADVANCED_FACE ( 'NONE', ( #1025 ), #4379, .F. ) ;
#2552 = VERTEX_POINT ( 'NONE', #1293 ) ;
#2553 = DIRECTION ( 'NONE',  ( -1.000000000000000000, 0.000000000000000000, -1.156482317317871331E-15 ) ) ;
#2554 = CARTESIAN_POINT ( 'NONE',  ( -14.34943576232846496, 0.000000000000000000, 5.089332224690231499 ) ) ;
#2555 = CARTESIAN_POINT ( 'NONE',  ( 14.70260341363857215, 5.000000000000000000, -8.130763445302775949 ) ) ;
#2556 = CARTESIAN_POINT ( 'NONE',  ( -5.318863667269385864, 4.000000000000000000, 5.318863667269365436 ) ) ;
#2557 = ORIENTED_EDGE ( 'NONE', *, *, #3531, .F. ) ;
#2558 = CARTESIAN_POINT ( 'NONE',  ( -13.59943576232846674, 4.000000000000000000, -8.860667775309767791 ) ) ;
#2559 = CARTESIAN_POINT ( 'NONE',  ( -18.59625150135145688, 4.000000000000000000, -7.360667775309767791 ) ) ;
#2560 = CARTESIAN_POINT ( 'NONE',  ( -14.34943576232846674, 4.000000000000000000, 3.589332224690231943 ) ) ;
#2561 = VECTOR ( 'NONE', #3546, 1000.000000000000000 ) ;
#2562 = CARTESIAN_POINT ( 'NONE',  ( 16.15434548383436919, 5.000000000000000000, -9.400093966359765574 ) ) ;
#2563 = DIRECTION ( 'NONE',  ( 0.000000000000000000, 0.000000000000000000, 1.000000000000000000 ) ) ;
#2564 = DIRECTION ( 'NONE',  ( -0.000000000000000000, -1.000000000000000000, -0.000000000000000000 ) ) ;
#2565 = VECTOR ( 'NONE', #399, 1000.000000000000000 ) ;
#2566 = ORIENTED_EDGE ( 'NONE', *, *, #2584, .T. ) ;
#2567 = FACE_OUTER_BOUND ( 'NONE', #2873, .T. ) ;
#2568 = AXIS2_PLACEMENT_3D ( 'NONE', #1322, #4026, #1992 ) ;
#2569 = CARTESIAN_POINT ( 'NONE',  ( 1.926060831110939953, 4.500000000000000000, 1.129848322215249334 ) ) ;
#2570 = VERTEX_POINT ( 'NONE', #1626 ) ;
#2571 = EDGE_LOOP ( 'NONE', ( #3054, #3217, #3709, #3337, #2348, #1690, #235, #3763, #1973 ) ) ;
#2572 = CARTESIAN_POINT ( 'NONE',  ( 0.000000000000000000, 4.000000000000000000, 0.000000000000000000 ) ) ;
#2573 = ORIENTED_EDGE ( 'NONE', *, *, #3361, .F. ) ;
#2574 = DIRECTION ( 'NONE',  ( 0.000000000000000000, -0.000000000000000000, -1.000000000000000000 ) ) ;
#2575 = EDGE_CURVE ( 'NONE', #1064, #2957, #3564, .T. ) ;
#2576 = LINE ( 'NONE', #3924, #2637 ) ;
#2577 = FACE_OUTER_BOUND ( 'NONE', #1257, .T. ) ;
#2578 = DIRECTION ( 'NONE',  ( 0.000000000000000000, 0.000000000000000000, 1.000000000000000000 ) ) ;
#2579 = VECTOR ( 'NONE', #1894, 1000.000000000000000 ) ;
#2580 = CARTESIAN_POINT ( 'NONE',  ( 16.08441697448268570, 2.000000000000000000, 6.580169906002734770 ) ) ;
#2581 = EDGE_LOOP ( 'NONE', ( #3169, #2994, #1657, #2933, #2300, #265, #1462, #2026, #80 ) ) ;
#2582 = CARTESIAN_POINT ( 'NONE',  ( 15.88629824888579023, 5.000000000000000000, -9.255674478193940402 ) ) ;
#2583 = DIRECTION ( 'NONE',  ( -0.7071067811865484609, 0.000000000000000000, 0.7071067811865465735 ) ) ;
#2584 = EDGE_CURVE ( 'NONE', #3942, #1987, #3012, .T. ) ;
#2585 = DIRECTION ( 'NONE',  ( 0.7071067811865495711, 0.000000000000000000, -0.7071067811865454633 ) ) ;
#2586 = DIRECTION ( 'NONE',  ( -0.000000000000000000, -1.000000000000000000, -0.000000000000000000 ) ) ;
#2587 = CIRCLE ( 'NONE', #1661, 1.000000000000000888 ) ;
#2588 = VECTOR ( 'NONE', #2892, 1000.000000000000000 ) ;
#2589 = LINE ( 'NONE', #1198, #649 ) ;
#2590 = VECTOR ( 'NONE', #3192, 1000.000000000000000 ) ;
#2591 = CARTESIAN_POINT ( 'NONE',  ( 3.900951371452998639, 0.000000000000000000, -16.54637659421418405 ) ) ;
#2592 = EDGE_LOOP ( 'NONE', ( #1297, #1502, #824, #851 ) ) ;
#2593 = EDGE_CURVE ( 'NONE', #330, #2906, #1317, .T. ) ;
#2594 = ORIENTED_EDGE ( 'NONE', *, *, #3577, .T. ) ;
#2595 = DIRECTION ( 'NONE',  ( 0.000000000000000000, 0.000000000000000000, 1.000000000000000000 ) ) ;
#2596 = EDGE_LOOP ( 'NONE', ( #4187, #1466, #2908, #1384, #4025 ) ) ;
#2597 = ADVANCED_FACE ( 'NONE', ( #640 ), #3706, .T. ) ;
#2598 = VECTOR ( 'NONE', #1831, 1000.000000000000000 ) ;
#2599 = EDGE_CURVE ( 'NONE', #3048, #1858, #1960, .T. ) ;
#2600 = ADVANCED_FACE ( 'NONE', ( #3313 ), #1680, .F. ) ;
#2601 = CARTESIAN_POINT ( 'NONE',  ( -12.84943576232846496, 4.000000000000000000, -1.610667775309767791 ) ) ;
#2602 = LINE ( 'NONE', #1599, #302 ) ;
#2603 = VECTOR ( 'NONE', #1089, 1000.000000000000000 ) ;
#2604 = ORIENTED_EDGE ( 'NONE', *, *, #2662, .F. ) ;
#2605 = EDGE_CURVE ( 'NONE', #2443, #3576, #1260, .T. ) ;
#2606 = CARTESIAN_POINT ( 'NONE',  ( -7.798395109848495821, 4.000000000000000000, -12.16066777530976850 ) ) ;
#2607 = DIRECTION ( 'NONE',  ( 0.000000000000000000, 0.000000000000000000, 1.000000000000000000 ) ) ;
#2608 = DIRECTION ( 'NONE',  ( -0.000000000000000000, 0.000000000000000000, 1.000000000000000000 ) ) ;
#2609 = VECTOR ( 'NONE', #950, 1000.000000000000000 ) ;
#2610 = PRESENTATION_STYLE_ASSIGNMENT (( #4279 ) ) ;
#2611 = DIRECTION ( 'NONE',  ( -1.000000000000000000, 0.000000000000000000, 0.000000000000000000 ) ) ;
#2612 = EDGE_CURVE ( 'NONE', #3576, #1230, #1867, .T. ) ;
#2613 = CARTESIAN_POINT ( 'NONE',  ( 0.7822776031089313520, 0.000000000000000000, 2.490294255477054186 ) ) ;
#2614 = CARTESIAN_POINT ( 'NONE',  ( 0.000000000000000000, 5.000000000000000000, 0.000000000000000000 ) ) ;
#2615 = ORIENTED_EDGE ( 'NONE', *, *, #2448, .F. ) ;
#2616 = CARTESIAN_POINT ( 'NONE',  ( 1.926060831110939953, 3.000000000000000000, 1.129848322215249334 ) ) ;
#2617 = CARTESIAN_POINT ( 'NONE',  ( 0.000000000000000000, 3.000000000000000000, 8.412341060818127048 ) ) ;
#2618 = ADVANCED_FACE ( 'NONE', ( #1606 ), #2968, .T. ) ;
#2619 = ORIENTED_EDGE ( 'NONE', *, *, #3570, .F. ) ;
#2620 = ORIENTED_EDGE ( 'NONE', *, *, #95, .T. ) ;
#2621 = ORIENTED_EDGE ( 'NONE', *, *, #862, .T. ) ;
#2622 = DIRECTION ( 'NONE',  ( -0.000000000000000000, -1.000000000000000000, -0.000000000000000000 ) ) ;
#2623 = LINE ( 'NONE', #3964, #2609 ) ;
#2624 = AXIS2_PLACEMENT_3D ( 'NONE', #2517, #1488, #2917 ) ;
#2625 = EDGE_CURVE ( 'NONE', #2083, #1303, #33, .T. ) ;
#2626 = ORIENTED_EDGE ( 'NONE', *, *, #924, .T. ) ;
#2627 = CARTESIAN_POINT ( 'NONE',  ( 1.926060831110945060, 5.000000000000000000, -3.106313863398757480 ) ) ;
#2628 = DIRECTION ( 'NONE',  ( 0.000000000000000000, 0.000000000000000000, 1.000000000000000000 ) ) ;
#2629 = DIRECTION ( 'NONE',  ( -1.000000000000000000, 0.000000000000000000, 0.000000000000000000 ) ) ;
#2630 = CARTESIAN_POINT ( 'NONE',  ( -1.047441870649570506, 5.000000000000000000, -4.989905532594348436 ) ) ;
#2631 = DIRECTION ( 'NONE',  ( 4.336808689942013792E-16, 0.000000000000000000, 1.000000000000000000 ) ) ;
#2632 = CARTESIAN_POINT ( 'NONE',  ( -14.34943576232846496, 4.000000000000000000, -3.110667775309767791 ) ) ;
#2633 = EDGE_CURVE ( 'NONE', #2552, #2421, #4085, .T. ) ;
#2634 = VERTEX_POINT ( 'NONE', #1090 ) ;
#2635 = DIRECTION ( 'NONE',  ( 0.000000000000000000, 0.000000000000000000, 1.000000000000000000 ) ) ;
#2636 = CARTESIAN_POINT ( 'NONE',  ( 18.24277311780544863, 3.000000000000000000, 1.129848322215247558 ) ) ;
#2637 = VECTOR ( 'NONE', #2995, 1000.000000000000000 ) ;
#2638 = ORIENTED_EDGE ( 'NONE', *, *, #3863, .T. ) ;
#2639 = CIRCLE ( 'NONE', #1286, 0.3044771070633348065 ) ;
#2640 = AXIS2_PLACEMENT_3D ( 'NONE', #2077, #4123, #4064 ) ;
#2641 = ORIENTED_EDGE ( 'NONE', *, *, #1628, .T. ) ;
#2642 = ORIENTED_EDGE ( 'NONE', *, *, #1151, .T. ) ;
#2643 = ORIENTED_EDGE ( 'NONE', *, *, #1099, .F. ) ;
#2644 = ADVANCED_FACE ( 'NONE', ( #438 ), #1386, .T. ) ;
#2645 = PLANE ( 'NONE',  #255 ) ;
#2646 = CARTESIAN_POINT ( 'NONE',  ( 4.030680789221961824, 0.000000000000000000, -9.426775070323923700 ) ) ;
#2647 = EDGE_CURVE ( 'NONE', #4045, #3278, #2865, .T. ) ;
#2648 = ORIENTED_EDGE ( 'NONE', *, *, #2251, .T. ) ;
#2649 = CARTESIAN_POINT ( 'NONE',  ( 14.08441697445819685, 2.000000000000000000, -0.2516192358891957692 ) ) ;
#2650 = CARTESIAN_POINT ( 'NONE',  ( 0.000000000000000000, 5.000000000000000000, 0.000000000000000000 ) ) ;
#2651 = AXIS2_PLACEMENT_3D ( 'NONE', #2558, #1913, #1561 ) ;
#2652 = PLANE ( 'NONE',  #1268 ) ;
#2653 = DIRECTION ( 'NONE',  ( -0.000000000000000000, -1.000000000000000000, -0.000000000000000000 ) ) ;
#2654 = VECTOR ( 'NONE', #770, 1000.000000000000000 ) ;
#2655 = CARTESIAN_POINT ( 'NONE',  ( -10.41102437462526886, 0.000000000000000000, -14.39776835585768389 ) ) ;
#2656 = CARTESIAN_POINT ( 'NONE',  ( 9.084416974482691032, 2.000000000000000000, 4.580169906002732993 ) ) ;
#2657 = EDGE_CURVE ( 'NONE', #1752, #4291, #398, .T. ) ;
#2658 = DIRECTION ( 'NONE',  ( 0.000000000000000000, 1.000000000000000000, -0.000000000000000000 ) ) ;
#2659 = AXIS2_PLACEMENT_3D ( 'NONE', #386, #1393, #1100 ) ;
#2660 = DIRECTION ( 'NONE',  ( -0.000000000000000000, -1.000000000000000000, -0.000000000000000000 ) ) ;
#2661 = EDGE_CURVE ( 'NONE', #3069, #4220, #4141, .T. ) ;
#2662 = EDGE_CURVE ( 'NONE', #1411, #3453, #380, .T. ) ;
#2663 = VECTOR ( 'NONE', #4185, 1000.000000000000000 ) ;
#2664 = EDGE_LOOP ( 'NONE', ( #2709, #3340, #1944, #2497 ) ) ;
#2665 = CARTESIAN_POINT ( 'NONE',  ( 3.900951371452998639, 0.5000000000000004441, -16.54637659421418405 ) ) ;
#2666 = ORIENTED_EDGE ( 'NONE', *, *, #3570, .T. ) ;
#2667 = B_SPLINE_SURFACE_WITH_KNOTS ( 'NONE', 3, 1, ( 
 ( #1938, #2948 ),
 ( #4281, #275 ),
 ( #577, #325 ),
 ( #641, #959 ),
 ( #4357, #3714 ) ),
 .UNSPECIFIED., .F., .F., .F.,
 ( 4, 1, 4 ),
 ( 2, 2 ),
 ( 0.000000000000000000, 0.6195732005058625091, 0.7091895560522891717 ),
 ( 0.000000000000000000, 1.000000000000000000 ),
 .UNSPECIFIED. ) ;
#2668 = DIRECTION ( 'NONE',  ( 0.000000000000000000, 0.000000000000000000, 1.000000000000000000 ) ) ;
#2669 = ORIENTED_EDGE ( 'NONE', *, *, #3935, .T. ) ;
#2670 = ORIENTED_EDGE ( 'NONE', *, *, #3231, .T. ) ;
#2671 = ORIENTED_EDGE ( 'NONE', *, *, #732, .T. ) ;
#2672 = EDGE_CURVE ( 'NONE', #3370, #2546, #1047, .T. ) ;
#2673 = LINE ( 'NONE', #4342, #4159 ) ;
#2674 = DIRECTION ( 'NONE',  ( -5.782411586589356653E-16, 0.000000000000000000, 1.000000000000000000 ) ) ;
#2675 = ORIENTED_EDGE ( 'NONE', *, *, #1244, .F. ) ;
#2676 = CARTESIAN_POINT ( 'NONE',  ( 15.59907826911246609, 0.000000000000000000, -9.356723931159645957 ) ) ;
#2677 = CARTESIAN_POINT ( 'NONE',  ( -14.34943576232846496, 4.000000000000000000, -7.360667775309767791 ) ) ;
#2678 = DIRECTION ( 'NONE',  ( 0.000000000000000000, 1.000000000000000000, 0.000000000000000000 ) ) ;
#2679 = DIRECTION ( 'NONE',  ( 1.000000000000000000, -0.000000000000000000, 0.000000000000000000 ) ) ;
#2680 = VECTOR ( 'NONE', #324, 1000.000000000000000 ) ;
#2681 = ORIENTED_EDGE ( 'NONE', *, *, #2751, .T. ) ;
#2682 = DIRECTION ( 'NONE',  ( -1.000000000000000000, 0.000000000000000000, 0.000000000000000000 ) ) ;
#2683 = DIRECTION ( 'NONE',  ( -0.000000000000000000, -1.000000000000000000, -0.000000000000000000 ) ) ;
#2684 = PLANE ( 'NONE',  #157 ) ;
#2685 = CIRCLE ( 'NONE', #545, 0.7500000000000011102 ) ;
#2686 = VECTOR ( 'NONE', #370, 1000.000000000000000 ) ;
#2687 = VECTOR ( 'NONE', #1590, 1000.000000000000000 ) ;
#2688 = EDGE_CURVE ( 'NONE', #4057, #1003, #680, .T. ) ;
#2689 = VERTEX_POINT ( 'NONE', #69 ) ;
#2690 = ORIENTED_EDGE ( 'NONE', *, *, #2273, .T. ) ;
#2691 = DIRECTION ( 'NONE',  ( 1.000000000000000000, -0.000000000000000000, 0.000000000000000000 ) ) ;
#2692 = ORIENTED_EDGE ( 'NONE', *, *, #379, .T. ) ;
#2693 = EDGE_LOOP ( 'NONE', ( #2850, #1052, #1970, #107 ) ) ;
#2694 = ORIENTED_EDGE ( 'NONE', *, *, #1483, .F. ) ;
#2695 = AXIS2_PLACEMENT_3D ( 'NONE', #4294, #2622, #3000 ) ;
#2696 = FACE_OUTER_BOUND ( 'NONE', #2766, .T. ) ;
#2697 = CARTESIAN_POINT ( 'NONE',  ( 9.084416974482689255, 3.000000000000000000, 6.580169906002734770 ) ) ;
#2698 = EDGE_LOOP ( 'NONE', ( #1349, #878, #3476, #4124, #2198 ) ) ;
#2699 = FACE_OUTER_BOUND ( 'NONE', #2392, .T. ) ;
#2700 = EDGE_CURVE ( 'NONE', #2689, #2466, #3135, .T. ) ;
#2701 = CARTESIAN_POINT ( 'NONE',  ( 19.38655634580746323, 4.500000000000000000, 2.490294255477051966 ) ) ;
#2702 = CARTESIAN_POINT ( 'NONE',  ( -7.798395109848495821, 0.000000000000000000, -12.16066777530976850 ) ) ;
#2703 = VECTOR ( 'NONE', #3751, 999.9999999999998863 ) ;
#2704 = ORIENTED_EDGE ( 'NONE', *, *, #3065, .F. ) ;
#2705 = DIRECTION ( 'NONE',  ( -0.000000000000000000, -1.000000000000000000, -0.000000000000000000 ) ) ;
#2706 = CARTESIAN_POINT ( 'NONE',  ( -0.5163737054378459979, 4.500000000000000000, 1.930646183811712602 ) ) ;
#2707 = LINE ( 'NONE', #3335, #1287 ) ;
#2708 = VERTEX_POINT ( 'NONE', #707 ) ;
#2709 = ORIENTED_EDGE ( 'NONE', *, *, #3382, .F. ) ;
#2710 = CARTESIAN_POINT ( 'NONE',  ( 0.000000000000000000, 4.000000000000000000, 0.000000000000000000 ) ) ;
#2711 = VERTEX_POINT ( 'NONE', #1801 ) ;
#2712 = ORIENTED_EDGE ( 'NONE', *, *, #4002, .F. ) ;
#2713 = ORIENTED_EDGE ( 'NONE', *, *, #379, .F. ) ;
#2714 = VECTOR ( 'NONE', #3380, 1000.000000000000000 ) ;
#2715 = CIRCLE ( 'NONE', #3480, 20.00000000000000000 ) ;
#2716 = DIRECTION ( 'NONE',  ( 0.7071067811865489050, 0.000000000000000000, -0.7071067811865462405 ) ) ;
#2717 = VERTEX_POINT ( 'NONE', #2075 ) ;
#2718 = LINE ( 'NONE', #336, #578 ) ;
#2719 = CARTESIAN_POINT ( 'NONE',  ( -2.244619851536843402, 0.000000000000000000, 8.412341060818127048 ) ) ;
#2720 = VERTEX_POINT ( 'NONE', #2468 ) ;
#2721 = AXIS2_PLACEMENT_3D ( 'NONE', #1608, #3627, #2256 ) ;
#2722 = DIRECTION ( 'NONE',  ( -1.000000000000000000, 0.000000000000000000, -0.000000000000000000 ) ) ;
#2723 = VECTOR ( 'NONE', #4191, 1000.000000000000000 ) ;
#2724 = DIRECTION ( 'NONE',  ( -0.000000000000000000, -1.000000000000000000, -0.000000000000000000 ) ) ;
#2725 = CARTESIAN_POINT ( 'NONE',  ( 0.000000000000000000, 0.000000000000000000, 0.000000000000000000 ) ) ;
#2726 = ORIENTED_EDGE ( 'NONE', *, *, #388, .F. ) ;
#2727 = EDGE_LOOP ( 'NONE', ( #1597, #1816, #1395, #422 ) ) ;
#2728 = ORIENTED_EDGE ( 'NONE', *, *, #2180, .F. ) ;
#2729 = LINE ( 'NONE', #3594, #1212 ) ;
#2730 = VECTOR ( 'NONE', #2731, 1000.000000000000000 ) ;
#2731 = DIRECTION ( 'NONE',  ( 0.000000000000000000, 0.000000000000000000, -1.000000000000000000 ) ) ;
#2732 = ORIENTED_EDGE ( 'NONE', *, *, #1337, .T. ) ;
#2733 = ORIENTED_EDGE ( 'NONE', *, *, #1999, .F. ) ;
#2734 = CIRCLE ( 'NONE', #4276, 0.3044771070633348065 ) ;
#2735 = LINE ( 'NONE', #3390, #1229 ) ;
#2736 = CARTESIAN_POINT ( 'NONE',  ( 14.08441697445819685, 3.000000000000000000, -2.251619235889195991 ) ) ;
#2737 = B_SPLINE_SURFACE_WITH_KNOTS ( 'NONE', 3, 1, ( 
 ( #3629, #1273 ),
 ( #3275, #3282 ),
 ( #3637, #3261 ),
 ( #2555, #2287 ) ),
 .UNSPECIFIED., .F., .F., .F.,
 ( 4, 4 ),
 ( 2, 2 ),
 ( 0.000000000000000000, 1.000000000000000000 ),
 ( 0.000000000000000000, 1.000000000000000000 ),
 .UNSPECIFIED. ) ;
#2738 = ORIENTED_EDGE ( 'NONE', *, *, #99, .F. ) ;
#2739 = CARTESIAN_POINT ( 'NONE',  ( 15.88629824888579023, 0.000000000000000000, -9.560151585257276707 ) ) ;
#2740 = EDGE_CURVE ( 'NONE', #4261, #3241, #2445, .T. ) ;
#2741 = ADVANCED_FACE ( 'NONE', ( #1744 ), #117, .T. ) ;
#2742 = CARTESIAN_POINT ( 'NONE',  ( -1.634976966195800241, 0.000000000000000000, 3.242047767106505329 ) ) ;
#2743 = CARTESIAN_POINT ( 'NONE',  ( 18.24277311780544863, 4.500000000000000000, 1.129848322215247558 ) ) ;
#2744 = EDGE_CURVE ( 'NONE', #1139, #2772, #1468, .T. ) ;
#2745 = ORIENTED_EDGE ( 'NONE', *, *, #527, .F. ) ;
#2746 = CARTESIAN_POINT ( 'NONE',  ( 15.88629824888579023, 5.000000000000000000, -9.255674478193940402 ) ) ;
#2747 = DIRECTION ( 'NONE',  ( 1.156482317317871725E-15, 0.000000000000000000, -1.000000000000000000 ) ) ;
#2748 = VECTOR ( 'NONE', #4221, 1000.000000000000000 ) ;
#2749 = DIRECTION ( 'NONE',  ( -2.710505431213759852E-17, 0.000000000000000000, 1.000000000000000000 ) ) ;
#2750 = CARTESIAN_POINT ( 'NONE',  ( -7.198395109848509499, 4.000000000000000000, -4.162408328803619103E-15 ) ) ;
#2751 = EDGE_CURVE ( 'NONE', #2283, #1303, #2345, .T. ) ;
#2752 = ORIENTED_EDGE ( 'NONE', *, *, #838, .F. ) ;
#2753 = ORIENTED_EDGE ( 'NONE', *, *, #4113, .T. ) ;
#2754 = EDGE_CURVE ( 'NONE', #89, #4386, #1407, .T. ) ;
#2755 = VERTEX_POINT ( 'NONE', #1126 ) ;
#2756 =( NAMED_UNIT ( * ) SI_UNIT ( $, .STERADIAN. ) SOLID_ANGLE_UNIT ( ) );
#2757 = AXIS2_PLACEMENT_3D ( 'NONE', #2375, #2716, #3368 ) ;
#2758 = DIRECTION ( 'NONE',  ( -0.000000000000000000, -1.000000000000000000, -0.000000000000000000 ) ) ;
#2759 = ORIENTED_EDGE ( 'NONE', *, *, #81, .F. ) ;
#2760 = EDGE_CURVE ( 'NONE', #3740, #671, #2013, .T. ) ;
#2761 = ORIENTED_EDGE ( 'NONE', *, *, #994, .T. ) ;
#2762 = DIRECTION ( 'NONE',  ( -0.000000000000000000, -1.000000000000000000, -0.000000000000000000 ) ) ;
#2763 = FACE_BOUND ( 'NONE', #3565, .T. ) ;
#2764 = CARTESIAN_POINT ( 'NONE',  ( 0.000000000000000000, 0.000000000000000000, 12.73933222469023008 ) ) ;
#2765 = ADVANCED_FACE ( 'NONE', ( #2111 ), #4101, .T. ) ;
#2766 = EDGE_LOOP ( 'NONE', ( #4383, #2773, #4004, #1520 ) ) ;
#2767 = DIRECTION ( 'NONE',  ( -0.000000000000000000, -1.000000000000000000, -0.000000000000000000 ) ) ;
#2768 = DIRECTION ( 'NONE',  ( 1.000000000000000000, -0.000000000000000000, 0.000000000000000000 ) ) ;
#2769 = DIRECTION ( 'NONE',  ( 0.000000000000000000, 0.000000000000000000, 1.000000000000000000 ) ) ;
#2770 = DIRECTION ( 'NONE',  ( 5.782411586589356653E-16, 0.000000000000000000, -1.000000000000000000 ) ) ;
#2771 = AXIS2_PLACEMENT_3D ( 'NONE', #1356, #3416, #433 ) ;
#2772 = VERTEX_POINT ( 'NONE', #793 ) ;
#2773 = ORIENTED_EDGE ( 'NONE', *, *, #3893, .T. ) ;
#2774 = ORIENTED_EDGE ( 'NONE', *, *, #2973, .F. ) ;
#2775 = DIRECTION ( 'NONE',  ( 0.000000000000000000, 1.000000000000000000, -0.000000000000000000 ) ) ;
#2776 = FACE_OUTER_BOUND ( 'NONE', #4000, .T. ) ;
#2777 = ORIENTED_EDGE ( 'NONE', *, *, #2136, .T. ) ;
#2778 = EDGE_CURVE ( 'NONE', #1525, #3211, #2875, .T. ) ;
#2779 = CIRCLE ( 'NONE', #1634, 0.7500000000000011102 ) ;
#2780 = ORIENTED_EDGE ( 'NONE', *, *, #1359, .F. ) ;
#2781 = PLANE ( 'NONE',  #3209 ) ;
#2782 = LINE ( 'NONE', #2106, #2703 ) ;
#2783 = EDGE_CURVE ( 'NONE', #1320, #1078, #4192, .T. ) ;
#2784 = DIRECTION ( 'NONE',  ( -0.7071067811865460184, 0.000000000000000000, -0.7071067811865490160 ) ) ;
#2785 = EDGE_CURVE ( 'NONE', #4223, #1835, #4235, .T. ) ;
#2786 = ORIENTED_EDGE ( 'NONE', *, *, #3995, .T. ) ;
#2787 = DIRECTION ( 'NONE',  ( 0.000000000000000000, 0.000000000000000000, -1.000000000000000000 ) ) ;
#2788 = CARTESIAN_POINT ( 'NONE',  ( 19.83669864921987269, 4.500000000000000000, 2.550565956810076251 ) ) ;
#2789 = CARTESIAN_POINT ( 'NONE',  ( -4.953751240975343142E-16, 3.000000000000000000, -3.106313863398757924 ) ) ;
#2790 = CARTESIAN_POINT ( 'NONE',  ( -7.198395109848505058, 0.000000000000000000, -7.360667775309767791 ) ) ;
#2791 = EDGE_CURVE ( 'NONE', #3092, #436, #3958, .T. ) ;
#2792 = ORIENTED_EDGE ( 'NONE', *, *, #2778, .F. ) ;
#2793 = EDGE_CURVE ( 'NONE', #2992, #2755, #3243, .T. ) ;
#2794 = ORIENTED_EDGE ( 'NONE', *, *, #2820, .F. ) ;
#2795 = VECTOR ( 'NONE', #460, 1000.000000000000000 ) ;
#2796 = DIRECTION ( 'NONE',  ( -0.000000000000000000, -1.000000000000000000, -0.000000000000000000 ) ) ;
#2797 = DIRECTION ( 'NONE',  ( -5.782411586589358625E-16, 0.000000000000000000, -1.000000000000000000 ) ) ;
#2798 = EDGE_CURVE ( 'NONE', #2524, #61, #1340, .T. ) ;
#2799 = CARTESIAN_POINT ( 'NONE',  ( 6.084416974482688367, 2.000000000000000000, 6.580169906002734770 ) ) ;
#2800 = ORIENTED_EDGE ( 'NONE', *, *, #6, .F. ) ;
#2801 = AXIS2_PLACEMENT_3D ( 'NONE', #1558, #2913, #1217 ) ;
#2802 = ORIENTED_EDGE ( 'NONE', *, *, #279, .F. ) ;
#2803 = LINE ( 'NONE', #43, #1583 ) ;
#2804 = EDGE_CURVE ( 'NONE', #2717, #53, #2193, .T. ) ;
#2805 = AXIS2_PLACEMENT_3D ( 'NONE', #454, #2550, #1885 ) ;
#2806 = CARTESIAN_POINT ( 'NONE',  ( 4.030680789221961824, 0.000000000000000000, -9.426775070323923700 ) ) ;
#2807 = PLANE ( 'NONE',  #2271 ) ;
#2808 = EDGE_CURVE ( 'NONE', #2108, #2823, #1513, .T. ) ;
#2809 = ORIENTED_EDGE ( 'NONE', *, *, #3124, .F. ) ;
#2810 = CARTESIAN_POINT ( 'NONE',  ( 5.008166733442999785, 5.000000000000000000, -8.130763445302774173 ) ) ;
#2811 = DIRECTION ( 'NONE',  ( 1.000000000000000000, -0.000000000000000000, -1.084202172485505297E-16 ) ) ;
#2812 = EDGE_CURVE ( 'NONE', #1511, #3942, #889, .T. ) ;
#2813 = DIRECTION ( 'NONE',  ( 0.7071067811865485719, 0.000000000000000000, -0.7071067811865465735 ) ) ;
#2814 = PLANE ( 'NONE',  #2210 ) ;
#2815 = DIRECTION ( 'NONE',  ( 0.000000000000000000, 0.000000000000000000, 1.000000000000000000 ) ) ;
#2816 = ORIENTED_EDGE ( 'NONE', *, *, #870, .F. ) ;
#2817 = LINE ( 'NONE', #4174, #3911 ) ;
#2818 = DIRECTION ( 'NONE',  ( -1.000000000000000000, 0.000000000000000000, 0.000000000000000000 ) ) ;
#2819 = AXIS2_PLACEMENT_3D ( 'NONE', #1700, #2314, #3353 ) ;
#2820 = EDGE_CURVE ( 'NONE', #2211, #2634, #4213, .T. ) ;
#2821 = CARTESIAN_POINT ( 'NONE',  ( 10.41280312030244914, 6.000000000000000000, -17.07552433097794164 ) ) ;
#2822 = ORIENTED_EDGE ( 'NONE', *, *, #1808, .T. ) ;
#2823 = VERTEX_POINT ( 'NONE', #2559 ) ;
#2824 = DIRECTION ( 'NONE',  ( 0.000000000000000000, 1.000000000000000000, -0.000000000000000000 ) ) ;
#2825 = CARTESIAN_POINT ( 'NONE',  ( -13.59943576232846496, 4.000000000000000000, -3.860667775309767791 ) ) ;
#2826 = CARTESIAN_POINT ( 'NONE',  ( -2.539928013475143409, 0.000000000000000000, -5.253247864225387254 ) ) ;
#2827 = ORIENTED_EDGE ( 'NONE', *, *, #1183, .T. ) ;
#2828 = DIRECTION ( 'NONE',  ( 0.000000000000000000, 1.000000000000000000, -0.000000000000000000 ) ) ;
#2829 = EDGE_CURVE ( 'NONE', #310, #2192, #1703, .T. ) ;
#2830 = ADVANCED_FACE ( 'NONE', ( #837 ), #3601, .T. ) ;
#2831 = CARTESIAN_POINT ( 'NONE',  ( 8.003131578013606529, 5.000000000000000000, 0.000000000000000000 ) ) ;
#2832 = CARTESIAN_POINT ( 'NONE',  ( -1.634976966195800241, 4.500000000000000000, 3.242047767106505329 ) ) ;
#2833 = PLANE ( 'NONE',  #2350 ) ;
#2834 = DIRECTION ( 'NONE',  ( 0.000000000000000000, 1.000000000000000000, 0.000000000000000000 ) ) ;
#2835 = ORIENTED_EDGE ( 'NONE', *, *, #2907, .T. ) ;
#2836 = CYLINDRICAL_SURFACE ( 'NONE', #877, 1.000000000000000888 ) ;
#2837 = ORIENTED_EDGE ( 'NONE', *, *, #1504, .F. ) ;
#2838 = EDGE_CURVE ( 'NONE', #2058, #1139, #1871, .T. ) ;
#2839 = DIRECTION ( 'NONE',  ( -1.000000000000000000, 0.000000000000000000, 0.000000000000000000 ) ) ;
#2840 = CARTESIAN_POINT ( 'NONE',  ( -13.59943576232846496, 0.000000000000000000, 11.23933222469023185 ) ) ;
#2841 = EDGE_CURVE ( 'NONE', #100, #4306, #1417, .T. ) ;
#2842 = CIRCLE ( 'NONE', #1121, 0.5000000000000004441 ) ;
#2843 = CARTESIAN_POINT ( 'NONE',  ( -13.59943576232846496, 0.000000000000000000, -3.110667775309767791 ) ) ;
#2844 = ORIENTED_EDGE ( 'NONE', *, *, #2798, .F. ) ;
#2845 = EDGE_LOOP ( 'NONE', ( #4180, #47, #1188, #3739 ) ) ;
#2846 = CARTESIAN_POINT ( 'NONE',  ( 3.900951371452998639, 0.000000000000000000, -16.54637659421418405 ) ) ;
#2847 = VECTOR ( 'NONE', #1243, 1000.000000000000000 ) ;
#2848 = CARTESIAN_POINT ( 'NONE',  ( 0.000000000000000000, 5.000000000000000000, 8.239332224690230078 ) ) ;
#2849 = CARTESIAN_POINT ( 'NONE',  ( 16.15434548383436919, 0.000000000000000000, -9.400093966359765574 ) ) ;
#2850 = ORIENTED_EDGE ( 'NONE', *, *, #3551, .F. ) ;
#2851 = CARTESIAN_POINT ( 'NONE',  ( 0.000000000000000000, 5.000000000000000000, 15.44347941987573058 ) ) ;
#2852 = CARTESIAN_POINT ( 'NONE',  ( 1.926060831110940841, 5.000000000000000000, -3.106313863398758368 ) ) ;
#2853 = DIRECTION ( 'NONE',  ( -0.000000000000000000, -1.000000000000000000, -0.000000000000000000 ) ) ;
#2854 = AXIS2_PLACEMENT_3D ( 'NONE', #767, #2128, #689 ) ;
#2855 = AXIS2_PLACEMENT_3D ( 'NONE', #359, #1725, #3448 ) ;
#2856 = LINE ( 'NONE', #2159, #1367 ) ;
#2857 = B_SPLINE_CURVE_WITH_KNOTS ( 'NONE', 3,
 ( #1495, #4197, #1157, #2522 ),
 .UNSPECIFIED., .F., .F.,
 ( 4, 4 ),
 ( 0.000000000000000000, 1.000000000000000000 ),
 .UNSPECIFIED. ) ;
#2858 = DIRECTION ( 'NONE',  ( 2.168404344971006896E-16, 0.000000000000000000, -1.000000000000000000 ) ) ;
#2859 = CARTESIAN_POINT ( 'NONE',  ( 19.21496483795051091, 1.694065894508600678E-18, -3.289189099746254286 ) ) ;
#2860 = VERTEX_POINT ( 'NONE', #1222 ) ;
#2861 = CARTESIAN_POINT ( 'NONE',  ( 0.000000000000000000, 5.000000000000000000, 0.000000000000000000 ) ) ;
#2862 = CARTESIAN_POINT ( 'NONE',  ( 0.000000000000000000, 4.000000000000000000, 5.089332224690231499 ) ) ;
#2863 = ORIENTED_EDGE ( 'NONE', *, *, #1717, .F. ) ;
#2864 = VECTOR ( 'NONE', #3497, 1000.000000000000000 ) ;
#2865 = CIRCLE ( 'NONE', #940, 0.3044771070633348065 ) ;
#2866 = VERTEX_POINT ( 'NONE', #2852 ) ;
#2867 = LINE ( 'NONE', #3899, #2663 ) ;
#2868 = CIRCLE ( 'NONE', #510, 20.00000000000000000 ) ;
#2869 = EDGE_LOOP ( 'NONE', ( #195, #1507, #1057, #1879 ) ) ;
#2870 = LINE ( 'NONE', #1123, #3762 ) ;
#2871 = LINE ( 'NONE', #2534, #1541 ) ;
#2872 = EDGE_CURVE ( 'NONE', #3300, #3740, #2842, .T. ) ;
#2873 = EDGE_LOOP ( 'NONE', ( #762, #3599, #1523, #134 ) ) ;
#2874 = CARTESIAN_POINT ( 'NONE',  ( 1.926060831110939953, 0.000000000000000000, 1.129848322215249334 ) ) ;
#2875 = LINE ( 'NONE', #3932, #2795 ) ;
#2876 = LINE ( 'NONE', #1895, #818 ) ;
#2877 = CARTESIAN_POINT ( 'NONE',  ( 0.000000000000000000, 6.000000000000000000, 0.000000000000000000 ) ) ;
#2878 = FACE_OUTER_BOUND ( 'NONE', #286, .T. ) ;
#2879 = CARTESIAN_POINT ( 'NONE',  ( -0.6867819069691842859, 6.000000000000000000, -18.53451727486475065 ) ) ;
#2880 = ORIENTED_EDGE ( 'NONE', *, *, #2328, .T. ) ;
#2881 = LINE ( 'NONE', #3512, #667 ) ;
#2882 = CARTESIAN_POINT ( 'NONE',  ( 0.000000000000000000, 5.000000000000000000, 0.000000000000000000 ) ) ;
#2883 = EDGE_CURVE ( 'NONE', #2058, #342, #3834, .T. ) ;
#2884 = ORIENTED_EDGE ( 'NONE', *, *, #4053, .F. ) ;
#2885 = ORIENTED_EDGE ( 'NONE', *, *, #3944, .F. ) ;
#2886 = LINE ( 'NONE', #1527, #1451 ) ;
#2887 = ORIENTED_EDGE ( 'NONE', *, *, #2403, .T. ) ;
#2888 = CARTESIAN_POINT ( 'NONE',  ( -6.598395109848501860, 5.000000000000000000, -10.96066777530976744 ) ) ;
#2889 = AXIS2_PLACEMENT_3D ( 'NONE', #2665, #2383, #1905 ) ;
#2890 = PLANE ( 'NONE',  #965 ) ;
#2891 = CARTESIAN_POINT ( 'NONE',  ( -13.59943576232846496, 0.000000000000000000, -3.860667775309767791 ) ) ;
#2892 = DIRECTION ( 'NONE',  ( -1.000000000000000000, 0.000000000000000000, 0.000000000000000000 ) ) ;
#2893 = AXIS2_PLACEMENT_3D ( 'NONE', #1852, #2207, #1880 ) ;
#2894 = ORIENTED_EDGE ( 'NONE', *, *, #685, .T. ) ;
#2895 = LINE ( 'NONE', #2199, #3488 ) ;
#2896 = CARTESIAN_POINT ( 'NONE',  ( 0.000000000000000000, 0.000000000000000000, 0.000000000000000000 ) ) ;
#2897 = DIRECTION ( 'NONE',  ( -1.000000000000000000, 0.000000000000000000, -0.000000000000000000 ) ) ;
#2898 = DIRECTION ( 'NONE',  ( 0.000000000000000000, 1.000000000000000000, -0.000000000000000000 ) ) ;
#2899 = CARTESIAN_POINT ( 'NONE',  ( -6.448395109848511275, 0.000000000000000000, -1.610667775309767791 ) ) ;
#2900 = CARTESIAN_POINT ( 'NONE',  ( -12.84943576232846496, 4.000000000000000000, -3.110667775309767791 ) ) ;
#2901 = ORIENTED_EDGE ( 'NONE', *, *, #1149, .T. ) ;
#2902 = FACE_BOUND ( 'NONE', #3613, .T. ) ;
#2903 = DIRECTION ( 'NONE',  ( 0.000000000000000000, 1.000000000000000000, 0.000000000000000000 ) ) ;
#2904 = ADVANCED_FACE ( 'NONE', ( #499 ), #1584, .T. ) ;
#2905 = ORIENTED_EDGE ( 'NONE', *, *, #1807, .T. ) ;
#2906 = VERTEX_POINT ( 'NONE', #3861 ) ;
#2907 = EDGE_CURVE ( 'NONE', #1331, #1839, #3220, .T. ) ;
#2908 = ORIENTED_EDGE ( 'NONE', *, *, #976, .F. ) ;
#2909 = LINE ( 'NONE', #2173, #3498 ) ;
#2910 = DIRECTION ( 'NONE',  ( -1.000000000000000000, 0.000000000000000000, -0.000000000000000000 ) ) ;
#2911 = CARTESIAN_POINT ( 'NONE',  ( -12.84943576232845075, 4.000000000000000000, -1.486014524664474102E-14 ) ) ;
#2912 = DIRECTION ( 'NONE',  ( 0.000000000000000000, 1.000000000000000000, -0.000000000000000000 ) ) ;
#2913 = DIRECTION ( 'NONE',  ( -0.000000000000000000, -1.000000000000000000, -0.000000000000000000 ) ) ;
#2914 = EDGE_LOOP ( 'NONE', ( #650, #2694, #1418, #3490 ) ) ;
#2915 = DIRECTION ( 'NONE',  ( 0.000000000000000000, 0.000000000000000000, 1.000000000000000000 ) ) ;
#2916 = EDGE_CURVE ( 'NONE', #1948, #1839, #2120, .T. ) ;
#2917 = DIRECTION ( 'NONE',  ( 0.000000000000000000, 0.000000000000000000, 1.000000000000000000 ) ) ;
#2918 = CARTESIAN_POINT ( 'NONE',  ( -2.386628845210447381, 5.000000000000000000, -5.671093132272514659 ) ) ;
#2919 = LINE ( 'NONE', #2562, #3270 ) ;
#2920 = FACE_OUTER_BOUND ( 'NONE', #1900, .T. ) ;
#2921 = VECTOR ( 'NONE', #755, 1000.000000000000000 ) ;
#2922 = CARTESIAN_POINT ( 'NONE',  ( 0.000000000000000000, 4.000000000000000000, 0.000000000000000000 ) ) ;
#2923 = CIRCLE ( 'NONE', #999, 1.000000000000000888 ) ;
#2924 = ORIENTED_EDGE ( 'NONE', *, *, #4198, .T. ) ;
#2925 = LINE ( 'NONE', #1201, #788 ) ;
#2926 = EDGE_CURVE ( 'NONE', #3278, #3375, #634, .T. ) ;
#2927 = ADVANCED_FACE ( 'NONE', ( #1602 ), #3027, .T. ) ;
#2928 = ORIENTED_EDGE ( 'NONE', *, *, #1876, .F. ) ;
#2929 = EDGE_LOOP ( 'NONE', ( #1074, #3959, #1168, #3894 ) ) ;
#2930 = DIRECTION ( 'NONE',  ( 0.000000000000000000, 0.000000000000000000, 1.000000000000000000 ) ) ;
#2931 = ADVANCED_FACE ( 'NONE', ( #3328 ), #2652, .F. ) ;
#2932 = VECTOR ( 'NONE', #317, 1000.000000000000000 ) ;
#2933 = ORIENTED_EDGE ( 'NONE', *, *, #3889, .T. ) ;
#2934 = LINE ( 'NONE', #4269, #3016 ) ;
#2935 = DIRECTION ( 'NONE',  ( -8.673617379884027583E-16, 0.000000000000000000, 1.000000000000000000 ) ) ;
#2936 = CARTESIAN_POINT ( 'NONE',  ( 16.08441697448268570, 2.000000000000000000, 4.580169906002734770 ) ) ;
#2937 = AXIS2_PLACEMENT_3D ( 'NONE', #2382, #1338, #3711 ) ;
#2938 = VERTEX_POINT ( 'NONE', #1288 ) ;
#2939 = ADVANCED_FACE ( 'NONE', ( #2005 ), #3659, .F. ) ;
#2940 = CARTESIAN_POINT ( 'NONE',  ( 0.008238259158982873254, 5.000000000000000000, -3.506945322840442802 ) ) ;
#2941 = CARTESIAN_POINT ( 'NONE',  ( 12.16570237090278894, 0.000000000000000000, 0.000000000000000000 ) ) ;
#2942 = FACE_OUTER_BOUND ( 'NONE', #2411, .T. ) ;
#2943 = DIRECTION ( 'NONE',  ( 1.000000000000000000, 0.000000000000000000, -4.336808689942015764E-16 ) ) ;
#2944 = VECTOR ( 'NONE', #1054, 1000.000000000000000 ) ;
#2945 = DIRECTION ( 'NONE',  ( 0.000000000000000000, 1.000000000000000000, 0.000000000000000000 ) ) ;
#2946 = EDGE_CURVE ( 'NONE', #1835, #1560, #954, .T. ) ;
#2947 = CIRCLE ( 'NONE', #2158, 0.7500000000000024425 ) ;
#2948 = CARTESIAN_POINT ( 'NONE',  ( 16.15434548383436919, 0.000000000000000000, -9.400093966359763797 ) ) ;
#2949 = ORIENTED_EDGE ( 'NONE', *, *, #1812, .F. ) ;
#2950 = FACE_OUTER_BOUND ( 'NONE', #1327, .T. ) ;
#2951 = ORIENTED_EDGE ( 'NONE', *, *, #605, .T. ) ;
#2952 = ORIENTED_EDGE ( 'NONE', *, *, #785, .F. ) ;
#2953 = CARTESIAN_POINT ( 'NONE',  ( 6.084416974458195959, 2.000000000000000000, -2.251619235889195991 ) ) ;
#2954 = EDGE_CURVE ( 'NONE', #3318, #3920, #1983, .T. ) ;
#2955 = ORIENTED_EDGE ( 'NONE', *, *, #1352, .T. ) ;
#2956 = ORIENTED_EDGE ( 'NONE', *, *, #15, .T. ) ;
#2957 = VERTEX_POINT ( 'NONE', #4038 ) ;
#2958 = CYLINDRICAL_SURFACE ( 'NONE', #2695, 0.1788005693583167854 ) ;
#2959 = CARTESIAN_POINT ( 'NONE',  ( 19.16103789772608224, 0.000000000000000000, 1.430918611361603920 ) ) ;
#2960 = VECTOR ( 'NONE', #2853, 1000.000000000000000 ) ;
#2961 = ORIENTED_EDGE ( 'NONE', *, *, #4225, .F. ) ;
#2962 = CARTESIAN_POINT ( 'NONE',  ( -14.34943576232846496, 0.000000000000000000, -7.360667775309766014 ) ) ;
#2963 = DIRECTION ( 'NONE',  ( 1.000000000000000000, 0.000000000000000000, -1.927470528863119295E-16 ) ) ;
#2964 = LINE ( 'NONE', #4323, #2245 ) ;
#2965 = DIRECTION ( 'NONE',  ( -0.000000000000000000, -1.000000000000000000, -0.000000000000000000 ) ) ;
#2966 = EDGE_CURVE ( 'NONE', #27, #1560, #4373, .T. ) ;
#2967 = ADVANCED_FACE ( 'NONE', ( #1977 ), #3675, .F. ) ;
#2968 = CYLINDRICAL_SURFACE ( 'NONE', #3079, 0.3044771070633348065 ) ;
#2969 = CARTESIAN_POINT ( 'NONE',  ( -13.59943576232846496, 4.000000000000000000, 11.23933222469023185 ) ) ;
#2970 = ORIENTED_EDGE ( 'NONE', *, *, #3470, .T. ) ;
#2971 = LINE ( 'NONE', #942, #1856 ) ;
#2972 = CARTESIAN_POINT ( 'NONE',  ( -1.634976966195800241, 4.500000000000000000, 3.242047767106505329 ) ) ;
#2973 = EDGE_CURVE ( 'NONE', #1078, #3325, #3006, .T. ) ;
#2974 = ADVANCED_FACE ( 'NONE', ( #3705 ), #2292, .T. ) ;
#2975 = ORIENTED_EDGE ( 'NONE', *, *, #1869, .F. ) ;
#2976 = ORIENTED_EDGE ( 'NONE', *, *, #3794, .F. ) ;
#2977 = ORIENTED_EDGE ( 'NONE', *, *, #2575, .F. ) ;
#2978 = VERTEX_POINT ( 'NONE', #337 ) ;
#2979 = CARTESIAN_POINT ( 'NONE',  ( 0.000000000000000000, 6.000000000000000000, 0.000000000000000000 ) ) ;
#2980 = LINE ( 'NONE', #3323, #3518 ) ;
#2981 = EDGE_CURVE ( 'NONE', #4261, #849, #572, .T. ) ;
#2982 = CIRCLE ( 'NONE', #1911, 3.499999999999999556 ) ;
#2983 = ORIENTED_EDGE ( 'NONE', *, *, #2091, .F. ) ;
#2984 = CARTESIAN_POINT ( 'NONE',  ( 18.70795741976706950, 5.000000000000000000, -3.203490457589410756 ) ) ;
#2985 = CARTESIAN_POINT ( 'NONE',  ( -4.648395109848519446, 0.000000000000000000, 0.1893322246902320871 ) ) ;
#2986 = DIRECTION ( 'NONE',  ( -0.000000000000000000, 1.000000000000000000, -0.000000000000000000 ) ) ;
#2987 = CARTESIAN_POINT ( 'NONE',  ( -2.275269876593832841, 5.000000000000000000, -5.643307417105276613 ) ) ;
#2988 = CARTESIAN_POINT ( 'NONE',  ( 9.892162964287326332, 0.000000000000000000, -16.22174811442904385 ) ) ;
#2989 = AXIS2_PLACEMENT_3D ( 'NONE', #2419, #2356, #3417 ) ;
#2990 = LINE ( 'NONE', #936, #579 ) ;
#2991 = DIRECTION ( 'NONE',  ( -0.000000000000000000, -1.000000000000000000, -0.000000000000000000 ) ) ;
#2992 = VERTEX_POINT ( 'NONE', #932 ) ;
#2993 = DIRECTION ( 'NONE',  ( 0.000000000000000000, 0.000000000000000000, -1.000000000000000000 ) ) ;
#2994 = ORIENTED_EDGE ( 'NONE', *, *, #3389, .T. ) ;
#2995 = DIRECTION ( 'NONE',  ( -0.000000000000000000, -1.000000000000000000, -0.000000000000000000 ) ) ;
#2996 = VECTOR ( 'NONE', #3100, 1000.000000000000000 ) ;
#2997 = EDGE_LOOP ( 'NONE', ( #2880, #1124, #4127, #3656 ) ) ;
#2998 = VERTEX_POINT ( 'NONE', #1695 ) ;
#2999 = ORIENTED_EDGE ( 'NONE', *, *, #754, .T. ) ;
#3000 = DIRECTION ( 'NONE',  ( 0.000000000000000000, 0.000000000000000000, -1.000000000000000000 ) ) ;
#3001 = LINE ( 'NONE', #1692, #4290 ) ;
#3002 = ORIENTED_EDGE ( 'NONE', *, *, #4292, .T. ) ;
#3003 = DIRECTION ( 'NONE',  ( 0.000000000000000000, 0.000000000000000000, 1.000000000000000000 ) ) ;
#3004 = CARTESIAN_POINT ( 'NONE',  ( -7.798395109848495821, 4.000000000000000000, -12.16066777530976850 ) ) ;
#3005 = AXIS2_PLACEMENT_3D ( 'NONE', #68, #2767, #1775 ) ;
#3006 = LINE ( 'NONE', #908, #3255 ) ;
#3007 = FACE_OUTER_BOUND ( 'NONE', #3516, .T. ) ;
#3008 = AXIS2_PLACEMENT_3D ( 'NONE', #4218, #3604, #1898 ) ;
#3009 = CARTESIAN_POINT ( 'NONE',  ( -11.31396215431651164, 4.000000000000000000, -16.49224849348001598 ) ) ;
#3010 = ORIENTED_EDGE ( 'NONE', *, *, #2510, .F. ) ;
#3011 = DIRECTION ( 'NONE',  ( -1.000000000000000000, 0.000000000000000000, 2.168404344971006896E-16 ) ) ;
#3012 = LINE ( 'NONE', #4356, #1792 ) ;
#3013 = CIRCLE ( 'NONE', #2226, 20.00000000000000000 ) ;
#3014 = AXIS2_PLACEMENT_3D ( 'NONE', #2244, #3239, #200 ) ;
#3015 = CARTESIAN_POINT ( 'NONE',  ( 1.926060831110939953, 4.500000000000000000, 1.129848322215249334 ) ) ;
#3016 = VECTOR ( 'NONE', #1235, 1000.000000000000114 ) ;
#3017 = ORIENTED_EDGE ( 'NONE', *, *, #2014, .T. ) ;
#3018 = EDGE_LOOP ( 'NONE', ( #373, #1171, #151, #1688 ) ) ;
#3019 = CYLINDRICAL_SURFACE ( 'NONE', #2000, 0.7499999999999997780 ) ;
#3020 = EDGE_CURVE ( 'NONE', #3300, #4173, #2982, .T. ) ;
#3021 = ORIENTED_EDGE ( 'NONE', *, *, #2143, .T. ) ;
#3022 = ORIENTED_EDGE ( 'NONE', *, *, #3107, .F. ) ;
#3023 = ORIENTED_EDGE ( 'NONE', *, *, #4177, .F. ) ;
#3024 = CARTESIAN_POINT ( 'NONE',  ( 15.45959983541345828, 5.000000000000000000, -8.960274551869625625 ) ) ;
#3025 = VERTEX_POINT ( 'NONE', #2985 ) ;
#3026 = DIRECTION ( 'NONE',  ( -0.000000000000000000, -1.000000000000000000, -0.000000000000000000 ) ) ;
#3027 = PLANE ( 'NONE',  #911 ) ;
#3028 = LINE ( 'NONE', #978, #2847 ) ;
#3029 = AXIS2_PLACEMENT_3D ( 'NONE', #1603, #2653, #2312 ) ;
#3030 = VERTEX_POINT ( 'NONE', #2677 ) ;
#3031 = CARTESIAN_POINT ( 'NONE',  ( 14.08441697445819685, 3.000000000000000000, -2.251619235889195991 ) ) ;
#3032 = CARTESIAN_POINT ( 'NONE',  ( 3.122985938718636056, 5.000000000000000000, -8.090675628649709239 ) ) ;
#3033 = CARTESIAN_POINT ( 'NONE',  ( -19.33600462583752844, 5.000000000000000000, -5.110667775309770455 ) ) ;
#3034 = ORIENTED_EDGE ( 'NONE', *, *, #2981, .F. ) ;
#3035 = ORIENTED_EDGE ( 'NONE', *, *, #2123, .F. ) ;
#3036 = DIRECTION ( 'NONE',  ( 0.000000000000000000, 1.000000000000000000, -0.000000000000000000 ) ) ;
#3037 = ADVANCED_FACE ( 'NONE', ( #4322 ), #7, .F. ) ;
#3038 = ORIENTED_EDGE ( 'NONE', *, *, #2584, .F. ) ;
#3039 = EDGE_LOOP ( 'NONE', ( #2753, #3347, #384, #2221, #4365 ) ) ;
#3040 = ORIENTED_EDGE ( 'NONE', *, *, #697, .F. ) ;
#3041 = VECTOR ( 'NONE', #651, 1000.000000000000000 ) ;
#3042 = DIRECTION ( 'NONE',  ( -0.000000000000000000, -1.000000000000000000, -0.000000000000000000 ) ) ;
#3043 = ORIENTED_EDGE ( 'NONE', *, *, #4024, .F. ) ;
#3044 = CARTESIAN_POINT ( 'NONE',  ( 19.21496488119912627, 5.000000000000000000, -3.289189107056497807 ) ) ;
#3045 = CARTESIAN_POINT ( 'NONE',  ( 3.900951371452998639, 6.000000000000000000, -16.54637659421418405 ) ) ;
#3046 = DIRECTION ( 'NONE',  ( 0.000000000000000000, 0.000000000000000000, 1.000000000000000000 ) ) ;
#3047 = VECTOR ( 'NONE', #4255, 1000.000000000000000 ) ;
#3048 = VERTEX_POINT ( 'NONE', #3285 ) ;
#3049 = CARTESIAN_POINT ( 'NONE',  ( 19.38655634580746323, 4.500000000000000000, 2.490294255477051966 ) ) ;
#3051 = CARTESIAN_POINT ( 'NONE',  ( -1.737662613365197783, 4.500000000000000000, 3.095673925631122980 ) ) ;
#3050 = B_SPLINE_SURFACE_WITH_KNOTS ( 'NONE', 2, 1, ( 
 ( #3478, #45 ),
 ( #700, #3130 ),
 ( #63, #2440 ) ),
 .UNSPECIFIED., .F., .F., .F.,
 ( 3, 3 ),
 ( 2, 2 ),
 ( 0.000000000000000000, 0.3759629055004417575 ),
 ( 0.000000000000000000, 1.000000000000000000 ),
 .UNSPECIFIED. ) ;
#3052 = DIRECTION ( 'NONE',  ( 1.000000000000000000, -0.000000000000000000, 5.782411586589356653E-16 ) ) ;
#3053 = VECTOR ( 'NONE', #4210, 1000.000000000000000 ) ;
#3054 = ORIENTED_EDGE ( 'NONE', *, *, #2183, .T. ) ;
#3055 = VERTEX_POINT ( 'NONE', #248 ) ;
#3056 = ADVANCED_FACE ( 'NONE', ( #1772 ), #3050, .T. ) ;
#3057 = ORIENTED_EDGE ( 'NONE', *, *, #3249, .F. ) ;
#3058 = CARTESIAN_POINT ( 'NONE',  ( 4.084416974458195959, 2.000000000000000000, -0.2516192358891953806 ) ) ;
#3059 = EDGE_CURVE ( 'NONE', #2978, #355, #3153, .T. ) ;
#3060 = ADVANCED_FACE ( 'NONE', ( #4059, #3808, #2763, #3772, #1740, #4081, #2069, #1401, #353, #85 ), #1716, .F. ) ;
#3061 = LINE ( 'NONE', #21, #2730 ) ;
#3062 = EDGE_LOOP ( 'NONE', ( #3263, #2732, #969, #4264 ) ) ;
#3063 = ORIENTED_EDGE ( 'NONE', *, *, #915, .T. ) ;
#3064 = VECTOR ( 'NONE', #1214, 1000.000000000000000 ) ;
#3065 = EDGE_CURVE ( 'NONE', #4363, #1987, #3110, .T. ) ;
#3066 = VECTOR ( 'NONE', #982, 1000.000000000000000 ) ;
#3067 = DIRECTION ( 'NONE',  ( -0.000000000000000000, -1.000000000000000000, -0.000000000000000000 ) ) ;
#3068 = CARTESIAN_POINT ( 'NONE',  ( -12.84943576232846496, 4.000000000000000000, -1.610667775309767791 ) ) ;
#3069 = VERTEX_POINT ( 'NONE', #1420 ) ;
#3070 = FACE_OUTER_BOUND ( 'NONE', #2406, .T. ) ;
#3071 = DIRECTION ( 'NONE',  ( -0.000000000000000000, -1.000000000000000000, -0.000000000000000000 ) ) ;
#3072 = CARTESIAN_POINT ( 'NONE',  ( 14.08441697445819685, 3.000000000000000000, -0.2516192358891957692 ) ) ;
#3073 = EDGE_CURVE ( 'NONE', #1392, #3663, #890, .T. ) ;
#3074 = ORIENTED_EDGE ( 'NONE', *, *, #1939, .T. ) ;
#3075 = CARTESIAN_POINT ( 'NONE',  ( -14.34943576232846674, 4.000000000000000000, 3.589332224690231943 ) ) ;
#3076 = EDGE_CURVE ( 'NONE', #1348, #4036, #207, .T. ) ;
#3077 = VECTOR ( 'NONE', #352, 1000.000000000000000 ) ;
#3078 = DIRECTION ( 'NONE',  ( -1.000000000000000000, 0.000000000000000000, -0.000000000000000000 ) ) ;
#3079 = AXIS2_PLACEMENT_3D ( 'NONE', #4302, #1269, #3972 ) ;
#3080 = CARTESIAN_POINT ( 'NONE',  ( 11.08441697445820040, 3.000000000000000000, -2.251619235889195547 ) ) ;
#3081 = LINE ( 'NONE', #1049, #2073 ) ;
#3082 = EDGE_CURVE ( 'NONE', #1763, #968, #840, .T. ) ;
#3083 = ORIENTED_EDGE ( 'NONE', *, *, #3223, .F. ) ;
#3084 = ORIENTED_EDGE ( 'NONE', *, *, #2180, .T. ) ;
#3085 = VERTEX_POINT ( 'NONE', #2719 ) ;
#3086 = CARTESIAN_POINT ( 'NONE',  ( 15.59907826911246609, 0.000000000000000000, -9.356723931159645957 ) ) ;
#3087 = CARTESIAN_POINT ( 'NONE',  ( -1.527074146088831009E-15, 5.000000000000000000, -8.130763445302772396 ) ) ;
#3088 = VERTEX_POINT ( 'NONE', #2127 ) ;
#3089 = EDGE_CURVE ( 'NONE', #4173, #3300, #2478, .T. ) ;
#3090 = AXIS2_PLACEMENT_3D ( 'NONE', #2922, #2542, #3886 ) ;
#3091 = CARTESIAN_POINT ( 'NONE',  ( -2.244619851536843402, 5.000000000000000000, 8.412341060818127048 ) ) ;
#3092 = VERTEX_POINT ( 'NONE', #3730 ) ;
#3093 = LINE ( 'NONE', #3151, #2864 ) ;
#3094 = CARTESIAN_POINT ( 'NONE',  ( -1.047441870649570506, 0.000000000000000000, -4.989905532594348436 ) ) ;
#3095 = DIRECTION ( 'NONE',  ( 1.000000000000000000, -0.000000000000000000, 0.000000000000000000 ) ) ;
#3096 = ORIENTED_EDGE ( 'NONE', *, *, #4198, .F. ) ;
#3097 = FACE_OUTER_BOUND ( 'NONE', #3635, .T. ) ;
#3098 = DIRECTION ( 'NONE',  ( 0.7071067811865490160, 0.000000000000000000, -0.7071067811865460184 ) ) ;
#3099 = DIRECTION ( 'NONE',  ( 1.000000000000000000, 0.000000000000000000, -0.000000000000000000 ) ) ;
#3100 = DIRECTION ( 'NONE',  ( -1.000000000000000000, 0.000000000000000000, 0.000000000000000000 ) ) ;
#3101 = ORIENTED_EDGE ( 'NONE', *, *, #3558, .T. ) ;
#3102 = ORIENTED_EDGE ( 'NONE', *, *, #2793, .F. ) ;
#3103 = ORIENTED_EDGE ( 'NONE', *, *, #2954, .T. ) ;
#3104 = LINE ( 'NONE', #3087, #3428 ) ;
#3105 = ADVANCED_FACE ( 'NONE', ( #375 ), #1024, .T. ) ;
#3106 = VERTEX_POINT ( 'NONE', #746 ) ;
#3107 = EDGE_CURVE ( 'NONE', #1272, #3867, #2782, .T. ) ;
#3108 = VERTEX_POINT ( 'NONE', #1105 ) ;
#3109 = PLANE ( 'NONE',  #2359 ) ;
#3110 = LINE ( 'NONE', #3790, #694 ) ;
#3111 = CARTESIAN_POINT ( 'NONE',  ( -2.418863667269386397, 4.000000000000000000, 2.418863667269375295 ) ) ;
#3112 = ADVANCED_FACE ( 'NONE', ( #2087 ), #4116, .T. ) ;
#3113 = VERTEX_POINT ( 'NONE', #3461 ) ;
#3114 = EDGE_CURVE ( 'NONE', #3562, #1752, #412, .T. ) ;
#3115 = CARTESIAN_POINT ( 'NONE',  ( 0.000000000000000000, 4.000000000000000000, 0.000000000000000000 ) ) ;
#3116 = CARTESIAN_POINT ( 'NONE',  ( 0.000000000000000000, 4.000000000000000000, -12.16066777530976850 ) ) ;
#3117 = LINE ( 'NONE', #3759, #79 ) ;
#3118 = CARTESIAN_POINT ( 'NONE',  ( 16.08441697448268570, 2.000000000000000000, 4.580169906002734770 ) ) ;
#3119 = EDGE_CURVE ( 'NONE', #2305, #4091, #1187, .T. ) ;
#3120 = ORIENTED_EDGE ( 'NONE', *, *, #740, .F. ) ;
#3121 = ORIENTED_EDGE ( 'NONE', *, *, #4341, .T. ) ;
#3122 = EDGE_LOOP ( 'NONE', ( #718, #4171, #2347, #2951 ) ) ;
#3123 = DIRECTION ( 'NONE',  ( -1.000000000000000000, 0.000000000000000000, -4.336808689942017736E-16 ) ) ;
#3124 = EDGE_CURVE ( 'NONE', #488, #968, #2886, .T. ) ;
#3125 = FACE_OUTER_BOUND ( 'NONE', #3155, .T. ) ;
#3126 = ORIENTED_EDGE ( 'NONE', *, *, #191, .F. ) ;
#3127 = CIRCLE ( 'NONE', #3617, 0.3044771070633348065 ) ;
#3128 = VERTEX_POINT ( 'NONE', #880 ) ;
#3129 = CARTESIAN_POINT ( 'NONE',  ( 2.902539226871167386E-16, 3.000000000000000000, 2.490294255477054186 ) ) ;
#3130 = CARTESIAN_POINT ( 'NONE',  ( 19.16103790266095785, 0.000000000000000000, 1.430918612979593885 ) ) ;
#3131 = AXIS2_PLACEMENT_3D ( 'NONE', #1387, #2749, #2402 ) ;
#3132 = DIRECTION ( 'NONE',  ( -0.000000000000000000, 1.000000000000000000, -0.000000000000000000 ) ) ;
#3133 = EDGE_LOOP ( 'NONE', ( #1341, #1814, #2619, #1138 ) ) ;
#3134 = DIRECTION ( 'NONE',  ( -1.000000000000000000, 0.000000000000000000, 4.336808689942017736E-16 ) ) ;
#3135 = LINE ( 'NONE', #3157, #1296 ) ;
#3136 = CARTESIAN_POINT ( 'NONE',  ( 0.000000000000000000, 5.000000000000000000, -10.36066777530976779 ) ) ;
#3137 = CARTESIAN_POINT ( 'NONE',  ( 1.926060831110940175, 0.000000000000000000, 3.943643790639312038E-16 ) ) ;
#3138 = ORIENTED_EDGE ( 'NONE', *, *, #1255, .T. ) ;
#3139 = ORIENTED_EDGE ( 'NONE', *, *, #3584, .T. ) ;
#3140 = CIRCLE ( 'NONE', #372, 20.00000000000000000 ) ;
#3141 = CARTESIAN_POINT ( 'NONE',  ( 15.16066721547339036, 0.000000000000000000, -8.130763445302775949 ) ) ;
#3142 = CARTESIAN_POINT ( 'NONE',  ( -12.84943576232845075, 4.000000000000000000, -1.486014524664474102E-14 ) ) ;
#3143 = CARTESIAN_POINT ( 'NONE',  ( -2.539928013475143409, 0.000000000000000000, -5.253247864225387254 ) ) ;
#3144 = ORIENTED_EDGE ( 'NONE', *, *, #231, .F. ) ;
#3145 = AXIS2_PLACEMENT_3D ( 'NONE', #2846, #3438, #1817 ) ;
#3146 = CIRCLE ( 'NONE', #444, 20.00000000000000000 ) ;
#3147 = CARTESIAN_POINT ( 'NONE',  ( -5.548395109848520690, 4.000000000000000000, 5.089332224690231499 ) ) ;
#3148 = EDGE_CURVE ( 'NONE', #4128, #327, #105, .T. ) ;
#3149 = EDGE_CURVE ( 'NONE', #2108, #3427, #1946, .T. ) ;
#3150 = ORIENTED_EDGE ( 'NONE', *, *, #86, .F. ) ;
#3151 = CARTESIAN_POINT ( 'NONE',  ( -3.448395109848527706, 4.000000000000000000, 7.189332224690230255 ) ) ;
#3152 = AXIS2_PLACEMENT_3D ( 'NONE', #4172, #3510, #2254 ) ;
#3153 = LINE ( 'NONE', #3440, #1559 ) ;
#3154 = CARTESIAN_POINT ( 'NONE',  ( 2.902539226871167386E-16, 4.500000000000000000, 2.490294255477054186 ) ) ;
#3155 = EDGE_LOOP ( 'NONE', ( #11, #1095, #814, #1034 ) ) ;
#3156 = LINE ( 'NONE', #3775, #2723 ) ;
#3157 = CARTESIAN_POINT ( 'NONE',  ( 11.08441697445819685, 3.000000000000000000, -0.2516192358891957692 ) ) ;
#3158 = DIRECTION ( 'NONE',  ( 0.000000000000000000, 0.000000000000000000, 1.000000000000000000 ) ) ;
#3159 = EDGE_CURVE ( 'NONE', #2083, #1051, #3359, .T. ) ;
#3160 = DIRECTION ( 'NONE',  ( 0.000000000000000000, 1.000000000000000000, 0.000000000000000000 ) ) ;
#3161 = DIRECTION ( 'NONE',  ( -2.168404344971008868E-16, 0.000000000000000000, -1.000000000000000000 ) ) ;
#3162 = CIRCLE ( 'NONE', #813, 0.7500000000000024425 ) ;
#3163 = ORIENTED_EDGE ( 'NONE', *, *, #2372, .F. ) ;
#3164 = DIRECTION ( 'NONE',  ( -0.000000000000000000, 1.000000000000000000, -0.000000000000000000 ) ) ;
#3165 = AXIS2_PLACEMENT_3D ( 'NONE', #1447, #792, #4164 ) ;
#3166 = CARTESIAN_POINT ( 'NONE',  ( 11.08441697445819685, 2.000000000000000000, -0.2516192358891957692 ) ) ;
#3167 = ORIENTED_EDGE ( 'NONE', *, *, #553, .T. ) ;
#3168 = VECTOR ( 'NONE', #4211, 1000.000000000000000 ) ;
#3169 = ORIENTED_EDGE ( 'NONE', *, *, #4297, .T. ) ;
#3170 = CARTESIAN_POINT ( 'NONE',  ( 10.41280312030244914, 6.000000000000000000, -17.07552433097794164 ) ) ;
#3171 = APPLICATION_CONTEXT ( 'automotive_design' ) ;
#3172 = CARTESIAN_POINT ( 'NONE',  ( 19.08090855999465418, 5.000000000000000000, -4.954547715722342538 ) ) ;
#3173 = CARTESIAN_POINT ( 'NONE',  ( -12.84943576232846496, 0.000000000000000000, 12.73933222469023008 ) ) ;
#3174 = VERTEX_POINT ( 'NONE', #3213 ) ;
#3175 = PLANE ( 'NONE',  #3277 ) ;
#3176 = B_SPLINE_CURVE_WITH_KNOTS ( 'NONE', 3,
 ( #3925, #3614, #3526, #242 ),
 .UNSPECIFIED., .F., .F.,
 ( 4, 4 ),
 ( 0.000000000000000000, 1.000000000000000000 ),
 .UNSPECIFIED. ) ;
#3177 = DIRECTION ( 'NONE',  ( 1.000000000000000000, -0.000000000000000000, -1.084202172485505297E-16 ) ) ;
#3178 = LINE ( 'NONE', #3530, #1036 ) ;
#3179 = DIRECTION ( 'NONE',  ( 0.000000000000000000, -0.000000000000000000, 1.000000000000000000 ) ) ;
#3180 = DIRECTION ( 'NONE',  ( 1.000000000000000000, 0.000000000000000000, -2.168404344971008868E-16 ) ) ;
#3181 = CARTESIAN_POINT ( 'NONE',  ( 0.000000000000000000, 1.000000000000000000, 0.000000000000000000 ) ) ;
#3182 = DIRECTION ( 'NONE',  ( 1.927470528863119295E-16, 0.000000000000000000, 1.000000000000000000 ) ) ;
#3183 = ORIENTED_EDGE ( 'NONE', *, *, #2672, .T. ) ;
#3184 = DIRECTION ( 'NONE',  ( 0.000000000000000000, 0.000000000000000000, 1.000000000000000000 ) ) ;
#3185 = VECTOR ( 'NONE', #2583, 1000.000000000000000 ) ;
#3186 = PLANE ( 'NONE',  #443 ) ;
#3187 = ORIENTED_EDGE ( 'NONE', *, *, #136, .T. ) ;
#3188 = VERTEX_POINT ( 'NONE', #1820 ) ;
#3189 = CARTESIAN_POINT ( 'NONE',  ( -19.97031184794697722, 4.000000000000000000, 1.089332224690231943 ) ) ;
#3190 = VECTOR ( 'NONE', #376, 1000.000000000000000 ) ;
#3191 = EDGE_CURVE ( 'NONE', #3920, #124, #2194, .T. ) ;
#3192 = DIRECTION ( 'NONE',  ( -0.000000000000000000, -1.000000000000000000, -0.000000000000000000 ) ) ;
#3193 = ORIENTED_EDGE ( 'NONE', *, *, #2783, .T. ) ;
#3194 = FACE_OUTER_BOUND ( 'NONE', #2869, .T. ) ;
#3195 = VERTEX_POINT ( 'NONE', #3874 ) ;
#3196 = CARTESIAN_POINT ( 'NONE',  ( 1.926060831110939953, 0.000000000000000000, 1.129848322215249334 ) ) ;
#3197 = DIRECTION ( 'NONE',  ( 0.000000000000000000, 0.000000000000000000, 1.000000000000000000 ) ) ;
#3198 = PLANE ( 'NONE',  #3591 ) ;
#3199 = VECTOR ( 'NONE', #2796, 1000.000000000000000 ) ;
#3200 = CARTESIAN_POINT ( 'NONE',  ( 5.008166733442999785, 0.000000000000000000, -8.130763445302774173 ) ) ;
#3201 = AXIS2_PLACEMENT_3D ( 'NONE', #1702, #3424, #3467 ) ;
#3202 = EDGE_CURVE ( 'NONE', #1560, #240, #2530, .T. ) ;
#3203 = PLANE ( 'NONE',  #4267 ) ;
#3204 = DIRECTION ( 'NONE',  ( 0.000000000000000000, 0.000000000000000000, 1.000000000000000000 ) ) ;
#3205 = ORIENTED_EDGE ( 'NONE', *, *, #4215, .F. ) ;
#3206 = FACE_OUTER_BOUND ( 'NONE', #1005, .T. ) ;
#3207 = DIRECTION ( 'NONE',  ( 1.000000000000000000, 0.000000000000000000, -1.084202172485505420E-16 ) ) ;
#3208 = ORIENTED_EDGE ( 'NONE', *, *, #2926, .T. ) ;
#3209 = AXIS2_PLACEMENT_3D ( 'NONE', #2416, #4096, #110 ) ;
#3210 = VECTOR ( 'NONE', #2133, 1000.000000000000000 ) ;
#3211 = VERTEX_POINT ( 'NONE', #2512 ) ;
#3212 = EDGE_CURVE ( 'NONE', #515, #291, #3481, .T. ) ;
#3213 = CARTESIAN_POINT ( 'NONE',  ( -2.539928013475143409, 5.000000000000000000, -5.253247864225387254 ) ) ;
#3214 = AXIS2_PLACEMENT_3D ( 'NONE', #3493, #1204, #171 ) ;
#3215 = ORIENTED_EDGE ( 'NONE', *, *, #4292, .F. ) ;
#3216 = LINE ( 'NONE', #2196, #2561 ) ;
#3217 = ORIENTED_EDGE ( 'NONE', *, *, #1876, .T. ) ;
#3218 = CARTESIAN_POINT ( 'NONE',  ( 0.008238259158982873254, 0.000000000000000000, -3.506945322840442802 ) ) ;
#3219 = VECTOR ( 'NONE', #2298, 1000.000000000000000 ) ;
#3220 = LINE ( 'NONE', #816, #2405 ) ;
#3221 = LINE ( 'NONE', #1872, #463 ) ;
#3222 = DIRECTION ( 'NONE',  ( 0.000000000000000000, 0.000000000000000000, 1.000000000000000000 ) ) ;
#3223 = EDGE_CURVE ( 'NONE', #1139, #2096, #4161, .T. ) ;
#3224 = DIRECTION ( 'NONE',  ( 0.000000000000000000, 0.000000000000000000, 1.000000000000000000 ) ) ;
#3225 = CARTESIAN_POINT ( 'NONE',  ( -2.386628845210447381, 5.000000000000000000, -5.434049281152868893 ) ) ;
#3226 = VERTEX_POINT ( 'NONE', #1554 ) ;
#3227 = FACE_OUTER_BOUND ( 'NONE', #1008, .T. ) ;
#3228 = CARTESIAN_POINT ( 'NONE',  ( 8.893627698814938753, 0.000000000000000000, -16.27585286105989937 ) ) ;
#3229 = ORIENTED_EDGE ( 'NONE', *, *, #1565, .T. ) ;
#3230 = VECTOR ( 'NONE', #339, 1000.000000000000000 ) ;
#3231 = EDGE_CURVE ( 'NONE', #2213, #3226, #2240, .T. ) ;
#3232 = EDGE_LOOP ( 'NONE', ( #2547, #1927, #2752, #2975 ) ) ;
#3233 = EDGE_CURVE ( 'NONE', #1619, #3633, #1907, .T. ) ;
#3234 = DIRECTION ( 'NONE',  ( -2.848692784669627459E-15, 0.000000000000000000, 1.000000000000000000 ) ) ;
#3235 = CARTESIAN_POINT ( 'NONE',  ( -12.84943576232846496, 0.000000000000000000, 5.089332224690231499 ) ) ;
#3236 = AXIS2_PLACEMENT_3D ( 'NONE', #1965, #236, #2930 ) ;
#3237 = CARTESIAN_POINT ( 'NONE',  ( 0.000000000000000000, 4.000000000000000000, 12.73933222469023008 ) ) ;
#3238 = LINE ( 'NONE', #199, #2535 ) ;
#3239 = DIRECTION ( 'NONE',  ( -1.000000000000000000, 0.000000000000000000, -1.156482317317870344E-15 ) ) ;
#3240 = VECTOR ( 'NONE', #558, 1000.000000000000000 ) ;
#3241 = VERTEX_POINT ( 'NONE', #2487 ) ;
#3242 = DIRECTION ( 'NONE',  ( -1.734723475976807489E-15, -0.000000000000000000, -1.000000000000000000 ) ) ;
#3243 = LINE ( 'NONE', #2941, #3047 ) ;
#3244 = LINE ( 'NONE', #2918, #3446 ) ;
#3245 = EDGE_CURVE ( 'NONE', #1850, #330, #3855, .T. ) ;
#3246 = DIRECTION ( 'NONE',  ( 0.000000000000000000, 1.000000000000000000, 0.000000000000000000 ) ) ;
#3247 = EDGE_CURVE ( 'NONE', #3375, #791, #2734, .T. ) ;
#3248 = CARTESIAN_POINT ( 'NONE',  ( 11.08441697445819685, 3.000000000000000000, -0.2516192358891957692 ) ) ;
#3249 = EDGE_CURVE ( 'NONE', #2353, #2097, #2867, .T. ) ;
#3250 = CYLINDRICAL_SURFACE ( 'NONE', #3152, 0.7500000000000024425 ) ;
#3251 = VERTEX_POINT ( 'NONE', #1142 ) ;
#3252 = DIRECTION ( 'NONE',  ( 0.000000000000000000, 0.000000000000000000, -1.000000000000000000 ) ) ;
#3253 = VERTEX_POINT ( 'NONE', #3567 ) ;
#3254 = PLANE ( 'NONE',  #1325 ) ;
#3255 = VECTOR ( 'NONE', #2311, 1000.000000000000000 ) ;
#3256 = EDGE_CURVE ( 'NONE', #1764, #4345, #2909, .T. ) ;
#3257 = ORIENTED_EDGE ( 'NONE', *, *, #289, .T. ) ;
#3258 = CARTESIAN_POINT ( 'NONE',  ( -14.34943576232846318, 4.000000000000000000, -8.860667775309767791 ) ) ;
#3259 = CARTESIAN_POINT ( 'NONE',  ( 16.08441697445820040, 3.000000000000000000, -2.251619235889195547 ) ) ;
#3260 = DIRECTION ( 'NONE',  ( -1.156482317317871725E-15, 0.000000000000000000, 1.000000000000000000 ) ) ;
#3261 = CARTESIAN_POINT ( 'NONE',  ( 15.16066721547339036, 0.000000000000000000, -8.130763445302775949 ) ) ;
#3262 = VECTOR ( 'NONE', #2679, 1000.000000000000000 ) ;
#3263 = ORIENTED_EDGE ( 'NONE', *, *, #3089, .F. ) ;
#3264 = CARTESIAN_POINT ( 'NONE',  ( 0.000000000000000000, 4.000000000000000000, 5.089332224690231499 ) ) ;
#3265 = DIRECTION ( 'NONE',  ( 0.000000000000000000, 0.000000000000000000, 1.000000000000000000 ) ) ;
#3266 = DIRECTION ( 'NONE',  ( 1.000000000000000000, 0.000000000000000000, 0.000000000000000000 ) ) ;
#3267 = CARTESIAN_POINT ( 'NONE',  ( -7.798415018066235049, 0.000000000000000000, -12.16068768352750773 ) ) ;
#3268 = ADVANCED_FACE ( 'NONE', ( #4208 ), #1213, .F. ) ;
#3269 = CARTESIAN_POINT ( 'NONE',  ( 1.926060831110939953, 4.500000000000000000, 1.129848322215249334 ) ) ;
#3270 = VECTOR ( 'NONE', #3912, 1000.000000000000000 ) ;
#3271 = CARTESIAN_POINT ( 'NONE',  ( 2.902539226871167386E-16, 4.500000000000000000, 2.490294255477054186 ) ) ;
#3272 = VECTOR ( 'NONE', #1111, 1000.000000000000000 ) ;
#3273 = FACE_BOUND ( 'NONE', #3360, .T. ) ;
#3274 = ORIENTED_EDGE ( 'NONE', *, *, #2791, .T. ) ;
#3275 = CARTESIAN_POINT ( 'NONE',  ( 15.45959983541345828, 5.000000000000000000, -8.960274551869625625 ) ) ;
#3276 = PLANE ( 'NONE',  #2102 ) ;
#3277 = AXIS2_PLACEMENT_3D ( 'NONE', #3115, #1467, #3860 ) ;
#3278 = VERTEX_POINT ( 'NONE', #175 ) ;
#3279 = EDGE_CURVE ( 'NONE', #213, #1368, #1575, .T. ) ;
#3280 = EDGE_CURVE ( 'NONE', #192, #3085, #2934, .T. ) ;
#3281 = DIRECTION ( 'NONE',  ( -1.878143616355039418E-16, 0.000000000000000000, -1.000000000000000000 ) ) ;
#3282 = CARTESIAN_POINT ( 'NONE',  ( 15.45959983541345828, 0.000000000000000000, -8.960274551869625625 ) ) ;
#3283 = ORIENTED_EDGE ( 'NONE', *, *, #642, .T. ) ;
#3284 = FACE_BOUND ( 'NONE', #2016, .T. ) ;
#3285 = CARTESIAN_POINT ( 'NONE',  ( -5.548395109848521578, 0.000000000000000000, 1.089332224690231943 ) ) ;
#3286 = CARTESIAN_POINT ( 'NONE',  ( -6.448395109848513052, 4.000000000000000000, -5.110667775309772232 ) ) ;
#3287 = CARTESIAN_POINT ( 'NONE',  ( 11.08441697448269103, 2.000000000000000000, 4.580169906002733882 ) ) ;
#3288 = VECTOR ( 'NONE', #3847, 1000.000000000000000 ) ;
#3289 = ADVANCED_FACE ( 'NONE', ( #4199 ), #2836, .F. ) ;
#3290 = EDGE_CURVE ( 'NONE', #3405, #2258, #557, .T. ) ;
#3291 = DIRECTION ( 'NONE',  ( 0.000000000000000000, 1.000000000000000000, -0.000000000000000000 ) ) ;
#3292 = VECTOR ( 'NONE', #3826, 1000.000000000000000 ) ;
#3293 = DIRECTION ( 'NONE',  ( 1.000000000000000000, 0.000000000000000000, -4.336808689942013792E-16 ) ) ;
#3294 = LINE ( 'NONE', #599, #2687 ) ;
#3295 = ORIENTED_EDGE ( 'NONE', *, *, #1940, .F. ) ;
#3296 = ORIENTED_EDGE ( 'NONE', *, *, #1209, .T. ) ;
#3297 = CARTESIAN_POINT ( 'NONE',  ( 11.08441697448269103, 2.000000000000000000, 4.580169906002733882 ) ) ;
#3298 = ADVANCED_FACE ( 'NONE', ( #2161 ), #3250, .F. ) ;
#3299 = VERTEX_POINT ( 'NONE', #3606 ) ;
#3300 = VERTEX_POINT ( 'NONE', #1131 ) ;
#3301 = ORIENTED_EDGE ( 'NONE', *, *, #2519, .T. ) ;
#3302 = ORIENTED_EDGE ( 'NONE', *, *, #4146, .F. ) ;
#3303 = CARTESIAN_POINT ( 'NONE',  ( 15.16066721547339036, 5.000000000000000000, -8.130763445302775949 ) ) ;
#3304 = CARTESIAN_POINT ( 'NONE',  ( 15.88629824888579023, 0.000000000000000000, -9.255674478193940402 ) ) ;
#3305 = VECTOR ( 'NONE', #1563, 1000.000000000000000 ) ;
#3306 = VERTEX_POINT ( 'NONE', #3556 ) ;
#3307 = CARTESIAN_POINT ( 'NONE',  ( 19.21496488119912627, 0.000000000000000000, -3.289189107056497807 ) ) ;
#3308 = DIRECTION ( 'NONE',  ( 0.000000000000000000, 0.000000000000000000, 1.000000000000000000 ) ) ;
#3309 = CARTESIAN_POINT ( 'NONE',  ( -19.33600462583752844, 4.000000000000000000, -5.110667775309770455 ) ) ;
#3310 = AXIS2_PLACEMENT_3D ( 'NONE', #1887, #3281, #3902 ) ;
#3311 = DIRECTION ( 'NONE',  ( 0.000000000000000000, 0.000000000000000000, -1.000000000000000000 ) ) ;
#3312 = DIRECTION ( 'NONE',  ( 0.000000000000000000, 1.000000000000000000, -0.000000000000000000 ) ) ;
#3313 = FACE_OUTER_BOUND ( 'NONE', #3018, .T. ) ;
#3314 = CARTESIAN_POINT ( 'NONE',  ( -15.41782781292387838, 5.000000000000000000, 12.73933222469023008 ) ) ;
#3315 = EDGE_LOOP ( 'NONE', ( #3215, #3897, #2726, #23, #3733 ) ) ;
#3316 = CARTESIAN_POINT ( 'NONE',  ( 16.08441697448268570, 3.000000000000000000, 4.580169906002734770 ) ) ;
#3317 = CARTESIAN_POINT ( 'NONE',  ( -12.84943576232846318, 0.000000000000000000, 11.23933222469023185 ) ) ;
#3318 = VERTEX_POINT ( 'NONE', #2900 ) ;
#3319 = VERTEX_POINT ( 'NONE', #2499 ) ;
#3320 = ORIENTED_EDGE ( 'NONE', *, *, #3761, .T. ) ;
#3321 = ORIENTED_EDGE ( 'NONE', *, *, #1727, .F. ) ;
#3322 = CARTESIAN_POINT ( 'NONE',  ( 16.15434548383436919, 5.000000000000000000, -9.400093966359765574 ) ) ;
#3323 = CARTESIAN_POINT ( 'NONE',  ( 0.08113633273061580942, 0.000000000000000000, -0.08113633273061547635 ) ) ;
#3324 = AXIS2_PLACEMENT_3D ( 'NONE', #391, #2417, #1756 ) ;
#3325 = VERTEX_POINT ( 'NONE', #209 ) ;
#3326 = CARTESIAN_POINT ( 'NONE',  ( 0.000000000000000000, 5.000000000000000000, 0.000000000000000000 ) ) ;
#3327 = LINE ( 'NONE', #3729, #4195 ) ;
#3328 = FACE_OUTER_BOUND ( 'NONE', #3122, .T. ) ;
#3329 = CARTESIAN_POINT ( 'NONE',  ( 14.70260341363857215, 5.000000000000000000, -8.130763445302775949 ) ) ;
#3330 = FACE_OUTER_BOUND ( 'NONE', #3540, .T. ) ;
#3331 = ORIENTED_EDGE ( 'NONE', *, *, #3742, .T. ) ;
#3332 = DIRECTION ( 'NONE',  ( 4.336808689942017736E-16, 0.000000000000000000, 1.000000000000000000 ) ) ;
#3333 = VECTOR ( 'NONE', #3791, 1000.000000000000000 ) ;
#3334 = CARTESIAN_POINT ( 'NONE',  ( 0.7822776031089313520, 0.000000000000000000, 2.490294255477054186 ) ) ;
#3335 = CARTESIAN_POINT ( 'NONE',  ( -14.34943576232847384, 0.000000000000000000, -1.659486872262155443E-14 ) ) ;
#3336 = ADVANCED_FACE ( 'NONE', ( #823 ), #2232, .F. ) ;
#3337 = ORIENTED_EDGE ( 'NONE', *, *, #86, .T. ) ;
#3338 = VECTOR ( 'NONE', #2813, 1000.000000000000000 ) ;
#3339 = VECTOR ( 'NONE', #3491, 1000.000000000000000 ) ;
#3340 = ORIENTED_EDGE ( 'NONE', *, *, #1359, .T. ) ;
#3341 = LINE ( 'NONE', #3669, #567 ) ;
#3342 = EDGE_LOOP ( 'NONE', ( #2257, #56, #612, #992, #742 ) ) ;
#3343 = ORIENTED_EDGE ( 'NONE', *, *, #3396, .F. ) ;
#3344 = ORIENTED_EDGE ( 'NONE', *, *, #4355, .F. ) ;
#3345 = LINE ( 'NONE', #4007, #2168 ) ;
#3346 = DIRECTION ( 'NONE',  ( -0.000000000000000000, 0.000000000000000000, -1.000000000000000000 ) ) ;
#3347 = ORIENTED_EDGE ( 'NONE', *, *, #4381, .F. ) ;
#3348 = LINE ( 'NONE', #3703, #3776 ) ;
#3349 = DIRECTION ( 'NONE',  ( 0.000000000000000000, 0.000000000000000000, -1.000000000000000000 ) ) ;
#3350 = VECTOR ( 'NONE', #524, 1000.000000000000000 ) ;
#3351 = FILL_AREA_STYLE_COLOUR ( '', #4104 ) ;
#3352 = ORIENTED_EDGE ( 'NONE', *, *, #1628, .F. ) ;
#3353 = DIRECTION ( 'NONE',  ( 0.000000000000000000, 0.000000000000000000, -1.000000000000000000 ) ) ;
#3354 = CARTESIAN_POINT ( 'NONE',  ( 11.08441697445820040, 2.000000000000000000, -2.251619235889195547 ) ) ;
#3355 = VECTOR ( 'NONE', #2758, 1000.000000000000000 ) ;
#3356 = TOROIDAL_SURFACE ( 'NONE', #1445, 3.500000000000000444, 0.5000000000000000000 ) ;
#3357 = EDGE_CURVE ( 'NONE', #3450, #4363, #1546, .T. ) ;
#3358 = CYLINDRICAL_SURFACE ( 'NONE', #1877, 0.7500000000000024425 ) ;
#3359 = CIRCLE ( 'NONE', #2805, 20.00000000000000000 ) ;
#3360 = EDGE_LOOP ( 'NONE', ( #4233, #736, #1903, #2615 ) ) ;
#3361 = EDGE_CURVE ( 'NONE', #244, #3188, #1496, .T. ) ;
#3362 = ORIENTED_EDGE ( 'NONE', *, *, #3531, .T. ) ;
#3363 = DIRECTION ( 'NONE',  ( -1.000000000000000000, 0.000000000000000000, 0.000000000000000000 ) ) ;
#3364 = ORIENTED_EDGE ( 'NONE', *, *, #305, .T. ) ;
#3365 = EDGE_LOOP ( 'NONE', ( #3471, #1404, #3468, #1433 ) ) ;
#3366 = ORIENTED_EDGE ( 'NONE', *, *, #1028, .T. ) ;
#3367 = EDGE_CURVE ( 'NONE', #1045, #3253, #1227, .T. ) ;
#3368 = DIRECTION ( 'NONE',  ( -0.7071067811865462405, 0.000000000000000000, -0.7071067811865489050 ) ) ;
#3369 = CIRCLE ( 'NONE', #1459, 20.00000000000000000 ) ;
#3370 = VERTEX_POINT ( 'NONE', #506 ) ;
#3371 = DIRECTION ( 'NONE',  ( -0.000000000000000000, 0.000000000000000000, 1.000000000000000000 ) ) ;
#3372 = DIRECTION ( 'NONE',  ( 0.000000000000000000, 1.000000000000000000, -0.000000000000000000 ) ) ;
#3373 = CARTESIAN_POINT ( 'NONE',  ( 16.08441697445820395, 2.000000000000000000, -0.2516192358891959913 ) ) ;
#3374 = VECTOR ( 'NONE', #3332, 1000.000000000000000 ) ;
#3375 = VERTEX_POINT ( 'NONE', #2523 ) ;
#3376 = LINE ( 'NONE', #1362, #2036 ) ;
#3377 = ADVANCED_FACE ( 'NONE', ( #4240 ), #1567, .F. ) ;
#3378 = CARTESIAN_POINT ( 'NONE',  ( -18.22397883260351747, 5.000000000000000000, 8.239332224690230078 ) ) ;
#3379 = EDGE_CURVE ( 'NONE', #4252, #3211, #693, .T. ) ;
#3380 = DIRECTION ( 'NONE',  ( 1.734723475976807094E-15, -0.000000000000000000, -1.000000000000000000 ) ) ;
#3381 = ADVANCED_FACE ( 'NONE', ( #1878 ), #144, .F. ) ;
#3382 = EDGE_CURVE ( 'NONE', #4312, #3174, #591, .T. ) ;
#3383 = ORIENTED_EDGE ( 'NONE', *, *, #862, .F. ) ;
#3384 = ORIENTED_EDGE ( 'NONE', *, *, #2251, .F. ) ;
#3385 = LINE ( 'NONE', #2017, #1499 ) ;
#3386 = DIRECTION ( 'NONE',  ( 0.000000000000000000, 1.000000000000000000, 0.000000000000000000 ) ) ;
#3387 = ORIENTED_EDGE ( 'NONE', *, *, #3247, .T. ) ;
#3388 = EDGE_LOOP ( 'NONE', ( #3022, #855, #2504, #1277, #3257 ) ) ;
#3389 = EDGE_CURVE ( 'NONE', #2097, #187, #1162, .T. ) ;
#3390 = CARTESIAN_POINT ( 'NONE',  ( -14.34943576232847917, 0.000000000000000000, 1.659486872262157967E-14 ) ) ;
#3391 = DIRECTION ( 'NONE',  ( -0.000000000000000000, -1.000000000000000000, -0.000000000000000000 ) ) ;
#3392 = ORIENTED_EDGE ( 'NONE', *, *, #4020, .T. ) ;
#3393 = CARTESIAN_POINT ( 'NONE',  ( -14.34943576232847384, 4.000000000000000000, -1.659486872262155443E-14 ) ) ;
#3394 = CARTESIAN_POINT ( 'NONE',  ( -0.8163410178626506752, 0.000000000000000000, 2.667750055825482747 ) ) ;
#3395 = DIRECTION ( 'NONE',  ( -1.000000000000000000, 0.000000000000000000, 0.000000000000000000 ) ) ;
#3396 = EDGE_CURVE ( 'NONE', #1850, #1709, #843, .T. ) ;
#3397 = EDGE_LOOP ( 'NONE', ( #2976, #1738, #2399 ) ) ;
#3398 = FACE_OUTER_BOUND ( 'NONE', #130, .T. ) ;
#3399 = CARTESIAN_POINT ( 'NONE',  ( 0.000000000000000000, 0.000000000000000000, -1.610667775309767791 ) ) ;
#3400 = CARTESIAN_POINT ( 'NONE',  ( -13.59943576232846674, 4.000000000000000000, -9.610667775309764238 ) ) ;
#3401 = DIRECTION ( 'NONE',  ( 0.000000000000000000, 0.000000000000000000, 1.000000000000000000 ) ) ;
#3402 = EDGE_CURVE ( 'NONE', #2258, #2083, #4035, .T. ) ;
#3403 = CIRCLE ( 'NONE', #2065, 0.3044771070633348065 ) ;
#3404 = ORIENTED_EDGE ( 'NONE', *, *, #2349, .F. ) ;
#3405 = VERTEX_POINT ( 'NONE', #530 ) ;
#3406 = ORIENTED_EDGE ( 'NONE', *, *, #1219, .F. ) ;
#3407 = DIRECTION ( 'NONE',  ( 0.000000000000000000, 0.000000000000000000, -1.000000000000000000 ) ) ;
#3408 = DIRECTION ( 'NONE',  ( -0.000000000000000000, -1.000000000000000000, -0.000000000000000000 ) ) ;
#3409 = ORIENTED_EDGE ( 'NONE', *, *, #831, .T. ) ;
#3410 = ORIENTED_EDGE ( 'NONE', *, *, #976, .T. ) ;
#3411 = CIRCLE ( 'NONE', #1572, 20.00000000000000000 ) ;
#3412 = CARTESIAN_POINT ( 'NONE',  ( 0.000000000000000000, 4.000000000000000000, -5.110667775309770455 ) ) ;
#3413 = ORIENTED_EDGE ( 'NONE', *, *, #3233, .T. ) ;
#3414 = CARTESIAN_POINT ( 'NONE',  ( 4.084416974458195959, 3.000000000000000000, -2.251619235889195991 ) ) ;
#3415 = EDGE_CURVE ( 'NONE', #436, #299, #448, .T. ) ;
#3416 = DIRECTION ( 'NONE',  ( 0.000000000000000000, 1.000000000000000000, 0.000000000000000000 ) ) ;
#3417 = DIRECTION ( 'NONE',  ( 0.000000000000000000, 0.000000000000000000, 1.000000000000000000 ) ) ;
#3418 = ORIENTED_EDGE ( 'NONE', *, *, #2321, .F. ) ;
#3419 = CARTESIAN_POINT ( 'NONE',  ( 0.000000000000000000, 0.000000000000000000, 15.44347941987573058 ) ) ;
#3420 = AXIS2_PLACEMENT_3D ( 'NONE', #1192, #2222, #4253 ) ;
#3421 = DIRECTION ( 'NONE',  ( -0.000000000000000000, -1.000000000000000000, -0.000000000000000000 ) ) ;
#3422 = VECTOR ( 'NONE', #143, 1000.000000000000000 ) ;
#3423 = DIRECTION ( 'NONE',  ( 0.000000000000000000, 1.000000000000000000, 0.000000000000000000 ) ) ;
#3424 = DIRECTION ( 'NONE',  ( 0.000000000000000000, 1.000000000000000000, 0.000000000000000000 ) ) ;
#3425 = EDGE_CURVE ( 'NONE', #2443, #42, #1654, .T. ) ;
#3426 = EDGE_CURVE ( 'NONE', #4382, #244, #2947, .T. ) ;
#3427 = VERTEX_POINT ( 'NONE', #3033 ) ;
#3428 = VECTOR ( 'NONE', #2082, 1000.000000000000000 ) ;
#3429 = ORIENTED_EDGE ( 'NONE', *, *, #2793, .T. ) ;
#3430 = EDGE_LOOP ( 'NONE', ( #2320, #3849, #3126, #1234 ) ) ;
#3431 = SHAPE_DEFINITION_REPRESENTATION ( #1671, #2303 ) ;
#3432 = B_SPLINE_CURVE_WITH_KNOTS ( 'NONE', 2,
 ( #3334, #4043, #3665 ),
 .UNSPECIFIED., .F., .F.,
 ( 3, 3 ),
 ( 0.000000000000000000, 1.000000000000000000 ),
 .UNSPECIFIED. ) ;
#3433 = DIRECTION ( 'NONE',  ( -1.000000000000000000, 0.000000000000000000, 1.196052167975845270E-16 ) ) ;
#3434 = EDGE_LOOP ( 'NONE', ( #3392, #4005, #332, #546 ) ) ;
#3435 = ADVANCED_FACE ( 'NONE', ( #1961 ), #3358, .F. ) ;
#3436 = ADVANCED_FACE ( 'NONE', ( #3626 ), #2318, .T. ) ;
#3437 = VERTEX_POINT ( 'NONE', #3314 ) ;
#3438 = DIRECTION ( 'NONE',  ( 0.000000000000000000, 1.000000000000000000, 0.000000000000000000 ) ) ;
#3439 = EDGE_CURVE ( 'NONE', #1436, #1071, #2341, .T. ) ;
#3440 = CARTESIAN_POINT ( 'NONE',  ( -14.34943576232846496, 4.000000000000000000, 5.089332224690231499 ) ) ;
#3441 = DIRECTION ( 'NONE',  ( 0.000000000000000000, 0.000000000000000000, 1.000000000000000000 ) ) ;
#3442 = ORIENTED_EDGE ( 'NONE', *, *, #1483, .T. ) ;
#3443 = DIRECTION ( 'NONE',  ( 0.000000000000000000, 1.000000000000000000, -0.000000000000000000 ) ) ;
#3444 = CARTESIAN_POINT ( 'NONE',  ( 4.282535700030599024, 5.000000000000000000, -9.255674478193938626 ) ) ;
#3445 = LINE ( 'NONE', #419, #1996 ) ;
#3446 = VECTOR ( 'NONE', #205, 1000.000000000000000 ) ;
#3447 = ADVANCED_FACE ( 'NONE', ( #3974 ), #1681, .T. ) ;
#3448 = DIRECTION ( 'NONE',  ( 1.000000000000000000, 0.000000000000000000, -0.000000000000000000 ) ) ;
#3449 = ORIENTED_EDGE ( 'NONE', *, *, #3811, .T. ) ;
#3450 = VERTEX_POINT ( 'NONE', #2012 ) ;
#3451 = CIRCLE ( 'NONE', #1116, 21.50000000000000000 ) ;
#3452 = VECTOR ( 'NONE', #825, 1000.000000000000000 ) ;
#3453 = VERTEX_POINT ( 'NONE', #304 ) ;
#3454 = DIRECTION ( 'NONE',  ( 0.000000000000000000, 0.000000000000000000, 1.000000000000000000 ) ) ;
#3455 = VECTOR ( 'NONE', #802, 1000.000000000000000 ) ;
#3456 = DIRECTION ( 'NONE',  ( 0.000000000000000000, -0.000000000000000000, -1.000000000000000000 ) ) ;
#3457 = EDGE_LOOP ( 'NONE', ( #4274, #101, #3362, #513 ) ) ;
#3458 = ORIENTED_EDGE ( 'NONE', *, *, #603, .F. ) ;
#3459 = FACE_OUTER_BOUND ( 'NONE', #3527, .T. ) ;
#3460 = ADVANCED_FACE ( 'NONE', ( #1248 ), #2667, .T. ) ;
#3461 = CARTESIAN_POINT ( 'NONE',  ( -4.498395109848528861, 5.000000000000000000, 12.73933222469023008 ) ) ;
#3462 = PLANE ( 'NONE',  #486 ) ;
#3463 = ORIENTED_EDGE ( 'NONE', *, *, #3191, .T. ) ;
#3464 = CARTESIAN_POINT ( 'NONE',  ( 5.466230535277817992, 0.000000000000000000, -8.130763445302774173 ) ) ;
#3465 = CARTESIAN_POINT ( 'NONE',  ( 0.000000000000000000, 4.000000000000000000, 12.73933222469023008 ) ) ;
#3466 = CARTESIAN_POINT ( 'NONE',  ( 9.892162964287326332, 6.000000000000000000, -16.22174811442904385 ) ) ;
#3467 = DIRECTION ( 'NONE',  ( 0.000000000000000000, 0.000000000000000000, 1.000000000000000000 ) ) ;
#3468 = ORIENTED_EDGE ( 'NONE', *, *, #191, .T. ) ;
#3469 = VERTEX_POINT ( 'NONE', #2613 ) ;
#3470 = EDGE_CURVE ( 'NONE', #1969, #187, #1270, .T. ) ;
#3471 = ORIENTED_EDGE ( 'NONE', *, *, #2427, .T. ) ;
#3472 = LINE ( 'NONE', #2098, #710 ) ;
#3473 = CARTESIAN_POINT ( 'NONE',  ( 18.24277311780544863, 3.000000000000000000, 0.000000000000000000 ) ) ;
#3474 = LINE ( 'NONE', #1751, #1016 ) ;
#3475 = ORIENTED_EDGE ( 'NONE', *, *, #2829, .F. ) ;
#3476 = ORIENTED_EDGE ( 'NONE', *, *, #563, .F. ) ;
#3477 = CARTESIAN_POINT ( 'NONE',  ( 12.16570237090278894, 5.000000000000000000, 15.44347941987573058 ) ) ;
#3478 = CARTESIAN_POINT ( 'NONE',  ( 18.24277311780544863, 4.500000000000000888, 1.129848322215247558 ) ) ;
#3479 = VECTOR ( 'NONE', #441, 1000.000000000000000 ) ;
#3480 = AXIS2_PLACEMENT_3D ( 'NONE', #1469, #752, #4087 ) ;
#3481 = B_SPLINE_CURVE_WITH_KNOTS ( 'NONE', 3,
 ( #1838, #4227, #4246, #3172, #1464 ),
 .UNSPECIFIED., .F., .F.,
 ( 4, 1, 4 ),
 ( 0.000000000000000000, 0.6195732005058625091, 0.7091895560522881725 ),
 .UNSPECIFIED. ) ;
#3482 = DIRECTION ( 'NONE',  ( -1.156482317317871133E-15, 0.000000000000000000, -1.000000000000000000 ) ) ;
#3483 = ORIENTED_EDGE ( 'NONE', *, *, #1037, .T. ) ;
#3484 = CARTESIAN_POINT ( 'NONE',  ( 5.008166733442999785, 0.000000000000000000, -8.130763445302774173 ) ) ;
#3485 = DIRECTION ( 'NONE',  ( -0.000000000000000000, 1.000000000000000000, -0.000000000000000000 ) ) ;
#3486 = DIRECTION ( 'NONE',  ( 0.000000000000000000, 1.000000000000000000, -0.000000000000000000 ) ) ;
#3487 = CARTESIAN_POINT ( 'NONE',  ( 4.709234113502930974, 0.000000000000000000, -8.960274551869623849 ) ) ;
#3488 = VECTOR ( 'NONE', #3600, 1000.000000000000000 ) ;
#3489 = ORIENTED_EDGE ( 'NONE', *, *, #1726, .F. ) ;
#3490 = ORIENTED_EDGE ( 'NONE', *, *, #740, .T. ) ;
#3491 = DIRECTION ( 'NONE',  ( -1.156482317317871331E-15, 0.000000000000000000, -1.000000000000000000 ) ) ;
#3492 = DIRECTION ( 'NONE',  ( -1.000000000000000000, 0.000000000000000000, 0.000000000000000000 ) ) ;
#3493 = CARTESIAN_POINT ( 'NONE',  ( -14.34943576232847029, 4.000000000000000000, 1.659486872262156705E-14 ) ) ;
#3494 = ORIENTED_EDGE ( 'NONE', *, *, #2954, .F. ) ;
#3495 = VECTOR ( 'NONE', #2456, 1000.000000000000000 ) ;
#3496 = ORIENTED_EDGE ( 'NONE', *, *, #3794, .T. ) ;
#3497 = DIRECTION ( 'NONE',  ( -0.000000000000000000, -1.000000000000000000, -0.000000000000000000 ) ) ;
#3498 = VECTOR ( 'NONE', #3522, 1000.000000000000000 ) ;
#3499 = DIRECTION ( 'NONE',  ( 0.000000000000000000, 0.000000000000000000, 1.000000000000000000 ) ) ;
#3500 = CARTESIAN_POINT ( 'NONE',  ( 18.14476557788701427, 6.000000000000000000, 8.412341060818127048 ) ) ;
#3501 = EDGE_LOOP ( 'NONE', ( #1206, #3489, #2704, #947, #446 ) ) ;
#3502 = DIRECTION ( 'NONE',  ( -4.336808689942017736E-16, 0.000000000000000000, -1.000000000000000000 ) ) ;
#3503 = DIRECTION ( 'NONE',  ( 0.000000000000000000, 0.000000000000000000, -1.000000000000000000 ) ) ;
#3504 = CARTESIAN_POINT ( 'NONE',  ( -13.59943576232846674, 4.000000000000000000, -8.860667775309767791 ) ) ;
#3505 = DIRECTION ( 'NONE',  ( -0.000000000000000000, -0.000000000000000000, -1.000000000000000000 ) ) ;
#3506 = LINE ( 'NONE', #2473, #3713 ) ;
#3507 = VECTOR ( 'NONE', #1785, 1000.000000000000000 ) ;
#3508 = ADVANCED_FACE ( 'NONE', ( #3997 ), #2684, .F. ) ;
#3509 = EDGE_CURVE ( 'NONE', #4099, #1769, #1002, .T. ) ;
#3510 = DIRECTION ( 'NONE',  ( -0.000000000000000000, -1.000000000000000000, -0.000000000000000000 ) ) ;
#3511 = ORIENTED_EDGE ( 'NONE', *, *, #3425, .T. ) ;
#3512 = CARTESIAN_POINT ( 'NONE',  ( 16.08441697448268570, 3.000000000000000000, 4.580169906002734770 ) ) ;
#3513 = AXIS2_PLACEMENT_3D ( 'NONE', #1023, #1981, #2722 ) ;
#3514 = ADVANCED_FACE ( 'NONE', ( #1339 ), #1986, .F. ) ;
#3515 = DIRECTION ( 'NONE',  ( 0.000000000000000000, 0.000000000000000000, 1.000000000000000000 ) ) ;
#3516 = EDGE_LOOP ( 'NONE', ( #2370, #4107, #3985, #3632 ) ) ;
#3517 = ORIENTED_EDGE ( 'NONE', *, *, #462, .T. ) ;
#3518 = VECTOR ( 'NONE', #3615, 1000.000000000000227 ) ;
#3519 = ORIENTED_EDGE ( 'NONE', *, *, #3863, .F. ) ;
#3520 = DIRECTION ( 'NONE',  ( 0.000000000000000000, 1.000000000000000000, -0.000000000000000000 ) ) ;
#3521 = EDGE_CURVE ( 'NONE', #1782, #1368, #2707, .T. ) ;
#3522 = DIRECTION ( 'NONE',  ( -0.000000000000000000, -0.000000000000000000, -1.000000000000000000 ) ) ;
#3523 = EDGE_CURVE ( 'NONE', #2421, #778, #4022, .T. ) ;
#3524 = ORIENTED_EDGE ( 'NONE', *, *, #95, .F. ) ;
#3525 = LINE ( 'NONE', #133, #4318 ) ;
#3526 = CARTESIAN_POINT ( 'NONE',  ( 5.008166733442999785, 5.000000000000000000, -8.130763445302774173 ) ) ;
#3527 = EDGE_LOOP ( 'NONE', ( #2145, #2827, #1304, #4157 ) ) ;
#3528 = CARTESIAN_POINT ( 'NONE',  ( 14.08441697445819685, 2.000000000000000000, -2.251619235889195991 ) ) ;
#3529 = DIRECTION ( 'NONE',  ( 0.000000000000000000, 1.000000000000000000, 0.000000000000000000 ) ) ;
#3530 = CARTESIAN_POINT ( 'NONE',  ( 9.084416974482691032, 2.000000000000000000, 4.580169906002732993 ) ) ;
#3531 = EDGE_CURVE ( 'NONE', #624, #3427, #228, .T. ) ;
#3532 = CARTESIAN_POINT ( 'NONE',  ( 19.38655634580746323, 3.000000000000000000, 2.490294255477051966 ) ) ;
#3533 = CARTESIAN_POINT ( 'NONE',  ( -14.34943576232847917, 4.000000000000000000, 1.659486872262157967E-14 ) ) ;
#3534 = DIRECTION ( 'NONE',  ( -0.000000000000000000, -1.000000000000000000, -0.000000000000000000 ) ) ;
#3535 = ORIENTED_EDGE ( 'NONE', *, *, #4207, .F. ) ;
#3536 = CARTESIAN_POINT ( 'NONE',  ( 16.08441697448268570, 2.000000000000000000, 4.580169906002734770 ) ) ;
#3537 = AXIS2_PLACEMENT_3D ( 'NONE', #1844, #3881, #3503 ) ;
#3538 = ADVANCED_FACE ( 'NONE', ( #3797 ), #420, .T. ) ;
#3539 = CARTESIAN_POINT ( 'NONE',  ( 11.08441697445819685, 2.000000000000000000, -0.2516192358891957692 ) ) ;
#3540 = EDGE_LOOP ( 'NONE', ( #623, #2285, #1299, #3557 ) ) ;
#3541 = ORIENTED_EDGE ( 'NONE', *, *, #1109, .F. ) ;
#3542 = VECTOR ( 'NONE', #2006, 1000.000000000000000 ) ;
#3543 = B_SPLINE_CURVE_WITH_KNOTS ( 'NONE', 2,
 ( #2743, #2398, #1741 ),
 .UNSPECIFIED., .F., .F.,
 ( 3, 3 ),
 ( 0.000000000000000000, 0.3759629034799691349 ),
 .UNSPECIFIED. ) ;
#3544 = DIRECTION ( 'NONE',  ( -1.000000000000000000, -0.000000000000000000, -0.000000000000000000 ) ) ;
#3545 = VERTEX_POINT ( 'NONE', #401 ) ;
#3546 = DIRECTION ( 'NONE',  ( 0.000000000000000000, 1.000000000000000000, 0.000000000000000000 ) ) ;
#3547 = CARTESIAN_POINT ( 'NONE',  ( 9.084416974482691032, 3.000000000000000000, 4.580169906002732993 ) ) ;
#3548 = ORIENTED_EDGE ( 'NONE', *, *, #3245, .T. ) ;
#3549 = CARTESIAN_POINT ( 'NONE',  ( -7.895121667798798981, 0.000000000000000000, -12.25739432700778231 ) ) ;
#3550 = DIRECTION ( 'NONE',  ( -1.000000000000000000, 0.000000000000000000, 0.000000000000000000 ) ) ;
#3551 = EDGE_CURVE ( 'NONE', #2080, #3241, #382, .T. ) ;
#3552 = CARTESIAN_POINT ( 'NONE',  ( -6.448395109848511275, 4.000000000000000000, -1.610667775309767791 ) ) ;
#3553 = CARTESIAN_POINT ( 'NONE',  ( 3.900951371452999084, 5.500000000000000000, -13.54637659421418228 ) ) ;
#3554 = VECTOR ( 'NONE', #3505, 1000.000000000000000 ) ;
#3555 = PLANE ( 'NONE',  #2431 ) ;
#3556 = CARTESIAN_POINT ( 'NONE',  ( -5.548395109848520690, 4.000000000000000000, 5.089332224690231499 ) ) ;
#3557 = ORIENTED_EDGE ( 'NONE', *, *, #928, .F. ) ;
#3558 = EDGE_CURVE ( 'NONE', #1592, #648, #683, .T. ) ;
#3559 = LINE ( 'NONE', #826, #2748 ) ;
#3560 = EDGE_CURVE ( 'NONE', #179, #2213, #35, .T. ) ;
#3561 = LINE ( 'NONE', #871, #3568 ) ;
#3562 = VERTEX_POINT ( 'NONE', #1409 ) ;
#3563 = VECTOR ( 'NONE', #1535, 1000.000000000000114 ) ;
#3564 = CIRCLE ( 'NONE', #166, 0.7500000000000011102 ) ;
#3565 = EDGE_LOOP ( 'NONE', ( #3764, #2060, #1842, #600, #3722, #1822, #2233, #1758, #3021, #1315, #2620, #1663, #2407, #2822, #2239, #2415, #3002, #1360, #2566, #627, #4067, #3774, #364, #3929, #4310, #2949, #3101, #4132, #3406, #670, #4095, #4068, #3387, #3331, #2474, #383, #2001, #2046, #1081 ) ) ;
#3566 = EDGE_CURVE ( 'NONE', #2772, #2527, #1746, .T. ) ;
#3567 = CARTESIAN_POINT ( 'NONE',  ( -0.6867819069691842859, 0.000000000000000000, -18.53451727486475065 ) ) ;
#3568 = VECTOR ( 'NONE', #3891, 1000.000000000000000 ) ;
#3569 = CIRCLE ( 'NONE', #2801, 1.000000000000000888 ) ;
#3570 = EDGE_CURVE ( 'NONE', #4345, #1350, #1112, .T. ) ;
#3571 = ORIENTED_EDGE ( 'NONE', *, *, #2883, .T. ) ;
#3572 = DIRECTION ( 'NONE',  ( 1.224646799147353454E-16, 0.000000000000000000, -1.000000000000000000 ) ) ;
#3573 = CARTESIAN_POINT ( 'NONE',  ( -6.598395109848500972, 4.000000000000000000, -10.96066777530976744 ) ) ;
#3574 = DIRECTION ( 'NONE',  ( 0.000000000000000000, -0.000000000000000000, 1.000000000000000000 ) ) ;
#3575 = PLANE ( 'NONE',  #98 ) ;
#3576 = VERTEX_POINT ( 'NONE', #341 ) ;
#3577 = EDGE_CURVE ( 'NONE', #342, #2124, #2422, .T. ) ;
#3578 = CARTESIAN_POINT ( 'NONE',  ( 11.08441697448269103, 2.000000000000000000, 6.580169906002733882 ) ) ;
#3579 = VECTOR ( 'NONE', #3841, 1000.000000000000000 ) ;
#3580 = DIRECTION ( 'NONE',  ( 0.000000000000000000, 1.000000000000000000, -0.000000000000000000 ) ) ;
#3581 = CARTESIAN_POINT ( 'NONE',  ( 0.7822776031089313520, 3.000000000000000000, 0.000000000000000000 ) ) ;
#3582 = CARTESIAN_POINT ( 'NONE',  ( 0.000000000000000000, 5.000000000000000000, 0.000000000000000000 ) ) ;
#3583 = DIRECTION ( 'NONE',  ( 0.000000000000000000, 0.000000000000000000, 1.000000000000000000 ) ) ;
#3584 = EDGE_CURVE ( 'NONE', #3106, #3306, #1450, .T. ) ;
#3585 = CARTESIAN_POINT ( 'NONE',  ( 18.70795739992655271, 1.694065894508600678E-18, -3.203490453444744368 ) ) ;
#3586 = EDGE_LOOP ( 'NONE', ( #3102, #951, #3571, #1993 ) ) ;
#3587 = LINE ( 'NONE', #2632, #970 ) ;
#3588 = CARTESIAN_POINT ( 'NONE',  ( 0.000000000000000000, 5.000000000000000000, 0.000000000000000000 ) ) ;
#3589 = ORIENTED_EDGE ( 'NONE', *, *, #1302, .F. ) ;
#3590 = CARTESIAN_POINT ( 'NONE',  ( 0.000000000000000000, 5.000000000000000000, 0.000000000000000000 ) ) ;
#3591 = AXIS2_PLACEMENT_3D ( 'NONE', #3862, #2608, #3266 ) ;
#3592 = ORIENTED_EDGE ( 'NONE', *, *, #1682, .F. ) ;
#3593 = DIRECTION ( 'NONE',  ( -0.000000000000000000, -1.000000000000000000, -0.000000000000000000 ) ) ;
#3594 = CARTESIAN_POINT ( 'NONE',  ( 1.351357535269420486E-16, 3.000000000000000000, 1.129848322215249556 ) ) ;
#3595 = DIRECTION ( 'NONE',  ( -0.000000000000000000, 1.000000000000000000, 0.000000000000000000 ) ) ;
#3596 = CARTESIAN_POINT ( 'NONE',  ( -12.84943576232846674, 4.000000000000000000, -8.860667775309767791 ) ) ;
#3597 = LINE ( 'NONE', #521, #2227 ) ;
#3598 = ADVANCED_FACE ( 'NONE', ( #14 ), #713, .T. ) ;
#3599 = ORIENTED_EDGE ( 'NONE', *, *, #568, .F. ) ;
#3600 = DIRECTION ( 'NONE',  ( -1.000000000000000000, -0.000000000000000000, 4.336808689942017736E-16 ) ) ;
#3601 = PLANE ( 'NONE',  #1056 ) ;
#3602 = DIRECTION ( 'NONE',  ( -1.000000000000000000, 0.000000000000000000, 0.000000000000000000 ) ) ;
#3603 = DIRECTION ( 'NONE',  ( 0.000000000000000000, 0.000000000000000000, 1.000000000000000000 ) ) ;
#3604 = DIRECTION ( 'NONE',  ( 0.7071067811865463515, -0.000000000000000000, 0.7071067811865487940 ) ) ;
#3605 = VECTOR ( 'NONE', #2286, 1000.000000000000000 ) ;
#3606 = CARTESIAN_POINT ( 'NONE',  ( -12.84943576232846496, 4.000000000000000000, 12.73933222469023008 ) ) ;
#3607 = DIRECTION ( 'NONE',  ( -0.000000000000000000, -1.000000000000000000, -0.000000000000000000 ) ) ;
#3608 = ADVANCED_FACE ( 'NONE', ( #2426 ), #2814, .T. ) ;
#3609 = ORIENTED_EDGE ( 'NONE', *, *, #440, .T. ) ;
#3610 = EDGE_CURVE ( 'NONE', #2466, #1055, #4144, .T. ) ;
#3611 = EDGE_LOOP ( 'NONE', ( #2451, #3418, #2794, #4110 ) ) ;
#3612 = AXIS2_PLACEMENT_3D ( 'NONE', #1153, #3529, #204 ) ;
#3613 = EDGE_LOOP ( 'NONE', ( #3592, #3798, #3321, #1191 ) ) ;
#3614 = CARTESIAN_POINT ( 'NONE',  ( 4.709234113502930974, 5.000000000000000000, -8.960274551869623849 ) ) ;
#3615 = DIRECTION ( 'NONE',  ( 0.7071067811865460184, 0.000000000000000000, 0.7071067811865490160 ) ) ;
#3616 = ADVANCED_FACE ( 'NONE', ( #4103 ), #1364, .T. ) ;
#3617 = AXIS2_PLACEMENT_3D ( 'NONE', #4015, #9, #677 ) ;
#3618 = ORIENTED_EDGE ( 'NONE', *, *, #1076, .F. ) ;
#3619 = CARTESIAN_POINT ( 'NONE',  ( -12.84943576232846496, 0.000000000000000000, -7.360667775309766903 ) ) ;
#3620 = DIRECTION ( 'NONE',  ( 0.000000000000000000, 1.000000000000000000, -0.000000000000000000 ) ) ;
#3621 = CARTESIAN_POINT ( 'NONE',  ( 0.000000000000000000, 4.000000000000000000, -1.610667775309767791 ) ) ;
#3622 = DIRECTION ( 'NONE',  ( -1.156482317317871331E-15, 0.000000000000000000, -1.000000000000000000 ) ) ;
#3623 = CIRCLE ( 'NONE', #1282, 20.00000000000000000 ) ;
#3624 = DIRECTION ( 'NONE',  ( 0.000000000000000000, 0.000000000000000000, 1.000000000000000000 ) ) ;
#3625 = CIRCLE ( 'NONE', #1721, 0.7499999999999997780 ) ;
#3626 = FACE_OUTER_BOUND ( 'NONE', #2063, .T. ) ;
#3627 = DIRECTION ( 'NONE',  ( 0.000000000000000000, 0.000000000000000000, -1.000000000000000000 ) ) ;
#3628 = ORIENTED_EDGE ( 'NONE', *, *, #1175, .T. ) ;
#3629 = CARTESIAN_POINT ( 'NONE',  ( 15.59907826911246431, 5.000000000000000000, -9.356723931159645957 ) ) ;
#3630 = CARTESIAN_POINT ( 'NONE',  ( 0.08113633273061580942, 5.000000000000000000, -0.08113633273061547635 ) ) ;
#3631 = VECTOR ( 'NONE', #180, 1000.000000000000000 ) ;
#3632 = ORIENTED_EDGE ( 'NONE', *, *, #2946, .T. ) ;
#3633 = VERTEX_POINT ( 'NONE', #2790 ) ;
#3634 = AXIS2_PLACEMENT_3D ( 'NONE', #1001, #2360, #3686 ) ;
#3635 = EDGE_LOOP ( 'NONE', ( #2299, #220, #2038, #3840 ) ) ;
#3636 = DIRECTION ( 'NONE',  ( -0.000000000000000000, 1.000000000000000000, -0.000000000000000000 ) ) ;
#3637 = CARTESIAN_POINT ( 'NONE',  ( 15.16066721547339036, 5.000000000000000000, -8.130763445302775949 ) ) ;
#3638 = ORIENTED_EDGE ( 'NONE', *, *, #1869, .T. ) ;
#3639 = LINE ( 'NONE', #162, #3698 ) ;
#3640 = DIRECTION ( 'NONE',  ( -0.000000000000000000, 1.000000000000000000, -0.000000000000000000 ) ) ;
#3641 = DIRECTION ( 'NONE',  ( 0.7071067811865487940, 0.000000000000000000, -0.7071067811865463515 ) ) ;
#3642 = DIRECTION ( 'NONE',  ( 0.000000000000000000, 1.000000000000000000, -0.000000000000000000 ) ) ;
#3643 = DIRECTION ( 'NONE',  ( 1.927470528863119295E-16, 0.000000000000000000, 1.000000000000000000 ) ) ;
#3644 = CARTESIAN_POINT ( 'NONE',  ( -13.59943576232846496, 4.000000000000000000, 11.23933222469023185 ) ) ;
#3645 = CARTESIAN_POINT ( 'NONE',  ( 10.08441697445819685, 0.000000000000000000, 9.591833536021345807 ) ) ;
#3646 = EDGE_CURVE ( 'NONE', #2237, #1303, #3411, .T. ) ;
#3647 = ORIENTED_EDGE ( 'NONE', *, *, #1020, .F. ) ;
#3648 = CARTESIAN_POINT ( 'NONE',  ( 0.000000000000000000, 5.000000000000000000, 5.089332224690231499 ) ) ;
#3649 = CARTESIAN_POINT ( 'NONE',  ( -12.84943576232846496, 0.000000000000000000, -3.110667775309767791 ) ) ;
#3650 = ORIENTED_EDGE ( 'NONE', *, *, #2605, .T. ) ;
#3651 = ORIENTED_EDGE ( 'NONE', *, *, #3059, .T. ) ;
#3652 = ORIENTED_EDGE ( 'NONE', *, *, #3082, .T. ) ;
#3653 = ORIENTED_EDGE ( 'NONE', *, *, #4089, .T. ) ;
#3654 = DIRECTION ( 'NONE',  ( 0.000000000000000000, 1.000000000000000000, -0.000000000000000000 ) ) ;
#3655 = DIRECTION ( 'NONE',  ( -0.000000000000000000, -1.000000000000000000, -0.000000000000000000 ) ) ;
#3656 = ORIENTED_EDGE ( 'NONE', *, *, #4019, .T. ) ;
#3657 = CARTESIAN_POINT ( 'NONE',  ( -6.448395109848513052, 5.000000000000000000, -5.110667775309772232 ) ) ;
#3658 = ADVANCED_FACE ( 'NONE', ( #2094 ), #1027, .F. ) ;
#3659 = CYLINDRICAL_SURFACE ( 'NONE', #140, 2.999999999999999112 ) ;
#3660 = LINE ( 'NONE', #1266, #1533 ) ;
#3661 = VECTOR ( 'NONE', #3943, 1000.000000000000227 ) ;
#3662 = CARTESIAN_POINT ( 'NONE',  ( 0.000000000000000000, 2.000000000000000000, 0.000000000000000000 ) ) ;
#3663 = VERTEX_POINT ( 'NONE', #4088 ) ;
#3664 = CARTESIAN_POINT ( 'NONE',  ( -3.448395109848527706, 0.000000000000000000, 7.189332224690230255 ) ) ;
#3665 = CARTESIAN_POINT ( 'NONE',  ( -1.634976966195800241, 0.000000000000000000, 3.242047767106505329 ) ) ;
#3666 = CARTESIAN_POINT ( 'NONE',  ( 14.70260341363857215, 5.000000000000000000, -8.130763445302775949 ) ) ;
#3667 = ORIENTED_EDGE ( 'NONE', *, *, #881, .T. ) ;
#3668 = ORIENTED_EDGE ( 'NONE', *, *, #421, .F. ) ;
#3669 = CARTESIAN_POINT ( 'NONE',  ( -14.34943576232846496, 4.000000000000000000, -7.360667775309766014 ) ) ;
#3670 = ORIENTED_EDGE ( 'NONE', *, *, #3560, .F. ) ;
#3671 = ORIENTED_EDGE ( 'NONE', *, *, #1862, .T. ) ;
#3672 = ORIENTED_EDGE ( 'NONE', *, *, #1323, .F. ) ;
#3673 = LINE ( 'NONE', #313, #4078 ) ;
#3674 = CARTESIAN_POINT ( 'NONE',  ( 0.000000000000000000, 5.000000000000000000, 0.000000000000000000 ) ) ;
#3675 = B_SPLINE_SURFACE_WITH_KNOTS ( 'NONE', 2, 1, ( 
 ( #2701, #1956 ),
 ( #1333, #3951 ),
 ( #995, #2355 ) ),
 .UNSPECIFIED., .F., .F., .F.,
 ( 3, 3 ),
 ( 2, 2 ),
 ( 0.000000000000000000, 0.1459904956254430564 ),
 ( 0.000000000000000000, 1.000000000000000000 ),
 .UNSPECIFIED. ) ;
#3676 = ORIENTED_EDGE ( 'NONE', *, *, #178, .T. ) ;
#3677 = CARTESIAN_POINT ( 'NONE',  ( 4.569755679803924941, 0.000000000000000000, -9.356723931159644181 ) ) ;
#3678 = CARTESIAN_POINT ( 'NONE',  ( -10.41102437462526886, 4.000000000000000000, -14.39776835585768389 ) ) ;
#3679 = EDGE_CURVE ( 'NONE', #1782, #1769, #3081, .T. ) ;
#3680 = DIRECTION ( 'NONE',  ( 0.000000000000000000, 1.000000000000000000, -0.000000000000000000 ) ) ;
#3681 = CARTESIAN_POINT ( 'NONE',  ( 0.000000000000000000, 5.000000000000000000, 8.412341060818127048 ) ) ;
#3682 = ORIENTED_EDGE ( 'NONE', *, *, #1982, .F. ) ;
#3683 = LINE ( 'NONE', #300, #4082 ) ;
#3684 = EDGE_CURVE ( 'NONE', #929, #4223, #1762, .T. ) ;
#3685 = VECTOR ( 'NONE', #1357, 1000.000000000000000 ) ;
#3686 = DIRECTION ( 'NONE',  ( -2.047517776665777418E-16, 0.000000000000000000, 1.000000000000000000 ) ) ;
#3687 = CARTESIAN_POINT ( 'NONE',  ( 16.08441697445820040, 2.000000000000000000, -2.251619235889195547 ) ) ;
#3688 = ORIENTED_EDGE ( 'NONE', *, *, #388, .T. ) ;
#3689 = AXIS2_PLACEMENT_3D ( 'NONE', #4122, #2134, #1091 ) ;
#3690 = ADVANCED_FACE ( 'NONE', ( #3934 ), #1492, .T. ) ;
#3691 = VECTOR ( 'NONE', #2691, 1000.000000000000000 ) ;
#3692 = EDGE_CURVE ( 'NONE', #3920, #2045, #3625, .T. ) ;
#3693 = VERTEX_POINT ( 'NONE', #1847 ) ;
#3694 = DIRECTION ( 'NONE',  ( 0.7071067811865462405, 0.000000000000000000, 0.7071067811865489050 ) ) ;
#3695 = ORIENTED_EDGE ( 'NONE', *, *, #451, .F. ) ;
#3696 = VERTEX_POINT ( 'NONE', #2184 ) ;
#3697 = ORIENTED_EDGE ( 'NONE', *, *, #294, .T. ) ;
#3698 = VECTOR ( 'NONE', #1264, 999.9999999999998863 ) ;
#3699 = LINE ( 'NONE', #610, #114 ) ;
#3700 = CARTESIAN_POINT ( 'NONE',  ( -14.34943576232846318, 4.000000000000000000, -8.860667775309767791 ) ) ;
#3701 = EDGE_CURVE ( 'NONE', #929, #1119, #4258, .T. ) ;
#3702 = VERTEX_POINT ( 'NONE', #3532 ) ;
#3703 = CARTESIAN_POINT ( 'NONE',  ( -4.953751240975343142E-16, 5.000000000000000000, -3.106313863398757924 ) ) ;
#3704 = EDGE_CURVE ( 'NONE', #515, #3851, #2919, .T. ) ;
#3705 = FACE_OUTER_BOUND ( 'NONE', #1596, .T. ) ;
#3706 = TOROIDAL_SURFACE ( 'NONE', #3919, 3.500000000000000444, 0.5000000000000000000 ) ;
#3707 = LINE ( 'NONE', #1718, #702 ) ;
#3708 = ADVANCED_FACE ( 'NONE', ( #819, #481, #2203 ), #2833, .T. ) ;
#3709 = ORIENTED_EDGE ( 'NONE', *, *, #294, .F. ) ;
#3710 = DIRECTION ( 'NONE',  ( 0.000000000000000000, 0.000000000000000000, -1.000000000000000000 ) ) ;
#3711 = DIRECTION ( 'NONE',  ( 0.000000000000000000, 0.000000000000000000, -1.000000000000000000 ) ) ;
#3712 = VECTOR ( 'NONE', #1435, 1000.000000000000000 ) ;
#3713 = VECTOR ( 'NONE', #774, 1000.000000000000000 ) ;
#3714 = CARTESIAN_POINT ( 'NONE',  ( 19.38162282921841850, 0.000000000000000000, -4.934845134947980050 ) ) ;
#3715 = EDGE_CURVE ( 'NONE', #161, #3319, #141, .T. ) ;
#3716 = VECTOR ( 'NONE', #3534, 1000.000000000000000 ) ;
#3717 = EDGE_LOOP ( 'NONE', ( #2115, #3352, #4244, #3983 ) ) ;
#3718 = ORIENTED_EDGE ( 'NONE', *, *, #4168, .T. ) ;
#3719 = B_SPLINE_SURFACE_WITH_KNOTS ( 'NONE', 2, 1, ( 
 ( #2569, #1522 ),
 ( #2190, #1624 ),
 ( #534, #469 ) ),
 .UNSPECIFIED., .F., .F., .F.,
 ( 3, 3 ),
 ( 2, 2 ),
 ( 0.000000000000000000, 1.000000000000000000 ),
 ( 0.000000000000000000, 1.000000000000000000 ),
 .UNSPECIFIED. ) ;
#3720 = DIRECTION ( 'NONE',  ( 0.000000000000000000, 0.000000000000000000, -1.000000000000000000 ) ) ;
#3721 = ORIENTED_EDGE ( 'NONE', *, *, #4053, .T. ) ;
#3722 = ORIENTED_EDGE ( 'NONE', *, *, #1109, .T. ) ;
#3723 = ORIENTED_EDGE ( 'NONE', *, *, #3159, .F. ) ;
#3724 = EDGE_CURVE ( 'NONE', #307, #2998, #183, .T. ) ;
#3725 = CARTESIAN_POINT ( 'NONE',  ( 18.24277311780544863, 5.000000000000000000, -3.106313863398760589 ) ) ;
#3726 = DIRECTION ( 'NONE',  ( -0.000000000000000000, -1.000000000000000000, -0.000000000000000000 ) ) ;
#3727 = VECTOR ( 'NONE', #4150, 1000.000000000000000 ) ;
#3728 = ORIENTED_EDGE ( 'NONE', *, *, #3020, .F. ) ;
#3729 = CARTESIAN_POINT ( 'NONE',  ( -12.84943576232846318, 4.000000000000000000, 11.23933222469023185 ) ) ;
#3730 = CARTESIAN_POINT ( 'NONE',  ( 3.900951371452998639, 0.5000000000000004441, -19.54637659421418050 ) ) ;
#3731 = AXIS2_PLACEMENT_3D ( 'NONE', #1648, #1651, #3011 ) ;
#3732 = EDGE_CURVE ( 'NONE', #299, #436, #1779, .T. ) ;
#3733 = ORIENTED_EDGE ( 'NONE', *, *, #1982, .T. ) ;
#3734 = CYLINDRICAL_SURFACE ( 'NONE', #333, 0.7499999999999997780 ) ;
#3735 = LINE ( 'NONE', #4021, #2506 ) ;
#3736 = VECTOR ( 'NONE', #1237, 1000.000000000000000 ) ;
#3737 = DIRECTION ( 'NONE',  ( 1.000000000000000000, -0.000000000000000000, 0.000000000000000000 ) ) ;
#3738 = DIRECTION ( 'NONE',  ( 0.000000000000000000, 1.000000000000000000, 0.000000000000000000 ) ) ;
#3739 = ORIENTED_EDGE ( 'NONE', *, *, #3850, .F. ) ;
#3740 = VERTEX_POINT ( 'NONE', #3553 ) ;
#3741 = CARTESIAN_POINT ( 'NONE',  ( -15.87822909705432650, 4.000000000000000000, -12.16066777530976850 ) ) ;
#3742 = EDGE_CURVE ( 'NONE', #791, #3805, #2509, .T. ) ;
#3743 = LINE ( 'NONE', #2799, #725 ) ;
#3744 = ORIENTED_EDGE ( 'NONE', *, *, #1976, .F. ) ;
#3745 = EDGE_CURVE ( 'NONE', #2101, #3469, #501, .T. ) ;
#3746 = ORIENTED_EDGE ( 'NONE', *, *, #552, .T. ) ;
#3747 = DIRECTION ( 'NONE',  ( 0.000000000000000000, 0.000000000000000000, 1.000000000000000000 ) ) ;
#3748 = CARTESIAN_POINT ( 'NONE',  ( 14.08441697448268748, 3.000000000000000000, 6.580169906002734770 ) ) ;
#3749 = ORIENTED_EDGE ( 'NONE', *, *, #2838, .F. ) ;
#3750 = DIRECTION ( 'NONE',  ( -0.000000000000000000, -1.000000000000000000, -0.000000000000000000 ) ) ;
#3751 = DIRECTION ( 'NONE',  ( 0.7071067811865462405, 0.000000000000000000, 0.7071067811865489050 ) ) ;
#3752 = ADVANCED_FACE ( 'NONE', ( #2225 ), #4186, .T. ) ;
#3753 =( LENGTH_UNIT ( ) NAMED_UNIT ( * ) SI_UNIT ( .MILLI., .METRE. ) );
#3754 = ADVANCED_FACE ( 'NONE', ( #1515 ), #1539, .F. ) ;
#3755 = AXIS2_PLACEMENT_3D ( 'NONE', #4097, #1381, #2397 ) ;
#3756 = ORIENTED_EDGE ( 'NONE', *, *, #3566, .F. ) ;
#3757 = DIRECTION ( 'NONE',  ( -0.000000000000000000, -1.000000000000000000, -0.000000000000000000 ) ) ;
#3758 = CARTESIAN_POINT ( 'NONE',  ( -12.84943576232845075, 0.000000000000000000, -1.486014524664474102E-14 ) ) ;
#3759 = CARTESIAN_POINT ( 'NONE',  ( 11.08441697448269103, 2.000000000000000000, 6.580169906002733882 ) ) ;
#3760 = DIRECTION ( 'NONE',  ( 0.000000000000000000, 0.000000000000000000, 1.000000000000000000 ) ) ;
#3761 = EDGE_CURVE ( 'NONE', #291, #1949, #3864, .T. ) ;
#3762 = VECTOR ( 'NONE', #3482, 1000.000000000000000 ) ;
#3763 = ORIENTED_EDGE ( 'NONE', *, *, #1255, .F. ) ;
#3764 = ORIENTED_EDGE ( 'NONE', *, *, #2459, .T. ) ;
#3765 = LINE ( 'NONE', #2480, #3712 ) ;
#3766 = ORIENTED_EDGE ( 'NONE', *, *, #2916, .T. ) ;
#3767 =( GEOMETRIC_REPRESENTATION_CONTEXT ( 3 ) GLOBAL_UNCERTAINTY_ASSIGNED_CONTEXT ( ( #2252 ) ) GLOBAL_UNIT_ASSIGNED_CONTEXT ( ( #3820, #1733, #2756 ) ) REPRESENTATION_CONTEXT ( 'NONE', 'WORKASPACE' ) );
#3768 = AXIS2_PLACEMENT_3D ( 'NONE', #2520, #121, #1176 ) ;
#3769 = CARTESIAN_POINT ( 'NONE',  ( 18.70795739992655271, 5.000000000000000000, -3.203490453444743924 ) ) ;
#3770 = ORIENTED_EDGE ( 'NONE', *, *, #252, .T. ) ;
#3771 = CARTESIAN_POINT ( 'NONE',  ( 0.000000000000000000, 0.000000000000000000, 0.000000000000000000 ) ) ;
#3772 = FACE_BOUND ( 'NONE', #3397, .T. ) ;
#3773 =( NAMED_UNIT ( * ) SI_UNIT ( $, .STERADIAN. ) SOLID_ANGLE_UNIT ( ) );
#3774 = ORIENTED_EDGE ( 'NONE', *, *, #2212, .T. ) ;
#3775 = CARTESIAN_POINT ( 'NONE',  ( 14.08441697445819685, 3.000000000000000000, -2.251619235889195991 ) ) ;
#3776 = VECTOR ( 'NONE', #699, 1000.000000000000000 ) ;
#3777 = CARTESIAN_POINT ( 'NONE',  ( -5.698395109848512163, 4.000000000000000000, -5.860667775309768679 ) ) ;
#3778 = VECTOR ( 'NONE', #3485, 1000.000000000000000 ) ;
#3779 = DIRECTION ( 'NONE',  ( 0.000000000000000000, 0.000000000000000000, 1.000000000000000000 ) ) ;
#3780 = CARTESIAN_POINT ( 'NONE',  ( 12.16570237090278894, 5.000000000000000000, 0.000000000000000000 ) ) ;
#3781 = ORIENTED_EDGE ( 'NONE', *, *, #1540, .F. ) ;
#3782 = VECTOR ( 'NONE', #2903, 1000.000000000000000 ) ;
#3783 = ORIENTED_EDGE ( 'NONE', *, *, #1524, .T. ) ;
#3784 = LINE ( 'NONE', #1114, #1135 ) ;
#3785 = VECTOR ( 'NONE', #186, 1000.000000000000000 ) ;
#3786 = CARTESIAN_POINT ( 'NONE',  ( -19.93503823215743864, 5.000000000000000000, -1.610667775309767791 ) ) ;
#3787 = ORIENTED_EDGE ( 'NONE', *, *, #369, .F. ) ;
#3788 = ORIENTED_EDGE ( 'NONE', *, *, #1185, .F. ) ;
#3789 = FACE_OUTER_BOUND ( 'NONE', #944, .T. ) ;
#3790 = CARTESIAN_POINT ( 'NONE',  ( -4.498395109848528861, 4.000000000000000000, 12.73933222469023008 ) ) ;
#3791 = DIRECTION ( 'NONE',  ( -0.000000000000000000, 1.000000000000000000, -0.000000000000000000 ) ) ;
#3792 = ORIENTED_EDGE ( 'NONE', *, *, #3610, .T. ) ;
#3793 = LINE ( 'NONE', #4118, #25 ) ;
#3794 = EDGE_CURVE ( 'NONE', #2237, #2283, #795, .T. ) ;
#3795 = CARTESIAN_POINT ( 'NONE',  ( 0.08113633273061580942, 4.000000000000000000, -0.08113633273061547635 ) ) ;
#3796 = CARTESIAN_POINT ( 'NONE',  ( 0.000000000000000000, 3.000000000000000000, 0.000000000000000000 ) ) ;
#3797 = FACE_OUTER_BOUND ( 'NONE', #2581, .T. ) ;
#3798 = ORIENTED_EDGE ( 'NONE', *, *, #1545, .F. ) ;
#3799 = ORIENTED_EDGE ( 'NONE', *, *, #1156, .F. ) ;
#3800 = VECTOR ( 'NONE', #1461, 1000.000000000000000 ) ;
#3801 = ORIENTED_EDGE ( 'NONE', *, *, #4247, .F. ) ;
#3802 = CARTESIAN_POINT ( 'NONE',  ( 4.569755679803924941, 5.000000000000000000, -9.356723931159644181 ) ) ;
#3803 = CARTESIAN_POINT ( 'NONE',  ( 0.000000000000000000, 1.000000000000000000, 21.50000000000000000 ) ) ;
#3804 = EDGE_LOOP ( 'NONE', ( #3144, #1476, #4329, #3413 ) ) ;
#3805 = VERTEX_POINT ( 'NONE', #1803 ) ;
#3806 = LINE ( 'NONE', #390, #4270 ) ;
#3807 = AXIS2_PLACEMENT_3D ( 'NONE', #3947, #1866, #883 ) ;
#3808 = FACE_BOUND ( 'NONE', #2309, .T. ) ;
#3809 = PLANE ( 'NONE',  #2854 ) ;
#3810 = EDGE_LOOP ( 'NONE', ( #1010, #3618, #3818, #3859 ) ) ;
#3811 = EDGE_CURVE ( 'NONE', #2059, #1331, #4046, .T. ) ;
#3812 = CARTESIAN_POINT ( 'NONE',  ( 4.569755679803924941, 5.000000000000000000, -9.356723931159644181 ) ) ;
#3813 = CARTESIAN_POINT ( 'NONE',  ( 4.084416974458195959, 2.000000000000000000, -0.2516192358891953806 ) ) ;
#3814 = DIRECTION ( 'NONE',  ( 0.000000000000000000, 0.000000000000000000, -1.000000000000000000 ) ) ;
#3815 = VECTOR ( 'NONE', #977, 1000.000000000000000 ) ;
#3816 = CARTESIAN_POINT ( 'NONE',  ( 3.900951371452998639, 0.5000000000000004441, -16.54637659421418405 ) ) ;
#3817 = VERTEX_POINT ( 'NONE', #3884 ) ;
#3818 = ORIENTED_EDGE ( 'NONE', *, *, #2612, .F. ) ;
#3819 = B_SPLINE_CURVE_WITH_KNOTS ( 'NONE', 2,
 ( #884, #2959, #1972 ),
 .UNSPECIFIED., .F., .F.,
 ( 3, 3 ),
 ( 0.000000000000000000, 0.3759629034799691349 ),
 .UNSPECIFIED. ) ;
#3820 =( LENGTH_UNIT ( ) NAMED_UNIT ( * ) SI_UNIT ( .MILLI., .METRE. ) );
#3821 = CARTESIAN_POINT ( 'NONE',  ( 1.926060831110940841, 3.000000000000000000, -3.106313863398758368 ) ) ;
#3822 = CARTESIAN_POINT ( 'NONE',  ( 6.084416974458195959, 2.000000000000000000, -2.251619235889195991 ) ) ;
#3823 = EDGE_LOOP ( 'NONE', ( #2072, #3320, #2376, #494 ) ) ;
#3824 = ORIENTED_EDGE ( 'NONE', *, *, #3577, .F. ) ;
#3825 = FACE_OUTER_BOUND ( 'NONE', #2914, .T. ) ;
#3826 = DIRECTION ( 'NONE',  ( -0.000000000000000000, -1.000000000000000000, -0.000000000000000000 ) ) ;
#3827 = VECTOR ( 'NONE', #3760, 1000.000000000000000 ) ;
#3828 = CARTESIAN_POINT ( 'NONE',  ( 1.926060831110940841, 0.000000000000000000, -3.106313863398758368 ) ) ;
#3829 = ADVANCED_FACE ( 'NONE', ( #841 ), #892, .F. ) ;
#3830 = EDGE_CURVE ( 'NONE', #2755, #711, #2137, .T. ) ;
#3831 = VERTEX_POINT ( 'NONE', #2250 ) ;
#3832 = EDGE_CURVE ( 'NONE', #1088, #3693, #2779, .T. ) ;
#3833 = CARTESIAN_POINT ( 'NONE',  ( 11.08441697445820040, 2.000000000000000000, -2.251619235889195547 ) ) ;
#3834 = LINE ( 'NONE', #2154, #348 ) ;
#3835 = DIRECTION ( 'NONE',  ( -0.000000000000000000, -1.000000000000000000, -0.000000000000000000 ) ) ;
#3836 = DIRECTION ( 'NONE',  ( 0.000000000000000000, 1.000000000000000000, 0.000000000000000000 ) ) ;
#3837 = EDGE_CURVE ( 'NONE', #3663, #145, #3965, .T. ) ;
#3838 = CARTESIAN_POINT ( 'NONE',  ( 4.084416974482688367, 2.000000000000000000, 4.580169906002734770 ) ) ;
#3839 = VECTOR ( 'NONE', #3026, 1000.000000000000000 ) ;
#3840 = ORIENTED_EDGE ( 'NONE', *, *, #1641, .F. ) ;
#3841 = DIRECTION ( 'NONE',  ( -0.000000000000000000, -1.000000000000000000, -0.000000000000000000 ) ) ;
#3842 = ORIENTED_EDGE ( 'NONE', *, *, #2189, .T. ) ;
#3843 = LINE ( 'NONE', #2141, #3452 ) ;
#3844 = CARTESIAN_POINT ( 'NONE',  ( 0.7822776031089313520, 3.000000000000000000, 0.000000000000000000 ) ) ;
#3845 = CARTESIAN_POINT ( 'NONE',  ( 14.08441697445819685, 3.000000000000000000, -0.2516192358891957692 ) ) ;
#3846 = ADVANCED_FACE ( 'NONE', ( #934 ), #910, .F. ) ;
#3847 = DIRECTION ( 'NONE',  ( -0.000000000000000000, -1.000000000000000000, -0.000000000000000000 ) ) ;
#3848 = ADVANCED_FACE ( 'NONE', ( #3330 ), #4324, .F. ) ;
#3849 = ORIENTED_EDGE ( 'NONE', *, *, #1062, .F. ) ;
#3850 = EDGE_CURVE ( 'NONE', #240, #1119, #3028, .T. ) ;
#3851 = VERTEX_POINT ( 'NONE', #2336 ) ;
#3852 = CARTESIAN_POINT ( 'NONE',  ( 6.084416974482688367, 2.000000000000000000, 4.580169906002733882 ) ) ;
#3853 = ADVANCED_FACE ( 'NONE', ( #551 ), #1984, .F. ) ;
#3854 = AXIS2_PLACEMENT_3D ( 'NONE', #1484, #1167, #491 ) ;
#3855 = LINE ( 'NONE', #2848, #1666 ) ;
#3856 = ORIENTED_EDGE ( 'NONE', *, *, #2321, .T. ) ;
#3857 = CARTESIAN_POINT ( 'NONE',  ( -6.448395109848511275, 5.000000000000000000, -1.610667775309767791 ) ) ;
#3858 = DIRECTION ( 'NONE',  ( -0.000000000000000000, 1.000000000000000000, -0.000000000000000000 ) ) ;
#3859 = ORIENTED_EDGE ( 'NONE', *, *, #4311, .T. ) ;
#3860 = DIRECTION ( 'NONE',  ( 0.000000000000000000, 0.000000000000000000, 1.000000000000000000 ) ) ;
#3861 = CARTESIAN_POINT ( 'NONE',  ( -18.22397883260351747, 4.000000000000000000, 8.239332224690230078 ) ) ;
#3862 = CARTESIAN_POINT ( 'NONE',  ( 14.08441697448268748, 2.000000000000000000, 6.580169906002734770 ) ) ;
#3863 = EDGE_CURVE ( 'NONE', #3871, #3663, #226, .T. ) ;
#3864 = LINE ( 'NONE', #4194, #427 ) ;
#3865 = FACE_BOUND ( 'NONE', #1452, .T. ) ;
#3866 = CARTESIAN_POINT ( 'NONE',  ( -14.34943576232846496, 4.000000000000000000, 0.000000000000000000 ) ) ;
#3867 = VERTEX_POINT ( 'NONE', #2295 ) ;
#3868 = DIRECTION ( 'NONE',  ( -1.000000000000000000, 0.000000000000000000, 5.782411586589358625E-16 ) ) ;
#3869 = VECTOR ( 'NONE', #2629, 1000.000000000000000 ) ;
#3870 = FACE_OUTER_BOUND ( 'NONE', #2174, .T. ) ;
#3871 = VERTEX_POINT ( 'NONE', #2987 ) ;
#3872 = AXIS2_PLACEMENT_3D ( 'NONE', #1557, #2912, #2578 ) ;
#3873 = ORIENTED_EDGE ( 'NONE', *, *, #4217, .T. ) ;
#3874 = CARTESIAN_POINT ( 'NONE',  ( 0.000000000000000000, 0.000000000000000000, 21.50000000000000000 ) ) ;
#3875 = ORIENTED_EDGE ( 'NONE', *, *, #2288, .F. ) ;
#3876 = CARTESIAN_POINT ( 'NONE',  ( -1.846678854221375010, 0.000000000000000000, 2.953952004840985079 ) ) ;
#3877 = DIRECTION ( 'NONE',  ( 0.000000000000000000, 0.000000000000000000, 1.000000000000000000 ) ) ;
#3878 = ORIENTED_EDGE ( 'NONE', *, *, #2498, .F. ) ;
#3879 = LINE ( 'NONE', #3264, #1369 ) ;
#3880 = ADVANCED_FACE ( 'NONE', ( #3993 ), #1267, .T. ) ;
#3881 = DIRECTION ( 'NONE',  ( 1.000000000000000000, -0.000000000000000000, 1.224646799147353207E-16 ) ) ;
#3882 = DIRECTION ( 'NONE',  ( 1.000000000000000000, 0.000000000000000000, -0.000000000000000000 ) ) ;
#3883 = EDGE_CURVE ( 'NONE', #2998, #16, #1649, .T. ) ;
#3884 = CARTESIAN_POINT ( 'NONE',  ( -5.548395109848521578, 5.000000000000000000, 1.089332224690231943 ) ) ;
#3885 = CARTESIAN_POINT ( 'NONE',  ( 16.08441697445820395, 2.000000000000000000, -0.2516192358891959913 ) ) ;
#3886 = DIRECTION ( 'NONE',  ( 0.000000000000000000, 0.000000000000000000, 1.000000000000000000 ) ) ;
#3887 = ORIENTED_EDGE ( 'NONE', *, *, #3149, .F. ) ;
#3888 = CARTESIAN_POINT ( 'NONE',  ( 19.38655634580746323, 3.000000000000000000, 0.000000000000000000 ) ) ;
#3889 = EDGE_CURVE ( 'NONE', #2978, #1458, #1935, .T. ) ;
#3890 = VECTOR ( 'NONE', #3640, 1000.000000000000000 ) ;
#3891 = DIRECTION ( 'NONE',  ( -0.000000000000000000, -1.000000000000000000, -0.000000000000000000 ) ) ;
#3892 = MANIFOLD_SOLID_BREP ( '\X2\570689d2\X0\3', #492 ) ;
#3893 = EDGE_CURVE ( 'NONE', #3278, #3696, #3127, .T. ) ;
#3894 = ORIENTED_EDGE ( 'NONE', *, *, #279, .T. ) ;
#3895 = EDGE_LOOP ( 'NONE', ( #735, #4051, #2085, #2901, #2457 ) ) ;
#3896 = EDGE_CURVE ( 'NONE', #2720, #4057, #2107, .T. ) ;
#3897 = ORIENTED_EDGE ( 'NONE', *, *, #915, .F. ) ;
#3898 = MECHANICAL_DESIGN_GEOMETRIC_PRESENTATION_REPRESENTATION (  '', ( #630 ), #2486 ) ;
#3899 = CARTESIAN_POINT ( 'NONE',  ( -19.97031184794697722, 5.000000000000000000, 1.089332224690231943 ) ) ;
#3900 = EDGE_LOOP ( 'NONE', ( #1864, #1102, #1693, #580, #3721 ) ) ;
#3901 = CARTESIAN_POINT ( 'NONE',  ( 4.084416974458195959, 2.000000000000000000, -2.251619235889195991 ) ) ;
#3902 = DIRECTION ( 'NONE',  ( -1.000000000000000000, 0.000000000000000000, 1.878143616355039418E-16 ) ) ;
#3903 = PLANE ( 'NONE',  #1040 ) ;
#3904 = DIRECTION ( 'NONE',  ( 0.7071067811865489050, 0.000000000000000000, -0.7071067811865462405 ) ) ;
#3905 = ORIENTED_EDGE ( 'NONE', *, *, #928, .T. ) ;
#3906 = EDGE_CURVE ( 'NONE', #2428, #2823, #1203, .T. ) ;
#3907 = CARTESIAN_POINT ( 'NONE',  ( -11.31396215431650809, 0.000000000000000000, -16.49224849348001598 ) ) ;
#3908 = VECTOR ( 'NONE', #1127, 1000.000000000000000 ) ;
#3909 = CARTESIAN_POINT ( 'NONE',  ( -2.229531442579137046, 4.000000000000000000, -2.229531442579142819 ) ) ;
#3910 = CARTESIAN_POINT ( 'NONE',  ( 0.7822776031089313520, 4.500000000000000000, 2.490294255477054186 ) ) ;
#3911 = VECTOR ( 'NONE', #2476, 1000.000000000000000 ) ;
#3912 = DIRECTION ( 'NONE',  ( -0.000000000000000000, -1.000000000000000000, -0.000000000000000000 ) ) ;
#3913 = DIRECTION ( 'NONE',  ( -1.000000000000000000, 0.000000000000000000, -2.168404344971006896E-16 ) ) ;
#3914 = CARTESIAN_POINT ( 'NONE',  ( 19.61993947053518994, 4.500000000000000000, 2.516201115714426617 ) ) ;
#3915 = PLANE ( 'NONE',  #753 ) ;
#3916 = LINE ( 'NONE', #2208, #4348 ) ;
#3917 = ORIENTED_EDGE ( 'NONE', *, *, #2783, .F. ) ;
#3918 = DIRECTION ( 'NONE',  ( 0.000000000000000000, 1.000000000000000000, -0.000000000000000000 ) ) ;
#3919 = AXIS2_PLACEMENT_3D ( 'NONE', #13, #661, #2340 ) ;
#3920 = VERTEX_POINT ( 'NONE', #30 ) ;
#3921 = DIRECTION ( 'NONE',  ( 0.000000000000000000, 0.000000000000000000, 1.000000000000000000 ) ) ;
#3922 = CIRCLE ( 'NONE', #655, 22.50000000000000355 ) ;
#3923 = VECTOR ( 'NONE', #632, 1000.000000000000000 ) ;
#3924 = CARTESIAN_POINT ( 'NONE',  ( -1.846678854221375010, 4.500000000000000000, 2.953952004840985079 ) ) ;
#3925 = CARTESIAN_POINT ( 'NONE',  ( 4.569755679803924941, 5.000000000000000000, -9.356723931159644181 ) ) ;
#3926 = CARTESIAN_POINT ( 'NONE',  ( -2.386628845210447381, 0.000000000000000000, -5.671093132272514659 ) ) ;
#3927 = DIRECTION ( 'NONE',  ( -0.000000000000000000, -1.000000000000000000, -0.000000000000000000 ) ) ;
#3928 = DIRECTION ( 'NONE',  ( -0.7071067811865462405, 0.000000000000000000, -0.7071067811865489050 ) ) ;
#3929 = ORIENTED_EDGE ( 'NONE', *, *, #2507, .T. ) ;
#3930 = CARTESIAN_POINT ( 'NONE',  ( -2.234855408919218966, 0.000000000000000000, -4.994580773372190308 ) ) ;
#3931 = AXIS2_PLACEMENT_3D ( 'NONE', #132, #787, #3921 ) ;
#3932 = CARTESIAN_POINT ( 'NONE',  ( 18.24277311780544863, 0.000000000000000000, 0.000000000000000000 ) ) ;
#3933 = CARTESIAN_POINT ( 'NONE',  ( 0.000000000000000000, 5.000000000000000000, -7.360667775309767791 ) ) ;
#3934 = FACE_OUTER_BOUND ( 'NONE', #2178, .T. ) ;
#3935 = EDGE_CURVE ( 'NONE', #3128, #1699, #1019, .T. ) ;
#3936 = FACE_BOUND ( 'NONE', #2845, .T. ) ;
#3937 = DIRECTION ( 'NONE',  ( 0.000000000000000000, 1.000000000000000000, 0.000000000000000000 ) ) ;
#3938 = ORIENTED_EDGE ( 'NONE', *, *, #3896, .F. ) ;
#3939 = CARTESIAN_POINT ( 'NONE',  ( 0.000000000000000000, 3.000000000000000000, 0.000000000000000000 ) ) ;
#3940 = VECTOR ( 'NONE', #1134, 1000.000000000000000 ) ;
#3941 = ORIENTED_EDGE ( 'NONE', *, *, #2337, .T. ) ;
#3942 = VERTEX_POINT ( 'NONE', #1043 ) ;
#3943 = DIRECTION ( 'NONE',  ( 0.7071067811865495711, 0.000000000000000000, -0.7071067811865454633 ) ) ;
#3944 = EDGE_CURVE ( 'NONE', #1045, #2408, #1917, .T. ) ;
#3945 = VECTOR ( 'NONE', #4378, 1000.000000000000000 ) ;
#3946 = ORIENTED_EDGE ( 'NONE', *, *, #3980, .T. ) ;
#3947 = CARTESIAN_POINT ( 'NONE',  ( 0.000000000000000000, 1.000000000000000000, 0.000000000000000000 ) ) ;
#3948 = CARTESIAN_POINT ( 'NONE',  ( -14.34943576232847917, 4.000000000000000000, 1.659486872262157967E-14 ) ) ;
#3949 = EDGE_LOOP ( 'NONE', ( #669, #2481, #3139, #3063 ) ) ;
#3950 = DIRECTION ( 'NONE',  ( 0.000000000000000000, 1.000000000000000000, -0.000000000000000000 ) ) ;
#3951 = CARTESIAN_POINT ( 'NONE',  ( 19.61993947059916366, 0.000000000000000000, 2.516201115721528492 ) ) ;
#3952 = CARTESIAN_POINT ( 'NONE',  ( 6.084416974482688367, 2.000000000000000000, 4.580169906002733882 ) ) ;
#3953 = DIRECTION ( 'NONE',  ( 0.000000000000000000, 1.000000000000000000, 0.000000000000000000 ) ) ;
#3954 = CARTESIAN_POINT ( 'NONE',  ( -19.34163120077336018, 5.000000000000000000, 5.089332224690231499 ) ) ;
#3955 = DIRECTION ( 'NONE',  ( 0.000000000000000000, 1.000000000000000000, -0.000000000000000000 ) ) ;
#3956 = ORIENTED_EDGE ( 'NONE', *, *, #1028, .F. ) ;
#3957 = DIRECTION ( 'NONE',  ( -0.000000000000000000, 1.000000000000000000, -0.000000000000000000 ) ) ;
#3958 = CIRCLE ( 'NONE', #3537, 0.5000000000000004441 ) ;
#3959 = ORIENTED_EDGE ( 'NONE', *, *, #4019, .F. ) ;
#3960 = ORIENTED_EDGE ( 'NONE', *, *, #120, .F. ) ;
#3961 = VERTEX_POINT ( 'NONE', #2088 ) ;
#3962 = B_SPLINE_CURVE_WITH_KNOTS ( 'NONE', 2,
 ( #2874, #2537, #888 ),
 .UNSPECIFIED., .F., .F.,
 ( 3, 3 ),
 ( 0.000000000000000000, 1.000000000000000000 ),
 .UNSPECIFIED. ) ;
#3963 = LINE ( 'NONE', #925, #3041 ) ;
#3964 = CARTESIAN_POINT ( 'NONE',  ( -7.198395109848509499, 4.000000000000000000, -4.162408328803619103E-15 ) ) ;
#3965 = CIRCLE ( 'NONE', #920, 0.2370438511196454046 ) ;
#3966 = EDGE_LOOP ( 'NONE', ( #1391, #2386, #2429, #3638 ) ) ;
#3967 = CARTESIAN_POINT ( 'NONE',  ( -7.798415018066235049, 0.000000000000000000, -12.16068768352750773 ) ) ;
#3968 = CARTESIAN_POINT ( 'NONE',  ( 4.084416974458195959, 2.000000000000000000, -0.2516192358891953806 ) ) ;
#3969 = CARTESIAN_POINT ( 'NONE',  ( 4.030680789221961824, 0.000000000000000000, -9.426775070323923700 ) ) ;
#3970 = CARTESIAN_POINT ( 'NONE',  ( -2.386628845210447381, 0.000000000000000000, -5.434049281152868893 ) ) ;
#3971 = AXIS2_PLACEMENT_3D ( 'NONE', #385, #737, #1097 ) ;
#3972 = DIRECTION ( 'NONE',  ( 0.000000000000000000, 0.000000000000000000, -1.000000000000000000 ) ) ;
#3973 = ADVANCED_FACE ( 'NONE', ( #1402 ), #2442, .F. ) ;
#3974 = FACE_OUTER_BOUND ( 'NONE', #3365, .T. ) ;
#3975 = CARTESIAN_POINT ( 'NONE',  ( 1.926060831110940841, 0.000000000000000000, -3.106313863398758368 ) ) ;
#3976 = EDGE_LOOP ( 'NONE', ( #1994, #2745, #2031, #531 ) ) ;
#3977 = ORIENTED_EDGE ( 'NONE', *, *, #3560, .T. ) ;
#3978 = FACE_OUTER_BOUND ( 'NONE', #2009, .T. ) ;
#3979 = ORIENTED_EDGE ( 'NONE', *, *, #1209, .F. ) ;
#3980 = EDGE_CURVE ( 'NONE', #2421, #1793, #701, .T. ) ;
#3981 = AXIS2_PLACEMENT_3D ( 'NONE', #2423, #2828, #1065 ) ;
#3982 = ORIENTED_EDGE ( 'NONE', *, *, #2612, .T. ) ;
#3983 = ORIENTED_EDGE ( 'NONE', *, *, #4207, .T. ) ;
#3984 = VECTOR ( 'NONE', #3421, 1000.000000000000000 ) ;
#3985 = ORIENTED_EDGE ( 'NONE', *, *, #3995, .F. ) ;
#3986 = DIRECTION ( 'NONE',  ( 0.000000000000000000, 1.000000000000000000, 0.000000000000000000 ) ) ;
#3987 = CARTESIAN_POINT ( 'NONE',  ( 18.24277311780544863, 5.000000000000000000, -3.106313863398760589 ) ) ;
#3988 = ORIENTED_EDGE ( 'NONE', *, *, #3439, .T. ) ;
#3989 = LINE ( 'NONE', #3393, #3077 ) ;
#3990 = VECTOR ( 'NONE', #1881, 1000.000000000000000 ) ;
#3991 = DIRECTION ( 'NONE',  ( -0.000000000000000000, -1.000000000000000000, -0.000000000000000000 ) ) ;
#3992 = LINE ( 'NONE', #1289, #3869 ) ;
#3993 = FACE_OUTER_BOUND ( 'NONE', #665, .T. ) ;
#3994 = CYLINDRICAL_SURFACE ( 'NONE', #2819, 22.50000000000000355 ) ;
#3995 = EDGE_CURVE ( 'NONE', #1835, #4117, #1696, .T. ) ;
#3996 = DIRECTION ( 'NONE',  ( 1.734723475976807094E-15, 0.000000000000000000, -1.000000000000000000 ) ) ;
#3997 = FACE_OUTER_BOUND ( 'NONE', #1211, .T. ) ;
#3998 = ORIENTED_EDGE ( 'NONE', *, *, #1819, .T. ) ;
#3999 = CARTESIAN_POINT ( 'NONE',  ( -11.31396215431650809, 4.000000000000000000, -16.49224849348001598 ) ) ;
#4000 = EDGE_LOOP ( 'NONE', ( #4148, #4284, #2905, #445 ) ) ;
#4001 = LINE ( 'NONE', #666, #1070 ) ;
#4002 = EDGE_CURVE ( 'NONE', #484, #179, #354, .T. ) ;
#4003 = VERTEX_POINT ( 'NONE', #2070 ) ;
#4004 = ORIENTED_EDGE ( 'NONE', *, *, #575, .T. ) ;
#4005 = ORIENTED_EDGE ( 'NONE', *, *, #3980, .F. ) ;
#4006 = AXIS2_PLACEMENT_3D ( 'NONE', #500, #2224, #1585 ) ;
#4007 = CARTESIAN_POINT ( 'NONE',  ( 19.92210529640140138, 4.500000000000000888, 1.763439978875164460 ) ) ;
#4008 = DIRECTION ( 'NONE',  ( -1.000000000000000000, 0.000000000000000000, 2.168404344971006896E-16 ) ) ;
#4009 = ORIENTED_EDGE ( 'NONE', *, *, #2672, .F. ) ;
#4010 = DIRECTION ( 'NONE',  ( 1.084202172485501722E-16, 0.000000000000000000, 1.000000000000000000 ) ) ;
#4011 = CARTESIAN_POINT ( 'NONE',  ( -5.548395109848520690, 0.000000000000000000, 5.089332224690231499 ) ) ;
#4012 = AXIS2_PLACEMENT_3D ( 'NONE', #266, #1997, #1280 ) ;
#4013 = CARTESIAN_POINT ( 'NONE',  ( -1.604328562653619450, 6.000000000000000000, -18.93214541099485970 ) ) ;
#4014 = VECTOR ( 'NONE', #1231, 1000.000000000000227 ) ;
#4015 = CARTESIAN_POINT ( 'NONE',  ( 4.282535700030599024, 5.000000000000000000, -9.255674478193938626 ) ) ;
#4016 = VECTOR ( 'NONE', #2477, 1000.000000000000000 ) ;
#4017 = ORIENTED_EDGE ( 'NONE', *, *, #4311, .F. ) ;
#4018 = LINE ( 'NONE', #3419, #2172 ) ;
#4019 = EDGE_CURVE ( 'NONE', #2860, #1218, #3707, .T. ) ;
#4020 = EDGE_CURVE ( 'NONE', #619, #1793, #1757, .T. ) ;
#4021 = CARTESIAN_POINT ( 'NONE',  ( 0.000000000000000000, 5.000000000000000000, 1.089332224690231943 ) ) ;
#4022 = LINE ( 'NONE', #3687, #222 ) ;
#4023 = ORIENTED_EDGE ( 'NONE', *, *, #4156, .T. ) ;
#4024 = EDGE_CURVE ( 'NONE', #1320, #1051, #3543, .T. ) ;
#4025 = ORIENTED_EDGE ( 'NONE', *, *, #646, .T. ) ;
#4026 = DIRECTION ( 'NONE',  ( 0.000000000000000000, 1.000000000000000000, -0.000000000000000000 ) ) ;
#4027 = ADVANCED_FACE ( 'NONE', ( #1442 ), #46, .T. ) ;
#4028 = ORIENTED_EDGE ( 'NONE', *, *, #2008, .T. ) ;
#4029 = ORIENTED_EDGE ( 'NONE', *, *, #3076, .T. ) ;
#4030 = VERTEX_POINT ( 'NONE', #1421 ) ;
#4031 = AXIS2_PLACEMENT_3D ( 'NONE', #1240, #1824, #138 ) ;
#4032 = ADVANCED_FACE ( 'NONE', ( #658 ), #3462, .T. ) ;
#4033 = CARTESIAN_POINT ( 'NONE',  ( 0.000000000000000000, 5.000000000000000000, -22.50000000000000355 ) ) ;
#4034 = DIRECTION ( 'NONE',  ( -4.336808689942015764E-16, -0.000000000000000000, -1.000000000000000000 ) ) ;
#4035 = B_SPLINE_CURVE_WITH_KNOTS ( 'NONE', 2,
 ( #1199, #3914, #867 ),
 .UNSPECIFIED., .F., .F.,
 ( 3, 3 ),
 ( 0.000000000000000000, 0.1459904955854240405 ),
 .UNSPECIFIED. ) ;
#4036 = VERTEX_POINT ( 'NONE', #4039 ) ;
#4037 = DIRECTION ( 'NONE',  ( 0.000000000000000000, 1.000000000000000000, -0.000000000000000000 ) ) ;
#4038 = CARTESIAN_POINT ( 'NONE',  ( -14.34943576232846674, 0.000000000000000000, 3.589332224690231943 ) ) ;
#4039 = CARTESIAN_POINT ( 'NONE',  ( -17.10720793261301864, 5.000000000000000000, -10.36066777530976779 ) ) ;
#4040 = EDGE_CURVE ( 'NONE', #1392, #3375, #3403, .T. ) ;
#4041 = ORIENTED_EDGE ( 'NONE', *, *, #153, .T. ) ;
#4042 = LINE ( 'NONE', #705, #2680 ) ;
#4043 = CARTESIAN_POINT ( 'NONE',  ( -0.8163410178626506752, 0.000000000000000000, 2.667750055825482747 ) ) ;
#4044 = DIRECTION ( 'NONE',  ( 0.000000000000000000, 0.000000000000000000, 1.000000000000000000 ) ) ;
#4045 = VERTEX_POINT ( 'NONE', #2175 ) ;
#4046 = CIRCLE ( 'NONE', #3768, 0.3044771070633348065 ) ;
#4047 = CIRCLE ( 'NONE', #1573, 1.000000000000000888 ) ;
#4048 = ORIENTED_EDGE ( 'NONE', *, *, #895, .T. ) ;
#4049 = CARTESIAN_POINT ( 'NONE',  ( -13.59943576232846496, 4.000000000000000000, -3.110667775309767791 ) ) ;
#4050 = ORIENTED_EDGE ( 'NONE', *, *, #1175, .F. ) ;
#4051 = ORIENTED_EDGE ( 'NONE', *, *, #870, .T. ) ;
#4052 = ORIENTED_EDGE ( 'NONE', *, *, #4024, .T. ) ;
#4053 = EDGE_CURVE ( 'NONE', #1769, #2711, #2870, .T. ) ;
#4054 = AXIS2_PLACEMENT_3D ( 'NONE', #2614, #3955, #869 ) ;
#4055 = TOROIDAL_SURFACE ( 'NONE', #4119, 21.50000000000000000, 1.000000000000000000 ) ;
#4056 = PLANE ( 'NONE',  #123 ) ;
#4057 = VERTEX_POINT ( 'NONE', #3173 ) ;
#4058 = DIRECTION ( 'NONE',  ( -0.000000000000000000, -1.000000000000000000, -0.000000000000000000 ) ) ;
#4059 = FACE_OUTER_BOUND ( 'NONE', #1279, .T. ) ;
#4060 = ORIENTED_EDGE ( 'NONE', *, *, #1698, .T. ) ;
#4061 = LINE ( 'NONE', #3049, #528 ) ;
#4062 = CARTESIAN_POINT ( 'NONE',  ( 0.000000000000000000, 6.000000000000000000, 21.50000000000000000 ) ) ;
#4063 = CIRCLE ( 'NONE', #872, 0.2370438511196454046 ) ;
#4064 = DIRECTION ( 'NONE',  ( 0.000000000000000000, 0.000000000000000000, 1.000000000000000000 ) ) ;
#4065 = ADVANCED_FACE ( 'NONE', ( #1465 ), #1146, .T. ) ;
#4066 = EDGE_CURVE ( 'NONE', #2331, #2408, #1485, .T. ) ;
#4067 = ORIENTED_EDGE ( 'NONE', *, *, #3280, .T. ) ;
#4068 = ORIENTED_EDGE ( 'NONE', *, *, #4040, .T. ) ;
#4069 = VERTEX_POINT ( 'NONE', #1865 ) ;
#4070 = DIRECTION ( 'NONE',  ( -0.000000000000000000, -1.000000000000000000, -0.000000000000000000 ) ) ;
#4071 = CYLINDRICAL_SURFACE ( 'NONE', #2151, 0.7499999999999972244 ) ;
#4072 = ORIENTED_EDGE ( 'NONE', *, *, #74, .T. ) ;
#4073 = EDGE_CURVE ( 'NONE', #3318, #973, #1169, .T. ) ;
#4074 = ORIENTED_EDGE ( 'NONE', *, *, #831, .F. ) ;
#4075 = EDGE_CURVE ( 'NONE', #3851, #1949, #733, .T. ) ;
#4076 = CARTESIAN_POINT ( 'NONE',  ( 19.70247940333372938, 4.999999999999999112, -3.436903455322857237 ) ) ;
#4077 = PLANE ( 'NONE',  #2757 ) ;
#4078 = VECTOR ( 'NONE', #1950, 1000.000000000000000 ) ;
#4079 = VERTEX_POINT ( 'NONE', #3235 ) ;
#4080 = LINE ( 'NONE', #1674, #4336 ) ;
#4081 = FACE_BOUND ( 'NONE', #3900, .T. ) ;
#4082 = VECTOR ( 'NONE', #1316, 1000.000000000000000 ) ;
#4083 = ORIENTED_EDGE ( 'NONE', *, *, #682, .T. ) ;
#4084 = LINE ( 'NONE', #378, #3374 ) ;
#4085 = LINE ( 'NONE', #2054, #3210 ) ;
#4086 = AXIS2_PLACEMENT_3D ( 'NONE', #314, #3726, #334 ) ;
#4087 = DIRECTION ( 'NONE',  ( 0.000000000000000000, 0.000000000000000000, 1.000000000000000000 ) ) ;
#4088 = CARTESIAN_POINT ( 'NONE',  ( -2.275269876593832841, 0.000000000000000000, -5.643307417105276613 ) ) ;
#4089 = EDGE_CURVE ( 'NONE', #4079, #2042, #3525, .T. ) ;
#4090 = VERTEX_POINT ( 'NONE', #2888 ) ;
#4091 = VERTEX_POINT ( 'NONE', #3901 ) ;
#4092 = ORIENTED_EDGE ( 'NONE', *, *, #1576, .T. ) ;
#4093 = CARTESIAN_POINT ( 'NONE',  ( 9.084416974458198624, 2.000000000000000000, -0.2516192358891955472 ) ) ;
#4094 = ORIENTED_EDGE ( 'NONE', *, *, #2040, .T. ) ;
#4095 = ORIENTED_EDGE ( 'NONE', *, *, #3073, .F. ) ;
#4096 = DIRECTION ( 'NONE',  ( 0.000000000000000000, -0.000000000000000000, 1.000000000000000000 ) ) ;
#4097 = CARTESIAN_POINT ( 'NONE',  ( 0.000000000000000000, 5.000000000000000000, 0.000000000000000000 ) ) ;
#4098 = DIRECTION ( 'NONE',  ( 0.7071067811865490160, 0.000000000000000000, -0.7071067811865460184 ) ) ;
#4099 = VERTEX_POINT ( 'NONE', #2488 ) ;
#4100 = CARTESIAN_POINT ( 'NONE',  ( 14.08441697445819685, 2.000000000000000000, -2.251619235889195991 ) ) ;
#4101 = PLANE ( 'NONE',  #4121 ) ;
#4102 = CARTESIAN_POINT ( 'NONE',  ( -13.59943576232846496, 4.000000000000000000, 3.589332224690231943 ) ) ;
#4103 = FACE_OUTER_BOUND ( 'NONE', #3586, .T. ) ;
#4104 = COLOUR_RGB ( '',0.7921568627450980005, 0.8196078431372548767, 0.9333333333333333481 ) ;
#4105 = VERTEX_POINT ( 'NONE', #2532 ) ;
#4106 = ORIENTED_EDGE ( 'NONE', *, *, #1491, .T. ) ;
#4107 = ORIENTED_EDGE ( 'NONE', *, *, #1405, .F. ) ;
#4108 = LINE ( 'NONE', #801, #3199 ) ;
#4109 = PLANE ( 'NONE',  #1797 ) ;
#4110 = ORIENTED_EDGE ( 'NONE', *, *, #66, .T. ) ;
#4111 = VECTOR ( 'NONE', #1951, 1000.000000000000000 ) ;
#4112 = VECTOR ( 'NONE', #52, 1000.000000000000000 ) ;
#4113 = EDGE_CURVE ( 'NONE', #2170, #648, #2334, .T. ) ;
#4114 = EDGE_LOOP ( 'NONE', ( #2956, #606, #1748, #4370 ) ) ;
#4115 = CARTESIAN_POINT ( 'NONE',  ( -4.953751240975343142E-16, 5.000000000000000000, -3.106313863398757924 ) ) ;
#4116 = CYLINDRICAL_SURFACE ( 'NONE', #2521, 22.50000000000000355 ) ;
#4117 = VERTEX_POINT ( 'NONE', #4188 ) ;
#4118 = CARTESIAN_POINT ( 'NONE',  ( 2.181136332730622129, 5.000000000000000000, -2.181136332730614580 ) ) ;
#4119 = AXIS2_PLACEMENT_3D ( 'NONE', #2310, #28, #1285 ) ;
#4120 = CARTESIAN_POINT ( 'NONE',  ( -6.448395109848510387, 4.000000000000000000, 3.196052108408072335E-15 ) ) ;
#4121 = AXIS2_PLACEMENT_3D ( 'NONE', #3465, #1723, #3078 ) ;
#4122 = CARTESIAN_POINT ( 'NONE',  ( 0.000000000000000000, 6.000000000000000000, 0.000000000000000000 ) ) ;
#4123 = DIRECTION ( 'NONE',  ( 0.000000000000000000, 1.000000000000000000, -0.000000000000000000 ) ) ;
#4124 = ORIENTED_EDGE ( 'NONE', *, *, #1302, .T. ) ;
#4125 = AXIS2_PLACEMENT_3D ( 'NONE', #2272, #3953, #4280 ) ;
#4126 = CIRCLE ( 'NONE', #873, 3.000000000000000888 ) ;
#4127 = ORIENTED_EDGE ( 'NONE', *, *, #1807, .F. ) ;
#4128 = VERTEX_POINT ( 'NONE', #3876 ) ;
#4129 = APPLICATION_PROTOCOL_DEFINITION ( 'draft international standard', 'automotive_design', 1998, #3171 ) ;
#4130 = LINE ( 'NONE', #468, #2598 ) ;
#4131 = CARTESIAN_POINT ( 'NONE',  ( -4.498395109848527973, 5.000000000000000000, 8.239332224690230078 ) ) ;
#4132 = ORIENTED_EDGE ( 'NONE', *, *, #4113, .F. ) ;
#4133 = EDGE_CURVE ( 'NONE', #16, #3545, #833, .T. ) ;
#4134 = ORIENTED_EDGE ( 'NONE', *, *, #1352, .F. ) ;
#4135 = DIRECTION ( 'NONE',  ( -0.000000000000000000, 1.000000000000000000, -0.000000000000000000 ) ) ;
#4136 = DIRECTION ( 'NONE',  ( -0.000000000000000000, -1.000000000000000000, -0.000000000000000000 ) ) ;
#4137 = ADVANCED_FACE ( 'NONE', ( #455 ), #2807, .F. ) ;
#4138 = PLANE ( 'NONE',  #149 ) ;
#4139 = ORIENTED_EDGE ( 'NONE', *, *, #642, .F. ) ;
#4140 = PLANE ( 'NONE',  #789 ) ;
#4141 = LINE ( 'NONE', #3777, #3984 ) ;
#4142 = DIRECTION ( 'NONE',  ( 0.000000000000000000, 0.000000000000000000, -1.000000000000000000 ) ) ;
#4143 = AXIS2_PLACEMENT_3D ( 'NONE', #4350, #1957, #4300 ) ;
#4144 = LINE ( 'NONE', #773, #2714 ) ;
#4145 = FACE_OUTER_BOUND ( 'NONE', #2365, .T. ) ;
#4146 = EDGE_CURVE ( 'NONE', #1699, #1370, #177, .T. ) ;
#4147 = ORIENTED_EDGE ( 'NONE', *, *, #3223, .T. ) ;
#4148 = ORIENTED_EDGE ( 'NONE', *, *, #1967, .T. ) ;
#4149 = CARTESIAN_POINT ( 'NONE',  ( -4.498395109848528861, 4.000000000000000000, 12.73933222469023008 ) ) ;
#4150 = DIRECTION ( 'NONE',  ( -0.000000000000000000, -1.000000000000000000, -0.000000000000000000 ) ) ;
#4151 = CARTESIAN_POINT ( 'NONE',  ( 0.000000000000000000, 2.000000000000000000, 0.000000000000000000 ) ) ;
#4152 = EDGE_LOOP ( 'NONE', ( #3383, #3410, #4060, #450, #4029 ) ) ;
#4153 = EDGE_CURVE ( 'NONE', #488, #61, #1063, .T. ) ;
#4154 = ADVANCED_FACE ( 'NONE', ( #3194 ), #4138, .T. ) ;
#4155 = DIRECTION ( 'NONE',  ( -0.000000000000000000, -1.000000000000000000, -0.000000000000000000 ) ) ;
#4156 = EDGE_CURVE ( 'NONE', #192, #307, #3216, .T. ) ;
#4157 = ORIENTED_EDGE ( 'NONE', *, *, #1891, .F. ) ;
#4158 = CARTESIAN_POINT ( 'NONE',  ( -19.34163120077336018, 5.000000000000000000, 5.089332224690231499 ) ) ;
#4159 = VECTOR ( 'NONE', #3636, 1000.000000000000000 ) ;
#4160 = ADVANCED_FACE ( 'NONE', ( #435 ), #3809, .T. ) ;
#4161 = LINE ( 'NONE', #2149, #2590 ) ;
#4162 = CARTESIAN_POINT ( 'NONE',  ( -2.234855408919218966, 0.000000000000000000, -4.994580773372190308 ) ) ;
#4163 = ORIENTED_EDGE ( 'NONE', *, *, #1891, .T. ) ;
#4164 = DIRECTION ( 'NONE',  ( 0.000000000000000000, 0.000000000000000000, -1.000000000000000000 ) ) ;
#4165 = CARTESIAN_POINT ( 'NONE',  ( 19.83669864921987269, 0.000000000000000000, 2.550565956810076695 ) ) ;
#4166 = DIRECTION ( 'NONE',  ( -0.000000000000000000, -1.000000000000000000, -0.000000000000000000 ) ) ;
#4167 = AXIS2_PLACEMENT_3D ( 'NONE', #2181, #3680, #3308 ) ;
#4168 = EDGE_CURVE ( 'NONE', #3030, #1782, #3341, .T. ) ;
#4169 = CARTESIAN_POINT ( 'NONE',  ( 2.755455298081545172E-15, 6.000000000000000000, 22.50000000000000355 ) ) ;
#4170 = DIRECTION ( 'NONE',  ( -0.7071067811865464625, 0.000000000000000000, -0.7071067811865486830 ) ) ;
#4171 = ORIENTED_EDGE ( 'NONE', *, *, #2946, .F. ) ;
#4172 = CARTESIAN_POINT ( 'NONE',  ( -13.59943576232846496, 4.000000000000000000, 11.23933222469023185 ) ) ;
#4173 = VERTEX_POINT ( 'NONE', #2241 ) ;
#4174 = CARTESIAN_POINT ( 'NONE',  ( 10.08441697445819685, 5.000000000000000000, 9.591833536021345807 ) ) ;
#4175 = CARTESIAN_POINT ( 'NONE',  ( -19.93503823215743864, 5.000000000000000000, -1.610667775309767791 ) ) ;
#4176 = VECTOR ( 'NONE', #4229, 1000.000000000000000 ) ;
#4177 = EDGE_CURVE ( 'NONE', #3450, #3942, #1345, .T. ) ;
#4178 = DIRECTION ( 'NONE',  ( 0.000000000000000000, 1.000000000000000000, -0.000000000000000000 ) ) ;
#4179 = ORIENTED_EDGE ( 'NONE', *, *, #2212, .F. ) ;
#4180 = ORIENTED_EDGE ( 'NONE', *, *, #3202, .F. ) ;
#4181 = ORIENTED_EDGE ( 'NONE', *, *, #1988, .T. ) ;
#4182 = CIRCLE ( 'NONE', #1719, 0.5000000000000004441 ) ;
#4183 = CARTESIAN_POINT ( 'NONE',  ( 15.88629824888579023, 5.000000000000000000, -9.560151585257276707 ) ) ;
#4184 = ADVANCED_FACE ( 'NONE', ( #1660 ), #3019, .F. ) ;
#4185 = DIRECTION ( 'NONE',  ( -0.000000000000000000, -1.000000000000000000, -0.000000000000000000 ) ) ;
#4186 = TOROIDAL_SURFACE ( 'NONE', #2495, 21.50000000000000000, 1.000000000000000000 ) ;
#4187 = ORIENTED_EDGE ( 'NONE', *, *, #2143, .F. ) ;
#4188 = CARTESIAN_POINT ( 'NONE',  ( 14.08441697448268748, 2.000000000000000000, 6.580169906002734770 ) ) ;
#4189 = CARTESIAN_POINT ( 'NONE',  ( 19.38162282921840784, 5.000000000000000000, -4.934845134947980050 ) ) ;
#4190 = ORIENTED_EDGE ( 'NONE', *, *, #887, .T. ) ;
#4191 = DIRECTION ( 'NONE',  ( 0.000000000000000000, 0.000000000000000000, 1.000000000000000000 ) ) ;
#4192 = LINE ( 'NONE', #2248, #3350 ) ;
#4193 = FACE_OUTER_BOUND ( 'NONE', #1551, .T. ) ;
#4194 = CARTESIAN_POINT ( 'NONE',  ( 19.38162282921840784, 5.000000000000000000, -4.934845134947980050 ) ) ;
#4195 = VECTOR ( 'NONE', #4058, 1000.000000000000000 ) ;
#4196 = AXIS2_PLACEMENT_3D ( 'NONE', #4120, #2491, #2092 ) ;
#4197 = CARTESIAN_POINT ( 'NONE',  ( -2.234855408919218966, 5.000000000000000000, -4.994580773372190308 ) ) ;
#4198 = EDGE_CURVE ( 'NONE', #1078, #1525, #3385, .T. ) ;
#4199 = FACE_OUTER_BOUND ( 'NONE', #2727, .T. ) ;
#4200 = EDGE_LOOP ( 'NONE', ( #1186, #2604, #2452, #2483 ) ) ;
#4201 = DIRECTION ( 'NONE',  ( -0.000000000000000000, -1.000000000000000000, -0.000000000000000000 ) ) ;
#4202 = FACE_OUTER_BOUND ( 'NONE', #2528, .T. ) ;
#4203 = FACE_OUTER_BOUND ( 'NONE', #3611, .T. ) ;
#4204 = ORIENTED_EDGE ( 'NONE', *, *, #3704, .T. ) ;
#4205 = EDGE_CURVE ( 'NONE', #355, #4079, #625, .T. ) ;
#4206 = EDGE_LOOP ( 'NONE', ( #698, #3535, #54, #3946 ) ) ;
#4207 = EDGE_CURVE ( 'NONE', #778, #4268, #4001, .T. ) ;
#4208 = FACE_OUTER_BOUND ( 'NONE', #202, .T. ) ;
#4209 = EDGE_LOOP ( 'NONE', ( #2500, #263, #393, #997, #807 ) ) ;
#4210 = DIRECTION ( 'NONE',  ( 0.000000000000000000, 1.000000000000000000, 0.000000000000000000 ) ) ;
#4211 = DIRECTION ( 'NONE',  ( 4.336808689942017736E-16, 0.000000000000000000, 1.000000000000000000 ) ) ;
#4212 = CARTESIAN_POINT ( 'NONE',  ( 9.084416974458198624, 2.000000000000000000, -2.251619235889195103 ) ) ;
#4213 = LINE ( 'NONE', #4277, #281 ) ;
#4214 = DIRECTION ( 'NONE',  ( -1.000000000000000000, 0.000000000000000000, 0.000000000000000000 ) ) ;
#4215 = EDGE_CURVE ( 'NONE', #42, #1078, #2729, .T. ) ;
#4216 = CARTESIAN_POINT ( 'NONE',  ( 4.569755679803924941, 0.000000000000000000, -9.356723931159644181 ) ) ;
#4217 = EDGE_CURVE ( 'NONE', #1390, #257, #3623, .T. ) ;
#4218 = CARTESIAN_POINT ( 'NONE',  ( -5.779531442579130207, 4.000000000000000000, -5.779531442579150635 ) ) ;
#4219 = DIRECTION ( 'NONE',  ( 0.000000000000000000, 1.000000000000000000, -0.000000000000000000 ) ) ;
#4220 = VERTEX_POINT ( 'NONE', #1300 ) ;
#4221 = DIRECTION ( 'NONE',  ( -0.000000000000000000, -1.000000000000000000, -0.000000000000000000 ) ) ;
#4222 = PLANE ( 'NONE',  #3214 ) ;
#4223 = VERTEX_POINT ( 'NONE', #2323 ) ;
#4224 = VECTOR ( 'NONE', #2993, 1000.000000000000000 ) ;
#4225 = EDGE_CURVE ( 'NONE', #2711, #4105, #2420, .T. ) ;
#4226 = EDGE_LOOP ( 'NONE', ( #3429, #129, #1113, #3956, #2837 ) ) ;
#4227 = CARTESIAN_POINT ( 'NONE',  ( 16.92049610954852668, 5.000000000000000000, -7.978093657502478564 ) ) ;
#4228 = ORIENTED_EDGE ( 'NONE', *, *, #697, .T. ) ;
#4229 = DIRECTION ( 'NONE',  ( -0.000000000000000000, -1.000000000000000000, -0.000000000000000000 ) ) ;
#4230 = CARTESIAN_POINT ( 'NONE',  ( -5.548395109848520690, 5.000000000000000000, 5.089332224690231499 ) ) ;
#4231 = CARTESIAN_POINT ( 'NONE',  ( -2.275269876593832841, 0.000000000000000000, -5.643307417105276613 ) ) ;
#4232 = PLANE ( 'NONE',  #3014 ) ;
#4233 = ORIENTED_EDGE ( 'NONE', *, *, #3610, .F. ) ;
#4234 = LINE ( 'NONE', #1931, #2505 ) ;
#4235 = LINE ( 'NONE', #1536, #2579 ) ;
#4236 = PLANE ( 'NONE',  #1104 ) ;
#4237 = CARTESIAN_POINT ( 'NONE',  ( 0.000000000000000000, 4.500000000000000000, 0.000000000000000000 ) ) ;
#4238 = EDGE_CURVE ( 'NONE', #988, #4291, #360, .T. ) ;
#4239 = DIRECTION ( 'NONE',  ( -1.000000000000000000, 0.000000000000000000, 1.156482317317871725E-15 ) ) ;
#4240 = FACE_OUTER_BOUND ( 'NONE', #2160, .T. ) ;
#4241 = ORIENTED_EDGE ( 'NONE', *, *, #1151, .F. ) ;
#4242 = FACE_OUTER_BOUND ( 'NONE', #2433, .T. ) ;
#4243 = PLANE ( 'NONE',  #2368 ) ;
#4244 = ORIENTED_EDGE ( 'NONE', *, *, #1670, .F. ) ;
#4245 = ORIENTED_EDGE ( 'NONE', *, *, #3379, .T. ) ;
#4246 = CARTESIAN_POINT ( 'NONE',  ( 16.87227590772898367, 5.000000000000000000, -5.363611827992987635 ) ) ;
#4247 = EDGE_CURVE ( 'NONE', #2938, #299, #4182, .T. ) ;
#4248 = CARTESIAN_POINT ( 'NONE',  ( -13.59943576232846674, 4.000000000000000000, -9.610667775309764238 ) ) ;
#4249 = LINE ( 'NONE', #3237, #190 ) ;
#4250 = DIRECTION ( 'NONE',  ( -1.000000000000000000, 0.000000000000000000, 0.000000000000000000 ) ) ;
#4251 = CARTESIAN_POINT ( 'NONE',  ( 6.084416974458196847, 2.000000000000000000, -0.2516192358891953251 ) ) ;
#4252 = VERTEX_POINT ( 'NONE', #2367 ) ;
#4253 = DIRECTION ( 'NONE',  ( -0.2217939121818078840, 0.000000000000000000, 0.9750935650075270855 ) ) ;
#4254 = CIRCLE ( 'NONE', #850, 20.00000000000000000 ) ;
#4255 = DIRECTION ( 'NONE',  ( 0.000000000000000000, 0.000000000000000000, -1.000000000000000000 ) ) ;
#4256 = CARTESIAN_POINT ( 'NONE',  ( -8.779531442579113332, 4.000000000000000000, -8.779531442579166622 ) ) ;
#4257 = VECTOR ( 'NONE', #3694, 1000.000000000000000 ) ;
#4258 = LINE ( 'NONE', #1896, #998 ) ;
#4259 = DIRECTION ( 'NONE',  ( 0.000000000000000000, 1.000000000000000000, 0.000000000000000000 ) ) ;
#4260 = CARTESIAN_POINT ( 'NONE',  ( 1.870468557420857270, 5.000000000000000000, 1.870468557420862155 ) ) ;
#4261 = VERTEX_POINT ( 'NONE', #3058 ) ;
#4262 = VECTOR ( 'NONE', #2462, 1000.000000000000000 ) ;
#4263 = LINE ( 'NONE', #3838, #229 ) ;
#4264 = ORIENTED_EDGE ( 'NONE', *, *, #2872, .F. ) ;
#4265 = ORIENTED_EDGE ( 'NONE', *, *, #1323, .T. ) ;
#4266 = CARTESIAN_POINT ( 'NONE',  ( -13.59943576232846496, 0.000000000000000000, 2.839332224690230166 ) ) ;
#4267 = AXIS2_PLACEMENT_3D ( 'NONE', #167, #621, #2297 ) ;
#4268 = VERTEX_POINT ( 'NONE', #3259 ) ;
#4269 = CARTESIAN_POINT ( 'NONE',  ( -0.3148658430904692773, 0.000000000000000000, -0.07161910370203229681 ) ) ;
#4270 = VECTOR ( 'NONE', #763, 1000.000000000000000 ) ;
#4271 = TOROIDAL_SURFACE ( 'NONE', #2369, 3.500000000000000444, 0.5000000000000000000 ) ;
#4272 = DIRECTION ( 'NONE',  ( 0.000000000000000000, 1.000000000000000000, -0.000000000000000000 ) ) ;
#4273 = DIRECTION ( 'NONE',  ( 1.000000000000000000, 0.000000000000000000, -0.000000000000000000 ) ) ;
#4274 = ORIENTED_EDGE ( 'NONE', *, *, #905, .F. ) ;
#4275 = DIRECTION ( 'NONE',  ( -0.000000000000000000, -1.000000000000000000, -0.000000000000000000 ) ) ;
#4276 = AXIS2_PLACEMENT_3D ( 'NONE', #155, #809, #3234 ) ;
#4277 = CARTESIAN_POINT ( 'NONE',  ( 11.08441697445819685, 2.000000000000000000, -0.2516192358891957692 ) ) ;
#4278 = PLANE ( 'NONE',  #1319 ) ;
#4279 = SURFACE_STYLE_USAGE ( .BOTH. , #250 ) ;
#4280 = DIRECTION ( 'NONE',  ( 0.000000000000000000, 0.000000000000000000, 1.000000000000000000 ) ) ;
#4281 = CARTESIAN_POINT ( 'NONE',  ( 16.92049610954852668, 5.000000000000000000, -7.978093657502478564 ) ) ;
#4282 = CARTESIAN_POINT ( 'NONE',  ( -12.84943576232846496, 0.000000000000000000, -0.000000000000000000 ) ) ;
#4283 = CIRCLE ( 'NONE', #456, 22.50000000000000355 ) ;
#4284 = ORIENTED_EDGE ( 'NONE', *, *, #233, .T. ) ;
#4285 = LINE ( 'NONE', #3648, #156 ) ;
#4286 = CARTESIAN_POINT ( 'NONE',  ( 14.70260341363857215, 0.000000000000000000, -8.130763445302775949 ) ) ;
#4287 = VECTOR ( 'NONE', #660, 1000.000000000000000 ) ;
#4288 = ORIENTED_EDGE ( 'NONE', *, *, #901, .F. ) ;
#4289 = ORIENTED_EDGE ( 'NONE', *, *, #1164, .F. ) ;
#4290 = VECTOR ( 'NONE', #4008, 1000.000000000000000 ) ;
#4291 = VERTEX_POINT ( 'NONE', #3741 ) ;
#4292 = EDGE_CURVE ( 'NONE', #1858, #1511, #2039, .T. ) ;
#4293 = EDGE_CURVE ( 'NONE', #3325, #3211, #986, .T. ) ;
#4294 = CARTESIAN_POINT ( 'NONE',  ( -1.737662613365197783, 4.500000000000000000, 3.095673925631122980 ) ) ;
#4295 = FACE_OUTER_BOUND ( 'NONE', #768, .T. ) ;
#4296 = ORIENTED_EDGE ( 'NONE', *, *, #2273, .F. ) ;
#4297 = EDGE_CURVE ( 'NONE', #3106, #2097, #645, .T. ) ;
#4298 = FACE_OUTER_BOUND ( 'NONE', #3039, .T. ) ;
#4299 = DIRECTION ( 'NONE',  ( -1.927470528863119295E-16, 0.000000000000000000, -1.000000000000000000 ) ) ;
#4300 = DIRECTION ( 'NONE',  ( 0.000000000000000000, 0.000000000000000000, 1.000000000000000000 ) ) ;
#4301 = CARTESIAN_POINT ( 'NONE',  ( -7.895121667798798981, 0.000000000000000000, -12.25739432700778231 ) ) ;
#4302 = CARTESIAN_POINT ( 'NONE',  ( 4.282535700030599024, 5.000000000000000000, -9.255674478193938626 ) ) ;
#4303 = EDGE_CURVE ( 'NONE', #2042, #1064, #1925, .T. ) ;
#4304 = DIRECTION ( 'NONE',  ( 1.156482317317870344E-15, 0.000000000000000000, -1.000000000000000000 ) ) ;
#4305 = ADVANCED_FACE ( 'NONE', ( #1555 ), #882, .T. ) ;
#4306 = VERTEX_POINT ( 'NONE', #4248 ) ;
#4307 = CYLINDRICAL_SURFACE ( 'NONE', #1645, 0.2370438511196454046 ) ;
#4308 = CARTESIAN_POINT ( 'NONE',  ( 0.000000000000000000, 1.000000000000000000, -22.50000000000000355 ) ) ;
#4309 = VECTOR ( 'NONE', #1194, 1000.000000000000000 ) ;
#4310 = ORIENTED_EDGE ( 'NONE', *, *, #3148, .F. ) ;
#4311 = EDGE_CURVE ( 'NONE', #3576, #4128, #2576, .T. ) ;
#4312 = VERTEX_POINT ( 'NONE', #77 ) ;
#4313 = ORIENTED_EDGE ( 'NONE', *, *, #1478, .T. ) ;
#4314 = ORIENTED_EDGE ( 'NONE', *, *, #3742, .F. ) ;
#4315 = FACE_OUTER_BOUND ( 'NONE', #3810, .T. ) ;
#4316 = CARTESIAN_POINT ( 'NONE',  ( 0.000000000000000000, 5.000000000000000000, 1.089332224690231943 ) ) ;
#4317 = EDGE_CURVE ( 'NONE', #1839, #1071, #706, .T. ) ;
#4318 = VECTOR ( 'NONE', #1189, 1000.000000000000000 ) ;
#4319 = EDGE_LOOP ( 'NONE', ( #1278, #3728, #874, #18 ) ) ;
#4320 = PLANE ( 'NONE',  #2435 ) ;
#4321 = CARTESIAN_POINT ( 'NONE',  ( 0.000000000000000000, 4.000000000000000000, 0.000000000000000000 ) ) ;
#4322 = FACE_OUTER_BOUND ( 'NONE', #1735, .T. ) ;
#4323 = CARTESIAN_POINT ( 'NONE',  ( -5.779531442579130207, 0.000000000000000000, -5.779531442579150635 ) ) ;
#4324 = CYLINDRICAL_SURFACE ( 'NONE', #1422, 2.999999999999999112 ) ;
#4325 = DIRECTION ( 'NONE',  ( 0.000000000000000000, 0.000000000000000000, 1.000000000000000000 ) ) ;
#4326 = DIRECTION ( 'NONE',  ( 1.000000000000000000, 0.000000000000000000, 1.734723475976807094E-15 ) ) ;
#4327 = VECTOR ( 'NONE', #2056, 1000.000000000000000 ) ;
#4328 = DIRECTION ( 'NONE',  ( 0.000000000000000000, 1.000000000000000000, 0.000000000000000000 ) ) ;
#4329 = ORIENTED_EDGE ( 'NONE', *, *, #120, .T. ) ;
#4330 = B_SPLINE_CURVE_WITH_KNOTS ( 'NONE', 3,
 ( #1328, #3024, #3303, #1617 ),
 .UNSPECIFIED., .F., .F.,
 ( 4, 4 ),
 ( 0.000000000000000000, 1.000000000000000000 ),
 .UNSPECIFIED. ) ;
#4331 = B_SPLINE_CURVE_WITH_KNOTS ( 'NONE', 3,
 ( #3004, #975, #2333, #3678, #953 ),
 .UNSPECIFIED., .F., .F.,
 ( 4, 1, 4 ),
 ( 0.000000000000000000, 0.04999999999999996808, 0.7978655889721444350 ),
 .UNSPECIFIED. ) ;
#4332 = LINE ( 'NONE', #2617, #193 ) ;
#4333 = ADVANCED_FACE ( 'NONE', ( #1133 ), #102, .T. ) ;
#4334 = ORIENTED_EDGE ( 'NONE', *, *, #527, .T. ) ;
#4335 = DIRECTION ( 'NONE',  ( -0.000000000000000000, 1.000000000000000000, -0.000000000000000000 ) ) ;
#4336 = VECTOR ( 'NONE', #1739, 1000.000000000000000 ) ;
#4337 = ORIENTED_EDGE ( 'NONE', *, *, #4238, .T. ) ;
#4338 = ORIENTED_EDGE ( 'NONE', *, *, #532, .T. ) ;
#4339 = VECTOR ( 'NONE', #1760, 1000.000000000000000 ) ;
#4340 = ORIENTED_EDGE ( 'NONE', *, *, #1164, .T. ) ;
#4341 = EDGE_CURVE ( 'NONE', #4099, #100, #3784, .T. ) ;
#4342 = CARTESIAN_POINT ( 'NONE',  ( 11.08441697448269103, 2.000000000000000000, 6.580169906002733882 ) ) ;
#4343 = LINE ( 'NONE', #1307, #3168 ) ;
#4344 = EDGE_CURVE ( 'NONE', #244, #1613, #2279, .T. ) ;
#4345 = VERTEX_POINT ( 'NONE', #758 ) ;
#4346 = DIRECTION ( 'NONE',  ( 1.000000000000000000, 0.000000000000000000, -1.084202172485501722E-16 ) ) ;
#4347 = CARTESIAN_POINT ( 'NONE',  ( 18.24277311780544153, 0.000000000000000000, -3.106313863398759256 ) ) ;
#4348 = VECTOR ( 'NONE', #2165, 1000.000000000000000 ) ;
#4349 = CARTESIAN_POINT ( 'NONE',  ( -4.498395109848531526, 4.000000000000000000, 8.670524001415019443E-16 ) ) ;
#4350 = CARTESIAN_POINT ( 'NONE',  ( 14.08441697448268748, 2.000000000000000000, 4.580169906002734770 ) ) ;
#4351 = CARTESIAN_POINT ( 'NONE',  ( -14.34943576232847029, 4.000000000000000000, 1.659486872262156705E-14 ) ) ;
#4352 = VECTOR ( 'NONE', #2991, 1000.000000000000000 ) ;
#4353 = ORIENTED_EDGE ( 'NONE', *, *, #1953, .T. ) ;
#4354 = CARTESIAN_POINT ( 'NONE',  ( -15.87822909705432650, 5.000000000000000000, -12.16066777530976850 ) ) ;
#4355 = EDGE_CURVE ( 'NONE', #2124, #711, #2817, .T. ) ;
#4356 = CARTESIAN_POINT ( 'NONE',  ( -4.498395109848531526, 0.000000000000000000, 8.670524001415019443E-16 ) ) ;
#4357 = CARTESIAN_POINT ( 'NONE',  ( 19.38162282921841850, 5.000000000000000000, -4.934845134947980050 ) ) ;
#4358 = EDGE_CURVE ( 'NONE', #4252, #3108, #3472, .T. ) ;
#4359 = EDGE_CURVE ( 'NONE', #355, #2957, #405, .T. ) ;
#4360 = ORIENTED_EDGE ( 'NONE', *, *, #3396, .T. ) ;
#4361 = ORIENTED_EDGE ( 'NONE', *, *, #2593, .F. ) ;
#4362 = CARTESIAN_POINT ( 'NONE',  ( 0.000000000000000000, 0.000000000000000000, 5.089332224690231499 ) ) ;
#4363 = VERTEX_POINT ( 'NONE', #4149 ) ;
#4364 = ORIENTED_EDGE ( 'NONE', *, *, #2324, .F. ) ;
#4365 = ORIENTED_EDGE ( 'NONE', *, *, #1860, .T. ) ;
#4366 = AXIS2_PLACEMENT_3D ( 'NONE', #2746, #3757, #3710 ) ;
#4367 = EDGE_CURVE ( 'NONE', #3226, #1309, #57, .T. ) ;
#4368 = DIRECTION ( 'NONE',  ( 0.000000000000000000, 0.000000000000000000, 1.000000000000000000 ) ) ;
#4369 = CARTESIAN_POINT ( 'NONE',  ( 18.24277311780544863, 5.000000000000000000, -3.106313863398760589 ) ) ;
#4370 = ORIENTED_EDGE ( 'NONE', *, *, #1670, .T. ) ;
#4371 = CARTESIAN_POINT ( 'NONE',  ( -13.59943576232846496, 0.000000000000000000, 11.23933222469023185 ) ) ;
#4372 = DIRECTION ( 'NONE',  ( 0.000000000000000000, 0.000000000000000000, 1.000000000000000000 ) ) ;
#4373 = LINE ( 'NONE', #1312, #1482 ) ;
#4374 = VECTOR ( 'NONE', #537, 1000.000000000000000 ) ;
#4375 = EDGE_CURVE ( 'NONE', #1263, #3251, #125, .T. ) ;
#4376 = DIRECTION ( 'NONE',  ( 0.000000000000000000, 1.000000000000000000, -0.000000000000000000 ) ) ;
#4377 = ORIENTED_EDGE ( 'NONE', *, *, #1565, .F. ) ;
#4378 = DIRECTION ( 'NONE',  ( -1.000000000000000000, -0.000000000000000000, -2.168404344971006896E-16 ) ) ;
#4379 = PLANE ( 'NONE',  #1732 ) ;
#4380 = CARTESIAN_POINT ( 'NONE',  ( 11.08441697448269103, 2.000000000000000000, 6.580169906002733882 ) ) ;
#4381 = EDGE_CURVE ( 'NONE', #609, #648, #4108, .T. ) ;
#4382 = VERTEX_POINT ( 'NONE', #2409 ) ;
#4383 = ORIENTED_EDGE ( 'NONE', *, *, #2926, .F. ) ;
#4384 = DIRECTION ( 'NONE',  ( 0.000000000000000000, 0.000000000000000000, 1.000000000000000000 ) ) ;
#4385 = ORIENTED_EDGE ( 'NONE', *, *, #1202, .F. ) ;
#4386 = VERTEX_POINT ( 'NONE', #1455 ) ;
ENDSEC;
END-ISO-10303-21;
