ISO-10303-21;
HEADER;
FILE_DESCRIPTION (( 'STEP AP214' ),
    '1' );
FILE_NAME ('Ê¥µ®Ê÷.STEP',
    '2026-08-19T07:17:36',
    ( '' ),
    ( '' ),
    'SwSTEP 2.0',
    'SolidWorks 2025',
    '' );
FILE_SCHEMA (( 'AUTOMOTIVE_DESIGN' ));
ENDSEC;

DATA;
#1 = AXIS2_PLACEMENT_3D ( 'NONE', #3697, #4439, #4260 ) ;
#2 = ORIENTED_EDGE ( 'NONE', *, *, #3423, .F. ) ;
#3 = EDGE_CURVE ( 'NONE', #3284, #3255, #8297, .T. ) ;
#4 = EDGE_CURVE ( 'NONE', #4403, #3136, #2815, .T. ) ;
#5 = ORIENTED_EDGE ( 'NONE', *, *, #6963, .T. ) ;
#6 = EDGE_LOOP ( 'NONE', ( #978, #475, #7027, #5536 ) ) ;
#7 = CIRCLE ( 'NONE', #1088, 1.000000000000000444 ) ;
#8 = CARTESIAN_POINT ( 'NONE',  ( -4.752812708171585854, 37.13239514139890218, 1.000000000000000000 ) ) ;
#9 =( BOUNDED_SURFACE ( )  B_SPLINE_SURFACE ( 3, 2, ( 
 ( #594, #2553, #7170 ),
 ( #3175, #725, #3889 ),
 ( #4630, #2054, #1192 ),
 ( #1242, #5950, #6528 ) ),
 .UNSPECIFIED., .F., .F., .F. ) 
 B_SPLINE_SURFACE_WITH_KNOTS ( ( 4, 4 ),
 ( 3, 3 ),
 ( 0.000000000000000000, 0.004418308664733569535 ),
 ( 0.000000000000000000, 1.000000000000000000 ),
 .UNSPECIFIED. ) 
 GEOMETRIC_REPRESENTATION_ITEM ( )  RATIONAL_B_SPLINE_SURFACE ( (
 ( 1.000000000000000000, 0.7071067811858767760, 1.000000000000000000),
 ( 1.000000000000000000, 0.7071067811858767760, 1.000000000000000000),
 ( 1.000000000000000000, 0.7071067811865818786, 1.000000000000000000),
 ( 1.000000000000000000, 0.7071067811865818786, 1.000000000000000000) ) ) 
 REPRESENTATION_ITEM ( '' )  SURFACE ( )  );
#10 = CARTESIAN_POINT ( 'NONE',  ( -10.90418288384182155, 29.97551092916580728, -1.000000000001149081 ) ) ;
#11 = CARTESIAN_POINT ( 'NONE',  ( -2.769615319935906594, 44.63295138565704434, -1.279128613270434478 ) ) ;
#12 = CARTESIAN_POINT ( 'NONE',  ( -1.547132307520229455, 14.99999999999999645, 2.570288237343650639 ) ) ;
#13 = DIRECTION ( 'NONE',  ( -0.4999999999999919509, 0.000000000000000000, 0.8660254037844432595 ) ) ;
#14 = CARTESIAN_POINT ( 'NONE',  ( -1.031421538346819711, 13.99999999999999645, 1.713525491562434055 ) ) ;
#15 = ORIENTED_EDGE ( 'NONE', *, *, #3479, .F. ) ;
#16 = CARTESIAN_POINT ( 'NONE',  ( 4.212111162788412244, 43.69040101300170420, -1.175757523163663176E-24 ) ) ;
#17 = TOROIDAL_SURFACE ( 'NONE', #4243, 2.000000000000000000, 1.000000000000000000 ) ;
#18 = CARTESIAN_POINT ( 'NONE',  ( -0.4062230020917870776, 48.03229120441405087, -0.9999999999970774489 ) ) ;
#19 = CARTESIAN_POINT ( 'NONE',  ( 9.648306483920201515, 31.30501039346465575, 1.000000000001151745 ) ) ;
#20 = CARTESIAN_POINT ( 'NONE',  ( 0.000000000000000000, 4.000000000000000000, 0.000000000000000000 ) ) ;
#21 = CARTESIAN_POINT ( 'NONE',  ( 0.5229699124220921203, 14.85970961660418155, 1.943158294529014007 ) ) ;
#22 = B_SPLINE_CURVE_WITH_KNOTS ( 'NONE', 3,
 ( #4337, #4476, #6959, #1082, #2392, #3688, #6318, #442, #5678, #5046, #4385, #7637, #1764, #3106, #4695, #63 ),
 .UNSPECIFIED., .F., .F.,
 ( 4, 2, 2, 2, 2, 2, 2, 4 ),
 ( 3.826210807044373424E-15, 0.001157427906857265648, 0.001446784883570630294, 0.001736141860283994939, 0.001880820348640676936, 0.002025498836997359151, 0.002170177325354041148, 0.002314855813710723145 ),
 .UNSPECIFIED. ) ;
#24 = CARTESIAN_POINT ( 'NONE',  ( 2.502002755356186103, 44.67677403306155526, 1.725298771938117426 ) ) ;
#23 = AXIS2_PLACEMENT_3D ( 'NONE', #5364, #831, #7355 ) ;
#25 = CIRCLE ( 'NONE', #2614, 1.000000000000000222 ) ;
#26 = CIRCLE ( 'NONE', #1110, 1.000000000000000000 ) ;
#27 = CARTESIAN_POINT ( 'NONE',  ( 0.3948744334643110032, 44.43450170964516843, -3.080158588150579746 ) ) ;
#28 = ORIENTED_EDGE ( 'NONE', *, *, #866, .T. ) ;
#29 = ORIENTED_EDGE ( 'NONE', *, *, #6520, .T. ) ;
#30 = DIRECTION ( 'NONE',  ( -0.4841229182759173577, 0.000000000000000000, 0.8750000000000053291 ) ) ;
#31 = CARTESIAN_POINT ( 'NONE',  ( -2.438564645305236755, 45.42943630699184610, -1.379848555354041162 ) ) ;
#32 = CARTESIAN_POINT ( 'NONE',  ( 2.746280302758787872, 43.98718751200242139, 2.970310954172002749 ) ) ;
#33 = DIRECTION ( 'NONE',  ( -8.673617379884035472E-17, 1.000000000000000000, 0.000000000000000000 ) ) ;
#34 = CARTESIAN_POINT ( 'NONE',  ( 6.145363012554974524, 28.78166749643568068, -10.64408096869998133 ) ) ;
#35 = EDGE_CURVE ( 'NONE', #2262, #3470, #7607, .T. ) ;
#36 = DIRECTION ( 'NONE',  ( 0.000000000000000000, 0.000000000000000000, -1.000000000000000000 ) ) ;
#37 = ADVANCED_FACE ( 'NONE', ( #5419 ), #3244, .T. ) ;
#38 = EDGE_LOOP ( 'NONE', ( #3119, #4581, #1703, #5446 ) ) ;
#39 = EDGE_LOOP ( 'NONE', ( #2862, #865, #7137, #3025 ) ) ;
#40 = AXIS2_PLACEMENT_3D ( 'NONE', #7594, #1726, #4250 ) ;
#41 = ADVANCED_FACE ( 'NONE', ( #7330 ), #3392, .T. ) ;
#42 = VERTEX_POINT ( 'NONE', #2739 ) ;
#43 = CARTESIAN_POINT ( 'NONE',  ( 2.230788276558791416, 15.13548910962008698, 1.130963207012537275 ) ) ;
#44 = AXIS2_PLACEMENT_3D ( 'NONE', #861, #4909, #2833 ) ;
#45 = CARTESIAN_POINT ( 'NONE',  ( -1.970569705480255562, 14.05110501972482417, -0.3796710823560070502 ) ) ;
#46 = CARTESIAN_POINT ( 'NONE',  ( -2.106055581393460496, 43.69040101299459877, -3.647795270537444345 ) ) ;
#47 = CARTESIAN_POINT ( 'NONE',  ( 5.833515323363749339, 28.00000000000001066, 10.10394492679749412 ) ) ;
#48 = CARTESIAN_POINT ( 'NONE',  ( 1.946988073158707477, 14.08666688988851590, 0.4645888144662637109 ) ) ;
#49 = CARTESIAN_POINT ( 'NONE',  ( 2.575279530666033878, 42.63272327330454914, -4.460514990803014612 ) ) ;
#50 = ORIENTED_EDGE ( 'NONE', *, *, #6212, .F. ) ;
#51 = EDGE_LOOP ( 'NONE', ( #6584, #4890, #2251, #2124 ) ) ;
#52 = ADVANCED_FACE ( 'NONE', ( #2819 ), #6103, .T. ) ;
#53 = ORIENTED_EDGE ( 'NONE', *, *, #2896, .F. ) ;
#54 = EDGE_CURVE ( 'NONE', #1141, #1234, #7214, .T. ) ;
#55 = CARTESIAN_POINT ( 'NONE',  ( -12.29072602511001477, 28.78166749643578370, 0.000000000000000000 ) ) ;
#56 = CARTESIAN_POINT ( 'NONE',  ( -12.29072602511013912, 28.78166749643568423, 0.000000000000000000 ) ) ;
#57 = VECTOR ( 'NONE', #1769, 1000.000000000000000 ) ;
#58 = CARTESIAN_POINT ( 'NONE',  ( -2.769615319924501051, 44.63295138566938647, 1.279128613281293347 ) ) ;
#59 = VERTEX_POINT ( 'NONE', #6080 ) ;
#60 =( BOUNDED_SURFACE ( )  B_SPLINE_SURFACE ( 3, 2, ( 
 ( #1101, #6903, #8137 ),
 ( #1017, #4983, #6817 ),
 ( #979, #5660, #4312 ),
 ( #1061, #3586, #5026 ),
 ( #8263, #6210, #333 ),
 ( #7616, #1742, #4359 ) ),
 .UNSPECIFIED., .F., .F., .F. ) 
 B_SPLINE_SURFACE_WITH_KNOTS ( ( 4, 2, 4 ),
 ( 3, 3 ),
 ( 0.02377191026660221626, 0.03009556532160178460, 0.03641922037660134948 ),
 ( 0.000000000000000000, 1.000000000000000000 ),
 .UNSPECIFIED. ) 
 GEOMETRIC_REPRESENTATION_ITEM ( )  RATIONAL_B_SPLINE_SURFACE ( (
 ( 1.000000000000000000, 0.7071067811865472397, 1.000000000000000000),
 ( 1.000000000000000000, 0.7071067811865472397, 1.000000000000000000),
 ( 1.000000000000000000, 0.7071067811865486830, 1.000000000000000000),
 ( 1.000000000000000000, 0.7071067811865486830, 1.000000000000000000),
 ( 1.000000000000000000, 0.7071067811865473507, 1.000000000000000000),
 ( 1.000000000000000000, 0.7071067811865473507, 1.000000000000000000) ) ) 
 REPRESENTATION_ITEM ( '' )  SURFACE ( )  );
#61 = EDGE_CURVE ( 'NONE', #5015, #3893, #2388, .T. ) ;
#62 = CARTESIAN_POINT ( 'NONE',  ( 0.000000000000000000, 13.99999999999999467, 0.000000000000000000 ) ) ;
#63 = CARTESIAN_POINT ( 'NONE',  ( -2.695744417348029831, 44.75292953360845871, 1.359978737380719060 ) ) ;
#64 = ADVANCED_FACE ( 'NONE', ( #3350 ), #5695, .T. ) ;
#65 = CARTESIAN_POINT ( 'NONE',  ( -7.902556881861089622, 18.03552053695905855, -13.68763002908634441 ) ) ;
#66 = CARTESIAN_POINT ( 'NONE',  ( 0.000000000000000000, 13.99999999999999467, 0.000000000000000000 ) ) ;
#67 = CARTESIAN_POINT ( 'NONE',  ( 0.1916465514000906256, 15.13397832663938658, 2.499991918346133879 ) ) ;
#68 = CARTESIAN_POINT ( 'NONE',  ( 0.000000000000000000, 13.99999999999999467, 0.000000000000000000 ) ) ;
#69 = EDGE_CURVE ( 'NONE', #6132, #5373, #4691, .T. ) ;
#70 = ORIENTED_EDGE ( 'NONE', *, *, #4431, .T. ) ;
#71 = VERTEX_POINT ( 'NONE', #6253 ) ;
#72 = DIRECTION ( 'NONE',  ( 0.000000000000000000, 0.000000000000000000, -1.000000000000000000 ) ) ;
#73 = CARTESIAN_POINT ( 'NONE',  ( 3.277414374212611836, 39.00000000000000711, -5.676648213592922154 ) ) ;
#74 = CARTESIAN_POINT ( 'NONE',  ( -8.673617379884042868E-17, 14.99999999999999645, 0.000000000000000000 ) ) ;
#75 = CARTESIAN_POINT ( 'NONE',  ( 2.695744417349131616, 44.75292953358751902, 1.359978737386906333 ) ) ;
#76 = CARTESIAN_POINT ( 'NONE',  ( 2.605018883877488367, 45.16345078762336129, -1.485136315151774689 ) ) ;
#77 = DIRECTION ( 'NONE',  ( 0.4999999999999871769, 0.000000000000000000, -0.8660254037844461461 ) ) ;
#78 = VECTOR ( 'NONE', #1374, 1000.000000000000000 ) ;
#79 = VERTEX_POINT ( 'NONE', #8177 ) ;
#80 = ORIENTED_EDGE ( 'NONE', *, *, #4436, .F. ) ;
#81 = DIRECTION ( 'NONE',  ( -0.4002963252940527905, 0.5992089850997911471, -0.6933335734924107596 ) ) ;
#82 = CARTESIAN_POINT ( 'NONE',  ( 12.29072602511001122, 28.78166749643578726, 0.000000000000000000 ) ) ;
#83 = CARTESIAN_POINT ( 'NONE',  ( -5.969905613419261847, 29.25648786325040973, 8.340179838832996850 ) ) ;
#84 = DIRECTION ( 'NONE',  ( 0.8660254037844432595, -0.000000000000000000, 0.4999999999999919509 ) ) ;
#85 = CYLINDRICAL_SURFACE ( 'NONE', #3169, 2.000000000000000000 ) ;
#86 = CARTESIAN_POINT ( 'NONE',  ( 0.1116653708433000824, 45.42992115720557678, -2.801685805523665973 ) ) ;
#87 = AXIS2_PLACEMENT_3D ( 'NONE', #1973, #5244, #724 ) ;
#88 = CARTESIAN_POINT ( 'NONE',  ( 3.700856421267639362, 34.26505463003416452, 6.410071353152798856 ) ) ;
#89 = CARTESIAN_POINT ( 'NONE',  ( 6.682091992243237577, 40.00000000000143530, -1.000000000000000000 ) ) ;
#90 = VERTEX_POINT ( 'NONE', #2297 ) ;
#91 = ORIENTED_EDGE ( 'NONE', *, *, #5235, .T. ) ;
#92 = DIRECTION ( 'NONE',  ( 1.000000000000000000, 0.000000000000000000, 0.000000000000000000 ) ) ;
#93 = AXIS2_PLACEMENT_3D ( 'NONE', #7315, #7960, #1523 ) ;
#94 = EDGE_LOOP ( 'NONE', ( #5392, #4768, #511, #386 ) ) ;
#95 = EDGE_CURVE ( 'NONE', #1979, #3893, #4753, .T. ) ;
#96 = EDGE_CURVE ( 'NONE', #3997, #6078, #4183, .T. ) ;
#97 = CARTESIAN_POINT ( 'NONE',  ( 1.315055649002314420, 14.99999999999999645, -2.664687431836213261 ) ) ;
#98 = CARTESIAN_POINT ( 'NONE',  ( 0.5014030627351591107, 44.21119529803753778, 3.131466785980732137 ) ) ;
#99 = AXIS2_PLACEMENT_3D ( 'NONE', #5784, #548, #7795 ) ;
#100 = CARTESIAN_POINT ( 'NONE',  ( 3.048819181419269331, 44.90687152258661996, -1.033948246056896725 ) ) ;
#101 = CARTESIAN_POINT ( 'NONE',  ( -6.554828748425329366, 38.00000000000000711, 0.000000000000000000 ) ) ;
#102 = ORIENTED_EDGE ( 'NONE', *, *, #7275, .T. ) ;
#103 = DIRECTION ( 'NONE',  ( -1.000000000000000000, 0.000000000000000000, 0.000000000000000000 ) ) ;
#104 = DIRECTION ( 'NONE',  ( 0.8660254037844363761, 0.000000000000000000, -0.5000000000000039968 ) ) ;
#105 = CARTESIAN_POINT ( 'NONE',  ( 11.58306294399927694, 29.34631447949403693, 0.9999999999986544097 ) ) ;
#106 = CARTESIAN_POINT ( 'NONE',  ( -0.5773502691863823255, 47.89898643127421707, 0.9999999999984600096 ) ) ;
#107 = CARTESIAN_POINT ( 'NONE',  ( -0.9263387330790854302, 14.97071171927266064, 1.773186530338703104 ) ) ;
#108 = DIRECTION ( 'NONE',  ( -0.4999999999999919509, -0.000000000000000000, 0.8660254037844432595 ) ) ;
#109 = ORIENTED_EDGE ( 'NONE', *, *, #3684, .T. ) ;
#110 = EDGE_CURVE ( 'NONE', #1799, #1141, #5313, .T. ) ;
#111 = CARTESIAN_POINT ( 'NONE',  ( -4.755265090100753156, 22.23807052450214528, 10.23636073951237435 ) ) ;
#112 = CARTESIAN_POINT ( 'NONE',  ( -4.554828748425329366, 38.00000000000000711, 1.000000000000000000 ) ) ;
#113 = CARTESIAN_POINT ( 'NONE',  ( 3.915459437028518064, 40.45320277122175412, 4.781774679908368242 ) ) ;
#114 = LINE ( 'NONE', #2082, #351 ) ;
#115 = CARTESIAN_POINT ( 'NONE',  ( 2.677084810017494654, 45.35253749460604666, 1.000000000006976419 ) ) ;
#116 = DIRECTION ( 'NONE',  ( -0.5000000000000039968, 0.000000000000000000, -0.8660254037844363761 ) ) ;
#117 = CARTESIAN_POINT ( 'NONE',  ( -16.85587034058763933, 14.99999999999999467, 0.000000000000000000 ) ) ;
#118 = AXIS2_PLACEMENT_3D ( 'NONE', #2621, #6500, #4603 ) ;
#119 = ORIENTED_EDGE ( 'NONE', *, *, #1768, .F. ) ;
#120 = ORIENTED_EDGE ( 'NONE', *, *, #6163, .T. ) ;
#121 = CARTESIAN_POINT ( 'NONE',  ( 11.57482700679401688, 29.35288596355696811, 0.000000000000000000 ) ) ;
#122 = CARTESIAN_POINT ( 'NONE',  ( -2.021166487006087475, 43.88174952060388989, 3.500763052720268220 ) ) ;
#123 = EDGE_CURVE ( 'NONE', #850, #5670, #482, .T. ) ;
#124 = CARTESIAN_POINT ( 'NONE',  ( 1.332913362916534616, 14.99999999999999645, -2.659526025633358604 ) ) ;
#125 = DIRECTION ( 'NONE',  ( 0.4999999999999919509, 0.000000000000000000, -0.8660254037844432595 ) ) ;
#126 = CARTESIAN_POINT ( 'NONE',  ( -2.999501062348041813, 14.99999999999999645, -0.05471176265637298780 ) ) ;
#127 = DIRECTION ( 'NONE',  ( -0.4999999999999919509, 0.000000000000000000, 0.8660254037844432595 ) ) ;
#128 = ORIENTED_EDGE ( 'NONE', *, *, #3712, .T. ) ;
#129 = ORIENTED_EDGE ( 'NONE', *, *, #686, .T. ) ;
#130 = EDGE_LOOP ( 'NONE', ( #2060, #248, #7126, #4136 ) ) ;
#131 = ORIENTED_EDGE ( 'NONE', *, *, #7918, .F. ) ;
#132 = CIRCLE ( 'NONE', #8197, 1.000000000000000000 ) ;
#133 = CIRCLE ( 'NONE', #6433, 1.000000000000000000 ) ;
#134 = CARTESIAN_POINT ( 'NONE',  ( -2.598076211353337328, 46.56319714093659456, -2.500000000000003997 ) ) ;
#135 = DIRECTION ( 'NONE',  ( -1.000000000000000000, -8.673617379884035472E-17, 0.000000000000000000 ) ) ;
#136 = CARTESIAN_POINT ( 'NONE',  ( 3.647840876002939492, 40.78962497853866154, 6.318245735163798393 ) ) ;
#137 = CARTESIAN_POINT ( 'NONE',  ( -1.837916612705642994, 15.07334009589851220, 2.035876351085575742 ) ) ;
#138 = TOROIDAL_SURFACE ( 'NONE', #4653, 2.000000000000000000, 1.000000000000000000 ) ;
#139 = AXIS2_PLACEMENT_3D ( 'NONE', #5457, #4682, #4148 ) ;
#140 = AXIS2_PLACEMENT_3D ( 'NONE', #6356, #8245, #2319 ) ;
#141 = EDGE_CURVE ( 'NONE', #4681, #6767, #2532, .T. ) ;
#142 = CIRCLE ( 'NONE', #2592, 2.000000000000000000 ) ;
#143 = ORIENTED_EDGE ( 'NONE', *, *, #6520, .F. ) ;
#144 = EDGE_CURVE ( 'NONE', #2475, #8234, #1666, .T. ) ;
#145 = DIRECTION ( 'NONE',  ( -0.5000000000000039968, -0.000000000000000000, -0.8660254037844363761 ) ) ;
#146 = DIRECTION ( 'NONE',  ( 0.8660254037844363761, 0.000000000000000000, -0.5000000000000039968 ) ) ;
#147 = CARTESIAN_POINT ( 'NONE',  ( 5.589350430202634001, 35.39490556812630473, 1.000000000000000000 ) ) ;
#148 = DIRECTION ( 'NONE',  ( -8.673617379884035472E-17, 1.000000000000000000, 0.000000000000000000 ) ) ;
#149 = CARTESIAN_POINT ( 'NONE',  ( 0.6212712190042843918, 14.87132365550066027, 1.914065407168743294 ) ) ;
#150 = CARTESIAN_POINT ( 'NONE',  ( 6.552476991344924784, 33.73204452275091825, -1.000000000000000000 ) ) ;
#151 = VERTEX_POINT ( 'NONE', #8220 ) ;
#152 = CIRCLE ( 'NONE', #3439, 0.9999999999999994449 ) ;
#153 = CARTESIAN_POINT ( 'NONE',  ( -2.888993045226678991, 15.02500059728506621, 0.3275566570622117091 ) ) ;
#154 = EDGE_CURVE ( 'NONE', #1196, #1234, #1039, .T. ) ;
#155 = DIRECTION ( 'NONE',  ( 0.8660254037844363761, 0.000000000000000000, -0.5000000000000039968 ) ) ;
#156 = DIRECTION ( 'NONE',  ( 0.8005926505880992528, 0.5992089850997911471, -0.000000000000000000 ) ) ;
#157 = CARTESIAN_POINT ( 'NONE',  ( -5.444366206650944839, 29.99007097629178631, -9.429918884930373224 ) ) ;
#158 = DIRECTION ( 'NONE',  ( 1.000000000000000000, 0.000000000000000000, 0.000000000000000000 ) ) ;
#159 = DIRECTION ( 'NONE',  ( -0.5000000000000039968, 0.000000000000000000, -0.8660254037844362651 ) ) ;
#160 = CARTESIAN_POINT ( 'NONE',  ( -4.207071399899523279, 40.00000000000000711, -5.286861415695833344 ) ) ;
#161 = TOROIDAL_SURFACE ( 'NONE', #7541, 3.000000000000000000, 1.000000000000000000 ) ;
#162 = ADVANCED_FACE ( 'NONE', ( #3709 ), #60, .T. ) ;
#163 = EDGE_LOOP ( 'NONE', ( #1357, #1424, #1113, #1944 ) ) ;
#164 = ORIENTED_EDGE ( 'NONE', *, *, #1219, .F. ) ;
#165 = AXIS2_PLACEMENT_3D ( 'NONE', #5175, #3199, #1215 ) ;
#166 = CARTESIAN_POINT ( 'NONE',  ( 0.4725170012023980903, 45.35253749462023620, 2.818423453556157643 ) ) ;
#167 = EDGE_CURVE ( 'NONE', #5820, #71, #3235, .T. ) ;
#168 = CARTESIAN_POINT ( 'NONE',  ( -0.7466883099777962274, 44.78765446521825311, 3.237885823812151287 ) ) ;
#169 = CARTESIAN_POINT ( 'NONE',  ( 0.1247820514956425320, 15.13392073375905156, -2.500116615266765763 ) ) ;
#170 = EDGE_CURVE ( 'NONE', #5868, #4681, #4313, .T. ) ;
#171 = CARTESIAN_POINT ( 'NONE',  ( 1.181132920058400648, 14.01301373875980261, -1.616250577772261332 ) ) ;
#172 = CARTESIAN_POINT ( 'NONE',  ( -15.16810477167816096, 17.26321955727387092, -1.000000000000000000 ) ) ;
#173 = CARTESIAN_POINT ( 'NONE',  ( -1.901156625408816581, 44.45408106628185863, 3.010192104877214891 ) ) ;
#174 = AXIS2_PLACEMENT_3D ( 'NONE', #3752, #5978, #3798 ) ;
#175 = ORIENTED_EDGE ( 'NONE', *, *, #1563, .T. ) ;
#176 = ORIENTED_EDGE ( 'NONE', *, *, #6697, .T. ) ;
#177 = ORIENTED_EDGE ( 'NONE', *, *, #5720, .F. ) ;
#178 = AXIS2_PLACEMENT_3D ( 'NONE', #3483, #7431, #3445 ) ;
#179 = ORIENTED_EDGE ( 'NONE', *, *, #940, .T. ) ;
#180 = DIRECTION ( 'NONE',  ( -1.000000000000000000, 0.000000000000000000, 0.000000000000000000 ) ) ;
#181 = CARTESIAN_POINT ( 'NONE',  ( -0.4725170012463806302, 45.35253749461826800, -2.818423453563011716 ) ) ;
#182 = CARTESIAN_POINT ( 'NONE',  ( -0.8220173529881469321, 48.46887637871932952, -1.340736645835441152E-13 ) ) ;
#183 = ADVANCED_FACE ( 'NONE', ( #4460 ), #6346, .T. ) ;
#184 =( BOUNDED_SURFACE ( )  B_SPLINE_SURFACE ( 3, 2, ( 
 ( #3552, #4816, #2183 ),
 ( #2916, #7424, #3629 ),
 ( #217, #4946, #255 ),
 ( #5543, #8230, #7540 ) ),
 .UNSPECIFIED., .F., .F., .F. ) 
 B_SPLINE_SURFACE_WITH_KNOTS ( ( 4, 4 ),
 ( 3, 3 ),
 ( -3.252606517456513302E-19, 0.004426925196714624582 ),
 ( 0.000000000000000000, 1.000000000000000000 ),
 .UNSPECIFIED. ) 
 GEOMETRIC_REPRESENTATION_ITEM ( )  RATIONAL_B_SPLINE_SURFACE ( (
 ( 1.000000000000000000, 0.7071067811865440200, 1.000000000000000000),
 ( 1.000000000000000000, 0.7071067811865440200, 1.000000000000000000),
 ( 1.000000000000000000, 0.7071067811864735209, 1.000000000000000000),
 ( 1.000000000000000000, 0.7071067811864735209, 1.000000000000000000) ) ) 
 REPRESENTATION_ITEM ( '' )  SURFACE ( )  );
#185 = ORIENTED_EDGE ( 'NONE', *, *, #4072, .T. ) ;
#186 = CARTESIAN_POINT ( 'NONE',  ( 5.841540946304217113E-13, 44.82989925893699734, 3.000000000000017319 ) ) ;
#187 = DIRECTION ( 'NONE',  ( 0.000000000000000000, -1.000000000000000000, 0.000000000000000000 ) ) ;
#188 = FACE_OUTER_BOUND ( 'NONE', #7854, .T. ) ;
#189 = CARTESIAN_POINT ( 'NONE',  ( -16.85587034058767486, 15.99999999999996980, 0.000000000000000000 ) ) ;
#190 = FACE_OUTER_BOUND ( 'NONE', #6904, .T. ) ;
#191 = VERTEX_POINT ( 'NONE', #1195 ) ;
#192 = CARTESIAN_POINT ( 'NONE',  ( 1.966184067254167722, 15.11606122244215911, 1.668725636327270445 ) ) ;
#193 = CARTESIAN_POINT ( 'NONE',  ( -2.999501062348042257, 14.99999999999999645, 0.05471176265635932512 ) ) ;
#194 = CARTESIAN_POINT ( 'NONE',  ( -2.519943545278388708, 45.42277198789038550, -1.241616168505573548 ) ) ;
#195 = CARTESIAN_POINT ( 'NONE',  ( -1.907139668091334839, 44.45891722064792617, 3.002634371643821520 ) ) ;
#196 = CARTESIAN_POINT ( 'NONE',  ( 4.443382245926566831, 41.92301477454436309, 1.000000000000000000 ) ) ;
#197 = DIRECTION ( 'NONE',  ( 0.000000000000000000, 0.000000000000000000, 1.000000000000000000 ) ) ;
#198 = EDGE_LOOP ( 'NONE', ( #7128, #6561, #1934, #3431 ) ) ;
#199 = ORIENTED_EDGE ( 'NONE', *, *, #6612, .T. ) ;
#200 = DIRECTION ( 'NONE',  ( 0.000000000000000000, 0.7443010259541716911, 0.6678442803255617566 ) ) ;
#201 = DIRECTION ( 'NONE',  ( -1.000000000000000000, 0.000000000000000000, 0.000000000000000000 ) ) ;
#202 = CARTESIAN_POINT ( 'NONE',  ( -0.6478398203975811454, 43.82063595566422975, 3.233379764630459619 ) ) ;
#203 = ADVANCED_FACE ( 'NONE', ( #4369 ), #3804, .T. ) ;
#204 = CYLINDRICAL_SURFACE ( 'NONE', #6995, 1.000000000000000000 ) ;
#205 = CARTESIAN_POINT ( 'NONE',  ( 3.006498907841528734, 43.66668134716945815, 4.133411230576462536 ) ) ;
#206 = DIRECTION ( 'NONE',  ( -8.673617379884037444E-16, 0.3848457315043380955, 0.9229809114726539310 ) ) ;
#207 = CARTESIAN_POINT ( 'NONE',  ( -2.582735145903198859, 45.39936764461794638, 1.142601602787036486 ) ) ;
#208 = VERTEX_POINT ( 'NONE', #3050 ) ;
#209 = ORIENTED_EDGE ( 'NONE', *, *, #1062, .F. ) ;
#210 = EDGE_LOOP ( 'NONE', ( #4851, #470, #5930, #80, #2097 ) ) ;
#211 = ADVANCED_FACE ( 'NONE', ( #6436 ), #2887, .T. ) ;
#212 = EDGE_LOOP ( 'NONE', ( #2580, #2254, #5348, #3268, #6014, #6087 ) ) ;
#213 = DIRECTION ( 'NONE',  ( 0.000000000000000000, -1.000000000000000000, 0.000000000000000000 ) ) ;
#214 = CARTESIAN_POINT ( 'NONE',  ( 0.000000000000000000, 5.000000000000000000, 0.000000000000000000 ) ) ;
#215 = AXIS2_PLACEMENT_3D ( 'NONE', #8397, #2504, #4546 ) ;
#216 = CARTESIAN_POINT ( 'NONE',  ( 4.212111162771532413, 43.69040101300726064, 0.9999999999999957812 ) ) ;
#217 = CARTESIAN_POINT ( 'NONE',  ( -2.576291554951253282, 42.63044206159785432, 4.462267876131517319 ) ) ;
#218 = CARTESIAN_POINT ( 'NONE',  ( -6.179275780567832221, 41.65714472115944034, 0.9999999999999987788 ) ) ;
#219 = ORIENTED_EDGE ( 'NONE', *, *, #3353, .F. ) ;
#220 = ORIENTED_EDGE ( 'NONE', *, *, #3408, .T. ) ;
#221 = CARTESIAN_POINT ( 'NONE',  ( -6.318116845704969009, 29.97551092916581439, -8.943299384916601369 ) ) ;
#222 = AXIS2_PLACEMENT_3D ( 'NONE', #2860, #809, #7373 ) ;
#223 = B_SPLINE_CURVE_WITH_KNOTS ( 'NONE', 3,
 ( #8158, #3490, #4915, #6717, #7511, #4249, #8198, #2320, #1479, #3642 ),
 .UNSPECIFIED., .F., .F.,
 ( 4, 2, 2, 2, 4 ),
 ( 0.01434145809047153268, 0.01475077384161214283, 0.01516008959275275299, 0.01597872109503397156, 0.01761598409959642952 ),
 .UNSPECIFIED. ) ;
#224 = CIRCLE ( 'NONE', #6309, 1.000000000000000000 ) ;
#225 = CARTESIAN_POINT ( 'NONE',  ( -4.758969850537542179, 22.23024743449770213, -10.24277757281369006 ) ) ;
#226 = CARTESIAN_POINT ( 'NONE',  ( 2.411388970428168577, 38.00000000000002132, -6.176648213592914161 ) ) ;
#227 = FACE_OUTER_BOUND ( 'NONE', #5304, .T. ) ;
#228 = CARTESIAN_POINT ( 'NONE',  ( 7.561909766509497643, 15.99999999999992717, 15.09761191784559919 ) ) ;
#229 = EDGE_LOOP ( 'NONE', ( #6882, #5482, #7109, #6280 ) ) ;
#230 = FACE_OUTER_BOUND ( 'NONE', #7907, .T. ) ;
#231 = CARTESIAN_POINT ( 'NONE',  ( 2.115203585283343735, 45.27707024597472696, 2.008192676494997109 ) ) ;
#232 = CARTESIAN_POINT ( 'NONE',  ( -9.436934691713835477, 28.00000000000001066, -1.000000000000000000 ) ) ;
#233 = DIRECTION ( 'NONE',  ( 1.000000000000000000, -0.000000000000000000, 0.000000000000000000 ) ) ;
#234 = CARTESIAN_POINT ( 'NONE',  ( 1.903634283140797745, 44.56479366228349193, -2.902837096543722240 ) ) ;
#235 = CARTESIAN_POINT ( 'NONE',  ( -2.558783054505548105, 43.20385446235800941, -2.431942255949983700 ) ) ;
#236 = CARTESIAN_POINT ( 'NONE',  ( -2.999501062348041813, 14.99999999999999645, -0.05471176265637298780 ) ) ;
#237 = EDGE_LOOP ( 'NONE', ( #3100, #1284, #4147, #3513, #28 ) ) ;
#238 = ORIENTED_EDGE ( 'NONE', *, *, #4669, .T. ) ;
#239 = DIRECTION ( 'NONE',  ( 0.4999999999998452904, 0.000000000000000000, 0.8660254037845279695 ) ) ;
#240 = CARTESIAN_POINT ( 'NONE',  ( 4.513866279787535518, 40.78962497849636293, 5.818245735184815359 ) ) ;
#241 = ADVANCED_FACE ( 'NONE', ( #2096 ), #6244, .T. ) ;
#242 = CARTESIAN_POINT ( 'NONE',  ( 0.1201140342179742998, 45.42476380400739799, 2.802708993887724986 ) ) ;
#243 = CARTESIAN_POINT ( 'NONE',  ( 1.452368754827752628, 14.99999999999999645, -2.625000000000015987 ) ) ;
#244 = DIRECTION ( 'NONE',  ( 0.000000000000000000, -0.7443010259547883090, 0.6678442803248747506 ) ) ;
#245 = CARTESIAN_POINT ( 'NONE',  ( -2.438564644977372797, 45.42943630724030868, 1.379848555580925451 ) ) ;
#246 = ORIENTED_EDGE ( 'NONE', *, *, #5296, .T. ) ;
#247 = AXIS2_PLACEMENT_3D ( 'NONE', #6578, #7940, #1892 ) ;
#248 = ORIENTED_EDGE ( 'NONE', *, *, #8173, .F. ) ;
#249 = DIRECTION ( 'NONE',  ( -0.000000000000000000, 0.000000000000000000, 1.000000000000000000 ) ) ;
#250 = ORIENTED_EDGE ( 'NONE', *, *, #4734, .F. ) ;
#251 = DIRECTION ( 'NONE',  ( -1.000000000000000000, 0.000000000000000000, 0.000000000000000000 ) ) ;
#252 = FACE_OUTER_BOUND ( 'NONE', #3430, .T. ) ;
#254 = ADVANCED_FACE ( 'NONE', ( #6571 ), #6613, .T. ) ;
#253 = CARTESIAN_POINT ( 'NONE',  ( 3.341045996127045115, 40.00000000000000711, -5.786861415716735735 ) ) ;
#255 = CARTESIAN_POINT ( 'NONE',  ( -3.087295402144123013, 41.92396417316544444, 3.347352494487442875 ) ) ;
#256 = FACE_OUTER_BOUND ( 'NONE', #5158, .T. ) ;
#257 = EDGE_CURVE ( 'NONE', #898, #6948, #685, .T. ) ;
#258 = ORIENTED_EDGE ( 'NONE', *, *, #6070, .T. ) ;
#259 =( BOUNDED_SURFACE ( )  B_SPLINE_SURFACE ( 3, 2, ( 
 ( #6715, #4162, #998 ),
 ( #2276, #6270, #388 ),
 ( #3601, #3014, #4202 ),
 ( #7508, #6231, #2974 ),
 ( #953, #4298, #489 ),
 ( #3026, #7523, #3112 ) ),
 .UNSPECIFIED., .F., .F., .F. ) 
 B_SPLINE_SURFACE_WITH_KNOTS ( ( 4, 2, 4 ),
 ( 3, 3 ),
 ( 0.02377191026660205667, 0.03009556532160170828, 0.03641922037660135641 ),
 ( 0.000000000000000000, 1.000000000000000000 ),
 .UNSPECIFIED. ) 
 GEOMETRIC_REPRESENTATION_ITEM ( )  RATIONAL_B_SPLINE_SURFACE ( (
 ( 1.000000000000000000, 0.7071067811865473507, 1.000000000000000000),
 ( 1.000000000000000000, 0.7071067811865473507, 1.000000000000000000),
 ( 1.000000000000000000, 0.7071067811865474617, 1.000000000000000000),
 ( 1.000000000000000000, 0.7071067811865474617, 1.000000000000000000),
 ( 1.000000000000000000, 0.7071067811865475727, 1.000000000000000000),
 ( 1.000000000000000000, 0.7071067811865475727, 1.000000000000000000) ) ) 
 REPRESENTATION_ITEM ( '' )  SURFACE ( )  );
#260 = CIRCLE ( 'NONE', #5475, 0.9999999999999994449 ) ;
#261 = ORIENTED_EDGE ( 'NONE', *, *, #1950, .T. ) ;
#262 = CARTESIAN_POINT ( 'NONE',  ( 0.1700960734850931466, 44.75292953360347781, 3.014572516222056464 ) ) ;
#263 = AXIS2_PLACEMENT_3D ( 'NONE', #5677, #3236, #3686 ) ;
#264 = CARTESIAN_POINT ( 'NONE',  ( 0.000000000000000000, 0.000000000000000000, 13.99999999999999822 ) ) ;
#265 = AXIS2_PLACEMENT_3D ( 'NONE', #3968, #6606, #5947 ) ;
#266 = CARTESIAN_POINT ( 'NONE',  ( 0.000000000000000000, 48.46887637871667209, 0.8220173529926877443 ) ) ;
#267 = CARTESIAN_POINT ( 'NONE',  ( 1.006680920186074960E-16, 48.46887637871667209, -0.8220173529926877443 ) ) ;
#268 = ORIENTED_EDGE ( 'NONE', *, *, #5013, .F. ) ;
#269 = CIRCLE ( 'NONE', #7803, 0.9999999999999998890 ) ;
#270 = CARTESIAN_POINT ( 'NONE',  ( -1.314089655142782309, 14.05110501972483306, 1.516727883695896173 ) ) ;
#271 = ADVANCED_FACE ( 'NONE', ( #5831 ), #2556, .T. ) ;
#272 = CIRCLE ( 'NONE', #3682, 1.000000000000000000 ) ;
#273 = CARTESIAN_POINT ( 'NONE',  ( 1.031421538346851241, 14.99999999999999467, 1.713525491562414294 ) ) ;
#274 = CARTESIAN_POINT ( 'NONE',  ( -3.341045996126569495, 40.00000000000000711, 5.786861415715913282 ) ) ;
#275 = DIRECTION ( 'NONE',  ( -0.5157107691734099664, 0.000000000000000000, 0.8567627457812169167 ) ) ;
#276 = CARTESIAN_POINT ( 'NONE',  ( -4.443382245932604668, 41.92301477455250591, 1.000000000000000000 ) ) ;
#277 = CARTESIAN_POINT ( 'NONE',  ( 2.106055581390539722, 43.69040101301347079, -3.647795270532500744 ) ) ;
#278 = CARTESIAN_POINT ( 'NONE',  ( 0.000000000000000000, 4.000000000000000000, 0.000000000000000000 ) ) ;
#279 = CARTESIAN_POINT ( 'NONE',  ( 5.833515323363749339, 27.00000000000001066, 10.10394492679749412 ) ) ;
#280 = CIRCLE ( 'NONE', #4104, 2.000000000000000000 ) ;
#281 = ORIENTED_EDGE ( 'NONE', *, *, #2013, .F. ) ;
#282 = ORIENTED_EDGE ( 'NONE', *, *, #3554, .T. ) ;
#283 = DIRECTION ( 'NONE',  ( 0.000000000000000000, -0.5583083738406461327, 0.8296335092674436140 ) ) ;
#284 = CARTESIAN_POINT ( 'NONE',  ( -3.576157242526798452, 30.65829190356533474, 8.194086039911992358 ) ) ;
#285 = VECTOR ( 'NONE', #233, 1000.000000000000000 ) ;
#286 = DIRECTION ( 'NONE',  ( -0.8660254037844432595, 0.000000000000000000, -0.4999999999999919509 ) ) ;
#287 = CARTESIAN_POINT ( 'NONE',  ( -9.436934691713835477, 26.00000000000002132, 0.000000000000000000 ) ) ;
#288 = CARTESIAN_POINT ( 'NONE',  ( 15.79920985083080076, 18.03993935997759124, 1.000000000000000000 ) ) ;
#289 = CARTESIAN_POINT ( 'NONE',  ( -2.219857235022467012, 45.37288655817359029, 1.781429622040923366 ) ) ;
#290 = VECTOR ( 'NONE', #2634, 1000.000000000000114 ) ;
#291 = ADVANCED_FACE ( 'NONE', ( #5920 ), #764, .T. ) ;
#292 = VERTEX_POINT ( 'NONE', #4718 ) ;
#293 = CIRCLE ( 'NONE', #4116, 1.999999999999999778 ) ;
#294 = EDGE_LOOP ( 'NONE', ( #6869, #6901, #4311, #1464 ) ) ;
#295 = DIRECTION ( 'NONE',  ( 0.000000000000000000, 0.000000000000000000, 1.000000000000000000 ) ) ;
#296 = EDGE_LOOP ( 'NONE', ( #1720, #6169, #4420, #7295 ) ) ;
#297 = CARTESIAN_POINT ( 'NONE',  ( -0.8608285029463187410, 14.92054706172545586, -1.825482439972909265 ) ) ;
#298 = CARTESIAN_POINT ( 'NONE',  ( -3.004956367613003554, 44.10833792219712279, 1.108956930527466911 ) ) ;
#299 = CARTESIAN_POINT ( 'NONE',  ( 6.682091992260152047, 39.99999999999868550, 1.000000000000000000 ) ) ;
#300 = CIRCLE ( 'NONE', #5103, 0.9999999999999994449 ) ;
#301 = CARTESIAN_POINT ( 'NONE',  ( -3.206871993082169858, 43.62250610407161844, 1.024591357546426051 ) ) ;
#302 = B_SPLINE_CURVE_WITH_KNOTS ( 'NONE', 3,
 ( #561, #3189, #4376, #4559, #5797, #7180, #2516, #6352, #5165, #1306, #7767, #7628, #5709, #2423, #3898, #605 ),
 .UNSPECIFIED., .F., .F.,
 ( 4, 2, 2, 2, 2, 2, 2, 4 ),
 ( 0.000000000000000000, 0.0002668061700383507159, 0.0005336123400767014318, 0.0008004185101150522019, 0.001067224680153402864, 0.001334030850191753742, 0.001600837020230104404, 0.002134449360306803992 ),
 .UNSPECIFIED. ) ;
#303 = ORIENTED_EDGE ( 'NONE', *, *, #5668, .T. ) ;
#304 = EDGE_CURVE ( 'NONE', #8450, #6779, #1171, .T. ) ;
#305 = ORIENTED_EDGE ( 'NONE', *, *, #6966, .T. ) ;
#306 = AXIS2_PLACEMENT_3D ( 'NONE', #5292, #2557, #2019 ) ;
#307 = CARTESIAN_POINT ( 'NONE',  ( -6.699540727148185049, 28.00000000000001066, -9.603944926797488790 ) ) ;
#308 = CARTESIAN_POINT ( 'NONE',  ( 1.547132307520229233, 14.99999999999999645, -2.570288237343650639 ) ) ;
#309 = DIRECTION ( 'NONE',  ( 0.000000000000000000, 0.7443010259553575203, 0.6678442803242401471 ) ) ;
#310 = CARTESIAN_POINT ( 'NONE',  ( -5.833515323363606342, 28.00000000000001066, 10.10394492679757228 ) ) ;
#311 = FACE_OUTER_BOUND ( 'NONE', #6140, .T. ) ;
#312 = CARTESIAN_POINT ( 'NONE',  ( -2.411388970428252065, 40.00000000000000711, -6.176648213592876857 ) ) ;
#313 = ORIENTED_EDGE ( 'NONE', *, *, #7232, .T. ) ;
#314 = EDGE_CURVE ( 'NONE', #838, #6390, #4676, .T. ) ;
#315 = EDGE_CURVE ( 'NONE', #2816, #2519, #5969, .T. ) ;
#316 = CARTESIAN_POINT ( 'NONE',  ( -1.885174912273381409, 15.09427921856808474, 1.889764906017260992 ) ) ;
#317 = CARTESIAN_POINT ( 'NONE',  ( 1.970569705480245126, 14.05110501972482417, 0.3796710823560441317 ) ) ;
#318 = CARTESIAN_POINT ( 'NONE',  ( 3.852441942072401204, 26.00000000000001066, -8.672625176878890230 ) ) ;
#319 = CARTESIAN_POINT ( 'NONE',  ( 1.019631147937604787, 47.45440054339631786, 0.9999999999889507274 ) ) ;
#320 = CARTESIAN_POINT ( 'NONE',  ( 4.207071399911487042, 40.00000000000000711, -5.286861415716743728 ) ) ;
#321 = CARTESIAN_POINT ( 'NONE',  ( 3.958127838173853608, 31.30501039346810543, -8.855678518571577840 ) ) ;
#322 = EDGE_LOOP ( 'NONE', ( #6349, #6355, #2089, #2594 ) ) ;
#323 = CARTESIAN_POINT ( 'NONE',  ( 0.000000000000000000, 5.000000000000000000, 0.000000000000000000 ) ) ;
#324 = DIRECTION ( 'NONE',  ( 0.8660254037844362651, 0.000000000000000000, -0.5000000000000039968 ) ) ;
#325 = CARTESIAN_POINT ( 'NONE',  ( 1.892418739717697029, 40.90543876016553781, 5.277765406386462743 ) ) ;
#326 = DIRECTION ( 'NONE',  ( -8.673617379884035472E-17, 1.000000000000000000, 0.000000000000000000 ) ) ;
#327 = CARTESIAN_POINT ( 'NONE',  ( -4.207071399916887167, 40.00000000000000711, 5.286861415726097135 ) ) ;
#328 = ADVANCED_FACE ( 'NONE', ( #2018 ), #1378, .T. ) ;
#329 = CARTESIAN_POINT ( 'NONE',  ( 6.682091992272578551, 40.00000000000000711, 0.000000000000000000 ) ) ;
#330 = EDGE_CURVE ( 'NONE', #6786, #8432, #7336, .T. ) ;
#331 = VERTEX_POINT ( 'NONE', #728 ) ;
#332 = ORIENTED_EDGE ( 'NONE', *, *, #434, .F. ) ;
#333 = CARTESIAN_POINT ( 'NONE',  ( 4.937260092628371844, 23.75882442911189685, -8.551585330615727898 ) ) ;
#334 = ORIENTED_EDGE ( 'NONE', *, *, #170, .F. ) ;
#335 = CARTESIAN_POINT ( 'NONE',  ( 0.3375041535420445493, 14.18763385292720969, -1.973081988861342007 ) ) ;
#336 = CARTESIAN_POINT ( 'NONE',  ( -9.593565066628055860, 16.80059265058803675, 14.61654212111801776 ) ) ;
#337 = CARTESIAN_POINT ( 'NONE',  ( -4.718467345856844908, 28.00000000000001066, 8.172625176878899111 ) ) ;
#338 = ORIENTED_EDGE ( 'NONE', *, *, #6354, .F. ) ;
#339 = ADVANCED_FACE ( 'NONE', ( #3346 ), #4435, .T. ) ;
#340 = ORIENTED_EDGE ( 'NONE', *, *, #7623, .F. ) ;
#341 = AXIS2_PLACEMENT_3D ( 'NONE', #515, #4374, #1678 ) ;
#342 = CARTESIAN_POINT ( 'NONE',  ( 8.427935170293894274, 15.99999999999997691, 14.59761191784553702 ) ) ;
#343 = DIRECTION ( 'NONE',  ( -0.4999999999998480105, 0.000000000000000000, -0.8660254037845264152 ) ) ;
#344 = CARTESIAN_POINT ( 'NONE',  ( -2.359739956870511080, 45.77237003093008383, -4.719479913741022159 ) ) ;
#345 = FACE_OUTER_BOUND ( 'NONE', #7761, .T. ) ;
#346 = CARTESIAN_POINT ( 'NONE',  ( 2.976272172108525460, 14.99999999999999467, -0.1487217386358759552 ) ) ;
#347 = CARTESIAN_POINT ( 'NONE',  ( -0.8099645089819391686, 14.01287876451098313, -1.830636674969192912 ) ) ;
#348 = CIRCLE ( 'NONE', #6240, 1.999999999999999778 ) ;
#349 = ORIENTED_EDGE ( 'NONE', *, *, #1941, .T. ) ;
#350 = AXIS2_PLACEMENT_3D ( 'NONE', #6898, #1011, #1097 ) ;
#351 = VECTOR ( 'NONE', #6100, 1000.000000000000000 ) ;
#352 = CARTESIAN_POINT ( 'NONE',  ( 3.325648474787052944, 44.73116142843176135, 0.2836773130250743735 ) ) ;
#353 = CARTESIAN_POINT ( 'NONE',  ( 2.011328418652189587, 14.92054706172545764, 0.1672418681332568935 ) ) ;
#354 = CARTESIAN_POINT ( 'NONE',  ( -2.826910364149183064, 37.56619757069946530, 4.896352379149521816 ) ) ;
#355 = CARTESIAN_POINT ( 'NONE',  ( -1.387778780781445281E-15, 15.99999999999999645, 0.000000000000000000 ) ) ;
#356 = CARTESIAN_POINT ( 'NONE',  ( 7.645120688321980218, 18.61275076766433401, 11.24173746216949077 ) ) ;
#357 = CARTESIAN_POINT ( 'NONE',  ( 2.838195940006849938, 34.25427431936866185, -6.915899569928154023 ) ) ;
#358 = CARTESIAN_POINT ( 'NONE',  ( -3.242431757870247733, 37.13239514139891639, -3.616056544706093057 ) ) ;
#359 = TOROIDAL_SURFACE ( 'NONE', #6254, 2.000000000000000000, 1.000000000000000000 ) ;
#360 = EDGE_CURVE ( 'NONE', #6910, #2693, #3766, .T. ) ;
#361 = EDGE_CURVE ( 'NONE', #8017, #1196, #6794, .T. ) ;
#362 = ORIENTED_EDGE ( 'NONE', *, *, #3964, .T. ) ;
#363 = CARTESIAN_POINT ( 'NONE',  ( -11.66703064672739920, 28.00000000000001421, 0.000000000000000000 ) ) ;
#364 = CARTESIAN_POINT ( 'NONE',  ( -4.586066038134668510, 29.97551092916757298, 9.943299384920768702 ) ) ;
#365 = CARTESIAN_POINT ( 'NONE',  ( -0.02429842002035726908, 45.42943630649693887, -2.801783209647392248 ) ) ;
#366 = DIRECTION ( 'NONE',  ( 0.000000000000000000, 0.5583083738407850216, 0.8296335092673500222 ) ) ;
#367 = CARTESIAN_POINT ( 'NONE',  ( 7.840073083803724252, 24.79582683754258454, 1.000000000000000000 ) ) ;
#368 = CARTESIAN_POINT ( 'NONE',  ( 10.91021214562467634, 28.60386827335757687, -1.000000000000000000 ) ) ;
#369 = CARTESIAN_POINT ( 'NONE',  ( -1.812039904387953815, 14.24767090890297716, -0.8505477325239542141 ) ) ;
#370 = ORIENTED_EDGE ( 'NONE', *, *, #7995, .T. ) ;
#371 = VERTEX_POINT ( 'NONE', #1579 ) ;
#372 = CARTESIAN_POINT ( 'NONE',  ( 6.601420250755448471, 33.75430252503795003, 1.000000000000000000 ) ) ;
#373 = EDGE_CURVE ( 'NONE', #4735, #7405, #2260, .T. ) ;
#374 = ORIENTED_EDGE ( 'NONE', *, *, #2368, .T. ) ;
#375 = CARTESIAN_POINT ( 'NONE',  ( -0.7006264130558021996, 43.67961029899229430, 3.271256458182190130 ) ) ;
#376 = CARTESIAN_POINT ( 'NONE',  ( 0.000000000000000000, 48.02303740291296208, 0.000000000000000000 ) ) ;
#377 = DIRECTION ( 'NONE',  ( -0.5000000000000041078, 0.000000000000000000, -0.8660254037844362651 ) ) ;
#378 = CYLINDRICAL_SURFACE ( 'NONE', #6723, 1.000000000000000000 ) ;
#379 = EDGE_LOOP ( 'NONE', ( #1183, #8391, #5160, #2650 ) ) ;
#380 = ORIENTED_EDGE ( 'NONE', *, *, #4831, .T. ) ;
#381 = DIRECTION ( 'NONE',  ( 0.000000000000000000, 0.000000000000000000, 1.000000000000000000 ) ) ;
#382 = AXIS2_PLACEMENT_3D ( 'NONE', #3270, #558, #6445 ) ;
#383 = DIRECTION ( 'NONE',  ( -0.4002963252940429650, 0.5992089850997918132, 0.6933335734924159777 ) ) ;
#384 = CARTESIAN_POINT ( 'NONE',  ( 2.999501062348042257, 14.99999999999999645, -0.05471176265635932512 ) ) ;
#385 = ADVANCED_FACE ( 'NONE', ( #2905 ), #6133, .T. ) ;
#386 = ORIENTED_EDGE ( 'NONE', *, *, #1829, .F. ) ;
#387 = EDGE_CURVE ( 'NONE', #208, #1752, #3502, .T. ) ;
#388 = CARTESIAN_POINT ( 'NONE',  ( 7.899604925529244426, 18.03993936032940937, 13.68251709073933675 ) ) ;
#389 = CIRCLE ( 'NONE', #263, 1.000000000000000000 ) ;
#390 = DIRECTION ( 'NONE',  ( -0.4999999999999916733, -1.734723475976806700E-15, 0.8660254037844434816 ) ) ;
#391 = CIRCLE ( 'NONE', #3672, 1.000000000000000000 ) ;
#392 = DIRECTION ( 'NONE',  ( -0.4999999999999917843, 0.000000000000000000, 0.8660254037844433705 ) ) ;
#393 = DIRECTION ( 'NONE',  ( 0.8660254037843213570, 0.000000000000000000, -0.5000000000002033929 ) ) ;
#394 = DIRECTION ( 'NONE',  ( 1.000000000000000000, 0.000000000000000000, 0.000000000000000000 ) ) ;
#395 = CARTESIAN_POINT ( 'NONE',  ( -3.242431757870194442, 37.13239514139891639, 3.616056544706133913 ) ) ;
#396 = DIRECTION ( 'NONE',  ( -0.5000000000000043299, 3.755786496842884759E-16, -0.8660254037844362651 ) ) ;
#397 = CARTESIAN_POINT ( 'NONE',  ( 0.8660254037844161701, 15.99999999999999645, -3.500000000000025313 ) ) ;
#398 = VECTOR ( 'NONE', #108, 1000.000000000000000 ) ;
#399 = FACE_OUTER_BOUND ( 'NONE', #7979, .T. ) ;
#400 = EDGE_CURVE ( 'NONE', #5576, #853, #624, .T. ) ;
#401 = CIRCLE ( 'NONE', #2186, 0.9999999999999994449 ) ;
#402 = ORIENTED_EDGE ( 'NONE', *, *, #4360, .F. ) ;
#403 = EDGE_CURVE ( 'NONE', #7807, #2284, #2958, .T. ) ;
#404 = CARTESIAN_POINT ( 'NONE',  ( 3.277414374212691772, 38.00000000000000711, 5.676648213592877745 ) ) ;
#405 = CARTESIAN_POINT ( 'NONE',  ( -2.908597279930260626, 45.18535624093841818, -0.6803113529883129118 ) ) ;
#406 = CARTESIAN_POINT ( 'NONE',  ( 8.427935170293679334, 16.00000000000000000, -14.59761191784562406 ) ) ;
#407 = EDGE_CURVE ( 'NONE', #2448, #8465, #2455, .T. ) ;
#408 = CARTESIAN_POINT ( 'NONE',  ( -0.1974379479985196029, 47.92703760329541751, -1.120698044672309379 ) ) ;
#409 = CARTESIAN_POINT ( 'NONE',  ( 5.394276387426772068, 32.02000061765126304, 7.343160773094176363 ) ) ;
#410 = CARTESIAN_POINT ( 'NONE',  ( 17.45507932568745346, 16.80059265058807583, 0.000000000000000000 ) ) ;
#411 = CARTESIAN_POINT ( 'NONE',  ( 10.20456128245972849, 29.25964147281569794, -1.000000000000000000 ) ) ;
#412 = AXIS2_PLACEMENT_3D ( 'NONE', #5750, #3097, #3724 ) ;
#413 = EDGE_LOOP ( 'NONE', ( #3808, #2138, #4858, #3856 ) ) ;
#414 = ORIENTED_EDGE ( 'NONE', *, *, #5708, .F. ) ;
#415 = DIRECTION ( 'NONE',  ( 0.000000000000000000, 0.000000000000000000, -1.000000000000000000 ) ) ;
#416 = EDGE_CURVE ( 'NONE', #1732, #5836, #4980, .T. ) ;
#417 = ORIENTED_EDGE ( 'NONE', *, *, #5239, .T. ) ;
#418 = AXIS2_PLACEMENT_3D ( 'NONE', #1837, #3522, #2878 ) ;
#419 = EDGE_CURVE ( 'NONE', #8234, #2334, #8291, .T. ) ;
#420 = CARTESIAN_POINT ( 'NONE',  ( -0.08517628359975039365, 14.26795665965070370, -2.000002154510242214 ) ) ;
#421 = CARTESIAN_POINT ( 'NONE',  ( -1.539987049332416591, 14.18763385292720969, -1.278828165280854634 ) ) ;
#422 = DIRECTION ( 'NONE',  ( -1.000000000000000000, 0.000000000000000000, 0.000000000000000000 ) ) ;
#423 = DIRECTION ( 'NONE',  ( -0.000000000000000000, -1.000000000000000000, -0.000000000000000000 ) ) ;
#424 = B_SPLINE_CURVE_WITH_KNOTS ( 'NONE', 3,
 ( #7503, #7465, #4157, #2875, #902, #5510, #8111, #1596, #4197, #991 ),
 .UNSPECIFIED., .F., .F.,
 ( 4, 2, 2, 2, 4 ),
 ( 0.000000000000000000, 0.002889720142977483287, 0.005779440285954966575, 0.008669160428932450729, 0.01155888057190993315 ),
 .UNSPECIFIED. ) ;
#425 = AXIS2_PLACEMENT_3D ( 'NONE', #1223, #3956, #2671 ) ;
#426 = AXIS2_PLACEMENT_3D ( 'NONE', #2927, #5470, #6915 ) ;
#427 = CIRCLE ( 'NONE', #2895, 2.000000000000000000 ) ;
#428 = EDGE_CURVE ( 'NONE', #2376, #8449, #8428, .T. ) ;
#429 = EDGE_LOOP ( 'NONE', ( #1285, #8194, #630, #7574 ) ) ;
#430 = ORIENTED_EDGE ( 'NONE', *, *, #958, .T. ) ;
#431 = TOROIDAL_SURFACE ( 'NONE', #4121, 2.000000000000000000, 1.000000000000000000 ) ;
#432 = CARTESIAN_POINT ( 'NONE',  ( 8.727539662843570412, 16.80059265058810070, -15.11654212111793960 ) ) ;
#433 = FACE_OUTER_BOUND ( 'NONE', #3294, .T. ) ;
#434 = EDGE_CURVE ( 'NONE', #2710, #5042, #4604, .T. ) ;
#435 = CARTESIAN_POINT ( 'NONE',  ( 2.834259788570132610, 15.03663829204149138, -0.3922697247975587276 ) ) ;
#436 = CARTESIAN_POINT ( 'NONE',  ( 3.718467345856859563, 26.00000000000001066, -6.440574369310011704 ) ) ;
#437 = CIRCLE ( 'NONE', #6048, 3.000000000000000000 ) ;
#438 = ORIENTED_EDGE ( 'NONE', *, *, #4215, .T. ) ;
#439 = PRESENTATION_LAYER_ASSIGNMENT (  '', '', ( #8243 ) ) ;
#440 = CARTESIAN_POINT ( 'NONE',  ( 2.818447845154155473, 44.53804997500625973, 1.232529118674638768 ) ) ;
#441 = DIRECTION ( 'NONE',  ( -0.5000000000000039968, 0.000000000000000000, -0.8660254037844363761 ) ) ;
#442 = CARTESIAN_POINT ( 'NONE',  ( -2.494328207697090072, 44.63732001522620862, 1.754437537767116417 ) ) ;
#443 = DIRECTION ( 'NONE',  ( -1.000000000000000000, 0.000000000000000000, 0.000000000000000000 ) ) ;
#444 = CARTESIAN_POINT ( 'NONE',  ( -5.170882272112136135, 36.26406429620577399, 1.000000000000000222 ) ) ;
#445 = B_SPLINE_CURVE_WITH_KNOTS ( 'NONE', 2,
 ( #5775, #5610, #4978 ),
 .UNSPECIFIED., .F., .F.,
 ( 3, 3 ),
 ( 0.4990426930198652022, 0.4994522203817270412 ),
 .UNSPECIFIED. ) ;
#446 = CYLINDRICAL_SURFACE ( 'NONE', #4805, 1.000000000000000000 ) ;
#447 = CARTESIAN_POINT ( 'NONE',  ( 2.494328207692543486, 44.63732001522886605, -1.754437537785207502 ) ) ;
#448 = CARTESIAN_POINT ( 'NONE',  ( 1.883285157621102712, 14.85033440878080135, -0.6884652684274564782 ) ) ;
#449 = SPHERICAL_SURFACE ( 'NONE', #3582, 1.000000000000000000 ) ;
#450 = EDGE_LOOP ( 'NONE', ( #2062, #7312, #6778, #1630 ) ) ;
#451 = EDGE_CURVE ( 'NONE', #3470, #554, #6058, .T. ) ;
#452 = CARTESIAN_POINT ( 'NONE',  ( 4.143439777997127926, 38.00000000000000711, 5.176648213592874193 ) ) ;
#453 = CARTESIAN_POINT ( 'NONE',  ( -1.999667374898695060, 13.99999999999999645, 0.03647450843757289035 ) ) ;
#454 = CARTESIAN_POINT ( 'NONE',  ( -0.8660254037844644648, 43.02671304668614027, -3.500000000000012434 ) ) ;
#455 = DIRECTION ( 'NONE',  ( 1.000000000000000000, 0.000000000000000000, 0.000000000000000000 ) ) ;
#456 = VECTOR ( 'NONE', #484, 1000.000000000000000 ) ;
#457 = CARTESIAN_POINT ( 'NONE',  ( 2.106055581398577292, 43.69040101301035861, -3.647795270529575973 ) ) ;
#458 = DIRECTION ( 'NONE',  ( -8.673617379884035472E-17, 1.000000000000000000, 0.000000000000000000 ) ) ;
#459 = CARTESIAN_POINT ( 'NONE',  ( 9.110991467689196099, 23.11045397239989541, 1.000000000000000000 ) ) ;
#460 = SURFACE_SIDE_STYLE ('',( #2947 ) ) ;
#461 = ORIENTED_EDGE ( 'NONE', *, *, #8009, .T. ) ;
#462 = ORIENTED_EDGE ( 'NONE', *, *, #257, .F. ) ;
#463 = DIRECTION ( 'NONE',  ( 0.5000000000000039968, -0.000000000000000000, 0.8660254037844362651 ) ) ;
#464 = ORIENTED_EDGE ( 'NONE', *, *, #6072, .T. ) ;
#465 = CARTESIAN_POINT ( 'NONE',  ( -0.4529335629982018108, 44.32646194578628496, 3.103928557640420749 ) ) ;
#466 = CARTESIAN_POINT ( 'NONE',  ( -1.774640815229352686, 14.26795665965059534, -0.9262362518577933468 ) ) ;
#467 = DIRECTION ( 'NONE',  ( 0.000000000000000000, 0.000000000000000000, 1.000000000000000000 ) ) ;
#468 = CARTESIAN_POINT ( 'NONE',  ( -5.833515323363607230, 27.00000000000001066, 10.10394492679757228 ) ) ;
#469 = EDGE_CURVE ( 'NONE', #8432, #3726, #3095, .T. ) ;
#470 = ORIENTED_EDGE ( 'NONE', *, *, #7337, .F. ) ;
#471 = ORIENTED_EDGE ( 'NONE', *, *, #419, .T. ) ;
#472 = CARTESIAN_POINT ( 'NONE',  ( -8.727539662843799562, 16.80059265058806872, -15.11654212111785256 ) ) ;
#473 = CARTESIAN_POINT ( 'NONE',  ( -5.103646429998344836, 23.95352527149387356, 6.839774920624813070 ) ) ;
#474 = CARTESIAN_POINT ( 'NONE',  ( 2.972080985180734380, 43.69040101301956724, -3.147795270529979206 ) ) ;
#475 = ORIENTED_EDGE ( 'NONE', *, *, #7631, .T. ) ;
#476 = CARTESIAN_POINT ( 'NONE',  ( 2.821889452228655060, 45.27115284840034093, 0.7866009473589611334 ) ) ;
#477 = CYLINDRICAL_SURFACE ( 'NONE', #5210, 1.000000000000000222 ) ;
#478 = EDGE_CURVE ( 'NONE', #191, #5028, #4537, .T. ) ;
#479 = DIRECTION ( 'NONE',  ( 0.8660254037844362651, 0.000000000000000000, -0.5000000000000039968 ) ) ;
#480 = CARTESIAN_POINT ( 'NONE',  ( 4.319251943879427458, 25.39791341877128872, 7.481163817489727919 ) ) ;
#481 = AXIS2_PLACEMENT_3D ( 'NONE', #3788, #2364, #3656 ) ;
#482 = B_SPLINE_CURVE_WITH_KNOTS ( 'NONE', 3,
 ( #3662, #5062, #4936, #7660, #7534, #1784 ),
 .UNSPECIFIED., .F., .F.,
 ( 4, 2, 4 ),
 ( 0.000000000000000000, 0.006308726245804660224, 0.01261745249160932045 ),
 .UNSPECIFIED. ) ;
#483 = CARTESIAN_POINT ( 'NONE',  ( -2.695744417348029831, 44.75292953360845871, 1.359978737380719060 ) ) ;
#484 = DIRECTION ( 'NONE',  ( 1.000000000000000000, -0.000000000000000000, -0.000000000000000000 ) ) ;
#485 = CARTESIAN_POINT ( 'NONE',  ( 16.85587034058762868, 16.00000000000000355, 0.000000000000000000 ) ) ;
#486 = AXIS2_PLACEMENT_3D ( 'NONE', #4590, #7327, #127 ) ;
#487 = AXIS2_PLACEMENT_3D ( 'NONE', #3453, #4084, #5941 ) ;
#488 = ORIENTED_EDGE ( 'NONE', *, *, #828, .T. ) ;
#489 = CARTESIAN_POINT ( 'NONE',  ( 4.937260092629225383, 23.75882442911068892, 8.551585330616294556 ) ) ;
#490 = DIRECTION ( 'NONE',  ( -3.469446951953617344E-15, -0.3848457315043383176, 0.9229809114726537089 ) ) ;
#491 = AXIS2_PLACEMENT_3D ( 'NONE', #8305, #5618, #3623 ) ;
#492 = CARTESIAN_POINT ( 'NONE',  ( -1.969365047791832746, 45.00809433345298771, -2.421998644450663818 ) ) ;
#493 = CIRCLE ( 'NONE', #2684, 1.000000000000000222 ) ;
#494 = CARTESIAN_POINT ( 'NONE',  ( 0.4328346910888407617, 45.37288655771610735, -2.813167569503188137 ) ) ;
#495 = CARTESIAN_POINT ( 'NONE',  ( 6.323282875323308794, 29.96536639221406162, 8.952247210687852785 ) ) ;
#496 = ADVANCED_FACE ( 'NONE', ( #1355 ), #4175, .F. ) ;
#497 = ORIENTED_EDGE ( 'NONE', *, *, #6818, .F. ) ;
#498 = ORIENTED_EDGE ( 'NONE', *, *, #1601, .F. ) ;
#499 = ORIENTED_EDGE ( 'NONE', *, *, #7909, .T. ) ;
#500 = EDGE_CURVE ( 'NONE', #8466, #886, #6491, .T. ) ;
#501 = CARTESIAN_POINT ( 'NONE',  ( 0.9252057828307930221, 45.14079462303221391, 2.874164204565886838 ) ) ;
#502 = ORIENTED_EDGE ( 'NONE', *, *, #4005, .F. ) ;
#503 = CARTESIAN_POINT ( 'NONE',  ( 9.641583466964940285, 31.31292076370371191, 0.000000000000000000 ) ) ;
#504 = DIRECTION ( 'NONE',  ( -0.4999999999999919509, 0.000000000000000000, 0.8660254037844432595 ) ) ;
#505 = CARTESIAN_POINT ( 'NONE',  ( -6.126919372352119808, 21.54328311113977890, 8.612135646792081545 ) ) ;
#506 = CARTESIAN_POINT ( 'NONE',  ( 0.6821234493054976200, 47.81132379945793076, -1.000000000002994271 ) ) ;
#507 = DIRECTION ( 'NONE',  ( 0.4999999999999919509, 0.000000000000000000, -0.8660254037844432595 ) ) ;
#508 = CYLINDRICAL_SURFACE ( 'NONE', #1855, 1.000000000000000000 ) ;
#509 = CARTESIAN_POINT ( 'NONE',  ( -4.824153242026387289, 31.30501039359236159, -8.355678518688737455 ) ) ;
#510 = ORIENTED_EDGE ( 'NONE', *, *, #8485, .F. ) ;
#511 = ORIENTED_EDGE ( 'NONE', *, *, #3790, .F. ) ;
#512 = B_SPLINE_CURVE_WITH_KNOTS ( 'NONE', 3,
 ( #7433, #1557, #4863, #7466, #1597, #947, #3560, #2925, #5550, #8151 ),
 .UNSPECIFIED., .F., .F.,
 ( 4, 2, 2, 2, 4 ),
 ( 7.949501638480626889E-18, 0.002777439622246325249, 0.005554879244492642691, 0.008332318866738961868, 0.01110975848898527844 ),
 .UNSPECIFIED. ) ;
#513 = EDGE_LOOP ( 'NONE', ( #7977, #2187, #7562, #5060 ) ) ;
#514 = EDGE_CURVE ( 'NONE', #7644, #838, #4110, .T. ) ;
#515 = CARTESIAN_POINT ( 'NONE',  ( 4.718467345856957706, 26.00000000000001066, 8.172625176878833386 ) ) ;
#516 = CARTESIAN_POINT ( 'NONE',  ( 4.616025403784468573, 28.00000000000001066, 5.995190528383270490 ) ) ;
#517 = ADVANCED_FACE ( 'NONE', ( #2245 ), #1200, .T. ) ;
#518 = CARTESIAN_POINT ( 'NONE',  ( -1.111074727494340664, 42.47434734750522267, 3.924437879026016152 ) ) ;
#519 = DIRECTION ( 'NONE',  ( -0.000000000000000000, 0.000000000000000000, -1.000000000000000000 ) ) ;
#520 = ORIENTED_EDGE ( 'NONE', *, *, #1937, .F. ) ;
#521 = VECTOR ( 'NONE', #6001, 1000.000000000000000 ) ;
#522 = DIRECTION ( 'NONE',  ( -1.000000000000000000, -8.673617379884035472E-17, 0.000000000000000000 ) ) ;
#523 = CARTESIAN_POINT ( 'NONE',  ( -11.66703064672739920, 28.00000000000001421, 0.000000000000000000 ) ) ;
#524 = CARTESIAN_POINT ( 'NONE',  ( -5.147981716704929767, 42.63562819953288141, -1.000000000008107737 ) ) ;
#525 = DIRECTION ( 'NONE',  ( -1.011113220803299684E-26, 1.000000000000000000, -5.551115123125782702E-14 ) ) ;
#526 = DIRECTION ( 'NONE',  ( 0.3010432906143614695, 0.7984308039550558345, 0.5214222746217890281 ) ) ;
#527 = CARTESIAN_POINT ( 'NONE',  ( 2.522215515899426830, 44.74772035129664971, -1.662437130493053417 ) ) ;
#528 = FACE_OUTER_BOUND ( 'NONE', #3180, .T. ) ;
#529 = CARTESIAN_POINT ( 'NONE',  ( -1.181845964179267350, 13.99999999999998046, -1.622980592486804818 ) ) ;
#530 = EDGE_LOOP ( 'NONE', ( #7082, #2651, #109 ) ) ;
#531 =( BOUNDED_SURFACE ( )  B_SPLINE_SURFACE ( 3, 2, ( 
 ( #2913, #7333, #1586 ),
 ( #4190, #2140, #7297 ),
 ( #4773, #891, #3476 ),
 ( #2220, #8102, #4814 ),
 ( #6044, #6657, #298 ),
 ( #2823, #814, #4066 ),
 ( #5423, #6821, #3435 ),
 ( #6699, #4021, #4855 ) ),
 .UNSPECIFIED., .F., .F., .F. ) 
 B_SPLINE_SURFACE_WITH_KNOTS ( ( 4, 2, 2, 4 ),
 ( 3, 3 ),
 ( 0.008298553682445818785, 0.008919219878412962960, 0.009539886074380107134, 0.01078121846631439722 ),
 ( 0.000000000000000000, 1.000000000000000000 ),
 .UNSPECIFIED. ) 
 GEOMETRIC_REPRESENTATION_ITEM ( )  RATIONAL_B_SPLINE_SURFACE ( (
 ( 1.000000000000000000, 0.9368214105116469126, 1.000000000000000000),
 ( 1.000000000000000000, 0.9229681982960358244, 1.000000000000000000),
 ( 1.000000000000000000, 0.9031388465553630285, 1.000000000000000000),
 ( 1.000000000000000000, 0.8625285706144599773, 1.000000000000000000),
 ( 1.000000000000000000, 0.8419470340199793901, 1.000000000000000000),
 ( 1.000000000000000000, 0.7815592415436716234, 1.000000000000000000),
 ( 1.000000000000000000, 0.7426999709832176055, 1.000000000000000000),
 ( 1.000000000000000000, 0.7071067811850829665, 1.000000000000000000) ) ) 
 REPRESENTATION_ITEM ( '' )  SURFACE ( )  );
#532 = CIRCLE ( 'NONE', #2045, 0.9999999999999991118 ) ;
#533 = CARTESIAN_POINT ( 'NONE',  ( 9.146905246829243552, 23.13903931696793492, 1.000000000000000222 ) ) ;
#534 = CARTESIAN_POINT ( 'NONE',  ( 1.452368754827752628, 13.99999999999999645, -2.625000000000015987 ) ) ;
#535 = CARTESIAN_POINT ( 'NONE',  ( -2.443659655399610831, 44.70983392306872872, -2.350555483437865689 ) ) ;
#536 = AXIS2_PLACEMENT_3D ( 'NONE', #6476, #7112, #2596 ) ;
#537 = CARTESIAN_POINT ( 'NONE',  ( -1.452368754827752850, 13.99999999999999467, 2.625000000000015987 ) ) ;
#538 = CARTESIAN_POINT ( 'NONE',  ( 5.457257471472074073, 29.96536639208857977, 9.452247210572883418 ) ) ;
#539 = DIRECTION ( 'NONE',  ( 0.000000000000000000, 0.000000000000000000, -1.000000000000000000 ) ) ;
#540 = AXIS2_PLACEMENT_3D ( 'NONE', #2049, #5242, #1453 ) ;
#541 = CIRCLE ( 'NONE', #3150, 1.000000000000000000 ) ;
#542 = ORIENTED_EDGE ( 'NONE', *, *, #5588, .T. ) ;
#543 = EDGE_LOOP ( 'NONE', ( #858, #5515, #1619, #8186 ) ) ;
#544 = CARTESIAN_POINT ( 'NONE',  ( 0.4813615921779662021, 44.25822763102388535, 3.120179041006823972 ) ) ;
#545 = ORIENTED_EDGE ( 'NONE', *, *, #2561, .T. ) ;
#546 = DIRECTION ( 'NONE',  ( -4.807406715958431797E-14, 1.000000000000000000, -2.775557561563762253E-14 ) ) ;
#547 = CARTESIAN_POINT ( 'NONE',  ( -3.277414374212611392, 38.00000000000001421, 5.676648213592921266 ) ) ;
#548 = DIRECTION ( 'NONE',  ( 0.5000000000000041078, -0.000000000000000000, 0.8660254037844364872 ) ) ;
#549 = CARTESIAN_POINT ( 'NONE',  ( 0.9682458365518351595, 13.99999999999999467, -1.750000000000010658 ) ) ;
#550 = CARTESIAN_POINT ( 'NONE',  ( -4.021869389968665054, 43.90481299942405258, -0.9039705224872299771 ) ) ;
#551 = CARTESIAN_POINT ( 'NONE',  ( 6.333515323363751115, 28.00000000000001066, 10.96997033058192983 ) ) ;
#552 = DIRECTION ( 'NONE',  ( 0.4841229182759296812, 0.000000000000000000, 0.8749999999999986677 ) ) ;
#553 = ADVANCED_FACE ( 'NONE', ( #6977 ), #7488, .T. ) ;
#554 = VERTEX_POINT ( 'NONE', #5533 ) ;
#555 = CIRCLE ( 'NONE', #2326, 1.000000000000000888 ) ;
#556 = EDGE_LOOP ( 'NONE', ( #5117, #1582, #6619, #6475 ) ) ;
#557 = ORIENTED_EDGE ( 'NONE', *, *, #8312, .T. ) ;
#558 = DIRECTION ( 'NONE',  ( 0.3010432906143590270, 0.7984308039550577218, 0.5214222746217875848 ) ) ;
#559 = AXIS2_PLACEMENT_3D ( 'NONE', #1085, #1606, #7639 ) ;
#560 = DIRECTION ( 'NONE',  ( -1.000000000000000000, 0.000000000000000000, 8.673617379884035472E-16 ) ) ;
#562 = EDGE_CURVE ( 'NONE', #4724, #6767, #293, .T. ) ;
#561 = CARTESIAN_POINT ( 'NONE',  ( -1.031421538346819489, 13.99999999999999467, 1.713525491562433611 ) ) ;
#563 = CARTESIAN_POINT ( 'NONE',  ( 8.427935170293677558, 16.00000000000000000, -14.59761191784562229 ) ) ;
#564 = EDGE_LOOP ( 'NONE', ( #2, #5993, #5881 ) ) ;
#565 = AXIS2_PLACEMENT_3D ( 'NONE', #6800, #156, #7959 ) ;
#566 = TOROIDAL_SURFACE ( 'NONE', #6735, 2.000000000000000000, 1.000000000000000000 ) ;
#567 = DIRECTION ( 'NONE',  ( -8.673617379884035472E-17, 1.000000000000000000, 0.000000000000000000 ) ) ;
#568 = SPHERICAL_SURFACE ( 'NONE', #678, 1.000000000000000000 ) ;
#569 = DIRECTION ( 'NONE',  ( -0.3948124892689582888, 0.6135897597498235490, 0.6838352908759555149 ) ) ;
#570 = CARTESIAN_POINT ( 'NONE',  ( 0.4318987770610067112, 45.55998058460674116, 2.512346938861716783 ) ) ;
#571 = DIRECTION ( 'NONE',  ( -0.8660254037844363761, 0.000000000000000000, 0.5000000000000039968 ) ) ;
#572 = CARTESIAN_POINT ( 'NONE',  ( 2.672000430010799121, 44.78567817406160145, -1.388483827195445164 ) ) ;
#573 = CIRCLE ( 'NONE', #1672, 1.000000000000000888 ) ;
#574 = CARTESIAN_POINT ( 'NONE',  ( -4.319251943879322653, 25.39791341877128872, 7.481163817489784762 ) ) ;
#575 = CARTESIAN_POINT ( 'NONE',  ( -1.999667374898694616, 13.99999999999999467, -0.03647450843758199418 ) ) ;
#576 = DIRECTION ( 'NONE',  ( -1.000000000000000000, 0.000000000000000000, 0.000000000000000000 ) ) ;
#577 = CIRCLE ( 'NONE', #722, 1.000000000000000000 ) ;
#578 = ADVANCED_FACE ( 'NONE', ( #5690 ), #6874, .T. ) ;
#579 = ORIENTED_EDGE ( 'NONE', *, *, #416, .F. ) ;
#580 = CARTESIAN_POINT ( 'NONE',  ( 0.8660254037844364872, 0.000000000000000000, -0.5000000000000041078 ) ) ;
#581 = CARTESIAN_POINT ( 'NONE',  ( 1.885174912273382075, 15.09427921856808474, -1.889764906017247670 ) ) ;
#582 = CARTESIAN_POINT ( 'NONE',  ( -2.516918877582302372, 45.15213708258470859, -1.651250568331850799 ) ) ;
#583 = CARTESIAN_POINT ( 'NONE',  ( 1.963127724648292993, 44.07310743520758223, 3.344776417893011722 ) ) ;
#584 = CARTESIAN_POINT ( 'NONE',  ( 2.476269106210898130, 43.82063596036799424, -2.177735624946769644 ) ) ;
#585 = DIRECTION ( 'NONE',  ( -0.000000000000000000, 1.000000000000000000, -0.000000000000000000 ) ) ;
#586 = EDGE_LOOP ( 'NONE', ( #5537, #8405, #2209, #6785, #1996 ) ) ;
#587 = EDGE_LOOP ( 'NONE', ( #4064, #5996, #6079, #2218 ) ) ;
#588 = CARTESIAN_POINT ( 'NONE',  ( 0.2607135373856760974, 44.65511862273137922, 3.033675133676767111 ) ) ;
#589 = ORIENTED_EDGE ( 'NONE', *, *, #3710, .F. ) ;
#590 = CARTESIAN_POINT ( 'NONE',  ( 14.21055667580271908, 19.37215832003965943, 0.000000000000000000 ) ) ;
#591 = DIRECTION ( 'NONE',  ( -8.673617379884035472E-17, 1.000000000000000000, 0.000000000000000000 ) ) ;
#592 = CARTESIAN_POINT ( 'NONE',  ( -1.999667374898694838, 14.99999999999999467, -0.03647450843758206357 ) ) ;
#593 = DIRECTION ( 'NONE',  ( -0.9010080201268693134, 0.4338024293005502963, 0.000000000000000000 ) ) ;
#594 = CARTESIAN_POINT ( 'NONE',  ( -2.106055581400362531, 43.69040101299925993, -3.647795270534921031 ) ) ;
#595 = CARTESIAN_POINT ( 'NONE',  ( -2.116028213726192320, 43.66794915999034998, -3.665068376418816776 ) ) ;
#596 = CARTESIAN_POINT ( 'NONE',  ( -5.833515323363747562, 28.00000000000001066, -10.10394492679749234 ) ) ;
#597 = DIRECTION ( 'NONE',  ( 0.000000000000000000, -1.000000000000000000, 0.000000000000000000 ) ) ;
#598 = VERTEX_POINT ( 'NONE', #3657 ) ;
#599 = VERTEX_POINT ( 'NONE', #1615 ) ;
#600 = ORIENTED_EDGE ( 'NONE', *, *, #7969, .F. ) ;
#601 = CARTESIAN_POINT ( 'NONE',  ( -6.468064122861355791, 35.87501333731607644, 0.000000000000000000 ) ) ;
#602 =( BOUNDED_SURFACE ( )  B_SPLINE_SURFACE ( 3, 2, ( 
 ( #5208, #4341, #1649 ),
 ( #5841, #4509, #5887 ),
 ( #2323, #1305, #4964 ),
 ( #6889, #1893, #2282 ),
 ( #6276, #3813, #1942 ),
 ( #7598, #5164, #1691 ),
 ( #7559, #2566, #6964 ),
 ( #7134, #1002, #395 ) ),
 .UNSPECIFIED., .F., .F., .F. ) 
 B_SPLINE_SURFACE_WITH_KNOTS ( ( 4, 2, 2, 4 ),
 ( 3, 3 ),
 ( 0.02544805186257385193, 0.02835232994442245247, 0.03125660802627105300, 0.03706516418996825407 ),
 ( 0.000000000000000000, 1.000000000000000000 ),
 .UNSPECIFIED. ) 
 GEOMETRIC_REPRESENTATION_ITEM ( )  RATIONAL_B_SPLINE_SURFACE ( (
 ( 1.000000000000000000, 0.7071067811865474617, 1.000000000000000000),
 ( 1.000000000000000000, 0.7071067811865474617, 1.000000000000000000),
 ( 1.000000000000000000, 0.7071067811865482389, 1.000000000000000000),
 ( 1.000000000000000000, 0.7071067811865482389, 1.000000000000000000),
 ( 1.000000000000000000, 0.7071067811865473507, 1.000000000000000000),
 ( 1.000000000000000000, 0.7071067811865473507, 1.000000000000000000),
 ( 1.000000000000000000, 0.7071067811865475727, 1.000000000000000000),
 ( 1.000000000000000000, 0.7071067811865475727, 1.000000000000000000) ) ) 
 REPRESENTATION_ITEM ( '' )  SURFACE ( )  );
#603 = CARTESIAN_POINT ( 'NONE',  ( 2.106055581390539722, 43.69040101301347079, -3.647795270532500744 ) ) ;
#604 = CARTESIAN_POINT ( 'NONE',  ( -17.45507932568746412, 16.80059265058806872, 0.000000000000000000 ) ) ;
#605 = CARTESIAN_POINT ( 'NONE',  ( -1.999667374898695060, 13.99999999999999645, 0.03647450843757289035 ) ) ;
#606 = DIRECTION ( 'NONE',  ( 0.000000000000000000, -1.000000000000000000, 0.000000000000000000 ) ) ;
#607 = CARTESIAN_POINT ( 'NONE',  ( -1.052447765017917591, 45.05365519245314943, 2.900923827692772239 ) ) ;
#608 = ORIENTED_EDGE ( 'NONE', *, *, #1282, .T. ) ;
#609 = DIRECTION ( 'NONE',  ( -8.673617379884035472E-17, 1.000000000000000000, 0.000000000000000000 ) ) ;
#610 = CARTESIAN_POINT ( 'NONE',  ( 11.66703064672739920, 28.00000000000001421, 0.000000000000000000 ) ) ;
#611 = CARTESIAN_POINT ( 'NONE',  ( -2.332978889645778597, 45.78277757836444550, -0.9999999999957800423 ) ) ;
#612 = CARTESIAN_POINT ( 'NONE',  ( 5.908815343290847011, 18.62019707413682212, 12.23436838712216179 ) ) ;
#613 = CARTESIAN_POINT ( 'NONE',  ( 1.685155362147880531, 15.01386107810862924, 2.402323890755881042 ) ) ;
#614 = CARTESIAN_POINT ( 'NONE',  ( 4.752812708171584077, 37.13239514139890218, 0.000000000000000000 ) ) ;
#615 = CARTESIAN_POINT ( 'NONE',  ( 2.034656377455555720, 43.85134196392438355, 3.524128221751485324 ) ) ;
#616 = CARTESIAN_POINT ( 'NONE',  ( 3.574931816539387963, 30.66112020816222028, 8.191963539840639186 ) ) ;
#617 = EDGE_LOOP ( 'NONE', ( #5792, #2777, #3038 ) ) ;
#618 = CIRCLE ( 'NONE', #6658, 1.000000000000000444 ) ;
#619 = CARTESIAN_POINT ( 'NONE',  ( -0.8002175630767189851, 43.32338796416890858, -3.386017476357261913 ) ) ;
#620 = ADVANCED_FACE ( 'NONE', ( #5611 ), #4686, .T. ) ;
#621 = CARTESIAN_POINT ( 'NONE',  ( -3.277414374212611392, 39.00000000000000711, 5.676648213592921266 ) ) ;
#622 = CARTESIAN_POINT ( 'NONE',  ( -2.554387251711090823, 44.81958906057585068, -1.579509264133080126 ) ) ;
#623 = CARTESIAN_POINT ( 'NONE',  ( 2.476774967356848212, 45.11208902100427309, 1.768483576543722346 ) ) ;
#624 = CIRCLE ( 'NONE', #7070, 1.000000000000000222 ) ;
#625 = EDGE_CURVE ( 'NONE', #1981, #3284, #8097, .T. ) ;
#626 = CARTESIAN_POINT ( 'NONE',  ( 2.746280302865453216, 43.98718750907219288, -2.970310953715840974 ) ) ;
#627 = CARTESIAN_POINT ( 'NONE',  ( 5.787413503393606717, 29.35288596355822932, -10.02409423229394037 ) ) ;
#628 = ADVANCED_FACE ( 'NONE', ( #1057 ), #8171, .F. ) ;
#629 = AXIS2_PLACEMENT_3D ( 'NONE', #5334, #3344, #641 ) ;
#630 = ORIENTED_EDGE ( 'NONE', *, *, #6120, .F. ) ;
#631 = ORIENTED_EDGE ( 'NONE', *, *, #4952, .T. ) ;
#632 = AXIS2_PLACEMENT_3D ( 'NONE', #3510, #5995, #6695 ) ;
#633 = DIRECTION ( 'NONE',  ( -0.8660254037844432595, 0.000000000000000000, -0.4999999999999919509 ) ) ;
#634 = VERTEX_POINT ( 'NONE', #410 ) ;
#635 = CARTESIAN_POINT ( 'NONE',  ( 5.628335501872514968, 22.22322094078762333, -9.748563051287080228 ) ) ;
#636 = AXIS2_PLACEMENT_3D ( 'NONE', #911, #8248, #4919 ) ;
#637 = DIRECTION ( 'NONE',  ( -0.6135897597488725319, 0.7896249785381165287, 0.000000000000000000 ) ) ;
#638 = CARTESIAN_POINT ( 'NONE',  ( 3.464101615137773926, 43.02671304668722030, 1.000000000000000000 ) ) ;
#639 = DIRECTION ( 'NONE',  ( 0.000000000000000000, 0.000000000000000000, -1.000000000000000000 ) ) ;
#640 = CARTESIAN_POINT ( 'NONE',  ( 4.218467345856852901, 26.00000000000001066, -7.306599773094455408 ) ) ;
#641 = DIRECTION ( 'NONE',  ( 3.469446951953614189E-15, 0.000000000000000000, 1.000000000000000000 ) ) ;
#642 = CARTESIAN_POINT ( 'NONE',  ( -1.452368754827788377, 13.99999999999999467, -2.624999999999996447 ) ) ;
#643 = CARTESIAN_POINT ( 'NONE',  ( -0.8660254037844432595, 0.000000000000000000, -0.4999999999999920064 ) ) ;
#644 = ORIENTED_EDGE ( 'NONE', *, *, #2702, .F. ) ;
#645 = ORIENTED_EDGE ( 'NONE', *, *, #2813, .T. ) ;
#646 = ORIENTED_EDGE ( 'NONE', *, *, #6799, .T. ) ;
#647 = ORIENTED_EDGE ( 'NONE', *, *, #7634, .F. ) ;
#648 = CARTESIAN_POINT ( 'NONE',  ( -6.559602171315770391, 33.72043394594724219, 1.000000000000000000 ) ) ;
#649 = CARTESIAN_POINT ( 'NONE',  ( -7.401712842540638881, 34.26505463002657592, 0.000000000000000000 ) ) ;
#650 = CARTESIAN_POINT ( 'NONE',  ( 6.140951015755424791, 21.56758116320079210, 8.636439166080004171 ) ) ;
#651 = CARTESIAN_POINT ( 'NONE',  ( -1.367205194284476732, 41.94482352973555805, 4.368068860860877756 ) ) ;
#652 = ORIENTED_EDGE ( 'NONE', *, *, #5369, .F. ) ;
#653 = CARTESIAN_POINT ( 'NONE',  ( 9.436934691713835477, 26.00000000000001776, 1.000000000000000000 ) ) ;
#654 = DIRECTION ( 'NONE',  ( -8.673617379884035472E-17, 1.000000000000000000, 0.000000000000000000 ) ) ;
#655 = ADVANCED_FACE ( 'NONE', ( #7612 ), #5638, .F. ) ;
#656 = CARTESIAN_POINT ( 'NONE',  ( 7.561909766509497643, 15.99999999999992362, 15.09761191784560097 ) ) ;
#657 = DIRECTION ( 'NONE',  ( -1.000000000000000000, 0.000000000000000000, -1.224646799147224771E-16 ) ) ;
#658 = CARTESIAN_POINT ( 'NONE',  ( 3.677311544215927430, 35.41155823880487219, 4.369290429841500512 ) ) ;
#659 = CARTESIAN_POINT ( 'NONE',  ( 2.570675112618635350, 44.82642464147608763, 1.548708703542644782 ) ) ;
#660 = EDGE_CURVE ( 'NONE', #3419, #634, #8416, .T. ) ;
#661 = ORIENTED_EDGE ( 'NONE', *, *, #6239, .F. ) ;
#662 = EDGE_LOOP ( 'NONE', ( #3899, #5408, #6632, #7071 ) ) ;
#663 = CARTESIAN_POINT ( 'NONE',  ( -1.811801000897633962, 14.24497536111729268, 0.8480646445610071638 ) ) ;
#664 = CARTESIAN_POINT ( 'NONE',  ( 1.150499915705869736, 14.92054706172569745, -1.658240571839970645 ) ) ;
#665 = CARTESIAN_POINT ( 'NONE',  ( -1.963127724988199097, 44.07310743563871824, -3.344776417281476899 ) ) ;
#666 = CARTESIAN_POINT ( 'NONE',  ( 2.605018884278556879, 45.16345078813829161, 1.485136315338978275 ) ) ;
#667 = CARTESIAN_POINT ( 'NONE',  ( 2.695744417353519662, 44.75292953363672410, -1.359978737380733715 ) ) ;
#668 = CARTESIAN_POINT ( 'NONE',  ( 14.22767643690362682, 19.35722206982407911, -0.000000000000000000 ) ) ;
#669 = ADVANCED_FACE ( 'NONE', ( #4579 ), #7281, .T. ) ;
#670 = ADVANCED_FACE ( 'NONE', ( #5142 ), #7342, .T. ) ;
#671 = CIRCLE ( 'NONE', #1629, 0.9999999999999998890 ) ;
#672 = ORIENTED_EDGE ( 'NONE', *, *, #3, .F. ) ;
#673 = ORIENTED_EDGE ( 'NONE', *, *, #7029, .F. ) ;
#674 = SPHERICAL_SURFACE ( 'NONE', #8478, 1.000000000000000000 ) ;
#675 = EDGE_LOOP ( 'NONE', ( #5755, #8175, #6928, #5994, #4655, #8064, #6154 ) ) ;
#676 = EDGE_CURVE ( 'NONE', #2250, #3040, #4956, .T. ) ;
#677 = CARTESIAN_POINT ( 'NONE',  ( 1.850084796318781200, 15.07749418221596294, 2.000000000000001332 ) ) ;
#678 = AXIS2_PLACEMENT_3D ( 'NONE', #610, #5085, #3822 ) ;
#679 = CARTESIAN_POINT ( 'NONE',  ( 3.022851656505876949, 44.06531866983804235, 1.100169044449825551 ) ) ;
#680 = TOROIDAL_SURFACE ( 'NONE', #8480, 2.000000000000000000, 1.000000000000000000 ) ;
#681 = FACE_OUTER_BOUND ( 'NONE', #5731, .T. ) ;
#682 = CARTESIAN_POINT ( 'NONE',  ( -3.423412233986609987, 44.54362983624728400, -0.8909196915736469213 ) ) ;
#683 = CARTESIAN_POINT ( 'NONE',  ( -0.4725170012123527941, 45.35253749460910200, -2.818423453577485027 ) ) ;
#684 = CARTESIAN_POINT ( 'NONE',  ( 0.000000000000000000, 5.000000000000000000, 3.000000000000000000 ) ) ;
#685 = LINE ( 'NONE', #2058, #2675 ) ;
#686 = EDGE_CURVE ( 'NONE', #1234, #3952, #2615, .T. ) ;
#687 = EDGE_LOOP ( 'NONE', ( #4720, #3211, #5571, #5295 ) ) ;
#688 = ORIENTED_EDGE ( 'NONE', *, *, #1330, .F. ) ;
#689 = EDGE_CURVE ( 'NONE', #5025, #8306, #26, .T. ) ;
#690 = VERTEX_POINT ( 'NONE', #5816 ) ;
#691 = CIRCLE ( 'NONE', #4522, 1.000000000000000000 ) ;
#692 = SPHERICAL_SURFACE ( 'NONE', #4938, 1.000000000000000000 ) ;
#693 = CARTESIAN_POINT ( 'NONE',  ( -8.265047552625187421, 31.40750956778727598, -1.000000000000000000 ) ) ;
#694 = EDGE_CURVE ( 'NONE', #5604, #5042, #2169, .T. ) ;
#695 = CARTESIAN_POINT ( 'NONE',  ( -2.695744417348029831, 44.75292953360845871, 1.359978737380719060 ) ) ;
#696 = FACE_OUTER_BOUND ( 'NONE', #7024, .T. ) ;
#697 = CARTESIAN_POINT ( 'NONE',  ( 0.1847006289430983272, 45.42277198791382631, 2.803143210554730924 ) ) ;
#698 = ORIENTED_EDGE ( 'NONE', *, *, #689, .T. ) ;
#699 = DIRECTION ( 'NONE',  ( 0.000000000000000000, -0.000000000000000000, -1.000000000000000000 ) ) ;
#700 = AXIS2_PLACEMENT_3D ( 'NONE', #2402, #7610, #968 ) ;
#701 = CARTESIAN_POINT ( 'NONE',  ( -16.85587034058772815, 15.99999999999992717, -1.000000000000000000 ) ) ;
#702 = CARTESIAN_POINT ( 'NONE',  ( 7.408442688162429235, 34.25427431979554171, 0.000000000000000000 ) ) ;
#703 = CARTESIAN_POINT ( 'NONE',  ( -2.697792787621682287, 32.95083784824694817, -6.672714176453566459 ) ) ;
#704 = CARTESIAN_POINT ( 'NONE',  ( 5.969905613419382640, 29.25648786325041328, 8.340179838832915138 ) ) ;
#706 = CARTESIAN_POINT ( 'NONE',  ( 2.836155061909569675, 44.49791065414780888, -1.220480983735723779 ) ) ;
#705 = CIRCLE ( 'NONE', #4684, 1.000000000000000222 ) ;
#707 = AXIS2_PLACEMENT_3D ( 'NONE', #715, #2765, #8002 ) ;
#708 = ORIENTED_EDGE ( 'NONE', *, *, #1312, .T. ) ;
#709 = ORIENTED_EDGE ( 'NONE', *, *, #5879, .F. ) ;
#710 = CARTESIAN_POINT ( 'NONE',  ( 2.069233234843510516, 15.13397832663941678, -1.415966741233205095 ) ) ;
#711 = DIRECTION ( 'NONE',  ( -8.673617379884035472E-17, 1.000000000000000000, 0.000000000000000000 ) ) ;
#712 = AXIS2_PLACEMENT_3D ( 'NONE', #7794, #1924, #4496 ) ;
#713 = CARTESIAN_POINT ( 'NONE',  ( 2.582735146750730237, 45.39936764335771358, 1.142601603235328778 ) ) ;
#714 = FACE_OUTER_BOUND ( 'NONE', #4326, .T. ) ;
#715 = CARTESIAN_POINT ( 'NONE',  ( -3.464101615137717527, 15.99999999999999645, 2.000000000000000000 ) ) ;
#716 = ADVANCED_FACE ( 'NONE', ( #7157 ), #2589, .T. ) ;
#717 = EDGE_CURVE ( 'NONE', #2163, #5015, #8472, .T. ) ;
#718 = ORIENTED_EDGE ( 'NONE', *, *, #3440, .T. ) ;
#719 = EDGE_LOOP ( 'NONE', ( #1142, #6296, #4602 ) ) ;
#720 = AXIS2_PLACEMENT_3D ( 'NONE', #3689, #6886, #956 ) ;
#721 = CARTESIAN_POINT ( 'NONE',  ( 10.20709801672376038, 29.25718579710001777, -1.000000000000000000 ) ) ;
#722 = AXIS2_PLACEMENT_3D ( 'NONE', #1156, #1844, #6994 ) ;
#723 = CARTESIAN_POINT ( 'NONE',  ( -1.504491941569285007, 44.64453427443822164, 3.058689407327075838 ) ) ;
#724 = DIRECTION ( 'NONE',  ( -0.4999999999999920619, 0.000000000000000000, 0.8660254037844432595 ) ) ;
#725 = CARTESIAN_POINT ( 'NONE',  ( -3.442965485001710846, 42.62898019680059036, -3.963391161763659465 ) ) ;
#726 = CARTESIAN_POINT ( 'NONE',  ( 0.9354310251597981463, 45.13615510178357937, -2.875313159180530320 ) ) ;
#727 = CARTESIAN_POINT ( 'NONE',  ( 11.66703064672740098, 28.00000000000001066, 0.000000000000000000 ) ) ;
#728 = CARTESIAN_POINT ( 'NONE',  ( 3.143439777997120377, 38.00000000000000711, 3.444597406024001440 ) ) ;
#729 = CARTESIAN_POINT ( 'NONE',  ( -3.089637907159514363, 41.65714473250233141, -5.351409802047843556 ) ) ;
#730 = VERTEX_POINT ( 'NONE', #1411 ) ;
#731 = ORIENTED_EDGE ( 'NONE', *, *, #1791, .F. ) ;
#732 = DIRECTION ( 'NONE',  ( 1.224646799147352961E-16, 0.000000000000000000, -1.000000000000000000 ) ) ;
#733 = ORIENTED_EDGE ( 'NONE', *, *, #5619, .T. ) ;
#734 = CARTESIAN_POINT ( 'NONE',  ( -9.056501967001141296, 32.02000061743317616, 0.000000000000000000 ) ) ;
#735 = CARTESIAN_POINT ( 'NONE',  ( -10.91208105769707437, 28.60237706258348211, -1.000000000000000000 ) ) ;
#736 = AXIS2_PLACEMENT_3D ( 'NONE', #1397, #7349, #5974 ) ;
#737 = ADVANCED_FACE ( 'NONE', ( #4004 ), #3334, .T. ) ;
#738 = DIRECTION ( 'NONE',  ( 0.3908337482177738909, -0.6236953783828796949, -0.6769439092257808488 ) ) ;
#739 = ORIENTED_EDGE ( 'NONE', *, *, #2510, .T. ) ;
#740 = CARTESIAN_POINT ( 'NONE',  ( -5.686817137164442926, 31.31292076351908449, -7.849856214923233821 ) ) ;
#741 = CARTESIAN_POINT ( 'NONE',  ( -9.108360619435664773, 23.11394275704375190, -1.000000000000000000 ) ) ;
#742 = CARTESIAN_POINT ( 'NONE',  ( 5.653820728298455833, 37.56619757069945820, 0.000000000000000000 ) ) ;
#743 = FACE_OUTER_BOUND ( 'NONE', #1412, .T. ) ;
#744 = DIRECTION ( 'NONE',  ( 0.000000000000000000, 0.6092968833362525372, 0.7929421844981694445 ) ) ;
#745 = DIRECTION ( 'NONE',  ( 0.5000000000001583178, 0.000000000000000000, 0.8660254037843473363 ) ) ;
#746 = ORIENTED_EDGE ( 'NONE', *, *, #6454, .F. ) ;
#747 = EDGE_CURVE ( 'NONE', #5546, #8035, #2677, .T. ) ;
#748 = CARTESIAN_POINT ( 'NONE',  ( 2.843125535065655018, 42.47434734749505481, 2.924437879030126197 ) ) ;
#749 = CARTESIAN_POINT ( 'NONE',  ( -1.547132307520277195, 14.99999999999999645, -2.570288237343622217 ) ) ;
#750 = FACE_OUTER_BOUND ( 'NONE', #2656, .T. ) ;
#751 = CARTESIAN_POINT ( 'NONE',  ( 2.516918875709234005, 45.15213708353457633, -1.651250567086583576 ) ) ;
#752 = DIRECTION ( 'NONE',  ( 0.000000000000000000, 0.000000000000000000, 1.000000000000000000 ) ) ;
#753 = AXIS2_PLACEMENT_3D ( 'NONE', #3333, #2004, #3374 ) ;
#754 = EDGE_LOOP ( 'NONE', ( #2007, #7022, #3923, #6847 ) ) ;
#755 = ORIENTED_EDGE ( 'NONE', *, *, #1680, .F. ) ;
#756 = CARTESIAN_POINT ( 'NONE',  ( -0.8016010796521509940, 47.92703760326411810, 0.8511948177537780325 ) ) ;
#757 = CARTESIAN_POINT ( 'NONE',  ( -0.5015048183476013000, 45.00244590997770189, 3.097137847440173619 ) ) ;
#758 = CARTESIAN_POINT ( 'NONE',  ( 0.000000000000000000, 1.000000000000000000, 0.000000000000000000 ) ) ;
#759 = DIRECTION ( 'NONE',  ( -0.3318439831574936383, 0.7480095476453418879, 0.5747706390148857869 ) ) ;
#760 = EDGE_CURVE ( 'NONE', #5105, #5025, #4046, .T. ) ;
#761 = LINE ( 'NONE', #1928, #5436 ) ;
#762 = AXIS2_PLACEMENT_3D ( 'NONE', #5702, #1838, #1193 ) ;
#763 = CARTESIAN_POINT ( 'NONE',  ( 2.368422241655486982, 35.87328699861028980, 6.102227656332492423 ) ) ;
#764 = SPHERICAL_SURFACE ( 'NONE', #5027, 1.000000000000000000 ) ;
#765 = EDGE_CURVE ( 'NONE', #943, #371, #5241, .T. ) ;
#766 = ORIENTED_EDGE ( 'NONE', *, *, #2473, .T. ) ;
#767 = VERTEX_POINT ( 'NONE', #3375 ) ;
#768 = DIRECTION ( 'NONE',  ( 0.000000000000000000, 0.000000000000000000, 1.000000000000000000 ) ) ;
#769 = CIRCLE ( 'NONE', #6541, 2.000000000000000000 ) ;
#770 = ORIENTED_EDGE ( 'NONE', *, *, #3073, .F. ) ;
#771 = CARTESIAN_POINT ( 'NONE',  ( -3.469446951953668916E-16, 15.99999999999999645, -6.009258394948666693E-16 ) ) ;
#772 = CARTESIAN_POINT ( 'NONE',  ( -0.3186733795141222791, 45.09453418790322843, -3.040218661458197413 ) ) ;
#773 = FACE_OUTER_BOUND ( 'NONE', #687, .T. ) ;
#774 = AXIS2_PLACEMENT_3D ( 'NONE', #4545, #8349, #5192 ) ;
#775 = CARTESIAN_POINT ( 'NONE',  ( 3.464101615135651624, 43.02671304667760666, -1.000000000000000222 ) ) ;
#776 = CARTESIAN_POINT ( 'NONE',  ( -6.682091992259159063, 39.99999999999987921, 0.9999999999999986677 ) ) ;
#777 = ORIENTED_EDGE ( 'NONE', *, *, #2618, .F. ) ;
#778 = EDGE_CURVE ( 'NONE', #1988, #2448, #4257, .T. ) ;
#779 = B_SPLINE_CURVE_WITH_KNOTS ( 'NONE', 3,
 ( #5520, #444, #6801, #6193, #1000, #7595, #3019, #7514, #2321, #7475 ),
 .UNSPECIFIED., .F., .F.,
 ( 4, 2, 2, 2, 4 ),
 ( 0.000000000000000000, 0.002889720142977475481, 0.005779440285954950962, 0.008669160428932429913, 0.01155888057190990713 ),
 .UNSPECIFIED. ) ;
#780 = CARTESIAN_POINT ( 'NONE',  ( -8.263509343977863963, 31.40948356748942416, -0.9999999999999997780 ) ) ;
#781 = ADVANCED_FACE ( 'NONE', ( #3415 ), #566, .T. ) ;
#782 = CARTESIAN_POINT ( 'NONE',  ( -17.45507932568751741, 16.80059265058802609, 0.000000000000000000 ) ) ;
#783 = CARTESIAN_POINT ( 'NONE',  ( 11.58306294371636014, 29.34631447911051438, 0.000000000000000000 ) ) ;
#784 = DIRECTION ( 'NONE',  ( 0.8660254037844432595, -0.000000000000000000, 0.4999999999999919509 ) ) ;
#785 = CARTESIAN_POINT ( 'NONE',  ( -0.08592358495723957656, 14.26301810824555893, 1.998612930448552705 ) ) ;
#786 = LINE ( 'NONE', #3405, #398 ) ;
#787 = ORIENTED_EDGE ( 'NONE', *, *, #8133, .F. ) ;
#788 = CARTESIAN_POINT ( 'NONE',  ( 3.277414374212691772, 40.00000000000000711, 5.676648213592878633 ) ) ;
#789 = ADVANCED_FACE ( 'NONE', ( #4755 ), #7003, .F. ) ;
#790 = CARTESIAN_POINT ( 'NONE',  ( -0.1330126035306543331, 46.22051504323444249, -2.230384587374330430 ) ) ;
#791 = CARTESIAN_POINT ( 'NONE',  ( 2.677084810022801520, 45.35253749462064832, 1.000000000003225642 ) ) ;
#792 = CARTESIAN_POINT ( 'NONE',  ( -4.513619138204833625, 32.05692890443354770, -7.817817673385937027 ) ) ;
#793 = CARTESIAN_POINT ( 'NONE',  ( -2.299480671140598176, 45.41132438223517909, 1.627699551643869924 ) ) ;
#794 = DIRECTION ( 'NONE',  ( 0.000000000000000000, 1.000000000000000000, 0.000000000000000000 ) ) ;
#795 = CARTESIAN_POINT ( 'NONE',  ( 0.000000000000000000, 13.99999999999999467, 0.000000000000000000 ) ) ;
#796 = CARTESIAN_POINT ( 'NONE',  ( -2.440732105907996274, 15.11504360730093666, -0.8507570601289753398 ) ) ;
#797 = AXIS2_PLACEMENT_3D ( 'NONE', #2390, #1120, #8195 ) ;
#798 = VERTEX_POINT ( 'NONE', #5443 ) ;
#799 = EDGE_LOOP ( 'NONE', ( #4701, #1552, #2153, #1685 ) ) ;
#800 = AXIS2_PLACEMENT_3D ( 'NONE', #6482, #1291, #3971 ) ;
#801 = FACE_OUTER_BOUND ( 'NONE', #6816, .T. ) ;
#802 = CARTESIAN_POINT ( 'NONE',  ( 0.08116359801648530270, 45.15923110074985658, 3.001088210622193220 ) ) ;
#803 = CARTESIAN_POINT ( 'NONE',  ( 0.2482906697380788674, 15.12998911671230573, -2.508909418245325540 ) ) ;
#804 = CARTESIAN_POINT ( 'NONE',  ( 1.181845964179266684, 13.99999999999997868, 1.622980592486805040 ) ) ;
#805 = CARTESIAN_POINT ( 'NONE',  ( 4.590015125060720180, 28.60237706257574786, 9.950139404114684893 ) ) ;
#806 = CARTESIAN_POINT ( 'NONE',  ( 3.920036541901800398, 24.79582683754257744, -6.789702458100669524 ) ) ;
#807 = ORIENTED_EDGE ( 'NONE', *, *, #2799, .F. ) ;
#808 = ORIENTED_EDGE ( 'NONE', *, *, #7542, .T. ) ;
#809 = DIRECTION ( 'NONE',  ( 1.000000000000000000, 0.000000000000000000, 1.224646799147353207E-16 ) ) ;
#810 = EDGE_LOOP ( 'NONE', ( #5745, #1998, #1861, #7789 ) ) ;
#811 = TOROIDAL_SURFACE ( 'NONE', #6707, 2.000000000000000000, 1.000000000000000000 ) ;
#812 = AXIS2_PLACEMENT_3D ( 'NONE', #2360, #1776, #6512 ) ;
#813 = CARTESIAN_POINT ( 'NONE',  ( 1.160824136418742603, 15.02500059728505910, -2.665719697053981818 ) ) ;
#814 = CARTESIAN_POINT ( 'NONE',  ( -3.792505651472946049, 44.15673618423709001, 0.8509286633138577471 ) ) ;
#815 = CARTESIAN_POINT ( 'NONE',  ( 1.891064097733047289, 40.90754408403940090, 5.275419097643092137 ) ) ;
#816 = DIRECTION ( 'NONE',  ( -0.8660254037844362651, 0.000000000000000000, 0.5000000000000041078 ) ) ;
#817 = CIRCLE ( 'NONE', #5620, 1.000000000000000222 ) ;
#818 = CIRCLE ( 'NONE', #797, 1.000000000000000000 ) ;
#819 = AXIS2_PLACEMENT_3D ( 'NONE', #5398, #5469, #4119 ) ;
#820 = ORIENTED_EDGE ( 'NONE', *, *, #676, .F. ) ;
#821 = CARTESIAN_POINT ( 'NONE',  ( -5.590302506289514639, 35.39292810776484544, -1.000000000000000444 ) ) ;
#822 = CARTESIAN_POINT ( 'NONE',  ( -4.071234689033254917, 23.75882442938074846, -9.051585330971466448 ) ) ;
#823 = CARTESIAN_POINT ( 'NONE',  ( -0.8651317257926554039, 45.18535624093688341, -2.859074810294783830 ) ) ;
#824 = AXIS2_PLACEMENT_3D ( 'NONE', #5927, #6702, #6743 ) ;
#825 = DIRECTION ( 'NONE',  ( -0.5000000000000039968, -4.336808689942053481E-17, -0.8660254037844363761 ) ) ;
#826 = CARTESIAN_POINT ( 'NONE',  ( 4.999983292176257699, 31.40398960769649861, 6.660225099044704500 ) ) ;
#827 = ORIENTED_EDGE ( 'NONE', *, *, #2772, .T. ) ;
#828 = EDGE_CURVE ( 'NONE', #5730, #5721, #5324, .T. ) ;
#829 = AXIS2_PLACEMENT_3D ( 'NONE', #4179, #1417, #5377 ) ;
#830 = CARTESIAN_POINT ( 'NONE',  ( 1.844870341662037339, 15.07529628916849340, 2.019682515812124102 ) ) ;
#831 = DIRECTION ( 'NONE',  ( 0.8660254037844363761, 0.000000000000000000, -0.5000000000000039968 ) ) ;
#832 = CARTESIAN_POINT ( 'NONE',  ( -2.370498395585826312, 45.42992115721530411, -1.497547950615888412 ) ) ;
#833 = DIRECTION ( 'NONE',  ( -0.8660254037844432595, 0.000000000000000000, -0.4999999999999919509 ) ) ;
#834 = FACE_OUTER_BOUND ( 'NONE', #322, .T. ) ;
#835 = CIRCLE ( 'NONE', #707, 1.000000000000000000 ) ;
#836 = EDGE_CURVE ( 'NONE', #4061, #42, #8232, .T. ) ;
#837 = ORIENTED_EDGE ( 'NONE', *, *, #3182, .F. ) ;
#838 = VERTEX_POINT ( 'NONE', #7921 ) ;
#839 = CIRCLE ( 'NONE', #5644, 1.000000000000000000 ) ;
#840 = CARTESIAN_POINT ( 'NONE',  ( 0.2169739239184413915, 44.71093646110082886, 3.022664170271329720 ) ) ;
#841 = CARTESIAN_POINT ( 'NONE',  ( 10.90418288383839140, 29.97551092917259297, -1.000000000000000000 ) ) ;
#842 = CARTESIAN_POINT ( 'NONE',  ( -1.232066655407255240, 43.83320318714037001, 4.006087394185859019 ) ) ;
#843 = DIRECTION ( 'NONE',  ( 0.000000000000000000, 0.000000000000000000, 1.000000000000000000 ) ) ;
#844 = CARTESIAN_POINT ( 'NONE',  ( -2.154681868841996195, 43.66668134716944394, 3.643788430115483479 ) ) ;
#845 = CARTESIAN_POINT ( 'NONE',  ( 5.968306045014228012, 29.25964147281569083, -8.337409305085294875 ) ) ;
#846 = CARTESIAN_POINT ( 'NONE',  ( -2.601975831823229335, 44.83264541298952821, 1.492223174773980032 ) ) ;
#847 = CIRCLE ( 'NONE', #1954, 0.9999999999999991118 ) ;
#848 = CIRCLE ( 'NONE', #5652, 1.000000000000000000 ) ;
#849 = ORIENTED_EDGE ( 'NONE', *, *, #7273, .T. ) ;
#850 = VERTEX_POINT ( 'NONE', #4708 ) ;
#851 = DIRECTION ( 'NONE',  ( 1.000000000000000000, 0.000000000000000000, 0.000000000000000000 ) ) ;
#852 = AXIS2_PLACEMENT_3D ( 'NONE', #6051, #7346, #1472 ) ;
#853 = VERTEX_POINT ( 'NONE', #160 ) ;
#854 = DIRECTION ( 'NONE',  ( 0.4999999999999919509, 0.000000000000000000, -0.8660254037844432595 ) ) ;
#855 = CARTESIAN_POINT ( 'NONE',  ( -2.106055581394021381, 43.69040101299637513, -3.647795270536150714 ) ) ;
#856 = CARTESIAN_POINT ( 'NONE',  ( 2.475020592343849746, 40.00000000000095213, 6.286861415718813184 ) ) ;
#857 = CARTESIAN_POINT ( 'NONE',  ( 2.757404523484574099, 44.66788531648614935, -1.285954655467401953 ) ) ;
#858 = ORIENTED_EDGE ( 'NONE', *, *, #1019, .T. ) ;
#859 = EDGE_LOOP ( 'NONE', ( #380, #246, #2768, #5966, #7085, #3519, #7278, #1422, #5146, #338, #837 ) ) ;
#860 = CARTESIAN_POINT ( 'NONE',  ( -5.787413503395816505, 29.35288596355960422, -10.02409423229067009 ) ) ;
#861 = CARTESIAN_POINT ( 'NONE',  ( 0.000000000000000000, 13.99999999999999467, 0.000000000000000000 ) ) ;
#862 = DIRECTION ( 'NONE',  ( -0.4999999999999920064, 0.000000000000000000, 0.8660254037844432595 ) ) ;
#863 = DIRECTION ( 'NONE',  ( 1.000000000000000000, -2.255140518769846951E-13, -0.000000000000000000 ) ) ;
#864 = FACE_OUTER_BOUND ( 'NONE', #5781, .T. ) ;
#865 = ORIENTED_EDGE ( 'NONE', *, *, #2659, .T. ) ;
#866 = EDGE_CURVE ( 'NONE', #3326, #6390, #835, .T. ) ;
#867 = CARTESIAN_POINT ( 'NONE',  ( 1.657377065225964063, 14.84579848709911154, 1.122681628741716287 ) ) ;
#868 = CARTESIAN_POINT ( 'NONE',  ( 4.207071399914168452, 40.00000000000000711, 5.286861415721199720 ) ) ;
#869 = CARTESIAN_POINT ( 'NONE',  ( -1.986049846703809685, 45.05365519243922989, -2.361908414538787859 ) ) ;
#870 =( BOUNDED_SURFACE ( )  B_SPLINE_SURFACE ( 3, 2, ( 
 ( #5827, #3801, #7797 ),
 ( #2687, #8398, #1974 ),
 ( #2601, #3848, #7118 ),
 ( #4587, #7204, #1880 ),
 ( #8443, #682, #6568 ),
 ( #1335, #3301, #3930 ),
 ( #6483, #550, #1927 ),
 ( #1375, #2645, #2505 ) ),
 .UNSPECIFIED., .F., .F., .T. ) 
 B_SPLINE_SURFACE_WITH_KNOTS ( ( 4, 2, 2, 4 ),
 ( 3, 3 ),
 ( 0.008298553682476325632, 0.008919219878462168391, 0.009539886074448011150, 0.01078121846641969840 ),
 ( 0.000000000000000000, 1.000000000000000000 ),
 .UNSPECIFIED. ) 
 GEOMETRIC_REPRESENTATION_ITEM ( )  RATIONAL_B_SPLINE_SURFACE ( (
 ( 1.000000000000000000, 0.9368214105099437194, 1.000000000000000000),
 ( 1.000000000000000000, 0.9229681984655166982, 1.000000000000000000),
 ( 1.000000000000000000, 0.9031388463234127917, 1.000000000000000000),
 ( 1.000000000000000000, 0.8625285708461297718, 1.000000000000000000),
 ( 1.000000000000000000, 0.8419470340082724213, 1.000000000000000000),
 ( 1.000000000000000000, 0.7815592415675141069, 1.000000000000000000),
 ( 1.000000000000000000, 0.7426999709642618797, 1.000000000000000000),
 ( 1.000000000000000000, 0.7071067811850902940, 1.000000000000000000) ) ) 
 REPRESENTATION_ITEM ( '' )  SURFACE ( )  );
#871 = DIRECTION ( 'NONE',  ( -0.000000000000000000, 0.000000000000000000, 1.000000000000000000 ) ) ;
#872 = CARTESIAN_POINT ( 'NONE',  ( 2.370130319750639813, 45.42988364341083951, -1.498200805614992692 ) ) ;
#873 = CARTESIAN_POINT ( 'NONE',  ( -0.3401921470018748894, 44.75292953360870740, -2.029145032451352915 ) ) ;
#874 = ORIENTED_EDGE ( 'NONE', *, *, #4605, .F. ) ;
#875 = ORIENTED_EDGE ( 'NONE', *, *, #7339, .F. ) ;
#876 = EDGE_CURVE ( 'NONE', #5836, #5015, #427, .T. ) ;
#877 = CARTESIAN_POINT ( 'NONE',  ( 0.6005642490837773684, 45.31202187866991693, 2.827735316470244342 ) ) ;
#878 = B_SPLINE_CURVE_WITH_KNOTS ( 'NONE', 3,
 ( #7384, #2750, #2148, #899, #3443, #5394 ),
 .UNSPECIFIED., .F., .F.,
 ( 4, 2, 4 ),
 ( 1.462417863299073141E-14, 0.002123172976627946910, 0.004246345953241270101 ),
 .UNSPECIFIED. ) ;
#879 = DIRECTION ( 'NONE',  ( 0.9517756572231594880, 0.2545273128158546672, 0.1712861504855631989 ) ) ;
#880 = CARTESIAN_POINT ( 'NONE',  ( -1.199224592221752150, 43.98718751420519624, 3.863503986334332119 ) ) ;
#881 = ADVANCED_FACE ( 'NONE', ( #7359 ), #2638, .T. ) ;
#882 = CARTESIAN_POINT ( 'NONE',  ( -4.207071399899523279, 40.00000000000000711, -5.286861415695833344 ) ) ;
#883 = DIRECTION ( 'NONE',  ( 1.000000000000000000, 0.000000000000000000, 1.804112415015877864E-13 ) ) ;
#884 = CARTESIAN_POINT ( 'NONE',  ( 2.376406354085812911, 37.13239514139890929, 4.116056544706096609 ) ) ;
#885 = CARTESIAN_POINT ( 'NONE',  ( -2.021166494979453887, 43.88174952111089766, 3.500763047610524481 ) ) ;
#886 = VERTEX_POINT ( 'NONE', #6064 ) ;
#887 = ORIENTED_EDGE ( 'NONE', *, *, #373, .T. ) ;
#888 = CARTESIAN_POINT ( 'NONE',  ( 9.436934691713835477, 28.00000000000001066, 0.000000000000000000 ) ) ;
#889 = ORIENTED_EDGE ( 'NONE', *, *, #8224, .F. ) ;
#890 = DIRECTION ( 'NONE',  ( -0.8660254037844432595, 0.000000000000000000, -0.4999999999999920619 ) ) ;
#891 = CARTESIAN_POINT ( 'NONE',  ( -3.048819183560066204, 44.90687152767686996, 1.033948245751859618 ) ) ;
#892 = AXIS2_PLACEMENT_3D ( 'NONE', #5949, #84, #5111 ) ;
#893 = CARTESIAN_POINT ( 'NONE',  ( 0.08788513659804282618, 14.26794919243111082, 2.000000000000000888 ) ) ;
#894 = CARTESIAN_POINT ( 'NONE',  ( -7.436934691713834589, 26.00000000000002132, 1.000000000000000000 ) ) ;
#895 = VECTOR ( 'NONE', #6508, 1000.000000000000000 ) ;
#896 = CARTESIAN_POINT ( 'NONE',  ( -5.147981636563101482, 42.63562815998579936, -6.304459248510494168E-16 ) ) ;
#897 = ORIENTED_EDGE ( 'NONE', *, *, #1581, .F. ) ;
#898 = VERTEX_POINT ( 'NONE', #4662 ) ;
#899 = CARTESIAN_POINT ( 'NONE',  ( -2.586305319118513246, 42.65355861513527458, 4.479612216616835951 ) ) ;
#900 = AXIS2_PLACEMENT_3D ( 'NONE', #7455, #4186, #732 ) ;
#901 = CIRCLE ( 'NONE', #2389, 2.000000000000000000 ) ;
#902 = CARTESIAN_POINT ( 'NONE',  ( 2.697792787621586807, 32.95083784824695528, -6.672714176453595769 ) ) ;
#903 = DIRECTION ( 'NONE',  ( 0.000000000000000000, 0.7565957564419877324, -0.6538829110276367373 ) ) ;
#904 = CARTESIAN_POINT ( 'NONE',  ( 2.781815472217729290, 40.78962497854446667, -6.818245735154381038 ) ) ;
#905 = FACE_OUTER_BOUND ( 'NONE', #3487, .T. ) ;
#906 = ORIENTED_EDGE ( 'NONE', *, *, #3450, .F. ) ;
#907 = EDGE_CURVE ( 'NONE', #7265, #3328, #4398, .T. ) ;
#908 = CARTESIAN_POINT ( 'NONE',  ( -1.689464531629603972, 14.26795665965073390, 1.073765902652452420 ) ) ;
#909 = CARTESIAN_POINT ( 'NONE',  ( 1.861773188696799641, 14.84712186364454567, 0.7479046447015905708 ) ) ;
#910 = DIRECTION ( 'NONE',  ( -0.5855247235064143796, -0.4037893544978489180, -0.7029331087357798546 ) ) ;
#911 = CARTESIAN_POINT ( 'NONE',  ( 0.000000000000000000, 6.000000000000000000, 3.000000000000000000 ) ) ;
#912 = ADVANCED_FACE ( 'NONE', ( #5281 ), #7879, .T. ) ;
#913 = CARTESIAN_POINT ( 'NONE',  ( -2.106055581399674193, 43.69040101300170420, 3.647795270548100266 ) ) ;
#914 = EDGE_CURVE ( 'NONE', #6153, #4236, #7828, .T. ) ;
#915 = CARTESIAN_POINT ( 'NONE',  ( 1.945271105949148538, 44.13558696467922005, -3.293696934579940283 ) ) ;
#916 = CARTESIAN_POINT ( 'NONE',  ( 4.967489919579095137, 28.00000000000012079, -10.60394492679744438 ) ) ;
#917 = CARTESIAN_POINT ( 'NONE',  ( 5.782091499542704405, 29.36137885656539126, 10.01487625121997738 ) ) ;
#918 = ORIENTED_EDGE ( 'NONE', *, *, #2618, .T. ) ;
#919 = ORIENTED_EDGE ( 'NONE', *, *, #5800, .F. ) ;
#920 =( BOUNDED_SURFACE ( )  B_SPLINE_SURFACE ( 2, 3, ( 
 ( #8051, #925, #4096, #6074 ),
 ( #2168, #4764, #2943, #2244 ),
 ( #844, #5532, #205, #8011 ) ),
 .UNSPECIFIED., .F., .F., .T. ) 
 B_SPLINE_SURFACE_WITH_KNOTS ( ( 3, 3 ),
 ( 4, 4 ),
 ( 0.4990637721114855041, 0.4994545371706132220 ),
 ( 0.000000000000000000, 1.000000000000000000 ),
 .UNSPECIFIED. ) 
 GEOMETRIC_REPRESENTATION_ITEM ( )  RATIONAL_B_SPLINE_SURFACE ( (
 ( 1.000000000000000000, 0.7586792335053601510, 0.7586792335053601510, 1.000000000000000000),
 ( 1.000000000000000000, 0.7586792335053601510, 0.7586792335053601510, 1.000000000000000000),
 ( 1.000000000000000000, 0.7586792335053601510, 0.7586792335053601510, 1.000000000000000000) ) ) 
 REPRESENTATION_ITEM ( '' )  SURFACE ( )  );
#921 = CARTESIAN_POINT ( 'NONE',  ( -4.718467345856958595, 26.00000000000001066, -8.172625176878833386 ) ) ;
#922 = CARTESIAN_POINT ( 'NONE',  ( -4.524057168344733704, 32.03055223262254003, 7.835896871919108442 ) ) ;
#923 = ADVANCED_FACE ( 'NONE', ( #3608 ), #5559, .T. ) ;
#924 = CARTESIAN_POINT ( 'NONE',  ( 0.9702305313625003702, 15.05335457374260599, -2.636362980782451348 ) ) ;
#925 = CARTESIAN_POINT ( 'NONE',  ( 0.07197582441400705855, 48.19448705228523977, 1.181375032040569817 ) ) ;
#926 = CARTESIAN_POINT ( 'NONE',  ( 9.874520185255395432, 23.75882442911503034, 0.000000000000000000 ) ) ;
#927 = EDGE_CURVE ( 'NONE', #8331, #4236, #3572, .T. ) ;
#928 = CARTESIAN_POINT ( 'NONE',  ( -1.963127723880742526, 44.07310743522339891, 3.344776418395804196 ) ) ;
#929 = ORIENTED_EDGE ( 'NONE', *, *, #4914, .T. ) ;
#930 = CIRCLE ( 'NONE', #2709, 1.000000000000000444 ) ;
#931 = ORIENTED_EDGE ( 'NONE', *, *, #2896, .T. ) ;
#932 = CARTESIAN_POINT ( 'NONE',  ( 1.836970198721029589E-15, 5.000000000000000000, 15.00000000000000000 ) ) ;
#933 = ORIENTED_EDGE ( 'NONE', *, *, #1420, .F. ) ;
#934 = DIRECTION ( 'NONE',  ( 0.000000000000000000, 0.000000000000000000, 1.000000000000000000 ) ) ;
#935 = FACE_OUTER_BOUND ( 'NONE', #4358, .T. ) ;
#936 = CARTESIAN_POINT ( 'NONE',  ( -9.293960574078125703, 15.99999999999999645, 14.09761191784563827 ) ) ;
#937 = EDGE_CURVE ( 'NONE', #8056, #1274, #6605, .T. ) ;
#938 = DIRECTION ( 'NONE',  ( -1.000000000000000000, 0.000000000000000000, 0.000000000000000000 ) ) ;
#939 = CARTESIAN_POINT ( 'NONE',  ( -4.437746987703748758, 41.92936600324037499, 0.9999999999999993339 ) ) ;
#940 = EDGE_CURVE ( 'NONE', #886, #208, #6927, .T. ) ;
#941 = ORIENTED_EDGE ( 'NONE', *, *, #7515, .T. ) ;
#942 = CIRCLE ( 'NONE', #3949, 0.9999999999999998890 ) ;
#943 = VERTEX_POINT ( 'NONE', #7599 ) ;
#944 = CARTESIAN_POINT ( 'NONE',  ( -7.840073083803718923, 24.79582683754258809, 0.000000000000000000 ) ) ;
#945 = CIRCLE ( 'NONE', #5358, 2.000000000000000000 ) ;
#946 = DIRECTION ( 'NONE',  ( 0.8660254037844432595, -0.000000000000000000, 0.4999999999999919509 ) ) ;
#947 = CARTESIAN_POINT ( 'NONE',  ( -4.513619138204722603, 32.05692890443357612, 7.817817673385997423 ) ) ;
#948 = AXIS2_PLACEMENT_3D ( 'NONE', #5606, #4174, #2328 ) ;
#949 = FACE_OUTER_BOUND ( 'NONE', #6968, .T. ) ;
#950 = CARTESIAN_POINT ( 'NONE',  ( 10.88873241330179376, 29.99007097629179341, -0.000000000000000000 ) ) ;
#951 = AXIS2_PLACEMENT_3D ( 'NONE', #7348, #3947, #7308 ) ;
#952 = VERTEX_POINT ( 'NONE', #2846 ) ;
#953 = CARTESIAN_POINT ( 'NONE',  ( 5.421521137626200471, 23.11045397238920529, 7.390350064677114972 ) ) ;
#954 = CIRCLE ( 'NONE', #951, 15.00000000000000000 ) ;
#955 = CARTESIAN_POINT ( 'NONE',  ( 1.696495214730922463, 14.84529987683928631, 1.061579059062050856 ) ) ;
#956 = DIRECTION ( 'NONE',  ( -0.8660254037844432595, 0.000000000000000000, -0.4999999999999920619 ) ) ;
#957 = DIRECTION ( 'NONE',  ( -0.5157107691734258426, 0.000000000000000000, -0.8567627457812072578 ) ) ;
#958 = EDGE_CURVE ( 'NONE', #79, #3557, #8346, .T. ) ;
#959 = CARTESIAN_POINT ( 'NONE',  ( 2.438243927972314484, 45.65116333922689051, 1.000000000000702105 ) ) ;
#960 = SPHERICAL_SURFACE ( 'NONE', #4309, 1.000000000000000000 ) ;
#961 = CARTESIAN_POINT ( 'NONE',  ( 3.464101615137717527, 43.02671304668498209, -1.000000000000000000 ) ) ;
#962 = AXIS2_PLACEMENT_3D ( 'NONE', #8319, #3814, #1257 ) ;
#963 = ORIENTED_EDGE ( 'NONE', *, *, #992, .T. ) ;
#964 = CARTESIAN_POINT ( 'NONE',  ( -6.682091992264687974, 40.00000000000000711, 0.000000000000000000 ) ) ;
#966 = B_SPLINE_CURVE_WITH_KNOTS ( 'NONE', 3,
 ( #1163, #7592, #7686, #3729, #6357, #1762 ),
 .UNSPECIFIED., .F., .F.,
 ( 4, 2, 4 ),
 ( 0.000000000000000000, 0.006308726245804788593, 0.01261745249160957719 ),
 .UNSPECIFIED. ) ;
#965 = CARTESIAN_POINT ( 'NONE',  ( 3.955585644661025135, 41.65726550971520936, 4.851275261664024896 ) ) ;
#967 = TOROIDAL_SURFACE ( 'NONE', #5093, 2.000000000000000000, 1.000000000000000000 ) ;
#968 = DIRECTION ( 'NONE',  ( 0.000000000000000000, 0.000000000000000000, -1.000000000000000000 ) ) ;
#969 = DIRECTION ( 'NONE',  ( 0.3908337482177831057, -0.6236953783828803610, 0.6769439092257750756 ) ) ;
#970 = ADVANCED_FACE ( 'NONE', ( #2324 ), #5937, .T. ) ;
#971 = ADVANCED_FACE ( 'NONE', ( #2283 ), #2956, .T. ) ;
#972 = CARTESIAN_POINT ( 'NONE',  ( 4.212111162772870010, 43.69040101300414136, -1.000000000000000000 ) ) ;
#973 = CARTESIAN_POINT ( 'NONE',  ( 0.000000000000000000, 0.000000000000000000, -1.000000000000000000 ) ) ;
#974 = B_SPLINE_CURVE_WITH_KNOTS ( 'NONE', 3,
 ( #7221, #1351, #3946, #6588, #3320, #1436, #65, #7911 ),
 .UNSPECIFIED., .F., .F.,
 ( 4, 2, 2, 4 ),
 ( 3.974750819240313445E-18, 0.003092405548870661054, 0.006184811097741318639, 0.01236962219548263728 ),
 .UNSPECIFIED. ) ;
#975 = CIRCLE ( 'NONE', #3030, 1.000000000000000888 ) ;
#976 = ORIENTED_EDGE ( 'NONE', *, *, #7922, .T. ) ;
#977 = AXIS2_PLACEMENT_3D ( 'NONE', #5233, #7318, #7963 ) ;
#978 = ORIENTED_EDGE ( 'NONE', *, *, #5854, .F. ) ;
#979 = CARTESIAN_POINT ( 'NONE',  ( 5.912581516249689528, 18.61361073351803341, -12.24089159003734295 ) ) ;
#980 = VERTEX_POINT ( 'NONE', #6362 ) ;
#981 = CARTESIAN_POINT ( 'NONE',  ( 3.525468261025843209, 44.49377519885290866, -0.1604918245066034588 ) ) ;
#982 = DIRECTION ( 'NONE',  ( 0.000000000000000000, 0.000000000000000000, 1.000000000000000000 ) ) ;
#983 = FACE_OUTER_BOUND ( 'NONE', #7360, .T. ) ;
#984 = AXIS2_PLACEMENT_3D ( 'NONE', #4813, #6043, #7332 ) ;
#985 = CARTESIAN_POINT ( 'NONE',  ( 8.927935170293887168, 16.00000000000000000, 15.46363732162994253 ) ) ;
#986 = ORIENTED_EDGE ( 'NONE', *, *, #1040, .T. ) ;
#987 = ORIENTED_EDGE ( 'NONE', *, *, #2659, .F. ) ;
#988 = VECTOR ( 'NONE', #1129, 1000.000000000000114 ) ;
#989 = CARTESIAN_POINT ( 'NONE',  ( 8.638503887758783861, 25.39791341877128872, 0.000000000000000000 ) ) ;
#990 = PLANE ( 'NONE',  #2000 ) ;
#991 = CARTESIAN_POINT ( 'NONE',  ( 4.967489919579095137, 28.00000000000012079, -10.60394492679744438 ) ) ;
#992 = EDGE_CURVE ( 'NONE', #6078, #8466, #5698, .T. ) ;
#993 = FACE_OUTER_BOUND ( 'NONE', #7099, .T. ) ;
#994 = EDGE_CURVE ( 'NONE', #2349, #3640, #3727, .T. ) ;
#995 = CARTESIAN_POINT ( 'NONE',  ( 1.355921364215939118, 41.92243857604669444, -4.348524693887675596 ) ) ;
#996 = CARTESIAN_POINT ( 'NONE',  ( -0.9682458365518590293, 13.99999999999999467, -1.749999999999997558 ) ) ;
#997 = ORIENTED_EDGE ( 'NONE', *, *, #5970, .T. ) ;
#998 = CARTESIAN_POINT ( 'NONE',  ( 8.727539662843861734, 16.80059265058797990, 15.11654212111795736 ) ) ;
#999 = CARTESIAN_POINT ( 'NONE',  ( 1.345388696564195241, 14.87160939346305355, 1.496563000689558498 ) ) ;
#1000 = CARTESIAN_POINT ( 'NONE',  ( -7.127636382812188032, 32.95083784824694817, 1.000000000000000000 ) ) ;
#1001 = CARTESIAN_POINT ( 'NONE',  ( -5.516888287000336177, 40.90543876017113689, 1.000000000000000000 ) ) ;
#1002 = CARTESIAN_POINT ( 'NONE',  ( -3.692935767933621882, 37.56619757069947241, 4.396352379149527145 ) ) ;
#1003 = CARTESIAN_POINT ( 'NONE',  ( 4.528250983500417881, 32.02000061743456172, -7.843160772845634732 ) ) ;
#1004 = EDGE_CURVE ( 'NONE', #1828, #7807, #5091, .T. ) ;
#1005 = CARTESIAN_POINT ( 'NONE',  ( 2.826910364149251897, 37.56619757069946530, 4.896352379149485401 ) ) ;
#1006 = ORIENTED_EDGE ( 'NONE', *, *, #3308, .T. ) ;
#1007 = CARTESIAN_POINT ( 'NONE',  ( -7.561909766509481656, 15.99999999999994138, -15.09761191784557788 ) ) ;
#1008 = CARTESIAN_POINT ( 'NONE',  ( -2.368422241658727501, 35.87328699860171355, 6.102227656322691374 ) ) ;
#1009 = CARTESIAN_POINT ( 'NONE',  ( 1.952602881689312841, 45.55998058464084721, -2.088070494758564433 ) ) ;
#1010 = FACE_OUTER_BOUND ( 'NONE', #8005, .T. ) ;
#1011 = DIRECTION ( 'NONE',  ( 0.9517756572230381407, 0.2545273128162685028, 0.1712861504856221517 ) ) ;
#1012 = ADVANCED_BREP_SHAPE_REPRESENTATION ( '\X2\57238bde6811\X0\', ( #2666, #5629 ), #4812 ) ;
#1013 = CARTESIAN_POINT ( 'NONE',  ( 2.494398297459103464, 44.63769433574569945, 1.754164784293548385 ) ) ;
#1014 = CARTESIAN_POINT ( 'NONE',  ( -3.277414374212611392, 38.00000000000001421, 5.676648213592921266 ) ) ;
#1015 = ORIENTED_EDGE ( 'NONE', *, *, #8083, .T. ) ;
#1016 = VERTEX_POINT ( 'NONE', #1857 ) ;
#1017 = CARTESIAN_POINT ( 'NONE',  ( 6.719186637288149022, 17.26148365313131094, -13.63797264132122500 ) ) ;
#1018 = EDGE_LOOP ( 'NONE', ( #414, #3882, #5743, #3257 ) ) ;
#1019 = EDGE_CURVE ( 'NONE', #1342, #1198, #4852, .T. ) ;
#1020 = CARTESIAN_POINT ( 'NONE',  ( 0.2133693608492937543, 14.23212241428305092, -1.989023356564109335 ) ) ;
#1021 = FACE_OUTER_BOUND ( 'NONE', #2740, .T. ) ;
#1022 = CARTESIAN_POINT ( 'NONE',  ( -0.08877535334775245313, 14.26794919243110016, 1.999999999999999556 ) ) ;
#1023 = CARTESIAN_POINT ( 'NONE',  ( 2.695744417340129040, 44.75292953359978299, -1.359978737390203918 ) ) ;
#1024 = EDGE_CURVE ( 'NONE', #5226, #1592, #3855, .T. ) ;
#1025 = ORIENTED_EDGE ( 'NONE', *, *, #2755, .F. ) ;
#1026 = B_SPLINE_CURVE_WITH_KNOTS ( 'NONE', 3,
 ( #4606, #7220, #7305, #8459, #7949, #4520, #7142, #7259, #611, #3237 ),
 .UNSPECIFIED., .F., .F.,
 ( 4, 2, 2, 2, 4 ),
 ( 0.01434145809049964040, 0.01475077384163975963, 0.01516008959277987886, 0.01597872109506011731, 0.01761598409962061157 ),
 .UNSPECIFIED. ) ;
#1027 = ORIENTED_EDGE ( 'NONE', *, *, #927, .F. ) ;
#1028 = CIRCLE ( 'NONE', #4879, 2.000000000000000000 ) ;
#1029 = CARTESIAN_POINT ( 'NONE',  ( 7.897718084053571452, 18.04276379885705239, -13.67924898544554679 ) ) ;
#1030 = DIRECTION ( 'NONE',  ( 1.000000000000000000, 0.000000000000000000, 0.000000000000000000 ) ) ;
#1031 = CARTESIAN_POINT ( 'NONE',  ( 2.359739956870511080, 45.77237003093008383, 0.000000000000000000 ) ) ;
#1032 = AXIS2_PLACEMENT_3D ( 'NONE', #3222, #6531, #7208 ) ;
#1034 = EDGE_CURVE ( 'NONE', #1016, #7174, #3733, .T. ) ;
#1033 = CARTESIAN_POINT ( 'NONE',  ( 2.589370407880872360, 15.09300338420877097, -0.6822101711892567533 ) ) ;
#1035 = CARTESIAN_POINT ( 'NONE',  ( -0.08788513659804249312, 14.26794919243111082, -2.000000000000000888 ) ) ;
#1036 = AXIS2_PLACEMENT_3D ( 'NONE', #6344, #1244, #2337 ) ;
#1037 = EDGE_CURVE ( 'NONE', #6078, #7493, #5807, .T. ) ;
#1038 = VERTEX_POINT ( 'NONE', #3241 ) ;
#1039 = CIRCLE ( 'NONE', #1460, 0.4020688509154606294 ) ;
#1040 = EDGE_CURVE ( 'NONE', #1274, #2897, #2229, .T. ) ;
#1041 = AXIS2_PLACEMENT_3D ( 'NONE', #3776, #1266, #6404 ) ;
#1042 = CARTESIAN_POINT ( 'NONE',  ( 3.695951515646028973, 44.29023014883835430, 0.06463563678365510934 ) ) ;
#1043 = CARTESIAN_POINT ( 'NONE',  ( 1.732050807568899620, 14.99999999999999645, 3.000000000000009326 ) ) ;
#1044 = DIRECTION ( 'NONE',  ( 0.6236953783828811382, -0.7816674964355591060, 0.000000000000000000 ) ) ;
#1045 = DIRECTION ( 'NONE',  ( 1.000000000000000000, 0.000000000000000000, 0.000000000000000000 ) ) ;
#1046 = CARTESIAN_POINT ( 'NONE',  ( 9.293960574078397485, 15.99999999999988276, 14.09761191784564005 ) ) ;
#1047 = CARTESIAN_POINT ( 'NONE',  ( 6.682091992272578551, 40.00000000000000711, -1.000000000000000000 ) ) ;
#1048 = CARTESIAN_POINT ( 'NONE',  ( 3.368386309275076762, 41.22393358102736727, 5.834216227181358683 ) ) ;
#1049 = ADVANCED_FACE ( 'NONE', ( #1953 ), #7690, .T. ) ;
#1050 = CIRCLE ( 'NONE', #3771, 1.999999999999999112 ) ;
#1051 = EDGE_CURVE ( 'NONE', #3246, #1617, #3778, .T. ) ;
#1052 = VERTEX_POINT ( 'NONE', #8375 ) ;
#1053 = CARTESIAN_POINT ( 'NONE',  ( 3.229057856547795868, 35.89567619298794909, -5.592892268120363219 ) ) ;
#1054 = FACE_OUTER_BOUND ( 'NONE', #2859, .T. ) ;
#1055 = CARTESIAN_POINT ( 'NONE',  ( 1.915097485858125559, 44.07310743524865870, -3.372506689194515239 ) ) ;
#1056 = CARTESIAN_POINT ( 'NONE',  ( 3.692935767933685831, 37.56619757069947241, 4.396352379149480072 ) ) ;
#1057 = FACE_OUTER_BOUND ( 'NONE', #7624, .T. ) ;
#1058 = SPHERICAL_SURFACE ( 'NONE', #7257, 1.000000000000000000 ) ;
#1059 = EDGE_LOOP ( 'NONE', ( #3892, #1711, #6251, #8294 ) ) ;
#1060 = ORIENTED_EDGE ( 'NONE', *, *, #3201, .T. ) ;
#1061 = CARTESIAN_POINT ( 'NONE',  ( 4.394868564783559250, 21.54328311113980376, -9.612135646792630439 ) ) ;
#1062 = EDGE_CURVE ( 'NONE', #1297, #59, #1823, .T. ) ;
#1063 = ORIENTED_EDGE ( 'NONE', *, *, #1680, .T. ) ;
#1064 = CARTESIAN_POINT ( 'NONE',  ( -0.1690766774733685196, 14.24781577949539191, -1.994603181878231490 ) ) ;
#1065 = FACE_OUTER_BOUND ( 'NONE', #1759, .T. ) ;
#1066 = CARTESIAN_POINT ( 'NONE',  ( -0.8138452961040582023, 13.99999999999998046, 1.835427245971394061 ) ) ;
#1067 = CARTESIAN_POINT ( 'NONE',  ( 0.000000000000000000, 5.000000000000000000, 0.000000000000000000 ) ) ;
#1068 = DIRECTION ( 'NONE',  ( -1.000000000000000000, 0.000000000000000000, 0.000000000000000000 ) ) ;
#1069 = VECTOR ( 'NONE', #5843, 1000.000000000000114 ) ;
#1070 = ORIENTED_EDGE ( 'NONE', *, *, #7583, .T. ) ;
#1071 = ORIENTED_EDGE ( 'NONE', *, *, #3129, .T. ) ;
#1072 = CARTESIAN_POINT ( 'NONE',  ( -3.464101615137717527, 15.99999999999999645, 1.000000000000000000 ) ) ;
#1073 = CARTESIAN_POINT ( 'NONE',  ( 6.699540727147980768, 28.00000000000012079, -9.603944926797462145 ) ) ;
#1074 = CARTESIAN_POINT ( 'NONE',  ( 1.890986893163127514, 40.90766403884219926, -5.275285375397389842 ) ) ;
#1075 = EDGE_CURVE ( 'NONE', #2135, #5275, #7037, .T. ) ;
#1076 = B_SPLINE_CURVE_WITH_KNOTS ( 'NONE', 3,
 ( #4823, #4028, #6665, #6787, #780, #6088, #821, #3399 ),
 .UNSPECIFIED., .F., .F.,
 ( 4, 2, 2, 4 ),
 ( 0.000000000000000000, 0.002888699502720732011, 0.005777399005441464022, 0.01155479801088294886 ),
 .UNSPECIFIED. ) ;
#1077 = VERTEX_POINT ( 'NONE', #6458 ) ;
#1078 = CIRCLE ( 'NONE', #3279, 1.000000000000000888 ) ;
#1079 = CARTESIAN_POINT ( 'NONE',  ( -0.2312983363601310294, 44.69810476154772516, -3.025136727971871498 ) ) ;
#1080 = CARTESIAN_POINT ( 'NONE',  ( -4.336808689942017736E-16, 27.00000000000001066, 2.168404344971008868E-16 ) ) ;
#1081 = AXIS2_PLACEMENT_3D ( 'NONE', #5053, #7648, #7015 ) ;
#1082 = CARTESIAN_POINT ( 'NONE',  ( -2.463373775146990408, 44.17519066731743038, 2.015150871089398610 ) ) ;
#1083 = DIRECTION ( 'NONE',  ( -0.3908337482177735023, -0.6236953783828801390, 0.6769439092257808488 ) ) ;
#1084 = DIRECTION ( 'NONE',  ( 1.000000000000000000, 0.000000000000000000, 0.000000000000000000 ) ) ;
#1085 = CARTESIAN_POINT ( 'NONE',  ( 8.427935170293679334, 16.00000000000000000, -14.59761191784562406 ) ) ;
#1086 = CARTESIAN_POINT ( 'NONE',  ( 0.8660254037844432595, 28.00000000000001066, 0.4999999999999920064 ) ) ;
#1087 = AXIS2_PLACEMENT_3D ( 'NONE', #4930, #3617, #7569 ) ;
#1088 = AXIS2_PLACEMENT_3D ( 'NONE', #6405, #526, #5761 ) ;
#1089 = ORIENTED_EDGE ( 'NONE', *, *, #3351, .F. ) ;
#1090 = CARTESIAN_POINT ( 'NONE',  ( 6.145363012554973636, 28.78166749643568068, -10.64408096869997600 ) ) ;
#1091 = CARTESIAN_POINT ( 'NONE',  ( 5.833515323363747562, 28.00000000000001066, 10.10394492679749234 ) ) ;
#1092 = CARTESIAN_POINT ( 'NONE',  ( 10.54954508694672199, 21.56791081944428612, 1.000000000000000000 ) ) ;
#1093 = DIRECTION ( 'NONE',  ( -0.000000000000000000, 0.000000000000000000, 1.000000000000000000 ) ) ;
#1094 = FACE_OUTER_BOUND ( 'NONE', #2545, .T. ) ;
#1095 = EDGE_CURVE ( 'NONE', #2079, #1981, #4152, .T. ) ;
#1096 = CARTESIAN_POINT ( 'NONE',  ( 4.100057464734708113, 35.87501333697467487, 5.101507842871354725 ) ) ;
#1097 = DIRECTION ( 'NONE',  ( 0.000000000000000000, -0.5583083738401535268, 0.8296335092677751266 ) ) ;
#1098 = B_SPLINE_CURVE_WITH_KNOTS ( 'NONE', 3,
 ( #5302, #4689, #7301, #6662, #3316, #607, #7254, #5263, #7861, #6582, #1987, #697, #3987, #3357 ),
 .UNSPECIFIED., .F., .F.,
 ( 4, 2, 2, 2, 2, 2, 4 ),
 ( 3.336384125449474365E-14, 0.0008759574981672096482, 0.001751914996301055577, 0.002189893745367978324, 0.002627872494434901288, 0.003065851243501824253, 0.003503829992568747217 ),
 .UNSPECIFIED. ) ;
#1099 = EDGE_LOOP ( 'NONE', ( #4069, #1967, #1006 ) ) ;
#1100 = ORIENTED_EDGE ( 'NONE', *, *, #686, .F. ) ;
#1101 = CARTESIAN_POINT ( 'NONE',  ( 7.561909766509256059, 15.99999999999996980, -15.09761191784564716 ) ) ;
#1102 = ORIENTED_EDGE ( 'NONE', *, *, #8173, .T. ) ;
#1103 = CIRCLE ( 'NONE', #4535, 1.000000000000000000 ) ;
#1104 = CARTESIAN_POINT ( 'NONE',  ( 0.1714549742075574534, 14.24497536111721097, -1.993098015659927835 ) ) ;
#1105 = CARTESIAN_POINT ( 'NONE',  ( -5.624995254240753972, 22.23024743433144934, 9.742777572675429099 ) ) ;
#1106 = DIRECTION ( 'NONE',  ( 0.8660254037844432595, -0.000000000000000000, 0.4999999999999919509 ) ) ;
#1107 = CARTESIAN_POINT ( 'NONE',  ( -6.682091992262146896, 40.00000000000000711, 1.000000000000000000 ) ) ;
#1108 = CIRCLE ( 'NONE', #565, 1.000000000000000222 ) ;
#1109 = AXIS2_PLACEMENT_3D ( 'NONE', #2195, #7506, #5589 ) ;
#1110 = AXIS2_PLACEMENT_3D ( 'NONE', #3162, #5776, #3209 ) ;
#1111 = EDGE_CURVE ( 'NONE', #838, #7462, #3340, .T. ) ;
#1112 = ORIENTED_EDGE ( 'NONE', *, *, #7111, .T. ) ;
#1113 = ORIENTED_EDGE ( 'NONE', *, *, #6748, .F. ) ;
#1114 = CARTESIAN_POINT ( 'NONE',  ( 6.123123789193188671, 21.55129679679951593, -8.605561503916462129 ) ) ;
#1115 = CARTESIAN_POINT ( 'NONE',  ( 0.8001696807537727052, 43.32360382726304238, 3.385934541741373760 ) ) ;
#1116 = CARTESIAN_POINT ( 'NONE',  ( 3.090651404037391359, 41.65556960785804819, -5.353165258666436443 ) ) ;
#1117 = DIRECTION ( 'NONE',  ( 0.000000000000000000, 0.000000000000000000, -1.000000000000000000 ) ) ;
#1118 = ORIENTED_EDGE ( 'NONE', *, *, #428, .T. ) ;
#1119 = AXIS2_PLACEMENT_3D ( 'NONE', #2514, #3938, #7251 ) ;
#1120 = DIRECTION ( 'NONE',  ( 8.673617379884035472E-17, -1.000000000000000000, -0.000000000000000000 ) ) ;
#1121 = DIRECTION ( 'NONE',  ( 1.000000000000000000, 0.000000000000000000, 0.000000000000000000 ) ) ;
#1122 = DIRECTION ( 'NONE',  ( 0.8660254037844431485, 0.000000000000000000, 0.4999999999999922839 ) ) ;
#1123 = CARTESIAN_POINT ( 'NONE',  ( 0.2431511879563985901, 44.67677403309107120, -3.029447332450741825 ) ) ;
#1124 = CARTESIAN_POINT ( 'NONE',  ( 7.031692680149162378, 18.04276379848005618, 14.17924898522115740 ) ) ;
#1125 = CARTESIAN_POINT ( 'NONE',  ( 8.727539662843797785, 16.80059265058807583, 15.11654212111784545 ) ) ;
#1126 = CARTESIAN_POINT ( 'NONE',  ( 2.594993627784778489, 44.83594641401702319, -1.503082292467405212 ) ) ;
#1127 = CARTESIAN_POINT ( 'NONE',  ( 2.011461032705922136, 14.92130231241521976, -0.1648586247051007092 ) ) ;
#1128 = ADVANCED_FACE ( 'NONE', ( #3365 ), #4426, .T. ) ;
#1129 = DIRECTION ( 'NONE',  ( 0.5000000000000039968, -0.000000000000000000, 0.8660254037844363761 ) ) ;
#1130 = ORIENTED_EDGE ( 'NONE', *, *, #5059, .T. ) ;
#1131 =( BOUNDED_SURFACE ( )  B_SPLINE_SURFACE ( 2, 3, ( 
 ( #6989, #8399, #1881, #3849 ),
 ( #6946, #3087, #6484, #2415 ),
 ( #595, #4990, #7578, #7034 ) ),
 .UNSPECIFIED., .F., .F., .F. ) 
 B_SPLINE_SURFACE_WITH_KNOTS ( ( 3, 3 ),
 ( 4, 4 ),
 ( 0.4990845500706085902, 0.4994544132464043273 ),
 ( 0.000000000000000000, 1.000000000000000000 ),
 .UNSPECIFIED. ) 
 GEOMETRIC_REPRESENTATION_ITEM ( )  RATIONAL_B_SPLINE_SURFACE ( (
 ( 1.000000000000000000, 0.9602823350340883302, 0.9602823350340883302, 1.000000000000000000),
 ( 1.000000000000000000, 0.9602823350340883302, 0.9602823350340883302, 1.000000000000000000),
 ( 1.000000000000000000, 0.9602823350340883302, 0.9602823350340883302, 1.000000000000000000) ) ) 
 REPRESENTATION_ITEM ( '' )  SURFACE ( )  );
#1132 = B_SPLINE_CURVE_WITH_KNOTS ( 'NONE', 3,
 ( #6265, #3765, #6224, #3138, #5077, #7627, #473, #8190 ),
 .UNSPECIFIED., .F., .F.,
 ( 4, 2, 2, 4 ),
 ( 0.001703292784701138183, 0.008028433723008005646, 0.01119100419216144220, 0.01435357466131488048 ),
 .UNSPECIFIED. ) ;
#1133 = CARTESIAN_POINT ( 'NONE',  ( 3.366025403784457914, 40.00000000000000711, 3.830127018922179438 ) ) ;
#1134 = CARTESIAN_POINT ( 'NONE',  ( -1.944421477994860314, 44.91966063832256140, -2.528219133007610253 ) ) ;
#1135 = VECTOR ( 'NONE', #1903, 1000.000000000000000 ) ;
#1136 = CARTESIAN_POINT ( 'NONE',  ( 2.395335672065630028, 45.55998058464084011, -0.8722331758295724935 ) ) ;
#1137 = CYLINDRICAL_SURFACE ( 'NONE', #481, 1.000000000000000222 ) ;
#1138 = CARTESIAN_POINT ( 'NONE',  ( 9.259253529402293736, 24.57473341296406133, -0.000000000000000000 ) ) ;
#1139 = ADVANCED_FACE ( 'NONE', ( #190 ), #1748, .F. ) ;
#1140 = ORIENTED_EDGE ( 'NONE', *, *, #3093, .T. ) ;
#1141 = VERTEX_POINT ( 'NONE', #267 ) ;
#1142 = ORIENTED_EDGE ( 'NONE', *, *, #6769, .F. ) ;
#1143 = CARTESIAN_POINT ( 'NONE',  ( 0.8531500597483947512, 44.66954060303574181, 3.318985432912777256 ) ) ;
#1144 = VERTEX_POINT ( 'NONE', #8074 ) ;
#1145 = EDGE_CURVE ( 'NONE', #4981, #2349, #2272, .T. ) ;
#1146 = CARTESIAN_POINT ( 'NONE',  ( 5.590223429521680387, 35.39309234813645588, -1.000000000000000000 ) ) ;
#1147 = FACE_OUTER_BOUND ( 'NONE', #1918, .T. ) ;
#1148 = CARTESIAN_POINT ( 'NONE',  ( -1.148502273380400895, 14.92130231241474725, -1.659547040693253095 ) ) ;
#1149 = CARTESIAN_POINT ( 'NONE',  ( 0.5773502691710800105, 47.89898643127088462, -0.9999999999884441326 ) ) ;
#1150 = CARTESIAN_POINT ( 'NONE',  ( -0.7658740609994438842, 43.66668134715241223, -4.445882426182772740 ) ) ;
#1151 = DIRECTION ( 'NONE',  ( -0.4999999999999919509, 0.000000000000000000, 0.8660254037844432595 ) ) ;
#1152 = EDGE_LOOP ( 'NONE', ( #6824, #2641, #6229, #2059, #5075, #3472, #6575, #7190, #6179, #7110, #2405 ) ) ;
#1153 = ORIENTED_EDGE ( 'NONE', *, *, #3071, .F. ) ;
#1154 = ORIENTED_EDGE ( 'NONE', *, *, #7805, .F. ) ;
#1155 = CARTESIAN_POINT ( 'NONE',  ( -5.185277347663860503, 25.39791341877129938, -6.981163817489719037 ) ) ;
#1156 = CARTESIAN_POINT ( 'NONE',  ( -9.436934691713835477, 28.00000000000001066, 0.000000000000000000 ) ) ;
#1157 = CARTESIAN_POINT ( 'NONE',  ( -1.387778780781445281E-15, 15.99999999999999645, 0.000000000000000000 ) ) ;
#1158 = CARTESIAN_POINT ( 'NONE',  ( 2.411388970428168577, 40.00000000000000711, -6.176648213592914161 ) ) ;
#1159 = EDGE_CURVE ( 'NONE', #5159, #6153, #6267, .T. ) ;
#1160 = AXIS2_PLACEMENT_3D ( 'NONE', #5726, #3034, #1869 ) ;
#1161 = ORIENTED_EDGE ( 'NONE', *, *, #8485, .T. ) ;
#1162 = CARTESIAN_POINT ( 'NONE',  ( -3.000000000000000000, 14.99999999999999645, 0.000000000000000000 ) ) ;
#1163 = CARTESIAN_POINT ( 'NONE',  ( 7.840073083803724252, 24.79582683754258454, -1.000000000000000000 ) ) ;
#1164 = FACE_OUTER_BOUND ( 'NONE', #3134, .T. ) ;
#1165 = CARTESIAN_POINT ( 'NONE',  ( 4.755265090098176550, 22.23807052449847887, 10.23636073951596792 ) ) ;
#1166 = CIRCLE ( 'NONE', #3904, 2.000000000000000000 ) ;
#1167 = DIRECTION ( 'NONE',  ( 0.8660254037844363761, 0.000000000000000000, -0.5000000000000041078 ) ) ;
#1168 = CARTESIAN_POINT ( 'NONE',  ( 2.646245314454360731, 44.81370818078524110, -1.422603279215526983 ) ) ;
#1169 = SPHERICAL_SURFACE ( 'NONE', #3569, 1.000000000000000000 ) ;
#1170 = CARTESIAN_POINT ( 'NONE',  ( 2.470058368290995343, 44.43450170963522794, 1.882050584760821543 ) ) ;
#1171 = CIRCLE ( 'NONE', #1590, 0.9999999999999995559 ) ;
#1172 = AXIS2_PLACEMENT_3D ( 'NONE', #1566, #4206, #393 ) ;
#1173 = ORIENTED_EDGE ( 'NONE', *, *, #35, .T. ) ;
#1174 = CARTESIAN_POINT ( 'NONE',  ( -4.069153984019778569, 43.85152090672011127, -9.863389033176705682E-13 ) ) ;
#1175 = EDGE_CURVE ( 'NONE', #1198, #1643, #5307, .T. ) ;
#1176 = CARTESIAN_POINT ( 'NONE',  ( 1.995783208041898460, 15.12390791857639982, -1.588267726916746447 ) ) ;
#1177 = CARTESIAN_POINT ( 'NONE',  ( -2.746280303159828851, 43.98718751253337444, -2.970310953788748431 ) ) ;
#1178 = AXIS2_PLACEMENT_3D ( 'NONE', #3887, #6527, #5110 ) ;
#1179 = CARTESIAN_POINT ( 'NONE',  ( 2.464188243051139260, 44.30396230290942583, 1.951578966686947858 ) ) ;
#1180 = CARTESIAN_POINT ( 'NONE',  ( 3.234032061429506832, 35.87501333732441111, 5.601507843700693101 ) ) ;
#1181 = CARTESIAN_POINT ( 'NONE',  ( 6.653438907386330037, 29.35288596413834838, -9.524094232664856108 ) ) ;
#1182 = ORIENTED_EDGE ( 'NONE', *, *, #2368, .F. ) ;
#1183 = ORIENTED_EDGE ( 'NONE', *, *, #2657, .T. ) ;
#1184 = FACE_OUTER_BOUND ( 'NONE', #5385, .T. ) ;
#1185 = VERTEX_POINT ( 'NONE', #3639 ) ;
#1186 = CARTESIAN_POINT ( 'NONE',  ( 7.112034538741894174, 19.36036631499309379, -12.31840516628590798 ) ) ;
#1187 = EDGE_CURVE ( 'NONE', #898, #598, #25, .T. ) ;
#1188 = CARTESIAN_POINT ( 'NONE',  ( 0.4764634512829926116, 47.71421279723877973, -1.174741094423911614 ) ) ;
#1189 = DIRECTION ( 'NONE',  ( 1.224646799147351482E-16, 0.000000000000000000, -1.000000000000000000 ) ) ;
#1191 = ADVANCED_FACE ( 'NONE', ( #864 ), #3702, .T. ) ;
#1190 = CARTESIAN_POINT ( 'NONE',  ( 0.8138452961040585354, 13.99999999999998579, -1.835427245971394727 ) ) ;
#1192 = CARTESIAN_POINT ( 'NONE',  ( -3.623037705975564293, 40.90766403131871698, -4.275285384483696660 ) ) ;
#1193 = DIRECTION ( 'NONE',  ( 0.000000000000000000, 0.000000000000000000, 1.000000000000000000 ) ) ;
#1194 = CARTESIAN_POINT ( 'NONE',  ( 3.920036541901801286, 24.79582683754257744, -6.789702458100667748 ) ) ;
#1195 = CARTESIAN_POINT ( 'NONE',  ( 2.695744417340400823, 44.75292953360487758, 1.359978737389945236 ) ) ;
#1196 = VERTEX_POINT ( 'NONE', #5513 ) ;
#1197 = ORIENTED_EDGE ( 'NONE', *, *, #330, .F. ) ;
#1198 = VERTEX_POINT ( 'NONE', #3525 ) ;
#1199 = CARTESIAN_POINT ( 'NONE',  ( -11.66703064672726775, 28.00000000000011724, 1.000000000000000000 ) ) ;
#1200 =( BOUNDED_SURFACE ( )  B_SPLINE_SURFACE ( 3, 2, ( 
 ( #8132, #1700, #3616 ),
 ( #2291, #288, #4355 ),
 ( #1660, #3077, #3706 ),
 ( #4305, #8215, #2944 ),
 ( #926, #8260, #459 ),
 ( #6334, #2904, #367 ) ),
 .UNSPECIFIED., .F., .F., .F. ) 
 B_SPLINE_SURFACE_WITH_KNOTS ( ( 4, 2, 4 ),
 ( 3, 3 ),
 ( 0.02377191026660224749, 0.03009556532160180889, 0.03641922037660137029 ),
 ( 0.000000000000000000, 1.000000000000000000 ),
 .UNSPECIFIED. ) 
 GEOMETRIC_REPRESENTATION_ITEM ( )  RATIONAL_B_SPLINE_SURFACE ( (
 ( 1.000000000000000000, 0.7071067811865475727, 1.000000000000000000),
 ( 1.000000000000000000, 0.7071067811865475727, 1.000000000000000000),
 ( 1.000000000000000000, 0.7071067811865479058, 1.000000000000000000),
 ( 1.000000000000000000, 0.7071067811865479058, 1.000000000000000000),
 ( 1.000000000000000000, 0.7071067811865475727, 1.000000000000000000),
 ( 1.000000000000000000, 0.7071067811865475727, 1.000000000000000000) ) ) 
 REPRESENTATION_ITEM ( '' )  SURFACE ( )  );
#1201 = CARTESIAN_POINT ( 'NONE',  ( 2.732189474663471174E-14, 0.000000000000000000, 4.000000000000017764 ) ) ;
#1202 = CARTESIAN_POINT ( 'NONE',  ( -15.80450874345226708, 18.03597336847275301, 0.000000000000000000 ) ) ;
#1203 = CARTESIAN_POINT ( 'NONE',  ( -2.475020592342125791, 40.00000000000000711, 6.286861415715903512 ) ) ;
#1204 = EDGE_CURVE ( 'NONE', #4143, #8306, #2348, .T. ) ;
#1205 = SPHERICAL_SURFACE ( 'NONE', #6742, 1.000000000000000000 ) ;
#1206 = TOROIDAL_SURFACE ( 'NONE', #5998, 3.000000000000000000, 1.000000000000000000 ) ;
#1207 = ORIENTED_EDGE ( 'NONE', *, *, #3918, .T. ) ;
#1208 = CIRCLE ( 'NONE', #1618, 0.8220173529896603881 ) ;
#1209 = CARTESIAN_POINT ( 'NONE',  ( -0.2770497861443819709, 44.63295138566353870, -3.038121532403342151 ) ) ;
#1210 = CARTESIAN_POINT ( 'NONE',  ( -3.464101615137773926, 15.99999999999999645, -1.000000000000000000 ) ) ;
#1211 = DIRECTION ( 'NONE',  ( -0.5000000000000039968, -4.336808689942052249E-17, -0.8660254037844362651 ) ) ;
#1212 = CARTESIAN_POINT ( 'NONE',  ( 5.621290493808216659, 22.23807052434249343, 9.736360739383691509 ) ) ;
#1213 = CARTESIAN_POINT ( 'NONE',  ( -3.277414374212688220, 38.00000000000001421, -5.676648213592872416 ) ) ;
#1214 = CARTESIAN_POINT ( 'NONE',  ( 2.999501062348041813, 13.99999999999999467, 0.05471176265637297392 ) ) ;
#1215 = DIRECTION ( 'NONE',  ( -0.7480095476450968617, -0.6636879663153291142, 0.000000000000000000 ) ) ;
#1216 = CARTESIAN_POINT ( 'NONE',  ( 3.341045996138381824, 39.99999999999918288, -5.786861415736369807 ) ) ;
#1217 = CIRCLE ( 'NONE', #4931, 0.9999999999999991118 ) ;
#1218 = ORIENTED_EDGE ( 'NONE', *, *, #6997, .T. ) ;
#1219 = EDGE_CURVE ( 'NONE', #1676, #2829, #6314, .T. ) ;
#1220 = CARTESIAN_POINT ( 'NONE',  ( 3.464101615137773926, 15.99999999999999645, 2.000000000000000000 ) ) ;
#1221 = CIRCLE ( 'NONE', #6710, 0.9999999999999995559 ) ;
#1222 = CARTESIAN_POINT ( 'NONE',  ( -4.143439777997125262, 40.00000000000000711, -5.176648213592867975 ) ) ;
#1223 = CARTESIAN_POINT ( 'NONE',  ( 5.833515323363747562, 28.00000000000001066, 10.10394492679749234 ) ) ;
#1224 = CARTESIAN_POINT ( 'NONE',  ( -2.573378543357736081, 44.30400931173829093, -2.731378136654074584 ) ) ;
#1225 = AXIS2_PLACEMENT_3D ( 'NONE', #1724, #7724, #441 ) ;
#1226 = CARTESIAN_POINT ( 'NONE',  ( -1.031421538346819489, 13.99999999999999467, 1.713525491562433611 ) ) ;
#1227 = CIRCLE ( 'NONE', #8206, 0.9999999999999994449 ) ;
#1228 = LINE ( 'NONE', #2159, #1713 ) ;
#1229 = CARTESIAN_POINT ( 'NONE',  ( 1.687176179587403180, 15.01441754073979418, -2.398689986071981917 ) ) ;
#1230 = AXIS2_PLACEMENT_3D ( 'NONE', #2658, #609, #7948 ) ;
#1231 = CARTESIAN_POINT ( 'NONE',  ( -1.547132307520277195, 14.99999999999999645, -2.570288237343622217 ) ) ;
#1232 = CIRCLE ( 'NONE', #7809, 1.000000000000000000 ) ;
#1233 = VERTEX_POINT ( 'NONE', #228 ) ;
#1234 = VERTEX_POINT ( 'NONE', #4245 ) ;
#1235 = CARTESIAN_POINT ( 'NONE',  ( 1.018064900409660023, 45.07673145147995086, 2.893995429156833943 ) ) ;
#1236 = ORIENTED_EDGE ( 'NONE', *, *, #400, .F. ) ;
#1237 = CARTESIAN_POINT ( 'NONE',  ( 9.108360619454312967, 23.11394275704578760, -1.000000000000000000 ) ) ;
#1238 = CARTESIAN_POINT ( 'NONE',  ( -6.682091992272578551, 40.00000000000000711, 0.000000000000000000 ) ) ;
#1239 = CARTESIAN_POINT ( 'NONE',  ( -8.427935170293883615, 16.00000000000000000, -14.59761191784551038 ) ) ;
#1240 = VECTOR ( 'NONE', #5551, 1000.000000000000000 ) ;
#1241 = FACE_OUTER_BOUND ( 'NONE', #2088, .T. ) ;
#1242 = CARTESIAN_POINT ( 'NONE',  ( -3.647840876005772337, 40.78962497853644464, -6.318245735164577326 ) ) ;
#1243 = ADVANCED_FACE ( 'NONE', ( #905 ), #4865, .T. ) ;
#1244 = DIRECTION ( 'NONE',  ( -0.3908337482179800038, -0.6236953783827416942, 0.6769439092257890644 ) ) ;
#1245 = CARTESIAN_POINT ( 'NONE',  ( -3.707427219630228699, 23.13903931696792426, -8.421452309763282074 ) ) ;
#1246 = CARTESIAN_POINT ( 'NONE',  ( -3.662225579860403091, 32.02000061764793060, -8.343160773095016580 ) ) ;
#1247 = CARTESIAN_POINT ( 'NONE',  ( 0.8660254037844161701, 43.02671304669877372, -3.500000000000025313 ) ) ;
#1248 = B_SPLINE_CURVE_WITH_KNOTS ( 'NONE', 3,
 ( #7313, #4082, #4124, #6143, #6098, #8078 ),
 .UNSPECIFIED., .F., .F.,
 ( 4, 2, 4 ),
 ( 0.001702221660648387848, 0.008026601202621084369, 0.01435098074459377829 ),
 .UNSPECIFIED. ) ;
#1249 = EDGE_LOOP ( 'NONE', ( #6219, #3526, #7532, #502 ) ) ;
#1250 = CIRCLE ( 'NONE', #7957, 1.000000000000000000 ) ;
#1251 = ORIENTED_EDGE ( 'NONE', *, *, #8374, .T. ) ;
#1252 = ORIENTED_EDGE ( 'NONE', *, *, #3684, .F. ) ;
#1253 = FACE_OUTER_BOUND ( 'NONE', #5528, .T. ) ;
#1254 = FACE_OUTER_BOUND ( 'NONE', #1677, .T. ) ;
#1255 = AXIS2_PLACEMENT_3D ( 'NONE', #2354, #7558, #2892 ) ;
#1256 = CARTESIAN_POINT ( 'NONE',  ( -9.880604365435962322, 23.75075615949307206, 0.000000000000000000 ) ) ;
#1257 = DIRECTION ( 'NONE',  ( -1.000000000000000000, 0.000000000000000000, -6.394884621840902935E-14 ) ) ;
#1258 = FACE_OUTER_BOUND ( 'NONE', #198, .T. ) ;
#1259 = DIRECTION ( 'NONE',  ( -0.000000000000000000, 0.000000000000000000, 1.000000000000000000 ) ) ;
#1260 = VERTEX_POINT ( 'NONE', #312 ) ;
#1261 = CARTESIAN_POINT ( 'NONE',  ( -3.700856421273153174, 34.26505463002405349, -6.410071353158234508 ) ) ;
#1262 = EDGE_CURVE ( 'NONE', #4735, #1439, #4115, .T. ) ;
#1263 = DIRECTION ( 'NONE',  ( 0.9517756572232443091, -0.2545273128157794496, 0.1712861504852030425 ) ) ;
#1264 = EDGE_CURVE ( 'NONE', #6779, #1233, #8235, .T. ) ;
#1265 = DIRECTION ( 'NONE',  ( 0.5000000000000037748, 0.000000000000000000, 0.8660254037844364872 ) ) ;
#1266 = DIRECTION ( 'NONE',  ( -0.8660254037850976250, -4.534005716215633447E-13, 0.4999999999988586352 ) ) ;
#1267 = DIRECTION ( 'NONE',  ( 0.5000000000000039968, 4.336808689942052249E-17, 0.8660254037844362651 ) ) ;
#1268 = CARTESIAN_POINT ( 'NONE',  ( -6.179059012216436386, 41.65731318149586571, -1.129742637536520918E-15 ) ) ;
#1269 = CIRCLE ( 'NONE', #3575, 2.000000000000000000 ) ;
#1270 = CARTESIAN_POINT ( 'NONE',  ( -2.677084810010606830, 45.35253749461865169, 0.9999999999941335815 ) ) ;
#1271 = DIRECTION ( 'NONE',  ( 0.000000000000000000, -0.7443010259536446682, 0.6678442803261492866 ) ) ;
#1272 = COLOUR_RGB ( '',0.7921568627450980005, 0.8196078431372548767, 0.9333333333333333481 ) ;
#1273 = VECTOR ( 'NONE', #6750, 1000.000000000000000 ) ;
#1274 = VERTEX_POINT ( 'NONE', #6879 ) ;
#1275 = CARTESIAN_POINT ( 'NONE',  ( -3.453226540094878061, 25.39791341877129582, 7.981163817489776768 ) ) ;
#1276 = B_SPLINE_CURVE_WITH_KNOTS ( 'NONE', 3,
 ( #8351, #1022, #1625, #4230, #3046, #5626, #1066, #3668 ),
 .UNSPECIFIED., .F., .F.,
 ( 4, 2, 2, 4 ),
 ( 0.001061846786736185501, 0.001329997430128830637, 0.001598148073521475556, 0.002134449360306765828 ),
 .UNSPECIFIED. ) ;
#1277 = CARTESIAN_POINT ( 'NONE',  ( 8.475242052427939043, 23.95352527149388777, 1.000000000000000000 ) ) ;
#1278 = CARTESIAN_POINT ( 'NONE',  ( -9.110991467695527035, 23.11045397239607269, 1.000000000000000000 ) ) ;
#1279 = CARTESIAN_POINT ( 'NONE',  ( 1.901156624619182445, 44.45408106624076083, 3.010192105345714353 ) ) ;
#1280 = CARTESIAN_POINT ( 'NONE',  ( 2.529502131107272955, 44.77402941023234462, -1.639468400183571761 ) ) ;
#1281 = DIRECTION ( 'NONE',  ( -1.000000000000000000, -8.673617379884035472E-17, 0.000000000000000000 ) ) ;
#1282 = EDGE_CURVE ( 'NONE', #4528, #2163, #2622, .T. ) ;
#1283 = CARTESIAN_POINT ( 'NONE',  ( -2.048633957125443494, 15.12998911671231106, -1.469480736638500318 ) ) ;
#1284 = ORIENTED_EDGE ( 'NONE', *, *, #3680, .T. ) ;
#1285 = ORIENTED_EDGE ( 'NONE', *, *, #8199, .F. ) ;
#1286 = DIRECTION ( 'NONE',  ( 0.8660254037845567243, 0.000000000000000000, 0.4999999999997953859 ) ) ;
#1287 = ORIENTED_EDGE ( 'NONE', *, *, #7902, .F. ) ;
#1288 = CARTESIAN_POINT ( 'NONE',  ( 15.16658548248660487, 17.26435667894275738, -1.000000000000000000 ) ) ;
#1289 = DIRECTION ( 'NONE',  ( 0.7896249785381175279, 0.6135897597488711996, -1.617901012500110598E-13 ) ) ;
#1290 = CARTESIAN_POINT ( 'NONE',  ( 1.714505518806294441E-15, 1.000000000000000000, -13.99999999999999822 ) ) ;
#1291 = DIRECTION ( 'NONE',  ( 0.8660254037844438146, 0.000000000000000000, 0.4999999999999910072 ) ) ;
#1292 = DIRECTION ( 'NONE',  ( -0.4999999999999919509, 0.000000000000000000, 0.8660254037844432595 ) ) ;
#1293 = CARTESIAN_POINT ( 'NONE',  ( -4.443382245930939334, 41.92301477455027481, -1.000000000000000000 ) ) ;
#1294 = DIRECTION ( 'NONE',  ( -0.8660254037844432595, 0.000000000000000000, -0.4999999999999919509 ) ) ;
#1295 = CARTESIAN_POINT ( 'NONE',  ( -2.413775681871313861, 33.72043394594719246, -6.180782119075265868 ) ) ;
#1296 = CARTESIAN_POINT ( 'NONE',  ( 0.5129171450975555935, 44.17656635389588615, -3.140579457716112799 ) ) ;
#1297 = VERTEX_POINT ( 'NONE', #4471 ) ;
#1298 = ORIENTED_EDGE ( 'NONE', *, *, #689, .F. ) ;
#1299 = VERTEX_POINT ( 'NONE', #1158 ) ;
#1300 = EDGE_CURVE ( 'NONE', #8449, #6786, #839, .T. ) ;
#1301 = ORIENTED_EDGE ( 'NONE', *, *, #2285, .T. ) ;
#1302 = FACE_OUTER_BOUND ( 'NONE', #38, .T. ) ;
#1303 = DIRECTION ( 'NONE',  ( 0.000000000000000000, 0.000000000000000000, -1.000000000000000000 ) ) ;
#1304 = ADVANCED_FACE ( 'NONE', ( #1258 ), #1205, .T. ) ;
#1305 = CARTESIAN_POINT ( 'NONE',  ( -6.323282875321507568, 29.96536639221909937, 8.952247210687092505 ) ) ;
#1306 = CARTESIAN_POINT ( 'NONE',  ( -1.778651700496662658, 14.26710806153174360, 0.9187992108647781153 ) ) ;
#1307 = EDGE_LOOP ( 'NONE', ( #4101, #5544, #5704, #3181 ) ) ;
#1308 = EDGE_CURVE ( 'NONE', #2047, #6094, #1945, .T. ) ;
#1309 = CARTESIAN_POINT ( 'NONE',  ( -15.79543616811840323, 18.04276379885460102, 0.000000000000000000 ) ) ;
#1310 = CARTESIAN_POINT ( 'NONE',  ( 3.688154905935942640, 23.11394275704259016, 8.388071683265383882 ) ) ;
#1311 = CARTESIAN_POINT ( 'NONE',  ( 7.840073083803726028, 24.79582683754258454, 0.000000000000000000 ) ) ;
#1312 = EDGE_CURVE ( 'NONE', #2298, #8143, #7833, .T. ) ;
#1313 = CARTESIAN_POINT ( 'NONE',  ( 2.826910364149179067, 37.56619757069947241, -4.896352379149518264 ) ) ;
#1314 = CARTESIAN_POINT ( 'NONE',  ( 2.594853823434518869, 44.83598834041058723, 1.503308843757484636 ) ) ;
#1315 = ADVANCED_FACE ( 'NONE', ( #6497 ), #431, .T. ) ;
#1316 = VERTEX_POINT ( 'NONE', #2425 ) ;
#1317 = EDGE_LOOP ( 'NONE', ( #131, #2162, #3793, #6674 ) ) ;
#1318 = AXIS2_PLACEMENT_3D ( 'NONE', #4489, #5656, #7020 ) ;
#1319 = CARTESIAN_POINT ( 'NONE',  ( 1.894185590268500752, 44.56704267272890974, 2.905403436337356204 ) ) ;
#1320 = CARTESIAN_POINT ( 'NONE',  ( -2.463933346389567181, 44.01841647880075925, -2.091371914452488934 ) ) ;
#1321 = EDGE_CURVE ( 'NONE', #5865, #1988, #5248, .T. ) ;
#1322 = CARTESIAN_POINT ( 'NONE',  ( 2.521147780697408969, 43.42475718030470233, 2.343862013379458098 ) ) ;
#1323 = CARTESIAN_POINT ( 'NONE',  ( 2.676055051864296708, 44.78008592615338301, -1.383616179723719863 ) ) ;
#1324 = DIRECTION ( 'NONE',  ( -8.673617379884035472E-17, 1.000000000000000000, 0.000000000000000000 ) ) ;
#1325 = EDGE_CURVE ( 'NONE', #5546, #3326, #8464, .T. ) ;
#1326 = ORIENTED_EDGE ( 'NONE', *, *, #2877, .F. ) ;
#1327 = EDGE_LOOP ( 'NONE', ( #4665, #3380, #4280 ) ) ;
#1328 = FACE_OUTER_BOUND ( 'NONE', #2366, .T. ) ;
#1329 = ORIENTED_EDGE ( 'NONE', *, *, #8238, .F. ) ;
#1330 = EDGE_CURVE ( 'NONE', #1499, #3255, #3140, .T. ) ;
#1331 = CARTESIAN_POINT ( 'NONE',  ( 8.884365292624199384, 30.65829190356533474, -1.000000000000000000 ) ) ;
#1332 = AXIS2_PLACEMENT_3D ( 'NONE', #3903, #525, #8327 ) ;
#1333 = CARTESIAN_POINT ( 'NONE',  ( -11.28152579843255587, 20.80997300868750344, 1.000000000000000000 ) ) ;
#1334 = CARTESIAN_POINT ( 'NONE',  ( 0.1761279131955008348, 14.24567090926596968, -1.993928818092813859 ) ) ;
#1335 = CARTESIAN_POINT ( 'NONE',  ( -3.195282381564855001, 43.65046972868879038, -1.026950844226625081 ) ) ;
#1336 = DIRECTION ( 'NONE',  ( 0.000000000000000000, 0.000000000000000000, 1.000000000000000000 ) ) ;
#1337 = DIRECTION ( 'NONE',  ( 0.000000000000000000, 0.7354398480756395573, -0.6775900160587374765 ) ) ;
#1338 = CARTESIAN_POINT ( 'NONE',  ( 8.427935170293880063, 16.00000000000000000, 14.59761191784550327 ) ) ;
#1339 = VERTEX_POINT ( 'NONE', #8365 ) ;
#1340 = ADVANCED_FACE ( 'NONE', ( #5123 ), #4377, .T. ) ;
#1341 = EDGE_LOOP ( 'NONE', ( #3081, #1140, #600 ) ) ;
#1342 = VERTEX_POINT ( 'NONE', #7721 ) ;
#1343 = CARTESIAN_POINT ( 'NONE',  ( 2.449440390100976472E-11, 47.93147645920785038, 0.000000000000000000 ) ) ;
#1344 = CARTESIAN_POINT ( 'NONE',  ( 0.1700960734850931466, 44.75292953360347781, 3.014572516222056464 ) ) ;
#1345 = CARTESIAN_POINT ( 'NONE',  ( 0.8220173529884006181, 48.46887637871932952, 1.644034705976689104 ) ) ;
#1346 = DIRECTION ( 'NONE',  ( -0.8660254037844432595, 0.000000000000000000, -0.4999999999999919509 ) ) ;
#1347 = B_SPLINE_CURVE_WITH_KNOTS ( 'NONE', 3,
 ( #3343, #7928, #6609, #7077, #7755, #1455, #4095, #6730, #8130, #4055 ),
 .UNSPECIFIED., .F., .F.,
 ( 4, 2, 2, 2, 4 ),
 ( 4.141451052458562403E-15, 0.0006405157973436387351, 0.001281031594683136035, 0.001921547392022633118, 0.002562063189362129550 ),
 .UNSPECIFIED. ) ;
#1348 = ORIENTED_EDGE ( 'NONE', *, *, #5296, .F. ) ;
#1349 = SPHERICAL_SURFACE ( 'NONE', #7520, 1.000000000000000000 ) ;
#1350 = CARTESIAN_POINT ( 'NONE',  ( -15.79543616786259363, 18.04276379847976486, -1.000000000000000000 ) ) ;
#1351 = CARTESIAN_POINT ( 'NONE',  ( -4.629626764701186836, 24.57473341296405778, -8.018748776543096923 ) ) ;
#1352 = FACE_OUTER_BOUND ( 'NONE', #6119, .T. ) ;
#1353 = EDGE_CURVE ( 'NONE', #599, #1958, #2161, .T. ) ;
#1354 = CARTESIAN_POINT ( 'NONE',  ( -0.1932073194403773897, 15.13150906907602078, 2.505426805922356781 ) ) ;
#1355 = FACE_OUTER_BOUND ( 'NONE', #754, .T. ) ;
#1356 = AXIS2_PLACEMENT_3D ( 'NONE', #7378, #4856, #2141 ) ;
#1357 = ORIENTED_EDGE ( 'NONE', *, *, #2288, .T. ) ;
#1358 = ORIENTED_EDGE ( 'NONE', *, *, #1051, .T. ) ;
#1359 = CARTESIAN_POINT ( 'NONE',  ( -1.858784228550105722, 14.84829097422520405, 0.7489982874077454333 ) ) ;
#1360 = CARTESIAN_POINT ( 'NONE',  ( 1.073103887854478522, 14.97024872007107454, -1.688435683927727249 ) ) ;
#1361 = CARTESIAN_POINT ( 'NONE',  ( -5.782906847234034586, 29.36007771870516692, -10.01628847484718676 ) ) ;
#1362 = CARTESIAN_POINT ( 'NONE',  ( -0.2631736338915006690, 45.11785348009806285, -3.025955632604023560 ) ) ;
#1363 = PLANE ( 'NONE',  #5303 ) ;
#1364 = DIRECTION ( 'NONE',  ( -0.000000000000000000, 0.000000000000000000, 1.000000000000000000 ) ) ;
#1365 = CARTESIAN_POINT ( 'NONE',  ( -0.8660254037851434772, 43.02671304672414720, 3.499999999998846256 ) ) ;
#1366 = CIRCLE ( 'NONE', #5507, 0.8220173529896603881 ) ;
#1367 = ORIENTED_EDGE ( 'NONE', *, *, #7700, .T. ) ;
#1368 = DIRECTION ( 'NONE',  ( -1.000000000000000000, -8.673617379884035472E-17, 0.000000000000000000 ) ) ;
#1369 = AXIS2_PLACEMENT_3D ( 'NONE', #523, #3146, #5757 ) ;
#1370 = EDGE_CURVE ( 'NONE', #7965, #3418, #3654, .T. ) ;
#1371 = EDGE_CURVE ( 'NONE', #1260, #7946, #3271, .T. ) ;
#1372 = FACE_OUTER_BOUND ( 'NONE', #1327, .T. ) ;
#1373 = VECTOR ( 'NONE', #5722, 1000.000000000000114 ) ;
#1374 = DIRECTION ( 'NONE',  ( -1.000000000000000000, -0.000000000000000000, -0.000000000000000000 ) ) ;
#1375 = CARTESIAN_POINT ( 'NONE',  ( -3.464101615143277968, 43.02671304667550345, -1.000000000000000666 ) ) ;
#1376 = CARTESIAN_POINT ( 'NONE',  ( 0.6815440809107071729, 45.27707024598377217, -2.835916377291399115 ) ) ;
#1377 = DIRECTION ( 'NONE',  ( 0.000000000000000000, 0.000000000000000000, 1.000000000000000000 ) ) ;
#1378 = CYLINDRICAL_SURFACE ( 'NONE', #2521, 1.000000000000000000 ) ;
#1379 = CARTESIAN_POINT ( 'NONE',  ( -3.647840876000904231, 40.78962497854166003, -6.318245735157308474 ) ) ;
#1380 = AXIS2_PLACEMENT_3D ( 'NONE', #3611, #2985, #7645 ) ;
#1381 = ORIENTED_EDGE ( 'NONE', *, *, #2285, .F. ) ;
#1382 = ORIENTED_EDGE ( 'NONE', *, *, #3592, .T. ) ;
#1383 = EDGE_LOOP ( 'NONE', ( #739, #1025, #672, #4710 ) ) ;
#1384 = EDGE_LOOP ( 'NONE', ( #1497, #2327, #488, #7164, #8303, #5956, #8015, #4636, #2668 ) ) ;
#1385 = CIRCLE ( 'NONE', #4098, 0.9999999999999991118 ) ;
#1386 = DIRECTION ( 'NONE',  ( -0.7896249785385487385, 0.6135897597483160881, 0.000000000000000000 ) ) ;
#1387 = CARTESIAN_POINT ( 'NONE',  ( -8.673617379884042868E-17, 14.99999999999999645, 0.000000000000000000 ) ) ;
#1388 = CARTESIAN_POINT ( 'NONE',  ( 2.359739956870511080, 45.77237003093008383, -3.641034288152233465E-13 ) ) ;
#1389 = EDGE_CURVE ( 'NONE', #2224, #5496, #8229, .T. ) ;
#1390 = CIRCLE ( 'NONE', #3155, 0.9999999999999995559 ) ;
#1391 = EDGE_LOOP ( 'NONE', ( #7964, #6211, #6262, #8046 ) ) ;
#1392 = DIRECTION ( 'NONE',  ( 0.000000000000000000, 0.000000000000000000, -1.000000000000000000 ) ) ;
#1393 = CIRCLE ( 'NONE', #7272, 2.000000000000000000 ) ;
#1394 = CARTESIAN_POINT ( 'NONE',  ( -8.638503887758776756, 25.39791341877130293, -1.000000000000000000 ) ) ;
#1395 = CARTESIAN_POINT ( 'NONE',  ( -1.947800401929079772, 44.01282709431936269, -3.413378365617250054 ) ) ;
#1396 = DIRECTION ( 'NONE',  ( 0.7896249785380539121, 0.6135897597489531341, -1.593288231535824130E-13 ) ) ;
#1397 = CARTESIAN_POINT ( 'NONE',  ( 4.718467345856957706, 26.00000000000001066, 8.172625176878833386 ) ) ;
#1398 = AXIS2_PLACEMENT_3D ( 'NONE', #6021, #5320, #5474 ) ;
#1399 = AXIS2_PLACEMENT_3D ( 'NONE', #795, #2086, #1527 ) ;
#1400 = ORIENTED_EDGE ( 'NONE', *, *, #2786, .F. ) ;
#1401 = ORIENTED_EDGE ( 'NONE', *, *, #1808, .F. ) ;
#1402 = EDGE_CURVE ( 'NONE', #1144, #7225, #1485, .T. ) ;
#1403 = CARTESIAN_POINT ( 'NONE',  ( -1.767602040638765359, 14.84529987683929519, 0.9384184238246771059 ) ) ;
#1404 = EDGE_CURVE ( 'NONE', #7174, #1798, #1634, .T. ) ;
#1405 = CARTESIAN_POINT ( 'NONE',  ( -16.85587034058763933, 15.99999999999999645, 0.000000000000000000 ) ) ;
#1406 = DIRECTION ( 'NONE',  ( -1.000000000000000000, 0.000000000000000000, 0.000000000000000000 ) ) ;
#1407 = AXIS2_PLACEMENT_3D ( 'NONE', #1238, #1289, #637 ) ;
#1408 = DIRECTION ( 'NONE',  ( -8.673617379884035472E-17, 1.000000000000000000, 0.000000000000000000 ) ) ;
#1409 = EDGE_CURVE ( 'NONE', #7068, #5339, #6015, .T. ) ;
#1410 = CARTESIAN_POINT ( 'NONE',  ( 2.430747223037372784, 44.78765446520704785, -2.265593955637869694 ) ) ;
#1411 = CARTESIAN_POINT ( 'NONE',  ( -3.341045996126569051, 39.00000000000000711, 5.786861415715913282 ) ) ;
#1412 = EDGE_LOOP ( 'NONE', ( #6602, #5494, #6992, #4811 ) ) ;
#1413 = ORIENTED_EDGE ( 'NONE', *, *, #1321, .T. ) ;
#1414 = AXIS2_PLACEMENT_3D ( 'NONE', #4356, #1871, #2496 ) ;
#1415 = CARTESIAN_POINT ( 'NONE',  ( 2.770769593046627843, 15.05280402742447166, 0.4704037354491969469 ) ) ;
#1416 = CARTESIAN_POINT ( 'NONE',  ( -0.4151271286302132824, 44.39571673418046061, 3.088841859779487997 ) ) ;
#1417 = DIRECTION ( 'NONE',  ( 0.5000000000000039968, -0.000000000000000000, 0.8660254037844362651 ) ) ;
#1418 = DIRECTION ( 'NONE',  ( 0.000000000000000000, 1.000000000000000000, 0.000000000000000000 ) ) ;
#1419 = CARTESIAN_POINT ( 'NONE',  ( 2.586305319110463685, 42.65355861510973057, 4.479612216584849094 ) ) ;
#1420 = EDGE_CURVE ( 'NONE', #1543, #3942, #945, .T. ) ;
#1421 = CARTESIAN_POINT ( 'NONE',  ( 5.514178998129752429, 40.90754408970647660, -1.000000000000000000 ) ) ;
#1422 = ORIENTED_EDGE ( 'NONE', *, *, #4400, .T. ) ;
#1423 = ADVANCED_FACE ( 'NONE', ( #696 ), #138, .T. ) ;
#1424 = ORIENTED_EDGE ( 'NONE', *, *, #3449, .F. ) ;
#1425 = EDGE_LOOP ( 'NONE', ( #4553, #5883, #2305, #5791, #2559, #3621, #258, #5076, #3934, #3266, #545 ) ) ;
#1426 = ORIENTED_EDGE ( 'NONE', *, *, #8119, .T. ) ;
#1427 =( BOUNDED_SURFACE ( )  B_SPLINE_SURFACE ( 3, 2, ( 
 ( #1556, #5429, #2752 ),
 ( #4737, #6876, #6089 ),
 ( #8069, #2789, #7387 ),
 ( #4862, #225, #5549 ),
 ( #3521, #822, #8032 ),
 ( #2149, #1509, #8150 ) ),
 .UNSPECIFIED., .F., .F., .F. ) 
 B_SPLINE_SURFACE_WITH_KNOTS ( ( 4, 2, 4 ),
 ( 3, 3 ),
 ( 0.02377191026660215381, 0.03009556532160174991, 0.03641922037660134948 ),
 ( 0.000000000000000000, 1.000000000000000000 ),
 .UNSPECIFIED. ) 
 GEOMETRIC_REPRESENTATION_ITEM ( )  RATIONAL_B_SPLINE_SURFACE ( (
 ( 1.000000000000000000, 0.7071067811865473507, 1.000000000000000000),
 ( 1.000000000000000000, 0.7071067811865473507, 1.000000000000000000),
 ( 1.000000000000000000, 0.7071067811865473507, 1.000000000000000000),
 ( 1.000000000000000000, 0.7071067811865473507, 1.000000000000000000),
 ( 1.000000000000000000, 0.7071067811865472397, 1.000000000000000000),
 ( 1.000000000000000000, 0.7071067811865472397, 1.000000000000000000) ) ) 
 REPRESENTATION_ITEM ( '' )  SURFACE ( )  );
#1428 = DIRECTION ( 'NONE',  ( 0.000000000000000000, 0.000000000000000000, -1.000000000000000000 ) ) ;
#1429 = CARTESIAN_POINT ( 'NONE',  ( -0.7082756694341777459, 43.65046972256319435, -3.280671135461979748 ) ) ;
#1430 = CARTESIAN_POINT ( 'NONE',  ( 5.833515323363606342, 28.00000000000001066, -10.10394492679757050 ) ) ;
#1431 = FACE_OUTER_BOUND ( 'NONE', #2177, .T. ) ;
#1432 = DIRECTION ( 'NONE',  ( 0.8660254037844432595, -0.000000000000000000, 0.4999999999999919509 ) ) ;
#1433 = ORIENTED_EDGE ( 'NONE', *, *, #3253, .T. ) ;
#1434 = CARTESIAN_POINT ( 'NONE',  ( -5.833515323363748450, 27.00000000000001066, -10.10394492679749234 ) ) ;
#1435 = CARTESIAN_POINT ( 'NONE',  ( -3.464101615137717527, 14.99999999999999645, 2.000000000000000000 ) ) ;
#1436 = CARTESIAN_POINT ( 'NONE',  ( -7.113838218451868478, 19.35722206982406846, -12.32152923118377252 ) ) ;
#1437 = LINE ( 'NONE', #6708, #2057 ) ;
#1438 = CARTESIAN_POINT ( 'NONE',  ( -0.3766379063579485265, 15.12248766560535529, 2.524173815570414092 ) ) ;
#1439 = VERTEX_POINT ( 'NONE', #5345 ) ;
#1440 = CARTESIAN_POINT ( 'NONE',  ( -5.621290493809133260, 22.23807052434460019, 9.736360739380636176 ) ) ;
#1441 = CARTESIAN_POINT ( 'NONE',  ( -1.996524661020732561, 14.00000002636689267, 0.2087696997808424770 ) ) ;
#1442 = CARTESIAN_POINT ( 'NONE',  ( 8.427935170293679334, 16.00000000000000000, -14.59761191784562406 ) ) ;
#1443 = CARTESIAN_POINT ( 'NONE',  ( -3.151079254330768187, 44.93541591462265217, 0.4241708126543721202 ) ) ;
#1444 = CARTESIAN_POINT ( 'NONE',  ( -10.88274173843781334, 29.99587337449885993, -0.000000000000000000 ) ) ;
#1445 = DIRECTION ( 'NONE',  ( -1.000000000000000000, -8.673617379884035472E-17, 0.000000000000000000 ) ) ;
#1446 = CARTESIAN_POINT ( 'NONE',  ( 2.677084810012756222, 45.35253749467016604, -0.9999999999931181716 ) ) ;
#1447 = DIRECTION ( 'NONE',  ( -1.000000000000000000, -8.673617379884035472E-17, 0.000000000000000000 ) ) ;
#1448 = CARTESIAN_POINT ( 'NONE',  ( -2.106055581391986120, 43.69040101303900769, 3.647795270533383594 ) ) ;
#1449 = AXIS2_PLACEMENT_3D ( 'NONE', #5826, #639, #5193 ) ;
#1450 = ORIENTED_EDGE ( 'NONE', *, *, #5349, .T. ) ;
#1451 = ORIENTED_EDGE ( 'NONE', *, *, #765, .F. ) ;
#1452 = EDGE_CURVE ( 'NONE', #798, #7198, #5742, .T. ) ;
#1453 = DIRECTION ( 'NONE',  ( -1.000000000000000000, 0.000000000000000000, 0.000000000000000000 ) ) ;
#1454 = CARTESIAN_POINT ( 'NONE',  ( -0.1715655006747348332, 45.15213708157308758, 3.005340969235165804 ) ) ;
#1455 = CARTESIAN_POINT ( 'NONE',  ( 3.525468261067534304, 44.49377519882652621, 0.1604918244853011100 ) ) ;
#1456 = CARTESIAN_POINT ( 'NONE',  ( 1.569060388945184847, 44.56704267277348208, -3.093114558838569561 ) ) ;
#1457 = CIRCLE ( 'NONE', #4748, 1.000000000000000222 ) ;
#1458 = CARTESIAN_POINT ( 'NONE',  ( 4.524057168343952107, 32.03055223262445850, 7.835896871917934270 ) ) ;
#1459 = DIRECTION ( 'NONE',  ( -0.4999999999999919509, 0.000000000000000000, 0.8660254037844432595 ) ) ;
#1460 = AXIS2_PLACEMENT_3D ( 'NONE', #1704, #2333, #2367 ) ;
#1461 = ORIENTED_EDGE ( 'NONE', *, *, #2226, .F. ) ;
#1462 = VERTEX_POINT ( 'NONE', #7815 ) ;
#1463 = AXIS2_PLACEMENT_3D ( 'NONE', #6319, #5643, #6146 ) ;
#1464 = ORIENTED_EDGE ( 'NONE', *, *, #4379, .T. ) ;
#1465 = FACE_OUTER_BOUND ( 'NONE', #2858, .T. ) ;
#1466 = CARTESIAN_POINT ( 'NONE',  ( 0.5731247130968154524, 14.08589015907426578, 1.917829426812988292 ) ) ;
#1467 = AXIS2_PLACEMENT_3D ( 'NONE', #4149, #3515, #6125 ) ;
#1468 = CARTESIAN_POINT ( 'NONE',  ( 4.021869394014471411, 43.90481300408905696, -0.9039705243682829572 ) ) ;
#1469 = B_SPLINE_CURVE_WITH_KNOTS ( 'NONE', 3,
 ( #7076, #6430, #1334, #2014, #4629, #7117, #1190, #549 ),
 .UNSPECIFIED., .F., .F.,
 ( 4, 2, 2, 4 ),
 ( 0.001061846786736185501, 0.001329997430128830420, 0.001598148073521475339, 0.002134449360306764961 ),
 .UNSPECIFIED. ) ;
#1470 = ORIENTED_EDGE ( 'NONE', *, *, #1404, .F. ) ;
#1471 = CARTESIAN_POINT ( 'NONE',  ( 0.03174151473876292429, 44.82989925891276783, 3.000000000000077716 ) ) ;
#1472 = DIRECTION ( 'NONE',  ( 0.000000000000000000, 0.000000000000000000, 1.000000000000000000 ) ) ;
#1473 = ADVANCED_FACE ( 'NONE', ( #6661 ), #3507, .T. ) ;
#1474 = DIRECTION ( 'NONE',  ( -1.000000000000000000, 0.000000000000000000, 0.000000000000000000 ) ) ;
#1475 = FACE_BOUND ( 'NONE', #4222, .T. ) ;
#1476 = CARTESIAN_POINT ( 'NONE',  ( -0.6593591828527971543, 14.05000125424238178, 1.895469324138425726 ) ) ;
#1477 = DIRECTION ( 'NONE',  ( 4.206480876463602027E-14, 1.000000000000000000, -2.428612866368298283E-14 ) ) ;
#1478 = VERTEX_POINT ( 'NONE', #7425 ) ;
#1479 = CARTESIAN_POINT ( 'NONE',  ( -2.332978889614954365, 45.78277757840158557, 1.000000000004991341 ) ) ;
#1480 = CARTESIAN_POINT ( 'NONE',  ( -1.999667374898694616, 13.99999999999999467, -0.03647450843758199418 ) ) ;
#1481 = CARTESIAN_POINT ( 'NONE',  ( -11.56418299908531822, 29.36137885656538415, -0.000000000000000000 ) ) ;
#1482 = LINE ( 'NONE', #5366, #285 ) ;
#1483 = CARTESIAN_POINT ( 'NONE',  ( 2.598076211353274267, 43.02671304669518548, -2.499999999999992006 ) ) ;
#1484 = DIRECTION ( 'NONE',  ( -1.000000000000000000, 0.000000000000000000, -0.000000000000000000 ) ) ;
#1485 = CIRCLE ( 'NONE', #4370, 1.000000000000000000 ) ;
#1486 = ORIENTED_EDGE ( 'NONE', *, *, #4005, .T. ) ;
#1487 = ORIENTED_EDGE ( 'NONE', *, *, #3962, .T. ) ;
#1488 = DIRECTION ( 'NONE',  ( -1.000000000000000000, 3.469446951953623261E-15, 3.469446951953614189E-15 ) ) ;
#1489 = CARTESIAN_POINT ( 'NONE',  ( 7.840073083803726028, 24.79582683754258454, 1.000000000000000000 ) ) ;
#1490 = CARTESIAN_POINT ( 'NONE',  ( -0.8138109337378283126, 44.70983392116277599, 3.291549081437014301 ) ) ;
#1491 = CARTESIAN_POINT ( 'NONE',  ( -1.452368754827788377, 14.99999999999999645, -2.624999999999996003 ) ) ;
#1492 = FACE_OUTER_BOUND ( 'NONE', #6056, .T. ) ;
#1493 = CARTESIAN_POINT ( 'NONE',  ( 2.106055581384049358, 43.69040101300814172, 3.647795270521145827 ) ) ;
#1494 = CARTESIAN_POINT ( 'NONE',  ( -2.516918876558364992, 45.15213708102027113, 1.651250567153873305 ) ) ;
#1495 = CARTESIAN_POINT ( 'NONE',  ( -1.240030177606626260, 43.69040101299862755, -4.147795270523297440 ) ) ;
#1496 = ORIENTED_EDGE ( 'NONE', *, *, #7852, .T. ) ;
#1497 = ORIENTED_EDGE ( 'NONE', *, *, #1034, .T. ) ;
#1498 = CARTESIAN_POINT ( 'NONE',  ( 5.833515323363751115, 28.00000000000001066, 10.10394492679749767 ) ) ;
#1499 = VERTEX_POINT ( 'NONE', #6129 ) ;
#1500 = LINE ( 'NONE', #134, #5393 ) ;
#1501 = CARTESIAN_POINT ( 'NONE',  ( -0.4815881802949353863, 44.25785963680976920, -3.120253917893161866 ) ) ;
#1502 = CARTESIAN_POINT ( 'NONE',  ( 1.707965413330528870, 42.63562814041358706, 4.958282850855806778 ) ) ;
#1503 = CARTESIAN_POINT ( 'NONE',  ( -2.962319966467567234, 44.21195125012921778, 1.131670430742939937 ) ) ;
#1504 = AXIS2_PLACEMENT_3D ( 'NONE', #404, #8295, #1733 ) ;
#1505 = CIRCLE ( 'NONE', #6297, 2.000000000000000000 ) ;
#1506 = CIRCLE ( 'NONE', #6300, 0.9999999999999991118 ) ;
#1507 = VERTEX_POINT ( 'NONE', #4818 ) ;
#1508 = DIRECTION ( 'NONE',  ( -0.8660254037844432595, 0.000000000000000000, -0.4999999999999919509 ) ) ;
#1509 = CARTESIAN_POINT ( 'NONE',  ( -3.453226540094991748, 25.39791341877128872, -7.981163817489730583 ) ) ;
#1510 = CARTESIAN_POINT ( 'NONE',  ( 9.056501967289610988, 32.02000061764793060, 1.000000000000000000 ) ) ;
#1511 = CIRCLE ( 'NONE', #7529, 1.000000000000000000 ) ;
#1512 = DIRECTION ( 'NONE',  ( -1.000000000000000000, -8.673617379884035472E-17, 0.000000000000000000 ) ) ;
#1513 = CARTESIAN_POINT ( 'NONE',  ( 8.427935170293679334, 16.00000000000000000, -14.59761191784562229 ) ) ;
#1514 = ADVANCED_FACE ( 'NONE', ( #256 ), #5501, .T. ) ;
#1515 = ORIENTED_EDGE ( 'NONE', *, *, #4598, .T. ) ;
#1516 = ADVANCED_FACE ( 'NONE', ( #4947 ), #2785, .T. ) ;
#1517 = AXIS2_PLACEMENT_3D ( 'NONE', #5269, #7950, #3446 ) ;
#1518 = ADVANCED_FACE ( 'NONE', ( #4336 ), #2391, .T. ) ;
#1519 = CARTESIAN_POINT ( 'NONE',  ( -3.688154905932860661, 23.11394275703436207, 8.388071683260301725 ) ) ;
#1520 = CARTESIAN_POINT ( 'NONE',  ( -1.729524980526144118, 15.02555247998980370, 2.335029572169458500 ) ) ;
#1521 = CARTESIAN_POINT ( 'NONE',  ( 1.537870990892081569, 14.85033440878084932, 1.286740154856377494 ) ) ;
#1522 = CARTESIAN_POINT ( 'NONE',  ( 3.635195313194629296, 40.93458482076928817, 4.296342977895341697 ) ) ;
#1523 = DIRECTION ( 'NONE',  ( -0.8660254037844432595, 0.000000000000000000, -0.4999999999999920619 ) ) ;
#1524 = AXIS2_PLACEMENT_3D ( 'NONE', #3221, #5830, #8446 ) ;
#1525 = CARTESIAN_POINT ( 'NONE',  ( -2.171498844536722928, 45.33461144378330232, 1.883539199028580358 ) ) ;
#1526 = CARTESIAN_POINT ( 'NONE',  ( -2.475020592337956238, 40.00000000000000711, -6.286861415708496104 ) ) ;
#1527 = DIRECTION ( 'NONE',  ( -1.000000000000000000, 0.000000000000000000, 0.000000000000000000 ) ) ;
#1528 = VECTOR ( 'NONE', #2836, 1000.000000000000000 ) ;
#1529 = AXIS2_PLACEMENT_3D ( 'NONE', #5569, #2991, #1739 ) ;
#1530 = CARTESIAN_POINT ( 'NONE',  ( -2.224806290746941251, 15.13402734688821027, -1.146294051051496510 ) ) ;
#1531 = ORIENTED_EDGE ( 'NONE', *, *, #1024, .T. ) ;
#1532 = VERTEX_POINT ( 'NONE', #8370 ) ;
#1533 = AXIS2_PLACEMENT_3D ( 'NONE', #3191, #606, #4424 ) ;
#1534 = DIRECTION ( 'NONE',  ( -0.4999999999999920619, 0.000000000000000000, 0.8660254037844432595 ) ) ;
#1535 = CARTESIAN_POINT ( 'NONE',  ( -4.999983292176162664, 31.40398960769650571, 6.660225099044768449 ) ) ;
#1536 = CARTESIAN_POINT ( 'NONE',  ( -3.635195313198796185, 40.93458482073849325, -4.296342977883924164 ) ) ;
#1537 = CARTESIAN_POINT ( 'NONE',  ( 7.112034538742067369, 19.36036631499310090, 12.31840516628581739 ) ) ;
#1538 = CARTESIAN_POINT ( 'NONE',  ( -3.661176656929213014, 35.39292810776483833, -4.341343985286513885 ) ) ;
#1539 = CARTESIAN_POINT ( 'NONE',  ( -2.431447647030204884, 45.00244591055862742, 1.982884836606865209 ) ) ;
#1540 = AXIS2_PLACEMENT_3D ( 'NONE', #788, #5360, #6018 ) ;
#1541 = ORIENTED_EDGE ( 'NONE', *, *, #660, .T. ) ;
#1542 = ORIENTED_EDGE ( 'NONE', *, *, #1920, .T. ) ;
#1543 = VERTEX_POINT ( 'NONE', #6452 ) ;
#1544 = CIRCLE ( 'NONE', #6052, 0.9999999999999994449 ) ;
#1545 = ORIENTED_EDGE ( 'NONE', *, *, #3337, .F. ) ;
#1546 = CARTESIAN_POINT ( 'NONE',  ( 0.6593591828527707310, 14.05000125424238178, -1.895469324138432610 ) ) ;
#1547 = CARTESIAN_POINT ( 'NONE',  ( -1.452368754827788377, 14.99999999999999645, -2.624999999999996003 ) ) ;
#1548 = CARTESIAN_POINT ( 'NONE',  ( 2.223612514646340799, 41.65714474748742902, 5.851409814863512082 ) ) ;
#1549 = FACE_OUTER_BOUND ( 'NONE', #7361, .T. ) ;
#1550 = ADVANCED_FACE ( 'NONE', ( #2431 ), #568, .T. ) ;
#1551 = ORIENTED_EDGE ( 'NONE', *, *, #2606, .F. ) ;
#1552 = ORIENTED_EDGE ( 'NONE', *, *, #3583, .T. ) ;
#1553 = EDGE_CURVE ( 'NONE', #952, #2250, #389, .T. ) ;
#1554 = ADVANCED_FACE ( 'NONE', ( #5847 ), #477, .T. ) ;
#1555 = PLANE ( 'NONE',  #2294 ) ;
#1556 = CARTESIAN_POINT ( 'NONE',  ( -8.727539662843824431, 16.80059265058803319, -15.11654212111788986 ) ) ;
#1557 = CARTESIAN_POINT ( 'NONE',  ( -3.027822915028147932, 36.73160648748268642, 5.244343125150169982 ) ) ;
#1558 = CARTESIAN_POINT ( 'NONE',  ( 0.2413233637051040992, 15.13026897845205276, 2.508297718763870865 ) ) ;
#1559 = CARTESIAN_POINT ( 'NONE',  ( 7.933541521070133662, 33.54527997055239297, 0.000000000000000000 ) ) ;
#1560 = VERTEX_POINT ( 'NONE', #6958 ) ;
#1561 = EDGE_CURVE ( 'NONE', #2738, #7896, #2478, .T. ) ;
#1562 = CARTESIAN_POINT ( 'NONE',  ( -1.753381875526862865, 14.26794545549869753, 0.9630513500884924083 ) ) ;
#1563 = EDGE_CURVE ( 'NONE', #4185, #3844, #5889, .T. ) ;
#1564 = CARTESIAN_POINT ( 'NONE',  ( 1.774640815229346469, 14.26795665965070370, 0.9262362518578037829 ) ) ;
#1565 = CARTESIAN_POINT ( 'NONE',  ( 2.172029219244181686, 45.33504885725486133, 1.882417945172429219 ) ) ;
#1566 = CARTESIAN_POINT ( 'NONE',  ( 5.833515323363749339, 28.00000000000001066, 10.10394492679749412 ) ) ;
#1567 = CARTESIAN_POINT ( 'NONE',  ( -1.985578654838943136, 45.05246901346638566, 2.363496460462230164 ) ) ;
#1568 = CARTESIAN_POINT ( 'NONE',  ( 2.021865815619202422, 45.13516391697226027, -2.249244641002553280 ) ) ;
#1569 = EDGE_CURVE ( 'NONE', #4592, #7808, #966, .T. ) ;
#1570 = ORIENTED_EDGE ( 'NONE', *, *, #6616, .T. ) ;
#1571 = ORIENTED_EDGE ( 'NONE', *, *, #6519, .F. ) ;
#1572 = CARTESIAN_POINT ( 'NONE',  ( 5.833515323363606342, 28.00000000000001066, -10.10394492679757050 ) ) ;
#1573 = EDGE_CURVE ( 'NONE', #8035, #3651, #2050, .T. ) ;
#1574 = CARTESIAN_POINT ( 'NONE',  ( 0.3186733795066892805, 45.09453418793651736, 3.040218661462283034 ) ) ;
#1575 = DIRECTION ( 'NONE',  ( 0.000000000000000000, 0.3848457315043383176, 0.9229809114726537089 ) ) ;
#1576 = EDGE_CURVE ( 'NONE', #3844, #1499, #1760, .T. ) ;
#1577 = DIRECTION ( 'NONE',  ( 0.3948124892690944576, 0.6135897597487871558, 0.6838352908768067229 ) ) ;
#1578 = CARTESIAN_POINT ( 'NONE',  ( 8.638503887758778532, 25.39791341877129938, 0.000000000000000000 ) ) ;
#1579 = CARTESIAN_POINT ( 'NONE',  ( -9.293960574078163006, 15.99999999999994493, 14.09761191784569867 ) ) ;
#1580 = VERTEX_POINT ( 'NONE', #1810 ) ;
#1581 = EDGE_CURVE ( 'NONE', #3833, #2046, #6284, .T. ) ;
#1582 = ORIENTED_EDGE ( 'NONE', *, *, #6212, .T. ) ;
#1583 = CARTESIAN_POINT ( 'NONE',  ( -4.718467345856844908, 26.00000000000000711, 8.172625176878899111 ) ) ;
#1584 = VERTEX_POINT ( 'NONE', #3060 ) ;
#1585 = DIRECTION ( 'NONE',  ( 3.469446951953619316E-15, 0.7565957564419854009, -0.6538829110276395129 ) ) ;
#1586 = CARTESIAN_POINT ( 'NONE',  ( -2.695744417338860721, 44.75292953359708292, 1.359978737375326707 ) ) ;
#1587 = AXIS2_PLACEMENT_3D ( 'NONE', #2290, #7451, #4803 ) ;
#1588 = CARTESIAN_POINT ( 'NONE',  ( 0.8660254037668355664, 43.02671304668889007, 3.500000000009409806 ) ) ;
#1589 = DIRECTION ( 'NONE',  ( 0.000000000000000000, -1.000000000000000000, 0.000000000000000000 ) ) ;
#1590 = AXIS2_PLACEMENT_3D ( 'NONE', #1338, #5291, #8486 ) ;
#1591 = AXIS2_PLACEMENT_3D ( 'NONE', #2236, #6887, #275 ) ;
#1592 = VERTEX_POINT ( 'NONE', #8325 ) ;
#1593 = ORIENTED_EDGE ( 'NONE', *, *, #4952, .F. ) ;
#1594 = DIRECTION ( 'NONE',  ( -0.5000000000000041078, 0.000000000000000000, -0.8660254037844362651 ) ) ;
#1595 = AXIS2_PLACEMENT_3D ( 'NONE', #1290, #6427, #1189 ) ;
#1596 = CARTESIAN_POINT ( 'NONE',  ( 4.237854805850379769, 29.25648786325040973, -9.340179838832980863 ) ) ;
#1597 = CARTESIAN_POINT ( 'NONE',  ( -3.966770760535002882, 33.54527997055240007, 6.870648499225408656 ) ) ;
#1598 = CARTESIAN_POINT ( 'NONE',  ( 1.240030177607970741, 43.69040101300941359, -4.147795270533225498 ) ) ;
#1599 = CARTESIAN_POINT ( 'NONE',  ( -8.427935170293682887, 15.99999999999999289, 14.59761191784563472 ) ) ;
#1600 = ORIENTED_EDGE ( 'NONE', *, *, #6669, .F. ) ;
#1601 = EDGE_CURVE ( 'NONE', #6793, #292, #3819, .T. ) ;
#1602 = CARTESIAN_POINT ( 'NONE',  ( 1.640346026690076675, 14.24497536111726603, 1.145033371098909791 ) ) ;
#1603 = EDGE_CURVE ( 'NONE', #7544, #8096, #3282, .T. ) ;
#1604 = CARTESIAN_POINT ( 'NONE',  ( -2.410213091887965398, 33.73204452275091114, 6.174611532217753052 ) ) ;
#1605 = CARTESIAN_POINT ( 'NONE',  ( -6.333515323363752003, 28.00000000000001066, -10.96997033058192805 ) ) ;
#1606 = DIRECTION ( 'NONE',  ( 0.000000000000000000, 1.000000000000000000, 0.000000000000000000 ) ) ;
#1607 = CARTESIAN_POINT ( 'NONE',  ( 6.554828748425329366, 40.00000000000000711, -1.000000000000000000 ) ) ;
#1608 = CARTESIAN_POINT ( 'NONE',  ( -1.732050807568899620, 15.99999999999999645, -3.000000000000008882 ) ) ;
#1609 = DIRECTION ( 'NONE',  ( 0.000000000000000000, 0.000000000000000000, 1.000000000000000000 ) ) ;
#1610 = ORIENTED_EDGE ( 'NONE', *, *, #4, .T. ) ;
#1611 = CARTESIAN_POINT ( 'NONE',  ( 2.376406354085748962, 37.13239514139893060, -4.116056544706122367 ) ) ;
#1612 = CARTESIAN_POINT ( 'NONE',  ( -4.921388099825770190, 29.35288596414278217, 10.52409423265961408 ) ) ;
#1613 = CARTESIAN_POINT ( 'NONE',  ( 1.232066648825717481, 43.83320319354986339, -4.006087400305325730 ) ) ;
#1614 = CARTESIAN_POINT ( 'NONE',  ( 1.970112392048735117, 14.05162609757467251, -0.3805454735437480696 ) ) ;
#1615 = CARTESIAN_POINT ( 'NONE',  ( 8.727539662843588175, 16.80059265058807583, -15.11654212111796625 ) ) ;
#1616 = CARTESIAN_POINT ( 'NONE',  ( -2.598076211348121500, 43.02671304669548391, 2.500000000009823697 ) ) ;
#1617 = VERTEX_POINT ( 'NONE', #1852 ) ;
#1618 = AXIS2_PLACEMENT_3D ( 'NONE', #8181, #2302, #467 ) ;
#1619 = ORIENTED_EDGE ( 'NONE', *, *, #6963, .F. ) ;
#1620 = DIRECTION ( 'NONE',  ( -0.000000000000000000, -1.000000000000000000, -0.000000000000000000 ) ) ;
#1621 = ADVANCED_FACE ( 'NONE', ( #5127 ), #6402, .T. ) ;
#1622 = B_SPLINE_CURVE_WITH_KNOTS ( 'NONE', 3,
 ( #4510, #3273, #5842, #3230, #5040, #7678, #1804, #2471, #6004, #5344, #3478, #7985, #7216, #137, #7941, #4641, #4730, #12 ),
 .UNSPECIFIED., .F., .F.,
 ( 4, 2, 2, 2, 2, 2, 2, 2, 4 ),
 ( 0.000000000000000000, 0.0003636446835533791453, 0.0007272893671067582905, 0.001090934050660137544, 0.001454578734213517015, 0.001818223417766895835, 0.002181868101320274655, 0.002545512784873654559, 0.002909157468427034463 ),
 .UNSPECIFIED. ) ;
#1623 = VERTEX_POINT ( 'NONE', #1210 ) ;
#1624 = CARTESIAN_POINT ( 'NONE',  ( -5.421521137623372510, 23.11045397238621035, 7.390350064672470687 ) ) ;
#1625 = CARTESIAN_POINT ( 'NONE',  ( -0.1761279131955004185, 14.24567090926597324, 1.993928818092813859 ) ) ;
#1626 = DIRECTION ( 'NONE',  ( 0.5000000000000039968, -0.000000000000000000, 0.8660254037844363761 ) ) ;
#1627 = AXIS2_PLACEMENT_3D ( 'NONE', #3387, #6690, #3302 ) ;
#1628 = VERTEX_POINT ( 'NONE', #7140 ) ;
#1629 = AXIS2_PLACEMENT_3D ( 'NONE', #642, #6434, #552 ) ;
#1630 = ORIENTED_EDGE ( 'NONE', *, *, #6367, .F. ) ;
#1631 = CARTESIAN_POINT ( 'NONE',  ( 5.653820728298455833, 37.56619757069945109, -1.000000000000000000 ) ) ;
#1632 = CARTESIAN_POINT ( 'NONE',  ( 11.66703064672717538, 28.00000000000001066, 0.000000000000000000 ) ) ;
#1633 = FACE_OUTER_BOUND ( 'NONE', #3407, .T. ) ;
#1634 = CIRCLE ( 'NONE', #6438, 1.000000000000000222 ) ;
#1635 = FACE_OUTER_BOUND ( 'NONE', #2369, .T. ) ;
#1636 = DIRECTION ( 'NONE',  ( -0.5000000000001495470, 0.000000000000000000, 0.8660254037843524433 ) ) ;
#1637 = EDGE_CURVE ( 'NONE', #2749, #3910, #2522, .T. ) ;
#1638 = CIRCLE ( 'NONE', #7389, 1.000000000000000000 ) ;
#1639 = LINE ( 'NONE', #6790, #6716 ) ;
#1640 = DIRECTION ( 'NONE',  ( -0.8660254037844347108, 0.000000000000000000, 0.5000000000000071054 ) ) ;
#1641 = B_SPLINE_CURVE_WITH_KNOTS ( 'NONE', 3,
 ( #2705, #6629, #2112, #4739, #3485, #703, #2074, #2791, #4031, #4697 ),
 .UNSPECIFIED., .F., .F.,
 ( 4, 2, 2, 2, 4 ),
 ( 0.000000000000000000, 0.002886567610218616128, 0.005773135220437232255, 0.008659702830655847949, 0.01154627044087446625 ),
 .UNSPECIFIED. ) ;
#1642 = AXIS2_PLACEMENT_3D ( 'NONE', #5431, #7222, #7912 ) ;
#1643 = VERTEX_POINT ( 'NONE', #7819 ) ;
#1644 = CARTESIAN_POINT ( 'NONE',  ( -1.421339490425456376, 14.85970961660407497, 1.424484376836964827 ) ) ;
#1645 = CARTESIAN_POINT ( 'NONE',  ( 1.944309402847544943, 14.85970961660406964, 0.5186739176920428518 ) ) ;
#1646 = CARTESIAN_POINT ( 'NONE',  ( -0.1335565654290347404, 44.78566149655015494, -3.008265378507368304 ) ) ;
#1647 = CARTESIAN_POINT ( 'NONE',  ( 1.411388970428247180, 38.00000000000000711, 4.444597406024008990 ) ) ;
#1648 = CARTESIAN_POINT ( 'NONE',  ( -3.464101615137773926, 15.99999999999999645, 0.000000000000000000 ) ) ;
#1649 = CARTESIAN_POINT ( 'NONE',  ( -6.699540727148047381, 28.00000000000001421, 9.603944926797574055 ) ) ;
#1650 = CARTESIAN_POINT ( 'NONE',  ( 3.270869973732057900, 31.39650875750527703, -7.665312979455558562 ) ) ;
#1651 = B_SPLINE_CURVE_WITH_KNOTS ( 'NONE', 3,
 ( #5663, #2255, #7575, #8265, #4896, #6985, #6341, #465, #3665, #375, #3083, #5699 ),
 .UNSPECIFIED., .F., .F.,
 ( 4, 2, 2, 2, 2, 4 ),
 ( 0.0001921148925084548750, 0.0003283617142382646648, 0.0004646085359680744275, 0.0007371021794276941697, 0.001282089466346915006, 0.002372064040185375977 ),
 .UNSPECIFIED. ) ;
#1652 = AXIS2_PLACEMENT_3D ( 'NONE', #47, #5874, #5194 ) ;
#1653 = EDGE_CURVE ( 'NONE', #6200, #6524, #6974, .T. ) ;
#1654 = VERTEX_POINT ( 'NONE', #1785 ) ;
#1655 = DIRECTION ( 'NONE',  ( 1.000000000000000000, 8.673617379884035472E-17, -0.000000000000000000 ) ) ;
#1656 = EDGE_CURVE ( 'NONE', #3594, #2749, #3143, .T. ) ;
#1657 = CARTESIAN_POINT ( 'NONE',  ( -4.820791733482036712, 31.31292076370550959, 8.349856215097963386 ) ) ;
#1658 = CIRCLE ( 'NONE', #2751, 1.000000000110220055 ) ;
#1659 = CARTESIAN_POINT ( 'NONE',  ( 0.7425076716200428306, 45.25013936495213329, -2.843120016962882080 ) ) ;
#1660 = CARTESIAN_POINT ( 'NONE',  ( 14.21793438500620432, 19.36570602586099810, 0.000000000000000000 ) ) ;
#1661 = CARTESIAN_POINT ( 'NONE',  ( 8.263509343977863963, 31.40948356748942416, -1.000000000000000222 ) ) ;
#1662 = CARTESIAN_POINT ( 'NONE',  ( -1.536668311193735814, 14.18536639737309990, -1.282709063433205676 ) ) ;
#1663 = AXIS2_PLACEMENT_3D ( 'NONE', #884, #2690, #206 ) ;
#1664 = ORIENTED_EDGE ( 'NONE', *, *, #4646, .T. ) ;
#1665 = ORIENTED_EDGE ( 'NONE', *, *, #937, .F. ) ;
#1666 = LINE ( 'NONE', #932, #8434 ) ;
#1667 = ORIENTED_EDGE ( 'NONE', *, *, #7158, .F. ) ;
#1668 = CARTESIAN_POINT ( 'NONE',  ( -0.9682458365518589183, 13.99999999999999645, -1.749999999999997113 ) ) ;
#1669 = CARTESIAN_POINT ( 'NONE',  ( -1.615860075080460589, 14.23212241428305092, -1.179294965166797882 ) ) ;
#1671 = ADVANCED_FACE ( 'NONE', ( #1184 ), #5073, .T. ) ;
#1670 = CARTESIAN_POINT ( 'NONE',  ( 1.321784340589398976, 47.09063408240256621, -1.000000000006746603 ) ) ;
#1672 = AXIS2_PLACEMENT_3D ( 'NONE', #3148, #5759, #5128 ) ;
#1673 = FACE_OUTER_BOUND ( 'NONE', #237, .T. ) ;
#1674 = EDGE_CURVE ( 'NONE', #8331, #5159, #7518, .T. ) ;
#1675 = CIRCLE ( 'NONE', #4560, 1.000000000000000222 ) ;
#1676 = VERTEX_POINT ( 'NONE', #1921 ) ;
#1677 = EDGE_LOOP ( 'NONE', ( #4027, #29, #7090, #4225 ) ) ;
#1678 = DIRECTION ( 'NONE',  ( -0.5000000000000041078, 0.000000000000000000, -0.8660254037844362651 ) ) ;
#1679 = LINE ( 'NONE', #2309, #4800 ) ;
#1680 = EDGE_CURVE ( 'NONE', #5061, #1233, #7200, .T. ) ;
#1681 = CARTESIAN_POINT ( 'NONE',  ( -0.8220173529881467100, 48.46887637871932952, -1.644034705976293420 ) ) ;
#1682 = CARTESIAN_POINT ( 'NONE',  ( -7.561909766509452346, 15.99999999999999645, -15.09761191784552103 ) ) ;
#1683 = ADVANCED_FACE ( 'NONE', ( #1328 ), #3925, .T. ) ;
#1684 = CARTESIAN_POINT ( 'NONE',  ( 12.29072602511014445, 28.78166749643568068, 0.000000000000000000 ) ) ;
#1685 = ORIENTED_EDGE ( 'NONE', *, *, #96, .T. ) ;
#1686 = CARTESIAN_POINT ( 'NONE',  ( 3.004956367624983748, 44.10833792251582253, 1.108956930525416107 ) ) ;
#1687 = CARTESIAN_POINT ( 'NONE',  ( -4.212111162770423967, 43.69040101300925727, -0.9999999999999957812 ) ) ;
#1688 = CARTESIAN_POINT ( 'NONE',  ( -2.677084810010606830, 45.35253749461865169, 0.9999999999941335815 ) ) ;
#1689 = DIRECTION ( 'NONE',  ( -0.7816674964355592170, -0.6236953783828810272, 0.000000000000000000 ) ) ;
#1690 = DIRECTION ( 'NONE',  ( -0.9998336874493474191, 0.000000000000000000, 0.01823725421878644865 ) ) ;
#1691 = CARTESIAN_POINT ( 'NONE',  ( -4.145826489440989526, 33.72043394594719246, 5.180782119076829950 ) ) ;
#1692 = DIRECTION ( 'NONE',  ( 0.4999999999999919509, 0.000000000000000000, -0.8660254037844432595 ) ) ;
#1693 = CARTESIAN_POINT ( 'NONE',  ( -6.321131476596817400, 28.60386827335757332, -8.948520878788460919 ) ) ;
#1694 = EDGE_CURVE ( 'NONE', #2467, #292, #7942, .T. ) ;
#1695 = ORIENTED_EDGE ( 'NONE', *, *, #4649, .F. ) ;
#1696 = CARTESIAN_POINT ( 'NONE',  ( 3.464101615137773926, 43.02671304668722030, 0.000000000000000000 ) ) ;
#1697 = CARTESIAN_POINT ( 'NONE',  ( -4.319251943879427458, 25.39791341877129227, -7.481163817489720813 ) ) ;
#1698 = FACE_OUTER_BOUND ( 'NONE', #4995, .T. ) ;
#1699 = FACE_OUTER_BOUND ( 'NONE', #859, .T. ) ;
#1700 = CARTESIAN_POINT ( 'NONE',  ( 17.45507932568744280, 16.80059265058808649, 1.000000000000000000 ) ) ;
#1701 = CARTESIAN_POINT ( 'NONE',  ( -1.685029307834321477, 14.26710806153172229, -1.080957951682115947 ) ) ;
#1702 = ORIENTED_EDGE ( 'NONE', *, *, #8292, .T. ) ;
#1703 = ORIENTED_EDGE ( 'NONE', *, *, #6684, .F. ) ;
#1704 = CARTESIAN_POINT ( 'NONE',  ( 2.449440390100976472E-11, 48.84708589523609845, 0.000000000000000000 ) ) ;
#1705 = ORIENTED_EDGE ( 'NONE', *, *, #8362, .F. ) ;
#1706 = CARTESIAN_POINT ( 'NONE',  ( -0.3354133251620546319, 14.18855849479354347, -1.973455516936708509 ) ) ;
#1707 = CARTESIAN_POINT ( 'NONE',  ( -1.650159184614121477, 14.99999999999999645, -2.471215315344266195 ) ) ;
#1708 = CARTESIAN_POINT ( 'NONE',  ( -1.301042606982604926E-15, 14.99999999999999645, -1.000000000000000000 ) ) ;
#1709 = CARTESIAN_POINT ( 'NONE',  ( 1.633974596215517439, 40.00000000000000711, -4.830127018922209636 ) ) ;
#1710 = DIRECTION ( 'NONE',  ( -0.4999999999997957745, -0.000000000000000000, 0.8660254037845565023 ) ) ;
#1711 = ORIENTED_EDGE ( 'NONE', *, *, #4235, .T. ) ;
#1712 = EDGE_LOOP ( 'NONE', ( #1161, #5124, #7267, #7420 ) ) ;
#1713 = VECTOR ( 'NONE', #2121, 1000.000000000000000 ) ;
#1714 = DIRECTION ( 'NONE',  ( 0.000000000000000000, 0.000000000000000000, 1.000000000000000000 ) ) ;
#1715 = SPHERICAL_SURFACE ( 'NONE', #1959, 1.000000000000000000 ) ;
#1716 = AXIS2_PLACEMENT_3D ( 'NONE', #6408, #3832, #1905 ) ;
#1717 = ADVANCED_FACE ( 'NONE', ( #8475 ), #674, .T. ) ;
#1718 = CARTESIAN_POINT ( 'NONE',  ( 0.1196833769559098454, 15.13402734688820672, 2.499885791812026525 ) ) ;
#1719 = CIRCLE ( 'NONE', #1627, 1.999999999999999334 ) ;
#1720 = ORIENTED_EDGE ( 'NONE', *, *, #8439, .T. ) ;
#1721 = CIRCLE ( 'NONE', #1860, 0.9999999999999991118 ) ;
#1722 = CYLINDRICAL_SURFACE ( 'NONE', #140, 1.000000000000000000 ) ;
#1723 = ADVANCED_FACE ( 'NONE', ( #6423 ), #3173, .T. ) ;
#1724 = CARTESIAN_POINT ( 'NONE',  ( 3.852441942072521552, 26.00000000000001066, 8.672625176878836939 ) ) ;
#1725 = DIRECTION ( 'NONE',  ( 1.000000000000000000, 0.000000000000000000, 0.000000000000000000 ) ) ;
#1726 = DIRECTION ( 'NONE',  ( -0.01823725421878644865, 6.775136600354852392E-18, -0.9998336874493474191 ) ) ;
#1727 = CYLINDRICAL_SURFACE ( 'NONE', #5035, 1.000000000000000000 ) ;
#1728 = CARTESIAN_POINT ( 'NONE',  ( -0.5037408309062775258, 47.96057468390884537, 1.000000000021126878 ) ) ;
#1729 = CARTESIAN_POINT ( 'NONE',  ( -3.464101615137717527, 15.99999999999999645, 2.000000000000000000 ) ) ;
#1730 = CARTESIAN_POINT ( 'NONE',  ( -2.570675112630076420, 44.82642464147133410, -1.548708703519873664 ) ) ;
#1731 = CARTESIAN_POINT ( 'NONE',  ( 1.945025858667284613, 14.85996621442077092, -0.5160225869912358210 ) ) ;
#1732 = VERTEX_POINT ( 'NONE', #7883 ) ;
#1733 = DIRECTION ( 'NONE',  ( -0.5000000000000039968, 0.000000000000000000, -0.8660254037844362651 ) ) ;
#1734 = DIRECTION ( 'NONE',  ( 0.000000000000000000, 0.000000000000000000, 1.000000000000000000 ) ) ;
#1735 = CARTESIAN_POINT ( 'NONE',  ( 4.207071399914168452, 40.00000000000000711, 5.286861415721199720 ) ) ;
#1736 = CARTESIAN_POINT ( 'NONE',  ( -2.021166494038831640, 43.88174952078728808, -3.500763048465411753 ) ) ;
#1737 = CARTESIAN_POINT ( 'NONE',  ( -0.4422917477298700661, 45.55998058464084011, -2.510538130516623223 ) ) ;
#1738 = CARTESIAN_POINT ( 'NONE',  ( 3.660700618875235346, 35.39490556812327071, 4.340519463190687155 ) ) ;
#1739 = DIRECTION ( 'NONE',  ( -0.4999999999999919509, 0.000000000000000000, 0.8660254037844432595 ) ) ;
#1740 = EDGE_LOOP ( 'NONE', ( #986, #520, #7792, #7545 ) ) ;
#1741 = ORIENTED_EDGE ( 'NONE', *, *, #2574, .F. ) ;
#1742 = CARTESIAN_POINT ( 'NONE',  ( 3.453226540094878061, 25.39791341877128517, -7.981163817489776768 ) ) ;
#1743 = ORIENTED_EDGE ( 'NONE', *, *, #1095, .T. ) ;
#1744 = CARTESIAN_POINT ( 'NONE',  ( -0.6564800503374543794, 14.05110501972482417, -1.896398966051932478 ) ) ;
#1745 = CARTESIAN_POINT ( 'NONE',  ( -8.451237444853324732, 17.26148365312199573, 12.63797264131481590 ) ) ;
#1746 = CARTESIAN_POINT ( 'NONE',  ( 1.056946890837226594, 47.40807935302276377, -1.000000000006747047 ) ) ;
#1747 = FACE_OUTER_BOUND ( 'NONE', #2921, .T. ) ;
#1748 =( BOUNDED_SURFACE ( )  B_SPLINE_SURFACE ( 3, 2, ( 
 ( #2152, #5935, #4785 ),
 ( #7223, #107, #2707 ),
 ( #6709, #3403, #1476 ),
 ( #2034, #6672, #7869 ),
 ( #7391, #5354, #4076 ),
 ( #3906, #3278, #3447 ),
 ( #1438, #7954, #5272 ),
 ( #1354, #7263, #785 ),
 ( #2075, #6055, #3323 ),
 ( #67, #6011, #8034 ),
 ( #2663, #6550, #4698 ),
 ( #4033, #21, #2792 ),
 ( #2626, #149, #1993 ),
 ( #2756, #5312, #4610 ),
 ( #4650, #3994, #5636 ),
 ( #3563, #4120, #7468 ) ),
 .UNSPECIFIED., .F., .F., .T. ) 
 B_SPLINE_SURFACE_WITH_KNOTS ( ( 4, 2, 2, 2, 2, 2, 2, 4 ),
 ( 3, 3 ),
 ( 0.000000000000000000, 0.0007675504642996881961, 0.001151325696449532294, 0.001343213312524454452, 0.001535100928599376392, 0.001918876160749220490, 0.002302651392899064588, 0.003070201857198752785 ),
 ( 0.000000000000000000, 1.000000000000000000 ),
 .UNSPECIFIED. ) 
 GEOMETRIC_REPRESENTATION_ITEM ( )  RATIONAL_B_SPLINE_SURFACE ( (
 ( 1.000000000000000000, 0.7071067811865475727, 1.000000000000000000),
 ( 1.000000000000000000, 0.7173360178718394264, 1.000000000000000000),
 ( 1.000000000000000000, 0.7452096672412032996, 1.000000000000000000),
 ( 1.000000000000000000, 0.7999646156165087785, 1.000000000000000000),
 ( 1.000000000000000000, 0.8202557753888163328, 1.000000000000000000),
 ( 1.000000000000000000, 0.8453484808097158076, 1.000000000000000000),
 ( 1.000000000000000000, 0.8527166563812320632, 1.000000000000000000),
 ( 1.000000000000000000, 0.8631375187652450265, 1.000000000000000000),
 ( 1.000000000000000000, 0.8660232239077970684, 1.000000000000000000),
 ( 1.000000000000000000, 0.8660297596612968052, 1.000000000000000000),
 ( 1.000000000000000000, 0.8542089608284941793, 1.000000000000000000),
 ( 1.000000000000000000, 0.8207685513182476633, 1.000000000000000000),
 ( 1.000000000000000000, 0.8003984184072241437, 1.000000000000000000),
 ( 1.000000000000000000, 0.7458108782817975957, 1.000000000000000000),
 ( 1.000000000000000000, 0.7175487335154336899, 1.000000000000000000),
 ( 1.000000000000000000, 0.7071067811865475727, 1.000000000000000000) ) ) 
 REPRESENTATION_ITEM ( '' )  SURFACE ( )  );
#1749 = DIRECTION ( 'NONE',  ( 8.673617379884027583E-16, -0.3848457315043445903, 0.9229809114726512664 ) ) ;
#1750 = CIRCLE ( 'NONE', #7633, 1.000000000000000000 ) ;
#1751 = ORIENTED_EDGE ( 'NONE', *, *, #7953, .F. ) ;
#1752 = VERTEX_POINT ( 'NONE', #7322 ) ;
#1753 = CARTESIAN_POINT ( 'NONE',  ( 0.8660254037844432595, 0.000000000000000000, 0.4999999999999920064 ) ) ;
#1754 = DIRECTION ( 'NONE',  ( 1.000000000000000000, 0.000000000000000000, 0.000000000000000000 ) ) ;
#1755 = EDGE_CURVE ( 'NONE', #7808, #4392, #1078, .T. ) ;
#1756 = CARTESIAN_POINT ( 'NONE',  ( 2.576291547173215069, 42.63044206161608685, -4.462267880640472306 ) ) ;
#1757 = CARTESIAN_POINT ( 'NONE',  ( -5.643523463968852738, 22.24380574783605269, 9.774869373301369180 ) ) ;
#1758 = AXIS2_PLACEMENT_3D ( 'NONE', #1882, #6530, #3264 ) ;
#1759 = EDGE_LOOP ( 'NONE', ( #5293, #3336, #3761, #2681, #4007, #5236 ) ) ;
#1760 = CIRCLE ( 'NONE', #1225, 1.999999999999999778 ) ;
#1761 = CYLINDRICAL_SURFACE ( 'NONE', #4087, 1.000000000000000000 ) ;
#1762 = CARTESIAN_POINT ( 'NONE',  ( 16.85587034057315492, 16.00000000001083578, -1.000000000000000000 ) ) ;
#1763 = AXIS2_PLACEMENT_3D ( 'NONE', #5563, #879, #283 ) ;
#1764 = CARTESIAN_POINT ( 'NONE',  ( -2.594993627784052403, 44.83594641401854375, 1.503082292468291392 ) ) ;
#1765 = CARTESIAN_POINT ( 'NONE',  ( -1.510380950301309477, 37.13239514139890929, 4.616056544706118814 ) ) ;
#1766 = CARTESIAN_POINT ( 'NONE',  ( 6.554828748425329366, 40.00000000000000711, 0.000000000000000000 ) ) ;
#1767 = SPHERICAL_SURFACE ( 'NONE', #559, 1.000000000000000000 ) ;
#1768 = EDGE_CURVE ( 'NONE', #6786, #3844, #7120, .T. ) ;
#1769 = DIRECTION ( 'NONE',  ( 0.4999999999999919509, 0.000000000000000000, -0.8660254037844432595 ) ) ;
#1770 = CARTESIAN_POINT ( 'NONE',  ( 7.500000000000002665, 27.00000000000001066, 0.000000000000000000 ) ) ;
#1771 = AXIS2_PLACEMENT_3D ( 'NONE', #7955, #1477, #745 ) ;
#1772 = EDGE_CURVE ( 'NONE', #1233, #7841, #4367, .T. ) ;
#1773 = CIRCLE ( 'NONE', #6589, 1.000000000000000222 ) ;
#1774 = EDGE_LOOP ( 'NONE', ( #119, #1326, #177, #8358 ) ) ;
#1775 = CARTESIAN_POINT ( 'NONE',  ( -3.341045996132444795, 40.00000000000000711, 5.786861415726089142 ) ) ;
#1776 = DIRECTION ( 'NONE',  ( -0.000000000000000000, 0.000000000000000000, -1.000000000000000000 ) ) ;
#1777 = CARTESIAN_POINT ( 'NONE',  ( -3.525468261073078313, 44.49377519881123533, -0.1604918244807875816 ) ) ;
#1778 = DIRECTION ( 'NONE',  ( -0.4999999999999919509, -4.336808689941948094E-17, 0.8660254037844432595 ) ) ;
#1779 = CARTESIAN_POINT ( 'NONE',  ( -0.008684738468463534464, 44.83264541169403117, -2.999488757791655580 ) ) ;
#1780 = FACE_OUTER_BOUND ( 'NONE', #6825, .T. ) ;
#1781 = CARTESIAN_POINT ( 'NONE',  ( 2.826910364149179511, 37.56619757069947951, -4.896352379149519152 ) ) ;
#1782 = ORIENTED_EDGE ( 'NONE', *, *, #3351, .T. ) ;
#1783 = ORIENTED_EDGE ( 'NONE', *, *, #5253, .F. ) ;
#1784 = CARTESIAN_POINT ( 'NONE',  ( -7.561909766501901942, 16.00000000001098144, 15.09761191783291245 ) ) ;
#1785 = CARTESIAN_POINT ( 'NONE',  ( -6.333515323363598348, 28.00000000000001066, 10.96997033058201509 ) ) ;
#1786 = ORIENTED_EDGE ( 'NONE', *, *, #2029, .T. ) ;
#1787 = CIRCLE ( 'NONE', #6601, 1.000000000000000222 ) ;
#1788 = CARTESIAN_POINT ( 'NONE',  ( 7.401712842539431847, 34.26505463002821017, 0.000000000000000000 ) ) ;
#1789 = CARTESIAN_POINT ( 'NONE',  ( 4.212111162788412244, 43.69040101300170420, -1.175757523163663176E-24 ) ) ;
#1790 = CARTESIAN_POINT ( 'NONE',  ( -1.968264876615221759, 14.87132365550066204, -0.4189960452865404417 ) ) ;
#1791 = EDGE_CURVE ( 'NONE', #7644, #3807, #2427, .T. ) ;
#1792 = DIRECTION ( 'NONE',  ( -0.5000000000000039968, 0.000000000000000000, -0.8660254037844363761 ) ) ;
#1793 = CARTESIAN_POINT ( 'NONE',  ( 0.7937930625290231523, 43.66668134715241223, -4.440982571304845195 ) ) ;
#1794 = SPHERICAL_SURFACE ( 'NONE', #5561, 1.000000000000000000 ) ;
#1795 = AXIS2_PLACEMENT_3D ( 'NONE', #1405, #6099, #7998 ) ;
#1796 = VECTOR ( 'NONE', #1692, 1000.000000000000000 ) ;
#1797 = ORIENTED_EDGE ( 'NONE', *, *, #6130, .T. ) ;
#1798 = VERTEX_POINT ( 'NONE', #4667 ) ;
#1799 = VERTEX_POINT ( 'NONE', #7280 ) ;
#1800 = CARTESIAN_POINT ( 'NONE',  ( -7.897718084072680611, 18.04276379885980930, -13.67924898543025414 ) ) ;
#1801 = AXIS2_PLACEMENT_3D ( 'NONE', #4227, #8179, #7752 ) ;
#1802 =( BOUNDED_SURFACE ( )  B_SPLINE_SURFACE ( 3, 2, ( 
 ( #1448, #7233, #1365 ),
 ( #5325, #4663, #4048 ),
 ( #6640, #3377, #6683 ),
 ( #5983, #6324, #4967 ) ),
 .UNSPECIFIED., .F., .F., .F. ) 
 B_SPLINE_SURFACE_WITH_KNOTS ( ( 4, 4 ),
 ( 3, 3 ),
 ( 0.000000000000000000, 0.004418308664759704879 ),
 ( 0.000000000000000000, 1.000000000000000000 ),
 .UNSPECIFIED. ) 
 GEOMETRIC_REPRESENTATION_ITEM ( )  RATIONAL_B_SPLINE_SURFACE ( (
 ( 1.000000000000000000, 0.7071067811866912356, 1.000000000000000000),
 ( 1.000000000000000000, 0.7071067811866912356, 1.000000000000000000),
 ( 1.000000000000000000, 0.7071067811864839570, 1.000000000000000000),
 ( 1.000000000000000000, 0.7071067811864839570, 1.000000000000000000) ) ) 
 REPRESENTATION_ITEM ( '' )  SURFACE ( )  );
#1803 = CARTESIAN_POINT ( 'NONE',  ( -2.359739956870511080, 45.77237003093008383, -2.889847985001584702E-16 ) ) ;
#1804 = CARTESIAN_POINT ( 'NONE',  ( -2.445963215507844790, 15.11436273850692658, 0.8443564947885014993 ) ) ;
#1805 = CARTESIAN_POINT ( 'NONE',  ( 3.277414374212611392, 38.00000000000002132, -5.676648213592922154 ) ) ;
#1806 = EDGE_LOOP ( 'NONE', ( #1153, #5958, #6693, #2973 ) ) ;
#1807 = AXIS2_PLACEMENT_3D ( 'NONE', #6409, #6594, #72 ) ;
#1808 = EDGE_CURVE ( 'NONE', #7382, #3508, #3141, .T. ) ;
#1809 = CIRCLE ( 'NONE', #6883, 2.000000000000000000 ) ;
#1810 = CARTESIAN_POINT ( 'NONE',  ( 4.207071399911487042, 40.00000000000000711, -5.286861415716743728 ) ) ;
#1811 = CARTESIAN_POINT ( 'NONE',  ( -7.295681752009341103, 40.78962497853655123, -1.000000000000001776 ) ) ;
#1812 = DIRECTION ( 'NONE',  ( -0.000000000000000000, -1.000000000000000000, 0.000000000000000000 ) ) ;
#1813 = DIRECTION ( 'NONE',  ( 0.8660254037844433705, 0.000000000000000000, 0.4999999999999918399 ) ) ;
#1814 = CARTESIAN_POINT ( 'NONE',  ( 0.4330127018922143023, 15.99999999999999645, -0.7500000000000074385 ) ) ;
#1815 = CARTESIAN_POINT ( 'NONE',  ( 1.858784228550098394, 14.84829097422526090, -0.7489982874077462105 ) ) ;
#1816 = CARTESIAN_POINT ( 'NONE',  ( -4.143439777997124374, 38.00000000000001421, -5.176648213592868863 ) ) ;
#1817 = ADVANCED_FACE ( 'NONE', ( #4881 ), #8201, .T. ) ;
#1818 = EDGE_LOOP ( 'NONE', ( #1252, #5921, #5205 ) ) ;
#1819 = EDGE_CURVE ( 'NONE', #5105, #4143, #133, .T. ) ;
#1820 = CARTESIAN_POINT ( 'NONE',  ( -3.929972578311714759, 44.01282709432022244, -0.01984455322797590987 ) ) ;
#1821 = CARTESIAN_POINT ( 'NONE',  ( 1.651637374890012833, 14.99999999999999645, -2.469793862815553354 ) ) ;
#1822 = CARTESIAN_POINT ( 'NONE',  ( -2.493682538492699052, 44.64676428981456269, -1.751512483942954779 ) ) ;
#1823 = CIRCLE ( 'NONE', #3058, 2.000000000000000000 ) ;
#1824 = CARTESIAN_POINT ( 'NONE',  ( 0.000000000000000000, 0.000000000000000000, 1.000000000000000000 ) ) ;
#1825 = CARTESIAN_POINT ( 'NONE',  ( 3.704221344084090095, 34.25427431978812365, 6.415899570434395294 ) ) ;
#1826 = CARTESIAN_POINT ( 'NONE',  ( 1.815286206794087587, 15.06293419784200083, -2.102269100566851900 ) ) ;
#1827 = ORIENTED_EDGE ( 'NONE', *, *, #694, .F. ) ;
#1828 = VERTEX_POINT ( 'NONE', #8087 ) ;
#1829 = EDGE_CURVE ( 'NONE', #5730, #767, #7799, .T. ) ;
#1830 = DIRECTION ( 'NONE',  ( 1.011113220803299684E-26, 1.000000000000000000, 5.551115123125782702E-14 ) ) ;
#1831 = ORIENTED_EDGE ( 'NONE', *, *, #6880, .T. ) ;
#1832 = CARTESIAN_POINT ( 'NONE',  ( 10.51419677081846160, 21.55129679680682742, -1.000000000000000000 ) ) ;
#1833 = ADVANCED_FACE ( 'NONE', ( #3028 ), #6970, .T. ) ;
#1834 = CARTESIAN_POINT ( 'NONE',  ( 0.3375519583693588066, 47.40807935300779974, -1.415342857934727361 ) ) ;
#1835 = CARTESIAN_POINT ( 'NONE',  ( -2.886957418349790139, 15.02555247998980015, -0.3302977835306977195 ) ) ;
#1836 = DIRECTION ( 'NONE',  ( -0.9010080201268693134, 0.4338024293005502963, 1.776356839400249676E-15 ) ) ;
#1837 = CARTESIAN_POINT ( 'NONE',  ( 3.277414374212691772, 38.00000000000000711, 5.676648213592877745 ) ) ;
#1838 = DIRECTION ( 'NONE',  ( -1.000000000000000000, -0.000000000000000000, -0.000000000000000000 ) ) ;
#1839 = DIRECTION ( 'NONE',  ( -0.3908337482176865163, -0.6236953783827412501, -0.6769439092259589286 ) ) ;
#1840 = ORIENTED_EDGE ( 'NONE', *, *, #5767, .F. ) ;
#1841 = ORIENTED_EDGE ( 'NONE', *, *, #4056, .F. ) ;
#1842 = ORIENTED_EDGE ( 'NONE', *, *, #3680, .F. ) ;
#1843 = CARTESIAN_POINT ( 'NONE',  ( -10.91451494294079438, 29.96536639209064390, 0.000000000000000000 ) ) ;
#1844 = DIRECTION ( 'NONE',  ( -1.000000000000000000, -0.000000000000000000, 0.000000000000000000 ) ) ;
#1845 = CARTESIAN_POINT ( 'NONE',  ( 0.8441623326512409653, 15.07334009589849622, 2.609620652183331835 ) ) ;
#1846 = CARTESIAN_POINT ( 'NONE',  ( -3.464101615137717527, 15.99999999999999645, 0.000000000000000000 ) ) ;
#1847 = EDGE_CURVE ( 'NONE', #5250, #5936, #6145, .T. ) ;
#1848 = AXIS2_PLACEMENT_3D ( 'NONE', #7317, #4707, #7442 ) ;
#1849 = EDGE_LOOP ( 'NONE', ( #8155, #2996, #4595, #4849, #2605 ) ) ;
#1850 = EDGE_CURVE ( 'NONE', #2349, #5028, #7779, .T. ) ;
#1851 = LINE ( 'NONE', #2975, #3678 ) ;
#1852 = CARTESIAN_POINT ( 'NONE',  ( -0.8660254037844161701, 43.02671304670307961, 3.500000000000025313 ) ) ;
#1853 = DIRECTION ( 'NONE',  ( 0.5000000000000039968, -0.000000000000000000, 0.8660254037844362651 ) ) ;
#1854 = CARTESIAN_POINT ( 'NONE',  ( 0.1927985514572164716, 47.92703760326411100, 1.121505492260126857 ) ) ;
#1855 = AXIS2_PLACEMENT_3D ( 'NONE', #3132, #1418, #5195 ) ;
#1856 = DIRECTION ( 'NONE',  ( -1.000000000000000000, 0.000000000000000000, 0.000000000000000000 ) ) ;
#1857 = CARTESIAN_POINT ( 'NONE',  ( 6.554828748425329366, 40.00000000000000711, 1.000000000000000000 ) ) ;
#1858 = CARTESIAN_POINT ( 'NONE',  ( 1.850084796327035042, 15.07749418221943927, -1.999999999975661913 ) ) ;
#1859 = CARTESIAN_POINT ( 'NONE',  ( 2.528463992544795591, 43.38117190895651731, 2.361234814175617647 ) ) ;
#1860 = AXIS2_PLACEMENT_3D ( 'NONE', #5321, #6061, #2843 ) ;
#1861 = ORIENTED_EDGE ( 'NONE', *, *, #5044, .F. ) ;
#1862 = ADVANCED_FACE ( 'NONE', ( #1863 ), #4514, .T. ) ;
#1863 = FACE_OUTER_BOUND ( 'NONE', #7244, .T. ) ;
#1864 = CARTESIAN_POINT ( 'NONE',  ( -0.4330127018922217963, 14.99999999999999645, -0.7499999999999966693 ) ) ;
#1865 = DIRECTION ( 'NONE',  ( -0.4999999999986596277, 0.000000000000000000, 0.8660254037852125331 ) ) ;
#1866 = CARTESIAN_POINT ( 'NONE',  ( -1.901156624297209330, 44.45408106585470165, -3.010192105935034057 ) ) ;
#1867 = AXIS2_PLACEMENT_3D ( 'NONE', #1239, #7238, #5736 ) ;
#1868 = CARTESIAN_POINT ( 'NONE',  ( -0.1700960735050211503, 44.75292953360082038, -3.014572516232074229 ) ) ;
#1869 = DIRECTION ( 'NONE',  ( -0.5000000000000037748, 0.000000000000000000, -0.8660254037844364872 ) ) ;
#1870 = CARTESIAN_POINT ( 'NONE',  ( 3.234447645853908426, 35.87328699889101813, -5.602227657048006293 ) ) ;
#1871 = DIRECTION ( 'NONE',  ( 0.000000000000000000, 1.000000000000000000, 0.000000000000000000 ) ) ;
#1872 = ORIENTED_EDGE ( 'NONE', *, *, #3645, .T. ) ;
#1873 = ORIENTED_EDGE ( 'NONE', *, *, #315, .T. ) ;
#1874 = CARTESIAN_POINT ( 'NONE',  ( 1.083332010228244435, 44.29058138109234477, 3.606268312600635628 ) ) ;
#1875 = ORIENTED_EDGE ( 'NONE', *, *, #5525, .T. ) ;
#1876 = DIRECTION ( 'NONE',  ( 1.000000000000000000, 0.000000000000000000, 0.000000000000000000 ) ) ;
#1877 = DIRECTION ( 'NONE',  ( -0.4999999999999919509, 0.000000000000000000, 0.8660254037844432595 ) ) ;
#1878 = CARTESIAN_POINT ( 'NONE',  ( -8.475309900986635725, 23.95343529709312591, 1.000000000000000000 ) ) ;
#1879 = CARTESIAN_POINT ( 'NONE',  ( -0.000000000000000000, 28.00000000000001066, -1.000000000000000000 ) ) ;
#1880 = CARTESIAN_POINT ( 'NONE',  ( -3.204261404800448076, 44.87522322620995396, -0.3767169124174620798 ) ) ;
#1881 = CARTESIAN_POINT ( 'NONE',  ( -0.9747005479159760455, 47.92703760323925621, -0.6457985371276794284 ) ) ;
#1882 = CARTESIAN_POINT ( 'NONE',  ( 3.464101615137773926, 15.99999999999999645, 0.000000000000000000 ) ) ;
#1883 = SHAPE_DEFINITION_REPRESENTATION ( #2929, #1012 ) ;
#1884 = DIRECTION ( 'NONE',  ( 8.673617379884035472E-17, -1.000000000000000000, 0.000000000000000000 ) ) ;
#1885 = CARTESIAN_POINT ( 'NONE',  ( -1.352848102141614106, 41.92936601283705755, -4.343201647822366063 ) ) ;
#1886 = ORIENTED_EDGE ( 'NONE', *, *, #1402, .T. ) ;
#1887 = EDGE_CURVE ( 'NONE', #4392, #3966, #6463, .T. ) ;
#1888 = EDGE_CURVE ( 'NONE', #5042, #1478, #942, .T. ) ;
#1889 = ORIENTED_EDGE ( 'NONE', *, *, #304, .F. ) ;
#1890 = ORIENTED_EDGE ( 'NONE', *, *, #6868, .T. ) ;
#1891 = CARTESIAN_POINT ( 'NONE',  ( -6.468064121920586551, 35.87501333697367301, 1.000000000000000000 ) ) ;
#1892 = DIRECTION ( 'NONE',  ( 8.673617379884035472E-17, -1.000000000000000000, 0.000000000000000000 ) ) ;
#1893 = CARTESIAN_POINT ( 'NONE',  ( -5.690178645744032870, 31.30501039346466996, 7.855678518572508651 ) ) ;
#1894 = CARTESIAN_POINT ( 'NONE',  ( 1.836970198721029589E-15, 1.000000000000000000, 15.00000000000000000 ) ) ;
#1895 = CARTESIAN_POINT ( 'NONE',  ( -8.727539662843591728, 16.80059265058806872, 15.11654212111797513 ) ) ;
#1896 = ORIENTED_EDGE ( 'NONE', *, *, #3704, .F. ) ;
#1897 = VECTOR ( 'NONE', #6259, 1000.000000000000000 ) ;
#1898 = DIRECTION ( 'NONE',  ( -0.7896249785385487385, -0.6135897597483160881, 0.000000000000000000 ) ) ;
#1899 = ADVANCED_FACE ( 'NONE', ( #7151 ), #6190, .F. ) ;
#1900 = FACE_OUTER_BOUND ( 'NONE', #6337, .T. ) ;
#1901 = CARTESIAN_POINT ( 'NONE',  ( 1.732050807568830564, 14.99999999999999645, -2.999999999999983569 ) ) ;
#1902 = DIRECTION ( 'NONE',  ( -0.5000000000000041078, 0.000000000000000000, -0.8660254037844364872 ) ) ;
#1903 = DIRECTION ( 'NONE',  ( 0.000000000000000000, -1.000000000000000000, 0.000000000000000000 ) ) ;
#1904 = DIRECTION ( 'NONE',  ( 0.000000000000000000, -0.5583083738392582429, 0.8296335092683775336 ) ) ;
#1905 = DIRECTION ( 'NONE',  ( -0.8660254037844433705, 0.000000000000000000, -0.4999999999999918399 ) ) ;
#1906 = AXIS2_PLACEMENT_3D ( 'NONE', #323, #5529, #2241 ) ;
#1907 = ORIENTED_EDGE ( 'NONE', *, *, #416, .T. ) ;
#1908 = VECTOR ( 'NONE', #7850, 1000.000000000000114 ) ;
#1909 = CARTESIAN_POINT ( 'NONE',  ( 3.464101615137773926, 43.02671304668722030, 1.000000000000000000 ) ) ;
#1910 = DIRECTION ( 'NONE',  ( 0.5000000000000039968, -0.000000000000000000, 0.8660254037844363761 ) ) ;
#1911 = CARTESIAN_POINT ( 'NONE',  ( -2.476269106196048231, 43.82063595706705428, -2.177735624852613405 ) ) ;
#1912 = CARTESIAN_POINT ( 'NONE',  ( 2.529502130931919446, 44.77402941304189454, 1.639468400725134778 ) ) ;
#1913 = CIRCLE ( 'NONE', #3454, 2.000000000000000000 ) ;
#1914 = CARTESIAN_POINT ( 'NONE',  ( 2.601975831878890588, 44.83264541166231965, -1.492223174682304698 ) ) ;
#1915 = CARTESIAN_POINT ( 'NONE',  ( 2.183408629457779693, 40.45320277122930719, -5.781774679905315573 ) ) ;
#1916 = AXIS2_PLACEMENT_3D ( 'NONE', #5169, #1989, #2572 ) ;
#1917 = ADVANCED_FACE ( 'NONE', ( #2619 ), #5615, .T. ) ;
#1918 = EDGE_LOOP ( 'NONE', ( #987, #4259, #6573, #498 ) ) ;
#1919 = ORIENTED_EDGE ( 'NONE', *, *, #257, .T. ) ;
#1920 = EDGE_CURVE ( 'NONE', #7462, #3470, #1098, .T. ) ;
#1921 = CARTESIAN_POINT ( 'NONE',  ( 1.452368754827788377, 14.99999999999999645, 2.624999999999996003 ) ) ;
#1922 = VERTEX_POINT ( 'NONE', #2747 ) ;
#1923 = CARTESIAN_POINT ( 'NONE',  ( 9.871964657172657809, 23.76221333098602884, 0.000000000000000000 ) ) ;
#1924 = DIRECTION ( 'NONE',  ( -0.8660254037844362651, -0.000000000000000000, 0.5000000000000039968 ) ) ;
#1925 = SPHERICAL_SURFACE ( 'NONE', #774, 1.000000000000000000 ) ;
#1926 = CARTESIAN_POINT ( 'NONE',  ( 9.436934691713835477, 27.00000000000001066, 0.000000000000000000 ) ) ;
#1927 = CARTESIAN_POINT ( 'NONE',  ( -3.952612910331726237, 43.98286852828451998, -6.780995805446427598E-10 ) ) ;
#1928 = CARTESIAN_POINT ( 'NONE',  ( -2.499999999999960032, 39.00000000000000711, 4.330127018922217630 ) ) ;
#1929 = CARTESIAN_POINT ( 'NONE',  ( -2.000000000000000000, 13.99999999999999467, 0.000000000000000000 ) ) ;
#1930 = DIRECTION ( 'NONE',  ( -0.8660254037844362651, -0.000000000000000000, 0.5000000000000039968 ) ) ;
#1931 = ORIENTED_EDGE ( 'NONE', *, *, #8439, .F. ) ;
#1932 = CIRCLE ( 'NONE', #7820, 1.000000000000000888 ) ;
#1933 = ORIENTED_EDGE ( 'NONE', *, *, #407, .F. ) ;
#1934 = ORIENTED_EDGE ( 'NONE', *, *, #3921, .F. ) ;
#1935 = EDGE_CURVE ( 'NONE', #3225, #3448, #5391, .T. ) ;
#1936 = EDGE_LOOP ( 'NONE', ( #6711, #7831, #102, #8218 ) ) ;
#1937 = EDGE_CURVE ( 'NONE', #4212, #2897, #2107, .T. ) ;
#1938 = CARTESIAN_POINT ( 'NONE',  ( -12.29072602511001300, 28.78166749643578726, 1.000000000000001110 ) ) ;
#1939 = DIRECTION ( 'NONE',  ( 0.000000000000000000, -1.000000000000000000, 0.000000000000000000 ) ) ;
#1940 = VECTOR ( 'NONE', #1447, 1000.000000000000000 ) ;
#1941 = EDGE_CURVE ( 'NONE', #6776, #6094, #1221, .T. ) ;
#1942 = CARTESIAN_POINT ( 'NONE',  ( -5.002920781300469244, 31.39650875750182735, 6.665312979454747655 ) ) ;
#1943 = CARTESIAN_POINT ( 'NONE',  ( 2.106055581396092613, 43.69040101301946777, -3.647795270529948120 ) ) ;
#1944 = ORIENTED_EDGE ( 'NONE', *, *, #4296, .F. ) ;
#1945 = CIRCLE ( 'NONE', #3039, 1.000000000000000666 ) ;
#1946 = EDGE_CURVE ( 'NONE', #1052, #8099, #3817, .T. ) ;
#1947 = CARTESIAN_POINT ( 'NONE',  ( 2.350568649094432860, 45.78845257375725453, 0.000000000000000000 ) ) ;
#1948 = CARTESIAN_POINT ( 'NONE',  ( -8.673617379884042868E-17, 14.99999999999999645, 0.000000000000000000 ) ) ;
#1949 = CARTESIAN_POINT ( 'NONE',  ( 4.786061945686332919, 24.79582683754257744, 6.289702458100610905 ) ) ;
#1950 = EDGE_CURVE ( 'NONE', #3997, #2710, #7536, .T. ) ;
#1951 = CARTESIAN_POINT ( 'NONE',  ( 3.371629546708810654, 23.95343529709310815, -7.839833679200240546 ) ) ;
#1952 = DIRECTION ( 'NONE',  ( 0.8660254037844362651, 0.000000000000000000, -0.5000000000000039968 ) ) ;
#1953 = FACE_OUTER_BOUND ( 'NONE', #6122, .T. ) ;
#1954 = AXIS2_PLACEMENT_3D ( 'NONE', #5735, #8348, #6426 ) ;
#1955 = CARTESIAN_POINT ( 'NONE',  ( 2.646300601503967176, 44.81370289587104594, 1.422509454475633150 ) ) ;
#1956 = CIRCLE ( 'NONE', #7162, 1.000000000000000444 ) ;
#1957 = EDGE_CURVE ( 'NONE', #2284, #2467, #6971, .T. ) ;
#1958 = VERTEX_POINT ( 'NONE', #7757 ) ;
#1959 = AXIS2_PLACEMENT_3D ( 'NONE', #6951, #5039, #1754 ) ;
#1960 = ORIENTED_EDGE ( 'NONE', *, *, #8359, .F. ) ;
#1961 = DIRECTION ( 'NONE',  ( 0.000000000000000000, 0.000000000000000000, -1.000000000000000000 ) ) ;
#1962 = SPHERICAL_SURFACE ( 'NONE', #425, 1.000000000000000000 ) ;
#1963 = CARTESIAN_POINT ( 'NONE',  ( -17.45507932568758491, 16.80059265058797635, 1.000000000000000000 ) ) ;
#1964 = CARTESIAN_POINT ( 'NONE',  ( 2.619819511362207365, 44.82780226546357483, 1.463104915899617664 ) ) ;
#1965 = CARTESIAN_POINT ( 'NONE',  ( 2.712732159674006827, 45.13644959915767885, -1.330927508588210406 ) ) ;
#1966 = CARTESIAN_POINT ( 'NONE',  ( 9.915833916998476383, 23.77887685644973459, 0.000000000000000000 ) ) ;
#1967 = ORIENTED_EDGE ( 'NONE', *, *, #1219, .T. ) ;
#1968 = EDGE_LOOP ( 'NONE', ( #6305, #6449, #4625 ) ) ;
#1969 = ORIENTED_EDGE ( 'NONE', *, *, #3093, .F. ) ;
#1970 = CARTESIAN_POINT ( 'NONE',  ( -3.624906889916443387, 43.66794915996769788, 2.401721812655979615 ) ) ;
#1971 = AXIS2_PLACEMENT_3D ( 'NONE', #1214, #8418, #2528 ) ;
#1972 = CARTESIAN_POINT ( 'NONE',  ( 3.464101615137717527, 15.99999999999999645, -2.000000000000000000 ) ) ;
#1973 = CARTESIAN_POINT ( 'NONE',  ( 3.277414374212611392, 38.00000000000002132, -5.676648213592922154 ) ) ;
#1974 = CARTESIAN_POINT ( 'NONE',  ( -2.821889455069562125, 45.27115284215100388, -0.7866009531687033762 ) ) ;
#1975 = CARTESIAN_POINT ( 'NONE',  ( 1.773720102778017615, 14.26874093787392894, 0.9282838243589870419 ) ) ;
#1976 = CARTESIAN_POINT ( 'NONE',  ( 6.699540727148116659, 28.00000000000012079, 9.603944926797369774 ) ) ;
#1977 = CARTESIAN_POINT ( 'NONE',  ( -1.960884960364814189, 37.56619757069944399, -5.396352379149491618 ) ) ;
#1978 = EDGE_LOOP ( 'NONE', ( #3792, #8366, #6807, #6086 ) ) ;
#1979 = VERTEX_POINT ( 'NONE', #684 ) ;
#1980 = VERTEX_POINT ( 'NONE', #5247 ) ;
#1981 = VERTEX_POINT ( 'NONE', #1976 ) ;
#1982 = EDGE_CURVE ( 'NONE', #2570, #6910, #8332, .T. ) ;
#1983 = DIRECTION ( 'NONE',  ( 0.000000000000000000, -0.000000000000000000, -1.000000000000000000 ) ) ;
#1984 = CARTESIAN_POINT ( 'NONE',  ( -5.653820728298462051, 37.56619757069944399, 0.000000000000000000 ) ) ;
#1985 = CARTESIAN_POINT ( 'NONE',  ( -2.836155061920755838, 44.49791065413368329, -1.220480983726831115 ) ) ;
#1986 = CARTESIAN_POINT ( 'NONE',  ( -2.359739956870511080, 45.77237003093008383, -3.848811492085224790E-13 ) ) ;
#1987 = CARTESIAN_POINT ( 'NONE',  ( -0.1116653708347490753, 45.42992115723553326, 2.801685805504448457 ) ) ;
#1988 = VERTEX_POINT ( 'NONE', #1929 ) ;
#1989 = DIRECTION ( 'NONE',  ( 0.000000000000000000, -0.000000000000000000, -1.000000000000000000 ) ) ;
#1990 = SPHERICAL_SURFACE ( 'NONE', #178, 1.000000000000000000 ) ;
#1991 = CARTESIAN_POINT ( 'NONE',  ( 10.91451494294051550, 29.96536639209095298, 0.000000000000000000 ) ) ;
#1992 = CARTESIAN_POINT ( 'NONE',  ( 11.66703064672740098, 28.00000000000001066, 0.000000000000000000 ) ) ;
#1993 = CARTESIAN_POINT ( 'NONE',  ( 0.4164173897860468654, 14.15138986908799801, 1.957912237874121830 ) ) ;
#1994 = DIRECTION ( 'NONE',  ( -1.000000000000000000, -8.673617379884035472E-17, 0.000000000000000000 ) ) ;
#1995 = CARTESIAN_POINT ( 'NONE',  ( 0.4760732209007182414, 44.26377901033225015, -3.119438628204651121 ) ) ;
#1996 = ORIENTED_EDGE ( 'NONE', *, *, #7083, .F. ) ;
#1997 = EDGE_CURVE ( 'NONE', #4528, #6200, #671, .T. ) ;
#1998 = ORIENTED_EDGE ( 'NONE', *, *, #1887, .T. ) ;
#1999 = CARTESIAN_POINT ( 'NONE',  ( -4.069956925064712294, 23.76221333133844027, 9.049372178806363465 ) ) ;
#2000 = AXIS2_PLACEMENT_3D ( 'NONE', #1753, #5707, #7041 ) ;
#2001 = CARTESIAN_POINT ( 'NONE',  ( 1.845756810435857265, 15.07569494948031164, -2.016973906303556330 ) ) ;
#2002 = CARTESIAN_POINT ( 'NONE',  ( -2.172029219256416344, 45.33504885725528766, -1.882417945160157036 ) ) ;
#2003 = CARTESIAN_POINT ( 'NONE',  ( 2.431447645290295334, 45.00244591162226726, 1.982884835590364991 ) ) ;
#2004 = DIRECTION ( 'NONE',  ( 0.8660254037844432595, -0.000000000000000000, 0.4999999999999919509 ) ) ;
#2005 = CARTESIAN_POINT ( 'NONE',  ( -1.084202172485504434E-16, 40.00000000000000711, 0.000000000000000000 ) ) ;
#2006 = EDGE_LOOP ( 'NONE', ( #3352, #3661, #3544, #6041 ) ) ;
#2007 = ORIENTED_EDGE ( 'NONE', *, *, #2558, .T. ) ;
#2008 = AXIS2_PLACEMENT_3D ( 'NONE', #888, #92, #768 ) ;
#2009 = ORIENTED_EDGE ( 'NONE', *, *, #828, .F. ) ;
#2010 = CARTESIAN_POINT ( 'NONE',  ( -2.732189474663471174E-14, 15.99999999999999645, -4.000000000000017764 ) ) ;
#2011 = CIRCLE ( 'NONE', #7073, 2.000000000000000000 ) ;
#2012 = DIRECTION ( 'NONE',  ( -1.734723475976807094E-15, -0.7565957564419893977, -0.6538829110276349610 ) ) ;
#2013 = EDGE_CURVE ( 'NONE', #2816, #5496, #260, .T. ) ;
#2014 = CARTESIAN_POINT ( 'NONE',  ( 0.3393539807191041091, 14.18676177380994297, -1.972716920695340104 ) ) ;
#2015 = DIRECTION ( 'NONE',  ( -0.8660254037844432595, 0.000000000000000000, -0.4999999999999919509 ) ) ;
#2016 = CARTESIAN_POINT ( 'NONE',  ( 1.052447765061639062, 45.05365519244071493, -2.900923827695521595 ) ) ;
#2017 = CARTESIAN_POINT ( 'NONE',  ( 0.000000000000000000, 48.46887637871667209, 0.000000000000000000 ) ) ;
#2018 = FACE_OUTER_BOUND ( 'NONE', #3894, .T. ) ;
#2019 = DIRECTION ( 'NONE',  ( 0.8660254037844433705, 0.000000000000000000, 0.4999999999999918399 ) ) ;
#2020 = ORIENTED_EDGE ( 'NONE', *, *, #5952, .T. ) ;
#2021 = ORIENTED_EDGE ( 'NONE', *, *, #6684, .T. ) ;
#2022 = ORIENTED_EDGE ( 'NONE', *, *, #2855, .T. ) ;
#2023 = ORIENTED_EDGE ( 'NONE', *, *, #7013, .T. ) ;
#2024 =( BOUNDED_SURFACE ( )  B_SPLINE_SURFACE ( 2, 3, ( 
 ( #2725, #4090, #756, #5914 ),
 ( #6727, #6069, #3927, #7237 ),
 ( #5374, #1970, #5329, #4712 ) ),
 .UNSPECIFIED., .F., .F., .F. ) 
 B_SPLINE_SURFACE_WITH_KNOTS ( ( 3, 3 ),
 ( 4, 4 ),
 ( 0.4990845500706059812, 0.4994544132464057151 ),
 ( 0.000000000000000000, 1.000000000000000000 ),
 .UNSPECIFIED. ) 
 GEOMETRIC_REPRESENTATION_ITEM ( )  RATIONAL_B_SPLINE_SURFACE ( (
 ( 1.000000000000000000, 0.9602823350346966214, 0.9602823350346966214, 1.000000000000000000),
 ( 1.000000000000000000, 0.9602823350346966214, 0.9602823350346966214, 1.000000000000000000),
 ( 1.000000000000000000, 0.9602823350346966214, 0.9602823350346966214, 1.000000000000000000) ) ) 
 REPRESENTATION_ITEM ( '' )  SURFACE ( )  );
#2025 = CYLINDRICAL_SURFACE ( 'NONE', #7661, 1.000000000000000000 ) ;
#2026 = DIRECTION ( 'NONE',  ( -1.000000000000000000, 0.000000000000000000, 0.000000000000000000 ) ) ;
#2027 = CARTESIAN_POINT ( 'NONE',  ( 2.950985083616884719, 45.14529430009726241, -0.6295860592874389372 ) ) ;
#2028 = ORIENTED_EDGE ( 'NONE', *, *, #2167, .F. ) ;
#2029 = EDGE_CURVE ( 'NONE', #6499, #5631, #4221, .T. ) ;
#2030 = CARTESIAN_POINT ( 'NONE',  ( -4.142345765972967442, 33.73159465458671491, -5.174753329182936845 ) ) ;
#2031 = CARTESIAN_POINT ( 'NONE',  ( -0.4950524922625418878, 47.96784412662341879, -1.000000000013081758 ) ) ;
#2032 = CARTESIAN_POINT ( 'NONE',  ( -9.436934691713835477, 28.00000000000001066, 0.000000000000000000 ) ) ;
#2033 = DIRECTION ( 'NONE',  ( 0.000000000000000000, 0.000000000000000000, -1.000000000000000000 ) ) ;
#2034 = CARTESIAN_POINT ( 'NONE',  ( -0.8266611954415286068, 15.07529628916847919, 2.607545840473810550 ) ) ;
#2035 = CIRCLE ( 'NONE', #7236, 0.9999999999999994449 ) ;
#2036 = EDGE_LOOP ( 'NONE', ( #5939, #2692, #1889, #2632 ) ) ;
#2037 = ORIENTED_EDGE ( 'NONE', *, *, #2817, .F. ) ;
#2038 = EDGE_CURVE ( 'NONE', #5721, #3966, #2306, .T. ) ;
#2039 = DIRECTION ( 'NONE',  ( 0.9517756572231594880, 0.2545273128158546672, 0.1712861504855631989 ) ) ;
#2040 = CARTESIAN_POINT ( 'NONE',  ( -3.966770760535101470, 33.54527997055237165, -6.870648499225357142 ) ) ;
#2041 = CARTESIAN_POINT ( 'NONE',  ( -5.421300043255674161, 23.11104036078668855, -7.389967117994094892 ) ) ;
#2042 = CARTESIAN_POINT ( 'NONE',  ( 2.219857237098840752, 45.37288655537728488, -1.781429622834386883 ) ) ;
#2043 = DIRECTION ( 'NONE',  ( 0.000000000000000000, 0.000000000000000000, 1.000000000000000000 ) ) ;
#2044 = EDGE_CURVE ( 'NONE', #1643, #6132, #532, .T. ) ;
#2045 = AXIS2_PLACEMENT_3D ( 'NONE', #727, #3932, #7121 ) ;
#2046 = VERTEX_POINT ( 'NONE', #7713 ) ;
#2047 = VERTEX_POINT ( 'NONE', #4501 ) ;
#2048 = DIRECTION ( 'NONE',  ( 0.000000000000000000, -1.000000000000000000, -0.000000000000000000 ) ) ;
#2049 = CARTESIAN_POINT ( 'NONE',  ( -3.464101615137773926, 14.99999999999999645, -2.000000000000000000 ) ) ;
#2050 = CIRCLE ( 'NONE', #2429, 1.000000000000000888 ) ;
#2051 = CARTESIAN_POINT ( 'NONE',  ( -0.7692701564272462766, 43.42475718227407100, 3.355309031704943212 ) ) ;
#2052 = VECTOR ( 'NONE', #1655, 1000.000000000000000 ) ;
#2053 = CARTESIAN_POINT ( 'NONE',  ( -3.107748794655545765, 39.03696838696002658, 5.921555617786390613 ) ) ;
#2054 = CARTESIAN_POINT ( 'NONE',  ( -3.955585613663075151, 41.65726546265909036, -4.851275263769601054 ) ) ;
#2055 = DIRECTION ( 'NONE',  ( -0.8660254037844364872, 0.000000000000000000, 0.5000000000000037748 ) ) ;
#2056 = CARTESIAN_POINT ( 'NONE',  ( 4.820791733481359032, 31.31292076370720423, 8.349856215096503220 ) ) ;
#2057 = VECTOR ( 'NONE', #825, 1000.000000000000114 ) ;
#2058 = CARTESIAN_POINT ( 'NONE',  ( 0.4330127018922139137, 14.99999999999999645, -0.7500000000000076605 ) ) ;
#2059 = ORIENTED_EDGE ( 'NONE', *, *, #6997, .F. ) ;
#2060 = ORIENTED_EDGE ( 'NONE', *, *, #3951, .T. ) ;
#2061 = EDGE_LOOP ( 'NONE', ( #2695, #5684, #3358, #8004 ) ) ;
#2062 = ORIENTED_EDGE ( 'NONE', *, *, #1829, .T. ) ;
#2063 = AXIS2_PLACEMENT_3D ( 'NONE', #4857, #2303, #5580 ) ;
#2064 = CYLINDRICAL_SURFACE ( 'NONE', #7839, 1.000000000000000222 ) ;
#2065 = CARTESIAN_POINT ( 'NONE',  ( -0.6289841433403741133, 44.90687152548595407, -3.157328985559523904 ) ) ;
#2066 = DIRECTION ( 'NONE',  ( -8.673617379884035472E-17, 1.000000000000000000, 0.000000000000000000 ) ) ;
#2067 = CARTESIAN_POINT ( 'NONE',  ( 3.695951512247510173, 44.29023015307507194, -0.06463563622724770308 ) ) ;
#2068 = AXIS2_PLACEMENT_3D ( 'NONE', #7588, #4864, #6226 ) ;
#2069 = EDGE_LOOP ( 'NONE', ( #4949, #4361, #6755 ) ) ;
#2070 = CARTESIAN_POINT ( 'NONE',  ( 0.8220173529896604991, 48.46887637871667209, 0.000000000000000000 ) ) ;
#2071 = CIRCLE ( 'NONE', #6033, 3.000000000000000000 ) ;
#2072 = DIRECTION ( 'NONE',  ( -8.673617379884035472E-17, 1.000000000000000000, 0.000000000000000000 ) ) ;
#2073 = CARTESIAN_POINT ( 'NONE',  ( -6.554828748425329366, 38.00000000000000711, 1.000000000000000000 ) ) ;
#2074 = CARTESIAN_POINT ( 'NONE',  ( -2.434684721593316947, 33.75430252503795003, -6.216997638211248400 ) ) ;
#2075 = CARTESIAN_POINT ( 'NONE',  ( -0.09599396438515650498, 15.13397272934231275, 2.500004044423813632 ) ) ;
#2076 = TOROIDAL_SURFACE ( 'NONE', #4253, 2.000000000000000000, 1.000000000000000000 ) ;
#2077 = DIRECTION ( 'NONE',  ( 0.000000000000000000, -5.204170427930421283E-14, -1.000000000000000000 ) ) ;
#2078 = EDGE_CURVE ( 'NONE', #8096, #59, #5355, .T. ) ;
#2079 = VERTEX_POINT ( 'NONE', #3177 ) ;
#2080 = FACE_OUTER_BOUND ( 'NONE', #1774, .T. ) ;
#2081 = CARTESIAN_POINT ( 'NONE',  ( -3.657663647988283806, 44.33440167100321361, 0.1000017852105567484 ) ) ;
#2082 = CARTESIAN_POINT ( 'NONE',  ( -3.464101615137717527, 46.56319714093237394, 1.000000000000000000 ) ) ;
#2083 = VECTOR ( 'NONE', #7958, 1000.000000000000000 ) ;
#2084 = CARTESIAN_POINT ( 'NONE',  ( -7.641762162077572640, 18.61869244831272852, -11.23592032407561803 ) ) ;
#2085 = CARTESIAN_POINT ( 'NONE',  ( 2.792243283639294749, 45.09453418793888346, -1.244130088563581760 ) ) ;
#2086 = DIRECTION ( 'NONE',  ( 8.673617379884035472E-17, -1.000000000000000000, -0.000000000000000000 ) ) ;
#2087 = EDGE_CURVE ( 'NONE', #4690, #5061, #3303, .T. ) ;
#2088 = EDGE_LOOP ( 'NONE', ( #2497, #129, #1070, #2849 ) ) ;
#2089 = ORIENTED_EDGE ( 'NONE', *, *, #6112, .F. ) ;
#2090 = AXIS2_PLACEMENT_3D ( 'NONE', #1816, #3781, #4437 ) ;
#2091 = DIRECTION ( 'NONE',  ( -8.673617379884035472E-17, 1.000000000000000000, 0.000000000000000000 ) ) ;
#2092 = DIRECTION ( 'NONE',  ( 0.8660254037844363761, 0.000000000000000000, -0.5000000000000041078 ) ) ;
#2093 = FACE_OUTER_BOUND ( 'NONE', #8176, .T. ) ;
#2094 = CARTESIAN_POINT ( 'NONE',  ( 1.536668311193734926, 14.18536639737309635, 1.282709063433205010 ) ) ;
#2095 = CARTESIAN_POINT ( 'NONE',  ( 3.099836287149117631, 41.68531137029468425, 5.369073944487818828 ) ) ;
#2096 = FACE_OUTER_BOUND ( 'NONE', #39, .T. ) ;
#2097 = ORIENTED_EDGE ( 'NONE', *, *, #1282, .F. ) ;
#2098 = VERTEX_POINT ( 'NONE', #2647 ) ;
#2099 = ORIENTED_EDGE ( 'NONE', *, *, #5668, .F. ) ;
#2100 = EDGE_CURVE ( 'NONE', #8143, #1799, #1366, .T. ) ;
#2101 = ORIENTED_EDGE ( 'NONE', *, *, #8357, .T. ) ;
#2102 = CARTESIAN_POINT ( 'NONE',  ( -3.464101615137717527, 15.99999999999999645, 1.000000000000000000 ) ) ;
#2103 = CARTESIAN_POINT ( 'NONE',  ( -0.9401470314166214814, 44.54362983996674785, -3.410221811499049682 ) ) ;
#2104 = B_SPLINE_CURVE_WITH_KNOTS ( 'NONE', 3,
 ( #8033, #4074, #823, #7867, #7260, #7347, #7388, #1395, #2661, #3363 ),
 .UNSPECIFIED., .F., .F.,
 ( 4, 2, 2, 2, 4 ),
 ( 1.850916717831104237E-14, 0.0006405157973520112695, 0.001281031594685513256, 0.001921547392019015352, 0.002562063189352517447 ),
 .UNSPECIFIED. ) ;
#2105 = CARTESIAN_POINT ( 'NONE',  ( 2.781815472218532648, 40.78962497853861890, 6.818245735163745991 ) ) ;
#2106 = CARTESIAN_POINT ( 'NONE',  ( 3.204261404629785037, 44.87522322665165575, -0.3767169113626847587 ) ) ;
#2107 = LINE ( 'NONE', #7338, #1908 ) ;
#2108 = B_SPLINE_CURVE_WITH_KNOTS ( 'NONE', 3,
 ( #3371, #5979, #2714, #2081, #4704, #7314, #1443, #4041, #2393, #1688 ),
 .UNSPECIFIED., .F., .F.,
 ( 4, 2, 2, 2, 4 ),
 ( 3.957283859314083844E-16, 0.0006417427665981311619, 0.001283485533195867240, 0.001925228299793603102, 0.002566971066391338964 ),
 .UNSPECIFIED. ) ;
#2109 = ORIENTED_EDGE ( 'NONE', *, *, #5268, .F. ) ;
#2110 = CARTESIAN_POINT ( 'NONE',  ( 2.598076211353274267, 43.02671304669518548, -2.499999999999992006 ) ) ;
#2111 = CARTESIAN_POINT ( 'NONE',  ( 9.648306484053160048, 31.30501039359279858, 0.000000000000000000 ) ) ;
#2112 = CARTESIAN_POINT ( 'NONE',  ( -4.237854805850508555, 29.25648786325041328, -9.340179838832927572 ) ) ;
#2113 = CARTESIAN_POINT ( 'NONE',  ( 6.699540727148116659, 28.00000000000012079, 9.603944926797369774 ) ) ;
#2114 = CARTESIAN_POINT ( 'NONE',  ( -0.3825357361182243343, 47.51234267826809798, 1.337428669335127163 ) ) ;
#2115 = EDGE_LOOP ( 'NONE', ( #1470, #7895, #4904 ) ) ;
#2116 = CARTESIAN_POINT ( 'NONE',  ( -2.213063994227419506, 15.13397272934232873, 1.166868810444370297 ) ) ;
#2117 = LINE ( 'NONE', #8395, #2083 ) ;
#2118 = SPHERICAL_SURFACE ( 'NONE', #2202, 1.000000000000000000 ) ;
#2119 = CARTESIAN_POINT ( 'NONE',  ( -9.019776734286271136, 32.06634352388692122, -0.000000000000000000 ) ) ;
#2120 = FACE_OUTER_BOUND ( 'NONE', #5445, .T. ) ;
#2121 = DIRECTION ( 'NONE',  ( -1.000000000000000000, -0.000000000000000000, -0.000000000000000000 ) ) ;
#2122 = DIRECTION ( 'NONE',  ( 0.000000000000000000, 1.000000000000000000, 0.000000000000000000 ) ) ;
#2123 = CIRCLE ( 'NONE', #1160, 1.000000000000000222 ) ;
#2124 = ORIENTED_EDGE ( 'NONE', *, *, #469, .T. ) ;
#2125 = ORIENTED_EDGE ( 'NONE', *, *, #4334, .F. ) ;
#2126 = DIRECTION ( 'NONE',  ( -0.8005926505880991417, 0.5992089850997912581, -0.000000000000000000 ) ) ;
#2127 = AXIS2_PLACEMENT_3D ( 'NONE', #329, #2946, #7826 ) ;
#2128 = CARTESIAN_POINT ( 'NONE',  ( -0.7425076734587077176, 45.25013936450091023, 2.843120016914500781 ) ) ;
#2129 = DIRECTION ( 'NONE',  ( 0.4999999999999919509, 4.336808689941948094E-17, -0.8660254037844432595 ) ) ;
#2130 = DIRECTION ( 'NONE',  ( -1.000000000000000000, 0.000000000000000000, 0.000000000000000000 ) ) ;
#2131 = AXIS2_PLACEMENT_3D ( 'NONE', #7756, #7622, #6432 ) ;
#2132 = CARTESIAN_POINT ( 'NONE',  ( 3.661176656929146844, 35.39292810776486675, -4.341343985286556517 ) ) ;
#2133 = DIRECTION ( 'NONE',  ( -0.3010432906143530318, 0.7984308039550557234, 0.5214222746217941351 ) ) ;
#2134 = ORIENTED_EDGE ( 'NONE', *, *, #1308, .F. ) ;
#2135 = VERTEX_POINT ( 'NONE', #4459 ) ;
#2136 = DIRECTION ( 'NONE',  ( -0.4999999999999919509, 0.000000000000000000, 0.8660254037844432595 ) ) ;
#2137 = CIRCLE ( 'NONE', #6934, 1.000000000000000444 ) ;
#2138 = ORIENTED_EDGE ( 'NONE', *, *, #8009, .F. ) ;
#2139 = CARTESIAN_POINT ( 'NONE',  ( 0.8266611954415232777, 15.07529628916848630, -2.607545840473835863 ) ) ;
#2140 = CARTESIAN_POINT ( 'NONE',  ( -2.919645071316200546, 45.02045014763098862, 1.114089368233021737 ) ) ;
#2142 = EDGE_CURVE ( 'NONE', #5630, #3955, #8058, .T. ) ;
#2141 = DIRECTION ( 'NONE',  ( 0.000000000000000000, 0.000000000000000000, -1.000000000000000000 ) ) ;
#2143 = AXIS2_PLACEMENT_3D ( 'NONE', #214, #5458, #8060 ) ;
#2144 = CARTESIAN_POINT ( 'NONE',  ( -2.735494424538659430, 44.69810476156946777, 1.312258128830747772 ) ) ;
#2145 = EDGE_CURVE ( 'NONE', #3123, #1958, #2757, .T. ) ;
#2146 = EDGE_CURVE ( 'NONE', #3910, #7717, #5007, .T. ) ;
#2147 = EDGE_LOOP ( 'NONE', ( #3574, #3622, #3317 ) ) ;
#2148 = CARTESIAN_POINT ( 'NONE',  ( -3.099836287152977654, 41.68531137032819345, 5.369073944512158469 ) ) ;
#2149 = CARTESIAN_POINT ( 'NONE',  ( -4.319251943879429234, 25.39791341877128872, -7.481163817489726142 ) ) ;
#2150 = CARTESIAN_POINT ( 'NONE',  ( 12.29072602511014090, 28.78166749643567712, 1.000000000000000000 ) ) ;
#2151 = CARTESIAN_POINT ( 'NONE',  ( -1.275400700052828240, 45.56278024414261552, 2.209058812506446312 ) ) ;
#2152 = CARTESIAN_POINT ( 'NONE',  ( -1.452368754827752850, 14.99999999999999645, 2.625000000000015987 ) ) ;
#2153 = ORIENTED_EDGE ( 'NONE', *, *, #1950, .F. ) ;
#2154 = EDGE_CURVE ( 'NONE', #6153, #2224, #7683, .T. ) ;
#2155 = CARTESIAN_POINT ( 'NONE',  ( 1.803035017279481789, 14.84529863192827825, 0.8770618016710027831 ) ) ;
#2156 = CARTESIAN_POINT ( 'NONE',  ( 2.597576159628648629, 45.39722375494692841, 1.117172226390915180 ) ) ;
#2157 = CARTESIAN_POINT ( 'NONE',  ( -6.145363012555122850, 28.78166749643568068, -10.64408096869989429 ) ) ;
#2158 = CARTESIAN_POINT ( 'NONE',  ( -2.114653612037488806, 45.27644547233320793, 2.009456626622141862 ) ) ;
#2159 = CARTESIAN_POINT ( 'NONE',  ( -0.000000000000000000, 40.00000000000000711, -1.000000000000000000 ) ) ;
#2160 = DIRECTION ( 'NONE',  ( -0.9015202910746079601, -0.4037893545071999934, -0.1556127307369579993 ) ) ;
#2161 = CIRCLE ( 'NONE', #7374, 0.9999999999999994449 ) ;
#2162 = ORIENTED_EDGE ( 'NONE', *, *, #6864, .T. ) ;
#2163 = VERTEX_POINT ( 'NONE', #8012 ) ;
#2164 = CARTESIAN_POINT ( 'NONE',  ( 8.427935170293883615, 16.00000000000000000, 14.59761191784551038 ) ) ;
#2165 = CARTESIAN_POINT ( 'NONE',  ( 0.1397807633472402389, 44.78008592415680766, 3.009339746384932290 ) ) ;
#2166 = CARTESIAN_POINT ( 'NONE',  ( -2.843125535064167320, 42.47434734749293739, -2.924437879027550036 ) ) ;
#2167 = EDGE_CURVE ( 'NONE', #2079, #690, #4113, .T. ) ;
#2168 = CARTESIAN_POINT ( 'NONE',  ( -1.249655942036744349, 45.66546799582821592, 2.113296598016456418 ) ) ;
#2169 = B_SPLINE_CURVE_WITH_KNOTS ( 'NONE', 3,
 ( #5861, #8430, #7837, #7786, #1915, #4534 ),
 .UNSPECIFIED., .F., .F.,
 ( 4, 2, 4 ),
 ( 5.860159003734488366E-15, 0.002209154332379878027, 0.004418308664753895290 ),
 .UNSPECIFIED. ) ;
#2170 = DIRECTION ( 'NONE',  ( -8.673617379884035472E-17, 1.000000000000000000, 0.000000000000000000 ) ) ;
#2171 = UNCERTAINTY_MEASURE_WITH_UNIT (LENGTH_MEASURE( 1.000000000000000082E-05 ), #5197, 'distance_accuracy_value', 'NONE');
#2172 = CARTESIAN_POINT ( 'NONE',  ( -2.476269105931431902, 43.82063595627471386, 2.177735623902736339 ) ) ;
#2173 = AXIS2_PLACEMENT_3D ( 'NONE', #6155, #4970, #6242 ) ;
#2174 = EDGE_CURVE ( 'NONE', #6808, #1297, #3745, .T. ) ;
#2175 = ORIENTED_EDGE ( 'NONE', *, *, #4334, .T. ) ;
#2176 = EDGE_LOOP ( 'NONE', ( #6696, #1413, #8393, #7188 ) ) ;
#2177 = EDGE_LOOP ( 'NONE', ( #5337, #7932, #3673, #3999 ) ) ;
#2178 = AXIS2_PLACEMENT_3D ( 'NONE', #7047, #5713, #6317 ) ;
#2179 = ORIENTED_EDGE ( 'NONE', *, *, #1569, .F. ) ;
#2180 = AXIS2_PLACEMENT_3D ( 'NONE', #6564, #6031, #201 ) ;
#2181 = CARTESIAN_POINT ( 'NONE',  ( -1.417152477739682004, 44.73116142679184293, -3.021934721272740099 ) ) ;
#2182 = CARTESIAN_POINT ( 'NONE',  ( 1.240030177591274319, 43.69040101300743828, 4.147795270546636992 ) ) ;
#2183 = CARTESIAN_POINT ( 'NONE',  ( -4.207071399921533228, 39.99999999999916156, 5.286861415734009029 ) ) ;
#2184 = AXIS2_PLACEMENT_3D ( 'NONE', #6620, #7178, #8406 ) ;
#2185 = EDGE_CURVE ( 'NONE', #42, #554, #5318, .T. ) ;
#2186 = AXIS2_PLACEMENT_3D ( 'NONE', #6235, #4920, #1690 ) ;
#2187 = ORIENTED_EDGE ( 'NONE', *, *, #5967, .F. ) ;
#2188 = ADVANCED_FACE ( 'NONE', ( #2325 ), #2076, .T. ) ;
#2189 = ORIENTED_EDGE ( 'NONE', *, *, #5886, .T. ) ;
#2190 = DIRECTION ( 'NONE',  ( -0.4999999999999919509, 0.000000000000000000, 0.8660254037844432595 ) ) ;
#2191 = EDGE_CURVE ( 'NONE', #4504, #2047, #4895, .T. ) ;
#2192 = CARTESIAN_POINT ( 'NONE',  ( -3.277414374212689108, 40.00000000000000711, -5.676648213592871528 ) ) ;
#2193 = CARTESIAN_POINT ( 'NONE',  ( -8.673617379884042868E-17, 14.99999999999999645, 0.000000000000000000 ) ) ;
#2194 = DIRECTION ( 'NONE',  ( -0.4999999999999920619, 0.000000000000000000, 0.8660254037844432595 ) ) ;
#2195 = CARTESIAN_POINT ( 'NONE',  ( -9.436934691713835477, 26.00000000000002132, 0.000000000000000000 ) ) ;
#2196 = VERTEX_POINT ( 'NONE', #126 ) ;
#2197 = ADVANCED_FACE ( 'NONE', ( #4804 ), #4380, .T. ) ;
#2198 = CIRCLE ( 'NONE', #7677, 0.9999999999999987788 ) ;
#2199 = EDGE_CURVE ( 'NONE', #3508, #5659, #7279, .T. ) ;
#2200 = DIRECTION ( 'NONE',  ( -0.6636879663116480588, -0.7480095476483630268, 0.000000000000000000 ) ) ;
#2201 = DIRECTION ( 'NONE',  ( 0.000000000000000000, 1.000000000000000000, 0.000000000000000000 ) ) ;
#2202 = AXIS2_PLACEMENT_3D ( 'NONE', #274, #2039, #7268 ) ;
#2203 = CARTESIAN_POINT ( 'NONE',  ( 3.277414374212611392, 38.00000000000002132, -5.676648213592922154 ) ) ;
#2204 = CARTESIAN_POINT ( 'NONE',  ( 1.907139668087279194, 44.45891722065947249, -3.002634371636333288 ) ) ;
#2205 = DIRECTION ( 'NONE',  ( -0.8660254037844434816, 0.000000000000000000, -0.4999999999999916733 ) ) ;
#2206 = AXIS2_PLACEMENT_3D ( 'NONE', #6639, #1484, #4131 ) ;
#2207 = ADVANCED_FACE ( 'NONE', ( #7147 ), #7097, .T. ) ;
#2208 = EDGE_LOOP ( 'NONE', ( #2109, #4491, #2776, #746 ) ) ;
#2209 = ORIENTED_EDGE ( 'NONE', *, *, #676, .T. ) ;
#2210 = SPHERICAL_SURFACE ( 'NONE', #6583, 1.000000000000000000 ) ;
#2211 = CARTESIAN_POINT ( 'NONE',  ( -1.112829829637218770, 45.00809433335830079, 2.916519483236177379 ) ) ;
#2212 = DIRECTION ( 'NONE',  ( -0.2169012146502709848, -0.9010080201268695355, 0.3756839239976815792 ) ) ;
#2213 = CARTESIAN_POINT ( 'NONE',  ( 4.319251943879426570, 25.39791341877129227, 7.481163817489724366 ) ) ;
#2214 = CARTESIAN_POINT ( 'NONE',  ( -2.676055052292485748, 44.78008592677034727, 1.383616179239179900 ) ) ;
#2215 = ORIENTED_EDGE ( 'NONE', *, *, #1325, .T. ) ;
#2216 = VERTEX_POINT ( 'NONE', #397 ) ;
#2217 = AXIS2_PLACEMENT_3D ( 'NONE', #5171, #6668, #104 ) ;
#2218 = ORIENTED_EDGE ( 'NONE', *, *, #6712, .F. ) ;
#2219 = CARTESIAN_POINT ( 'NONE',  ( 6.145363012555121074, 28.78166749643568068, 10.64408096869989429 ) ) ;
#2220 = CARTESIAN_POINT ( 'NONE',  ( -3.204261405995422862, 44.87522322449670753, 0.3767169133353877597 ) ) ;
#2221 = CARTESIAN_POINT ( 'NONE',  ( 7.295681752009339327, 40.78962497853655833, 1.000000000000000222 ) ) ;
#2222 = DIRECTION ( 'NONE',  ( 1.000000000000000000, 0.000000000000000000, 0.000000000000000000 ) ) ;
#2223 = CARTESIAN_POINT ( 'NONE',  ( -5.147981640250202773, 42.63562816663637278, 1.000000000004612088 ) ) ;
#2224 = VERTEX_POINT ( 'NONE', #574 ) ;
#2225 = EDGE_CURVE ( 'NONE', #3284, #5135, #7825, .T. ) ;
#2226 = EDGE_CURVE ( 'NONE', #2609, #42, #7414, .T. ) ;
#2227 = ORIENTED_EDGE ( 'NONE', *, *, #3394, .T. ) ;
#2228 = CARTESIAN_POINT ( 'NONE',  ( -5.584492749641395193, 26.00000000000001066, -7.672625176878829834 ) ) ;
#2229 = CIRCLE ( 'NONE', #7858, 0.9999999999999998890 ) ;
#2230 = DIRECTION ( 'NONE',  ( -0.4999999999999920064, -1.734723475976807094E-15, 0.8660254037844432595 ) ) ;
#2231 = DIRECTION ( 'NONE',  ( 0.000000000000000000, 0.000000000000000000, -1.000000000000000000 ) ) ;
#2232 = CARTESIAN_POINT ( 'NONE',  ( -2.106055581399674193, 43.69040101300170420, 3.647795270548100266 ) ) ;
#2233 = ORIENTED_EDGE ( 'NONE', *, *, #4869, .T. ) ;
#2234 = CARTESIAN_POINT ( 'NONE',  ( 1.999667374898694616, 13.99999999999999645, 0.03647450843758192479 ) ) ;
#2235 = DIRECTION ( 'NONE',  ( 0.8660254037844431485, 0.000000000000000000, 0.4999999999999921174 ) ) ;
#2236 = CARTESIAN_POINT ( 'NONE',  ( 1.547132307520229455, 13.99999999999999467, -2.570288237343650639 ) ) ;
#2237 = FACE_OUTER_BOUND ( 'NONE', #1806, .T. ) ;
#2238 = CARTESIAN_POINT ( 'NONE',  ( 5.279337608770464207, 28.78166749643579081, -11.14408096869985698 ) ) ;
#2239 = EDGE_CURVE ( 'NONE', #767, #886, #3851, .T. ) ;
#2240 = VERTEX_POINT ( 'NONE', #1270 ) ;
#2241 = DIRECTION ( 'NONE',  ( 0.000000000000000000, 0.000000000000000000, -1.000000000000000000 ) ) ;
#2242 = CARTESIAN_POINT ( 'NONE',  ( -6.145363012554903470, 28.78166749643578726, 10.64408096869986053 ) ) ;
#2243 = CARTESIAN_POINT ( 'NONE',  ( 0.8138109327352507361, 44.70983392164740167, -3.291549081919716624 ) ) ;
#2244 = CARTESIAN_POINT ( 'NONE',  ( 2.308739380192565971, 45.66546799582821592, 0.8350957783414527658 ) ) ;
#2245 = FACE_OUTER_BOUND ( 'NONE', #5317, .T. ) ;
#2246 = CARTESIAN_POINT ( 'NONE',  ( -2.464188243066313788, 44.30396230422774551, 1.951578966364734491 ) ) ;
#2247 = B_SPLINE_CURVE_WITH_KNOTS ( 'NONE', 3,
 ( #8318, #1115, #3637, #2422, #98, #7213, #2697, #7765, #8407, #1344 ),
 .UNSPECIFIED., .F., .F.,
 ( 4, 2, 2, 2, 4 ),
 ( 4.399450881774681512E-16, 0.0009691129719969855585, 0.001453669457995267677, 0.001695947700994418278, 0.001938225943993568661 ),
 .UNSPECIFIED. ) ;
#2248 =( LENGTH_UNIT ( ) NAMED_UNIT ( * ) SI_UNIT ( .MILLI., .METRE. ) );
#2249 = CIRCLE ( 'NONE', #753, 2.000000000000000000 ) ;
#2250 = VERTEX_POINT ( 'NONE', #1858 ) ;
#2251 = ORIENTED_EDGE ( 'NONE', *, *, #330, .T. ) ;
#2252 = CARTESIAN_POINT ( 'NONE',  ( 10.91284729120669539, 28.60176568097863736, 1.000000000000000222 ) ) ;
#2253 = EDGE_CURVE ( 'NONE', #4419, #4403, #5808, .T. ) ;
#2254 = ORIENTED_EDGE ( 'NONE', *, *, #8238, .T. ) ;
#2255 = CARTESIAN_POINT ( 'NONE',  ( -0.04502181421902387570, 44.82989925891438787, 2.999999999999928502 ) ) ;
#2256 = CARTESIAN_POINT ( 'NONE',  ( -1.710717872088966418, 14.26794545549872595, -1.036947571697223180 ) ) ;
#2257 = CIRCLE ( 'NONE', #7066, 1.000000000000000888 ) ;
#2258 = CARTESIAN_POINT ( 'NONE',  ( 0.1736485079103923246, 14.24642294642510443, 1.994163665802981988 ) ) ;
#2259 = DIRECTION ( 'NONE',  ( -8.673617379884035472E-17, 1.000000000000000000, 0.000000000000000000 ) ) ;
#2260 = CIRCLE ( 'NONE', #5564, 0.9999999999999991118 ) ;
#2261 = CIRCLE ( 'NONE', #7751, 0.9999999999999972244 ) ;
#2262 = VERTEX_POINT ( 'NONE', #6322 ) ;
#2263 = ORIENTED_EDGE ( 'NONE', *, *, #1371, .F. ) ;
#2264 = PLANE ( 'NONE',  #8207 ) ;
#2265 = CARTESIAN_POINT ( 'NONE',  ( 5.802007732601377477, 23.76221333132566826, -8.049372178802784106 ) ) ;
#2266 = DIRECTION ( 'NONE',  ( -1.000000000000000000, -8.673617379884035472E-17, 0.000000000000000000 ) ) ;
#2267 = AXIS2_PLACEMENT_3D ( 'NONE', #1972, #4585, #6566 ) ;
#2268 = CARTESIAN_POINT ( 'NONE',  ( 0.000000000000000000, 39.00000000000000711, 0.000000000000000000 ) ) ;
#2269 = FACE_OUTER_BOUND ( 'NONE', #7210, .T. ) ;
#2270 = CARTESIAN_POINT ( 'NONE',  ( 2.935574479620743915, 15.01062774684043255, -0.2332519703445818660 ) ) ;
#2271 = ADVANCED_FACE ( 'NONE', ( #8290 ), #1169, .T. ) ;
#2272 = LINE ( 'NONE', #8240, #6764 ) ;
#2273 = EDGE_CURVE ( 'NONE', #634, #3965, #975, .T. ) ;
#2274 = ORIENTED_EDGE ( 'NONE', *, *, #6581, .F. ) ;
#2275 = ADVANCED_FACE ( 'NONE', ( #528 ), #2627, .F. ) ;
#2276 = CARTESIAN_POINT ( 'NONE',  ( 8.451237444856850800, 17.26148365313064659, 12.63797264132050380 ) ) ;
#2277 =( BOUNDED_SURFACE ( )  B_SPLINE_SURFACE ( 3, 2, ( 
 ( #989, #5190, #3170 ),
 ( #1923, #8307, #1237 ),
 ( #4543, #7165, #1832 ),
 ( #590, #5870, #3124 ),
 ( #2501, #8394, #1288 ),
 ( #2453, #3595, #7028 ) ),
 .UNSPECIFIED., .F., .F., .F. ) 
 B_SPLINE_SURFACE_WITH_KNOTS ( ( 4, 2, 4 ),
 ( 3, 3 ),
 ( 0.02353340272940517355, 0.02986736026464133220, 0.03620131779987748738 ),
 ( 0.000000000000000000, 1.000000000000000000 ),
 .UNSPECIFIED. ) 
 GEOMETRIC_REPRESENTATION_ITEM ( )  RATIONAL_B_SPLINE_SURFACE ( (
 ( 1.000000000000000000, 0.7071067811865475727, 1.000000000000000000),
 ( 1.000000000000000000, 0.7071067811865475727, 1.000000000000000000),
 ( 1.000000000000000000, 0.7071067811865475727, 1.000000000000000000),
 ( 1.000000000000000000, 0.7071067811865475727, 1.000000000000000000),
 ( 1.000000000000000000, 0.7071067811865475727, 1.000000000000000000),
 ( 1.000000000000000000, 0.7071067811865475727, 1.000000000000000000) ) ) 
 REPRESENTATION_ITEM ( '' )  SURFACE ( )  );
#2278 = CARTESIAN_POINT ( 'NONE',  ( 1.884090246835261162, 15.09381689586233222, 1.893189961349267536 ) ) ;
#2279 = DIRECTION ( 'NONE',  ( -0.4999999999999919509, -4.336808689941948094E-17, 0.8660254037844432595 ) ) ;
#2280 = CARTESIAN_POINT ( 'NONE',  ( 0.000000000000000000, 28.00000000000001066, 0.000000000000000000 ) ) ;
#2281 = DIRECTION ( 'NONE',  ( 0.000000000000000000, 0.5467874866480758600, 0.8372714281791061586 ) ) ;
#2282 = CARTESIAN_POINT ( 'NONE',  ( -5.311719055761674468, 30.65002721924730977, 7.200167280111171131 ) ) ;
#2283 = FACE_OUTER_BOUND ( 'NONE', #1712, .T. ) ;
#2284 = VERTEX_POINT ( 'NONE', #621 ) ;
#2285 = EDGE_CURVE ( 'NONE', #2710, #1478, #2612, .T. ) ;
#2286 = DIRECTION ( 'NONE',  ( -0.8660254037844432595, 0.000000000000000000, -0.4999999999999919509 ) ) ;
#2287 = DIRECTION ( 'NONE',  ( -0.5000000000000041078, 0.000000000000000000, -0.8660254037844362651 ) ) ;
#2288 = EDGE_CURVE ( 'NONE', #1507, #8271, #705, .T. ) ;
#2289 = CARTESIAN_POINT ( 'NONE',  ( 0.8716371223075569663, 47.92703760329541751, -0.9321095314881376881 ) ) ;
#2290 = CARTESIAN_POINT ( 'NONE',  ( 0.000000000000000000, 0.000000000000000000, 1.000000000000000000 ) ) ;
#2291 = CARTESIAN_POINT ( 'NONE',  ( 15.79920985106390852, 18.03993936032621548, 0.000000000000000000 ) ) ;
#2292 = DIRECTION ( 'NONE',  ( 9.388908478887774784E-27, -1.000000000000000000, -5.204170427930421283E-14 ) ) ;
#2293 = DIRECTION ( 'NONE',  ( 0.000000000000000000, 0.000000000000000000, 1.000000000000000000 ) ) ;
#2294 = AXIS2_PLACEMENT_3D ( 'NONE', #6006, #4155, #5466 ) ;
#2295 = ORIENTED_EDGE ( 'NONE', *, *, #3718, .F. ) ;
#2296 = EDGE_LOOP ( 'NONE', ( #1797, #7481, #5591, #3912, #4859 ) ) ;
#2297 = CARTESIAN_POINT ( 'NONE',  ( -5.584492749641288611, 28.00000000000001066, 7.672625176878907993 ) ) ;
#2298 = VERTEX_POINT ( 'NONE', #3159 ) ;
#2299 = EDGE_CURVE ( 'NONE', #4935, #5631, #5771, .T. ) ;
#2300 = CARTESIAN_POINT ( 'NONE',  ( -0.6939969596545372266, 15.09427921856807941, -2.577491817614493641 ) ) ;
#2301 = CARTESIAN_POINT ( 'NONE',  ( -6.491020658108100250, 22.23024743450134721, 9.242777572821101018 ) ) ;
#2302 = DIRECTION ( 'NONE',  ( 0.000000000000000000, -1.000000000000000000, 0.000000000000000000 ) ) ;
#2303 = DIRECTION ( 'NONE',  ( 0.000000000000000000, 0.000000000000000000, 1.000000000000000000 ) ) ;
#2304 = CIRCLE ( 'NONE', #6440, 0.9999999999999994449 ) ;
#2305 = ORIENTED_EDGE ( 'NONE', *, *, #5179, .T. ) ;
#2306 = CIRCLE ( 'NONE', #1758, 1.000000000000000000 ) ;
#2307 = EDGE_LOOP ( 'NONE', ( #8433, #3747, #8411 ) ) ;
#2308 = CARTESIAN_POINT ( 'NONE',  ( -4.786061945686244101, 24.79582683754257388, 6.289702458100676630 ) ) ;
#2309 = CARTESIAN_POINT ( 'NONE',  ( 0.8660254037844429265, 15.99999999999999645, 0.4999999999999926170 ) ) ;
#2310 = CARTESIAN_POINT ( 'NONE',  ( -4.234461660635494340, 43.66524535966603082, -5.185719918809443625E-16 ) ) ;
#2311 = AXIS2_PLACEMENT_3D ( 'NONE', #3858, #3184, #3227 ) ;
#2312 = DIRECTION ( 'NONE',  ( -0.8660254037844432595, 0.000000000000000000, -0.4999999999999920064 ) ) ;
#2313 = CIRCLE ( 'NONE', #1916, 2.000000000000000000 ) ;
#2314 = LINE ( 'NONE', #4954, #5758 ) ;
#2315 = CARTESIAN_POINT ( 'NONE',  ( -0.4163915404464901826, 14.15143754493512773, -1.957845686502575955 ) ) ;
#2316 = AXIS2_PLACEMENT_3D ( 'NONE', #3277, #1902, #571 ) ;
#2317 = EDGE_LOOP ( 'NONE', ( #6738, #1907, #4145, #6686, #5504, #6123, #6424, #4271, #4018, #5833 ) ) ;
#2318 = B_SPLINE_CURVE_WITH_KNOTS ( 'NONE', 3,
 ( #7325, #2554, #1293, #4057 ),
 .UNSPECIFIED., .F., .F.,
 ( 4, 4 ),
 ( 1.072502746275161263E-14, 0.004426925196710319865 ),
 .UNSPECIFIED. ) ;
#2319 = DIRECTION ( 'NONE',  ( 0.8660254037844432595, 0.000000000000000000, 0.4999999999999920064 ) ) ;
#2320 = CARTESIAN_POINT ( 'NONE',  ( -1.998138463593245762, 46.22043284803876873, 1.000000000011033841 ) ) ;
#2321 = CARTESIAN_POINT ( 'NONE',  ( -10.91284729120669361, 28.60176568097863736, 1.000000000000000000 ) ) ;
#2322 = CARTESIAN_POINT ( 'NONE',  ( 0.1285504007505467727, 48.15322044715245653, 0.9999999999913725679 ) ) ;
#2323 = CARTESIAN_POINT ( 'NONE',  ( -5.457257471469429078, 29.96536639209202590, 9.452247210570657643 ) ) ;
#2324 = FACE_OUTER_BOUND ( 'NONE', #413, .T. ) ;
#2325 = FACE_OUTER_BOUND ( 'NONE', #675, .T. ) ;
#2326 = AXIS2_PLACEMENT_3D ( 'NONE', #5787, #5245, #3219 ) ;
#2327 = ORIENTED_EDGE ( 'NONE', *, *, #4903, .T. ) ;
#2328 = DIRECTION ( 'NONE',  ( -0.8660254037844364872, 0.000000000000000000, 0.5000000000000037748 ) ) ;
#2329 = CARTESIAN_POINT ( 'NONE',  ( 2.021166481174300422, 43.88174952109453386, -3.500763055583312244 ) ) ;
#2330 = CARTESIAN_POINT ( 'NONE',  ( 2.695744417340400823, 44.75292953360487758, 1.359978737389945236 ) ) ;
#2331 = ORIENTED_EDGE ( 'NONE', *, *, #4, .F. ) ;
#2332 = ORIENTED_EDGE ( 'NONE', *, *, #7762, .T. ) ;
#2333 = DIRECTION ( 'NONE',  ( -0.000000000000000000, 1.000000000000000000, -0.000000000000000000 ) ) ;
#2334 = VERTEX_POINT ( 'NONE', #5278 ) ;
#2335 = CARTESIAN_POINT ( 'NONE',  ( -0.1916465514000880721, 15.13397832663938658, -2.499991918346133879 ) ) ;
#2336 = CARTESIAN_POINT ( 'NONE',  ( -9.293960574070977643, 16.00000000001098499, -14.09761191783279877 ) ) ;
#2337 = DIRECTION ( 'NONE',  ( 0.000000000000000000, -0.7354398480755547363, -0.6775900160588296250 ) ) ;
#2338 = CARTESIAN_POINT ( 'NONE',  ( 4.584492749641387199, 26.00000000000001066, 5.940574369309957525 ) ) ;
#2339 = AXIS2_PLACEMENT_3D ( 'NONE', #4961, #8247, #4386 ) ;
#2340 = CARTESIAN_POINT ( 'NONE',  ( -5.457257471470528642, 29.96536639209139352, -9.452247210570709157 ) ) ;
#2341 = TOROIDAL_SURFACE ( 'NONE', #852, 13.99999999999999822, 1.000000000000000000 ) ;
#2342 = ADVANCED_FACE ( 'NONE', ( #8384 ), #1962, .T. ) ;
#2343 = EDGE_LOOP ( 'NONE', ( #997, #374, #349, #2134 ) ) ;
#2344 = VERTEX_POINT ( 'NONE', #73 ) ;
#2345 = CARTESIAN_POINT ( 'NONE',  ( -7.105278337902767305, 19.37215832003867177, -12.30670308316405936 ) ) ;
#2346 = DIRECTION ( 'NONE',  ( -0.5000000000000039968, 0.000000000000000000, -0.8660254037844363761 ) ) ;
#2347 = CARTESIAN_POINT ( 'NONE',  ( -0.8660254037844644648, 15.99999999999999645, -3.500000000000012434 ) ) ;
#2348 = LINE ( 'NONE', #5001, #1528 ) ;
#2349 = VERTEX_POINT ( 'NONE', #7696 ) ;
#2350 = CARTESIAN_POINT ( 'NONE',  ( 2.943013249220781891, 44.25785963613743945, 1.143059360700902749 ) ) ;
#2351 = CARTESIAN_POINT ( 'NONE',  ( -1.578591016268345859, 14.84712186364455100, 1.238390555145370220 ) ) ;
#2352 = CARTESIAN_POINT ( 'NONE',  ( -3.464101615124999256, 43.02671304669429730, -1.000000000000000666 ) ) ;
#2353 = DIRECTION ( 'NONE',  ( 1.224646799147353207E-16, 1.000000000000000000, -0.000000000000000000 ) ) ;
#2354 = CARTESIAN_POINT ( 'NONE',  ( 8.427935170293883615, 16.00000000000000000, 14.59761191784550860 ) ) ;
#2355 = CARTESIAN_POINT ( 'NONE',  ( -1.301042606982604926E-15, 14.99999999999999645, -1.000000000000000000 ) ) ;
#2356 = CARTESIAN_POINT ( 'NONE',  ( 16.85587034058763223, 16.00000000000000000, 0.000000000000000000 ) ) ;
#2357 = DIRECTION ( 'NONE',  ( -0.000000000000000000, -0.000000000000000000, -1.000000000000000000 ) ) ;
#2358 = ORIENTED_EDGE ( 'NONE', *, *, #451, .F. ) ;
#2359 = CARTESIAN_POINT ( 'NONE',  ( 5.441370869218816075, 29.99587337449886348, -9.424730808312419938 ) ) ;
#2360 = CARTESIAN_POINT ( 'NONE',  ( 1.464101615137773926, 15.99999999999999645, 2.000000000000000000 ) ) ;
#2361 = FACE_OUTER_BOUND ( 'NONE', #5421, .T. ) ;
#2362 = DIRECTION ( 'NONE',  ( 0.000000000000000000, 1.000000000000000000, 0.000000000000000000 ) ) ;
#2363 = CARTESIAN_POINT ( 'NONE',  ( 0.4151271280089055549, 44.39571673503285609, -3.088841859526411326 ) ) ;
#2364 = DIRECTION ( 'NONE',  ( 0.5000000000000039968, -0.000000000000000000, 0.8660254037844362651 ) ) ;
#2365 = ORIENTED_EDGE ( 'NONE', *, *, #1937, .T. ) ;
#2366 = EDGE_LOOP ( 'NONE', ( #6487, #6687, #462, #3720 ) ) ;
#2367 = DIRECTION ( 'NONE',  ( 0.000000000000000000, 0.000000000000000000, -1.000000000000000000 ) ) ;
#2368 = EDGE_CURVE ( 'NONE', #6499, #6776, #5238, .T. ) ;
#2369 = EDGE_LOOP ( 'NONE', ( #661, #3762, #3881, #1089 ) ) ;
#2370 = CARTESIAN_POINT ( 'NONE',  ( -0.8152533574302274211, 14.00000002027963930, -1.834648189104721494 ) ) ;
#2371 = CARTESIAN_POINT ( 'NONE',  ( -2.117070029842297973, 15.13397272934233051, -1.333135233979459322 ) ) ;
#2372 = DIRECTION ( 'NONE',  ( -0.000000000000000000, 1.000000000000000000, -0.000000000000000000 ) ) ;
#2373 = DIRECTION ( 'NONE',  ( 0.7480095476450537850, -0.6636879663153779640, 0.000000000000000000 ) ) ;
#2374 = APPLICATION_PROTOCOL_DEFINITION ( 'draft international standard', 'automotive_design', 1998, #6162 ) ;
#2375 = CARTESIAN_POINT ( 'NONE',  ( -4.594358287010102515, 28.59544621236215889, -9.957661981276508811 ) ) ;
#2376 = VERTEX_POINT ( 'NONE', #3835 ) ;
#2377 = EDGE_LOOP ( 'NONE', ( #4758, #2930, #8315 ) ) ;
#2378 = TOROIDAL_SURFACE ( 'NONE', #7206, 13.99999999999999822, 1.000000000000000000 ) ;
#2379 = EDGE_CURVE ( 'NONE', #6474, #8055, #6467, .T. ) ;
#2380 = CARTESIAN_POINT ( 'NONE',  ( -5.802007732632011638, 23.76221333133563718, -8.049372178809962364 ) ) ;
#2381 = CARTESIAN_POINT ( 'NONE',  ( -4.234461660635493452, 43.66524535966603082, -8.468923321270986904 ) ) ;
#2382 = AXIS2_PLACEMENT_3D ( 'NONE', #2462, #7671, #2417 ) ;
#2383 = EDGE_CURVE ( 'NONE', #554, #1922, #4346, .T. ) ;
#2384 = EDGE_CURVE ( 'NONE', #7965, #3557, #3701, .T. ) ;
#2385 = CARTESIAN_POINT ( 'NONE',  ( -1.903144505636059858, 40.93458482073923221, 5.296342977895313275 ) ) ;
#2386 = DIRECTION ( 'NONE',  ( -0.5000000000001495470, 0.000000000000000000, 0.8660254037843524433 ) ) ;
#2387 = ORIENTED_EDGE ( 'NONE', *, *, #5488, .T. ) ;
#2388 = CIRCLE ( 'NONE', #900, 1.000000000000000000 ) ;
#2389 = AXIS2_PLACEMENT_3D ( 'NONE', #3493, #711, #1406 ) ;
#2390 = CARTESIAN_POINT ( 'NONE',  ( -2.732189474663471174E-14, 15.99999999999999645, -4.000000000000017764 ) ) ;
#2391 = SPHERICAL_SURFACE ( 'NONE', #4937, 1.000000000000000000 ) ;
#2392 = CARTESIAN_POINT ( 'NONE',  ( -2.463457980066851238, 44.26264757688177554, 1.972579624278663735 ) ) ;
#2393 = CARTESIAN_POINT ( 'NONE',  ( -2.793423218688725562, 45.28715179895293375, 0.8285516066754786690 ) ) ;
#2394 = CARTESIAN_POINT ( 'NONE',  ( -1.999667374898695060, 13.99999999999999645, 0.03647450843757289035 ) ) ;
#2395 = DIRECTION ( 'NONE',  ( 0.3010432906143534204, 0.7984308039550555014, -0.5214222746217941351 ) ) ;
#2396 = DIRECTION ( 'NONE',  ( -0.8660254037844363761, 0.000000000000000000, 0.5000000000000038858 ) ) ;
#2397 = DIRECTION ( 'NONE',  ( -0.4999999999999920619, 0.000000000000000000, 0.8660254037844432595 ) ) ;
#2398 = ORIENTED_EDGE ( 'NONE', *, *, #5268, .T. ) ;
#2399 = CARTESIAN_POINT ( 'NONE',  ( 4.718467345856957706, 26.00000000000001066, 8.172625176878833386 ) ) ;
#2400 = DIRECTION ( 'NONE',  ( -1.000000000000000000, -8.673617379884035472E-17, 0.000000000000000000 ) ) ;
#2401 = CARTESIAN_POINT ( 'NONE',  ( -7.561909766501901942, 16.00000000001098144, 15.09761191783291245 ) ) ;
#2402 = CARTESIAN_POINT ( 'NONE',  ( -4.554828748425329366, 38.00000000000000711, 0.000000000000000000 ) ) ;
#2403 = CARTESIAN_POINT ( 'NONE',  ( 2.972080985175186374, 43.69040101301475687, -3.147795270532634859 ) ) ;
#2404 = DIRECTION ( 'NONE',  ( 0.000000000000000000, -0.7354398480754723577, -0.6775900160589189980 ) ) ;
#2405 = ORIENTED_EDGE ( 'NONE', *, *, #4605, .T. ) ;
#2406 = ORIENTED_EDGE ( 'NONE', *, *, #5013, .T. ) ;
#2407 = CARTESIAN_POINT ( 'NONE',  ( 10.20776041926980326, 29.25648786325040973, 1.000000000000000000 ) ) ;
#2408 = CARTESIAN_POINT ( 'NONE',  ( -5.833515323363607230, 28.00000000000001066, 10.10394492679757228 ) ) ;
#2409 = ORIENTED_EDGE ( 'NONE', *, *, #4968, .T. ) ;
#2410 = DIRECTION ( 'NONE',  ( -0.8660254037844373753, 0.000000000000000000, 0.5000000000000021094 ) ) ;
#2411 = ADVANCED_FACE ( 'NONE', ( #4083 ), #4658, .T. ) ;
#2412 = CARTESIAN_POINT ( 'NONE',  ( 0.2807405699888793071, 14.84829097422514010, -1.984253505782091365 ) ) ;
#2413 = CARTESIAN_POINT ( 'NONE',  ( -2.579171871927889992, 15.09427921856805455, -0.6877269115972434177 ) ) ;
#2414 = CARTESIAN_POINT ( 'NONE',  ( 1.998076014626181784, 46.22051504328293703, -1.000000000008598455 ) ) ;
#2415 = CARTESIAN_POINT ( 'NONE',  ( -2.391705660720617299, 45.55998058460615141, -0.8821381566097510341 ) ) ;
#2416 = ADVANCED_FACE ( 'NONE', ( #2796 ), #6718, .T. ) ;
#2417 = DIRECTION ( 'NONE',  ( -0.5000000000000037748, 0.000000000000000000, -0.8660254037844364872 ) ) ;
#2418 = TOROIDAL_SURFACE ( 'NONE', #4211, 2.000000000000000000, 1.000000000000000000 ) ;
#2419 = VERTEX_POINT ( 'NONE', #193 ) ;
#2420 = ORIENTED_EDGE ( 'NONE', *, *, #95, .T. ) ;
#2421 = CARTESIAN_POINT ( 'NONE',  ( 9.593565066628015003, 16.80059265058809714, -14.61654212111794671 ) ) ;
#2422 = CARTESIAN_POINT ( 'NONE',  ( 0.5593977014429772909, 44.06336819652203474, 3.168455986281000225 ) ) ;
#2424 = EDGE_CURVE ( 'NONE', #8086, #5061, #5097, .T. ) ;
#2423 = CARTESIAN_POINT ( 'NONE',  ( -1.970112392048734673, 14.05162609757467251, 0.3805454735437477920 ) ) ;
#2425 = CARTESIAN_POINT ( 'NONE',  ( -0.5773502691966269085, 47.89898643124379873, -0.9999999999903571579 ) ) ;
#2426 = EDGE_CURVE ( 'NONE', #1185, #1592, #4822, .T. ) ;
#2427 = CIRCLE ( 'NONE', #3417, 1.000000000000000666 ) ;
#2428 = ORIENTED_EDGE ( 'NONE', *, *, #5588, .F. ) ;
#2429 = AXIS2_PLACEMENT_3D ( 'NONE', #8458, #5005, #1121 ) ;
#2430 = CARTESIAN_POINT ( 'NONE',  ( 3.204261406371337717, 44.87522322426841725, 0.3767169120828190443 ) ) ;
#2431 = FACE_OUTER_BOUND ( 'NONE', #4982, .T. ) ;
#2432 = DIRECTION ( 'NONE',  ( -0.8660254037844362651, 0.000000000000000000, 0.5000000000000039968 ) ) ;
#2433 = CARTESIAN_POINT ( 'NONE',  ( 7.561909766509312902, 15.99999999999988631, -15.09761191784575018 ) ) ;
#2434 = CYLINDRICAL_SURFACE ( 'NONE', #4945, 1.000000000000000222 ) ;
#2435 = DIRECTION ( 'NONE',  ( 0.4338024293005499077, -0.9010080201268695355, 1.505054516086866175E-15 ) ) ;
#2436 = CARTESIAN_POINT ( 'NONE',  ( 2.581595724135749670, 15.09381689586233932, -0.6850750361071868966 ) ) ;
#2437 = EDGE_CURVE ( 'NONE', #6808, #3651, #1108, .T. ) ;
#2438 = AXIS2_PLACEMENT_3D ( 'NONE', #452, #3699, #5685 ) ;
#2439 = CARTESIAN_POINT ( 'NONE',  ( -0.8660254037844364872, 28.00000000000001066, 0.5000000000000041078 ) ) ;
#2440 = EDGE_CURVE ( 'NONE', #7817, #2240, #5388, .T. ) ;
#2441 = AXIS2_PLACEMENT_3D ( 'NONE', #1213, #1167, #4608 ) ;
#2442 = ORIENTED_EDGE ( 'NONE', *, *, #8268, .T. ) ;
#2443 = FACE_OUTER_BOUND ( 'NONE', #7862, .T. ) ;
#2444 = CARTESIAN_POINT ( 'NONE',  ( -17.45507932568758491, 16.80059265058797635, 0.000000000000000000 ) ) ;
#2445 = CARTESIAN_POINT ( 'NONE',  ( 2.752141263740367272, 45.11785347689858128, 1.285062764609518071 ) ) ;
#2446 = CARTESIAN_POINT ( 'NONE',  ( 6.322065932630438923, 28.60237706257609247, -8.950139404116445263 ) ) ;
#2447 = VECTOR ( 'NONE', #3638, 1000.000000000000114 ) ;
#2448 = VERTEX_POINT ( 'NONE', #1480 ) ;
#2449 = EDGE_LOOP ( 'NONE', ( #1130, #5409, #8209, #7632 ) ) ;
#2450 = CARTESIAN_POINT ( 'NONE',  ( 0.4840802516181371140, 45.00969872828401463, 3.092599094974630702 ) ) ;
#2451 = ORIENTED_EDGE ( 'NONE', *, *, #6198, .F. ) ;
#2452 = CIRCLE ( 'NONE', #700, 1.000000000000000000 ) ;
#2453 = CARTESIAN_POINT ( 'NONE',  ( 17.45507932568746767, 16.80059265058806517, 0.000000000000000000 ) ) ;
#2454 = CARTESIAN_POINT ( 'NONE',  ( -0.3004341127672569556, 45.78285241778347370, -2.520367147642671224 ) ) ;
#2455 = B_SPLINE_CURVE_WITH_KNOTS ( 'NONE', 3,
 ( #575, #5176, #5809, #5853, #7776, #8420, #2530, #369, #4481, #1701, #2579, #1662, #4572, #7570, #529, #4526 ),
 .UNSPECIFIED., .F., .F.,
 ( 4, 2, 2, 2, 2, 2, 2, 4 ),
 ( 1.694065894508600678E-19, 0.0002668061700383456743, 0.0005336123400766912403, 0.0008004185101150365893, 0.001067224680153381830, 0.001334030850191727288, 0.001600837020230072962, 0.002134449360306764527 ),
 .UNSPECIFIED. ) ;
#2456 = PLANE ( 'NONE',  #4640 ) ;
#2457 = CARTESIAN_POINT ( 'NONE',  ( -1.227564915312996163, 45.66546799581742988, -2.126204802847602160 ) ) ;
#2458 = CARTESIAN_POINT ( 'NONE',  ( 0.8660254037844644648, 15.99999999999999645, 3.500000000000012434 ) ) ;
#2459 = CARTESIAN_POINT ( 'NONE',  ( 3.647840876007610422, 40.78962497854510616, -6.318245735172289379 ) ) ;
#2460 = ADVANCED_FACE ( 'NONE', ( #6144 ), #2118, .T. ) ;
#2461 = AXIS2_PLACEMENT_3D ( 'NONE', #7193, #4531, #5138 ) ;
#2462 = CARTESIAN_POINT ( 'NONE',  ( 3.277414374212692660, 38.00000000000000711, 5.676648213592877745 ) ) ;
#2463 = AXIS2_PLACEMENT_3D ( 'NONE', #2005, #4621, #6925 ) ;
#2464 = CARTESIAN_POINT ( 'NONE',  ( -2.223612503337637936, 41.65714473000920748, -5.851409787168914356 ) ) ;
#2465 = ORIENTED_EDGE ( 'NONE', *, *, #747, .T. ) ;
#2466 = EDGE_LOOP ( 'NONE', ( #1112, #8145, #6348, #510 ) ) ;
#2467 = VERTEX_POINT ( 'NONE', #5438 ) ;
#2468 = CARTESIAN_POINT ( 'NONE',  ( -7.408442687586911823, 34.25427431937532674, 1.000000000000626388 ) ) ;
#2469 = CIRCLE ( 'NONE', #174, 1.000000000000000000 ) ;
#2470 = CARTESIAN_POINT ( 'NONE',  ( -1.547132307520229233, 13.99999999999999822, 2.570288237343650195 ) ) ;
#2471 = CARTESIAN_POINT ( 'NONE',  ( -2.296924626863512842, 15.12998911671232527, 1.039428681606813232 ) ) ;
#2472 = DIRECTION ( 'NONE',  ( -1.000000000000000000, 0.000000000000000000, 0.000000000000000000 ) ) ;
#2473 = EDGE_CURVE ( 'NONE', #3225, #5661, #7001, .T. ) ;
#2474 = EDGE_CURVE ( 'NONE', #8035, #6808, #8095, .T. ) ;
#2475 = VERTEX_POINT ( 'NONE', #4750 ) ;
#2476 = AXIS2_PLACEMENT_3D ( 'NONE', #6511, #8422, #1961 ) ;
#2477 = FACE_OUTER_BOUND ( 'NONE', #450, .T. ) ;
#2478 = LINE ( 'NONE', #1080, #5480 ) ;
#2479 = CARTESIAN_POINT ( 'NONE',  ( -6.179275788207609033, 41.65714473250898919, -7.567430374310583803E-16 ) ) ;
#2480 = DIRECTION ( 'NONE',  ( -0.7984308039550559455, -0.6020865812287159446, 0.000000000000000000 ) ) ;
#2481 = CARTESIAN_POINT ( 'NONE',  ( 2.519423614737221762, 43.38129469470908361, -2.363769706513554336 ) ) ;
#2482 = CARTESIAN_POINT ( 'NONE',  ( 2.213063994227408848, 15.13397272934232163, -1.166868810444364080 ) ) ;
#2483 = CARTESIAN_POINT ( 'NONE',  ( 1.358070747252136501, 44.79252424197659366, 2.995798546668579032 ) ) ;
#2484 = CARTESIAN_POINT ( 'NONE',  ( 4.589080669027941539, 28.60386827335757332, 9.948520878788469801 ) ) ;
#2485 = ORIENTED_EDGE ( 'NONE', *, *, #5849, .F. ) ;
#2486 = B_SPLINE_CURVE_WITH_KNOTS ( 'NONE', 3,
 ( #4699, #6013, #150, #1661, #2992, #411, #368, #5612 ),
 .UNSPECIFIED., .F., .F.,
 ( 4, 2, 2, 4 ),
 ( 0.000000000000000000, 0.005754364769884475275, 0.008631547154826701637, 0.01150872953976892973 ),
 .UNSPECIFIED. ) ;
#2487 = FACE_OUTER_BOUND ( 'NONE', #1249, .T. ) ;
#2488 = DIRECTION ( 'NONE',  ( -1.000000000000000000, 0.000000000000000000, -9.592326932761352509E-14 ) ) ;
#2489 = CARTESIAN_POINT ( 'NONE',  ( 1.541355948324706571, 14.18855849479345288, -1.277204218826513360 ) ) ;
#2490 = CARTESIAN_POINT ( 'NONE',  ( -2.582735146466747178, 45.39936764369735300, -1.142601603239418839 ) ) ;
#2491 = CARTESIAN_POINT ( 'NONE',  ( -0.4725170012615865223, 45.35253749461896433, -2.818423453568607684 ) ) ;
#2492 = EDGE_CURVE ( 'NONE', #5028, #5793, #5990, .T. ) ;
#2493 = CARTESIAN_POINT ( 'NONE',  ( 4.824153242024844523, 31.30501039359516469, 8.355678518686570300 ) ) ;
#2494 = DIRECTION ( 'NONE',  ( -0.8660254037844432595, 0.000000000000000000, -0.4999999999999919509 ) ) ;
#2495 = EDGE_CURVE ( 'NONE', #1592, #2240, #2108, .T. ) ;
#2496 = DIRECTION ( 'NONE',  ( 0.000000000000000000, 0.000000000000000000, 1.000000000000000000 ) ) ;
#2497 = ORIENTED_EDGE ( 'NONE', *, *, #154, .T. ) ;
#2498 = ORIENTED_EDGE ( 'NONE', *, *, #7902, .T. ) ;
#2499 = CARTESIAN_POINT ( 'NONE',  ( 0.3773260163065859651, 44.46691823641980079, 3.073137791793643103 ) ) ;
#2500 = ORIENTED_EDGE ( 'NONE', *, *, #7013, .F. ) ;
#2501 = CARTESIAN_POINT ( 'NONE',  ( 15.79543616811229079, 18.04276379885918047, 0.000000000000000000 ) ) ;
#2502 = SPHERICAL_SURFACE ( 'NONE', #6614, 1.000000000000000000 ) ;
#2503 = CARTESIAN_POINT ( 'NONE',  ( -2.011328418652130967, 14.92054706172545586, -0.1672418681332087931 ) ) ;
#2504 = DIRECTION ( 'NONE',  ( 0.4999999999999919509, 0.000000000000000000, -0.8660254037844432595 ) ) ;
#2505 = CARTESIAN_POINT ( 'NONE',  ( -4.212111162793299002, 43.69040101299148660, -5.158348453167644909E-16 ) ) ;
#2506 = LINE ( 'NONE', #1709, #5837 ) ;
#2507 = DIRECTION ( 'NONE',  ( 0.000000000000000000, -0.000000000000000000, -1.000000000000000000 ) ) ;
#2508 = B_SPLINE_CURVE_WITH_KNOTS ( 'NONE', 3,
 ( #454, #619, #2584, #3247, #5857, #8468, #6513, #1209, #1079, #7635 ),
 .UNSPECIFIED., .F., .F.,
 ( 4, 2, 2, 2, 4 ),
 ( 8.095320018377207968E-16, 0.0009721985952806075403, 0.001458297892920497199, 0.001701347541740451082, 0.001944397190560405398 ),
 .UNSPECIFIED. ) ;
#2509 = ORIENTED_EDGE ( 'NONE', *, *, #360, .T. ) ;
#2510 = EDGE_CURVE ( 'NONE', #690, #7553, #4396, .T. ) ;
#2511 = ORIENTED_EDGE ( 'NONE', *, *, #5886, .F. ) ;
#2512 = ORIENTED_EDGE ( 'NONE', *, *, #6729, .F. ) ;
#2513 = CARTESIAN_POINT ( 'NONE',  ( -10.92076738159399163, 28.59544621236987183, 1.000000000000000000 ) ) ;
#2514 = CARTESIAN_POINT ( 'NONE',  ( -3.920036541901800398, 24.79582683754257388, 6.789702458100668636 ) ) ;
#2515 = CARTESIAN_POINT ( 'NONE',  ( 5.439549704089885473, 23.13886549270826265, 7.421576457779846869 ) ) ;
#2516 = CARTESIAN_POINT ( 'NONE',  ( -1.541940856562622919, 14.18891475779958355, 1.276455426271856597 ) ) ;
#2517 = DIRECTION ( 'NONE',  ( 0.000000000000000000, 0.6092968833378644700, -0.7929421844969309907 ) ) ;
#2518 = CIRCLE ( 'NONE', #3239, 1.000000000000000000 ) ;
#2519 = VERTEX_POINT ( 'NONE', #2977 ) ;
#2520 = DIRECTION ( 'NONE',  ( -0.4999999999999919509, -0.000000000000000000, 0.8660254037844432595 ) ) ;
#2521 = AXIS2_PLACEMENT_3D ( 'NONE', #5198, #2604, #4633 ) ;
#2522 = LINE ( 'NONE', #2573, #2726 ) ;
#2523 = CARTESIAN_POINT ( 'NONE',  ( -11.24258098762260794, 22.23807052433980402, 0.000000000000000000 ) ) ;
#2524 = EDGE_CURVE ( 'NONE', #1077, #8331, #7127, .T. ) ;
#2525 = CARTESIAN_POINT ( 'NONE',  ( -0.2674986576438867503, 43.66794915997508042, 4.340122359318757006 ) ) ;
#2526 = TOROIDAL_SURFACE ( 'NONE', #2131, 2.000000000000000000, 1.000000000000000000 ) ;
#2527 = DIRECTION ( 'NONE',  ( 0.000000000000000000, 1.000000000000000000, 0.000000000000000000 ) ) ;
#2528 = DIRECTION ( 'NONE',  ( -0.9998336874493474191, 0.000000000000000000, -0.01823725421879099709 ) ) ;
#2529 = CARTESIAN_POINT ( 'NONE',  ( 1.999667374898695060, 13.99999999999999645, -0.03647450843757289035 ) ) ;
#2530 = CARTESIAN_POINT ( 'NONE',  ( -1.876413254231229066, 14.18891475779957645, -0.6971322397804546878 ) ) ;
#2531 = EDGE_CURVE ( 'NONE', #1233, #2850, #7429, .T. ) ;
#2532 = CIRCLE ( 'NONE', #3630, 1.000000000000000000 ) ;
#2533 = VECTOR ( 'NONE', #2201, 1000.000000000000000 ) ;
#2534 = ORIENTED_EDGE ( 'NONE', *, *, #7515, .F. ) ;
#2535 = DIRECTION ( 'NONE',  ( -0.8660254037844433705, 0.000000000000000000, -0.4999999999999918399 ) ) ;
#2536 = CARTESIAN_POINT ( 'NONE',  ( -3.657663647992115852, 44.33440167099642792, -0.1000017852041994726 ) ) ;
#2537 = CARTESIAN_POINT ( 'NONE',  ( 2.106055581384049358, 43.69040101300814172, 3.647795270521145827 ) ) ;
#2538 = CARTESIAN_POINT ( 'NONE',  ( -2.090960324925865255, 45.25013936449872887, -2.064590515038446039 ) ) ;
#2539 = AXIS2_PLACEMENT_3D ( 'NONE', #8067, #7343, #6134 ) ;
#2540 = CARTESIAN_POINT ( 'NONE',  ( 2.467451954557893234, 44.39571673283394659, 1.903931568881907177 ) ) ;
#2541 = CARTESIAN_POINT ( 'NONE',  ( 1.944421477697666933, 44.91966063811453580, -2.528219133479521652 ) ) ;
#2542 = CARTESIAN_POINT ( 'NONE',  ( 4.100473049224514277, 35.87328699861305381, -5.102227656335578843 ) ) ;
#2543 = EDGE_CURVE ( 'NONE', #6065, #3246, #5925, .T. ) ;
#2544 = ORIENTED_EDGE ( 'NONE', *, *, #7264, .F. ) ;
#2545 = EDGE_LOOP ( 'NONE', ( #3310, #2562, #220, #7881 ) ) ;
#2546 = CARTESIAN_POINT ( 'NONE',  ( 1.233774143808688217, 43.80258434768934706, 4.036471615212763986 ) ) ;
#2547 = ORIENTED_EDGE ( 'NONE', *, *, #7290, .F. ) ;
#2548 = ADVANCED_FACE ( 'NONE', ( #6273 ), #5642, .T. ) ;
#2549 = CARTESIAN_POINT ( 'NONE',  ( 8.265047552626381133, 31.40750956778735059, -1.000000000000000000 ) ) ;
#2550 = CARTESIAN_POINT ( 'NONE',  ( -0.8660254037844644648, 43.02671304668614027, -3.500000000000012434 ) ) ;
#2551 = CARTESIAN_POINT ( 'NONE',  ( -1.999667374898694616, 13.99999999999999645, -0.03647450843758206357 ) ) ;
#2552 = DIRECTION ( 'NONE',  ( 8.673617379884040402E-16, -0.3848457315043382065, 0.9229809114726539310 ) ) ;
#2553 = CARTESIAN_POINT ( 'NONE',  ( -2.972080985187151470, 43.69040101300051049, -3.147795270535197698 ) ) ;
#2554 = CARTESIAN_POINT ( 'NONE',  ( -5.516888287001926905, 40.90543876017052582, -1.000000000000000000 ) ) ;
#2555 = DIRECTION ( 'NONE',  ( 0.000000000000000000, -1.000000000000000000, 0.000000000000000000 ) ) ;
#2556 = PLANE ( 'NONE',  #8026 ) ;
#2557 = DIRECTION ( 'NONE',  ( -0.4999999999999919509, 0.000000000000000000, 0.8660254037844434816 ) ) ;
#2558 = EDGE_CURVE ( 'NONE', #7703, #1628, #6049, .T. ) ;
#2559 = ORIENTED_EDGE ( 'NONE', *, *, #7111, .F. ) ;
#2560 = ORIENTED_EDGE ( 'NONE', *, *, #500, .T. ) ;
#2561 = EDGE_CURVE ( 'NONE', #1560, #2216, #5679, .T. ) ;
#2562 = ORIENTED_EDGE ( 'NONE', *, *, #5258, .T. ) ;
#2563 = CARTESIAN_POINT ( 'NONE',  ( 3.341045996137891105, 40.00000000000000711, 5.786861415735335967 ) ) ;
#2564 = CYLINDRICAL_SURFACE ( 'NONE', #6563, 1.000000000000000000 ) ;
#2565 = AXIS2_PLACEMENT_3D ( 'NONE', #7589, #7089, #3815 ) ;
#2566 = CARTESIAN_POINT ( 'NONE',  ( -4.100057464745757940, 35.87501333697477435, 5.101507842879981602 ) ) ;
#2567 = CARTESIAN_POINT ( 'NONE',  ( 0.9633492004487524962, 15.05445558130094419, 2.635115354986787839 ) ) ;
#2568 = CARTESIAN_POINT ( 'NONE',  ( -1.732050807571006601, 43.02671304668324836, -3.000000000005190515 ) ) ;
#2569 =( BOUNDED_SURFACE ( )  B_SPLINE_SURFACE ( 3, 2, ( 
 ( #3161, #7061, #6469 ),
 ( #8336, #7835, #4619 ),
 ( #1322, #32, #583 ),
 ( #2636, #8386, #1279 ),
 ( #5813, #5859, #8427 ),
 ( #1179, #7739, #3877 ),
 ( #2540, #5905, #6516 ),
 ( #5279, #5183, #3958 ),
 ( #3917, #2003, #7784 ),
 ( #1912, #623, #6557 ),
 ( #3250, #7877, #7229 ),
 ( #8470, #666, #2586 ),
 ( #1964, #4577, #7195 ),
 ( #3288, #6597, #713 ),
 ( #3332, #2445, #3494 ),
 ( #75, #4792, #115 ) ),
 .UNSPECIFIED., .F., .F., .F. ) 
 B_SPLINE_SURFACE_WITH_KNOTS ( ( 4, 2, 2, 2, 2, 2, 2, 4 ),
 ( 3, 3 ),
 ( 0.008364777861925800154, 0.009154153237066101068, 0.009943528612206400247, 0.01033821629977655157, 0.01073290398734670116, 0.01112759167491685075, 0.01132493551870192641, 0.01152227936248700207 ),
 ( 0.000000000000000000, 1.000000000000000000 ),
 .UNSPECIFIED. ) 
 GEOMETRIC_REPRESENTATION_ITEM ( )  RATIONAL_B_SPLINE_SURFACE ( (
 ( 1.000000000000000000, 0.7071067811858228191, 1.000000000000000000),
 ( 1.000000000000000000, 0.7304586988096428701, 1.000000000000000000),
 ( 1.000000000000000000, 0.7543375006878955125, 1.000000000000000000),
 ( 1.000000000000000000, 0.8038475409230038116, 1.000000000000000000),
 ( 1.000000000000000000, 0.8296190826153967413, 1.000000000000000000),
 ( 1.000000000000000000, 0.8692240993686249917, 1.000000000000000000),
 ( 1.000000000000000000, 0.8823715917315729795, 1.000000000000000000),
 ( 1.000000000000000000, 0.9076440223221526882, 1.000000000000000000),
 ( 1.000000000000000000, 0.9200042096781373413, 1.000000000000000000),
 ( 1.000000000000000000, 0.9401107110718076587, 1.000000000000000000),
 ( 1.000000000000000000, 0.9476046346643882679, 1.000000000000000000),
 ( 1.000000000000000000, 0.9497460670567178243, 1.000000000000000000),
 ( 1.000000000000000000, 0.9489470826859180974, 1.000000000000000000),
 ( 1.000000000000000000, 0.9446486574775063705, 1.000000000000000000),
 ( 1.000000000000000000, 0.9411717756099797771, 1.000000000000000000),
 ( 1.000000000000000000, 0.9368214105116005053, 1.000000000000000000) ) ) 
 REPRESENTATION_ITEM ( '' )  SURFACE ( )  );
#2570 = VERTEX_POINT ( 'NONE', #4917 ) ;
#2571 = TOROIDAL_SURFACE ( 'NONE', #3939, 0.04020688513646309553, 0.9000000000000000222 ) ;
#2572 = DIRECTION ( 'NONE',  ( 1.000000000000000000, 0.000000000000000000, 0.000000000000000000 ) ) ;
#2573 = CARTESIAN_POINT ( 'NONE',  ( 0.8660254037844432595, 28.00000000000001066, 0.4999999999999920064 ) ) ;
#2574 = EDGE_CURVE ( 'NONE', #8331, #5984, #5116, .T. ) ;
#2575 = DIRECTION ( 'NONE',  ( 1.224646799147353207E-16, 1.000000000000000000, -0.000000000000000000 ) ) ;
#2576 = CARTESIAN_POINT ( 'NONE',  ( -3.341045996126569051, 40.00000000000000711, 5.786861415715912393 ) ) ;
#2577 = B_SPLINE_CURVE_WITH_KNOTS ( 'NONE', 3,
 ( #1446, #4045, #3531, #872, #3571, #3495, #8081, #1568, #4167, #6681, #6104, #234, #2204, #915, #3414, #277 ),
 .UNSPECIFIED., .F., .F.,
 ( 4, 2, 2, 2, 2, 2, 2, 4 ),
 ( 6.391168830632856059E-15, 0.0004458842745475483397, 0.0008917685490887055245, 0.001337652823629862818, 0.001783537098171019894, 0.002229421372712177187, 0.002675305647253334480, 0.003567074196335632153 ),
 .UNSPECIFIED. ) ;
#2578 = CARTESIAN_POINT ( 'NONE',  ( -1.732050807568900730, 15.99999999999999645, -3.000000000000007994 ) ) ;
#2579 = CARTESIAN_POINT ( 'NONE',  ( -1.636291791117080230, 14.24439848807943143, -1.152927237237266977 ) ) ;
#2580 = ORIENTED_EDGE ( 'NONE', *, *, #3698, .F. ) ;
#2581 = AXIS2_PLACEMENT_3D ( 'NONE', #7705, #6523, #3883 ) ;
#2582 = AXIS2_PLACEMENT_3D ( 'NONE', #7780, #3114, #6412 ) ;
#2583 = ORIENTED_EDGE ( 'NONE', *, *, #6279, .T. ) ;
#2584 = CARTESIAN_POINT ( 'NONE',  ( -0.7161138524087162782, 43.62250610407307505, -3.289528291468053034 ) ) ;
#2585 = CARTESIAN_POINT ( 'NONE',  ( -8.638503887758774979, 25.39791341877129938, 0.000000000000000000 ) ) ;
#2586 = CARTESIAN_POINT ( 'NONE',  ( 2.438564645608387593, 45.42943630644580821, 1.379848555638099272 ) ) ;
#2587 = VECTOR ( 'NONE', #4299, 1000.000000000000114 ) ;
#2588 = CARTESIAN_POINT ( 'NONE',  ( 2.482159763127618657, 44.56642443085239336, -1.804219795128826798 ) ) ;
#2589 = SPHERICAL_SURFACE ( 'NONE', #977, 1.000000000000000000 ) ;
#2590 = AXIS2_PLACEMENT_3D ( 'NONE', #2701, #5846, #1392 ) ;
#2591 = CARTESIAN_POINT ( 'NONE',  ( 2.277414374212627823, 38.00000000000002132, -3.944597406024035635 ) ) ;
#2592 = AXIS2_PLACEMENT_3D ( 'NONE', #3108, #5130, #1856 ) ;
#2593 = EDGE_CURVE ( 'NONE', #7040, #3910, #3455, .T. ) ;
#2594 = ORIENTED_EDGE ( 'NONE', *, *, #3440, .F. ) ;
#2595 = ORIENTED_EDGE ( 'NONE', *, *, #304, .T. ) ;
#2596 = DIRECTION ( 'NONE',  ( -0.8660254037844432595, 0.000000000000000000, -0.4999999999999920064 ) ) ;
#2597 = EDGE_LOOP ( 'NONE', ( #4797, #4634, #3226, #4841 ) ) ;
#2598 = DIRECTION ( 'NONE',  ( -0.4999999999999918399, 0.000000000000000000, 0.8660254037844433705 ) ) ;
#2599 = CARTESIAN_POINT ( 'NONE',  ( 2.836155061908409269, 44.49791065415040947, 1.220480983736697445 ) ) ;
#2600 = DIRECTION ( 'NONE',  ( 0.000000000000000000, -1.000000000000000000, -0.000000000000000000 ) ) ;
#2601 = CARTESIAN_POINT ( 'NONE',  ( -2.818447846489996689, 44.53804997483533867, -1.232529117712358291 ) ) ;
#2602 = FACE_OUTER_BOUND ( 'NONE', #6293, .T. ) ;
#2603 = DIRECTION ( 'NONE',  ( 0.4999999999999917288, 0.000000000000000000, -0.8660254037844435926 ) ) ;
#2604 = DIRECTION ( 'NONE',  ( -1.000000000000000000, 0.000000000000000000, 0.000000000000000000 ) ) ;
#2605 = ORIENTED_EDGE ( 'NONE', *, *, #8117, .T. ) ;
#2606 = EDGE_CURVE ( 'NONE', #3328, #5604, #4038, .T. ) ;
#2607 = AXIS2_PLACEMENT_3D ( 'NONE', #2073, #5933, #4030 ) ;
#2608 = EDGE_LOOP ( 'NONE', ( #281, #1873, #807, #2037 ) ) ;
#2609 = VERTEX_POINT ( 'NONE', #2648 ) ;
#2610 = CARTESIAN_POINT ( 'NONE',  ( 3.464101615137773926, 15.99999999999999645, 2.000000000000000000 ) ) ;
#2611 = B_SPLINE_CURVE_WITH_KNOTS ( 'NONE', 3,
 ( #5243, #1878, #4497, #3928, #1333, #5872, #8479, #7846 ),
 .UNSPECIFIED., .F., .F.,
 ( 4, 2, 2, 4 ),
 ( 0.000000000000000000, 0.003164576948818945395, 0.006329153897637890790, 0.01265830779527578158 ),
 .UNSPECIFIED. ) ;
#2612 = CIRCLE ( 'NONE', #8367, 1.000000000000000666 ) ;
#2613 = CARTESIAN_POINT ( 'NONE',  ( -9.641583466961321847, 31.31292076370753463, 0.000000000000000000 ) ) ;
#2614 = AXIS2_PLACEMENT_3D ( 'NONE', #1513, #4287, #7435 ) ;
#2615 = CIRCLE ( 'NONE', #3179, 0.4020688509154606294 ) ;
#2616 = CARTESIAN_POINT ( 'NONE',  ( -2.962319966474835642, 44.21195125011258398, -1.131670430738913380 ) ) ;
#2617 = CARTESIAN_POINT ( 'NONE',  ( 3.952612910331849250, 43.98286852826944227, -6.775515840927429593E-10 ) ) ;
#2618 = EDGE_CURVE ( 'NONE', #1299, #2344, #3717, .T. ) ;
#2619 = FACE_OUTER_BOUND ( 'NONE', #2962, .T. ) ;
#2620 = ORIENTED_EDGE ( 'NONE', *, *, #2524, .F. ) ;
#2621 = CARTESIAN_POINT ( 'NONE',  ( -0.4330127018922220183, 15.99999999999999645, -0.7499999999999965583 ) ) ;
#2622 = B_SPLINE_CURVE_WITH_KNOTS ( 'NONE', 3,
 ( #996, #6227, #347, #2972, #8193, #2315, #4955, #7551, #1035, #3769 ),
 .UNSPECIFIED., .F., .F.,
 ( 4, 2, 2, 2, 4 ),
 ( 1.084202172485504314E-19, 0.0002654616966840465378, 0.0005309233933680929671, 0.0007963850900521391796, 0.001061846786736185501 ),
 .UNSPECIFIED. ) ;
#2623 = DIRECTION ( 'NONE',  ( -1.000000000000000000, -8.673617379884035472E-17, 0.000000000000000000 ) ) ;
#2624 = DIRECTION ( 'NONE',  ( 0.000000000000000000, 0.000000000000000000, -1.000000000000000000 ) ) ;
#2625 = SPHERICAL_SURFACE ( 'NONE', #3555, 1.000000000000000000 ) ;
#2626 = CARTESIAN_POINT ( 'NONE',  ( 0.8238722364113261198, 15.07569494948030098, 2.606959240197414651 ) ) ;
#2627 =( BOUNDED_SURFACE ( )  B_SPLINE_SURFACE ( 3, 2, ( 
 ( #3110, #7641, #2529 ),
 ( #3779, #7775, #5012 ),
 ( #7600, #1127, #3734 ),
 ( #6278, #5718, #5763 ),
 ( #2436, #1731, #4343 ),
 ( #7692, #448, #3153 ),
 ( #6965, #1815, #4434 ),
 ( #7052, #6407, #8377 ),
 ( #2482, #5132, #6595 ),
 ( #710, #3330, #4616 ),
 ( #1176, #7059, #5940 ),
 ( #581, #3204, #2489 ),
 ( #2001, #7737, #7781 ),
 ( #7875, #664, #5229 ),
 ( #1821, #1360, #3785 ),
 ( #8425, #7834, #3286 ) ),
 .UNSPECIFIED., .F., .F., .T. ) 
 B_SPLINE_SURFACE_WITH_KNOTS ( ( 4, 2, 2, 2, 2, 2, 2, 4 ),
 ( 3, 3 ),
 ( 0.000000000000000000, 0.0007675504642997077118, 0.001151325696449561568, 0.001343213312524488496, 0.001535100928599415424, 0.001918876160749269279, 0.002302651392899123135, 0.003070201857198830847 ),
 ( 0.000000000000000000, 1.000000000000000000 ),
 .UNSPECIFIED. ) 
 GEOMETRIC_REPRESENTATION_ITEM ( )  RATIONAL_B_SPLINE_SURFACE ( (
 ( 1.000000000000000000, 0.7071067811865476838, 1.000000000000000000),
 ( 1.000000000000000000, 0.7173360178717830271, 1.000000000000000000),
 ( 1.000000000000000000, 0.7452096672412743539, 1.000000000000000000),
 ( 1.000000000000000000, 0.7999646156164738064, 1.000000000000000000),
 ( 1.000000000000000000, 0.8202557753888556347, 1.000000000000000000),
 ( 1.000000000000000000, 0.8453484808097021519, 1.000000000000000000),
 ( 1.000000000000000000, 0.8527166563812381694, 1.000000000000000000),
 ( 1.000000000000000000, 0.8631375187652513548, 1.000000000000000000),
 ( 1.000000000000000000, 0.8660232239078003991, 1.000000000000000000),
 ( 1.000000000000000000, 0.8660297596613107940, 1.000000000000000000),
 ( 1.000000000000000000, 0.8542089608285345914, 1.000000000000000000),
 ( 1.000000000000000000, 0.8207685513182154668, 1.000000000000000000),
 ( 1.000000000000000000, 0.8003984184072181485, 1.000000000000000000),
 ( 1.000000000000000000, 0.7458108782818116955, 1.000000000000000000),
 ( 1.000000000000000000, 0.7175487335154209223, 1.000000000000000000),
 ( 1.000000000000000000, 0.7071067811865474617, 1.000000000000000000) ) ) 
 REPRESENTATION_ITEM ( '' )  SURFACE ( )  );
#2628 = DIRECTION ( 'NONE',  ( 0.3948124892685305753, 0.6135897597501190903, 0.6838352908759371962 ) ) ;
#2629 = ORIENTED_EDGE ( 'NONE', *, *, #5148, .T. ) ;
#2630 = AXIS2_PLACEMENT_3D ( 'NONE', #8237, #383, #7549 ) ;
#2631 = ADVANCED_FACE ( 'NONE', ( #7893 ), #5282, .T. ) ;
#2632 = ORIENTED_EDGE ( 'NONE', *, *, #7227, .T. ) ;
#2633 = CARTESIAN_POINT ( 'NONE',  ( -1.945025858667214447, 14.85996621442077625, 0.5160225869912214991 ) ) ;
#2634 = DIRECTION ( 'NONE',  ( -0.5000000000000039968, -0.000000000000000000, -0.8660254037844363761 ) ) ;
#2635 = CARTESIAN_POINT ( 'NONE',  ( -2.487274205069913258, 45.42476380496839283, -1.297332690635225383 ) ) ;
#2636 = CARTESIAN_POINT ( 'NONE',  ( 2.476269106130032593, 43.82063595756881824, 2.177735624675056325 ) ) ;
#2637 = PLANE ( 'NONE',  #7735 ) ;
#2638 = SPHERICAL_SURFACE ( 'NONE', #3986, 1.000000000000000000 ) ;
#2639 = ORIENTED_EDGE ( 'NONE', *, *, #3791, .F. ) ;
#2640 = ORIENTED_EDGE ( 'NONE', *, *, #6697, .F. ) ;
#2641 = ORIENTED_EDGE ( 'NONE', *, *, #7623, .T. ) ;
#2642 = CARTESIAN_POINT ( 'NONE',  ( 2.933205015924302383, 15.01122837054074743, 0.2377781213729470988 ) ) ;
#2643 = DIRECTION ( 'NONE',  ( 0.4002963252940431871, 0.5992089850997911471, -0.6933335734924164218 ) ) ;
#2644 = CARTESIAN_POINT ( 'NONE',  ( -3.089529506107056012, 41.65731318149808970, -5.351222076060650146 ) ) ;
#2645 = CARTESIAN_POINT ( 'NONE',  ( -4.212111162790877827, 43.69040101299421508, -1.000000000004122036 ) ) ;
#2646 = CARTESIAN_POINT ( 'NONE',  ( 1.990280519261252046, 14.01301373875980083, 0.2147658251305636923 ) ) ;
#2647 = CARTESIAN_POINT ( 'NONE',  ( 3.341045996129731410, 39.00000000000000711, 5.786861415721203272 ) ) ;
#2648 = CARTESIAN_POINT ( 'NONE',  ( 2.475020592349558068, 40.00000000000000711, 6.286861415728591140 ) ) ;
#2649 = ADVANCED_FACE ( 'NONE', ( #4807 ), #8094, .F. ) ;
#2650 = ORIENTED_EDGE ( 'NONE', *, *, #1145, .F. ) ;
#2651 = ORIENTED_EDGE ( 'NONE', *, *, #7700, .F. ) ;
#2652 = EDGE_LOOP ( 'NONE', ( #6339, #7329, #1542 ) ) ;
#2653 = CARTESIAN_POINT ( 'NONE',  ( -10.21794364448410697, 29.24653537639673573, 1.000000000000000000 ) ) ;
#2654 = DIRECTION ( 'NONE',  ( -0.7683571977882394100, 0.000000000000000000, 0.6400212626210196598 ) ) ;
#2655 = FACE_OUTER_BOUND ( 'NONE', #3546, .T. ) ;
#2656 = EDGE_LOOP ( 'NONE', ( #874, #3518, #7663, #2215 ) ) ;
#2657 = EDGE_CURVE ( 'NONE', #4981, #6779, #1956, .T. ) ;
#2658 = CARTESIAN_POINT ( 'NONE',  ( -1.301042606982604926E-15, 14.99999999999999645, -1.000000000000000000 ) ) ;
#2659 = EDGE_CURVE ( 'NONE', #2284, #6793, #2906, .T. ) ;
#2660 = CARTESIAN_POINT ( 'NONE',  ( -14.21055667579542181, 19.37215832004670091, 0.000000000000000000 ) ) ;
#2661 = CARTESIAN_POINT ( 'NONE',  ( -2.034576992018018782, 43.85152090674240100, -3.523990722084842542 ) ) ;
#2662 = CARTESIAN_POINT ( 'NONE',  ( 1.532851402153052459E-22, 48.84708589523609845, 0.4020688509154606294 ) ) ;
#2663 = CARTESIAN_POINT ( 'NONE',  ( 0.3775885954999058658, 15.12390791857639449, 2.522532822069095904 ) ) ;
#2664 = B_SPLINE_CURVE_WITH_KNOTS ( 'NONE', 3,
 ( #6587, #3361, #4644, #7772, #7910, #6007, #5972, #18, #2031, #5932 ),
 .UNSPECIFIED., .F., .F.,
 ( 4, 2, 2, 2, 4 ),
 ( 0.01306257974109152620, 0.01338229932844355388, 0.01370201891579558330, 0.01402173850314761272, 0.01434145809049964040 ),
 .UNSPECIFIED. ) ;
#2665 = CARTESIAN_POINT ( 'NONE',  ( 2.769615319923724339, 44.63295138567026754, -1.279128613282037419 ) ) ;
#2666 = MANIFOLD_SOLID_BREP ( '\X2\570689d2\X0\13', #6540 ) ;
#2667 = ORIENTED_EDGE ( 'NONE', *, *, #625, .F. ) ;
#2668 = ORIENTED_EDGE ( 'NONE', *, *, #7482, .F. ) ;
#2669 = CARTESIAN_POINT ( 'NONE',  ( 0.000000000000000000, 40.00000000000000711, -1.000000000000000000 ) ) ;
#2670 = AXIS2_PLACEMENT_3D ( 'NONE', #3888, #8442, #593 ) ;
#2671 = DIRECTION ( 'NONE',  ( 0.4999999999998452904, 0.000000000000000000, 0.8660254037845279695 ) ) ;
#2672 = DIRECTION ( 'NONE',  ( -1.000000000000000000, 0.000000000000000000, 0.000000000000000000 ) ) ;
#2673 =( BOUNDED_SURFACE ( )  B_SPLINE_SURFACE ( 3, 2, ( 
 ( #8281, #3015, #7723 ),
 ( #6316, #3728, #476 ),
 ( #440, #3104, #8323 ),
 ( #2350, #5004, #2430 ),
 ( #1686, #4289, #352 ),
 ( #5639, #8369, #1042 ),
 ( #4474, #3772, #6917 ),
 ( #5084, #5756, #5126 ) ),
 .UNSPECIFIED., .F., .F., .F. ) 
 B_SPLINE_SURFACE_WITH_KNOTS ( ( 4, 2, 2, 4 ),
 ( 3, 3 ),
 ( 0.008298553682523201330, 0.008919219878525334877, 0.009539886074527468424, 0.01078121846653173725 ),
 ( 0.000000000000000000, 1.000000000000000000 ),
 .UNSPECIFIED. ) 
 GEOMETRIC_REPRESENTATION_ITEM ( )  RATIONAL_B_SPLINE_SURFACE ( (
 ( 1.000000000000000000, 0.9368214105122999458, 1.000000000000000000),
 ( 1.000000000000000000, 0.9229681980422907994, 1.000000000000000000),
 ( 1.000000000000000000, 0.9031388468952686877, 1.000000000000000000),
 ( 1.000000000000000000, 0.8625285702818584754, 1.000000000000000000),
 ( 1.000000000000000000, 0.8419470340394629160, 1.000000000000000000),
 ( 1.000000000000000000, 0.7815592415059308129, 1.000000000000000000),
 ( 1.000000000000000000, 0.7426999710120285592, 1.000000000000000000),
 ( 1.000000000000000000, 0.7071067811871014630, 1.000000000000000000) ) ) 
 REPRESENTATION_ITEM ( '' )  SURFACE ( )  );
#2674 = DIRECTION ( 'NONE',  ( -0.4999999999999919509, 0.000000000000000000, 0.8660254037844432595 ) ) ;
#2675 = VECTOR ( 'NONE', #7851, 1000.000000000000000 ) ;
#2676 = CARTESIAN_POINT ( 'NONE',  ( 2.464188243044016069, 44.30396230617397180, -1.951578966864089937 ) ) ;
#2677 = LINE ( 'NONE', #117, #1940 ) ;
#2678 = CIRCLE ( 'NONE', #6667, 1.000000000000000000 ) ;
#2679 = FACE_OUTER_BOUND ( 'NONE', #429, .T. ) ;
#2680 = EDGE_CURVE ( 'NONE', #2334, #8234, #3049, .T. ) ;
#2681 = ORIENTED_EDGE ( 'NONE', *, *, #361, .F. ) ;
#2682 = ORIENTED_EDGE ( 'NONE', *, *, #937, .T. ) ;
#2683 = CARTESIAN_POINT ( 'NONE',  ( -3.341045996132444795, 40.00000000000000711, 5.786861415726089142 ) ) ;
#2684 = AXIS2_PLACEMENT_3D ( 'NONE', #4453, #6481, #7168 ) ;
#2685 = CARTESIAN_POINT ( 'NONE',  ( -5.307916806043384561, 30.65890518818008559, 7.193581590416026295 ) ) ;
#2686 = CARTESIAN_POINT ( 'NONE',  ( 8.450077789623401614, 17.26321955727387092, -12.63596405953732216 ) ) ;
#2687 = CARTESIAN_POINT ( 'NONE',  ( -2.757404523264674445, 44.66788531469737933, -1.285954655756258669 ) ) ;
#2688 = CARTESIAN_POINT ( 'NONE',  ( 1.964621440753864468, 14.05650054790186765, 0.3841920086689251668 ) ) ;
#2689 = B_SPLINE_CURVE_WITH_KNOTS ( 'NONE', 3,
 ( #7460, #5424, #4067, #4150, #1466, #6783, #8141, #2258, #893, #4898 ),
 .UNSPECIFIED., .F., .F.,
 ( 4, 2, 2, 2, 4 ),
 ( 0.000000000000000000, 0.0002654616966840464293, 0.0005309233933680928587, 0.0007963850900521390712, 0.001061846786736185501 ),
 .UNSPECIFIED. ) ;
#2690 = DIRECTION ( 'NONE',  ( 0.2169012146502760363, -0.9010080201268696465, 0.3756839239976785816 ) ) ;
#2691 = CARTESIAN_POINT ( 'NONE',  ( 7.295681751992686870, 40.78962497853910918, 0.000000000000000000 ) ) ;
#2692 = ORIENTED_EDGE ( 'NONE', *, *, #1264, .F. ) ;
#2693 = VERTEX_POINT ( 'NONE', #4536 ) ;
#2694 = ORIENTED_EDGE ( 'NONE', *, *, #4993, .T. ) ;
#2695 = ORIENTED_EDGE ( 'NONE', *, *, #4352, .T. ) ;
#2696 = CARTESIAN_POINT ( 'NONE',  ( -8.427935170293885392, 16.00000000000000000, -14.59761191784551215 ) ) ;
#2697 = CARTESIAN_POINT ( 'NONE',  ( 0.3620665946608925823, 44.49620094390846248, 3.066790387272767759 ) ) ;
#2698 = EDGE_CURVE ( 'NONE', #3508, #3942, #7016, .T. ) ;
#2699 = CARTESIAN_POINT ( 'NONE',  ( 2.818447845150056974, 44.53804997131984322, -1.232529118674754010 ) ) ;
#2700 = EDGE_LOOP ( 'NONE', ( #1545, #718, #7371, #4153 ) ) ;
#2701 = CARTESIAN_POINT ( 'NONE',  ( 0.000000000000000000, 40.00000000000000711, 0.000000000000000000 ) ) ;
#2702 = EDGE_CURVE ( 'NONE', #6524, #2196, #2919, .T. ) ;
#2703 = CARTESIAN_POINT ( 'NONE',  ( -7.840073083803720699, 24.79582683754258809, -1.000000000000000000 ) ) ;
#2704 = CARTESIAN_POINT ( 'NONE',  ( 11.66703064672740098, 28.00000000000001066, 1.000000000000000000 ) ) ;
#2705 = CARTESIAN_POINT ( 'NONE',  ( -4.967489919579243463, 28.00000000000012079, -10.60394492679737866 ) ) ;
#2706 = ADVANCED_FACE ( 'NONE', ( #2679 ), #1802, .T. ) ;
#2707 = CARTESIAN_POINT ( 'NONE',  ( -0.8174624669596611826, 14.00000002636689267, 1.833425925616512631 ) ) ;
#2708 = DIRECTION ( 'NONE',  ( -9.388908478887774784E-27, -1.000000000000000000, 5.204170427930421283E-14 ) ) ;
#2709 = AXIS2_PLACEMENT_3D ( 'NONE', #5839, #6493, #8453 ) ;
#2710 = VERTEX_POINT ( 'NONE', #4878 ) ;
#2711 = CARTESIAN_POINT ( 'NONE',  ( -7.031692680139359553, 18.04276379847336642, 14.17924898521698474 ) ) ;
#2712 = CARTESIAN_POINT ( 'NONE',  ( -1.971204178224389869, 14.05000125424239066, 0.3767128595001578706 ) ) ;
#2713 = CARTESIAN_POINT ( 'NONE',  ( 0.1203451134437803771, 46.87350101388443591, -1.791556149084960081 ) ) ;
#2714 = CARTESIAN_POINT ( 'NONE',  ( -3.929972578312614928, 44.01282709432137352, 0.01984455323238872720 ) ) ;
#2715 = DIRECTION ( 'NONE',  ( -0.5000000000000041078, 0.000000000000000000, -0.8660254037844362651 ) ) ;
#2716 = CARTESIAN_POINT ( 'NONE',  ( -9.293960574070977643, 16.00000000001098499, -14.09761191783279877 ) ) ;
#2717 = CARTESIAN_POINT ( 'NONE',  ( -0.8660254037844364872, 0.000000000000000000, 0.5000000000000041078 ) ) ;
#2718 = CARTESIAN_POINT ( 'NONE',  ( 3.464101615137773926, 14.99999999999999645, 1.000000000000000000 ) ) ;
#2719 = ADVANCED_FACE ( 'NONE', ( #399 ), #449, .T. ) ;
#2720 = TOROIDAL_SURFACE ( 'NONE', #5481, 2.000000000000000000, 1.000000000000000000 ) ;
#2721 = EDGE_CURVE ( 'NONE', #690, #3284, #3618, .T. ) ;
#2722 = AXIS2_PLACEMENT_3D ( 'NONE', #1091, #6109, #239 ) ;
#2723 = ORIENTED_EDGE ( 'NONE', *, *, #7583, .F. ) ;
#2724 = ORIENTED_EDGE ( 'NONE', *, *, #1569, .T. ) ;
#2725 = CARTESIAN_POINT ( 'NONE',  ( -1.067651522533186181, 47.92703760326411100, 0.3937843027511656047 ) ) ;
#2726 = VECTOR ( 'NONE', #5216, 1000.000000000000000 ) ;
#2727 = CIRCLE ( 'NONE', #3421, 0.9999999999999995559 ) ;
#2728 = FACE_OUTER_BOUND ( 'NONE', #1936, .T. ) ;
#2729 = AXIS2_PLACEMENT_3D ( 'NONE', #653, #699, #3901 ) ;
#2730 = CARTESIAN_POINT ( 'NONE',  ( -8.427935170293681111, 15.99999999999999645, 14.59761191784563117 ) ) ;
#2731 = CARTESIAN_POINT ( 'NONE',  ( 2.999501062348041813, 14.99999999999999645, 0.05471176265637298780 ) ) ;
#2732 = CARTESIAN_POINT ( 'NONE',  ( 3.266498372529698990, 31.40750956778393288, 7.657741144062414129 ) ) ;
#2733 = CIRCLE ( 'NONE', #8350, 15.00000000000000000 ) ;
#2734 = CARTESIAN_POINT ( 'NONE',  ( 4.437746988013932636, 41.92936598909162882, -1.000000000000000000 ) ) ;
#2735 = PRODUCT_RELATED_PRODUCT_CATEGORY ( 'part', '', ( #2783 ) ) ;
#2736 = ORIENTED_EDGE ( 'NONE', *, *, #1847, .T. ) ;
#2737 = B_SPLINE_CURVE_WITH_KNOTS ( 'NONE', 2,
 ( #2070, #1947, #16 ),
 .UNSPECIFIED., .F., .F.,
 ( 3, 3 ),
 ( 0.4990426930198652022, 0.4994522203817269856 ),
 .UNSPECIFIED. ) ;
#2738 = VERTEX_POINT ( 'NONE', #279 ) ;
#2739 = CARTESIAN_POINT ( 'NONE',  ( 3.647840876004834865, 40.78962497853133584, 6.318245735185247014 ) ) ;
#2740 = EDGE_LOOP ( 'NONE', ( #929, #1933, #8019, #644 ) ) ;
#2741 = EDGE_CURVE ( 'NONE', #4417, #1016, #4556, .T. ) ;
#2742 = DIRECTION ( 'NONE',  ( 0.5000000000000039968, 4.336808689942052249E-17, 0.8660254037844362651 ) ) ;
#2743 = DIRECTION ( 'NONE',  ( -8.673617379884035472E-17, 1.000000000000000000, 0.000000000000000000 ) ) ;
#2744 = FACE_OUTER_BOUND ( 'NONE', #94, .T. ) ;
#2745 = CARTESIAN_POINT ( 'NONE',  ( -3.022851656506779339, 44.06531866983711865, 1.100169044449355704 ) ) ;
#2746 = CARTESIAN_POINT ( 'NONE',  ( 5.833515323363537952, 28.00000000000012079, -10.10394492679745326 ) ) ;
#2747 = CARTESIAN_POINT ( 'NONE',  ( 2.677084810022801520, 45.35253749462064832, 1.000000000003225642 ) ) ;
#2748 = CIRCLE ( 'NONE', #4953, 2.000000000000000000 ) ;
#2749 = VERTEX_POINT ( 'NONE', #6843 ) ;
#2750 = CARTESIAN_POINT ( 'NONE',  ( -3.368386309276077295, 41.22393358103364136, 5.834216227185700099 ) ) ;
#2751 = AXIS2_PLACEMENT_3D ( 'NONE', #6680, #6637, #6023 ) ;
#2752 = CARTESIAN_POINT ( 'NONE',  ( -7.561909766509488762, 15.99999999999993427, -15.09761191784558498 ) ) ;
#2753 = CARTESIAN_POINT ( 'NONE',  ( 5.653820728298455833, 37.56619757069945109, 1.000000000000000000 ) ) ;
#2754 = DIRECTION ( 'NONE',  ( 0.8005926505880992528, 0.5992089850997911471, 0.000000000000000000 ) ) ;
#2755 = EDGE_CURVE ( 'NONE', #3255, #7553, #6290, .T. ) ;
#2756 = CARTESIAN_POINT ( 'NONE',  ( 1.157432437823571636, 15.02555247998980370, 2.665327355700176426 ) ) ;
#2757 = CIRCLE ( 'NONE', #1524, 0.9999999999999991118 ) ;
#2758 = CARTESIAN_POINT ( 'NONE',  ( -0.5246700804808467344, 47.81083249756557763, 1.091244763368010018 ) ) ;
#2759 = EDGE_LOOP ( 'NONE', ( #6121, #8100, #5582, #1027 ) ) ;
#2760 = CARTESIAN_POINT ( 'NONE',  ( -1.927387219558341913, 44.75292953360845871, 0.7199574747614378989 ) ) ;
#2761 = CARTESIAN_POINT ( 'NONE',  ( -1.894185590289827248, 44.56704267273954656, -2.905403436309272891 ) ) ;
#2762 = AXIS2_PLACEMENT_3D ( 'NONE', #4189, #251, #934 ) ;
#2763 = FACE_OUTER_BOUND ( 'NONE', #163, .T. ) ;
#2764 = CARTESIAN_POINT ( 'NONE',  ( -1.084202172485504434E-16, 40.00000000000000711, 0.000000000000000000 ) ) ;
#2765 = DIRECTION ( 'NONE',  ( 8.673617379884035472E-17, -1.000000000000000000, -0.000000000000000000 ) ) ;
#2766 = AXIS2_PLACEMENT_3D ( 'NONE', #6272, #3194, #7048 ) ;
#2767 = ORIENTED_EDGE ( 'NONE', *, *, #4914, .F. ) ;
#2768 = ORIENTED_EDGE ( 'NONE', *, *, #4883, .T. ) ;
#2769 = CARTESIAN_POINT ( 'NONE',  ( 9.641583466762371657, 31.31292076351246934, -1.000000000000000000 ) ) ;
#2770 = EDGE_CURVE ( 'NONE', #1038, #4212, #4415, .T. ) ;
#2771 = CARTESIAN_POINT ( 'NONE',  ( -0.4328346893187882682, 45.37288655815451222, 2.813167569525345080 ) ) ;
#2772 = EDGE_CURVE ( 'NONE', #3965, #3461, #5521, .T. ) ;
#2773 = CARTESIAN_POINT ( 'NONE',  ( -0.1196833769559097760, 15.13402734688821027, -2.499885791812026525 ) ) ;
#2774 = CARTESIAN_POINT ( 'NONE',  ( 1.999667374898695060, 13.99999999999999467, -0.03647450843757289035 ) ) ;
#2775 = DIRECTION ( 'NONE',  ( 1.776356839400101370E-15, 0.000000000000000000, -1.000000000000000000 ) ) ;
#2776 = ORIENTED_EDGE ( 'NONE', *, *, #6451, .F. ) ;
#2777 = ORIENTED_EDGE ( 'NONE', *, *, #3423, .T. ) ;
#2778 = DIRECTION ( 'NONE',  ( -0.4087689201814549422, -0.9126379182861555917, 0.000000000000000000 ) ) ;
#2779 = ORIENTED_EDGE ( 'NONE', *, *, #167, .T. ) ;
#2780 = CARTESIAN_POINT ( 'NONE',  ( -0.1700960735014669378, 44.75292953360997927, -3.014572516224883092 ) ) ;
#2781 = CARTESIAN_POINT ( 'NONE',  ( -0.3418223948338909302, 44.53804997431570456, -3.057111992455025185 ) ) ;
#2782 = CARTESIAN_POINT ( 'NONE',  ( 3.054011138117459279, 24.79582683754257744, 7.289702458100619786 ) ) ;
#2783 = PRODUCT ( '\X2\57238bde6811\X0\', '\X2\57238bde6811\X0\', '', ( #5072 ) ) ;
#2784 = CARTESIAN_POINT ( 'NONE',  ( 2.695744417340979471, 44.75292953359428338, -1.359978737384160086 ) ) ;
#2785 = SPHERICAL_SURFACE ( 'NONE', #4795, 1.000000000000000000 ) ;
#2786 = EDGE_CURVE ( 'NONE', #2047, #4463, #5855, .T. ) ;
#2787 = ORIENTED_EDGE ( 'NONE', *, *, #927, .T. ) ;
#2788 = CARTESIAN_POINT ( 'NONE',  ( -5.452091441820513751, 29.97551092897696279, -9.443299384743365721 ) ) ;
#2789 = CARTESIAN_POINT ( 'NONE',  ( -6.242941788638305844, 19.36570602569048205, -12.81309236662203510 ) ) ;
#2790 = CARTESIAN_POINT ( 'NONE',  ( 6.468064121919124609, 35.87501333697670702, 1.000000000000000000 ) ) ;
#2791 = CARTESIAN_POINT ( 'NONE',  ( -1.945260736647081101, 35.41155823880490772, -5.369290429841551138 ) ) ;
#2792 = CARTESIAN_POINT ( 'NONE',  ( 0.3354133251620545209, 14.18855849479354347, 1.973455516936708065 ) ) ;
#2793 = ORIENTED_EDGE ( 'NONE', *, *, #3550, .F. ) ;
#2794 = EDGE_CURVE ( 'NONE', #4504, #5779, #8109, .T. ) ;
#2795 = CARTESIAN_POINT ( 'NONE',  ( 1.578043658561196994, 14.84829097422525379, 1.235255218374351704 ) ) ;
#2796 = FACE_OUTER_BOUND ( 'NONE', #3796, .T. ) ;
#2797 = CARTESIAN_POINT ( 'NONE',  ( -2.597576159635269111, 45.39722375494293516, -1.117172226369652188 ) ) ;
#2798 = CARTESIAN_POINT ( 'NONE',  ( -2.008152071715258113, 43.91108532161457845, 3.478221417541333071 ) ) ;
#2799 = EDGE_CURVE ( 'NONE', #5670, #2519, #7842, .T. ) ;
#2800 = DIRECTION ( 'NONE',  ( 0.7683571977861352043, 0.000000000000000000, 0.6400212626235458613 ) ) ;
#2801 = DIRECTION ( 'NONE',  ( 0.000000000000000000, 1.000000000000000000, 0.000000000000000000 ) ) ;
#2802 = CIRCLE ( 'NONE', #1848, 0.9000000000000000222 ) ;
#2803 = EDGE_LOOP ( 'NONE', ( #6618, #2821, #2640, #4144 ) ) ;
#2804 = EDGE_LOOP ( 'NONE', ( #6373, #4494, #6544, #6066 ) ) ;
#2805 = CARTESIAN_POINT ( 'NONE',  ( 8.427935170293677558, 16.00000000000000000, -14.59761191784562229 ) ) ;
#2806 = AXIS2_PLACEMENT_3D ( 'NONE', #6982, #6338, #4323 ) ;
#2807 = CARTESIAN_POINT ( 'NONE',  ( 0.4725170012352694626, 45.35253749465220352, 2.818423453568166259 ) ) ;
#2808 = EDGE_CURVE ( 'NONE', #3952, #8017, #6621, .T. ) ;
#2809 = CARTESIAN_POINT ( 'NONE',  ( -0.8441623326512407433, 15.07334009589849799, -2.609620652183331391 ) ) ;
#2810 = FACE_OUTER_BOUND ( 'NONE', #1152, .T. ) ;
#2811 = TOROIDAL_SURFACE ( 'NONE', #7602, 2.000000000000000000, 1.000000000000000000 ) ;
#2812 = CARTESIAN_POINT ( 'NONE',  ( 2.834831017170565737, 34.26505462957530312, 6.910071352615970497 ) ) ;
#2813 = EDGE_CURVE ( 'NONE', #208, #4880, #4529, .T. ) ;
#2814 = CARTESIAN_POINT ( 'NONE',  ( -2.712732159456638481, 45.13644959928410572, 1.330927508389006197 ) ) ;
#2815 = CIRCLE ( 'NONE', #2008, 1.000000000000000000 ) ;
#2816 = VERTEX_POINT ( 'NONE', #7150 ) ;
#2817 = EDGE_CURVE ( 'NONE', #5496, #5670, #848, .T. ) ;
#2818 = VERTEX_POINT ( 'NONE', #8467 ) ;
#2819 = FACE_OUTER_BOUND ( 'NONE', #5454, .T. ) ;
#2820 = AXIS2_PLACEMENT_3D ( 'NONE', #2576, #7822, #5088 ) ;
#2821 = ORIENTED_EDGE ( 'NONE', *, *, #6163, .F. ) ;
#2822 = CARTESIAN_POINT ( 'NONE',  ( -3.277414374212689552, 38.00000000000001421, -5.676648213592871528 ) ) ;
#2823 = CARTESIAN_POINT ( 'NONE',  ( -3.695951515314982228, 44.29023014930629643, 0.06463563595785282168 ) ) ;
#2824 = DIRECTION ( 'NONE',  ( 0.4999999999999920619, 0.000000000000000000, -0.8660254037844432595 ) ) ;
#2825 = B_SPLINE_CURVE_WITH_KNOTS ( 'NONE', 3,
 ( #5365, #4751, #6679, #7917, #2040, #792, #6022, #157, #1361, #2157 ),
 .UNSPECIFIED., .F., .F.,
 ( 4, 2, 2, 2, 4 ),
 ( 1.554006304468970733E-17, 0.002777439622246328284, 0.005554879244492640956, 0.008332318866738951460, 0.01110975848898526457 ),
 .UNSPECIFIED. ) ;
#2826 = ADVANCED_FACE ( 'NONE', ( #2487 ), #3831, .T. ) ;
#2827 = DIRECTION ( 'NONE',  ( -0.8660254037845566133, 0.000000000000000000, -0.4999999999997958300 ) ) ;
#2828 = EDGE_CURVE ( 'NONE', #5868, #4724, #4128, .T. ) ;
#2829 = VERTEX_POINT ( 'NONE', #7437 ) ;
#2830 = EDGE_LOOP ( 'NONE', ( #5835, #461, #370, #4583 ) ) ;
#2831 = CARTESIAN_POINT ( 'NONE',  ( -5.969574412147292897, 29.25718579709491252, -8.339606181402128726 ) ) ;
#2832 = ADVANCED_FACE ( 'NONE', ( #7353 ), #259, .T. ) ;
#2833 = DIRECTION ( 'NONE',  ( -1.000000000000000000, 0.000000000000000000, 0.000000000000000000 ) ) ;
#2834 = DIRECTION ( 'NONE',  ( 4.807406715958428642E-14, 1.000000000000000000, 2.775557561563720286E-14 ) ) ;
#2835 = DIRECTION ( 'NONE',  ( -1.000000000000000000, 0.000000000000000000, 0.000000000000000000 ) ) ;
#2836 = DIRECTION ( 'NONE',  ( 1.000000000000000000, -0.000000000000000000, 0.000000000000000000 ) ) ;
#2837 = EDGE_LOOP ( 'NONE', ( #1301, #7744, #332 ) ) ;
#2838 = ADVANCED_FACE ( 'NONE', ( #3783 ), #4393, .T. ) ;
#2839 = CARTESIAN_POINT ( 'NONE',  ( -6.717267337458416421, 17.26435667893811043, 13.63464831650117226 ) ) ;
#2840 = CARTESIAN_POINT ( 'NONE',  ( -1.150499915705595955, 14.92054706172523204, 1.658240571839600719 ) ) ;
#2841 = CARTESIAN_POINT ( 'NONE',  ( 1.179062194061045288, 14.00000002636689267, 1.624656225835634515 ) ) ;
#2842 = CARTESIAN_POINT ( 'NONE',  ( 2.022378727099502616, 45.13615510177540102, 2.247763610851313931 ) ) ;
#2843 = DIRECTION ( 'NONE',  ( 1.000000000000000000, 0.000000000000000000, 0.000000000000000000 ) ) ;
#2844 = CARTESIAN_POINT ( 'NONE',  ( 0.8660254037844432595, 0.000000000000000000, 0.4999999999999920064 ) ) ;
#2845 = CARTESIAN_POINT ( 'NONE',  ( -0.8660254037844644648, 43.02671304668614027, -3.500000000000012434 ) ) ;
#2846 = CARTESIAN_POINT ( 'NONE',  ( 2.464101615137717527, 15.99999999999999645, -2.000000000000000000 ) ) ;
#2847 = CIRCLE ( 'NONE', #5055, 1.000000000000000000 ) ;
#2848 = B_SPLINE_CURVE_WITH_KNOTS ( 'NONE', 3,
 ( #384, #346, #2270, #435, #4827, #1033, #2971, #6187, #3679, #5587, #6138, #8192 ),
 .UNSPECIFIED., .F., .F.,
 ( 4, 2, 2, 2, 2, 4 ),
 ( 0.000000000000000000, 0.0002831992140080898243, 0.0005663984280161796486, 0.001132796856032359297, 0.001699195284048538946, 0.002265593712064718594 ),
 .UNSPECIFIED. ) ;
#2849 = ORIENTED_EDGE ( 'NONE', *, *, #3187, .F. ) ;
#2850 = VERTEX_POINT ( 'NONE', #4348 ) ;
#2851 = CARTESIAN_POINT ( 'NONE',  ( 4.207071399914957155, 39.99999999996212097, 5.286861415743524084 ) ) ;
#2852 = CARTESIAN_POINT ( 'NONE',  ( 0.2037490475089372144, 45.13644959936276280, 3.014758717827758172 ) ) ;
#2853 = CARTESIAN_POINT ( 'NONE',  ( -0.9633492004487516081, 15.05445558130094419, -2.635115354986786951 ) ) ;
#2854 = CARTESIAN_POINT ( 'NONE',  ( 1.690777425206057227, 14.26874093787395736, -1.071944756029423962 ) ) ;
#2855 = EDGE_CURVE ( 'NONE', #5028, #554, #4091, .T. ) ;
#2856 = CARTESIAN_POINT ( 'NONE',  ( -2.656686160983378731, 44.80147694147561310, 1.409111781724508239 ) ) ;
#2857 = VECTOR ( 'NONE', #5919, 1000.000000000000000 ) ;
#2858 = EDGE_LOOP ( 'NONE', ( #5675, #755, #5107, #3499 ) ) ;
#2859 = EDGE_LOOP ( 'NONE', ( #5483, #3633, #7843, #1600 ) ) ;
#2860 = CARTESIAN_POINT ( 'NONE',  ( 4.923923318605482123E-18, 48.02303740291296208, -0.04020688513646309553 ) ) ;
#2861 = AXIS2_PLACEMENT_3D ( 'NONE', #7092, #8413, #4428 ) ;
#2862 = ORIENTED_EDGE ( 'NONE', *, *, #403, .T. ) ;
#2863 = AXIS2_PLACEMENT_3D ( 'NONE', #342, #3885, #4452 ) ;
#2864 = DIRECTION ( 'NONE',  ( -1.000000000000000000, 0.000000000000000000, 0.000000000000000000 ) ) ;
#2865 = CARTESIAN_POINT ( 'NONE',  ( -0.4949928426232431677, 45.02045015003045592, -3.085531485617942771 ) ) ;
#2866 = FACE_OUTER_BOUND ( 'NONE', #4810, .T. ) ;
#2867 = CARTESIAN_POINT ( 'NONE',  ( -6.554828748425329366, 39.00000000000000711, 0.000000000000000000 ) ) ;
#2868 = AXIS2_PLACEMENT_3D ( 'NONE', #3635, #4240, #1030 ) ;
#2869 = CARTESIAN_POINT ( 'NONE',  ( 0.000000000000000000, 28.00000000000001066, 0.000000000000000000 ) ) ;
#2870 = VECTOR ( 'NONE', #8073, 1000.000000000000000 ) ;
#2871 = ORIENTED_EDGE ( 'NONE', *, *, #2191, .F. ) ;
#2872 = ORIENTED_EDGE ( 'NONE', *, *, #514, .T. ) ;
#2873 = CARTESIAN_POINT ( 'NONE',  ( 0.1206592859165492998, 44.79310813282178572, 3.006892660544023599 ) ) ;
#2874 = B_SPLINE_CURVE_WITH_KNOTS ( 'NONE', 3,
 ( #3171, #2454, #790, #2713, #4749, #1834, #3370, #1188, #3125, #6677 ),
 .UNSPECIFIED., .F., .F.,
 ( 4, 2, 2, 2, 4 ),
 ( 0.009765999533832551982, 0.01141428963745513836, 0.01223843468926642981, 0.01265050721517207641, 0.01306257974107772300 ),
 .UNSPECIFIED. ) ;
#2875 = CARTESIAN_POINT ( 'NONE',  ( 2.434684721593246337, 33.75430252503801398, -6.216997638211313237 ) ) ;
#2876 = ADVANCED_FACE ( 'NONE', ( #6326 ), #7056, .T. ) ;
#2877 = EDGE_CURVE ( 'NONE', #7896, #6786, #2727, .T. ) ;
#2878 = DIRECTION ( 'NONE',  ( -0.5000000000000039968, 0.000000000000000000, -0.8660254037844362651 ) ) ;
#2879 = CIRCLE ( 'NONE', #412, 1.000000000000000000 ) ;
#2880 = CARTESIAN_POINT ( 'NONE',  ( -0.6118972644264304428, 15.10261212769951733, 2.563263298846471638 ) ) ;
#2881 = DIRECTION ( 'NONE',  ( 0.4999999999999919509, 0.000000000000000000, -0.8660254037844432595 ) ) ;
#2882 = ORIENTED_EDGE ( 'NONE', *, *, #1004, .T. ) ;
#2883 = AXIS2_PLACEMENT_3D ( 'NONE', #3386, #6689, #843 ) ;
#2884 = CARTESIAN_POINT ( 'NONE',  ( -7.861514259059154242, 16.80059265058806162, 15.61654212111797690 ) ) ;
#2885 = CARTESIAN_POINT ( 'NONE',  ( -1.651637374890247756, 14.99999999999999645, 2.469793862815921059 ) ) ;
#2886 = B_SPLINE_CURVE_WITH_KNOTS ( 'NONE', 3,
 ( #4558, #1256, #3861, #6495, #1202, #604 ),
 .UNSPECIFIED., .F., .F.,
 ( 4, 2, 4 ),
 ( 0.000000000000000000, 0.006167785449975371481, 0.01233557089995074296 ),
 .UNSPECIFIED. ) ;
#2887 =( BOUNDED_SURFACE ( )  B_SPLINE_SURFACE ( 3, 2, ( 
 ( #8401, #3670, #3758 ),
 ( #6386, #5156, #2375 ),
 ( #2340, #4502, #4992 ),
 ( #509, #5667, #5034 ),
 ( #7122, #1246, #3852 ),
 ( #7580, #7931, #1295 ),
 ( #3891, #7173, #8447 ),
 ( #4550, #1977, #5335 ) ),
 .UNSPECIFIED., .F., .F., .F. ) 
 B_SPLINE_SURFACE_WITH_KNOTS ( ( 4, 2, 2, 4 ),
 ( 3, 3 ),
 ( 0.02544805186257385540, 0.02835232994442245247, 0.03125660802627105300, 0.03706516418996824713 ),
 ( 0.000000000000000000, 1.000000000000000000 ),
 .UNSPECIFIED. ) 
 GEOMETRIC_REPRESENTATION_ITEM ( )  RATIONAL_B_SPLINE_SURFACE ( (
 ( 1.000000000000000000, 0.7071067811865473507, 1.000000000000000000),
 ( 1.000000000000000000, 0.7071067811865473507, 1.000000000000000000),
 ( 1.000000000000000000, 0.7071067811865484609, 1.000000000000000000),
 ( 1.000000000000000000, 0.7071067811865484609, 1.000000000000000000),
 ( 1.000000000000000000, 0.7071067811865477948, 1.000000000000000000),
 ( 1.000000000000000000, 0.7071067811865477948, 1.000000000000000000),
 ( 1.000000000000000000, 0.7071067811865473507, 1.000000000000000000),
 ( 1.000000000000000000, 0.7071067811865473507, 1.000000000000000000) ) ) 
 REPRESENTATION_ITEM ( '' )  SURFACE ( )  );
#2888 = CARTESIAN_POINT ( 'NONE',  ( 1.072455214382259658, 14.97071171927262334, 1.688826140525748531 ) ) ;
#2889 = CARTESIAN_POINT ( 'NONE',  ( -4.236255237445342381, 29.25964147281569083, 9.337409305085275335 ) ) ;
#2890 = CARTESIAN_POINT ( 'NONE',  ( -8.427935170293682887, 15.99999999999999289, 14.59761191784563472 ) ) ;
#2891 = AXIS2_PLACEMENT_3D ( 'NONE', #7010, #3066, #2397 ) ;
#2892 = DIRECTION ( 'NONE',  ( 1.000000000000000000, 0.000000000000000000, 0.000000000000000000 ) ) ;
#2893 = DIRECTION ( 'NONE',  ( 0.4999999999998337996, 0.000000000000000000, -0.8660254037845345199 ) ) ;
#2894 = CARTESIAN_POINT ( 'NONE',  ( 4.594358287009485231, 28.59544621236454276, -9.957661981275744978 ) ) ;
#2895 = AXIS2_PLACEMENT_3D ( 'NONE', #8043, #2122, #2043 ) ;
#2896 = EDGE_CURVE ( 'NONE', #2079, #331, #6157, .T. ) ;
#2897 = VERTEX_POINT ( 'NONE', #4349 ) ;
#2898 = ORIENTED_EDGE ( 'NONE', *, *, #3071, .T. ) ;
#2899 = TOROIDAL_SURFACE ( 'NONE', #8241, 2.000000000000000000, 1.000000000000000000 ) ;
#2900 = FACE_OUTER_BOUND ( 'NONE', #7853, .T. ) ;
#2901 = CARTESIAN_POINT ( 'NONE',  ( -4.718467345856957706, 28.00000000000001066, -8.172625176878833386 ) ) ;
#2902 = FACE_OUTER_BOUND ( 'NONE', #1018, .T. ) ;
#2903 = CARTESIAN_POINT ( 'NONE',  ( 1.315030759815178252, 14.05650054790186942, -1.509316072177980805 ) ) ;
#2904 = CARTESIAN_POINT ( 'NONE',  ( 8.638503887758780309, 25.39791341877129938, 1.000000000000000000 ) ) ;
#2905 = FACE_OUTER_BOUND ( 'NONE', #7571, .T. ) ;
#2906 = CIRCLE ( 'NONE', #7298, 1.000000000000000444 ) ;
#2907 = ORIENTED_EDGE ( 'NONE', *, *, #2828, .F. ) ;
#2908 = ORIENTED_EDGE ( 'NONE', *, *, #7264, .T. ) ;
#2909 = DIRECTION ( 'NONE',  ( 0.000000000000000000, 0.000000000000000000, 1.000000000000000000 ) ) ;
#2910 = TOROIDAL_SURFACE ( 'NONE', #7019, 3.000000000000000000, 1.000000000000000000 ) ;
#2911 = ORIENTED_EDGE ( 'NONE', *, *, #8024, .F. ) ;
#2912 = CARTESIAN_POINT ( 'NONE',  ( -0.9682458365518586962, 14.99999999999999467, -1.749999999999997335 ) ) ;
#2913 = CARTESIAN_POINT ( 'NONE',  ( -2.677084810011896465, 45.35253749461284656, 0.9999999999910338389 ) ) ;
#2914 = EDGE_CURVE ( 'NONE', #730, #7644, #269, .T. ) ;
#2915 = LINE ( 'NONE', #936, #521 ) ;
#2916 = CARTESIAN_POINT ( 'NONE',  ( -3.090651425925412976, 41.65556960786703655, 5.353165246016400758 ) ) ;
#2917 = ADVANCED_FACE ( 'NONE', ( #6327 ), #6016, .T. ) ;
#2918 = CARTESIAN_POINT ( 'NONE',  ( -4.212111162789080154, 43.69040101300036838, 0.9999999999999993339 ) ) ;
#2919 = B_SPLINE_CURVE_WITH_KNOTS ( 'NONE', 3,
 ( #1231, #3922, #7838, #3840, #5728, #4623, #5818, #1283, #8044, #1530, #4134, #796, #6765, #5370, #8084, #8003, #3497, #236 ),
 .UNSPECIFIED., .F., .F.,
 ( 4, 2, 2, 2, 2, 2, 2, 2, 4 ),
 ( 0.000000000000000000, 0.0003636446835533712306, 0.0007272893671067424612, 0.001090934050660113692, 0.001454578734213484922, 0.001818223417766855502, 0.002181868101320226083, 0.002545512784873596446, 0.002909157468426967243 ),
 .UNSPECIFIED. ) ;
#2920 = ORIENTED_EDGE ( 'NONE', *, *, #2989, .T. ) ;
#2921 = EDGE_LOOP ( 'NONE', ( #7177, #6617, #5711 ) ) ;
#2922 = CARTESIAN_POINT ( 'NONE',  ( -3.464101615137773926, 43.02671304667806851, -1.000000000000000000 ) ) ;
#2923 = SPHERICAL_SURFACE ( 'NONE', #4375, 1.000000000000000000 ) ;
#2924 = CARTESIAN_POINT ( 'NONE',  ( 7.295681751992244557, 40.78962497853954972, 0.000000000000000000 ) ) ;
#2925 = CARTESIAN_POINT ( 'NONE',  ( -5.444366206650813389, 29.99007097629178631, 9.429918884930446055 ) ) ;
#2926 = DIRECTION ( 'NONE',  ( 0.000000000000000000, -1.000000000000000000, 0.000000000000000000 ) ) ;
#2927 = CARTESIAN_POINT ( 'NONE',  ( -11.66703064672740098, 28.00000000000001066, 0.000000000000000000 ) ) ;
#2928 = EDGE_CURVE ( 'NONE', #2098, #5868, #3027, .T. ) ;
#2929 = PRODUCT_DEFINITION_SHAPE ( 'NONE', 'NONE',  #4899 ) ;
#2930 = ORIENTED_EDGE ( 'NONE', *, *, #1819, .F. ) ;
#2931 = EDGE_CURVE ( 'NONE', #5659, #5339, #4454, .T. ) ;
#2932 = CARTESIAN_POINT ( 'NONE',  ( 2.964722914754512662, 14.99999999999999645, 0.1954629930868664600 ) ) ;
#2933 = CARTESIAN_POINT ( 'NONE',  ( -4.589080669027802983, 28.60386827335757332, 9.948520878788535526 ) ) ;
#2934 = FACE_OUTER_BOUND ( 'NONE', #7533, .T. ) ;
#2935 = CARTESIAN_POINT ( 'NONE',  ( 0.3942360611993890318, 48.03696971594710874, 1.000000000012755130 ) ) ;
#2936 = DIRECTION ( 'NONE',  ( 0.8567627457812072578, 0.000000000000000000, -0.5157107691734257315 ) ) ;
#2937 = DIRECTION ( 'NONE',  ( 0.000000000000000000, 0.000000000000000000, 1.000000000000000000 ) ) ;
#2938 = ORIENTED_EDGE ( 'NONE', *, *, #2755, .T. ) ;
#2939 = DIRECTION ( 'NONE',  ( -0.4999999999999919509, 0.000000000000000000, 0.8660254037844432595 ) ) ;
#2940 = CARTESIAN_POINT ( 'NONE',  ( -3.464101615137717527, 14.99999999999999645, 0.000000000000000000 ) ) ;
#2941 = CARTESIAN_POINT ( 'NONE',  ( -4.237523604578139924, 29.25718579710001777, 9.339606181401933327 ) ) ;
#2942 = CARTESIAN_POINT ( 'NONE',  ( 1.656324520884270957, 44.45408106626030786, -3.151545986352358053 ) ) ;
#2943 = CARTESIAN_POINT ( 'NONE',  ( 1.743686285783212719, 45.66546799582821592, 2.397264292177640588 ) ) ;
#2944 = CARTESIAN_POINT ( 'NONE',  ( 10.52178793713996008, 21.54328311113616223, 1.000000000000000000 ) ) ;
#2945 = FACE_OUTER_BOUND ( 'NONE', #7625, .T. ) ;
#2946 = DIRECTION ( 'NONE',  ( -1.000000000000000000, 0.000000000000000000, 0.000000000000000000 ) ) ;
#2947 = SURFACE_STYLE_FILL_AREA ( #6979 ) ;
#2948 = CIRCLE ( 'NONE', #4741, 1.000000000000000888 ) ;
#2949 = ORIENTED_EDGE ( 'NONE', *, *, #1111, .F. ) ;
#2950 = EDGE_LOOP ( 'NONE', ( #5338, #3674, #6560, #2451 ) ) ;
#2951 = CARTESIAN_POINT ( 'NONE',  ( 7.127636382812185367, 32.95083784824694106, 0.9999999999999997780 ) ) ;
#2952 = VERTEX_POINT ( 'NONE', #7548 ) ;
#2953 = DIRECTION ( 'NONE',  ( 0.8660254037844363761, 0.000000000000000000, -0.5000000000000041078 ) ) ;
#2954 = CIRCLE ( 'NONE', #1036, 1.000000000000000666 ) ;
#2955 = CARTESIAN_POINT ( 'NONE',  ( 0.000000000000000000, 48.02303740291296208, 0.000000000000000000 ) ) ;
#2956 =( BOUNDED_SURFACE ( )  B_SPLINE_SURFACE ( 3, 2, ( 
 ( #916, #2238, #5601 ),
 ( #2894, #8125, #4877 ),
 ( #4965, #7478, #4922 ),
 ( #6840, #321, #7517 ),
 ( #1650, #4256, #1003 ),
 ( #6237, #357, #6507 ),
 ( #5852, #4479, #8289 ),
 ( #5682, #8329, #1313 ) ),
 .UNSPECIFIED., .F., .F., .F. ) 
 B_SPLINE_SURFACE_WITH_KNOTS ( ( 4, 2, 2, 4 ),
 ( 3, 3 ),
 ( 0.02544805186257402541, 0.02835232994442258431, 0.03125660802627114321, 0.03706516418996826101 ),
 ( 0.000000000000000000, 1.000000000000000000 ),
 .UNSPECIFIED. ) 
 GEOMETRIC_REPRESENTATION_ITEM ( )  RATIONAL_B_SPLINE_SURFACE ( (
 ( 1.000000000000000000, 0.7071067811865476838, 1.000000000000000000),
 ( 1.000000000000000000, 0.7071067811865476838, 1.000000000000000000),
 ( 1.000000000000000000, 0.7071067811865477948, 1.000000000000000000),
 ( 1.000000000000000000, 0.7071067811865477948, 1.000000000000000000),
 ( 1.000000000000000000, 0.7071067811865473507, 1.000000000000000000),
 ( 1.000000000000000000, 0.7071067811865473507, 1.000000000000000000),
 ( 1.000000000000000000, 0.7071067811865474617, 1.000000000000000000),
 ( 1.000000000000000000, 0.7071067811865474617, 1.000000000000000000) ) ) 
 REPRESENTATION_ITEM ( '' )  SURFACE ( )  );
#2957 = CARTESIAN_POINT ( 'NONE',  ( -1.031421538346851241, 13.99999999999999645, -1.713525491562414738 ) ) ;
#2958 = CIRCLE ( 'NONE', #1716, 0.9999999999999998890 ) ;
#2959 = DIRECTION ( 'NONE',  ( 0.000000000000000000, 0.000000000000000000, 1.000000000000000000 ) ) ;
#2960 = CIRCLE ( 'NONE', #6106, 1.000000000000000000 ) ;
#2961 = B_SPLINE_CURVE_WITH_KNOTS ( 'NONE', 3,
 ( #3011, #3055, #3524, #7467, #7434, #2880, #5635, #8239, #6310, #1718, #1558, #4158, #5512, #1845, #2567, #8409, #7720, #5888 ),
 .UNSPECIFIED., .F., .F.,
 ( 4, 2, 2, 2, 2, 2, 2, 2, 4 ),
 ( 0.000000000000000000, 0.0003636446835533713932, 0.0007272893671067424612, 0.001090934050660113475, 0.001454578734213484272, 0.001818223417766855286, 0.002181868101320226516, 0.002545512784873597313, 0.002909157468426968110 ),
 .UNSPECIFIED. ) ;
#2962 = EDGE_LOOP ( 'NONE', ( #5946, #1218, #698, #3281 ) ) ;
#2963 = ORIENTED_EDGE ( 'NONE', *, *, #8001, .T. ) ;
#2964 = ADVANCED_FACE ( 'NONE', ( #6875 ), #8149, .F. ) ;
#2965 = CARTESIAN_POINT ( 'NONE',  ( 4.752812708171585854, 37.13239514139889508, -1.000000000000000000 ) ) ;
#2966 = CARTESIAN_POINT ( 'NONE',  ( 4.786061945686244101, 24.79582683754258099, -6.289702458100678406 ) ) ;
#2967 = DIRECTION ( 'NONE',  ( -8.673617379884035472E-17, 1.000000000000000000, 0.000000000000000000 ) ) ;
#2968 = TOROIDAL_SURFACE ( 'NONE', #4053, 2.000000000000000000, 1.000000000000000000 ) ;
#2969 = DIRECTION ( 'NONE',  ( -0.4999999999999916178, 3.004629197474342912E-15, 0.8660254037844434816 ) ) ;
#2970 = DIRECTION ( 'NONE',  ( 0.4002963252940528460, 0.5992089850997910361, 0.6933335734924108706 ) ) ;
#2971 = CARTESIAN_POINT ( 'NONE',  ( 2.460136680699766210, 15.11393188012610800, -0.8221489827733444722 ) ) ;
#2972 = CARTESIAN_POINT ( 'NONE',  ( -0.6511860536440116087, 14.05597938238796729, -1.892942118790787553 ) ) ;
#2973 = ORIENTED_EDGE ( 'NONE', *, *, #3224, .T. ) ;
#2974 = CARTESIAN_POINT ( 'NONE',  ( 5.624995254236825559, 22.23024743433230199, 9.742777572676681430 ) ) ;
#2975 = CARTESIAN_POINT ( 'NONE',  ( -1.387778780781445281E-15, 15.99999999999999645, -1.000000000000000000 ) ) ;
#2976 = CARTESIAN_POINT ( 'NONE',  ( 1.710717872088969305, 14.26794545549866911, 1.036947571697218073 ) ) ;
#2977 = CARTESIAN_POINT ( 'NONE',  ( -8.427935170293679334, 15.99999999999999645, 15.59761191784562939 ) ) ;
#2978 = DIRECTION ( 'NONE',  ( 0.8567627457812072578, 2.236538945247997402E-16, -0.5157107691734259536 ) ) ;
#2979 = B_SPLINE_CURVE_WITH_KNOTS ( 'NONE', 3,
 ( #5089, #3869, #613, #3151, #5851, #7185 ),
 .UNSPECIFIED., .F., .F.,
 ( 4, 2, 4 ),
 ( 0.000000000000000000, 0.0003253687372878653417, 0.0006507374745757306834 ),
 .UNSPECIFIED. ) ;
#2980 = CARTESIAN_POINT ( 'NONE',  ( 0.3098156869768534660, 48.08707886064553350, 0.9999999999913723459 ) ) ;
#2981 = CARTESIAN_POINT ( 'NONE',  ( -3.464101615137773926, 15.99999999999999645, -2.000000000000000000 ) ) ;
#2982 = CARTESIAN_POINT ( 'NONE',  ( -2.502002755361174113, 44.67677403307592243, -1.725298771920425800 ) ) ;
#2983 = CARTESIAN_POINT ( 'NONE',  ( 4.142263899456846588, 33.73204452275093246, -5.174611532217759269 ) ) ;
#2984 = ORIENTED_EDGE ( 'NONE', *, *, #4330, .T. ) ;
#2985 = DIRECTION ( 'NONE',  ( -0.000000000000000000, -1.000000000000000000, -0.000000000000000000 ) ) ;
#2986 = DIRECTION ( 'NONE',  ( -0.8749999999999987788, 0.000000000000000000, 0.4841229182759296257 ) ) ;
#2987 = CARTESIAN_POINT ( 'NONE',  ( -1.960884960364738916, 37.56619757069945109, 5.396352379149514711 ) ) ;
#2988 = CARTESIAN_POINT ( 'NONE',  ( 0.5015048170820671780, 45.00244591052598508, -3.097137847565524460 ) ) ;
#2989 = EDGE_CURVE ( 'NONE', #5670, #3246, #1679, .T. ) ;
#2990 = CARTESIAN_POINT ( 'NONE',  ( 2.106055581390876785, 43.69040101301524714, -3.647795270531385192 ) ) ;
#2991 = DIRECTION ( 'NONE',  ( -0.8660254037844432595, 0.000000000000000000, -0.4999999999999919509 ) ) ;
#2992 = CARTESIAN_POINT ( 'NONE',  ( 8.881914440647577180, 30.66112020816223449, -1.000000000000000000 ) ) ;
#2993 = CARTESIAN_POINT ( 'NONE',  ( 0.4725170012178354084, 45.35253749461798378, 2.818423453568551285 ) ) ;
#2994 = ORIENTED_EDGE ( 'NONE', *, *, #2174, .F. ) ;
#2995 = CIRCLE ( 'NONE', #6135, 1.000000000000000000 ) ;
#2996 = ORIENTED_EDGE ( 'NONE', *, *, #6383, .F. ) ;
#2997 = CARTESIAN_POINT ( 'NONE',  ( 8.883782804518032705, 30.65890518818009625, 0.9999999999999997780 ) ) ;
#2998 = VERTEX_POINT ( 'NONE', #6912 ) ;
#2999 = CARTESIAN_POINT ( 'NONE',  ( 3.929972578268666972, 44.01282709435186291, -0.01984455324023726153 ) ) ;
#3000 = CARTESIAN_POINT ( 'NONE',  ( -2.260879786243545464, 15.13397832663935638, -1.084025177112877047 ) ) ;
#3001 = B_SPLINE_CURVE_WITH_KNOTS ( 'NONE', 3,
 ( #5478, #6063, #196, #8124 ),
 .UNSPECIFIED., .F., .F.,
 ( 4, 4 ),
 ( 2.045213413283719242E-15, 0.004426925196720957190 ),
 .UNSPECIFIED. ) ;
#3002 = CARTESIAN_POINT ( 'NONE',  ( 1.491360580683686266, 46.87350101392447499, -1.000000000008598455 ) ) ;
#3003 = DIRECTION ( 'NONE',  ( 0.000000000000000000, 0.000000000000000000, 1.000000000000000000 ) ) ;
#3004 = ORIENTED_EDGE ( 'NONE', *, *, #2100, .F. ) ;
#3005 = AXIS2_PLACEMENT_3D ( 'NONE', #6604, #2048, #3338 ) ;
#3006 = ORIENTED_EDGE ( 'NONE', *, *, #478, .T. ) ;
#3007 = FACE_OUTER_BOUND ( 'NONE', #5372, .T. ) ;
#3008 = DIRECTION ( 'NONE',  ( 0.8660254037844432595, 0.000000000000000000, 0.4999999999999920619 ) ) ;
#3009 = AXIS2_PLACEMENT_3D ( 'NONE', #2563, #8452, #6577 ) ;
#3010 = AXIS2_PLACEMENT_3D ( 'NONE', #944, #4861, #4114 ) ;
#3011 = CARTESIAN_POINT ( 'NONE',  ( -1.452368754827752850, 14.99999999999999645, 2.625000000000015987 ) ) ;
#3012 = DIRECTION ( 'NONE',  ( -1.000000000000000000, 0.000000000000000000, 0.000000000000000000 ) ) ;
#3013 = ORIENTED_EDGE ( 'NONE', *, *, #2606, .T. ) ;
#3014 = CARTESIAN_POINT ( 'NONE',  ( 7.974992596210860540, 19.36570602568677302, 11.81309236661657813 ) ) ;
#3015 = CARTESIAN_POINT ( 'NONE',  ( 2.792243283616207439, 45.09453418790155155, 1.244130088569849191 ) ) ;
#3016 = CIRCLE ( 'NONE', #6860, 1.000000000000000000 ) ;
#3017 = DIRECTION ( 'NONE',  ( -1.000000000000000000, 0.000000000000000000, 0.000000000000000000 ) ) ;
#3018 = DIRECTION ( 'NONE',  ( -0.4999999999999921174, 0.000000000000000000, 0.8660254037844433705 ) ) ;
#3019 = CARTESIAN_POINT ( 'NONE',  ( -8.883782804518034482, 30.65890518818009625, 1.000000000000000222 ) ) ;
#3020 = DIRECTION ( 'NONE',  ( -8.673617379884035472E-17, 1.000000000000000000, 0.000000000000000000 ) ) ;
#3021 = CARTESIAN_POINT ( 'NONE',  ( -3.332485933720882976, 43.32338796415827886, -1.000000000000000666 ) ) ;
#3022 = DIRECTION ( 'NONE',  ( 0.000000000000000000, 1.000000000000000000, 0.000000000000000000 ) ) ;
#3023 = DIRECTION ( 'NONE',  ( 0.9517756572231781398, -0.2545273128160932541, -0.1712861504851052041 ) ) ;
#3024 = TOROIDAL_SURFACE ( 'NONE', #3978, 2.000000000000000000, 1.000000000000000000 ) ;
#3025 = ORIENTED_EDGE ( 'NONE', *, *, #4817, .T. ) ;
#3026 = CARTESIAN_POINT ( 'NONE',  ( 4.786061945686331143, 24.79582683754258454, 6.289702458100609128 ) ) ;
#3027 = LINE ( 'NONE', #4394, #2587 ) ;
#3028 = FACE_OUTER_BOUND ( 'NONE', #6857, .T. ) ;
#3029 = CARTESIAN_POINT ( 'NONE',  ( -4.212111162788634289, 43.69040101300103629, -7.326752798132947355E-16 ) ) ;
#3030 = AXIS2_PLACEMENT_3D ( 'NONE', #485, #2357, #4480 ) ;
#3031 = CARTESIAN_POINT ( 'NONE',  ( -2.106055581400362975, 43.69040101299925993, -3.647795270534920586 ) ) ;
#3032 = AXIS2_PLACEMENT_3D ( 'NONE', #873, #2160, #4794 ) ;
#3033 = CARTESIAN_POINT ( 'NONE',  ( 0.5909353543583693025, 44.93308184318647136, -3.141266880901525393 ) ) ;
#3034 = DIRECTION ( 'NONE',  ( -0.8660254037844362651, -0.000000000000000000, 0.5000000000000039968 ) ) ;
#3035 = CARTESIAN_POINT ( 'NONE',  ( -2.598076211353274267, 43.02671304668388785, 2.499999999999992006 ) ) ;
#3036 = DIRECTION ( 'NONE',  ( -0.000000000000000000, 0.000000000000000000, 1.000000000000000000 ) ) ;
#3037 = ADVANCED_FACE ( 'NONE', ( #4908 ), #6183, .T. ) ;
#3038 = ORIENTED_EDGE ( 'NONE', *, *, #1187, .F. ) ;
#3039 = AXIS2_PLACEMENT_3D ( 'NONE', #3725, #6353, #3864 ) ;
#3040 = VERTEX_POINT ( 'NONE', #308 ) ;
#3041 = CARTESIAN_POINT ( 'NONE',  ( 11.66703064672726420, 28.00000000000012079, 1.000000000000000000 ) ) ;
#3042 = ADVANCED_FACE ( 'NONE', ( #1633 ), #2923, .T. ) ;
#3043 = VERTEX_POINT ( 'NONE', #3596 ) ;
#3044 = ADVANCED_FACE ( 'NONE', ( #5584 ), #5356, .T. ) ;
#3045 = CARTESIAN_POINT ( 'NONE',  ( -0.9256762510103901942, 14.97024872007120599, -1.773553069745749111 ) ) ;
#3046 = CARTESIAN_POINT ( 'NONE',  ( -0.4178014005129734310, 14.15081024813193800, 1.957560499760405914 ) ) ;
#3047 = CARTESIAN_POINT ( 'NONE',  ( -8.427935170293880063, 16.00000000000000000, -14.59761191784551215 ) ) ;
#3048 = CIRCLE ( 'NONE', #1801, 1.000000000000000222 ) ;
#3049 = CIRCLE ( 'NONE', #1414, 15.00000000000000000 ) ;
#3050 = CARTESIAN_POINT ( 'NONE',  ( 6.682091992272578551, 40.00000000000000711, -1.000000000000000000 ) ) ;
#3051 = ORIENTED_EDGE ( 'NONE', *, *, #5954, .T. ) ;
#3052 = ORIENTED_EDGE ( 'NONE', *, *, #5078, .T. ) ;
#3053 = DIRECTION ( 'NONE',  ( -2.255140518769847203E-13, 1.000000000000000000, 0.000000000000000000 ) ) ;
#3054 = CARTESIAN_POINT ( 'NONE',  ( -0.4020688508909652237, 48.84708589523609845, -4.923923313104720672E-17 ) ) ;
#3055 = CARTESIAN_POINT ( 'NONE',  ( -1.332913362916534838, 14.99999999999999645, 2.659526025633359936 ) ) ;
#3056 = DIRECTION ( 'NONE',  ( -0.000000000000000000, -1.000000000000000000, 0.000000000000000000 ) ) ;
#3057 = ORIENTED_EDGE ( 'NONE', *, *, #7743, .F. ) ;
#3058 = AXIS2_PLACEMENT_3D ( 'NONE', #5131, #7729, #7096 ) ;
#3059 = FACE_OUTER_BOUND ( 'NONE', #5621, .T. ) ;
#3060 = CARTESIAN_POINT ( 'NONE',  ( 6.333515323363600125, 28.00000000000001066, -10.96997033058201687 ) ) ;
#3061 = CARTESIAN_POINT ( 'NONE',  ( -4.212111162770427519, 43.69040101300925016, -5.158348453139637389E-16 ) ) ;
#3062 = CARTESIAN_POINT ( 'NONE',  ( -1.732050807568859430, 15.99999999999999645, 3.000000000000032863 ) ) ;
#3063 = CARTESIAN_POINT ( 'NONE',  ( 4.218467345856954154, 26.00000000000001066, 7.306599773094397676 ) ) ;
#3064 = CARTESIAN_POINT ( 'NONE',  ( -0.2551842550398081277, 48.11124729880828710, 1.000000000002185141 ) ) ;
#3065 = CARTESIAN_POINT ( 'NONE',  ( 2.470003070041721482, 44.43371148115841862, -1.882494068019931799 ) ) ;
#3066 = DIRECTION ( 'NONE',  ( 0.8660254037844432595, -0.000000000000000000, 0.4999999999999919509 ) ) ;
#3067 = EDGE_CURVE ( 'NONE', #7023, #3470, #6397, .T. ) ;
#3068 = ORIENTED_EDGE ( 'NONE', *, *, #407, .T. ) ;
#3069 = DIRECTION ( 'NONE',  ( -0.8660254037844362651, -0.000000000000000000, 0.5000000000000039968 ) ) ;
#3070 = DIRECTION ( 'NONE',  ( -8.673617379884035472E-17, 1.000000000000000000, 0.000000000000000000 ) ) ;
#3071 = EDGE_CURVE ( 'NONE', #90, #2998, #786, .T. ) ;
#3072 = DIRECTION ( 'NONE',  ( 0.5000000000000037748, 0.000000000000000000, 0.8660254037844365982 ) ) ;
#3073 = EDGE_CURVE ( 'NONE', #4771, #6132, #4516, .T. ) ;
#3074 = DIRECTION ( 'NONE',  ( -0.9010080201268693134, -0.4338024293005502963, 0.000000000000000000 ) ) ;
#3075 = CARTESIAN_POINT ( 'NONE',  ( 0.7692701562143110516, 43.42475718033470145, -3.355309031490187444 ) ) ;
#3076 = CARTESIAN_POINT ( 'NONE',  ( -2.106055581393460496, 43.69040101299459877, -3.647795270537444345 ) ) ;
#3077 = CARTESIAN_POINT ( 'NONE',  ( 14.21793438484167638, 19.36570602569052824, 0.9999999999999987788 ) ) ;
#3078 = ORIENTED_EDGE ( 'NONE', *, *, #6198, .T. ) ;
#3079 = VERTEX_POINT ( 'NONE', #5400 ) ;
#3080 = DIRECTION ( 'NONE',  ( 0.8660254037844362651, 0.000000000000000000, -0.5000000000000039968 ) ) ;
#3081 = ORIENTED_EDGE ( 'NONE', *, *, #8312, .F. ) ;
#3082 = EDGE_CURVE ( 'NONE', #1342, #1339, #2486, .T. ) ;
#3083 = CARTESIAN_POINT ( 'NONE',  ( -0.7938038428748945829, 43.35230229856931317, 3.374908587102814383 ) ) ;
#3084 = CARTESIAN_POINT ( 'NONE',  ( -1.997679694672497952, 15.12248766560535707, -1.588264902719384253 ) ) ;
#3086 = ADVANCED_FACE ( 'NONE', ( #8216 ), #6937, .T. ) ;
#3085 = CARTESIAN_POINT ( 'NONE',  ( -2.376406354085812467, 37.13239514139890218, -4.116056544706099274 ) ) ;
#3087 = CARTESIAN_POINT ( 'NONE',  ( -1.795711240396364428, 45.55998058460615141, -1.906808936282514688 ) ) ;
#3088 = ADVANCED_FACE ( 'NONE', ( #2945 ), #1058, .T. ) ;
#3089 = ORIENTED_EDGE ( 'NONE', *, *, #3550, .T. ) ;
#3090 = ORIENTED_EDGE ( 'NONE', *, *, #7732, .F. ) ;
#3091 = AXIS2_PLACEMENT_3D ( 'NONE', #8170, #6731, #4846 ) ;
#3092 = CARTESIAN_POINT ( 'NONE',  ( -9.593565066628237048, 16.80059265058806872, -14.61654212111784901 ) ) ;
#3093 = EDGE_CURVE ( 'NONE', #7405, #1439, #3677, .T. ) ;
#3094 = DIRECTION ( 'NONE',  ( -0.8660254037844432595, 0.000000000000000000, -0.4999999999999919509 ) ) ;
#3095 = CIRCLE ( 'NONE', #7894, 0.9999999999999997780 ) ;
#3096 = AXIS2_PLACEMENT_3D ( 'NONE', #4576, #5439, #4705 ) ;
#3097 = DIRECTION ( 'NONE',  ( 4.807406715959414402E-14, -1.000000000000000000, -2.775557561562056421E-14 ) ) ;
#3098 = ADVANCED_FACE ( 'NONE', ( #6261 ), #6295, .T. ) ;
#3099 = CARTESIAN_POINT ( 'NONE',  ( -5.833515323363606342, 28.00000000000001066, 10.10394492679757228 ) ) ;
#3100 = ORIENTED_EDGE ( 'NONE', *, *, #314, .F. ) ;
#3101 = AXIS2_PLACEMENT_3D ( 'NONE', #4224, #1620, #295 ) ;
#3102 = EDGE_CURVE ( 'NONE', #3640, #1676, #8343, .T. ) ;
#3103 = CIRCLE ( 'NONE', #636, 1.000000000000000000 ) ;
#3104 = CARTESIAN_POINT ( 'NONE',  ( 3.048819181083543217, 44.90687152610011879, 1.033948245583070413 ) ) ;
#3105 = CARTESIAN_POINT ( 'NONE',  ( 0.000000000000000000, 0.000000000000000000, 0.000000000000000000 ) ) ;
#3106 = CARTESIAN_POINT ( 'NONE',  ( -2.646245314458154141, 44.81370818078347895, 1.422603279209825322 ) ) ;
#3107 = CARTESIAN_POINT ( 'NONE',  ( 4.935982328592444013, 23.76221333098972721, 8.549372178366908770 ) ) ;
#3108 = CARTESIAN_POINT ( 'NONE',  ( -2.723515857283587138E-14, 14.99999999999999645, -4.000000000000017764 ) ) ;
#3109 = CARTESIAN_POINT ( 'NONE',  ( 2.598076211353274267, 14.99999999999999645, -2.499999999999992006 ) ) ;
#3110 = CARTESIAN_POINT ( 'NONE',  ( 2.999501062348042257, 14.99999999999999645, -0.05471176265635932512 ) ) ;
#3111 = EDGE_LOOP ( 'NONE', ( #3052, #1348, #8342, #1531 ) ) ;
#3112 = CARTESIAN_POINT ( 'NONE',  ( 4.319251943879424793, 25.39791341877129938, 7.481163817489722589 ) ) ;
#3113 = CARTESIAN_POINT ( 'NONE',  ( -2.965214833616407031, 14.99999999999999645, 0.1934721164918028480 ) ) ;
#3114 = DIRECTION ( 'NONE',  ( 0.000000000000000000, -1.000000000000000000, 0.000000000000000000 ) ) ;
#3115 = CARTESIAN_POINT ( 'NONE',  ( -15.79920985106094200, 18.03993936032843592, 0.000000000000000000 ) ) ;
#3116 = CARTESIAN_POINT ( 'NONE',  ( 0.2700130367806872211, 44.64676429054387796, -3.035348669277166955 ) ) ;
#3117 = CARTESIAN_POINT ( 'NONE',  ( 4.570246747581284907, 34.25427431936191169, 5.915899569933146473 ) ) ;
#3118 = CARTESIAN_POINT ( 'NONE',  ( 5.308208050095934105, 30.65829190356859257, -7.194086039912446218 ) ) ;
#3119 = ORIENTED_EDGE ( 'NONE', *, *, #4418, .T. ) ;
#3120 = ORIENTED_EDGE ( 'NONE', *, *, #373, .F. ) ;
#3121 = ORIENTED_EDGE ( 'NONE', *, *, #3353, .T. ) ;
#3122 = CARTESIAN_POINT ( 'NONE',  ( 0.7919344708988325099, 43.33718515879370869, 3.385726782592313633 ) ) ;
#3123 = VERTEX_POINT ( 'NONE', #3895 ) ;
#3124 = CARTESIAN_POINT ( 'NONE',  ( 13.54968149415326195, 18.62019707412952840, -1.000000000000000000 ) ) ;
#3125 = CARTESIAN_POINT ( 'NONE',  ( 0.5249636791368792466, 47.81132379942493316, -1.090736235620635375 ) ) ;
#3126 = SPHERICAL_SURFACE ( 'NONE', #1867, 1.000000000000000000 ) ;
#3127 = ADVANCED_FACE ( 'NONE', ( #3937 ), #2025, .T. ) ;
#3128 = CARTESIAN_POINT ( 'NONE',  ( -6.682091992272578551, 40.00000000000000711, 0.000000000000000000 ) ) ;
#3129 = EDGE_CURVE ( 'NONE', #4061, #2609, #7394, .T. ) ;
#3130 = CARTESIAN_POINT ( 'NONE',  ( -1.732050807568830786, 15.99999999999999645, 2.999999999999983569 ) ) ;
#3131 = ADVANCED_FACE ( 'NONE', ( #1253 ), #692, .T. ) ;
#3132 = CARTESIAN_POINT ( 'NONE',  ( 3.464101615137717527, 0.000000000000000000, -2.000000000000000000 ) ) ;
#3133 = VECTOR ( 'NONE', #6863, 1000.000000000000000 ) ;
#3134 = EDGE_LOOP ( 'NONE', ( #7657, #3509, #5768, #7457 ) ) ;
#3135 = ORIENTED_EDGE ( 'NONE', *, *, #4322, .T. ) ;
#3136 = VERTEX_POINT ( 'NONE', #3311 ) ;
#3137 = CARTESIAN_POINT ( 'NONE',  ( 4.935982328587940948, 23.76221333098888167, -8.549372178370244768 ) ) ;
#3138 = CARTESIAN_POINT ( 'NONE',  ( -6.506591488127153156, 20.81037493106734360, 9.269747041531621434 ) ) ;
#3139 = DIRECTION ( 'NONE',  ( 1.000000000000000000, 8.673617379884035472E-17, 0.000000000000000000 ) ) ;
#3140 = LINE ( 'NONE', #4512, #1069 ) ;
#3141 = CIRCLE ( 'NONE', #2173, 1.000000000000000000 ) ;
#3142 = ORIENTED_EDGE ( 'NONE', *, *, #2142, .F. ) ;
#3143 = CIRCLE ( 'NONE', #2581, 1.999999999999999778 ) ;
#3144 = CARTESIAN_POINT ( 'NONE',  ( 0.000000000000000000, 28.00000000000001066, 0.000000000000000000 ) ) ;
#3145 = ADVANCED_FACE ( 'NONE', ( #7086 ), #5884, .T. ) ;
#3146 = DIRECTION ( 'NONE',  ( -9.388908478887766174E-27, 1.000000000000000000, 5.204170427930421283E-14 ) ) ;
#3147 = CIRCLE ( 'NONE', #948, 1.000000000000000222 ) ;
#3148 = CARTESIAN_POINT ( 'NONE',  ( 1.732050807568900730, 43.02671304668681529, 3.000000000000008882 ) ) ;
#3149 = CARTESIAN_POINT ( 'NONE',  ( 4.319251943879321765, 25.39791341877129227, -7.481163817489783874 ) ) ;
#3150 = AXIS2_PLACEMENT_3D ( 'NONE', #6457, #7823, #3732 ) ;
#3151 = CARTESIAN_POINT ( 'NONE',  ( 1.779177506149293597, 15.04535607377954243, 2.206248266271350289 ) ) ;
#3152 = DIRECTION ( 'NONE',  ( -0.5000000000000038858, -0.000000000000000000, -0.8660254037844363761 ) ) ;
#3153 = CARTESIAN_POINT ( 'NONE',  ( 1.829229435929761616, 14.23212241428307223, -0.8097283913973107872 ) ) ;
#3154 = DIRECTION ( 'NONE',  ( 0.000000000000000000, 0.000000000000000000, 1.000000000000000000 ) ) ;
#3155 = AXIS2_PLACEMENT_3D ( 'NONE', #5301, #4775, #816 ) ;
#3156 = ORIENTED_EDGE ( 'NONE', *, *, #1997, .F. ) ;
#3157 = CARTESIAN_POINT ( 'NONE',  ( 3.464101615137773926, 14.99999999999999645, 0.000000000000000000 ) ) ;
#3158 = DIRECTION ( 'NONE',  ( -0.8660254037844364872, 0.000000000000000000, 0.5000000000000037748 ) ) ;
#3159 = CARTESIAN_POINT ( 'NONE',  ( 0.8220173529896604991, 48.46887637871667209, 0.000000000000000000 ) ) ;
#3160 = CARTESIAN_POINT ( 'NONE',  ( -2.476774966347849105, 45.11208902284497668, -1.768483576455715633 ) ) ;
#3161 = CARTESIAN_POINT ( 'NONE',  ( 2.598076211355508036, 43.02671304668583474, 2.500000000001274536 ) ) ;
#3162 = CARTESIAN_POINT ( 'NONE',  ( -6.554828748425329366, 40.00000000000000711, 0.000000000000000000 ) ) ;
#3163 = EDGE_CURVE ( 'NONE', #2196, #2448, #7123, .T. ) ;
#3164 = CIRCLE ( 'NONE', #2607, 2.000000000000000000 ) ;
#3165 = ORIENTED_EDGE ( 'NONE', *, *, #2524, .T. ) ;
#3166 = ORIENTED_EDGE ( 'NONE', *, *, #2299, .T. ) ;
#3167 = CARTESIAN_POINT ( 'NONE',  ( 0.8315819943552712479, 43.18199083868970689, 3.440342264885162926 ) ) ;
#3168 = ORIENTED_EDGE ( 'NONE', *, *, #3945, .T. ) ;
#3169 = AXIS2_PLACEMENT_3D ( 'NONE', #4499, #8482, #5917 ) ;
#3170 = CARTESIAN_POINT ( 'NONE',  ( 7.840073083803726917, 24.79582683754257388, -1.000000000000000000 ) ) ;
#3171 = CARTESIAN_POINT ( 'NONE',  ( -0.4725170012123527941, 45.35253749460910200, -2.818423453577485027 ) ) ;
#3172 = CARTESIAN_POINT ( 'NONE',  ( 3.206871993081184424, 43.62250610407292584, 1.024591357546701609 ) ) ;
#3173 =( BOUNDED_SURFACE ( )  B_SPLINE_SURFACE ( 3, 2, ( 
 ( #7026, #4407, #4449 ),
 ( #5106, #2546, #3167 ),
 ( #3795, #3213, #3122 ),
 ( #5912, #7662, #5063 ),
 ( #8435, #1874, #3749 ),
 ( #5732, #5780, #7791 ),
 ( #4493, #1143, #544 ),
 ( #1235, #6375, #2499 ),
 ( #501, #8344, #3843 ),
 ( #4540, #2450, #588 ),
 ( #877, #3967, #840 ),
 ( #166, #4008, #4711 ) ),
 .UNSPECIFIED., .F., .F., .T. ) 
 B_SPLINE_SURFACE_WITH_KNOTS ( ( 4, 2, 2, 2, 2, 4 ),
 ( 3, 3 ),
 ( 0.008364777861987193752, 0.008980552696265263479, 0.009596327530543334941, 0.01021210236482140640, 0.01051998978196044127, 0.01082787719909947613 ),
 ( 0.000000000000000000, 1.000000000000000000 ),
 .UNSPECIFIED. ) 
 GEOMETRIC_REPRESENTATION_ITEM ( )  RATIONAL_B_SPLINE_SURFACE ( (
 ( 1.000000000000000000, 0.7071067811857519869, 1.000000000000000000),
 ( 1.000000000000000000, 0.7253255284275437198, 1.000000000000000000),
 ( 1.000000000000000000, 0.7438583318337091965, 1.000000000000000000),
 ( 1.000000000000000000, 0.7819070736864746074, 1.000000000000000000),
 ( 1.000000000000000000, 0.8014361686523376882, 1.000000000000000000),
 ( 1.000000000000000000, 0.8416368666374072216, 1.000000000000000000),
 ( 1.000000000000000000, 0.8625849144186215067, 1.000000000000000000),
 ( 1.000000000000000000, 0.8928276483389460116, 1.000000000000000000),
 ( 1.000000000000000000, 0.9027254452932188533, 1.000000000000000000),
 ( 1.000000000000000000, 0.9213149286717167152, 1.000000000000000000),
 ( 1.000000000000000000, 0.9300897660328351080, 1.000000000000000000),
 ( 1.000000000000000000, 0.9368214105127510294, 1.000000000000000000) ) ) 
 REPRESENTATION_ITEM ( '' )  SURFACE ( )  );
#3174 = CYLINDRICAL_SURFACE ( 'NONE', #215, 1.000000000000000000 ) ;
#3175 = CARTESIAN_POINT ( 'NONE',  ( -2.576940087591802708, 42.62898020294249335, -4.463391168852544055 ) ) ;
#3176 = CARTESIAN_POINT ( 'NONE',  ( -3.464101615128702960, 43.02671304668721319, -6.410705299859553032E-16 ) ) ;
#3177 = CARTESIAN_POINT ( 'NONE',  ( 3.242431757870249509, 37.13239514139890929, 3.616056544706094833 ) ) ;
#3178 = AXIS2_PLACEMENT_3D ( 'NONE', #7399, #6060, #6678 ) ;
#3179 = AXIS2_PLACEMENT_3D ( 'NONE', #3252, #585, #539 ) ;
#3180 = EDGE_LOOP ( 'NONE', ( #4100, #820, #6490, #7160, #1695 ) ) ;
#3181 = ORIENTED_EDGE ( 'NONE', *, *, #1656, .F. ) ;
#3182 = EDGE_CURVE ( 'NONE', #6533, #7915, #6983, .T. ) ;
#3183 = ORIENTED_EDGE ( 'NONE', *, *, #2273, .T. ) ;
#3184 = DIRECTION ( 'NONE',  ( -8.673617379884035472E-17, 1.000000000000000000, 0.000000000000000000 ) ) ;
#3185 = AXIS2_PLACEMENT_3D ( 'NONE', #7687, #4429, #392 ) ;
#3186 = CYLINDRICAL_SURFACE ( 'NONE', #7379, 1.000000000000000000 ) ;
#3187 = EDGE_CURVE ( 'NONE', #1196, #1462, #3820, .T. ) ;
#3188 = DIRECTION ( 'NONE',  ( -8.673617379884035472E-17, 1.000000000000000000, 0.000000000000000000 ) ) ;
#3189 = CARTESIAN_POINT ( 'NONE',  ( -1.108070557127118771, 13.99999999999999822, 1.667388186192636068 ) ) ;
#3190 = CIRCLE ( 'NONE', #7432, 1.000000000000000000 ) ;
#3191 = CARTESIAN_POINT ( 'NONE',  ( 0.000000000000000000, 48.46887637871667209, 0.000000000000000000 ) ) ;
#3192 = EDGE_LOOP ( 'NONE', ( #1890, #5506, #6892, #7415 ) ) ;
#3193 = CARTESIAN_POINT ( 'NONE',  ( -3.661137118544636415, 35.39309234814066940, -4.341275502795581609 ) ) ;
#3194 = DIRECTION ( 'NONE',  ( -0.000000000000000000, 0.000000000000000000, 1.000000000000000000 ) ) ;
#3195 = CARTESIAN_POINT ( 'NONE',  ( -2.116028213736526720, 43.66794915997508042, 3.665068376422641716 ) ) ;
#3196 = CARTESIAN_POINT ( 'NONE',  ( -3.469446951953668916E-16, 15.99999999999999645, -6.009258394948666693E-16 ) ) ;
#3197 = ADVANCED_FACE ( 'NONE', ( #1302 ), #8210, .T. ) ;
#3198 = DIRECTION ( 'NONE',  ( -0.5000000000000038858, 1.084202172485512076E-16, -0.8660254037844363761 ) ) ;
#3199 = DIRECTION ( 'NONE',  ( -0.6636879663153287812, 0.7480095476450974168, -5.954785654173836470E-12 ) ) ;
#3200 = CARTESIAN_POINT ( 'NONE',  ( 0.6786814727796874891, 45.28730475110734233, 2.833416120739339572 ) ) ;
#3201 = EDGE_CURVE ( 'NONE', #853, #5779, #4772, .T. ) ;
#3202 = ORIENTED_EDGE ( 'NONE', *, *, #3459, .T. ) ;
#3203 = DIRECTION ( 'NONE',  ( -0.5000000000000039968, 0.000000000000000000, -0.8660254037844363761 ) ) ;
#3204 = CARTESIAN_POINT ( 'NONE',  ( 1.421339490425454155, 14.85970961660406964, -1.424484376836967714 ) ) ;
#3205 = CARTESIAN_POINT ( 'NONE',  ( -2.424949242026123386, 44.93308184350175338, -2.082398467898974648 ) ) ;
#3206 = EDGE_CURVE ( 'NONE', #5465, #3419, #3959, .T. ) ;
#3207 = DIRECTION ( 'NONE',  ( 1.000000000000000000, 0.000000000000000000, 0.000000000000000000 ) ) ;
#3208 = CARTESIAN_POINT ( 'NONE',  ( 2.476774966566096303, 45.11208901812221939, -1.768483575497040716 ) ) ;
#3209 = DIRECTION ( 'NONE',  ( 0.000000000000000000, 0.000000000000000000, -1.000000000000000000 ) ) ;
#3210 = EDGE_CURVE ( 'NONE', #4506, #730, #1227, .T. ) ;
#3211 = ORIENTED_EDGE ( 'NONE', *, *, #2185, .T. ) ;
#3212 = ORIENTED_EDGE ( 'NONE', *, *, #6581, .T. ) ;
#3213 = CARTESIAN_POINT ( 'NONE',  ( 1.212030307468563217, 43.92163018614133563, 3.924610141057945700 ) ) ;
#3214 = ORIENTED_EDGE ( 'NONE', *, *, #5545, .T. ) ;
#3215 = CARTESIAN_POINT ( 'NONE',  ( -6.554828748425329366, 38.00000000000000711, 0.000000000000000000 ) ) ;
#3216 = DIRECTION ( 'NONE',  ( 0.8660254037844363761, 0.000000000000000000, -0.5000000000000041078 ) ) ;
#3217 = CARTESIAN_POINT ( 'NONE',  ( -1.996478617486917795, 14.00000002027963930, -0.2112939764972714685 ) ) ;
#3218 = CARTESIAN_POINT ( 'NONE',  ( -0.8660254037844644648, 14.99999999999999645, -3.500000000000012434 ) ) ;
#3219 = DIRECTION ( 'NONE',  ( 0.000000000000000000, 0.000000000000000000, -1.000000000000000000 ) ) ;
#3220 = DIRECTION ( 'NONE',  ( 0.8660254037844362651, 0.000000000000000000, -0.5000000000000039968 ) ) ;
#3221 = CARTESIAN_POINT ( 'NONE',  ( 8.427935170293679334, 16.00000000000000000, -14.59761191784562406 ) ) ;
#3222 = CARTESIAN_POINT ( 'NONE',  ( 8.427935170293883615, 16.00000000000000000, 14.59761191784550860 ) ) ;
#3223 = ORIENTED_EDGE ( 'NONE', *, *, #6072, .F. ) ;
#3224 = EDGE_CURVE ( 'NONE', #5159, #2998, #817, .T. ) ;
#3225 = VERTEX_POINT ( 'NONE', #5341 ) ;
#3226 = ORIENTED_EDGE ( 'NONE', *, *, #7130, .F. ) ;
#3227 = DIRECTION ( 'NONE',  ( -1.000000000000000000, 0.000000000000000000, 0.000000000000000000 ) ) ;
#3228 = CARTESIAN_POINT ( 'NONE',  ( -5.653820728298462051, 37.56619757069943688, -1.000000000000000000 ) ) ;
#3229 = DIRECTION ( 'NONE',  ( -1.000000000000000000, -8.673617379884035472E-17, 0.000000000000000000 ) ) ;
#3230 = CARTESIAN_POINT ( 'NONE',  ( -2.768272580635720459, 15.05335457374260955, 0.4779372027039958670 ) ) ;
#3231 = DIRECTION ( 'NONE',  ( 0.000000000000000000, 0.000000000000000000, 1.000000000000000000 ) ) ;
#3232 = AXIS2_PLACEMENT_3D ( 'NONE', #3800, #4498, #7847 ) ;
#3233 = ORIENTED_EDGE ( 'NONE', *, *, #3512, .F. ) ;
#3234 = CARTESIAN_POINT ( 'NONE',  ( -2.826910364149248345, 37.56619757069945820, -4.896352379149485401 ) ) ;
#3235 = CIRCLE ( 'NONE', #2806, 13.99999999999999822 ) ;
#3236 = DIRECTION ( 'NONE',  ( -0.000000000000000000, 0.000000000000000000, -1.000000000000000000 ) ) ;
#3237 = CARTESIAN_POINT ( 'NONE',  ( -2.677084810029702666, 45.35253749460266448, -1.000000000002162270 ) ) ;
#3238 = CARTESIAN_POINT ( 'NONE',  ( -1.250905670170398221, 43.66794915997508042, 4.164547109835043948 ) ) ;
#3239 = AXIS2_PLACEMENT_3D ( 'NONE', #2981, #6446, #560 ) ;
#3240 = DIRECTION ( 'NONE',  ( 0.000000000000000000, 0.000000000000000000, 1.000000000000000000 ) ) ;
#3241 = CARTESIAN_POINT ( 'NONE',  ( -8.927935170293888945, 16.00000000000000000, -15.46363732162994786 ) ) ;
#3242 =( BOUNDED_SURFACE ( )  B_SPLINE_SURFACE ( 3, 2, ( 
 ( #5162, #3228, #1984 ),
 ( #6539, #3313, #3985 ),
 ( #4557, #3896, #649 ),
 ( #693, #7299, #6622 ),
 ( #5926, #7857, #2613 ),
 ( #5885, #10, #5962 ),
 ( #735, #3811, #3355 ),
 ( #4508, #4685, #56 ) ),
 .UNSPECIFIED., .F., .F., .F. ) 
 B_SPLINE_SURFACE_WITH_KNOTS ( ( 4, 2, 2, 4 ),
 ( 3, 3 ),
 ( 0.02243345746864395043, 0.02822659411895474951, 0.03112316244411015079, 0.03401973076926555206 ),
 ( 0.000000000000000000, 1.000000000000000000 ),
 .UNSPECIFIED. ) 
 GEOMETRIC_REPRESENTATION_ITEM ( )  RATIONAL_B_SPLINE_SURFACE ( (
 ( 1.000000000000000000, 0.7071067811865475727, 1.000000000000000000),
 ( 1.000000000000000000, 0.7071067811865475727, 1.000000000000000000),
 ( 1.000000000000000000, 0.7071067811865473507, 1.000000000000000000),
 ( 1.000000000000000000, 0.7071067811865473507, 1.000000000000000000),
 ( 1.000000000000000000, 0.7071067811865475727, 1.000000000000000000),
 ( 1.000000000000000000, 0.7071067811865475727, 1.000000000000000000),
 ( 1.000000000000000000, 0.7071067811865479058, 1.000000000000000000),
 ( 1.000000000000000000, 0.7071067811865479058, 1.000000000000000000) ) ) 
 REPRESENTATION_ITEM ( '' )  SURFACE ( )  );
#3243 = DIRECTION ( 'NONE',  ( 0.000000000000000000, 0.5467874866480726403, 0.8372714281791083790 ) ) ;
#3244 = TOROIDAL_SURFACE ( 'NONE', #6932, 2.000000000000000000, 1.000000000000000000 ) ;
#3245 = CIRCLE ( 'NONE', #93, 0.9999999999999994449 ) ;
#3246 = VERTEX_POINT ( 'NONE', #3514 ) ;
#3247 = CARTESIAN_POINT ( 'NONE',  ( -0.5586514873040608897, 44.06531866983861789, -3.167950848632156369 ) ) ;
#3248 = CARTESIAN_POINT ( 'NONE',  ( 1.945941188123212706, 44.13163621916840640, 3.297148721421235162 ) ) ;
#3249 = CARTESIAN_POINT ( 'NONE',  ( -2.301614059123026301, 45.41684043106159407, -1.622199363343065359 ) ) ;
#3250 = CARTESIAN_POINT ( 'NONE',  ( 2.554387251727892050, 44.81958906087445627, 1.579509264100068755 ) ) ;
#3251 = CARTESIAN_POINT ( 'NONE',  ( 2.521147780632169599, 43.42475717756659037, -2.343862013108684916 ) ) ;
#3252 = CARTESIAN_POINT ( 'NONE',  ( 2.449440390100976472E-11, 48.84708589523609845, 0.000000000000000000 ) ) ;
#3253 = EDGE_CURVE ( 'NONE', #6948, #3040, #1913, .T. ) ;
#3254 = ORIENTED_EDGE ( 'NONE', *, *, #7971, .F. ) ;
#3255 = VERTEX_POINT ( 'NONE', #6082 ) ;
#3256 = CARTESIAN_POINT ( 'NONE',  ( -0.8660254037844368202, 15.99999999999999645, 0.5000000000000034417 ) ) ;
#3257 = ORIENTED_EDGE ( 'NONE', *, *, #7275, .F. ) ;
#3258 = DIRECTION ( 'NONE',  ( -0.5000000000000038858, -0.000000000000000000, -0.8660254037844363761 ) ) ;
#3259 = ADVANCED_FACE ( 'NONE', ( #6124 ), #7296, .F. ) ;
#3260 = CARTESIAN_POINT ( 'NONE',  ( 3.332485933719792737, 43.32338796416998150, 1.000000000000000000 ) ) ;
#3261 = CARTESIAN_POINT ( 'NONE',  ( -2.575279530667156980, 42.63272327329435996, -4.460514990807999069 ) ) ;
#3262 = CARTESIAN_POINT ( 'NONE',  ( 3.852441942072400316, 28.00000000000001066, -8.672625176878890230 ) ) ;
#3263 = CARTESIAN_POINT ( 'NONE',  ( 1.380901272164758886, 44.78126727785112138, -2.998783380185185088 ) ) ;
#3264 = DIRECTION ( 'NONE',  ( 0.000000000000000000, 0.000000000000000000, -1.000000000000000000 ) ) ;
#3265 = DIRECTION ( 'NONE',  ( -1.000000000000000000, 0.000000000000000000, 0.000000000000000000 ) ) ;
#3266 = ORIENTED_EDGE ( 'NONE', *, *, #6844, .T. ) ;
#3267 = ORIENTED_EDGE ( 'NONE', *, *, #4648, .F. ) ;
#3268 = ORIENTED_EDGE ( 'NONE', *, *, #7130, .T. ) ;
#3269 = CARTESIAN_POINT ( 'NONE',  ( -5.589350430201665887, 35.39490556812832267, 1.000000000000000000 ) ) ;
#3270 = CARTESIAN_POINT ( 'NONE',  ( -3.920036541901896765, 24.79582683754258099, -6.789702458100615345 ) ) ;
#3271 = CIRCLE ( 'NONE', #2565, 1.999999999999999778 ) ;
#3272 = DIRECTION ( 'NONE',  ( 8.673617379884035472E-17, -1.000000000000000000, -0.000000000000000000 ) ) ;
#3273 = CARTESIAN_POINT ( 'NONE',  ( -2.969673781682624636, 14.99999999999999645, 0.1754261794871756763 ) ) ;
#3274 = ORIENTED_EDGE ( 'NONE', *, *, #7715, .F. ) ;
#3275 = CARTESIAN_POINT ( 'NONE',  ( -17.45507932568751741, 16.80059265058802609, -1.000000000000000000 ) ) ;
#3276 = DIRECTION ( 'NONE',  ( 0.7816674964355592170, -0.6236953783828810272, 0.000000000000000000 ) ) ;
#3277 = CARTESIAN_POINT ( 'NONE',  ( 3.341045996137891105, 40.00000000000000711, 5.786861415735335967 ) ) ;
#3278 = CARTESIAN_POINT ( 'NONE',  ( -0.3454141667290879236, 14.85033440878085109, 1.975205423283884265 ) ) ;
#3279 = AXIS2_PLACEMENT_3D ( 'NONE', #8006, #1488, #8047 ) ;
#3280 = CARTESIAN_POINT ( 'NONE',  ( 2.535011511435247833, 44.78089962813142222, 1.627620719072919497 ) ) ;
#3281 = ORIENTED_EDGE ( 'NONE', *, *, #5369, .T. ) ;
#3282 = CIRCLE ( 'NONE', #6150, 0.9999999999999991118 ) ;
#3283 = CIRCLE ( 'NONE', #6842, 1.000000000000000000 ) ;
#3284 = VERTEX_POINT ( 'NONE', #2219 ) ;
#3285 = CARTESIAN_POINT ( 'NONE',  ( -2.266366920971432553, 15.13150906907602611, 1.085390956128678752 ) ) ;
#3286 = CARTESIAN_POINT ( 'NONE',  ( 1.031421538346819711, 13.99999999999999645, -1.713525491562434055 ) ) ;
#3287 = CARTESIAN_POINT ( 'NONE',  ( -2.529502130924916159, 44.77402941497914668, -1.639468400744206189 ) ) ;
#3288 = CARTESIAN_POINT ( 'NONE',  ( 2.656686160983705136, 44.80147693951855814, 1.409111781738684011 ) ) ;
#3289 = EDGE_CURVE ( 'NONE', #5630, #7375, #5650, .T. ) ;
#3290 = AXIS2_PLACEMENT_3D ( 'NONE', #5924, #1983, #5120 ) ;
#3291 = CARTESIAN_POINT ( 'NONE',  ( 12.66703064672739920, 28.00000000000001421, 0.000000000000000000 ) ) ;
#3292 = CARTESIAN_POINT ( 'NONE',  ( 3.692935767933622326, 37.56619757069947241, -4.396352379149527145 ) ) ;
#3293 = AXIS2_PLACEMENT_3D ( 'NONE', #66, #148, #1512 ) ;
#3294 = EDGE_LOOP ( 'NONE', ( #5729, #3348, #7872, #438 ) ) ;
#3295 = ORIENTED_EDGE ( 'NONE', *, *, #5751, .F. ) ;
#3296 = DIRECTION ( 'NONE',  ( -1.000000000000000000, 0.000000000000000000, 1.821459649775648964E-13 ) ) ;
#3297 = ORIENTED_EDGE ( 'NONE', *, *, #3554, .F. ) ;
#3298 = CARTESIAN_POINT ( 'NONE',  ( 2.456555552229735095, 15.11437436577821991, 0.8265924357867190375 ) ) ;
#3299 = CARTESIAN_POINT ( 'NONE',  ( -2.598076211353274267, 15.99999999999999645, 2.499999999999992006 ) ) ;
#3300 = DIRECTION ( 'NONE',  ( -0.2169012146502772576, -0.9010080201268689803, -0.3756839239976791367 ) ) ;
#3301 = CARTESIAN_POINT ( 'NONE',  ( -3.792505651226329100, 44.15673619070453526, -0.8509286628031353938 ) ) ;
#3302 = DIRECTION ( 'NONE',  ( -0.5000000000000043299, -1.734723475976807686E-15, -0.8660254037844362651 ) ) ;
#3303 = LINE ( 'NONE', #4632, #2857 ) ;
#3304 = EDGE_CURVE ( 'NONE', #7841, #8450, #4555, .T. ) ;
#3305 = DIRECTION ( 'NONE',  ( -0.8660254037844432595, 0.000000000000000000, -0.4999999999999919509 ) ) ;
#3306 = ORIENTED_EDGE ( 'NONE', *, *, #4252, .T. ) ;
#3307 = CIRCLE ( 'NONE', #1517, 1.000000000000000444 ) ;
#3308 = EDGE_CURVE ( 'NONE', #2829, #3640, #1269, .T. ) ;
#3309 = ORIENTED_EDGE ( 'NONE', *, *, #6598, .F. ) ;
#3310 = ORIENTED_EDGE ( 'NONE', *, *, #4939, .T. ) ;
#3311 = CARTESIAN_POINT ( 'NONE',  ( 9.436934691713835477, 28.00000000000001066, -1.000000000000000000 ) ) ;
#3312 = AXIS2_PLACEMENT_3D ( 'NONE', #3528, #6758, #8038 ) ;
#3313 = CARTESIAN_POINT ( 'NONE',  ( -6.468895290909599360, 35.87328699862778336, -1.000000000000000000 ) ) ;
#3314 = AXIS2_PLACEMENT_3D ( 'NONE', #8250, #6890, #2205 ) ;
#3315 = CARTESIAN_POINT ( 'NONE',  ( -4.234461660635494340, 43.66524535966603082, -6.906542670036483854E-13 ) ) ;
#3316 = CARTESIAN_POINT ( 'NONE',  ( -1.380901272125419688, 44.78126727787080341, 2.998783380177492575 ) ) ;
#3317 = ORIENTED_EDGE ( 'NONE', *, *, #2013, .T. ) ;
#3318 = DIRECTION ( 'NONE',  ( 0.000000000000000000, 0.7354398480755547363, -0.6775900160588296250 ) ) ;
#3319 = CARTESIAN_POINT ( 'NONE',  ( -9.871964657168120993, 23.76221333099204358, 0.000000000000000000 ) ) ;
#3320 = CARTESIAN_POINT ( 'NONE',  ( -6.001141368059081493, 21.50371023307363316, -10.39428175288161782 ) ) ;
#3321 = ADVANCED_FACE ( 'NONE', ( #1465 ), #2064, .T. ) ;
#3322 = DIRECTION ( 'NONE',  ( 0.000000000000000000, -0.000000000000000000, 1.000000000000000000 ) ) ;
#3323 = CARTESIAN_POINT ( 'NONE',  ( -0.04266400343788786381, 14.26794545549866911, 1.999998921785714812 ) ) ;
#3324 = CARTESIAN_POINT ( 'NONE',  ( 2.735494424531198288, 44.69810476156305157, -1.312258128838509341 ) ) ;
#3325 = AXIS2_PLACEMENT_3D ( 'NONE', #3909, #4390, #7777 ) ;
#3326 = VERTEX_POINT ( 'NONE', #2102 ) ;
#3327 = AXIS2_PLACEMENT_3D ( 'NONE', #4960, #1853, #479 ) ;
#3328 = VERTEX_POINT ( 'NONE', #2780 ) ;
#3329 = CARTESIAN_POINT ( 'NONE',  ( -1.800959343465379892, 14.84579848709917194, 0.8739898277645248292 ) ) ;
#3330 = CARTESIAN_POINT ( 'NONE',  ( 1.661075309575799519, 14.84529863192840260, -1.122943228041456853 ) ) ;
#3331 = CARTESIAN_POINT ( 'NONE',  ( -5.653820728298454945, 37.56619757069945820, 0.000000000000000000 ) ) ;
#3332 = CARTESIAN_POINT ( 'NONE',  ( 2.676055051642431959, 44.78008592707234214, 1.383616179991342232 ) ) ;
#3333 = CARTESIAN_POINT ( 'NONE',  ( -2.411388970428168133, 38.00000000000001421, 6.176648213592913272 ) ) ;
#3334 = CYLINDRICAL_SURFACE ( 'NONE', #2206, 1.000000000000000000 ) ;
#3335 = EDGE_LOOP ( 'NONE', ( #6374, #6641, #4297, #3390 ) ) ;
#3336 = ORIENTED_EDGE ( 'NONE', *, *, #54, .T. ) ;
#3337 = EDGE_CURVE ( 'NONE', #8055, #7321, #8104, .T. ) ;
#3338 = DIRECTION ( 'NONE',  ( 0.000000000000000000, 0.000000000000000000, -1.000000000000000000 ) ) ;
#3339 = CARTESIAN_POINT ( 'NONE',  ( 2.585994448296161430, 15.09362239146259377, 0.6858483851343872839 ) ) ;
#3340 = CIRCLE ( 'NONE', #8126, 1.000000000000001554 ) ;
#3341 = CARTESIAN_POINT ( 'NONE',  ( -2.106055581391430565, 43.69040101301280288, 3.647795270532383505 ) ) ;
#3342 = DIRECTION ( 'NONE',  ( -0.5000000000001589839, 0.000000000000000000, -0.8660254037843470032 ) ) ;
#3343 = CARTESIAN_POINT ( 'NONE',  ( 2.677084810022801520, 45.35253749462064832, 1.000000000003225642 ) ) ;
#3344 = DIRECTION ( 'NONE',  ( -1.000000000000000000, 0.000000000000000000, 3.469446951953613794E-15 ) ) ;
#3345 = CARTESIAN_POINT ( 'NONE',  ( -4.774540680558410521, 20.81037493106734360, -10.26974704153154150 ) ) ;
#3346 = FACE_OUTER_BOUND ( 'NONE', #2449, .T. ) ;
#3347 = CARTESIAN_POINT ( 'NONE',  ( -1.891064084402576562, 40.90754406696568424, -5.275419074551520815 ) ) ;
#3348 = ORIENTED_EDGE ( 'NONE', *, *, #3362, .T. ) ;
#3349 = ORIENTED_EDGE ( 'NONE', *, *, #6654, .F. ) ;
#3350 = FACE_OUTER_BOUND ( 'NONE', #8066, .T. ) ;
#3351 = EDGE_CURVE ( 'NONE', #3833, #8234, #4404, .T. ) ;
#3352 = ORIENTED_EDGE ( 'NONE', *, *, #2574, .T. ) ;
#3353 = EDGE_CURVE ( 'NONE', #2897, #3557, #1500, .T. ) ;
#3354 = CARTESIAN_POINT ( 'NONE',  ( -8.891387303952848598, 30.65002721925075235, 1.000000000000000000 ) ) ;
#3355 = CARTESIAN_POINT ( 'NONE',  ( -11.57482700679100951, 29.35288596355935553, 0.000000000000000000 ) ) ;
#3356 = CARTESIAN_POINT ( 'NONE',  ( 2.359739956871239386, 45.77237003093008383, 4.719479913742157251 ) ) ;
#3357 = CARTESIAN_POINT ( 'NONE',  ( 0.4725170012178354084, 45.35253749461798378, 2.818423453568551285 ) ) ;
#3358 = ORIENTED_EDGE ( 'NONE', *, *, #1262, .F. ) ;
#3359 = ADVANCED_FACE ( 'NONE', ( #7421 ), #6999, .F. ) ;
#3360 = CARTESIAN_POINT ( 'NONE',  ( -5.308208050095716501, 30.65829190357027656, -7.194086039911818276 ) ) ;
#3361 = CARTESIAN_POINT ( 'NONE',  ( 0.4960586619743196368, 47.96700227487481527, -1.000000000002994271 ) ) ;
#3362 = EDGE_CURVE ( 'NONE', #4515, #1617, #1651, .T. ) ;
#3363 = CARTESIAN_POINT ( 'NONE',  ( -2.106055581393460496, 43.69040101299459877, -3.647795270537444345 ) ) ;
#3364 = SPHERICAL_SURFACE ( 'NONE', #6443, 1.000000000110220055 ) ;
#3365 = FACE_OUTER_BOUND ( 'NONE', #3335, .T. ) ;
#3366 = AXIS2_PLACEMENT_3D ( 'NONE', #287, #6812, #3467 ) ;
#3367 = CARTESIAN_POINT ( 'NONE',  ( -0.4762020096461471175, 47.71366762303153308, 1.175193924629123199 ) ) ;
#3368 = EDGE_LOOP ( 'NONE', ( #4195, #7447, #731 ) ) ;
#3369 = CIRCLE ( 'NONE', #8154, 13.99999999999999822 ) ;
#3370 = CARTESIAN_POINT ( 'NONE',  ( 0.3825709016376599991, 47.51243497436315977, -1.337367760861809529 ) ) ;
#3371 = CARTESIAN_POINT ( 'NONE',  ( -4.212111162788634289, 43.69040101300103629, -7.326752798132947355E-16 ) ) ;
#3372 = CARTESIAN_POINT ( 'NONE',  ( -1.945941188141337985, 44.13163621917102120, -3.297148721403714511 ) ) ;
#3373 = CARTESIAN_POINT ( 'NONE',  ( -1.932727699669461785, 44.87047338625988147, 2.585968475516289278 ) ) ;
#3374 = DIRECTION ( 'NONE',  ( -0.4999999999999920064, -3.469446951953614189E-15, 0.8660254037844432595 ) ) ;
#3375 = CARTESIAN_POINT ( 'NONE',  ( 4.212111162788412244, 43.69040101300170420, -1.175757523163663176E-24 ) ) ;
#3376 = VECTOR ( 'NONE', #1778, 1000.000000000000000 ) ;
#3377 = CARTESIAN_POINT ( 'NONE',  ( -2.223534789336104822, 41.65726548260490603, 5.851275289204650676 ) ) ;
#3378 = EDGE_CURVE ( 'NONE', #767, #6241, #4728, .T. ) ;
#3379 = ORIENTED_EDGE ( 'NONE', *, *, #478, .F. ) ;
#3380 = ORIENTED_EDGE ( 'NONE', *, *, #5525, .F. ) ;
#3381 = ADVANCED_FACE ( 'NONE', ( #7494 ), #4971, .T. ) ;
#3382 = CARTESIAN_POINT ( 'NONE',  ( 2.999501062348041813, 14.99999999999999645, 0.05471176265637298780 ) ) ;
#3383 = CIRCLE ( 'NONE', #1467, 1.000000000000000000 ) ;
#3384 = CARTESIAN_POINT ( 'NONE',  ( -0.4580228408452650113, 44.30396230420432602, 3.109839101385796667 ) ) ;
#3385 = CARTESIAN_POINT ( 'NONE',  ( 4.786061945686244101, 24.79582683754257744, -6.289702458100675742 ) ) ;
#3386 = CARTESIAN_POINT ( 'NONE',  ( 0.000000000000000000, 40.00000000000000711, 0.000000000000000000 ) ) ;
#3387 = CARTESIAN_POINT ( 'NONE',  ( -3.852441942072521996, 26.00000000000001066, -8.672625176878836939 ) ) ;
#3388 = CARTESIAN_POINT ( 'NONE',  ( 3.576157242526690094, 30.65829190357027301, 8.194086039911562480 ) ) ;
#3389 = CARTESIAN_POINT ( 'NONE',  ( 7.295681751992686870, 40.78962497853910918, -1.000000000000000000 ) ) ;
#3390 = ORIENTED_EDGE ( 'NONE', *, *, #2877, .T. ) ;
#3391 = ORIENTED_EDGE ( 'NONE', *, *, #6454, .T. ) ;
#3392 = SPHERICAL_SURFACE ( 'NONE', #632, 1.000000000000000000 ) ;
#3393 = EDGE_LOOP ( 'NONE', ( #3432, #3543, #6981, #7350 ) ) ;
#3394 = EDGE_CURVE ( 'NONE', #2738, #3255, #3048, .T. ) ;
#3395 = DIRECTION ( 'NONE',  ( 0.8660254037844362651, 0.000000000000000000, -0.5000000000000039968 ) ) ;
#3396 = CARTESIAN_POINT ( 'NONE',  ( -0.9302550199599959324, 45.14529430202708937, -2.870421076887757827 ) ) ;
#3397 = CARTESIAN_POINT ( 'NONE',  ( -2.836155061910289987, 44.49791065414681412, 1.220480983735147129 ) ) ;
#3398 = VERTEX_POINT ( 'NONE', #112 ) ;
#3399 = CARTESIAN_POINT ( 'NONE',  ( -4.752812708171587630, 37.13239514139890218, -1.000000000000000000 ) ) ;
#3400 = CARTESIAN_POINT ( 'NONE',  ( 3.341045996129731410, 40.00000000000000711, 5.786861415721203272 ) ) ;
#3401 = CARTESIAN_POINT ( 'NONE',  ( 12.29072602511014090, 28.78166749643568068, 0.000000000000000000 ) ) ;
#3402 = CARTESIAN_POINT ( 'NONE',  ( -11.66703064672717538, 28.00000000000001066, 0.000000000000000000 ) ) ;
#3403 = CARTESIAN_POINT ( 'NONE',  ( -0.8629587593253426059, 14.92130231241497640, 1.824405665398178389 ) ) ;
#3404 = CIRCLE ( 'NONE', #8185, 1.000000000000000000 ) ;
#3405 = CARTESIAN_POINT ( 'NONE',  ( -8.366025403784322023, 28.00000000000001066, 12.49038105676665822 ) ) ;
#3406 = CIRCLE ( 'NONE', #800, 1.000000000000000666 ) ;
#3407 = EDGE_LOOP ( 'NONE', ( #4709, #7804, #6949 ) ) ;
#3408 = EDGE_CURVE ( 'NONE', #7265, #8135, #2874, .T. ) ;
#3409 = ADVANCED_FACE ( 'NONE', ( #2080 ), #2899, .T. ) ;
#3410 = B_SPLINE_CURVE_WITH_KNOTS ( 'NONE', 3,
 ( #320, #7402, #7358, #1483 ),
 .UNSPECIFIED., .F., .F.,
 ( 4, 4 ),
 ( 1.430705520144382794E-14, 0.004426925196732492233 ),
 .UNSPECIFIED. ) ;
#3411 = DIRECTION ( 'NONE',  ( 0.000000000000000000, -0.6092968833343308521, 0.7929421844996460411 ) ) ;
#3412 = CARTESIAN_POINT ( 'NONE',  ( -8.427935170293883615, 16.00000000000000355, -14.59761191784551215 ) ) ;
#3413 = CARTESIAN_POINT ( 'NONE',  ( -2.106055581399674193, 43.69040101300170420, 3.647795270548100266 ) ) ;
#3414 = CARTESIAN_POINT ( 'NONE',  ( 2.008152071718635412, 43.91108532162904510, -3.478221417514548719 ) ) ;
#3415 = FACE_OUTER_BOUND ( 'NONE', #6292, .T. ) ;
#3416 = AXIS2_PLACEMENT_3D ( 'NONE', #3740, #3072, #3158 ) ;
#3417 = AXIS2_PLACEMENT_3D ( 'NONE', #2683, #5328, #200 ) ;
#3418 = VERTEX_POINT ( 'NONE', #2550 ) ;
#3419 = VERTEX_POINT ( 'NONE', #4040 ) ;
#3420 = FACE_OUTER_BOUND ( 'NONE', #7471, .T. ) ;
#3421 = AXIS2_PLACEMENT_3D ( 'NONE', #2399, #3069, #6969 ) ;
#3422 = CARTESIAN_POINT ( 'NONE',  ( -0.8218790624407599221, 43.22573358929719234, 3.423536293822206478 ) ) ;
#3423 = EDGE_CURVE ( 'NONE', #1958, #598, #847, .T. ) ;
#3424 = AXIS2_PLACEMENT_3D ( 'NONE', #5215, #5931, #4693 ) ;
#3425 = CARTESIAN_POINT ( 'NONE',  ( 0.8511222176429801278, 15.07232860202456415, -2.611039765740031271 ) ) ;
#3426 = PLANE ( 'NONE',  #1587 ) ;
#3427 = CARTESIAN_POINT ( 'NONE',  ( 5.787413503397972114, 29.35288596355914237, 10.02409423229010343 ) ) ;
#3428 = AXIS2_PLACEMENT_3D ( 'NONE', #7476, #6888, #8161 ) ;
#3429 = CARTESIAN_POINT ( 'NONE',  ( -2.553929871657083961, 43.22573359135841287, 2.423536296697799131 ) ) ;
#3430 = EDGE_LOOP ( 'NONE', ( #8136, #2583, #4373, #3759 ) ) ;
#3431 = ORIENTED_EDGE ( 'NONE', *, *, #1353, .T. ) ;
#3432 = ORIENTED_EDGE ( 'NONE', *, *, #2440, .T. ) ;
#3433 = ORIENTED_EDGE ( 'NONE', *, *, #3471, .T. ) ;
#3434 = CARTESIAN_POINT ( 'NONE',  ( 0.8629587593253540412, 14.92130231241497995, -1.824405665398150189 ) ) ;
#3435 = CARTESIAN_POINT ( 'NONE',  ( -3.329364532810632937, 43.33042390834295787, 0.9999999999992538191 ) ) ;
#3436 = CARTESIAN_POINT ( 'NONE',  ( 1.352848079662602121, 41.92936597791784692, 4.343201608937505398 ) ) ;
#3437 = CARTESIAN_POINT ( 'NONE',  ( 3.329364537737662832, 43.33042390692341428, -1.000000000000278666 ) ) ;
#3438 = CARTESIAN_POINT ( 'NONE',  ( 4.718467345856844020, 28.00000000000001066, -8.172625176878897335 ) ) ;
#3439 = AXIS2_PLACEMENT_3D ( 'NONE', #2730, #286, #8050 ) ;
#3440 = EDGE_CURVE ( 'NONE', #8055, #1260, #8376, .T. ) ;
#3441 = ORIENTED_EDGE ( 'NONE', *, *, #2225, .T. ) ;
#3442 = ADVANCED_FACE ( 'NONE', ( #5191 ), #2502, .T. ) ;
#3443 = CARTESIAN_POINT ( 'NONE',  ( -2.340886509862496467, 43.16106859930916073, 4.054534369830940399 ) ) ;
#3444 = VECTOR ( 'NONE', #5407, 1000.000000000000000 ) ;
#3445 = DIRECTION ( 'NONE',  ( -0.4999999999998392397, 0.000000000000000000, 0.8660254037845314112 ) ) ;
#3446 = DIRECTION ( 'NONE',  ( -0.7984308039550559455, 0.6020865812287159446, 0.000000000000000000 ) ) ;
#3447 = CARTESIAN_POINT ( 'NONE',  ( -0.2133693608492904237, 14.23212241428305092, 1.989023356564109779 ) ) ;
#3448 = VERTEX_POINT ( 'NONE', #7708 ) ;
#3449 = EDGE_CURVE ( 'NONE', #3040, #8271, #437, .T. ) ;
#3450 = EDGE_CURVE ( 'NONE', #1339, #4419, #2469, .T. ) ;
#3451 = CARTESIAN_POINT ( 'NONE',  ( 1.419401598594475233, 14.85996621442065191, 1.426430511127761314 ) ) ;
#3452 = DIRECTION ( 'NONE',  ( 0.7480095476483646921, -0.6636879663116461714, 0.000000000000000000 ) ) ;
#3453 = CARTESIAN_POINT ( 'NONE',  ( 1.714505518806294441E-15, 4.000000000000000000, -13.99999999999999822 ) ) ;
#3454 = AXIS2_PLACEMENT_3D ( 'NONE', #5999, #7937, #2864 ) ;
#3455 = CIRCLE ( 'NONE', #720, 0.9999999999999994449 ) ;
#3456 = CARTESIAN_POINT ( 'NONE',  ( -2.597474918597686422, 45.39728065547827640, 1.117321425755418041 ) ) ;
#3457 = DIRECTION ( 'NONE',  ( 0.000000000000000000, 0.000000000000000000, 1.000000000000000000 ) ) ;
#3458 = CARTESIAN_POINT ( 'NONE',  ( 6.682091992272578551, 40.00000000000000711, 0.000000000000000000 ) ) ;
#3459 = EDGE_CURVE ( 'NONE', #6767, #7553, #3859, .T. ) ;
#3460 = ORIENTED_EDGE ( 'NONE', *, *, #1847, .F. ) ;
#3461 = VERTEX_POINT ( 'NONE', #7167 ) ;
#3462 = FACE_OUTER_BOUND ( 'NONE', #5892, .T. ) ;
#3463 = ADVANCED_FACE ( 'NONE', ( #5403 ), #6473, .T. ) ;
#3464 = CARTESIAN_POINT ( 'NONE',  ( -0.5792145338822402012, 44.01841648276116814, 3.179514828668408288 ) ) ;
#3465 = FACE_OUTER_BOUND ( 'NONE', #1059, .T. ) ;
#3466 = ADVANCED_FACE ( 'NONE', ( #1147 ), #7691, .T. ) ;
#3467 = DIRECTION ( 'NONE',  ( 1.000000000000000000, 0.000000000000000000, 0.000000000000000000 ) ) ;
#3468 = CARTESIAN_POINT ( 'NONE',  ( 4.967489919579312740, 28.00000000000001066, 10.60394492679750300 ) ) ;
#3469 = CARTESIAN_POINT ( 'NONE',  ( -2.639600428631057927, 45.15923110076302294, 1.430254366945680422 ) ) ;
#3470 = VERTEX_POINT ( 'NONE', #6526 ) ;
#3471 = EDGE_CURVE ( 'NONE', #1478, #1580, #300, .T. ) ;
#3472 = ORIENTED_EDGE ( 'NONE', *, *, #6744, .T. ) ;
#3473 = ORIENTED_EDGE ( 'NONE', *, *, #3663, .F. ) ;
#3474 = ORIENTED_EDGE ( 'NONE', *, *, #6796, .T. ) ;
#3475 = DIRECTION ( 'NONE',  ( 0.8660254037844434816, 0.000000000000000000, 0.4999999999999916733 ) ) ;
#3476 = CARTESIAN_POINT ( 'NONE',  ( -2.818447846064458862, 44.53804997612549954, 1.232529118018133918 ) ) ;
#3477 = FACE_OUTER_BOUND ( 'NONE', #51, .T. ) ;
#3478 = CARTESIAN_POINT ( 'NONE',  ( -2.051587862851496968, 15.13026897845206875, 1.463141022877254560 ) ) ;
#3479 = EDGE_CURVE ( 'NONE', #4464, #5226, #7552, .T. ) ;
#3480 = ORIENTED_EDGE ( 'NONE', *, *, #1573, .T. ) ;
#3481 = ORIENTED_EDGE ( 'NONE', *, *, #141, .F. ) ;
#3482 = CARTESIAN_POINT ( 'NONE',  ( 2.883974596215496788, 28.00000000000001066, -6.995190528383317563 ) ) ;
#3483 = CARTESIAN_POINT ( 'NONE',  ( 5.833515323363604566, 28.00000000000001776, -10.10394492679756695 ) ) ;
#3484 = FACE_OUTER_BOUND ( 'NONE', #7038, .T. ) ;
#3485 = CARTESIAN_POINT ( 'NONE',  ( -3.267932484607384502, 31.40398960769650571, -7.660225099044715158 ) ) ;
#3486 = CARTESIAN_POINT ( 'NONE',  ( 6.055645830056401557, 36.73160648748266510, 0.000000000000000000 ) ) ;
#3487 = EDGE_LOOP ( 'NONE', ( #3884, #1451, #6178 ) ) ;
#3488 = CARTESIAN_POINT ( 'NONE',  ( -4.391072981625223193, 21.55129679680316102, 9.605561503918043087 ) ) ;
#3489 = CARTESIAN_POINT ( 'NONE',  ( -1.845756810435858819, 15.07569494948030808, 2.016973906303638486 ) ) ;
#3490 = CARTESIAN_POINT ( 'NONE',  ( -0.6827106465937917701, 47.81083249759012688, 1.000000000021126878 ) ) ;
#3491 = EDGE_CURVE ( 'NONE', #1543, #1580, #2117, .T. ) ;
#3492 = CARTESIAN_POINT ( 'NONE',  ( -3.464101615137717527, 43.02671304668712082, 0.000000000000000000 ) ) ;
#3493 = CARTESIAN_POINT ( 'NONE',  ( 2.740863092043355209E-14, 14.99999999999999645, 4.000000000000017764 ) ) ;
#3494 = CARTESIAN_POINT ( 'NONE',  ( 2.630506324874428259, 45.37871602779210889, 1.068642864717260554 ) ) ;
#3495 = CARTESIAN_POINT ( 'NONE',  ( 2.171498844530732608, 45.33461144379474206, -1.883539199018150034 ) ) ;
#3496 = CARTESIAN_POINT ( 'NONE',  ( -5.000000000000001776, 40.00000000000000711, 1.000000000000000000 ) ) ;
#3497 = CARTESIAN_POINT ( 'NONE',  ( -2.969326545344602941, 14.99999999999999289, -0.1768314846679279739 ) ) ;
#3498 = CIRCLE ( 'NONE', #5154, 0.9999999999999998890 ) ;
#3499 = ORIENTED_EDGE ( 'NONE', *, *, #5764, .F. ) ;
#3500 = ORIENTED_EDGE ( 'NONE', *, *, #6598, .T. ) ;
#3501 = CARTESIAN_POINT ( 'NONE',  ( 0.8660254037844161701, 43.02671304669877372, -3.500000000000025313 ) ) ;
#3502 = CIRCLE ( 'NONE', #2127, 1.000000000000000000 ) ;
#3503 = CARTESIAN_POINT ( 'NONE',  ( -0.2700130374110501497, 44.64676428996322954, 3.035348669396494614 ) ) ;
#3504 = CARTESIAN_POINT ( 'NONE',  ( 3.277414374212692660, 40.00000000000000711, 5.676648213592878633 ) ) ;
#3505 = CARTESIAN_POINT ( 'NONE',  ( 5.279337608770686252, 28.78166749643568068, 11.14408096869990317 ) ) ;
#3506 = CARTESIAN_POINT ( 'NONE',  ( -2.746280303174971849, 43.98718751354675049, 2.970310955515757190 ) ) ;
#3507 =( BOUNDED_SURFACE ( )  B_SPLINE_SURFACE ( 3, 2, ( 
 ( #776, #5262, #4731 ),
 ( #4192, #218, #8063 ),
 ( #939, #2223, #896 ),
 ( #6866, #2918, #6218 ) ),
 .UNSPECIFIED., .F., .F., .T. ) 
 B_SPLINE_SURFACE_WITH_KNOTS ( ( 4, 4 ),
 ( 3, 3 ),
 ( -4.490548558000462265E-15, 0.004434978777764250583 ),
 ( 0.000000000000000000, 1.000000000000000000 ),
 .UNSPECIFIED. ) 
 GEOMETRIC_REPRESENTATION_ITEM ( )  RATIONAL_B_SPLINE_SURFACE ( (
 ( 1.000000000000000000, 0.7071067811865476838, 1.000000000000000000),
 ( 1.000000000000000000, 0.7071067811865476838, 1.000000000000000000),
 ( 1.000000000000000000, 0.7071067811865475727, 1.000000000000000000),
 ( 1.000000000000000000, 0.7071067811865475727, 1.000000000000000000) ) ) 
 REPRESENTATION_ITEM ( '' )  SURFACE ( )  );
#3508 = VERTEX_POINT ( 'NONE', #4703 ) ;
#3509 = ORIENTED_EDGE ( 'NONE', *, *, #3710, .T. ) ;
#3510 = CARTESIAN_POINT ( 'NONE',  ( -6.682091992272578551, 40.00000000000000711, 0.000000000000000000 ) ) ;
#3511 = AXIS2_PLACEMENT_3D ( 'NONE', #8039, #6596, #5980 ) ;
#3512 = EDGE_CURVE ( 'NONE', #1233, #4185, #1248, .T. ) ;
#3513 = ORIENTED_EDGE ( 'NONE', *, *, #6534, .F. ) ;
#3514 = CARTESIAN_POINT ( 'NONE',  ( -0.8660254037844161701, 15.99999999999999645, 3.500000000000025313 ) ) ;
#3515 = DIRECTION ( 'NONE',  ( 1.000000000000000000, -0.000000000000000000, -0.000000000000000000 ) ) ;
#3516 = DIRECTION ( 'NONE',  ( 1.000000000000000000, 4.857225732735059864E-14, 0.000000000000000000 ) ) ;
#3517 = DIRECTION ( 'NONE',  ( 0.000000000000000000, 0.000000000000000000, -1.000000000000000000 ) ) ;
#3518 = ORIENTED_EDGE ( 'NONE', *, *, #8024, .T. ) ;
#3519 = ORIENTED_EDGE ( 'NONE', *, *, #1062, .T. ) ;
#3520 = DIRECTION ( 'NONE',  ( 1.000000000000000000, 0.000000000000000000, 0.000000000000000000 ) ) ;
#3521 = CARTESIAN_POINT ( 'NONE',  ( -4.937260092626176267, 23.75882442911015602, -8.551585330618513225 ) ) ;
#3522 = DIRECTION ( 'NONE',  ( 0.8660254037844363761, 0.000000000000000000, -0.5000000000000041078 ) ) ;
#3523 = ADVANCED_FACE ( 'NONE', ( #230 ), #7014, .F. ) ;
#3524 = CARTESIAN_POINT ( 'NONE',  ( -1.212231646571835020, 15.01715472476382018, 2.661237616886834800 ) ) ;
#3525 = CARTESIAN_POINT ( 'NONE',  ( 5.653820728298454945, 37.56619757069945820, 0.000000000000000000 ) ) ;
#3526 = ORIENTED_EDGE ( 'NONE', *, *, #2817, .T. ) ;
#3527 = CARTESIAN_POINT ( 'NONE',  ( 1.968264876615194892, 14.87132365550065849, 0.4189960452865162943 ) ) ;
#3528 = CARTESIAN_POINT ( 'NONE',  ( -11.66703064672740098, 28.00000000000001066, 0.000000000000000000 ) ) ;
#3529 = DIRECTION ( 'NONE',  ( -0.4999999999999920064, 0.000000000000000000, 0.8660254037844432595 ) ) ;
#3530 = CARTESIAN_POINT ( 'NONE',  ( 0.02973084933898852145, 48.16777103458005627, 0.9999999999891771019 ) ) ;
#3531 = CARTESIAN_POINT ( 'NONE',  ( 2.519740788048264957, 45.42283659942654594, -1.241940977410182834 ) ) ;
#3532 = CARTESIAN_POINT ( 'NONE',  ( -2.463363020436762696, 44.17656635390077469, -2.014489006540669092 ) ) ;
#3533 = AXIS2_PLACEMENT_3D ( 'NONE', #5031, #6988, #7621 ) ;
#3534 = ORIENTED_EDGE ( 'NONE', *, *, #3536, .F. ) ;
#3535 = ORIENTED_EDGE ( 'NONE', *, *, #7470, .F. ) ;
#3536 = EDGE_CURVE ( 'NONE', #7023, #2240, #223, .T. ) ;
#3537 = CARTESIAN_POINT ( 'NONE',  ( -3.451466539840464698, 36.26406429620578820, 3.978115407627732747 ) ) ;
#3538 = DIRECTION ( 'NONE',  ( -0.8660254037844363761, 0.000000000000000000, 0.5000000000000039968 ) ) ;
#3539 = CARTESIAN_POINT ( 'NONE',  ( 1.778651700496662436, 14.26710806153174893, -0.9187992108647777822 ) ) ;
#3540 = CARTESIAN_POINT ( 'NONE',  ( 2.962319966462725773, 44.21195125012722116, -1.131670430745684630 ) ) ;
#3541 = CARTESIAN_POINT ( 'NONE',  ( -2.467451954536707071, 44.39571673237177407, 1.903931568983754818 ) ) ;
#3542 = AXIS2_PLACEMENT_3D ( 'NONE', #1220, #3070, #3739 ) ;
#3543 = ORIENTED_EDGE ( 'NONE', *, *, #2495, .F. ) ;
#3544 = ORIENTED_EDGE ( 'NONE', *, *, #4332, .T. ) ;
#3545 = CARTESIAN_POINT ( 'NONE',  ( 5.170882272112137912, 36.26406429620578820, 1.000000000000000000 ) ) ;
#3546 = EDGE_LOOP ( 'NONE', ( #4170, #3750, #6521, #3534, #647, #849, #7246, #708 ) ) ;
#3547 = AXIS2_PLACEMENT_3D ( 'NONE', #7282, #2126, #8128 ) ;
#3548 = CARTESIAN_POINT ( 'NONE',  ( 3.151079254306762945, 44.93541591463554141, -0.4241708126564278647 ) ) ;
#3550 = EDGE_CURVE ( 'NONE', #2216, #6948, #6189, .T. ) ;
#3549 = FACE_OUTER_BOUND ( 'NONE', #2296, .T. ) ;
#3551 =( BOUNDED_SURFACE ( )  B_SPLINE_SURFACE ( 3, 2, ( 
 ( #7525, #2987, #5607 ),
 ( #6810, #1008, #6158 ),
 ( #6245, #8257, #4975 ),
 ( #922, #6973, #3653 ),
 ( #1657, #5530, #284 ),
 ( #4302, #364, #2941 ),
 ( #7484, #1612, #8129 ),
 ( #2242, #4884, #7565 ) ),
 .UNSPECIFIED., .F., .F., .T. ) 
 B_SPLINE_SURFACE_WITH_KNOTS ( ( 4, 2, 2, 4 ),
 ( 3, 3 ),
 ( 0.02243345746864394349, 0.02822659411895465931, 0.03112316244411001895, 0.03401973076926537859 ),
 ( 0.000000000000000000, 1.000000000000000000 ),
 .UNSPECIFIED. ) 
 GEOMETRIC_REPRESENTATION_ITEM ( )  RATIONAL_B_SPLINE_SURFACE ( (
 ( 1.000000000000000000, 0.7071067811865476838, 1.000000000000000000),
 ( 1.000000000000000000, 0.7071067811865476838, 1.000000000000000000),
 ( 1.000000000000000000, 0.7071067811865473507, 1.000000000000000000),
 ( 1.000000000000000000, 0.7071067811865473507, 1.000000000000000000),
 ( 1.000000000000000000, 0.7071067811865477948, 1.000000000000000000),
 ( 1.000000000000000000, 0.7071067811865477948, 1.000000000000000000),
 ( 1.000000000000000000, 0.7071067811865470176, 1.000000000000000000),
 ( 1.000000000000000000, 0.7071067811865470176, 1.000000000000000000) ) ) 
 REPRESENTATION_ITEM ( '' )  SURFACE ( )  );
#3552 = CARTESIAN_POINT ( 'NONE',  ( -3.647840876011693823, 40.78962497853699887, 6.318245735178836142 ) ) ;
#3553 = AXIS2_PLACEMENT_3D ( 'NONE', #4306, #2292, #4268 ) ;
#3554 = EDGE_CURVE ( 'NONE', #4236, #850, #6881, .T. ) ;
#3555 = AXIS2_PLACEMENT_3D ( 'NONE', #7050, #2527, #8461 ) ;
#3556 = ORIENTED_EDGE ( 'NONE', *, *, #3304, .F. ) ;
#3557 = VERTEX_POINT ( 'NONE', #4290 ) ;
#3558 = CARTESIAN_POINT ( 'NONE',  ( 6.554828748425329366, 38.00000000000000711, 0.000000000000000000 ) ) ;
#3559 = DIRECTION ( 'NONE',  ( -0.3948124892658510521, 0.6135897597491347666, -0.6838352908783673634 ) ) ;
#3560 = CARTESIAN_POINT ( 'NONE',  ( -4.808937278253634595, 31.33989682417729483, 8.329323696347463724 ) ) ;
#3561 = VECTOR ( 'NONE', #5627, 1000.000000000000000 ) ;
#3562 = CARTESIAN_POINT ( 'NONE',  ( 3.089560184506808582, 41.65726546203556069, -5.351275273916676234 ) ) ;
#3563 = CARTESIAN_POINT ( 'NONE',  ( 1.452368754827788599, 14.99999999999999645, 2.624999999999996003 ) ) ;
#3564 = ORIENTED_EDGE ( 'NONE', *, *, #4360, .T. ) ;
#3565 = AXIS2_PLACEMENT_3D ( 'NONE', #3504, #7324, #3538 ) ;
#3566 = CARTESIAN_POINT ( 'NONE',  ( 2.886957418349787918, 15.02555247998981258, 0.3302977835307360222 ) ) ;
#3567 = CARTESIAN_POINT ( 'NONE',  ( -3.574931816539276497, 30.66112020816223094, 8.191963539840687147 ) ) ;
#3568 = CARTESIAN_POINT ( 'NONE',  ( -11.66703064672726420, 28.00000000000012079, 0.000000000000000000 ) ) ;
#3569 = AXIS2_PLACEMENT_3D ( 'NONE', #8330, #5092, #6459 ) ;
#3570 = CARTESIAN_POINT ( 'NONE',  ( 0.6257035694329327047, 47.87067855026482732, 1.000000000012754908 ) ) ;
#3571 = CARTESIAN_POINT ( 'NONE',  ( 2.299480671132445586, 45.41132438224428824, -1.627699551638756237 ) ) ;
#3572 = LINE ( 'NONE', #1086, #1796 ) ;
#3573 = AXIS2_PLACEMENT_3D ( 'NONE', #6600, #77, #6682 ) ;
#3574 = ORIENTED_EDGE ( 'NONE', *, *, #6279, .F. ) ;
#3575 = AXIS2_PLACEMENT_3D ( 'NONE', #6656, #5422, #180 ) ;
#3576 = FACE_OUTER_BOUND ( 'NONE', #5434, .T. ) ;
#3577 = DIRECTION ( 'NONE',  ( 0.4338024293005499077, -0.9010080201268695355, -0.000000000000000000 ) ) ;
#3578 = CARTESIAN_POINT ( 'NONE',  ( 1.355665719182723716, 41.92301477455085035, 4.348081903703838513 ) ) ;
#3579 = CARTESIAN_POINT ( 'NONE',  ( -3.341045996122392392, 40.00000000000000711, -5.786861415708490775 ) ) ;
#3580 = CARTESIAN_POINT ( 'NONE',  ( 2.411388970428255618, 38.00000000000000711, 6.176648213592882186 ) ) ;
#3581 = CARTESIAN_POINT ( 'NONE',  ( -1.969365048638545668, 45.00809433234982038, 2.421998644900120734 ) ) ;
#3582 = AXIS2_PLACEMENT_3D ( 'NONE', #6199, #4258, #8293 ) ;
#3583 = EDGE_CURVE ( 'NONE', #1580, #2710, #4261, .T. ) ;
#3584 = ORIENTED_EDGE ( 'NONE', *, *, #7852, .F. ) ;
#3585 = EDGE_LOOP ( 'NONE', ( #5095, #6220, #5327, #777 ) ) ;
#3586 = CARTESIAN_POINT ( 'NONE',  ( 4.758969850538291801, 22.23024743450502072, -10.24277757282107082 ) ) ;
#3587 = ORIENTED_EDGE ( 'NONE', *, *, #3289, .F. ) ;
#3588 = CARTESIAN_POINT ( 'NONE',  ( -0.3775885954998980942, 15.12390791857638384, -2.522532822069072811 ) ) ;
#3589 = DIRECTION ( 'NONE',  ( -0.000000000000000000, 1.000000000000000000, -0.000000000000000000 ) ) ;
#3590 = LINE ( 'NONE', #5579, #1897 ) ;
#3591 = CARTESIAN_POINT ( 'NONE',  ( 6.554828748425329366, 38.00000000000000711, -1.000000000000000000 ) ) ;
#3592 = EDGE_CURVE ( 'NONE', #4690, #554, #573, .T. ) ;
#3593 = ORIENTED_EDGE ( 'NONE', *, *, #778, .T. ) ;
#3594 = VERTEX_POINT ( 'NONE', #8283 ) ;
#3595 = CARTESIAN_POINT ( 'NONE',  ( 17.45507932568746767, 16.80059265058806517, -1.000000000000000000 ) ) ;
#3596 = CARTESIAN_POINT ( 'NONE',  ( -16.85587034058778144, 15.99999999999988276, 1.000000000000000000 ) ) ;
#3597 = CARTESIAN_POINT ( 'NONE',  ( 3.673940397442059868E-16, 5.000000000000000000, -3.000000000000000000 ) ) ;
#3598 = CARTESIAN_POINT ( 'NONE',  ( 3.252606517456513302E-16, 27.00000000000001066, 2.168404344971008868E-16 ) ) ;
#3599 = CARTESIAN_POINT ( 'NONE',  ( 9.027238276409590867, 32.05692890443356191, -0.000000000000000000 ) ) ;
#3600 = ORIENTED_EDGE ( 'NONE', *, *, #5265, .F. ) ;
#3601 = CARTESIAN_POINT ( 'NONE',  ( 7.644632323817642572, 18.61361073351429241, 11.24089159003536764 ) ) ;
#3602 = EDGE_CURVE ( 'NONE', #3079, #3398, #4132, .T. ) ;
#3603 = CARTESIAN_POINT ( 'NONE',  ( 1.486180439643216111, 14.15059254850097226, 1.340953885677069968 ) ) ;
#3604 = CARTESIAN_POINT ( 'NONE',  ( -0.09122097607063757441, 44.81370289590260825, -3.003018274191458392 ) ) ;
#3605 = CARTESIAN_POINT ( 'NONE',  ( -9.436934691713835477, 26.00000000000002132, -1.000000000000000000 ) ) ;
#3606 = DIRECTION ( 'NONE',  ( -0.8660254037844432595, 0.000000000000000000, -0.4999999999999920064 ) ) ;
#3607 = CARTESIAN_POINT ( 'NONE',  ( 8.451353859074885122, 17.26130939164776379, 12.63817427666086601 ) ) ;
#3608 = FACE_OUTER_BOUND ( 'NONE', #8261, .T. ) ;
#3609 = CARTESIAN_POINT ( 'NONE',  ( 3.229057856547879357, 35.89567619298790646, 5.592892268120322363 ) ) ;
#3610 = ORIENTED_EDGE ( 'NONE', *, *, #1004, .F. ) ;
#3611 = CARTESIAN_POINT ( 'NONE',  ( 0.000000000000000000, 20.65685424949237614, 0.000000000000000000 ) ) ;
#3612 = CARTESIAN_POINT ( 'NONE',  ( -3.647840876003032307, 40.78962497853855496, -6.318245735163744214 ) ) ;
#3613 = CARTESIAN_POINT ( 'NONE',  ( -6.145363012555122850, 28.78166749643568068, -10.64408096869989429 ) ) ;
#3614 = CARTESIAN_POINT ( 'NONE',  ( 0.1715655009471560299, 45.15213708353157784, -3.005340970499213782 ) ) ;
#3615 = CARTESIAN_POINT ( 'NONE',  ( -1.275400700057549130, 45.56278024414176286, -2.209058812502265212 ) ) ;
#3616 = CARTESIAN_POINT ( 'NONE',  ( 16.85587034058764999, 15.99999999999998579, 1.000000000000000000 ) ) ;
#3617 = DIRECTION ( 'NONE',  ( -4.807406715958431797E-14, 1.000000000000000000, -2.775557561563762253E-14 ) ) ;
#3618 = B_SPLINE_CURVE_WITH_KNOTS ( 'NONE', 3,
 ( #1005, #3609, #4168, #5014, #4840, #6238, #917, #6152 ),
 .UNSPECIFIED., .F., .F.,
 ( 4, 2, 2, 4 ),
 ( 9.697399036122160616E-19, 0.005526491294701106963, 0.008289736942051659577, 0.01105298258940221913 ),
 .UNSPECIFIED. ) ;
#3619 = CARTESIAN_POINT ( 'NONE',  ( 2.476296810310066210, 44.51833621043105182, 1.834834695107237845 ) ) ;
#3620 = VECTOR ( 'NONE', #3675, 1000.000000000000000 ) ;
#3621 = ORIENTED_EDGE ( 'NONE', *, *, #3872, .T. ) ;
#3622 = ORIENTED_EDGE ( 'NONE', *, *, #6777, .T. ) ;
#3623 = DIRECTION ( 'NONE',  ( 0.000000000000000000, 0.6092968833369905024, -0.7929421844976024536 ) ) ;
#3624 = ORIENTED_EDGE ( 'NONE', *, *, #5253, .T. ) ;
#3625 = CARTESIAN_POINT ( 'NONE',  ( 0.1932073194403816363, 15.13150906907601545, -2.505426805922346123 ) ) ;
#3626 = CARTESIAN_POINT ( 'NONE',  ( -1.966184067254173273, 15.11606122244216266, -1.668725636327270001 ) ) ;
#3627 = CIRCLE ( 'NONE', #5965, 0.9999999999999997780 ) ;
#3628 = DIRECTION ( 'NONE',  ( 0.000000000000000000, 0.000000000000000000, 1.000000000000000000 ) ) ;
#3629 = CARTESIAN_POINT ( 'NONE',  ( -3.624177245338893627, 40.90589302211797929, 4.277259124561948234 ) ) ;
#3630 = AXIS2_PLACEMENT_3D ( 'NONE', #7573, #5573, #415 ) ;
#3631 = CIRCLE ( 'NONE', #3096, 0.9999999999999991118 ) ;
#3632 = ADVANCED_FACE ( 'NONE', ( #8371 ), #6403, .T. ) ;
#3633 = ORIENTED_EDGE ( 'NONE', *, *, #958, .F. ) ;
#3634 = CARTESIAN_POINT ( 'NONE',  ( 0.000000000000000000, 6.000000000000000000, 0.000000000000000000 ) ) ;
#3635 = CARTESIAN_POINT ( 'NONE',  ( -16.85587034058763933, 15.99999999999999289, 0.000000000000000000 ) ) ;
#3636 = AXIS2_PLACEMENT_3D ( 'NONE', #8167, #324, #2287 ) ;
#3637 = CARTESIAN_POINT ( 'NONE',  ( 0.7166481100974673168, 43.62070476464901247, 3.290084211459314734 ) ) ;
#3638 = DIRECTION ( 'NONE',  ( -0.5000000000000039968, -4.336808689942052249E-17, -0.8660254037844363761 ) ) ;
#3639 = CARTESIAN_POINT ( 'NONE',  ( -3.464101615137717527, 43.02671304668496077, 1.000000000000000000 ) ) ;
#3640 = VERTEX_POINT ( 'NONE', #1043 ) ;
#3641 = DIRECTION ( 'NONE',  ( 1.000000000000000000, -0.000000000000000000, 0.000000000000000000 ) ) ;
#3642 = CARTESIAN_POINT ( 'NONE',  ( -2.677084810010606830, 45.35253749461865169, 0.9999999999941335815 ) ) ;
#3643 = CARTESIAN_POINT ( 'NONE',  ( 16.85587034058762868, 16.00000000000000355, 0.000000000000000000 ) ) ;
#3644 = CARTESIAN_POINT ( 'NONE',  ( -3.464101615137717527, 43.02671304668496077, 1.000000000000000000 ) ) ;
#3645 = EDGE_CURVE ( 'NONE', #6065, #4722, #7845, .T. ) ;
#3646 = PLANE ( 'NONE',  #8431 ) ;
#3647 = CARTESIAN_POINT ( 'NONE',  ( -2.594853823435890661, 44.83598834037941572, -1.503308843754538104 ) ) ;
#3648 = CARTESIAN_POINT ( 'NONE',  ( 3.234447645854507947, 35.87328699888839623, 5.602227657049120069 ) ) ;
#3649 = ADVANCED_FACE ( 'NONE', ( #1164 ), #7725, .T. ) ;
#3650 = ADVANCED_FACE ( 'NONE', ( #6455 ), #5336, .T. ) ;
#3651 = VERTEX_POINT ( 'NONE', #8414 ) ;
#3652 = CYLINDRICAL_SURFACE ( 'NONE', #1906, 15.00000000000000000 ) ;
#3653 = CARTESIAN_POINT ( 'NONE',  ( -3.266498372530337146, 31.40750956777733194, 7.657741144063749950 ) ) ;
#3654 = CIRCLE ( 'NONE', #6956, 0.9999999999999982236 ) ;
#3655 = CARTESIAN_POINT ( 'NONE',  ( 0.7466883090379126120, 44.78765446597702038, -3.237885823332244506 ) ) ;
#3656 = DIRECTION ( 'NONE',  ( 0.8660254037844362651, 0.000000000000000000, -0.5000000000000039968 ) ) ;
#3657 = CARTESIAN_POINT ( 'NONE',  ( 9.293960574078166559, 15.99999999999993072, -14.09761191784571110 ) ) ;
#3658 = B_SPLINE_CURVE_WITH_KNOTS ( 'NONE', 3,
 ( #695, #2144, #58, #3397, #7380, #1503, #2745, #301, #5461, #6176 ),
 .UNSPECIFIED., .F., .F.,
 ( 4, 2, 2, 2, 4 ),
 ( 0.000000000000000000, 0.0002419886902280077258, 0.0004839773804560154515, 0.0009679547609120498766, 0.001935909521824118618 ),
 .UNSPECIFIED. ) ;
#3659 = DIRECTION ( 'NONE',  ( 0.000000000000000000, 1.000000000000000000, 0.000000000000000000 ) ) ;
#3660 = EDGE_LOOP ( 'NONE', ( #770, #7124, #4184 ) ) ;
#3661 = ORIENTED_EDGE ( 'NONE', *, *, #6127, .T. ) ;
#3662 = CARTESIAN_POINT ( 'NONE',  ( -3.054011138117358470, 24.79582683754257388, 7.289702458100661531 ) ) ;
#3663 = EDGE_CURVE ( 'NONE', #4403, #3419, #5526, .T. ) ;
#3664 = ORIENTED_EDGE ( 'NONE', *, *, #2928, .F. ) ;
#3665 = CARTESIAN_POINT ( 'NONE',  ( -0.5196058199327602267, 44.16531243745456692, 3.142389411215607442 ) ) ;
#3666 = CARTESIAN_POINT ( 'NONE',  ( -8.727539662843613044, 16.80059265058803675, 15.11654212111801066 ) ) ;
#3667 =( BOUNDED_SURFACE ( )  B_SPLINE_SURFACE ( 3, 2, ( 
 ( #5122, #3862, #4423 ),
 ( #1116, #5080, #7088 ),
 ( #1756, #7813, #6447 ),
 ( #1943, #474, #6543 ) ),
 .UNSPECIFIED., .F., .F., .F. ) 
 B_SPLINE_SURFACE_WITH_KNOTS ( ( 4, 4 ),
 ( 3, 3 ),
 ( -1.626303258728256651E-19, 0.004426925196745799297 ),
 ( 0.000000000000000000, 1.000000000000000000 ),
 .UNSPECIFIED. ) 
 GEOMETRIC_REPRESENTATION_ITEM ( )  RATIONAL_B_SPLINE_SURFACE ( (
 ( 1.000000000000000000, 0.7071067811865741071, 1.000000000000000000),
 ( 1.000000000000000000, 0.7071067811865741071, 1.000000000000000000),
 ( 1.000000000000000000, 0.7071067811864910624, 1.000000000000000000),
 ( 1.000000000000000000, 0.7071067811864910624, 1.000000000000000000) ) ) 
 REPRESENTATION_ITEM ( '' )  SURFACE ( )  );
#3668 = CARTESIAN_POINT ( 'NONE',  ( -0.9682458365518353816, 13.99999999999999467, 1.750000000000010658 ) ) ;
#3669 = CARTESIAN_POINT ( 'NONE',  ( 0.000000000000000000, 6.000000000000000000, -2.000000000000000000 ) ) ;
#3670 = CARTESIAN_POINT ( 'NONE',  ( -5.279337608770685364, 28.78166749643568423, -11.14408096869989606 ) ) ;
#3671 = AXIS2_PLACEMENT_3D ( 'NONE', #5188, #633, #5145 ) ;
#3672 = AXIS2_PLACEMENT_3D ( 'NONE', #3215, #7500, #1876 ) ;
#3673 = ORIENTED_EDGE ( 'NONE', *, *, #4072, .F. ) ;
#3674 = ORIENTED_EDGE ( 'NONE', *, *, #876, .F. ) ;
#3675 = DIRECTION ( 'NONE',  ( 1.000000000000000000, 8.673617379884035472E-17, -0.000000000000000000 ) ) ;
#3676 = DIRECTION ( 'NONE',  ( 0.000000000000000000, 0.000000000000000000, -1.000000000000000000 ) ) ;
#3677 = CIRCLE ( 'NONE', #3553, 1.000000000000000000 ) ;
#3678 = VECTOR ( 'NONE', #522, 1000.000000000000000 ) ;
#3679 = CARTESIAN_POINT ( 'NONE',  ( 2.132949110645679713, 15.13682152184737362, -1.293979453318103268 ) ) ;
#3680 = EDGE_CURVE ( 'NONE', #838, #7817, #22, .T. ) ;
#3681 = CARTESIAN_POINT ( 'NONE',  ( -4.957916958499161808, 23.77887685644972748, 8.587364071828091028 ) ) ;
#3682 = AXIS2_PLACEMENT_3D ( 'NONE', #6548, #6505, #8328 ) ;
#3683 = ORIENTED_EDGE ( 'NONE', *, *, #3704, .T. ) ;
#3684 = EDGE_CURVE ( 'NONE', #2098, #42, #1675, .T. ) ;
#3685 = DIRECTION ( 'NONE',  ( -8.673617379884035472E-17, 1.000000000000000000, 0.000000000000000000 ) ) ;
#3686 = DIRECTION ( 'NONE',  ( -1.000000000000000000, 0.000000000000000000, 0.000000000000000000 ) ) ;
#3687 = AXIS2_PLACEMENT_3D ( 'NONE', #8142, #2259, #1068 ) ;
#3688 = CARTESIAN_POINT ( 'NONE',  ( -2.470003070042293025, 44.43371148116141001, 1.882494068014856081 ) ) ;
#3689 = CARTESIAN_POINT ( 'NONE',  ( 5.833515323363493543, 28.00000000000001066, -10.10394492679737510 ) ) ;
#3690 = DIRECTION ( 'NONE',  ( 0.000000000000000000, -0.6092968833409648788, -0.7929421844945486741 ) ) ;
#3691 = CARTESIAN_POINT ( 'NONE',  ( -0.5773502691863823255, 47.89898643127421707, 0.9999999999984600096 ) ) ;
#3692 = CARTESIAN_POINT ( 'NONE',  ( -2.695744417351638500, 44.75292953359046066, -1.359978737376454250 ) ) ;
#3693 = DIRECTION ( 'NONE',  ( 0.8660254037844372643, -0.000000000000000000, -0.5000000000000025535 ) ) ;
#3694 = AXIS2_PLACEMENT_3D ( 'NONE', #310, #2834, #1636 ) ;
#3695 = ADVANCED_FACE ( 'NONE', ( #1900 ), #4719, .T. ) ;
#3696 = ORIENTED_EDGE ( 'NONE', *, *, #3210, .F. ) ;
#3697 = CARTESIAN_POINT ( 'NONE',  ( 1.732050807568900508, 43.02671304669065222, 3.000000000000007994 ) ) ;
#3698 = EDGE_CURVE ( 'NONE', #2419, #5546, #1809, .T. ) ;
#3699 = DIRECTION ( 'NONE',  ( 0.8660254037844362651, 0.000000000000000000, -0.5000000000000039968 ) ) ;
#3700 = DIRECTION ( 'NONE',  ( 0.8660254037844363761, 0.000000000000000000, -0.5000000000000041078 ) ) ;
#3701 = CIRCLE ( 'NONE', #6871, 1.000000000000001110 ) ;
#3702 = TOROIDAL_SURFACE ( 'NONE', #1109, 2.000000000000000000, 1.000000000000000000 ) ;
#3703 = CARTESIAN_POINT ( 'NONE',  ( -4.166735529162113316, 33.75430252503795003, 5.216997638211293697 ) ) ;
#3704 = EDGE_CURVE ( 'NONE', #8135, #1316, #2664, .T. ) ;
#3705 = CARTESIAN_POINT ( 'NONE',  ( 4.145826489441954088, 33.72043394594050625, 5.180782119078320314 ) ) ;
#3706 = CARTESIAN_POINT ( 'NONE',  ( 13.55721384006465513, 18.61361073352171402, 1.000000000000000000 ) ) ;
#3707 = ORIENTED_EDGE ( 'NONE', *, *, #7310, .F. ) ;
#3708 = ORIENTED_EDGE ( 'NONE', *, *, #4669, .F. ) ;
#3709 = FACE_OUTER_BOUND ( 'NONE', #8222, .T. ) ;
#3710 = EDGE_CURVE ( 'NONE', #853, #6474, #6624, .T. ) ;
#3711 = ORIENTED_EDGE ( 'NONE', *, *, #7403, .T. ) ;
#3712 = EDGE_CURVE ( 'NONE', #1316, #5493, #1026, .T. ) ;
#3713 = CARTESIAN_POINT ( 'NONE',  ( -0.4164173897860537488, 14.15138986908799801, -1.957912237874120498 ) ) ;
#3714 = CARTESIAN_POINT ( 'NONE',  ( -5.803285496609130512, 23.75882442937412975, 8.051585330955212783 ) ) ;
#3715 = DIRECTION ( 'NONE',  ( -0.4999999999999920619, -3.469446951953616161E-15, 0.8660254037844432595 ) ) ;
#3716 = DIRECTION ( 'NONE',  ( 1.000000000000000000, 0.000000000000000000, 0.000000000000000000 ) ) ;
#3717 = CIRCLE ( 'NONE', #306, 0.9999999999999998890 ) ;
#3718 = EDGE_CURVE ( 'NONE', #6400, #1038, #7554, .T. ) ;
#3719 = CIRCLE ( 'NONE', #1119, 1.000000000000000222 ) ;
#3720 = ORIENTED_EDGE ( 'NONE', *, *, #1187, .T. ) ;
#3721 = EDGE_LOOP ( 'NONE', ( #6859, #1551, #4462, #4894 ) ) ;
#3722 = CARTESIAN_POINT ( 'NONE',  ( 8.763743487697455592, 18.04276379847121348, -13.17924898522210064 ) ) ;
#3723 = CARTESIAN_POINT ( 'NONE',  ( 8.427935170293679334, 15.99999999999999645, -14.59761191784562584 ) ) ;
#3724 = DIRECTION ( 'NONE',  ( 1.000000000000000000, 4.857225732735059864E-14, 0.000000000000000000 ) ) ;
#3725 = CARTESIAN_POINT ( 'NONE',  ( -5.833515323363748450, 28.00000000000001066, -10.10394492679749234 ) ) ;
#3726 = VERTEX_POINT ( 'NONE', #1949 ) ;
#3727 = CIRCLE ( 'NONE', #7444, 1.000000000000000000 ) ;
#3728 = CARTESIAN_POINT ( 'NONE',  ( 2.919645073325383144, 45.02045014970708081, 1.114089367870669145 ) ) ;
#3729 = CARTESIAN_POINT ( 'NONE',  ( 13.55147351658629162, 18.61869244831262904, -1.000000000000000000 ) ) ;
#3730 = CARTESIAN_POINT ( 'NONE',  ( 3.341045996127044670, 40.00000000000000711, -5.786861415716734847 ) ) ;
#3731 = CARTESIAN_POINT ( 'NONE',  ( 8.727539662843831536, 16.80059265058802254, 15.11654212111790407 ) ) ;
#3732 = DIRECTION ( 'NONE',  ( 1.000000000000000000, -4.857225732735059864E-14, 0.000000000000000000 ) ) ;
#3733 = LINE ( 'NONE', #8462, #456 ) ;
#3734 = CARTESIAN_POINT ( 'NONE',  ( 1.971204178224387871, 14.05000125424239066, -0.3767128595001653646 ) ) ;
#3735 = ADVANCED_FACE ( 'NONE', ( #4566 ), #2910, .F. ) ;
#3736 = ORIENTED_EDGE ( 'NONE', *, *, #7749, .T. ) ;
#3737 = ADVANCED_FACE ( 'NONE', ( #3902 ), #1990, .T. ) ;
#3738 = EDGE_CURVE ( 'NONE', #7198, #1144, #4265, .T. ) ;
#3739 = DIRECTION ( 'NONE',  ( -1.000000000000000000, -8.673617379884035472E-17, 0.000000000000000000 ) ) ;
#3740 = CARTESIAN_POINT ( 'NONE',  ( 4.718467345856957706, 28.00000000000001066, 8.172625176878833386 ) ) ;
#3741 = CARTESIAN_POINT ( 'NONE',  ( -2.639600428362623319, 45.15923110202232493, -1.430254366676376954 ) ) ;
#3742 = CARTESIAN_POINT ( 'NONE',  ( -0.1080164808646306568, 44.80147694161634320, -3.005313596150050337 ) ) ;
#3743 = CARTESIAN_POINT ( 'NONE',  ( 6.326409094579763526, 28.59544621236647188, 8.957661981277865948 ) ) ;
#3744 = CARTESIAN_POINT ( 'NONE',  ( 4.142345765974433824, 33.73159465460007311, -5.174753329185659112 ) ) ;
#3745 = B_SPLINE_CURVE_WITH_KNOTS ( 'NONE', 3,
 ( #4141, #172, #6926, #4765, #4716, #6036 ),
 .UNSPECIFIED., .F., .F.,
 ( 4, 2, 4 ),
 ( 0.001702221660648607724, 0.008026601202621311618, 0.01435098074459401421 ),
 .UNSPECIFIED. ) ;
#3746 = ORIENTED_EDGE ( 'NONE', *, *, #1637, .F. ) ;
#3747 = ORIENTED_EDGE ( 'NONE', *, *, #2273, .F. ) ;
#3748 = EDGE_LOOP ( 'NONE', ( #3696, #6477, #3057 ) ) ;
#3749 = CARTESIAN_POINT ( 'NONE',  ( 0.6535326921922116616, 43.80111997052948425, 3.239965207717226292 ) ) ;
#3750 = ORIENTED_EDGE ( 'NONE', *, *, #4717, .T. ) ;
#3751 = CARTESIAN_POINT ( 'NONE',  ( 7.401712841917415631, 34.26505462956866666, -0.9999999999993740563 ) ) ;
#3752 = CARTESIAN_POINT ( 'NONE',  ( 11.66703064672740098, 28.00000000000001066, 0.000000000000000000 ) ) ;
#3753 = CARTESIAN_POINT ( 'NONE',  ( -1.657377065225943191, 14.84579848709911154, -1.122681628741701187 ) ) ;
#3754 =( BOUNDED_SURFACE ( )  B_SPLINE_SURFACE ( 3, 2, ( 
 ( #6282, #6156, #4213 ),
 ( #4843, #6809, #6768 ),
 ( #7407, #965, #7448 ),
 ( #5484, #240, #2851 ) ),
 .UNSPECIFIED., .F., .F., .T. ) 
 B_SPLINE_SURFACE_WITH_KNOTS ( ( 4, 4 ),
 ( 3, 3 ),
 ( 0.000000000000000000, 0.004418308664781422750 ),
 ( 0.000000000000000000, 1.000000000000000000 ),
 .UNSPECIFIED. ) 
 GEOMETRIC_REPRESENTATION_ITEM ( )  RATIONAL_B_SPLINE_SURFACE ( (
 ( 1.000000000000000000, 0.7071067811851770024, 1.000000000000000000),
 ( 1.000000000000000000, 0.7071067811851770024, 1.000000000000000000),
 ( 1.000000000000000000, 0.7071067811884350629, 1.000000000000000000),
 ( 1.000000000000000000, 0.7071067811884350629, 1.000000000000000000) ) ) 
 REPRESENTATION_ITEM ( '' )  SURFACE ( )  );
#3755 = CARTESIAN_POINT ( 'NONE',  ( 5.584492749641395193, 26.00000000000001066, 7.672625176878829834 ) ) ;
#3756 = CARTESIAN_POINT ( 'NONE',  ( 1.732050807568831008, 15.99999999999999645, -2.999999999999983569 ) ) ;
#3757 = FACE_OUTER_BOUND ( 'NONE', #7614, .T. ) ;
#3758 = CARTESIAN_POINT ( 'NONE',  ( -4.967489919579311852, 28.00000000000001421, -10.60394492679749590 ) ) ;
#3759 = ORIENTED_EDGE ( 'NONE', *, *, #7631, .F. ) ;
#3760 = ADVANCED_FACE ( 'NONE', ( #1635 ), #2341, .T. ) ;
#3761 = ORIENTED_EDGE ( 'NONE', *, *, #154, .F. ) ;
#3762 = ORIENTED_EDGE ( 'NONE', *, *, #6340, .T. ) ;
#3763 = AXIS2_PLACEMENT_3D ( 'NONE', #8387, #458, #7740 ) ;
#3764 = CARTESIAN_POINT ( 'NONE',  ( -9.293960574078337089, 15.99999999999996980, -14.09761191784553880 ) ) ;
#3765 = CARTESIAN_POINT ( 'NONE',  ( -8.451090850090459128, 17.26170309335463671, 12.63771873173740623 ) ) ;
#3766 = CIRCLE ( 'NONE', #5832, 1.000000000000000222 ) ;
#3767 = CIRCLE ( 'NONE', #1172, 1.000000000000000000 ) ;
#3768 = CYLINDRICAL_SURFACE ( 'NONE', #7404, 1.000000000000000888 ) ;
#3769 = CARTESIAN_POINT ( 'NONE',  ( 8.710763923973962197E-15, 14.26794919243110904, -2.000000000000000000 ) ) ;
#3770 = VERTEX_POINT ( 'NONE', #6136 ) ;
#3771 = AXIS2_PLACEMENT_3D ( 'NONE', #2228, #7464, #1594 ) ;
#3772 = CARTESIAN_POINT ( 'NONE',  ( 4.021869391644840697, 43.90481300675993737, 0.9039705231742193314 ) ) ;
#3773 = CARTESIAN_POINT ( 'NONE',  ( -9.436934691713835477, 26.00000000000002132, 0.000000000000000000 ) ) ;
#3774 = EDGE_CURVE ( 'NONE', #42, #5793, #6479, .T. ) ;
#3775 = CARTESIAN_POINT ( 'NONE',  ( -6.179275773982416453, 41.65714476190519377, -0.9999999999990395461 ) ) ;
#3776 = CARTESIAN_POINT ( 'NONE',  ( -3.341045996124689221, 40.00000000000659384, -5.786861415711562096 ) ) ;
#3777 = DIRECTION ( 'NONE',  ( 1.000000000000000000, -4.857225732735059864E-14, 0.000000000000000000 ) ) ;
#3778 = LINE ( 'NONE', #6406, #4146 ) ;
#3779 = CARTESIAN_POINT ( 'NONE',  ( 2.965214833616438117, 14.99999999999999645, -0.1934721164917921066 ) ) ;
#3780 = CARTESIAN_POINT ( 'NONE',  ( 2.463476487121326386, 44.26377901032263651, 1.972010817464284749 ) ) ;
#3781 = DIRECTION ( 'NONE',  ( -0.8660254037844362651, -0.000000000000000000, 0.5000000000000039968 ) ) ;
#3782 = ORIENTED_EDGE ( 'NONE', *, *, #3394, .F. ) ;
#3783 = FACE_OUTER_BOUND ( 'NONE', #7790, .T. ) ;
#3784 = CARTESIAN_POINT ( 'NONE',  ( 15.17013089261225822, 17.26170309335464381, 1.000000000000000000 ) ) ;
#3785 = CARTESIAN_POINT ( 'NONE',  ( 1.181225260056741666, 14.00000002027963930, -1.623354212607465152 ) ) ;
#3786 = CARTESIAN_POINT ( 'NONE',  ( -2.042330777239024897, 45.17266480941646734, -2.190951264382345443 ) ) ;
#3787 = CARTESIAN_POINT ( 'NONE',  ( -0.1397807675102651637, 44.78008592867139015, -3.009339747102179885 ) ) ;
#3788 = CARTESIAN_POINT ( 'NONE',  ( 0.000000000000000000, 28.00000000000001066, 0.000000000000000000 ) ) ;
#3789 = CARTESIAN_POINT ( 'NONE',  ( 11.28704692793788134, 22.24380574783607045, -0.000000000000000000 ) ) ;
#3790 = EDGE_CURVE ( 'NONE', #767, #1798, #7276, .T. ) ;
#3791 = EDGE_CURVE ( 'NONE', #1052, #7915, #3863, .T. ) ;
#3792 = ORIENTED_EDGE ( 'NONE', *, *, #3794, .T. ) ;
#3793 = ORIENTED_EDGE ( 'NONE', *, *, #5349, .F. ) ;
#3794 = EDGE_CURVE ( 'NONE', #5779, #8055, #6332, .T. ) ;
#3795 = CARTESIAN_POINT ( 'NONE',  ( 1.960540091616007619, 43.98888956037618669, 3.429868957345104441 ) ) ;
#3796 = EDGE_LOOP ( 'NONE', ( #4969, #5204, #4677, #4505, #53, #1743, #1487, #1118, #7871, #631, #7914 ) ) ;
#3797 = DIRECTION ( 'NONE',  ( 0.4999999999999920619, -0.000000000000000000, -0.8660254037844432595 ) ) ;
#3798 = DIRECTION ( 'NONE',  ( -2.255140518769849223E-13, 0.000000000000000000, -1.000000000000000000 ) ) ;
#3799 = CARTESIAN_POINT ( 'NONE',  ( 2.962319966462558352, 44.21195125012766169, 1.131670430745835620 ) ) ;
#3800 = CARTESIAN_POINT ( 'NONE',  ( 6.682091992264687974, 40.00000000000000711, 0.000000000000000000 ) ) ;
#3801 = CARTESIAN_POINT ( 'NONE',  ( -2.792243283646766550, 45.09453418788951495, -1.244130088566378634 ) ) ;
#3802 = FACE_OUTER_BOUND ( 'NONE', #7763, .T. ) ;
#3803 = CARTESIAN_POINT ( 'NONE',  ( 2.106055581390539722, 43.69040101301347079, -3.647795270532500744 ) ) ;
#3804 = CYLINDRICAL_SURFACE ( 'NONE', #5306, 1.000000000000000000 ) ;
#3805 = AXIS2_PLACEMENT_3D ( 'NONE', #1387, #2066, #2026 ) ;
#3806 = ORIENTED_EDGE ( 'NONE', *, *, #3512, .T. ) ;
#3807 = VERTEX_POINT ( 'NONE', #7990 ) ;
#3808 = ORIENTED_EDGE ( 'NONE', *, *, #6616, .F. ) ;
#3809 = B_SPLINE_CURVE_WITH_KNOTS ( 'NONE', 2,
 ( #6976, #3615, #3076 ),
 .UNSPECIFIED., .F., .F.,
 ( 3, 3 ),
 ( 0.4990867429352872087, 0.4994522203817257089 ),
 .UNSPECIFIED. ) ;
#3810 = ADVANCED_FACE ( 'NONE', ( #5395 ), #1427, .T. ) ;
#3811 = CARTESIAN_POINT ( 'NONE',  ( -11.57482700721922519, 29.35288596414491735, -1.000000000008375967 ) ) ;
#3812 = EDGE_CURVE ( 'NONE', #1478, #2344, #4117, .T. ) ;
#3813 = CARTESIAN_POINT ( 'NONE',  ( -5.394276387429179032, 32.02000061764793060, 7.343160773094659532 ) ) ;
#3814 = DIRECTION ( 'NONE',  ( 8.673617379884035472E-17, -1.000000000000000000, -0.000000000000000000 ) ) ;
#3815 = DIRECTION ( 'NONE',  ( -0.5000000000000039968, 0.000000000000000000, -0.8660254037844363761 ) ) ;
#3816 = AXIS2_PLACEMENT_3D ( 'NONE', #5769, #7736, #8382 ) ;
#3817 = CIRCLE ( 'NONE', #4933, 1.000000000000000000 ) ;
#3818 = ORIENTED_EDGE ( 'NONE', *, *, #2225, .F. ) ;
#3819 = CIRCLE ( 'NONE', #2861, 0.9999999999999991118 ) ;
#3820 = CIRCLE ( 'NONE', #5485, 1.000000000110220055 ) ;
#3821 = CYLINDRICAL_SURFACE ( 'NONE', #118, 1.000000000000000222 ) ;
#3822 = DIRECTION ( 'NONE',  ( 1.000000000000000000, 0.000000000000000000, 1.804112415015877864E-13 ) ) ;
#3823 = VECTOR ( 'NONE', #2520, 1000.000000000000000 ) ;
#3824 = CARTESIAN_POINT ( 'NONE',  ( -3.464101615137717527, 14.99999999999999645, 2.000000000000000000 ) ) ;
#3825 = EDGE_CURVE ( 'NONE', #4333, #2818, #3998, .T. ) ;
#3826 = CARTESIAN_POINT ( 'NONE',  ( -0.7534893587962704364, 45.55998058460674116, 2.508536020173432135 ) ) ;
#3827 = AXIS2_PLACEMENT_3D ( 'NONE', #8417, #6361, #1813 ) ;
#3828 = DIRECTION ( 'NONE',  ( 1.000000000000000000, -1.734723475976808672E-14, 0.000000000000000000 ) ) ;
#3829 = CARTESIAN_POINT ( 'NONE',  ( 2.501934193169468745, 44.67648252148917720, -1.725533304550334712 ) ) ;
#3830 = DIRECTION ( 'NONE',  ( 0.5000000000000026645, 3.469446951953611822E-15, 0.8660254037844370423 ) ) ;
#3831 =( BOUNDED_SURFACE ( )  B_SPLINE_SURFACE ( 3, 2, ( 
 ( #5136, #1275, #7191 ),
 ( #7873, #1999, #1519 ),
 ( #1440, #111, #3488 ),
 ( #6096, #6141, #4787 ),
 ( #4746, #2711, #2839 ),
 ( #5402, #2884, #5472 ) ),
 .UNSPECIFIED., .F., .F., .F. ) 
 B_SPLINE_SURFACE_WITH_KNOTS ( ( 4, 2, 4 ),
 ( 3, 3 ),
 ( 0.02353340272940518049, 0.02986736026464133914, 0.03620131779987750126 ),
 ( 0.000000000000000000, 1.000000000000000000 ),
 .UNSPECIFIED. ) 
 GEOMETRIC_REPRESENTATION_ITEM ( )  RATIONAL_B_SPLINE_SURFACE ( (
 ( 1.000000000000000000, 0.7071067811865473507, 1.000000000000000000),
 ( 1.000000000000000000, 0.7071067811865473507, 1.000000000000000000),
 ( 1.000000000000000000, 0.7071067811865474617, 1.000000000000000000),
 ( 1.000000000000000000, 0.7071067811865474617, 1.000000000000000000),
 ( 1.000000000000000000, 0.7071067811865476838, 1.000000000000000000),
 ( 1.000000000000000000, 0.7071067811865476838, 1.000000000000000000) ) ) 
 REPRESENTATION_ITEM ( '' )  SURFACE ( )  );
#3832 = DIRECTION ( 'NONE',  ( 0.4999999999999919509, -2.168404344970971890E-16, -0.8660254037844434816 ) ) ;
#3833 = VERTEX_POINT ( 'NONE', #264 ) ;
#3834 = DIRECTION ( 'NONE',  ( -1.000000000000000000, 0.000000000000000000, -3.469446951953614189E-15 ) ) ;
#3835 = CARTESIAN_POINT ( 'NONE',  ( 5.584492749641395193, 28.00000000000001066, 7.672625176878829834 ) ) ;
#3836 = CARTESIAN_POINT ( 'NONE',  ( -2.677084810038624418, 45.35253749461158890, -0.9999999999845219367 ) ) ;
#3837 = FACE_OUTER_BOUND ( 'NONE', #4994, .T. ) ;
#3838 = CARTESIAN_POINT ( 'NONE',  ( 3.464101615137717527, 15.99999999999999645, -2.000000000000000000 ) ) ;
#3839 = CARTESIAN_POINT ( 'NONE',  ( 4.820791733482192143, 31.31292076370573696, -8.349856215097620549 ) ) ;
#3840 = CARTESIAN_POINT ( 'NONE',  ( -1.798042049273208987, 15.05335457374260599, -2.158425778078434387 ) ) ;
#3841 = ORIENTED_EDGE ( 'NONE', *, *, #1850, .F. ) ;
#3842 = ORIENTED_EDGE ( 'NONE', *, *, #8256, .T. ) ;
#3843 = CARTESIAN_POINT ( 'NONE',  ( 0.3406287817967352249, 44.53336673015488145, 3.058869122352027681 ) ) ;
#3844 = VERTEX_POINT ( 'NONE', #5467 ) ;
#3845 = CARTESIAN_POINT ( 'NONE',  ( 5.653820728298455833, 37.56619757069945109, 0.000000000000000000 ) ) ;
#3846 = DIRECTION ( 'NONE',  ( 1.000000000000000000, 0.000000000000000000, 0.000000000000000000 ) ) ;
#3847 = SPHERICAL_SURFACE ( 'NONE', #1449, 1.000000000110220055 ) ;
#3848 = CARTESIAN_POINT ( 'NONE',  ( -3.048819185949980692, 44.90687152688123973, -1.033948247499943074 ) ) ;
#3849 = CARTESIAN_POINT ( 'NONE',  ( -1.067651522530107755, 47.92703760323924200, -0.3937843027503840077 ) ) ;
#3850 = CARTESIAN_POINT ( 'NONE',  ( -6.719040042521756462, 17.26170309335464381, -13.63771873173729610 ) ) ;
#3851 = CIRCLE ( 'NONE', #165, 1.000000000000000444 ) ;
#3852 = CARTESIAN_POINT ( 'NONE',  ( -3.270869973732127178, 31.39650875750182735, -7.665312979455447540 ) ) ;
#3853 = CARTESIAN_POINT ( 'NONE',  ( -2.475020592341473424, 40.00000000000417799, -6.286861415712177603 ) ) ;
#3854 = ORIENTED_EDGE ( 'NONE', *, *, #4648, .T. ) ;
#3855 = B_SPLINE_CURVE_WITH_KNOTS ( 'NONE', 3,
 ( #4524, #1268, #4389, #7009 ),
 .UNSPECIFIED., .F., .F.,
 ( 4, 4 ),
 ( 3.773964580234975886E-15, 0.004242352920527756033 ),
 .UNSPECIFIED. ) ;
#3856 = ORIENTED_EDGE ( 'NONE', *, *, #167, .F. ) ;
#3857 = ORIENTED_EDGE ( 'NONE', *, *, #625, .T. ) ;
#3858 = CARTESIAN_POINT ( 'NONE',  ( 2.740863092043355209E-14, 14.99999999999999645, 4.000000000000017764 ) ) ;
#3859 = CIRCLE ( 'NONE', #712, 1.999999999999999778 ) ;
#3860 = DIRECTION ( 'NONE',  ( 0.4999999999999919509, 4.336808689941948094E-17, -0.8660254037844432595 ) ) ;
#3861 = CARTESIAN_POINT ( 'NONE',  ( -11.25667100374520935, 22.22322094078764110, -0.000000000000000000 ) ) ;
#3862 = CARTESIAN_POINT ( 'NONE',  ( 4.513866279796244996, 40.78962497853627411, -5.818245735179590206 ) ) ;
#3863 = CIRCLE ( 'NONE', #7166, 1.000000000000000000 ) ;
#3864 = DIRECTION ( 'NONE',  ( -0.8660254037843243546, 0.000000000000000000, 0.5000000000001978417 ) ) ;
#3865 = ORIENTED_EDGE ( 'NONE', *, *, #7971, .T. ) ;
#3866 = CARTESIAN_POINT ( 'NONE',  ( -4.566881824744858598, 34.26505462956197334, -5.910071352616788509 ) ) ;
#3867 = DIRECTION ( 'NONE',  ( -0.4999999999998480105, 0.000000000000000000, -0.8660254037845264152 ) ) ;
#3868 = CARTESIAN_POINT ( 'NONE',  ( -0.5689784377793105641, 47.92703760326411100, 0.9854995626360496530 ) ) ;
#3869 = CARTESIAN_POINT ( 'NONE',  ( 1.627326482495095039, 14.99999999999999467, 2.493171729716535001 ) ) ;
#3870 = CARTESIAN_POINT ( 'NONE',  ( 2.474899594994742547, 43.73666108141229358, -2.220117017470944365 ) ) ;
#3871 = DIRECTION ( 'NONE',  ( -0.3010432906143603038, 0.7984308039550558345, -0.5214222746217898052 ) ) ;
#3872 = EDGE_CURVE ( 'NONE', #4448, #7068, #424, .T. ) ;
#3873 = ORIENTED_EDGE ( 'NONE', *, *, #562, .T. ) ;
#3874 = CARTESIAN_POINT ( 'NONE',  ( 7.840073083803726028, 24.79582683754258454, 1.000000000000000000 ) ) ;
#3875 = CARTESIAN_POINT ( 'NONE',  ( -2.500000000000020872, 39.00000000000000711, -4.330127018922182991 ) ) ;
#3876 = CARTESIAN_POINT ( 'NONE',  ( -15.17042408213970717, 17.26148365312789679, 1.000000000000000000 ) ) ;
#3877 = CARTESIAN_POINT ( 'NONE',  ( 1.944421478933377134, 44.91966063616785476, 2.528219134426034742 ) ) ;
#3878 = CARTESIAN_POINT ( 'NONE',  ( 2.487274205521489367, 45.42476380425556215, -1.297332690930268928 ) ) ;
#3879 = B_SPLINE_CURVE_WITH_KNOTS ( 'NONE', 3,
 ( #5009, #959, #5599, #7597, #5681, #4388, #319, #5049, #3570, #2935, #2980, #2322, #3530, #5557, #3064, #6147, #1728, #3691 ),
 .UNSPECIFIED., .F., .F.,
 ( 4, 2, 2, 2, 2, 2, 2, 2, 4 ),
 ( 0.009765999533843633396, 0.01090986417300060865, 0.01205372881215758391, 0.01262566113173606980, 0.01319759345131455743, 0.01348355961110380211, 0.01376952577089304505, 0.01405549193068228800, 0.01434145809047153268 ),
 .UNSPECIFIED. ) ;
#3880 = DIRECTION ( 'NONE',  ( -0.000000000000000000, -1.000000000000000000, 0.000000000000000000 ) ) ;
#3881 = ORIENTED_EDGE ( 'NONE', *, *, #419, .F. ) ;
#3882 = ORIENTED_EDGE ( 'NONE', *, *, #6392, .T. ) ;
#3883 = DIRECTION ( 'NONE',  ( -0.4999999999999918399, 0.000000000000000000, 0.8660254037844433705 ) ) ;
#3884 = ORIENTED_EDGE ( 'NONE', *, *, #6777, .F. ) ;
#3885 = DIRECTION ( 'NONE',  ( -0.4002963252940526240, 0.5992089850997915912, -0.6933335734924105376 ) ) ;
#3886 = CARTESIAN_POINT ( 'NONE',  ( -8.673617379884042868E-17, 14.99999999999999645, 0.000000000000000000 ) ) ;
#3887 = CARTESIAN_POINT ( 'NONE',  ( -6.554828748425329366, 38.00000000000000711, -1.000000000000000000 ) ) ;
#3888 = CARTESIAN_POINT ( 'NONE',  ( -4.752812708171587630, 37.13239514139890218, 0.000000000000000000 ) ) ;
#3889 = CARTESIAN_POINT ( 'NONE',  ( -3.087972152573646323, 41.92243855459684454, -3.348524660597073321 ) ) ;
#3890 = DIRECTION ( 'NONE',  ( -0.4999999999999920619, 0.000000000000000000, 0.8660254037844432595 ) ) ;
#3891 = CARTESIAN_POINT ( 'NONE',  ( -3.234032061431507454, 35.87501333731975706, -5.601507843702114187 ) ) ;
#3892 = ORIENTED_EDGE ( 'NONE', *, *, #1204, .F. ) ;
#3893 = VERTEX_POINT ( 'NONE', #3597 ) ;
#3894 = EDGE_LOOP ( 'NONE', ( #5456, #4948, #1610, #4769 ) ) ;
#3895 = CARTESIAN_POINT ( 'NONE',  ( 8.427935170293679334, 16.00000000000000000, -15.59761191784562406 ) ) ;
#3896 = CARTESIAN_POINT ( 'NONE',  ( -7.401712841919120045, 34.26505462956863113, -1.000000000000000666 ) ) ;
#3897 = DIRECTION ( 'NONE',  ( -8.673617379884035472E-17, 1.000000000000000000, 0.000000000000000000 ) ) ;
#3898 = CARTESIAN_POINT ( 'NONE',  ( -1.996465405032328722, 13.99999999999998401, 0.2120183320959435902 ) ) ;
#3899 = ORIENTED_EDGE ( 'NONE', *, *, #1409, .T. ) ;
#3900 = ADVANCED_FACE ( 'NONE', ( #433 ), #6351, .F. ) ;
#3901 = DIRECTION ( 'NONE',  ( 1.000000000000000000, 1.734723475976807094E-15, 0.000000000000000000 ) ) ;
#3902 = FACE_OUTER_BOUND ( 'NONE', #662, .T. ) ;
#3903 = CARTESIAN_POINT ( 'NONE',  ( -11.66703064672740098, 28.00000000000001066, 0.000000000000000000 ) ) ;
#3904 = AXIS2_PLACEMENT_3D ( 'NONE', #5010, #3272, #8203 ) ;
#3905 = CARTESIAN_POINT ( 'NONE',  ( 3.242431757870192222, 37.13239514139893060, -3.616056544706130360 ) ) ;
#3906 = CARTESIAN_POINT ( 'NONE',  ( -0.4620667593786700889, 15.11606122244216444, 2.537128168921968019 ) ) ;
#3907 = CARTESIAN_POINT ( 'NONE',  ( 1.742123565484591907, 44.33447306264648091, 3.217630439349062232 ) ) ;
#3908 = AXIS2_PLACEMENT_3D ( 'NONE', #7934, #4102, #2778 ) ;
#3909 = CARTESIAN_POINT ( 'NONE',  ( 16.85587034058763223, 16.00000000000000000, 0.000000000000000000 ) ) ;
#3910 = VERTEX_POINT ( 'NONE', #1073 ) ;
#3911 = AXIS2_PLACEMENT_3D ( 'NONE', #8460, #3276, #7991 ) ;
#3912 = ORIENTED_EDGE ( 'NONE', *, *, #2087, .F. ) ;
#3913 = DIRECTION ( 'NONE',  ( 0.4002963252940432981, 0.5992089850997908140, -0.6933335734924165328 ) ) ;
#3914 = ADVANCED_FACE ( 'NONE', ( #6913 ), #5261, .T. ) ;
#3915 = CARTESIAN_POINT ( 'NONE',  ( 1.906571951627179962, 44.78126727783950400, 2.695287271900631776 ) ) ;
#3916 = CARTESIAN_POINT ( 'NONE',  ( -2.504506995587712836, 44.46662481705939740, -2.595439369844921629 ) ) ;
#3917 = CARTESIAN_POINT ( 'NONE',  ( 2.493682538483872779, 44.64676429168048344, 1.751512483976094714 ) ) ;
#3918 = EDGE_CURVE ( 'NONE', #1560, #898, #1544, .T. ) ;
#3919 = CARTESIAN_POINT ( 'NONE',  ( 2.021166488530215855, 43.88174952216046165, -3.500763050246810781 ) ) ;
#3920 = CARTESIAN_POINT ( 'NONE',  ( 15.80511376372204246, 18.03552053695905855, -0.000000000000000000 ) ) ;
#3921 = EDGE_CURVE ( 'NONE', #599, #1560, #8244, .T. ) ;
#3922 = CARTESIAN_POINT ( 'NONE',  ( -1.636760418766074920, 15.00000000000000355, -2.484099846146153645 ) ) ;
#3923 = ORIENTED_EDGE ( 'NONE', *, *, #1075, .F. ) ;
#3924 = ORIENTED_EDGE ( 'NONE', *, *, #4939, .F. ) ;
#3925 = CYLINDRICAL_SURFACE ( 'NONE', #536, 1.000000000000000000 ) ;
#3926 = ORIENTED_EDGE ( 'NONE', *, *, #7918, .T. ) ;
#3927 = CARTESIAN_POINT ( 'NONE',  ( -1.795711240406918208, 45.55998058460212974, 1.906808936294342782 ) ) ;
#3928 = CARTESIAN_POINT ( 'NONE',  ( -10.54985122394188579, 21.56758116320079210, 1.000000000000000000 ) ) ;
#3929 = FACE_OUTER_BOUND ( 'NONE', #2759, .T. ) ;
#3930 = CARTESIAN_POINT ( 'NONE',  ( -3.695951512250505999, 44.29023015311201306, -0.06463563535317576325 ) ) ;
#3931 = CARTESIAN_POINT ( 'NONE',  ( 4.718467345856957706, 28.00000000000001066, 8.172625176878833386 ) ) ;
#3932 = DIRECTION ( 'NONE',  ( 0.7816674964356709054, -0.6236953783827411391, 1.763662765048048905E-13 ) ) ;
#3933 = CARTESIAN_POINT ( 'NONE',  ( 0.6160642887981881977, 43.91341060561007481, -3.208030646422495025 ) ) ;
#3934 = ORIENTED_EDGE ( 'NONE', *, *, #6763, .T. ) ;
#3935 = ORIENTED_EDGE ( 'NONE', *, *, #4485, .T. ) ;
#3936 = ORIENTED_EDGE ( 'NONE', *, *, #6117, .F. ) ;
#3937 = FACE_OUTER_BOUND ( 'NONE', #4561, .T. ) ;
#3938 = DIRECTION ( 'NONE',  ( 0.3010432906143543086, 0.7984308039550556124, -0.5214222746217933580 ) ) ;
#3939 = AXIS2_PLACEMENT_3D ( 'NONE', #2955, #2372, #3628 ) ;
#3940 = CARTESIAN_POINT ( 'NONE',  ( -2.359739956871281130, 45.77237003093008383, 4.719479913742135935 ) ) ;
#3941 = DIRECTION ( 'NONE',  ( 0.4999999999999919509, -0.000000000000000000, -0.8660254037844434816 ) ) ;
#3942 = VERTEX_POINT ( 'NONE', #7719 ) ;
#3943 = CARTESIAN_POINT ( 'NONE',  ( -3.242431757870246400, 37.13239514139890218, -3.616056544706093945 ) ) ;
#3944 = CARTESIAN_POINT ( 'NONE',  ( -14.21055667564926317, 19.37215831989533399, -1.000000000000000000 ) ) ;
#3945 = EDGE_CURVE ( 'NONE', #7544, #3448, #577, .T. ) ;
#3946 = CARTESIAN_POINT ( 'NONE',  ( -4.957916958499282600, 23.77887685644972038, -8.587364071828021750 ) ) ;
#3947 = DIRECTION ( 'NONE',  ( -0.000000000000000000, -1.000000000000000000, -0.000000000000000000 ) ) ;
#3948 = CARTESIAN_POINT ( 'NONE',  ( 4.166735529162211016, 33.75430252503797846, 5.216997638211281263 ) ) ;
#3949 = AXIS2_PLACEMENT_3D ( 'NONE', #5811, #5686, #2535 ) ;
#3950 = CARTESIAN_POINT ( 'NONE',  ( 2.695744417340129040, 44.75292953359978299, -1.359978737390203918 ) ) ;
#3951 = EDGE_CURVE ( 'NONE', #4722, #7426, #3190, .T. ) ;
#3952 = VERTEX_POINT ( 'NONE', #3054 ) ;
#3953 = AXIS2_PLACEMENT_3D ( 'NONE', #2869, #4901, #2959 ) ;
#3954 = AXIS2_PLACEMENT_3D ( 'NONE', #8477, #7707, #2598 ) ;
#3955 = VERTEX_POINT ( 'NONE', #5585 ) ;
#3956 = DIRECTION ( 'NONE',  ( 4.807406715959411878E-14, 1.000000000000000000, -2.775557561562036226E-14 ) ) ;
#3957 = DIRECTION ( 'NONE',  ( 0.8660254037844362651, 0.000000000000000000, -0.5000000000000039968 ) ) ;
#3958 = CARTESIAN_POINT ( 'NONE',  ( 2.042330776581659624, 45.17266481008935841, 2.190951264331971515 ) ) ;
#3959 = CIRCLE ( 'NONE', #139, 0.9999999999999997780 ) ;
#3960 = CARTESIAN_POINT ( 'NONE',  ( 2.853340122656140121, 43.83320318975702179, -3.070044723671282227 ) ) ;
#3961 = CARTESIAN_POINT ( 'NONE',  ( 0.000000000000000000, 6.000000000000000000, 0.000000000000000000 ) ) ;
#3962 = EDGE_CURVE ( 'NONE', #1981, #2376, #8275, .T. ) ;
#3963 = CIRCLE ( 'NONE', #3827, 0.9999999999999998890 ) ;
#3964 = EDGE_CURVE ( 'NONE', #371, #4541, #1132, .T. ) ;
#3965 = VERTEX_POINT ( 'NONE', #5633 ) ;
#3966 = VERTEX_POINT ( 'NONE', #4328 ) ;
#3967 = CARTESIAN_POINT ( 'NONE',  ( 0.4055780949553024484, 45.05801950824594115, 3.062552527231717114 ) ) ;
#3968 = CARTESIAN_POINT ( 'NONE',  ( 16.85587034058762868, 16.00000000000000000, 0.000000000000000000 ) ) ;
#3969 = DIRECTION ( 'NONE',  ( -0.000000000000000000, -1.000000000000000000, -0.000000000000000000 ) ) ;
#3970 = AXIS2_PLACEMENT_3D ( 'NONE', #3591, #6865, #2222 ) ;
#3971 = DIRECTION ( 'NONE',  ( -0.4999999999999905631, 0.000000000000000000, 0.8660254037844440367 ) ) ;
#3972 = CARTESIAN_POINT ( 'NONE',  ( -7.840073083803718923, 24.79582683754258809, 1.000000000000000000 ) ) ;
#3973 = CARTESIAN_POINT ( 'NONE',  ( 0.2589459177213842556, 45.41147157458658512, -2.805229597099677008 ) ) ;
#3974 = CARTESIAN_POINT ( 'NONE',  ( -7.561909766509481656, 15.99999999999994138, -15.09761191784557788 ) ) ;
#3975 = DIRECTION ( 'NONE',  ( -0.5000000000000041078, 0.000000000000000000, -0.8660254037844362651 ) ) ;
#3976 = ADVANCED_FACE ( 'NONE', ( #6393 ), #6398, .T. ) ;
#3977 = ORIENTED_EDGE ( 'NONE', *, *, #6654, .T. ) ;
#3978 = AXIS2_PLACEMENT_3D ( 'NONE', #7961, #7316, #8041 ) ;
#3979 = VERTEX_POINT ( 'NONE', #4951 ) ;
#3980 = ORIENTED_EDGE ( 'NONE', *, *, #3, .T. ) ;
#3981 = ADVANCED_FACE ( 'NONE', ( #4283 ), #1715, .T. ) ;
#3982 = ORIENTED_EDGE ( 'NONE', *, *, #6818, .T. ) ;
#3983 = EDGE_CURVE ( 'NONE', #4690, #2262, #2247, .T. ) ;
#3984 = AXIS2_PLACEMENT_3D ( 'NONE', #5683, #4525, #5647 ) ;
#3985 = CARTESIAN_POINT ( 'NONE',  ( -6.468895291712545514, 35.87328699889466321, 0.000000000000000000 ) ) ;
#3986 = AXIS2_PLACEMENT_3D ( 'NONE', #3458, #197, #7271 ) ;
#3987 = CARTESIAN_POINT ( 'NONE',  ( 0.3312885513471388044, 45.39722375501464313, 2.808153055717991897 ) ) ;
#3988 = ORIENTED_EDGE ( 'NONE', *, *, #2786, .T. ) ;
#3989 = AXIS2_PLACEMENT_3D ( 'NONE', #547, #6380, #504 ) ;
#3990 = LINE ( 'NONE', #5968, #3823 ) ;
#3991 = CARTESIAN_POINT ( 'NONE',  ( -10.51419677082029480, 21.55129679679218668, -1.000000000000000000 ) ) ;
#3992 = CARTESIAN_POINT ( 'NONE',  ( -6.554828748425329366, 40.00000000000000711, 0.000000000000000000 ) ) ;
#3993 = LINE ( 'NONE', #7952, #2870 ) ;
#3994 = CARTESIAN_POINT ( 'NONE',  ( 0.9256762510102510833, 14.97024872007122021, 1.773553069745524624 ) ) ;
#3995 = CARTESIAN_POINT ( 'NONE',  ( -0.2050779025728578786, 47.09049132371541901, 1.644794653230543080 ) ) ;
#3996 = AXIS2_PLACEMENT_3D ( 'NONE', #4338, #4205, #443 ) ;
#3997 = VERTEX_POINT ( 'NONE', #603 ) ;
#3998 = CIRCLE ( 'NONE', #44, 2.000000000000000000 ) ;
#3999 = ORIENTED_EDGE ( 'NONE', *, *, #3378, .F. ) ;
#4000 = CARTESIAN_POINT ( 'NONE',  ( 2.598076211353337328, 43.02671304669065222, 2.500000000000003997 ) ) ;
#4001 = CARTESIAN_POINT ( 'NONE',  ( -6.458115713095713417, 35.89567619298791357, -0.000000000000000000 ) ) ;
#4002 = CARTESIAN_POINT ( 'NONE',  ( 3.464101615137773926, 15.99999999999999645, 2.000000000000000000 ) ) ;
#4003 = CARTESIAN_POINT ( 'NONE',  ( -1.301042606982604926E-15, 14.99999999999999645, -1.000000000000000000 ) ) ;
#4004 = FACE_OUTER_BOUND ( 'NONE', #6191, .T. ) ;
#4005 = EDGE_CURVE ( 'NONE', #2224, #850, #3719, .T. ) ;
#4006 = ORIENTED_EDGE ( 'NONE', *, *, #2191, .T. ) ;
#4007 = ORIENTED_EDGE ( 'NONE', *, *, #4847, .F. ) ;
#4008 = CARTESIAN_POINT ( 'NONE',  ( 0.3186733794850447055, 45.09453418790371870, 3.040218661446127957 ) ) ;
#4009 = CARTESIAN_POINT ( 'NONE',  ( 2.830458316428127841, 15.03762244559343486, 0.3973788008252997495 ) ) ;
#4010 = CARTESIAN_POINT ( 'NONE',  ( -0.09070152199421958883, 44.81958905984864572, 3.001918883152365769 ) ) ;
#4011 = CARTESIAN_POINT ( 'NONE',  ( -3.242431757870247733, 37.13239514139891639, -3.616056544706093057 ) ) ;
#4012 = CARTESIAN_POINT ( 'NONE',  ( 0.000000000000000000, 40.00000000000000711, 0.000000000000000000 ) ) ;
#4013 = CARTESIAN_POINT ( 'NONE',  ( 1.031421538346851241, 13.99999999999999467, 1.713525491562414516 ) ) ;
#4014 = DIRECTION ( 'NONE',  ( -1.000000000000000000, -8.673617379884035472E-17, 0.000000000000000000 ) ) ;
#4015 = DIRECTION ( 'NONE',  ( 1.224646799147353207E-16, 1.000000000000000000, -0.000000000000000000 ) ) ;
#4016 = ORIENTED_EDGE ( 'NONE', *, *, #5078, .F. ) ;
#4017 = ORIENTED_EDGE ( 'NONE', *, *, #3378, .T. ) ;
#4018 = ORIENTED_EDGE ( 'NONE', *, *, #5217, .T. ) ;
#4019 = ORIENTED_EDGE ( 'NONE', *, *, #360, .F. ) ;
#4020 = CARTESIAN_POINT ( 'NONE',  ( -0.8660254037844364872, 40.00000000000000711, 0.5000000000000041078 ) ) ;
#4021 = CARTESIAN_POINT ( 'NONE',  ( -4.212111162790865393, 43.69040101299422929, 1.000000000004142020 ) ) ;
#4022 = CARTESIAN_POINT ( 'NONE',  ( 6.179275778689339305, 41.65714473134534757, 0.9999999999990383248 ) ) ;
#4023 = CARTESIAN_POINT ( 'NONE',  ( 3.423412235015645066, 44.54362983738634796, -0.8909196916735135918 ) ) ;
#4024 = EDGE_CURVE ( 'NONE', #4722, #2952, #5724, .T. ) ;
#4025 = DIRECTION ( 'NONE',  ( 0.8660254037844434816, 0.000000000000000000, 0.4999999999999916733 ) ) ;
#4026 = ADVANCED_FACE ( 'NONE', ( #7901 ), #5342, .T. ) ;
#4027 = ORIENTED_EDGE ( 'NONE', *, *, #2989, .F. ) ;
#4028 = CARTESIAN_POINT ( 'NONE',  ( -10.91021214562466568, 28.60386827335757687, -1.000000000000000000 ) ) ;
#4029 = CARTESIAN_POINT ( 'NONE',  ( -9.871964657680134536, 23.76221333134711600, -1.000000000000000000 ) ) ;
#4030 = DIRECTION ( 'NONE',  ( 1.000000000000000000, 0.000000000000000000, 0.000000000000000000 ) ) ;
#4031 = CARTESIAN_POINT ( 'NONE',  ( -1.719415732271653674, 36.26406429620578820, -4.978115407627701217 ) ) ;
#4032 =( BOUNDED_SURFACE ( )  B_SPLINE_SURFACE ( 3, 2, ( 
 ( #3666, #336, #4411 ),
 ( #7620, #5030, #1745 ),
 ( #4363, #7031, #6862 ),
 ( #1105, #2301, #505 ),
 ( #6986, #3714, #1624 ),
 ( #4276, #6906, #6381 ) ),
 .UNSPECIFIED., .F., .F., .T. ) 
 B_SPLINE_SURFACE_WITH_KNOTS ( ( 4, 2, 4 ),
 ( 3, 3 ),
 ( 0.02377191026660215034, 0.03009556532160174644, 0.03641922037660134254 ),
 ( 0.000000000000000000, 1.000000000000000000 ),
 .UNSPECIFIED. ) 
 GEOMETRIC_REPRESENTATION_ITEM ( )  RATIONAL_B_SPLINE_SURFACE ( (
 ( 1.000000000000000000, 0.7071067811865473507, 1.000000000000000000),
 ( 1.000000000000000000, 0.7071067811865473507, 1.000000000000000000),
 ( 1.000000000000000000, 0.7071067811865476838, 1.000000000000000000),
 ( 1.000000000000000000, 0.7071067811865476838, 1.000000000000000000),
 ( 1.000000000000000000, 0.7071067811865482389, 1.000000000000000000),
 ( 1.000000000000000000, 0.7071067811865482389, 1.000000000000000000) ) ) 
 REPRESENTATION_ITEM ( '' )  SURFACE ( )  );
#4033 = CARTESIAN_POINT ( 'NONE',  ( 0.6939969596545279007, 15.09427921856806876, 2.577491817614470548 ) ) ;
#4034 = AXIS2_PLACEMENT_3D ( 'NONE', #2764, #159, #5406 ) ;
#4035 = CARTESIAN_POINT ( 'NONE',  ( -0.1202969373740237907, 46.87337770778709967, 1.791639592476021559 ) ) ;
#4036 = ORIENTED_EDGE ( 'NONE', *, *, #3951, .F. ) ;
#4037 = ADVANCED_FACE ( 'NONE', ( #4639 ), #3242, .T. ) ;
#4038 = B_SPLINE_CURVE_WITH_KNOTS ( 'NONE', 3,
 ( #8284, #1646, #3604, #5047, #7638, #5596, #8200, #1123, #5519, #8121, #27, #1995, #1296, #3933, #4461, #5157, #6572, #1247 ),
 .UNSPECIFIED., .F., .F.,
 ( 4, 2, 2, 2, 2, 2, 2, 2, 4 ),
 ( 0.000000000000000000, 0.0001482540025213076600, 0.0002965080050426153200, 0.0004447620075639229799, 0.0005930160100852306399, 0.0008895240151278285042, 0.001186032020170426369, 0.001779048030255641396, 0.002372064040340856640 ),
 .UNSPECIFIED. ) ;
#4039 = CIRCLE ( 'NONE', #629, 1.000000000000000000 ) ;
#4040 = CARTESIAN_POINT ( 'NONE',  ( 8.638503887758778532, 25.39791341877129938, 0.000000000000000000 ) ) ;
#4041 = CARTESIAN_POINT ( 'NONE',  ( -2.908597279921792733, 45.18535624095159164, 0.6803113530190766367 ) ) ;
#4042 = LINE ( 'NONE', #5476, #4178 ) ;
#4043 = CARTESIAN_POINT ( 'NONE',  ( 1.510380950301374980, 37.13239514139890929, 4.616056544706102827 ) ) ;
#4044 = AXIS2_PLACEMENT_3D ( 'NONE', #7148, #5614, #3154 ) ;
#4045 = CARTESIAN_POINT ( 'NONE',  ( 2.597474918605056970, 45.39728065548189306, -1.117321425770629428 ) ) ;
#4046 = LINE ( 'NONE', #3496, #5099 ) ;
#4047 = CIRCLE ( 'NONE', #7345, 1.000000000000000000 ) ;
#4048 = CARTESIAN_POINT ( 'NONE',  ( -1.355921339180968799, 41.92243854259675828, 4.348524650525914304 ) ) ;
#4049 = ORIENTED_EDGE ( 'NONE', *, *, #2154, .T. ) ;
#4050 = ORIENTED_EDGE ( 'NONE', *, *, #2531, .T. ) ;
#4051 = B_SPLINE_CURVE_WITH_KNOTS ( 'NONE', 3,
 ( #8296, #3784, #7152, #7058, #1092, #533, #1277, #3874 ),
 .UNSPECIFIED., .F., .F.,
 ( 4, 2, 2, 4 ),
 ( 0.001703292784701141652, 0.008028433723008017789, 0.01119100419216145434, 0.01435357466131489262 ),
 .UNSPECIFIED. ) ;
#4052 = CARTESIAN_POINT ( 'NONE',  ( -6.554828748425329366, 38.00000000000000711, 0.000000000000000000 ) ) ;
#4053 = AXIS2_PLACEMENT_3D ( 'NONE', #5486, #2092, #8008 ) ;
#4054 = CARTESIAN_POINT ( 'NONE',  ( -0.1550702177837243734, 44.77402941484353249, 3.010347304574191085 ) ) ;
#4055 = CARTESIAN_POINT ( 'NONE',  ( 4.212111162788412244, 43.69040101300170420, -1.175757523163663176E-24 ) ) ;
#4056 = EDGE_CURVE ( 'NONE', #3955, #5617, #8188, .T. ) ;
#4057 = CARTESIAN_POINT ( 'NONE',  ( -3.464101615137773926, 43.02671304667806851, -1.000000000000000000 ) ) ;
#4058 = CARTESIAN_POINT ( 'NONE',  ( 2.732189474663471174E-14, 15.99999999999999645, 4.000000000000017764 ) ) ;
#4059 = CARTESIAN_POINT ( 'NONE',  ( -2.090960324565468209, 45.25013936447350460, 2.064590515498019752 ) ) ;
#4060 = ADVANCED_FACE ( 'NONE', ( #1254 ), #3186, .T. ) ;
#4061 = VERTEX_POINT ( 'NONE', #7132 ) ;
#4062 = ORIENTED_EDGE ( 'NONE', *, *, #2437, .T. ) ;
#4063 = ORIENTED_EDGE ( 'NONE', *, *, #4721, .F. ) ;
#4064 = ORIENTED_EDGE ( 'NONE', *, *, #4598, .F. ) ;
#4065 = DIRECTION ( 'NONE',  ( 0.4999999999999917288, -2.285097389632705913E-13, -0.8660254037844435926 ) ) ;
#4066 = CARTESIAN_POINT ( 'NONE',  ( -3.195282381558329998, 43.65046972247670709, 1.026950844220821724 ) ) ;
#4067 = CARTESIAN_POINT ( 'NONE',  ( 0.8099645089819399457, 14.01287876451098313, 1.830636674969192690 ) ) ;
#4068 = CARTESIAN_POINT ( 'NONE',  ( -4.234461660636875457, 43.66524535966603082, 8.468923321272987081 ) ) ;
#4069 = ORIENTED_EDGE ( 'NONE', *, *, #3102, .T. ) ;
#4070 = EDGE_CURVE ( 'NONE', #4185, #8432, #930, .T. ) ;
#4071 = CARTESIAN_POINT ( 'NONE',  ( 0.06360199782759207165, 44.82119564668325040, 3.001613483248318559 ) ) ;
#4072 = EDGE_CURVE ( 'NONE', #6241, #8466, #1750, .T. ) ;
#4073 = DIRECTION ( 'NONE',  ( 0.000000000000000000, 0.000000000000000000, -1.000000000000000000 ) ) ;
#4074 = CARTESIAN_POINT ( 'NONE',  ( -0.6791648696311793909, 45.28715179895814202, -2.833451274263155906 ) ) ;
#4075 = DIRECTION ( 'NONE',  ( 0.000000000000000000, 1.000000000000000000, 0.000000000000000000 ) ) ;
#4076 = CARTESIAN_POINT ( 'NONE',  ( -0.3375041535420515992, 14.18763385292720969, 1.973081988861341118 ) ) ;
#4077 = CARTESIAN_POINT ( 'NONE',  ( 11.66703064672739920, 28.00000000000001421, 0.000000000000000000 ) ) ;
#4078 = AXIS2_PLACEMENT_3D ( 'NONE', #253, #4815, #6741 ) ;
#4079 = ORIENTED_EDGE ( 'NONE', *, *, #2561, .F. ) ;
#4080 = ADVANCED_FACE ( 'NONE', ( #5300 ), #2564, .F. ) ;
#4081 = ADVANCED_FACE ( 'NONE', ( #2744 ), #5590, .T. ) ;
#4082 = CARTESIAN_POINT ( 'NONE',  ( 6.718026982054708718, 17.26321955727387092, 13.63596405953722090 ) ) ;
#4083 = FACE_OUTER_BOUND ( 'NONE', #7277, .T. ) ;
#4084 = DIRECTION ( 'NONE',  ( 1.000000000000000000, -0.000000000000000000, 1.224646799147353207E-16 ) ) ;
#4085 = CARTESIAN_POINT ( 'NONE',  ( -6.124717261096216170, 21.54799404452230149, -8.608321478212644706 ) ) ;
#4086 = LINE ( 'NONE', #6721, #6093 ) ;
#4087 = AXIS2_PLACEMENT_3D ( 'NONE', #3144, #5676, #4427 ) ;
#4088 = ORIENTED_EDGE ( 'NONE', *, *, #4024, .T. ) ;
#4089 = ORIENTED_EDGE ( 'NONE', *, *, #7913, .F. ) ;
#4090 = CARTESIAN_POINT ( 'NONE',  ( -0.9747005479196186872, 47.92703760326411810, 0.6457985371271576236 ) ) ;
#4091 = CIRCLE ( 'NONE', #1, 1.000000000000000888 ) ;
#4092 = CARTESIAN_POINT ( 'NONE',  ( 0.3897812927310064790, 45.37871602517057568, 2.812406736765670878 ) ) ;
#4093 = EDGE_CURVE ( 'NONE', #6390, #371, #2915, .T. ) ;
#4094 = AXIS2_PLACEMENT_3D ( 'NONE', #5593, #3641, #7004 ) ;
#4095 = CARTESIAN_POINT ( 'NONE',  ( 3.657663647988667055, 44.33440167100278018, 0.1000017852102348670 ) ) ;
#4096 = CARTESIAN_POINT ( 'NONE',  ( 0.6961975789796219782, 48.19448705228523977, 0.9571501536602531335 ) ) ;
#4097 = CARTESIAN_POINT ( 'NONE',  ( 4.237523604578572467, 29.25718579709490896, 9.339606181402402285 ) ) ;
#4098 = AXIS2_PLACEMENT_3D ( 'NONE', #4340, #6962, #6320 ) ;
#4099 =( BOUNDED_SURFACE ( )  B_SPLINE_SURFACE ( 3, 2, ( 
 ( #6770, #4176, #3341 ),
 ( #3422, #842, #122 ),
 ( #2051, #880, #6032 ),
 ( #202, #4670, #7323 ),
 ( #3464, #6645, #723 ),
 ( #3384, #1490, #8089 ),
 ( #1416, #168, #2211 ),
 ( #7283, #5375, #6111 ),
 ( #3503, #757, #2128 ),
 ( #4054, #6071, #2771 ),
 ( #4010, #1454, #5411 ),
 ( #5987, #7970, #4762 ),
 ( #5948, #802, #242 ),
 ( #7408, #2852, #7363 ),
 ( #2165, #4844, #4092 ),
 ( #7449, #1574, #2807 ) ),
 .UNSPECIFIED., .F., .F., .F. ) 
 B_SPLINE_SURFACE_WITH_KNOTS ( ( 4, 2, 2, 2, 2, 2, 2, 4 ),
 ( 3, 3 ),
 ( 0.008364777861895525760, 0.009154153237036773832, 0.009943528612178020171, 0.01033821629974864334, 0.01073290398731926824, 0.01112759167488989315, 0.01132493551867520473, 0.01152227936246051632 ),
 ( 0.000000000000000000, 1.000000000000000000 ),
 .UNSPECIFIED. ) 
 GEOMETRIC_REPRESENTATION_ITEM ( )  RATIONAL_B_SPLINE_SURFACE ( (
 ( 1.000000000000000000, 0.7071067811869492514, 1.000000000000000000),
 ( 1.000000000000000000, 0.7304586989623265136, 1.000000000000000000),
 ( 1.000000000000000000, 0.7543375004851763377, 1.000000000000000000),
 ( 1.000000000000000000, 0.8038475411233194645, 1.000000000000000000),
 ( 1.000000000000000000, 0.8296190822468384463, 1.000000000000000000),
 ( 1.000000000000000000, 0.8692240995515725377, 1.000000000000000000),
 ( 1.000000000000000000, 0.8823715916734088394, 1.000000000000000000),
 ( 1.000000000000000000, 0.9076440223808858176, 1.000000000000000000),
 ( 1.000000000000000000, 0.9200042096144135373, 1.000000000000000000),
 ( 1.000000000000000000, 0.9401107111348744327, 1.000000000000000000),
 ( 1.000000000000000000, 0.9476046346293657274, 1.000000000000000000),
 ( 1.000000000000000000, 0.9497460670737509769, 1.000000000000000000),
 ( 1.000000000000000000, 0.9489470826982150387, 1.000000000000000000),
 ( 1.000000000000000000, 0.9446486574664384461, 1.000000000000000000),
 ( 1.000000000000000000, 0.9411717756183969330, 1.000000000000000000),
 ( 1.000000000000000000, 0.9368214105107528500, 1.000000000000000000) ) ) 
 REPRESENTATION_ITEM ( '' )  SURFACE ( )  );
#4100 = ORIENTED_EDGE ( 'NONE', *, *, #6748, .T. ) ;
#4101 = ORIENTED_EDGE ( 'NONE', *, *, #6864, .F. ) ;
#4102 = DIRECTION ( 'NONE',  ( -0.9015202910844553053, 0.4037893544904384013, -0.1556127307234019541 ) ) ;
#4103 = ORIENTED_EDGE ( 'NONE', *, *, #2426, .T. ) ;
#4104 = AXIS2_PLACEMENT_3D ( 'NONE', #6996, #6394, #6496 ) ;
#4105 = CARTESIAN_POINT ( 'NONE',  ( 0.4182099104781816790, 14.15059254850085857, -1.957546958177087237 ) ) ;
#4106 = CARTESIAN_POINT ( 'NONE',  ( -1.240030177607494011, 43.69040101299800227, -4.147795270537468326 ) ) ;
#4107 = SPHERICAL_SURFACE ( 'NONE', #4078, 1.000000000000000000 ) ;
#4108 = CARTESIAN_POINT ( 'NONE',  ( 4.234461660636800850, 43.66524535966603082, 8.468923321273022609 ) ) ;
#4109 = AXIS2_PLACEMENT_3D ( 'NONE', #4826, #4198, #2231 ) ;
#4110 = B_SPLINE_CURVE_WITH_KNOTS ( 'NONE', 3,
 ( #327, #4929, #6813, #3035 ),
 .UNSPECIFIED., .F., .F.,
 ( 4, 4 ),
 ( 6.727834887028171067E-15, 0.004426925196724101376 ),
 .UNSPECIFIED. ) ;
#4111 = ORIENTED_EDGE ( 'NONE', *, *, #3983, .F. ) ;
#4112 = EDGE_CURVE ( 'NONE', #1584, #7040, #2035, .T. ) ;
#4113 = CIRCLE ( 'NONE', #1663, 0.9999999999999997780 ) ;
#4114 = DIRECTION ( 'NONE',  ( -0.7984308039550559455, 0.6020865812287159446, 0.000000000000000000 ) ) ;
#4115 = CIRCLE ( 'NONE', #426, 0.9999999999999991118 ) ;
#4116 = AXIS2_PLACEMENT_3D ( 'NONE', #3580, #6249, #7568 ) ;
#4117 = LINE ( 'NONE', #2268, #1273 ) ;
#4118 = CARTESIAN_POINT ( 'NONE',  ( 6.559602171309131258, 33.72043394594719246, 1.000000000000000000 ) ) ;
#4119 = DIRECTION ( 'NONE',  ( -1.000000000000000000, 0.000000000000000000, 0.000000000000000000 ) ) ;
#4120 = CARTESIAN_POINT ( 'NONE',  ( 0.9682458365518589183, 14.99999999999999467, 1.749999999999997335 ) ) ;
#4121 = AXIS2_PLACEMENT_3D ( 'NONE', #1805, #7630, #8410 ) ;
#4122 = ORIENTED_EDGE ( 'NONE', *, *, #4070, .T. ) ;
#4123 = ADVANCED_FACE ( 'NONE', ( #3549 ), #7984, .F. ) ;
#4124 = CARTESIAN_POINT ( 'NONE',  ( 5.909711354513285997, 18.61869244830448622, 12.23592032408358676 ) ) ;
#4125 = DIRECTION ( 'NONE',  ( -0.7683571977896876959, 0.000000000000000000, 0.6400212626192810506 ) ) ;
#4126 = CARTESIAN_POINT ( 'NONE',  ( -6.554828748425329366, 40.00000000000000711, -1.000000000000000000 ) ) ;
#4127 = AXIS2_PLACEMENT_3D ( 'NONE', #2822, #7458, #8059 ) ;
#4128 = CIRCLE ( 'NONE', #1540, 0.9999999999999998890 ) ;
#4129 = DIRECTION ( 'NONE',  ( -0.8660254037844432595, 0.000000000000000000, -0.4999999999999919509 ) ) ;
#4130 = CARTESIAN_POINT ( 'NONE',  ( -1.355665719177882700, 41.92301477454739000, -4.348081903695454997 ) ) ;
#4131 = DIRECTION ( 'NONE',  ( 0.000000000000000000, 0.000000000000000000, 1.000000000000000000 ) ) ;
#4132 = CIRCLE ( 'NONE', #2766, 2.000000000000000000 ) ;
#4133 = EDGE_CURVE ( 'NONE', #2818, #1732, #2689, .T. ) ;
#4134 = CARTESIAN_POINT ( 'NONE',  ( -2.292911226556615389, 15.13026897845205276, -1.045156695886614306 ) ) ;
#4135 = ORIENTED_EDGE ( 'NONE', *, *, #5492, .T. ) ;
#4136 = ORIENTED_EDGE ( 'NONE', *, *, #4024, .F. ) ;
#4137 = FACE_OUTER_BOUND ( 'NONE', #719, .T. ) ;
#4138 = CARTESIAN_POINT ( 'NONE',  ( -4.429843595190475547, 32.95083784824695528, 5.672714176453611756 ) ) ;
#4139 = CARTESIAN_POINT ( 'NONE',  ( -3.915459437024429334, 40.45320277121938801, -4.781774679901283243 ) ) ;
#4140 = FACE_OUTER_BOUND ( 'NONE', #4483, .T. ) ;
#4141 = CARTESIAN_POINT ( 'NONE',  ( -16.85587034058773170, 15.99999999999992362, -1.000000000000000000 ) ) ;
#4142 = CARTESIAN_POINT ( 'NONE',  ( -11.66703064672740098, 28.00000000000001066, 0.000000000000000000 ) ) ;
#4143 = VERTEX_POINT ( 'NONE', #6659 ) ;
#4144 = ORIENTED_EDGE ( 'NONE', *, *, #6451, .T. ) ;
#4145 = ORIENTED_EDGE ( 'NONE', *, *, #876, .T. ) ;
#4146 = VECTOR ( 'NONE', #5762, 1000.000000000000000 ) ;
#4147 = ORIENTED_EDGE ( 'NONE', *, *, #8274, .T. ) ;
#4148 = DIRECTION ( 'NONE',  ( -0.7984308039550557234, -0.6020865812287162777, 0.000000000000000000 ) ) ;
#4149 = CARTESIAN_POINT ( 'NONE',  ( 9.436934691713835477, 28.00000000000001066, 0.000000000000000000 ) ) ;
#4150 = CARTESIAN_POINT ( 'NONE',  ( 0.6511860536440122749, 14.05597938238796729, 1.892942118790786887 ) ) ;
#4151 = CARTESIAN_POINT ( 'NONE',  ( 2.277414374212683779, 38.00000000000000711, 3.944597406024005437 ) ) ;
#4152 = B_SPLINE_CURVE_WITH_KNOTS ( 'NONE', 3,
 ( #6630, #5399, #658, #3948, #5898, #826, #7309, #704, #7993, #2113 ),
 .UNSPECIFIED., .F., .F.,
 ( 4, 2, 2, 2, 4 ),
 ( 0.000000000000000000, 0.002889720142977478951, 0.005779440285954957901, 0.008669160428932436852, 0.01155888057190991580 ),
 .UNSPECIFIED. ) ;
#4153 = ORIENTED_EDGE ( 'NONE', *, *, #4330, .F. ) ;
#4154 = ORIENTED_EDGE ( 'NONE', *, *, #1920, .F. ) ;
#4155 = DIRECTION ( 'NONE',  ( 0.000000000000000000, 1.000000000000000000, 0.000000000000000000 ) ) ;
#4156 = B_SPLINE_CURVE_WITH_KNOTS ( 'NONE', 3,
 ( #677, #7926, #7968, #4668, #43, #3298, #3339, #1415, #4009, #2642, #5410, #3382 ),
 .UNSPECIFIED., .F., .F.,
 ( 4, 2, 2, 2, 2, 4 ),
 ( 0.0006507374745757306834, 0.001215342473038540094, 0.001779947471501349505, 0.002344552469964158916, 0.002626854969195563730, 0.002909157468426968110 ),
 .UNSPECIFIED. ) ;
#4157 = CARTESIAN_POINT ( 'NONE',  ( 1.945260736646974520, 35.41155823880489351, -5.369290429841525381 ) ) ;
#4158 = CARTESIAN_POINT ( 'NONE',  ( 0.4835888264333519371, 15.11504360730093488, 2.539114537613100797 ) ) ;
#4159 = DIRECTION ( 'NONE',  ( -0.5000000000000039968, -4.336808689942052249E-17, -0.8660254037844363761 ) ) ;
#4160 = ORIENTED_EDGE ( 'NONE', *, *, #4597, .F. ) ;
#4161 = EDGE_CURVE ( 'NONE', #1584, #3910, #2995, .T. ) ;
#4162 = CARTESIAN_POINT ( 'NONE',  ( 9.593565066628299220, 16.80059265058797990, 14.61654212111795381 ) ) ;
#4163 = CARTESIAN_POINT ( 'NONE',  ( 2.579171871927889992, 15.09427921856805455, 0.6877269115972437508 ) ) ;
#4164 = CARTESIAN_POINT ( 'NONE',  ( 2.299927135689994628, 45.41147157456690309, 1.626868541502450416 ) ) ;
#4165 = DIRECTION ( 'NONE',  ( -0.000000000000000000, -0.000000000000000000, -1.000000000000000000 ) ) ;
#4166 = DIRECTION ( 'NONE',  ( 8.673617379884035472E-17, -1.000000000000000000, -0.000000000000000000 ) ) ;
#4167 = CARTESIAN_POINT ( 'NONE',  ( 1.985578654837539592, 45.05246901343301857, -2.363496460449152181 ) ) ;
#4168 = CARTESIAN_POINT ( 'NONE',  ( 3.690212153650100024, 34.29947959746067454, 6.391634940830074108 ) ) ;
#4169 = AXIS2_PLACEMENT_3D ( 'NONE', #6205, #326, #2130 ) ;
#4170 = ORIENTED_EDGE ( 'NONE', *, *, #2100, .T. ) ;
#4171 = ORIENTED_EDGE ( 'NONE', *, *, #403, .F. ) ;
#4172 = ADVANCED_FACE ( 'NONE', ( #773 ), #8144, .T. ) ;
#4173 = CARTESIAN_POINT ( 'NONE',  ( 4.718467345856844020, 26.00000000000001066, -8.172625176878897335 ) ) ;
#4174 = DIRECTION ( 'NONE',  ( 0.5000000000000041078, -2.246377480278078811E-13, 0.8660254037844363761 ) ) ;
#4175 = TOROIDAL_SURFACE ( 'NONE', #7746, 3.000000000000000000, 1.000000000000000000 ) ;
#4176 = CARTESIAN_POINT ( 'NONE',  ( -1.240030177608024253, 43.69040101301205681, 4.147795270531900336 ) ) ;
#4177 = ADVANCED_FACE ( 'NONE', ( #6045 ), #4107, .T. ) ;
#4178 = VECTOR ( 'NONE', #6759, 1000.000000000000000 ) ;
#4179 = CARTESIAN_POINT ( 'NONE',  ( 0.000000000000000000, 40.00000000000000711, 0.000000000000000000 ) ) ;
#4180 = CARTESIAN_POINT ( 'NONE',  ( 1.642615895690967109, 14.24767090890300381, -1.143998723609125134 ) ) ;
#4181 = CARTESIAN_POINT ( 'NONE',  ( 0.000000000000000000, 13.99999999999999467, 0.000000000000000000 ) ) ;
#4182 = CARTESIAN_POINT ( 'NONE',  ( -2.792243283659131325, 45.09453418790828039, 1.244130088570194692 ) ) ;
#4183 = CIRCLE ( 'NONE', #491, 0.9999999999999978906 ) ;
#4184 = ORIENTED_EDGE ( 'NONE', *, *, #2044, .T. ) ;
#4185 = VERTEX_POINT ( 'NONE', #2782 ) ;
#4186 = DIRECTION ( 'NONE',  ( 1.000000000000000000, -0.000000000000000000, 1.224646799147353207E-16 ) ) ;
#4187 = CIRCLE ( 'NONE', #6387, 13.99999999999999822 ) ;
#4188 = ORIENTED_EDGE ( 'NONE', *, *, #2474, .T. ) ;
#4189 = CARTESIAN_POINT ( 'NONE',  ( 0.000000000000000000, 1.000000000000000000, 13.99999999999999822 ) ) ;
#4190 = CARTESIAN_POINT ( 'NONE',  ( -2.821889452196134851, 45.27115284776226645, 0.7866009488020350160 ) ) ;
#4191 = CARTESIAN_POINT ( 'NONE',  ( 5.833515323363606342, 28.00000000000001066, -10.10394492679757050 ) ) ;
#4192 = CARTESIAN_POINT ( 'NONE',  ( -5.514178977348729305, 40.90754405205343858, 0.9999999999999986677 ) ) ;
#4193 = ADVANCED_FACE ( 'NONE', ( #3477 ), #2418, .T. ) ;
#4194 = ORIENTED_EDGE ( 'NONE', *, *, #1561, .T. ) ;
#4195 = ORIENTED_EDGE ( 'NONE', *, *, #2914, .F. ) ;
#4196 = CARTESIAN_POINT ( 'NONE',  ( -6.145363012555121074, 28.78166749643568068, -10.64408096869989251 ) ) ;
#4197 = CARTESIAN_POINT ( 'NONE',  ( 4.590398241818816061, 28.60176568097863381, -9.950802981805235703 ) ) ;
#4198 = DIRECTION ( 'NONE',  ( 0.000000000000000000, -1.000000000000000000, 0.000000000000000000 ) ) ;
#4199 = CARTESIAN_POINT ( 'NONE',  ( 2.576940112891053847, 42.62898020293834378, -4.463391154253253390 ) ) ;
#4200 = CARTESIAN_POINT ( 'NONE',  ( -8.673617379884042868E-17, 14.99999999999999645, 0.000000000000000000 ) ) ;
#4201 = ORIENTED_EDGE ( 'NONE', *, *, #2038, .T. ) ;
#4202 = CARTESIAN_POINT ( 'NONE',  ( 7.108967192507928523, 19.36570602585580048, 12.31309236675909347 ) ) ;
#4203 = CARTESIAN_POINT ( 'NONE',  ( -1.073103887854495841, 14.97024872007119534, 1.688435683927988817 ) ) ;
#4204 = CARTESIAN_POINT ( 'NONE',  ( 2.669629046847175058, 15.07569494948029742, 0.5899853338938116920 ) ) ;
#4205 = DIRECTION ( 'NONE',  ( 1.224646799147353207E-16, 1.000000000000000000, -0.000000000000000000 ) ) ;
#4206 = DIRECTION ( 'NONE',  ( -0.5000000000002029488, -0.000000000000000000, -0.8660254037843214681 ) ) ;
#4207 = CARTESIAN_POINT ( 'NONE',  ( -4.207071399916887167, 40.00000000000000711, 5.286861415726097135 ) ) ;
#4208 = ADVANCED_FACE ( 'NONE', ( #2866 ), #7104, .T. ) ;
#4209 = CYLINDRICAL_SURFACE ( 'NONE', #6537, 1.000000000000000000 ) ;
#4210 = CARTESIAN_POINT ( 'NONE',  ( -2.470203891520848849, 43.91341060561072851, -2.137542647669149254 ) ) ;
#4211 = AXIS2_PLACEMENT_3D ( 'NONE', #6084, #8227, #377 ) ;
#4212 = VERTEX_POINT ( 'NONE', #2336 ) ;
#4213 = CARTESIAN_POINT ( 'NONE',  ( 2.598076211359729548, 43.02671304668490393, 2.499999999987815080 ) ) ;
#4214 = CARTESIAN_POINT ( 'NONE',  ( -3.341045996115086680, 39.00000000000000711, -5.786861415695837785 ) ) ;
#4215 = EDGE_CURVE ( 'NONE', #3246, #8086, #5199, .T. ) ;
#4216 = CARTESIAN_POINT ( 'NONE',  ( 0.9954629330737332360, 44.46662482005826433, -3.466686366227034188 ) ) ;
#4217 = CARTESIAN_POINT ( 'NONE',  ( 1.996465405032328277, 13.99999999999998046, -0.2120183320959437290 ) ) ;
#4218 = CARTESIAN_POINT ( 'NONE',  ( -0.8660254037844364872, 0.000000000000000000, 0.5000000000000041078 ) ) ;
#4219 = EDGE_CURVE ( 'NONE', #6241, #8135, #8310, .T. ) ;
#4220 = CARTESIAN_POINT ( 'NONE',  ( -2.301614059773829268, 45.41684043063729348, 1.622199362926494581 ) ) ;
#4221 = CIRCLE ( 'NONE', #4651, 0.9999999999999984457 ) ;
#4222 = EDGE_LOOP ( 'NONE', ( #2420, #3078 ) ) ;
#4223 = ORIENTED_EDGE ( 'NONE', *, *, #2474, .F. ) ;
#4224 = CARTESIAN_POINT ( 'NONE',  ( 0.000000000000000000, 5.000000000000000000, 0.000000000000000000 ) ) ;
#4225 = ORIENTED_EDGE ( 'NONE', *, *, #2543, .T. ) ;
#4226 = AXIS2_PLACEMENT_3D ( 'NONE', #8444, #5828, #4715 ) ;
#4227 = CARTESIAN_POINT ( 'NONE',  ( 5.833515323363633875, 28.00000000000001066, 10.10394492679729517 ) ) ;
#4228 = CARTESIAN_POINT ( 'NONE',  ( -1.311844995371579836, 14.05000125424215796, -1.518756464638301606 ) ) ;
#4229 = CIRCLE ( 'NONE', #5490, 1.000000000000000444 ) ;
#4230 = CARTESIAN_POINT ( 'NONE',  ( -0.3393539807191037205, 14.18676177380994119, 1.972716920695340104 ) ) ;
#4231 = EDGE_CURVE ( 'NONE', #90, #6153, #4503, .T. ) ;
#4232 = CARTESIAN_POINT ( 'NONE',  ( 16.85587034058762868, 16.00000000000000000, 0.000000000000000000 ) ) ;
#4233 = EDGE_CURVE ( 'NONE', #8449, #3726, #7502, .T. ) ;
#4234 = AXIS2_PLACEMENT_3D ( 'NONE', #8105, #4321, #6908 ) ;
#4235 = EDGE_CURVE ( 'NONE', #4143, #4464, #2847, .T. ) ;
#4236 = VERTEX_POINT ( 'NONE', #8267 ) ;
#4237 = ORIENTED_EDGE ( 'NONE', *, *, #6379, .F. ) ;
#4238 = CARTESIAN_POINT ( 'NONE',  ( 6.468895291713157469, 35.87328699889338424, 0.000000000000000000 ) ) ;
#4239 = DIRECTION ( 'NONE',  ( -1.000000000000000000, -2.255140518769846951E-13, 0.000000000000000000 ) ) ;
#4240 = DIRECTION ( 'NONE',  ( 0.000000000000000000, 1.000000000000000000, 0.000000000000000000 ) ) ;
#4241 = CARTESIAN_POINT ( 'NONE',  ( 4.212111162788412244, 43.69040101300170420, -1.175757523163663176E-24 ) ) ;
#4242 = CARTESIAN_POINT ( 'NONE',  ( -4.752812708171587630, 37.13239514139890218, -1.000000000000000000 ) ) ;
#4243 = AXIS2_PLACEMENT_3D ( 'NONE', #5586, #2015, #1292 ) ;
#4244 = LINE ( 'NONE', #3598, #1240 ) ;
#4245 = CARTESIAN_POINT ( 'NONE',  ( 7.495381585974347779E-17, 48.84708589523609845, -0.4020688509154606294 ) ) ;
#4246 = ORIENTED_EDGE ( 'NONE', *, *, #4269, .F. ) ;
#4247 = AXIS2_PLACEMENT_3D ( 'NONE', #355, #7008, #3020 ) ;
#4248 = ADVANCED_FACE ( 'NONE', ( #6382 ), #2456, .F. ) ;
#4249 = CARTESIAN_POINT ( 'NONE',  ( -1.321895002422911913, 47.09049132371467294, 1.000000000004708012 ) ) ;
#4250 = DIRECTION ( 'NONE',  ( -0.9998336874493474191, 0.000000000000000000, 0.01823725421878644865 ) ) ;
#4251 = DIRECTION ( 'NONE',  ( -0.9517756572231594880, -0.2545273128158548337, -0.1712861504855629213 ) ) ;
#4252 = EDGE_CURVE ( 'NONE', #1732, #980, #1276, .T. ) ;
#4253 = AXIS2_PLACEMENT_3D ( 'NONE', #4058, #2170, #4014 ) ;
#4254 = DIRECTION ( 'NONE',  ( -0.000000000000000000, 0.000000000000000000, 1.000000000000000000 ) ) ;
#4255 = DIRECTION ( 'NONE',  ( -0.2169012146502751204, -0.9010080201268695355, -0.3756839239976790257 ) ) ;
#4256 = CARTESIAN_POINT ( 'NONE',  ( 3.662225579860464819, 32.02000061764803007, -8.343160773096672145 ) ) ;
#4257 = CIRCLE ( 'NONE', #1399, 2.000000000000000000 ) ;
#4258 = DIRECTION ( 'NONE',  ( 0.000000000000000000, 1.000000000000000000, 0.000000000000000000 ) ) ;
#4259 = ORIENTED_EDGE ( 'NONE', *, *, #1957, .T. ) ;
#4260 = DIRECTION ( 'NONE',  ( 0.000000000000000000, -0.6092968833277320195, -0.7929421845047168738 ) ) ;
#4261 = CIRCLE ( 'NONE', #7976, 0.9999999999999991118 ) ;
#4262 = CARTESIAN_POINT ( 'NONE',  ( -8.427935170293682887, 15.99999999999999289, 14.59761191784563472 ) ) ;
#4263 = CARTESIAN_POINT ( 'NONE',  ( -3.242431757870193998, 37.13239514139891639, 3.616056544706133469 ) ) ;
#4264 = CARTESIAN_POINT ( 'NONE',  ( 0.1550702183854019423, 44.77402941427082794, -3.010347304724141804 ) ) ;
#4265 = CIRCLE ( 'NONE', #7699, 2.000000000000000000 ) ;
#4266 = CARTESIAN_POINT ( 'NONE',  ( 9.436934691713835477, 28.00000000000001066, 1.000000000000000000 ) ) ;
#4267 = CARTESIAN_POINT ( 'NONE',  ( 3.464101615137717527, 43.02671304668498209, -1.000000000000000000 ) ) ;
#4268 = DIRECTION ( 'NONE',  ( 0.000000000000000000, 5.204170427930421283E-14, -1.000000000000000000 ) ) ;
#4269 = EDGE_CURVE ( 'NONE', #1752, #4417, #6301, .T. ) ;
#4270 = CARTESIAN_POINT ( 'NONE',  ( 5.584492749641395193, 26.00000000000001066, 7.672625176878829834 ) ) ;
#4271 = ORIENTED_EDGE ( 'NONE', *, *, #5754, .T. ) ;
#4272 = ORIENTED_EDGE ( 'NONE', *, *, #7715, .T. ) ;
#4273 = DIRECTION ( 'NONE',  ( -0.000000000000000000, -1.000000000000000000, -0.000000000000000000 ) ) ;
#4274 = ORIENTED_EDGE ( 'NONE', *, *, #2167, .T. ) ;
#4275 = CARTESIAN_POINT ( 'NONE',  ( -0.5229699124221048878, 14.85970961660418155, -1.943158294529071517 ) ) ;
#4276 = CARTESIAN_POINT ( 'NONE',  ( -4.319251943879324429, 25.39791341877129227, 7.481163817489788315 ) ) ;
#4277 = CARTESIAN_POINT ( 'NONE',  ( 0.9669090042850515543, 47.51243497437589980, -0.9999999999895474723 ) ) ;
#4278 = CARTESIAN_POINT ( 'NONE',  ( -3.464101615137717527, 0.000000000000000000, 2.000000000000000000 ) ) ;
#4279 = ORIENTED_EDGE ( 'NONE', *, *, #1037, .T. ) ;
#4280 = ORIENTED_EDGE ( 'NONE', *, *, #5347, .T. ) ;
#4281 = FACE_OUTER_BOUND ( 'NONE', #2804, .T. ) ;
#4282 = DIRECTION ( 'NONE',  ( 0.4999999999999919509, 4.336808689941948094E-17, -0.8660254037844432595 ) ) ;
#4283 = FACE_OUTER_BOUND ( 'NONE', #2608, .T. ) ;
#4284 = ADVANCED_FACE ( 'NONE', ( #983 ), #2571, .T. ) ;
#4285 = EDGE_CURVE ( 'NONE', #4624, #6132, #3590, .T. ) ;
#4286 = CARTESIAN_POINT ( 'NONE',  ( -5.653820728298454945, 37.56619757069945820, 0.000000000000000000 ) ) ;
#4287 = DIRECTION ( 'NONE',  ( -0.4999999999999895084, 0.000000000000000000, 0.8660254037844449249 ) ) ;
#4288 = EDGE_LOOP ( 'NONE', ( #1541, #6410, #2179, #3090 ) ) ;
#4289 = CARTESIAN_POINT ( 'NONE',  ( 3.423412233687016304, 44.54362983953242150, 0.8909196908836252149 ) ) ;
#4290 = CARTESIAN_POINT ( 'NONE',  ( -2.598076211353337328, 43.02671304668379548, -2.500000000000003997 ) ) ;
#4291 = DIRECTION ( 'NONE',  ( 0.000000000000000000, -0.000000000000000000, -1.000000000000000000 ) ) ;
#4292 = FACE_OUTER_BOUND ( 'NONE', #229, .T. ) ;
#4293 = DIRECTION ( 'NONE',  ( 0.000000000000000000, -0.3848457315043380955, 0.9229809114726539310 ) ) ;
#4294 = CARTESIAN_POINT ( 'NONE',  ( -2.646300601512154405, 44.81370289583284716, -1.422509454463568357 ) ) ;
#4295 = CARTESIAN_POINT ( 'NONE',  ( 1.510380950301375647, 37.13239514139891639, 4.616056544706100162 ) ) ;
#4296 = EDGE_CURVE ( 'NONE', #1507, #1980, #4923, .T. ) ;
#4297 = ORIENTED_EDGE ( 'NONE', *, *, #5239, .F. ) ;
#4298 = CARTESIAN_POINT ( 'NONE',  ( 5.803285496612785366, 23.75882442937560413, 8.051585330959108333 ) ) ;
#4299 = DIRECTION ( 'NONE',  ( -0.5000000000000039968, 0.000000000000000000, -0.8660254037844363761 ) ) ;
#4300 = DIRECTION ( 'NONE',  ( -0.6636879663121046935, 0.7480095476479579064, 0.000000000000000000 ) ) ;
#4301 = FACE_OUTER_BOUND ( 'NONE', #2803, .T. ) ;
#4302 = CARTESIAN_POINT ( 'NONE',  ( -5.452091441818175177, 29.97551092897954916, 9.443299384741882463 ) ) ;
#4303 = CARTESIAN_POINT ( 'NONE',  ( 0.3714119722251083000, 47.92703760329541751, -1.220914656543810040 ) ) ;
#4304 = CARTESIAN_POINT ( 'NONE',  ( 3.242431757870247733, 37.13239514139891639, 3.616056544706092168 ) ) ;
#4305 = CARTESIAN_POINT ( 'NONE',  ( 11.24999050848295390, 22.23024743432725714, 0.000000000000000000 ) ) ;
#4306 = CARTESIAN_POINT ( 'NONE',  ( -11.66703064672739920, 28.00000000000001421, 0.000000000000000000 ) ) ;
#4307 = CARTESIAN_POINT ( 'NONE',  ( 3.920036541901895877, 24.79582683754257744, 6.789702458100614457 ) ) ;
#4308 = DIRECTION ( 'NONE',  ( -0.5000000000000054401, 9.246296469662587854E-15, -0.8660254037844355990 ) ) ;
#4309 = AXIS2_PLACEMENT_3D ( 'NONE', #4793, #4754, #2893 ) ;
#4310 = EDGE_LOOP ( 'NONE', ( #3481, #334, #6029, #3873 ) ) ;
#4311 = ORIENTED_EDGE ( 'NONE', *, *, #2384, .F. ) ;
#4312 = CARTESIAN_POINT ( 'NONE',  ( 7.108967192504830557, 19.36570602585729617, -12.31309236675908103 ) ) ;
#4313 = CIRCLE ( 'NONE', #2382, 1.000000000000000222 ) ;
#4314 = ORIENTED_EDGE ( 'NONE', *, *, #6799, .F. ) ;
#4315 = EDGE_CURVE ( 'NONE', #798, #7225, #7925, .T. ) ;
#4316 = CARTESIAN_POINT ( 'NONE',  ( -1.313085539864319751, 14.99999999999999645, -2.665256855902763622 ) ) ;
#4317 = CARTESIAN_POINT ( 'NONE',  ( -1.345388696564180808, 14.87160939346305533, -1.496563000689504319 ) ) ;
#4318 = CIRCLE ( 'NONE', #7340, 0.9999999999999994449 ) ;
#4319 = CARTESIAN_POINT ( 'NONE',  ( 2.677084810012756222, 45.35253749467016604, -0.9999999999931181716 ) ) ;
#4320 = DIRECTION ( 'NONE',  ( -0.6636879663153777420, -0.7480095476450538960, 1.286111965372011054E-11 ) ) ;
#4321 = DIRECTION ( 'NONE',  ( -0.5855247234947430490, 0.4037893545027241848, 0.7029331087427010960 ) ) ;
#4322 = EDGE_CURVE ( 'NONE', #1141, #2298, #1208, .T. ) ;
#4323 = DIRECTION ( 'NONE',  ( 0.000000000000000000, 0.000000000000000000, 1.000000000000000000 ) ) ;
#4324 = AXIS2_PLACEMENT_3D ( 'NONE', #74, #7356, #2672 ) ;
#4325 = ORIENTED_EDGE ( 'NONE', *, *, #4883, .F. ) ;
#4326 = EDGE_LOOP ( 'NONE', ( #2908, #4472, #6441, #1063, #3806, #175, #4492, #8165, #2938, #5104, #7418 ) ) ;
#4327 = CARTESIAN_POINT ( 'NONE',  ( -6.487315897663380682, 22.23807052450580812, -9.236360739512285534 ) ) ;
#4328 = CARTESIAN_POINT ( 'NONE',  ( 3.464101615137773926, 14.99999999999999645, 0.000000000000000000 ) ) ;
#4330 = EDGE_CURVE ( 'NONE', #7321, #7946, #6416, .T. ) ;
#4329 = CARTESIAN_POINT ( 'NONE',  ( 2.223534767973040172, 41.65726548419445407, -5.851275282439091896 ) ) ;
#4331 = DIRECTION ( 'NONE',  ( -0.3318439831537934315, -0.7480095476450856484, -0.5747706390173558111 ) ) ;
#4332 = EDGE_CURVE ( 'NONE', #1654, #5159, #3406, .T. ) ;
#4333 = VERTEX_POINT ( 'NONE', #5916 ) ;
#4334 = EDGE_CURVE ( 'NONE', #2344, #3508, #5603, .T. ) ;
#4335 = DIRECTION ( 'NONE',  ( 0.8660254037844432595, -0.000000000000000000, 0.4999999999999919509 ) ) ;
#4336 = FACE_OUTER_BOUND ( 'NONE', #2837, .T. ) ;
#4337 = CARTESIAN_POINT ( 'NONE',  ( -2.598076211353274267, 43.02671304668388785, 2.499999999999992006 ) ) ;
#4338 = CARTESIAN_POINT ( 'NONE',  ( 8.427935170293883615, 16.00000000000000000, 14.59761191784550860 ) ) ;
#4339 = DIRECTION ( 'NONE',  ( 1.000000000000000000, 0.000000000000000000, 0.000000000000000000 ) ) ;
#4340 = CARTESIAN_POINT ( 'NONE',  ( 8.427935170293681111, 16.00000000000000000, -14.59761191784562406 ) ) ;
#4341 = CARTESIAN_POINT ( 'NONE',  ( -7.011388416339412899, 28.78166749643568423, 10.14408096869997955 ) ) ;
#4342 = CARTESIAN_POINT ( 'NONE',  ( -2.494398297464778480, 44.63769433576518963, -1.754164784270971778 ) ) ;
#4343 = CARTESIAN_POINT ( 'NONE',  ( 1.877491202874475018, 14.18763385292723100, -0.6942538235804804891 ) ) ;
#4344 = ADVANCED_FACE ( 'NONE', ( #681 ), #8481, .T. ) ;
#4345 = EDGE_CURVE ( 'NONE', #3942, #7717, #6371, .T. ) ;
#4346 = B_SPLINE_CURVE_WITH_KNOTS ( 'NONE', 3,
 ( #2537, #5181, #3248, #1319, #3915, #6555, #2842, #231, #1565, #4164, #4833, #6635, #2156, #791 ),
 .UNSPECIFIED., .F., .F.,
 ( 4, 2, 2, 2, 2, 2, 4 ),
 ( 2.177438361925837724E-14, 0.0008759574981594002484, 0.001751914996297026248, 0.002189893745365844614, 0.002627872494434663631, 0.003065851243503482215, 0.003503829992572301232 ),
 .UNSPECIFIED. ) ;
#4347 = VERTEX_POINT ( 'NONE', #4586 ) ;
#4348 = CARTESIAN_POINT ( 'NONE',  ( 8.427935170293883615, 16.00000000000000000, 15.59761191784550860 ) ) ;
#4349 = CARTESIAN_POINT ( 'NONE',  ( -2.598076211353337328, 15.99999999999999645, -2.500000000000003997 ) ) ;
#4350 = CARTESIAN_POINT ( 'NONE',  ( 0.000000000000000000, 13.99999999999999467, 0.000000000000000000 ) ) ;
#4351 = CARTESIAN_POINT ( 'NONE',  ( -2.521147780661950666, 43.42475718084924097, -2.343862013184351500 ) ) ;
#4352 = EDGE_CURVE ( 'NONE', #8099, #7176, #8022, .T. ) ;
#4353 = CARTESIAN_POINT ( 'NONE',  ( 0.8320206525209375981, 45.55998058464084721, -2.735038946421296302 ) ) ;
#4354 = PLANE ( 'NONE',  #1318 ) ;
#4355 = CARTESIAN_POINT ( 'NONE',  ( 15.17042408213962723, 17.26148365311704680, 1.000000000000000000 ) ) ;
#4356 = CARTESIAN_POINT ( 'NONE',  ( 0.000000000000000000, 1.000000000000000000, 0.000000000000000000 ) ) ;
#4357 = ORIENTED_EDGE ( 'NONE', *, *, #4887, .T. ) ;
#4358 = EDGE_LOOP ( 'NONE', ( #8219, #919, #6664, #4924 ) ) ;
#4359 = CARTESIAN_POINT ( 'NONE',  ( 4.319251943879321765, 25.39791341877128872, -7.481163817489784762 ) ) ;
#4360 = EDGE_CURVE ( 'NONE', #3418, #8056, #7239, .T. ) ;
#4361 = ORIENTED_EDGE ( 'NONE', *, *, #4161, .T. ) ;
#4362 = CARTESIAN_POINT ( 'NONE',  ( 0.04266400343788739891, 14.26794545549866911, -1.999998921785714812 ) ) ;
#4363 = CARTESIAN_POINT ( 'NONE',  ( -7.108967192503661714, 19.36570602585670642, 12.31309236676046659 ) ) ;
#4364 =( BOUNDED_SURFACE ( )  B_SPLINE_SURFACE ( 3, 2, ( 
 ( #7547, #1155, #7584 ),
 ( #7626, #2380, #6391 ),
 ( #8273, #4327, #6222 ),
 ( #2345, #5748, #8236 ),
 ( #1800, #5038, #4421 ),
 ( #472, #3092, #3764 ) ),
 .UNSPECIFIED., .F., .F., .F. ) 
 B_SPLINE_SURFACE_WITH_KNOTS ( ( 4, 2, 4 ),
 ( 3, 3 ),
 ( 0.02353340272940517355, 0.02986736026464133220, 0.03620131779987748738 ),
 ( 0.000000000000000000, 1.000000000000000000 ),
 .UNSPECIFIED. ) 
 GEOMETRIC_REPRESENTATION_ITEM ( )  RATIONAL_B_SPLINE_SURFACE ( (
 ( 1.000000000000000000, 0.7071067811865477948, 1.000000000000000000),
 ( 1.000000000000000000, 0.7071067811865477948, 1.000000000000000000),
 ( 1.000000000000000000, 0.7071067811865479058, 1.000000000000000000),
 ( 1.000000000000000000, 0.7071067811865479058, 1.000000000000000000),
 ( 1.000000000000000000, 0.7071067811865476838, 1.000000000000000000),
 ( 1.000000000000000000, 0.7071067811865476838, 1.000000000000000000) ) ) 
 REPRESENTATION_ITEM ( '' )  SURFACE ( )  );
#4365 = CARTESIAN_POINT ( 'NONE',  ( 0.7791239049970123398, 47.71421279724914655, -0.9999999999895474723 ) ) ;
#4366 = CARTESIAN_POINT ( 'NONE',  ( 2.598076211353337328, 43.02671304669065222, 2.500000000000003997 ) ) ;
#4367 = CIRCLE ( 'NONE', #8065, 1.000000000000000000 ) ;
#4368 =( NAMED_UNIT ( * ) SI_UNIT ( $, .STERADIAN. ) SOLID_ANGLE_UNIT ( ) );
#4369 = FACE_OUTER_BOUND ( 'NONE', #8118, .T. ) ;
#4370 = AXIS2_PLACEMENT_3D ( 'NONE', #436, #3056, #7136 ) ;
#4371 = AXIS2_PLACEMENT_3D ( 'NONE', #4052, #6644, #7202 ) ;
#4372 = ORIENTED_EDGE ( 'NONE', *, *, #5265, .T. ) ;
#4373 = ORIENTED_EDGE ( 'NONE', *, *, #1389, .F. ) ;
#4374 = DIRECTION ( 'NONE',  ( 0.8660254037844363761, 0.000000000000000000, -0.5000000000000041078 ) ) ;
#4375 = AXIS2_PLACEMENT_3D ( 'NONE', #5548, #6223, #343 ) ;
#4376 = CARTESIAN_POINT ( 'NONE',  ( -1.181132920058401536, 14.01301373875980261, 1.616250577772261332 ) ) ;
#4377 = SPHERICAL_SURFACE ( 'NONE', #5871, 1.000000000000000000 ) ;
#4378 = AXIS2_PLACEMENT_3D ( 'NONE', #3402, #863, #7992 ) ;
#4379 = EDGE_CURVE ( 'NONE', #7965, #5576, #7302, .T. ) ;
#4380 =( BOUNDED_SURFACE ( )  B_SPLINE_SURFACE ( 3, 2, ( 
 ( #4295, #7326, #6649 ),
 ( #7287, #763, #3648 ),
 ( #5414, #2812, #88 ),
 ( #2732, #7930, #1458 ),
 ( #3388, #7974, #2056 ),
 ( #4097, #6691, #6732 ),
 ( #805, #4675, #3427 ),
 ( #3468, #3505, #7730 ) ),
 .UNSPECIFIED., .F., .F., .T. ) 
 B_SPLINE_SURFACE_WITH_KNOTS ( ( 4, 2, 2, 4 ),
 ( 3, 3 ),
 ( 0.02243345746864393656, 0.02822659411895474257, 0.03112316244411014732, 0.03401973076926555206 ),
 ( 0.000000000000000000, 1.000000000000000000 ),
 .UNSPECIFIED. ) 
 GEOMETRIC_REPRESENTATION_ITEM ( )  RATIONAL_B_SPLINE_SURFACE ( (
 ( 1.000000000000000000, 0.7071067811865476838, 1.000000000000000000),
 ( 1.000000000000000000, 0.7071067811865476838, 1.000000000000000000),
 ( 1.000000000000000000, 0.7071067811865476838, 1.000000000000000000),
 ( 1.000000000000000000, 0.7071067811865476838, 1.000000000000000000),
 ( 1.000000000000000000, 0.7071067811865475727, 1.000000000000000000),
 ( 1.000000000000000000, 0.7071067811865475727, 1.000000000000000000),
 ( 1.000000000000000000, 0.7071067811865472397, 1.000000000000000000),
 ( 1.000000000000000000, 0.7071067811865472397, 1.000000000000000000) ) ) 
 REPRESENTATION_ITEM ( '' )  SURFACE ( )  );
#4381 = ORIENTED_EDGE ( 'NONE', *, *, #7227, .F. ) ;
#4382 = CYLINDRICAL_SURFACE ( 'NONE', #4094, 1.000000000000000000 ) ;
#4383 = DIRECTION ( 'NONE',  ( 1.000000000000000000, 0.000000000000000000, 0.000000000000000000 ) ) ;
#4384 = VECTOR ( 'NONE', #1626, 1000.000000000000114 ) ;
#4385 = CARTESIAN_POINT ( 'NONE',  ( -2.534942722607445909, 44.78081283569761695, 1.627772535741326188 ) ) ;
#4386 = DIRECTION ( 'NONE',  ( 1.000000000000000000, 0.000000000000000000, 0.000000000000000000 ) ) ;
#4387 = CARTESIAN_POINT ( 'NONE',  ( 4.069956925062312436, 23.76221333135003633, 9.049372178819805157 ) ) ;
#4388 = CARTESIAN_POINT ( 'NONE',  ( 1.142405439512588661, 47.30762374948305649, 0.9999999999876028056 ) ) ;
#4389 = CARTESIAN_POINT ( 'NONE',  ( -5.150559061341455802, 42.63272327328900246, -4.853735414437960958E-16 ) ) ;
#4390 = DIRECTION ( 'NONE',  ( 0.000000000000000000, -1.000000000000000000, 0.000000000000000000 ) ) ;
#4391 = CIRCLE ( 'NONE', #8223, 0.9999999999999991118 ) ;
#4392 = VERTEX_POINT ( 'NONE', #7710 ) ;
#4393 = SPHERICAL_SURFACE ( 'NONE', #8076, 1.000000000000000000 ) ;
#4394 = CARTESIAN_POINT ( 'NONE',  ( -2.168404344971008868E-16, 39.00000000000000711, 1.084202172485504434E-16 ) ) ;
#4395 = CARTESIAN_POINT ( 'NONE',  ( -2.677084810029702666, 45.35253749460266448, -1.000000000002162270 ) ) ;
#4396 = CIRCLE ( 'NONE', #6603, 0.9999999999999997780 ) ;
#4397 = CARTESIAN_POINT ( 'NONE',  ( -2.601975831904519865, 44.83264541226144217, -1.492223174616517989 ) ) ;
#4398 = CIRCLE ( 'NONE', #3032, 1.000000000000003109 ) ;
#4399 = CARTESIAN_POINT ( 'NONE',  ( -0.04282373000427126819, 44.82780226341435537, -3.000382708087319106 ) ) ;
#4400 = EDGE_CURVE ( 'NONE', #6562, #1439, #6567, .T. ) ;
#4401 = CARTESIAN_POINT ( 'NONE',  ( -1.547132307520229455, 14.99999999999999645, 2.570288237343650639 ) ) ;
#4402 = CARTESIAN_POINT ( 'NONE',  ( 1.850084796327035042, 15.07749418221943927, -1.999999999975661913 ) ) ;
#4403 = VERTEX_POINT ( 'NONE', #1926 ) ;
#4404 = CIRCLE ( 'NONE', #2762, 1.000000000000000888 ) ;
#4405 = ORIENTED_EDGE ( 'NONE', *, *, #5882, .F. ) ;
#4406 = EDGE_LOOP ( 'NONE', ( #3664, #1367, #1071, #2544, #2907 ) ) ;
#4407 = CARTESIAN_POINT ( 'NONE',  ( 1.240030177606111117, 43.69040101300007706, 4.147795270539504919 ) ) ;
#4408 = ORIENTED_EDGE ( 'NONE', *, *, #6335, .F. ) ;
#4409 = CARTESIAN_POINT ( 'NONE',  ( 4.940302182717904778, 23.75075615949307206, -8.556854385211016378 ) ) ;
#4410 = CARTESIAN_POINT ( 'NONE',  ( 0.09599396438515514496, 15.13397272934231275, -2.500004044423813632 ) ) ;
#4411 = CARTESIAN_POINT ( 'NONE',  ( -9.293960574078164782, 15.99999999999993783, 14.09761191784570578 ) ) ;
#4412 = CARTESIAN_POINT ( 'NONE',  ( -6.554828748425329366, 38.00000000000000711, 0.000000000000000000 ) ) ;
#4413 = DIRECTION ( 'NONE',  ( -0.8660254037844434816, 0.000000000000000000, -0.4999999999999917843 ) ) ;
#4414 = DIRECTION ( 'NONE',  ( -0.6135897597486604793, -0.7896249785382812858, 0.000000000000000000 ) ) ;
#4415 = CIRCLE ( 'NONE', #4700, 1.000000000000000888 ) ;
#4416 = AXIS2_PLACEMENT_3D ( 'NONE', #5848, #2575, #5219 ) ;
#4417 = VERTEX_POINT ( 'NONE', #5873 ) ;
#4418 = EDGE_CURVE ( 'NONE', #3079, #8099, #618, .T. ) ;
#4419 = VERTEX_POINT ( 'NONE', #7887 ) ;
#4420 = ORIENTED_EDGE ( 'NONE', *, *, #8313, .T. ) ;
#4421 = CARTESIAN_POINT ( 'NONE',  ( -8.449318145033586802, 17.26435667895948001, -12.63464831651165454 ) ) ;
#4422 = DIRECTION ( 'NONE',  ( 0.000000000000000000, -1.000000000000000000, 0.000000000000000000 ) ) ;
#4423 = CARTESIAN_POINT ( 'NONE',  ( 4.207071399921693100, 39.99999999999843681, -5.286861415734866121 ) ) ;
#4424 = DIRECTION ( 'NONE',  ( 0.000000000000000000, 0.000000000000000000, 1.000000000000000000 ) ) ;
#4425 = ORIENTED_EDGE ( 'NONE', *, *, #1075, .T. ) ;
#4426 = TOROIDAL_SURFACE ( 'NONE', #736, 2.000000000000000000, 1.000000000000000000 ) ;
#4427 = DIRECTION ( 'NONE',  ( -0.8660254037844432595, 0.000000000000000000, -0.4999999999999920064 ) ) ;
#4428 = DIRECTION ( 'NONE',  ( 8.673617379884043361E-16, 0.3848457315043383176, 0.9229809114726537089 ) ) ;
#4429 = DIRECTION ( 'NONE',  ( -0.8660254037844432595, 0.000000000000000000, -0.4999999999999919509 ) ) ;
#4430 = DIRECTION ( 'NONE',  ( 0.000000000000000000, 0.000000000000000000, -1.000000000000000000 ) ) ;
#4431 = EDGE_CURVE ( 'NONE', #1752, #7174, #7469, .T. ) ;
#4432 = DIRECTION ( 'NONE',  ( -4.807406715959413771E-14, -1.000000000000000000, 2.775557561562034964E-14 ) ) ;
#4433 = DIRECTION ( 'NONE',  ( -0.4999999999999919509, -4.336808689941948094E-17, 0.8660254037844432595 ) ) ;
#4434 = CARTESIAN_POINT ( 'NONE',  ( 1.811801000897635072, 14.24497536111729268, -0.8480646445610047213 ) ) ;
#4435 =( BOUNDED_SURFACE ( )  B_SPLINE_SURFACE ( 3, 2, ( 
 ( #89, #3389, #2691 ),
 ( #1421, #6650, #5992 ),
 ( #2734, #5380, #7975 ),
 ( #6486, #972, #7452 ) ),
 .UNSPECIFIED., .F., .F., .F. ) 
 B_SPLINE_SURFACE_WITH_KNOTS ( ( 4, 4 ),
 ( 3, 3 ),
 ( -2.455522764288620152E-14, 0.004434978777759786273 ),
 ( 0.000000000000000000, 1.000000000000000000 ),
 .UNSPECIFIED. ) 
 GEOMETRIC_REPRESENTATION_ITEM ( )  RATIONAL_B_SPLINE_SURFACE ( (
 ( 1.000000000000000000, 0.7071067811865475727, 1.000000000000000000),
 ( 1.000000000000000000, 0.7071067811865475727, 1.000000000000000000),
 ( 1.000000000000000000, 0.7071067811865475727, 1.000000000000000000),
 ( 1.000000000000000000, 0.7071067811865475727, 1.000000000000000000) ) ) 
 REPRESENTATION_ITEM ( '' )  SURFACE ( )  );
#4436 = EDGE_CURVE ( 'NONE', #2163, #1507, #1469, .T. ) ;
#4437 = DIRECTION ( 'NONE',  ( -0.5000000000000039968, 0.000000000000000000, -0.8660254037844363761 ) ) ;
#4438 = ORIENTED_EDGE ( 'NONE', *, *, #7294, .T. ) ;
#4439 = DIRECTION ( 'NONE',  ( 0.3318439831534847340, -0.7480095476525188136, 0.5747706390078602956 ) ) ;
#4440 = CARTESIAN_POINT ( 'NONE',  ( 2.598076211353337328, 46.56319714092371953, 2.500000000000003997 ) ) ;
#4441 = PLANE ( 'NONE',  #1081 ) ;
#4442 = CARTESIAN_POINT ( 'NONE',  ( -2.752141265190720887, 45.11785347973526683, -1.285062764089084153 ) ) ;
#4443 = CARTESIAN_POINT ( 'NONE',  ( -0.3897812948977983916, 45.37871602961927664, -2.812406733003260939 ) ) ;
#4444 = CARTESIAN_POINT ( 'NONE',  ( 7.011388416339561225, 28.78166749643568068, 10.14408096869989429 ) ) ;
#4445 = CARTESIAN_POINT ( 'NONE',  ( 3.242431757870194442, 37.13239514139892350, -3.616056544706133025 ) ) ;
#4446 = ADVANCED_FACE ( 'NONE', ( #3929 ), #3174, .T. ) ;
#4447 = EDGE_LOOP ( 'NONE', ( #5746, #4573, #2595 ) ) ;
#4448 = VERTEX_POINT ( 'NONE', #7169 ) ;
#4449 = CARTESIAN_POINT ( 'NONE',  ( 0.8660254037846858433, 43.02671304668302099, 3.500000000003200551 ) ) ;
#4450 = ORIENTED_EDGE ( 'NONE', *, *, #1772, .T. ) ;
#4451 = ADVANCED_FACE ( 'NONE', ( #1241 ), #3847, .T. ) ;
#4452 = DIRECTION ( 'NONE',  ( 1.734723475976807489E-15, -0.7565957564419861781, -0.6538829110276386247 ) ) ;
#4453 = CARTESIAN_POINT ( 'NONE',  ( 16.85587034058763933, 15.99999999999999645, 0.000000000000000000 ) ) ;
#4454 = B_SPLINE_CURVE_WITH_KNOTS ( 'NONE', 3,
 ( #5017, #1053, #7646, #6929, #8254, #2359, #7604, #1090 ),
 .UNSPECIFIED., .F., .F.,
 ( 4, 2, 2, 4 ),
 ( 1.554006304468970733E-17, 0.005526491294701126912, 0.008289736942051680393, 0.01105298258940223648 ),
 .UNSPECIFIED. ) ;
#4455 = CARTESIAN_POINT ( 'NONE',  ( -3.647840876003032307, 40.78962497853855496, -6.318245735163744214 ) ) ;
#4456 = DIRECTION ( 'NONE',  ( -0.8660254037844432595, 0.000000000000000000, -0.4999999999999919509 ) ) ;
#4457 = DIRECTION ( 'NONE',  ( -0.7896249785382812858, 0.6135897597486604793, 1.001738494796778960E-12 ) ) ;
#4458 = CIRCLE ( 'NONE', #5023, 1.000000000000001998 ) ;
#4459 = CARTESIAN_POINT ( 'NONE',  ( 1.999667374898694616, 13.99999999999999645, 0.03647450843758198724 ) ) ;
#4460 = FACE_OUTER_BOUND ( 'NONE', #810, .T. ) ;
#4461 = CARTESIAN_POINT ( 'NONE',  ( 0.6752553356044551647, 43.73572938271772870, -3.258421559427731040 ) ) ;
#4462 = ORIENTED_EDGE ( 'NONE', *, *, #907, .F. ) ;
#4463 = VERTEX_POINT ( 'NONE', #7796 ) ;
#4464 = VERTEX_POINT ( 'NONE', #7754 ) ;
#4465 = CIRCLE ( 'NONE', #762, 1.000000000000000000 ) ;
#4466 = DIRECTION ( 'NONE',  ( 1.000000000000000000, 0.000000000000000000, 0.000000000000000000 ) ) ;
#4467 = CARTESIAN_POINT ( 'NONE',  ( 0.8220173529881469321, 48.46887637871932952, 0.000000000000000000 ) ) ;
#4468 = AXIS2_PLACEMENT_3D ( 'NONE', #8231, #7080, #1884 ) ;
#4469 = CIRCLE ( 'NONE', #7898, 2.000000000000000000 ) ;
#4470 = CARTESIAN_POINT ( 'NONE',  ( -0.8660254037844161701, 43.02671304670307961, 3.500000000000025313 ) ) ;
#4471 = CARTESIAN_POINT ( 'NONE',  ( -7.840073083803718923, 24.79582683754258809, -1.000000000000000000 ) ) ;
#4472 = ORIENTED_EDGE ( 'NONE', *, *, #7385, .T. ) ;
#4473 = CIRCLE ( 'NONE', #2143, 3.000000000000000000 ) ;
#4474 = CARTESIAN_POINT ( 'NONE',  ( 3.329364536233661909, 43.33042391031364104, 1.000000000000282219 ) ) ;
#4475 = DIRECTION ( 'NONE',  ( -0.8660254037844362651, 0.000000000000000000, 0.5000000000000039968 ) ) ;
#4476 = CARTESIAN_POINT ( 'NONE',  ( -2.519423614740165185, 43.38129469470169397, 2.363769706521958280 ) ) ;
#4477 = CARTESIAN_POINT ( 'NONE',  ( -1.274600299593239061, 45.55998058460674116, 2.207672478224851353 ) ) ;
#4478 = FACE_OUTER_BOUND ( 'NONE', #2036, .T. ) ;
#4479 = CARTESIAN_POINT ( 'NONE',  ( 2.368006657174913432, 35.87501333697755967, -6.101507842891094491 ) ) ;
#4480 = DIRECTION ( 'NONE',  ( 1.000000000000000000, 1.734723475976805517E-14, 0.000000000000000000 ) ) ;
#4481 = CARTESIAN_POINT ( 'NONE',  ( -1.773720102778017838, 14.26874093787392894, -0.9282838243589869309 ) ) ;
#4482 = CARTESIAN_POINT ( 'NONE',  ( -8.427935170293883615, 16.00000000000000000, -14.59761191784551038 ) ) ;
#4483 = EDGE_LOOP ( 'NONE', ( #5637, #8304, #5418, #6256 ) ) ;
#4484 = CARTESIAN_POINT ( 'NONE',  ( 3.464101615137773926, 15.99999999999999645, 2.000000000000000000 ) ) ;
#4485 = EDGE_CURVE ( 'NONE', #598, #2570, #4757, .T. ) ;
#4486 = CARTESIAN_POINT ( 'NONE',  ( 3.341045996131148499, 40.00000000000882494, -5.786861415722788671 ) ) ;
#4487 = CARTESIAN_POINT ( 'NONE',  ( -14.21793438484543515, 19.36570602568676946, 1.000000000000000000 ) ) ;
#4488 = CARTESIAN_POINT ( 'NONE',  ( -0.2037490471507577561, 45.13644959934528345, -3.014758717231320606 ) ) ;
#4489 = CARTESIAN_POINT ( 'NONE',  ( 0.000000000000000000, 0.000000000000000000, -1.000000000000000000 ) ) ;
#4490 = CARTESIAN_POINT ( 'NONE',  ( 5.390082572283561468, 32.03055223285390696, -7.335896872184736850 ) ) ;
#4491 = ORIENTED_EDGE ( 'NONE', *, *, #4056, .T. ) ;
#4492 = ORIENTED_EDGE ( 'NONE', *, *, #1576, .T. ) ;
#4493 = CARTESIAN_POINT ( 'NONE',  ( 1.275299091650133665, 44.87557809499492123, 2.963233240604596475 ) ) ;
#4494 = ORIENTED_EDGE ( 'NONE', *, *, #7642, .T. ) ;
#4495 = FACE_OUTER_BOUND ( 'NONE', #543, .T. ) ;
#4496 = DIRECTION ( 'NONE',  ( -0.5000000000000041078, 0.000000000000000000, -0.8660254037844363761 ) ) ;
#4497 = CARTESIAN_POINT ( 'NONE',  ( -9.147048600610817815, 23.13886549270826265, 1.000000000000000000 ) ) ;
#4498 = DIRECTION ( 'NONE',  ( -1.000000000000000000, -0.000000000000000000, -0.000000000000000000 ) ) ;
#4499 = CARTESIAN_POINT ( 'NONE',  ( 0.000000000000000000, 20.65685424949237614, 0.000000000000000000 ) ) ;
#4500 = DIRECTION ( 'NONE',  ( 0.000000000000000000, 0.000000000000000000, -1.000000000000000000 ) ) ;
#4501 = CARTESIAN_POINT ( 'NONE',  ( -6.699540727148117547, 28.00000000000012079, -9.603944926797371551 ) ) ;
#4502 = CARTESIAN_POINT ( 'NONE',  ( -4.591232067753597157, 29.96536639221742249, -9.952247210684504353 ) ) ;
#4503 = CIRCLE ( 'NONE', #6827, 1.000000000000000222 ) ;
#4504 = VERTEX_POINT ( 'NONE', #4011 ) ;
#4505 = ORIENTED_EDGE ( 'NONE', *, *, #5090, .F. ) ;
#4506 = VERTEX_POINT ( 'NONE', #2053 ) ;
#4507 = CARTESIAN_POINT ( 'NONE',  ( 0.000000000000000000, 40.00000000000000711, 0.000000000000000000 ) ) ;
#4508 = CARTESIAN_POINT ( 'NONE',  ( -11.66703064672739920, 28.00000000000001421, -1.000000000000000000 ) ) ;
#4509 = CARTESIAN_POINT ( 'NONE',  ( -6.657556875784115036, 29.34631447949713490, 9.531226763139793334 ) ) ;
#4510 = CARTESIAN_POINT ( 'NONE',  ( -2.999501062348042257, 14.99999999999999645, 0.05471176265635932512 ) ) ;
#4511 = ADVANCED_FACE ( 'NONE', ( #7284 ), #8146, .T. ) ;
#4512 = CARTESIAN_POINT ( 'NONE',  ( -0.8660254037844364872, 28.00000000000001066, 0.5000000000000041078 ) ) ;
#4513 = AXIS2_PLACEMENT_3D ( 'NONE', #580, #5018, #3203 ) ;
#4514 = TOROIDAL_SURFACE ( 'NONE', #3542, 2.000000000000000000, 1.000000000000000000 ) ;
#4515 = VERTEX_POINT ( 'NONE', #6646 ) ;
#4516 = CIRCLE ( 'NONE', #5214, 1.000000000000000000 ) ;
#4517 = CARTESIAN_POINT ( 'NONE',  ( 5.833515323363609895, 28.00000000000001066, -10.10394492679757761 ) ) ;
#4518 = DIRECTION ( 'NONE',  ( 0.000000000000000000, 0.000000000000000000, 1.000000000000000000 ) ) ;
#4519 = CIRCLE ( 'NONE', #6017, 1.000000000000000666 ) ;
#4520 = CARTESIAN_POINT ( 'NONE',  ( -1.321895002446141110, 47.09049132370478929, -1.000000000000459632 ) ) ;
#4521 = CARTESIAN_POINT ( 'NONE',  ( 3.453226540094990860, 25.39791341877128872, 7.981163817489731471 ) ) ;
#4522 = AXIS2_PLACEMENT_3D ( 'NONE', #5173, #5806, #657 ) ;
#4523 = CARTESIAN_POINT ( 'NONE',  ( 16.85587034057315492, 16.00000000001083578, -1.000000000000000000 ) ) ;
#4524 = CARTESIAN_POINT ( 'NONE',  ( -7.295681752008675858, 40.78962497853733282, -1.327144199513719454E-15 ) ) ;
#4525 = DIRECTION ( 'NONE',  ( -0.3948124892690244581, 0.6135897597489676780, -0.6838352908766852645 ) ) ;
#4526 = CARTESIAN_POINT ( 'NONE',  ( -1.031421538346851241, 13.99999999999999645, -1.713525491562414738 ) ) ;
#4527 = CIRCLE ( 'NONE', #7816, 2.000000000000000000 ) ;
#4528 = VERTEX_POINT ( 'NONE', #6350 ) ;
#4529 = LINE ( 'NONE', #2669, #5256 ) ;
#4530 = CARTESIAN_POINT ( 'NONE',  ( -2.793423218719940593, 45.28715179893394804, -0.8285516066779458066 ) ) ;
#4531 = DIRECTION ( 'NONE',  ( -0.8660254037844363761, -0.000000000000000000, 0.5000000000000038858 ) ) ;
#4532 = CARTESIAN_POINT ( 'NONE',  ( -2.792243283647992680, 45.09453418789611590, -1.244130088563817571 ) ) ;
#4533 = CARTESIAN_POINT ( 'NONE',  ( 2.424949241738661332, 44.93308184388693860, -2.082398469636274285 ) ) ;
#4534 = CARTESIAN_POINT ( 'NONE',  ( 2.475020592354257420, 40.00000000000000711, -6.286861415736916037 ) ) ;
#4535 = AXIS2_PLACEMENT_3D ( 'NONE', #3992, #6053, #5430 ) ;
#4536 = CARTESIAN_POINT ( 'NONE',  ( 3.054011138117358026, 24.79582683754257744, -7.289702458100659754 ) ) ;
#4537 = B_SPLINE_CURVE_WITH_KNOTS ( 'NONE', 3,
 ( #2330, #5224, #1955, #1314, #659, #3280, #5899, #24, #1013, #3619, #1170, #3780, #8378, #5133, #7731, #1859, #4611, #7224 ),
 .UNSPECIFIED., .F., .F.,
 ( 4, 2, 2, 2, 2, 2, 2, 2, 4 ),
 ( 0.000000000000000000, 0.0001482540024991546991, 0.0002965080049983093982, 0.0004447620074974641515, 0.0005930160099966187964, 0.0008895240149949277609, 0.001186032019993236942, 0.001779048029989855739, 0.002372064039986474318 ),
 .UNSPECIFIED. ) ;
#4538 = ORIENTED_EDGE ( 'NONE', *, *, #836, .T. ) ;
#4539 = ORIENTED_EDGE ( 'NONE', *, *, #4985, .T. ) ;
#4540 = CARTESIAN_POINT ( 'NONE',  ( 0.7172002413145670552, 45.25819649013456569, 2.841061852697018608 ) ) ;
#4541 = VERTEX_POINT ( 'NONE', #2308 ) ;
#4542 = AXIS2_PLACEMENT_3D ( 'NONE', #4181, #1324, #1281 ) ;
#4543 = CARTESIAN_POINT ( 'NONE',  ( 11.24258098761528935, 22.23807052434687037, 0.000000000000000000 ) ) ;
#4544 = CARTESIAN_POINT ( 'NONE',  ( 4.718467345856957706, 26.00000000000001066, 8.172625176878833386 ) ) ;
#4545 = CARTESIAN_POINT ( 'NONE',  ( -8.427935170293883615, 16.00000000000000000, -14.59761191784551038 ) ) ;
#4546 = DIRECTION ( 'NONE',  ( -0.8660254037844432595, 0.000000000000000000, -0.4999999999999920064 ) ) ;
#4547 = FACE_OUTER_BOUND ( 'NONE', #4652, .T. ) ;
#4548 = DIRECTION ( 'NONE',  ( -0.8660254037844434816, 0.000000000000000000, -0.4999999999999916733 ) ) ;
#4549 = AXIS2_PLACEMENT_3D ( 'NONE', #5552, #8153, #1640 ) ;
#4550 = CARTESIAN_POINT ( 'NONE',  ( -2.826910364149251009, 37.56619757069945109, -4.896352379149487177 ) ) ;
#4551 = EDGE_LOOP ( 'NONE', ( #2021, #887, #557, #6694 ) ) ;
#4552 = ORIENTED_EDGE ( 'NONE', *, *, #110, .T. ) ;
#4553 = ORIENTED_EDGE ( 'NONE', *, *, #6797, .T. ) ;
#4554 = CARTESIAN_POINT ( 'NONE',  ( -11.58306294399685044, 29.34631447949200833, 0.9999999999971027620 ) ) ;
#4555 = CIRCLE ( 'NONE', #984, 0.9999999999999995559 ) ;
#4556 = CIRCLE ( 'NONE', #6194, 1.000000000000000000 ) ;
#4557 = CARTESIAN_POINT ( 'NONE',  ( -6.552640724379834580, 33.73159465459337270, -1.000000000000000000 ) ) ;
#4558 = CARTESIAN_POINT ( 'NONE',  ( -8.638503887758774979, 25.39791341877130293, 0.000000000000000000 ) ) ;
#4559 = CARTESIAN_POINT ( 'NONE',  ( -1.315030759815178918, 14.05650054790186410, 1.509316072177981027 ) ) ;
#4560 = AXIS2_PLACEMENT_3D ( 'NONE', #3400, #5309, #1265 ) ;
#4561 = EDGE_LOOP ( 'NONE', ( #3600, #4808, #2511, #6488 ) ) ;
#4562 = ADVANCED_FACE ( 'NONE', ( #4950 ), #4364, .T. ) ;
#4563 = ADVANCED_FACE ( 'NONE', ( #6873 ), #990, .F. ) ;
#4564 = DIRECTION ( 'NONE',  ( -8.673617379884035472E-17, 1.000000000000000000, 0.000000000000000000 ) ) ;
#4565 = ADVANCED_FACE ( 'NONE', ( #3007 ), #6792, .T. ) ;
#4566 = FACE_OUTER_BOUND ( 'NONE', #5264, .T. ) ;
#4567 = CARTESIAN_POINT ( 'NONE',  ( 3.707498896520895038, 23.13886549270825910, -8.421576457779904601 ) ) ;
#4568 =( BOUNDED_SURFACE ( )  B_SPLINE_SURFACE ( 3, 2, ( 
 ( #5673, #1598, #6952 ),
 ( #4199, #6878, #995 ),
 ( #3562, #4329, #1074 ),
 ( #4999, #904, #8152 ) ),
 .UNSPECIFIED., .F., .F., .T. ) 
 B_SPLINE_SURFACE_WITH_KNOTS ( ( 4, 4 ),
 ( 3, 3 ),
 ( 0.000000000000000000, 0.004418308664757107131 ),
 ( 0.000000000000000000, 1.000000000000000000 ),
 .UNSPECIFIED. ) 
 GEOMETRIC_REPRESENTATION_ITEM ( )  RATIONAL_B_SPLINE_SURFACE ( (
 ( 1.000000000000000000, 0.7071067811866955655, 1.000000000000000000),
 ( 1.000000000000000000, 0.7071067811866955655, 1.000000000000000000),
 ( 1.000000000000000000, 0.7071067811872273623, 1.000000000000000000),
 ( 1.000000000000000000, 0.7071067811872273623, 1.000000000000000000) ) ) 
 REPRESENTATION_ITEM ( '' )  SURFACE ( )  );
#4569 = CARTESIAN_POINT ( 'NONE',  ( 4.718467345856957706, 27.00000000000001066, 8.172625176878833386 ) ) ;
#4570 = CARTESIAN_POINT ( 'NONE',  ( 2.463457980066773523, 44.26264757688009865, -1.972579624282522204 ) ) ;
#4571 = B_SPLINE_CURVE_WITH_KNOTS ( 'NONE', 3,
 ( #262, #6050, #2873, #4071, #1471, #186 ),
 .UNSPECIFIED., .F., .F.,
 ( 4, 2, 4 ),
 ( 1.119108809552030517E-15, 9.605744625478699423E-05, 0.0001921148925084548750 ),
 .UNSPECIFIED. ) ;
#4572 = CARTESIAN_POINT ( 'NONE',  ( -1.484490213357230637, 14.14960498177568304, -1.342694391934094789 ) ) ;
#4573 = ORIENTED_EDGE ( 'NONE', *, *, #7093, .T. ) ;
#4574 = ORIENTED_EDGE ( 'NONE', *, *, #2437, .F. ) ;
#4575 = CARTESIAN_POINT ( 'NONE',  ( -2.999501062348042257, 14.99999999999999645, 0.05471176265635932512 ) ) ;
#4576 = CARTESIAN_POINT ( 'NONE',  ( -9.436934691713835477, 26.00000000000002132, 0.000000000000000000 ) ) ;
#4577 = CARTESIAN_POINT ( 'NONE',  ( 2.639600428609465865, 45.15923110274044205, 1.430254366916510866 ) ) ;
#4578 = CARTESIAN_POINT ( 'NONE',  ( 2.656686160983736222, 44.80147694131347436, -1.409111781722794943 ) ) ;
#4579 = FACE_OUTER_BOUND ( 'NONE', #6832, .T. ) ;
#4580 = ORIENTED_EDGE ( 'NONE', *, *, #3082, .T. ) ;
#4581 = ORIENTED_EDGE ( 'NONE', *, *, #6565, .T. ) ;
#4582 = DIRECTION ( 'NONE',  ( 0.4999999999997949973, -0.000000000000000000, -0.8660254037845569464 ) ) ;
#4583 = ORIENTED_EDGE ( 'NONE', *, *, #2680, .T. ) ;
#4584 = CARTESIAN_POINT ( 'NONE',  ( 12.29072602511001300, 28.78166749643579081, -1.000000000000000000 ) ) ;
#4585 = DIRECTION ( 'NONE',  ( 8.673617379884035472E-17, -1.000000000000000000, -0.000000000000000000 ) ) ;
#4586 = CARTESIAN_POINT ( 'NONE',  ( -8.638503887758774979, 25.39791341877130293, 0.000000000000000000 ) ) ;
#4587 = CARTESIAN_POINT ( 'NONE',  ( -2.943013247907306784, 44.25785963627890851, -1.143059361644265248 ) ) ;
#4588 = CARTESIAN_POINT ( 'NONE',  ( 1.685029307834321255, 14.26710806153172584, 1.080957951682116169 ) ) ;
#4589 = DIRECTION ( 'NONE',  ( 0.000000000000000000, -0.5467874866480758600, 0.8372714281791061586 ) ) ;
#4590 = CARTESIAN_POINT ( 'NONE',  ( -3.277414374212611392, 38.00000000000001421, 5.676648213592921266 ) ) ;
#4591 = EDGE_LOOP ( 'NONE', ( #7722, #4538, #1461 ) ) ;
#4592 = VERTEX_POINT ( 'NONE', #5671 ) ;
#4593 = ORIENTED_EDGE ( 'NONE', *, *, #2383, .F. ) ;
#4594 = ADVANCED_FACE ( 'NONE', ( #4281 ), #5271, .T. ) ;
#4595 = ORIENTED_EDGE ( 'NONE', *, *, #5044, .T. ) ;
#4596 = CARTESIAN_POINT ( 'NONE',  ( -10.91451494307419878, 29.96536639221920240, 0.9999999999988483657 ) ) ;
#4597 = EDGE_CURVE ( 'NONE', #4419, #6132, #2948, .T. ) ;
#4598 = EDGE_CURVE ( 'NONE', #5015, #5836, #1028, .T. ) ;
#4599 = CARTESIAN_POINT ( 'NONE',  ( -3.022851656515216590, 44.06531866982276568, -1.100169044445310051 ) ) ;
#4600 = CARTESIAN_POINT ( 'NONE',  ( 2.792243283619332495, 45.09453418789504298, -1.244130088573405901 ) ) ;
#4601 = AXIS2_PLACEMENT_3D ( 'NONE', #758, #7675, #1714 ) ;
#4602 = ORIENTED_EDGE ( 'NONE', *, *, #4609, .F. ) ;
#4603 = DIRECTION ( 'NONE',  ( -0.8660254037844362651, 0.000000000000000000, 0.5000000000000039968 ) ) ;
#4604 = CIRCLE ( 'NONE', #7601, 1.000000000000002220 ) ;
#4605 = EDGE_CURVE ( 'NONE', #3043, #3326, #5632, .T. ) ;
#4606 = CARTESIAN_POINT ( 'NONE',  ( -0.5773502691966269085, 47.89898643124379873, -0.9999999999903571579 ) ) ;
#4607 = CARTESIAN_POINT ( 'NONE',  ( -0.5773502691863823255, 47.89898643127421707, 0.9999999999984600096 ) ) ;
#4608 = DIRECTION ( 'NONE',  ( -0.5000000000000039968, 0.000000000000000000, -0.8660254037844362651 ) ) ;
#4609 = EDGE_CURVE ( 'NONE', #3807, #1828, #7596, .T. ) ;
#4610 = CARTESIAN_POINT ( 'NONE',  ( 0.6564800503374675911, 14.05110501972482417, 1.896398966051929147 ) ) ;
#4611 = CARTESIAN_POINT ( 'NONE',  ( 2.558783054501209353, 43.20385446235519566, 2.431942255940590325 ) ) ;
#4612 = ADVANCED_FACE ( 'NONE', ( #5489 ), #4928, .T. ) ;
#4613 = ORIENTED_EDGE ( 'NONE', *, *, #4235, .F. ) ;
#4614 = CIRCLE ( 'NONE', #4885, 1.000000000000000888 ) ;
#4615 = ORIENTED_EDGE ( 'NONE', *, *, #8147, .F. ) ;
#4616 = CARTESIAN_POINT ( 'NONE',  ( 1.689464531629616406, 14.26795665965084403, -1.073765902652432436 ) ) ;
#4617 = CARTESIAN_POINT ( 'NONE',  ( -2.299927135703942582, 45.41147157456461514, -1.626868541488402764 ) ) ;
#4618 = ADVANCED_FACE ( 'NONE', ( #5450 ), #5556, .T. ) ;
#4619 = CARTESIAN_POINT ( 'NONE',  ( 2.021166490767177137, 43.88174952109753946, 3.500763050037405399 ) ) ;
#4620 = CARTESIAN_POINT ( 'NONE',  ( 1.901156623567398452, 44.45408106772751466, -3.010192104570696081 ) ) ;
#4621 = DIRECTION ( 'NONE',  ( -0.5000000000000039968, 0.000000000000000000, -0.8660254037844362651 ) ) ;
#4622 = ADVANCED_FACE ( 'NONE', ( #4140 ), #920, .T. ) ;
#4623 = CARTESIAN_POINT ( 'NONE',  ( -1.913902501176123483, 15.10261212769951555, -1.811550224922736874 ) ) ;
#4624 = VERTEX_POINT ( 'NONE', #4266 ) ;
#4625 = ORIENTED_EDGE ( 'NONE', *, *, #3224, .F. ) ;
#4626 = ADVANCED_FACE ( 'NONE', ( #2810 ), #3426, .T. ) ;
#4627 = CARTESIAN_POINT ( 'NONE',  ( 11.66703064672726420, 28.00000000000012079, -1.000000000000000000 ) ) ;
#4628 = CARTESIAN_POINT ( 'NONE',  ( -1.903810431272446868, 14.15138986908799801, -0.6183280808047629806 ) ) ;
#4629 = CARTESIAN_POINT ( 'NONE',  ( 0.4178014005129738195, 14.15081024813194155, -1.957560499760405914 ) ) ;
#4630 = CARTESIAN_POINT ( 'NONE',  ( -3.089560208280272668, 41.65726546203566016, -5.351275260184420901 ) ) ;
#4631 = CARTESIAN_POINT ( 'NONE',  ( 1.876413254231228400, 14.18891475779957290, 0.6971322397804545767 ) ) ;
#4632 = CARTESIAN_POINT ( 'NONE',  ( 0.8660254037844644648, 14.99999999999999645, 3.500000000000012434 ) ) ;
#4633 = DIRECTION ( 'NONE',  ( 0.000000000000000000, 0.000000000000000000, 1.000000000000000000 ) ) ;
#4634 = ORIENTED_EDGE ( 'NONE', *, *, #4093, .F. ) ;
#4635 = ORIENTED_EDGE ( 'NONE', *, *, #6796, .F. ) ;
#4636 = ORIENTED_EDGE ( 'NONE', *, *, #69, .T. ) ;
#4637 = EDGE_LOOP ( 'NONE', ( #6268, #179, #645, #7590, #4580, #1426, #5900, #2724, #199 ) ) ;
#4638 = DIRECTION ( 'NONE',  ( 0.8660254037844432595, 0.000000000000000000, 0.4999999999999920064 ) ) ;
#4639 = FACE_OUTER_BOUND ( 'NONE', #2061, .T. ) ;
#4640 = AXIS2_PLACEMENT_3D ( 'NONE', #1708, #5737, #6945 ) ;
#4641 = CARTESIAN_POINT ( 'NONE',  ( -1.701860423462995930, 15.01811893563425926, 2.374369007778470042 ) ) ;
#4642 = ORIENTED_EDGE ( 'NONE', *, *, #8016, .T. ) ;
#4643 = CARTESIAN_POINT ( 'NONE',  ( -4.524057168341189872, 32.03055223262955309, -7.835896871915203121 ) ) ;
#4644 = CARTESIAN_POINT ( 'NONE',  ( 0.4103618723655463318, 48.02966326570178524, -1.000000000006533662 ) ) ;
#4645 = DIRECTION ( 'NONE',  ( -1.000000000000000000, -0.000000000000000000, -0.000000000000000000 ) ) ;
#4646 = EDGE_CURVE ( 'NONE', #8432, #7841, #6891, .T. ) ;
#4647 = CARTESIAN_POINT ( 'NONE',  ( -16.85587034058763933, 14.99999999999999467, 0.000000000000000000 ) ) ;
#4648 = EDGE_CURVE ( 'NONE', #7748, #5576, #4458, .T. ) ;
#4649 = EDGE_CURVE ( 'NONE', #1980, #7703, #5876, .T. ) ;
#4650 = CARTESIAN_POINT ( 'NONE',  ( 1.313085539864282225, 14.99999999999999645, 2.665256855902593092 ) ) ;
#4651 = AXIS2_PLACEMENT_3D ( 'NONE', #596, #1839, #1337 ) ;
#4652 = EDGE_LOOP ( 'NONE', ( #8456, #6263, #3051 ) ) ;
#4653 = AXIS2_PLACEMENT_3D ( 'NONE', #7943, #1346, #13 ) ;
#4654 = CIRCLE ( 'NONE', #540, 2.000000000000000000 ) ;
#4655 = ORIENTED_EDGE ( 'NONE', *, *, #2424, .F. ) ;
#4656 = CARTESIAN_POINT ( 'NONE',  ( -8.427935170293711309, 15.99999999999996270, 14.59761191784566670 ) ) ;
#4657 = CARTESIAN_POINT ( 'NONE',  ( -2.581595724135725689, 15.09381689586232866, 0.6850750361071762384 ) ) ;
#4658 = SPHERICAL_SURFACE ( 'NONE', #3178, 1.000000000000000000 ) ;
#4659 = CARTESIAN_POINT ( 'NONE',  ( -2.106055581393460496, 43.69040101299459877, -3.647795270537444345 ) ) ;
#4660 = CARTESIAN_POINT ( 'NONE',  ( -1.945271105955167279, 44.13558696466565578, 3.293696934588708825 ) ) ;
#4661 = CARTESIAN_POINT ( 'NONE',  ( 2.752141265218640331, 45.11785347646533495, -1.285062765557705822 ) ) ;
#4662 = CARTESIAN_POINT ( 'NONE',  ( 8.427935170293679334, 14.99999999999999645, -14.59761191784562229 ) ) ;
#4663 = CARTESIAN_POINT ( 'NONE',  ( -1.710914677466356393, 42.62898018488757401, 4.963391153868959904 ) ) ;
#4664 = CIRCLE ( 'NONE', #8077, 1.000000000000000000 ) ;
#4665 = ORIENTED_EDGE ( 'NONE', *, *, #2770, .F. ) ;
#4666 = ORIENTED_EDGE ( 'NONE', *, *, #6797, .F. ) ;
#4667 = CARTESIAN_POINT ( 'NONE',  ( 7.295681751992244557, 40.78962497853954972, 0.000000000000000000 ) ) ;
#4668 = CARTESIAN_POINT ( 'NONE',  ( 2.133006345765889655, 15.13687336377885728, 1.293672398949543778 ) ) ;
#4669 = EDGE_CURVE ( 'NONE', #1274, #6200, #8423, .T. ) ;
#4670 = CARTESIAN_POINT ( 'NONE',  ( -1.078753581417992713, 44.30400931010112942, 3.594300259579593870 ) ) ;
#4671 = CIRCLE ( 'NONE', #962, 2.000000000000000000 ) ;
#4672 = CARTESIAN_POINT ( 'NONE',  ( 5.421300043256495726, 23.11104036078422652, -7.389967117995776213 ) ) ;
#4673 = CARTESIAN_POINT ( 'NONE',  ( -1.331522714760968062, 14.99999999999999289, -2.659927962733869666 ) ) ;
#4674 = CARTESIAN_POINT ( 'NONE',  ( 0.5442071514425370626, 45.33504885727394651, -2.822241454201325883 ) ) ;
#4675 = CARTESIAN_POINT ( 'NONE',  ( 4.921388099832040730, 29.35288596413669282, 10.52409423265316413 ) ) ;
#4676 = LINE ( 'NONE', #7892, #6095 ) ;
#4677 = ORIENTED_EDGE ( 'NONE', *, *, #5708, .T. ) ;
#4678 = AXIS2_PLACEMENT_3D ( 'NONE', #3130, #5069, #4413 ) ;
#4679 = ORIENTED_EDGE ( 'NONE', *, *, #6239, .T. ) ;
#4680 = ORIENTED_EDGE ( 'NONE', *, *, #4916, .T. ) ;
#4681 = VERTEX_POINT ( 'NONE', #7366 ) ;
#4682 = DIRECTION ( 'NONE',  ( -0.6020865812287161667, 0.7984308039550557234, 0.000000000000000000 ) ) ;
#4683 = CARTESIAN_POINT ( 'NONE',  ( -0.8535813902036885059, 44.66918538336130240, -3.319212660547491645 ) ) ;
#4684 = AXIS2_PLACEMENT_3D ( 'NONE', #534, #7102, #30 ) ;
#4685 = CARTESIAN_POINT ( 'NONE',  ( -12.29072602511014090, 28.78166749643568423, -0.9999999999999991118 ) ) ;
#4686 = TOROIDAL_SURFACE ( 'NONE', #7417, 2.000000000000000000, 1.000000000000000000 ) ;
#4687 = CARTESIAN_POINT ( 'NONE',  ( 3.792505648866787205, 44.15673618847961990, -0.8509286625953534910 ) ) ;
#4688 = ADVANCED_FACE ( 'NONE', ( #1492 ), #6116, .T. ) ;
#4689 = CARTESIAN_POINT ( 'NONE',  ( -2.008142112050627759, 43.91110777167397572, 3.478204166908351880 ) ) ;
#4690 = VERTEX_POINT ( 'NONE', #5141 ) ;
#4691 = B_SPLINE_CURVE_WITH_KNOTS ( 'NONE', 3,
 ( #3041, #2252, #2407, #2997, #6294, #2951, #372, #6941, #3545, #7492 ),
 .UNSPECIFIED., .F., .F.,
 ( 4, 2, 2, 2, 4 ),
 ( 0.000000000000000000, 0.002886567610218616561, 0.005773135220437233123, 0.008659702830655847949, 0.01154627044087446451 ),
 .UNSPECIFIED. ) ;
#4692 = AXIS2_PLACEMENT_3D ( 'NONE', #5109, #5824, #155 ) ;
#4693 = DIRECTION ( 'NONE',  ( 0.000000000000000000, 0.7354398480754723577, -0.6775900160589189980 ) ) ;
#4694 = B_SPLINE_CURVE_WITH_KNOTS ( 'NONE', 3,
 ( #5918, #6610, #2646, #2688, #48, #5289, #4631, #7849, #1975, #4588, #7929, #2094, #7171, #7798, #804, #4013 ),
 .UNSPECIFIED., .F., .F.,
 ( 4, 2, 2, 2, 2, 2, 2, 4 ),
 ( 0.000000000000000000, 0.0002668061700383459454, 0.0005336123400766918908, 0.0008004185101150375651, 0.001067224680153383348, 0.001334030850191729022, 0.001600837020230074263, 0.002134449360306766262 ),
 .UNSPECIFIED. ) ;
#4695 = CARTESIAN_POINT ( 'NONE',  ( -2.672000430017610562, 44.78567817407022744, 1.388483827186661745 ) ) ;
#4696 = CARTESIAN_POINT ( 'NONE',  ( 8.891387303953781185, 30.65002721925065643, 1.000000000000000000 ) ) ;
#4697 = CARTESIAN_POINT ( 'NONE',  ( -1.510380950301376091, 37.13239514139890218, -4.616056544706103715 ) ) ;
#4698 = CARTESIAN_POINT ( 'NONE',  ( 0.1690766774733681865, 14.24781577949539191, 1.994603181878231046 ) ) ;
#4699 = CARTESIAN_POINT ( 'NONE',  ( 4.752812708171587630, 37.13239514139890218, -1.000000000000000000 ) ) ;
#4700 = AXIS2_PLACEMENT_3D ( 'NONE', #4482, #7829, #576 ) ;
#4701 = ORIENTED_EDGE ( 'NONE', *, *, #4869, .F. ) ;
#4702 = ADVANCED_FACE ( 'NONE', ( #1780 ), #1137, .T. ) ;
#4703 = CARTESIAN_POINT ( 'NONE',  ( 2.777414374212619830, 38.00000000000002132, -4.810622809808479339 ) ) ;
#4704 = CARTESIAN_POINT ( 'NONE',  ( -3.525468261067828735, 44.49377519882656173, 0.1604918244867006294 ) ) ;
#4705 = DIRECTION ( 'NONE',  ( 1.000000000000000000, 0.000000000000000000, 0.000000000000000000 ) ) ;
#4706 = ADVANCED_FACE ( 'NONE', ( #7611 ), #4874, .F. ) ;
#4707 = DIRECTION ( 'NONE',  ( -1.000000000000000000, 0.000000000000000000, 0.000000000000000000 ) ) ;
#4708 = CARTESIAN_POINT ( 'NONE',  ( -3.054011138117358470, 24.79582683754257388, 7.289702458100661531 ) ) ;
#4709 = ORIENTED_EDGE ( 'NONE', *, *, #1941, .F. ) ;
#4710 = ORIENTED_EDGE ( 'NONE', *, *, #2721, .F. ) ;
#4711 = CARTESIAN_POINT ( 'NONE',  ( 0.1700960734849533973, 44.75292953360361992, 3.014572516219265363 ) ) ;
#4712 = CARTESIAN_POINT ( 'NONE',  ( -2.116028213745333009, 43.66794915996770499, 3.665068376449017507 ) ) ;
#4713 = DIRECTION ( 'NONE',  ( 0.8660254037844363761, 0.000000000000000000, -0.5000000000000039968 ) ) ;
#4714 = DIRECTION ( 'NONE',  ( 1.000000000000000000, -0.000000000000000000, 0.000000000000000000 ) ) ;
#4715 = DIRECTION ( 'NONE',  ( 1.000000000000000000, 0.000000000000000000, 0.000000000000000000 ) ) ;
#4716 = CARTESIAN_POINT ( 'NONE',  ( -9.110549278944246154, 23.11104036078423007, -1.000000000000000000 ) ) ;
#4717 = EDGE_CURVE ( 'NONE', #1799, #1592, #445, .T. ) ;
#4718 = CARTESIAN_POINT ( 'NONE',  ( -3.242431757870193998, 37.13239514139891639, 3.616056544706133469 ) ) ;
#4719 =( BOUNDED_SURFACE ( )  B_SPLINE_SURFACE ( 3, 2, ( 
 ( #2703, #1394, #5267 ),
 ( #741, #4029, #3319 ),
 ( #3991, #5351, #2523 ),
 ( #6627, #3944, #2660 ),
 ( #7821, #1350, #1309 ),
 ( #701, #3275, #782 ) ),
 .UNSPECIFIED., .F., .F., .F. ) 
 B_SPLINE_SURFACE_WITH_KNOTS ( ( 4, 2, 4 ),
 ( 3, 3 ),
 ( 0.02353340272940516315, 0.02986736026464135649, 0.03620131779987754983 ),
 ( 0.000000000000000000, 1.000000000000000000 ),
 .UNSPECIFIED. ) 
 GEOMETRIC_REPRESENTATION_ITEM ( )  RATIONAL_B_SPLINE_SURFACE ( (
 ( 1.000000000000000000, 0.7071067811865475727, 1.000000000000000000),
 ( 1.000000000000000000, 0.7071067811865475727, 1.000000000000000000),
 ( 1.000000000000000000, 0.7071067811865475727, 1.000000000000000000),
 ( 1.000000000000000000, 0.7071067811865475727, 1.000000000000000000),
 ( 1.000000000000000000, 0.7071067811865475727, 1.000000000000000000),
 ( 1.000000000000000000, 0.7071067811865475727, 1.000000000000000000) ) ) 
 REPRESENTATION_ITEM ( '' )  SURFACE ( )  );
#4720 = ORIENTED_EDGE ( 'NONE', *, *, #2226, .T. ) ;
#4721 = EDGE_CURVE ( 'NONE', #4681, #690, #2123, .T. ) ;
#4722 = VERTEX_POINT ( 'NONE', #4401 ) ;
#4723 = DIRECTION ( 'NONE',  ( 0.3908337482176810762, -0.6236953783827413611, 0.6769439092259620372 ) ) ;
#4724 = VERTEX_POINT ( 'NONE', #7567 ) ;
#4725 = CARTESIAN_POINT ( 'NONE',  ( 0.8174624669596783910, 14.00000002636689267, -1.833425925616503083 ) ) ;
#4726 = CARTESIAN_POINT ( 'NONE',  ( -1.791999654640796358, 44.29023015206190195, -3.233105719064298000 ) ) ;
#4727 = CARTESIAN_POINT ( 'NONE',  ( 3.089637905534381002, 41.65714473246246996, 5.351409803047550540 ) ) ;
#4728 = B_SPLINE_CURVE_WITH_KNOTS ( 'NONE', 3,
 ( #1789, #8308, #2999, #7619, #981, #7030, #3548, #6213, #6173, #5539 ),
 .UNSPECIFIED., .F., .F.,
 ( 4, 2, 2, 2, 4 ),
 ( 2.800398918089861221E-14, 0.0006417427666156691078, 0.001283485533203334358, 0.001925228299790999499, 0.002566971066378664641 ),
 .UNSPECIFIED. ) ;
#4729 = ADVANCED_FACE ( 'NONE', ( #1699 ), #4354, .F. ) ;
#4730 = CARTESIAN_POINT ( 'NONE',  ( -1.637803830583615339, 15.00000000000000000, 2.483096478065970114 ) ) ;
#4731 = CARTESIAN_POINT ( 'NONE',  ( -7.295681752008453813, 40.78962497853766678, -8.934633305194906616E-16 ) ) ;
#4732 = DIRECTION ( 'NONE',  ( 1.000000000000000000, -0.000000000000000000, 0.000000000000000000 ) ) ;
#4733 = ADVANCED_FACE ( 'NONE', ( #1010 ), #8259, .T. ) ;
#4734 = EDGE_CURVE ( 'NONE', #1316, #7965, #3809, .T. ) ;
#4735 = VERTEX_POINT ( 'NONE', #5689 ) ;
#4736 = CARTESIAN_POINT ( 'NONE',  ( -0.8660254037844432595, 0.000000000000000000, -0.4999999999999920064 ) ) ;
#4737 = CARTESIAN_POINT ( 'NONE',  ( -7.899604925531907185, 18.03993936032984635, -13.68251709073712874 ) ) ;
#4738 = CARTESIAN_POINT ( 'NONE',  ( 6.682091992262303215, 39.99999999999754152, 0.000000000000000000 ) ) ;
#4739 = CARTESIAN_POINT ( 'NONE',  ( -3.575865998474617502, 30.65890518818009980, -8.193581590415968563 ) ) ;
#4740 = CARTESIAN_POINT ( 'NONE',  ( -1.732050807577299567, 43.02671304668703556, 3.000000000014652279 ) ) ;
#4741 = AXIS2_PLACEMENT_3D ( 'NONE', #1632, #4239, #3053 ) ;
#4742 = CARTESIAN_POINT ( 'NONE',  ( 0.3004640410372548254, 45.78277757838656470, 2.520418984906778626 ) ) ;
#4743 = ORIENTED_EDGE ( 'NONE', *, *, #3491, .T. ) ;
#4744 = AXIS2_PLACEMENT_3D ( 'NONE', #6037, #6733, #2775 ) ;
#4745 = ADVANCED_FACE ( 'NONE', ( #8301 ), #7067, .T. ) ;
#4746 = CARTESIAN_POINT ( 'NONE',  ( -7.897718084054762500, 18.04276379885772386, 13.67924898544381840 ) ) ;
#4747 = CARTESIAN_POINT ( 'NONE',  ( -1.773811362579132744, 14.26301810824552874, 0.9248944578670670325 ) ) ;
#4748 = AXIS2_PLACEMENT_3D ( 'NONE', #3176, #4320, #2373 ) ;
#4749 = CARTESIAN_POINT ( 'NONE',  ( 0.2051332334917623235, 47.09063408238322523, -1.644698817296206705 ) ) ;
#4750 = CARTESIAN_POINT ( 'NONE',  ( 1.836970198721029589E-15, 4.000000000000000000, 15.00000000000000000 ) ) ;
#4751 = CARTESIAN_POINT ( 'NONE',  ( -3.027822915028223871, 36.73160648748266510, -5.244343125150131790 ) ) ;
#4752 = CARTESIAN_POINT ( 'NONE',  ( -8.450077789617626678, 17.26321955728363733, -12.63596405952690205 ) ) ;
#4753 = CIRCLE ( 'NONE', #3101, 3.000000000000000000 ) ;
#4754 = DIRECTION ( 'NONE',  ( -4.807406715959441539E-14, 1.000000000000000000, -2.775557561561968384E-14 ) ) ;
#4755 = FACE_OUTER_BOUND ( 'NONE', #587, .T. ) ;
#4756 = CIRCLE ( 'NONE', #8156, 1.000000000000000000 ) ;
#4757 = B_SPLINE_CURVE_WITH_KNOTS ( 'NONE', 3,
 ( #5988, #2686, #5332, #7927, #4672, #3385 ),
 .UNSPECIFIED., .F., .F.,
 ( 4, 2, 4 ),
 ( 0.001702221660648620301, 0.008026601202621309883, 0.01435098074459400033 ),
 .UNSPECIFIED. ) ;
#4758 = ORIENTED_EDGE ( 'NONE', *, *, #7749, .F. ) ;
#4759 = ORIENTED_EDGE ( 'NONE', *, *, #4133, .F. ) ;
#4760 = SPHERICAL_SURFACE ( 'NONE', #265, 1.000000000000000000 ) ;
#4761 = CIRCLE ( 'NONE', #5566, 1.000000000000000222 ) ;
#4762 = CARTESIAN_POINT ( 'NONE',  ( 0.02429841977729936542, 45.42943630691776491, 2.801783209344945735 ) ) ;
#4763 = CARTESIAN_POINT ( 'NONE',  ( -2.826910364149248345, 37.56619757069947241, -4.896352379149481848 ) ) ;
#4764 = CARTESIAN_POINT ( 'NONE',  ( 0.1802695983432547611, 45.66546799582821592, 2.958854646935463073 ) ) ;
#4765 = CARTESIAN_POINT ( 'NONE',  ( -10.51738371462757193, 21.54799404451774691, -1.000000000000000000 ) ) ;
#4766 = PRODUCT_DEFINITION_CONTEXT ( 'detailed design', #6162, 'design' ) ;
#4767 = CARTESIAN_POINT ( 'NONE',  ( -2.042330776379430279, 45.17266481058013738, 2.190951264008737187 ) ) ;
#4768 = ORIENTED_EDGE ( 'NONE', *, *, #1404, .T. ) ;
#4769 = ORIENTED_EDGE ( 'NONE', *, *, #8119, .F. ) ;
#4770 = CARTESIAN_POINT ( 'NONE',  ( 9.436934691713835477, 26.00000000000001776, 0.000000000000000000 ) ) ;
#4771 = VERTEX_POINT ( 'NONE', #3291 ) ;
#4772 = LINE ( 'NONE', #4020, #6585 ) ;
#4773 = CARTESIAN_POINT ( 'NONE',  ( -2.950985082257211012, 45.14529430223849715, 0.6295860573089918644 ) ) ;
#4774 = CARTESIAN_POINT ( 'NONE',  ( 3.464101615126204958, 43.02671304669218699, 1.000000000000000000 ) ) ;
#4775 = DIRECTION ( 'NONE',  ( -0.5000000000000037748, -3.871990935462718060E-15, -0.8660254037844365982 ) ) ;
#4776 = DIRECTION ( 'NONE',  ( -4.807406715959413140E-14, 1.000000000000000000, 2.775557561562056736E-14 ) ) ;
#4777 = ADVANCED_FACE ( 'NONE', ( #7106 ), #1363, .F. ) ;
#4778 = ORIENTED_EDGE ( 'NONE', *, *, #2813, .F. ) ;
#4779 = CARTESIAN_POINT ( 'NONE',  ( 11.66703064672726420, 28.00000000000012079, 1.000000000000000000 ) ) ;
#4780 = AXIS2_PLACEMENT_3D ( 'NONE', #5674, #519, #8320 ) ;
#4781 = CARTESIAN_POINT ( 'NONE',  ( -4.554828748425329366, 38.00000000000000711, 0.000000000000000000 ) ) ;
#4782 = ADVANCED_FACE ( 'NONE', ( #714 ), #2637, .F. ) ;
#4783 = CARTESIAN_POINT ( 'NONE',  ( 7.408442687583612241, 34.25427431936859080, 1.000000000000000000 ) ) ;
#4784 = CARTESIAN_POINT ( 'NONE',  ( 8.427935170293679334, 16.00000000000000000, -14.59761191784562406 ) ) ;
#4785 = CARTESIAN_POINT ( 'NONE',  ( -0.9682458365518353816, 13.99999999999999645, 1.750000000000010658 ) ) ;
#4786 = ORIENTED_EDGE ( 'NONE', *, *, #6880, .F. ) ;
#4787 = CARTESIAN_POINT ( 'NONE',  ( -5.908815343291561106, 18.62019707413318415, 12.23436838712377472 ) ) ;
#4788 = CARTESIAN_POINT ( 'NONE',  ( -1.877491202874471909, 14.18763385292723278, 0.6942538235804880387 ) ) ;
#4789 = CARTESIAN_POINT ( 'NONE',  ( 1.903810431272452197, 14.15138986908799801, 0.6183280808047444399 ) ) ;
#4790 = CARTESIAN_POINT ( 'NONE',  ( 3.099256001843535557, 41.94482352976515216, 3.368068860861778813 ) ) ;
#4791 = CARTESIAN_POINT ( 'NONE',  ( -2.677084810029702666, 45.35253749460266448, -1.000000000002162270 ) ) ;
#4792 = CARTESIAN_POINT ( 'NONE',  ( 2.792243283628767614, 45.09453418788953627, 1.244130088575339910 ) ) ;
#4793 = CARTESIAN_POINT ( 'NONE',  ( -5.833515323363606342, 28.00000000000001066, 10.10394492679757228 ) ) ;
#4794 = DIRECTION ( 'NONE',  ( 0.4087689201993060517, -0.9126379182781598765, 0.000000000000000000 ) ) ;
#4795 = AXIS2_PLACEMENT_3D ( 'NONE', #5426, #4776, #3867 ) ;
#4796 = CIRCLE ( 'NONE', #6289, 0.9999999999999994449 ) ;
#4797 = ORIENTED_EDGE ( 'NONE', *, *, #765, .T. ) ;
#4798 = ORIENTED_EDGE ( 'NONE', *, *, #4379, .F. ) ;
#4799 = CARTESIAN_POINT ( 'NONE',  ( 1.452368754827788377, 13.99999999999999822, 2.624999999999996003 ) ) ;
#4800 = VECTOR ( 'NONE', #4282, 1000.000000000000000 ) ;
#4801 = FACE_OUTER_BOUND ( 'NONE', #6655, .T. ) ;
#4802 = LINE ( 'NONE', #7450, #7141 ) ;
#4803 = DIRECTION ( 'NONE',  ( 1.000000000000000000, 0.000000000000000000, 0.000000000000000000 ) ) ;
#4804 = FACE_OUTER_BOUND ( 'NONE', #1383, .T. ) ;
#4805 = AXIS2_PLACEMENT_3D ( 'NONE', #6275, #5522, #3606 ) ;
#4806 = CARTESIAN_POINT ( 'NONE',  ( -2.605018883454071510, 45.16345078889274589, 1.485136315101223570 ) ) ;
#4807 = FACE_OUTER_BOUND ( 'NONE', #4637, .T. ) ;
#4808 = ORIENTED_EDGE ( 'NONE', *, *, #2914, .T. ) ;
#4809 = ORIENTED_EDGE ( 'NONE', *, *, #2185, .F. ) ;
#4810 = EDGE_LOOP ( 'NONE', ( #2639, #652, #7682, #7499 ) ) ;
#4811 = ORIENTED_EDGE ( 'NONE', *, *, #778, .F. ) ;
#4812 =( GEOMETRIC_REPRESENTATION_CONTEXT ( 3 ) GLOBAL_UNCERTAINTY_ASSIGNED_CONTEXT ( ( #2171 ) ) GLOBAL_UNIT_ASSIGNED_CONTEXT ( ( #5197, #5115, #4368 ) ) REPRESENTATION_CONTEXT ( 'NONE', 'WORKASPACE' ) );
#4813 = CARTESIAN_POINT ( 'NONE',  ( 8.427935170293880063, 16.00000000000000000, 14.59761191784550327 ) ) ;
#4814 = CARTESIAN_POINT ( 'NONE',  ( -2.943013248332015053, 44.25785963499202325, 1.143059361339250346 ) ) ;
#4815 = DIRECTION ( 'NONE',  ( 0.9517756572229867373, -0.2545273128163348941, 0.1712861504858088357 ) ) ;
#4816 = CARTESIAN_POINT ( 'NONE',  ( -4.513866279796148184, 40.78962497853699887, 5.818245735178844136 ) ) ;
#4817 = EDGE_CURVE ( 'NONE', #1077, #7807, #2249, .T. ) ;
#4818 = CARTESIAN_POINT ( 'NONE',  ( 0.9682458365518351595, 13.99999999999999467, -1.750000000000010658 ) ) ;
#4819 = VECTOR ( 'NONE', #5152, 1000.000000000000114 ) ;
#4820 = EDGE_LOOP ( 'NONE', ( #5, #2332, #3500, #906 ) ) ;
#4821 = ORIENTED_EDGE ( 'NONE', *, *, #6130, .F. ) ;
#4822 = CIRCLE ( 'NONE', #7966, 0.9999999999999980016 ) ;
#4823 = CARTESIAN_POINT ( 'NONE',  ( -11.66703064672726420, 28.00000000000012079, -1.000000000000000000 ) ) ;
#4824 = AXIS2_PLACEMENT_3D ( 'NONE', #1599, #6139, #6831 ) ;
#4825 = AXIS2_PLACEMENT_3D ( 'NONE', #5058, #2494, #7107 ) ;
#4826 = CARTESIAN_POINT ( 'NONE',  ( 8.427935170293883615, 16.00000000000000000, 14.59761191784550860 ) ) ;
#4827 = CARTESIAN_POINT ( 'NONE',  ( 2.774214148823081150, 15.05197703219976191, -0.4662321507152187849 ) ) ;
#4828 = CARTESIAN_POINT ( 'NONE',  ( 7.428780049027250421, 34.31822911140539389, -0.000000000000000000 ) ) ;
#4829 = ADVANCED_FACE ( 'NONE', ( #7920 ), #6922, .T. ) ;
#4830 = ORIENTED_EDGE ( 'NONE', *, *, #4345, .T. ) ;
#4831 = EDGE_CURVE ( 'NONE', #6533, #4464, #1228, .T. ) ;
#4832 = CARTESIAN_POINT ( 'NONE',  ( 1.148502273380374472, 14.92130231241474547, 1.659547040693133635 ) ) ;
#4833 = CARTESIAN_POINT ( 'NONE',  ( 2.370498395567417482, 45.42992115725098046, 1.497547950628768998 ) ) ;
#4834 = DIRECTION ( 'NONE',  ( 1.000000000000000000, -3.469446951953611033E-15, 0.000000000000000000 ) ) ;
#4835 = VECTOR ( 'NONE', #2279, 1000.000000000000000 ) ;
#4836 = CARTESIAN_POINT ( 'NONE',  ( -9.436934691713835477, 27.00000000000001066, 0.000000000000000000 ) ) ;
#4837 = CARTESIAN_POINT ( 'NONE',  ( -1.547132307520276973, 13.99999999999999467, -2.570288237343621773 ) ) ;
#4838 = CARTESIAN_POINT ( 'NONE',  ( -2.672012521829325582, 44.78566149652703388, -1.388469310747300955 ) ) ;
#4839 = AXIS2_PLACEMENT_3D ( 'NONE', #7042, #3094, #5672 ) ;
#4840 = CARTESIAN_POINT ( 'NONE',  ( 4.805931201601128855, 31.34684839869098738, 8.324117018853611327 ) ) ;
#4841 = ORIENTED_EDGE ( 'NONE', *, *, #6494, .T. ) ;
#4842 = ORIENTED_EDGE ( 'NONE', *, *, #1601, .T. ) ;
#4843 = CARTESIAN_POINT ( 'NONE',  ( 2.576940078141586543, 42.62898020292014678, 4.463391174317727916 ) ) ;
#4844 = CARTESIAN_POINT ( 'NONE',  ( 0.2631736307249528672, 45.11785347339256447, 3.025955632385852301 ) ) ;
#4845 = CARTESIAN_POINT ( 'NONE',  ( 1.212231646571834354, 15.01715472476382018, -2.661237616886835244 ) ) ;
#4846 = DIRECTION ( 'NONE',  ( 0.000000000000000000, 0.7443010259546590790, 0.6678442803250185245 ) ) ;
#4847 = EDGE_CURVE ( 'NONE', #8143, #8017, #2802, .T. ) ;
#4848 = CARTESIAN_POINT ( 'NONE',  ( -2.677084810048914854, 45.35253749462393102, 0.9999999999886302060 ) ) ;
#4849 = ORIENTED_EDGE ( 'NONE', *, *, #7986, .F. ) ;
#4850 = ORIENTED_EDGE ( 'NONE', *, *, #8133, .T. ) ;
#4851 = ORIENTED_EDGE ( 'NONE', *, *, #1997, .T. ) ;
#4852 = CIRCLE ( 'NONE', #5276, 1.000000000000000444 ) ;
#4853 = ORIENTED_EDGE ( 'NONE', *, *, #1262, .T. ) ;
#4854 = CARTESIAN_POINT ( 'NONE',  ( -5.833515323363493543, 28.00000000000001066, 10.10394492679737510 ) ) ;
#4855 = CARTESIAN_POINT ( 'NONE',  ( -3.464101615143249990, 43.02671304667550345, 0.9999999999999993339 ) ) ;
#4856 = DIRECTION ( 'NONE',  ( 0.000000000000000000, -1.000000000000000000, 0.000000000000000000 ) ) ;
#4857 = CARTESIAN_POINT ( 'NONE',  ( -11.66703064672740098, 28.00000000000001066, 0.000000000000000000 ) ) ;
#4858 = ORIENTED_EDGE ( 'NONE', *, *, #7290, .T. ) ;
#4859 = ORIENTED_EDGE ( 'NONE', *, *, #3983, .T. ) ;
#4860 = ADVANCED_FACE ( 'NONE', ( #834 ), #8042, .T. ) ;
#4861 = DIRECTION ( 'NONE',  ( 0.6020865812287158336, 0.7984308039550560565, -0.000000000000000000 ) ) ;
#4862 = CARTESIAN_POINT ( 'NONE',  ( -5.624995254238878140, 22.23024743433294859, -9.742777572674748754 ) ) ;
#4863 = CARTESIAN_POINT ( 'NONE',  ( -3.244678361438944503, 35.91205248722211252, 5.619947776231701830 ) ) ;
#4864 = DIRECTION ( 'NONE',  ( -0.5000000000000039968, 0.000000000000000000, -0.8660254037844362651 ) ) ;
#4865 = SPHERICAL_SURFACE ( 'NONE', #4824, 1.000000000000000000 ) ;
#4866 = EDGE_LOOP ( 'NONE', ( #7507, #4201, #7897, #3624 ) ) ;
#4867 = ADVANCED_FACE ( 'NONE', ( #5523 ), #960, .T. ) ;
#4868 = CARTESIAN_POINT ( 'NONE',  ( -1.642838687239128515, 14.24781577949541500, 1.143726288818532000 ) ) ;
#4869 = EDGE_CURVE ( 'NONE', #1580, #6078, #3410, .T. ) ;
#4870 = CARTESIAN_POINT ( 'NONE',  ( 1.031421538346851241, 13.99999999999999645, 1.713525491562414516 ) ) ;
#4871 = DIRECTION ( 'NONE',  ( 0.2169012146502773686, -0.9010080201268688693, 0.3756839239976793032 ) ) ;
#4872 = DIRECTION ( 'NONE',  ( -0.000000000000000000, 0.000000000000000000, 1.000000000000000000 ) ) ;
#4873 = B_SPLINE_CURVE_WITH_KNOTS ( 'NONE', 3,
 ( #5220, #1951, #4567, #6360, #5048, #5680, #8285, #2433 ),
 .UNSPECIFIED., .F., .F.,
 ( 4, 2, 2, 4 ),
 ( 0.000000000000000000, 0.003164576948818944527, 0.006329153897637889055, 0.01265830779527576944 ),
 .UNSPECIFIED. ) ;
#4874 = TOROIDAL_SURFACE ( 'NONE', #3763, 3.000000000000000000, 1.000000000000000000 ) ;
#4875 = CYLINDRICAL_SURFACE ( 'NONE', #3428, 1.000000000000000000 ) ;
#4876 = CARTESIAN_POINT ( 'NONE',  ( 0.000000000000000000, 4.000000000000000000, 0.000000000000000000 ) ) ;
#4877 = CARTESIAN_POINT ( 'NONE',  ( 5.791531471857864766, 29.34631447911166191, -10.03122676289106963 ) ) ;
#4878 = CARTESIAN_POINT ( 'NONE',  ( 3.647840876007610422, 40.78962497854510616, -6.318245735172289379 ) ) ;
#4879 = AXIS2_PLACEMENT_3D ( 'NONE', #3634, #6264, #381 ) ;
#4880 = VERTEX_POINT ( 'NONE', #1607 ) ;
#4881 = FACE_OUTER_BOUND ( 'NONE', #1317, .T. ) ;
#4882 = CARTESIAN_POINT ( 'NONE',  ( -11.66703064672740098, 27.00000000000001066, 0.000000000000000000 ) ) ;
#4883 = EDGE_CURVE ( 'NONE', #6042, #1623, #4086, .T. ) ;
#4884 = CARTESIAN_POINT ( 'NONE',  ( -5.279337608770459767, 28.78166749643579081, 11.14408096869985165 ) ) ;
#4885 = AXIS2_PLACEMENT_3D ( 'NONE', #3643, #4165, #4834 ) ;
#4886 = CARTESIAN_POINT ( 'NONE',  ( 1.411388970428184564, 38.00000000000002132, -4.444597406024027642 ) ) ;
#4887 = EDGE_CURVE ( 'NONE', #7748, #3418, #8116, .T. ) ;
#4888 = CARTESIAN_POINT ( 'NONE',  ( 8.727539662843797785, 16.80059265058807583, 15.11654212111784545 ) ) ;
#4889 = CARTESIAN_POINT ( 'NONE',  ( -2.487274205619542489, 45.42476380401537028, 1.297332691088072032 ) ) ;
#4890 = ORIENTED_EDGE ( 'NONE', *, *, #1300, .T. ) ;
#4891 = ORIENTED_EDGE ( 'NONE', *, *, #2199, .F. ) ;
#4892 = CARTESIAN_POINT ( 'NONE',  ( 0.000000000000000000, 28.00000000000001066, 0.000000000000000000 ) ) ;
#4893 = AXIS2_PLACEMENT_3D ( 'NONE', #6782, #2743, #135 ) ;
#4894 = ORIENTED_EDGE ( 'NONE', *, *, #5258, .F. ) ;
#4895 = B_SPLINE_CURVE_WITH_KNOTS ( 'NONE', 3,
 ( #358, #1538, #5451, #5991, #4966, #7561, #1693, #6774 ),
 .UNSPECIFIED., .F., .F.,
 ( 4, 2, 2, 4 ),
 ( 0.000000000000000000, 0.005754364769884465734, 0.008631547154826706841, 0.01150872953976894708 ),
 .UNSPECIFIED. ) ;
#4896 = CARTESIAN_POINT ( 'NONE',  ( -0.1947388880499148489, 44.73136714790109636, 3.018697917513137430 ) ) ;
#4897 = CARTESIAN_POINT ( 'NONE',  ( -1.861773188696813630, 14.84712186364454567, -0.7479046447015903487 ) ) ;
#4898 = CARTESIAN_POINT ( 'NONE',  ( -8.339595752520969937E-15, 14.26794919243110904, 2.000000000000000000 ) ) ;
#4899 = PRODUCT_DEFINITION ( 'æœ', '', #5371, #4766 ) ;
#4900 = CARTESIAN_POINT ( 'NONE',  ( -4.967489919579094249, 28.00000000000012079, 10.60394492679744438 ) ) ;
#4901 = DIRECTION ( 'NONE',  ( -1.000000000000000000, 0.000000000000000000, -0.000000000000000000 ) ) ;
#4902 = EDGE_LOOP ( 'NONE', ( #5118, #6439, #3212, #3587 ) ) ;
#4903 = EDGE_CURVE ( 'NONE', #7174, #5730, #3001, .T. ) ;
#4904 = ORIENTED_EDGE ( 'NONE', *, *, #6966, .F. ) ;
#4905 = ADVANCED_FACE ( 'NONE', ( #5558 ), #2378, .T. ) ;
#4906 = LINE ( 'NONE', #3482, #7125 ) ;
#4907 = CARTESIAN_POINT ( 'NONE',  ( 5.621290493807627797, 22.23807052434353793, -9.736360739382783791 ) ) ;
#4908 = FACE_OUTER_BOUND ( 'NONE', #7201, .T. ) ;
#4909 = DIRECTION ( 'NONE',  ( 8.673617379884035472E-17, -1.000000000000000000, -0.000000000000000000 ) ) ;
#4910 = CARTESIAN_POINT ( 'NONE',  ( -8.427935170293904932, 15.99999999999996980, -14.59761191784554590 ) ) ;
#4911 = CYLINDRICAL_SURFACE ( 'NONE', #2068, 1.000000000000000222 ) ;
#4912 = CARTESIAN_POINT ( 'NONE',  ( 5.653820728298454945, 37.56619757069945820, 0.000000000000000000 ) ) ;
#4913 = EDGE_LOOP ( 'NONE', ( #5913, #1886, #3926, #2509 ) ) ;
#4914 = EDGE_CURVE ( 'NONE', #6524, #8465, #3498, .T. ) ;
#4915 = CARTESIAN_POINT ( 'NONE',  ( -0.7796467882804870575, 47.71366762303640741, 1.000000000009449996 ) ) ;
#4916 = EDGE_CURVE ( 'NONE', #5493, #79, #8287, .T. ) ;
#4917 = CARTESIAN_POINT ( 'NONE',  ( 4.786061945686244101, 24.79582683754257744, -6.289702458100675742 ) ) ;
#4918 = CIRCLE ( 'NONE', #3424, 0.9999999999999993339 ) ;
#4919 = DIRECTION ( 'NONE',  ( 0.000000000000000000, 0.000000000000000000, 1.000000000000000000 ) ) ;
#4920 = DIRECTION ( 'NONE',  ( -0.01823725421878643824, 0.000000000000000000, -0.9998336874493474191 ) ) ;
#4921 = DIRECTION ( 'NONE',  ( -1.000000000000000000, -8.673617379884035472E-17, 0.000000000000000000 ) ) ;
#4922 = CARTESIAN_POINT ( 'NONE',  ( 5.457257471470555288, 29.96536639208942532, -9.452247210572830127 ) ) ;
#4923 = CIRCLE ( 'NONE', #3533, 2.000000000000000000 ) ;
#4924 = ORIENTED_EDGE ( 'NONE', *, *, #6967, .F. ) ;
#4925 = DIRECTION ( 'NONE',  ( -0.8660254037844435926, -0.000000000000000000, -0.4999999999999915068 ) ) ;
#4926 = LINE ( 'NONE', #8212, #3376 ) ;
#4927 = CARTESIAN_POINT ( 'NONE',  ( 0.8762540667012186368, 45.17266480867975531, -2.864185968205521515 ) ) ;
#4928 = SPHERICAL_SURFACE ( 'NONE', #7890, 1.000000000000000000 ) ;
#4929 = CARTESIAN_POINT ( 'NONE',  ( -3.624469547290607441, 40.90543876017510172, 4.277765406393602809 ) ) ;
#4930 = CARTESIAN_POINT ( 'NONE',  ( 5.833515323363612559, 28.00000000000001066, -10.10394492679757583 ) ) ;
#4931 = AXIS2_PLACEMENT_3D ( 'NONE', #1611, #5180, #490 ) ;
#4932 = CARTESIAN_POINT ( 'NONE',  ( -1.944421478572374795, 44.91966063729885406, 2.528219133612690683 ) ) ;
#4933 = AXIS2_PLACEMENT_3D ( 'NONE', #5877, #2507, #7172 ) ;
#4934 = ORIENTED_EDGE ( 'NONE', *, *, #4219, .T. ) ;
#4935 = VERTEX_POINT ( 'NONE', #5442 ) ;
#4936 = CARTESIAN_POINT ( 'NONE',  ( -4.392666453527213299, 21.54799404452229439, 9.608321478212721090 ) ) ;
#4937 = AXIS2_PLACEMENT_3D ( 'NONE', #5170, #1263, #6501 ) ;
#4938 = AXIS2_PLACEMENT_3D ( 'NONE', #5206, #7900, #4466 ) ;
#4939 = EDGE_CURVE ( 'NONE', #6241, #3997, #2577, .T. ) ;
#4940 = ORIENTED_EDGE ( 'NONE', *, *, #2038, .F. ) ;
#4941 = AXIS2_PLACEMENT_3D ( 'NONE', #4959, #4335, #390 ) ;
#4942 = ADVANCED_FACE ( 'NONE', ( #7477 ), #4209, .T. ) ;
#4943 = CARTESIAN_POINT ( 'NONE',  ( 0.1435822782394210739, 14.84579848709922167, -1.996671456506259990 ) ) ;
#4944 = CARTESIAN_POINT ( 'NONE',  ( -1.884090246835249838, 15.09381689586232689, -1.893189961349267980 ) ) ;
#4945 = AXIS2_PLACEMENT_3D ( 'NONE', #3196, #1267, #1952 ) ;
#4946 = CARTESIAN_POINT ( 'NONE',  ( -3.442316992969881362, 42.63044210472869366, 3.962267947826183967 ) ) ;
#4947 = FACE_OUTER_BOUND ( 'NONE', #8138, .T. ) ;
#4948 = ORIENTED_EDGE ( 'NONE', *, *, #2253, .T. ) ;
#4949 = ORIENTED_EDGE ( 'NONE', *, *, #4112, .F. ) ;
#4950 = FACE_OUTER_BOUND ( 'NONE', #5186, .T. ) ;
#4951 = CARTESIAN_POINT ( 'NONE',  ( 3.464101615137717527, 15.99999999999999645, -1.000000000000000000 ) ) ;
#4952 = EDGE_CURVE ( 'NONE', #3726, #4981, #5959, .T. ) ;
#4953 = AXIS2_PLACEMENT_3D ( 'NONE', #226, #4456, #862 ) ;
#4954 = CARTESIAN_POINT ( 'NONE',  ( 0.000000000000000000, 28.00000000000001066, -1.000000000000000000 ) ) ;
#4955 = CARTESIAN_POINT ( 'NONE',  ( -0.3377301246386819056, 14.18748710580157457, -1.973013150797488180 ) ) ;
#4956 = B_SPLINE_CURVE_WITH_KNOTS ( 'NONE', 3,
 ( #4402, #1826, #7063, #1229, #6471, #6420 ),
 .UNSPECIFIED., .F., .F.,
 ( 4, 2, 4 ),
 ( 0.002265593712064718594, 0.002587375590245875878, 0.002909157468427033162 ),
 .UNSPECIFIED. ) ;
#4957 = ORIENTED_EDGE ( 'NONE', *, *, #7542, .F. ) ;
#4958 = CIRCLE ( 'NONE', #6039, 1.000000000000000000 ) ;
#4959 = CARTESIAN_POINT ( 'NONE',  ( -5.584492749641288611, 26.00000000000000711, 7.672625176878907993 ) ) ;
#4960 = CARTESIAN_POINT ( 'NONE',  ( 0.000000000000000000, 40.00000000000000711, 0.000000000000000000 ) ) ;
#4961 = CARTESIAN_POINT ( 'NONE',  ( -16.85587034058764289, 15.99999999999998579, 0.000000000000000000 ) ) ;
#4962 = CARTESIAN_POINT ( 'NONE',  ( -1.732050807566897666, 43.02671304670307961, 2.999999999996635580 ) ) ;
#4963 = SPHERICAL_SURFACE ( 'NONE', #1255, 1.000000000000000000 ) ;
#4964 = CARTESIAN_POINT ( 'NONE',  ( -5.974997226025632990, 29.24653537639997225, 8.348998770559692417 ) ) ;
#4965 = CARTESIAN_POINT ( 'NONE',  ( 4.242946418457991697, 29.24653537639506240, -9.348998770561827598 ) ) ;
#4966 = CARTESIAN_POINT ( 'NONE',  ( -5.306982624108262492, 30.66112020816223094, -7.191963539840632080 ) ) ;
#4967 = CARTESIAN_POINT ( 'NONE',  ( -2.475020592341924619, 40.00000000003786482, 6.286861415709869227 ) ) ;
#4968 = EDGE_CURVE ( 'NONE', #2897, #1623, #2518, .T. ) ;
#4969 = ORIENTED_EDGE ( 'NONE', *, *, #1850, .T. ) ;
#4970 = DIRECTION ( 'NONE',  ( -0.000000000000000000, -1.000000000000000000, 0.000000000000000000 ) ) ;
#4971 = TOROIDAL_SURFACE ( 'NONE', #7159, 2.000000000000000000, 1.000000000000000000 ) ;
#4972 = CARTESIAN_POINT ( 'NONE',  ( -8.427935170293883615, 16.00000000000000355, -14.59761191784551215 ) ) ;
#4973 = AXIS2_PLACEMENT_3D ( 'NONE', #973, #3036, #6938 ) ;
#4974 = ADVANCED_FACE ( 'NONE', ( #8408 ), #2811, .T. ) ;
#4975 = CARTESIAN_POINT ( 'NONE',  ( -2.410294958400832854, 33.73159465461344553, 6.174753329177478989 ) ) ;
#4976 = CARTESIAN_POINT ( 'NONE',  ( 0.8218790631538670510, 43.22573359127709125, -3.423536295038509092 ) ) ;
#4977 = AXIS2_PLACEMENT_3D ( 'NONE', #8246, #1211, #2432 ) ;
#4978 = CARTESIAN_POINT ( 'NONE',  ( -4.212111162788634289, 43.69040101300103629, -7.326752798132947355E-16 ) ) ;
#4979 = DIRECTION ( 'NONE',  ( 1.000000000000000000, 0.000000000000000000, 0.000000000000000000 ) ) ;
#4980 = LINE ( 'NONE', #5273, #895 ) ;
#4981 = VERTEX_POINT ( 'NONE', #1046 ) ;
#4982 = EDGE_LOOP ( 'NONE', ( #3309, #6553, #4160 ) ) ;
#4983 = CARTESIAN_POINT ( 'NONE',  ( 7.033579521627122411, 18.03993935999499243, -14.18251709055179965 ) ) ;
#4984 = ORIENTED_EDGE ( 'NONE', *, *, #6429, .F. ) ;
#4985 = EDGE_CURVE ( 'NONE', #8465, #4528, #1166, .T. ) ;
#4986 = CARTESIAN_POINT ( 'NONE',  ( -0.2831821724284183106, 14.84712186364443376, -1.986295199846861648 ) ) ;
#4987 = CARTESIAN_POINT ( 'NONE',  ( -1.687887777621878804, 14.26301810824555893, -1.073718472581490557 ) ) ;
#4989 = ADVANCED_FACE ( 'NONE', ( #7812 ), #602, .T. ) ;
#4988 = DIRECTION ( 'NONE',  ( -0.4999999999999917288, -0.000000000000000000, 0.8660254037844435926 ) ) ;
#4990 = CARTESIAN_POINT ( 'NONE',  ( -2.981150757301807896, 43.66794915999034998, -3.165589643002853837 ) ) ;
#4991 = LINE ( 'NONE', #6216, #3561 ) ;
#4992 = CARTESIAN_POINT ( 'NONE',  ( -4.242946418457088420, 29.24653537639662204, -9.348998770559980187 ) ) ;
#4993 = EDGE_CURVE ( 'NONE', #4347, #3651, #2886, .T. ) ;
#4994 = EDGE_LOOP ( 'NONE', ( #1251, #4593, #6552, #3379 ) ) ;
#4995 = EDGE_LOOP ( 'NONE', ( #6734, #7994, #1741, #2620 ) ) ;
#4996 = CARTESIAN_POINT ( 'NONE',  ( 8.449318145030325411, 17.26435667894534376, -12.63464831650642672 ) ) ;
#4997 = ADVANCED_FACE ( 'NONE', ( #8454 ), #3646, .F. ) ;
#4998 = CARTESIAN_POINT ( 'NONE',  ( 4.234461660635494340, 43.66524535966603082, 0.000000000000000000 ) ) ;
#4999 = CARTESIAN_POINT ( 'NONE',  ( 3.647840876001096522, 40.78962497854598723, -6.318245735156372334 ) ) ;
#5000 = EDGE_CURVE ( 'NONE', #4504, #7321, #3627, .T. ) ;
#5001 = CARTESIAN_POINT ( 'NONE',  ( 0.000000000000000000, 39.00000000000000711, 0.000000000000000000 ) ) ;
#5002 =( BOUNDED_SURFACE ( )  B_SPLINE_SURFACE ( 3, 2, ( 
 ( #6174, #772, #181 ),
 ( #7938, #2865, #7377 ),
 ( #2781, #2065, #3396 ),
 ( #1501, #4683, #7422 ),
 ( #8021, #2103, #2181 ),
 ( #1429, #6740, #4726 ),
 ( #6000, #6083, #5387 ),
 ( #7983, #4106, #855 ) ),
 .UNSPECIFIED., .F., .F., .T. ) 
 B_SPLINE_SURFACE_WITH_KNOTS ( ( 4, 2, 2, 4 ),
 ( 3, 3 ),
 ( 0.008298553682630882555, 0.008919219878599980028, 0.009539886074569077501, 0.01078121846650727418 ),
 ( 0.000000000000000000, 1.000000000000000000 ),
 .UNSPECIFIED. ) 
 GEOMETRIC_REPRESENTATION_ITEM ( )  RATIONAL_B_SPLINE_SURFACE ( (
 ( 1.000000000000000000, 0.9368214105102290468, 1.000000000000000000),
 ( 1.000000000000000000, 0.9229681980403007246, 1.000000000000000000),
 ( 1.000000000000000000, 0.9031388468946237591, 1.000000000000000000),
 ( 1.000000000000000000, 0.8625285702762133244, 1.000000000000000000),
 ( 1.000000000000000000, 0.8419470335310629272, 1.000000000000000000),
 ( 1.000000000000000000, 0.7815592425110654551, 1.000000000000000000),
 ( 1.000000000000000000, 0.7426999702561856154, 1.000000000000000000),
 ( 1.000000000000000000, 0.7071067811856749374, 1.000000000000000000) ) ) 
 REPRESENTATION_ITEM ( '' )  SURFACE ( )  );
#5003 = ORIENTED_EDGE ( 'NONE', *, *, #3774, .T. ) ;
#5004 = CARTESIAN_POINT ( 'NONE',  ( 3.301313179849478363, 44.66918538273073125, 0.9203831626811590505 ) ) ;
#5005 = DIRECTION ( 'NONE',  ( -0.000000000000000000, -0.000000000000000000, -1.000000000000000000 ) ) ;
#5006 = DIRECTION ( 'NONE',  ( -0.4999999999999922839, 0.000000000000000000, 0.8660254037844432595 ) ) ;
#5007 = B_SPLINE_CURVE_WITH_KNOTS ( 'NONE', 3,
 ( #5196, #7800, #845, #8052, #7412, #2983, #2132, #5379 ),
 .UNSPECIFIED., .F., .F.,
 ( 4, 2, 2, 4 ),
 ( 0.000000000000000000, 0.002888699502720748491, 0.005777399005441496982, 0.01155479801088297662 ),
 .UNSPECIFIED. ) ;
#5008 = CARTESIAN_POINT ( 'NONE',  ( 8.427935170293880063, 14.99999999999999645, 14.59761191784550149 ) ) ;
#5009 = CARTESIAN_POINT ( 'NONE',  ( 2.677084810022801520, 45.35253749462064832, 1.000000000003225642 ) ) ;
#5010 = CARTESIAN_POINT ( 'NONE',  ( 0.000000000000000000, 13.99999999999999467, 0.000000000000000000 ) ) ;
#5011 = CARTESIAN_POINT ( 'NONE',  ( 5.516888286986725731, 40.90543876018438851, -1.000000000000000000 ) ) ;
#5012 = CARTESIAN_POINT ( 'NONE',  ( 1.996524661020732561, 14.00000002636689267, -0.2087696997808373145 ) ) ;
#5013 = EDGE_CURVE ( 'NONE', #6042, #79, #6364, .T. ) ;
#5014 = CARTESIAN_POINT ( 'NONE',  ( 4.509888367143171095, 32.06634352388692122, 7.811355788355732521 ) ) ;
#5015 = VERTEX_POINT ( 'NONE', #3669 ) ;
#5016 = DIRECTION ( 'NONE',  ( -9.388908478887766174E-27, 1.000000000000000000, 5.204170427930421283E-14 ) ) ;
#5017 = CARTESIAN_POINT ( 'NONE',  ( 2.826910364149178179, 37.56619757069947241, -4.896352379149519152 ) ) ;
#5018 = DIRECTION ( 'NONE',  ( 0.8660254037844363761, 0.000000000000000000, -0.5000000000000039968 ) ) ;
#5019 = CARTESIAN_POINT ( 'NONE',  ( -2.853340128060334102, 43.83320318989190412, -3.070044719821170442 ) ) ;
#5020 = CARTESIAN_POINT ( 'NONE',  ( 0.09070152209714739400, 44.81958906166040890, -3.001918883161469598 ) ) ;
#5021 = CARTESIAN_POINT ( 'NONE',  ( 6.145363012555124627, 28.78166749643568068, 10.64408096869989784 ) ) ;
#5022 = CARTESIAN_POINT ( 'NONE',  ( 5.833515323363680949, 28.00000000000012079, 10.10394492679737333 ) ) ;
#5023 = AXIS2_PLACEMENT_3D ( 'NONE', #3579, #1577, #244 ) ;
#5024 = ORIENTED_EDGE ( 'NONE', *, *, #7681, .T. ) ;
#5025 = VERTEX_POINT ( 'NONE', #8353 ) ;
#5026 = CARTESIAN_POINT ( 'NONE',  ( 5.624995254239562037, 22.23024743433091288, -9.742777572676779130 ) ) ;
#5027 = AXIS2_PLACEMENT_3D ( 'NONE', #5878, #5249, #7243 ) ;
#5028 = VERTEX_POINT ( 'NONE', #4366 ) ;
#5029 = CARTESIAN_POINT ( 'NONE',  ( 0.4620667593786762506, 15.11606122244216266, -2.537128168921968019 ) ) ;
#5030 = CARTESIAN_POINT ( 'NONE',  ( -8.765630329195310821, 18.03993935997869613, 13.18251709054098875 ) ) ;
#5031 = CARTESIAN_POINT ( 'NONE',  ( 0.000000000000000000, 13.99999999999999467, 0.000000000000000000 ) ) ;
#5032 = ADVANCED_FACE ( 'NONE', ( #5739 ), #6302, .T. ) ;
#5033 = CARTESIAN_POINT ( 'NONE',  ( -8.427935170293880063, 16.00000000000000000, -14.59761191784551215 ) ) ;
#5034 = CARTESIAN_POINT ( 'NONE',  ( -3.579668248192695579, 30.65002721925065998, -8.200167280110743917 ) ) ;
#5035 = AXIS2_PLACEMENT_3D ( 'NONE', #2280, #7440, #8160 ) ;
#5036 = EDGE_LOOP ( 'NONE', ( #1358, #7672, #2882, #8341, #3165, #2787, #282, #8127, #2920 ) ) ;
#5037 = ORIENTED_EDGE ( 'NONE', *, *, #7681, .F. ) ;
#5038 = CARTESIAN_POINT ( 'NONE',  ( -8.763743487744680039, 18.04276379850041678, -13.17924898521416566 ) ) ;
#5039 = DIRECTION ( 'NONE',  ( 0.000000000000000000, 1.000000000000000000, 0.000000000000000000 ) ) ;
#5040 = CARTESIAN_POINT ( 'NONE',  ( -2.686787876243724060, 15.07232860202456592, 0.5684264206658175000 ) ) ;
#5041 = DIRECTION ( 'NONE',  ( -0.7896249785379678698, 0.6135897597490638233, 0.000000000000000000 ) ) ;
#5042 = VERTEX_POINT ( 'NONE', #5153 ) ;
#5043 = FACE_OUTER_BOUND ( 'NONE', #7572, .T. ) ;
#5044 = EDGE_CURVE ( 'NONE', #3979, #3966, #4465, .T. ) ;
#5045 = CARTESIAN_POINT ( 'NONE',  ( -1.084202172485504434E-16, 28.00000000000001066, 0.000000000000000000 ) ) ;
#5046 = CARTESIAN_POINT ( 'NONE',  ( -2.522215515902990202, 44.74772035130258985, 1.662437130482999681 ) ) ;
#5047 = CARTESIAN_POINT ( 'NONE',  ( 0.004476736712768439146, 44.83598834045099579, -2.998863752079739875 ) ) ;
#5048 = CARTESIAN_POINT ( 'NONE',  ( 4.774737495431746304, 20.80997300868749633, -10.27008793489216387 ) ) ;
#5049 = CARTESIAN_POINT ( 'NONE',  ( 0.7602867805952326918, 47.73566666278533432, 0.9999999999889509494 ) ) ;
#5050 = CARTESIAN_POINT ( 'NONE',  ( 2.570746950959297727, 44.82651532657407500, -1.548550139321084762 ) ) ;
#5051 = CARTESIAN_POINT ( 'NONE',  ( 4.967489919579242574, 28.00000000000012079, 10.60394492679737688 ) ) ;
#5052 = ORIENTED_EDGE ( 'NONE', *, *, #5869, .F. ) ;
#5053 = CARTESIAN_POINT ( 'NONE',  ( -1.301042606982604926E-15, 14.99999999999999645, -1.000000000000000000 ) ) ;
#5054 = DIRECTION ( 'NONE',  ( 0.8660254037844364872, 0.000000000000000000, -0.5000000000000037748 ) ) ;
#5055 = AXIS2_PLACEMENT_3D ( 'NONE', #3128, #8311, #7577 ) ;
#5056 = CARTESIAN_POINT ( 'NONE',  ( 0.6478398206123114900, 43.82063595759895236, -3.233379764844991566 ) ) ;
#5057 = CARTESIAN_POINT ( 'NONE',  ( 2.598076211353599785, 43.02671304670064956, -2.499999999998003375 ) ) ;
#5058 = CARTESIAN_POINT ( 'NONE',  ( 3.277414374212611392, 38.00000000000002132, -5.676648213592922154 ) ) ;
#5059 = EDGE_CURVE ( 'NONE', #1798, #208, #4318, .T. ) ;
#5060 = ORIENTED_EDGE ( 'NONE', *, *, #1603, .T. ) ;
#5061 = VERTEX_POINT ( 'NONE', #2458 ) ;
#5062 = CARTESIAN_POINT ( 'NONE',  ( -3.689249235686686834, 23.11104036078667434, 8.389967117994155288 ) ) ;
#5063 = CARTESIAN_POINT ( 'NONE',  ( 0.7028818640193286171, 43.64670296080840473, 3.285542949467982421 ) ) ;
#5064 = EDGE_LOOP ( 'NONE', ( #931, #7778, #7199, #2028 ) ) ;
#5065 = CARTESIAN_POINT ( 'NONE',  ( -8.427935170293883615, 15.99999999999999645, -14.59761191784550860 ) ) ;
#5066 = CARTESIAN_POINT ( 'NONE',  ( 0.3454141667290960838, 14.85033440878084932, -1.975205423283884265 ) ) ;
#5067 = CARTESIAN_POINT ( 'NONE',  ( -1.944309402847531398, 14.85970961660407141, -0.5186739176920425187 ) ) ;
#5068 = CARTESIAN_POINT ( 'NONE',  ( 2.332919033064467573, 45.78285241781303938, -1.000000000001588285 ) ) ;
#5069 = DIRECTION ( 'NONE',  ( 0.4999999999999917288, 0.000000000000000000, -0.8660254037844433705 ) ) ;
#5070 = FACE_OUTER_BOUND ( 'NONE', #4902, .T. ) ;
#5071 = VECTOR ( 'NONE', #2400, 1000.000000000000000 ) ;
#5072 = PRODUCT_CONTEXT ( 'NONE', #5997, 'mechanical' ) ;
#5073 = TOROIDAL_SURFACE ( 'NONE', #7253, 2.000000000000000000, 1.000000000000000000 ) ;
#5074 = CIRCLE ( 'NONE', #3547, 1.000000000000000222 ) ;
#5075 = ORIENTED_EDGE ( 'NONE', *, *, #3602, .F. ) ;
#5076 = ORIENTED_EDGE ( 'NONE', *, *, #3738, .T. ) ;
#5077 = CARTESIAN_POINT ( 'NONE',  ( -6.140797947257724765, 21.56791081944427191, 8.636174043665246103 ) ) ;
#5078 = EDGE_CURVE ( 'NONE', #1592, #6042, #1457, .T. ) ;
#5079 = AXIS2_PLACEMENT_3D ( 'NONE', #8189, #2967, #2266 ) ;
#5080 = CARTESIAN_POINT ( 'NONE',  ( 3.956676808729234551, 41.65556959252731417, -4.853165260596145281 ) ) ;
#5081 = DIRECTION ( 'NONE',  ( 4.807406715958428642E-14, 1.000000000000000000, 2.775557561563720286E-14 ) ) ;
#5082 = TOROIDAL_SURFACE ( 'NONE', #2441, 2.000000000000000000, 1.000000000000000000 ) ;
#5083 = ORIENTED_EDGE ( 'NONE', *, *, #7969, .T. ) ;
#5084 = CARTESIAN_POINT ( 'NONE',  ( 3.464101615135679602, 43.02671304667760666, 1.000000000000000000 ) ) ;
#5085 = DIRECTION ( 'NONE',  ( 9.388908478887766174E-27, 1.000000000000000000, -5.204170427930421283E-14 ) ) ;
#5086 = CIRCLE ( 'NONE', #4234, 1.000000000000000000 ) ;
#5087 = CARTESIAN_POINT ( 'NONE',  ( 9.436934691713835477, 26.00000000000001776, 0.000000000000000000 ) ) ;
#5088 = DIRECTION ( 'NONE',  ( -0.8660254037844432595, 0.000000000000000000, -0.4999999999999920619 ) ) ;
#5089 = CARTESIAN_POINT ( 'NONE',  ( 1.547132307520277195, 14.99999999999999645, 2.570288237343622217 ) ) ;
#5090 = EDGE_CURVE ( 'NONE', #331, #3770, #348, .T. ) ;
#5091 = LINE ( 'NONE', #7824, #57 ) ;
#5092 = DIRECTION ( 'NONE',  ( 0.000000000000000000, 1.000000000000000000, 0.000000000000000000 ) ) ;
#5093 = AXIS2_PLACEMENT_3D ( 'NONE', #2203, #4129, #6101 ) ;
#5094 = ADVANCED_FACE ( 'NONE', ( #5070 ), #1794, .T. ) ;
#5095 = ORIENTED_EDGE ( 'NONE', *, *, #5179, .F. ) ;
#5096 = DIRECTION ( 'NONE',  ( 8.673617379884035472E-17, -1.000000000000000000, -0.000000000000000000 ) ) ;
#5097 = CIRCLE ( 'NONE', #1398, 1.000000000000000000 ) ;
#5098 = CARTESIAN_POINT ( 'NONE',  ( -2.464188243053125227, 44.30396230615819775, -1.951578966608341847 ) ) ;
#5099 = VECTOR ( 'NONE', #5982, 1000.000000000000000 ) ;
#5100 = CARTESIAN_POINT ( 'NONE',  ( -0.3018455589568505015, 45.39936764492777144, -2.808015048745661879 ) ) ;
#5101 = CARTESIAN_POINT ( 'NONE',  ( 5.690178645742483887, 31.30501039346968284, 7.855678518571592939 ) ) ;
#5102 = CARTESIAN_POINT ( 'NONE',  ( 6.318116845703606543, 29.97551092916914328, -8.943299384916697292 ) ) ;
#5103 = AXIS2_PLACEMENT_3D ( 'NONE', #7074, #1877, #5783 ) ;
#5104 = ORIENTED_EDGE ( 'NONE', *, *, #3459, .F. ) ;
#5105 = VERTEX_POINT ( 'NONE', #1107 ) ;
#5106 = CARTESIAN_POINT ( 'NONE',  ( 2.039835381499306433, 43.83966795437997632, 3.533098536463867845 ) ) ;
#5107 = ORIENTED_EDGE ( 'NONE', *, *, #5298, .F. ) ;
#5108 = CARTESIAN_POINT ( 'NONE',  ( 1.732050807568900508, 15.99999999999999645, 3.000000000000008882 ) ) ;
#5109 = CARTESIAN_POINT ( 'NONE',  ( -3.277414374212688220, 40.00000000000000711, -5.676648213592872416 ) ) ;
#5110 = DIRECTION ( 'NONE',  ( 1.000000000000000000, 0.000000000000000000, 0.000000000000000000 ) ) ;
#5111 = DIRECTION ( 'NONE',  ( -0.4999999999999920064, 0.000000000000000000, 0.8660254037844432595 ) ) ;
#5112 = CARTESIAN_POINT ( 'NONE',  ( 2.139584585749707557, 43.66668134715241223, -3.652673798791984172 ) ) ;
#5113 = CARTESIAN_POINT ( 'NONE',  ( -2.735494424550737769, 44.69810476155721091, -1.312258128818250436 ) ) ;
#5114 = DIRECTION ( 'NONE',  ( -0.5000000000000041078, 0.000000000000000000, -0.8660254037844362651 ) ) ;
#5115 =( NAMED_UNIT ( * ) PLANE_ANGLE_UNIT ( ) SI_UNIT ( $, .RADIAN. ) );
#5116 = CIRCLE ( 'NONE', #6329, 0.9999999999999995559 ) ;
#5117 = ORIENTED_EDGE ( 'NONE', *, *, #4285, .F. ) ;
#5118 = ORIENTED_EDGE ( 'NONE', *, *, #5134, .F. ) ;
#5119 = EDGE_LOOP ( 'NONE', ( #5955, #7674, #7924, #5381 ) ) ;
#5120 = DIRECTION ( 'NONE',  ( 1.000000000000000000, 0.000000000000000000, 0.000000000000000000 ) ) ;
#5121 = DIRECTION ( 'NONE',  ( -0.8567627457812169167, 0.000000000000000000, -0.5157107691734098553 ) ) ;
#5122 = CARTESIAN_POINT ( 'NONE',  ( 3.647840876011889222, 40.78962497853633096, -6.318245735179584877 ) ) ;
#5123 = FACE_OUTER_BOUND ( 'NONE', #1968, .T. ) ;
#5124 = ORIENTED_EDGE ( 'NONE', *, *, #2931, .T. ) ;
#5125 = ADVANCED_FACE ( 'NONE', ( #3802 ), #2526, .T. ) ;
#5126 = CARTESIAN_POINT ( 'NONE',  ( 4.212111162778196416, 43.69040101299348322, 0.000000000000000000 ) ) ;
#5127 = FACE_OUTER_BOUND ( 'NONE', #1341, .T. ) ;
#5128 = DIRECTION ( 'NONE',  ( 0.000000000000000000, 0.6092968833475634893, 0.7929421844894781746 ) ) ;
#5129 = CARTESIAN_POINT ( 'NONE',  ( -0.3363557959220307425, 47.92703760326411100, 1.119804307533162735 ) ) ;
#5130 = DIRECTION ( 'NONE',  ( -8.673617379884035472E-17, 1.000000000000000000, 0.000000000000000000 ) ) ;
#5131 = CARTESIAN_POINT ( 'NONE',  ( -9.436934691713835477, 26.00000000000002132, -1.000000000000000000 ) ) ;
#5132 = CARTESIAN_POINT ( 'NONE',  ( 1.767602040638765803, 14.84529987683924013, -0.9384184238246848775 ) ) ;
#5133 = CARTESIAN_POINT ( 'NONE',  ( 2.470203891522456896, 43.91341060560207410, 2.137542647679415264 ) ) ;
#5134 = EDGE_CURVE ( 'NONE', #6400, #5630, #2257, .T. ) ;
#5135 = VERTEX_POINT ( 'NONE', #551 ) ;
#5136 = CARTESIAN_POINT ( 'NONE',  ( -4.319251943879321765, 25.39791341877129582, 7.481163817489784762 ) ) ;
#5137 = CARTESIAN_POINT ( 'NONE',  ( -3.151079254334737012, 44.93541591461061557, -0.4241708126319700956 ) ) ;
#5138 = DIRECTION ( 'NONE',  ( -0.5000000000000041078, 0.000000000000000000, -0.8660254037844362651 ) ) ;
#5139 = CARTESIAN_POINT ( 'NONE',  ( -9.874520185257708249, 23.75882442911195724, 0.000000000000000000 ) ) ;
#5140 = CARTESIAN_POINT ( 'NONE',  ( -12.66703064672739920, 28.00000000000001421, 0.000000000000000000 ) ) ;
#5141 = CARTESIAN_POINT ( 'NONE',  ( 0.8660254037844644648, 43.02671304668731977, 3.500000000000012434 ) ) ;
#5142 = FACE_OUTER_BOUND ( 'NONE', #5119, .T. ) ;
#5143 = ORIENTED_EDGE ( 'NONE', *, *, #7456, .T. ) ;
#5144 = ORIENTED_EDGE ( 'NONE', *, *, #7863, .F. ) ;
#5145 = DIRECTION ( 'NONE',  ( -0.4999999999999918399, 0.000000000000000000, 0.8660254037844433705 ) ) ;
#5146 = ORIENTED_EDGE ( 'NONE', *, *, #6102, .T. ) ;
#5147 = CARTESIAN_POINT ( 'NONE',  ( 7.902254371726004756, 18.03597336847274946, -13.68710606616300751 ) ) ;
#5148 = EDGE_CURVE ( 'NONE', #5984, #2998, #2954, .T. ) ;
#5149 = DIRECTION ( 'NONE',  ( -0.000000000000000000, 0.000000000000000000, 1.000000000000000000 ) ) ;
#5150 = DIRECTION ( 'NONE',  ( 0.000000000000000000, 0.000000000000000000, 1.000000000000000000 ) ) ;
#5151 = DIRECTION ( 'NONE',  ( -4.206480876463606444E-14, 1.000000000000000000, 2.428612866368305540E-14 ) ) ;
#5152 = DIRECTION ( 'NONE',  ( 0.5000000000000039968, -0.000000000000000000, 0.8660254037844363761 ) ) ;
#5153 = CARTESIAN_POINT ( 'NONE',  ( 2.475020592354257420, 40.00000000000000711, -6.286861415736916037 ) ) ;
#5154 = AXIS2_PLACEMENT_3D ( 'NONE', #4837, #2936, #6761 ) ;
#5155 = DIRECTION ( 'NONE',  ( -0.3010432906143530318, 0.7984308039550561675, 0.5214222746217934690 ) ) ;
#5156 = CARTESIAN_POINT ( 'NONE',  ( -4.925506068206153110, 29.34631447948740401, -10.53122676313645201 ) ) ;
#5157 = CARTESIAN_POINT ( 'NONE',  ( 0.7806573371028054931, 43.38117190896497988, -3.370331457184466473 ) ) ;
#5158 = EDGE_LOOP ( 'NONE', ( #766, #5143, #3168, #6535 ) ) ;
#5159 = VERTEX_POINT ( 'NONE', #468 ) ;
#5160 = ORIENTED_EDGE ( 'NONE', *, *, #994, .F. ) ;
#5161 = CARTESIAN_POINT ( 'NONE',  ( -9.648306484052675103, 31.30501039359331017, 0.000000000000000000 ) ) ;
#5162 = CARTESIAN_POINT ( 'NONE',  ( -4.752812708171592071, 37.13239514139888797, -1.000000000000000000 ) ) ;
#5163 = CIRCLE ( 'NONE', #1041, 1.000000000000000000 ) ;
#5164 = CARTESIAN_POINT ( 'NONE',  ( -4.570246747576179658, 34.25427431936859790, 5.915899569932381752 ) ) ;
#5165 = CARTESIAN_POINT ( 'NONE',  ( -1.690777425206057005, 14.26874093787395381, 1.071944756029423518 ) ) ;
#5166 = CARTESIAN_POINT ( 'NONE',  ( -6.001141368058938497, 21.50371023307363316, 10.39428175288170308 ) ) ;
#5167 = EDGE_LOOP ( 'NONE', ( #1433, #6421, #1496 ) ) ;
#5168 = CIRCLE ( 'NONE', #1595, 1.000000000000000888 ) ;
#5169 = CARTESIAN_POINT ( 'NONE',  ( -9.436934691713835477, 26.00000000000002132, 1.000000000000000000 ) ) ;
#5170 = CARTESIAN_POINT ( 'NONE',  ( 3.341045996138700236, 40.00000000000000711, -5.786861415736924030 ) ) ;
#5171 = CARTESIAN_POINT ( 'NONE',  ( -3.341045996115086680, 40.00000000000000711, -5.786861415695836897 ) ) ;
#5172 = CARTESIAN_POINT ( 'NONE',  ( 7.861514259059394050, 16.80059265058802254, 15.61654212111790585 ) ) ;
#5173 = CARTESIAN_POINT ( 'NONE',  ( -6.682091992264687974, 40.00000000000000711, 0.000000000000000000 ) ) ;
#5174 = CARTESIAN_POINT ( 'NONE',  ( 1.732050807568900730, 15.99999999999999645, 3.000000000000007994 ) ) ;
#5175 = CARTESIAN_POINT ( 'NONE',  ( 3.464101615128658995, 43.02671304668703556, 0.000000000000000000 ) ) ;
#5176 = CARTESIAN_POINT ( 'NONE',  ( -1.998035805776437801, 14.00000000000000000, -0.1259231585613681814 ) ) ;
#5177 = CARTESIAN_POINT ( 'NONE',  ( 3.265729268204530023, 31.40948356748942416, 7.656409016294897008 ) ) ;
#5178 = ORIENTED_EDGE ( 'NONE', *, *, #4968, .F. ) ;
#5179 = EDGE_CURVE ( 'NONE', #5042, #1299, #2506, .T. ) ;
#5180 = DIRECTION ( 'NONE',  ( 0.2169012146502714566, -0.9010080201268697575, -0.3756839239976812461 ) ) ;
#5181 = CARTESIAN_POINT ( 'NONE',  ( 2.008142112059310591, 43.91110777164941226, 3.478204166918135609 ) ) ;
#5182 = CARTESIAN_POINT ( 'NONE',  ( -10.52178793713452976, 21.54328311114342398, 1.000000000000000000 ) ) ;
#5183 = CARTESIAN_POINT ( 'NONE',  ( 2.424949242636134539, 44.93308184534273408, 2.082398468738166475 ) ) ;
#5184 = CARTESIAN_POINT ( 'NONE',  ( 1.896656760142088505, 44.64453427285734932, -2.832272945032922262 ) ) ;
#5185 = CARTESIAN_POINT ( 'NONE',  ( 5.969574412146869236, 29.25718579709656808, -8.339606181401682861 ) ) ;
#5186 = EDGE_LOOP ( 'NONE', ( #7659, #7245, #3535, #4089 ) ) ;
#5187 = ORIENTED_EDGE ( 'NONE', *, *, #3187, .T. ) ;
#5188 = CARTESIAN_POINT ( 'NONE',  ( -4.143439777997054208, 38.00000000000001421, 5.176648213592929260 ) ) ;
#5189 = ORIENTED_EDGE ( 'NONE', *, *, #5879, .T. ) ;
#5190 = CARTESIAN_POINT ( 'NONE',  ( 8.638503887758783861, 25.39791341877128872, -1.000000000000000000 ) ) ;
#5191 = FACE_OUTER_BOUND ( 'NONE', #7498, .T. ) ;
#5192 = DIRECTION ( 'NONE',  ( 1.000000000000000000, 0.000000000000000000, 0.000000000000000000 ) ) ;
#5193 = DIRECTION ( 'NONE',  ( 1.000000000000000000, 0.000000000000000000, 0.000000000000000000 ) ) ;
#5194 = DIRECTION ( 'NONE',  ( 0.5000000000000026645, 0.000000000000000000, 0.8660254037844370423 ) ) ;
#5195 = DIRECTION ( 'NONE',  ( 0.000000000000000000, 0.000000000000000000, 1.000000000000000000 ) ) ;
#5196 = CARTESIAN_POINT ( 'NONE',  ( 6.699540727147980768, 28.00000000000012079, -9.603944926797462145 ) ) ;
#5197 =( LENGTH_UNIT ( ) NAMED_UNIT ( * ) SI_UNIT ( .MILLI., .METRE. ) );
#5198 = CARTESIAN_POINT ( 'NONE',  ( 0.000000000000000000, 28.00000000000001066, 0.000000000000000000 ) ) ;
#5199 = CIRCLE ( 'NONE', #7783, 1.000000000000000000 ) ;
#5200 = ORIENTED_EDGE ( 'NONE', *, *, #4847, .T. ) ;
#5201 = ADVANCED_FACE ( 'NONE', ( #1747 ), #1131, .T. ) ;
#5202 = ADVANCED_FACE ( 'NONE', ( #3757 ), #508, .F. ) ;
#5203 = ORIENTED_EDGE ( 'NONE', *, *, #2440, .F. ) ;
#5204 = ORIENTED_EDGE ( 'NONE', *, *, #2492, .T. ) ;
#5205 = ORIENTED_EDGE ( 'NONE', *, *, #3774, .F. ) ;
#5206 = CARTESIAN_POINT ( 'NONE',  ( 8.427935170293883615, 16.00000000000000000, 14.59761191784550860 ) ) ;
#5207 = CARTESIAN_POINT ( 'NONE',  ( -3.464101615137773926, 0.000000000000000000, -2.000000000000000000 ) ) ;
#5208 = CARTESIAN_POINT ( 'NONE',  ( -6.145363012554970084, 28.78166749643568423, 10.64408096869997067 ) ) ;
#5209 = FACE_OUTER_BOUND ( 'NONE', #799, .T. ) ;
#5210 = AXIS2_PLACEMENT_3D ( 'NONE', #5045, #7771, #4475 ) ;
#5211 = CARTESIAN_POINT ( 'NONE',  ( 4.143439777997054208, 38.00000000000002132, -5.176648213592930148 ) ) ;
#5212 = AXIS2_PLACEMENT_3D ( 'NONE', #5065, #5782, #2410 ) ;
#5213 = ORIENTED_EDGE ( 'NONE', *, *, #1653, .T. ) ;
#5214 = AXIS2_PLACEMENT_3D ( 'NONE', #4077, #2708, #2077 ) ;
#5215 = CARTESIAN_POINT ( 'NONE',  ( -5.833515323363680949, 28.00000000000012079, -10.10394492679737510 ) ) ;
#5216 = DIRECTION ( 'NONE',  ( 0.4999999999999919509, -0.000000000000000000, -0.8660254037844432595 ) ) ;
#5217 = EDGE_CURVE ( 'NONE', #2135, #4333, #4694, .T. ) ;
#5218 = CIRCLE ( 'NONE', #2729, 2.000000000000000000 ) ;
#5219 = DIRECTION ( 'NONE',  ( -1.000000000000000000, 0.000000000000000000, 0.000000000000000000 ) ) ;
#5220 = CARTESIAN_POINT ( 'NONE',  ( 3.054011138117358026, 24.79582683754257744, -7.289702458100659754 ) ) ;
#5221 = CIRCLE ( 'NONE', #2316, 0.9999999999999998890 ) ;
#5222 = CARTESIAN_POINT ( 'NONE',  ( 1.999667374898695060, 13.99999999999999467, -0.03647450843757289035 ) ) ;
#5223 = DIRECTION ( 'NONE',  ( -0.8660254037844363761, 0.000000000000000000, 0.5000000000000039968 ) ) ;
#5224 = CARTESIAN_POINT ( 'NONE',  ( 2.672012521818643904, 44.78566149653833151, 1.388469310761141662 ) ) ;
#5225 = CARTESIAN_POINT ( 'NONE',  ( 2.410213091888049330, 33.73204452275092535, 6.174611532217716636 ) ) ;
#5226 = VERTEX_POINT ( 'NONE', #7205 ) ;
#5227 = CIRCLE ( 'NONE', #6854, 0.9999999999999997780 ) ;
#5228 = ORIENTED_EDGE ( 'NONE', *, *, #760, .F. ) ;
#5229 = CARTESIAN_POINT ( 'NONE',  ( 1.314089655142711921, 14.05110501972483306, -1.516727883695967671 ) ) ;
#5230 = FACE_OUTER_BOUND ( 'NONE', #2950, .T. ) ;
#5231 = PLANE ( 'NONE',  #5502 ) ;
#5232 = CARTESIAN_POINT ( 'NONE',  ( 2.467451954646943779, 44.39571673426716814, -1.903931568181595591 ) ) ;
#5233 = CARTESIAN_POINT ( 'NONE',  ( 3.341045996129731854, 40.00000000000000711, 5.786861415721204160 ) ) ;
#5234 = CIRCLE ( 'NONE', #1652, 1.000000000000000666 ) ;
#5235 = EDGE_CURVE ( 'NONE', #71, #5820, #3369, .T. ) ;
#5236 = ORIENTED_EDGE ( 'NONE', *, *, #1312, .F. ) ;
#5237 = ORIENTED_EDGE ( 'NONE', *, *, #5148, .F. ) ;
#5238 = CIRCLE ( 'NONE', #2461, 0.9999999999999995559 ) ;
#5239 = EDGE_CURVE ( 'NONE', #7896, #2376, #7742, .T. ) ;
#5240 = ORIENTED_EDGE ( 'NONE', *, *, #4400, .F. ) ;
#5241 = CIRCLE ( 'NONE', #3573, 0.9999999999999998890 ) ;
#5242 = DIRECTION ( 'NONE',  ( -8.673617379884035472E-17, 1.000000000000000000, 0.000000000000000000 ) ) ;
#5243 = CARTESIAN_POINT ( 'NONE',  ( -7.840073083803718923, 24.79582683754258809, 1.000000000000000000 ) ) ;
#5244 = DIRECTION ( 'NONE',  ( 0.8660254037844432595, -0.000000000000000000, 0.4999999999999919509 ) ) ;
#5245 = DIRECTION ( 'NONE',  ( 0.000000000000000000, -1.000000000000000000, 0.000000000000000000 ) ) ;
#5246 = FACE_OUTER_BOUND ( 'NONE', #586, .T. ) ;
#5247 = CARTESIAN_POINT ( 'NONE',  ( 1.031421538346819489, 13.99999999999999645, -1.713525491562433611 ) ) ;
#5248 = CIRCLE ( 'NONE', #4780, 1.000000000000000000 ) ;
#5249 = DIRECTION ( 'NONE',  ( 0.9517756572231781398, -0.2545273128160932541, -0.1712861504851052041 ) ) ;
#5250 = VERTEX_POINT ( 'NONE', #7889 ) ;
#5251 = ORIENTED_EDGE ( 'NONE', *, *, #315, .F. ) ;
#5252 = ORIENTED_EDGE ( 'NONE', *, *, #141, .T. ) ;
#5253 = EDGE_CURVE ( 'NONE', #4392, #3461, #4039, .T. ) ;
#5254 = CARTESIAN_POINT ( 'NONE',  ( -5.653820728298455833, 37.56619757069945109, 1.000000000000000000 ) ) ;
#5255 = AXIS2_PLACEMENT_3D ( 'NONE', #2696, #7376, #1585 ) ;
#5256 = VECTOR ( 'NONE', #6462, 1000.000000000000000 ) ;
#5257 = DIRECTION ( 'NONE',  ( -0.5855247235094147573, 0.4037893544928577994, -0.7029331087361475605 ) ) ;
#5258 = EDGE_CURVE ( 'NONE', #3997, #7265, #6417, .T. ) ;
#5259 = CARTESIAN_POINT ( 'NONE',  ( -2.868182475690987054, 44.42692250553441369, -1.196056192767163573 ) ) ;
#5260 = CARTESIAN_POINT ( 'NONE',  ( 1.452368754827752628, 14.99999999999999645, -2.625000000000015987 ) ) ;
#5261 = TOROIDAL_SURFACE ( 'NONE', #4839, 2.000000000000000000, 1.000000000000000000 ) ;
#5262 = CARTESIAN_POINT ( 'NONE',  ( -7.295681752008452925, 40.78962497853766678, 0.9999999999999987788 ) ) ;
#5263 = CARTESIAN_POINT ( 'NONE',  ( -0.6815440808888491020, 45.27707024597606988, 2.835916377292430735 ) ) ;
#5264 = EDGE_LOOP ( 'NONE', ( #3156, #7217, #2767, #8476 ) ) ;
#5265 = EDGE_CURVE ( 'NONE', #730, #2284, #761, .T. ) ;
#5266 = CYLINDRICAL_SURFACE ( 'NONE', #2590, 1.000000000000000000 ) ;
#5267 = CARTESIAN_POINT ( 'NONE',  ( -8.638503887758776756, 25.39791341877130293, 0.000000000000000000 ) ) ;
#5268 = EDGE_CURVE ( 'NONE', #3955, #4935, #1719, .T. ) ;
#5269 = CARTESIAN_POINT ( 'NONE',  ( -7.840073083803718923, 24.79582683754258809, 0.000000000000000000 ) ) ;
#5270 = DIRECTION ( 'NONE',  ( 0.000000000000000000, 0.000000000000000000, -1.000000000000000000 ) ) ;
#5271 =( BOUNDED_SURFACE ( )  B_SPLINE_SURFACE ( 3, 2, ( 
 ( #2966, #6993, #8317 ),
 ( #6911, #2265, #3137 ),
 ( #1114, #6950, #4907 ),
 ( #5583, #6307, #7501 ),
 ( #4996, #3722, #1029 ),
 ( #8187, #2421, #432 ) ),
 .UNSPECIFIED., .F., .F., .F. ) 
 B_SPLINE_SURFACE_WITH_KNOTS ( ( 4, 2, 4 ),
 ( 3, 3 ),
 ( 0.02353340272940517702, 0.02986736026464130792, 0.03620131779987743881 ),
 ( 0.000000000000000000, 1.000000000000000000 ),
 .UNSPECIFIED. ) 
 GEOMETRIC_REPRESENTATION_ITEM ( )  RATIONAL_B_SPLINE_SURFACE ( (
 ( 1.000000000000000000, 0.7071067811865474617, 1.000000000000000000),
 ( 1.000000000000000000, 0.7071067811865474617, 1.000000000000000000),
 ( 1.000000000000000000, 0.7071067811865475727, 1.000000000000000000),
 ( 1.000000000000000000, 0.7071067811865475727, 1.000000000000000000),
 ( 1.000000000000000000, 0.7071067811865475727, 1.000000000000000000),
 ( 1.000000000000000000, 0.7071067811865475727, 1.000000000000000000) ) ) 
 REPRESENTATION_ITEM ( '' )  SURFACE ( )  );
#5272 = CARTESIAN_POINT ( 'NONE',  ( -0.1714549742075592853, 14.24497536111721097, 1.993098015659927835 ) ) ;
#5273 = CARTESIAN_POINT ( 'NONE',  ( 2.449293598294706414E-16, 20.65685424949237614, 2.000000000000000000 ) ) ;
#5274 = ADVANCED_FACE ( 'NONE', ( #2602 ), #5378, .T. ) ;
#5275 = VERTEX_POINT ( 'NONE', #2731 ) ;
#5276 = AXIS2_PLACEMENT_3D ( 'NONE', #614, #2435, #6321 ) ;
#5277 = ORIENTED_EDGE ( 'NONE', *, *, #2680, .F. ) ;
#5278 = CARTESIAN_POINT ( 'NONE',  ( 0.000000000000000000, 1.000000000000000000, -15.00000000000000000 ) ) ;
#5279 = CARTESIAN_POINT ( 'NONE',  ( 2.482159763240979089, 44.56642443230881412, 1.804219794450574010 ) ) ;
#5280 = CARTESIAN_POINT ( 'NONE',  ( 2.042330775869637183, 45.17266480894498670, -2.190951266075266801 ) ) ;
#5281 = FACE_OUTER_BOUND ( 'NONE', #4406, .T. ) ;
#5282 =( BOUNDED_SURFACE ( )  B_SPLINE_SURFACE ( 3, 2, ( 
 ( #1379, #6437, #3853 ),
 ( #729, #2464, #3347 ),
 ( #8402, #7758, #1885 ),
 ( #7802, #1495, #6077 ) ),
 .UNSPECIFIED., .F., .F., .T. ) 
 B_SPLINE_SURFACE_WITH_KNOTS ( ( 4, 4 ),
 ( 3, 3 ),
 ( 0.000000000000000000, 0.004434978777750333764 ),
 ( 0.000000000000000000, 1.000000000000000000 ),
 .UNSPECIFIED. ) 
 GEOMETRIC_REPRESENTATION_ITEM ( )  RATIONAL_B_SPLINE_SURFACE ( (
 ( 1.000000000000000000, 0.7071067811864873986, 1.000000000000000000),
 ( 1.000000000000000000, 0.7071067811864873986, 1.000000000000000000),
 ( 1.000000000000000000, 0.7071067811874741649, 1.000000000000000000),
 ( 1.000000000000000000, 0.7071067811874741649, 1.000000000000000000) ) ) 
 REPRESENTATION_ITEM ( '' )  SURFACE ( )  );
#5283 = EDGE_LOOP ( 'NONE', ( #7882, #7673, #1381 ) ) ;
#5284 = EDGE_LOOP ( 'NONE', ( #5189, #7522, #8316 ) ) ;
#5285 = ORIENTED_EDGE ( 'NONE', *, *, #3918, .F. ) ;
#5286 = FACE_OUTER_BOUND ( 'NONE', #6461, .T. ) ;
#5287 = CARTESIAN_POINT ( 'NONE',  ( -4.752812708171584077, 37.13239514139890218, 0.000000000000000000 ) ) ;
#5288 = LINE ( 'NONE', #7888, #4819 ) ;
#5289 = CARTESIAN_POINT ( 'NONE',  ( 1.902872087648147970, 14.15265430622001830, 0.6210339295070799182 ) ) ;
#5290 = CARTESIAN_POINT ( 'NONE',  ( -7.436934691713834589, 26.00000000000002132, 0.000000000000000000 ) ) ;
#5291 = DIRECTION ( 'NONE',  ( 0.8660254037844362651, 0.000000000000000000, -0.5000000000000039968 ) ) ;
#5292 = CARTESIAN_POINT ( 'NONE',  ( 3.277414374212611836, 40.00000000000000711, -5.676648213592922154 ) ) ;
#5293 = ORIENTED_EDGE ( 'NONE', *, *, #4322, .F. ) ;
#5294 = ORIENTED_EDGE ( 'NONE', *, *, #994, .T. ) ;
#5295 = ORIENTED_EDGE ( 'NONE', *, *, #7385, .F. ) ;
#5296 = EDGE_CURVE ( 'NONE', #4464, #6042, #2318, .T. ) ;
#5297 = ADVANCED_FACE ( 'NONE', ( #4547 ), #6529, .T. ) ;
#5298 = EDGE_CURVE ( 'NONE', #3640, #5061, #1638, .T. ) ;
#5299 = CARTESIAN_POINT ( 'NONE',  ( -9.648306483919270704, 31.30501039346475523, 1.000000000001151745 ) ) ;
#5300 = FACE_OUTER_BOUND ( 'NONE', #5616, .T. ) ;
#5301 = CARTESIAN_POINT ( 'NONE',  ( -8.427935170293885392, 15.99999999999999645, -14.59761191784551215 ) ) ;
#5302 = CARTESIAN_POINT ( 'NONE',  ( -2.106055581399674193, 43.69040101300170420, 3.647795270548100266 ) ) ;
#5303 = AXIS2_PLACEMENT_3D ( 'NONE', #4003, #33, #5323 ) ;
#5304 = EDGE_LOOP ( 'NONE', ( #91, #2779 ) ) ;
#5305 = FACE_OUTER_BOUND ( 'NONE', #2377, .T. ) ;
#5306 = AXIS2_PLACEMENT_3D ( 'NONE', #6990, #1151, #8269 ) ;
#5307 = B_SPLINE_CURVE_WITH_KNOTS ( 'NONE', 3,
 ( #4912, #3486, #6791, #4828, #1559, #3599, #6188, #950, #8115, #1684 ),
 .UNSPECIFIED., .F., .F.,
 ( 4, 2, 2, 2, 4 ),
 ( 8.673617379884035472E-19, 0.002777439622246314840, 0.005554879244492628813, 0.008332318866738942786, 0.01110975848898525589 ),
 .UNSPECIFIED. ) ;
#5308 = AXIS2_PLACEMENT_3D ( 'NONE', #3412, #3957, #2715 ) ;
#5309 = DIRECTION ( 'NONE',  ( -0.8660254037844367092, 5.810221930991598474E-17, 0.5000000000000037748 ) ) ;
#5310 = CARTESIAN_POINT ( 'NONE',  ( 6.468064122860281095, 35.87501333731830044, 0.000000000000000000 ) ) ;
#5311 = DIRECTION ( 'NONE',  ( 1.224646799147353207E-16, 1.000000000000000000, -0.000000000000000000 ) ) ;
#5312 = CARTESIAN_POINT ( 'NONE',  ( 0.8608285029462895421, 14.92054706172545586, 1.825482439972821558 ) ) ;
#5313 = CIRCLE ( 'NONE', #7344, 0.8220173529896603881 ) ;
#5314 = ORIENTED_EDGE ( 'NONE', *, *, #314, .T. ) ;
#5315 = CIRCLE ( 'NONE', #99, 0.9999999999999998890 ) ;
#5316 = ADVANCED_FACE ( 'NONE', ( #7793 ), #2277, .T. ) ;
#5317 = EDGE_LOOP ( 'NONE', ( #3295, #6574, #7463, #7603 ) ) ;
#5318 = B_SPLINE_CURVE_WITH_KNOTS ( 'NONE', 3,
 ( #5602, #1048, #2095, #1419, #8205, #1493 ),
 .UNSPECIFIED., .F., .F.,
 ( 4, 2, 4 ),
 ( 1.321134223141091186E-14, 0.002123172976644625409, 0.004246345953276040031 ),
 .UNSPECIFIED. ) ;
#5319 = CARTESIAN_POINT ( 'NONE',  ( -1.883285157621138017, 14.85033440878080313, 0.6884652684274623624 ) ) ;
#5320 = DIRECTION ( 'NONE',  ( 8.673617379884035472E-17, -1.000000000000000000, -0.000000000000000000 ) ) ;
#5321 = CARTESIAN_POINT ( 'NONE',  ( 11.66703064672740098, 28.00000000000001066, 0.000000000000000000 ) ) ;
#5322 = CARTESIAN_POINT ( 'NONE',  ( 2.598076211353274267, 15.99999999999999645, -2.499999999999992006 ) ) ;
#5323 = DIRECTION ( 'NONE',  ( -1.000000000000000000, -8.673617379884035472E-17, 0.000000000000000000 ) ) ;
#5324 = LINE ( 'NONE', #2718, #3444 ) ;
#5325 = CARTESIAN_POINT ( 'NONE',  ( -2.576940090785046156, 42.62898020295601498, 4.463391167027450201 ) ) ;
#5326 = ORIENTED_EDGE ( 'NONE', *, *, #7650, .T. ) ;
#5327 = ORIENTED_EDGE ( 'NONE', *, *, #3812, .T. ) ;
#5328 = DIRECTION ( 'NONE',  ( 0.3948124892688080756, 0.6135897597494995859, -0.6838352908763329907 ) ) ;
#5329 = CARTESIAN_POINT ( 'NONE',  ( -2.981150757321108902, 43.66794915996769788, 3.165589643032560740 ) ) ;
#5330 = DIRECTION ( 'NONE',  ( -0.5000000000000041078, 0.000000000000000000, -0.8660254037844364872 ) ) ;
#5331 = EDGE_CURVE ( 'NONE', #2749, #798, #2304, .T. ) ;
#5332 = CARTESIAN_POINT ( 'NONE',  ( 7.641762162081999321, 18.61869244830447556, -11.23592032408367025 ) ) ;
#5333 = CARTESIAN_POINT ( 'NONE',  ( -0.4725170012123527941, 45.35253749460910200, -2.818423453577485027 ) ) ;
#5334 = CARTESIAN_POINT ( 'NONE',  ( 16.85587034058762868, 16.00000000000000355, 0.000000000000000000 ) ) ;
#5335 = CARTESIAN_POINT ( 'NONE',  ( -1.510380950301375647, 37.13239514139889508, -4.616056544706103715 ) ) ;
#5336 =( BOUNDED_SURFACE ( )  B_SPLINE_SURFACE ( 3, 2, ( 
 ( #7556, #1811, #5804 ),
 ( #2479, #3775, #5641 ),
 ( #6919, #524, #5714 ),
 ( #3061, #1687, #2352 ) ),
 .UNSPECIFIED., .F., .F., .T. ) 
 B_SPLINE_SURFACE_WITH_KNOTS ( ( 4, 4 ),
 ( 3, 3 ),
 ( -9.232848860452058659E-15, 0.004434978777778812720 ),
 ( 0.000000000000000000, 1.000000000000000000 ),
 .UNSPECIFIED. ) 
 GEOMETRIC_REPRESENTATION_ITEM ( )  RATIONAL_B_SPLINE_SURFACE ( (
 ( 1.000000000000000000, 0.7071067811865472397, 1.000000000000000000),
 ( 1.000000000000000000, 0.7071067811865472397, 1.000000000000000000),
 ( 1.000000000000000000, 0.7071067811865492381, 1.000000000000000000),
 ( 1.000000000000000000, 0.7071067811865492381, 1.000000000000000000) ) ) 
 REPRESENTATION_ITEM ( '' )  SURFACE ( )  );
#5337 = ORIENTED_EDGE ( 'NONE', *, *, #2239, .T. ) ;
#5338 = ORIENTED_EDGE ( 'NONE', *, *, #61, .F. ) ;
#5339 = VERTEX_POINT ( 'NONE', #8347 ) ;
#5340 = ORIENTED_EDGE ( 'NONE', *, *, #8268, .F. ) ;
#5341 = CARTESIAN_POINT ( 'NONE',  ( -11.66703064672726420, 28.00000000000012079, 1.000000000000000000 ) ) ;
#5342 = CYLINDRICAL_SURFACE ( 'NONE', #247, 1.000000000000000888 ) ;
#5343 = AXIS2_PLACEMENT_3D ( 'NONE', #3755, #6907, #1792 ) ;
#5344 = CARTESIAN_POINT ( 'NONE',  ( -2.105122913791017680, 15.13402734688822093, 1.353591740760524242 ) ) ;
#5345 = CARTESIAN_POINT ( 'NONE',  ( -11.66703064672726420, 28.00000000000012079, -1.000000000000000000 ) ) ;
#5346 = EDGE_CURVE ( 'NONE', #7841, #4981, #6428, .T. ) ;
#5347 = EDGE_CURVE ( 'NONE', #1532, #4212, #7116, .T. ) ;
#5348 = ORIENTED_EDGE ( 'NONE', *, *, #3645, .F. ) ;
#5349 = EDGE_CURVE ( 'NONE', #2570, #3594, #7655, .T. ) ;
#5350 = CARTESIAN_POINT ( 'NONE',  ( 1.850084796318781200, 15.07749418221596294, 2.000000000000001332 ) ) ;
#5351 = CARTESIAN_POINT ( 'NONE',  ( -11.24258098776876835, 22.23807052449116739, -1.000000000000000000 ) ) ;
#5352 = CARTESIAN_POINT ( 'NONE',  ( 10.21794364448338399, 29.24653537639661849, 1.000000000000000000 ) ) ;
#5353 = CARTESIAN_POINT ( 'NONE',  ( -1.510380950301376091, 37.13239514139890218, -4.616056544706103715 ) ) ;
#5354 = CARTESIAN_POINT ( 'NONE',  ( -0.5256242600726332981, 14.85996621442065369, 1.942453098118932076 ) ) ;
#5355 = CIRCLE ( 'NONE', #6576, 1.000000000000000000 ) ;
#5356 = SPHERICAL_SURFACE ( 'NONE', #1771, 1.000000000000000000 ) ;
#5357 = ORIENTED_EDGE ( 'NONE', *, *, #5970, .F. ) ;
#5358 = AXIS2_PLACEMENT_3D ( 'NONE', #5211, #1432, #5890 ) ;
#5359 = CIRCLE ( 'NONE', #3816, 2.000000000000000000 ) ;
#5360 = DIRECTION ( 'NONE',  ( -0.5000000000000038858, -0.000000000000000000, -0.8660254037844363761 ) ) ;
#5361 = CIRCLE ( 'NONE', #1642, 1.000000000000000888 ) ;
#5362 = EDGE_CURVE ( 'NONE', #6910, #599, #6726, .T. ) ;
#5363 = DIRECTION ( 'NONE',  ( 0.000000000000000000, 1.000000000000000000, 0.000000000000000000 ) ) ;
#5364 = CARTESIAN_POINT ( 'NONE',  ( 0.8660254037844364872, 0.000000000000000000, -0.5000000000000041078 ) ) ;
#5365 = CARTESIAN_POINT ( 'NONE',  ( -2.826910364149248345, 37.56619757069947241, -4.896352379149481848 ) ) ;
#5366 = CARTESIAN_POINT ( 'NONE',  ( 0.000000000000000000, 27.00000000000001066, 0.000000000000000000 ) ) ;
#5367 = CARTESIAN_POINT ( 'NONE',  ( 2.438564645708038992, 45.42943630628140284, -1.379848555749581873 ) ) ;
#5368 = CARTESIAN_POINT ( 'NONE',  ( 3.341045996137890661, 40.00000000000000711, 5.786861415735335967 ) ) ;
#5369 = EDGE_CURVE ( 'NONE', #8306, #1052, #391, .T. ) ;
#5370 = CARTESIAN_POINT ( 'NONE',  ( -2.682078945356898725, 15.07334009589850154, -0.5737443010977731905 ) ) ;
#5371 = PRODUCT_DEFINITION_FORMATION_WITH_SPECIFIED_SOURCE ( 'ä»', '', #2783, .NOT_KNOWN. ) ;
#5372 = EDGE_LOOP ( 'NONE', ( #1197, #6940, #6168, #4122 ) ) ;
#5373 = VERTEX_POINT ( 'NONE', #7664 ) ;
#5374 = CARTESIAN_POINT ( 'NONE',  ( -3.970591140349996273, 43.66794915996770499, 1.464482025013286837 ) ) ;
#5375 = CARTESIAN_POINT ( 'NONE',  ( -0.5909353534538771546, 44.93308184390132709, 3.141266880455696686 ) ) ;
#5376 = CIRCLE ( 'NONE', #4109, 1.000000000000000888 ) ;
#5377 = DIRECTION ( 'NONE',  ( 0.8660254037844362651, 0.000000000000000000, -0.5000000000000039968 ) ) ;
#5378 = SPHERICAL_SURFACE ( 'NONE', #4226, 1.000000000000000000 ) ;
#5379 = CARTESIAN_POINT ( 'NONE',  ( 3.242431757870192222, 37.13239514139893060, -3.616056544706130360 ) ) ;
#5380 = CARTESIAN_POINT ( 'NONE',  ( 5.147981640569143202, 42.63562815249446203, -0.9999999999867980049 ) ) ;
#5381 = ORIENTED_EDGE ( 'NONE', *, *, #2931, .F. ) ;
#5382 = AXIS2_PLACEMENT_3D ( 'NONE', #2844, #833, #2674 ) ;
#5383 = ORIENTED_EDGE ( 'NONE', *, *, #3921, .T. ) ;
#5384 = ORIENTED_EDGE ( 'NONE', *, *, #5741, .T. ) ;
#5385 = EDGE_LOOP ( 'NONE', ( #8183, #7293, #1931, #5024, #5178, #7320 ) ) ;
#5386 = DIRECTION ( 'NONE',  ( -0.000000000000000000, 1.000000000000000000, 0.000000000000000000 ) ) ;
#5387 = CARTESIAN_POINT ( 'NONE',  ( -1.976306454133421209, 43.98286852906887390, -3.423063191462963228 ) ) ;
#5388 = CIRCLE ( 'NONE', #5911, 1.000000000000000000 ) ;
#5389 = CARTESIAN_POINT ( 'NONE',  ( 6.179275788206801678, 41.65714473250962158, 0.000000000000000000 ) ) ;
#5390 = CARTESIAN_POINT ( 'NONE',  ( -0.8220173529884151620, 48.46887637871932952, 1.644034705976681998 ) ) ;
#5391 = LINE ( 'NONE', #7987, #7513 ) ;
#5392 = ORIENTED_EDGE ( 'NONE', *, *, #4903, .F. ) ;
#5393 = VECTOR ( 'NONE', #5386, 1000.000000000000000 ) ;
#5394 = CARTESIAN_POINT ( 'NONE',  ( -2.106055581399674193, 43.69040101300170420, 3.647795270548100266 ) ) ;
#5395 = FACE_OUTER_BOUND ( 'NONE', #7704, .T. ) ;
#5396 = AXIS2_PLACEMENT_3D ( 'NONE', #5087, #7593, #1725 ) ;
#5397 = CARTESIAN_POINT ( 'NONE',  ( 4.752812708171585854, 37.13239514139890218, 1.000000000000000000 ) ) ;
#5398 = CARTESIAN_POINT ( 'NONE',  ( 3.464101615137717527, 14.99999999999999645, -2.000000000000000000 ) ) ;
#5399 = CARTESIAN_POINT ( 'NONE',  ( 3.451466539840526870, 36.26406429620578109, 3.978115407627692779 ) ) ;
#5400 = CARTESIAN_POINT ( 'NONE',  ( -4.752812708171587630, 37.13239514139890218, 1.000000000000000000 ) ) ;
#5401 = ORIENTED_EDGE ( 'NONE', *, *, #7352, .T. ) ;
#5402 = CARTESIAN_POINT ( 'NONE',  ( -8.727539662843597057, 16.80059265058806162, 15.11654212111798401 ) ) ;
#5403 = FACE_OUTER_BOUND ( 'NONE', #3192, .T. ) ;
#5404 = CARTESIAN_POINT ( 'NONE',  ( -2.115203585291819621, 45.27707024599359187, -2.008192676500016649 ) ) ;
#5405 = B_SPLINE_CURVE_WITH_KNOTS ( 'NONE', 3,
 ( #638, #3260, #3172, #679, #3799, #7709, #2599, #7203, #7075, #5825 ),
 .UNSPECIFIED., .F., .F.,
 ( 4, 2, 2, 2, 4 ),
 ( 0.000000000000000000, 0.0009721985952796190732, 0.001458297892919428610, 0.001701347541739324162, 0.001944397190559219932 ),
 .UNSPECIFIED. ) ;
#5406 = DIRECTION ( 'NONE',  ( -0.8660254037844362651, 0.000000000000000000, 0.5000000000000039968 ) ) ;
#5407 = DIRECTION ( 'NONE',  ( -0.000000000000000000, -1.000000000000000000, 0.000000000000000000 ) ) ;
#5408 = ORIENTED_EDGE ( 'NONE', *, *, #5605, .T. ) ;
#5409 = ORIENTED_EDGE ( 'NONE', *, *, #940, .F. ) ;
#5410 = CARTESIAN_POINT ( 'NONE',  ( 2.976076159005762278, 14.99999999999999822, 0.1495150260849351653 ) ) ;
#5411 = CARTESIAN_POINT ( 'NONE',  ( -0.2540588280594640591, 45.41684043125054160, 2.804355926482198669 ) ) ;
#5412 = CYLINDRICAL_SURFACE ( 'NONE', #2883, 1.000000000000000000 ) ;
#5413 = CARTESIAN_POINT ( 'NONE',  ( 11.66703064672739920, 28.00000000000001421, 0.000000000000000000 ) ) ;
#5414 = CARTESIAN_POINT ( 'NONE',  ( 2.410294958402485310, 33.73159465460004469, 6.174753329180159511 ) ) ;
#5415 = CARTESIAN_POINT ( 'NONE',  ( -2.443659655487108395, 44.70983392122076339, 2.350555483281105307 ) ) ;
#5416 = ORIENTED_EDGE ( 'NONE', *, *, #5346, .T. ) ;
#5417 = B_SPLINE_CURVE_WITH_KNOTS ( 'NONE', 3,
 ( #4395, #4530, #405, #5137, #8333, #1777, #2536, #1820, #1174, #3029 ),
 .UNSPECIFIED., .F., .F.,
 ( 4, 2, 2, 2, 4 ),
 ( 1.579375390569638116E-14, 0.0006405157973432323761, 0.001281031594670670962, 0.001921547391998109332, 0.002562063189325546834 ),
 .UNSPECIFIED. ) ;
#5418 = ORIENTED_EDGE ( 'NONE', *, *, #7634, .T. ) ;
#5419 = FACE_OUTER_BOUND ( 'NONE', #6, .T. ) ;
#5420 = ADVANCED_FACE ( 'NONE', ( #4495 ), #7880, .T. ) ;
#5421 = EDGE_LOOP ( 'NONE', ( #8264, #4357, #3564, #4850, #7084, #2398, #3166, #2963, #2263 ) ) ;
#5422 = DIRECTION ( 'NONE',  ( -8.673617379884035472E-17, 1.000000000000000000, 0.000000000000000000 ) ) ;
#5423 = CARTESIAN_POINT ( 'NONE',  ( -3.952612907898882977, 43.98286853102646177, 6.780986188704068289E-10 ) ) ;
#5424 = CARTESIAN_POINT ( 'NONE',  ( 0.8903597154061231311, 13.99999999999999822, 1.793093092871159699 ) ) ;
#5425 = CARTESIAN_POINT ( 'NONE',  ( 2.943013249243118246, 44.25785963981220306, -1.143059360684343995 ) ) ;
#5426 = CARTESIAN_POINT ( 'NONE',  ( -5.833515323363745786, 28.00000000000001066, -10.10394492679749412 ) ) ;
#5427 = EDGE_LOOP ( 'NONE', ( #5976, #7988, #6780 ) ) ;
#5428 = LINE ( 'NONE', #6749, #7100 ) ;
#5429 = CARTESIAN_POINT ( 'NONE',  ( -7.861514259059386944, 16.80059265058803319, -15.61654212111789342 ) ) ;
#5430 = DIRECTION ( 'NONE',  ( 0.000000000000000000, 0.000000000000000000, -1.000000000000000000 ) ) ;
#5431 = CARTESIAN_POINT ( 'NONE',  ( -16.85587034058764289, 15.99999999999998579, 0.000000000000000000 ) ) ;
#5432 = DIRECTION ( 'NONE',  ( 0.3318439831576046606, 0.7480095476451936731, -0.5747706390150145728 ) ) ;
#5433 = AXIS2_PLACEMENT_3D ( 'NONE', #5786, #5151, #3342 ) ;
#5434 = EDGE_LOOP ( 'NONE', ( #7161, #2022, #4809, #5003 ) ) ;
#5435 = CARTESIAN_POINT ( 'NONE',  ( -1.998793947461530385, 14.97071171927274413, 0.08436038981342519616 ) ) ;
#5436 = VECTOR ( 'NONE', #125, 1000.000000000000000 ) ;
#5437 = CARTESIAN_POINT ( 'NONE',  ( 2.260879786243584544, 15.13397832663938836, 1.084025177112927452 ) ) ;
#5438 = CARTESIAN_POINT ( 'NONE',  ( -4.143439777997054208, 40.00000000000000711, 5.176648213592929260 ) ) ;
#5439 = DIRECTION ( 'NONE',  ( 0.000000000000000000, -0.000000000000000000, -1.000000000000000000 ) ) ;
#5440 = DIRECTION ( 'NONE',  ( -1.000000000000000000, 0.000000000000000000, 0.000000000000000000 ) ) ;
#5441 = AXIS2_PLACEMENT_3D ( 'NONE', #4770, #249, #851 ) ;
#5442 = CARTESIAN_POINT ( 'NONE',  ( -3.852441942072521552, 28.00000000000001066, -8.672625176878836939 ) ) ;
#5443 = CARTESIAN_POINT ( 'NONE',  ( 4.718467345856844020, 27.00000000000001066, -8.172625176878897335 ) ) ;
#5444 = AXIS2_PLACEMENT_3D ( 'NONE', #2890, #2353, #6234 ) ;
#5445 = EDGE_LOOP ( 'NONE', ( #1401, #7884, #918, #2175 ) ) ;
#5446 = ORIENTED_EDGE ( 'NONE', *, *, #6744, .F. ) ;
#5447 = LINE ( 'NONE', #6848, #2052 ) ;
#5448 = CARTESIAN_POINT ( 'NONE',  ( -6.699540727147981656, 28.00000000000012079, 9.603944926797462145 ) ) ;
#5449 = DIRECTION ( 'NONE',  ( 0.000000000000000000, 0.000000000000000000, -1.000000000000000000 ) ) ;
#5450 = FACE_OUTER_BOUND ( 'NONE', #513, .T. ) ;
#5451 = CARTESIAN_POINT ( 'NONE',  ( -4.142263899456921195, 33.73204452275091114, -5.174611532217710419 ) ) ;
#5452 = CARTESIAN_POINT ( 'NONE',  ( -2.504506995444936379, 44.46662482098862768, 2.595439370177042182 ) ) ;
#5453 = ORIENTED_EDGE ( 'NONE', *, *, #35, .F. ) ;
#5454 = EDGE_LOOP ( 'NONE', ( #4405, #6653, #3473, #50 ) ) ;
#5455 = EDGE_LOOP ( 'NONE', ( #340, #4103, #6209, #976 ) ) ;
#5456 = ORIENTED_EDGE ( 'NONE', *, *, #3450, .T. ) ;
#5457 = CARTESIAN_POINT ( 'NONE',  ( 7.840073083803726028, 24.79582683754258454, 0.000000000000000000 ) ) ;
#5458 = DIRECTION ( 'NONE',  ( -0.000000000000000000, -1.000000000000000000, -0.000000000000000000 ) ) ;
#5460 = ADVANCED_FACE ( 'NONE', ( #7885 ), #6978, .T. ) ;
#5459 = CARTESIAN_POINT ( 'NONE',  ( 2.573990824411295897, 42.63562816001267208, 4.458282871908283873 ) ) ;
#5461 = CARTESIAN_POINT ( 'NONE',  ( -3.332485933714655069, 43.32338796416790672, 1.000000000000677902 ) ) ;
#5462 = ADVANCED_FACE ( 'NONE', ( #3462 ), #2024, .T. ) ;
#5463 = EDGE_CURVE ( 'NONE', #952, #7493, #6151, .T. ) ;
#5464 = ORIENTED_EDGE ( 'NONE', *, *, #4717, .F. ) ;
#5465 = VERTEX_POINT ( 'NONE', #1489 ) ;
#5466 = DIRECTION ( 'NONE',  ( 0.000000000000000000, -0.000000000000000000, 1.000000000000000000 ) ) ;
#5467 = CARTESIAN_POINT ( 'NONE',  ( 2.852441942072513559, 26.00000000000001066, 6.940574369309965519 ) ) ;
#5468 = DIRECTION ( 'NONE',  ( -0.8660254037844434816, 0.000000000000000000, -0.4999999999999917843 ) ) ;
#5469 = DIRECTION ( 'NONE',  ( -8.673617379884035472E-17, 1.000000000000000000, 0.000000000000000000 ) ) ;
#5470 = DIRECTION ( 'NONE',  ( -0.7816674964356709054, -0.6236953783827411391, -1.763662765048048905E-13 ) ) ;
#5471 = ORIENTED_EDGE ( 'NONE', *, *, #914, .F. ) ;
#5472 = CARTESIAN_POINT ( 'NONE',  ( -7.561909766509264053, 15.99999999999996270, 15.09761191784566314 ) ) ;
#5473 = CARTESIAN_POINT ( 'NONE',  ( 1.996478617486918239, 14.00000002027963930, 0.2112939764972439904 ) ) ;
#5474 = DIRECTION ( 'NONE',  ( -1.000000000000000000, 0.000000000000000000, 0.000000000000000000 ) ) ;
#5475 = AXIS2_PLACEMENT_3D ( 'NONE', #7207, #1294, #3890 ) ;
#5476 = CARTESIAN_POINT ( 'NONE',  ( -1.387778780781445281E-15, 15.99999999999999645, -1.000000000000000000 ) ) ;
#5477 = CARTESIAN_POINT ( 'NONE',  ( 6.554828748425329366, 38.00000000000000711, 1.000000000000000000 ) ) ;
#5478 = CARTESIAN_POINT ( 'NONE',  ( 6.682091992262098934, 40.00000000000000711, 1.000000000000000000 ) ) ;
#5479 = DIRECTION ( 'NONE',  ( 0.000000000000000000, 1.000000000000000000, 0.000000000000000000 ) ) ;
#5480 = VECTOR ( 'NONE', #8282, 1000.000000000000114 ) ;
#5481 = AXIS2_PLACEMENT_3D ( 'NONE', #921, #6931, #8048 ) ;
#5482 = ORIENTED_EDGE ( 'NONE', *, *, #7381, .T. ) ;
#5483 = ORIENTED_EDGE ( 'NONE', *, *, #2384, .T. ) ;
#5484 = CARTESIAN_POINT ( 'NONE',  ( 3.647840876009361022, 40.78962497850058355, 6.318245735184986778 ) ) ;
#5485 = AXIS2_PLACEMENT_3D ( 'NONE', #1343, #7810, #6492 ) ;
#5486 = CARTESIAN_POINT ( 'NONE',  ( 3.277414374212691772, 38.00000000000000711, 5.676648213592877745 ) ) ;
#5487 = CARTESIAN_POINT ( 'NONE',  ( -3.099256001850769771, 41.94482352972774919, -3.368068860855679247 ) ) ;
#5488 = EDGE_CURVE ( 'NONE', #6524, #1274, #4654, .T. ) ;
#5489 = FACE_OUTER_BOUND ( 'NONE', #3660, .T. ) ;
#5490 = AXIS2_PLACEMENT_3D ( 'NONE', #1311, #5897, #2480 ) ;
#5491 = CARTESIAN_POINT ( 'NONE',  ( -2.619819511351303642, 44.82780226347579600, 1.463104915900667491 ) ) ;
#5492 = EDGE_CURVE ( 'NONE', #5936, #5275, #4156, .T. ) ;
#5493 = VERTEX_POINT ( 'NONE', #8007 ) ;
#5494 = ORIENTED_EDGE ( 'NONE', *, *, #7138, .F. ) ;
#5495 = ORIENTED_EDGE ( 'NONE', *, *, #2146, .T. ) ;
#5496 = VERTEX_POINT ( 'NONE', #7844 ) ;
#5497 = CIRCLE ( 'NONE', #824, 1.000000000000000000 ) ;
#5498 = CARTESIAN_POINT ( 'NONE',  ( 0.9263387330790398000, 14.97071171927291466, -1.773186530338958677 ) ) ;
#5499 = CARTESIAN_POINT ( 'NONE',  ( 2.106055581378149189, 43.69040101300414136, 3.647795270540943768 ) ) ;
#5500 = DIRECTION ( 'NONE',  ( 1.000000000000000000, 0.000000000000000000, 0.000000000000000000 ) ) ;
#5501 = CYLINDRICAL_SURFACE ( 'NONE', #3953, 1.000000000000000000 ) ;
#5502 = AXIS2_PLACEMENT_3D ( 'NONE', #1824, #6418, #3207 ) ;
#5503 = ADVANCED_FACE ( 'NONE', ( #801 ), #680, .T. ) ;
#5504 = ORIENTED_EDGE ( 'NONE', *, *, #4436, .T. ) ;
#5505 = ADVANCED_FACE ( 'NONE', ( #3420 ), #4760, .T. ) ;
#5506 = ORIENTED_EDGE ( 'NONE', *, *, #6117, .T. ) ;
#5507 = AXIS2_PLACEMENT_3D ( 'NONE', #2017, #7242, #1377 ) ;
#5508 = CARTESIAN_POINT ( 'NONE',  ( -4.718467345856844908, 27.00000000000001066, 8.172625176878899111 ) ) ;
#5509 = AXIS2_PLACEMENT_3D ( 'NONE', #2356, #3022, #8204 ) ;
#5510 = CARTESIAN_POINT ( 'NONE',  ( 3.267932484607274368, 31.40398960769651282, -7.660225099044752461 ) ) ;
#5511 = DIRECTION ( 'NONE',  ( -1.000000000000000000, 0.000000000000000000, 0.000000000000000000 ) ) ;
#5512 = CARTESIAN_POINT ( 'NONE',  ( 0.6043309960164269246, 15.10343136962584865, 2.561783080296286208 ) ) ;
#5513 = CARTESIAN_POINT ( 'NONE',  ( 0.4020688509399540367, 48.84708589523609845, 0.000000000000000000 ) ) ;
#5514 = AXIS2_PLACEMENT_3D ( 'NONE', #7114, #5149, #7997 ) ;
#5515 = ORIENTED_EDGE ( 'NONE', *, *, #1175, .T. ) ;
#5516 = EDGE_CURVE ( 'NONE', #634, #7808, #5074, .T. ) ;
#5517 = ADVANCED_FACE ( 'NONE', ( #3576 ), #3754, .T. ) ;
#5518 = CARTESIAN_POINT ( 'NONE',  ( 1.728168908807881543, 15.02500059728504489, 2.338163039991710601 ) ) ;
#5519 = CARTESIAN_POINT ( 'NONE',  ( 0.2719521169002566130, 44.63769433575972556, -3.037294684905162967 ) ) ;
#5520 = CARTESIAN_POINT ( 'NONE',  ( -4.752812708171587630, 37.13239514139890218, 1.000000000000000000 ) ) ;
#5521 = CIRCLE ( 'NONE', #3325, 1.000000000000000000 ) ;
#5522 = DIRECTION ( 'NONE',  ( 0.4999999999999919509, 0.000000000000000000, -0.8660254037844432595 ) ) ;
#5523 = FACE_OUTER_BOUND ( 'NONE', #2006, .T. ) ;
#5524 = CARTESIAN_POINT ( 'NONE',  ( -2.528463992542544503, 43.38117190895528097, -2.361234814170112717 ) ) ;
#5525 = EDGE_CURVE ( 'NONE', #1532, #1038, #5613, .T. ) ;
#5526 = CIRCLE ( 'NONE', #5396, 0.9999999999999991118 ) ;
#5527 = CARTESIAN_POINT ( 'NONE',  ( 6.554828748425329366, 40.00000000000000711, 0.000000000000000000 ) ) ;
#5528 = EDGE_LOOP ( 'NONE', ( #7716, #4050, #4381, #3556 ) ) ;
#5529 = DIRECTION ( 'NONE',  ( -0.000000000000000000, -1.000000000000000000, -0.000000000000000000 ) ) ;
#5530 = CARTESIAN_POINT ( 'NONE',  ( -3.954766329596659524, 31.31292076351748932, 8.849856214919061159 ) ) ;
#5531 = CARTESIAN_POINT ( 'NONE',  ( 0.4917474334166803129, 15.11436273850691236, -2.540444528746336861 ) ) ;
#5532 = CARTESIAN_POINT ( 'NONE',  ( 0.3108244613407671886, 43.66668134716945815, 5.101716597199432712 ) ) ;
#5533 = CARTESIAN_POINT ( 'NONE',  ( 2.106055581384049358, 43.69040101300814172, 3.647795270521145827 ) ) ;
#5534 = CARTESIAN_POINT ( 'NONE',  ( -2.529502131039656820, 44.77402941435507699, 1.639468400415668770 ) ) ;
#5535 = CARTESIAN_POINT ( 'NONE',  ( 8.427935170293883615, 16.00000000000000000, 14.59761191784551038 ) ) ;
#5536 = ORIENTED_EDGE ( 'NONE', *, *, #4231, .F. ) ;
#5537 = ORIENTED_EDGE ( 'NONE', *, *, #5463, .F. ) ;
#5538 = ORIENTED_EDGE ( 'NONE', *, *, #514, .F. ) ;
#5539 = CARTESIAN_POINT ( 'NONE',  ( 2.677084810012756222, 45.35253749467016604, -0.9999999999931181716 ) ) ;
#5540 = CARTESIAN_POINT ( 'NONE',  ( -1.578043658561218088, 14.84829097422525379, -1.235255218374365249 ) ) ;
#5541 = B_SPLINE_CURVE_WITH_KNOTS ( 'NONE', 3,
 ( #6647, #2166, #5487, #1536, #4139, #882 ),
 .UNSPECIFIED., .F., .F.,
 ( 4, 2, 4 ),
 ( 8.781419714010001521E-16, 0.002209154332358055205, 0.004418308664715231773 ),
 .UNSPECIFIED. ) ;
#5542 = DIRECTION ( 'NONE',  ( -0.8660254037844435926, -0.000000000000000000, -0.4999999999999915068 ) ) ;
#5543 = CARTESIAN_POINT ( 'NONE',  ( -2.106055581392244136, 43.69040101297749601, 3.647795270535824752 ) ) ;
#5544 = ORIENTED_EDGE ( 'NONE', *, *, #4315, .F. ) ;
#5545 = EDGE_CURVE ( 'NONE', #1958, #898, #4796, .T. ) ;
#5546 = VERTEX_POINT ( 'NONE', #2940 ) ;
#5547 = CARTESIAN_POINT ( 'NONE',  ( -1.732050807568859430, 14.99999999999999645, 3.000000000000032863 ) ) ;
#5548 = CARTESIAN_POINT ( 'NONE',  ( -5.833515323363745786, 28.00000000000001066, -10.10394492679749412 ) ) ;
#5549 = CARTESIAN_POINT ( 'NONE',  ( -4.394868564781884146, 21.54328311113980021, -9.612135646789441878 ) ) ;
#5550 = CARTESIAN_POINT ( 'NONE',  ( -5.782906847233892478, 29.36007771870516692, 10.01628847484726315 ) ) ;
#5551 = DIRECTION ( 'NONE',  ( -0.4999999999999919509, 0.000000000000000000, 0.8660254037844432595 ) ) ;
#5552 = CARTESIAN_POINT ( 'NONE',  ( 8.427935170293881839, 16.00000000000000000, 14.59761191784550327 ) ) ;
#5553 = ORIENTED_EDGE ( 'NONE', *, *, #1370, .T. ) ;
#5554 = CARTESIAN_POINT ( 'NONE',  ( 2.999501062348041813, 14.99999999999999645, 0.05471176265637288372 ) ) ;
#5555 = DIRECTION ( 'NONE',  ( 0.8660254037844432595, -0.000000000000000000, 0.4999999999999919509 ) ) ;
#5556 = TOROIDAL_SURFACE ( 'NONE', #3366, 2.000000000000000000, 1.000000000000000000 ) ;
#5557 = CARTESIAN_POINT ( 'NONE',  ( -0.1622048675415360686, 48.14608588408072620, 0.9999999999891768798 ) ) ;
#5558 = FACE_OUTER_BOUND ( 'NONE', #7247, .T. ) ;
#5559 = SPHERICAL_SURFACE ( 'NONE', #5509, 1.000000000000000000 ) ;
#5560 = EDGE_CURVE ( 'NONE', #5721, #3461, #5447, .T. ) ;
#5561 = AXIS2_PLACEMENT_3D ( 'NONE', #3047, #5665, #3716 ) ;
#5562 = ORIENTED_EDGE ( 'NONE', *, *, #387, .T. ) ;
#5563 = CARTESIAN_POINT ( 'NONE',  ( -3.341045996126569495, 40.00000000000000711, 5.786861415715913282 ) ) ;
#5564 = AXIS2_PLACEMENT_3D ( 'NONE', #4142, #2293, #8014 ) ;
#5565 = CARTESIAN_POINT ( 'NONE',  ( -2.972080985188318536, 43.69040101300187473, -3.147795270533134904 ) ) ;
#5566 = AXIS2_PLACEMENT_3D ( 'NONE', #2901, #6283, #5054 ) ;
#5567 = CARTESIAN_POINT ( 'NONE',  ( 1.504491944370193623, 44.64453427366039051, -3.058689406765571661 ) ) ;
#5568 = CARTESIAN_POINT ( 'NONE',  ( 1.816610171721020128, 14.24439848807945452, -0.8406066404927003965 ) ) ;
#5569 = CARTESIAN_POINT ( 'NONE',  ( 4.718467345856844020, 26.00000000000001066, -8.172625176878897335 ) ) ;
#5570 = CARTESIAN_POINT ( 'NONE',  ( -2.521147780921129566, 43.42475718165467669, 2.343862014164282748 ) ) ;
#5571 = ORIENTED_EDGE ( 'NONE', *, *, #3592, .F. ) ;
#5572 = ORIENTED_EDGE ( 'NONE', *, *, #7337, .T. ) ;
#5573 = DIRECTION ( 'NONE',  ( 0.000000000000000000, -1.000000000000000000, -0.000000000000000000 ) ) ;
#5574 = TOROIDAL_SURFACE ( 'NONE', #4893, 2.000000000000000000, 1.000000000000000000 ) ;
#5575 = ADVANCED_FACE ( 'NONE', ( #4301 ), #2720, .T. ) ;
#5576 = VERTEX_POINT ( 'NONE', #3612 ) ;
#5577 = DIRECTION ( 'NONE',  ( -0.5000000000000041078, 0.000000000000000000, -0.8660254037844362651 ) ) ;
#5578 = CARTESIAN_POINT ( 'NONE',  ( -1.728168908807907300, 15.02500059728505022, -2.338163039991878467 ) ) ;
#5579 = CARTESIAN_POINT ( 'NONE',  ( 15.00000000000000355, 28.00000000000001066, 1.000000000000000000 ) ) ;
#5580 = DIRECTION ( 'NONE',  ( -1.000000000000000000, 0.000000000000000000, 0.000000000000000000 ) ) ;
#5581 = ORIENTED_EDGE ( 'NONE', *, *, #4887, .F. ) ;
#5582 = ORIENTED_EDGE ( 'NONE', *, *, #914, .T. ) ;
#5583 = CARTESIAN_POINT ( 'NONE',  ( 7.640866150861350015, 18.62019707413687186, -11.23436838712535035 ) ) ;
#5584 = FACE_OUTER_BOUND ( 'NONE', #2343, .T. ) ;
#5585 = CARTESIAN_POINT ( 'NONE',  ( -3.054011138117459723, 24.79582683754258099, -7.289702458100619786 ) ) ;
#5586 = CARTESIAN_POINT ( 'NONE',  ( -4.718467345856844908, 26.00000000000000711, 8.172625176878899111 ) ) ;
#5587 = CARTESIAN_POINT ( 'NONE',  ( 1.972613996618409526, 15.12096238175428375, -1.638348628644155314 ) ) ;
#5588 = EDGE_CURVE ( 'NONE', #1676, #2818, #3283, .T. ) ;
#5589 = DIRECTION ( 'NONE',  ( 1.000000000000000000, 0.000000000000000000, 0.000000000000000000 ) ) ;
#5590 =( BOUNDED_SURFACE ( )  B_SPLINE_SURFACE ( 3, 2, ( 
 ( #8061, #2221, #299 ),
 ( #5389, #4022, #6822 ),
 ( #8103, #6175, #7423 ),
 ( #6126, #216, #4774 ) ),
 .UNSPECIFIED., .F., .F., .T. ) 
 B_SPLINE_SURFACE_WITH_KNOTS ( ( 4, 4 ),
 ( 3, 3 ),
 ( -2.872485235783095447E-15, 0.004434978777780717446 ),
 ( 0.000000000000000000, 1.000000000000000000 ),
 .UNSPECIFIED. ) 
 GEOMETRIC_REPRESENTATION_ITEM ( )  RATIONAL_B_SPLINE_SURFACE ( (
 ( 1.000000000000000000, 0.7071067811865473507, 1.000000000000000000),
 ( 1.000000000000000000, 0.7071067811865473507, 1.000000000000000000),
 ( 1.000000000000000000, 0.7071067811865490160, 1.000000000000000000),
 ( 1.000000000000000000, 0.7071067811865490160, 1.000000000000000000) ) ) 
 REPRESENTATION_ITEM ( '' )  SURFACE ( )  );
#5591 = ORIENTED_EDGE ( 'NONE', *, *, #2424, .T. ) ;
#5592 = ADVANCED_FACE ( 'NONE', ( #4137 ), #8211, .T. ) ;
#5593 = CARTESIAN_POINT ( 'NONE',  ( 0.000000000000000000, 28.00000000000001066, 0.000000000000000000 ) ) ;
#5594 = CARTESIAN_POINT ( 'NONE',  ( -1.995783208041898460, 15.12390791857639982, 1.588267726916732014 ) ) ;
#5595 = CARTESIAN_POINT ( 'NONE',  ( 1.311844995371608702, 14.05000125424215796, 1.518756464638272519 ) ) ;
#5596 = CARTESIAN_POINT ( 'NONE',  ( 0.1420551347194966008, 44.78089962812750713, -3.009194727324477459 ) ) ;
#5597 = TOROIDAL_SURFACE ( 'NONE', #7806, 2.000000000000000000, 1.000000000000000000 ) ;
#5598 = DIRECTION ( 'NONE',  ( 0.2583453148628540585, -0.9660526374315288045, 0.000000000000000000 ) ) ;
#5599 = CARTESIAN_POINT ( 'NONE',  ( 2.203495794049488588, 45.95301487016126174, 0.9999999999995115019 ) ) ;
#5600 = DIRECTION ( 'NONE',  ( 0.8660254037844432595, 0.000000000000000000, 0.4999999999999920064 ) ) ;
#5601 = CARTESIAN_POINT ( 'NONE',  ( 6.145363012554907023, 28.78166749643578726, -10.64408096869986409 ) ) ;
#5602 = CARTESIAN_POINT ( 'NONE',  ( 3.647840876004834865, 40.78962497853133584, 6.318245735185247014 ) ) ;
#5603 = CIRCLE ( 'NONE', #87, 0.9999999999999994449 ) ;
#5604 = VERTEX_POINT ( 'NONE', #3501 ) ;
#5605 = EDGE_CURVE ( 'NONE', #5339, #1584, #7944, .T. ) ;
#5606 = CARTESIAN_POINT ( 'NONE',  ( -5.833515323363635652, 28.00000000000001066, -10.10394492679729872 ) ) ;
#5607 = CARTESIAN_POINT ( 'NONE',  ( -1.510380950301311476, 37.13239514139890218, 4.616056544706120590 ) ) ;
#5608 = ADVANCED_FACE ( 'NONE', ( #8166 ), #2210, .T. ) ;
#5609 = CARTESIAN_POINT ( 'NONE',  ( 2.475020592349558068, 40.00000000000000711, 6.286861415728591140 ) ) ;
#5610 = CARTESIAN_POINT ( 'NONE',  ( -2.350568649094639806, 45.78845257375689215, -2.878616372285220575E-16 ) ) ;
#5611 = FACE_OUTER_BOUND ( 'NONE', #6252, .T. ) ;
#5612 = CARTESIAN_POINT ( 'NONE',  ( 11.66703064672726420, 28.00000000000012079, -1.000000000000000000 ) ) ;
#5613 = CIRCLE ( 'NONE', #5891, 0.9999999999999995559 ) ;
#5614 = DIRECTION ( 'NONE',  ( 0.000000000000000000, 1.000000000000000000, 0.000000000000000000 ) ) ;
#5615 = TOROIDAL_SURFACE ( 'NONE', #5740, 2.000000000000000000, 1.000000000000000000 ) ;
#5616 = EDGE_LOOP ( 'NONE', ( #4325, #2406, #430, #219, #2409 ) ) ;
#5617 = VERTEX_POINT ( 'NONE', #1697 ) ;
#5618 = DIRECTION ( 'NONE',  ( 0.3318439831542390750, -0.7480095476455946857, -0.5747706390164358803 ) ) ;
#5619 = EDGE_CURVE ( 'NONE', #6094, #5631, #3147, .T. ) ;
#5620 = AXIS2_PLACEMENT_3D ( 'NONE', #4854, #4065, #3475 ) ;
#5621 = EDGE_LOOP ( 'NONE', ( #3746, #6306, #6592, #7693 ) ) ;
#5622 = ADVANCED_FACE ( 'NONE', ( #2900 ), #3652, .T. ) ;
#5623 = CARTESIAN_POINT ( 'NONE',  ( -1.452368754827788377, 14.99999999999999645, -2.624999999999996003 ) ) ;
#5624 = CARTESIAN_POINT ( 'NONE',  ( -1.031421538346851463, 13.99999999999999645, -1.713525491562414960 ) ) ;
#5625 = AXIS2_PLACEMENT_3D ( 'NONE', #7262, #4075, #3322 ) ;
#5626 = CARTESIAN_POINT ( 'NONE',  ( -0.6539129810223285322, 14.05218031683099866, 1.897050946923066084 ) ) ;
#5627 = DIRECTION ( 'NONE',  ( -0.000000000000000000, 1.000000000000000000, -0.000000000000000000 ) ) ;
#5628 = B_SPLINE_CURVE_WITH_KNOTS ( 'NONE', 3,
 ( #4470, #518, #651, #2385, #7135, #1203 ),
 .UNSPECIFIED., .F., .F.,
 ( 4, 2, 4 ),
 ( 2.392791582743554974E-15, 0.002209154332374671688, 0.004418308664746951192 ),
 .UNSPECIFIED. ) ;
#5629 = AXIS2_PLACEMENT_3D ( 'NONE', #5666, #6303, #6345 ) ;
#5630 = VERTEX_POINT ( 'NONE', #1007 ) ;
#5631 = VERTEX_POINT ( 'NONE', #7483 ) ;
#5632 = LINE ( 'NONE', #1072, #3620 ) ;
#5633 = CARTESIAN_POINT ( 'NONE',  ( 17.85587034058762868, 16.00000000000000000, 0.000000000000000000 ) ) ;
#5634 = TOROIDAL_SURFACE ( 'NONE', #418, 2.000000000000000000, 1.000000000000000000 ) ;
#5635 = CARTESIAN_POINT ( 'NONE',  ( -0.4917474334166807570, 15.11436273850691947, 2.540444528746338193 ) ) ;
#5636 = CARTESIAN_POINT ( 'NONE',  ( 0.8152533574302183172, 14.00000002027963930, 1.834648189104726379 ) ) ;
#5637 = ORIENTED_EDGE ( 'NONE', *, *, #451, .T. ) ;
#5638 = TOROIDAL_SURFACE ( 'NONE', #4542, 3.000000000000000000, 1.000000000000000000 ) ;
#5639 = CARTESIAN_POINT ( 'NONE',  ( 3.195282381532973393, 43.65046972185613328, 1.026950844234466143 ) ) ;
#5640 = CARTESIAN_POINT ( 'NONE',  ( -2.069233234843490976, 15.13397832663940257, 1.415966741233190218 ) ) ;
#5641 = CARTESIAN_POINT ( 'NONE',  ( -5.514178970769063604, 40.90754409280587112, -1.000000000000001332 ) ) ;
#5642 = SPHERICAL_SURFACE ( 'NONE', #2339, 1.000000000000000000 ) ;
#5643 = DIRECTION ( 'NONE',  ( -0.5000000000000037748, -0.000000000000000000, -0.8660254037844365982 ) ) ;
#5644 = AXIS2_PLACEMENT_3D ( 'NONE', #5752, #6953, #1117 ) ;
#5645 = CARTESIAN_POINT ( 'NONE',  ( 6.506788303000765161, 20.80997300868749278, 9.270087934892092818 ) ) ;
#5646 = DIRECTION ( 'NONE',  ( -0.8660254037844362651, 0.000000000000000000, 0.5000000000000042188 ) ) ;
#5647 = DIRECTION ( 'NONE',  ( 0.000000000000000000, 0.7443010259546302132, 0.6678442803250504989 ) ) ;
#5648 = ORIENTED_EDGE ( 'NONE', *, *, #5000, .T. ) ;
#5649 = DIRECTION ( 'NONE',  ( 0.4999999999999919509, -0.000000000000000000, -0.8660254037844432595 ) ) ;
#5650 = CIRCLE ( 'NONE', #5255, 0.9999999999999985567 ) ;
#5651 = DIRECTION ( 'NONE',  ( -0.5000000000000039968, -4.336808689942053481E-17, -0.8660254037844363761 ) ) ;
#5652 = AXIS2_PLACEMENT_3D ( 'NONE', #4656, #3913, #8381 ) ;
#5653 = CARTESIAN_POINT ( 'NONE',  ( -2.553929870620576636, 43.22573359071631671, -2.423536294864824914 ) ) ;
#5654 = CARTESIAN_POINT ( 'NONE',  ( 0.2540588284604455849, 45.41684043200772436, -2.804355925895575474 ) ) ;
#5655 = VECTOR ( 'NONE', #2346, 1000.000000000000114 ) ;
#5656 = DIRECTION ( 'NONE',  ( -0.000000000000000000, 0.000000000000000000, 1.000000000000000000 ) ) ;
#5657 = CARTESIAN_POINT ( 'NONE',  ( 3.332485933714614657, 43.32338796416793514, -1.000000000000667688 ) ) ;
#5658 = ORIENTED_EDGE ( 'NONE', *, *, #5662, .F. ) ;
#5659 = VERTEX_POINT ( 'NONE', #6243 ) ;
#5660 = CARTESIAN_POINT ( 'NONE',  ( 6.242941788637216938, 19.36570602568318478, -12.81309236661476625 ) ) ;
#5661 = VERTEX_POINT ( 'NONE', #4882 ) ;
#5662 = EDGE_CURVE ( 'NONE', #5659, #7717, #1217, .T. ) ;
#5663 = CARTESIAN_POINT ( 'NONE',  ( 5.841540946304217113E-13, 44.82989925893699734, 3.000000000000017319 ) ) ;
#5664 = CARTESIAN_POINT ( 'NONE',  ( -1.537870990892074685, 14.85033440878084932, -1.286740154856370610 ) ) ;
#5665 = DIRECTION ( 'NONE',  ( 0.000000000000000000, 1.000000000000000000, 0.000000000000000000 ) ) ;
#5666 = CARTESIAN_POINT ( 'NONE',  ( 0.000000000000000000, 0.000000000000000000, 0.000000000000000000 ) ) ;
#5667 = CARTESIAN_POINT ( 'NONE',  ( -3.958127838174447799, 31.30501039346633263, -8.855678518574944036 ) ) ;
#5668 = EDGE_CURVE ( 'NONE', #5493, #1592, #5417, .T. ) ;
#5669 = EDGE_LOOP ( 'NONE', ( #542, #6766, #3474, #164 ) ) ;
#5670 = VERTEX_POINT ( 'NONE', #2401 ) ;
#5671 = CARTESIAN_POINT ( 'NONE',  ( 7.840073083803724252, 24.79582683754258454, -1.000000000000000000 ) ) ;
#5672 = DIRECTION ( 'NONE',  ( -0.4999999999999919509, 0.000000000000000000, 0.8660254037844432595 ) ) ;
#5673 = CARTESIAN_POINT ( 'NONE',  ( 2.106055581392207721, 43.69040101300969070, -3.647795270533714884 ) ) ;
#5674 = CARTESIAN_POINT ( 'NONE',  ( -3.000000000000000000, 13.99999999999999467, 0.000000000000000000 ) ) ;
#5675 = ORIENTED_EDGE ( 'NONE', *, *, #1264, .T. ) ;
#5676 = DIRECTION ( 'NONE',  ( 0.4999999999999919509, 0.000000000000000000, -0.8660254037844432595 ) ) ;
#5677 = CARTESIAN_POINT ( 'NONE',  ( 1.464101615137717527, 15.99999999999999645, -2.000000000000000000 ) ) ;
#5678 = CARTESIAN_POINT ( 'NONE',  ( -2.501934193171711396, 44.67648252149525945, 1.725533304542335333 ) ) ;
#5679 = LINE ( 'NONE', #6960, #4835 ) ;
#5680 = CARTESIAN_POINT ( 'NONE',  ( 5.913069880752928498, 18.61275076766433045, -12.24173746216957070 ) ) ;
#5681 = CARTESIAN_POINT ( 'NONE',  ( 1.503857525672362083, 46.86219977232175182, 0.9999999999876023615 ) ) ;
#5682 = CARTESIAN_POINT ( 'NONE',  ( 1.510380950301308145, 37.13239514139891639, -4.616056544706115261 ) ) ;
#5683 = CARTESIAN_POINT ( 'NONE',  ( 3.341045996137890661, 40.00000000000000711, 5.786861415735335967 ) ) ;
#5684 = ORIENTED_EDGE ( 'NONE', *, *, #6102, .F. ) ;
#5685 = DIRECTION ( 'NONE',  ( -0.5000000000000039968, 0.000000000000000000, -0.8660254037844363761 ) ) ;
#5686 = DIRECTION ( 'NONE',  ( -0.4999999999999919509, -0.000000000000000000, 0.8660254037844432595 ) ) ;
#5687 = CYLINDRICAL_SURFACE ( 'NONE', #2582, 1.000000000000000000 ) ;
#5688 = CARTESIAN_POINT ( 'NONE',  ( 1.078753581268897754, 44.30400931221623040, -3.594300260773688027 ) ) ;
#5689 = CARTESIAN_POINT ( 'NONE',  ( -12.29072602511014445, 28.78166749643568068, 0.000000000000000000 ) ) ;
#5690 = FACE_OUTER_BOUND ( 'NONE', #4913, .T. ) ;
#5691 = SURFACE_STYLE_USAGE ( .BOTH. , #460 ) ;
#5692 = VECTOR ( 'NONE', #2600, 1000.000000000000000 ) ;
#5693 = ORIENTED_EDGE ( 'NONE', *, *, #6367, .T. ) ;
#5694 = ORIENTED_EDGE ( 'NONE', *, *, #6519, .T. ) ;
#5695 = CYLINDRICAL_SURFACE ( 'NONE', #7903, 1.000000000000000222 ) ;
#5696 = ADVANCED_FACE ( 'NONE', ( #2443 ), #5687, .F. ) ;
#5697 = ORIENTED_EDGE ( 'NONE', *, *, #6429, .T. ) ;
#5698 = B_SPLINE_CURVE_WITH_KNOTS ( 'NONE', 3,
 ( #7186, #2481, #3870, #5717, #4570, #3065, #7146, #447, #3829, #527, #7640, #5050, #1126, #1168, #572, #7774 ),
 .UNSPECIFIED., .F., .F.,
 ( 4, 2, 2, 2, 2, 2, 2, 4 ),
 ( 2.581016996751937037E-16, 0.001157427906840779487, 0.001446784883550904970, 0.001736141860261030670, 0.001880820348616101759, 0.002025498836971173066, 0.002170177325326244373, 0.002314855813681315679 ),
 .UNSPECIFIED. ) ;
#5699 = CARTESIAN_POINT ( 'NONE',  ( -0.8660254037844161701, 43.02671304670307961, 3.500000000000025313 ) ) ;
#5700 = CARTESIAN_POINT ( 'NONE',  ( -2.373371803541866498, 15.12390791857641226, -0.9342650951523689962 ) ) ;
#5701 = DIRECTION ( 'NONE',  ( 1.000000000000000000, 0.000000000000000000, 0.000000000000000000 ) ) ;
#5702 = CARTESIAN_POINT ( 'NONE',  ( 3.464101615137717527, 15.99999999999999645, 0.000000000000000000 ) ) ;
#5703 = CIRCLE ( 'NONE', #487, 1.000000000000000888 ) ;
#5704 = ORIENTED_EDGE ( 'NONE', *, *, #5331, .F. ) ;
#5705 = ORIENTED_EDGE ( 'NONE', *, *, #4993, .F. ) ;
#5706 = ADVANCED_FACE ( 'NONE', ( #7694 ), #4441, .F. ) ;
#5707 = DIRECTION ( 'NONE',  ( -0.8660254037844432595, 0.000000000000000000, -0.4999999999999919509 ) ) ;
#5708 = EDGE_CURVE ( 'NONE', #5793, #3770, #8255, .T. ) ;
#5709 = CARTESIAN_POINT ( 'NONE',  ( -1.905052559612441465, 14.14960498177569725, 0.6142590404696935957 ) ) ;
#5710 = DIRECTION ( 'NONE',  ( 1.000000000000000000, 0.000000000000000000, 0.000000000000000000 ) ) ;
#5711 = ORIENTED_EDGE ( 'NONE', *, *, #6669, .T. ) ;
#5712 = CARTESIAN_POINT ( 'NONE',  ( 1.775737858763662015E-15, 5.000000000000000000, -13.99999999999999822 ) ) ;
#5713 = DIRECTION ( 'NONE',  ( 0.8660254037844362651, 0.000000000000000000, -0.5000000000000039968 ) ) ;
#5714 = CARTESIAN_POINT ( 'NONE',  ( -4.437747064159466071, 41.92936603613934210, -1.000000000000000666 ) ) ;
#5715 = DIRECTION ( 'NONE',  ( -1.000000000000000000, -0.000000000000000000, -0.000000000000000000 ) ) ;
#5716 = FACE_OUTER_BOUND ( 'NONE', #1740, .T. ) ;
#5717 = CARTESIAN_POINT ( 'NONE',  ( 2.463373775147231548, 44.17519066731982491, -2.015150871103029484 ) ) ;
#5718 = CARTESIAN_POINT ( 'NONE',  ( 1.968755925243038885, 14.87160939346284039, -0.4168592888441916000 ) ) ;
#5719 = CARTESIAN_POINT ( 'NONE',  ( 1.929125849360340705, 35.39292810776483833, 5.341343985286523655 ) ) ;
#5720 = EDGE_CURVE ( 'NONE', #1499, #7896, #6009, .T. ) ;
#5721 = VERTEX_POINT ( 'NONE', #6366 ) ;
#5722 = DIRECTION ( 'NONE',  ( -0.5000000000000039968, 0.000000000000000000, -0.8660254037844363761 ) ) ;
#5723 = CARTESIAN_POINT ( 'NONE',  ( -13.55721384007024710, 18.61361073351429241, 1.000000000000000000 ) ) ;
#5724 = CIRCLE ( 'NONE', #3805, 3.000000000000000000 ) ;
#5725 = FACE_OUTER_BOUND ( 'NONE', #3721, .T. ) ;
#5726 = CARTESIAN_POINT ( 'NONE',  ( 3.277414374212692660, 38.00000000000000711, 5.676648213592877745 ) ) ;
#5727 = CARTESIAN_POINT ( 'NONE',  ( 5.686817137165584235, 31.31292076351573073, -7.849856214923327968 ) ) ;
#5728 = CARTESIAN_POINT ( 'NONE',  ( -1.835665658600737160, 15.07232860202455882, -2.042613345074192122 ) ) ;
#5729 = ORIENTED_EDGE ( 'NONE', *, *, #8070, .F. ) ;
#5730 = VERTEX_POINT ( 'NONE', #1909 ) ;
#5731 = EDGE_LOOP ( 'NONE', ( #3857, #3441, #313, #497 ) ) ;
#5732 = CARTESIAN_POINT ( 'NONE',  ( 1.419222002293849982, 44.72895229819071972, 3.022898751184297961 ) ) ;
#5733 = ORIENTED_EDGE ( 'NONE', *, *, #4252, .F. ) ;
#5734 = CARTESIAN_POINT ( 'NONE',  ( 4.718467345856844020, 28.00000000000001066, -8.172625176878897335 ) ) ;
#5735 = CARTESIAN_POINT ( 'NONE',  ( 8.427935170293679334, 16.00000000000000000, -14.59761191784562406 ) ) ;
#5736 = DIRECTION ( 'NONE',  ( 1.000000000000000000, 0.000000000000000000, 0.000000000000000000 ) ) ;
#5737 = DIRECTION ( 'NONE',  ( -8.673617379884035472E-17, 1.000000000000000000, 0.000000000000000000 ) ) ;
#5738 = CARTESIAN_POINT ( 'NONE',  ( 0.4954512388978815629, 48.19448705228523977, -0.8458285645772667394 ) ) ;
#5739 = FACE_OUTER_BOUND ( 'NONE', #2830, .T. ) ;
#5740 = AXIS2_PLACEMENT_3D ( 'NONE', #101, #1259, #6498 ) ;
#5741 = EDGE_CURVE ( 'NONE', #6856, #1988, #7255, .T. ) ;
#5742 = CIRCLE ( 'NONE', #8068, 1.000000000000000222 ) ;
#5743 = ORIENTED_EDGE ( 'NONE', *, *, #2928, .T. ) ;
#5744 = VECTOR ( 'NONE', #5651, 1000.000000000000114 ) ;
#5745 = ORIENTED_EDGE ( 'NONE', *, *, #1755, .T. ) ;
#5746 = ORIENTED_EDGE ( 'NONE', *, *, #2657, .F. ) ;
#5747 = CIRCLE ( 'NONE', #7261, 0.9999999999999985567 ) ;
#5748 = CARTESIAN_POINT ( 'NONE',  ( -7.971303741614599758, 19.37215831988071102, -11.80670308303013272 ) ) ;
#5749 = DIRECTION ( 'NONE',  ( -0.5157107691734100774, 0.000000000000000000, 0.8567627457812168057 ) ) ;
#5751 = EDGE_CURVE ( 'NONE', #3461, #5465, #4051, .T. ) ;
#5750 = CARTESIAN_POINT ( 'NONE',  ( -5.833515323363745786, 28.00000000000001066, -10.10394492679749412 ) ) ;
#5752 = CARTESIAN_POINT ( 'NONE',  ( 3.718467345856950157, 26.00000000000001066, 6.440574369309961078 ) ) ;
#5753 = CIRCLE ( 'NONE', #8208, 1.000000000000000222 ) ;
#5754 = EDGE_CURVE ( 'NONE', #7703, #2135, #5359, .T. ) ;
#5755 = ORIENTED_EDGE ( 'NONE', *, *, #6549, .F. ) ;
#5756 = CARTESIAN_POINT ( 'NONE',  ( 4.212111162779119233, 43.69040101299244583, 0.9999999999984334753 ) ) ;
#5757 = DIRECTION ( 'NONE',  ( -1.000000000000000000, 0.000000000000000000, -1.804112415015877864E-13 ) ) ;
#5758 = VECTOR ( 'NONE', #7550, 1000.000000000000000 ) ;
#5759 = DIRECTION ( 'NONE',  ( -0.3318439831630964898, 0.7480095476354624573, -0.5747706390245080899 ) ) ;
#5760 = CARTESIAN_POINT ( 'NONE',  ( -4.786061945686332031, 24.79582683754258099, -6.289702458100610905 ) ) ;
#5761 = DIRECTION ( 'NONE',  ( 0.000000000000000000, -0.5467874866480723073, 0.8372714281791087121 ) ) ;
#5762 = DIRECTION ( 'NONE',  ( 0.000000000000000000, 1.000000000000000000, 0.000000000000000000 ) ) ;
#5763 = CARTESIAN_POINT ( 'NONE',  ( 1.904390350121409226, 14.15059254850087100, -0.6165930725000012824 ) ) ;
#5764 = EDGE_CURVE ( 'NONE', #6779, #3640, #6465, .T. ) ;
#5765 = CARTESIAN_POINT ( 'NONE',  ( 2.106055581384049358, 43.69040101300814172, 3.647795270521145827 ) ) ;
#5766 = AXIS2_PLACEMENT_3D ( 'NONE', #4910, #2970, #903 ) ;
#5767 = EDGE_CURVE ( 'NONE', #2349, #5250, #132, .T. ) ;
#5768 = ORIENTED_EDGE ( 'NONE', *, *, #2379, .T. ) ;
#5769 = CARTESIAN_POINT ( 'NONE',  ( 0.000000000000000000, 13.99999999999999467, 0.000000000000000000 ) ) ;
#5770 = VECTOR ( 'NONE', #1910, 1000.000000000000114 ) ;
#5771 = LINE ( 'NONE', #7153, #290 ) ;
#5772 = CARTESIAN_POINT ( 'NONE',  ( -9.874520185667115868, 23.75882442938577555, 1.000000000009154011 ) ) ;
#5773 = AXIS2_PLACEMENT_3D ( 'NONE', #5368, #6722, #7231 ) ;
#5774 = FACE_OUTER_BOUND ( 'NONE', #1384, .T. ) ;
#5775 = CARTESIAN_POINT ( 'NONE',  ( -0.8220173529896604991, 48.46887637871667209, -3.096200419546283914E-16 ) ) ;
#5776 = DIRECTION ( 'NONE',  ( 1.000000000000000000, 0.000000000000000000, -0.000000000000000000 ) ) ;
#5777 = AXIS2_PLACEMENT_3D ( 'NONE', #6820, #213, #1428 ) ;
#5778 = ORIENTED_EDGE ( 'NONE', *, *, #5849, .T. ) ;
#5779 = VERTEX_POINT ( 'NONE', #1222 ) ;
#5780 = CARTESIAN_POINT ( 'NONE',  ( 0.9413841153130613204, 44.54172800821187650, 3.411637759308415063 ) ) ;
#5781 = EDGE_LOOP ( 'NONE', ( #8233, #7149, #6724, #7406 ) ) ;
#5782 = DIRECTION ( 'NONE',  ( -0.5000000000000015543, -0.000000000000000000, -0.8660254037844378194 ) ) ;
#5783 = DIRECTION ( 'NONE',  ( 0.8660254037844432595, 0.000000000000000000, 0.4999999999999920619 ) ) ;
#5784 = CARTESIAN_POINT ( 'NONE',  ( -3.341045996122392392, 40.00000000000000711, -5.786861415708490775 ) ) ;
#5785 = ADVANCED_FACE ( 'NONE', ( #2361 ), #7101, .T. ) ;
#5786 = CARTESIAN_POINT ( 'NONE',  ( 5.833515323363748450, 28.00000000000001776, 10.10394492679748701 ) ) ;
#5787 = CARTESIAN_POINT ( 'NONE',  ( 8.427935170293883615, 16.00000000000000000, 14.59761191784550860 ) ) ;
#5788 = CARTESIAN_POINT ( 'NONE',  ( 3.089529506112704826, 41.65731318150060503, -5.351222076070961009 ) ) ;
#5789 = ADVANCED_FACE ( 'NONE', ( #7606 ), #811, .T. ) ;
#5790 =( GEOMETRIC_REPRESENTATION_CONTEXT ( 3 ) GLOBAL_UNCERTAINTY_ASSIGNED_CONTEXT ( ( #7906 ) ) GLOBAL_UNIT_ASSIGNED_CONTEXT ( ( #2248, #7065, #7787 ) ) REPRESENTATION_CONTEXT ( 'NONE', 'WORKASPACE' ) );
#5791 = ORIENTED_EDGE ( 'NONE', *, *, #8184, .F. ) ;
#5792 = ORIENTED_EDGE ( 'NONE', *, *, #5545, .F. ) ;
#5793 = VERTEX_POINT ( 'NONE', #1735 ) ;
#5794 = DIRECTION ( 'NONE',  ( -1.000000000000000000, -8.673617379884035472E-17, 0.000000000000000000 ) ) ;
#5795 = DIRECTION ( 'NONE',  ( -0.8660254037844432595, 0.000000000000000000, -0.4999999999999920064 ) ) ;
#5796 = CARTESIAN_POINT ( 'NONE',  ( 4.786061945686332919, 24.79582683754257744, 6.289702458100610905 ) ) ;
#5797 = CARTESIAN_POINT ( 'NONE',  ( -1.375839752221220458, 14.08666688988852478, 1.453846724987635675 ) ) ;
#5798 = CARTESIAN_POINT ( 'NONE',  ( -4.629626764701074926, 24.57473341296405067, 8.018748776543157319 ) ) ;
#5799 =( BOUNDED_SURFACE ( )  B_SPLINE_SURFACE ( 3, 2, ( 
 ( #8226, #6944, #5624 ),
 ( #1707, #6214, #6299 ),
 ( #5578, #1148, #4228 ),
 ( #7538, #4317, #8180 ),
 ( #4944, #7576, #421 ),
 ( #3626, #5664, #1669 ),
 ( #3084, #5540, #8140 ),
 ( #6258, #3753, #4987 ),
 ( #2371, #8266, #2256 ),
 ( #3000, #6342, #466 ),
 ( #5700, #4897, #8309 ),
 ( #2413, #5067, #7495 ),
 ( #7666, #1790, #4628 ),
 ( #1835, #2503, #45 ),
 ( #8396, #7886, #3217 ),
 ( #8441, #592, #2551 ) ),
 .UNSPECIFIED., .F., .F., .F. ) 
 B_SPLINE_SURFACE_WITH_KNOTS ( ( 4, 2, 2, 2, 2, 2, 2, 4 ),
 ( 3, 3 ),
 ( 0.000000000000000000, 0.0007675504642996886298, 0.001151325696449532945, 0.001343213312524455102, 0.001535100928599377260, 0.001918876160749221575, 0.002302651392899065889, 0.003070201857198754519 ),
 ( 0.000000000000000000, 1.000000000000000000 ),
 .UNSPECIFIED. ) 
 GEOMETRIC_REPRESENTATION_ITEM ( )  RATIONAL_B_SPLINE_SURFACE ( (
 ( 1.000000000000000000, 0.7071067811865475727, 1.000000000000000000),
 ( 1.000000000000000000, 0.7173360178718601876, 1.000000000000000000),
 ( 1.000000000000000000, 0.7452096672411747669, 1.000000000000000000),
 ( 1.000000000000000000, 0.7999646156165232114, 1.000000000000000000),
 ( 1.000000000000000000, 0.8202557753888164438, 1.000000000000000000),
 ( 1.000000000000000000, 0.8453484808097159187, 1.000000000000000000),
 ( 1.000000000000000000, 0.8527166563812393907, 1.000000000000000000),
 ( 1.000000000000000000, 0.8631375187652379211, 1.000000000000000000),
 ( 1.000000000000000000, 0.8660232239077969574, 1.000000000000000000),
 ( 1.000000000000000000, 0.8660297596612966942, 1.000000000000000000),
 ( 1.000000000000000000, 0.8542089608285086122, 1.000000000000000000),
 ( 1.000000000000000000, 0.8207685513182332304, 1.000000000000000000),
 ( 1.000000000000000000, 0.8003984184072311381, 1.000000000000000000),
 ( 1.000000000000000000, 0.7458108782817832738, 1.000000000000000000),
 ( 1.000000000000000000, 0.7175487335154445701, 1.000000000000000000),
 ( 1.000000000000000000, 0.7071067811865475727, 1.000000000000000000) ) ) 
 REPRESENTATION_ITEM ( '' )  SURFACE ( )  );
#5800 = EDGE_CURVE ( 'NONE', #3418, #3328, #2508, .T. ) ;
#5801 = ORIENTED_EDGE ( 'NONE', *, *, #7805, .T. ) ;
#5802 = CARTESIAN_POINT ( 'NONE',  ( -5.390082572281990281, 32.03055223286058606, -7.335896872185921680 ) ) ;
#5803 = DIRECTION ( 'NONE',  ( 0.000000000000000000, -0.000000000000000000, -1.000000000000000000 ) ) ;
#5804 = CARTESIAN_POINT ( 'NONE',  ( -6.682091992260152047, 39.99999999999868550, -1.000000000000001332 ) ) ;
#5805 = CARTESIAN_POINT ( 'NONE',  ( 7.105278337900914565, 19.37215832004399374, 12.30670308315877293 ) ) ;
#5806 = DIRECTION ( 'NONE',  ( 1.224646799147224771E-16, 0.000000000000000000, -1.000000000000000000 ) ) ;
#5807 = LINE ( 'NONE', #3109, #1135 ) ;
#5808 = LINE ( 'NONE', #1770, #6313 ) ;
#5809 = CARTESIAN_POINT ( 'NONE',  ( -1.990280519261252490, 14.01301373875980616, -0.2147658251305639698 ) ) ;
#5810 = ORIENTED_EDGE ( 'NONE', *, *, #2808, .F. ) ;
#5811 = CARTESIAN_POINT ( 'NONE',  ( 3.341045996138700236, 40.00000000000000711, -5.786861415736924030 ) ) ;
#5812 = CARTESIAN_POINT ( 'NONE',  ( -2.656686160983425360, 44.80147694019263582, -1.409111781737180547 ) ) ;
#5813 = CARTESIAN_POINT ( 'NONE',  ( 2.463933346388070156, 44.01841648529901363, 2.091371914296587864 ) ) ;
#5814 = ADVANCED_FACE ( 'NONE', ( #6232 ), #1761, .T. ) ;
#5815 = CARTESIAN_POINT ( 'NONE',  ( 2.554387251770547262, 44.81958906181471036, -1.579509264045182659 ) ) ;
#5816 = CARTESIAN_POINT ( 'NONE',  ( 2.826910364149251897, 37.56619757069946530, 4.896352379149485401 ) ) ;
#5817 = ADVANCED_FACE ( 'NONE', ( #3059 ), #1722, .T. ) ;
#5818 = CARTESIAN_POINT ( 'NONE',  ( -1.954215782091166087, 15.11436273850691059, -1.696088033957819041 ) ) ;
#5819 = ORIENTED_EDGE ( 'NONE', *, *, #6127, .F. ) ;
#5820 = VERTEX_POINT ( 'NONE', #5712 ) ;
#5821 = CARTESIAN_POINT ( 'NONE',  ( 11.66703064672740098, 28.00000000000001066, 0.000000000000000000 ) ) ;
#5822 = ORIENTED_EDGE ( 'NONE', *, *, #1452, .T. ) ;
#5823 = CARTESIAN_POINT ( 'NONE',  ( 6.552640724377297943, 33.73159465459341533, -1.000000000000000000 ) ) ;
#5824 = DIRECTION ( 'NONE',  ( 0.5000000000000038858, 0.000000000000000000, 0.8660254037844363761 ) ) ;
#5825 = CARTESIAN_POINT ( 'NONE',  ( 2.695744417340400823, 44.75292953360487758, 1.359978737389945236 ) ) ;
#5826 = CARTESIAN_POINT ( 'NONE',  ( 2.449440390100976472E-11, 47.93147645920785038, 0.000000000000000000 ) ) ;
#5827 = CARTESIAN_POINT ( 'NONE',  ( -2.695744417360173006, 44.75292953358565029, -1.359978737384134329 ) ) ;
#5828 = DIRECTION ( 'NONE',  ( 0.000000000000000000, 1.000000000000000000, 0.000000000000000000 ) ) ;
#5829 = AXIS2_PLACEMENT_3D ( 'NONE', #8337, #6248, #366 ) ;
#5830 = DIRECTION ( 'NONE',  ( 0.000000000000000000, -1.000000000000000000, 0.000000000000000000 ) ) ;
#5831 = FACE_OUTER_BOUND ( 'NONE', #7734, .T. ) ;
#5832 = AXIS2_PLACEMENT_3D ( 'NONE', #806, #2133, #8054 ) ;
#5833 = ORIENTED_EDGE ( 'NONE', *, *, #3825, .T. ) ;
#5834 = ADVANCED_FACE ( 'NONE', ( #5043 ), #4382, .T. ) ;
#5835 = ORIENTED_EDGE ( 'NONE', *, *, #144, .F. ) ;
#5836 = VERTEX_POINT ( 'NONE', #7046 ) ;
#5837 = VECTOR ( 'NONE', #7078, 1000.000000000000000 ) ;
#5838 = CARTESIAN_POINT ( 'NONE',  ( 6.682091992264687974, 40.00000000000000711, 0.000000000000000000 ) ) ;
#5839 = CARTESIAN_POINT ( 'NONE',  ( 3.920036541901895877, 24.79582683754257744, 6.789702458100615345 ) ) ;
#5840 = CIRCLE ( 'NONE', #6795, 1.000000000000000444 ) ;
#5841 = CARTESIAN_POINT ( 'NONE',  ( -5.791531471859097557, 29.34631447910982871, 10.03122676289298987 ) ) ;
#5842 = CARTESIAN_POINT ( 'NONE',  ( -2.910815205016680007, 15.01715472476382018, 0.2807954072407352064 ) ) ;
#5843 = DIRECTION ( 'NONE',  ( 0.5000000000000039968, -0.000000000000000000, 0.8660254037844363761 ) ) ;
#5844 = ORIENTED_EDGE ( 'NONE', *, *, #7732, .T. ) ;
#5845 = TOROIDAL_SURFACE ( 'NONE', #8164, 0.04020688513646309553, 0.9000000000000000222 ) ;
#5846 = DIRECTION ( 'NONE',  ( 1.000000000000000000, 0.000000000000000000, 0.000000000000000000 ) ) ;
#5847 = FACE_OUTER_BOUND ( 'NONE', #7617, .T. ) ;
#5848 = CARTESIAN_POINT ( 'NONE',  ( -8.427935170293880063, 16.00000000000000000, -14.59761191784551215 ) ) ;
#5849 = EDGE_CURVE ( 'NONE', #2216, #8056, #818, .T. ) ;
#5850 = CARTESIAN_POINT ( 'NONE',  ( 7.897718084061606802, 18.04276379885632409, 13.67924898544201717 ) ) ;
#5851 = CARTESIAN_POINT ( 'NONE',  ( 1.814969676528160880, 15.06280175927071241, 2.103199347052283841 ) ) ;
#5852 = CARTESIAN_POINT ( 'NONE',  ( 1.928649811316859308, 35.39490556813217381, -5.340519463209031592 ) ) ;
#5853 = CARTESIAN_POINT ( 'NONE',  ( -1.964621440753864912, 14.05650054790186942, -0.3841920086689254998 ) ) ;
#5854 = EDGE_CURVE ( 'NONE', #4541, #90, #7395, .T. ) ;
#5855 = LINE ( 'NONE', #2439, #988 ) ;
#5856 = ORIENTED_EDGE ( 'NONE', *, *, #6549, .T. ) ;
#5857 = CARTESIAN_POINT ( 'NONE',  ( -0.5011046414941863203, 44.21195125012762617, -3.131279560467620904 ) ) ;
#5858 = CARTESIAN_POINT ( 'NONE',  ( -7.840073083803718923, 24.79582683754258454, 1.000000000000000000 ) ) ;
#5859 = CARTESIAN_POINT ( 'NONE',  ( 2.504506993794701319, 44.46662482324934018, 2.595439368751031761 ) ) ;
#5860 = CARTESIAN_POINT ( 'NONE',  ( 2.090960322484452849, 45.25013936721866514, -2.064590514691778900 ) ) ;
#5861 = CARTESIAN_POINT ( 'NONE',  ( 0.8660254037844161701, 43.02671304669877372, -3.500000000000025313 ) ) ;
#5862 = ADVANCED_FACE ( 'NONE', ( #2477 ), #2673, .T. ) ;
#5863 = ADVANCED_FACE ( 'NONE', ( #7685 ), #5597, .T. ) ;
#5864 =( BOUNDED_SURFACE ( )  B_SPLINE_SURFACE ( 3, 2, ( 
 ( #7876, #1963, #2444 ),
 ( #3876, #8469, #3115 ),
 ( #5723, #4487, #7103 ),
 ( #5182, #7782, #7697 ),
 ( #1278, #5772, #5139 ),
 ( #5858, #8385, #2585 ) ),
 .UNSPECIFIED., .F., .F., .T. ) 
 B_SPLINE_SURFACE_WITH_KNOTS ( ( 4, 2, 4 ),
 ( 3, 3 ),
 ( 0.02377191026660205667, 0.03009556532160171521, 0.03641922037660137723 ),
 ( 0.000000000000000000, 1.000000000000000000 ),
 .UNSPECIFIED. ) 
 GEOMETRIC_REPRESENTATION_ITEM ( )  RATIONAL_B_SPLINE_SURFACE ( (
 ( 1.000000000000000000, 0.7071067811865475727, 1.000000000000000000),
 ( 1.000000000000000000, 0.7071067811865475727, 1.000000000000000000),
 ( 1.000000000000000000, 0.7071067811865475727, 1.000000000000000000),
 ( 1.000000000000000000, 0.7071067811865475727, 1.000000000000000000),
 ( 1.000000000000000000, 0.7071067811865475727, 1.000000000000000000),
 ( 1.000000000000000000, 0.7071067811865475727, 1.000000000000000000) ) ) 
 REPRESENTATION_ITEM ( '' )  SURFACE ( )  );
#5865 = VERTEX_POINT ( 'NONE', #1162 ) ;
#5866 = ORIENTED_EDGE ( 'NONE', *, *, #6849, .T. ) ;
#5867 = DIRECTION ( 'NONE',  ( -8.673617379884035472E-17, 1.000000000000000000, 0.000000000000000000 ) ) ;
#5868 = VERTEX_POINT ( 'NONE', #6401 ) ;
#5869 = EDGE_CURVE ( 'NONE', #1623, #6808, #1851, .T. ) ;
#5870 = CARTESIAN_POINT ( 'NONE',  ( 14.21055667564924185, 19.37215831988071457, -1.000000000000000000 ) ) ;
#5871 = AXIS2_PLACEMENT_3D ( 'NONE', #3099, #5081, #2386 ) ;
#5872 = CARTESIAN_POINT ( 'NONE',  ( -13.55819056907495757, 18.61275076766433045, 1.000000000000000222 ) ) ;
#5873 = CARTESIAN_POINT ( 'NONE',  ( 6.554828748425329366, 39.00000000000000711, 0.000000000000000000 ) ) ;
#5874 = DIRECTION ( 'NONE',  ( 0.8660254037844372643, -0.000000000000000000, -0.5000000000000025535 ) ) ;
#5875 = CARTESIAN_POINT ( 'NONE',  ( 2.008142112063199924, 43.91110777166291257, -3.478204166909685924 ) ) ;
#5876 = B_SPLINE_CURVE_WITH_KNOTS ( 'NONE', 3,
 ( #6114, #6897, #171, #2903, #8131, #8092, #6035, #4180, #2854, #3539, #5568, #6852, #7487, #1614, #4217, #2774 ),
 .UNSPECIFIED., .F., .F.,
 ( 4, 2, 2, 2, 2, 2, 2, 4 ),
 ( 0.000000000000000000, 0.0002668061700383503906, 0.0005336123400767007812, 0.0008004185101150512261, 0.001067224680153401562, 0.001334030850191752441, 0.001600837020230102886, 0.002134449360306802258 ),
 .UNSPECIFIED. ) ;
#5877 = CARTESIAN_POINT ( 'NONE',  ( -6.554828748425329366, 38.00000000000000711, 0.000000000000000000 ) ) ;
#5878 = CARTESIAN_POINT ( 'NONE',  ( 3.341045996137890661, 40.00000000000000711, 5.786861415735335967 ) ) ;
#5879 = EDGE_CURVE ( 'NONE', #3966, #5275, #1505, .T. ) ;
#5880 = ORIENTED_EDGE ( 'NONE', *, *, #1791, .T. ) ;
#5881 = ORIENTED_EDGE ( 'NONE', *, *, #7642, .F. ) ;
#5882 = EDGE_CURVE ( 'NONE', #5465, #4624, #5218, .T. ) ;
#5883 = ORIENTED_EDGE ( 'NONE', *, *, #694, .T. ) ;
#5884 = SPHERICAL_SURFACE ( 'NONE', #5893, 1.000000000000000000 ) ;
#5885 = CARTESIAN_POINT ( 'NONE',  ( -10.20709801672635919, 29.25718579709658229, -1.000000000000000000 ) ) ;
#5886 = EDGE_CURVE ( 'NONE', #2467, #7644, #3990, .T. ) ;
#5887 = CARTESIAN_POINT ( 'NONE',  ( -6.326409094583412163, 28.59544621237069606, 8.957661981284491759 ) ) ;
#5888 = CARTESIAN_POINT ( 'NONE',  ( 1.452368754827788377, 14.99999999999999645, 2.624999999999996003 ) ) ;
#5889 = CIRCLE ( 'NONE', #2178, 1.999999999999999778 ) ;
#5890 = DIRECTION ( 'NONE',  ( -0.4999999999999920064, 0.000000000000000000, 0.8660254037844432595 ) ) ;
#5891 = AXIS2_PLACEMENT_3D ( 'NONE', #4972, #6110, #8088 ) ;
#5892 = EDGE_LOOP ( 'NONE', ( #7745, #6955, #941 ) ) ;
#5893 = AXIS2_PLACEMENT_3D ( 'NONE', #5838, #6444, #1386 ) ;
#5894 = CARTESIAN_POINT ( 'NONE',  ( -6.682091992264687974, 40.00000000000000711, 0.000000000000000000 ) ) ;
#5895 = ADVANCED_FACE ( 'NONE', ( #7818 ), #5266, .T. ) ;
#5896 = AXIS2_PLACEMENT_3D ( 'NONE', #6671, #784, #2194 ) ;
#5897 = DIRECTION ( 'NONE',  ( -0.6020865812287158336, 0.7984308039550560565, 1.044453727028070236E-15 ) ) ;
#5898 = CARTESIAN_POINT ( 'NONE',  ( 4.429843595190557259, 32.95083784824694106, 5.672714176453559354 ) ) ;
#5899 = CARTESIAN_POINT ( 'NONE',  ( 2.522267523012850177, 44.74785203486918306, 1.662296692934526865 ) ) ;
#5900 = ORIENTED_EDGE ( 'NONE', *, *, #8359, .T. ) ;
#5901 = AXIS2_PLACEMENT_3D ( 'NONE', #6260, #7035, #1749 ) ;
#5902 = EDGE_LOOP ( 'NONE', ( #8108, #3842, #5694, #464 ) ) ;
#5903 = CARTESIAN_POINT ( 'NONE',  ( -2.671531537103561060, 15.07529628916849163, 0.5878633246616938868 ) ) ;
#5904 = CARTESIAN_POINT ( 'NONE',  ( -2.430747222752359882, 44.78765446556450769, -2.265593957413331250 ) ) ;
#5905 = CARTESIAN_POINT ( 'NONE',  ( 2.430747222143542441, 44.78765446372751313, 2.265593956612670379 ) ) ;
#5906 = CARTESIAN_POINT ( 'NONE',  ( 1.963127725708668780, 44.07310743378234719, -3.344776418678430563 ) ) ;
#5907 = CARTESIAN_POINT ( 'NONE',  ( 5.452091441818111228, 29.97551092897913350, -9.443299384742386948 ) ) ;
#5908 = ADVANCED_FACE ( 'NONE', ( #7182 ), #3821, .T. ) ;
#5909 = ORIENTED_EDGE ( 'NONE', *, *, #4345, .F. ) ;
#5910 = ORIENTED_EDGE ( 'NONE', *, *, #4093, .T. ) ;
#5911 = AXIS2_PLACEMENT_3D ( 'NONE', #2760, #910, #4125 ) ;
#5912 = CARTESIAN_POINT ( 'NONE',  ( 1.774749613265410364, 44.28667364800516992, 3.245176060657868344 ) ) ;
#5913 = ORIENTED_EDGE ( 'NONE', *, *, #6763, .F. ) ;
#5914 = CARTESIAN_POINT ( 'NONE',  ( -0.5689784377897414425, 47.92703760326411100, 0.9854995626538843867 ) ) ;
#5915 = CARTESIAN_POINT ( 'NONE',  ( 3.341045996129731854, 40.00000000000000711, 5.786861415721204160 ) ) ;
#5916 = CARTESIAN_POINT ( 'NONE',  ( 1.031421538346851241, 13.99999999999999467, 1.713525491562414516 ) ) ;
#5917 = DIRECTION ( 'NONE',  ( 0.000000000000000000, 0.000000000000000000, -1.000000000000000000 ) ) ;
#5918 = CARTESIAN_POINT ( 'NONE',  ( 1.999667374898694616, 13.99999999999999645, 0.03647450843758198724 ) ) ;
#5919 = DIRECTION ( 'NONE',  ( 0.000000000000000000, -1.000000000000000000, -0.000000000000000000 ) ) ;
#5920 = FACE_OUTER_BOUND ( 'NONE', #4591, .T. ) ;
#5921 = ORIENTED_EDGE ( 'NONE', *, *, #6392, .F. ) ;
#5922 = ORIENTED_EDGE ( 'NONE', *, *, #3362, .F. ) ;
#5923 = ORIENTED_EDGE ( 'NONE', *, *, #8169, .F. ) ;
#5924 = CARTESIAN_POINT ( 'NONE',  ( -6.554828748425329366, 38.00000000000000711, -1.000000000000000000 ) ) ;
#5925 = CIRCLE ( 'NONE', #8383, 1.000000000000000222 ) ;
#5926 = CARTESIAN_POINT ( 'NONE',  ( -8.884365292621763999, 30.65829190356859968, -1.000000000000000000 ) ) ;
#5927 = CARTESIAN_POINT ( 'NONE',  ( -7.436934691713834589, 26.00000000000002132, 0.000000000000000000 ) ) ;
#5928 = AXIS2_PLACEMENT_3D ( 'NONE', #3824, #6358, #3017 ) ;
#5929 = ADVANCED_FACE ( 'NONE', ( #5305 ), #1349, .T. ) ;
#5930 = ORIENTED_EDGE ( 'NONE', *, *, #2288, .F. ) ;
#5931 = DIRECTION ( 'NONE',  ( -0.3908337482177829947, -0.6236953783828800280, -0.6769439092257754087 ) ) ;
#5932 = CARTESIAN_POINT ( 'NONE',  ( -0.5773502691966269085, 47.89898643124379873, -0.9999999999903571579 ) ) ;
#5933 = DIRECTION ( 'NONE',  ( -0.000000000000000000, 0.000000000000000000, 1.000000000000000000 ) ) ;
#5934 = CARTESIAN_POINT ( 'NONE',  ( -2.106055581393460496, 43.69040101299459877, -3.647795270537444345 ) ) ;
#5935 = CARTESIAN_POINT ( 'NONE',  ( -0.9682458365518352705, 14.99999999999999467, 1.750000000000010658 ) ) ;
#5936 = VERTEX_POINT ( 'NONE', #5350 ) ;
#5937 = TOROIDAL_SURFACE ( 'NONE', #6347, 13.99999999999999822, 1.000000000000000000 ) ;
#5938 = ADVANCED_FACE ( 'NONE', ( #8457 ), #6450, .F. ) ;
#5939 = ORIENTED_EDGE ( 'NONE', *, *, #2531, .F. ) ;
#5940 = CARTESIAN_POINT ( 'NONE',  ( 1.642838687239142281, 14.24781577949552691, -1.143726288818514014 ) ) ;
#5941 = DIRECTION ( 'NONE',  ( 1.224646799147351482E-16, 0.000000000000000000, -1.000000000000000000 ) ) ;
#5942 = CARTESIAN_POINT ( 'NONE',  ( 0.000000000000000000, 13.99999999999999467, 0.000000000000000000 ) ) ;
#5943 = CARTESIAN_POINT ( 'NONE',  ( 2.443659655699318201, 44.70983392324374961, -2.350555484035957932 ) ) ;
#5944 = DIRECTION ( 'NONE',  ( -0.000000000000000000, -1.000000000000000000, -0.000000000000000000 ) ) ;
#5945 = ORIENTED_EDGE ( 'NONE', *, *, #717, .T. ) ;
#5946 = ORIENTED_EDGE ( 'NONE', *, *, #7381, .F. ) ;
#5947 = DIRECTION ( 'NONE',  ( 1.000000000000000000, 0.000000000000000000, 0.000000000000000000 ) ) ;
#5948 = CARTESIAN_POINT ( 'NONE',  ( 0.04282372974215113703, 44.82780226345413865, 3.000382708082049099 ) ) ;
#5949 = CARTESIAN_POINT ( 'NONE',  ( 4.143439777997054208, 38.00000000000002132, -5.176648213592930148 ) ) ;
#5950 = CARTESIAN_POINT ( 'NONE',  ( -4.513866279790095248, 40.78962497853636648, -5.818245735164571109 ) ) ;
#5951 = CARTESIAN_POINT ( 'NONE',  ( 1.882443958720964927, 44.13163621920589463, -3.333808863913714671 ) ) ;
#5952 = EDGE_CURVE ( 'NONE', #2298, #767, #2737, .T. ) ;
#5953 = CARTESIAN_POINT ( 'NONE',  ( -3.371595622429569339, 23.95352527149389132, -7.839774920624747345 ) ) ;
#5954 = EDGE_CURVE ( 'NONE', #5339, #3910, #4519, .T. ) ;
#5955 = ORIENTED_EDGE ( 'NONE', *, *, #5662, .T. ) ;
#5956 = ORIENTED_EDGE ( 'NONE', *, *, #5882, .T. ) ;
#5957 = ORIENTED_EDGE ( 'NONE', *, *, #5134, .T. ) ;
#5958 = ORIENTED_EDGE ( 'NONE', *, *, #4231, .T. ) ;
#5959 = B_SPLINE_CURVE_WITH_KNOTS ( 'NONE', 3,
 ( #5796, #7766, #2515, #650, #5645, #356, #3607, #6236 ),
 .UNSPECIFIED., .F., .F.,
 ( 4, 2, 2, 4 ),
 ( 0.000000000000000000, 0.003164576948818945829, 0.006329153897637891657, 0.01265830779527577291 ),
 .UNSPECIFIED. ) ;
#5960 = CARTESIAN_POINT ( 'NONE',  ( 1.452368754827752628, 14.99999999999999645, -2.625000000000015987 ) ) ;
#5961 = AXIS2_PLACEMENT_3D ( 'NONE', #3838, #6470, #6024 ) ;
#5962 = CARTESIAN_POINT ( 'NONE',  ( -10.90418288363959753, 29.97551092897735714, 0.000000000000000000 ) ) ;
#5963 = CARTESIAN_POINT ( 'NONE',  ( 2.919645070521445618, 45.02045013909520321, -1.114089372457010674 ) ) ;
#5964 = DIRECTION ( 'NONE',  ( 0.000000000000000000, 0.7354398480754756884, -0.6775900160589154453 ) ) ;
#5965 = AXIS2_PLACEMENT_3D ( 'NONE', #7516, #4255, #4293 ) ;
#5966 = ORIENTED_EDGE ( 'NONE', *, *, #5869, .T. ) ;
#5967 = EDGE_CURVE ( 'NONE', #3448, #8321, #2313, .T. ) ;
#5968 = CARTESIAN_POINT ( 'NONE',  ( -5.840962589270593419, 40.00000000000000711, 8.116843969725916708 ) ) ;
#5969 = CIRCLE ( 'NONE', #7209, 1.000000000000000888 ) ;
#5970 = EDGE_CURVE ( 'NONE', #2047, #6499, #4918, .T. ) ;
#5971 = CIRCLE ( 'NONE', #2820, 0.9999999999999994449 ) ;
#5972 = CARTESIAN_POINT ( 'NONE',  ( -0.2133214801645811065, 48.12925592694123367, -0.9999999999970774489 ) ) ;
#5973 = DIRECTION ( 'NONE',  ( 1.000000000000000000, 0.000000000000000000, 0.000000000000000000 ) ) ;
#5974 = DIRECTION ( 'NONE',  ( -0.5000000000000041078, 0.000000000000000000, -0.8660254037844362651 ) ) ;
#5975 = CARTESIAN_POINT ( 'NONE',  ( -0.3374493986648643973, 47.40783853823013061, 1.415520496525284777 ) ) ;
#5976 = ORIENTED_EDGE ( 'NONE', *, *, #7093, .F. ) ;
#5977 = CIRCLE ( 'NONE', #2267, 1.000000000000000000 ) ;
#5978 = DIRECTION ( 'NONE',  ( -1.000000000000000000, -0.000000000000000000, 2.255140518769848970E-13 ) ) ;
#5979 = CARTESIAN_POINT ( 'NONE',  ( -4.069153984033743399, 43.85152090674667136, -5.577947009312428782E-13 ) ) ;
#5980 = DIRECTION ( 'NONE',  ( 0.000000000000000000, 0.000000000000000000, 1.000000000000000000 ) ) ;
#5981 = CYLINDRICAL_SURFACE ( 'NONE', #4247, 1.000000000000000888 ) ;
#5982 = DIRECTION ( 'NONE',  ( 1.000000000000000000, -0.000000000000000000, 0.000000000000000000 ) ) ;
#5983 = CARTESIAN_POINT ( 'NONE',  ( -3.647840876001609001, 40.78962497857497027, 6.318245735155437082 ) ) ;
#5984 = VERTEX_POINT ( 'NONE', #6545 ) ;
#5985 = ORIENTED_EDGE ( 'NONE', *, *, #2741, .T. ) ;
#5986 = CARTESIAN_POINT ( 'NONE',  ( 11.57482700721833702, 29.35288596413590056, -1.000000000000000000 ) ) ;
#5987 = CARTESIAN_POINT ( 'NONE',  ( 0.008684738402969648108, 44.83264541264395575, 2.999488757785756743 ) ) ;
#5988 = CARTESIAN_POINT ( 'NONE',  ( 9.293960574078166559, 15.99999999999993072, -14.09761191784571110 ) ) ;
#5989 = CARTESIAN_POINT ( 'NONE',  ( 1.732050807569249118, 43.02671304669242147, -3.000000000001030731 ) ) ;
#5990 = B_SPLINE_CURVE_WITH_KNOTS ( 'NONE', 3,
 ( #4000, #748, #4790, #1522, #113, #868 ),
 .UNSPECIFIED., .F., .F.,
 ( 4, 2, 4 ),
 ( 0.000000000000000000, 0.002209154332370707845, 0.004418308664741415689 ),
 .UNSPECIFIED. ) ;
#5991 = CARTESIAN_POINT ( 'NONE',  ( -4.997780075773404995, 31.40948356748942416, -6.656409016294895231 ) ) ;
#5992 = CARTESIAN_POINT ( 'NONE',  ( 6.179275788250373935, 41.65714473246596583, 0.000000000000000000 ) ) ;
#5993 = ORIENTED_EDGE ( 'NONE', *, *, #1353, .F. ) ;
#5994 = ORIENTED_EDGE ( 'NONE', *, *, #5298, .T. ) ;
#5995 = DIRECTION ( 'NONE',  ( -4.610702043198154361E-17, 5.933484782073360954E-17, 1.000000000000000000 ) ) ;
#5996 = ORIENTED_EDGE ( 'NONE', *, *, #61, .T. ) ;
#5997 = APPLICATION_CONTEXT ( 'automotive_design' ) ;
#5998 = AXIS2_PLACEMENT_3D ( 'NONE', #62, #567, #7770 ) ;
#5999 = CARTESIAN_POINT ( 'NONE',  ( 3.464101615137717527, 14.99999999999999645, -2.000000000000000000 ) ) ;
#6000 = CARTESIAN_POINT ( 'NONE',  ( -0.7986568637077025024, 43.33042390856414272, -3.383314265754886030 ) ) ;
#6001 = DIRECTION ( 'NONE',  ( -0.4999999999999919509, -4.336808689941948094E-17, 0.8660254037844432595 ) ) ;
#6002 = ADVANCED_FACE ( 'NONE', ( #7864 ), #1206, .F. ) ;
#6003 = AXIS2_PLACEMENT_3D ( 'NONE', #3085, #3300, #2552 ) ;
#6004 = CARTESIAN_POINT ( 'NONE',  ( -2.227555526992389456, 15.13392073375907287, 1.141993881101798669 ) ) ;
#6005 = ORIENTED_EDGE ( 'NONE', *, *, #2078, .T. ) ;
#6006 = CARTESIAN_POINT ( 'NONE',  ( 0.000000000000000000, 0.000000000000000000, 0.000000000000000000 ) ) ;
#6007 = CARTESIAN_POINT ( 'NONE',  ( -0.1063302968209426658, 48.16105627902425113, -1.000000000001219691 ) ) ;
#6008 = CARTESIAN_POINT ( 'NONE',  ( 10.91451494307347403, 29.96536639221908516, 0.9999999999988483657 ) ) ;
#6009 = CIRCLE ( 'NONE', #3416, 1.000000000000000222 ) ;
#6010 = CARTESIAN_POINT ( 'NONE',  ( 2.449440390100976472E-11, 47.93147645920785038, 0.000000000000000000 ) ) ;
#6011 = CARTESIAN_POINT ( 'NONE',  ( 0.1419597077037300092, 14.84529863192839194, 2.000005029712538018 ) ) ;
#6012 = AXIS2_PLACEMENT_3D ( 'NONE', #1194, #5155, #4589 ) ;
#6013 = CARTESIAN_POINT ( 'NONE',  ( 5.590302506289512863, 35.39292810776483833, -1.000000000000000000 ) ) ;
#6014 = ORIENTED_EDGE ( 'NONE', *, *, #866, .F. ) ;
#6015 = CIRCLE ( 'NONE', #7651, 0.9999999999999995559 ) ;
#6016 = TOROIDAL_SURFACE ( 'NONE', #1504, 2.000000000000000000, 1.000000000000000000 ) ;
#6017 = AXIS2_PLACEMENT_3D ( 'NONE', #4517, #8412, #3318 ) ;
#6018 = DIRECTION ( 'NONE',  ( -0.8660254037844363761, 0.000000000000000000, 0.5000000000000039968 ) ) ;
#6019 = CARTESIAN_POINT ( 'NONE',  ( -2.428250826632872617, 15.11606122244217687, 0.8684025325946554963 ) ) ;
#6020 = CIRCLE ( 'NONE', #5896, 0.9999999999999994449 ) ;
#6021 = CARTESIAN_POINT ( 'NONE',  ( 2.732189474663471174E-14, 15.99999999999999645, 4.000000000000017764 ) ) ;
#6022 = CARTESIAN_POINT ( 'NONE',  ( -4.808937278253752723, 31.33989682417728062, -8.329323696347403327 ) ) ;
#6023 = DIRECTION ( 'NONE',  ( -1.000000000000000000, 0.000000000000000000, -1.224646799147353207E-16 ) ) ;
#6024 = DIRECTION ( 'NONE',  ( -1.000000000000000000, -8.673617379884035472E-17, 0.000000000000000000 ) ) ;
#6025 = CARTESIAN_POINT ( 'NONE',  ( -9.436934691713835477, 26.00000000000002132, 0.000000000000000000 ) ) ;
#6026 = ADVANCED_FACE ( 'NONE', ( #7219 ), #7274, .T. ) ;
#6027 = B_SPLINE_CURVE_WITH_KNOTS ( 'NONE', 2,
 ( #106, #2151, #2232 ),
 .UNSPECIFIED., .F., .F.,
 ( 3, 3 ),
 ( 0.4990867429352847662, 0.4994522203817262640 ),
 .UNSPECIFIED. ) ;
#6028 = CIRCLE ( 'NONE', #3687, 3.000000000000000000 ) ;
#6029 = ORIENTED_EDGE ( 'NONE', *, *, #2828, .T. ) ;
#6030 = ORIENTED_EDGE ( 'NONE', *, *, #1561, .F. ) ;
#6031 = DIRECTION ( 'NONE',  ( 8.673617379884035472E-17, -1.000000000000000000, -0.000000000000000000 ) ) ;
#6032 = CARTESIAN_POINT ( 'NONE',  ( -1.915097485415582890, 44.07310743592989866, 3.372506688789547180 ) ) ;
#6033 = AXIS2_PLACEMENT_3D ( 'NONE', #2193, #7504, #5511 ) ;
#6034 = CARTESIAN_POINT ( 'NONE',  ( 0.6118972644264302208, 15.10261212769951555, -2.563263298846471638 ) ) ;
#6035 = CARTESIAN_POINT ( 'NONE',  ( 1.541940856562623141, 14.18891475779958711, -1.276455426271856819 ) ) ;
#6036 = CARTESIAN_POINT ( 'NONE',  ( -7.840073083803718923, 24.79582683754258809, -1.000000000000000000 ) ) ;
#6037 = CARTESIAN_POINT ( 'NONE',  ( 2.449440390100976472E-11, 48.84708589523609845, 0.000000000000000000 ) ) ;
#6038 = ORIENTED_EDGE ( 'NONE', *, *, #2741, .F. ) ;
#6039 = AXIS2_PLACEMENT_3D ( 'NONE', #4002, #4166, #5440 ) ;
#6040 = ORIENTED_EDGE ( 'NONE', *, *, #2299, .F. ) ;
#6041 = ORIENTED_EDGE ( 'NONE', *, *, #1674, .F. ) ;
#6042 = VERTEX_POINT ( 'NONE', #2922 ) ;
#6043 = DIRECTION ( 'NONE',  ( 0.8660254037844362651, 0.000000000000000000, -0.5000000000000039968 ) ) ;
#6044 = CARTESIAN_POINT ( 'NONE',  ( -3.325648474955575473, 44.73116142818948759, 0.2836773134319925949 ) ) ;
#6045 = FACE_OUTER_BOUND ( 'NONE', #5283, .T. ) ;
#6046 = CARTESIAN_POINT ( 'NONE',  ( 3.325648476492002903, 44.73116142630037473, -0.2836773133036259997 ) ) ;
#6047 = EDGE_LOOP ( 'NONE', ( #5464, #4552, #3135, #2020, #4017, #4934, #3683, #128, #303 ) ) ;
#6048 = AXIS2_PLACEMENT_3D ( 'NONE', #3886, #591, #6480 ) ;
#6049 = CIRCLE ( 'NONE', #40, 0.9999999999999998890 ) ;
#6050 = CARTESIAN_POINT ( 'NONE',  ( 0.1464212197182110375, 44.77413738445780922, 3.010485965224830807 ) ) ;
#6051 = CARTESIAN_POINT ( 'NONE',  ( 0.000000000000000000, 1.000000000000000000, 0.000000000000000000 ) ) ;
#6052 = AXIS2_PLACEMENT_3D ( 'NONE', #3723, #2969, #3008 ) ;
#6053 = DIRECTION ( 'NONE',  ( 1.000000000000000000, 0.000000000000000000, 0.000000000000000000 ) ) ;
#6054 = CARTESIAN_POINT ( 'NONE',  ( -6.682091992263703872, 39.99999999999847944, 1.141113492049437243E-28 ) ) ;
#6055 = CARTESIAN_POINT ( 'NONE',  ( -0.07110682590785651069, 14.84529987683922947, 1.999997482886694877 ) ) ;
#6056 = EDGE_LOOP ( 'NONE', ( #4274, #7978, #2667, #8242 ) ) ;
#6057 = CARTESIAN_POINT ( 'NONE',  ( -2.011461032706039820, 14.92130231241521976, 0.1648586247051225528 ) ) ;
#6058 = B_SPLINE_CURVE_WITH_KNOTS ( 'NONE', 3,
 ( #2993, #3200, #7053, #6460, #2483, #8217, #3907, #6551, #615, #5765 ),
 .UNSPECIFIED., .F., .F.,
 ( 4, 2, 2, 2, 4 ),
 ( 5.164801338521054210E-15, 0.0006488415114965053517, 0.001297683022987845781, 0.001946524534479186427, 0.002595366045970526857 ),
 .UNSPECIFIED. ) ;
#6059 = CARTESIAN_POINT ( 'NONE',  ( 1.539987049332423696, 14.18763385292720969, 1.278828165280845752 ) ) ;
#6060 = DIRECTION ( 'NONE',  ( 0.9517756572230278156, 0.2545273128162546250, -0.1712861504857000061 ) ) ;
#6061 = DIRECTION ( 'NONE',  ( 0.000000000000000000, -0.000000000000000000, -1.000000000000000000 ) ) ;
#6062 = CARTESIAN_POINT ( 'NONE',  ( -1.916254098263144634, 44.77025926028339597, 2.694924970805052666 ) ) ;
#6063 = CARTESIAN_POINT ( 'NONE',  ( 5.516888287000024427, 40.90543876017126479, 1.000000000000000000 ) ) ;
#6064 = CARTESIAN_POINT ( 'NONE',  ( 3.464101615137717527, 43.02671304668498209, -1.000000000000000000 ) ) ;
#6065 = VERTEX_POINT ( 'NONE', #5547 ) ;
#6066 = ORIENTED_EDGE ( 'NONE', *, *, #1982, .F. ) ;
#6067 = ADVANCED_FACE ( 'NONE', ( #8148 ), #2264, .T. ) ;
#6068 = DIRECTION ( 'NONE',  ( 0.000000000000000000, -0.7565957564419877324, -0.6538829110276367373 ) ) ;
#6069 = CARTESIAN_POINT ( 'NONE',  ( -2.183481003657376629, 45.55998058460212974, 1.446689284235937345 ) ) ;
#6070 = EDGE_CURVE ( 'NONE', #7068, #7198, #4906, .T. ) ;
#6071 = CARTESIAN_POINT ( 'NONE',  ( -0.2931642192259316659, 45.11208902268985810, 3.029191828638526207 ) ) ;
#6072 = EDGE_CURVE ( 'NONE', #4347, #7234, #6713, .T. ) ;
#6073 = DIRECTION ( 'NONE',  ( -1.000000000000000000, 0.000000000000000000, 0.000000000000000000 ) ) ;
#6074 = CARTESIAN_POINT ( 'NONE',  ( 0.9218050173834594352, 48.19448705228523977, 0.3334267544723586441 ) ) ;
#6075 = DIRECTION ( 'NONE',  ( -0.4999999999999920619, 0.000000000000000000, 0.8660254037844432595 ) ) ;
#6076 = CARTESIAN_POINT ( 'NONE',  ( -2.430747222669801921, 44.78765446336888800, 2.265593956980727075 ) ) ;
#6077 = CARTESIAN_POINT ( 'NONE',  ( -0.8660254037851139453, 43.02671304668490393, -3.499999999991138644 ) ) ;
#6078 = VERTEX_POINT ( 'NONE', #2110 ) ;
#6079 = ORIENTED_EDGE ( 'NONE', *, *, #95, .F. ) ;
#6080 = CARTESIAN_POINT ( 'NONE',  ( -7.436934691713834589, 26.00000000000002132, -1.000000000000000000 ) ) ;
#6081 = VERTEX_POINT ( 'NONE', #7430 ) ;
#6082 = CARTESIAN_POINT ( 'NONE',  ( 4.967489919579242574, 28.00000000000012079, 10.60394492679737688 ) ) ;
#6083 = CARTESIAN_POINT ( 'NONE',  ( -1.228073258573056492, 43.90481300181098590, -3.935026325393359947 ) ) ;
#6084 = CARTESIAN_POINT ( 'NONE',  ( 4.718467345856957706, 26.00000000000001066, 8.172625176878833386 ) ) ;
#6085 = DIRECTION ( 'NONE',  ( 0.000000000000000000, 1.000000000000000000, 0.000000000000000000 ) ) ;
#6086 = ORIENTED_EDGE ( 'NONE', *, *, #2794, .T. ) ;
#6087 = ORIENTED_EDGE ( 'NONE', *, *, #1325, .F. ) ;
#6088 = CARTESIAN_POINT ( 'NONE',  ( -6.552476991344924784, 33.73204452275091825, -1.000000000000000000 ) ) ;
#6089 = CARTESIAN_POINT ( 'NONE',  ( -6.719186637287900332, 17.26148365313369837, -13.63797264132037768 ) ) ;
#6090 = CARTESIAN_POINT ( 'NONE',  ( 1.240899935044452285, 45.66546799581742988, -2.118449866332996034 ) ) ;
#6091 = DIRECTION ( 'NONE',  ( -0.6135897597489542443, 0.7896249785380529129, 0.000000000000000000 ) ) ;
#6092 = DIRECTION ( 'NONE',  ( -8.673617379884035472E-17, 1.000000000000000000, 0.000000000000000000 ) ) ;
#6093 = VECTOR ( 'NONE', #6804, 1000.000000000000000 ) ;
#6094 = VERTEX_POINT ( 'NONE', #1434 ) ;
#6095 = VECTOR ( 'NONE', #597, 1000.000000000000000 ) ;
#6096 = CARTESIAN_POINT ( 'NONE',  ( -7.105278337899668450, 19.37215832004191540, 12.30670308316197392 ) ) ;
#6097 = ADVANCED_FACE ( 'NONE', ( #6826 ), #1555, .F. ) ;
#6098 = CARTESIAN_POINT ( 'NONE',  ( 3.689249235687729556, 23.11104036078422652, 8.389967117995711376 ) ) ;
#6099 = DIRECTION ( 'NONE',  ( 1.000000000000000000, 0.000000000000000000, 0.000000000000000000 ) ) ;
#6100 = DIRECTION ( 'NONE',  ( -0.000000000000000000, 1.000000000000000000, -0.000000000000000000 ) ) ;
#6101 = DIRECTION ( 'NONE',  ( -0.4999999999999919509, 0.000000000000000000, 0.8660254037844432595 ) ) ;
#6102 = EDGE_CURVE ( 'NONE', #1439, #7176, #1076, .T. ) ;
#6103 = TOROIDAL_SURFACE ( 'NONE', #5441, 2.000000000000000000, 1.000000000000000000 ) ;
#6104 = CARTESIAN_POINT ( 'NONE',  ( 1.916254098266913841, 44.77025926033363845, -2.694924970811750420 ) ) ;
#6105 = DIRECTION ( 'NONE',  ( 1.000000000000000000, 0.000000000000000000, 0.000000000000000000 ) ) ;
#6106 = AXIS2_PLACEMENT_3D ( 'NONE', #7688, #1812, #4430 ) ;
#6107 = ORIENTED_EDGE ( 'NONE', *, *, #6340, .F. ) ;
#6108 = EDGE_LOOP ( 'NONE', ( #5326, #889, #4036, #1329 ) ) ;
#6109 = DIRECTION ( 'NONE',  ( 4.807406715959411878E-14, 1.000000000000000000, -2.775557561562036226E-14 ) ) ;
#6110 = DIRECTION ( 'NONE',  ( 0.8660254037844362651, 0.000000000000000000, -0.5000000000000039968 ) ) ;
#6111 = CARTESIAN_POINT ( 'NONE',  ( -0.8762540653720299888, 45.17266480956076435, 2.864185967947231681 ) ) ;
#6112 = EDGE_CURVE ( 'NONE', #1260, #7748, #5428, .T. ) ;
#6113 = DIRECTION ( 'NONE',  ( 0.000000000000000000, 0.000000000000000000, 1.000000000000000000 ) ) ;
#6114 = CARTESIAN_POINT ( 'NONE',  ( 1.031421538346819489, 13.99999999999999645, -1.713525491562433611 ) ) ;
#6115 = DIRECTION ( 'NONE',  ( -0.8660254037844432595, 0.000000000000000000, -0.4999999999999919509 ) ) ;
#6116 =( BOUNDED_SURFACE ( )  B_SPLINE_SURFACE ( 3, 2, ( 
 ( #7062, #4444, #5021 ),
 ( #3743, #6936, #6370 ),
 ( #6419, #495, #538 ),
 ( #7701, #5101, #2493 ),
 ( #8214, #409, #7653 ),
 ( #3705, #3117, #1825 ),
 ( #1738, #1096, #1180 ),
 ( #4304, #1056, #6333 ) ),
 .UNSPECIFIED., .F., .F., .F. ) 
 B_SPLINE_SURFACE_WITH_KNOTS ( ( 4, 2, 2, 4 ),
 ( 3, 3 ),
 ( 0.02544805186257384499, 0.02835232994442244553, 0.03125660802627104606, 0.03706516418996825407 ),
 ( 0.000000000000000000, 1.000000000000000000 ),
 .UNSPECIFIED. ) 
 GEOMETRIC_REPRESENTATION_ITEM ( )  RATIONAL_B_SPLINE_SURFACE ( (
 ( 1.000000000000000000, 0.7071067811865471286, 1.000000000000000000),
 ( 1.000000000000000000, 0.7071067811865471286, 1.000000000000000000),
 ( 1.000000000000000000, 0.7071067811865473507, 1.000000000000000000),
 ( 1.000000000000000000, 0.7071067811865473507, 1.000000000000000000),
 ( 1.000000000000000000, 0.7071067811865476838, 1.000000000000000000),
 ( 1.000000000000000000, 0.7071067811865476838, 1.000000000000000000),
 ( 1.000000000000000000, 0.7071067811865475727, 1.000000000000000000),
 ( 1.000000000000000000, 0.7071067811865475727, 1.000000000000000000) ) ) 
 REPRESENTATION_ITEM ( '' )  SURFACE ( )  );
#6117 = EDGE_CURVE ( 'NONE', #4417, #1198, #3404, .T. ) ;
#6118 = CARTESIAN_POINT ( 'NONE',  ( -2.493682538389803582, 44.64676429044096295, 1.751512484299664996 ) ) ;
#6119 = EDGE_LOOP ( 'NONE', ( #2723, #8272, #7769, #5187 ) ) ;
#6120 = EDGE_CURVE ( 'NONE', #3807, #7462, #878, .T. ) ;
#6121 = ORIENTED_EDGE ( 'NONE', *, *, #1674, .T. ) ;
#6122 = EDGE_LOOP ( 'NONE', ( #1207, #1919, #2793, #4079 ) ) ;
#6123 = ORIENTED_EDGE ( 'NONE', *, *, #4296, .T. ) ;
#6124 = FACE_OUTER_BOUND ( 'NONE', #7069, .T. ) ;
#6125 = DIRECTION ( 'NONE',  ( 0.000000000000000000, 0.000000000000000000, 1.000000000000000000 ) ) ;
#6126 = CARTESIAN_POINT ( 'NONE',  ( 4.212111162771535966, 43.69040101300725354, 0.000000000000000000 ) ) ;
#6127 = EDGE_CURVE ( 'NONE', #5984, #1654, #8448, .T. ) ;
#6128 = LINE ( 'NONE', #7461, #4384 ) ;
#6129 = CARTESIAN_POINT ( 'NONE',  ( 3.852441942072521552, 28.00000000000001066, 8.672625176878836939 ) ) ;
#6130 = EDGE_CURVE ( 'NONE', #2262, #4515, #4571, .T. ) ;
#6131 = EDGE_LOOP ( 'NONE', ( #1872, #4088, #5856 ) ) ;
#6132 = VERTEX_POINT ( 'NONE', #4779 ) ;
#6133 =( BOUNDED_SURFACE ( )  B_SPLINE_SURFACE ( 3, 2, ( 
 ( #6167, #7489, #1616 ),
 ( #885, #6855, #3429 ),
 ( #928, #3506, #5570 ),
 ( #173, #7413, #2172 ),
 ( #8174, #5452, #8134 ),
 ( #4932, #5415, #2246 ),
 ( #3581, #6076, #3541 ),
 ( #4767, #7530, #7369 ),
 ( #4059, #1539, #6118 ),
 ( #289, #6692, #5534 ),
 ( #4220, #1494, #6775 ),
 ( #245, #4806, #846 ),
 ( #4889, #3469, #5491 ),
 ( #207, #2814, #2856 ),
 ( #6207, #8093, #2214 ),
 ( #4848, #4182, #6814 ) ),
 .UNSPECIFIED., .F., .F., .T. ) 
 B_SPLINE_SURFACE_WITH_KNOTS ( ( 4, 2, 2, 2, 2, 2, 2, 4 ),
 ( 3, 3 ),
 ( 0.008364777862062546671, 0.009154153237218439279, 0.009943528612374331888, 0.01033821629995227732, 0.01073290398753022276, 0.01112759167510816993, 0.01132493551889714178, 0.01152227936268611537 ),
 ( 0.000000000000000000, 1.000000000000000000 ),
 .UNSPECIFIED. ) 
 GEOMETRIC_REPRESENTATION_ITEM ( )  RATIONAL_B_SPLINE_SURFACE ( (
 ( 1.000000000000000000, 0.7071067811860821672, 1.000000000000000000),
 ( 1.000000000000000000, 0.7304586989521869578, 1.000000000000000000),
 ( 1.000000000000000000, 0.7543375004950518825, 1.000000000000000000),
 ( 1.000000000000000000, 0.8038475411086738465, 1.000000000000000000),
 ( 1.000000000000000000, 0.8296190823090920929, 1.000000000000000000),
 ( 1.000000000000000000, 0.8692240995195672504, 1.000000000000000000),
 ( 1.000000000000000000, 0.8823715916607050014, 1.000000000000000000),
 ( 1.000000000000000000, 0.9076440223968630372, 1.000000000000000000),
 ( 1.000000000000000000, 0.9200042096113262291, 1.000000000000000000),
 ( 1.000000000000000000, 0.9401107111373016023, 1.000000000000000000),
 ( 1.000000000000000000, 0.9476046345977862106, 1.000000000000000000),
 ( 1.000000000000000000, 0.9497460670902362345, 1.000000000000000000),
 ( 1.000000000000000000, 0.9489470826848709351, 1.000000000000000000),
 ( 1.000000000000000000, 0.9446486574790320390, 1.000000000000000000),
 ( 1.000000000000000000, 0.9411717756081865449, 1.000000000000000000),
 ( 1.000000000000000000, 0.9368214105092330657, 1.000000000000000000) ) ) 
 REPRESENTATION_ITEM ( '' )  SURFACE ( )  );
#6134 = DIRECTION ( 'NONE',  ( -0.4999999999999905631, 0.000000000000000000, 0.8660254037844440367 ) ) ;
#6135 = AXIS2_PLACEMENT_3D ( 'NONE', #8023, #6700, #3516 ) ;
#6136 = CARTESIAN_POINT ( 'NONE',  ( 4.143439777997128814, 40.00000000000000711, 5.176648213592875081 ) ) ;
#6137 = CARTESIAN_POINT ( 'NONE',  ( -0.4441857914367432492, 45.66546799581742988, -2.578488950908595978 ) ) ;
#6138 = CARTESIAN_POINT ( 'NONE',  ( 1.911337053664087460, 15.10312257466764407, -1.819986575547315466 ) ) ;
#6139 = DIRECTION ( 'NONE',  ( 0.000000000000000000, 1.000000000000000000, 0.000000000000000000 ) ) ;
#6140 = EDGE_LOOP ( 'NONE', ( #6040, #3391, #1705, #733 ) ) ;
#6141 = CARTESIAN_POINT ( 'NONE',  ( -6.239252934039161147, 19.37215831988437031, 12.80670308303021798 ) ) ;
#6142 = CARTESIAN_POINT ( 'NONE',  ( -1.346993657611025963, 14.87132365550077573, 1.495069361882247483 ) ) ;
#6143 = CARTESIAN_POINT ( 'NONE',  ( 4.392666453529392001, 21.54799404451773270, 9.608321478216211631 ) ) ;
#6144 = FACE_OUTER_BOUND ( 'NONE', #3748, .T. ) ;
#6145 = CIRCLE ( 'NONE', #812, 1.000000000000000000 ) ;
#6146 = DIRECTION ( 'NONE',  ( 0.8660254037844364872, 0.000000000000000000, -0.5000000000000037748 ) ) ;
#6147 = CARTESIAN_POINT ( 'NONE',  ( -0.4249599261778485015, 48.01851184934308492, 1.000000000002185141 ) ) ;
#6148 = CARTESIAN_POINT ( 'NONE',  ( -1.927387219559935971, 44.75292953359046066, -0.7199574747482713200 ) ) ;
#6149 = CARTESIAN_POINT ( 'NONE',  ( -2.463476487121632363, 44.26377901033704632, -1.972010817450761344 ) ) ;
#6150 = AXIS2_PLACEMENT_3D ( 'NONE', #3773, #5803, #4383 ) ;
#6151 = CIRCLE ( 'NONE', #2180, 1.000000000000000000 ) ;
#6152 = CARTESIAN_POINT ( 'NONE',  ( 6.145363012555121074, 28.78166749643568068, 10.64408096869989429 ) ) ;
#6153 = VERTEX_POINT ( 'NONE', #5508 ) ;
#6154 = ORIENTED_EDGE ( 'NONE', *, *, #2543, .F. ) ;
#6155 = CARTESIAN_POINT ( 'NONE',  ( 2.277414374212627823, 38.00000000000002132, -3.944597406024035635 ) ) ;
#6156 = CARTESIAN_POINT ( 'NONE',  ( 2.972080985183671586, 43.69040101300294054, 3.147795270524182509 ) ) ;
#6157 = CIRCLE ( 'NONE', #2438, 1.999999999999999778 ) ;
#6158 = CARTESIAN_POINT ( 'NONE',  ( -1.929086310966701578, 35.39309234810972526, 5.341275502780043816 ) ) ;
#6159 = CARTESIAN_POINT ( 'NONE',  ( -1.205333666963086969, 15.01811893563425571, -2.661038864303538531 ) ) ;
#6160 = CARTESIAN_POINT ( 'NONE',  ( 7.902254371726195714, 18.03597336847275301, 13.68710606616289915 ) ) ;
#6161 = CARTESIAN_POINT ( 'NONE',  ( 3.206871993081866545, 43.62250610407169660, -1.024591357546490000 ) ) ;
#6162 = APPLICATION_CONTEXT ( 'automotive_design' ) ;
#6163 = EDGE_CURVE ( 'NONE', #4463, #6916, #1050, .T. ) ;
#6164 = TOROIDAL_SURFACE ( 'NONE', #7521, 2.000000000000000000, 1.000000000000000000 ) ;
#6165 = ADVANCED_FACE ( 'NONE', ( #5246 ), #5574, .T. ) ;
#6166 = ADVANCED_FACE ( 'NONE', ( #7459 ), #531, .T. ) ;
#6167 = CARTESIAN_POINT ( 'NONE',  ( -2.106055581392097142, 43.69040101301035861, 3.647795270547705471 ) ) ;
#6168 = ORIENTED_EDGE ( 'NONE', *, *, #1563, .F. ) ;
#6169 = ORIENTED_EDGE ( 'NONE', *, *, #7138, .T. ) ;
#6170 = CARTESIAN_POINT ( 'NONE',  ( 0.000000000000000000, 48.46887637871667209, 0.000000000000000000 ) ) ;
#6171 = ORIENTED_EDGE ( 'NONE', *, *, #3210, .T. ) ;
#6172 = CIRCLE ( 'NONE', #3970, 2.000000000000000000 ) ;
#6173 = CARTESIAN_POINT ( 'NONE',  ( 2.793423218687112186, 45.28715179895196030, -0.8285516066934344170 ) ) ;
#6174 = CARTESIAN_POINT ( 'NONE',  ( -0.1700960734995480006, 44.75292953360082038, -3.014572516226447174 ) ) ;
#6175 = CARTESIAN_POINT ( 'NONE',  ( 5.147981659828303691, 42.63562817517174608, 1.000000000022900348 ) ) ;
#6176 = CARTESIAN_POINT ( 'NONE',  ( -3.464101615137717527, 43.02671304668496077, 1.000000000000000000 ) ) ;
#6177 = AXIS2_PLACEMENT_3D ( 'NONE', #2032, #4645, #2624 ) ;
#6178 = ORIENTED_EDGE ( 'NONE', *, *, #7339, .T. ) ;
#6179 = ORIENTED_EDGE ( 'NONE', *, *, #6756, .T. ) ;
#6180 = AXIS2_PLACEMENT_3D ( 'NONE', #8251, #3023, #1904 ) ;
#6181 = CARTESIAN_POINT ( 'NONE',  ( -6.322065932631248053, 28.60237706257959189, -8.950139404117541275 ) ) ;
#6182 = AXIS2_PLACEMENT_3D ( 'NONE', #3961, #2801, #752 ) ;
#6183 = SPHERICAL_SURFACE ( 'NONE', #2868, 1.000000000000000000 ) ;
#6184 = CARTESIAN_POINT ( 'NONE',  ( 5.150559061323270349, 42.63272327329020328, 0.000000000000000000 ) ) ;
#6185 = ADVANCED_FACE ( 'NONE', ( #935 ), #5002, .T. ) ;
#6186 = CARTESIAN_POINT ( 'NONE',  ( 0.000000000000000000, 40.00000000000000711, 0.000000000000000000 ) ) ;
#6187 = CARTESIAN_POINT ( 'NONE',  ( 2.231683493035185428, 15.13551085936952489, -1.129379295307258113 ) ) ;
#6188 = CARTESIAN_POINT ( 'NONE',  ( 9.617874556507421957, 31.33989682417729483, 0.000000000000000000 ) ) ;
#6189 = CIRCLE ( 'NONE', #7289, 0.9999999999999998890 ) ;
#6190 =( BOUNDED_SURFACE ( )  B_SPLINE_SURFACE ( 3, 2, ( 
 ( #4575, #7192, #453 ),
 ( #3113, #5435, #1441 ),
 ( #153, #6057, #2712 ),
 ( #5903, #6554, #7874 ),
 ( #4657, #2633, #4788 ),
 ( #6019, #5319, #6676 ),
 ( #7996, #1359, #663 ),
 ( #3285, #3329, #4747 ),
 ( #2116, #1403, #1562 ),
 ( #5640, #7509, #908 ),
 ( #5594, #2351, #4868 ),
 ( #316, #1644, #7555 ),
 ( #3489, #6142, #7397 ),
 ( #1520, #2840, #270 ),
 ( #2885, #4203, #8196 ),
 ( #6884, #6833, #14 ) ),
 .UNSPECIFIED., .F., .F., .T. ) 
 B_SPLINE_SURFACE_WITH_KNOTS ( ( 4, 2, 2, 2, 2, 2, 2, 4 ),
 ( 3, 3 ),
 ( 0.000000000000000000, 0.0007675504642997071697, 0.001151325696449560700, 0.001343213312524487411, 0.001535100928599414339, 0.001918876160749267978, 0.002302651392899121401, 0.003070201857198828679 ),
 ( 0.000000000000000000, 1.000000000000000000 ),
 .UNSPECIFIED. ) 
 GEOMETRIC_REPRESENTATION_ITEM ( )  RATIONAL_B_SPLINE_SURFACE ( (
 ( 1.000000000000000000, 0.7071067811865476838, 1.000000000000000000),
 ( 1.000000000000000000, 0.7173360178717833602, 1.000000000000000000),
 ( 1.000000000000000000, 0.7452096672412741318, 1.000000000000000000),
 ( 1.000000000000000000, 0.7999646156164734734, 1.000000000000000000),
 ( 1.000000000000000000, 0.8202557753888627401, 1.000000000000000000),
 ( 1.000000000000000000, 0.8453484808096985992, 1.000000000000000000),
 ( 1.000000000000000000, 0.8527166563812380584, 1.000000000000000000),
 ( 1.000000000000000000, 0.8631375187652512437, 1.000000000000000000),
 ( 1.000000000000000000, 0.8660232239078038408, 1.000000000000000000),
 ( 1.000000000000000000, 0.8660297596613035775, 1.000000000000000000),
 ( 1.000000000000000000, 0.8542089608285130531, 1.000000000000000000),
 ( 1.000000000000000000, 0.8207685513182370052, 1.000000000000000000),
 ( 1.000000000000000000, 0.8003984184072538977, 1.000000000000000000),
 ( 1.000000000000000000, 0.7458108782817406412, 1.000000000000000000),
 ( 1.000000000000000000, 0.7175487335154748791, 1.000000000000000000),
 ( 1.000000000000000000, 0.7071067811865475727, 1.000000000000000000) ) ) 
 REPRESENTATION_ITEM ( '' )  SURFACE ( )  );
#6191 = EDGE_LOOP ( 'NONE', ( #5228, #6909, #7235, #1298 ) ) ;
#6192 = CARTESIAN_POINT ( 'NONE',  ( 1.547132307520277195, 14.99999999999999645, 2.570288237343621773 ) ) ;
#6193 = CARTESIAN_POINT ( 'NONE',  ( -6.601420250755493768, 33.75430252503797135, 0.9999999999999997780 ) ) ;
#6194 = AXIS2_PLACEMENT_3D ( 'NONE', #5527, #7480, #1609 ) ;
#6195 = FACE_OUTER_BOUND ( 'NONE', #5427, .T. ) ;
#6196 = CARTESIAN_POINT ( 'NONE',  ( -1.892418739714140541, 40.90543876017216718, -5.277765406380303226 ) ) ;
#6197 = CARTESIAN_POINT ( 'NONE',  ( -2.535011511443745036, 44.78089962813674418, -1.627620719051572351 ) ) ;
#6198 = EDGE_CURVE ( 'NONE', #3893, #1979, #4473, .T. ) ;
#6199 = CARTESIAN_POINT ( 'NONE',  ( -8.427935170293880063, 16.00000000000000000, -14.59761191784551215 ) ) ;
#6200 = VERTEX_POINT ( 'NONE', #1547 ) ;
#6201 = DIRECTION ( 'NONE',  ( -0.8660254037844432595, 0.000000000000000000, -0.4999999999999919509 ) ) ;
#6202 = DIRECTION ( 'NONE',  ( 0.4841229182759297367, 0.000000000000000000, 0.8749999999999985567 ) ) ;
#6203 = CARTESIAN_POINT ( 'NONE',  ( -2.598076211362614796, 43.02671304668372443, -2.499999999997799538 ) ) ;
#6204 = CARTESIAN_POINT ( 'NONE',  ( 0.8660254037844644648, 43.02671304668731977, 3.500000000000012434 ) ) ;
#6205 = CARTESIAN_POINT ( 'NONE',  ( -2.723515857283587138E-14, 14.99999999999999645, -4.000000000000017764 ) ) ;
#6206 = DIRECTION ( 'NONE',  ( -0.000000000000000000, 0.000000000000000000, 1.000000000000000000 ) ) ;
#6207 = CARTESIAN_POINT ( 'NONE',  ( -2.630506324568802068, 45.37871602872044008, 1.068642863655510533 ) ) ;
#6208 = ORIENTED_EDGE ( 'NONE', *, *, #3491, .F. ) ;
#6209 = ORIENTED_EDGE ( 'NONE', *, *, #1024, .F. ) ;
#6210 = CARTESIAN_POINT ( 'NONE',  ( 4.071234689040639232, 23.75882442937789563, -9.051585330965343346 ) ) ;
#6211 = ORIENTED_EDGE ( 'NONE', *, *, #3791, .T. ) ;
#6212 = EDGE_CURVE ( 'NONE', #4624, #4403, #3383, .T. ) ;
#6213 = CARTESIAN_POINT ( 'NONE',  ( 2.908597279900067445, 45.18535624096015368, -0.6803113530236551965 ) ) ;
#6214 = CARTESIAN_POINT ( 'NONE',  ( -1.072455214382199262, 14.97071171927267130, -1.688826140525549357 ) ) ;
#6215 = CARTESIAN_POINT ( 'NONE',  ( 5.000000000000001776, 39.00000000000000711, 0.000000000000000000 ) ) ;
#6216 = CARTESIAN_POINT ( 'NONE',  ( 3.464101615137717527, 46.56319714093459794, -1.000000000000000000 ) ) ;
#6217 = ADVANCED_FACE ( 'NONE', ( #252 ), #4032, .T. ) ;
#6218 = CARTESIAN_POINT ( 'NONE',  ( -4.212111162789080154, 43.69040101300036838, -5.158348453162478856E-16 ) ) ;
#6219 = ORIENTED_EDGE ( 'NONE', *, *, #1389, .T. ) ;
#6220 = ORIENTED_EDGE ( 'NONE', *, *, #1888, .T. ) ;
#6221 = CARTESIAN_POINT ( 'NONE',  ( 6.468895290900718464, 35.87328699862292325, -1.000000000000000000 ) ) ;
#6222 = CARTESIAN_POINT ( 'NONE',  ( -6.123123789193084754, 21.55129679680682386, -8.605561503915989618 ) ) ;
#6223 = DIRECTION ( 'NONE',  ( -4.807406715959413140E-14, 1.000000000000000000, 2.775557561562056736E-14 ) ) ;
#6224 = CARTESIAN_POINT ( 'NONE',  ( -7.644784823646625149, 18.61335502258507191, 11.24115572748768344 ) ) ;
#6225 = FACE_OUTER_BOUND ( 'NONE', #7453, .T. ) ;
#6226 = DIRECTION ( 'NONE',  ( -0.8660254037844362651, 0.000000000000000000, 0.5000000000000039968 ) ) ;
#6227 = CARTESIAN_POINT ( 'NONE',  ( -0.8903597154061229091, 13.99999999999999822, -1.793093092871159477 ) ) ;
#6228 = ADVANCED_FACE ( 'NONE', ( #1065 ), #5845, .T. ) ;
#6229 = ORIENTED_EDGE ( 'NONE', *, *, #760, .T. ) ;
#6230 = ADVANCED_FACE ( 'NONE', ( #1021 ), #5799, .F. ) ;
#6231 = CARTESIAN_POINT ( 'NONE',  ( 6.491020658102768515, 22.23024743450132590, 9.242777572819186105 ) ) ;
#6232 = FACE_OUTER_BOUND ( 'NONE', #7392, .T. ) ;
#6233 = CARTESIAN_POINT ( 'NONE',  ( 1.997679694672511053, 15.12248766560536417, 1.588264902719380922 ) ) ;
#6234 = DIRECTION ( 'NONE',  ( -1.000000000000000000, 0.000000000000000000, 0.000000000000000000 ) ) ;
#6235 = CARTESIAN_POINT ( 'NONE',  ( -2.999501062348042257, 13.99999999999999467, 0.05471176265635932512 ) ) ;
#6236 = CARTESIAN_POINT ( 'NONE',  ( 9.293960574078397485, 15.99999999999988276, 14.09761191784564005 ) ) ;
#6237 = CARTESIAN_POINT ( 'NONE',  ( 2.413775681871047407, 33.72043394594058441, -6.180782119074989645 ) ) ;
#6238 = CARTESIAN_POINT ( 'NONE',  ( 5.441370869218951967, 29.99587337449885638, 9.424730808312345332 ) ) ;
#6239 = EDGE_CURVE ( 'NONE', #2046, #3833, #4187, .T. ) ;
#6240 = AXIS2_PLACEMENT_3D ( 'NONE', #7119, #3220, #7670 ) ;
#6241 = VERTEX_POINT ( 'NONE', #7115 ) ;
#6242 = DIRECTION ( 'NONE',  ( 0.000000000000000000, 0.000000000000000000, -1.000000000000000000 ) ) ;
#6243 = CARTESIAN_POINT ( 'NONE',  ( 2.826910364149178179, 37.56619757069947241, -4.896352379149519152 ) ) ;
#6244 = TOROIDAL_SURFACE ( 'NONE', #486, 2.000000000000000000, 1.000000000000000000 ) ;
#6245 = CARTESIAN_POINT ( 'NONE',  ( -3.700856421265692031, 34.26505463003820040, 6.410071353150499363 ) ) ;
#6246 = CIRCLE ( 'NONE', #3911, 1.000000000000000000 ) ;
#6247 = CARTESIAN_POINT ( 'NONE',  ( -0.01634366480497705457, 45.16345078758041609, -2.998580687700859837 ) ) ;
#6248 = DIRECTION ( 'NONE',  ( 0.9517756572231601542, 0.2545273128158238030, -0.1712861504856043882 ) ) ;
#6249 = DIRECTION ( 'NONE',  ( -0.8660254037844362651, -0.000000000000000000, 0.5000000000000039968 ) ) ;
#6250 = DIRECTION ( 'NONE',  ( -0.8660254037844362651, -0.000000000000000000, 0.5000000000000039968 ) ) ;
#6251 = ORIENTED_EDGE ( 'NONE', *, *, #4831, .F. ) ;
#6252 = EDGE_LOOP ( 'NONE', ( #5844, #1960, #2331, #7303 ) ) ;
#6253 = CARTESIAN_POINT ( 'NONE',  ( 0.000000000000000000, 5.000000000000000000, 13.99999999999999822 ) ) ;
#6254 = AXIS2_PLACEMENT_3D ( 'NONE', #6895, #1093, #6850 ) ;
#6255 = ADVANCED_FACE ( 'NONE', ( #5286 ), #3126, .T. ) ;
#6256 = ORIENTED_EDGE ( 'NONE', *, *, #3067, .T. ) ;
#6257 = CARTESIAN_POINT ( 'NONE',  ( -1.157432437823601612, 15.02555247998981436, -2.665327355700229273 ) ) ;
#6258 = CARTESIAN_POINT ( 'NONE',  ( -2.073159601531065377, 15.13150906907601900, -1.420035849793647387 ) ) ;
#6259 = DIRECTION ( 'NONE',  ( 1.000000000000000000, -0.000000000000000000, -0.000000000000000000 ) ) ;
#6260 = CARTESIAN_POINT ( 'NONE',  ( 2.376406354085749850, 37.13239514139891639, -4.116056544706125031 ) ) ;
#6261 = FACE_OUTER_BOUND ( 'NONE', #6870, .T. ) ;
#6262 = ORIENTED_EDGE ( 'NONE', *, *, #6354, .T. ) ;
#6263 = ORIENTED_EDGE ( 'NONE', *, *, #5605, .F. ) ;
#6264 = DIRECTION ( 'NONE',  ( 0.000000000000000000, 1.000000000000000000, 0.000000000000000000 ) ) ;
#6265 = CARTESIAN_POINT ( 'NONE',  ( -9.293960574078163006, 15.99999999999994493, 14.09761191784569867 ) ) ;
#6266 = CARTESIAN_POINT ( 'NONE',  ( -8.436934691713835477, 26.00000000000002132, 0.000000000000000000 ) ) ;
#6267 = LINE ( 'NONE', #6754, #7416 ) ;
#6268 = ORIENTED_EDGE ( 'NONE', *, *, #8277, .T. ) ;
#6269 = AXIS2_PLACEMENT_3D ( 'NONE', #1846, #2472, #3231 ) ;
#6270 = CARTESIAN_POINT ( 'NONE',  ( 8.765630329201686166, 18.03993935998859399, 13.18251709054218956 ) ) ;
#6271 = CARTESIAN_POINT ( 'NONE',  ( 4.718467345856844020, 26.00000000000001066, -8.172625176878897335 ) ) ;
#6272 = CARTESIAN_POINT ( 'NONE',  ( -6.554828748425329366, 38.00000000000000711, 1.000000000000000000 ) ) ;
#6273 = FACE_OUTER_BOUND ( 'NONE', #7490, .T. ) ;
#6274 = FACE_OUTER_BOUND ( 'NONE', #556, .T. ) ;
#6275 = CARTESIAN_POINT ( 'NONE',  ( 0.000000000000000000, 40.00000000000000711, 0.000000000000000000 ) ) ;
#6276 = CARTESIAN_POINT ( 'NONE',  ( -4.528250983500341498, 32.02000061743552806, 7.843160772844859352 ) ) ;
#6277 = CARTESIAN_POINT ( 'NONE',  ( -2.598076211353337328, 43.02671304668379548, -2.500000000000003997 ) ) ;
#6278 = CARTESIAN_POINT ( 'NONE',  ( 2.671531537103561504, 15.07529628916848630, -0.5878633246616817853 ) ) ;
#6279 = EDGE_CURVE ( 'NONE', #371, #5496, #7904, .T. ) ;
#6280 = ORIENTED_EDGE ( 'NONE', *, *, #4418, .F. ) ;
#6281 = DIRECTION ( 'NONE',  ( 0.8660254037844433705, 0.000000000000000000, 0.4999999999999918399 ) ) ;
#6282 = CARTESIAN_POINT ( 'NONE',  ( 2.106055581394428167, 43.69040101300036838, 3.647795270523613631 ) ) ;
#6283 = DIRECTION ( 'NONE',  ( -0.5000000000000037748, -0.000000000000000000, -0.8660254037844365982 ) ) ;
#6284 = CIRCLE ( 'NONE', #6580, 13.99999999999999822 ) ;
#6285 = CARTESIAN_POINT ( 'NONE',  ( 1.199224592351341601, 43.98718751202856936, -3.863503984993176044 ) ) ;
#6286 = ADVANCED_FACE ( 'NONE', ( #1372 ), #1925, .T. ) ;
#6287 = DIRECTION ( 'NONE',  ( -0.5000000000000039968, 0.000000000000000000, -0.8660254037844363761 ) ) ;
#6288 = CARTESIAN_POINT ( 'NONE',  ( -8.427935170293679334, 15.99999999999999645, 14.59761191784562939 ) ) ;
#6289 = AXIS2_PLACEMENT_3D ( 'NONE', #2805, #2286, #1534 ) ;
#6290 = B_SPLINE_CURVE_WITH_KNOTS ( 'NONE', 3,
 ( #5051, #2484, #7733, #616, #5177, #5225, #5719, #7054 ),
 .UNSPECIFIED., .F., .F.,
 ( 4, 2, 2, 4 ),
 ( 0.000000000000000000, 0.002888699502720743720, 0.005777399005441487441, 0.01155479801088295753 ),
 .UNSPECIFIED. ) ;
#6291 = DIRECTION ( 'NONE',  ( -0.8660254037844355990, 0.000000000000000000, 0.5000000000000054401 ) ) ;
#6292 = EDGE_LOOP ( 'NONE', ( #1571, #6005, #209, #2023 ) ) ;
#6293 = EDGE_LOOP ( 'NONE', ( #8279, #6736, #3183 ) ) ;
#6294 = CARTESIAN_POINT ( 'NONE',  ( 8.267915776783576476, 31.40398960769650571, 0.9999999999999997780 ) ) ;
#6295 = TOROIDAL_SURFACE ( 'NONE', #7519, 2.000000000000000000, 1.000000000000000000 ) ;
#6296 = ORIENTED_EDGE ( 'NONE', *, *, #6849, .F. ) ;
#6297 = AXIS2_PLACEMENT_3D ( 'NONE', #6957, #3685, #103 ) ;
#6298 = CARTESIAN_POINT ( 'NONE',  ( 0.3766379063579433084, 15.12248766560536062, -2.524173815570423862 ) ) ;
#6299 = CARTESIAN_POINT ( 'NONE',  ( -1.179062194061071489, 14.00000002636689267, -1.624656225835618972 ) ) ;
#6300 = AXIS2_PLACEMENT_3D ( 'NONE', #1992, #7728, #3828 ) ;
#6301 = LINE ( 'NONE', #6215, #3133 ) ;
#6302 = CYLINDRICAL_SURFACE ( 'NONE', #8028, 15.00000000000000000 ) ;
#6303 = DIRECTION ( 'NONE',  ( 0.000000000000000000, 0.000000000000000000, 1.000000000000000000 ) ) ;
#6304 = CIRCLE ( 'NONE', #7951, 2.000000000000000000 ) ;
#6305 = ORIENTED_EDGE ( 'NONE', *, *, #4332, .F. ) ;
#6306 = ORIENTED_EDGE ( 'NONE', *, *, #5331, .T. ) ;
#6307 = CARTESIAN_POINT ( 'NONE',  ( 7.971303741611693638, 19.37215831988805448, -11.80670308303021443 ) ) ;
#6308 = B_SPLINE_CURVE_WITH_KNOTS ( 'NONE', 3,
 ( #3331, #4001, #7400, #2119, #7228, #1444, #1481, #7999 ),
 .UNSPECIFIED., .F., .F.,
 ( 4, 2, 2, 4 ),
 ( 8.673617379884035472E-19, 0.005526491294701100024, 0.008289736942051650903, 0.01105298258940221046 ),
 .UNSPECIFIED. ) ;
#6309 = AXIS2_PLACEMENT_3D ( 'NONE', #4738, #6706, #1474 ) ;
#6310 = CARTESIAN_POINT ( 'NONE',  ( -0.1247820514956424764, 15.13392073375905156, 2.500116615266766207 ) ) ;
#6311 = CARTESIAN_POINT ( 'NONE',  ( -7.113838218451701501, 19.35722206982406846, 12.32152923118387911 ) ) ;
#6312 = ORIENTED_EDGE ( 'NONE', *, *, #6844, .F. ) ;
#6313 = VECTOR ( 'NONE', #6363, 1000.000000000000000 ) ;
#6314 = CIRCLE ( 'NONE', #7827, 3.000000000000000000 ) ;
#6315 = AXIS2_PLACEMENT_3D ( 'NONE', #5022, #969, #2404 ) ;
#6316 = CARTESIAN_POINT ( 'NONE',  ( 2.757404528371743879, 44.66788532255178268, 1.285954649592926158 ) ) ;
#6317 = DIRECTION ( 'NONE',  ( -0.5000000000000039968, 0.000000000000000000, -0.8660254037844363761 ) ) ;
#6318 = CARTESIAN_POINT ( 'NONE',  ( -2.476229537775202161, 44.51771543002308817, 1.835214389883996100 ) ) ;
#6319 = CARTESIAN_POINT ( 'NONE',  ( -4.718467345856957706, 28.00000000000001066, -8.172625176878833386 ) ) ;
#6320 = DIRECTION ( 'NONE',  ( 8.673617379884043361E-15, 0.7565957564419918402, -0.6538829110276320744 ) ) ;
#6321 = DIRECTION ( 'NONE',  ( -0.9010080201268693134, -0.4338024293005502963, 8.881784197001248379E-16 ) ) ;
#6322 = CARTESIAN_POINT ( 'NONE',  ( 0.1700960734850931466, 44.75292953360347781, 3.014572516222056464 ) ) ;
#6323 = EDGE_CURVE ( 'NONE', #3461, #634, #493, .T. ) ;
#6324 = CARTESIAN_POINT ( 'NONE',  ( -2.781815472217065377, 40.78962497857510527, 6.818245735155614717 ) ) ;
#6325 = ORIENTED_EDGE ( 'NONE', *, *, #1573, .F. ) ;
#6326 = FACE_OUTER_BOUND ( 'NONE', #2317, .T. ) ;
#6327 = FACE_OUTER_BOUND ( 'NONE', #5064, .T. ) ;
#6328 = DIRECTION ( 'NONE',  ( -0.5000000000000039968, 0.000000000000000000, -0.8660254037844362651 ) ) ;
#6329 = AXIS2_PLACEMENT_3D ( 'NONE', #7512, #1083, #6835 ) ;
#6330 = CARTESIAN_POINT ( 'NONE',  ( 4.752812708171587630, 37.13239514139890218, 0.000000000000000000 ) ) ;
#6331 = CARTESIAN_POINT ( 'NONE',  ( 1.240030177615487839, 43.69040101300874568, -4.147795270527068645 ) ) ;
#6332 = CIRCLE ( 'NONE', #8112, 0.9999999999999998890 ) ;
#6333 = CARTESIAN_POINT ( 'NONE',  ( 2.826910364149249677, 37.56619757069947241, 4.896352379149483625 ) ) ;
#6334 = CARTESIAN_POINT ( 'NONE',  ( 8.638503887758780309, 25.39791341877129938, 0.000000000000000000 ) ) ;
#6335 = EDGE_CURVE ( 'NONE', #6474, #7748, #5315, .T. ) ;
#6336 = ORIENTED_EDGE ( 'NONE', *, *, #2794, .F. ) ;
#6337 = EDGE_LOOP ( 'NONE', ( #2994, #4062, #5705, #2500 ) ) ;
#6338 = DIRECTION ( 'NONE',  ( 0.000000000000000000, 1.000000000000000000, 0.000000000000000000 ) ) ;
#6339 = ORIENTED_EDGE ( 'NONE', *, *, #3067, .F. ) ;
#6340 = EDGE_CURVE ( 'NONE', #2046, #2334, #5168, .T. ) ;
#6341 = CARTESIAN_POINT ( 'NONE',  ( -0.3275339380351157681, 44.55547447598240751, 3.054090527581615255 ) ) ;
#6342 = CARTESIAN_POINT ( 'NONE',  ( -1.803035017279467800, 14.84529863192816990, -0.8770618016709743614 ) ) ;
#6343 = CARTESIAN_POINT ( 'NONE',  ( 4.718467345856844908, 26.00000000000001066, -8.172625176878897335 ) ) ;
#6344 = CARTESIAN_POINT ( 'NONE',  ( -5.833515323363606342, 28.00000000000001066, 10.10394492679756873 ) ) ;
#6345 = DIRECTION ( 'NONE',  ( 1.000000000000000000, 0.000000000000000000, 0.000000000000000000 ) ) ;
#6346 = CYLINDRICAL_SURFACE ( 'NONE', #4468, 1.000000000000000888 ) ;
#6347 = AXIS2_PLACEMENT_3D ( 'NONE', #278, #5479, #2937 ) ;
#6348 = ORIENTED_EDGE ( 'NONE', *, *, #2199, .T. ) ;
#6349 = ORIENTED_EDGE ( 'NONE', *, *, #2379, .F. ) ;
#6350 = CARTESIAN_POINT ( 'NONE',  ( -0.9682458365518590293, 13.99999999999999467, -1.749999999999997558 ) ) ;
#6351 = CYLINDRICAL_SURFACE ( 'NONE', #7980, 1.000000000000000000 ) ;
#6352 = CARTESIAN_POINT ( 'NONE',  ( -1.642615895690966887, 14.24767090890299848, 1.143998723609124468 ) ) ;
#6353 = DIRECTION ( 'NONE',  ( 0.5000000000001979528, 0.000000000000000000, 0.8660254037843243546 ) ) ;
#6354 = EDGE_CURVE ( 'NONE', #7915, #7176, #7759, .T. ) ;
#6355 = ORIENTED_EDGE ( 'NONE', *, *, #6335, .T. ) ;
#6356 = CARTESIAN_POINT ( 'NONE',  ( 0.000000000000000000, 28.00000000000001066, 0.000000000000000000 ) ) ;
#6357 = CARTESIAN_POINT ( 'NONE',  ( 15.16810477166641036, 17.26321955728350588, -1.000000000000000000 ) ) ;
#6358 = DIRECTION ( 'NONE',  ( -8.673617379884035472E-17, 1.000000000000000000, 0.000000000000000000 ) ) ;
#6359 = CARTESIAN_POINT ( 'NONE',  ( -3.265729268204426106, 31.40948356748942416, 7.656409016294948522 ) ) ;
#6360 = CARTESIAN_POINT ( 'NONE',  ( 4.408900208186419256, 21.56758116320079566, -9.636439166080069896 ) ) ;
#6361 = DIRECTION ( 'NONE',  ( -0.4999999999999919509, 0.000000000000000000, 0.8660254037844434816 ) ) ;
#6362 = CARTESIAN_POINT ( 'NONE',  ( -0.9682458365518353816, 13.99999999999999467, 1.750000000000010658 ) ) ;
#6363 = DIRECTION ( 'NONE',  ( -1.000000000000000000, 0.000000000000000000, 0.000000000000000000 ) ) ;
#6364 = B_SPLINE_CURVE_WITH_KNOTS ( 'NONE', 3,
 ( #6924, #3021, #7859, #4599, #2616, #5259, #1985, #11, #5113, #8314 ),
 .UNSPECIFIED., .F., .F.,
 ( 4, 2, 2, 2, 4 ),
 ( 0.000000000000000000, 0.0009721985952715387312, 0.001458297892907317638, 0.001701347541725207200, 0.001944397190543096544 ),
 .UNSPECIFIED. ) ;
#6365 = ORIENTED_EDGE ( 'NONE', *, *, #8277, .F. ) ;
#6366 = CARTESIAN_POINT ( 'NONE',  ( 3.464101615137773926, 15.99999999999999645, 1.000000000000000000 ) ) ;
#6367 = EDGE_CURVE ( 'NONE', #5730, #191, #5405, .T. ) ;
#6368 = CARTESIAN_POINT ( 'NONE',  ( -2.712732159742370364, 45.13644959805034773, -1.330927508661804648 ) ) ;
#6369 = CARTESIAN_POINT ( 'NONE',  ( 0.8660254037934418392, 43.02671304669549102, -3.499999999994440003 ) ) ;
#6370 = CARTESIAN_POINT ( 'NONE',  ( 5.791531471856848690, 29.34631447911202784, 10.03122676289111759 ) ) ;
#6371 = CIRCLE ( 'NONE', #892, 2.000000000000000000 ) ;
#6372 = ORIENTED_EDGE ( 'NONE', *, *, #6868, .F. ) ;
#6373 = ORIENTED_EDGE ( 'NONE', *, *, #4485, .F. ) ;
#6374 = ORIENTED_EDGE ( 'NONE', *, *, #1300, .F. ) ;
#6375 = CARTESIAN_POINT ( 'NONE',  ( 0.6841259283726994767, 44.84856482547713341, 3.197033552236528742 ) ) ;
#6376 = EDGE_LOOP ( 'NONE', ( #4613, #3736, #15 ) ) ;
#6377 = CARTESIAN_POINT ( 'NONE',  ( 9.048114336685655346, 32.03055223262754225, 0.000000000000000000 ) ) ;
#6378 = CIRCLE ( 'NONE', #5444, 1.000000000000000888 ) ;
#6379 = EDGE_CURVE ( 'NONE', #7234, #3043, #2611, .T. ) ;
#6380 = DIRECTION ( 'NONE',  ( -0.8660254037844432595, 0.000000000000000000, -0.4999999999999919509 ) ) ;
#6381 = CARTESIAN_POINT ( 'NONE',  ( -4.786061945686245878, 24.79582683754257744, 6.289702458100681959 ) ) ;
#6383 = EDGE_CURVE ( 'NONE', #3979, #952, #5977, .T. ) ;
#6382 = FACE_OUTER_BOUND ( 'NONE', #5167, .T. ) ;
#6384 = CARTESIAN_POINT ( 'NONE',  ( -2.116592076935371658, 43.66668134715241223, -3.666045016064809037 ) ) ;
#6385 = DIRECTION ( 'NONE',  ( 0.000000000000000000, -1.000000000000000000, 0.000000000000000000 ) ) ;
#6386 = CARTESIAN_POINT ( 'NONE',  ( -5.791531471854530544, 29.34631447911023372, -10.03122676289505044 ) ) ;
#6387 = AXIS2_PLACEMENT_3D ( 'NONE', #6607, #3969, #5150 ) ;
#6388 = EDGE_LOOP ( 'NONE', ( #6107, #897, #1782, #5277 ) ) ;
#6389 = ORIENTED_EDGE ( 'NONE', *, *, #1581, .T. ) ;
#6390 = VERTEX_POINT ( 'NONE', #3299 ) ;
#6391 = CARTESIAN_POINT ( 'NONE',  ( -5.420205713502412870, 23.11394275703117884, -7.388071683261214773 ) ) ;
#6392 = EDGE_CURVE ( 'NONE', #5793, #2098, #7081, .T. ) ;
#6393 = FACE_OUTER_BOUND ( 'NONE', #6047, .T. ) ;
#6394 = DIRECTION ( 'NONE',  ( -0.8660254037844432595, 0.000000000000000000, -0.4999999999999919509 ) ) ;
#6395 = ADVANCED_FACE ( 'NONE', ( #2728 ), #2968, .T. ) ;
#6396 = CARTESIAN_POINT ( 'NONE',  ( 8.427935170293679334, 16.00000000000000000, -14.59761191784562406 ) ) ;
#6397 = B_SPLINE_CURVE_WITH_KNOTS ( 'NONE', 3,
 ( #7311, #2758, #3367, #2114, #5975, #3995, #4035, #6673, #4742, #6631 ),
 .UNSPECIFIED., .F., .F.,
 ( 4, 2, 2, 2, 4 ),
 ( 0.01434145809047382772, 0.01475077384161429736, 0.01516008959275476700, 0.01597872109503570628, 0.01761598409959759873 ),
 .UNSPECIFIED. ) ;
#6398 =( BOUNDED_SURFACE ( )  B_SPLINE_SURFACE ( 2, 3, ( 
 ( #4467, #8361, #1681, #7676 ),
 ( #1031, #7585, #344, #1803 ),
 ( #4998, #7087, #2381, #2310 ) ),
 .UNSPECIFIED., .F., .F., .T. ) 
 B_SPLINE_SURFACE_WITH_KNOTS ( ( 3, 3 ),
 ( 4, 4 ),
 ( 0.4990426930198647582, 0.4994546775458978960 ),
 ( 0.000000000000000000, 1.000000000000000000 ),
 .UNSPECIFIED. ) 
 GEOMETRIC_REPRESENTATION_ITEM ( )  RATIONAL_B_SPLINE_SURFACE ( (
 ( 1.000000000000000000, 0.3333333333333334259, 0.3333333333333334259, 1.000000000000000000),
 ( 1.000000000000000000, 0.3333333333333334259, 0.3333333333333334259, 1.000000000000000000),
 ( 1.000000000000000000, 0.3333333333333334259, 0.3333333333333334259, 1.000000000000000000) ) ) 
 REPRESENTATION_ITEM ( '' )  SURFACE ( )  );
#6399 = B_SPLINE_CURVE_WITH_KNOTS ( 'NONE', 3,
 ( #5448, #8049, #83, #2685, #1535, #4138, #3703, #6933, #3537, #4263 ),
 .UNSPECIFIED., .F., .F.,
 ( 4, 2, 2, 2, 4 ),
 ( 0.000000000000000000, 0.002886567610218620898, 0.005773135220437241796, 0.008659702830655861827, 0.01154627044087448359 ),
 .UNSPECIFIED. ) ;
#6400 = VERTEX_POINT ( 'NONE', #6728 ) ;
#6401 = CARTESIAN_POINT ( 'NONE',  ( 3.277414374212691772, 39.00000000000000711, 5.676648213592878633 ) ) ;
#6402 = SPHERICAL_SURFACE ( 'NONE', #1369, 1.000000000000000000 ) ;
#6403 = CYLINDRICAL_SURFACE ( 'NONE', #4977, 1.000000000000000222 ) ;
#6404 = DIRECTION ( 'NONE',  ( 0.4999999999988585797, 0.000000000000000000, 0.8660254037850976250 ) ) ;
#6405 = CARTESIAN_POINT ( 'NONE',  ( -3.920036541901899430, 24.79582683754258099, -6.789702458100614457 ) ) ;
#6406 = CARTESIAN_POINT ( 'NONE',  ( -0.8660254037844161701, 46.56319714095901929, 3.500000000000025313 ) ) ;
#6407 = CARTESIAN_POINT ( 'NONE',  ( 1.800959343465385665, 14.84579848709912220, -0.8739898277645260505 ) ) ;
#6408 = CARTESIAN_POINT ( 'NONE',  ( -3.277414374212611392, 40.00000000000000711, 5.676648213592921266 ) ) ;
#6409 = CARTESIAN_POINT ( 'NONE',  ( -8.427935170293679334, 15.99999999999999645, 14.59761191784562939 ) ) ;
#6410 = ORIENTED_EDGE ( 'NONE', *, *, #5516, .T. ) ;
#6411 =( BOUNDED_SURFACE ( )  B_SPLINE_SURFACE ( 3, 2, ( 
 ( #6369, #6331, #457 ),
 ( #4976, #1613, #2329 ),
 ( #3075, #6285, #1055 ),
 ( #5056, #5688, #2942 ),
 ( #8300, #4216, #5567 ),
 ( #7566, #2243, #7652 ),
 ( #2363, #3655, #6896 ),
 ( #7486, #3033, #4927 ),
 ( #3116, #2988, #1659 ),
 ( #4264, #6851, #494 ),
 ( #5020, #3614, #5654 ),
 ( #1779, #6247, #365 ),
 ( #4399, #7018, #8258 ),
 ( #3742, #4488, #5100 ),
 ( #3787, #1362, #4443 ),
 ( #1868, #7155, #2491 ) ),
 .UNSPECIFIED., .F., .F., .T. ) 
 B_SPLINE_SURFACE_WITH_KNOTS ( ( 4, 2, 2, 2, 2, 2, 2, 4 ),
 ( 3, 3 ),
 ( 0.008364777861805680961, 0.009154153236960345386, 0.009943528612115009810, 0.01033821629969234115, 0.01073290398726967423, 0.01112759167484700731, 0.01132493551863567385, 0.01152227936242433866 ),
 ( 0.000000000000000000, 1.000000000000000000 ),
 .UNSPECIFIED. ) 
 GEOMETRIC_REPRESENTATION_ITEM ( )  RATIONAL_B_SPLINE_SURFACE ( (
 ( 1.000000000000000000, 0.7071067811874038878, 1.000000000000000000),
 ( 1.000000000000000000, 0.7304586988120339575, 1.000000000000000000),
 ( 1.000000000000000000, 0.7543375006793315851, 1.000000000000000000),
 ( 1.000000000000000000, 0.8038475409288901030, 1.000000000000000000),
 ( 1.000000000000000000, 0.8296190821042621621, 1.000000000000000000),
 ( 1.000000000000000000, 0.8692240996230017336, 1.000000000000000000),
 ( 1.000000000000000000, 0.8823715917859623614, 1.000000000000000000),
 ( 1.000000000000000000, 0.9076440222679355019, 1.000000000000000000),
 ( 1.000000000000000000, 0.9200042097089726756, 1.000000000000000000),
 ( 1.000000000000000000, 0.9401107110433220004, 1.000000000000000000),
 ( 1.000000000000000000, 0.9476046345857973563, 1.000000000000000000),
 ( 1.000000000000000000, 0.9497460670955146789, 1.000000000000000000),
 ( 1.000000000000000000, 0.9489470826690579175, 1.000000000000000000),
 ( 1.000000000000000000, 0.9446486574953504300, 1.000000000000000000),
 ( 1.000000000000000000, 0.9411717755947779374, 1.000000000000000000),
 ( 1.000000000000000000, 0.9368214105093307653, 1.000000000000000000) ) ) 
 REPRESENTATION_ITEM ( '' )  SURFACE ( )  );
#6412 = DIRECTION ( 'NONE',  ( 0.000000000000000000, 0.000000000000000000, -1.000000000000000000 ) ) ;
#6413 = ADVANCED_FACE ( 'NONE', ( #4801 ), #4099, .T. ) ;
#6414 = DIRECTION ( 'NONE',  ( -0.8660254037852125331, 5.275000794778439647E-13, -0.4999999999986599608 ) ) ;
#6415 = CARTESIAN_POINT ( 'NONE',  ( -2.482159763303335875, 44.56642443058861858, -1.804219793980198494 ) ) ;
#6416 = CIRCLE ( 'NONE', #6003, 0.9999999999999994449 ) ;
#6417 = B_SPLINE_CURVE_WITH_KNOTS ( 'NONE', 3,
 ( #7241, #5875, #5951, #1456, #3263, #2016, #726, #1376, #4674, #3973, #86, #7286, #6569, #683 ),
 .UNSPECIFIED., .F., .F.,
 ( 4, 2, 2, 2, 2, 2, 4 ),
 ( 5.522848648090317283E-15, 0.0008759574981549510080, 0.001751914996304379307, 0.002189893745379093565, 0.002627872494453807606, 0.003065851243528521647, 0.003503829992603235688 ),
 .UNSPECIFIED. ) ;
#6418 = DIRECTION ( 'NONE',  ( -0.000000000000000000, 0.000000000000000000, 1.000000000000000000 ) ) ;
#6419 = CARTESIAN_POINT ( 'NONE',  ( 5.974997226026536268, 29.24653537639494516, 8.348998770560967841 ) ) ;
#6420 = CARTESIAN_POINT ( 'NONE',  ( 1.547132307520229233, 14.99999999999999645, -2.570288237343650639 ) ) ;
#6421 = ORIENTED_EDGE ( 'NONE', *, *, #3449, .T. ) ;
#6422 = EDGE_LOOP ( 'NONE', ( #185, #8085, #7292, #3924 ) ) ;
#6423 = FACE_OUTER_BOUND ( 'NONE', #6815, .T. ) ;
#6424 = ORIENTED_EDGE ( 'NONE', *, *, #4649, .T. ) ;
#6425 = DIRECTION ( 'NONE',  ( 0.8660254037844432595, 0.000000000000000000, 0.4999999999999920619 ) ) ;
#6426 = DIRECTION ( 'NONE',  ( 0.000000000000000000, 0.000000000000000000, -1.000000000000000000 ) ) ;
#6427 = DIRECTION ( 'NONE',  ( 1.000000000000000000, -0.000000000000000000, 1.224646799147353207E-16 ) ) ;
#6428 = CIRCLE ( 'NONE', #2863, 0.9999999999999997780 ) ;
#6429 = EDGE_CURVE ( 'NONE', #2998, #292, #6399, .T. ) ;
#6430 = CARTESIAN_POINT ( 'NONE',  ( 0.08877535334775275844, 14.26794919243110371, -2.000000000000000444 ) ) ;
#6431 = ADVANCED_FACE ( 'NONE', ( #8298 ), #359, .T. ) ;
#6432 = DIRECTION ( 'NONE',  ( -0.5000000000000039968, 0.000000000000000000, -0.8660254037844362651 ) ) ;
#6433 = AXIS2_PLACEMENT_3D ( 'NONE', #964, #6893, #1734 ) ;
#6434 = DIRECTION ( 'NONE',  ( -0.8749999999999986677, -2.021946771295104060E-17, 0.4841229182759295702 ) ) ;
#6435 = APPLICATION_PROTOCOL_DEFINITION ( 'draft international standard', 'automotive_design', 1998, #5997 ) ;
#6436 = FACE_OUTER_BOUND ( 'NONE', #8354, .T. ) ;
#6437 = CARTESIAN_POINT ( 'NONE',  ( -2.781815472216372154, 40.78962497854178793, -6.818245735157487886 ) ) ;
#6438 = AXIS2_PLACEMENT_3D ( 'NONE', #8278, #5041, #6998 ) ;
#6439 = ORIENTED_EDGE ( 'NONE', *, *, #3718, .T. ) ;
#6440 = AXIS2_PLACEMENT_3D ( 'NONE', #5734, #3797, #6425 ) ;
#6441 = ORIENTED_EDGE ( 'NONE', *, *, #2087, .T. ) ;
#6442 = ORIENTED_EDGE ( 'NONE', *, *, #3962, .F. ) ;
#6443 = AXIS2_PLACEMENT_3D ( 'NONE', #6010, #2033, #5973 ) ;
#6444 = DIRECTION ( 'NONE',  ( 0.000000000000000000, 0.000000000000000000, 1.000000000000000000 ) ) ;
#6445 = DIRECTION ( 'NONE',  ( 0.000000000000000000, -0.5467874866480694207, 0.8372714281791104884 ) ) ;
#6446 = DIRECTION ( 'NONE',  ( 8.673617379884035472E-17, -1.000000000000000000, -0.000000000000000000 ) ) ;
#6447 = CARTESIAN_POINT ( 'NONE',  ( 3.087295347067499751, 41.92396411215467111, -3.347352399079489338 ) ) ;
#6448 = CARTESIAN_POINT ( 'NONE',  ( -4.319251943879322653, 25.39791341877128872, 7.481163817489784762 ) ) ;
#6449 = ORIENTED_EDGE ( 'NONE', *, *, #7863, .T. ) ;
#6450 = PLANE ( 'NONE',  #1230 ) ;
#6451 = EDGE_CURVE ( 'NONE', #6081, #5617, #7351, .T. ) ;
#6452 = CARTESIAN_POINT ( 'NONE',  ( 4.143439777997054208, 40.00000000000000711, -5.176648213592930148 ) ) ;
#6453 = CIRCLE ( 'NONE', #3565, 0.9999999999999998890 ) ;
#6454 = EDGE_CURVE ( 'NONE', #4935, #6081, #4761, .T. ) ;
#6455 = FACE_OUTER_BOUND ( 'NONE', #3111, .T. ) ;
#6456 = CARTESIAN_POINT ( 'NONE',  ( -0.1611291697163730885, 45.55998058460674116, 2.614294659940476162 ) ) ;
#6457 = CARTESIAN_POINT ( 'NONE',  ( -5.833515323363606342, 28.00000000000001066, 10.10394492679757228 ) ) ;
#6458 = CARTESIAN_POINT ( 'NONE',  ( -1.510380950301309477, 37.13239514139890929, 4.616056544706118814 ) ) ;
#6459 = DIRECTION ( 'NONE',  ( 1.000000000000000000, 0.000000000000000000, 0.000000000000000000 ) ) ;
#6460 = CARTESIAN_POINT ( 'NONE',  ( 1.205359594083588615, 44.93746527852893280, 2.940332251820936271 ) ) ;
#6461 = EDGE_LOOP ( 'NONE', ( #2274, #8473, #6745 ) ) ;
#6462 = DIRECTION ( 'NONE',  ( -1.000000000000000000, 0.000000000000000000, -0.000000000000000000 ) ) ;
#6463 = LINE ( 'NONE', #3157, #5071 ) ;
#6464 = B_SPLINE_CURVE_WITH_KNOTS ( 'NONE', 3,
 ( #243, #124, #4845, #924, #3425, #6034, #5531, #803, #169, #2773, #8010, #6771, #7364, #2809, #2853, #6159, #4673, #1491 ),
 .UNSPECIFIED., .F., .F.,
 ( 4, 2, 2, 2, 2, 2, 2, 2, 4 ),
 ( 2.168404344971008868E-19, 0.0003636446835533707427, 0.0007272893671067415938, 0.001090934050660112391, 0.001454578734213483621, 0.001818223417766854635, 0.002181868101320225649, 0.002545512784873596446, 0.002909157468426967243 ),
 .UNSPECIFIED. ) ;
#6465 = LINE ( 'NONE', #1864, #5744 ) ;
#6466 = AXIS2_PLACEMENT_3D ( 'NONE', #7368, #6115, #6075 ) ;
#6467 = LINE ( 'NONE', #3875, #5770 ) ;
#6468 = CARTESIAN_POINT ( 'NONE',  ( -2.431447646325698653, 45.00244590981188963, -1.982884835648628608 ) ) ;
#6469 = CARTESIAN_POINT ( 'NONE',  ( 2.106055581394316256, 43.69040101300125656, 3.647795270537268042 ) ) ;
#6470 = DIRECTION ( 'NONE',  ( -8.673617379884035472E-17, 1.000000000000000000, 0.000000000000000000 ) ) ;
#6471 = CARTESIAN_POINT ( 'NONE',  ( 1.627365717517545107, 14.99999999999999645, -2.493134000443681941 ) ) ;
#6472 = EDGE_CURVE ( 'NONE', #1198, #5373, #2137, .T. ) ;
#6473 = TOROIDAL_SURFACE ( 'NONE', #5514, 2.000000000000000000, 1.000000000000000000 ) ;
#6474 = VERTEX_POINT ( 'NONE', #4214 ) ;
#6475 = ORIENTED_EDGE ( 'NONE', *, *, #4597, .T. ) ;
#6476 = CARTESIAN_POINT ( 'NONE',  ( -3.469446951953502269E-16, 15.99999999999999645, 6.009258394948572030E-16 ) ) ;
#6477 = ORIENTED_EDGE ( 'NONE', *, *, #6769, .T. ) ;
#6478 = CARTESIAN_POINT ( 'NONE',  ( 5.833515323363612559, 28.00000000000001066, -10.10394492679757583 ) ) ;
#6479 = CIRCLE ( 'NONE', #6751, 1.000000000000001554 ) ;
#6480 = DIRECTION ( 'NONE',  ( -1.000000000000000000, 0.000000000000000000, 0.000000000000000000 ) ) ;
#6481 = DIRECTION ( 'NONE',  ( -0.8005926505880991417, 0.5992089850997913691, -0.000000000000000000 ) ) ;
#6482 = CARTESIAN_POINT ( 'NONE',  ( -5.833515323363607230, 28.00000000000001066, 10.10394492679757228 ) ) ;
#6483 = CARTESIAN_POINT ( 'NONE',  ( -3.329364534537917475, 43.33042390444955316, -0.9999999999992590372 ) ) ;
#6484 = CARTESIAN_POINT ( 'NONE',  ( -2.183481003646954743, 45.55998058460615141, -1.446689284222977268 ) ) ;
#6485 = CARTESIAN_POINT ( 'NONE',  ( -3.054011138117459723, 24.79582683754258099, -7.289702458100619786 ) ) ;
#6486 = CARTESIAN_POINT ( 'NONE',  ( 3.464101615127694433, 43.02671304668890429, -1.000000000000000000 ) ) ;
#6487 = ORIENTED_EDGE ( 'NONE', *, *, #7294, .F. ) ;
#6488 = ORIENTED_EDGE ( 'NONE', *, *, #1957, .F. ) ;
#6489 = ADVANCED_FACE ( 'NONE', ( #7608 ), #7649, .T. ) ;
#6490 = ORIENTED_EDGE ( 'NONE', *, *, #8117, .F. ) ;
#6491 = B_SPLINE_CURVE_WITH_KNOTS ( 'NONE', 3,
 ( #3950, #3324, #2665, #706, #7870, #3540, #8302, #6161, #5657, #4267 ),
 .UNSPECIFIED., .F., .F.,
 ( 4, 2, 2, 2, 4 ),
 ( 0.000000000000000000, 0.0002419886902275017557, 0.0004839773804550035114, 0.0009679547609099882662, 0.001935909521819938368 ),
 .UNSPECIFIED. ) ;
#6492 = DIRECTION ( 'NONE',  ( 1.000000000000000000, 0.000000000000000000, 0.000000000000000000 ) ) ;
#6493 = DIRECTION ( 'NONE',  ( -0.3010432906143596932, 0.7984308039550568337, -0.5214222746217884730 ) ) ;
#6494 = EDGE_CURVE ( 'NONE', #6065, #943, #4926, .T. ) ;
#6495 = CARTESIAN_POINT ( 'NONE',  ( -14.22406907748401927, 19.36036631499310090, -0.000000000000000000 ) ) ;
#6496 = DIRECTION ( 'NONE',  ( -0.4999999999999920064, 0.000000000000000000, 0.8660254037844432595 ) ) ;
#6497 = FACE_OUTER_BOUND ( 'NONE', #2466, .T. ) ;
#6498 = DIRECTION ( 'NONE',  ( 1.000000000000000000, 0.000000000000000000, 0.000000000000000000 ) ) ;
#6499 = VERTEX_POINT ( 'NONE', #3613 ) ;
#6500 = DIRECTION ( 'NONE',  ( -0.5000000000000039968, -4.336808689942052249E-17, -0.8660254037844362651 ) ) ;
#6501 = DIRECTION ( 'NONE',  ( 0.000000000000000000, 0.5583083738399515772, 0.8296335092679110179 ) ) ;
#6502 = ADVANCED_FACE ( 'NONE', ( #1698 ), #3551, .T. ) ;
#6503 = DIRECTION ( 'NONE',  ( -1.000000000000000000, 0.000000000000000000, 0.000000000000000000 ) ) ;
#6504 = CARTESIAN_POINT ( 'NONE',  ( -0.07192766492908844733, 47.92703760326411100, 1.167014704122453672 ) ) ;
#6505 = DIRECTION ( 'NONE',  ( -0.8660254037844437036, -4.336808689941937371E-16, -0.4999999999999912292 ) ) ;
#6506 = ADVANCED_FACE ( 'NONE', ( #1054 ), #6685, .T. ) ;
#6507 = CARTESIAN_POINT ( 'NONE',  ( 3.704221344080277589, 34.25427431979559856, -6.415899570430251941 ) ) ;
#6508 = DIRECTION ( 'NONE',  ( -0.000000000000000000, -1.000000000000000000, -0.000000000000000000 ) ) ;
#6509 = ADVANCED_FACE ( 'NONE', ( #7017 ), #5864, .T. ) ;
#6510 = ORIENTED_EDGE ( 'NONE', *, *, #7995, .F. ) ;
#6511 = CARTESIAN_POINT ( 'NONE',  ( 2.449440390100976472E-11, 48.84708589523609845, 0.000000000000000000 ) ) ;
#6512 = DIRECTION ( 'NONE',  ( -1.000000000000000000, 0.000000000000000000, 0.000000000000000000 ) ) ;
#6513 = CARTESIAN_POINT ( 'NONE',  ( -0.3611099941968932692, 44.49791065414261482, -3.066422824550713244 ) ) ;
#6514 = CARTESIAN_POINT ( 'NONE',  ( -2.219857234669669666, 45.37288655814322880, -1.781429622439529403 ) ) ;
#6515 = ADVANCED_FACE ( 'NONE', ( #5230 ), #7609, .F. ) ;
#6516 = CARTESIAN_POINT ( 'NONE',  ( 1.969365048435567811, 45.00809433281226291, 2.421998644603885698 ) ) ;
#6517 = CARTESIAN_POINT ( 'NONE',  ( 2.639600428407185451, 45.15923110095217652, -1.430254366755644657 ) ) ;
#6518 = CARTESIAN_POINT ( 'NONE',  ( 4.998549180096894418, 31.40750956778395064, -6.657741144059729166 ) ) ;
#6519 = EDGE_CURVE ( 'NONE', #8096, #4347, #3631, .T. ) ;
#6520 = EDGE_CURVE ( 'NONE', #5670, #943, #3245, .T. ) ;
#6521 = ORIENTED_EDGE ( 'NONE', *, *, #2495, .T. ) ;
#6522 = ORIENTED_EDGE ( 'NONE', *, *, #3308, .F. ) ;
#6523 = DIRECTION ( 'NONE',  ( -0.8660254037844432595, 0.000000000000000000, -0.4999999999999919509 ) ) ;
#6524 = VERTEX_POINT ( 'NONE', #749 ) ;
#6525 = CARTESIAN_POINT ( 'NONE',  ( 4.319251943879321765, 25.39791341877129227, -7.481163817489783874 ) ) ;
#6526 = CARTESIAN_POINT ( 'NONE',  ( 0.4725170012178354084, 45.35253749461798378, 2.818423453568551285 ) ) ;
#6527 = DIRECTION ( 'NONE',  ( 0.000000000000000000, -0.000000000000000000, -1.000000000000000000 ) ) ;
#6528 = CARTESIAN_POINT ( 'NONE',  ( -4.207071399915538024, 39.99999999999855760, -5.286861415719851465 ) ) ;
#6529 = SPHERICAL_SURFACE ( 'NONE', #8072, 1.000000000000000000 ) ;
#6530 = DIRECTION ( 'NONE',  ( 1.000000000000000000, 0.000000000000000000, -0.000000000000000000 ) ) ;
#6531 = DIRECTION ( 'NONE',  ( 0.000000000000000000, 1.000000000000000000, 0.000000000000000000 ) ) ;
#6532 = AXIS2_PLACEMENT_3D ( 'NONE', #4270, #6250, #8463 ) ;
#6533 = VERTEX_POINT ( 'NONE', #4126 ) ;
#6534 = EDGE_CURVE ( 'NONE', #3326, #1185, #114, .T. ) ;
#6535 = ORIENTED_EDGE ( 'NONE', *, *, #1935, .F. ) ;
#6536 = ORIENTED_EDGE ( 'NONE', *, *, #1694, .F. ) ;
#6537 = AXIS2_PLACEMENT_3D ( 'NONE', #6839, #6542, #5600 ) ;
#6538 = CARTESIAN_POINT ( 'NONE',  ( -9.056501967287877264, 32.02000061764467631, 0.9999999999996869171 ) ) ;
#6539 = CARTESIAN_POINT ( 'NONE',  ( -5.590223429529782351, 35.39309234814120941, -1.000000000000000000 ) ) ;
#6540 = CLOSED_SHELL ( 'NONE', ( #5201, #6918, #8252, #6228, #4451, #2460, #291, #789, #4905, #3760, #6002, #5094, #6255, #1304, #6165, #6489, #5505, #1862, #923, #5608, #3981, #254, #3131, #4123, #6431, #1621, #781, #7680, #5460, #1340, #4193, #2342, #4565, #2917, #5125, #1550, #3042, #578, #3086, #1817, #1315, #1423, #2876, #5622, #5706, #4248, #2964, #4997, #4777, #5032, #8013, #6097, #5938, #4729, #2649, #7396, #4626, #3976, #4782, #7485, #271, #5462, #2416, #4622, #7383, #7133, #628, #4563, #5785, #6067, #7189, #203, #669, #7629, #670, #7472, #4594, #3914, #5297, #971, #162, #5817, #3737, #5863, #5814, #4860, #5789, #3649, #211, #7814, #3810, #3381, #1516, #6026, #4562, #8053, #3044, #5575, #64, #5895, #7445, #7307, #7002, #3463, #517, #52, #4612, #5420, #5316, #6714, #1717, #620, #328, #912, #7036, #7370, #2197, #6395, #6830, #3409, #1833, #4688, #2832, #1554, #4344, #1128, #4702, #3127, #3466, #7057, #4989, #241, #6217, #37, #7143, #6502, #2826, #7643, #4867, #7184, #4446, #7319, #4208, #737, #4037, #1917, #3695, #1191, #2838, #3197, #6509, #5834, #6845, #4618, #1514, #3259, #5202, #3900, #4080, #8324, #5696, #7726, #7587, #3088, #3321, #1243, #2188, #3632, #2271, #4060, #3098, #5274, #2548, #4942, #8221, #3037, #4974, #183, #7618, #7586, #4829, #3442, #4026, #1683, #1671, #1049, #7865, #5503, #5908, #6286, #2719, #3735, #6230, #3359, #7939, #7543, #1899, #2275, #655, #496, #1139, #3523, #4706, #4511, #970, #6515, #3145, #881, #4081, #339, #5862, #8270, #7427, #716, #4177, #4745, #5517, #2207, #1518, #8157, #4172, #8106, #1723, #7393, #6413, #5592, #2411, #6185, #2706, #553, #4733, #2631, #8280, #7218, #385, #6506, #6166, #5929, #7248, #1473, #41, #3650, #8027, #4284 ) ) ;
#6541 = AXIS2_PLACEMENT_3D ( 'NONE', #318, #5555, #3529 ) ;
#6542 = DIRECTION ( 'NONE',  ( -0.4999999999999919509, -4.336808689941948094E-17, 0.8660254037844432595 ) ) ;
#6543 = CARTESIAN_POINT ( 'NONE',  ( 2.598076211357688958, 43.02671304670513308, -2.499999999995145661 ) ) ;
#6544 = ORIENTED_EDGE ( 'NONE', *, *, #5362, .F. ) ;
#6545 = CARTESIAN_POINT ( 'NONE',  ( -6.145363012554971860, 28.78166749643568068, 10.64408096869997777 ) ) ;
#6546 = CARTESIAN_POINT ( 'NONE',  ( 0.000000000000000000, 13.99999999999999467, 0.000000000000000000 ) ) ;
#6547 = CARTESIAN_POINT ( 'NONE',  ( 6.717267337463447952, 17.26435667894637049, 13.63464831650946785 ) ) ;
#6548 = CARTESIAN_POINT ( 'NONE',  ( -3.341045996126569051, 40.00000000000000711, 5.786861415715912393 ) ) ;
#6549 = EDGE_CURVE ( 'NONE', #2952, #6065, #901, .T. ) ;
#6550 = CARTESIAN_POINT ( 'NONE',  ( 0.2831821724284334652, 14.84712186364443198, 1.986295199846915827 ) ) ;
#6551 = CARTESIAN_POINT ( 'NONE',  ( 1.946826179791361744, 44.01444213920324700, 3.412352122290910117 ) ) ;
#6552 = ORIENTED_EDGE ( 'NONE', *, *, #2855, .F. ) ;
#6553 = ORIENTED_EDGE ( 'NONE', *, *, #3073, .T. ) ;
#6554 = CARTESIAN_POINT ( 'NONE',  ( -1.968755925242984040, 14.87160939346284039, 0.4168592888441808864 ) ) ;
#6555 = CARTESIAN_POINT ( 'NONE',  ( 1.986049846720217005, 45.05365519242706540, 2.361908414541609602 ) ) ;
#6556 = CARTESIAN_POINT ( 'NONE',  ( -2.619819511364757769, 44.82780226478762131, -1.463104915893531643 ) ) ;
#6557 = CARTESIAN_POINT ( 'NONE',  ( 2.219857236023708769, 45.37288655661247105, 1.781429622623284637 ) ) ;
#6558 = CARTESIAN_POINT ( 'NONE',  ( 2.677084810030413209, 45.35253749465415041, -0.9999999999874958911 ) ) ;
#6559 = CARTESIAN_POINT ( 'NONE',  ( 6.699540727148051822, 28.00000000000001066, -9.603944926797586490 ) ) ;
#6560 = ORIENTED_EDGE ( 'NONE', *, *, #6712, .T. ) ;
#6561 = ORIENTED_EDGE ( 'NONE', *, *, #7953, .T. ) ;
#6562 = VERTEX_POINT ( 'NONE', #232 ) ;
#6563 = AXIS2_PLACEMENT_3D ( 'NONE', #5207, #1939, #1303 ) ;
#6564 = CARTESIAN_POINT ( 'NONE',  ( 3.464101615137717527, 15.99999999999999645, -2.000000000000000000 ) ) ;
#6565 = EDGE_CURVE ( 'NONE', #8099, #4735, #6308, .T. ) ;
#6566 = DIRECTION ( 'NONE',  ( -1.000000000000000000, 0.000000000000000000, 0.000000000000000000 ) ) ;
#6567 = LINE ( 'NONE', #1879, #78 ) ;
#6568 = CARTESIAN_POINT ( 'NONE',  ( -3.325648476487507388, 44.73116142624722613, -0.2836773137466190864 ) ) ;
#6569 = CARTESIAN_POINT ( 'NONE',  ( -0.3312885513800452597, 45.39722375494522311, -2.808153055730012504 ) ) ;
#6570 = DIRECTION ( 'NONE',  ( -0.8660254037844363761, -0.000000000000000000, 0.5000000000000038858 ) ) ;
#6571 = FACE_OUTER_BOUND ( 'NONE', #4447, .T. ) ;
#6572 = CARTESIAN_POINT ( 'NONE',  ( 0.8267322469340488977, 43.20385446236295479, -3.431942255946254239 ) ) ;
#6573 = ORIENTED_EDGE ( 'NONE', *, *, #1694, .T. ) ;
#6574 = ORIENTED_EDGE ( 'NONE', *, *, #6323, .T. ) ;
#6575 = ORIENTED_EDGE ( 'NONE', *, *, #1935, .T. ) ;
#6576 = AXIS2_PLACEMENT_3D ( 'NONE', #5290, #2555, #7891 ) ;
#6577 = DIRECTION ( 'NONE',  ( -0.8660254037844363761, 0.000000000000000000, 0.5000000000000039968 ) ) ;
#6578 = CARTESIAN_POINT ( 'NONE',  ( -1.387778780781445281E-15, 15.99999999999999645, 0.000000000000000000 ) ) ;
#6579 = CARTESIAN_POINT ( 'NONE',  ( 4.234461660635494340, 43.66524535966603082, -6.533694551080509726E-13 ) ) ;
#6580 = AXIS2_PLACEMENT_3D ( 'NONE', #3105, #7636, #4518 ) ;
#6581 = EDGE_CURVE ( 'NONE', #1038, #7375, #8031, .T. ) ;
#6582 = CARTESIAN_POINT ( 'NONE',  ( -0.2589459177039561966, 45.41147157461720241, 2.805229597102492978 ) ) ;
#6583 = AXIS2_PLACEMENT_3D ( 'NONE', #4262, #6894, #7564 ) ;
#6584 = ORIENTED_EDGE ( 'NONE', *, *, #4233, .F. ) ;
#6585 = VECTOR ( 'NONE', #6698, 1000.000000000000114 ) ;
#6586 = CARTESIAN_POINT ( 'NONE',  ( -4.100473049239089285, 35.87328699862943893, -5.102227656342933848 ) ) ;
#6587 = CARTESIAN_POINT ( 'NONE',  ( 0.5773502691710800105, 47.89898643127088462, -0.9999999999884441326 ) ) ;
#6588 = CARTESIAN_POINT ( 'NONE',  ( -5.643523463968989518, 22.24380574783605269, -9.774869373301289244 ) ) ;
#6589 = AXIS2_PLACEMENT_3D ( 'NONE', #189, #2754, #6590 ) ;
#6590 = DIRECTION ( 'NONE',  ( 0.5992089850997902589, -0.8005926505880998079, -8.881784197001250351E-16 ) ) ;
#6591 = DIRECTION ( 'NONE',  ( -8.673617379884035472E-17, 1.000000000000000000, 0.000000000000000000 ) ) ;
#6592 = ORIENTED_EDGE ( 'NONE', *, *, #8083, .F. ) ;
#6593 = ORIENTED_EDGE ( 'NONE', *, *, #1034, .F. ) ;
#6594 = DIRECTION ( 'NONE',  ( 0.000000000000000000, -1.000000000000000000, 0.000000000000000000 ) ) ;
#6595 = CARTESIAN_POINT ( 'NONE',  ( 1.753381875526857314, 14.26794545549864246, -0.9630513500885035105 ) ) ;
#6596 = DIRECTION ( 'NONE',  ( 0.000000000000000000, 1.000000000000000000, 0.000000000000000000 ) ) ;
#6597 = CARTESIAN_POINT ( 'NONE',  ( 2.712732159487187822, 45.13644959733093032, 1.330927508434440742 ) ) ;
#6598 = EDGE_CURVE ( 'NONE', #4771, #4419, #1721, .T. ) ;
#6599 = CARTESIAN_POINT ( 'NONE',  ( 2.504506994919858620, 44.46662481691880231, -2.595439368532007407 ) ) ;
#6600 = CARTESIAN_POINT ( 'NONE',  ( -8.427935170293681111, 15.99999999999999645, 14.59761191784563117 ) ) ;
#6601 = AXIS2_PLACEMENT_3D ( 'NONE', #537, #7105, #7698 ) ;
#6602 = ORIENTED_EDGE ( 'NONE', *, *, #1321, .F. ) ;
#6603 = AXIS2_PLACEMENT_3D ( 'NONE', #7474, #4871, #8159 ) ;
#6604 = CARTESIAN_POINT ( 'NONE',  ( 3.718467345856950157, 26.00000000000001066, 6.440574369309961078 ) ) ;
#6605 = CIRCLE ( 'NONE', #7684, 1.000000000000000222 ) ;
#6606 = DIRECTION ( 'NONE',  ( 0.000000000000000000, 1.000000000000000000, 0.000000000000000000 ) ) ;
#6607 = CARTESIAN_POINT ( 'NONE',  ( 0.000000000000000000, 0.000000000000000000, 0.000000000000000000 ) ) ;
#6608 = DIRECTION ( 'NONE',  ( -0.4338024293005499077, -0.9010080201268695355, -1.505054516086866175E-15 ) ) ;
#6609 = CARTESIAN_POINT ( 'NONE',  ( 2.908597279907623179, 45.18535624094440095, 0.6803113530134254905 ) ) ;
#6610 = CARTESIAN_POINT ( 'NONE',  ( 1.998035805776437801, 13.99999999999999645, 0.1259231585613682369 ) ) ;
#6611 = CARTESIAN_POINT ( 'NONE',  ( -5.912734016077909160, 18.61335502258508257, -12.24115572748758396 ) ) ;
#6612 = EDGE_CURVE ( 'NONE', #7808, #3979, #4042, .T. ) ;
#6613 = SPHERICAL_SURFACE ( 'NONE', #1032, 1.000000000000000000 ) ;
#6614 = AXIS2_PLACEMENT_3D ( 'NONE', #1442, #5363, #3846 ) ;
#6615 = ORIENTED_EDGE ( 'NONE', *, *, #1420, .T. ) ;
#6616 = EDGE_CURVE ( 'NONE', #151, #5820, #5703, .T. ) ;
#6617 = ORIENTED_EDGE ( 'NONE', *, *, #4734, .T. ) ;
#6618 = ORIENTED_EDGE ( 'NONE', *, *, #7913, .T. ) ;
#6619 = ORIENTED_EDGE ( 'NONE', *, *, #2253, .F. ) ;
#6620 = CARTESIAN_POINT ( 'NONE',  ( -2.999501062348041813, 13.99999999999999467, -0.05471176265637298780 ) ) ;
#6621 = CIRCLE ( 'NONE', #2476, 0.4020688509154606294 ) ;
#6622 = CARTESIAN_POINT ( 'NONE',  ( -9.048114336685125991, 32.03055223262825990, 0.000000000000000000 ) ) ;
#6623 = CARTESIAN_POINT ( 'NONE',  ( 0.8220173529881469321, 48.46887637871932952, -1.268357286160933033E-13 ) ) ;
#6624 = CIRCLE ( 'NONE', #2217, 0.9999999999999998890 ) ;
#6625 = ORIENTED_EDGE ( 'NONE', *, *, #2698, .T. ) ;
#6626 = CARTESIAN_POINT ( 'NONE',  ( -4.820791733480026764, 31.31292076370793964, -8.349856215096476575 ) ) ;
#6627 = CARTESIAN_POINT ( 'NONE',  ( -13.54968149415145184, 18.62019707414414782, -1.000000000000000000 ) ) ;
#6628 = FACE_OUTER_BOUND ( 'NONE', #4310, .T. ) ;
#6629 = CARTESIAN_POINT ( 'NONE',  ( -4.590398241818955505, 28.60176568097863736, -9.950802981805177083 ) ) ;
#6630 = CARTESIAN_POINT ( 'NONE',  ( 3.242431757870249509, 37.13239514139890929, 3.616056544706094833 ) ) ;
#6631 = CARTESIAN_POINT ( 'NONE',  ( 0.4725170012178354084, 45.35253749461798378, 2.818423453568551285 ) ) ;
#6632 = ORIENTED_EDGE ( 'NONE', *, *, #4112, .T. ) ;
#6633 = AXIS2_PLACEMENT_3D ( 'NONE', #1814, #4433, #7051 ) ;
#6634 = ORIENTED_EDGE ( 'NONE', *, *, #2799, .T. ) ;
#6635 = CARTESIAN_POINT ( 'NONE',  ( 2.519943545256348560, 45.42277198793077275, 1.241616168522787111 ) ) ;
#6636 = CARTESIAN_POINT ( 'NONE',  ( -2.008142112061413798, 43.91110777164234946, -3.478204166909263151 ) ) ;
#6637 = DIRECTION ( 'NONE',  ( 1.224646799147353207E-16, 0.000000000000000000, -1.000000000000000000 ) ) ;
#6638 = CARTESIAN_POINT ( 'NONE',  ( 2.630506325557489866, 45.37871602683734551, -1.068642865053556879 ) ) ;
#6639 = CARTESIAN_POINT ( 'NONE',  ( 0.000000000000000000, 40.00000000000000711, 0.000000000000000000 ) ) ;
#6640 = CARTESIAN_POINT ( 'NONE',  ( -3.089560190589620170, 41.65726546206825276, 5.351275270398799577 ) ) ;
#6641 = ORIENTED_EDGE ( 'NONE', *, *, #428, .F. ) ;
#6642 = ORIENTED_EDGE ( 'NONE', *, *, #2044, .F. ) ;
#6643 = EDGE_CURVE ( 'NONE', #5275, #1628, #6806, .T. ) ;
#6644 = DIRECTION ( 'NONE',  ( -0.000000000000000000, 0.000000000000000000, 1.000000000000000000 ) ) ;
#6645 = CARTESIAN_POINT ( 'NONE',  ( -0.9954629309436580087, 44.46662482111231895, 3.466686367208863473 ) ) ;
#6646 = CARTESIAN_POINT ( 'NONE',  ( 5.841540946304217113E-13, 44.82989925893699734, 3.000000000000017319 ) ) ;
#6647 = CARTESIAN_POINT ( 'NONE',  ( -2.598076211353337328, 43.02671304668379548, -2.500000000000003997 ) ) ;
#6648 = DIRECTION ( 'NONE',  ( 0.5000000000000037748, 0.000000000000000000, 0.8660254037844365982 ) ) ;
#6649 = CARTESIAN_POINT ( 'NONE',  ( 2.826910364149250121, 37.56619757069947241, 4.896352379149483625 ) ) ;
#6650 = CARTESIAN_POINT ( 'NONE',  ( 6.179275801340128993, 41.65714475880567136, -1.000000000000000000 ) ) ;
#6651 = ORIENTED_EDGE ( 'NONE', *, *, #5767, .T. ) ;
#6652 = ORIENTED_EDGE ( 'NONE', *, *, #469, .F. ) ;
#6653 = ORIENTED_EDGE ( 'NONE', *, *, #3206, .T. ) ;
#6654 = EDGE_CURVE ( 'NONE', #7321, #6499, #2825, .T. ) ;
#6655 = EDGE_LOOP ( 'NONE', ( #1173, #4154, #2512, #5922, #4821 ) ) ;
#6656 = CARTESIAN_POINT ( 'NONE',  ( 3.464101615137773926, 14.99999999999999645, 2.000000000000000000 ) ) ;
#6657 = CARTESIAN_POINT ( 'NONE',  ( -3.423412233876260036, 44.54362983928253783, 0.8909196913249040062 ) ) ;
#6658 = AXIS2_PLACEMENT_3D ( 'NONE', #5287, #6608, #1836 ) ;
#6659 = CARTESIAN_POINT ( 'NONE',  ( -6.682091992264687974, 39.00000000000000711, 0.000000000000000000 ) ) ;
#6660 = CARTESIAN_POINT ( 'NONE',  ( 4.212111162778196416, 43.69040101299348322, -1.812315681307133026E-16 ) ) ;
#6661 = FACE_OUTER_BOUND ( 'NONE', #5455, .T. ) ;
#6662 = CARTESIAN_POINT ( 'NONE',  ( -1.569060388942028483, 44.56704267275966203, 3.093114558815555082 ) ) ;
#6663 = AXIS2_PLACEMENT_3D ( 'NONE', #3931, #6648, #2055 ) ;
#6664 = ORIENTED_EDGE ( 'NONE', *, *, #1370, .F. ) ;
#6665 = CARTESIAN_POINT ( 'NONE',  ( -10.20456128245973559, 29.25964147281568728, -1.000000000000000000 ) ) ;
#6666 = AXIS2_PLACEMENT_3D ( 'NONE', #7288, #1930, #3975 ) ;
#6667 = AXIS2_PLACEMENT_3D ( 'NONE', #6921, #2978, #957 ) ;
#6668 = DIRECTION ( 'NONE',  ( 0.5000000000000041078, -0.000000000000000000, 0.8660254037844364872 ) ) ;
#6669 = EDGE_CURVE ( 'NONE', #7965, #5493, #8040, .T. ) ;
#6670 = CARTESIAN_POINT ( 'NONE',  ( 9.056501967000203379, 32.02000061743445514, 0.000000000000000000 ) ) ;
#6671 = CARTESIAN_POINT ( 'NONE',  ( 4.718467345856844908, 26.00000000000001066, -8.172625176878897335 ) ) ;
#6672 = CARTESIAN_POINT ( 'NONE',  ( -0.6233672286789191386, 14.87160939346294342, 1.913422289533798670 ) ) ;
#6673 = CARTESIAN_POINT ( 'NONE',  ( 0.1330438280077544388, 46.22043284805376118, 2.230438669745643310 ) ) ;
#6674 = ORIENTED_EDGE ( 'NONE', *, *, #1982, .T. ) ;
#6675 = AXIS2_PLACEMENT_3D ( 'NONE', #5915, #5330, #4713 ) ;
#6676 = CARTESIAN_POINT ( 'NONE',  ( -1.829229435929763614, 14.23212241428307401, 0.8097283913973063463 ) ) ;
#6677 = CARTESIAN_POINT ( 'NONE',  ( 0.5773502691710800105, 47.89898643127088462, -0.9999999999884441326 ) ) ;
#6678 = DIRECTION ( 'NONE',  ( 0.000000000000000000, 0.5583083738403490370, 0.8296335092676433431 ) ) ;
#6679 = CARTESIAN_POINT ( 'NONE',  ( -3.244678361439025327, 35.91205248722209120, -5.619947776231666303 ) ) ;
#6680 = CARTESIAN_POINT ( 'NONE',  ( 2.449440390100976472E-11, 47.93147645920785038, 0.000000000000000000 ) ) ;
#6681 = CARTESIAN_POINT ( 'NONE',  ( 1.932727699666912935, 44.87047338622979709, -2.585968475501512653 ) ) ;
#6682 = DIRECTION ( 'NONE',  ( -0.8660254037844463681, 0.000000000000000000, -0.4999999999999866218 ) ) ;
#6683 = CARTESIAN_POINT ( 'NONE',  ( -1.890986904000839353, 40.90766404351494145, 5.275285394171239872 ) ) ;
#6684 = EDGE_CURVE ( 'NONE', #3225, #4735, #4756, .T. ) ;
#6685 =( BOUNDED_SURFACE ( )  B_SPLINE_SURFACE ( 3, 2, ( 
 ( #6203, #5565, #3031 ),
 ( #5653, #5019, #1736 ),
 ( #4351, #1177, #665 ),
 ( #1911, #1224, #1866 ),
 ( #1320, #3916, #7060 ),
 ( #5098, #535, #1134 ),
 ( #8334, #5904, #492 ),
 ( #6415, #3205, #3786 ),
 ( #1822, #6468, #2538 ),
 ( #3287, #3160, #6514 ),
 ( #622, #582, #3249 ),
 ( #4397, #7154, #31 ),
 ( #6556, #3741, #2635 ),
 ( #5812, #6368, #2490 ),
 ( #7194, #4442, #8426 ),
 ( #7738, #4532, #3836 ) ),
 .UNSPECIFIED., .F., .F., .T. ) 
 B_SPLINE_SURFACE_WITH_KNOTS ( ( 4, 2, 2, 2, 2, 2, 2, 4 ),
 ( 3, 3 ),
 ( 0.008364777861852188898, 0.009154153237005531463, 0.009943528612158872293, 0.01033821629973554271, 0.01073290398731221486, 0.01112759167488888701, 0.01132493551867722222, 0.01152227936246555742 ),
 ( 0.000000000000000000, 1.000000000000000000 ),
 .UNSPECIFIED. ) 
 GEOMETRIC_REPRESENTATION_ITEM ( )  RATIONAL_B_SPLINE_SURFACE ( (
 ( 1.000000000000000000, 0.7071067811851551310, 1.000000000000000000),
 ( 1.000000000000000000, 0.7304586987917444096, 1.000000000000000000),
 ( 1.000000000000000000, 0.7543375007125121545, 1.000000000000000000),
 ( 1.000000000000000000, 0.8038475408969918412, 1.000000000000000000),
 ( 1.000000000000000000, 0.8296190822391512620, 1.000000000000000000),
 ( 1.000000000000000000, 0.8692240995568275563, 1.000000000000000000),
 ( 1.000000000000000000, 0.8823715916384241575, 1.000000000000000000),
 ( 1.000000000000000000, 0.9076440224259251233, 1.000000000000000000),
 ( 1.000000000000000000, 0.9200042096909206712, 1.000000000000000000),
 ( 1.000000000000000000, 0.9401107110620277041, 1.000000000000000000),
 ( 1.000000000000000000, 0.9476046345430558793, 1.000000000000000000),
 ( 1.000000000000000000, 0.9497460671175541602, 1.000000000000000000),
 ( 1.000000000000000000, 0.9489470826956069027, 1.000000000000000000),
 ( 1.000000000000000000, 0.9446486574673998993, 1.000000000000000000),
 ( 1.000000000000000000, 0.9411717756162346626, 1.000000000000000000),
 ( 1.000000000000000000, 0.9368214105098058297, 1.000000000000000000) ) ) 
 REPRESENTATION_ITEM ( '' )  SURFACE ( )  );
#6686 = ORIENTED_EDGE ( 'NONE', *, *, #717, .F. ) ;
#6687 = ORIENTED_EDGE ( 'NONE', *, *, #7083, .T. ) ;
#6688 = CARTESIAN_POINT ( 'NONE',  ( 10.90418288363582100, 29.97551092898135039, 0.000000000000000000 ) ) ;
#6689 = DIRECTION ( 'NONE',  ( -1.000000000000000000, 0.000000000000000000, 0.000000000000000000 ) ) ;
#6690 = DIRECTION ( 'NONE',  ( -0.8660254037844362651, -0.000000000000000000, 0.5000000000000039968 ) ) ;
#6691 = CARTESIAN_POINT ( 'NONE',  ( 4.586066038134843481, 29.97551092916747706, 9.943299384917443362 ) ) ;
#6692 = CARTESIAN_POINT ( 'NONE',  ( -2.476774965664597872, 45.11208902211226501, 1.768483575583294387 ) ) ;
#6693 = ORIENTED_EDGE ( 'NONE', *, *, #1159, .F. ) ;
#6694 = ORIENTED_EDGE ( 'NONE', *, *, #2473, .F. ) ;
#6695 = DIRECTION ( 'NONE',  ( -0.7896249785381159736, -0.6135897597488733091, 0.000000000000000000 ) ) ;
#6696 = ORIENTED_EDGE ( 'NONE', *, *, #8313, .F. ) ;
#6697 = EDGE_CURVE ( 'NONE', #6081, #4463, #8438, .T. ) ;
#6698 = DIRECTION ( 'NONE',  ( 0.5000000000000039968, -0.000000000000000000, 0.8660254037844363761 ) ) ;
#6699 = CARTESIAN_POINT ( 'NONE',  ( -4.212111162793299002, 43.69040101299148660, -5.158348453167644909E-16 ) ) ;
#6700 = DIRECTION ( 'NONE',  ( 4.807406715958431797E-14, -1.000000000000000000, 2.775557561563763516E-14 ) ) ;
#6701 = AXIS2_PLACEMENT_3D ( 'NONE', #4412, #7539, #5701 ) ;
#6702 = DIRECTION ( 'NONE',  ( 0.000000000000000000, -1.000000000000000000, 0.000000000000000000 ) ) ;
#6703 = ORIENTED_EDGE ( 'NONE', *, *, #5720, .T. ) ;
#6704 = CARTESIAN_POINT ( 'NONE',  ( -7.011388416339557672, 28.78166749643568068, -10.14408096869988896 ) ) ;
#6705 = DIRECTION ( 'NONE',  ( 0.5000000000000038858, -3.174764303743722200E-16, 0.8660254037844363761 ) ) ;
#6706 = DIRECTION ( 'NONE',  ( 0.000000000000000000, 0.000000000000000000, -1.000000000000000000 ) ) ;
#6707 = AXIS2_PLACEMENT_3D ( 'NONE', #6972, #3700, #6328 ) ;
#6708 = CARTESIAN_POINT ( 'NONE',  ( -0.4330127018922220183, 14.99999999999999645, -0.7499999999999965583 ) ) ;
#6709 = CARTESIAN_POINT ( 'NONE',  ( -1.160824136418732166, 15.02500059728507509, 2.665719697054032888 ) ) ;
#6710 = AXIS2_PLACEMENT_3D ( 'NONE', #8484, #6570, #5114 ) ;
#6711 = ORIENTED_EDGE ( 'NONE', *, *, #8339, .F. ) ;
#6712 = EDGE_CURVE ( 'NONE', #5836, #1979, #3103, .T. ) ;
#6713 = CIRCLE ( 'NONE', #3010, 1.000000000000000444 ) ;
#6714 = ADVANCED_FACE ( 'NONE', ( #6274 ), #1727, .T. ) ;
#6715 = CARTESIAN_POINT ( 'NONE',  ( 9.293960574078401038, 15.99999999999987921, 14.09761191784564538 ) ) ;
#6716 = VECTOR ( 'NONE', #2926, 1000.000000000000000 ) ;
#6717 = CARTESIAN_POINT ( 'NONE',  ( -0.9669793353361544330, 47.51234267827343416, 1.000000000009449996 ) ) ;
#6718 = PLANE ( 'NONE',  #23 ) ;
#6719 = CARTESIAN_POINT ( 'NONE',  ( -1.906571951609105309, 44.78126727784736971, -2.695287271901956050 ) ) ;
#6720 = PLANE ( 'NONE',  #5382 ) ;
#6721 = CARTESIAN_POINT ( 'NONE',  ( -3.464101615137773926, 14.99999999999999645, -1.000000000000000000 ) ) ;
#6722 = DIRECTION ( 'NONE',  ( -0.9517756572231781398, 0.2545273128160933651, 0.1712861504851050098 ) ) ;
#6723 = AXIS2_PLACEMENT_3D ( 'NONE', #4278, #6085, #3003 ) ;
#6724 = ORIENTED_EDGE ( 'NONE', *, *, #7011, .F. ) ;
#6725 = ORIENTED_EDGE ( 'NONE', *, *, #7011, .T. ) ;
#6726 = B_SPLINE_CURVE_WITH_KNOTS ( 'NONE', 3,
 ( #6525, #4409, #635, #1186, #5147, #7750 ),
 .UNSPECIFIED., .F., .F.,
 ( 4, 2, 4 ),
 ( 0.000000000000000000, 0.006167785449975358471, 0.01233557089995071694 ),
 .UNSPECIFIED. ) ;
#6727 = CARTESIAN_POINT ( 'NONE',  ( -2.391705660732814653, 45.55998058460212263, 0.8821381566243798877 ) ) ;
#6728 = CARTESIAN_POINT ( 'NONE',  ( -8.427935170293880063, 16.00000000000000000, -15.59761191784551215 ) ) ;
#6729 = EDGE_CURVE ( 'NONE', #1617, #7462, #5840, .T. ) ;
#6730 = CARTESIAN_POINT ( 'NONE',  ( 3.929972578312208142, 44.01282709432185669, 0.01984455323229566276 ) ) ;
#6731 = DIRECTION ( 'NONE',  ( 0.3948124892659173879, 0.6135897597498291001, -0.6838352908777062256 ) ) ;
#6732 = CARTESIAN_POINT ( 'NONE',  ( 5.452091441819180595, 29.97551092897769109, 9.443299384743339075 ) ) ;
#6733 = DIRECTION ( 'NONE',  ( -0.000000000000000000, 1.000000000000000000, -0.000000000000000000 ) ) ;
#6734 = ORIENTED_EDGE ( 'NONE', *, *, #7365, .T. ) ;
#6735 = AXIS2_PLACEMENT_3D ( 'NONE', #6025, #1364, #6105 ) ;
#6736 = ORIENTED_EDGE ( 'NONE', *, *, #5516, .F. ) ;
#6737 = ORIENTED_EDGE ( 'NONE', *, *, #1656, .T. ) ;
#6738 = ORIENTED_EDGE ( 'NONE', *, *, #4133, .T. ) ;
#6739 = CARTESIAN_POINT ( 'NONE',  ( 0.6975054773004957243, 15.09381689586232334, -2.578264997456445773 ) ) ;
#6740 = CARTESIAN_POINT ( 'NONE',  ( -1.159326986476340693, 44.15673618321324767, -3.709870561603735073 ) ) ;
#6741 = DIRECTION ( 'NONE',  ( 0.000000000000000000, 0.5583083738404720497, 0.8296335092675606315 ) ) ;
#6742 = AXIS2_PLACEMENT_3D ( 'NONE', #6396, #7044, #5710 ) ;
#6743 = DIRECTION ( 'NONE',  ( 0.000000000000000000, 0.000000000000000000, -1.000000000000000000 ) ) ;
#6744 = EDGE_CURVE ( 'NONE', #3079, #3225, #779, .T. ) ;
#6745 = ORIENTED_EDGE ( 'NONE', *, *, #7108, .F. ) ;
#6746 =( BOUNDED_SURFACE ( )  B_SPLINE_SURFACE ( 2, 3, ( 
 ( #3868, #5129, #6504, #1854 ),
 ( #4477, #3826, #6456, #570 ),
 ( #3195, #3238, #2525, #7773 ) ),
 .UNSPECIFIED., .F., .F., .T. ) 
 B_SPLINE_SURFACE_WITH_KNOTS ( ( 3, 3 ),
 ( 4, 4 ),
 ( 0.4990845500706059812, 0.4994544132464049935 ),
 ( 0.000000000000000000, 1.000000000000000000 ),
 .UNSPECIFIED. ) 
 GEOMETRIC_REPRESENTATION_ITEM ( )  RATIONAL_B_SPLINE_SURFACE ( (
 ( 1.000000000000000000, 0.9602823350349951603, 0.9602823350349951603, 1.000000000000000000),
 ( 1.000000000000000000, 0.9602823350349951603, 0.9602823350349951603, 1.000000000000000000),
 ( 1.000000000000000000, 0.9602823350349951603, 0.9602823350349951603, 1.000000000000000000) ) ) 
 REPRESENTATION_ITEM ( '' )  SURFACE ( )  );
#6747 = AXIS2_PLACEMENT_3D ( 'NONE', #2591, #3880, #36 ) ;
#6748 = EDGE_CURVE ( 'NONE', #1980, #3040, #8299, .T. ) ;
#6749 = CARTESIAN_POINT ( 'NONE',  ( -4.108911781701833910, 40.00000000000000711, -9.116843969725843877 ) ) ;
#6750 = DIRECTION ( 'NONE',  ( -0.4999999999999919509, 0.000000000000000000, 0.8660254037844432595 ) ) ;
#6751 = AXIS2_PLACEMENT_3D ( 'NONE', #6828, #3559, #309 ) ;
#6752 = CARTESIAN_POINT ( 'NONE',  ( 10.92076738159497751, 28.59544621237006368, 1.000000000000000000 ) ) ;
#6753 = PLANE ( 'NONE',  #5625 ) ;
#6754 = CARTESIAN_POINT ( 'NONE',  ( -3.749999999999940492, 27.00000000000001066, 6.495190528383325557 ) ) ;
#6755 = ORIENTED_EDGE ( 'NONE', *, *, #2593, .F. ) ;
#6756 = EDGE_CURVE ( 'NONE', #8321, #7234, #4469, .T. ) ;
#6757 = CARTESIAN_POINT ( 'NONE',  ( 1.650159184614153673, 14.99999999999999645, 2.471215315344405195 ) ) ;
#6758 = DIRECTION ( 'NONE',  ( 1.000000000000000000, -0.000000000000000000, -2.255140518769848970E-13 ) ) ;
#6759 = DIRECTION ( 'NONE',  ( -1.000000000000000000, -8.673617379884035472E-17, 0.000000000000000000 ) ) ;
#6760 = CARTESIAN_POINT ( 'NONE',  ( -2.021865815599838356, 45.13516391700103014, 2.249244641015563317 ) ) ;
#6761 = DIRECTION ( 'NONE',  ( -0.5157107691734257315, 0.000000000000000000, -0.8567627457812073688 ) ) ;
#6762 = CARTESIAN_POINT ( 'NONE',  ( 0.000000000000000000, 20.65685424949237614, -2.000000000000000000 ) ) ;
#6763 = EDGE_CURVE ( 'NONE', #1144, #2693, #769, .T. ) ;
#6764 = VECTOR ( 'NONE', #4159, 1000.000000000000114 ) ;
#6765 = CARTESIAN_POINT ( 'NONE',  ( -2.520734724529944071, 15.10343136962584865, -0.7575255453035761866 ) ) ;
#6766 = ORIENTED_EDGE ( 'NONE', *, *, #3825, .F. ) ;
#6767 = VERTEX_POINT ( 'NONE', #1647 ) ;
#6768 = CARTESIAN_POINT ( 'NONE',  ( 3.087972170876469136, 41.92243856321407947, 3.348524692293505023 ) ) ;
#6769 = EDGE_CURVE ( 'NONE', #4506, #3807, #2261, .T. ) ;
#6770 = CARTESIAN_POINT ( 'NONE',  ( -0.8660254037850185771, 43.02671304669807029, 3.499999999998573585 ) ) ;
#6771 = CARTESIAN_POINT ( 'NONE',  ( -0.4835888264333517705, 15.11504360730093843, -2.539114537613101685 ) ) ;
#6772 = EDGE_CURVE ( 'NONE', #59, #6562, #2011, .T. ) ;
#6773 = CARTESIAN_POINT ( 'NONE',  ( 5.628335501872653523, 22.22322094078763399, 9.748563051287007397 ) ) ;
#6774 = CARTESIAN_POINT ( 'NONE',  ( -6.699540727148117547, 28.00000000000012079, -9.603944926797371551 ) ) ;
#6775 = CARTESIAN_POINT ( 'NONE',  ( -2.554387251877241471, 44.81958905919386638, 1.579509263837759248 ) ) ;
#6776 = VERTEX_POINT ( 'NONE', #1605 ) ;
#6777 = EDGE_CURVE ( 'NONE', #371, #2816, #6378, .T. ) ;
#6778 = ORIENTED_EDGE ( 'NONE', *, *, #8374, .F. ) ;
#6779 = VERTEX_POINT ( 'NONE', #5008 ) ;
#6780 = ORIENTED_EDGE ( 'NONE', *, *, #3304, .T. ) ;
#6781 = CARTESIAN_POINT ( 'NONE',  ( 0.6233672286789115891, 14.87160939346294164, -1.913422289533812881 ) ) ;
#6782 = CARTESIAN_POINT ( 'NONE',  ( 3.464101615137717527, 15.99999999999999645, -2.000000000000000000 ) ) ;
#6783 = CARTESIAN_POINT ( 'NONE',  ( 0.4163915404464904046, 14.15143754493512773, 1.957845686502575955 ) ) ;
#6784 = DIRECTION ( 'NONE',  ( 0.000000000000000000, -1.000000000000000000, -0.000000000000000000 ) ) ;
#6785 = ORIENTED_EDGE ( 'NONE', *, *, #3253, .F. ) ;
#6786 = VERTEX_POINT ( 'NONE', #3063 ) ;
#6787 = CARTESIAN_POINT ( 'NONE',  ( -8.881914440647578957, 30.66112020816223449, -0.9999999999999997780 ) ) ;
#6788 = CARTESIAN_POINT ( 'NONE',  ( 6.179059012221639335, 41.65731318149192219, 0.000000000000000000 ) ) ;
#6789 = CARTESIAN_POINT ( 'NONE',  ( 4.967489919579095137, 28.00000000000012079, -10.60394492679744438 ) ) ;
#6790 = CARTESIAN_POINT ( 'NONE',  ( 2.732189474663471174E-14, 0.000000000000000000, 3.000000000000017319 ) ) ;
#6791 = CARTESIAN_POINT ( 'NONE',  ( 6.489356722877993811, 35.91205248722209120, -0.000000000000000000 ) ) ;
#6792 = TOROIDAL_SURFACE ( 'NONE', #341, 2.000000000000000000, 1.000000000000000000 ) ;
#6793 = VERTEX_POINT ( 'NONE', #354 ) ;
#6794 = CIRCLE ( 'NONE', #4744, 0.4020688509154606294 ) ;
#6795 = AXIS2_PLACEMENT_3D ( 'NONE', #4962, #8202, #3690 ) ;
#6796 = EDGE_CURVE ( 'NONE', #4333, #2829, #2678, .T. ) ;
#6797 = EDGE_CURVE ( 'NONE', #2216, #5604, #8079, .T. ) ;
#6798 = CARTESIAN_POINT ( 'NONE',  ( 1.876769273486765588, 14.18855849479343334, 0.6962512981102134679 ) ) ;
#6799 = EDGE_CURVE ( 'NONE', #3965, #4392, #4614, .T. ) ;
#6800 = CARTESIAN_POINT ( 'NONE',  ( -16.85587034058764289, 15.99999999999999289, 0.000000000000000000 ) ) ;
#6801 = CARTESIAN_POINT ( 'NONE',  ( -5.622572280862936367, 35.41155823880486508, 1.000000000000000000 ) ) ;
#6802 = FACE_OUTER_BOUND ( 'NONE', #5036, .T. ) ;
#6803 = AXIS2_PLACEMENT_3D ( 'NONE', #1498, #4723, #7419 ) ;
#6804 = DIRECTION ( 'NONE',  ( -0.000000000000000000, -1.000000000000000000, 0.000000000000000000 ) ) ;
#6805 = CARTESIAN_POINT ( 'NONE',  ( -2.470058368292900042, 44.43450170965245860, -1.882050584744157540 ) ) ;
#6806 = CIRCLE ( 'NONE', #4324, 3.000000000000000000 ) ;
#6807 = ORIENTED_EDGE ( 'NONE', *, *, #5000, .F. ) ;
#6808 = VERTEX_POINT ( 'NONE', #8122 ) ;
#6809 = CARTESIAN_POINT ( 'NONE',  ( 3.442965485637640377, 42.62898019936866234, 3.963391198901152990 ) ) ;
#6810 = CARTESIAN_POINT ( 'NONE',  ( -3.234447645860296205, 35.87328699888514194, 5.602227657047581744 ) ) ;
#6811 = DIRECTION ( 'NONE',  ( 0.000000000000000000, -0.6092968833360877801, 0.7929421844982961209 ) ) ;
#6812 = DIRECTION ( 'NONE',  ( -0.000000000000000000, 0.000000000000000000, 1.000000000000000000 ) ) ;
#6813 = CARTESIAN_POINT ( 'NONE',  ( -3.087716526756512536, 41.92301477454603287, 3.348081903712468943 ) ) ;
#6814 = CARTESIAN_POINT ( 'NONE',  ( -2.695744417370183221, 44.75292953360338544, 1.359978737390393100 ) ) ;
#6815 = EDGE_LOOP ( 'NONE', ( #1382, #2358, #5453, #4111 ) ) ;
#6816 = EDGE_LOOP ( 'NONE', ( #3584, #5572, #3708, #1665, #2485, #3089 ) ) ;
#6817 = CARTESIAN_POINT ( 'NONE',  ( 7.899604925524912780, 18.03993936032856382, -13.68251709074313993 ) ) ;
#6818 = EDGE_CURVE ( 'NONE', #1981, #2738, #3767, .T. ) ;
#6819 = ORIENTED_EDGE ( 'NONE', *, *, #6967, .T. ) ;
#6820 = CARTESIAN_POINT ( 'NONE',  ( -2.732189474663471174E-14, 0.000000000000000000, -4.000000000000017764 ) ) ;
#6821 = CARTESIAN_POINT ( 'NONE',  ( -4.021869387881613633, 43.90481300177778223, 0.9039705214330856498 ) ) ;
#6822 = CARTESIAN_POINT ( 'NONE',  ( 5.514178975467861399, 40.90754406224388617, 1.000000000000000000 ) ) ;
#6823 = DIRECTION ( 'NONE',  ( -8.673617379884035472E-17, 1.000000000000000000, 0.000000000000000000 ) ) ;
#6824 = ORIENTED_EDGE ( 'NONE', *, *, #6534, .T. ) ;
#6825 = EDGE_LOOP ( 'NONE', ( #3982, #4194, #417, #6442 ) ) ;
#6826 = FACE_OUTER_BOUND ( 'NONE', #7956, .T. ) ;
#6827 = AXIS2_PLACEMENT_3D ( 'NONE', #337, #4988, #7668 ) ;
#6828 = CARTESIAN_POINT ( 'NONE',  ( 3.341045996129416107, 39.99999999999926814, 5.786861415720788493 ) ) ;
#6829 = CARTESIAN_POINT ( 'NONE',  ( 0.1838140725343077320, 48.19448705228524688, -1.028372671773061686 ) ) ;
#6830 = ADVANCED_FACE ( 'NONE', ( #2934 ), #7947, .T. ) ;
#6831 = DIRECTION ( 'NONE',  ( 1.000000000000000000, 0.000000000000000000, 0.000000000000000000 ) ) ;
#6832 = EDGE_LOOP ( 'NONE', ( #8380, #2125, #5801, #6615 ) ) ;
#6833 = CARTESIAN_POINT ( 'NONE',  ( -1.031421538346819489, 14.99999999999999467, 1.713525491562434055 ) ) ;
#6834 = CARTESIAN_POINT ( 'NONE',  ( 1.811915364712502141, 14.24781577949550559, 0.8508768930597182534 ) ) ;
#6835 = DIRECTION ( 'NONE',  ( 0.000000000000000000, -0.7354398480754756884, -0.6775900160589154453 ) ) ;
#6836 = AXIS2_PLACEMENT_3D ( 'NONE', #7079, #2603, #4548 ) ;
#6837 = CARTESIAN_POINT ( 'NONE',  ( -9.436934691713835477, 26.00000000000002132, 1.000000000000000000 ) ) ;
#6838 = CARTESIAN_POINT ( 'NONE',  ( -3.920036541901801286, 24.79582683754257388, 6.789702458100668636 ) ) ;
#6839 = CARTESIAN_POINT ( 'NONE',  ( 0.4330127018922143023, 15.99999999999999645, -0.7500000000000074385 ) ) ;
#6840 = CARTESIAN_POINT ( 'NONE',  ( 3.579668248191447688, 30.65002721925242923, -8.200167280108825452 ) ) ;
#6841 = AXIS2_PLACEMENT_3D ( 'NONE', #1948, #4564, #7183 ) ;
#6842 = AXIS2_PLACEMENT_3D ( 'NONE', #4799, #2986, #6202 ) ;
#6843 = CARTESIAN_POINT ( 'NONE',  ( 5.584492749641286835, 28.00000000000001066, -7.672625176878906217 ) ) ;
#6844 = EDGE_CURVE ( 'NONE', #2693, #1560, #4873, .T. ) ;
#6845 = ADVANCED_FACE ( 'NONE', ( #7144 ), #8415, .T. ) ;
#6846 = AXIS2_PLACEMENT_3D ( 'NONE', #1648, #394, #5270 ) ;
#6847 = ORIENTED_EDGE ( 'NONE', *, *, #5754, .F. ) ;
#6848 = CARTESIAN_POINT ( 'NONE',  ( 16.85587034058762868, 15.99999999999999645, 1.000000000000000000 ) ) ;
#6849 = EDGE_CURVE ( 'NONE', #1828, #4506, #5971, .T. ) ;
#6850 = DIRECTION ( 'NONE',  ( 1.000000000000000000, 0.000000000000000000, 0.000000000000000000 ) ) ;
#6851 = CARTESIAN_POINT ( 'NONE',  ( 0.2931642203959945459, 45.11208902217256167, -3.029191828531108577 ) ) ;
#6852 = CARTESIAN_POINT ( 'NONE',  ( 1.879192790194568863, 14.18536639737311589, -0.6894392629677024154 ) ) ;
#6853 = CARTESIAN_POINT ( 'NONE',  ( 9.436934691713835477, 26.00000000000001776, 0.000000000000000000 ) ) ;
#6854 = AXIS2_PLACEMENT_3D ( 'NONE', #4191, #1710, #2827 ) ;
#6855 = CARTESIAN_POINT ( 'NONE',  ( -2.853340131300561744, 43.83320319281762778, 3.070044720600395127 ) ) ;
#6856 = VERTEX_POINT ( 'NONE', #2394 ) ;
#6857 = EDGE_LOOP ( 'NONE', ( #7372, #3818, #3980 ) ) ;
#6858 = DIRECTION ( 'NONE',  ( 0.000000000000000000, -1.000000000000000000, 0.000000000000000000 ) ) ;
#6859 = ORIENTED_EDGE ( 'NONE', *, *, #7310, .T. ) ;
#6860 = AXIS2_PLACEMENT_3D ( 'NONE', #4151, #6784, #3517 ) ;
#6861 = CARTESIAN_POINT ( 'NONE',  ( -0.1419597077037280664, 14.84529863192839194, -2.000005029712538018 ) ) ;
#6862 = CARTESIAN_POINT ( 'NONE',  ( -7.644632323818925101, 18.61361073351799433, 11.24089159003796645 ) ) ;
#6864 = EDGE_CURVE ( 'NONE', #7225, #3594, #2960, .T. ) ;
#6863 = DIRECTION ( 'NONE',  ( -1.000000000000000000, 0.000000000000000000, 0.000000000000000000 ) ) ;
#6865 = DIRECTION ( 'NONE',  ( 0.000000000000000000, -0.000000000000000000, -1.000000000000000000 ) ) ;
#6866 = CARTESIAN_POINT ( 'NONE',  ( -3.464101615144100865, 43.02671304668490393, 0.9999999999999993339 ) ) ;
#6867 = CIRCLE ( 'NONE', #5766, 1.000000000000000000 ) ;
#6868 = EDGE_CURVE ( 'NONE', #4880, #4417, #4047, .T. ) ;
#6869 = ORIENTED_EDGE ( 'NONE', *, *, #400, .T. ) ;
#6870 = EDGE_LOOP ( 'NONE', ( #3460, #1840, #5294, #6522, #2498 ) ) ;
#6871 = AXIS2_PLACEMENT_3D ( 'NONE', #7439, #7916, #3411 ) ;
#6872 = DIRECTION ( 'NONE',  ( 0.5000000000001549871, 0.000000000000000000, -0.8660254037843493347 ) ) ;
#6873 = FACE_OUTER_BOUND ( 'NONE', #6984, .T. ) ;
#6874 = TOROIDAL_SURFACE ( 'NONE', #1529, 2.000000000000000000, 1.000000000000000000 ) ;
#6875 = FACE_OUTER_BOUND ( 'NONE', #5284, .T. ) ;
#6876 = CARTESIAN_POINT ( 'NONE',  ( -7.033579521642514543, 18.03993935999595877, -14.18251709054270115 ) ) ;
#6877 = CARTESIAN_POINT ( 'NONE',  ( 6.682091992262098934, 40.00000000000000711, 1.000000000000000000 ) ) ;
#6878 = CARTESIAN_POINT ( 'NONE',  ( 1.710914728212911129, 42.62898021318142128, -4.963391177339008919 ) ) ;
#6879 = CARTESIAN_POINT ( 'NONE',  ( -1.732050807568900730, 14.99999999999999645, -3.000000000000007994 ) ) ;
#6880 = EDGE_CURVE ( 'NONE', #5576, #6474, #5163, .T. ) ;
#6881 = CIRCLE ( 'NONE', #3185, 2.000000000000000888 ) ;
#6882 = ORIENTED_EDGE ( 'NONE', *, *, #3602, .T. ) ;
#6883 = AXIS2_PLACEMENT_3D ( 'NONE', #1435, #2072, #6503 ) ;
#6884 = CARTESIAN_POINT ( 'NONE',  ( -1.547132307520229455, 14.99999999999999645, 2.570288237343650639 ) ) ;
#6885 = CARTESIAN_POINT ( 'NONE',  ( 2.073159601531052054, 15.13150906907601190, 1.420035849793653382 ) ) ;
#6886 = DIRECTION ( 'NONE',  ( -0.4999999999999920619, -2.265737434955392236E-13, 0.8660254037844432595 ) ) ;
#6887 = DIRECTION ( 'NONE',  ( -0.8567627457812169167, -1.857808060561280759E-16, -0.5157107691734098553 ) ) ;
#6888 = DIRECTION ( 'NONE',  ( -0.4999999999999919509, 0.000000000000000000, 0.8660254037844432595 ) ) ;
#6889 = CARTESIAN_POINT ( 'NONE',  ( -4.824153242027231947, 31.30501039359173632, 8.355678518688929302 ) ) ;
#6890 = DIRECTION ( 'NONE',  ( -0.4999999999999919509, -0.000000000000000000, 0.8660254037844434816 ) ) ;
#6891 = B_SPLINE_CURVE_WITH_KNOTS ( 'NONE', 3,
 ( #2213, #7411, #6773, #1537, #6160, #4888 ),
 .UNSPECIFIED., .F., .F.,
 ( 4, 2, 4 ),
 ( 1.226634733346699349E-18, 0.006167785449975357603, 0.01233557089995071521 ),
 .UNSPECIFIED. ) ;
#6892 = ORIENTED_EDGE ( 'NONE', *, *, #1019, .F. ) ;
#6893 = DIRECTION ( 'NONE',  ( 1.000000000000000000, -0.000000000000000000, 0.000000000000000000 ) ) ;
#6894 = DIRECTION ( 'NONE',  ( 0.000000000000000000, 1.000000000000000000, 0.000000000000000000 ) ) ;
#6895 = CARTESIAN_POINT ( 'NONE',  ( -9.436934691713835477, 26.00000000000002132, 0.000000000000000000 ) ) ;
#6896 = CARTESIAN_POINT ( 'NONE',  ( 1.112829828320968772, 45.00809433424304018, -2.916519482969331722 ) ) ;
#6897 = CARTESIAN_POINT ( 'NONE',  ( 1.108070557127117883, 13.99999999999999822, -1.667388186192635180 ) ) ;
#6898 = CARTESIAN_POINT ( 'NONE',  ( -3.341045996132444795, 40.00000000000000711, 5.786861415726089142 ) ) ;
#6899 = DIRECTION ( 'NONE',  ( 0.000000000000000000, -0.7443010259559953434, 0.6678442803235293823 ) ) ;
#6900 = DIRECTION ( 'NONE',  ( -0.4999999999999920064, 0.000000000000000000, 0.8660254037844433705 ) ) ;
#6901 = ORIENTED_EDGE ( 'NONE', *, *, #7352, .F. ) ;
#6902 = ORIENTED_EDGE ( 'NONE', *, *, #3812, .F. ) ;
#6903 = CARTESIAN_POINT ( 'NONE',  ( 7.861514259059147136, 16.80059265058806872, -15.61654212111796092 ) ) ;
#6904 = EDGE_LOOP ( 'NONE', ( #3711, #5733, #4759, #2428, #4615 ) ) ;
#6905 = CARTESIAN_POINT ( 'NONE',  ( -0.8238722364113119090, 15.07569494948029565, -2.606959240197388450 ) ) ;
#6906 = CARTESIAN_POINT ( 'NONE',  ( -5.185277347663763692, 25.39791341877129582, 6.981163817489795420 ) ) ;
#6907 = DIRECTION ( 'NONE',  ( -0.8660254037844362651, -0.000000000000000000, 0.5000000000000039968 ) ) ;
#6908 = DIRECTION ( 'NONE',  ( 0.7683571977990604207, 0.000000000000000000, 0.6400212626080290512 ) ) ;
#6909 = ORIENTED_EDGE ( 'NONE', *, *, #1819, .T. ) ;
#6910 = VERTEX_POINT ( 'NONE', #3149 ) ;
#6911 = CARTESIAN_POINT ( 'NONE',  ( 5.420205713496509148, 23.11394275702820877, -7.388071683251241417 ) ) ;
#6912 = CARTESIAN_POINT ( 'NONE',  ( -6.699540727147981656, 28.00000000000012079, 9.603944926797462145 ) ) ;
#6913 = FACE_OUTER_BOUND ( 'NONE', #1307, .T. ) ;
#6914 = CARTESIAN_POINT ( 'NONE',  ( 0.5773502691710800105, 47.89898643127088462, -0.9999999999884441326 ) ) ;
#6915 = DIRECTION ( 'NONE',  ( 0.6236953783827411391, -0.7816674964356707944, 0.000000000000000000 ) ) ;
#6916 = VERTEX_POINT ( 'NONE', #5760 ) ;
#6917 = CARTESIAN_POINT ( 'NONE',  ( 3.952612907606109616, 43.98286853134149510, 6.794894829653898225E-10 ) ) ;
#6918 = ADVANCED_FACE ( 'NONE', ( #7727 ), #6746, .T. ) ;
#6919 = CARTESIAN_POINT ( 'NONE',  ( -5.147981636582187548, 42.63562815995070565, -6.304459416157690258E-16 ) ) ;
#6920 = CARTESIAN_POINT ( 'NONE',  ( -1.929125849360264322, 35.39292810776482412, 5.341343985286544083 ) ) ;
#6921 = CARTESIAN_POINT ( 'NONE',  ( 1.547132307520277195, 13.99999999999999645, 2.570288237343621773 ) ) ;
#6922 = TOROIDAL_SURFACE ( 'NONE', #5961, 2.000000000000000000, 1.000000000000000000 ) ;
#6923 = CARTESIAN_POINT ( 'NONE',  ( -6.554828748425329366, 38.00000000000000711, 0.000000000000000000 ) ) ;
#6924 = CARTESIAN_POINT ( 'NONE',  ( -3.464101615137773926, 43.02671304667806851, -1.000000000000000000 ) ) ;
#6925 = DIRECTION ( 'NONE',  ( -0.8660254037844362651, 0.000000000000000000, 0.5000000000000039968 ) ) ;
#6926 = CARTESIAN_POINT ( 'NONE',  ( -13.55147351659533861, 18.61869244830447911, -1.000000000000000000 ) ) ;
#6927 = B_SPLINE_CURVE_WITH_KNOTS ( 'NONE', 3,
 ( #961, #7443, #5011, #1047 ),
 .UNSPECIFIED., .F., .F.,
 ( 4, 4 ),
 ( 1.518623340057912057E-15, 0.004420676951946172183 ),
 .UNSPECIFIED. ) ;
#6928 = ORIENTED_EDGE ( 'NONE', *, *, #3102, .F. ) ;
#6929 = CARTESIAN_POINT ( 'NONE',  ( 4.509888367143059185, 32.06634352388692122, -7.811355788355789365 ) ) ;
#6930 = DIRECTION ( 'NONE',  ( -0.7480095476479586836, -0.6636879663121036943, 0.000000000000000000 ) ) ;
#6931 = DIRECTION ( 'NONE',  ( 0.8660254037844363761, 0.000000000000000000, -0.5000000000000041078 ) ) ;
#6932 = AXIS2_PLACEMENT_3D ( 'NONE', #1583, #8018, #2136 ) ;
#6933 = CARTESIAN_POINT ( 'NONE',  ( -3.677311544215888350, 35.41155823880490772, 4.369290429841590218 ) ) ;
#6934 = AXIS2_PLACEMENT_3D ( 'NONE', #6330, #3577, #3074 ) ;
#6935 = CARTESIAN_POINT ( 'NONE',  ( 3.976617505167047817, 43.66794916001070703, -1.448038267051500405 ) ) ;
#6936 = CARTESIAN_POINT ( 'NONE',  ( 6.657556875775235028, 29.34631447948807192, 9.531226763131728674 ) ) ;
#6937 = SPHERICAL_SURFACE ( 'NONE', #1087, 1.000000000000000000 ) ;
#6938 = DIRECTION ( 'NONE',  ( 1.000000000000000000, 0.000000000000000000, 0.000000000000000000 ) ) ;
#6939 = EDGE_LOOP ( 'NONE', ( #8075, #8098, #7923, #8262 ) ) ;
#6940 = ORIENTED_EDGE ( 'NONE', *, *, #1768, .T. ) ;
#6941 = CARTESIAN_POINT ( 'NONE',  ( 5.622572280862986105, 35.41155823880490772, 1.000000000000000000 ) ) ;
#6942 = ORIENTED_EDGE ( 'NONE', *, *, #5854, .T. ) ;
#6943 = CARTESIAN_POINT ( 'NONE',  ( 0.5256242600726138692, 14.85996621442065013, -1.942453098118932076 ) ) ;
#6944 = CARTESIAN_POINT ( 'NONE',  ( -1.031421538346851241, 14.99999999999999467, -1.713525491562414960 ) ) ;
#6945 = DIRECTION ( 'NONE',  ( -1.000000000000000000, -8.673617379884035472E-17, 0.000000000000000000 ) ) ;
#6946 = CARTESIAN_POINT ( 'NONE',  ( -1.274600299590938235, 45.55998058460615141, -2.207672478234165681 ) ) ;
#6947 = CARTESIAN_POINT ( 'NONE',  ( -3.464101615137773926, 14.99999999999999645, -2.000000000000000000 ) ) ;
#6948 = VERTEX_POINT ( 'NONE', #1901 ) ;
#6949 = ORIENTED_EDGE ( 'NONE', *, *, #5619, .F. ) ;
#6950 = CARTESIAN_POINT ( 'NONE',  ( 6.487315897665973274, 22.23807052449850374, -9.236360739512381457 ) ) ;
#6951 = CARTESIAN_POINT ( 'NONE',  ( -8.427935170293679334, 15.99999999999999645, 14.59761191784562939 ) ) ;
#6952 = CARTESIAN_POINT ( 'NONE',  ( 0.8660254037854031584, 43.02671304669477337, -3.499999999999217959 ) ) ;
#6953 = DIRECTION ( 'NONE',  ( 0.000000000000000000, -1.000000000000000000, -0.000000000000000000 ) ) ;
#6954 = B_SPLINE_CURVE_WITH_KNOTS ( 'NONE', 3,
 ( #5609, #325, #3578, #6204 ),
 .UNSPECIFIED., .F., .F.,
 ( 4, 4 ),
 ( 6.157651764306150940E-15, 0.004426925196729705400 ),
 .UNSPECIFIED. ) ;
#6955 = ORIENTED_EDGE ( 'NONE', *, *, #3536, .T. ) ;
#6956 = AXIS2_PLACEMENT_3D ( 'NONE', #2568, #4331, #2517 ) ;
#6957 = CARTESIAN_POINT ( 'NONE',  ( 3.464101615137773926, 14.99999999999999645, 2.000000000000000000 ) ) ;
#6958 = CARTESIAN_POINT ( 'NONE',  ( 7.561909766509312902, 15.99999999999988631, -15.09761191784575018 ) ) ;
#6959 = CARTESIAN_POINT ( 'NONE',  ( -2.474899594992117535, 43.73666108140534448, 2.220117017461649134 ) ) ;
#6960 = CARTESIAN_POINT ( 'NONE',  ( 0.8660254037844155039, 15.99999999999999645, -3.500000000000024425 ) ) ;
#6961 = CARTESIAN_POINT ( 'NONE',  ( -3.341045996126569495, 40.00000000000000711, 5.786861415715913282 ) ) ;
#6962 = DIRECTION ( 'NONE',  ( -0.4002963252940430761, 0.5992089850997913691, 0.6933335734924163107 ) ) ;
#6963 = EDGE_CURVE ( 'NONE', #1339, #1643, #6246, .T. ) ;
#6964 = CARTESIAN_POINT ( 'NONE',  ( -3.660700618882069879, 35.39490556812429389, 4.340519463202682005 ) ) ;
#6965 = CARTESIAN_POINT ( 'NONE',  ( 2.374317601030463187, 15.12248766560538193, -0.9359089128510218458 ) ) ;
#6966 = EDGE_CURVE ( 'NONE', #1798, #1752, #224, .T. ) ;
#6967 = EDGE_CURVE ( 'NONE', #7265, #7965, #2104, .T. ) ;
#6968 = EDGE_LOOP ( 'NONE', ( #7000, #1827, #3707, #261 ) ) ;
#6969 = DIRECTION ( 'NONE',  ( -0.5000000000000041078, 0.000000000000000000, -0.8660254037844362651 ) ) ;
#6970 = SPHERICAL_SURFACE ( 'NONE', #2722, 1.000000000000000000 ) ;
#6971 = CIRCLE ( 'NONE', #6836, 1.000000000000000222 ) ;
#6972 = CARTESIAN_POINT ( 'NONE',  ( -3.277414374212688220, 38.00000000000001421, -5.676648213592872416 ) ) ;
#6973 = CARTESIAN_POINT ( 'NONE',  ( -3.658031764715069745, 32.03055223285063136, 8.335896872187186446 ) ) ;
#6974 = CIRCLE ( 'NONE', #6841, 3.000000000000000000 ) ;
#6975 = CARTESIAN_POINT ( 'NONE',  ( 3.241614480392554398, 43.66794916001070703, -3.466511094168454044 ) ) ;
#6976 = CARTESIAN_POINT ( 'NONE',  ( -0.5773502691966269085, 47.89898643124379873, -0.9999999999903571579 ) ) ;
#6977 = FACE_OUTER_BOUND ( 'NONE', #3368, .T. ) ;
#6978 = TOROIDAL_SURFACE ( 'NONE', #4371, 2.000000000000000000, 1.000000000000000000 ) ;
#6979 = FILL_AREA_STYLE ('',( #7531 ) ) ;
#6980 = EDGE_LOOP ( 'NONE', ( #2682, #4642, #5340, #787 ) ) ;
#6981 = ORIENTED_EDGE ( 'NONE', *, *, #2426, .F. ) ;
#6982 = CARTESIAN_POINT ( 'NONE',  ( 0.000000000000000000, 5.000000000000000000, 0.000000000000000000 ) ) ;
#6983 = CIRCLE ( 'NONE', #3290, 2.000000000000000000 ) ;
#6984 = EDGE_LOOP ( 'NONE', ( #4743, #2233, #4279, #4438, #3935, #1450, #6737, #7491, #5495, #5909, #933 ) ) ;
#6985 = CARTESIAN_POINT ( 'NONE',  ( -0.2813325432948438620, 44.63081625977616795, 3.038563550447177519 ) ) ;
#6986 = CARTESIAN_POINT ( 'NONE',  ( -4.937260092627923314, 23.75882442911142789, 8.551585330616404690 ) ) ;
#6987 = TOROIDAL_SURFACE ( 'NONE', #3293, 3.000000000000000000, 1.000000000000000000 ) ;
#6988 = DIRECTION ( 'NONE',  ( 8.673617379884035472E-17, -1.000000000000000000, -0.000000000000000000 ) ) ;
#6989 = CARTESIAN_POINT ( 'NONE',  ( -0.5689784377825857220, 47.92703760323924200, -0.9854995626543683329 ) ) ;
#6990 = CARTESIAN_POINT ( 'NONE',  ( 0.000000000000000000, 40.00000000000000711, 0.000000000000000000 ) ) ;
#6991 = EDGE_LOOP ( 'NONE', ( #4188, #5052, #5037, #2465 ) ) ;
#6992 = ORIENTED_EDGE ( 'NONE', *, *, #3163, .T. ) ;
#6993 = CARTESIAN_POINT ( 'NONE',  ( 5.185277347663765468, 25.39791341877129227, -6.981163817489793644 ) ) ;
#6994 = DIRECTION ( 'NONE',  ( 0.000000000000000000, 0.000000000000000000, -1.000000000000000000 ) ) ;
#6995 = AXIS2_PLACEMENT_3D ( 'NONE', #4012, #4714, #5449 ) ;
#6996 = CARTESIAN_POINT ( 'NONE',  ( 2.411388970428168577, 38.00000000000002132, -6.176648213592914161 ) ) ;
#6997 = EDGE_CURVE ( 'NONE', #3398, #5025, #3164, .T. ) ;
#6998 = DIRECTION ( 'NONE',  ( -0.6135897597490633792, -0.7896249785379683139, 0.000000000000000000 ) ) ;
#6999 =( BOUNDED_SURFACE ( )  B_SPLINE_SURFACE ( 3, 2, ( 
 ( #5960, #8020, #7982 ),
 ( #97, #5498, #4725 ),
 ( #813, #3434, #1546 ),
 ( #2139, #6781, #4105 ),
 ( #6739, #6943, #335 ),
 ( #5029, #5066, #1020 ),
 ( #6298, #2412, #1104 ),
 ( #3625, #4943, #8225 ),
 ( #4410, #7665, #4362 ),
 ( #2335, #6861, #420 ),
 ( #3588, #4986, #1064 ),
 ( #2300, #4275, #1706 ),
 ( #6905, #7537, #3713 ),
 ( #6257, #297, #1744 ),
 ( #4316, #3045, #2370 ),
 ( #5623, #2912, #1668 ) ),
 .UNSPECIFIED., .F., .F., .T. ) 
 B_SPLINE_SURFACE_WITH_KNOTS ( ( 4, 2, 2, 2, 2, 2, 2, 4 ),
 ( 3, 3 ),
 ( 0.000000000000000000, 0.0007675504642996879793, 0.001151325696449532077, 0.001343213312524454018, 0.001535100928599375959, 0.001918876160749220057, 0.002302651392899064155, 0.003070201857198751917 ),
 ( 0.000000000000000000, 1.000000000000000000 ),
 .UNSPECIFIED. ) 
 GEOMETRIC_REPRESENTATION_ITEM ( )  RATIONAL_B_SPLINE_SURFACE ( (
 ( 1.000000000000000000, 0.7071067811865474617, 1.000000000000000000),
 ( 1.000000000000000000, 0.7173360178718286573, 1.000000000000000000),
 ( 1.000000000000000000, 0.7452096672412177325, 1.000000000000000000),
 ( 1.000000000000000000, 0.7999646156165016730, 1.000000000000000000),
 ( 1.000000000000000000, 0.8202557753888236602, 1.000000000000000000),
 ( 1.000000000000000000, 0.8453484808097124770, 1.000000000000000000),
 ( 1.000000000000000000, 0.8527166563812321742, 1.000000000000000000),
 ( 1.000000000000000000, 0.8631375187652451375, 1.000000000000000000),
 ( 1.000000000000000000, 0.8660232239077970684, 1.000000000000000000),
 ( 1.000000000000000000, 0.8660297596612968052, 1.000000000000000000),
 ( 1.000000000000000000, 0.8542089608284797464, 1.000000000000000000),
 ( 1.000000000000000000, 0.8207685513182618742, 1.000000000000000000),
 ( 1.000000000000000000, 0.8003984184072240327, 1.000000000000000000),
 ( 1.000000000000000000, 0.7458108782817975957, 1.000000000000000000),
 ( 1.000000000000000000, 0.7175487335154339119, 1.000000000000000000),
 ( 1.000000000000000000, 0.7071067811865475727, 1.000000000000000000) ) ) 
 REPRESENTATION_ITEM ( '' )  SURFACE ( )  );
#7000 = ORIENTED_EDGE ( 'NONE', *, *, #434, .T. ) ;
#7001 = CIRCLE ( 'NONE', #3312, 1.000000000000000000 ) ;
#7002 = ADVANCED_FACE ( 'NONE', ( #188 ), #7658, .T. ) ;
#7003 = TOROIDAL_SURFACE ( 'NONE', #6182, 3.000000000000000000, 1.000000000000000000 ) ;
#7004 = DIRECTION ( 'NONE',  ( 0.000000000000000000, 0.000000000000000000, -1.000000000000000000 ) ) ;
#7005 = DIRECTION ( 'NONE',  ( 0.000000000000000000, -0.7443010259538119788, 0.6678442803259625471 ) ) ;
#7006 = CARTESIAN_POINT ( 'NONE',  ( -4.967489919579094249, 28.00000000000012079, 10.60394492679744438 ) ) ;
#7007 = CARTESIAN_POINT ( 'NONE',  ( 4.391072981626262361, 21.55129679679949462, 9.605561503919549438 ) ) ;
#7008 = DIRECTION ( 'NONE',  ( 1.000000000000000000, 8.673617379884035472E-17, 0.000000000000000000 ) ) ;
#7009 = CARTESIAN_POINT ( 'NONE',  ( -4.212111162788634289, 43.69040101300103629, -7.326752798132947355E-16 ) ) ;
#7010 = CARTESIAN_POINT ( 'NONE',  ( 3.277414374212611392, 38.00000000000002132, -5.676648213592922154 ) ) ;
#7011 = EDGE_CURVE ( 'NONE', #6562, #7544, #8363, .T. ) ;
#7012 = ORIENTED_EDGE ( 'NONE', *, *, #7232, .F. ) ;
#7013 = EDGE_CURVE ( 'NONE', #1297, #4347, #3307, .T. ) ;
#7014 =( BOUNDED_SURFACE ( )  B_SPLINE_SURFACE ( 3, 2, ( 
 ( #6192, #273, #4870 ),
 ( #6757, #2888, #2841 ),
 ( #5518, #4832, #5595 ),
 ( #830, #999, #3603 ),
 ( #2278, #3451, #6059 ),
 ( #192, #1521, #7473 ),
 ( #6233, #2795, #1602 ),
 ( #6885, #867, #7354 ),
 ( #7438, #955, #2976 ),
 ( #5437, #2155, #1564 ),
 ( #8037, #909, #6834 ),
 ( #4163, #1645, #6798 ),
 ( #4204, #3527, #4789 ),
 ( #3566, #353, #317 ),
 ( #2932, #7398, #5473 ),
 ( #5554, #8120, #2234 ) ),
 .UNSPECIFIED., .F., .F., .F. ) 
 B_SPLINE_SURFACE_WITH_KNOTS ( ( 4, 2, 2, 2, 2, 2, 2, 4 ),
 ( 3, 3 ),
 ( 0.000000000000000000, 0.0007675504642996884130, 0.001151325696449532511, 0.001343213312524454668, 0.001535100928599376826, 0.001918876160749220924, 0.002302651392899065022, 0.003070201857198753652 ),
 ( 0.000000000000000000, 1.000000000000000000 ),
 .UNSPECIFIED. ) 
 GEOMETRIC_REPRESENTATION_ITEM ( )  RATIONAL_B_SPLINE_SURFACE ( (
 ( 1.000000000000000000, 0.7071067811865474617, 1.000000000000000000),
 ( 1.000000000000000000, 0.7173360178718501956, 1.000000000000000000),
 ( 1.000000000000000000, 0.7452096672411891998, 1.000000000000000000),
 ( 1.000000000000000000, 0.7999646156165159949, 1.000000000000000000),
 ( 1.000000000000000000, 0.8202557753888164438, 1.000000000000000000),
 ( 1.000000000000000000, 0.8453484808097159187, 1.000000000000000000),
 ( 1.000000000000000000, 0.8527166563812392797, 1.000000000000000000),
 ( 1.000000000000000000, 0.8631375187652378100, 1.000000000000000000),
 ( 1.000000000000000000, 0.8660232239077970684, 1.000000000000000000),
 ( 1.000000000000000000, 0.8660297596612968052, 1.000000000000000000),
 ( 1.000000000000000000, 0.8542089608285086122, 1.000000000000000000),
 ( 1.000000000000000000, 0.8207685513182334525, 1.000000000000000000),
 ( 1.000000000000000000, 0.8003984184072384656, 1.000000000000000000),
 ( 1.000000000000000000, 0.7458108782817692850, 1.000000000000000000),
 ( 1.000000000000000000, 0.7175487335154550061, 1.000000000000000000),
 ( 1.000000000000000000, 0.7071067811865475727, 1.000000000000000000) ) ) 
 REPRESENTATION_ITEM ( '' )  SURFACE ( )  );
#7015 = DIRECTION ( 'NONE',  ( -1.000000000000000000, -8.673617379884035472E-17, 0.000000000000000000 ) ) ;
#7016 = CIRCLE ( 'NONE', #6747, 1.000000000000000000 ) ;
#7017 = FACE_OUTER_BOUND ( 'NONE', #7055, .T. ) ;
#7018 = CARTESIAN_POINT ( 'NONE',  ( -0.08116359841159165311, 45.15923110077790170, -3.001088211191949018 ) ) ;
#7019 = AXIS2_PLACEMENT_3D ( 'NONE', #6546, #654, #2623 ) ;
#7020 = DIRECTION ( 'NONE',  ( 1.000000000000000000, 0.000000000000000000, 0.000000000000000000 ) ) ;
#7021 = CARTESIAN_POINT ( 'NONE',  ( 17.45507932568745346, 16.80059265058807583, 0.000000000000000000 ) ) ;
#7022 = ORIENTED_EDGE ( 'NONE', *, *, #6643, .F. ) ;
#7023 = VERTEX_POINT ( 'NONE', #4607 ) ;
#7024 = EDGE_LOOP ( 'NONE', ( #4891, #6625, #4830, #5658 ) ) ;
#7025 = EDGE_CURVE ( 'NONE', #8306, #6533, #1103, .T. ) ;
#7026 = CARTESIAN_POINT ( 'NONE',  ( 2.106055581393090570, 43.69040101299859202, 3.647795270539405443 ) ) ;
#7027 = ORIENTED_EDGE ( 'NONE', *, *, #2154, .F. ) ;
#7028 = CARTESIAN_POINT ( 'NONE',  ( 16.85587034058767841, 15.99999999999996625, -1.000000000000000000 ) ) ;
#7029 = EDGE_CURVE ( 'NONE', #5617, #7375, #974, .T. ) ;
#7030 = CARTESIAN_POINT ( 'NONE',  ( 3.272943020771391875, 44.79313117427251711, -0.3222790355669963303 ) ) ;
#7031 = CARTESIAN_POINT ( 'NONE',  ( -7.974992596205203732, 19.36570602568680854, 11.81309236661480888 ) ) ;
#7032 = DIRECTION ( 'NONE',  ( 8.673617379884035472E-17, -1.000000000000000000, -0.000000000000000000 ) ) ;
#7033 = CARTESIAN_POINT ( 'NONE',  ( -0.4901269965166730191, 48.19448705228523977, -0.8489248600823459112 ) ) ;
#7034 = CARTESIAN_POINT ( 'NONE',  ( -3.970591140323826984, 43.66794915999034998, -1.464482024980999997 ) ) ;
#7035 = DIRECTION ( 'NONE',  ( 0.2169012146502658500, -0.9010080201268695355, -0.3756839239976845213 ) ) ;
#7036 = ADVANCED_FACE ( 'NONE', ( #6628 ), #5634, .T. ) ;
#7037 = CIRCLE ( 'NONE', #1971, 0.9999999999999998890 ) ;
#7038 = EDGE_LOOP ( 'NONE', ( #250, #1896, #7113, #6819 ) ) ;
#7039 = ORIENTED_EDGE ( 'NONE', *, *, #7470, .T. ) ;
#7040 = VERTEX_POINT ( 'NONE', #7711 ) ;
#7041 = DIRECTION ( 'NONE',  ( -0.4999999999999919509, 0.000000000000000000, 0.8660254037844432595 ) ) ;
#7042 = CARTESIAN_POINT ( 'NONE',  ( 4.718467345856844020, 26.00000000000001066, -8.172625176878897335 ) ) ;
#7043 = FACE_OUTER_BOUND ( 'NONE', #4866, .T. ) ;
#7044 = DIRECTION ( 'NONE',  ( 0.000000000000000000, 1.000000000000000000, 0.000000000000000000 ) ) ;
#7045 = ORIENTED_EDGE ( 'NONE', *, *, #5217, .F. ) ;
#7046 = CARTESIAN_POINT ( 'NONE',  ( 2.449293598294706414E-16, 6.000000000000000000, 2.000000000000000000 ) ) ;
#7047 = CARTESIAN_POINT ( 'NONE',  ( 3.852441942072521552, 26.00000000000001066, 8.672625176878836939 ) ) ;
#7048 = DIRECTION ( 'NONE',  ( 1.000000000000000000, 0.000000000000000000, 0.000000000000000000 ) ) ;
#7049 = DIRECTION ( 'NONE',  ( 0.000000000000000000, 0.000000000000000000, 1.000000000000000000 ) ) ;
#7050 = CARTESIAN_POINT ( 'NONE',  ( 8.427935170293883615, 16.00000000000000000, 14.59761191784550860 ) ) ;
#7051 = DIRECTION ( 'NONE',  ( 0.8660254037844432595, 0.000000000000000000, 0.4999999999999920064 ) ) ;
#7052 = CARTESIAN_POINT ( 'NONE',  ( 2.266366920971420562, 15.13150906907601900, -1.085390956128675199 ) ) ;
#7053 = CARTESIAN_POINT ( 'NONE',  ( 0.8682370478494748633, 45.18311161993405278, 2.859806652726025966 ) ) ;
#7054 = CARTESIAN_POINT ( 'NONE',  ( 1.510380950301374980, 37.13239514139890929, 4.616056544706102827 ) ) ;
#7055 = EDGE_LOOP ( 'NONE', ( #2694, #3865, #4237, #3223 ) ) ;
#7056 = CYLINDRICAL_SURFACE ( 'NONE', #1380, 2.000000000000000000 ) ;
#7057 = ADVANCED_FACE ( 'NONE', ( #345 ), #8352, .T. ) ;
#7058 = CARTESIAN_POINT ( 'NONE',  ( 11.28113216868559476, 20.81037493106734715, 1.000000000000000222 ) ) ;
#7059 = CARTESIAN_POINT ( 'NONE',  ( 1.578591016268344083, 14.84712186364454922, -1.238390555145372662 ) ) ;
#7060 = CARTESIAN_POINT ( 'NONE',  ( -1.896656759567530104, 44.64453427230316152, -2.832272945946488818 ) ) ;
#7061 = CARTESIAN_POINT ( 'NONE',  ( 2.972080985180202362, 43.69040101300261369, 3.147795270535674206 ) ) ;
#7062 = CARTESIAN_POINT ( 'NONE',  ( 6.699540727148188601, 28.00000000000001066, 9.603944926797494119 ) ) ;
#7063 = CARTESIAN_POINT ( 'NONE',  ( 1.779988584264237339, 15.04575195916576646, -2.203958508620266876 ) ) ;
#7064 = B_SPLINE_CURVE_WITH_KNOTS ( 'NONE', 3,
 ( #7441, #2041, #4085, #2084, #4752, #2716 ),
 .UNSPECIFIED., .F., .F.,
 ( 4, 2, 4 ),
 ( 0.000000000000000000, 0.006308726245804660224, 0.01261745249160932045 ),
 .UNSPECIFIED. ) ;
#7065 =( NAMED_UNIT ( * ) PLANE_ANGLE_UNIT ( ) SI_UNIT ( $, .RADIAN. ) );
#7066 = AXIS2_PLACEMENT_3D ( 'NONE', #5033, #6385, #8228 ) ;
#7067 =( BOUNDED_SURFACE ( )  B_SPLINE_SURFACE ( 3, 2, ( 
 ( #2990, #2403, #5057 ),
 ( #3919, #3960, #7196 ),
 ( #5906, #626, #3251 ),
 ( #4620, #8429, #584 ),
 ( #5184, #6599, #7270 ),
 ( #2541, #5943, #2676 ),
 ( #7785, #1410, #5232 ),
 ( #5280, #4533, #2588 ),
 ( #5860, #7230, #7156 ),
 ( #2042, #3208, #1280 ),
 ( #7836, #751, #5815 ),
 ( #5367, #76, #1914 ),
 ( #3878, #6517, #8471 ),
 ( #7962, #1965, #4578 ),
 ( #6638, #4661, #1323 ),
 ( #6558, #2085, #667 ) ),
 .UNSPECIFIED., .F., .F., .T. ) 
 B_SPLINE_SURFACE_WITH_KNOTS ( ( 4, 2, 2, 2, 2, 2, 2, 4 ),
 ( 3, 3 ),
 ( 0.008364777861736885298, 0.009154153236876908656, 0.009943528612016933749, 0.01033821629958694630, 0.01073290398715695884, 0.01112759167472697139, 0.01132493551851197766, 0.01152227936229698393 ),
 ( 0.000000000000000000, 1.000000000000000000 ),
 .UNSPECIFIED. ) 
 GEOMETRIC_REPRESENTATION_ITEM ( )  RATIONAL_B_SPLINE_SURFACE ( (
 ( 1.000000000000000000, 0.7071067811868080311, 1.000000000000000000),
 ( 1.000000000000000000, 0.7304586987641846774, 1.000000000000000000),
 ( 1.000000000000000000, 0.7543375007472373772, 1.000000000000000000),
 ( 1.000000000000000000, 0.8038475408595053828, 1.000000000000000000),
 ( 1.000000000000000000, 0.8296190825143542336, 1.000000000000000000),
 ( 1.000000000000000000, 0.8692240994186829495, 1.000000000000000000),
 ( 1.000000000000000000, 0.8823715918109191758, 1.000000000000000000),
 ( 1.000000000000000000, 0.9076440222474220221, 1.000000000000000000),
 ( 1.000000000000000000, 0.9200042096193775665, 1.000000000000000000),
 ( 1.000000000000000000, 0.9401107111306493680, 1.000000000000000000),
 ( 1.000000000000000000, 0.9476046346259854314, 1.000000000000000000),
 ( 1.000000000000000000, 0.9497460670755405454, 1.000000000000000000),
 ( 1.000000000000000000, 0.9489470826929464753, 1.000000000000000000),
 ( 1.000000000000000000, 0.9446486574714676454, 1.000000000000000000),
 ( 1.000000000000000000, 0.9411717756151082304, 1.000000000000000000),
 ( 1.000000000000000000, 0.9368214105105413525, 1.000000000000000000) ) ) 
 REPRESENTATION_ITEM ( '' )  SURFACE ( )  );
#7068 = VERTEX_POINT ( 'NONE', #6789 ) ;
#7069 = EDGE_LOOP ( 'NONE', ( #402, #7212, #3013, #4666, #5778 ) ) ;
#7070 = AXIS2_PLACEMENT_3D ( 'NONE', #7098, #2628, #1271 ) ;
#7071 = ORIENTED_EDGE ( 'NONE', *, *, #8357, .F. ) ;
#7072 = DIRECTION ( 'NONE',  ( -0.8660254037844363761, 0.000000000000000000, 0.5000000000000038858 ) ) ;
#7073 = AXIS2_PLACEMENT_3D ( 'NONE', #3605, #4872, #1084 ) ;
#7074 = CARTESIAN_POINT ( 'NONE',  ( 3.341045996127044670, 40.00000000000000711, -5.786861415716734847 ) ) ;
#7075 = CARTESIAN_POINT ( 'NONE',  ( 2.735494424528133184, 44.69810476156322920, 1.312258128841646165 ) ) ;
#7076 = CARTESIAN_POINT ( 'NONE',  ( 8.710763923973962197E-15, 14.26794919243110904, -2.000000000000000000 ) ) ;
#7077 = CARTESIAN_POINT ( 'NONE',  ( 3.151079254315640288, 44.93541591461708151, 0.4241708126474126872 ) ) ;
#7078 = DIRECTION ( 'NONE',  ( -0.4999999999999919509, 0.000000000000000000, 0.8660254037844432595 ) ) ;
#7079 = CARTESIAN_POINT ( 'NONE',  ( -3.277414374212610948, 40.00000000000000711, 5.676648213592921266 ) ) ;
#7080 = DIRECTION ( 'NONE',  ( -1.000000000000000000, -8.673617379884035472E-17, 0.000000000000000000 ) ) ;
#7081 = CIRCLE ( 'NONE', #6675, 0.9999999999999998890 ) ;
#7082 = ORIENTED_EDGE ( 'NONE', *, *, #836, .F. ) ;
#7083 = EDGE_CURVE ( 'NONE', #7493, #6948, #1250, .T. ) ;
#7084 = ORIENTED_EDGE ( 'NONE', *, *, #2142, .T. ) ;
#7085 = ORIENTED_EDGE ( 'NONE', *, *, #2174, .T. ) ;
#7086 = FACE_OUTER_BOUND ( 'NONE', #2115, .T. ) ;
#7087 = CARTESIAN_POINT ( 'NONE',  ( 4.234461660635494340, 43.66524535966603082, -8.468923321270986904 ) ) ;
#7088 = CARTESIAN_POINT ( 'NONE',  ( 3.624177259978379251, 40.90589299911815857, -4.277259149918862136 ) ) ;
#7089 = DIRECTION ( 'NONE',  ( 0.8660254037844362651, 0.000000000000000000, -0.5000000000000039968 ) ) ;
#7090 = ORIENTED_EDGE ( 'NONE', *, *, #6494, .F. ) ;
#7091 = DIRECTION ( 'NONE',  ( -0.4999999999999919509, 0.000000000000000000, 0.8660254037844432595 ) ) ;
#7092 = CARTESIAN_POINT ( 'NONE',  ( -2.376406354085750738, 37.13239514139891639, 4.116056544706125919 ) ) ;
#7093 = EDGE_CURVE ( 'NONE', #4981, #8450, #5376, .T. ) ;
#7094 = CARTESIAN_POINT ( 'NONE',  ( 3.054011138117459723, 24.79582683754257388, 7.289702458100622451 ) ) ;
#7095 = CARTESIAN_POINT ( 'NONE',  ( -2.475020592337956238, 40.00000000000000711, -6.286861415708496104 ) ) ;
#7096 = DIRECTION ( 'NONE',  ( 1.000000000000000000, 0.000000000000000000, 0.000000000000000000 ) ) ;
#7097 = SPHERICAL_SURFACE ( 'NONE', #6180, 1.000000000000000000 ) ;
#7098 = CARTESIAN_POINT ( 'NONE',  ( -3.341045996117518513, 40.00000000000669331, -5.786861415700357725 ) ) ;
#7099 = EDGE_LOOP ( 'NONE', ( #1486, #3297, #5471, #4049 ) ) ;
#7100 = VECTOR ( 'NONE', #145, 1000.000000000000114 ) ;
#7101 = PLANE ( 'NONE',  #4513 ) ;
#7102 = DIRECTION ( 'NONE',  ( -0.8750000000000054401, 2.099548478979086435E-16, -0.4841229182759174687 ) ) ;
#7103 = CARTESIAN_POINT ( 'NONE',  ( -14.21793438501003592, 19.36570602585731393, 0.000000000000000000 ) ) ;
#7104 = TOROIDAL_SURFACE ( 'NONE', #6701, 2.000000000000000000, 1.000000000000000000 ) ;
#7105 = DIRECTION ( 'NONE',  ( -0.8750000000000054401, 0.000000000000000000, -0.4841229182759176908 ) ) ;
#7106 = FACE_OUTER_BOUND ( 'NONE', #1099, .T. ) ;
#7107 = DIRECTION ( 'NONE',  ( -0.4999999999999919509, 0.000000000000000000, 0.8660254037844432595 ) ) ;
#7108 = EDGE_CURVE ( 'NONE', #7375, #4212, #6867, .T. ) ;
#7109 = ORIENTED_EDGE ( 'NONE', *, *, #1946, .T. ) ;
#7110 = ORIENTED_EDGE ( 'NONE', *, *, #6379, .T. ) ;
#7111 = EDGE_CURVE ( 'NONE', #4448, #7382, #2748, .T. ) ;
#7112 = DIRECTION ( 'NONE',  ( 0.4999999999999919509, 4.336808689941948094E-17, -0.8660254037844432595 ) ) ;
#7113 = ORIENTED_EDGE ( 'NONE', *, *, #3408, .F. ) ;
#7114 = CARTESIAN_POINT ( 'NONE',  ( 6.554828748425329366, 38.00000000000000711, 0.000000000000000000 ) ) ;
#7115 = CARTESIAN_POINT ( 'NONE',  ( 2.677084810012756222, 45.35253749467016604, -0.9999999999931181716 ) ) ;
#7116 = CIRCLE ( 'NONE', #5212, 1.000000000000000222 ) ;
#7117 = CARTESIAN_POINT ( 'NONE',  ( 0.6539129810223289763, 14.05218031683100044, -1.897050946923066084 ) ) ;
#7118 = CARTESIAN_POINT ( 'NONE',  ( -2.950985083453812052, 45.14529430052213144, -0.6295860582250633053 ) ) ;
#7119 = CARTESIAN_POINT ( 'NONE',  ( 4.143439777997127926, 38.00000000000000711, 5.176648213592874193 ) ) ;
#7120 = CIRCLE ( 'NONE', #3005, 1.000000000000000000 ) ;
#7121 = DIRECTION ( 'NONE',  ( 0.6236953783827411391, 0.7816674964356707944, 0.000000000000000000 ) ) ;
#7122 = CARTESIAN_POINT ( 'NONE',  ( -4.528250983500327287, 32.02000061743535042, -7.843160772845017448 ) ) ;
#7123 = CIRCLE ( 'NONE', #2184, 0.9999999999999998890 ) ;
#7124 = ORIENTED_EDGE ( 'NONE', *, *, #7762, .F. ) ;
#7125 = VECTOR ( 'NONE', #7989, 1000.000000000000000 ) ;
#7126 = ORIENTED_EDGE ( 'NONE', *, *, #7403, .F. ) ;
#7127 = B_SPLINE_CURVE_WITH_KNOTS ( 'NONE', 3,
 ( #1765, #6920, #1604, #6359, #3567, #2889, #2933, #7006 ),
 .UNSPECIFIED., .F., .F.,
 ( 4, 2, 2, 4 ),
 ( 0.000000000000000000, 0.005754364769884461397, 0.008631547154826699902, 0.01150872953976893841 ),
 .UNSPECIFIED. ) ;
#7128 = ORIENTED_EDGE ( 'NONE', *, *, #2145, .F. ) ;
#7129 = CIRCLE ( 'NONE', #4378, 1.000000000000000888 ) ;
#7130 = EDGE_CURVE ( 'NONE', #6065, #6390, #7409, .T. ) ;
#7131 = DIRECTION ( 'NONE',  ( -0.4999999999999919509, 0.000000000000000000, 0.8660254037844432595 ) ) ;
#7132 = CARTESIAN_POINT ( 'NONE',  ( 3.107748794666615133, 39.03696838696010474, 5.921555617805964289 ) ) ;
#7133 = ADVANCED_FACE ( 'NONE', ( #3484 ), #7605, .T. ) ;
#7134 = CARTESIAN_POINT ( 'NONE',  ( -2.826910364149179067, 37.56619757069947241, 4.896352379149519152 ) ) ;
#7135 = CARTESIAN_POINT ( 'NONE',  ( -2.183408629458057693, 40.45320277122886665, 5.781774679905796077 ) ) ;
#7136 = DIRECTION ( 'NONE',  ( 0.000000000000000000, 0.000000000000000000, -1.000000000000000000 ) ) ;
#7137 = ORIENTED_EDGE ( 'NONE', *, *, #7365, .F. ) ;
#7138 = EDGE_CURVE ( 'NONE', #2196, #5865, #2071, .T. ) ;
#7139 = DIRECTION ( 'NONE',  ( -4.610702043189764702E-17, 5.933484782071205145E-17, 1.000000000000000000 ) ) ;
#7140 = CARTESIAN_POINT ( 'NONE',  ( 2.999501062348042257, 14.99999999999999645, -0.05471176265635932512 ) ) ;
#7141 = VECTOR ( 'NONE', #2129, 1000.000000000000000 ) ;
#7142 = CARTESIAN_POINT ( 'NONE',  ( -1.491456932834636540, 46.87337770777079982, -0.9999999999995559108 ) ) ;
#7143 = ADVANCED_FACE ( 'NONE', ( #2269 ), #8113, .T. ) ;
#7144 = FACE_OUTER_BOUND ( 'NONE', #4551, .T. ) ;
#7145 = FACE_OUTER_BOUND ( 'NONE', #1978, .T. ) ;
#7146 = CARTESIAN_POINT ( 'NONE',  ( 2.476229537772844935, 44.51771543002496401, -1.835214389898927712 ) ) ;
#7147 = FACE_OUTER_BOUND ( 'NONE', #530, .T. ) ;
#7148 = CARTESIAN_POINT ( 'NONE',  ( 0.000000000000000000, 1.000000000000000000, 0.000000000000000000 ) ) ;
#7149 = ORIENTED_EDGE ( 'NONE', *, *, #1603, .F. ) ;
#7150 = CARTESIAN_POINT ( 'NONE',  ( -8.927935170293672229, 15.99999999999999645, 15.46363732163007221 ) ) ;
#7151 = FACE_OUTER_BOUND ( 'NONE', #6108, .T. ) ;
#7152 = CARTESIAN_POINT ( 'NONE',  ( 13.55751883972457605, 18.61335502258508257, 0.9999999999999995559 ) ) ;
#7153 = CARTESIAN_POINT ( 'NONE',  ( -6.633974596215626462, 28.00000000000001066, -13.49038105676655164 ) ) ;
#7154 = CARTESIAN_POINT ( 'NONE',  ( -2.605018882940972613, 45.16345078807535884, -1.485136314504467370 ) ) ;
#7155 = CARTESIAN_POINT ( 'NONE',  ( -0.3186733795242256972, 45.09453418790428003, -3.040218661465596384 ) ) ;
#7156 = CARTESIAN_POINT ( 'NONE',  ( 2.493682538310874719, 44.64676429451480999, -1.751512484525470148 ) ) ;
#7157 = FACE_OUTER_BOUND ( 'NONE', #1818, .T. ) ;
#7158 = EDGE_CURVE ( 'NONE', #6793, #5984, #512, .T. ) ;
#7159 = AXIS2_PLACEMENT_3D ( 'NONE', #8139, #2953, #5577 ) ;
#7160 = ORIENTED_EDGE ( 'NONE', *, *, #2558, .F. ) ;
#7161 = ORIENTED_EDGE ( 'NONE', *, *, #2492, .F. ) ;
#7162 = AXIS2_PLACEMENT_3D ( 'NONE', #5535, #4308, #6291 ) ;
#7163 = DIRECTION ( 'NONE',  ( 0.5000000000000039968, 4.336808689942052249E-17, 0.8660254037844363761 ) ) ;
#7164 = ORIENTED_EDGE ( 'NONE', *, *, #5560, .T. ) ;
#7165 = CARTESIAN_POINT ( 'NONE',  ( 11.24258098776876835, 22.23807052450580812, -1.000000000000000000 ) ) ;
#7166 = AXIS2_PLACEMENT_3D ( 'NONE', #4781, #187, #4073 ) ;
#7167 = CARTESIAN_POINT ( 'NONE',  ( 16.85587034058770328, 15.99999999999994493, 1.000000000000000000 ) ) ;
#7168 = DIRECTION ( 'NONE',  ( 0.5992089850997902589, 0.8005926505880998079, -4.440892098500626162E-15 ) ) ;
#7169 = CARTESIAN_POINT ( 'NONE',  ( 1.510380950301307257, 37.13239514139892350, -4.616056544706115261 ) ) ;
#7170 = CARTESIAN_POINT ( 'NONE',  ( -2.598076211363979482, 43.02671304668372443, -2.500000000000163425 ) ) ;
#7171 = CARTESIAN_POINT ( 'NONE',  ( 1.484490213357229749, 14.14960498177568127, 1.342694391934095455 ) ) ;
#7172 = DIRECTION ( 'NONE',  ( 1.000000000000000000, 0.000000000000000000, 0.000000000000000000 ) ) ;
#7173 = CARTESIAN_POINT ( 'NONE',  ( -2.368006657178800545, 35.87501333697986183, -6.101507842891774835 ) ) ;
#7174 = VERTEX_POINT ( 'NONE', #6877 ) ;
#7175 = ORIENTED_EDGE ( 'NONE', *, *, #6070, .F. ) ;
#7176 = VERTEX_POINT ( 'NONE', #4242 ) ;
#7177 = ORIENTED_EDGE ( 'NONE', *, *, #3712, .F. ) ;
#7178 = DIRECTION ( 'NONE',  ( 0.01823725421879099709, 0.000000000000000000, -0.9998336874493474191 ) ) ;
#7179 = CARTESIAN_POINT ( 'NONE',  ( 1.927387219547732844, 44.75292953359281967, -0.7199574747697238264 ) ) ;
#7180 = CARTESIAN_POINT ( 'NONE',  ( -1.489267203389269323, 14.15265430622002896, 1.337418603302096054 ) ) ;
#7181 = ORIENTED_EDGE ( 'NONE', *, *, #54, .F. ) ;
#7182 = FACE_OUTER_BOUND ( 'NONE', #6980, .T. ) ;
#7183 = DIRECTION ( 'NONE',  ( -1.000000000000000000, 0.000000000000000000, 0.000000000000000000 ) ) ;
#7184 = ADVANCED_FACE ( 'NONE', ( #993 ), #17, .T. ) ;
#7185 = CARTESIAN_POINT ( 'NONE',  ( 1.850084796318781200, 15.07749418221596294, 2.000000000000001332 ) ) ;
#7186 = CARTESIAN_POINT ( 'NONE',  ( 2.598076211353274267, 43.02671304669518548, -2.499999999999992006 ) ) ;
#7187 = DIRECTION ( 'NONE',  ( -0.3948124892633892991, 0.6135897597491880573, 0.6838352908797409313 ) ) ;
#7188 = ORIENTED_EDGE ( 'NONE', *, *, #7650, .F. ) ;
#7189 = ADVANCED_FACE ( 'NONE', ( #6225 ), #85, .T. ) ;
#7190 = ORIENTED_EDGE ( 'NONE', *, *, #5967, .T. ) ;
#7191 = CARTESIAN_POINT ( 'NONE',  ( -3.054011138117356250, 24.79582683754258099, 7.289702458100661531 ) ) ;
#7192 = CARTESIAN_POINT ( 'NONE',  ( -1.999667374898695060, 14.99999999999999467, 0.03647450843757289729 ) ) ;
#7193 = CARTESIAN_POINT ( 'NONE',  ( -5.833515323363748450, 28.00000000000001066, -10.10394492679749234 ) ) ;
#7194 = CARTESIAN_POINT ( 'NONE',  ( -2.676055052838968606, 44.78008592867900006, -1.383616178563469967 ) ) ;
#7195 = CARTESIAN_POINT ( 'NONE',  ( 2.487274204776671827, 45.42476380531018521, 1.297332690658328458 ) ) ;
#7196 = CARTESIAN_POINT ( 'NONE',  ( 2.553929870908180799, 43.22573359344089283, -2.423536295378028171 ) ) ;
#7197 = CARTESIAN_POINT ( 'NONE',  ( 4.524057168344080893, 32.03055223262605722, -7.835896871916498974 ) ) ;
#7198 = VERTEX_POINT ( 'NONE', #3262 ) ;
#7199 = ORIENTED_EDGE ( 'NONE', *, *, #4721, .T. ) ;
#7200 = LINE ( 'NONE', #3256, #7386 ) ;
#7201 = EDGE_LOOP ( 'NONE', ( #3480, #4574, #4223 ) ) ;
#7202 = DIRECTION ( 'NONE',  ( 1.000000000000000000, 0.000000000000000000, 0.000000000000000000 ) ) ;
#7203 = CARTESIAN_POINT ( 'NONE',  ( 2.769615319922502206, 44.63295138567259102, 1.279128613283263549 ) ) ;
#7204 = CARTESIAN_POINT ( 'NONE',  ( -3.301313174635487790, 44.66918538204691913, -0.9203831607247318081 ) ) ;
#7205 = CARTESIAN_POINT ( 'NONE',  ( -7.295681752008675858, 40.78962497853733282, -1.327144199513719454E-15 ) ) ;
#7206 = AXIS2_PLACEMENT_3D ( 'NONE', #4876, #794, #3457 ) ;
#7207 = CARTESIAN_POINT ( 'NONE',  ( -8.427935170293681111, 15.99999999999999645, 14.59761191784563117 ) ) ;
#7208 = DIRECTION ( 'NONE',  ( 1.000000000000000000, 0.000000000000000000, 0.000000000000000000 ) ) ;
#7209 = AXIS2_PLACEMENT_3D ( 'NONE', #7801, #4015, #3265 ) ;
#7210 = EDGE_LOOP ( 'NONE', ( #5144, #5819, #2629 ) ) ;
#7211 = ORIENTED_EDGE ( 'NONE', *, *, #2145, .T. ) ;
#7212 = ORIENTED_EDGE ( 'NONE', *, *, #5800, .T. ) ;
#7213 = CARTESIAN_POINT ( 'NONE',  ( 0.3988325927228817402, 44.42582466139634789, 3.082192118809364612 ) ) ;
#7214 = CIRCLE ( 'NONE', #222, 0.9000000000000000222 ) ;
#7215 = AXIS2_PLACEMENT_3D ( 'NONE', #406, #2362, #455 ) ;
#7216 = CARTESIAN_POINT ( 'NONE',  ( -1.916403728513502047, 15.10343136962585753, 1.804257534992718570 ) ) ;
#7217 = ORIENTED_EDGE ( 'NONE', *, *, #4985, .F. ) ;
#7218 = ADVANCED_FACE ( 'NONE', ( #7240 ), #9, .T. ) ;
#7219 = FACE_OUTER_BOUND ( 'NONE', #8421, .T. ) ;
#7220 = CARTESIAN_POINT ( 'NONE',  ( -0.6827106466125685280, 47.81083249756332521, -1.000000000013081536 ) ) ;
#7221 = CARTESIAN_POINT ( 'NONE',  ( -4.319251943879427458, 25.39791341877129227, -7.481163817489720813 ) ) ;
#7222 = DIRECTION ( 'NONE',  ( 1.000000000000000000, 3.469446951953647321E-15, -1.203706215242033899E-29 ) ) ;
#7223 = CARTESIAN_POINT ( 'NONE',  ( -1.315055649002265348, 14.99999999999999645, 2.664687431835975229 ) ) ;
#7224 = CARTESIAN_POINT ( 'NONE',  ( 2.598076211353337328, 43.02671304669065222, 2.500000000000003997 ) ) ;
#7225 = VERTEX_POINT ( 'NONE', #640 ) ;
#7226 = ORIENTED_EDGE ( 'NONE', *, *, #4070, .F. ) ;
#7227 = EDGE_CURVE ( 'NONE', #8450, #2850, #555, .T. ) ;
#7228 = CARTESIAN_POINT ( 'NONE',  ( -9.611862403202183103, 31.34684839869097317, 0.000000000000000000 ) ) ;
#7229 = CARTESIAN_POINT ( 'NONE',  ( 2.301614058479577896, 45.41684043215489197, 1.622199362832414726 ) ) ;
#7230 = CARTESIAN_POINT ( 'NONE',  ( 2.431447646098980009, 45.00244591458496046, -1.982884836682053287 ) ) ;
#7231 = DIRECTION ( 'NONE',  ( -0.2583453148630743268, -0.9660526374314699627, 0.000000000000000000 ) ) ;
#7232 = EDGE_CURVE ( 'NONE', #5135, #2738, #5234, .T. ) ;
#7233 = CARTESIAN_POINT ( 'NONE',  ( -1.240030177607743145, 43.69040101303873058, 4.147795270532908418 ) ) ;
#7234 = VERTEX_POINT ( 'NONE', #3972 ) ;
#7235 = ORIENTED_EDGE ( 'NONE', *, *, #1204, .T. ) ;
#7236 = AXIS2_PLACEMENT_3D ( 'NONE', #1430, #5542, #2824 ) ;
#7237 = CARTESIAN_POINT ( 'NONE',  ( -1.274600299602808517, 45.55998058460212263, 2.207672478246372361 ) ) ;
#7238 = DIRECTION ( 'NONE',  ( 0.000000000000000000, 1.000000000000000000, 0.000000000000000000 ) ) ;
#7239 = LINE ( 'NONE', #3218, #5692 ) ;
#7240 = FACE_OUTER_BOUND ( 'NONE', #294, .T. ) ;
#7241 = CARTESIAN_POINT ( 'NONE',  ( 2.106055581390539722, 43.69040101301347079, -3.647795270532500744 ) ) ;
#7242 = DIRECTION ( 'NONE',  ( 0.000000000000000000, -1.000000000000000000, 0.000000000000000000 ) ) ;
#7243 = DIRECTION ( 'NONE',  ( 0.000000000000000000, -0.5583083738392582429, 0.8296335092683775336 ) ) ;
#7244 = EDGE_LOOP ( 'NONE', ( #4957, #2736, #4135, #709, #4940 ) ) ;
#7245 = ORIENTED_EDGE ( 'NONE', *, *, #7108, .T. ) ;
#7246 = ORIENTED_EDGE ( 'NONE', *, *, #5952, .F. ) ;
#7247 = EDGE_LOOP ( 'NONE', ( #3274, #1570, #7582, #2547 ) ) ;
#7248 = ADVANCED_FACE ( 'NONE', ( #7848 ), #870, .T. ) ;
#7249 = VECTOR ( 'NONE', #7832, 1000.000000000000000 ) ;
#7250 = DIRECTION ( 'NONE',  ( -8.673617379884035472E-17, 1.000000000000000000, 0.000000000000000000 ) ) ;
#7251 = DIRECTION ( 'NONE',  ( 0.000000000000000000, 0.5467874866480758600, 0.8372714281791061586 ) ) ;
#7252 = CARTESIAN_POINT ( 'NONE',  ( 2.821889455677353276, 45.27115284126140438, -0.7866009534090689925 ) ) ;
#7253 = AXIS2_PLACEMENT_3D ( 'NONE', #8392, #5867, #7747 ) ;
#7254 = CARTESIAN_POINT ( 'NONE',  ( -0.9354310251397074394, 45.13615510177881873, 2.875313159180429512 ) ) ;
#7255 = CIRCLE ( 'NONE', #8340, 2.000000000000000000 ) ;
#7256 = ORIENTED_EDGE ( 'NONE', *, *, #2510, .F. ) ;
#7257 = AXIS2_PLACEMENT_3D ( 'NONE', #6288, #3659, #8172 ) ;
#7258 = CARTESIAN_POINT ( 'NONE',  ( -4.998549180097763056, 31.40750956779062619, -6.657741144061001037 ) ) ;
#7259 = CARTESIAN_POINT ( 'NONE',  ( -1.998138463596865311, 46.22043284803906005, -0.9999999999995552447 ) ) ;
#7260 = CARTESIAN_POINT ( 'NONE',  ( -1.357369678559204651, 44.79313117423958346, -2.995591318921874358 ) ) ;
#7261 = AXIS2_PLACEMENT_3D ( 'NONE', #6054, #1396, #6091 ) ;
#7262 = CARTESIAN_POINT ( 'NONE',  ( 0.000000000000000000, 5.000000000000000000, 0.000000000000000000 ) ) ;
#7263 = CARTESIAN_POINT ( 'NONE',  ( -0.1435822782394205743, 14.84579848709922345, 1.996671456506260656 ) ) ;
#7264 = EDGE_CURVE ( 'NONE', #4724, #2609, #5288, .T. ) ;
#7265 = VERTEX_POINT ( 'NONE', #5333 ) ;
#7266 = CIRCLE ( 'NONE', #5901, 1.000000000000000888 ) ;
#7267 = ORIENTED_EDGE ( 'NONE', *, *, #1409, .F. ) ;
#7268 = DIRECTION ( 'NONE',  ( 0.000000000000000000, -0.5583083738406461327, 0.8296335092674436140 ) ) ;
#7269 = CARTESIAN_POINT ( 'NONE',  ( -2.022378727107248864, 45.13615510179151613, -2.247763610860139316 ) ) ;
#7270 = CARTESIAN_POINT ( 'NONE',  ( 2.463933346382507938, 44.01841647891274079, -2.091371913955483830 ) ) ;
#7271 = DIRECTION ( 'NONE',  ( -0.7896249785381159736, 0.6135897597488733091, 0.000000000000000000 ) ) ;
#7272 = AXIS2_PLACEMENT_3D ( 'NONE', #5477, #871, #158 ) ;
#7273 = EDGE_CURVE ( 'NONE', #1922, #767, #1347, .T. ) ;
#7274 =( BOUNDED_SURFACE ( )  B_SPLINE_SURFACE ( 3, 2, ( 
 ( #3234, #7304, #3943 ),
 ( #7908, #6586, #3193 ),
 ( #1261, #3866, #2030 ),
 ( #4643, #5802, #7258 ),
 ( #6626, #740, #3360 ),
 ( #2788, #221, #2831 ),
 ( #860, #8110, #6181 ),
 ( #4196, #6704, #307 ) ),
 .UNSPECIFIED., .F., .F., .F. ) 
 B_SPLINE_SURFACE_WITH_KNOTS ( ( 4, 2, 2, 4 ),
 ( 3, 3 ),
 ( 0.02243345746864393656, 0.02822659411895474951, 0.03112316244411015426, 0.03401973076926555900 ),
 ( 0.000000000000000000, 1.000000000000000000 ),
 .UNSPECIFIED. ) 
 GEOMETRIC_REPRESENTATION_ITEM ( )  RATIONAL_B_SPLINE_SURFACE ( (
 ( 1.000000000000000000, 0.7071067811865476838, 1.000000000000000000),
 ( 1.000000000000000000, 0.7071067811865476838, 1.000000000000000000),
 ( 1.000000000000000000, 0.7071067811865477948, 1.000000000000000000),
 ( 1.000000000000000000, 0.7071067811865477948, 1.000000000000000000),
 ( 1.000000000000000000, 0.7071067811865475727, 1.000000000000000000),
 ( 1.000000000000000000, 0.7071067811865475727, 1.000000000000000000),
 ( 1.000000000000000000, 0.7071067811865479058, 1.000000000000000000),
 ( 1.000000000000000000, 0.7071067811865479058, 1.000000000000000000) ) ) 
 REPRESENTATION_ITEM ( '' )  SURFACE ( )  );
#7275 = EDGE_CURVE ( 'NONE', #3770, #5868, #6453, .T. ) ;
#7276 = B_SPLINE_CURVE_WITH_KNOTS ( 'NONE', 3,
 ( #4241, #6184, #6788, #2924 ),
 .UNSPECIFIED., .F., .F.,
 ( 4, 4 ),
 ( 3.103503203428111280E-15, 0.004236356271238984547 ),
 .UNSPECIFIED. ) ;
#7277 = EDGE_LOOP ( 'NONE', ( #3267, #4408, #4786 ) ) ;
#7278 = ORIENTED_EDGE ( 'NONE', *, *, #6772, .T. ) ;
#7279 = CIRCLE ( 'NONE', #2891, 0.9999999999999994449 ) ;
#7280 = CARTESIAN_POINT ( 'NONE',  ( -0.8220173529896604991, 48.46887637871667209, -3.096200419546283914E-16 ) ) ;
#7281 = TOROIDAL_SURFACE ( 'NONE', #4825, 2.000000000000000000, 1.000000000000000000 ) ;
#7282 = CARTESIAN_POINT ( 'NONE',  ( 16.85587034058767131, 15.99999999999996980, 0.000000000000000000 ) ) ;
#7283 = CARTESIAN_POINT ( 'NONE',  ( -0.3214202941908871347, 44.56642443098100159, 3.051723308365582810 ) ) ;
#7284 = FACE_OUTER_BOUND ( 'NONE', #6388, .T. ) ;
#7285 = CYLINDRICAL_SURFACE ( 'NONE', #829, 1.000000000000000222 ) ;
#7286 = CARTESIAN_POINT ( 'NONE',  ( -0.1847006289465709383, 45.42277198788404746, -2.803143210573955102 ) ) ;
#7287 = CARTESIAN_POINT ( 'NONE',  ( 1.929086310968299411, 35.39309234812230898, 5.341275502782655948 ) ) ;
#7288 = CARTESIAN_POINT ( 'NONE',  ( 4.718467345856957706, 26.00000000000001066, 8.172625176878833386 ) ) ;
#7289 = AXIS2_PLACEMENT_3D ( 'NONE', #8326, #5006, #1122 ) ;
#7290 = EDGE_CURVE ( 'NONE', #2475, #71, #1932, .T. ) ;
#7291 = ORIENTED_EDGE ( 'NONE', *, *, #1755, .F. ) ;
#7292 = ORIENTED_EDGE ( 'NONE', *, *, #96, .F. ) ;
#7293 = ORIENTED_EDGE ( 'NONE', *, *, #2702, .T. ) ;
#7294 = EDGE_CURVE ( 'NONE', #7493, #598, #4802, .T. ) ;
#7295 = ORIENTED_EDGE ( 'NONE', *, *, #3698, .T. ) ;
#7296 = CYLINDRICAL_SURFACE ( 'NONE', #5777, 1.000000000000000000 ) ;
#7297 = CARTESIAN_POINT ( 'NONE',  ( -2.757404527529887517, 44.66788532106000531, 1.285954650600370508 ) ) ;
#7298 = AXIS2_PLACEMENT_3D ( 'NONE', #1014, #7613, #6900 ) ;
#7299 = CARTESIAN_POINT ( 'NONE',  ( -9.048114336995885409, 32.03055223285723940, -1.000000000000000666 ) ) ;
#7300 = CARTESIAN_POINT ( 'NONE',  ( 3.195282380578090109, 43.65046972678073445, -1.026950844649079153 ) ) ;
#7301 = CARTESIAN_POINT ( 'NONE',  ( -1.882443958715570131, 44.13163621920161006, 3.333808863881571050 ) ) ;
#7302 = B_SPLINE_CURVE_WITH_KNOTS ( 'NONE', 3,
 ( #46, #3261, #2644, #4455 ),
 .UNSPECIFIED., .F., .F.,
 ( 4, 4 ),
 ( 3.940534250152140090E-17, 0.004236356271248547210 ),
 .UNSPECIFIED. ) ;
#7303 = ORIENTED_EDGE ( 'NONE', *, *, #3663, .T. ) ;
#7304 = CARTESIAN_POINT ( 'NONE',  ( -3.692935767933683611, 37.56619757069945109, -4.396352379149480960 ) ) ;
#7305 = CARTESIAN_POINT ( 'NONE',  ( -0.7796467882970927743, 47.71366762301985176, -0.9999999999961849406 ) ) ;
#7306 = CARTESIAN_POINT ( 'NONE',  ( 8.273790755034220012, 31.39650875750182735, 1.000000000000000000 ) ) ;
#7307 = ADVANCED_FACE ( 'NONE', ( #2093 ), #5412, .T. ) ;
#7308 = DIRECTION ( 'NONE',  ( 0.000000000000000000, 0.000000000000000000, 1.000000000000000000 ) ) ;
#7309 = CARTESIAN_POINT ( 'NONE',  ( 5.307916806043491142, 30.65890518818009269, 7.193581590415957905 ) ) ;
#7310 = EDGE_CURVE ( 'NONE', #3997, #5604, #2198, .T. ) ;
#7311 = CARTESIAN_POINT ( 'NONE',  ( -0.5773502691863823255, 47.89898643127421707, 0.9999999999984600096 ) ) ;
#7312 = ORIENTED_EDGE ( 'NONE', *, *, #7273, .F. ) ;
#7313 = CARTESIAN_POINT ( 'NONE',  ( 7.561909766509497643, 15.99999999999992717, 15.09761191784559919 ) ) ;
#7314 = CARTESIAN_POINT ( 'NONE',  ( -3.272943020808934733, 44.79313117425309088, 0.3222790355401257689 ) ) ;
#7315 = CARTESIAN_POINT ( 'NONE',  ( -8.427935170293684664, 16.00000000000000000, 14.59761191784562939 ) ) ;
#7316 = DIRECTION ( 'NONE',  ( -0.000000000000000000, 0.000000000000000000, 1.000000000000000000 ) ) ;
#7317 = CARTESIAN_POINT ( 'NONE',  ( 0.000000000000000000, 48.02303740291296208, 0.04020688513646309553 ) ) ;
#7318 = DIRECTION ( 'NONE',  ( 0.9517756572232440870, -0.2545273128157456433, -0.1712861504852544459 ) ) ;
#7319 = ADVANCED_FACE ( 'NONE', ( #3465 ), #204, .T. ) ;
#7320 = ORIENTED_EDGE ( 'NONE', *, *, #1040, .F. ) ;
#7321 = VERTEX_POINT ( 'NONE', #4763 ) ;
#7322 = CARTESIAN_POINT ( 'NONE',  ( 6.682091992264687974, 39.00000000000000711, 0.000000000000000000 ) ) ;
#7323 = CARTESIAN_POINT ( 'NONE',  ( -1.656324521324300969, 44.45408106558356565, 3.151545986756870033 ) ) ;
#7324 = DIRECTION ( 'NONE',  ( -0.5000000000000038858, 4.336808689942048304E-16, -0.8660254037844363761 ) ) ;
#7325 = CARTESIAN_POINT ( 'NONE',  ( -6.682091992272578551, 40.00000000000000711, -1.000000000000000000 ) ) ;
#7326 = CARTESIAN_POINT ( 'NONE',  ( 1.960884960364814189, 37.56619757069946530, 5.396352379149488065 ) ) ;
#7327 = DIRECTION ( 'NONE',  ( -0.8660254037844432595, 0.000000000000000000, -0.4999999999999919509 ) ) ;
#7328 = EDGE_LOOP ( 'NONE', ( #5581, #3854, #4798, #5553 ) ) ;
#7329 = ORIENTED_EDGE ( 'NONE', *, *, #8036, .T. ) ;
#7330 = FACE_OUTER_BOUND ( 'NONE', #6376, .T. ) ;
#7331 = ORIENTED_EDGE ( 'NONE', *, *, #1111, .T. ) ;
#7332 = DIRECTION ( 'NONE',  ( -0.5000000000000041078, 0.000000000000000000, -0.8660254037844362651 ) ) ;
#7333 = CARTESIAN_POINT ( 'NONE',  ( -2.792243283620862826, 45.09453418789750145, 1.244130088561472336 ) ) ;
#7334 = AXIS2_PLACEMENT_3D ( 'NONE', #6148, #8162, #2800 ) ;
#7335 = CARTESIAN_POINT ( 'NONE',  ( 2.677084810008341531, 45.35253749461128336, -1.000000000007285950 ) ) ;
#7336 = CIRCLE ( 'NONE', #6666, 0.9999999999999995559 ) ;
#7337 = EDGE_CURVE ( 'NONE', #8271, #6200, #6464, .T. ) ;
#7338 = CARTESIAN_POINT ( 'NONE',  ( -0.8660254037844368202, 15.99999999999999645, 0.5000000000000034417 ) ) ;
#7339 = EDGE_CURVE ( 'NONE', #943, #2816, #152, .T. ) ;
#7340 = AXIS2_PLACEMENT_3D ( 'NONE', #7712, #4457, #4414 ) ;
#7341 = ORIENTED_EDGE ( 'NONE', *, *, #7482, .T. ) ;
#7342 =( BOUNDED_SURFACE ( )  B_SPLINE_SURFACE ( 3, 2, ( 
 ( #4445, #3292, #1781 ),
 ( #7654, #2542, #1870 ),
 ( #3744, #8338, #8388 ),
 ( #6518, #4490, #7197 ),
 ( #3118, #5727, #3839 ),
 ( #5185, #5102, #5907 ),
 ( #2446, #1181, #627 ),
 ( #6559, #7702, #34 ) ),
 .UNSPECIFIED., .F., .F., .F. ) 
 B_SPLINE_SURFACE_WITH_KNOTS ( ( 4, 2, 2, 4 ),
 ( 3, 3 ),
 ( 0.02243345746864391921, 0.02822659411895473910, 0.03112316244411014732, 0.03401973076926555900 ),
 ( 0.000000000000000000, 1.000000000000000000 ),
 .UNSPECIFIED. ) 
 GEOMETRIC_REPRESENTATION_ITEM ( )  RATIONAL_B_SPLINE_SURFACE ( (
 ( 1.000000000000000000, 0.7071067811865476838, 1.000000000000000000),
 ( 1.000000000000000000, 0.7071067811865476838, 1.000000000000000000),
 ( 1.000000000000000000, 0.7071067811865475727, 1.000000000000000000),
 ( 1.000000000000000000, 0.7071067811865475727, 1.000000000000000000),
 ( 1.000000000000000000, 0.7071067811865474617, 1.000000000000000000),
 ( 1.000000000000000000, 0.7071067811865474617, 1.000000000000000000),
 ( 1.000000000000000000, 0.7071067811865479058, 1.000000000000000000),
 ( 1.000000000000000000, 0.7071067811865479058, 1.000000000000000000) ) ) 
 REPRESENTATION_ITEM ( '' )  SURFACE ( )  );
#7343 = DIRECTION ( 'NONE',  ( 0.8660254037844438146, 0.000000000000000000, 0.4999999999999910072 ) ) ;
#7344 = AXIS2_PLACEMENT_3D ( 'NONE', #6170, #6858, #2909 ) ;
#7345 = AXIS2_PLACEMENT_3D ( 'NONE', #1766, #5715, #7049 ) ;
#7346 = DIRECTION ( 'NONE',  ( 0.000000000000000000, 1.000000000000000000, 0.000000000000000000 ) ) ;
#7347 = CARTESIAN_POINT ( 'NONE',  ( -1.623744133461486605, 44.49377519881401355, -3.133390986557351265 ) ) ;
#7348 = CARTESIAN_POINT ( 'NONE',  ( 0.000000000000000000, 4.000000000000000000, 0.000000000000000000 ) ) ;
#7349 = DIRECTION ( 'NONE',  ( 0.8660254037844363761, 0.000000000000000000, -0.5000000000000041078 ) ) ;
#7350 = ORIENTED_EDGE ( 'NONE', *, *, #8274, .F. ) ;
#7351 = CIRCLE ( 'NONE', #3636, 0.9999999999999995559 ) ;
#7352 = EDGE_CURVE ( 'NONE', #3557, #853, #5541, .T. ) ;
#7353 = FACE_OUTER_BOUND ( 'NONE', #7855, .T. ) ;
#7354 = CARTESIAN_POINT ( 'NONE',  ( 1.687887777621874585, 14.26301810824550387, 1.073718472581497663 ) ) ;
#7355 = DIRECTION ( 'NONE',  ( -0.5000000000000039968, 0.000000000000000000, -0.8660254037844363761 ) ) ;
#7356 = DIRECTION ( 'NONE',  ( -8.673617379884035472E-17, 1.000000000000000000, 0.000000000000000000 ) ) ;
#7357 = FACE_OUTER_BOUND ( 'NONE', #8029, .T. ) ;
#7358 = CARTESIAN_POINT ( 'NONE',  ( 3.087716526741458356, 41.92301477453886349, -3.348081903686394689 ) ) ;
#7359 = FACE_OUTER_BOUND ( 'NONE', #7760, .T. ) ;
#7360 = EDGE_LOOP ( 'NONE', ( #7181, #7981, #3004, #5200, #5810, #1100 ) ) ;
#7361 = EDGE_LOOP ( 'NONE', ( #5880, #8045, #2949, #5538 ) ) ;
#7362 = CARTESIAN_POINT ( 'NONE',  ( 10.91208105769441516, 28.60237706257554535, -1.000000000000000000 ) ) ;
#7363 = CARTESIAN_POINT ( 'NONE',  ( 0.3018455594610689463, 45.39936764469162966, 2.808015048890811105 ) ) ;
#7364 = CARTESIAN_POINT ( 'NONE',  ( -0.6043309960164262584, 15.10343136962584865, -2.561783080296286208 ) ) ;
#7365 = EDGE_CURVE ( 'NONE', #1077, #6793, #4391, .T. ) ;
#7366 = CARTESIAN_POINT ( 'NONE',  ( 2.777414374212688220, 38.00000000000000711, 4.810622809808441147 ) ) ;
#7367 = B_SPLINE_CURVE_WITH_KNOTS ( 'NONE', 3,
 ( #3644, #276, #1001, #8288 ),
 .UNSPECIFIED., .F., .F.,
 ( 4, 4 ),
 ( 1.538248863720142705E-15, 0.004420676951938994764 ),
 .UNSPECIFIED. ) ;
#7368 = CARTESIAN_POINT ( 'NONE',  ( -4.718467345856844908, 26.00000000000000711, 8.172625176878899111 ) ) ;
#7369 = CARTESIAN_POINT ( 'NONE',  ( -2.482159763252098639, 44.56642443280228605, 1.804219794336930915 ) ) ;
#7370 = ADVANCED_FACE ( 'NONE', ( #2902 ), #7285, .T. ) ;
#7371 = ORIENTED_EDGE ( 'NONE', *, *, #1371, .T. ) ;
#7372 = ORIENTED_EDGE ( 'NONE', *, *, #7909, .F. ) ;
#7373 = DIRECTION ( 'NONE',  ( 1.224646799147352961E-16, 0.000000000000000000, -1.000000000000000000 ) ) ;
#7374 = AXIS2_PLACEMENT_3D ( 'NONE', #563, #8455, #7679 ) ;
#7375 = VERTEX_POINT ( 'NONE', #7972 ) ;
#7376 = DIRECTION ( 'NONE',  ( 0.4002963252940527905, 0.5992089850997913691, 0.6933335734924106486 ) ) ;
#7377 = CARTESIAN_POINT ( 'NONE',  ( -0.7297283235975345894, 45.27115284940589390, -2.837128425139868071 ) ) ;
#7378 = CARTESIAN_POINT ( 'NONE',  ( 2.732189474663471174E-14, 0.000000000000000000, 4.000000000000017764 ) ) ;
#7379 = AXIS2_PLACEMENT_3D ( 'NONE', #7811, #3860, #5795 ) ;
#7380 = CARTESIAN_POINT ( 'NONE',  ( -2.868182475682357513, 44.42692250555297306, 1.196056192773479854 ) ) ;
#7381 = EDGE_CURVE ( 'NONE', #3398, #1052, #2452, .T. ) ;
#7382 = VERTEX_POINT ( 'NONE', #4886 ) ;
#7383 = ADVANCED_FACE ( 'NONE', ( #1094 ), #8445, .T. ) ;
#7384 = CARTESIAN_POINT ( 'NONE',  ( -3.647840876011598787, 40.78962497853699887, 6.318245735178892097 ) ) ;
#7385 = EDGE_CURVE ( 'NONE', #2609, #4690, #6954, .T. ) ;
#7386 = VECTOR ( 'NONE', #7163, 1000.000000000000114 ) ;
#7387 = CARTESIAN_POINT ( 'NONE',  ( -5.912581516251684377, 18.61361073351801210, -12.24089159004042671 ) ) ;
#7388 = CARTESIAN_POINT ( 'NONE',  ( -1.742227737580409608, 44.33440167099681872, -3.217630530270092493 ) ) ;
#7389 = AXIS2_PLACEMENT_3D ( 'NONE', #5108, #3258, #7072 ) ;
#7390 = CARTESIAN_POINT ( 'NONE',  ( -4.554828748425329366, 38.00000000000000711, -1.000000000000000000 ) ) ;
#7391 = CARTESIAN_POINT ( 'NONE',  ( -0.6975054773005100461, 15.09381689586232156, 2.578264997456447105 ) ) ;
#7392 = EDGE_LOOP ( 'NONE', ( #2101, #1015, #5822, #7175 ) ) ;
#7393 = ADVANCED_FACE ( 'NONE', ( #5725 ), #6411, .T. ) ;
#7394 = CIRCLE ( 'NONE', #3009, 0.9999999999999998890 ) ;
#7395 = CIRCLE ( 'NONE', #4941, 2.000000000000000444 ) ;
#7396 = ADVANCED_FACE ( 'NONE', ( #5774 ), #5231, .T. ) ;
#7397 = CARTESIAN_POINT ( 'NONE',  ( -1.487393041486400280, 14.15138986908800867, 1.339584157069392045 ) ) ;
#7398 = CARTESIAN_POINT ( 'NONE',  ( 1.998780138864963307, 14.97024872007116691, 0.08511738581789125846 ) ) ;
#7399 = CARTESIAN_POINT ( 'NONE',  ( -3.341045996122391948, 40.00000000000000711, -5.786861415708490775 ) ) ;
#7400 = CARTESIAN_POINT ( 'NONE',  ( -7.380424307300144982, 34.29947959746066743, -0.000000000000000000 ) ) ;
#7401 = CARTESIAN_POINT ( 'NONE',  ( -2.677084810010606830, 45.35253749461865169, 0.9999999999941335815 ) ) ;
#7402 = CARTESIAN_POINT ( 'NONE',  ( 3.624469547290508409, 40.90543876017559910, -4.277765406393430503 ) ) ;
#7403 = EDGE_CURVE ( 'NONE', #2952, #980, #1787, .T. ) ;
#7404 = AXIS2_PLACEMENT_3D ( 'NONE', #1157, #3139, #8364 ) ;
#7405 = VERTEX_POINT ( 'NONE', #5140 ) ;
#7406 = ORIENTED_EDGE ( 'NONE', *, *, #6772, .F. ) ;
#7407 = CARTESIAN_POINT ( 'NONE',  ( 3.089560222785458166, 41.65726546202798630, 5.351275251787939169 ) ) ;
#7408 = CARTESIAN_POINT ( 'NONE',  ( 0.1080164811017544357, 44.80147694156394067, 3.005313596181788949 ) ) ;
#7409 = CIRCLE ( 'NONE', #4678, 1.000000000000000000 ) ;
#7410 = CARTESIAN_POINT ( 'NONE',  ( 0.000000000000000000, 4.000000000000000000, 13.99999999999999822 ) ) ;
#7411 = CARTESIAN_POINT ( 'NONE',  ( 4.940302182718024682, 23.75075615949306496, 8.556854385210947100 ) ) ;
#7412 = CARTESIAN_POINT ( 'NONE',  ( 4.997780075773308184, 31.40948356748943127, -6.656409016294953851 ) ) ;
#7413 = CARTESIAN_POINT ( 'NONE',  ( -2.573378543403718854, 44.30400931072201587, 2.731378135135431151 ) ) ;
#7414 = CIRCLE ( 'NONE', #3984, 0.9999999999999997780 ) ;
#7415 = ORIENTED_EDGE ( 'NONE', *, *, #8379, .T. ) ;
#7416 = VECTOR ( 'NONE', #2881, 1000.000000000000000 ) ;
#7417 = AXIS2_PLACEMENT_3D ( 'NONE', #6853, #6206, #4979 ) ;
#7418 = ORIENTED_EDGE ( 'NONE', *, *, #562, .F. ) ;
#7419 = DIRECTION ( 'NONE',  ( 0.000000000000000000, -0.7354398480756412226, -0.6775900160587359222 ) ) ;
#7420 = ORIENTED_EDGE ( 'NONE', *, *, #3872, .F. ) ;
#7421 = FACE_OUTER_BOUND ( 'NONE', #210, .T. ) ;
#7422 = CARTESIAN_POINT ( 'NONE',  ( -1.275884287670031147, 44.87522322471671998, -2.963330233820657522 ) ) ;
#7423 = CARTESIAN_POINT ( 'NONE',  ( 4.437747007290280266, 41.92936601178035261, 1.000000000000000000 ) ) ;
#7424 = CARTESIAN_POINT ( 'NONE',  ( -3.956676830787264620, 41.65556962633077376, 4.853165222337417539 ) ) ;
#7425 = CARTESIAN_POINT ( 'NONE',  ( 3.341045996138700236, 39.00000000000000711, -5.786861415736924030 ) ) ;
#7426 = VERTEX_POINT ( 'NONE', #1226 ) ;
#7427 = ADVANCED_FACE ( 'NONE', ( #3837 ), #2569, .T. ) ;
#7428 = ORIENTED_EDGE ( 'NONE', *, *, #6472, .F. ) ;
#7429 = CIRCLE ( 'NONE', #3996, 1.000000000000000000 ) ;
#7430 = CARTESIAN_POINT ( 'NONE',  ( -4.718467345856957706, 27.00000000000001066, -8.172625176878833386 ) ) ;
#7431 = DIRECTION ( 'NONE',  ( 4.206480876464498173E-14, 1.000000000000000000, 2.428612866366749907E-14 ) ) ;
#7432 = AXIS2_PLACEMENT_3D ( 'NONE', #2470, #5121, #5749 ) ;
#7433 = CARTESIAN_POINT ( 'NONE',  ( -2.826910364149183064, 37.56619757069946530, 4.896352379149521816 ) ) ;
#7434 = CARTESIAN_POINT ( 'NONE',  ( -0.8511222176429805719, 15.07232860202456237, 2.611039765740031271 ) ) ;
#7435 = DIRECTION ( 'NONE',  ( 0.8660254037844443697, 0.000000000000000000, 0.4999999999999898970 ) ) ;
#7436 = ORIENTED_EDGE ( 'NONE', *, *, #4646, .F. ) ;
#7437 = CARTESIAN_POINT ( 'NONE',  ( 1.547132307520277195, 14.99999999999999645, 2.570288237343622217 ) ) ;
#7438 = CARTESIAN_POINT ( 'NONE',  ( 2.117070029842278878, 15.13397272934231097, 1.333135233979434897 ) ) ;
#7439 = CARTESIAN_POINT ( 'NONE',  ( -1.732050807572184770, 43.02671304668063357, -3.000000000006356249 ) ) ;
#7440 = DIRECTION ( 'NONE',  ( 1.000000000000000000, 0.000000000000000000, 0.000000000000000000 ) ) ;
#7441 = CARTESIAN_POINT ( 'NONE',  ( -4.786061945686332031, 24.79582683754258099, -6.289702458100610905 ) ) ;
#7442 = DIRECTION ( 'NONE',  ( 0.000000000000000000, 0.000000000000000000, 1.000000000000000000 ) ) ;
#7443 = CARTESIAN_POINT ( 'NONE',  ( 4.443382245934861530, 41.92301477455089298, -1.000000000000000000 ) ) ;
#7444 = AXIS2_PLACEMENT_3D ( 'NONE', #5174, #3198, #2396 ) ;
#7445 = ADVANCED_FACE ( 'NONE', ( #7357 ), #3024, .T. ) ;
#7446 = EDGE_LOOP ( 'NONE', ( #7012, #499, #3782 ) ) ;
#7447 = ORIENTED_EDGE ( 'NONE', *, *, #7743, .T. ) ;
#7448 = CARTESIAN_POINT ( 'NONE',  ( 3.623037709519493443, 40.90766406936373301, 4.275285390646641481 ) ) ;
#7449 = CARTESIAN_POINT ( 'NONE',  ( 0.1700960734961438625, 44.75292953363414483, 3.014572516231604382 ) ) ;
#7450 = CARTESIAN_POINT ( 'NONE',  ( 0.8660254037844429265, 15.99999999999999645, 0.4999999999999926170 ) ) ;
#7451 = DIRECTION ( 'NONE',  ( -0.000000000000000000, 0.000000000000000000, 1.000000000000000000 ) ) ;
#7452 = CARTESIAN_POINT ( 'NONE',  ( 4.212111162772870010, 43.69040101300414136, 0.000000000000000000 ) ) ;
#7453 = EDGE_LOOP ( 'NONE', ( #579, #3306, #1102, #7615, #5384, #3593, #3068, #4539, #608, #5945, #1515 ) ) ;
#7454 = EDGE_LOOP ( 'NONE', ( #238, #5213, #2387 ) ) ;
#7455 = CARTESIAN_POINT ( 'NONE',  ( 3.673940397442059868E-16, 6.000000000000000000, -3.000000000000000000 ) ) ;
#7456 = EDGE_CURVE ( 'NONE', #5661, #7544, #1482, .T. ) ;
#7457 = ORIENTED_EDGE ( 'NONE', *, *, #3794, .F. ) ;
#7458 = DIRECTION ( 'NONE',  ( 0.8660254037844362651, 0.000000000000000000, -0.5000000000000039968 ) ) ;
#7459 = FACE_OUTER_BOUND ( 'NONE', #3393, .T. ) ;
#7460 = CARTESIAN_POINT ( 'NONE',  ( 0.9682458365518592514, 13.99999999999999645, 1.749999999999997558 ) ) ;
#7461 = CARTESIAN_POINT ( 'NONE',  ( -3.750000000000031530, 27.00000000000001066, -6.495190528383274930 ) ) ;
#7462 = VERTEX_POINT ( 'NONE', #913 ) ;
#7463 = ORIENTED_EDGE ( 'NONE', *, *, #660, .F. ) ;
#7464 = DIRECTION ( 'NONE',  ( 0.8660254037844362651, 0.000000000000000000, -0.5000000000000039968 ) ) ;
#7465 = CARTESIAN_POINT ( 'NONE',  ( 1.719415732271579067, 36.26406429620579530, -4.978115407627717204 ) ) ;
#7466 = CARTESIAN_POINT ( 'NONE',  ( -3.714390024513565702, 34.31822911140540100, 6.433512241584634417 ) ) ;
#7467 = CARTESIAN_POINT ( 'NONE',  ( -0.9702305313625008143, 15.05335457374260955, 2.636362980782450904 ) ) ;
#7468 = CARTESIAN_POINT ( 'NONE',  ( 0.9682458365518590293, 13.99999999999999645, 1.749999999999997113 ) ) ;
#7469 = CIRCLE ( 'NONE', #3232, 1.000000000000000000 ) ;
#7470 = EDGE_CURVE ( 'NONE', #6916, #4212, #7064, .T. ) ;
#7471 = EDGE_LOOP ( 'NONE', ( #7291, #1702, #646 ) ) ;
#7472 = ADVANCED_FACE ( 'NONE', ( #2120 ), #967, .T. ) ;
#7473 = CARTESIAN_POINT ( 'NONE',  ( 1.615860075080457259, 14.23212241428305092, 1.179294965166802100 ) ) ;
#7474 = CARTESIAN_POINT ( 'NONE',  ( 2.376406354085811135, 37.13239514139890929, 4.116056544706098386 ) ) ;
#7475 = CARTESIAN_POINT ( 'NONE',  ( -11.66703064672726420, 28.00000000000012079, 1.000000000000000000 ) ) ;
#7476 = CARTESIAN_POINT ( 'NONE',  ( 0.000000000000000000, 28.00000000000001066, 0.000000000000000000 ) ) ;
#7477 = FACE_OUTER_BOUND ( 'NONE', #2597, .T. ) ;
#7478 = CARTESIAN_POINT ( 'NONE',  ( 4.591232067753830748, 29.96536639221585219, -9.952247210687824364 ) ) ;
#7479 = AXIS2_PLACEMENT_3D ( 'NONE', #7753, #2643, #2012 ) ;
#7480 = DIRECTION ( 'NONE',  ( -1.000000000000000000, 0.000000000000000000, 0.000000000000000000 ) ) ;
#7481 = ORIENTED_EDGE ( 'NONE', *, *, #8070, .T. ) ;
#7482 = EDGE_CURVE ( 'NONE', #1016, #5373, #1393, .T. ) ;
#7483 = CARTESIAN_POINT ( 'NONE',  ( -4.967489919579243463, 28.00000000000012079, -10.60394492679737866 ) ) ;
#7484 = CARTESIAN_POINT ( 'NONE',  ( -5.787413503395586467, 29.35288596355812274, 10.02409423229295626 ) ) ;
#7485 = ADVANCED_FACE ( 'NONE', ( #6802 ), #6720, .F. ) ;
#7486 = CARTESIAN_POINT ( 'NONE',  ( 0.3214202948203540577, 44.56642443013421229, -3.051723308607761087 ) ) ;
#7487 = CARTESIAN_POINT ( 'NONE',  ( 1.905052559612441687, 14.14960498177569725, -0.6142590404696935957 ) ) ;
#7488 = SPHERICAL_SURFACE ( 'NONE', #350, 1.000000000000000000 ) ;
#7489 = CARTESIAN_POINT ( 'NONE',  ( -2.972080985175203249, 43.69040101301123968, 3.147795270542765422 ) ) ;
#7490 = EDGE_LOOP ( 'NONE', ( #2911, #3254, #6325 ) ) ;
#7491 = ORIENTED_EDGE ( 'NONE', *, *, #1637, .T. ) ;
#7492 = CARTESIAN_POINT ( 'NONE',  ( 4.752812708171587630, 37.13239514139890218, 1.000000000000000000 ) ) ;
#7493 = VERTEX_POINT ( 'NONE', #5322 ) ;
#7494 = FACE_OUTER_BOUND ( 'NONE', #2208, .T. ) ;
#7495 = CARTESIAN_POINT ( 'NONE',  ( -1.876769273486767586, 14.18855849479343334, -0.6962512981102082499 ) ) ;
#7496 = CARTESIAN_POINT ( 'NONE',  ( 2.732189474663471174E-14, 15.99999999999999645, 4.000000000000017764 ) ) ;
#7497 = CARTESIAN_POINT ( 'NONE',  ( 9.436934691713835477, 26.00000000000001776, -1.000000000000000000 ) ) ;
#7498 = EDGE_LOOP ( 'NONE', ( #1751, #7211, #3214, #5285 ) ) ;
#7499 = ORIENTED_EDGE ( 'NONE', *, *, #3182, .T. ) ;
#7500 = DIRECTION ( 'NONE',  ( 0.000000000000000000, -0.000000000000000000, -1.000000000000000000 ) ) ;
#7501 = CARTESIAN_POINT ( 'NONE',  ( 7.105278337901154373, 19.37215832004302030, -12.30670308315979078 ) ) ;
#7502 = CIRCLE ( 'NONE', #5343, 1.999999999999999778 ) ;
#7503 = CARTESIAN_POINT ( 'NONE',  ( 1.510380950301307257, 37.13239514139892350, -4.616056544706115261 ) ) ;
#7504 = DIRECTION ( 'NONE',  ( -8.673617379884035472E-17, 1.000000000000000000, 0.000000000000000000 ) ) ;
#7505 = CARTESIAN_POINT ( 'NONE',  ( 2.732189474663471174E-14, 15.99999999999999645, 3.000000000000017319 ) ) ;
#7506 = DIRECTION ( 'NONE',  ( -0.000000000000000000, 0.000000000000000000, 1.000000000000000000 ) ) ;
#7507 = ORIENTED_EDGE ( 'NONE', *, *, #5560, .F. ) ;
#7508 = CARTESIAN_POINT ( 'NONE',  ( 6.126919372353710536, 21.54328311114342043, 8.612135646794545352 ) ) ;
#7509 = CARTESIAN_POINT ( 'NONE',  ( -1.661075309575799075, 14.84529863192828891, 1.122943228041471064 ) ) ;
#7510 = AXIS2_PLACEMENT_3D ( 'NONE', #1572, #4925, #7524 ) ;
#7511 = CARTESIAN_POINT ( 'NONE',  ( -1.057152010239111428, 47.40783853822884453, 1.000000000004708234 ) ) ;
#7512 = CARTESIAN_POINT ( 'NONE',  ( -5.833515323363537952, 28.00000000000012079, 10.10394492679745326 ) ) ;
#7513 = VECTOR ( 'NONE', #4732, 1000.000000000000000 ) ;
#7514 = CARTESIAN_POINT ( 'NONE',  ( -10.20776041926981037, 29.25648786325040973, 1.000000000000000000 ) ) ;
#7515 = EDGE_CURVE ( 'NONE', #2240, #7462, #8286, .T. ) ;
#7516 = CARTESIAN_POINT ( 'NONE',  ( -2.376406354085809358, 37.13239514139891639, -4.116056544706093057 ) ) ;
#7517 = CARTESIAN_POINT ( 'NONE',  ( 4.824153242026013366, 31.30501039359453230, -8.355678518686588063 ) ) ;
#7518 = CIRCLE ( 'NONE', #8335, 1.000000000000000666 ) ;
#7519 = AXIS2_PLACEMENT_3D ( 'NONE', #2610, #7250, #5794 ) ;
#7520 = AXIS2_PLACEMENT_3D ( 'NONE', #5894, #7139, #1898 ) ;
#7521 = AXIS2_PLACEMENT_3D ( 'NONE', #6923, #4254, #1045 ) ;
#7522 = ORIENTED_EDGE ( 'NONE', *, *, #6643, .T. ) ;
#7523 = CARTESIAN_POINT ( 'NONE',  ( 5.185277347663861391, 25.39791341877129938, 6.981163817489719037 ) ) ;
#7524 = DIRECTION ( 'NONE',  ( 0.4999999999999920619, 0.000000000000000000, -0.8660254037844432595 ) ) ;
#7525 = CARTESIAN_POINT ( 'NONE',  ( -2.826910364149181731, 37.56619757069945820, 4.896352379149522704 ) ) ;
#7526 = CARTESIAN_POINT ( 'NONE',  ( -0.7342708276415100821, 43.66794916001070703, -4.167870914138435801 ) ) ;
#7527 = DIRECTION ( 'NONE',  ( 9.388908478887766174E-27, 1.000000000000000000, -5.204170427930421283E-14 ) ) ;
#7528 = DIRECTION ( 'NONE',  ( 0.8660254037844363761, 0.000000000000000000, -0.5000000000000039968 ) ) ;
#7529 = AXIS2_PLACEMENT_3D ( 'NONE', #4232, #1589, #8182 ) ;
#7530 = CARTESIAN_POINT ( 'NONE',  ( -2.424949242113374481, 44.93308184570553721, 2.082398468372600675 ) ) ;
#7531 = FILL_AREA_STYLE_COLOUR ( '', #1272 ) ;
#7532 = ORIENTED_EDGE ( 'NONE', *, *, #123, .F. ) ;
#7533 = EDGE_LOOP ( 'NONE', ( #3233, #4450, #7436, #7226 ) ) ;
#7534 = CARTESIAN_POINT ( 'NONE',  ( -6.718026982048572293, 17.26321955728363733, 13.63596405952700863 ) ) ;
#7535 = ORIENTED_EDGE ( 'NONE', *, *, #6383, .T. ) ;
#7536 = B_SPLINE_CURVE_WITH_KNOTS ( 'NONE', 3,
 ( #3803, #49, #5788, #2459 ),
 .UNSPECIFIED., .F., .F.,
 ( 4, 4 ),
 ( 5.108237836797878491E-17, 0.004236356271268401120 ),
 .UNSPECIFIED. ) ;
#7537 = CARTESIAN_POINT ( 'NONE',  ( -0.6212712190042709581, 14.87132365550065671, -1.914065407168702437 ) ) ;
#7538 = CARTESIAN_POINT ( 'NONE',  ( -1.844870341662024016, 15.07529628916849163, -2.019682515812039725 ) ) ;
#7539 = DIRECTION ( 'NONE',  ( -0.000000000000000000, 0.000000000000000000, 1.000000000000000000 ) ) ;
#7540 = CARTESIAN_POINT ( 'NONE',  ( -2.598076211354242826, 43.02671304666235841, 2.500000000001620037 ) ) ;
#7541 = AXIS2_PLACEMENT_3D ( 'NONE', #5942, #1408, #1445 ) ;
#7542 = EDGE_CURVE ( 'NONE', #5250, #5721, #4958, .T. ) ;
#7543 = ADVANCED_FACE ( 'NONE', ( #2763 ), #161, .F. ) ;
#7544 = VERTEX_POINT ( 'NONE', #4836 ) ;
#7545 = ORIENTED_EDGE ( 'NONE', *, *, #8016, .F. ) ;
#7546 = AXIS2_PLACEMENT_3D ( 'NONE', #8419, #3693, #3830 ) ;
#7547 = CARTESIAN_POINT ( 'NONE',  ( -4.319251943879424793, 25.39791341877129938, -7.481163817489722589 ) ) ;
#7548 = CARTESIAN_POINT ( 'NONE',  ( -1.452368754827752850, 14.99999999999999645, 2.625000000000015987 ) ) ;
#7549 = DIRECTION ( 'NONE',  ( -3.469446951953614189E-15, 0.7565957564419877324, -0.6538829110276367373 ) ) ;
#7550 = DIRECTION ( 'NONE',  ( -1.000000000000000000, 0.000000000000000000, -0.000000000000000000 ) ) ;
#7551 = CARTESIAN_POINT ( 'NONE',  ( -0.1736485079103921303, 14.24642294642510443, -1.994163665802981988 ) ) ;
#7552 = CIRCLE ( 'NONE', #1407, 0.9999999999999972244 ) ;
#7553 = VERTEX_POINT ( 'NONE', #4043 ) ;
#7554 = CIRCLE ( 'NONE', #4416, 1.000000000000000888 ) ;
#7555 = CARTESIAN_POINT ( 'NONE',  ( -1.541355948324720559, 14.18855849479356657, 1.277204218826494930 ) ) ;
#7556 = CARTESIAN_POINT ( 'NONE',  ( -7.295681752009341103, 40.78962497853655123, -8.934633305195999188E-16 ) ) ;
#7557 = CARTESIAN_POINT ( 'NONE',  ( 0.8660254037844161701, 46.56319714095991458, -3.500000000000025313 ) ) ;
#7558 = DIRECTION ( 'NONE',  ( 0.000000000000000000, 1.000000000000000000, 0.000000000000000000 ) ) ;
#7559 = CARTESIAN_POINT ( 'NONE',  ( -3.234032061433846028, 35.87501333732006970, 5.601507843700595402 ) ) ;
#7560 = CARTESIAN_POINT ( 'NONE',  ( -2.522267523020238933, 44.74785203488152519, -1.662296692913736607 ) ) ;
#7561 = CARTESIAN_POINT ( 'NONE',  ( -5.968306045014346140, 29.25964147281569083, -8.337409305085213163 ) ) ;
#7562 = ORIENTED_EDGE ( 'NONE', *, *, #3945, .F. ) ;
#7563 = DIRECTION ( 'NONE',  ( -1.000000000000000000, 0.000000000000000000, -1.804112415015877864E-13 ) ) ;
#7564 = DIRECTION ( 'NONE',  ( 1.000000000000000000, 0.000000000000000000, 0.000000000000000000 ) ) ;
#7565 = CARTESIAN_POINT ( 'NONE',  ( -4.967489919579089808, 28.00000000000012079, 10.60394492679744260 ) ) ;
#7566 = CARTESIAN_POINT ( 'NONE',  ( 0.4580228405015229765, 44.30396230471872343, -3.109839101188627719 ) ) ;
#7567 = CARTESIAN_POINT ( 'NONE',  ( 2.411388970428255618, 40.00000000000000711, 6.176648213592883074 ) ) ;
#7568 = DIRECTION ( 'NONE',  ( -0.5000000000000041078, 3.469446951953614583E-15, -0.8660254037844363761 ) ) ;
#7569 = DIRECTION ( 'NONE',  ( 0.5000000000001549871, 0.000000000000000000, -0.8660254037843493347 ) ) ;
#7570 = CARTESIAN_POINT ( 'NONE',  ( -1.314618243408438136, 14.05162609757466896, -1.515894643052853707 ) ) ;
#7571 = EDGE_LOOP ( 'NONE', ( #7331, #2534, #5203, #1842 ) ) ;
#7572 = EDGE_LOOP ( 'NONE', ( #5240, #6725, #8253, #5083 ) ) ;
#7573 = CARTESIAN_POINT ( 'NONE',  ( 2.277414374212683779, 38.00000000000000711, 3.944597406024005437 ) ) ;
#7574 = ORIENTED_EDGE ( 'NONE', *, *, #4609, .T. ) ;
#7575 = CARTESIAN_POINT ( 'NONE',  ( -0.08864556140221108160, 44.81248536137172778, 3.003224602681521027 ) ) ;
#7576 = CARTESIAN_POINT ( 'NONE',  ( -1.419401598594489222, 14.85996621442065191, -1.426430511127775524 ) ) ;
#7577 = DIRECTION ( 'NONE',  ( 0.000000000000000000, 0.000000000000000000, -1.000000000000000000 ) ) ;
#7578 = CARTESIAN_POINT ( 'NONE',  ( -3.624906889895111561, 43.66794915999034998, -2.401721812625065677 ) ) ;
#7579 = CARTESIAN_POINT ( 'NONE',  ( 4.319251943879426570, 25.39791341877129227, 7.481163817489724366 ) ) ;
#7580 = CARTESIAN_POINT ( 'NONE',  ( -3.704221344080862899, 34.25427431979374404, -6.415899570431474963 ) ) ;
#7581 = ORIENTED_EDGE ( 'NONE', *, *, #5362, .T. ) ;
#7582 = ORIENTED_EDGE ( 'NONE', *, *, #5235, .F. ) ;
#7583 = EDGE_CURVE ( 'NONE', #3952, #1462, #1658, .T. ) ;
#7584 = CARTESIAN_POINT ( 'NONE',  ( -4.786061945686330255, 24.79582683754258454, -6.289702458100609128 ) ) ;
#7585 = CARTESIAN_POINT ( 'NONE',  ( 2.359739956870511080, 45.77237003093008383, -4.719479913741022159 ) ) ;
#7586 = ADVANCED_FACE ( 'NONE', ( #750 ), #5981, .T. ) ;
#7587 = ADVANCED_FACE ( 'NONE', ( #6195 ), #4963, .T. ) ;
#7588 = CARTESIAN_POINT ( 'NONE',  ( -1.084202172485504434E-16, 28.00000000000001066, 0.000000000000000000 ) ) ;
#7589 = CARTESIAN_POINT ( 'NONE',  ( -2.411388970428252065, 38.00000000000001421, -6.176648213592876857 ) ) ;
#7590 = ORIENTED_EDGE ( 'NONE', *, *, #8379, .F. ) ;
#7591 = DIRECTION ( 'NONE',  ( -0.8660254037844432595, 0.000000000000000000, -0.4999999999999919509 ) ) ;
#7592 = CARTESIAN_POINT ( 'NONE',  ( 9.110549278942425389, 23.11104036078664947, -1.000000000000000000 ) ) ;
#7593 = DIRECTION ( 'NONE',  ( -0.000000000000000000, 0.000000000000000000, 1.000000000000000000 ) ) ;
#7594 = CARTESIAN_POINT ( 'NONE',  ( 2.999501062348042257, 13.99999999999999645, -0.05471176265635933206 ) ) ;
#7595 = CARTESIAN_POINT ( 'NONE',  ( -8.267915776783581805, 31.40398960769650571, 1.000000000000000222 ) ) ;
#7596 = CIRCLE ( 'NONE', #3091, 0.9999999999999983347 ) ;
#7597 = CARTESIAN_POINT ( 'NONE',  ( 1.735895535881753382, 46.55821226602460428, 0.9999999999995108357 ) ) ;
#7598 = CARTESIAN_POINT ( 'NONE',  ( -3.704221344080524947, 34.25427431979340298, 6.415899570431960797 ) ) ;
#7599 = CARTESIAN_POINT ( 'NONE',  ( -8.427935170293682887, 14.99999999999999645, 14.59761191784562939 ) ) ;
#7600 = CARTESIAN_POINT ( 'NONE',  ( 2.888993045226677214, 15.02500059728507509, -0.3275566570622374662 ) ) ;
#7601 = AXIS2_PLACEMENT_3D ( 'NONE', #1216, #7187, #6899 ) ;
#7602 = AXIS2_PLACEMENT_3D ( 'NONE', #1729, #3188, #3229 ) ;
#7603 = ORIENTED_EDGE ( 'NONE', *, *, #3206, .F. ) ;
#7604 = CARTESIAN_POINT ( 'NONE',  ( 5.782091499542566737, 29.36137885656538060, -10.01487625122005554 ) ) ;
#7605 =( BOUNDED_SURFACE ( )  B_SPLINE_SURFACE ( 2, 3, ( 
 ( #5738, #6829, #8071, #7033 ),
 ( #6090, #7669, #6137, #2457 ),
 ( #5112, #1793, #1150, #6384 ) ),
 .UNSPECIFIED., .F., .F., .T. ) 
 B_SPLINE_SURFACE_WITH_KNOTS ( ( 3, 3 ),
 ( 4, 4 ),
 ( 0.4990637721114855041, 0.4994545371706148873 ),
 ( 0.000000000000000000, 1.000000000000000000 ),
 .UNSPECIFIED. ) 
 GEOMETRIC_REPRESENTATION_ITEM ( )  RATIONAL_B_SPLINE_SURFACE ( (
 ( 1.000000000000000000, 0.9096335575880760693, 0.9096335575880760693, 1.000000000000000000),
 ( 1.000000000000000000, 0.9096335575880760693, 0.9096335575880760693, 1.000000000000000000),
 ( 1.000000000000000000, 0.9096335575880760693, 0.9096335575880760693, 1.000000000000000000) ) ) 
 REPRESENTATION_ITEM ( '' )  SURFACE ( )  );
#7606 = FACE_OUTER_BOUND ( 'NONE', #2700, .T. ) ;
#7607 = CIRCLE ( 'NONE', #3908, 1.000000000000000888 ) ;
#7608 = FACE_OUTER_BOUND ( 'NONE', #617, .T. ) ;
#7609 = TOROIDAL_SURFACE ( 'NONE', #3511, 3.000000000000000000, 1.000000000000000000 ) ;
#7610 = DIRECTION ( 'NONE',  ( 0.000000000000000000, -1.000000000000000000, 0.000000000000000000 ) ) ;
#7611 = FACE_OUTER_BOUND ( 'NONE', #5669, .T. ) ;
#7612 = FACE_OUTER_BOUND ( 'NONE', #130, .T. ) ;
#7613 = DIRECTION ( 'NONE',  ( -0.8660254037844432595, 0.000000000000000000, -0.4999999999999919509 ) ) ;
#7614 = EDGE_LOOP ( 'NONE', ( #7933, #963, #2560, #6365, #7535, #8474 ) ) ;
#7615 = ORIENTED_EDGE ( 'NONE', *, *, #8224, .T. ) ;
#7616 = CARTESIAN_POINT ( 'NONE',  ( 3.054011138117356250, 24.79582683754257388, -7.289702458100661531 ) ) ;
#7617 = EDGE_LOOP ( 'NONE', ( #688, #6703, #6030, #2227 ) ) ;
#7618 = ADVANCED_FACE ( 'NONE', ( #8249 ), #1767, .T. ) ;
#7619 = CARTESIAN_POINT ( 'NONE',  ( 3.657663647950037955, 44.33440167102783391, -0.1000017852252591127 ) ) ;
#7620 = CARTESIAN_POINT ( 'NONE',  ( -7.899604925527275334, 18.03993936032889778, 13.68251709074126765 ) ) ;
#7621 = DIRECTION ( 'NONE',  ( -1.000000000000000000, 0.000000000000000000, 0.000000000000000000 ) ) ;
#7622 = DIRECTION ( 'NONE',  ( 0.8660254037844363761, 0.000000000000000000, -0.5000000000000041078 ) ) ;
#7623 = EDGE_CURVE ( 'NONE', #1185, #5105, #7367, .T. ) ;
#7624 = EDGE_LOOP ( 'NONE', ( #3121, #5401, #1060, #6336, #4006, #3988, #120, #7039, #2365 ) ) ;
#7625 = EDGE_LOOP ( 'NONE', ( #5251, #875, #143, #6634 ) ) ;
#7626 = CARTESIAN_POINT ( 'NONE',  ( -4.935982328591305368, 23.76221333098519750, -8.549372178371509534 ) ) ;
#7627 = CARTESIAN_POINT ( 'NONE',  ( -5.439478027198997978, 23.13903931696790650, 7.421452309763358457 ) ) ;
#7629 = ADVANCED_FACE ( 'NONE', ( #8123 ), #446, .T. ) ;
#7628 = CARTESIAN_POINT ( 'NONE',  ( -1.879192790194568863, 14.18536639737311766, 0.6894392629677024154 ) ) ;
#7630 = DIRECTION ( 'NONE',  ( -0.8660254037844432595, 0.000000000000000000, -0.4999999999999919509 ) ) ;
#7631 = EDGE_CURVE ( 'NONE', #4541, #2224, #5753, .T. ) ;
#7632 = ORIENTED_EDGE ( 'NONE', *, *, #3790, .T. ) ;
#7633 = AXIS2_PLACEMENT_3D ( 'NONE', #7179, #5257, #2654 ) ;
#7634 = EDGE_CURVE ( 'NONE', #1922, #7023, #3879, .T. ) ;
#7635 = CARTESIAN_POINT ( 'NONE',  ( -0.1700960735014669378, 44.75292953360997927, -3.014572516224883092 ) ) ;
#7636 = DIRECTION ( 'NONE',  ( -0.000000000000000000, -1.000000000000000000, -0.000000000000000000 ) ) ;
#7637 = CARTESIAN_POINT ( 'NONE',  ( -2.570746950964643673, 44.82651532657466475, 1.548550139310309604 ) ) ;
#7638 = CARTESIAN_POINT ( 'NONE',  ( 0.05588352401256704849, 44.82642464146975669, -3.000624304174985824 ) ) ;
#7639 = DIRECTION ( 'NONE',  ( 1.000000000000000000, 0.000000000000000000, 0.000000000000000000 ) ) ;
#7640 = CARTESIAN_POINT ( 'NONE',  ( 2.534942722604559329, 44.78081283569466109, -1.627772535748763794 ) ) ;
#7641 = CARTESIAN_POINT ( 'NONE',  ( 1.999667374898695060, 14.99999999999999467, -0.03647450843757289729 ) ) ;
#7642 = EDGE_CURVE ( 'NONE', #598, #599, #1385, .T. ) ;
#7643 = ADVANCED_FACE ( 'NONE', ( #2237 ), #4875, .T. ) ;
#7644 = VERTEX_POINT ( 'NONE', #4207 ) ;
#7645 = DIRECTION ( 'NONE',  ( 0.000000000000000000, 0.000000000000000000, -1.000000000000000000 ) ) ;
#7646 = CARTESIAN_POINT ( 'NONE',  ( 3.690212153650009874, 34.29947959746066033, -6.391634940830122069 ) ) ;
#7647 = AXIS2_PLACEMENT_3D ( 'NONE', #1696, #4300, #6930 ) ;
#7648 = DIRECTION ( 'NONE',  ( -8.673617379884035472E-17, 1.000000000000000000, 0.000000000000000000 ) ) ;
#7649 = SPHERICAL_SURFACE ( 'NONE', #7215, 1.000000000000000000 ) ;
#7650 = EDGE_CURVE ( 'NONE', #2419, #6856, #401, .T. ) ;
#7651 = AXIS2_PLACEMENT_3D ( 'NONE', #2746, #738, #5964 ) ;
#7652 = CARTESIAN_POINT ( 'NONE',  ( 1.217291255266962802, 44.91966063767151951, -2.948027963246844241 ) ) ;
#7653 = CARTESIAN_POINT ( 'NONE',  ( 4.528250983498717019, 32.02000061743815706, 7.843160772843559947 ) ) ;
#7654 = CARTESIAN_POINT ( 'NONE',  ( 3.661137118539044000, 35.39309234812642302, -4.341275502786047902 ) ) ;
#7655 = CIRCLE ( 'NONE', #3954, 1.999999999999999778 ) ;
#7656 = PRESENTATION_STYLE_ASSIGNMENT (( #5691 ) ) ;
#7657 = ORIENTED_EDGE ( 'NONE', *, *, #3201, .F. ) ;
#7658 =( BOUNDED_SURFACE ( )  B_SPLINE_SURFACE ( 3, 2, ( 
 ( #3401, #2150, #2704 ),
 ( #783, #105, #6752 ),
 ( #1991, #6008, #5352 ),
 ( #2111, #19, #4696 ),
 ( #6670, #1510, #7306 ),
 ( #702, #4783, #4118 ),
 ( #5310, #2790, #147 ),
 ( #742, #2753, #5397 ) ),
 .UNSPECIFIED., .F., .F., .T. ) 
 B_SPLINE_SURFACE_WITH_KNOTS ( ( 4, 2, 2, 4 ),
 ( 3, 3 ),
 ( 0.02544805186257384153, 0.02835232994442243859, 0.03125660802627103912, 0.03706516418996823325 ),
 ( 0.000000000000000000, 1.000000000000000000 ),
 .UNSPECIFIED. ) 
 GEOMETRIC_REPRESENTATION_ITEM ( )  RATIONAL_B_SPLINE_SURFACE ( (
 ( 1.000000000000000000, 0.7071067811865475727, 1.000000000000000000),
 ( 1.000000000000000000, 0.7071067811865475727, 1.000000000000000000),
 ( 1.000000000000000000, 0.7071067811865475727, 1.000000000000000000),
 ( 1.000000000000000000, 0.7071067811865475727, 1.000000000000000000),
 ( 1.000000000000000000, 0.7071067811865475727, 1.000000000000000000),
 ( 1.000000000000000000, 0.7071067811865475727, 1.000000000000000000),
 ( 1.000000000000000000, 0.7071067811865475727, 1.000000000000000000),
 ( 1.000000000000000000, 0.7071067811865475727, 1.000000000000000000) ) ) 
 REPRESENTATION_ITEM ( '' )  SURFACE ( )  );
#7659 = ORIENTED_EDGE ( 'NONE', *, *, #7029, .T. ) ;
#7660 = CARTESIAN_POINT ( 'NONE',  ( -5.909711354508528913, 18.61869244831272496, 12.23592032407571750 ) ) ;
#7661 = AXIS2_PLACEMENT_3D ( 'NONE', #4507, #7131, #4638 ) ;
#7662 = CARTESIAN_POINT ( 'NONE',  ( 1.135882609370141960, 44.16587267647926041, 3.709615041540328839 ) ) ;
#7663 = ORIENTED_EDGE ( 'NONE', *, *, #747, .F. ) ;
#7664 = CARTESIAN_POINT ( 'NONE',  ( 4.752812708171587630, 37.13239514139890218, 1.000000000000000000 ) ) ;
#7665 = CARTESIAN_POINT ( 'NONE',  ( 0.07110682590785549761, 14.84529987683922947, -1.999997482886694877 ) ) ;
#7666 = CARTESIAN_POINT ( 'NONE',  ( -2.669629046847174170, 15.07569494948030275, -0.5899853338938302327 ) ) ;
#7667 = CIRCLE ( 'NONE', #819, 2.000000000000000000 ) ;
#7668 = DIRECTION ( 'NONE',  ( -0.8660254037844434816, 0.000000000000000000, -0.4999999999999916733 ) ) ;
#7669 = CARTESIAN_POINT ( 'NONE',  ( 0.4603780408030829219, 45.66546799581742988, -2.575647170483238657 ) ) ;
#7670 = DIRECTION ( 'NONE',  ( -0.5000000000000039968, 0.000000000000000000, -0.8660254037844363761 ) ) ;
#7671 = DIRECTION ( 'NONE',  ( -0.8660254037844362651, -0.000000000000000000, 0.5000000000000039968 ) ) ;
#7672 = ORIENTED_EDGE ( 'NONE', *, *, #8199, .T. ) ;
#7673 = ORIENTED_EDGE ( 'NONE', *, *, #3471, .F. ) ;
#7674 = ORIENTED_EDGE ( 'NONE', *, *, #2146, .F. ) ;
#7675 = DIRECTION ( 'NONE',  ( 0.000000000000000000, 1.000000000000000000, 0.000000000000000000 ) ) ;
#7676 = CARTESIAN_POINT ( 'NONE',  ( -0.8220173529881469321, 48.46887637871932952, -1.006680920180514107E-16 ) ) ;
#7677 = AXIS2_PLACEMENT_3D ( 'NONE', #5989, #759, #6811 ) ;
#7678 = CARTESIAN_POINT ( 'NONE',  ( -2.525799765602553926, 15.10261212769952266, 0.7517130739237160020 ) ) ;
#7679 = DIRECTION ( 'NONE',  ( -0.4999999999999920619, 0.000000000000000000, 0.8660254037844432595 ) ) ;
#7680 = ADVANCED_FACE ( 'NONE', ( #4292 ), #6164, .T. ) ;
#7681 = EDGE_CURVE ( 'NONE', #5546, #1623, #7945, .T. ) ;
#7682 = ORIENTED_EDGE ( 'NONE', *, *, #7025, .T. ) ;
#7683 = CIRCLE ( 'NONE', #6466, 0.9999999999999994449 ) ;
#7684 = AXIS2_PLACEMENT_3D ( 'NONE', #1608, #396, #5646 ) ;
#7685 = FACE_OUTER_BOUND ( 'NONE', #6939, .T. ) ;
#7686 = CARTESIAN_POINT ( 'NONE',  ( 10.51738371462352717, 21.54799404452224465, -1.000000000000000000 ) ) ;
#7687 = CARTESIAN_POINT ( 'NONE',  ( -3.852441942072401204, 26.00000000000000711, 8.672625176878892006 ) ) ;
#7688 = CARTESIAN_POINT ( 'NONE',  ( 3.718467345856859563, 26.00000000000001066, -6.440574369310011704 ) ) ;
#7689 = CARTESIAN_POINT ( 'NONE',  ( 5.833515323363747562, 28.00000000000001066, 10.10394492679749234 ) ) ;
#7690 = CYLINDRICAL_SURFACE ( 'NONE', #6633, 1.000000000000000000 ) ;
#7691 = TOROIDAL_SURFACE ( 'NONE', #3989, 2.000000000000000000, 1.000000000000000000 ) ;
#7692 = CARTESIAN_POINT ( 'NONE',  ( 2.428250826632860182, 15.11606122244217154, -0.8684025325946524987 ) ) ;
#7693 = ORIENTED_EDGE ( 'NONE', *, *, #2593, .T. ) ;
#7694 = FACE_OUTER_BOUND ( 'NONE', #7454, .T. ) ;
#7695 = MECHANICAL_DESIGN_GEOMETRIC_PRESENTATION_REPRESENTATION (  '', ( #8243 ), #5790 ) ;
#7696 = CARTESIAN_POINT ( 'NONE',  ( 2.598076211353337328, 15.99999999999999645, 2.500000000000003997 ) ) ;
#7697 = CARTESIAN_POINT ( 'NONE',  ( -11.24999050847928039, 22.23024743433079209, 0.000000000000000000 ) ) ;
#7698 = DIRECTION ( 'NONE',  ( -0.4841229182759176908, 0.000000000000000000, 0.8750000000000053291 ) ) ;
#7699 = AXIS2_PLACEMENT_3D ( 'NONE', #7866, #946, #2230 ) ;
#7700 = EDGE_CURVE ( 'NONE', #2098, #4061, #5221, .T. ) ;
#7701 = CARTESIAN_POINT ( 'NONE',  ( 5.311719055760998565, 30.65002721925232976, 7.200167280109747381 ) ) ;
#7702 = CARTESIAN_POINT ( 'NONE',  ( 7.011388416339417340, 28.78166749643568068, -10.14408096869998843 ) ) ;
#7703 = VERTEX_POINT ( 'NONE', #5222 ) ;
#7704 = EDGE_LOOP ( 'NONE', ( #3142, #8178, #673, #1841 ) ) ;
#7705 = CARTESIAN_POINT ( 'NONE',  ( 5.584492749641286835, 26.00000000000001066, -7.672625176878906217 ) ) ;
#7706 = ORIENTED_EDGE ( 'NONE', *, *, #1175, .F. ) ;
#7707 = DIRECTION ( 'NONE',  ( -0.8660254037844432595, 0.000000000000000000, -0.4999999999999919509 ) ) ;
#7708 = CARTESIAN_POINT ( 'NONE',  ( -9.436934691713835477, 28.00000000000001066, 1.000000000000000000 ) ) ;
#7709 = CARTESIAN_POINT ( 'NONE',  ( 2.868182475677293120, 44.42692250555026590, 1.196056192777266824 ) ) ;
#7710 = CARTESIAN_POINT ( 'NONE',  ( 16.85587034058762868, 14.99999999999999822, 0.000000000000000000 ) ) ;
#7711 = CARTESIAN_POINT ( 'NONE',  ( 5.833515323363606342, 27.00000000000001066, -10.10394492679757050 ) ) ;
#7712 = CARTESIAN_POINT ( 'NONE',  ( 6.682091992262675362, 39.99999999998643574, 0.000000000000000000 ) ) ;
#7713 = CARTESIAN_POINT ( 'NONE',  ( 1.775737858763662015E-15, 0.000000000000000000, -13.99999999999999822 ) ) ;
#7714 = ORIENTED_EDGE ( 'NONE', *, *, #6472, .T. ) ;
#7715 = EDGE_CURVE ( 'NONE', #151, #2475, #2733, .T. ) ;
#7716 = ORIENTED_EDGE ( 'NONE', *, *, #1772, .F. ) ;
#7717 = VERTEX_POINT ( 'NONE', #3905 ) ;
#7718 = CARTESIAN_POINT ( 'NONE',  ( -11.58306294371591605, 29.34631447911087676, 0.000000000000000000 ) ) ;
#7719 = CARTESIAN_POINT ( 'NONE',  ( 3.143439777997071083, 38.00000000000002132, -3.444597406024044073 ) ) ;
#7720 = CARTESIAN_POINT ( 'NONE',  ( 1.331522714760968062, 15.00000000000000355, 2.659927962733870555 ) ) ;
#7721 = CARTESIAN_POINT ( 'NONE',  ( 4.752812708171587630, 37.13239514139890218, -1.000000000000000000 ) ) ;
#7722 = ORIENTED_EDGE ( 'NONE', *, *, #3129, .F. ) ;
#7723 = CARTESIAN_POINT ( 'NONE',  ( 2.677084810006001625, 45.35253749461744377, 1.000000000003816725 ) ) ;
#7724 = DIRECTION ( 'NONE',  ( 0.8660254037844362651, 0.000000000000000000, -0.5000000000000039968 ) ) ;
#7725 = CYLINDRICAL_SURFACE ( 'NONE', #3327, 1.000000000000000222 ) ;
#7726 = ADVANCED_FACE ( 'NONE', ( #4478 ), #2625, .T. ) ;
#7727 = FACE_OUTER_BOUND ( 'NONE', #2652, .T. ) ;
#7728 = DIRECTION ( 'NONE',  ( 0.000000000000000000, -0.000000000000000000, -1.000000000000000000 ) ) ;
#7729 = DIRECTION ( 'NONE',  ( -0.000000000000000000, 0.000000000000000000, 1.000000000000000000 ) ) ;
#7730 = CARTESIAN_POINT ( 'NONE',  ( 6.145363012555123738, 28.78166749643568068, 10.64408096869989784 ) ) ;
#7731 = CARTESIAN_POINT ( 'NONE',  ( 2.484248178901494963, 43.73572938270840638, 2.213999054390175303 ) ) ;
#7732 = EDGE_CURVE ( 'NONE', #3419, #4592, #4229, .T. ) ;
#7733 = CARTESIAN_POINT ( 'NONE',  ( 4.236255237445472055, 29.25964147281568728, 9.337409305085222044 ) ) ;
#7734 = EDGE_LOOP ( 'NONE', ( #2189, #2872, #5314, #5910, #362, #6942, #2898, #5697, #6536 ) ) ;
#7735 = AXIS2_PLACEMENT_3D ( 'NONE', #2717, #7878, #116 ) ;
#7736 = DIRECTION ( 'NONE',  ( 8.673617379884035472E-17, -1.000000000000000000, -0.000000000000000000 ) ) ;
#7737 = CARTESIAN_POINT ( 'NONE',  ( 1.346993657610905171, 14.87132365550055724, -1.495069361882068737 ) ) ;
#7738 = CARTESIAN_POINT ( 'NONE',  ( -2.695744417360304457, 44.75292953359241466, -1.359978737382588010 ) ) ;
#7739 = CARTESIAN_POINT ( 'NONE',  ( 2.443659656239689948, 44.70983392016766089, 2.350555483907925680 ) ) ;
#7740 = DIRECTION ( 'NONE',  ( -1.000000000000000000, -8.673617379884035472E-17, 0.000000000000000000 ) ) ;
#7741 = CARTESIAN_POINT ( 'NONE',  ( 12.00228273611805641, 21.50371023307365093, 0.000000000000000000 ) ) ;
#7742 = CIRCLE ( 'NONE', #6663, 1.000000000000000222 ) ;
#7743 = EDGE_CURVE ( 'NONE', #730, #3807, #272, .T. ) ;
#7744 = ORIENTED_EDGE ( 'NONE', *, *, #1888, .F. ) ;
#7745 = ORIENTED_EDGE ( 'NONE', *, *, #8036, .F. ) ;
#7746 = AXIS2_PLACEMENT_3D ( 'NONE', #68, #6591, #1994 ) ;
#7747 = DIRECTION ( 'NONE',  ( -1.000000000000000000, -8.673617379884035472E-17, 0.000000000000000000 ) ) ;
#7748 = VERTEX_POINT ( 'NONE', #7095 ) ;
#7749 = EDGE_CURVE ( 'NONE', #4143, #5226, #691, .T. ) ;
#7750 = CARTESIAN_POINT ( 'NONE',  ( 8.727539662843588175, 16.80059265058807583, -15.11654212111796625 ) ) ;
#7751 = AXIS2_PLACEMENT_3D ( 'NONE', #6961, #4251, #5598 ) ;
#7752 = DIRECTION ( 'NONE',  ( 0.8660254037844364872, 0.000000000000000000, -0.5000000000000037748 ) ) ;
#7753 = CARTESIAN_POINT ( 'NONE',  ( -8.427935170293686440, 15.99999999999998579, 14.59761191784563650 ) ) ;
#7754 = CARTESIAN_POINT ( 'NONE',  ( -6.682091992272578551, 40.00000000000000711, -1.000000000000000000 ) ) ;
#7755 = CARTESIAN_POINT ( 'NONE',  ( 3.272943020808963599, 44.79313117425271429, 0.3222790355384401728 ) ) ;
#7756 = CARTESIAN_POINT ( 'NONE',  ( 3.277414374212691772, 38.00000000000000711, 5.676648213592877745 ) ) ;
#7757 = CARTESIAN_POINT ( 'NONE',  ( 8.927935170293668676, 16.00000000000000000, -15.46363732163006510 ) ) ;
#7758 = CARTESIAN_POINT ( 'NONE',  ( -1.707965426812281473, 42.63562818006688815, -4.958282903275175180 ) ) ;
#7759 = CIRCLE ( 'NONE', #1178, 2.000000000000000000 ) ;
#7760 = EDGE_LOOP ( 'NONE', ( #305, #7935, #7830 ) ) ;
#7761 = EDGE_LOOP ( 'NONE', ( #3610, #5866, #6171, #4372, #4171 ) ) ;
#7762 = EDGE_CURVE ( 'NONE', #1643, #4771, #1506, .T. ) ;
#7763 = EDGE_LOOP ( 'NONE', ( #4063, #5252, #3202, #7256 ) ) ;
#7764 = CARTESIAN_POINT ( 'NONE',  ( -8.273790755030812960, 31.39650875750191972, 1.000000000000000000 ) ) ;
#7765 = CARTESIAN_POINT ( 'NONE',  ( 0.2779134228424055553, 44.63173322656044206, 3.038367778378937345 ) ) ;
#7766 = CARTESIAN_POINT ( 'NONE',  ( 5.103680354277794429, 23.95343529709312591, 6.839833679200189032 ) ) ;
#7767 = CARTESIAN_POINT ( 'NONE',  ( -1.816610171721020350, 14.24439848807945808, 0.8406066404927003965 ) ) ;
#7768 = CARTESIAN_POINT ( 'NONE',  ( -7.902556881860889781, 18.03552053695905499, 13.68763002908646165 ) ) ;
#7769 = ORIENTED_EDGE ( 'NONE', *, *, #361, .T. ) ;
#7770 = DIRECTION ( 'NONE',  ( -1.000000000000000000, -8.673617379884035472E-17, 0.000000000000000000 ) ) ;
#7771 = DIRECTION ( 'NONE',  ( -0.5000000000000039968, 0.000000000000000000, -0.8660254037844362651 ) ) ;
#7772 = CARTESIAN_POINT ( 'NONE',  ( 0.2167975739800889479, 48.12803495882156568, -1.000000000006533440 ) ) ;
#7773 = CARTESIAN_POINT ( 'NONE',  ( 0.7170169330997158141, 43.66794915997508042, 4.170873808068349398 ) ) ;
#7774 = CARTESIAN_POINT ( 'NONE',  ( 2.695744417340129040, 44.75292953359978299, -1.359978737390203918 ) ) ;
#7775 = CARTESIAN_POINT ( 'NONE',  ( 1.998793947461531939, 14.97071171927278321, -0.08436038981346659360 ) ) ;
#7776 = CARTESIAN_POINT ( 'NONE',  ( -1.946988073158707921, 14.08666688988851945, -0.4645888144662632668 ) ) ;
#7777 = DIRECTION ( 'NONE',  ( 0.000000000000000000, 0.000000000000000000, -1.000000000000000000 ) ) ;
#7778 = ORIENTED_EDGE ( 'NONE', *, *, #8339, .T. ) ;
#7779 = LINE ( 'NONE', #4440, #7249 ) ;
#7780 = CARTESIAN_POINT ( 'NONE',  ( 3.464101615137773926, 0.000000000000000000, 2.000000000000000000 ) ) ;
#7781 = CARTESIAN_POINT ( 'NONE',  ( 1.487393041486434031, 14.15138986908800867, -1.339584157069357406 ) ) ;
#7782 = CARTESIAN_POINT ( 'NONE',  ( -11.24999050864387939, 22.23024743450133300, 1.000000000000000000 ) ) ;
#7783 = AXIS2_PLACEMENT_3D ( 'NONE', #7496, #7032, #422 ) ;
#7784 = CARTESIAN_POINT ( 'NONE',  ( 2.090960323555514311, 45.25013936595924946, 2.064590514892292727 ) ) ;
#7785 = CARTESIAN_POINT ( 'NONE',  ( 1.969365049133307899, 45.00809433392844738, -2.421998642819115588 ) ) ;
#7786 = CARTESIAN_POINT ( 'NONE',  ( 1.903144505628481475, 40.93458482073858562, -5.296342977900270199 ) ) ;
#7787 =( NAMED_UNIT ( * ) SI_UNIT ( $, .STERADIAN. ) SOLID_ANGLE_UNIT ( ) );
#7788 =( BOUNDED_SURFACE ( )  B_SPLINE_SURFACE ( 3, 2, ( 
 ( #7335, #4600, #2784 ),
 ( #7252, #5963, #857 ),
 ( #2027, #100, #2699 ),
 ( #2106, #8025, #5425 ),
 ( #6046, #4023, #7905 ),
 ( #2067, #4687, #7300 ),
 ( #2617, #1468, #3437 ),
 ( #6660, #7860, #775 ) ),
 .UNSPECIFIED., .F., .F., .T. ) 
 B_SPLINE_SURFACE_WITH_KNOTS ( ( 4, 2, 2, 4 ),
 ( 3, 3 ),
 ( 0.008298553682578658705, 0.008919219878567388043, 0.009539886074556115647, 0.01078121846653357085 ),
 ( 0.000000000000000000, 1.000000000000000000 ),
 .UNSPECIFIED. ) 
 GEOMETRIC_REPRESENTATION_ITEM ( )  RATIONAL_B_SPLINE_SURFACE ( (
 ( 1.000000000000000000, 0.9368214105121347446, 1.000000000000000000),
 ( 1.000000000000000000, 0.9229681980588069212, 1.000000000000000000),
 ( 1.000000000000000000, 0.9031388468706442740, 1.000000000000000000),
 ( 1.000000000000000000, 0.8625285703002492088, 1.000000000000000000),
 ( 1.000000000000000000, 0.8419470338514010166, 1.000000000000000000),
 ( 1.000000000000000000, 0.7815592418800474395, 1.000000000000000000),
 ( 1.000000000000000000, 0.7426999707306487508, 1.000000000000000000),
 ( 1.000000000000000000, 0.7071067811870939135, 1.000000000000000000) ) ) 
 REPRESENTATION_ITEM ( '' )  SURFACE ( )  );
#7789 = ORIENTED_EDGE ( 'NONE', *, *, #6612, .F. ) ;
#7790 = EDGE_LOOP ( 'NONE', ( #1969, #3120, #4853 ) ) ;
#7791 = CARTESIAN_POINT ( 'NONE',  ( 0.5429895346007905799, 44.10604460145963657, 3.157432358467092026 ) ) ;
#7792 = ORIENTED_EDGE ( 'NONE', *, *, #5347, .F. ) ;
#7793 = FACE_OUTER_BOUND ( 'NONE', #4288, .T. ) ;
#7794 = CARTESIAN_POINT ( 'NONE',  ( 2.411388970428255618, 38.00000000000000711, 6.176648213592882186 ) ) ;
#7795 = DIRECTION ( 'NONE',  ( -0.8660254037844363761, 0.000000000000000000, 0.5000000000000039968 ) ) ;
#7796 = CARTESIAN_POINT ( 'NONE',  ( -5.584492749641395193, 28.00000000000001066, -7.672625176878829834 ) ) ;
#7797 = CARTESIAN_POINT ( 'NONE',  ( -2.677084810036818752, 45.35253749460528638, -0.9999999999883626423 ) ) ;
#7798 = CARTESIAN_POINT ( 'NONE',  ( 1.314618243408437470, 14.05162609757466363, 1.515894643052853707 ) ) ;
#7799 = CIRCLE ( 'NONE', #7647, 0.9999999999999987788 ) ;
#7800 = CARTESIAN_POINT ( 'NONE',  ( 6.321131476596688614, 28.60386827335757687, -8.948520878788547961 ) ) ;
#7801 = CARTESIAN_POINT ( 'NONE',  ( -8.427935170293679334, 15.99999999999999645, 14.59761191784562939 ) ) ;
#7802 = CARTESIAN_POINT ( 'NONE',  ( -2.106055581389773224, 43.69040101300036838, -3.647795270526301703 ) ) ;
#7803 = AXIS2_PLACEMENT_3D ( 'NONE', #1775, #5649, #6281 ) ;
#7804 = ORIENTED_EDGE ( 'NONE', *, *, #8169, .T. ) ;
#7805 = EDGE_CURVE ( 'NONE', #2344, #1543, #3963, .T. ) ;
#7806 = AXIS2_PLACEMENT_3D ( 'NONE', #6271, #7591, #7091 ) ;
#7807 = VERTEX_POINT ( 'NONE', #7868 ) ;
#7808 = VERTEX_POINT ( 'NONE', #4523 ) ;
#7809 = AXIS2_PLACEMENT_3D ( 'NONE', #7689, #4432, #3777 ) ;
#7810 = DIRECTION ( 'NONE',  ( 0.000000000000000000, 0.000000000000000000, 1.000000000000000000 ) ) ;
#7811 = CARTESIAN_POINT ( 'NONE',  ( -3.469446951953502269E-16, 15.99999999999999645, 6.009258394948572030E-16 ) ) ;
#7812 = FACE_OUTER_BOUND ( 'NONE', #8451, .T. ) ;
#7813 = CARTESIAN_POINT ( 'NONE',  ( 3.442316937175843972, 42.63044204981257224, -3.962267856419775747 ) ) ;
#7814 = ADVANCED_FACE ( 'NONE', ( #7145 ), #5082, .T. ) ;
#7815 = CARTESIAN_POINT ( 'NONE',  ( 2.449446513334972826E-11, 48.93147645931806977, 0.000000000000000000 ) ) ;
#7816 = AXIS2_PLACEMENT_3D ( 'NONE', #6947, #6823, #938 ) ;
#7817 = VERTEX_POINT ( 'NONE', #483 ) ;
#7818 = FACE_OUTER_BOUND ( 'NONE', #8107, .T. ) ;
#7819 = CARTESIAN_POINT ( 'NONE',  ( 12.29072602511014445, 28.78166749643568068, 0.000000000000000000 ) ) ;
#7820 = AXIS2_PLACEMENT_3D ( 'NONE', #7410, #6073, #6113 ) ;
#7821 = CARTESIAN_POINT ( 'NONE',  ( -15.16658548249677985, 17.26435667894342885, -1.000000000000000000 ) ) ;
#7822 = DIRECTION ( 'NONE',  ( 0.4999999999999919509, 0.000000000000000000, -0.8660254037844432595 ) ) ;
#7823 = DIRECTION ( 'NONE',  ( -4.807406715958428642E-14, -1.000000000000000000, -2.775557561563720286E-14 ) ) ;
#7824 = CARTESIAN_POINT ( 'NONE',  ( 0.8660254037844432595, 40.00000000000000711, 0.4999999999999920064 ) ) ;
#7826 = DIRECTION ( 'NONE',  ( 0.000000000000000000, 0.000000000000000000, 1.000000000000000000 ) ) ;
#7825 = CIRCLE ( 'NONE', #7546, 1.000000000000000666 ) ;
#7827 = AXIS2_PLACEMENT_3D ( 'NONE', #4200, #6092, #3012 ) ;
#7828 = CIRCLE ( 'NONE', #3314, 1.000000000000000222 ) ;
#7829 = DIRECTION ( 'NONE',  ( 1.224646799147353207E-16, 1.000000000000000000, -0.000000000000000000 ) ) ;
#7830 = ORIENTED_EDGE ( 'NONE', *, *, #5059, .F. ) ;
#7831 = ORIENTED_EDGE ( 'NONE', *, *, #5090, .T. ) ;
#7832 = DIRECTION ( 'NONE',  ( -0.000000000000000000, 1.000000000000000000, 0.000000000000000000 ) ) ;
#7833 = CIRCLE ( 'NONE', #1533, 0.8220173529896603881 ) ;
#7834 = CARTESIAN_POINT ( 'NONE',  ( 1.031421538346819489, 14.99999999999999467, -1.713525491562434055 ) ) ;
#7835 = CARTESIAN_POINT ( 'NONE',  ( 2.853340124328139993, 43.83320318803548332, 3.070044721631599582 ) ) ;
#7836 = CARTESIAN_POINT ( 'NONE',  ( 2.301614058297595911, 45.41684043252562475, -1.622199362641182585 ) ) ;
#7837 = CARTESIAN_POINT ( 'NONE',  ( 1.367205194276479574, 41.94482352973570016, -4.368068860865107261 ) ) ;
#7838 = CARTESIAN_POINT ( 'NONE',  ( -1.698583558444829666, 15.01715472476382018, -2.380442209646072893 ) ) ;
#7839 = AXIS2_PLACEMENT_3D ( 'NONE', #771, #2742, #3395 ) ;
#7840 = ORIENTED_EDGE ( 'NONE', *, *, #2029, .F. ) ;
#7841 = VERTEX_POINT ( 'NONE', #1125 ) ;
#7842 = CIRCLE ( 'NONE', #1807, 1.000000000000000888 ) ;
#7843 = ORIENTED_EDGE ( 'NONE', *, *, #4916, .F. ) ;
#7844 = CARTESIAN_POINT ( 'NONE',  ( -8.727539662843591728, 16.80059265058806872, 15.11654212111797513 ) ) ;
#7845 = CIRCLE ( 'NONE', #5928, 2.000000000000000000 ) ;
#7846 = CARTESIAN_POINT ( 'NONE',  ( -16.85587034058778144, 15.99999999999988276, 1.000000000000000000 ) ) ;
#7847 = DIRECTION ( 'NONE',  ( 0.000000000000000000, 0.000000000000000000, -1.000000000000000000 ) ) ;
#7848 = FACE_OUTER_BOUND ( 'NONE', #8403, .T. ) ;
#7849 = CARTESIAN_POINT ( 'NONE',  ( 1.812039904387954037, 14.24767090890297716, 0.8505477325239544362 ) ) ;
#7850 = DIRECTION ( 'NONE',  ( 0.5000000000000039968, 4.336808689942052249E-17, 0.8660254037844363761 ) ) ;
#7851 = DIRECTION ( 'NONE',  ( -0.4999999999999919509, -4.336808689941948094E-17, 0.8660254037844432595 ) ) ;
#7852 = EDGE_CURVE ( 'NONE', #8271, #6948, #142, .T. ) ;
#7853 = EDGE_LOOP ( 'NONE', ( #4272, #8057, #471, #6510 ) ) ;
#7854 = EDGE_LOOP ( 'NONE', ( #7714, #8404, #6642, #7706 ) ) ;
#7855 = EDGE_LOOP ( 'NONE', ( #1664, #5416, #1593, #6652 ) ) ;
#7856 = CARTESIAN_POINT ( 'NONE',  ( -5.653820728298455833, 37.56619757069945820, 0.000000000000000000 ) ) ;
#7857 = CARTESIAN_POINT ( 'NONE',  ( -9.641583466759099608, 31.31292076351908094, -0.9999999999988510302 ) ) ;
#7858 = AXIS2_PLACEMENT_3D ( 'NONE', #2578, #3152, #5223 ) ;
#7859 = CARTESIAN_POINT ( 'NONE',  ( -3.206871993088775685, 43.62250610406119478, -1.024591357544940351 ) ) ;
#7860 = CARTESIAN_POINT ( 'NONE',  ( 4.212111162779105911, 43.69040101299246004, -0.9999999999984549026 ) ) ;
#7861 = CARTESIAN_POINT ( 'NONE',  ( -0.5442071514230664153, 45.33504885730860678, 2.822241454203183508 ) ) ;
#7862 = EDGE_LOOP ( 'NONE', ( #2009, #5693, #3006, #3841, #6651, #808 ) ) ;
#7863 = EDGE_CURVE ( 'NONE', #1654, #2998, #541, .T. ) ;
#7864 = FACE_OUTER_BOUND ( 'NONE', #2176, .T. ) ;
#7865 = ADVANCED_FACE ( 'NONE', ( #5716 ), #2434, .T. ) ;
#7866 = CARTESIAN_POINT ( 'NONE',  ( 3.852441942072401204, 26.00000000000001066, -8.672625176878890230 ) ) ;
#7867 = CARTESIAN_POINT ( 'NONE',  ( -1.208196927885403893, 44.93541591460681417, -2.941000089911657067 ) ) ;
#7868 = CARTESIAN_POINT ( 'NONE',  ( -2.411388970428168133, 40.00000000000000711, 6.176648213592913272 ) ) ;
#7869 = CARTESIAN_POINT ( 'NONE',  ( -0.4182099104781685783, 14.15059254850085857, 1.957546958177090790 ) ) ;
#7870 = CARTESIAN_POINT ( 'NONE',  ( 2.868182475677163001, 44.42692250555053590, -1.196056192777316118 ) ) ;
#7871 = ORIENTED_EDGE ( 'NONE', *, *, #4233, .T. ) ;
#7872 = ORIENTED_EDGE ( 'NONE', *, *, #1051, .F. ) ;
#7873 = CARTESIAN_POINT ( 'NONE',  ( -4.935982328591905777, 23.76221333098793664, 8.549372178368779274 ) ) ;
#7874 = CARTESIAN_POINT ( 'NONE',  ( -1.904390350121408115, 14.15059254850087100, 0.6165930725000045021 ) ) ;
#7875 = CARTESIAN_POINT ( 'NONE',  ( 1.729524980526144562, 15.02555247998980015, -2.335029572169627254 ) ) ;
#7876 = CARTESIAN_POINT ( 'NONE',  ( -16.85587034058779565, 15.99999999999987566, 1.000000000000000000 ) ) ;
#7877 = CARTESIAN_POINT ( 'NONE',  ( 2.516918874886578728, 45.15213708246182733, 1.651250566676226272 ) ) ;
#7878 = DIRECTION ( 'NONE',  ( 0.8660254037844363761, 0.000000000000000000, -0.5000000000000039968 ) ) ;
#7879 = CYLINDRICAL_SURFACE ( 'NONE', #2463, 1.000000000000000222 ) ;
#7880 =( BOUNDED_SURFACE ( )  B_SPLINE_SURFACE ( 3, 2, ( 
 ( #3845, #1631, #2965 ),
 ( #4238, #6221, #1146 ),
 ( #1788, #3751, #5823 ),
 ( #6377, #8437, #2549 ),
 ( #503, #2769, #1331 ),
 ( #6688, #841, #721 ),
 ( #121, #5986, #7362 ),
 ( #82, #4584, #4627 ) ),
 .UNSPECIFIED., .F., .F., .T. ) 
 B_SPLINE_SURFACE_WITH_KNOTS ( ( 4, 2, 2, 4 ),
 ( 3, 3 ),
 ( 0.02243345746864394696, 0.02822659411895466278, 0.03112316244411002242, 0.03401973076926537859 ),
 ( 0.000000000000000000, 1.000000000000000000 ),
 .UNSPECIFIED. ) 
 GEOMETRIC_REPRESENTATION_ITEM ( )  RATIONAL_B_SPLINE_SURFACE ( (
 ( 1.000000000000000000, 0.7071067811865475727, 1.000000000000000000),
 ( 1.000000000000000000, 0.7071067811865475727, 1.000000000000000000),
 ( 1.000000000000000000, 0.7071067811865475727, 1.000000000000000000),
 ( 1.000000000000000000, 0.7071067811865475727, 1.000000000000000000),
 ( 1.000000000000000000, 0.7071067811865475727, 1.000000000000000000),
 ( 1.000000000000000000, 0.7071067811865475727, 1.000000000000000000),
 ( 1.000000000000000000, 0.7071067811865475727, 1.000000000000000000),
 ( 1.000000000000000000, 0.7071067811865475727, 1.000000000000000000) ) ) 
 REPRESENTATION_ITEM ( '' )  SURFACE ( )  );
#7881 = ORIENTED_EDGE ( 'NONE', *, *, #4219, .F. ) ;
#7882 = ORIENTED_EDGE ( 'NONE', *, *, #3583, .F. ) ;
#7883 = CARTESIAN_POINT ( 'NONE',  ( -8.339595752520969937E-15, 14.26794919243110904, 2.000000000000000000 ) ) ;
#7884 = ORIENTED_EDGE ( 'NONE', *, *, #8184, .T. ) ;
#7885 = FACE_OUTER_BOUND ( 'NONE', #1391, .T. ) ;
#7886 = CARTESIAN_POINT ( 'NONE',  ( -1.998780138864962641, 14.97024872007115626, -0.08511738581791100655 ) ) ;
#7887 = CARTESIAN_POINT ( 'NONE',  ( 11.66703064672740098, 27.00000000000001066, 0.000000000000000000 ) ) ;
#7888 = CARTESIAN_POINT ( 'NONE',  ( -0.8660254037844364872, 40.00000000000000711, 0.5000000000000041078 ) ) ;
#7889 = CARTESIAN_POINT ( 'NONE',  ( 2.464101615137773926, 15.99999999999999645, 2.000000000000000000 ) ) ;
#7890 = AXIS2_PLACEMENT_3D ( 'NONE', #5413, #7527, #883 ) ;
#7891 = DIRECTION ( 'NONE',  ( 0.000000000000000000, 0.000000000000000000, -1.000000000000000000 ) ) ;
#7892 = CARTESIAN_POINT ( 'NONE',  ( -2.598076211353274267, 14.99999999999999645, 2.499999999999992006 ) ) ;
#7893 = FACE_OUTER_BOUND ( 'NONE', #7328, .T. ) ;
#7894 = AXIS2_PLACEMENT_3D ( 'NONE', #4307, #3871, #3243 ) ;
#7895 = ORIENTED_EDGE ( 'NONE', *, *, #4431, .F. ) ;
#7896 = VERTEX_POINT ( 'NONE', #4569 ) ;
#7897 = ORIENTED_EDGE ( 'NONE', *, *, #1887, .F. ) ;
#7898 = AXIS2_PLACEMENT_3D ( 'NONE', #6837, #4291, #4339 ) ;
#7899 = ORIENTED_EDGE ( 'NONE', *, *, #8362, .T. ) ;
#7900 = DIRECTION ( 'NONE',  ( 0.000000000000000000, 1.000000000000000000, 0.000000000000000000 ) ) ;
#7901 = FACE_OUTER_BOUND ( 'NONE', #6991, .T. ) ;
#7902 = EDGE_CURVE ( 'NONE', #2829, #5936, #2979, .T. ) ;
#7903 = AXIS2_PLACEMENT_3D ( 'NONE', #4892, #463, #3080 ) ;
#7904 = CIRCLE ( 'NONE', #7479, 1.000000000000000000 ) ;
#7905 = CARTESIAN_POINT ( 'NONE',  ( 3.004956368106397768, 44.10833792003949583, -1.108956930320766698 ) ) ;
#7906 = UNCERTAINTY_MEASURE_WITH_UNIT (LENGTH_MEASURE( 1.000000000000000082E-05 ), #2248, 'distance_accuracy_value', 'NONE');
#7907 = EDGE_LOOP ( 'NONE', ( #4425, #8390, #1287, #4635, #7045 ) ) ;
#7908 = CARTESIAN_POINT ( 'NONE',  ( -3.234447645857904785, 35.87328699889675931, -5.602227657042502251 ) ) ;
#7909 = EDGE_CURVE ( 'NONE', #5135, #3255, #1232, .T. ) ;
#7910 = CARTESIAN_POINT ( 'NONE',  ( 0.1104847588027337152, 48.16028615003118318, -1.000000000001220135 ) ) ;
#7911 = CARTESIAN_POINT ( 'NONE',  ( -8.727539662843799562, 16.80059265058807227, -15.11654212111784901 ) ) ;
#7912 = DIRECTION ( 'NONE',  ( -3.469446951953611033E-15, 1.000000000000000000, 0.000000000000000000 ) ) ;
#7913 = EDGE_CURVE ( 'NONE', #5617, #6916, #7, .T. ) ;
#7914 = ORIENTED_EDGE ( 'NONE', *, *, #1145, .T. ) ;
#7915 = VERTEX_POINT ( 'NONE', #7390 ) ;
#7916 = DIRECTION ( 'NONE',  ( 0.3318439831649550031, 0.7480095476445356439, 0.5747706390116271713 ) ) ;
#7917 = CARTESIAN_POINT ( 'NONE',  ( -3.714390024513658517, 34.31822911140538679, -6.433512241584596225 ) ) ;
#7918 = EDGE_CURVE ( 'NONE', #7225, #6910, #6020, .T. ) ;
#7919 = CARTESIAN_POINT ( 'NONE',  ( -2.519740788071003212, 45.42283659940028429, 1.241940977403906077 ) ) ;
#7920 = FACE_OUTER_BOUND ( 'NONE', #1849, .T. ) ;
#7921 = CARTESIAN_POINT ( 'NONE',  ( -2.598076211353274267, 43.02671304668388785, 2.499999999999992006 ) ) ;
#7922 = EDGE_CURVE ( 'NONE', #5226, #5105, #5747, .T. ) ;
#7923 = ORIENTED_EDGE ( 'NONE', *, *, #1452, .F. ) ;
#7924 = ORIENTED_EDGE ( 'NONE', *, *, #5954, .F. ) ;
#7925 = CIRCLE ( 'NONE', #8322, 0.9999999999999994449 ) ;
#7926 = CARTESIAN_POINT ( 'NONE',  ( 1.911019268145016436, 15.10298961089040581, 1.820920511080738935 ) ) ;
#7927 = CARTESIAN_POINT ( 'NONE',  ( 6.124717261098142629, 21.54799404451773270, -8.608321478216275580 ) ) ;
#7928 = CARTESIAN_POINT ( 'NONE',  ( 2.793423218693492416, 45.28715179894722098, 0.8285516066899452081 ) ) ;
#7929 = CARTESIAN_POINT ( 'NONE',  ( 1.636291791117079342, 14.24439848807942965, 1.152927237237267644 ) ) ;
#7930 = CARTESIAN_POINT ( 'NONE',  ( 3.658031764715835354, 32.03055223285388564, 8.335896872186355111 ) ) ;
#7931 = CARTESIAN_POINT ( 'NONE',  ( -2.838195940007403273, 34.25427431936859080, -6.915899569931486468 ) ) ;
#7932 = ORIENTED_EDGE ( 'NONE', *, *, #500, .F. ) ;
#7933 = ORIENTED_EDGE ( 'NONE', *, *, #1037, .F. ) ;
#7934 = CARTESIAN_POINT ( 'NONE',  ( 0.3401921469701589262, 44.75292953360347781, 2.029145032444095609 ) ) ;
#7935 = ORIENTED_EDGE ( 'NONE', *, *, #387, .F. ) ;
#7936 = AXIS2_PLACEMENT_3D ( 'NONE', #4173, #6201, #2939 ) ;
#7937 = DIRECTION ( 'NONE',  ( -8.673617379884035472E-17, 1.000000000000000000, 0.000000000000000000 ) ) ;
#7938 = CARTESIAN_POINT ( 'NONE',  ( -0.2650328696597095135, 44.66788532309915638, -3.030959694911203872 ) ) ;
#7939 = ADVANCED_FACE ( 'NONE', ( #743 ), #6987, .F. ) ;
#7940 = DIRECTION ( 'NONE',  ( -1.000000000000000000, -8.673617379884035472E-17, 0.000000000000000000 ) ) ;
#7941 = CARTESIAN_POINT ( 'NONE',  ( -1.800402239096615009, 15.05445558130095129, 2.151842557797449373 ) ) ;
#7942 = CIRCLE ( 'NONE', #3671, 1.999999999999999778 ) ;
#7943 = CARTESIAN_POINT ( 'NONE',  ( 3.277414374212611392, 38.00000000000002132, -5.676648213592922154 ) ) ;
#7944 = CIRCLE ( 'NONE', #7510, 0.9999999999999994449 ) ;
#7945 = CIRCLE ( 'NONE', #6846, 1.000000000000000000 ) ;
#7946 = VERTEX_POINT ( 'NONE', #5353 ) ;
#7947 =( BOUNDED_SURFACE ( )  B_SPLINE_SURFACE ( 3, 2, ( 
 ( #7094, #4521, #480 ),
 ( #1310, #4387, #3107 ),
 ( #7007, #1165, #1212 ),
 ( #612, #8372, #5805 ),
 ( #6547, #1124, #5850 ),
 ( #656, #5172, #3731 ) ),
 .UNSPECIFIED., .F., .F., .F. ) 
 B_SPLINE_SURFACE_WITH_KNOTS ( ( 4, 2, 4 ),
 ( 3, 3 ),
 ( 0.02353340272940517355, 0.02986736026464136690, 0.03620131779987755677 ),
 ( 0.000000000000000000, 1.000000000000000000 ),
 .UNSPECIFIED. ) 
 GEOMETRIC_REPRESENTATION_ITEM ( )  RATIONAL_B_SPLINE_SURFACE ( (
 ( 1.000000000000000000, 0.7071067811865476838, 1.000000000000000000),
 ( 1.000000000000000000, 0.7071067811865476838, 1.000000000000000000),
 ( 1.000000000000000000, 0.7071067811865470176, 1.000000000000000000),
 ( 1.000000000000000000, 0.7071067811865470176, 1.000000000000000000),
 ( 1.000000000000000000, 0.7071067811865476838, 1.000000000000000000),
 ( 1.000000000000000000, 0.7071067811865476838, 1.000000000000000000) ) ) 
 REPRESENTATION_ITEM ( '' )  SURFACE ( )  );
#7948 = DIRECTION ( 'NONE',  ( -1.000000000000000000, -8.673617379884035472E-17, 0.000000000000000000 ) ) ;
#7949 = CARTESIAN_POINT ( 'NONE',  ( -1.057152010264145625, 47.40783853821978511, -1.000000000000459410 ) ) ;
#7950 = DIRECTION ( 'NONE',  ( 0.6020865812287158336, 0.7984308039550560565, 0.000000000000000000 ) ) ;
#7951 = AXIS2_PLACEMENT_3D ( 'NONE', #7497, #8062, #5500 ) ;
#7952 = CARTESIAN_POINT ( 'NONE',  ( 0.000000000000000000, 5.000000000000000000, -15.00000000000000000 ) ) ;
#7953 = EDGE_CURVE ( 'NONE', #3123, #1560, #4664, .T. ) ;
#7954 = CARTESIAN_POINT ( 'NONE',  ( -0.2807405699888805284, 14.84829097422514010, 1.984253505782092031 ) ) ;
#7955 = CARTESIAN_POINT ( 'NONE',  ( -5.833515323363748450, 28.00000000000001776, -10.10394492679749057 ) ) ;
#7956 = EDGE_LOOP ( 'NONE', ( #6389, #4679 ) ) ;
#7957 = AXIS2_PLACEMENT_3D ( 'NONE', #3756, #8191, #5468 ) ;
#7958 = DIRECTION ( 'NONE',  ( 0.4999999999999919509, -0.000000000000000000, -0.8660254037844432595 ) ) ;
#7959 = DIRECTION ( 'NONE',  ( 0.5992089850997902589, -0.8005926505880998079, -2.664535259100375303E-15 ) ) ;
#7960 = DIRECTION ( 'NONE',  ( 0.4999999999999916178, 1.099770615227994615E-15, -0.8660254037844434816 ) ) ;
#7961 = CARTESIAN_POINT ( 'NONE',  ( 6.554828748425329366, 38.00000000000000711, 0.000000000000000000 ) ) ;
#7962 = CARTESIAN_POINT ( 'NONE',  ( 2.582735145991250647, 45.39936764444151862, -1.142601602959538942 ) ) ;
#7963 = DIRECTION ( 'NONE',  ( 0.000000000000000000, -0.5583083738401179996, 0.8296335092677989964 ) ) ;
#7964 = ORIENTED_EDGE ( 'NONE', *, *, #1946, .F. ) ;
#7965 = VERTEX_POINT ( 'NONE', #5934 ) ;
#7966 = AXIS2_PLACEMENT_3D ( 'NONE', #3492, #2200, #3452 ) ;
#7967 = VECTOR ( 'NONE', #5944, 1000.000000000000000 ) ;
#7968 = CARTESIAN_POINT ( 'NONE',  ( 1.971547448057308749, 15.12081041668318271, 1.640824649615990616 ) ) ;
#7969 = EDGE_CURVE ( 'NONE', #5661, #1439, #7129, .T. ) ;
#7970 = CARTESIAN_POINT ( 'NONE',  ( 0.01634366464504953542, 45.16345078860071283, 2.998580688321509147 ) ) ;
#7971 = EDGE_CURVE ( 'NONE', #3651, #3043, #1773, .T. ) ;
#7972 = CARTESIAN_POINT ( 'NONE',  ( -8.727539662843799562, 16.80059265058807227, -15.11654212111784901 ) ) ;
#7973 = DIRECTION ( 'NONE',  ( 0.000000000000000000, 1.000000000000000000, 0.000000000000000000 ) ) ;
#7974 = CARTESIAN_POINT ( 'NONE',  ( 3.954766329596822505, 31.31292076351740761, 8.849856214922406039 ) ) ;
#7975 = CARTESIAN_POINT ( 'NONE',  ( 5.147981636548155215, 42.63562815998751887, 0.000000000000000000 ) ) ;
#7976 = AXIS2_PLACEMENT_3D ( 'NONE', #3730, #569, #7005 ) ;
#7977 = ORIENTED_EDGE ( 'NONE', *, *, #8256, .F. ) ;
#7978 = ORIENTED_EDGE ( 'NONE', *, *, #2721, .T. ) ;
#7979 = EDGE_LOOP ( 'NONE', ( #2295, #5957, #2442, #1875 ) ) ;
#7980 = AXIS2_PLACEMENT_3D ( 'NONE', #1201, #4422, #3676 ) ;
#7981 = ORIENTED_EDGE ( 'NONE', *, *, #110, .F. ) ;
#7982 = CARTESIAN_POINT ( 'NONE',  ( 0.9682458365518351595, 13.99999999999999645, -1.750000000000010658 ) ) ;
#7983 = CARTESIAN_POINT ( 'NONE',  ( -0.8660254037853256648, 43.02671304668066909, -3.500000000001540990 ) ) ;
#7984 = CYLINDRICAL_SURFACE ( 'NONE', #1356, 1.000000000000000000 ) ;
#7985 = CARTESIAN_POINT ( 'NONE',  ( -1.957143279474627962, 15.11504360730094376, 1.688357477484130786 ) ) ;
#7986 = EDGE_CURVE ( 'NONE', #1628, #3966, #7667, .T. ) ;
#7987 = CARTESIAN_POINT ( 'NONE',  ( -7.500000000000002665, 28.00000000000001066, 1.000000000000000000 ) ) ;
#7988 = ORIENTED_EDGE ( 'NONE', *, *, #5346, .F. ) ;
#7989 = DIRECTION ( 'NONE',  ( -0.4999999999999919509, 0.000000000000000000, 0.8660254037844432595 ) ) ;
#7990 = CARTESIAN_POINT ( 'NONE',  ( -3.647840876011598787, 40.78962497853699887, 6.318245735178892097 ) ) ;
#7991 = DIRECTION ( 'NONE',  ( 0.6236953783828811382, 0.7816674964355591060, 0.000000000000000000 ) ) ;
#7992 = DIRECTION ( 'NONE',  ( -2.255140518769847203E-13, -1.000000000000000000, 0.000000000000000000 ) ) ;
#7993 = CARTESIAN_POINT ( 'NONE',  ( 6.322449049387827813, 28.60176568097863381, 8.950802981805168201 ) ) ;
#7994 = ORIENTED_EDGE ( 'NONE', *, *, #7158, .T. ) ;
#7995 = EDGE_CURVE ( 'NONE', #151, #2334, #3993, .T. ) ;
#7996 = CARTESIAN_POINT ( 'NONE',  ( -2.374317601030452529, 15.12248766560537483, 0.9359089128510161837 ) ) ;
#7997 = DIRECTION ( 'NONE',  ( 1.000000000000000000, 0.000000000000000000, 0.000000000000000000 ) ) ;
#7998 = DIRECTION ( 'NONE',  ( 0.000000000000000000, 0.000000000000000000, -1.000000000000000000 ) ) ;
#7999 = CARTESIAN_POINT ( 'NONE',  ( -12.29072602511014445, 28.78166749643568068, 0.000000000000000000 ) ) ;
#8000 = CARTESIAN_POINT ( 'NONE',  ( -2.370130319767931315, 45.42988364338719975, 1.498200805617026177 ) ) ;
#8001 = EDGE_CURVE ( 'NONE', #5631, #7946, #1641, .T. ) ;
#8002 = DIRECTION ( 'NONE',  ( -1.000000000000000000, 0.000000000000000000, 0.000000000000000000 ) ) ;
#8003 = CARTESIAN_POINT ( 'NONE',  ( -2.907194090426099997, 15.01811893563425748, -0.2866698565250958008 ) ) ;
#8004 = ORIENTED_EDGE ( 'NONE', *, *, #6565, .F. ) ;
#8005 = EDGE_LOOP ( 'NONE', ( #1831, #589, #1236 ) ) ;
#8006 = CARTESIAN_POINT ( 'NONE',  ( 16.85587034058763223, 16.00000000000000000, 0.000000000000000000 ) ) ;
#8007 = CARTESIAN_POINT ( 'NONE',  ( -2.677084810029702666, 45.35253749460266448, -1.000000000002162270 ) ) ;
#8008 = DIRECTION ( 'NONE',  ( -0.5000000000000039968, 0.000000000000000000, -0.8660254037844362651 ) ) ;
#8009 = EDGE_CURVE ( 'NONE', #2475, #151, #954, .T. ) ;
#8010 = CARTESIAN_POINT ( 'NONE',  ( -0.2413233637051038494, 15.13026897845205276, -2.508297718763870865 ) ) ;
#8011 = CARTESIAN_POINT ( 'NONE',  ( 3.980774799711557677, 43.66668134716944394, 1.439888910069558214 ) ) ;
#8012 = CARTESIAN_POINT ( 'NONE',  ( 8.710763923973962197E-15, 14.26794919243110904, -2.000000000000000000 ) ) ;
#8013 = ADVANCED_FACE ( 'NONE', ( #227, #1475 ), #6753, .T. ) ;
#8014 = DIRECTION ( 'NONE',  ( -1.000000000000000000, -1.734723475976808672E-14, 0.000000000000000000 ) ) ;
#8015 = ORIENTED_EDGE ( 'NONE', *, *, #4285, .T. ) ;
#8016 = EDGE_CURVE ( 'NONE', #1274, #1532, #1437, .T. ) ;
#8017 = VERTEX_POINT ( 'NONE', #2662 ) ;
#8018 = DIRECTION ( 'NONE',  ( -0.8660254037844432595, 0.000000000000000000, -0.4999999999999919509 ) ) ;
#8019 = ORIENTED_EDGE ( 'NONE', *, *, #3163, .F. ) ;
#8020 = CARTESIAN_POINT ( 'NONE',  ( 0.9682458365518352705, 14.99999999999999467, -1.750000000000010436 ) ) ;
#8021 = CARTESIAN_POINT ( 'NONE',  ( -0.5420933111825970707, 44.10833792213244919, -3.156847017567060654 ) ) ;
#8022 = CIRCLE ( 'NONE', #2670, 1.000000000000000444 ) ;
#8023 = CARTESIAN_POINT ( 'NONE',  ( 5.833515323363612559, 28.00000000000001066, -10.10394492679757583 ) ) ;
#8024 = EDGE_CURVE ( 'NONE', #3043, #8035, #5361, .T. ) ;
#8025 = CARTESIAN_POINT ( 'NONE',  ( 3.301313179531377262, 44.66918538640948100, -0.9203831621669806839 ) ) ;
#8026 = AXIS2_PLACEMENT_3D ( 'NONE', #643, #3305, #1459 ) ;
#8027 = ADVANCED_FACE ( 'NONE', ( #1352 ), #3364, .T. ) ;
#8028 = AXIS2_PLACEMENT_3D ( 'NONE', #1067, #423, #4500 ) ;
#8029 = EDGE_LOOP ( 'NONE', ( #3936, #5985, #7341, #7428 ) ) ;
#8030 = DIRECTION ( 'NONE',  ( -0.000000000000000000, 0.000000000000000000, 1.000000000000000000 ) ) ;
#8031 = CIRCLE ( 'NONE', #5308, 0.9999999999999995559 ) ;
#8032 = CARTESIAN_POINT ( 'NONE',  ( -3.689470330059445136, 23.11045397239180588, -8.390350064680786701 ) ) ;
#8033 = CARTESIAN_POINT ( 'NONE',  ( -0.4725170012123527941, 45.35253749460910200, -2.818423453577485027 ) ) ;
#8034 = CARTESIAN_POINT ( 'NONE',  ( 0.08517628359975167041, 14.26795665965070370, 2.000002154510242214 ) ) ;
#8035 = VERTEX_POINT ( 'NONE', #4647 ) ;
#8036 = EDGE_CURVE ( 'NONE', #7023, #7462, #6027, .T. ) ;
#8037 = CARTESIAN_POINT ( 'NONE',  ( 2.373371803541866498, 15.12390791857641226, 0.9342650951523693292 ) ) ;
#8038 = DIRECTION ( 'NONE',  ( 2.255140518769849223E-13, 0.000000000000000000, 1.000000000000000000 ) ) ;
#8039 = CARTESIAN_POINT ( 'NONE',  ( 0.000000000000000000, 6.000000000000000000, 0.000000000000000000 ) ) ;
#8040 = B_SPLINE_CURVE_WITH_KNOTS ( 'NONE', 3,
 ( #4659, #6636, #3372, #2761, #6719, #869, #7269, #5404, #2002, #4617, #832, #194, #2797, #4791 ),
 .UNSPECIFIED., .F., .F.,
 ( 4, 2, 2, 2, 2, 2, 4 ),
 ( 4.615886500517519565E-15, 0.0008759574981588673630, 0.001751914996313118844, 0.002189893745390245668, 0.002627872494467371842, 0.003065851243544498884, 0.003503829992621625925 ),
 .UNSPECIFIED. ) ;
#8041 = DIRECTION ( 'NONE',  ( 1.000000000000000000, 0.000000000000000000, 0.000000000000000000 ) ) ;
#8042 = CYLINDRICAL_SURFACE ( 'NONE', #4034, 1.000000000000000222 ) ;
#8043 = CARTESIAN_POINT ( 'NONE',  ( 0.000000000000000000, 6.000000000000000000, 0.000000000000000000 ) ) ;
#8044 = CARTESIAN_POINT ( 'NONE',  ( -2.102773475496757083, 15.13392073375905333, -1.358122734164956658 ) ) ;
#8045 = ORIENTED_EDGE ( 'NONE', *, *, #6120, .T. ) ;
#8046 = ORIENTED_EDGE ( 'NONE', *, *, #4352, .F. ) ;
#8047 = DIRECTION ( 'NONE',  ( -3.469446951953611033E-15, -1.000000000000000000, 0.000000000000000000 ) ) ;
#8048 = DIRECTION ( 'NONE',  ( -0.5000000000000041078, 0.000000000000000000, -0.8660254037844362651 ) ) ;
#8049 = CARTESIAN_POINT ( 'NONE',  ( -6.322449049387700803, 28.60176568097863026, 8.950802981805251690 ) ) ;
#8050 = DIRECTION ( 'NONE',  ( -0.4999999999999920619, 0.000000000000000000, 0.8660254037844432595 ) ) ;
#8051 = CARTESIAN_POINT ( 'NONE',  ( -0.4989472294901764471, 48.19448705228523977, 0.8437710310595925023 ) ) ;
#8052 = CARTESIAN_POINT ( 'NONE',  ( 5.306982624108158575, 30.66112020816224160, -7.191963539840700470 ) ) ;
#8053 = ADVANCED_FACE ( 'NONE', ( #311 ), #4911, .T. ) ;
#8054 = DIRECTION ( 'NONE',  ( 0.000000000000000000, -0.5467874866480758600, 0.8372714281791061586 ) ) ;
#8055 = VERTEX_POINT ( 'NONE', #8114 ) ;
#8056 = VERTEX_POINT ( 'NONE', #2347 ) ;
#8057 = ORIENTED_EDGE ( 'NONE', *, *, #144, .T. ) ;
#8058 = B_SPLINE_CURVE_WITH_KNOTS ( 'NONE', 3,
 ( #3974, #3850, #6611, #3345, #8400, #1245, #5953, #6485 ),
 .UNSPECIFIED., .F., .F.,
 ( 4, 2, 2, 4 ),
 ( 0.001703292784701137316, 0.008028433723008010850, 0.01119100419216144914, 0.01435357466131488569 ),
 .UNSPECIFIED. ) ;
#8059 = DIRECTION ( 'NONE',  ( -0.5000000000000041078, 0.000000000000000000, -0.8660254037844362651 ) ) ;
#8060 = DIRECTION ( 'NONE',  ( 0.000000000000000000, 0.000000000000000000, 1.000000000000000000 ) ) ;
#8061 = CARTESIAN_POINT ( 'NONE',  ( 7.295681752009341103, 40.78962497853655123, 0.000000000000000000 ) ) ;
#8062 = DIRECTION ( 'NONE',  ( -0.000000000000000000, 0.000000000000000000, 1.000000000000000000 ) ) ;
#8063 = CARTESIAN_POINT ( 'NONE',  ( -6.179275788254407153, 41.65714473247329153, -7.567430259300283470E-16 ) ) ;
#8064 = ORIENTED_EDGE ( 'NONE', *, *, #4215, .F. ) ;
#8065 = AXIS2_PLACEMENT_3D ( 'NONE', #2164, #81, #6068 ) ;
#8066 = EDGE_LOOP ( 'NONE', ( #8356, #7899, #176, #1400 ) ) ;
#8067 = CARTESIAN_POINT ( 'NONE',  ( -5.833515323363607230, 28.00000000000001066, 10.10394492679757228 ) ) ;
#8068 = AXIS2_PLACEMENT_3D ( 'NONE', #3438, #3941, #4025 ) ;
#8069 = CARTESIAN_POINT ( 'NONE',  ( -7.108967192505842192, 19.36570602585523559, -12.31309236676096930 ) ) ;
#8070 = EDGE_CURVE ( 'NONE', #4515, #8086, #1639, .T. ) ;
#8071 = CARTESIAN_POINT ( 'NONE',  ( -0.1773490307076354688, 48.19448705228524688, -1.029507302848491346 ) ) ;
#8072 = AXIS2_PLACEMENT_3D ( 'NONE', #6478, #546, #6872 ) ;
#8073 = DIRECTION ( 'NONE',  ( -0.000000000000000000, -1.000000000000000000, -0.000000000000000000 ) ) ;
#8074 = CARTESIAN_POINT ( 'NONE',  ( 2.852441942072416747, 26.00000000000001066, -6.940574369310003711 ) ) ;
#8075 = ORIENTED_EDGE ( 'NONE', *, *, #1402, .F. ) ;
#8076 = AXIS2_PLACEMENT_3D ( 'NONE', #363, #5016, #7563 ) ;
#8077 = AXIS2_PLACEMENT_3D ( 'NONE', #4784, #5311, #2835 ) ;
#8078 = CARTESIAN_POINT ( 'NONE',  ( 3.054011138117459279, 24.79582683754257744, 7.289702458100619786 ) ) ;
#8079 = LINE ( 'NONE', #7557, #2533 ) ;
#8080 = CARTESIAN_POINT ( 'NONE',  ( -1.903634283136101502, 44.56479366223073413, 2.902837096539949702 ) ) ;
#8081 = CARTESIAN_POINT ( 'NONE',  ( 2.114653612057610488, 45.27644547230101324, -2.009456626609648300 ) ) ;
#8082 = CARTESIAN_POINT ( 'NONE',  ( -2.484248178899460591, 43.73572938271392019, -2.213999054381412535 ) ) ;
#8083 = EDGE_CURVE ( 'NONE', #7040, #798, #4244, .T. ) ;
#8084 = CARTESIAN_POINT ( 'NONE',  ( -2.763751439545380606, 15.05445558130094597, -0.4832727971893582830 ) ) ;
#8085 = ORIENTED_EDGE ( 'NONE', *, *, #992, .F. ) ;
#8086 = VERTEX_POINT ( 'NONE', #7505 ) ;
#8087 = CARTESIAN_POINT ( 'NONE',  ( -2.475020592342125791, 40.00000000000000711, 6.286861415715903512 ) ) ;
#8088 = DIRECTION ( 'NONE',  ( -0.5000000000000041078, 0.000000000000000000, -0.8660254037844362651 ) ) ;
#8089 = CARTESIAN_POINT ( 'NONE',  ( -1.217291256668836086, 44.91966063728088443, 2.948027962966140780 ) ) ;
#8090 = AXIS2_PLACEMENT_3D ( 'NONE', #6186, #507, #2312 ) ;
#8091 = CARTESIAN_POINT ( 'NONE',  ( -2.376406354085755179, 37.13239514139890929, 4.116056544706127696 ) ) ;
#8092 = CARTESIAN_POINT ( 'NONE',  ( 1.489267203389269545, 14.15265430622003429, -1.337418603302096720 ) ) ;
#8093 = CARTESIAN_POINT ( 'NONE',  ( -2.752141262599614446, 45.11785347688147851, 1.285062762668601533 ) ) ;
#8094 = PLANE ( 'NONE',  #4973 ) ;
#8095 = CIRCLE ( 'NONE', #1795, 1.000000000000000000 ) ;
#8096 = VERTEX_POINT ( 'NONE', #6266 ) ;
#8097 = CIRCLE ( 'NONE', #6315, 0.9999999999999993339 ) ;
#8098 = ORIENTED_EDGE ( 'NONE', *, *, #3738, .F. ) ;
#8099 = VERTEX_POINT ( 'NONE', #4286 ) ;
#8100 = ORIENTED_EDGE ( 'NONE', *, *, #1159, .T. ) ;
#8101 = CARTESIAN_POINT ( 'NONE',  ( -3.341045996126569051, 40.00000000000000711, 5.786861415715912393 ) ) ;
#8102 = CARTESIAN_POINT ( 'NONE',  ( -3.301313177204083349, 44.66918538115293558, 0.9203831625255419757 ) ) ;
#8103 = CARTESIAN_POINT ( 'NONE',  ( 5.147981636558305318, 42.63562815997718758, 0.000000000000000000 ) ) ;
#8104 = CIRCLE ( 'NONE', #4127, 0.9999999999999995559 ) ;
#8105 = CARTESIAN_POINT ( 'NONE',  ( 1.927387219539653085, 44.75292953360189330, 0.7199574747839417865 ) ) ;
#8106 = ADVANCED_FACE ( 'NONE', ( #949 ), #4568, .T. ) ;
#8107 = EDGE_LOOP ( 'NONE', ( #4246, #70, #6593, #6038 ) ) ;
#8108 = ORIENTED_EDGE ( 'NONE', *, *, #6756, .F. ) ;
#8109 = CIRCLE ( 'NONE', #2090, 1.999999999999999778 ) ;
#8110 = CARTESIAN_POINT ( 'NONE',  ( -6.653438907393374180, 29.35288596414271467, -9.524094232661980186 ) ) ;
#8111 = CARTESIAN_POINT ( 'NONE',  ( 3.575865998474502039, 30.65890518818009980, -8.193581590416011196 ) ) ;
#8112 = AXIS2_PLACEMENT_3D ( 'NONE', #2192, #6705, #146 ) ;
#8113 = SPHERICAL_SURFACE ( 'NONE', #3694, 1.000000000000000000 ) ;
#8114 = CARTESIAN_POINT ( 'NONE',  ( -3.277414374212688220, 39.00000000000000711, -5.676648213592872416 ) ) ;
#8115 = CARTESIAN_POINT ( 'NONE',  ( 11.56581369446796792, 29.36007771870516692, 0.000000000000000000 ) ) ;
#8116 = B_SPLINE_CURVE_WITH_KNOTS ( 'NONE', 3,
 ( #1526, #6196, #4130, #2845 ),
 .UNSPECIFIED., .F., .F.,
 ( 4, 4 ),
 ( 8.171426775677987418E-15, 0.004426925196712596690 ),
 .UNSPECIFIED. ) ;
#8117 = EDGE_CURVE ( 'NONE', #1628, #2250, #2848, .T. ) ;
#8118 = EDGE_LOOP ( 'NONE', ( #6902, #3433, #6208, #1154 ) ) ;
#8119 = EDGE_CURVE ( 'NONE', #1339, #3136, #2314, .T. ) ;
#8120 = CARTESIAN_POINT ( 'NONE',  ( 1.999667374898694838, 14.99999999999999467, 0.03647450843758193173 ) ) ;
#8121 = CARTESIAN_POINT ( 'NONE',  ( 0.3508650525587204694, 44.51833621044487188, -3.061953292594756348 ) ) ;
#8122 = CARTESIAN_POINT ( 'NONE',  ( -16.85587034058773170, 15.99999999999992362, -1.000000000000000000 ) ) ;
#8123 = FACE_OUTER_BOUND ( 'NONE', #3585, .T. ) ;
#8124 = CARTESIAN_POINT ( 'NONE',  ( 3.464101615137773926, 43.02671304668722030, 1.000000000000000000 ) ) ;
#8125 = CARTESIAN_POINT ( 'NONE',  ( 4.925506068210301791, 29.34631447948780192, -10.53122676313029338 ) ) ;
#8126 = AXIS2_PLACEMENT_3D ( 'NONE', #4740, #5432, #744 ) ;
#8127 = ORIENTED_EDGE ( 'NONE', *, *, #123, .T. ) ;
#8128 = DIRECTION ( 'NONE',  ( 0.5992089850997902589, 0.8005926505880998079, 0.000000000000000000 ) ) ;
#8129 = CARTESIAN_POINT ( 'NONE',  ( -4.590015125063126256, 28.60237706257816725, 9.950139404119155984 ) ) ;
#8130 = CARTESIAN_POINT ( 'NONE',  ( 4.069153984033786919, 43.85152090674692715, -5.281113018563556627E-13 ) ) ;
#8131 = CARTESIAN_POINT ( 'NONE',  ( 1.375839752221221124, 14.08666688988852833, -1.453846724987636563 ) ) ;
#8132 = CARTESIAN_POINT ( 'NONE',  ( 17.45507932568743925, 16.80059265058808649, 0.000000000000000000 ) ) ;
#8133 = EDGE_CURVE ( 'NONE', #8056, #5630, #8276, .T. ) ;
#8134 = CARTESIAN_POINT ( 'NONE',  ( -2.463933346402003011, 44.01841648269040519, 2.091371914952723010 ) ) ;
#8135 = VERTEX_POINT ( 'NONE', #6914 ) ;
#8136 = ORIENTED_EDGE ( 'NONE', *, *, #3964, .F. ) ;
#8137 = CARTESIAN_POINT ( 'NONE',  ( 8.727539662843589952, 16.80059265058806872, -15.11654212111796802 ) ) ;
#8138 = EDGE_LOOP ( 'NONE', ( #5923, #1182, #1786 ) ) ;
#8139 = CARTESIAN_POINT ( 'NONE',  ( -4.718467345856958595, 26.00000000000001066, -8.172625176878833386 ) ) ;
#8140 = CARTESIAN_POINT ( 'NONE',  ( -1.640346026690072234, 14.24497536111721097, -1.145033371098915786 ) ) ;
#8141 = CARTESIAN_POINT ( 'NONE',  ( 0.3377301246386822386, 14.18748710580157457, 1.973013150797488180 ) ) ;
#8142 = CARTESIAN_POINT ( 'NONE',  ( -8.673617379884042868E-17, 14.99999999999999645, 0.000000000000000000 ) ) ;
#8143 = VERTEX_POINT ( 'NONE', #266 ) ;
#8144 =( BOUNDED_SURFACE ( )  B_SPLINE_SURFACE ( 3, 2, ( 
 ( #136, #2105, #856 ),
 ( #4727, #1548, #815 ),
 ( #5459, #1502, #3436 ),
 ( #5499, #2182, #1588 ) ),
 .UNSPECIFIED., .F., .F., .F. ) 
 B_SPLINE_SURFACE_WITH_KNOTS ( ( 4, 4 ),
 ( 3, 3 ),
 ( -1.597029800071148031E-14, 0.004434978777769489448 ),
 ( 0.000000000000000000, 1.000000000000000000 ),
 .UNSPECIFIED. ) 
 GEOMETRIC_REPRESENTATION_ITEM ( )  RATIONAL_B_SPLINE_SURFACE ( (
 ( 1.000000000000000000, 0.7071067811865664465, 1.000000000000000000),
 ( 1.000000000000000000, 0.7071067811865664465, 1.000000000000000000),
 ( 1.000000000000000000, 0.7071067811847949747, 1.000000000000000000),
 ( 1.000000000000000000, 0.7071067811847949747, 1.000000000000000000) ) ) 
 REPRESENTATION_ITEM ( '' )  SURFACE ( )  );
#8145 = ORIENTED_EDGE ( 'NONE', *, *, #1808, .T. ) ;
#8146 = TOROIDAL_SURFACE ( 'NONE', #4601, 13.99999999999999822, 1.000000000000000000 ) ;
#8147 = EDGE_CURVE ( 'NONE', #2952, #1676, #2961, .T. ) ;
#8148 = FACE_OUTER_BOUND ( 'NONE', #1425, .T. ) ;
#8149 = PLANE ( 'NONE',  #5079 ) ;
#8150 = CARTESIAN_POINT ( 'NONE',  ( -3.054011138117461499, 24.79582683754257388, -7.289702458100620674 ) ) ;
#8151 = CARTESIAN_POINT ( 'NONE',  ( -6.145363012554971860, 28.78166749643568068, 10.64408096869997777 ) ) ;
#8152 = CARTESIAN_POINT ( 'NONE',  ( 2.475020592343262216, 40.00000000000884626, -6.286861415709802614 ) ) ;
#8153 = DIRECTION ( 'NONE',  ( -0.5000000000000067724, 2.369676336725565931E-15, -0.8660254037844348218 ) ) ;
#8154 = AXIS2_PLACEMENT_3D ( 'NONE', #8483, #7973, #1336 ) ;
#8155 = ORIENTED_EDGE ( 'NONE', *, *, #1553, .F. ) ;
#8156 = AXIS2_PLACEMENT_3D ( 'NONE', #3568, #1689, #1044 ) ;
#8157 = ADVANCED_FACE ( 'NONE', ( #5209 ), #3667, .T. ) ;
#8158 = CARTESIAN_POINT ( 'NONE',  ( -0.5773502691863823255, 47.89898643127421707, 0.9999999999984600096 ) ) ;
#8159 = DIRECTION ( 'NONE',  ( 0.000000000000000000, 0.3848457315043380955, 0.9229809114726539310 ) ) ;
#8160 = DIRECTION ( 'NONE',  ( 0.000000000000000000, 0.000000000000000000, -1.000000000000000000 ) ) ;
#8161 = DIRECTION ( 'NONE',  ( 0.8660254037844432595, 0.000000000000000000, 0.4999999999999920064 ) ) ;
#8162 = DIRECTION ( 'NONE',  ( -0.5855247235077463142, -0.4037893545069455303, 0.7029331087294450331 ) ) ;
#8163 = CARTESIAN_POINT ( 'NONE',  ( -2.476296810312879959, 44.51833621044983147, -1.834834695089273993 ) ) ;
#8164 = AXIS2_PLACEMENT_3D ( 'NONE', #376, #3589, #982 ) ;
#8165 = ORIENTED_EDGE ( 'NONE', *, *, #1330, .T. ) ;
#8166 = FACE_OUTER_BOUND ( 'NONE', #2147, .T. ) ;
#8167 = CARTESIAN_POINT ( 'NONE',  ( -4.718467345856958595, 26.00000000000001066, -8.172625176878833386 ) ) ;
#8168 = CARTESIAN_POINT ( 'NONE',  ( 1.069271950657202375, 47.92703760329541751, -0.3893627436978852607 ) ) ;
#8169 = EDGE_CURVE ( 'NONE', #6776, #5631, #2879, .T. ) ;
#8170 = CARTESIAN_POINT ( 'NONE',  ( -3.341045996129952567, 40.00000000000848388, 5.786861415721924473 ) ) ;
#8171 = PLANE ( 'NONE',  #8368 ) ;
#8172 = DIRECTION ( 'NONE',  ( 1.000000000000000000, 0.000000000000000000, 0.000000000000000000 ) ) ;
#8173 = EDGE_CURVE ( 'NONE', #980, #7426, #4671, .T. ) ;
#8174 = CARTESIAN_POINT ( 'NONE',  ( -1.896656758443806101, 44.64453427438162691, 2.832272944765505951 ) ) ;
#8175 = ORIENTED_EDGE ( 'NONE', *, *, #8147, .T. ) ;
#8176 = EDGE_LOOP ( 'NONE', ( #4778, #5562, #8345, #6372 ) ) ;
#8177 = CARTESIAN_POINT ( 'NONE',  ( -2.695744417351638500, 44.75292953359046066, -1.359978737376454250 ) ) ;
#8178 = ORIENTED_EDGE ( 'NONE', *, *, #3289, .T. ) ;
#8179 = DIRECTION ( 'NONE',  ( -0.5000000000000041078, -2.304457344310019590E-13, -0.8660254037844363761 ) ) ;
#8180 = CARTESIAN_POINT ( 'NONE',  ( -1.486180439643230100, 14.15059254850097226, -1.340953885677055535 ) ) ;
#8181 = CARTESIAN_POINT ( 'NONE',  ( 0.000000000000000000, 48.46887637871667209, 0.000000000000000000 ) ) ;
#8182 = DIRECTION ( 'NONE',  ( 0.000000000000000000, 0.000000000000000000, -1.000000000000000000 ) ) ;
#8183 = ORIENTED_EDGE ( 'NONE', *, *, #5488, .F. ) ;
#8184 = EDGE_CURVE ( 'NONE', #7382, #1299, #280, .T. ) ;
#8185 = AXIS2_PLACEMENT_3D ( 'NONE', #3558, #8030, #3520 ) ;
#8186 = ORIENTED_EDGE ( 'NONE', *, *, #3082, .F. ) ;
#8187 = CARTESIAN_POINT ( 'NONE',  ( 9.293960574078122150, 16.00000000000000000, -14.09761191784563295 ) ) ;
#8188 = CIRCLE ( 'NONE', #382, 0.9999999999999993339 ) ;
#8189 = CARTESIAN_POINT ( 'NONE',  ( -1.301042606982604926E-15, 14.99999999999999645, -1.000000000000000000 ) ) ;
#8190 = CARTESIAN_POINT ( 'NONE',  ( -4.786061945686244101, 24.79582683754257388, 6.289702458100676630 ) ) ;
#8191 = DIRECTION ( 'NONE',  ( 0.4999999999999919509, -2.168404344970971890E-16, -0.8660254037844434816 ) ) ;
#8192 = CARTESIAN_POINT ( 'NONE',  ( 1.850084796327035042, 15.07749418221943927, -1.999999999975661913 ) ) ;
#8193 = CARTESIAN_POINT ( 'NONE',  ( -0.5731247130968153414, 14.08589015907426578, -1.917829426812988292 ) ) ;
#8194 = ORIENTED_EDGE ( 'NONE', *, *, #6729, .T. ) ;
#8195 = DIRECTION ( 'NONE',  ( -1.000000000000000000, 0.000000000000000000, 0.000000000000000000 ) ) ;
#8196 = CARTESIAN_POINT ( 'NONE',  ( -1.181225260056680160, 14.00000002027963930, 1.623354212607502012 ) ) ;
#8197 = AXIS2_PLACEMENT_3D ( 'NONE', #4484, #8424, #3834 ) ;
#8198 = CARTESIAN_POINT ( 'NONE',  ( -1.491456932829533066, 46.87337770777062218, 1.000000000011033396 ) ) ;
#8199 = EDGE_CURVE ( 'NONE', #1617, #1828, #5628, .T. ) ;
#8200 = CARTESIAN_POINT ( 'NONE',  ( 0.1784574032230807905, 44.74785203490164065, -3.015496096540768889 ) ) ;
#8201 = TOROIDAL_SURFACE ( 'NONE', #7936, 2.000000000000000000, 1.000000000000000000 ) ;
#8202 = DIRECTION ( 'NONE',  ( -0.3318439831612272073, -0.7480095476407664368, 0.5747706390186847480 ) ) ;
#8203 = DIRECTION ( 'NONE',  ( -1.000000000000000000, 0.000000000000000000, 0.000000000000000000 ) ) ;
#8204 = DIRECTION ( 'NONE',  ( 1.000000000000000000, 0.000000000000000000, 0.000000000000000000 ) ) ;
#8205 = CARTESIAN_POINT ( 'NONE',  ( 2.340886509867469822, 43.16106859928831341, 4.054534369843077357 ) ) ;
#8206 = AXIS2_PLACEMENT_3D ( 'NONE', #8101, #854, #890 ) ;
#8207 = AXIS2_PLACEMENT_3D ( 'NONE', #4736, #1508, #2190 ) ;
#8208 = AXIS2_PLACEMENT_3D ( 'NONE', #6838, #2395, #2281 ) ;
#8209 = ORIENTED_EDGE ( 'NONE', *, *, #2239, .F. ) ;
#8210 =( BOUNDED_SURFACE ( )  B_SPLINE_SURFACE ( 3, 2, ( 
 ( #1199, #1938, #55 ),
 ( #2513, #4554, #7718 ),
 ( #2653, #4596, #1843 ),
 ( #3354, #5299, #5161 ),
 ( #7764, #6538, #734 ),
 ( #648, #2468, #8360 ),
 ( #3269, #1891, #601 ),
 ( #8, #5254, #7856 ) ),
 .UNSPECIFIED., .F., .F., .F. ) 
 B_SPLINE_SURFACE_WITH_KNOTS ( ( 4, 2, 2, 4 ),
 ( 3, 3 ),
 ( 0.02544805186257401847, 0.02835232994442257390, 0.03125660802627112933, 0.03706516418996823325 ),
 ( 0.000000000000000000, 1.000000000000000000 ),
 .UNSPECIFIED. ) 
 GEOMETRIC_REPRESENTATION_ITEM ( )  RATIONAL_B_SPLINE_SURFACE ( (
 ( 1.000000000000000000, 0.7071067811865471286, 1.000000000000000000),
 ( 1.000000000000000000, 0.7071067811865471286, 1.000000000000000000),
 ( 1.000000000000000000, 0.7071067811865475727, 1.000000000000000000),
 ( 1.000000000000000000, 0.7071067811865475727, 1.000000000000000000),
 ( 1.000000000000000000, 0.7071067811865475727, 1.000000000000000000),
 ( 1.000000000000000000, 0.7071067811865475727, 1.000000000000000000),
 ( 1.000000000000000000, 0.7071067811865475727, 1.000000000000000000),
 ( 1.000000000000000000, 0.7071067811865475727, 1.000000000000000000) ) ) 
 REPRESENTATION_ITEM ( '' )  SURFACE ( )  );
#8211 = SPHERICAL_SURFACE ( 'NONE', #1763, 1.000000000000000000 ) ;
#8212 = CARTESIAN_POINT ( 'NONE',  ( 0.4330127018922146909, 14.99999999999999645, -0.7500000000000073275 ) ) ;
#8213 = CARTESIAN_POINT ( 'NONE',  ( 1.381279429879707310, 43.66794916001070703, -4.540576036371911428 ) ) ;
#8214 = CARTESIAN_POINT ( 'NONE',  ( 5.002920781300118414, 31.39650875750515979, 6.665312979453912767 ) ) ;
#8215 = CARTESIAN_POINT ( 'NONE',  ( 11.24999050864748362, 22.23024743449772700, 0.9999999999999987788 ) ) ;
#8216 = FACE_OUTER_BOUND ( 'NONE', #2069, .T. ) ;
#8217 = CARTESIAN_POINT ( 'NONE',  ( 1.625771495646928688, 44.49131402245909328, 3.134596810592682026 ) ) ;
#8218 = ORIENTED_EDGE ( 'NONE', *, *, #170, .T. ) ;
#8219 = ORIENTED_EDGE ( 'NONE', *, *, #907, .T. ) ;
#8220 = CARTESIAN_POINT ( 'NONE',  ( 0.000000000000000000, 4.000000000000000000, -15.00000000000000000 ) ) ;
#8221 = ADVANCED_FACE ( 'NONE', ( #7043 ), #3768, .T. ) ;
#8222 = EDGE_LOOP ( 'NONE', ( #7581, #5383, #6312, #4019 ) ) ;
#8223 = AXIS2_PLACEMENT_3D ( 'NONE', #8091, #2212, #1575 ) ;
#8224 = EDGE_CURVE ( 'NONE', #7426, #6856, #302, .T. ) ;
#8225 = CARTESIAN_POINT ( 'NONE',  ( 0.08592358495724126966, 14.26301810824555893, -1.998612930448552705 ) ) ;
#8226 = CARTESIAN_POINT ( 'NONE',  ( -1.547132307520277195, 14.99999999999999645, -2.570288237343622217 ) ) ;
#8227 = DIRECTION ( 'NONE',  ( 0.8660254037844363761, 0.000000000000000000, -0.5000000000000041078 ) ) ;
#8228 = DIRECTION ( 'NONE',  ( 0.000000000000000000, 0.000000000000000000, -1.000000000000000000 ) ) ;
#8229 = B_SPLINE_CURVE_WITH_KNOTS ( 'NONE', 3,
 ( #6448, #5798, #3681, #1757, #5166, #6311, #7768, #1895 ),
 .UNSPECIFIED., .F., .F.,
 ( 4, 2, 2, 4 ),
 ( 8.673617379884034509E-19, 0.003092405548870661054, 0.006184811097741321241, 0.01236962219548264595 ),
 .UNSPECIFIED. ) ;
#8230 = CARTESIAN_POINT ( 'NONE',  ( -2.972080985176946299, 43.69040101297763812, 3.147795270535864720 ) ) ;
#8231 = CARTESIAN_POINT ( 'NONE',  ( -1.387778780781445281E-15, 15.99999999999999645, 0.000000000000000000 ) ) ;
#8232 = CIRCLE ( 'NONE', #5773, 1.000000000000000666 ) ;
#8233 = ORIENTED_EDGE ( 'NONE', *, *, #2078, .F. ) ;
#8234 = VERTEX_POINT ( 'NONE', #1894 ) ;
#8235 = CIRCLE ( 'NONE', #4549, 1.000000000000000444 ) ;
#8236 = CARTESIAN_POINT ( 'NONE',  ( -7.640866150861746142, 18.62019707412952485, -11.23436838712566299 ) ) ;
#8237 = CARTESIAN_POINT ( 'NONE',  ( 8.427935170293688216, 15.99999999999997691, -14.59761191784565426 ) ) ;
#8238 = EDGE_CURVE ( 'NONE', #2419, #4722, #1622, .T. ) ;
#8239 = CARTESIAN_POINT ( 'NONE',  ( -0.2482906697380789229, 15.12998911671230751, 2.508909418245326428 ) ) ;
#8240 = CARTESIAN_POINT ( 'NONE',  ( 2.598076211353337772, 15.99999999999999645, 2.500000000000004885 ) ) ;
#8241 = AXIS2_PLACEMENT_3D ( 'NONE', #4544, #3216, #8440 ) ;
#8242 = ORIENTED_EDGE ( 'NONE', *, *, #1095, .F. ) ;
#8243 = STYLED_ITEM ( 'NONE', ( #7656 ), #2666 ) ;
#8244 = CIRCLE ( 'NONE', #2630, 1.000000000000000000 ) ;
#8245 = DIRECTION ( 'NONE',  ( -0.4999999999999919509, 0.000000000000000000, 0.8660254037844432595 ) ) ;
#8246 = CARTESIAN_POINT ( 'NONE',  ( -0.4330127018922220183, 15.99999999999999645, -0.7499999999999965583 ) ) ;
#8247 = DIRECTION ( 'NONE',  ( 0.000000000000000000, 1.000000000000000000, 0.000000000000000000 ) ) ;
#8248 = DIRECTION ( 'NONE',  ( -1.000000000000000000, 0.000000000000000000, 0.000000000000000000 ) ) ;
#8249 = FACE_OUTER_BOUND ( 'NONE', #564, .T. ) ;
#8250 = CARTESIAN_POINT ( 'NONE',  ( -4.718467345856844908, 28.00000000000001066, 8.172625176878899111 ) ) ;
#8251 = CARTESIAN_POINT ( 'NONE',  ( 3.341045996137890661, 40.00000000000000711, 5.786861415735335967 ) ) ;
#8252 = ADVANCED_FACE ( 'NONE', ( #2655 ), #8389, .T. ) ;
#8253 = ORIENTED_EDGE ( 'NONE', *, *, #7456, .F. ) ;
#8254 = CARTESIAN_POINT ( 'NONE',  ( 4.805931201601011615, 31.34684839869099449, -8.324117018853678829 ) ) ;
#8255 = LINE ( 'NONE', #1133, #1373 ) ;
#8256 = EDGE_CURVE ( 'NONE', #8321, #8096, #5497, .T. ) ;
#8257 = CARTESIAN_POINT ( 'NONE',  ( -2.834831017171689727, 34.26505462958203196, 6.910071352614319373 ) ) ;
#8258 = CARTESIAN_POINT ( 'NONE',  ( -0.1201140347831246985, 45.42476380377877376, -2.802708994010954857 ) ) ;
#8259 = SPHERICAL_SURFACE ( 'NONE', #5829, 1.000000000000000000 ) ;
#8260 = CARTESIAN_POINT ( 'NONE',  ( 9.874520185667339689, 23.75882442939077777, 0.9999999999908458781 ) ) ;
#8261 = EDGE_LOOP ( 'NONE', ( #4314, #827, #1783 ) ) ;
#8262 = ORIENTED_EDGE ( 'NONE', *, *, #4315, .T. ) ;
#8263 = CARTESIAN_POINT ( 'NONE',  ( 3.689470330058124414, 23.11045397239205812, -8.390350064678758102 ) ) ;
#8264 = ORIENTED_EDGE ( 'NONE', *, *, #6112, .T. ) ;
#8265 = CARTESIAN_POINT ( 'NONE',  ( -0.1633901984764895288, 44.76242483451790122, 3.012719456639838089 ) ) ;
#8266 = CARTESIAN_POINT ( 'NONE',  ( -1.696495214730928458, 14.84529987683933960, -1.061579059062064179 ) ) ;
#8268 = EDGE_CURVE ( 'NONE', #5630, #1532, #1390, .T. ) ;
#8267 = CARTESIAN_POINT ( 'NONE',  ( -3.852441942072401204, 28.00000000000001066, 8.672625176878892006 ) ) ;
#8269 = DIRECTION ( 'NONE',  ( 0.8660254037844432595, 0.000000000000000000, 0.4999999999999920064 ) ) ;
#8270 = ADVANCED_FACE ( 'NONE', ( #1431 ), #7788, .T. ) ;
#8271 = VERTEX_POINT ( 'NONE', #5260 ) ;
#8272 = ORIENTED_EDGE ( 'NONE', *, *, #2808, .T. ) ;
#8273 = CARTESIAN_POINT ( 'NONE',  ( -5.621290493806339938, 22.23807052434784381, -9.736360739378365992 ) ) ;
#8274 = EDGE_CURVE ( 'NONE', #7817, #1185, #3658, .T. ) ;
#8275 = LINE ( 'NONE', #516, #5655 ) ;
#8276 = LINE ( 'NONE', #1682, #2447 ) ;
#8277 = EDGE_CURVE ( 'NONE', #3979, #886, #4991, .T. ) ;
#8278 = CARTESIAN_POINT ( 'NONE',  ( 6.682091992264687974, 40.00000000000000711, 0.000000000000000000 ) ) ;
#8279 = ORIENTED_EDGE ( 'NONE', *, *, #8292, .F. ) ;
#8280 = ADVANCED_FACE ( 'NONE', ( #1549 ), #184, .T. ) ;
#8281 = CARTESIAN_POINT ( 'NONE',  ( 2.695744417337596399, 44.75292953360153092, 1.359978737380827640 ) ) ;
#8282 = DIRECTION ( 'NONE',  ( -0.5000000000000039968, 0.000000000000000000, -0.8660254037844363761 ) ) ;
#8283 = CARTESIAN_POINT ( 'NONE',  ( 4.584492749641302822, 26.00000000000001066, -5.940574369310019698 ) ) ;
#8284 = CARTESIAN_POINT ( 'NONE',  ( -0.1700960735014669378, 44.75292953360997927, -3.014572516224883092 ) ) ;
#8285 = CARTESIAN_POINT ( 'NONE',  ( 6.719303051505822744, 17.26130939164776024, -13.63817427666096727 ) ) ;
#8286 = B_SPLINE_CURVE_WITH_KNOTS ( 'NONE', 3,
 ( #7401, #3456, #7919, #8000, #793, #1525, #2158, #6760, #1567, #3373, #6062, #8080, #195, #4660, #2798, #3413 ),
 .UNSPECIFIED., .F., .F.,
 ( 4, 2, 2, 2, 2, 2, 2, 4 ),
 ( 4.636381289129535752E-15, 0.0004458842745478615657, 0.0008917685490910867577, 0.001337652823634312167, 0.001783537098177537250, 0.002229421372720762334, 0.002675305647263987851, 0.003567074196350438018 ),
 .UNSPECIFIED. ) ;
#8287 = CIRCLE ( 'NONE', #7334, 1.000000000000000000 ) ;
#8288 = CARTESIAN_POINT ( 'NONE',  ( -6.682091992262146896, 40.00000000000000711, 1.000000000000000000 ) ) ;
#8289 = CARTESIAN_POINT ( 'NONE',  ( 3.234032061429133353, 35.87501333731832887, -5.601507843704280454 ) ) ;
#8290 = FACE_OUTER_BOUND ( 'NONE', #2307, .T. ) ;
#8291 = CIRCLE ( 'NONE', #4044, 15.00000000000000000 ) ;
#8292 = EDGE_CURVE ( 'NONE', #7808, #3965, #1511, .T. ) ;
#8293 = DIRECTION ( 'NONE',  ( 1.000000000000000000, 0.000000000000000000, 0.000000000000000000 ) ) ;
#8294 = ORIENTED_EDGE ( 'NONE', *, *, #7025, .F. ) ;
#8295 = DIRECTION ( 'NONE',  ( 0.8660254037844363761, 0.000000000000000000, -0.5000000000000041078 ) ) ;
#8296 = CARTESIAN_POINT ( 'NONE',  ( 16.85587034058770328, 15.99999999999994493, 1.000000000000000000 ) ) ;
#8297 = CIRCLE ( 'NONE', #6803, 1.000000000000000888 ) ;
#8298 = FACE_OUTER_BOUND ( 'NONE', #5902, .T. ) ;
#8299 = CIRCLE ( 'NONE', #1591, 0.9999999999999998890 ) ;
#8300 = CARTESIAN_POINT ( 'NONE',  ( 0.5792145345681202206, 44.01841648173583366, -3.179514829063127213 ) ) ;
#8301 = FACE_OUTER_BOUND ( 'NONE', #6422, .T. ) ;
#8302 = CARTESIAN_POINT ( 'NONE',  ( 3.022851656506346352, 44.06531866983745260, -1.100169044449563316 ) ) ;
#8303 = ORIENTED_EDGE ( 'NONE', *, *, #5751, .T. ) ;
#8304 = ORIENTED_EDGE ( 'NONE', *, *, #2383, .T. ) ;
#8305 = CARTESIAN_POINT ( 'NONE',  ( 1.732050807567616646, 43.02671304669870267, -2.999999999998182787 ) ) ;
#8306 = VERTEX_POINT ( 'NONE', #2867 ) ;
#8307 = CARTESIAN_POINT ( 'NONE',  ( 9.871964657698287127, 23.76221333134980185, -1.000000000000000000 ) ) ;
#8308 = CARTESIAN_POINT ( 'NONE',  ( 4.069153984007713554, 43.85152090675864400, -2.065118629690476372E-12 ) ) ;
#8309 = CARTESIAN_POINT ( 'NONE',  ( -1.811915364712499921, 14.24781577949550559, -0.8508768930597232494 ) ) ;
#8310 = B_SPLINE_CURVE_WITH_KNOTS ( 'NONE', 3,
 ( #4319, #5068, #2414, #3002, #1670, #1746, #4277, #4365, #506, #1149 ),
 .UNSPECIFIED., .F., .F.,
 ( 4, 2, 2, 2, 4 ),
 ( 0.009765999533888609571, 0.01141428963749005834, 0.01223843468929079227, 0.01265050721519115837, 0.01306257974109152620 ),
 .UNSPECIFIED. ) ;
#8311 = DIRECTION ( 'NONE',  ( 1.000000000000000000, -0.000000000000000000, 0.000000000000000000 ) ) ;
#8312 = EDGE_CURVE ( 'NONE', #7405, #5661, #8355, .T. ) ;
#8313 = EDGE_CURVE ( 'NONE', #5865, #2419, #6028, .T. ) ;
#8314 = CARTESIAN_POINT ( 'NONE',  ( -2.695744417351638500, 44.75292953359046066, -1.359978737376454250 ) ) ;
#8315 = ORIENTED_EDGE ( 'NONE', *, *, #7922, .F. ) ;
#8316 = ORIENTED_EDGE ( 'NONE', *, *, #7986, .T. ) ;
#8317 = CARTESIAN_POINT ( 'NONE',  ( 4.319251943879322653, 25.39791341877129582, -7.481163817489784762 ) ) ;
#8318 = CARTESIAN_POINT ( 'NONE',  ( 0.8660254037844644648, 43.02671304668731977, 3.500000000000012434 ) ) ;
#8319 = CARTESIAN_POINT ( 'NONE',  ( 0.000000000000000000, 13.99999999999999467, 0.000000000000000000 ) ) ;
#8320 = DIRECTION ( 'NONE',  ( -1.000000000000000000, 0.000000000000000000, 0.000000000000000000 ) ) ;
#8321 = VERTEX_POINT ( 'NONE', #894 ) ;
#8322 = AXIS2_PLACEMENT_3D ( 'NONE', #6343, #1106, #3715 ) ;
#8323 = CARTESIAN_POINT ( 'NONE',  ( 2.950985081835530099, 45.14529430249191222, 0.6295860586094734757 ) ) ;
#8324 = ADVANCED_FACE ( 'NONE', ( #1673 ), #378, .F. ) ;
#8325 = CARTESIAN_POINT ( 'NONE',  ( -4.212111162788634289, 43.69040101300103629, -7.326752798132947355E-16 ) ) ;
#8326 = CARTESIAN_POINT ( 'NONE',  ( 1.732050807568859430, 15.99999999999999645, -3.000000000000032863 ) ) ;
#8327 = DIRECTION ( 'NONE',  ( 1.000000000000000000, 0.000000000000000000, -1.821459649775648964E-13 ) ) ;
#8328 = DIRECTION ( 'NONE',  ( -0.4999999999999913403, 0.000000000000000000, 0.8660254037844437036 ) ) ;
#8329 = CARTESIAN_POINT ( 'NONE',  ( 1.960884960364735585, 37.56619757069947241, -5.396352379149509382 ) ) ;
#8330 = CARTESIAN_POINT ( 'NONE',  ( 16.85587034058763223, 16.00000000000000000, 0.000000000000000000 ) ) ;
#8331 = VERTEX_POINT ( 'NONE', #4900 ) ;
#8332 = CIRCLE ( 'NONE', #6012, 1.000000000000000222 ) ;
#8333 = CARTESIAN_POINT ( 'NONE',  ( -3.272943020818587900, 44.79313117423249224, -0.3222790355291249575 ) ) ;
#8334 = CARTESIAN_POINT ( 'NONE',  ( -2.467451954486138188, 44.39571673452533673, -1.903931569305101767 ) ) ;
#8335 = AXIS2_PLACEMENT_3D ( 'NONE', #2408, #4582, #1286 ) ;
#8336 = CARTESIAN_POINT ( 'NONE',  ( 2.553929870343111475, 43.22573359094334933, 2.423536294399927904 ) ) ;
#8337 = CARTESIAN_POINT ( 'NONE',  ( -3.341045996115087124, 40.00000000000000711, -5.786861415695837785 ) ) ;
#8338 = CARTESIAN_POINT ( 'NONE',  ( 4.566881824741420459, 34.26505462957533155, -5.910071352619356233 ) ) ;
#8339 = EDGE_CURVE ( 'NONE', #331, #4681, #3016, .T. ) ;
#8340 = AXIS2_PLACEMENT_3D ( 'NONE', #4350, #5096, #2488 ) ;
#8341 = ORIENTED_EDGE ( 'NONE', *, *, #4817, .F. ) ;
#8342 = ORIENTED_EDGE ( 'NONE', *, *, #3479, .T. ) ;
#8343 = CIRCLE ( 'NONE', #2311, 2.000000000000000000 ) ;
#8344 = CARTESIAN_POINT ( 'NONE',  ( 0.6228652383851696062, 44.90538259497307649, 3.159577738486985421 ) ) ;
#8345 = ORIENTED_EDGE ( 'NONE', *, *, #4269, .T. ) ;
#8346 = B_SPLINE_CURVE_WITH_KNOTS ( 'NONE', 3,
 ( #3692, #4838, #4294, #3647, #1730, #6197, #7560, #2982, #4342, #8163, #6805, #6149, #3532, #4210, #8082, #5524, #235, #6277 ),
 .UNSPECIFIED., .F., .F.,
 ( 4, 2, 2, 2, 2, 2, 2, 2, 4 ),
 ( 0.000000000000000000, 0.0001482540025054674120, 0.0002965080050109348241, 0.0004447620075164021819, 0.0005930160100218696481, 0.0008895240150328218194, 0.001186032020043773991, 0.001779048030065696765, 0.002372064040087619539 ),
 .UNSPECIFIED. ) ;
#8347 = CARTESIAN_POINT ( 'NONE',  ( 6.145363012554973636, 28.78166749643568068, -10.64408096869997600 ) ) ;
#8348 = DIRECTION ( 'NONE',  ( 0.000000000000000000, -1.000000000000000000, 0.000000000000000000 ) ) ;
#8349 = DIRECTION ( 'NONE',  ( 0.000000000000000000, 1.000000000000000000, 0.000000000000000000 ) ) ;
#8350 = AXIS2_PLACEMENT_3D ( 'NONE', #20, #8373, #3240 ) ;
#8351 = CARTESIAN_POINT ( 'NONE',  ( -8.339595752520969937E-15, 14.26794919243110904, 2.000000000000000000 ) ) ;
#8352 = CYLINDRICAL_SURFACE ( 'NONE', #8090, 1.000000000000000000 ) ;
#8353 = CARTESIAN_POINT ( 'NONE',  ( -6.554828748425329366, 40.00000000000000711, 1.000000000000000000 ) ) ;
#8354 = EDGE_LOOP ( 'NONE', ( #2984, #8436, #7840, #3349 ) ) ;
#8355 = CIRCLE ( 'NONE', #2063, 0.9999999999999991118 ) ;
#8356 = ORIENTED_EDGE ( 'NONE', *, *, #1308, .T. ) ;
#8357 = EDGE_CURVE ( 'NONE', #7068, #7040, #5227, .T. ) ;
#8358 = ORIENTED_EDGE ( 'NONE', *, *, #1576, .F. ) ;
#8359 = EDGE_CURVE ( 'NONE', #3136, #4592, #6304, .T. ) ;
#8360 = CARTESIAN_POINT ( 'NONE',  ( -7.408442688160377543, 34.25427431979832704, 0.000000000000000000 ) ) ;
#8361 = CARTESIAN_POINT ( 'NONE',  ( 0.8220173529881469321, 48.46887637871932952, -1.644034705976293420 ) ) ;
#8362 = EDGE_CURVE ( 'NONE', #6094, #6081, #6128, .T. ) ;
#8363 = CIRCLE ( 'NONE', #6177, 1.000000000000000000 ) ;
#8364 = DIRECTION ( 'NONE',  ( -8.673617379884035472E-17, 1.000000000000000000, 0.000000000000000000 ) ) ;
#8365 = CARTESIAN_POINT ( 'NONE',  ( 11.66703064672726420, 28.00000000000012079, -1.000000000000000000 ) ) ;
#8366 = ORIENTED_EDGE ( 'NONE', *, *, #3337, .T. ) ;
#8367 = AXIS2_PLACEMENT_3D ( 'NONE', #4486, #6414, #1865 ) ;
#8368 = AXIS2_PLACEMENT_3D ( 'NONE', #4218, #7528, #6287 ) ;
#8369 = CARTESIAN_POINT ( 'NONE',  ( 3.792505651893333773, 44.15673618369587672, 0.8509286642712839965 ) ) ;
#8370 = CARTESIAN_POINT ( 'NONE',  ( -8.427935170293880063, 15.00000000000000355, -14.59761191784551215 ) ) ;
#8371 = FACE_OUTER_BOUND ( 'NONE', #379, .T. ) ;
#8372 = CARTESIAN_POINT ( 'NONE',  ( 6.239252934042082366, 19.37215831988800829, 12.80670308302650717 ) ) ;
#8373 = DIRECTION ( 'NONE',  ( -0.000000000000000000, -1.000000000000000000, -0.000000000000000000 ) ) ;
#8374 = EDGE_CURVE ( 'NONE', #191, #1922, #5086, .T. ) ;
#8375 = CARTESIAN_POINT ( 'NONE',  ( -5.554828748425329366, 38.00000000000000711, 0.000000000000000000 ) ) ;
#8376 = CIRCLE ( 'NONE', #4692, 0.9999999999999998890 ) ;
#8377 = CARTESIAN_POINT ( 'NONE',  ( 1.773811362579131190, 14.26301810824552874, -0.9248944578670703631 ) ) ;
#8378 = CARTESIAN_POINT ( 'NONE',  ( 2.463363020437008277, 44.17656635388703990, 2.014489006554397221 ) ) ;
#8379 = EDGE_CURVE ( 'NONE', #1342, #4880, #6172, .T. ) ;
#8380 = ORIENTED_EDGE ( 'NONE', *, *, #2698, .F. ) ;
#8381 = DIRECTION ( 'NONE',  ( -1.734723475976807094E-15, -0.7565957564419893977, -0.6538829110276349610 ) ) ;
#8382 = DIRECTION ( 'NONE',  ( -1.000000000000000000, 0.000000000000000000, 3.907985046680551022E-14 ) ) ;
#8383 = AXIS2_PLACEMENT_3D ( 'NONE', #3062, #3018, #2235 ) ;
#8384 = FACE_OUTER_BOUND ( 'NONE', #7446, .T. ) ;
#8385 = CARTESIAN_POINT ( 'NONE',  ( -8.638503887758776756, 25.39791341877129938, 1.000000000000000000 ) ) ;
#8386 = CARTESIAN_POINT ( 'NONE',  ( 2.573378543714610611, 44.30400931218142091, 2.731378136316108485 ) ) ;
#8387 = CARTESIAN_POINT ( 'NONE',  ( 0.000000000000000000, 13.99999999999999467, 0.000000000000000000 ) ) ;
#8388 = CARTESIAN_POINT ( 'NONE',  ( 3.700856421267054053, 34.26505463003103813, -6.410071353155806229 ) ) ;
#8389 =( BOUNDED_SURFACE ( )  B_SPLINE_SURFACE ( 2, 3, ( 
 ( #182, #5390, #1345, #6623 ),
 ( #1986, #3940, #3356, #1388 ),
 ( #3315, #4068, #4108, #6579 ) ),
 .UNSPECIFIED., .F., .F., .T. ) 
 B_SPLINE_SURFACE_WITH_KNOTS ( ( 3, 3 ),
 ( 4, 4 ),
 ( 0.4990426930198647582, 0.4994546775458978960 ),
 ( 0.000000000000000000, 1.000000000000000000 ),
 .UNSPECIFIED. ) 
 GEOMETRIC_REPRESENTATION_ITEM ( )  RATIONAL_B_SPLINE_SURFACE ( (
 ( 1.000000000000000000, 0.3333333333332275106, 0.3333333333332275106, 1.000000000000000000),
 ( 1.000000000000000000, 0.3333333333332275106, 0.3333333333332275106, 1.000000000000000000),
 ( 1.000000000000000000, 0.3333333333332275106, 0.3333333333332275106, 1.000000000000000000) ) ) 
 REPRESENTATION_ITEM ( '' )  SURFACE ( )  );
#8390 = ORIENTED_EDGE ( 'NONE', *, *, #5492, .F. ) ;
#8391 = ORIENTED_EDGE ( 'NONE', *, *, #5764, .T. ) ;
#8392 = CARTESIAN_POINT ( 'NONE',  ( -3.464101615137773926, 15.99999999999999645, -2.000000000000000000 ) ) ;
#8393 = ORIENTED_EDGE ( 'NONE', *, *, #5741, .F. ) ;
#8394 = CARTESIAN_POINT ( 'NONE',  ( 15.79543616785330507, 18.04276379847842549, -1.000000000000000000 ) ) ;
#8395 = CARTESIAN_POINT ( 'NONE',  ( 0.8660254037844432595, 40.00000000000000711, 0.4999999999999920064 ) ) ;
#8396 = CARTESIAN_POINT ( 'NONE',  ( -2.964722914754723604, 14.99999999999999645, -0.1954629930869477838 ) ) ;
#8397 = CARTESIAN_POINT ( 'NONE',  ( 0.000000000000000000, 28.00000000000001066, 0.000000000000000000 ) ) ;
#8398 = CARTESIAN_POINT ( 'NONE',  ( -2.919645065706908849, 45.02045013681450314, -1.114089369640191229 ) ) ;
#8399 = CARTESIAN_POINT ( 'NONE',  ( -0.8016010796469832389, 47.92703760323925621, -0.8511948177548693817 ) ) ;
#8400 = CARTESIAN_POINT ( 'NONE',  ( -4.408747139688974137, 21.56791081944427901, -9.636174043665159061 ) ) ;
#8401 = CARTESIAN_POINT ( 'NONE',  ( -6.145363012555121074, 28.78166749643568423, -10.64408096869989073 ) ) ;
#8402 = CARTESIAN_POINT ( 'NONE',  ( -2.573990819239127870, 42.63562815995979349, -4.458282874937417262 ) ) ;
#8403 = EDGE_LOOP ( 'NONE', ( #4680, #268, #4016, #2099 ) ) ;
#8404 = ORIENTED_EDGE ( 'NONE', *, *, #69, .F. ) ;
#8405 = ORIENTED_EDGE ( 'NONE', *, *, #1553, .T. ) ;
#8406 = DIRECTION ( 'NONE',  ( -0.9998336874493474191, 0.000000000000000000, -0.01823725421879100750 ) ) ;
#8407 = CARTESIAN_POINT ( 'NONE',  ( 0.2308292421212474466, 44.69852497455050866, 3.025055756932857776 ) ) ;
#8408 = FACE_OUTER_BOUND ( 'NONE', #212, .T. ) ;
#8409 = CARTESIAN_POINT ( 'NONE',  ( 1.205333666963088080, 15.01811893563425215, 2.661038864303539420 ) ) ;
#8410 = DIRECTION ( 'NONE',  ( -0.4999999999999919509, 0.000000000000000000, 0.8660254037844432595 ) ) ;
#8411 = ORIENTED_EDGE ( 'NONE', *, *, #6323, .F. ) ;
#8412 = DIRECTION ( 'NONE',  ( 0.3908337482179869427, -0.6236953783827406950, -0.6769439092257859558 ) ) ;
#8413 = DIRECTION ( 'NONE',  ( -0.2169012146502715677, -0.9010080201268695355, 0.3756839239976811351 ) ) ;
#8414 = CARTESIAN_POINT ( 'NONE',  ( -17.45507932568746412, 16.80059265058806872, 0.000000000000000000 ) ) ;
#8415 = SPHERICAL_SURFACE ( 'NONE', #1332, 1.000000000000000000 ) ;
#8416 = B_SPLINE_CURVE_WITH_KNOTS ( 'NONE', 3,
 ( #1578, #1138, #1966, #3789, #7741, #668, #3920, #7021 ),
 .UNSPECIFIED., .F., .F.,
 ( 4, 2, 2, 4 ),
 ( 1.734723475976807094E-18, 0.003092405548870664090, 0.006184811097741326445, 0.01236962219548264075 ),
 .UNSPECIFIED. ) ;
#8417 = CARTESIAN_POINT ( 'NONE',  ( 3.277414374212611392, 40.00000000000000711, -5.676648213592922154 ) ) ;
#8418 = DIRECTION ( 'NONE',  ( 0.01823725421879099015, 6.775136600354839295E-18, -0.9998336874493474191 ) ) ;
#8419 = CARTESIAN_POINT ( 'NONE',  ( 5.833515323363749339, 28.00000000000001066, 10.10394492679749412 ) ) ;
#8420 = CARTESIAN_POINT ( 'NONE',  ( -1.902872087648147970, 14.15265430622002008, -0.6210339295070795851 ) ) ;
#8421 = EDGE_LOOP ( 'NONE', ( #5648, #3977, #5357, #2871 ) ) ;
#8422 = DIRECTION ( 'NONE',  ( -0.000000000000000000, 1.000000000000000000, -0.000000000000000000 ) ) ;
#8423 = CIRCLE ( 'NONE', #4169, 2.000000000000000000 ) ;
#8424 = DIRECTION ( 'NONE',  ( 8.673617379884035472E-17, -1.000000000000000000, -0.000000000000000000 ) ) ;
#8425 = CARTESIAN_POINT ( 'NONE',  ( 1.547132307520229455, 14.99999999999999645, -2.570288237343650639 ) ) ;
#8426 = CARTESIAN_POINT ( 'NONE',  ( -2.630506324167811716, 45.37871602934024651, -1.068642863343090665 ) ) ;
#8427 = CARTESIAN_POINT ( 'NONE',  ( 1.896656757685321271, 44.64453427661270979, 2.832272943112606800 ) ) ;
#8428 = CIRCLE ( 'NONE', #6532, 1.999999999999999778 ) ;
#8429 = CARTESIAN_POINT ( 'NONE',  ( 2.573378543621649417, 44.30400931502036599, -2.731378136734732731 ) ) ;
#8430 = CARTESIAN_POINT ( 'NONE',  ( 1.111074727501061732, 42.47434734750205365, -3.924437879037656174 ) ) ;
#8431 = AXIS2_PLACEMENT_3D ( 'NONE', #2355, #3897, #4921 ) ;
#8432 = VERTEX_POINT ( 'NONE', #7579 ) ;
#8433 = ORIENTED_EDGE ( 'NONE', *, *, #2772, .F. ) ;
#8434 = VECTOR ( 'NONE', #4273, 1000.000000000000000 ) ;
#8435 = CARTESIAN_POINT ( 'NONE',  ( 1.668470690758783626, 44.43530837108529852, 3.163720086119822028 ) ) ;
#8436 = ORIENTED_EDGE ( 'NONE', *, *, #8001, .F. ) ;
#8437 = CARTESIAN_POINT ( 'NONE',  ( 9.048114336996663454, 32.03055223285731046, -1.000000000000312861 ) ) ;
#8438 = CIRCLE ( 'NONE', #1463, 1.000000000000000222 ) ;
#8439 = EDGE_CURVE ( 'NONE', #5546, #2196, #4527, .T. ) ;
#8440 = DIRECTION ( 'NONE',  ( -0.5000000000000041078, 0.000000000000000000, -0.8660254037844362651 ) ) ;
#8441 = CARTESIAN_POINT ( 'NONE',  ( -2.999501062348041813, 14.99999999999999645, -0.05471176265637309188 ) ) ;
#8442 = DIRECTION ( 'NONE',  ( -0.4338024293005499077, -0.9010080201268695355, -0.000000000000000000 ) ) ;
#8443 = CARTESIAN_POINT ( 'NONE',  ( -3.004956367612329871, 44.10833791905088930, -1.108956930536751262 ) ) ;
#8444 = CARTESIAN_POINT ( 'NONE',  ( 16.85587034058762868, 16.00000000000000000, 0.000000000000000000 ) ) ;
#8446 = DIRECTION ( 'NONE',  ( 0.000000000000000000, 0.000000000000000000, -1.000000000000000000 ) ) ;
#8445 =( BOUNDED_SURFACE ( )  B_SPLINE_SURFACE ( 2, 3, ( 
 ( #8168, #2289, #4303, #408 ),
 ( #1136, #1009, #4353, #1737 ),
 ( #6935, #6975, #8213, #7526 ) ),
 .UNSPECIFIED., .F., .F., .T. ) 
 B_SPLINE_SURFACE_WITH_KNOTS ( ( 3, 3 ),
 ( 4, 4 ),
 ( 0.4990845500706057036, 0.4994544132464042163 ),
 ( 0.000000000000000000, 1.000000000000000000 ),
 .UNSPECIFIED. ) 
 GEOMETRIC_REPRESENTATION_ITEM ( )  RATIONAL_B_SPLINE_SURFACE ( (
 ( 1.000000000000000000, 0.8440931704766269084, 0.8440931704766269084, 1.000000000000000000),
 ( 1.000000000000000000, 0.8440931704766269084, 0.8440931704766269084, 1.000000000000000000),
 ( 1.000000000000000000, 0.8440931704766269084, 0.8440931704766269084, 1.000000000000000000) ) ) 
 REPRESENTATION_ITEM ( '' )  SURFACE ( )  );
#8447 = CARTESIAN_POINT ( 'NONE',  ( -1.928649811319169904, 35.39490556812933875, -5.340519463212880957 ) ) ;
#8448 = CIRCLE ( 'NONE', #2539, 1.000000000000000666 ) ;
#8449 = VERTEX_POINT ( 'NONE', #2338 ) ;
#8450 = VERTEX_POINT ( 'NONE', #985 ) ;
#8451 = EDGE_LOOP ( 'NONE', ( #4842, #4984, #5237, #1667 ) ) ;
#8452 = DIRECTION ( 'NONE',  ( -0.5000000000000041078, 0.000000000000000000, -0.8660254037844364872 ) ) ;
#8453 = DIRECTION ( 'NONE',  ( 0.000000000000000000, 0.5467874866480723073, 0.8372714281791087121 ) ) ;
#8454 = FACE_OUTER_BOUND ( 'NONE', #296, .T. ) ;
#8455 = DIRECTION ( 'NONE',  ( -0.8660254037844432595, 0.000000000000000000, -0.4999999999999919509 ) ) ;
#8456 = ORIENTED_EDGE ( 'NONE', *, *, #4161, .F. ) ;
#8457 = FACE_OUTER_BOUND ( 'NONE', #6131, .T. ) ;
#8458 = CARTESIAN_POINT ( 'NONE',  ( -16.85587034058763933, 15.99999999999999645, 0.000000000000000000 ) ) ;
#8459 = CARTESIAN_POINT ( 'NONE',  ( -0.9669793353512777800, 47.51234267825579138, -0.9999999999961844965 ) ) ;
#8460 = CARTESIAN_POINT ( 'NONE',  ( 11.66703064672726420, 28.00000000000012079, 0.000000000000000000 ) ) ;
#8461 = DIRECTION ( 'NONE',  ( 1.000000000000000000, 0.000000000000000000, 0.000000000000000000 ) ) ;
#8462 = CARTESIAN_POINT ( 'NONE',  ( 9.949874370972461080, 40.00000000000000711, 1.000000000000000000 ) ) ;
#8463 = DIRECTION ( 'NONE',  ( -0.5000000000000039968, 0.000000000000000000, -0.8660254037844363761 ) ) ;
#8465 = VERTEX_POINT ( 'NONE', #2957 ) ;
#8464 = CIRCLE ( 'NONE', #6269, 1.000000000000000000 ) ;
#8466 = VERTEX_POINT ( 'NONE', #1023 ) ;
#8467 = CARTESIAN_POINT ( 'NONE',  ( 0.9682458365518592514, 13.99999999999999645, 1.749999999999997558 ) ) ;
#8468 = CARTESIAN_POINT ( 'NONE',  ( -0.3982761905402710245, 44.42692250555104039, -3.081946983014693053 ) ) ;
#8469 = CARTESIAN_POINT ( 'NONE',  ( -15.79920985083439611, 18.03993935998856557, 1.000000000000000000 ) ) ;
#8470 = CARTESIAN_POINT ( 'NONE',  ( 2.601975831888196478, 44.83264541211317322, 1.492223174642576478 ) ) ;
#8471 = CARTESIAN_POINT ( 'NONE',  ( 2.619819511346382690, 44.82780226370226018, -1.463104915907058157 ) ) ;
#8472 = LINE ( 'NONE', #6762, #7967 ) ;
#8473 = ORIENTED_EDGE ( 'NONE', *, *, #2770, .T. ) ;
#8474 = ORIENTED_EDGE ( 'NONE', *, *, #5463, .T. ) ;
#8475 = FACE_OUTER_BOUND ( 'NONE', #4820, .T. ) ;
#8476 = ORIENTED_EDGE ( 'NONE', *, *, #1653, .F. ) ;
#8477 = CARTESIAN_POINT ( 'NONE',  ( 5.584492749641286835, 26.00000000000001066, -7.672625176878906217 ) ) ;
#8478 = AXIS2_PLACEMENT_3D ( 'NONE', #5821, #1830, #3296 ) ;
#8479 = CARTESIAN_POINT ( 'NONE',  ( -15.17065691058076915, 17.26130939164776024, 1.000000000000000000 ) ) ;
#8480 = AXIS2_PLACEMENT_3D ( 'NONE', #2010, #2091, #1368 ) ;
#8481 = SPHERICAL_SURFACE ( 'NONE', #5433, 1.000000000000000000 ) ;
#8482 = DIRECTION ( 'NONE',  ( -0.000000000000000000, -1.000000000000000000, -0.000000000000000000 ) ) ;
#8483 = CARTESIAN_POINT ( 'NONE',  ( 0.000000000000000000, 5.000000000000000000, 0.000000000000000000 ) ) ;
#8484 = CARTESIAN_POINT ( 'NONE',  ( -5.833515323363748450, 28.00000000000001066, -10.10394492679749234 ) ) ;
#8485 = EDGE_CURVE ( 'NONE', #4448, #5659, #7266, .T. ) ;
#8486 = DIRECTION ( 'NONE',  ( -0.5000000000000041078, 0.000000000000000000, -0.8660254037844362651 ) ) ;
ENDSEC;
END-ISO-10303-21;
